<bncDoc xml:id="A82"><teiHeader><fileDesc><titleStmt><title>  The Guardian, electronic edition of 1989-11-11: Applied Science pages. Sample containing about 218 words from a periodical (domain: applied science) </title><respStmt><resp> Data capture and transcription </resp><name> Oxford University Press </name> </respStmt></titleStmt><editionStmt><edition>BNC XML Edition, December 2006</edition></editionStmt><extent> 218 tokens; 220 w-units; 12 s-units </extent><publicationStmt><distributor>Distributed under licence by Oxford University Computing Services on behalf of the BNC Consortium.</distributor><availability> This material is protected by international copyright laws and may not be copied or redistributed in any way. Consult the BNC Web Site at http://www.natcorp.ox.ac.uk for full licencing and distribution conditions.</availability><idno type="bnc">A82</idno><idno type="old"> GbAppS </idno></publicationStmt><sourceDesc><bibl><title>The Guardian, electronic edition of 1989-11-11: Applied Science pages.</title> <imprint n="GUARDI1"><publisher>Guardian Newspapers Ltd</publisher> <pubPlace>London</pubPlace> <date value="1989">1989</date> </imprint> </bibl></sourceDesc></fileDesc><encodingDesc><tagsDecl><namespace name=""><tagUsage gi="c" occurs="22"/><tagUsage gi="div" occurs="1"/><tagUsage gi="head" occurs="2"/><tagUsage gi="p" occurs="4"/><tagUsage gi="s" occurs="12"/><tagUsage gi="w" occurs="220"/></namespace></tagsDecl></encodingDesc><profileDesc><creation date="1989"> </creation><textClass><catRef targets="alltim3 news  wriase0  wridom3   wrista3 "/><classCode scheme="DLEE">W newsp brdsht nat: science</classCode><keywords><term> (none) </term></keywords></textClass></profileDesc><revisionDesc><change date="2006-10-21" who="#OUCS">Tag usage updated for BNC-XML</change><change date="2000-12-13" who="#OUCS">Last check for BNC World first release</change><change date="2000-09-06" who="#OUCS">Redo tagusage tables</change><change date="2000-09-01" who="#OUCS">Check all tagcounts</change><change date="2000-06-23" who="#OUCS">Resequenced s-units and added headers</change><change date="2000-01-21" who="#OUCS">Added date info</change><change date="2000-01-09" who="#OUCS">Updated all catrefs</change><change date="2000-01-08" who="#OUCS">Updated source title</change><change date="2000-01-08" who="#OUCS">Updated titles</change><change date="1999-12-25" who="#OUCS">corrected tagUsage</change><change date="1999-09-13" who="#UCREL">POS codes revised for BNC-2; header updated</change><change date="1994-11-24" who="#dominic">Initial accession to corpus</change></revisionDesc></teiHeader>
<wtext type="NEWS"><div level="1" n="12-NOV-89 edition, page 018"><head type="MAIN">
<s n="1"><w c5="VVB-NN1" hw="update" pos="VERB">Update</w><c c5="PUN">.</c></s></head><head type="BYLINE">
<s n="2"><w c5="PRP" hw="by" pos="PREP">By </w><w c5="NN0" hw="sales" pos="SUBST">SALES </w><w c5="PRF" hw="of" pos="PREP">of </w><w c5="AJ0" hw="unleaded" pos="ADJ">unleaded </w><w c5="NN1" hw="fuel" pos="SUBST">fuel </w><w c5="VVB" hw="continue" pos="VERB">continue </w><w c5="TO0" hw="to" pos="PREP">to </w><w c5="VVI" hw="climb" pos="VERB">climb</w><c c5="PUN">.</c></s>
<s n="3"><w c5="DT0" hw="this" pos="ADJ">This </w><w c5="NN1" hw="week" pos="SUBST">week</w><w c5="POS" hw="'s" pos="UNC">'s </w><w c5="NN2" hw="figure" pos="SUBST">figures </w><w c5="VVB" hw="suggest" pos="VERB">suggest </w><w c5="CJT" hw="that" pos="CONJ">that </w><w c5="PNI" hw="one" pos="PRON">one </w><w c5="PRP" hw="in" pos="PREP">in </w><w c5="CRD" hw="three" pos="ADJ">three </w><w c5="NN2" hw="motorist" pos="SUBST">motorists </w><w c5="VBB" hw="be" pos="VERB">are </w><w c5="VVG" hw="buy" pos="VERB">buying </w><w c5="AJ0" hw="unleaded" pos="ADJ">unleaded</w><c c5="PUN">, </c><w c5="PRP" hw="despite" pos="PREP">despite </w><w c5="AT0" hw="the" pos="ART">the </w><w c5="NN1" hw="confusion" pos="SUBST">confusion </w><w c5="DTQ" hw="which" pos="PRON">which </w><w c5="AV0" hw="still" pos="ADV">still </w><w c5="VVZ" hw="exist" pos="VERB">exists </w><w c5="PRP" hw="about" pos="PREP">about </w><w c5="DTQ" hw="which" pos="PRON">which </w><w c5="NN2" hw="car" pos="SUBST">cars </w><w c5="VM0" hw="can" pos="VERB">can </w><w c5="VVI" hw="run" pos="VERB">run </w><w c5="PRP" hw="on" pos="PREP">on </w><w c5="DTQ" hw="which" pos="PRON">which </w><w c5="NN1" hw="fuel" pos="SUBST">fuel</w><c c5="PUN">.</c></s></head><p>
<s n="4"><w c5="PRP" hw="in" pos="PREP">In </w><w c5="AT0" hw="an" pos="ART">an </w><w c5="NN1" hw="attempt" pos="SUBST">attempt </w><w c5="TO0" hw="to" pos="PREP">to </w><w c5="VVI" hw="clarify" pos="VERB">clarify </w><w c5="AT0" hw="the" pos="ART">the </w><w c5="NN1" hw="issue" pos="SUBST">issue</w><c c5="PUN">, </c><w c5="NP0" hw="esso" pos="SUBST">Esso </w><w c5="VHZ" hw="have" pos="VERB">has </w><w c5="VVN" hw="bring" pos="VERB">brought </w><w c5="AVP" hw="out" pos="ADV">out </w><w c5="AT0" hw="a" pos="ART">a </w><w c5="AJ0" hw="new" pos="ADJ">new </w><w c5="NN1" hw="edition" pos="SUBST">edition </w><w c5="PRF" hw="of" pos="PREP">of </w><w c5="DPS" hw="they" pos="PRON">their </w><w c5="NN1" hw="guide" pos="SUBST">guide </w><w c5="PRP" hw="to" pos="PREP">to </w><w c5="NN2" hw="motorist" pos="SUBST">motorists </w><w c5="PRP" hw="about" pos="PREP">about </w><w c5="DTQ" hw="which" pos="PRON">which </w><w c5="NN2" hw="car" pos="SUBST">cars </w><w c5="VM0" hw="can" pos="VERB">can </w><w c5="VVI" hw="run" pos="VERB">run </w><w c5="PRP-AVP" hw="on" pos="PREP">on </w><w c5="AJ0" hw="unleaded" pos="ADJ">unleaded </w><w c5="NN1" hw="fuel" pos="SUBST">fuel</w><c c5="PUN">.</c></s>
<s n="5"><w c5="PNP" hw="it" pos="PRON">It </w><w c5="VBZ" hw="be" pos="VERB">is </w><w c5="AV0" hw="less" pos="ADV">less </w><w c5="AJ0" hw="ambiguous" pos="ADJ">ambiguous </w><w c5="CJS" hw="than" pos="CONJ">than </w><w c5="AT0" hw="the" pos="ART">the </w><w c5="AJ0" hw="previous" pos="ADJ">previous </w><w c5="NN1" hw="version" pos="SUBST">version </w><w c5="CJC" hw="but" pos="CONJ">but </w><w c5="AV0" hw="still" pos="ADV">still </w><w c5="VVZ" hw="suggest" pos="VERB">suggests </w><w c5="CJT" hw="that" pos="CONJ">that </w><w c5="CJS" hw="if" pos="CONJ">if </w><w c5="DPS" hw="you" pos="PRON">your </w><w c5="NN1" hw="car" pos="SUBST">car </w><w c5="VM0" hw="will" pos="VERB">will </w><w c5="VVI" hw="run" pos="VERB">run </w><w c5="PRP-AVP" hw="on" pos="PREP">on </w><w c5="AJ0" hw="standard" pos="ADJ">standard </w><w c5="AJ0" hw="unleaded" pos="ADJ">unleaded </w><w c5="NN1" hw="petrol" pos="SUBST">petrol</w><c c5="PUN">, </c><w c5="PNP" hw="it" pos="PRON">it </w><w c5="VM0" hw="will" pos="VERB">will </w><w c5="VVI" hw="run" pos="VERB">run </w><w c5="AV0" hw="even" pos="ADV">even </w><w c5="AV0" hw="well" pos="ADV">better </w><w c5="PRP" hw="on" pos="PREP">on </w><w c5="AJ0" hw="super" pos="ADJ">Super </w><w c5="PRP" hw="plus" pos="PREP">Plus </w><w c5="AJ0" hw="unleaded" pos="ADJ">unleaded</w><c c5="PUN">.</c></s>
<s n="6"><w c5="PNP" hw="it" pos="PRON">It </w><w c5="UNC" hw="ai" pos="UNC">ai</w><w c5="XX0" hw="not" pos="ADV">n't </w><w c5="AV0" hw="necessarily" pos="ADV">necessarily </w><w c5="AV0" hw="so" pos="ADV">so</w><c c5="PUN">, </c><w c5="CJC" hw="but" pos="CONJ">but </w><w c5="PNP" hw="you" pos="PRON">you </w><w c5="VM0" hw="will" pos="VERB">wo</w><w c5="XX0" hw="not" pos="ADV">n't </w><w c5="VVI" hw="hurt" pos="VERB">hurt </w><w c5="AT0" hw="the" pos="ART">the </w><w c5="NN1" hw="engine" pos="SUBST">engine </w><w c5="PRP" hw="by" pos="PREP">by </w><w c5="VVG" hw="try" pos="VERB">trying </w><c c5="PUN">— </c><w c5="AV0" hw="only" pos="ADV">only </w><w c5="DPS" hw="you" pos="PRON">your </w><w c5="NN1" hw="wallet" pos="SUBST">wallet</w><c c5="PUN">.</c></s></p><p>
<s n="7"><w c5="PRP" hw="by" pos="PREP">By </w><w c5="AT0" hw="the" pos="ART">the </w><w c5="NN1" hw="way" pos="SUBST">way</w><c c5="PUN">, </c><w c5="PNP" hw="i" pos="PRON">I </w><w c5="VVB" hw="deplore" pos="VERB">deplore </w><w c5="AT0" hw="the" pos="ART">the </w><w c5="NN1" hw="practice" pos="SUBST">practice </w><w c5="VVN" hw="employ" pos="VERB">employed </w><w c5="PRP" hw="by" pos="PREP">by </w><w c5="DT0" hw="some" pos="ADJ">some </w><w c5="NN1-AJ0" hw="filling" pos="SUBST">filling </w><w c5="NN2" hw="station" pos="SUBST">stations </w><w c5="PRF" hw="of" pos="PREP">of </w><w c5="VHG" hw="have" pos="VERB">having </w><w c5="DT0" hw="several" pos="ADJ">several </w><w c5="AJ0" hw="premium" pos="ADJ">premium </w><w c5="AJ0" hw="unleaded" pos="ADJ">unleaded </w><w c5="NN2" hw="pump" pos="SUBST">pumps </w><w c5="PRP" hw="on" pos="PREP">on </w><w c5="AT0" hw="the" pos="ART">the </w><w c5="NN1" hw="forecourt" pos="SUBST">forecourt </w><w c5="CJC" hw="but" pos="CONJ">but </w><w c5="VVG" hw="tuck" pos="VERB">tucking </w><w c5="AT0" hw="the" pos="ART">the </w><w c5="NN1-AJ0" hw="standard" pos="SUBST">standard </w><w c5="CJC" hw="and" pos="CONJ">and </w><w c5="AJC" hw="cheap" pos="ADJ">cheaper </w><w c5="NN1" hw="fuel" pos="SUBST">fuel</w><c c5="PUN">, </c><w c5="AV0" hw="away" pos="ADV">away </w><w c5="PRP" hw="in" pos="PREP">in </w><w c5="AT0" hw="a" pos="ART">a </w><w c5="NN1" hw="corner" pos="SUBST">corner</w><c c5="PUN">.</c></s></p><p>
<s n="8"><w c5="ZZ0" hw="p" pos="SUBST">P </w><w c5="PRP" hw="for" pos="PREP">for </w><w c5="NN1" hw="safety" pos="SUBST">safety</w><c c5="PUN">.</c></s></p><p>
<s n="9"><w c5="NN2-VVZ" hw="trip" pos="SUBST">TRIPS </w><w c5="PRP" hw="to" pos="PREP">to </w><w c5="NP0" hw="ireland" pos="SUBST">Ireland </w><w c5="AV0" hw="recently" pos="ADV">recently </w><w c5="VHB" hw="have" pos="VERB">have </w><w c5="VVN" hw="reinforce" pos="VERB">reinforced </w><w c5="DPS" hw="i" pos="PRON">my </w><w c5="NN1" hw="view" pos="SUBST">view </w><w c5="CJT" hw="that" pos="CONJ">that </w><w c5="AT0" hw="the" pos="ART">the </w><w c5="ZZ0" hw="p" pos="SUBST">P </w><c c5="PUL">(</c><w c5="NN1" hw="probationer" pos="SUBST">probationer</w><c c5="PUR">) </c><w c5="NN1" hw="plate" pos="SUBST">plate </w><w c5="VVN" hw="carry" pos="VERB">carried </w><w c5="PRP" hw="by" pos="PREP">by </w><w c5="DT0" hw="those" pos="ADJ">those </w><w c5="NN2" hw="car" pos="SUBST">cars </w><w c5="VVN" hw="drive" pos="VERB">driven </w><w c5="PRP" hw="by" pos="PREP">by </w><w c5="NN0" hw="people" pos="SUBST">people </w><w c5="PNQ" hw="who" pos="PRON">who </w><w c5="VHB" hw="have" pos="VERB">have </w><w c5="VVN" hw="pass" pos="VERB">passed </w><w c5="DPS" hw="they" pos="PRON">their </w><w c5="NN1" hw="driving" pos="SUBST">driving </w><w c5="NN1" hw="test" pos="SUBST">test </w><w c5="PRP" hw="within" pos="PREP">within </w><w c5="AT0" hw="the" pos="ART">the </w><w c5="ORD" hw="last" pos="ADJ">last </w><w c5="NN1" hw="year" pos="SUBST">year</w><c c5="PUN">, </c><w c5="VBB" hw="be" pos="VERB">are </w><w c5="AT0" hw="a" pos="ART">a </w><w c5="AJ0" hw="good" pos="ADJ">good </w><w c5="NN1" hw="thing" pos="SUBST">thing </w><w c5="CJC" hw="and" pos="CONJ">and </w><w c5="VM0" hw="should" pos="VERB">should </w><w c5="VBI" hw="be" pos="VERB">be </w><w c5="VVN" hw="adopt" pos="VERB">adopted </w><w c5="AV0" hw="here" pos="ADV">here</w><c c5="PUN">.</c></s>
<s n="10"><w c5="DT0" hw="any" pos="ADJ">Any </w><w c5="NN1" hw="parent" pos="SUBST">parent </w><w c5="PRP" hw="with" pos="PREP">with </w><w c5="NN2" hw="youngster" pos="SUBST">youngsters </w><w c5="VVG" hw="learn" pos="VERB">learning </w><w c5="TO0" hw="to" pos="PREP">to </w><w c5="VVI" hw="drive" pos="VERB">drive </w><w c5="VM0" hw="would" pos="VERB">would </w><w c5="VBI" hw="be" pos="VERB">be </w><w c5="VVN" hw="reassure" pos="VERB">reassured </w><w c5="PRP" hw="by" pos="PREP">by </w><w c5="DT0" hw="such" pos="ADJ">such </w><w c5="AT0" hw="a" pos="ART">a </w><w c5="NN1" hw="plate" pos="SUBST">plate </w><w c5="CJC" hw="and" pos="CONJ">and </w><w c5="AJ0" hw="experienced" pos="ADJ">experienced </w><w c5="NN2" hw="driver" pos="SUBST">drivers </w><w c5="VVG" hw="see" pos="VERB">seeing </w><w c5="AT0" hw="the" pos="ART">the </w><w c5="NN1" hw="p-plate" pos="SUBST">P-plate </w><w c5="VM0" hw="can" pos="VERB">can </w><w c5="VVI" hw="treat" pos="VERB">treat </w><w c5="AT0" hw="the" pos="ART">the </w><w c5="NN1" hw="car" pos="SUBST">car </w><w c5="PRP" hw="with" pos="PREP">with </w><w c5="NN1" hw="respect" pos="SUBST">respect</w><c c5="PUN">.</c></s>
<s n="11"><w c5="ZZ0" hw="p" pos="SUBST">P </w><w c5="NN2" hw="driver" pos="SUBST">drivers </w><w c5="VM0" hw="could" pos="VERB">could </w><w c5="AV0" hw="even" pos="ADV">even </w><w c5="VBI" hw="be" pos="VERB">be </w><w c5="VVN" hw="limit" pos="VERB">limited </w><w c5="PRP" hw="to" pos="PREP">to </w><w c5="AJ0" hw="low" pos="ADJ">low </w><w c5="NN2" hw="speed" pos="SUBST">speeds</w><c c5="PUN">.</c></s>
<s n="12"><w c5="NN2" hw="opinion" pos="SUBST">Opinions</w><c c5="PUN">?</c></s></p></div></wtext></bncDoc>
