<bncDoc xml:id="A8L"><teiHeader><fileDesc><titleStmt><title>  The Guardian, electronic edition of 1989-11-23: Leisure pages. Sample containing about 1032 words from a periodical (domain: leisure) </title><respStmt><resp> Data capture and transcription </resp><name> Oxford University Press </name> </respStmt></titleStmt><editionStmt><edition>BNC XML Edition, December 2006</edition></editionStmt><extent> 1032 tokens; 1050 w-units; 80 s-units </extent><publicationStmt><distributor>Distributed under licence by Oxford University Computing Services on behalf of the BNC Consortium.</distributor><availability> This material is protected by international copyright laws and may not be copied or redistributed in any way. Consult the BNC Web Site at http://www.natcorp.ox.ac.uk for full licencing and distribution conditions.</availability><idno type="bnc">A8L</idno><idno type="old"> GcLeis </idno></publicationStmt><sourceDesc><bibl><title>The Guardian, electronic edition of 1989-11-23: Leisure pages.</title> <imprint n="GUARDI1"><publisher>Guardian Newspapers Ltd</publisher> <pubPlace>London</pubPlace> <date value="1989">1989</date> </imprint> </bibl></sourceDesc></fileDesc><encodingDesc><tagsDecl><namespace name=""><tagUsage gi="c" occurs="188"/><tagUsage gi="div" occurs="2"/><tagUsage gi="head" occurs="3"/><tagUsage gi="mw" occurs="4"/><tagUsage gi="p" occurs="10"/><tagUsage gi="s" occurs="80"/><tagUsage gi="w" occurs="1050"/></namespace></tagsDecl></encodingDesc><profileDesc><creation date="1989"> </creation><textClass><catRef targets="alltim3 news  wriase0  wridom9   wrista3 "/><classCode scheme="DLEE">W newsp brdsht nat: misc</classCode><keywords><term> (none) </term></keywords></textClass></profileDesc><revisionDesc><change date="2006-10-21" who="#OUCS">Tag usage updated for BNC-XML</change><change date="2000-12-13" who="#OUCS">Last check for BNC World first release</change><change date="2000-09-06" who="#OUCS">Redo tagusage tables</change><change date="2000-09-01" who="#OUCS">Check all tagcounts</change><change date="2000-06-23" who="#OUCS">Resequenced s-units and added headers</change><change date="2000-01-21" who="#OUCS">Added date info</change><change date="2000-01-09" who="#OUCS">Updated all catrefs</change><change date="2000-01-08" who="#OUCS">Updated source title</change><change date="2000-01-08" who="#OUCS">Updated titles</change><change date="1999-12-25" who="#OUCS">corrected tagUsage</change><change date="1999-09-13" who="#UCREL">POS codes revised for BNC-2; header updated</change><change date="1994-11-24" who="#dominic">Initial accession to corpus</change></revisionDesc></teiHeader>
<wtext type="NEWS"><div level="1" n="23-NOV-1989 edition, page 18"><head type="MAIN">
<s n="1"><w c5="AT0" hw="a" pos="ART">A </w><w c5="NN1" hw="country" pos="SUBST">Country </w><w c5="NN1" hw="diary" pos="SUBST">Diary</w><c c5="PUN">: </c><w c5="NN1" hw="crook" pos="SUBST">CROOK</w><c c5="PUN">, </c><w c5="NN1" hw="co" pos="SUBST">Co</w><c c5="PUN">.</c></s>
<s n="2"><w c5="NP0" hw="durham" pos="SUBST">DURHAM</w></s></head><p>
<s n="3"><w c5="DT0" hw="these" pos="ADJ">These </w><w c5="VBB" hw="be" pos="VERB">are </w><w c5="AT0" hw="the" pos="ART">the </w><w c5="AJ0" hw="quiet" pos="ADJ">quiet </w><w c5="NN2" hw="day" pos="SUBST">days </w><w c5="PRP" hw="before" pos="PREP">before </w><w c5="NN1" hw="winter" pos="SUBST">winter</w><c c5="PUN">.</c></s>
<s n="4"><w c5="PRP" hw="for" pos="PREP">For </w><w c5="DT0" hw="most" pos="ADJ">most </w><w c5="PRF" hw="of" pos="PREP">of </w><w c5="DT0" hw="this" pos="ADJ">this </w><w c5="NN1" hw="week" pos="SUBST">week </w><w c5="AT0" hw="the" pos="ART">the </w><w c5="NN1" hw="landscape" pos="SUBST">landscape </w><w c5="VHZ" hw="have" pos="VERB">has </w><w c5="VBN" hw="be" pos="VERB">been </w><w c5="VVN" hw="drape" pos="VERB">draped </w><w c5="PRP" hw="on" pos="PREP">on </w><w c5="AJ0-VVG" hw="shifting" pos="ADJ">shifting </w><w c5="NN1" hw="fog" pos="SUBST">fog </w><w c5="NN2" hw="patch" pos="SUBST">patches</w><c c5="PUN">.</c></s>
<s n="5"><w c5="PRP" hw="on" pos="PREP">On </w><w c5="DT0" hw="some" pos="ADJ">some </w><w c5="NN2" hw="day" pos="SUBST">days </w><w c5="AT0" hw="the" pos="ART">the </w><w c5="NN1" hw="top" pos="SUBST">top </w><w c5="PRF" hw="of" pos="PREP">of </w><w c5="NP0" hw="pea" pos="SUBST">Pea </w><w c5="NP0" hw="hill" pos="SUBST">Hill </w><w c5="VHZ" hw="have" pos="VERB">has </w><w c5="VBN" hw="be" pos="VERB">been </w><w c5="VVN" hw="bathe" pos="VERB">bathed </w><w c5="PRP" hw="in" pos="PREP">in </w><w c5="AJ0" hw="brilliant" pos="ADJ">brilliant </w><w c5="NN1" hw="sunshine" pos="SUBST">sunshine</w><c c5="PUN">, </c><w c5="CJS" hw="while" pos="CONJ">while </w><w c5="AT0" hw="the" pos="ART">the </w><w c5="NN1" hw="valley" pos="SUBST">valley </w><w c5="PRF" hw="of" pos="PREP">of </w><w c5="AT0" hw="the" pos="ART">the </w><w c5="NP0" hw="river" pos="SUBST">River </w><w c5="NP0" hw="wear" pos="SUBST">Wear </w><w c5="AV0" hw="ahead" pos="ADV">ahead </w><w c5="VHZ" hw="have" pos="VERB">has </w><w c5="VBN" hw="be" pos="VERB">been </w><w c5="AJ0" hw="awash" pos="ADJ">awash </w><w c5="PRP" hw="in" pos="PREP">in </w><w c5="AT0" hw="a" pos="ART">a </w><w c5="NN1" hw="sea" pos="SUBST">sea </w><w c5="PRF" hw="of" pos="PREP">of </w><w c5="NN1" hw="grey" pos="SUBST">grey</w><c c5="PUN">, </c><w c5="PRP" hw="with" pos="PREP">with </w><w c5="NN2" hw="tentacle" pos="SUBST">tentacles </w><w c5="PRF" hw="of" pos="PREP">of </w><w c5="NN1" hw="fog" pos="SUBST">fog </w><w c5="VVG" hw="creep" pos="VERB">creeping </w><w c5="AV0" hw="outwards" pos="ADV">outwards </w><w c5="PRP" hw="along" pos="PREP">along </w><w c5="NN2" hw="hedge" pos="SUBST">hedges </w><w c5="CJC" hw="and" pos="CONJ">and </w><w c5="NN2" hw="gulley" pos="SUBST">gulleys </w><w c5="PRP" hw="into" pos="PREP">into </w><w c5="NN2" hw="field" pos="SUBST">fields</w><c c5="PUN">.</c></s>
<s n="6"><w c5="PNP" hw="we" pos="PRON">We </w><w c5="VHB" hw="have" pos="VERB">have </w><w c5="AV0" hw="yet" pos="ADV">yet </w><w c5="TO0" hw="to" pos="PREP">to </w><w c5="VVI" hw="experience" pos="VERB">experience </w><w c5="DT0" hw="any" pos="ADJ">any </w><w c5="AJ0" hw="hard" pos="ADJ">hard </w><w c5="NN2" hw="frost" pos="SUBST">frosts</w><c c5="PUN">, </c><w c5="AV0" hw="so" pos="ADV">so </w><w c5="NN1" hw="autumn" pos="SUBST">autumn </w><w c5="VVZ" hw="leave" pos="VERB">leaves </w><w c5="AV0" hw="still" pos="ADV">still </w><w c5="VVB" hw="cling" pos="VERB">cling </w><w c5="PRP" hw="to" pos="PREP">to </w><w c5="NN2" hw="branch" pos="SUBST">branches </w><w c5="CJC" hw="and" pos="CONJ">and </w><w c5="EX0" hw="there" pos="PRON">there </w><w c5="VBB" hw="be" pos="VERB">are </w><w c5="AV0" hw="still" pos="ADV">still </w><w c5="AT0" hw="a" pos="ART">a </w><w c5="DT0" hw="few" pos="ADJ">few </w><w c5="NN2" hw="flower" pos="SUBST">flowers </w><w c5="PRF" hw="of" pos="PREP">of </w><w c5="AJ0" hw="white" pos="ADJ">white </w><w c5="AJ0" hw="dead" pos="ADJ">dead </w><w c5="NN1" hw="nettle" pos="SUBST">nettle</w><c c5="PUN">, </c><w c5="AJ0" hw="red" pos="ADJ">red </w><w c5="NN1" hw="campion" pos="SUBST">campion </w><w c5="CJC" hw="and" pos="CONJ">and </w><w c5="NN1" hw="yarrow" pos="SUBST">yarrow </w><w c5="TO0" hw="to" pos="PREP">to </w><w c5="VVI" hw="attract" pos="VERB">attract </w><w c5="AT0" hw="the" pos="ART">the </w><w c5="ORD" hw="last" pos="ADJ">last </w><w c5="PRF" hw="of" pos="PREP">of </w><w c5="AT0" hw="the" pos="ART">the </w><w c5="NN1" hw="drone" pos="SUBST">drone </w><w c5="NN2-VVZ" hw="fly" pos="SUBST">flies</w><c c5="PUN">.</c></s>
<s n="7"><w c5="NN2" hw="hedgerow" pos="SUBST">Hedgerows </w><w c5="VVB" hw="take" pos="VERB">take </w><w c5="AVP" hw="on" pos="ADV">on </w><w c5="AT0" hw="an" pos="ART">an </w><w c5="AJ0" hw="additional" pos="ADJ">additional </w><w c5="NN1" hw="dimension" pos="SUBST">dimension </w><w c5="PRP" hw="on" pos="PREP">on </w><w c5="AJ0" hw="foggy" pos="ADJ">foggy </w><w c5="NN2" hw="day" pos="SUBST">days</w><c c5="PUN">; </c><w c5="CJS" hw="when" pos="CONJ">when </w><w c5="AT0" hw="the" pos="ART">the </w><w c5="AJ0" hw="distant" pos="ADJ">distant </w><w c5="NN1" hw="landscape" pos="SUBST">landscape </w><w c5="VBZ" hw="be" pos="VERB">is </w><w c5="VVN" hw="blot" pos="VERB">blotted </w><w c5="AVP" hw="out" pos="ADV">out </w><w c5="AJ0" hw="immediate" pos="ADJ">immediate </w><w c5="NN2" hw="surroundings" pos="SUBST">surroundings </w><w c5="VVB" hw="assume" pos="VERB">assume </w><w c5="AT0" hw="a" pos="ART">a </w><w c5="AJ0" hw="new" pos="ADJ">new </w><w c5="NN1" hw="prominence" pos="SUBST">prominence</w><c c5="PUN">.</c></s>
<s n="8"><w c5="CRD" hw="hundreds" pos="ADJ">Hundreds </w><w c5="PRF" hw="of" pos="PREP">of </w><w c5="NN2" hw="spider" pos="SUBST">spiders</w><w c5="POS" hw="'" pos="UNC">' </w><w c5="NN2" hw="web" pos="SUBST">webs</w><c c5="PUN">, </c><w c5="VVN-VVD" hw="suspend" pos="VERB">suspended </w><w c5="PRP" hw="between" pos="PREP">between </w><w c5="NN2" hw="twig" pos="SUBST">twigs </w><w c5="VVG" hw="bear" pos="VERB">bearing </w><w c5="AJ0" hw="yellowing" pos="ADJ">yellowing </w><w c5="NN2" hw="leaf" pos="SUBST">leaves </w><w c5="CJC" hw="and" pos="CONJ">and </w><w c5="NN2" hw="cluster" pos="SUBST">clusters </w><w c5="PRF" hw="of" pos="PREP">of </w><w c5="AJ0" hw="scarlet" pos="ADJ">scarlet </w><w c5="NN1" hw="rose" pos="SUBST">rose </w><w c5="NN2" hw="hip" pos="SUBST">hips </w><w c5="VBB" hw="be" pos="VERB">are </w><w c5="VVN" hw="decorate" pos="VERB">decorated </w><w c5="PRP" hw="with" pos="PREP">with </w><w c5="NN1" hw="water" pos="SUBST">water </w><w c5="NN2" hw="droplet" pos="SUBST">droplets </w><w c5="CJT" hw="that" pos="CONJ">that </w><w c5="VVB-NN1" hw="sparkle" pos="VERB">sparkle </w><w c5="PRP" hw="in" pos="PREP">in </w><w c5="AT0" hw="the" pos="ART">the </w><w c5="AJ0" hw="weak" pos="ADJ">weak </w><w c5="NN1" hw="sun" pos="SUBST">sun </w><w c5="CJT" hw="that" pos="CONJ">that </w><w c5="AV0" hw="occasionally" pos="ADV">occasionally </w><w c5="VVZ" hw="penetrate" pos="VERB">penetrates </w><w c5="AT0" hw="the" pos="ART">the </w><w c5="NN1" hw="murk" pos="SUBST">murk</w><c c5="PUN">.</c></s>
<s n="9"><w c5="PRP" hw="amongst" pos="PREP">Amongst </w><w c5="AT0" hw="the" pos="ART">the </w><w c5="AJ0" hw="dead" pos="ADJ">dead </w><w c5="NN1" hw="hogweed" pos="SUBST">hogweed </w><w c5="NN2" hw="umbel" pos="SUBST">umbels </w><w c5="CJC" hw="and" pos="CONJ">and </w><w c5="NN1-VVB" hw="seed" pos="SUBST">seed </w><w c5="NN2" hw="head" pos="SUBST">heads </w><w c5="PRF" hw="of" pos="PREP">of </w><w c5="NN1" hw="willow" pos="SUBST">willow </w><w c5="NN1" hw="herb" pos="SUBST">herb </w><w c5="EX0" hw="there" pos="PRON">there </w><w c5="VBB" hw="be" pos="VERB">are </w><w c5="NN2" hw="cluster" pos="SUBST">clusters </w><w c5="PRF" hw="of" pos="PREP">of </w><w c5="NN2" hw="ladybird" pos="SUBST">ladybirds</w><c c5="PUN">, </c><w c5="VVN-VVD" hw="pack" pos="VERB">packed </w><w c5="PRP" hw="into" pos="PREP">into </w><w c5="AJ0" hw="tight" pos="ADJ">tight </w><w c5="NN2" hw="group" pos="SUBST">groups </w><w c5="PRP" hw="in" pos="PREP">in </w><w c5="AT0" hw="every" pos="ART">every </w><w c5="AJ0" hw="available" pos="ADJ">available </w><w c5="NN1" hw="crevice" pos="SUBST">crevice</w><c c5="PUN">.</c></s>
<s n="10"><w c5="NN2" hw="ladybird" pos="SUBST">Ladybirds </w><w c5="VHB" hw="have" pos="VERB">have </w><w c5="VDN" hw="do" pos="VERB">done </w><w c5="AV0" hw="well" pos="ADV">well </w><mw c5="PRP"><w c5="AVP" hw="out" pos="ADV">out </w><w c5="PRF" hw="of" pos="PREP">of </w></mw><w c5="AT0" hw="the" pos="ART">the </w><w c5="AJ0" hw="exceptional" pos="ADJ">exceptional </w><w c5="NN1" hw="summer" pos="SUBST">summer</w><c c5="PUN">, </c><w c5="CJS" hw="as" pos="CONJ">as </w><w c5="VHB" hw="have" pos="VERB">have </w><w c5="AJ0" hw="sweet" pos="ADJ">sweet </w><w c5="NN1" hw="chestnut" pos="SUBST">chestnut </w><w c5="NN2" hw="tree" pos="SUBST">trees</w><c c5="PUN">; </c><w c5="DT0" hw="this" pos="ADJ">this </w><w c5="VBZ" hw="be" pos="VERB">is </w><w c5="AT0" hw="the" pos="ART">the </w><w c5="ORD" hw="first" pos="ADJ">first </w><w c5="NN1" hw="year" pos="SUBST">year </w><w c5="CJT" hw="that" pos="CONJ">that </w><w c5="PNP" hw="i" pos="PRON">I </w><w c5="VM0" hw="can" pos="VERB">can </w><w c5="VVI" hw="recall" pos="VERB">recall </w><w c5="VVG" hw="collect" pos="VERB">collecting </w><w c5="NN2" hw="chestnut" pos="SUBST">chestnuts </w><w c5="AV0" hw="locally" pos="ADV">locally </w><w c5="CJT" hw="that" pos="CONJ">that </w><w c5="VBB" hw="be" pos="VERB">are </w><w c5="AJ0" hw="large" pos="ADJ">large </w><w c5="AV0" hw="enough" pos="ADV">enough </w><w c5="TO0" hw="to" pos="PREP">to </w><w c5="VVI" hw="eat" pos="VERB">eat</w><c c5="PUN">.</c></s>
<s n="11"><w c5="AT0" hw="the" pos="ART">The </w><w c5="NN1" hw="warmth" pos="SUBST">warmth </w><w c5="CJC" hw="and" pos="CONJ">and </w><w c5="NN1" hw="mildness" pos="SUBST">mildness </w><w c5="VHZ" hw="have" pos="VERB">has </w><w c5="VVN" hw="bring" pos="VERB">brought </w><w c5="AT0" hw="a" pos="ART">a </w><w c5="AJ0" hw="fine" pos="ADJ">fine </w><w c5="NN1" hw="crop" pos="SUBST">crop </w><w c5="PRF" hw="of" pos="PREP">of </w><w c5="NN2" hw="toadstool" pos="SUBST">toadstools</w><c c5="PUN">.</c></s>
<s n="12"><w c5="AT0" hw="the" pos="ART">The </w><w c5="AV0" hw="most" pos="ADV">most </w><w c5="AJ0" hw="spectacular" pos="ADJ">spectacular </w><w c5="PRF" hw="of" pos="PREP">of </w><w c5="DT0" hw="these" pos="ADJ">these </w><w c5="VHB" hw="have" pos="VERB">have </w><w c5="VBN" hw="be" pos="VERB">been </w><w c5="DT0" hw="some" pos="ADJ">some </w><w c5="AJ0" hw="magnificent" pos="ADJ">magnificent </w><w c5="NN2" hw="specimen" pos="SUBST">specimens </w><w c5="PRF" hw="of" pos="PREP">of </w><w c5="NP0" hw="verdigris" pos="SUBST">Verdigris </w><w c5="AJ0" hw="agaric" pos="ADJ">agaric</w><c c5="PUN">, </c><w c5="NP0" hw="stroparia" pos="SUBST">Stroparia </w><w c5="NN1" hw="aeruginosa" pos="SUBST">aeruginosa</w><c c5="PUN">, </c><w c5="VVN" hw="show" pos="VERB">shown </w><w c5="PRP" hw="to" pos="PREP">to </w><w c5="PNP" hw="i" pos="PRON">me </w><w c5="PRP" hw="by" pos="PREP">by </w><w c5="NP0" hw="maureen" pos="SUBST">Maureen </w><w c5="NP0" hw="defty" pos="SUBST">Defty</w><c c5="PUN">, </c><w c5="AT0" hw="a" pos="ART">a </w><w c5="AJ0" hw="local" pos="ADJ">local </w><w c5="NN1" hw="farmer" pos="SUBST">farmer</w><c c5="PUN">.</c></s>
<s n="13"><w c5="PNP" hw="they" pos="PRON">They </w><w c5="VHD" hw="have" pos="VERB">had </w><w c5="VVN" hw="sprout" pos="VERB">sprouted </w><w c5="PRP" hw="from" pos="PREP">from </w><w c5="AJ0" hw="buried" pos="ADJ">buried </w><w c5="NN1" hw="wood" pos="SUBST">wood </w><w c5="PRP" hw="in" pos="PREP">in </w><w c5="AT0" hw="the" pos="ART">the </w><w c5="NN1" hw="vegetable" pos="SUBST">vegetable </w><w c5="NN1" hw="garden" pos="SUBST">garden </w><w c5="CJC" hw="and" pos="CONJ">and </w><w c5="VVD" hw="sport" pos="VERB">sported </w><w c5="AJ0" hw="livid" pos="ADJ">livid </w><w c5="AJ0" hw="blue-green" pos="ADJ">blue-green</w><c c5="PUN">, </c><w c5="AJ0" hw="slimy" pos="ADJ">slimy </w><w c5="NN2" hw="cap" pos="SUBST">caps</w><c c5="PUN">.</c></s>
<s n="14"><w c5="PNP" hw="we" pos="PRON">We </w><w c5="VHD" hw="have" pos="VERB">had </w><w c5="DPS" hw="we" pos="PRON">our </w><w c5="ORD" hw="first" pos="ADJ">first </w><w c5="AJ0" hw="moderate" pos="ADJ">moderate </w><w c5="NN1" hw="snow" pos="SUBST">snow </w><w c5="NN1-VVB" hw="fall" pos="SUBST">fall </w><w c5="PRP" hw="in" pos="PREP">in </w><w c5="NP0" hw="mid-november" pos="SUBST">mid-November </w><w c5="ORD" hw="last" pos="ADJ">last </w><w c5="NN1" hw="year" pos="SUBST">year</w><c c5="PUN">, </c><w c5="CJC" hw="but" pos="CONJ">but </w><w c5="AV0" hw="so" pos="ADV">so </w><w c5="AV0" hw="far" pos="ADV">far </w><w c5="PNP" hw="it" pos="PRON">it </w><w c5="VVZ" hw="look" pos="VERB">looks </w><mw c5="CJS"><w c5="CJS" hw="as" pos="CONJ">as </w><w c5="CJS" hw="though" pos="CONJ">though </w></mw><w c5="DT0" hw="this" pos="ADJ">this </w><w c5="NN1" hw="winter" pos="SUBST">winter </w><w c5="VM0" hw="will" pos="VERB">will </w><w c5="VBI" hw="be" pos="VERB">be </w><w c5="AJC" hw="mild" pos="ADJ">milder </w><w c5="CJS" hw="than" pos="CONJ">than </w><w c5="AV0" hw="ever" pos="ADV">ever</w><c c5="PUN">.</c></s>
<s n="15"><w c5="CRD" hw="one" pos="ADJ">One </w><w c5="NN1" hw="sign" pos="SUBST">sign </w><w c5="PRF" hw="of" pos="PREP">of </w><w c5="VVG-AJ0" hw="approach" pos="VERB">approaching </w><w c5="NN1" hw="winter" pos="SUBST">winter </w><w c5="VVZ" hw="come" pos="VERB">comes </w><w c5="PRP" hw="from" pos="PREP">from </w><w c5="AT0" hw="the" pos="ART">the </w><w c5="NN2" hw="party" pos="SUBST">parties </w><w c5="PRF" hw="of" pos="PREP">of </w><w c5="NN2" hw="siskin" pos="SUBST">siskins </w><w c5="VVG" hw="feed" pos="VERB">feeding </w><w c5="PRP-AVP" hw="on" pos="PREP">on </w><w c5="NN2" hw="catkin" pos="SUBST">catkins </w><w c5="PRF" hw="of" pos="PREP">of </w><w c5="NN1" hw="birch" pos="SUBST">birch </w><w c5="NN2" hw="seed" pos="SUBST">seeds</w><c c5="PUN">, </c><w c5="VVG" hw="move" pos="VERB">moving </w><w c5="PRP" hw="from" pos="PREP">from </w><w c5="NN1" hw="tree" pos="SUBST">tree </w><w c5="PRP" hw="to" pos="PREP">to </w><w c5="NN1" hw="tree" pos="SUBST">tree </w><w c5="PRP" hw="in" pos="PREP">in </w><w c5="AJ0" hw="noisy" pos="ADJ">noisy </w><w c5="NN2" hw="flock" pos="SUBST">flocks</w><c c5="PUN">.</c></s></p><p>
<s n="16"><w c5="NP0" hw="phil" pos="SUBST">PHIL </w><w c5="NN2" hw="gate" pos="SUBST">GATES</w></s></p></div><div level="1" n="23-NOV-89 edition, page 23"><head type="MAIN">
<s n="17"><w c5="NN1" hw="diary" pos="SUBST">Diary</w><c c5="PUN">.</c></s></head><head type="BYLINE">
<s n="18"><w c5="PRP" hw="by" pos="PREP">By </w><w c5="NP0" hw="andrew" pos="SUBST">Andrew </w><w c5="NP0-NN1" hw="moncur" pos="SUBST">Moncur</w></s></head><p>
<s n="19"><w c5="AT0" hw="a" pos="ART">A </w><w c5="AJ0" hw="strange" pos="ADJ">STRANGE </w><w c5="NN1" hw="silence" pos="SUBST">silence </w><w c5="PRP" hw="from" pos="PREP">from </w><w c5="AT0" hw="the" pos="ART">the </w><w c5="NN1" hw="government" pos="SUBST">Government </w><c c5="PUN">— </c><w c5="AT0" hw="the" pos="ART">the </w><w c5="NN0" hw="people" pos="SUBST">people </w><w c5="PNQ" hw="who" pos="PRON">who </w><w c5="VVD" hw="bring" pos="VERB">brought </w><w c5="PNP" hw="you" pos="PRON">you </w><w c5="AT0" hw="the" pos="ART">the </w><w c5="NN1" hw="spycatcher" pos="SUBST">Spycatcher </w><w c5="NN1" hw="saga" pos="SUBST">saga </w><c c5="PUN">— </c><w c5="PRP-CJS" hw="as" pos="PREP">as </w><w c5="AT0" hw="a" pos="ART">a </w><w c5="NN1" hw="book" pos="SUBST">book </w><w c5="VVZ" hw="go" pos="VERB">goes </w><w c5="PRP" hw="into" pos="PREP">into </w><w c5="NN1" hw="print" pos="SUBST">print</w><c c5="PUN">, </c><w c5="VVG" hw="give" pos="VERB">giving </w><w c5="AT0" hw="the" pos="ART">the </w><w c5="AJ0-NN1" hw="inside" pos="ADJ">inside </w><w c5="NN1" hw="story" pos="SUBST">story </w><w c5="PRF" hw="of" pos="PREP">of </w><w c5="NN1" hw="security" pos="SUBST">security </w><w c5="NN2" hw="activity" pos="SUBST">activities </w><w c5="CJC" hw="and" pos="CONJ">and </w><w c5="AJ0" hw="assorted" pos="ADJ">assorted </w><w c5="NN1" hw="hanky-panky" pos="SUBST">hanky-panky </w><w c5="PRP" hw="in" pos="PREP">in </w><w c5="NP0" hw="northern" pos="SUBST">Northern </w><w c5="NP0" hw="ireland" pos="SUBST">Ireland</w><c c5="PUN">.</c></s>
<s n="20"><w c5="XX0" hw="not" pos="ADV">Not </w><w c5="AT0" hw="a" pos="ART">a </w><w c5="NN1" hw="peep" pos="SUBST">peep </w><w c5="PRP" hw="from" pos="PREP">from </w><w c5="AT0" hw="the" pos="ART">the </w><w c5="NN1" hw="treasury" pos="SUBST">Treasury </w><w c5="NN1" hw="solicitor" pos="SUBST">Solicitor</w><c c5="PUN">; </c><w c5="AT0" hw="the" pos="ART">the </w><w c5="NP0" hw="d-notice" pos="SUBST">D-Notice </w><w c5="NN1" hw="committee" pos="SUBST">Committee </w><w c5="AV0" hw="obviously" pos="ADV">obviously </w><w c5="VDD" hw="do" pos="VERB">did</w><w c5="XX0" hw="not" pos="ADV">n't </w><c c5="PUL">(</c><w c5="NN1-VVB" hw="notice" pos="SUBST">notice</w><c c5="PUN">, </c><w c5="DT0" hw="that" pos="ADJ">that </w><w c5="VBZ" hw="be" pos="VERB">is</w><c c5="PUR">)</c><c c5="PUN">.</c></s>
<s n="21"><w c5="NP0" hw="fred" pos="SUBST">Fred </w><w c5="NP0" hw="holroyd" pos="SUBST">Holroyd</w><c c5="PUN">, </c><w c5="AT0" hw="a" pos="ART">a </w><w c5="DT0" hw="former" pos="ADJ">former </w><w c5="AJ0" hw="military" pos="ADJ">military </w><w c5="NN1" hw="intelligence" pos="SUBST">intelligence </w><w c5="NN1" hw="officer" pos="SUBST">officer</w><c c5="PUN">, </c><w c5="VHZ" hw="have" pos="VERB">has </w><w c5="VVN" hw="write" pos="VERB">written </w><w c5="AT0" hw="a" pos="ART">a </w><w c5="AJ0" hw="detailed" pos="ADJ">detailed </w><w c5="NN1" hw="account" pos="SUBST">account </w><w c5="PRF" hw="of" pos="PREP">of </w><w c5="AT0" hw="the" pos="ART">the </w><w c5="AJ0" hw="dirty" pos="ADJ">dirty </w><w c5="NN1" hw="war" pos="SUBST">war </w><w c5="PRP" hw="in" pos="PREP">in </w><w c5="NP0" hw="ireland" pos="SUBST">Ireland</w><c c5="PUN">.</c></s>
<s n="22"><w c5="AJ0" hw="cross-border" pos="ADJ">Cross-border </w><w c5="NN2" hw="operation" pos="SUBST">operations</w><c c5="PUN">, </c><w c5="NN1" hw="kidnapping" pos="SUBST">kidnapping </w><w c5="VVG" hw="involve" pos="VERB">involving </w><w c5="NN2" hw="loyalist" pos="SUBST">loyalists </w><w c5="VVN-VVD" hw="hire" pos="VERB">hired </w><w c5="PRP" hw="for" pos="PREP">for </w><w c5="AT0" hw="the" pos="ART">the </w><w c5="NN1" hw="purpose" pos="SUBST">purpose</w><c c5="PUN">, </c><w c5="AT0" hw="the" pos="ART">the </w><w c5="NN1" hw="role" pos="SUBST">role </w><w c5="PRF" hw="of" pos="PREP">of </w><w c5="AT0" hw="the" pos="ART">the </w><w c5="NP0" hw="sas" pos="SUBST">SAS </w><w c5="CJC" hw="and" pos="CONJ">and </w><w c5="NN1" hw="infighting" pos="SUBST">infighting </w><w c5="PRP" hw="between" pos="PREP">between </w><w c5="AT0" hw="the" pos="ART">the </w><w c5="NN1" hw="security" pos="SUBST">security </w><w c5="NN2" hw="service" pos="SUBST">services</w><c c5="PUN">.</c></s>
<s n="23"><w c5="DTQ" hw="what" pos="PRON">What </w><w c5="DT0" hw="more" pos="ADJ">more </w><w c5="VM0" hw="can" pos="VERB">can </w><w c5="PNP" hw="you" pos="PRON">you </w><w c5="VDI" hw="do" pos="VERB">do </w><w c5="TO0" hw="to" pos="PREP">to </w><w c5="VVI" hw="upset" pos="VERB">upset </w><w c5="AT0" hw="a" pos="ART">a </w><w c5="NN1" hw="woman" pos="SUBST">woman</w><c c5="PUN">?</c></s>
<s n="24"><w c5="DPS" hw="he" pos="PRON">His </w><w c5="NN1" hw="book" pos="SUBST">book</w><c c5="PUN">, </c><w c5="NN1" hw="war" pos="SUBST">War </w><w c5="PRP" hw="without" pos="PREP">Without </w><w c5="NN1" hw="honour" pos="SUBST">Honour</w><c c5="PUN">,</c><c c5="PUL">(</c><w c5="NN0" hw="£6.95" pos="UNC">£6.95</w><c c5="PUR">) </c><w c5="VBD" hw="be" pos="VERB">was </w><w c5="VVN" hw="release" pos="VERB">released </w><w c5="AV0" hw="yesterday" pos="ADV">yesterday </w><w c5="PRP" hw="by" pos="PREP">by </w><w c5="AT0" hw="a" pos="ART">a </w><w c5="AJ0" hw="hull-based" pos="ADJ">Hull-based </w><w c5="NN1" hw="independent" pos="SUBST">independent</w><c c5="PUN">, </c><w c5="AT0" hw="the" pos="ART">the </w><w c5="AJ0-NN1" hw="medium" pos="ADJ">Medium </w><w c5="NN1" hw="publishing" pos="SUBST">Publishing </w><w c5="NN1" hw="co" pos="SUBST">Co</w><c c5="PUN">.</c></s>
<s n="25"><w c5="NP0" hw="mr" pos="SUBST">Mr </w><w c5="NP0" hw="holroyd" pos="SUBST">Holroyd </w><w c5="VBD" hw="be" pos="VERB">was </w><w c5="VVN" hw="attach" pos="VERB">attached </w><w c5="PRP" hw="to" pos="PREP">to </w><w c5="UNC" hw="mi6" pos="UNC">MI6 </w><w c5="PRP" hw="in" pos="PREP">in </w><w c5="AT0" hw="the" pos="ART">the </w><w c5="NN1" hw="province" pos="SUBST">province </w><w c5="PRP" hw="between" pos="PREP">between </w><w c5="CRD" hw="1973" pos="ADJ">1973 </w><w c5="CJC" hw="and" pos="CONJ">and </w><w c5="CRD" hw="1975" pos="ADJ">1975</w><c c5="PUN">.</c></s>
<s n="26"><w c5="PNP" hw="you" pos="PRON">You </w><w c5="VM0" hw="might" pos="VERB">might </w><w c5="VVI" hw="imagine" pos="VERB">imagine </w><w c5="CJT" hw="that" pos="CONJ">that </w><w c5="AT0" hw="the" pos="ART">the </w><w c5="NN1" hw="government" pos="SUBST">Government </w><w c5="VDZ" hw="do" pos="VERB">does</w><w c5="XX0" hw="not" pos="ADV">n't </w><w c5="VVI" hw="want" pos="VERB">want </w><w c5="TO0" hw="to" pos="PREP">to </w><w c5="VVI" hw="disturb" pos="VERB">disturb </w><w c5="DT0" hw="this" pos="ADJ">this </w><w c5="AJ0" hw="particular" pos="ADJ">particular </w><w c5="NN1" hw="can" pos="SUBST">can </w><w c5="PRF" hw="of" pos="PREP">of </w><w c5="AJ0-NN1" hw="invertebrate" pos="ADJ">invertebrate</w><c c5="PUN">, </c><w c5="AJ0" hw="limbless" pos="ADJ">limbless </w><w c5="AJ0-NN1" hw="burrowing" pos="ADJ">burrowing </w><w c5="NN2" hw="creature" pos="SUBST">creatures</w><c c5="PUN">.</c></s></p><p>
<s n="27"><w c5="NP0" hw="whack" pos="SUBST">WHACK</w><c c5="PUN">.</c></s>
<s n="28"><w c5="NP0" hw="stan" pos="SUBST">Stan </w><w c5="NP0-NN1" hw="bate" pos="SUBST">Bate</w><c c5="PUN">, </c><w c5="DPS" hw="he" pos="PRON">his </w><w c5="NN1" hw="worship" pos="SUBST">worship </w><w c5="AT0" hw="the" pos="ART">the </w><w c5="NN1" hw="lord" pos="SUBST">Lord </w><w c5="NN1" hw="mayor" pos="SUBST">Mayor </w><w c5="PRF" hw="of" pos="PREP">of </w><w c5="NP0" hw="stoke-on-trent" pos="SUBST">Stoke-on-Trent</w><c c5="PUN">, </c><w c5="VVZ" hw="drive" pos="VERB">drives </w><w c5="AVP" hw="off" pos="ADV">off </w><w c5="PRP" hw="from" pos="PREP">from </w><w c5="AT0" hw="the" pos="ART">the </w><w c5="ORD" hw="first" pos="ADJ">first </w><w c5="NN1" hw="tee" pos="SUBST">tee </w><w c5="TO0" hw="to" pos="PREP">to </w><w c5="VVI" hw="open" pos="VERB">open </w><w c5="AV0" hw="officially" pos="ADV">officially </w><w c5="AT0" hw="the" pos="ART">the </w><w c5="NN1" hw="city" pos="SUBST">city</w><w c5="POS" hw="'s" pos="UNC">'s </w><w c5="AJ0" hw="new" pos="ADJ">new </w><w c5="AJ0" hw="municipal" pos="ADJ">municipal </w><w c5="NN1" hw="golf" pos="SUBST">golf </w><w c5="NN1" hw="course" pos="SUBST">course </w><w c5="PRP" hw="at" pos="PREP">at </w><w c5="NP0" hw="weston" pos="SUBST">Weston </w><w c5="NP0" hw="coyney" pos="SUBST">Coyney</w><c c5="PUN">.</c></s>
<s n="29"><w c5="AJ0" hw="splendid" pos="ADJ">Splendid</w><c c5="PUN">.</c></s>
<s n="30"><w c5="AV0" hw="then" pos="ADV">Then </w><w c5="PNP" hw="he" pos="PRON">he </w><w c5="VVZ" hw="depart" pos="VERB">departs</w><c c5="PUN">, </c><w c5="VVG" hw="leave" pos="VERB">leaving </w><w c5="AT0" hw="the" pos="ART">the </w><w c5="NN1" hw="course" pos="SUBST">course </w><w c5="PRP" hw="to" pos="PREP">to </w><w c5="AT0" hw="the" pos="ART">the </w><w c5="AJ0" hw="eager" pos="ADJ">eager </w><w c5="NN2" hw="golfer" pos="SUBST">golfers</w><c c5="PUN">.</c></s>
<s n="31"><w c5="VVB-NN1" hw="whack" pos="VERB">Whack</w><c c5="PUN">.</c></s>
<s n="32"><w c5="AT0" hw="the" pos="ART">The </w><w c5="ORD" hw="first" pos="ADJ">first </w><w c5="NN1" hw="hole" pos="SUBST">hole</w><c c5="PUN">.</c></s>
<s n="33"><w c5="VVB-NN1" hw="thwack" pos="VERB">Thwack</w><c c5="PUN">.</c></s>
<s n="34"><w c5="AT0" hw="the" pos="ART">The </w><w c5="ORD" hw="second" pos="ADJ">second</w><c c5="PUN">.</c></s>
<s n="35"><w c5="VVB-NN1" hw="kersmack" pos="VERB">Kersmack</w><c c5="PUN">.</c></s>
<s n="36"><w c5="AT0" hw="the" pos="ART">The </w><w c5="ORD" hw="third" pos="ADJ">third</w><c c5="PUN">…</c></s>
<s n="37"><w c5="VVB" hw="hang" pos="VERB">Hang </w><w c5="AVP" hw="about" pos="ADV">about</w><c c5="PUN">.</c></s>
<s n="38"><w c5="EX0" hw="there" pos="PRON">There </w><w c5="VBZ" hw="be" pos="VERB">is</w><w c5="XX0" hw="not" pos="ADV">n't </w><w c5="AT0" hw="an" pos="ART">an </w><w c5="AJ0" hw="actual" pos="ADJ">actual </w><w c5="NN1" hw="hole" pos="SUBST">hole</w><c c5="PUN">, </c><w c5="PRP" hw="as" pos="PREP">as </w><w c5="DT0" hw="such" pos="ADJ">such</w><c c5="PUN">, </c><w c5="PRP" hw="on" pos="PREP">on </w><w c5="AT0" hw="the" pos="ART">the </w><w c5="ORD" hw="third" pos="ADJ">third </w><w c5="NN1" hw="green" pos="SUBST">green</w><c c5="PUN">.</c></s>
<s n="39"><w c5="CJC" hw="nor" pos="CONJ">Nor </w><w c5="PRP" hw="on" pos="PREP">on </w><w c5="AT0" hw="the" pos="ART">the </w><w c5="ORD" hw="fourth" pos="ADJ">fourth</w><c c5="PUN">, </c><w c5="AT0" hw="the" pos="ART">the </w><w c5="ORD" hw="fifth" pos="ADJ">fifth</w><c c5="PUN">, </c><w c5="AT0" hw="the" pos="ART">the </w><w c5="ORD" hw="sixth" pos="ADJ">sixth </w><w c5="CJC" hw="or" pos="CONJ">or </w><w c5="AT0" hw="the" pos="ART">the </w><w c5="ORD" hw="seventh" pos="ADJ">seventh</w><c c5="PUN">.</c></s>
<s n="40"><w c5="DT0" hw="this" pos="ADJ">This </w><w c5="VBZ" hw="be" pos="VERB">is</w><c c5="PUN">, </c><w c5="PRP" hw="for" pos="PREP">for </w><w c5="AT0" hw="a" pos="ART">a </w><w c5="NN1" hw="golf" pos="SUBST">golf </w><w c5="NN1" hw="course" pos="SUBST">course</w><c c5="PUN">, </c><w c5="AT0" hw="a" pos="ART">a </w><w c5="NN1" hw="bit" pos="SUBST">bit </w><w c5="PRF" hw="of" pos="PREP">of </w><w c5="AT0" hw="a" pos="ART">a </w><w c5="NN1" hw="drawback" pos="SUBST">drawback</w><c c5="PUN">.</c></s>
<s n="41"><c c5="PUQ">‘</c><w c5="PNP" hw="they" pos="PRON">They </w><w c5="VBD" hw="be" pos="VERB">were</w><w c5="XX0" hw="not" pos="ADV">n't </w><w c5="VVN" hw="cut" pos="VERB">cut </w><w c5="CJS" hw="because" pos="CONJ">because </w><w c5="AT0" hw="the" pos="ART">the </w><w c5="NN1" hw="course" pos="SUBST">course </w><w c5="VBD" hw="be" pos="VERB">was </w><w c5="VVN" hw="open" pos="VERB">opened </w><w c5="AV0" hw="early" pos="ADV">earlier </w><w c5="CJS" hw="than" pos="CONJ">than </w><w c5="AJ0-VVN" hw="expected" pos="ADJ">expected</w><c c5="PUN">,</c><c c5="PUQ">’ </c><w c5="VVD" hw="say" pos="VERB">said </w><w c5="AT0" hw="a" pos="ART">a </w><w c5="NN1" hw="spokesman" pos="SUBST">spokesman</w><c c5="PUN">.</c></s>
<s n="42"><w c5="AV0" hw="well" pos="ADV">Well</w><c c5="PUN">.</c></s></p><p>
<s n="43"><w c5="AJ0" hw="municipal" pos="ADJ">MUNICIPAL </w><w c5="NN2" hw="oddity" pos="SUBST">Oddities </w><c c5="PUL">(</c><w c5="NN1" hw="part" pos="SUBST">Part </w><w c5="CRD" hw="ii" pos="ADJ">II</w><c c5="PUR">)</c><c c5="PUN">.</c></s>
<s n="44"><w c5="AJ0-NN1" hw="tory-controlled" pos="ADJ">Tory-controlled </w><w c5="NP0" hw="westminster" pos="SUBST">Westminster </w><w c5="NN1" hw="city" pos="SUBST">City </w><w c5="NN1" hw="council" pos="SUBST">Council </w><w c5="VVZ" hw="lay" pos="VERB">lays </w><w c5="AVP" hw="down" pos="ADV">down </w><w c5="AJ0" hw="strict" pos="ADJ">strict </w><w c5="NN2" hw="rule" pos="SUBST">rules </w><w c5="PRP" hw="for" pos="PREP">for </w><w c5="AJ0" hw="elected" pos="ADJ">elected </w><w c5="NN2" hw="person" pos="SUBST">persons</w><c c5="PUN">.</c></s>
<s n="45"><w c5="NN1" hw="page" pos="SUBST">Page </w><w c5="CRD" hw="30" pos="ADJ">30 </w><w c5="PRF" hw="of" pos="PREP">of </w><w c5="AT0" hw="the" pos="ART">the </w><w c5="NN2" hw="member" pos="SUBST">Members</w><w c5="POS" hw="'" pos="UNC">' </w><w c5="NN1" hw="manual" pos="SUBST">Manual </w><w c5="VVZ" hw="say" pos="VERB">says </w><w c5="CJT" hw="that" pos="CONJ">that </w><w c5="PNP" hw="it" pos="PRON">it </w><w c5="VBZ" hw="be" pos="VERB">is </w><w c5="XX0" hw="not" pos="ADV">not </w><c c5="PUQ">‘</c><w c5="AJ0" hw="appropriate" pos="ADJ">appropriate </w><w c5="PRP" hw="for" pos="PREP">for </w><w c5="NN1" hw="council" pos="SUBST">council </w><w c5="NN1" hw="stationery" pos="SUBST">stationery </w><w c5="CJC" hw="or" pos="CONJ">or </w><w c5="AJ0" hw="postal" pos="ADJ">postal </w><w c5="NN2" hw="facility" pos="SUBST">facilities </w><w c5="TO0" hw="to" pos="PREP">to </w><w c5="VBI" hw="be" pos="VERB">be </w><w c5="VVN" hw="use" pos="VERB">used </w><w c5="TO0" hw="to" pos="PREP">to </w><w c5="VVI" hw="indicate" pos="VERB">indicate </w><w c5="AT0" hw="the" pos="ART">the </w><w c5="NN1" hw="party" pos="SUBST">party </w><w c5="NN1" hw="allegiance" pos="SUBST">allegiance </w><w c5="PRF" hw="of" pos="PREP">of </w><w c5="DT0" hw="any" pos="ADJ">any </w><w c5="NN1" hw="member" pos="SUBST">member </w><w c5="CJC" hw="or" pos="CONJ">or </w><w c5="NN1" hw="group" pos="SUBST">group</w><c c5="PUQ">’</c><c c5="PUN">.</c></s>
<s n="46"><w c5="AV0" hw="so" pos="ADV">So</w><c c5="PUN">, </c><w c5="CJS" hw="when" pos="CONJ">when </w><w c5="NP0" hw="councillor" pos="SUBST">Councillor </w><w c5="NP0" hw="peter" pos="SUBST">Peter </w><w c5="NP0" hw="bradley" pos="SUBST">Bradley </w><w c5="VVD" hw="reply" pos="VERB">replied </w><w c5="PRP" hw="to" pos="PREP">to </w><w c5="AT0" hw="a" pos="ART">a </w><w c5="NN1" hw="letter" pos="SUBST">letter </w><w c5="PRP" hw="from" pos="PREP">from </w><w c5="AT0" hw="a" pos="ART">a </w><w c5="NN1" hw="resident" pos="SUBST">resident </w><w c5="PNP" hw="he" pos="PRON">he </w><w c5="VBD" hw="be" pos="VERB">was </w><w c5="AJ0" hw="careful" pos="ADJ">careful </w><w c5="TO0" hw="to" pos="PREP">to </w><w c5="VVI" hw="describe" pos="VERB">describe </w><w c5="PNX" hw="himself" pos="PRON">himself </w><w c5="AV0" hw="only" pos="ADV">only </w><w c5="PRP-CJS" hw="as" pos="PREP">as </w><w c5="AT0" hw="a" pos="ART">a </w><w c5="NN1" hw="member" pos="SUBST">member </w><w c5="PRF" hw="of" pos="PREP">of </w><c c5="PUQ">‘</c><w c5="AT0" hw="the" pos="ART">the </w><w c5="NN1" hw="minority" pos="SUBST">minority </w><w c5="NN1" hw="party" pos="SUBST">party</w><c c5="PUQ">’</c><c c5="PUN">.</c></s>
<s n="47"><w c5="PNP" hw="she" pos="PRON">She </w><w c5="VVD" hw="write" pos="VERB">wrote </w><w c5="AJ0-AV0" hw="straight" pos="ADJ">straight </w><w c5="NN1" hw="back" pos="SUBST">back</w><c c5="PUN">, </c><w c5="VVG" hw="ask" pos="VERB">asking </w><c c5="PUQ">‘</c><w c5="DTQ" hw="which" pos="PRON">Which </w><w c5="PNI" hw="one" pos="PRON">one</w><c c5="PUN">?</c><c c5="PUQ">’</c></s>
<s n="48"><w c5="DPS" hw="he" pos="PRON">His </w><w c5="NN1" hw="response" pos="SUBST">response</w><c c5="PUN">: </c><c c5="PUQ">‘</c><w c5="PNP" hw="you" pos="PRON">You </w><w c5="VM0" hw="may" pos="VERB">may </w><w c5="XX0" hw="not" pos="ADV">not </w><w c5="VVI" hw="believe" pos="VERB">believe </w><w c5="DT0" hw="this" pos="ADJ">this </w><w c5="CJC" hw="but" pos="CONJ">but </w><w c5="PNP" hw="i" pos="PRON">I</w><w c5="VBB" hw="be" pos="VERB">'m </w><w c5="XX0" hw="not" pos="ADV">not </w><w c5="VVN" hw="allow" pos="VERB">allowed </w><w c5="TO0" hw="to" pos="PREP">to </w><w c5="VVI" hw="tell" pos="VERB">tell </w><w c5="PNP" hw="you" pos="PRON">you </w><w c5="PRP" hw="on" pos="PREP">on </w><w c5="NN1" hw="council" pos="SUBST">council </w><w c5="NN1-VVB" hw="notepaper" pos="SUBST">notepaper</w><c c5="PUN">.</c><c c5="PUQ">’</c></s>
<s n="49"><w c5="PNP" hw="she" pos="PRON">She </w><w c5="VVD" hw="fire" pos="VERB">fired </w><w c5="AVP" hw="back" pos="ADV">back</w><c c5="PUN">: </c><c c5="PUQ">‘</c><w c5="VBZ" hw="be" pos="VERB">Is </w><w c5="DT0" hw="this" pos="ADJ">this </w><w c5="XX0" hw="not" pos="ADV">not </w><w c5="NN1" hw="bureaucracy" pos="SUBST">bureaucracy </w><w c5="VVN" hw="go" pos="VERB">gone </w><w c5="AV0" hw="raving" pos="ADV">raving </w><w c5="AJ0" hw="mad" pos="ADJ">mad</w><c c5="PUN">?</c><c c5="PUQ">’</c></s>
<s n="50"><w c5="AV0" hw="so" pos="ADV">So </w><w c5="NP0" hw="mr" pos="SUBST">Mr </w><w c5="NP0" hw="bradley" pos="SUBST">Bradley </w><w c5="VVD" hw="ask" pos="VERB">asked </w><w c5="AT0" hw="the" pos="ART">the </w><w c5="AJ0" hw="managing" pos="ADJ">managing </w><w c5="NN1" hw="director" pos="SUBST">director </w><c c5="PUL">(</c><w c5="AV0" hw="sic" pos="ADV">sic</w><c c5="PUR">) </c><w c5="PRF" hw="of" pos="PREP">of </w><w c5="NP0" hw="westminster" pos="SUBST">Westminster</w><c c5="PUN">, </c><w c5="NP0" hw="bill" pos="SUBST">Bill </w><w c5="NP0" hw="phillips" pos="SUBST">Phillips</w><c c5="PUN">: </c><c c5="PUQ">‘</c><w c5="DTQ" hw="what" pos="PRON">What </w><w c5="VBB" hw="be" pos="VERB">am </w><w c5="PNP" hw="i" pos="PRON">I </w><w c5="TO0" hw="to" pos="PREP">to </w><w c5="VDI" hw="do" pos="VERB">do</w><c c5="PUN">?</c><c c5="PUQ">’</c></s>
<s n="51"><w c5="PNP" hw="he" pos="PRON">He </w><w c5="VHZ" hw="have" pos="VERB">has </w><w c5="AV0" hw="now" pos="ADV">now </w><w c5="VVN" hw="receive" pos="VERB">received </w><w c5="DT0" hw="this" pos="ADJ">this </w><w c5="NN1" hw="answer" pos="SUBST">answer</w><c c5="PUN">: </c><w c5="CJS" hw="if" pos="CONJ">If </w><w c5="PNP" hw="you" pos="PRON">you </w><w c5="VVB" hw="wish" pos="VERB">wish </w><w c5="TO0" hw="to" pos="PREP">to </w><w c5="VVI" hw="disclose" pos="VERB">disclose </w><w c5="DPS" hw="you" pos="PRON">your </w><w c5="NN1" hw="party" pos="SUBST">party</w><c c5="PUN">, </c><w c5="PNP" hw="you" pos="PRON">you </w><w c5="VM0" hw="must" pos="VERB">must </w><w c5="VDI" hw="do" pos="VERB">do </w><w c5="AV0" hw="so" pos="ADV">so </w><w c5="PRP" hw="without" pos="PREP">without </w><w c5="VVG" hw="use" pos="VERB">using </w><w c5="NN1" hw="council" pos="SUBST">council </w><w c5="NN2" hw="facility" pos="SUBST">facilities</w><c c5="PUN">.</c></s>
<s n="52"><c c5="PUQ">‘</c><w c5="PNP" hw="i" pos="PRON">I </w><w c5="VM0" hw="would" pos="VERB">would </w><w c5="VVI" hw="ask" pos="VERB">ask </w><w c5="PNP" hw="you" pos="PRON">you </w><w c5="TO0" hw="to" pos="PREP">to </w><w c5="VVI" hw="note" pos="VERB">note </w><w c5="AV0" hw="further/far" pos="ADV">further </w><w c5="DT0" hw="that" pos="ADJ">that</w><c c5="PUN">, </c><w c5="PRP" hw="in" pos="PREP">in </w><w c5="DT0" hw="this" pos="ADJ">this </w><w c5="NN1" hw="connection" pos="SUBST">connection</w><c c5="PUN">, </c><w c5="VVG" hw="describe" pos="VERB">describing </w><w c5="PNX" hw="oneself" pos="PRON">oneself </w><w c5="PRP" hw="as" pos="PREP">as </w><w c5="AT0" hw="a" pos="ART">a </w><w c5="NN1" hw="member" pos="SUBST">member </w><w c5="PRF" hw="of" pos="PREP">of </w><c c5="PUQ">‘</c><w c5="AT0" hw="the" pos="ART">the </w><w c5="NN1" hw="minority" pos="SUBST">minority </w><w c5="NN1" hw="party" pos="SUBST">party</w><c c5="PUQ">’ </c><w c5="VBZ" hw="be" pos="VERB">is </w><w c5="PRP" hw="in" pos="PREP">in </w><w c5="PNX" hw="itself" pos="PRON">itself </w><w c5="AT0" hw="an" pos="ART">an </w><w c5="NN1" hw="indication" pos="SUBST">indication </w><w c5="PRF" hw="of" pos="PREP">of </w><w c5="PNI" hw="one" pos="PRON">one</w><w c5="POS" hw="'s" pos="UNC">'s </w><w c5="NN1" hw="party" pos="SUBST">party </w><w c5="NN1" hw="allegiance" pos="SUBST">allegiance</w><c c5="PUN">, </c><mw c5="CJS"><w c5="VVN" hw="give" pos="VERB">given </w><w c5="DT0" hw="that" pos="ADJ">that </w></mw><w c5="AT0" hw="the" pos="ART">the </w><w c5="AJ0" hw="political" pos="ADJ">political </w><w c5="NN1" hw="make-up" pos="SUBST">make-up </w><w c5="PRF" hw="of" pos="PREP">of </w><w c5="AT0" hw="the" pos="ART">the </w><w c5="NN1" hw="council" pos="SUBST">council </w><w c5="VBZ" hw="be" pos="VERB">is </w><w c5="AV0" hw="widely" pos="ADV">widely </w><w c5="VVN" hw="know" pos="VERB">known</w><c c5="PUN">.</c><c c5="PUQ">’</c></s>
<s n="53"><w c5="AV0" hw="so" pos="ADV">So </w><w c5="PNP" hw="you" pos="PRON">you </w><w c5="VM0" hw="can" pos="VERB">ca</w><w c5="XX0" hw="not" pos="ADV">n't </w><w c5="AV0" hw="even" pos="ADV">even </w><w c5="VVI" hw="say" pos="VERB">say </w><w c5="DT0" hw="that" pos="ADJ">that</w><c c5="PUN">.</c></s>
<s n="54"><w c5="VVB" hw="thank" pos="VERB">Thank </w><w c5="PNP" hw="you" pos="PRON">you </w><w c5="AV0" hw="very" pos="ADV">very </w><w c5="AV0" hw="much" pos="ADV">much</w><c c5="PUN">.</c></s>
<s n="55"><w c5="NN1-NP0" hw="ps" pos="SUBST">PS</w><c c5="PUN">: </c><w c5="NP0" hw="mr" pos="SUBST">Mr </w><w c5="NP0" hw="bradley" pos="SUBST">Bradley </w><w c5="VBZ" hw="be" pos="VERB">is </w><w c5="AT0" hw="a" pos="ART">a </w><w c5="UNC" hw="l****r" pos="UNC">L****r </w><w c5="NN1" hw="member" pos="SUBST">member</w><c c5="PUN">.</c></s></p><p>
<s n="56"><mw c5="PRP"><w c5="NN2" hw="thanks" pos="SUBST">THANKS </w><w c5="PRP" hw="to" pos="PREP">to </w></mw><w c5="AV0" hw="yesterday" pos="ADV">yesterday</w><w c5="POS" hw="'s" pos="UNC">'s </w><w c5="NP0" hw="wall" pos="SUBST">Wall </w><w c5="NP0" hw="street" pos="SUBST">Street </w><w c5="NN1" hw="journal" pos="SUBST">Journal </w><w c5="PRP" hw="for" pos="PREP">for </w><w c5="DT0" hw="this" pos="ADJ">this </w><w c5="NN1" hw="comment" pos="SUBST">comment</w><c c5="PUN">, </c><w c5="VVG" hw="put" pos="VERB">putting </w><w c5="NN2" hw="event" pos="SUBST">events </w><w c5="PRP" hw="in" pos="PREP">in </w><w c5="NP0" hw="berlin" pos="SUBST">Berlin </w><w c5="PRP" hw="into" pos="PREP">into </w><w c5="AJ0" hw="true" pos="ADJ">true </w><w c5="NN1" hw="perspective" pos="SUBST">perspective</w><c c5="PUN">.</c></s>
<s n="57"><w c5="NP0" hw="us" pos="SUBST">US </w><w c5="NN2" hw="investor" pos="SUBST">investors</w><c c5="PUN">, </c><w c5="PNP" hw="it" pos="PRON">it </w><w c5="VVZ" hw="say" pos="VERB">says</w><c c5="PUN">, </c><w c5="VDB" hw="do" pos="VERB">do</w><w c5="XX0" hw="not" pos="ADV">n't </w><w c5="AV0" hw="quite" pos="ADV">quite </w><w c5="VVI" hw="know" pos="VERB">know </w><w c5="DTQ" hw="what" pos="PRON">what </w><w c5="TO0" hw="to" pos="PREP">to </w><w c5="VVI" hw="make" pos="VERB">make </w><w c5="PRF" hw="of" pos="PREP">of </w><w c5="AT0" hw="the" pos="ART">the </w><w c5="NN1" hw="outbreak" pos="SUBST">outbreak </w><w c5="PRF" hw="of" pos="PREP">of </w><w c5="NN1" hw="peace" pos="SUBST">peace</w><c c5="PUN">.</c></s>
<s n="58"><c c5="PUQ">‘</c><w c5="PNP" hw="we" pos="PRON">We </w><w c5="VBD" hw="be" pos="VERB">were </w><w c5="DT0" hw="all" pos="ADJ">all </w><w c5="AJ0" hw="joyous" pos="ADJ">joyous </w><w c5="PRP" hw="at" pos="PREP">at </w><w c5="AT0" hw="the" pos="ART">the </w><w c5="NN2" hw="scene" pos="SUBST">scenes </w><w c5="PRF" hw="of" pos="PREP">of </w><w c5="NN0" hw="people" pos="SUBST">people </w><w c5="VVG" hw="climb" pos="VERB">climbing </w><w c5="PRP" hw="on" pos="PREP">on </w><w c5="AT0" hw="the" pos="ART">the </w><w c5="NN1" hw="wall" pos="SUBST">Wall </w><w c5="CJC" hw="but" pos="CONJ">but </w><w c5="AT0" hw="the" pos="ART">the </w><w c5="NN1" hw="problem" pos="SUBST">problem </w><w c5="VBZ" hw="be" pos="VERB">is</w><c c5="PUN">, </c><w c5="AVQ" hw="how" pos="ADV">how </w><w c5="VDB" hw="do" pos="VERB">do </w><w c5="PNP" hw="you" pos="PRON">you </w><w c5="VVI" hw="make" pos="VERB">make </w><w c5="NN1" hw="money" pos="SUBST">money </w><w c5="PRP" hw="on" pos="PREP">on </w><w c5="DT0" hw="this" pos="ADJ">this</w><c c5="PUN">?</c><c c5="PUQ">’ </c><w c5="VVD" hw="say" pos="VERB">said </w><w c5="NP0" hw="charles" pos="SUBST">Charles </w><w c5="NP0" hw="clough" pos="SUBST">Clough</w><c c5="PUN">, </c><w c5="AJ0" hw="chief" pos="ADJ">chief </w><w c5="NN1" hw="investment" pos="SUBST">investment </w><w c5="NN1" hw="strategist" pos="SUBST">strategist </w><w c5="PRP" hw="at" pos="PREP">at </w><w c5="NP0" hw="merrill" pos="SUBST">Merrill </w><w c5="NP0" hw="lynch" pos="SUBST">Lynch</w><c c5="PUN">.</c></s></p><p>
<s n="59"><w c5="AT0" hw="the" pos="ART">THE </w><w c5="NN2" hw="length" pos="SUBST">LENGTHS </w><w c5="PNP" hw="they" pos="PRON">they</w><w c5="VBB" hw="be" pos="VERB">'re </w><w c5="AJ0" hw="prepared" pos="ADJ">prepared </w><w c5="TO0" hw="to" pos="PREP">to </w><w c5="VVI" hw="go" pos="VERB">go </w><w c5="PRP" hw="to" pos="PREP">to</w><c c5="PUN">, </c><w c5="AV0" hw="just" pos="ADV">just </w><w c5="TO0" hw="to" pos="PREP">to </w><w c5="VVI" hw="persuade" pos="VERB">persuade </w><w c5="NN2" hw="conservative" pos="SUBST">Conservatives </w><w c5="CJT" hw="that" pos="CONJ">that </w><w c5="EX0" hw="there" pos="PRON">there </w><w c5="VBZ" hw="be" pos="VERB">is </w><w c5="AT0" hw="a" pos="ART">a </w><w c5="NP0" hw="europe" pos="SUBST">Europe </w><w c5="AVP" hw="out" pos="ADV">out </w><w c5="AV0" hw="there" pos="ADV">there</w><c c5="PUN">, </c><w c5="VVD-VVN" hw="anchore" pos="VERB">anchored </w><w c5="AV0" hw="somewhere" pos="ADV">somewhere </w><w c5="PRP" hw="off" pos="PREP">off </w><w c5="AT0" hw="the" pos="ART">the </w><w c5="NN1" hw="coast" pos="SUBST">coast </w><w c5="PRF" hw="of" pos="PREP">of </w><w c5="NP0" hw="england" pos="SUBST">England</w><c c5="PUN">.</c></s>
<s n="60"><w c5="NP0" hw="sealink" pos="SUBST">Sealink </w><w c5="AJ0" hw="british" pos="ADJ">British </w><w c5="NN2" hw="ferry" pos="SUBST">Ferries </w><w c5="VBB" hw="be" pos="VERB">are </w><w c5="VVG" hw="run" pos="VERB">running </w><w c5="AT0" hw="a" pos="ART">a </w><w c5="AJ0" hw="special" pos="ADJ">special </w><w c5="NN1" hw="offer" pos="SUBST">offer</w><c c5="PUN">: </c><w c5="AT0" hw="a" pos="ART">a </w><w c5="NN1" hw="day" pos="SUBST">day </w><w c5="NN1" hw="trip" pos="SUBST">trip </w><w c5="PRP" hw="to" pos="PREP">to </w><w c5="NP0" hw="france" pos="SUBST">France </w><w c5="PRP" hw="for" pos="PREP">for </w><w c5="AV0" hw="only" pos="ADV">only </w><w c5="NN0" hw="£7" pos="UNC">£7 </w><c c5="PUL">(</c><w c5="CJS" hw="if" pos="CONJ">if </w><w c5="PNP" hw="you" pos="PRON">you </w><w c5="VVB" hw="travel" pos="VERB">travel </w><w c5="PRP" hw="as" pos="PREP">as </w><w c5="AT0" hw="a" pos="ART">a </w><w c5="NN1" hw="foot" pos="SUBST">foot </w><w c5="NN1" hw="passenger" pos="SUBST">passenger</w><c c5="PUR">)</c><c c5="PUN">.</c></s>
<s n="61"><w c5="AT0" hw="the" pos="ART">The </w><w c5="NN1" hw="condition" pos="SUBST">condition</w><c c5="PUN">: </c><w c5="PNP" hw="you" pos="PRON">you </w><w c5="VHB" hw="have" pos="VERB">have </w><w c5="TO0" hw="to" pos="PREP">to </w><w c5="VBI" hw="be" pos="VERB">be </w><w c5="AT0" hw="a" pos="ART">a </w><w c5="AJ0" hw="tory" pos="ADJ">Tory </w><w c5="NN1" hw="party" pos="SUBST">party </w><w c5="NN1" hw="supporter" pos="SUBST">supporter</w><c c5="PUN">.</c></s></p><p>
<s n="62"><w c5="NP0" hw="us" pos="SUBST">US </w><w c5="NN2" hw="traveller" pos="SUBST">TRAVELLERS </w><w c5="VHB" hw="have" pos="VERB">have </w><w c5="VVN" hw="see" pos="VERB">seen </w><w c5="NN1" hw="democracy" pos="SUBST">democracy </w><w c5="VVG" hw="reach" pos="VERB">reaching </w><w c5="AJ0" hw="new" pos="ADJ">new </w><w c5="NN2" hw="height" pos="SUBST">heights</w><c c5="PUN">.</c></s>
<s n="63"><w c5="CJS-AVQ" hw="when" pos="CONJ">When </w><w c5="AJ0" hw="bad" pos="ADJ">bad </w><w c5="NN1" hw="weather" pos="SUBST">weather </w><w c5="VVD" hw="threaten" pos="VERB">threatened </w><w c5="AT0" hw="an" pos="ART">an </w><w c5="AJ0" hw="american" pos="ADJ">American </w><w c5="NN2" hw="airline" pos="SUBST">Airlines </w><w c5="NN1" hw="flight" pos="SUBST">flight </w><w c5="PRP" hw="from" pos="PREP">from </w><w c5="NP0" hw="chicago" pos="SUBST">Chicago </w><w c5="PRP" hw="to" pos="PREP">to </w><w c5="NP0" hw="new" pos="SUBST">New </w><w c5="NP0" hw="york" pos="SUBST">York </w><w c5="AT0" hw="the" pos="ART">the </w><w c5="NN1" hw="pilot" pos="SUBST">pilot</w><c c5="PUN">, </c><w c5="PNP" hw="it" pos="PRON">it </w><w c5="VVZ" hw="emerge" pos="VERB">emerges</w><c c5="PUN">, </c><w c5="VVD" hw="offer" pos="VERB">offered </w><w c5="DPS" hw="he" pos="PRON">his </w><w c5="NN2" hw="passenger" pos="SUBST">passengers </w><w c5="AT0" hw="the" pos="ART">the </w><w c5="NN1" hw="choice" pos="SUBST">choice</w><c c5="PUN">: </c><w c5="VM0" hw="shall" pos="VERB">shall </w><w c5="PNP" hw="we" pos="PRON">we </w><w c5="VVI" hw="turn" pos="VERB">turn </w><w c5="AVP" hw="back" pos="ADV">back </w><w c5="CJC" hw="or" pos="CONJ">or </w><w c5="VVI" hw="go" pos="VERB">go </w><w c5="AVP-PRP" hw="on" pos="ADV">on</w><c c5="PUN">?</c></s>
<s n="64"><w c5="VM0" hw="let's" pos="VERB">Let's </w><w c5="VHI" hw="have" pos="VERB">have </w><w c5="AT0" hw="a" pos="ART">a </w><w c5="NN1" hw="show" pos="SUBST">show </w><w c5="PRF" hw="of" pos="PREP">of </w><w c5="NN2" hw="hand" pos="SUBST">hands</w><c c5="PUN">.</c></s>
<s n="65"><w c5="NN2" hw="stewardess" pos="SUBST">Stewardesses </w><w c5="VVD" hw="conduct" pos="VERB">conducted </w><w c5="AT0" hw="the" pos="ART">the </w><w c5="NN1" hw="count" pos="SUBST">count</w><c c5="PUN">.</c></s>
<s n="66"><w c5="AT0" hw="the" pos="ART">The </w><w c5="NN1" hw="result" pos="SUBST">result</w><c c5="PUN">: </c><w c5="AT0" hw="a" pos="ART">a </w><w c5="AJ0" hw="heavy" pos="ADJ">heavy </w><w c5="NN1" hw="majority" pos="SUBST">majority </w><w c5="PRP" hw="for" pos="PREP">for </w><w c5="VVG" hw="press" pos="VERB">pressing </w><w c5="AV0" hw="ahead" pos="ADV">ahead</w><c c5="PUN">.</c></s>
<s n="67"><w c5="AV0" hw="only" pos="ADV">Only </w><w c5="CRD" hw="four" pos="ADJ">four </w><w c5="NN2" hw="dissenter" pos="SUBST">dissenters </w><w c5="VVD" hw="support" pos="VERB">supported </w><w c5="AT0" hw="the" pos="ART">the </w><w c5="NN1" hw="survival" pos="SUBST">Survival </w><w c5="NN1" hw="party" pos="SUBST">Party</w><c c5="PUN">.</c></s>
<s n="68"><w c5="PRP" hw="in" pos="PREP">In </w><w c5="AT0" hw="the" pos="ART">the </w><w c5="NN1" hw="event" pos="SUBST">event</w><c c5="PUN">, </c><w c5="AT0" hw="the" pos="ART">the </w><w c5="NN1" hw="plane" pos="SUBST">plane </w><w c5="VBD" hw="be" pos="VERB">was </w><w c5="VVN" hw="force" pos="VERB">forced </w><w c5="TO0" hw="to" pos="PREP">to </w><w c5="VVI" hw="land" pos="VERB">land </w><w c5="AV0" hw="midway" pos="ADV">midway </w><w c5="PRP" hw="between" pos="PREP">between </w><w c5="AT0" hw="the" pos="ART">the </w><w c5="CRD" hw="two" pos="ADJ">two </w><w c5="NN2" hw="city" pos="SUBST">cities </w><w c5="AV0" hw="anyway" pos="ADV">anyway</w><c c5="PUN">.</c></s>
<s n="69"><w c5="ITJ" hw="oh" pos="INTERJ">Oh</w><c c5="PUN">, </c><w c5="ITJ" hw="dear" pos="INTERJ">dear</w><c c5="PUN">.</c></s>
<s n="70"><w c5="AT0" hw="an" pos="ART">An </w><w c5="NN1" hw="inquiry" pos="SUBST">inquiry </w><w c5="VVZ" hw="follow" pos="VERB">follows</w><c c5="PUN">.</c></s></p><p>
<s n="71"><w c5="NP0" hw="asmall" pos="SUBST">ASMALL </w><w c5="NN1" hw="exchange" pos="SUBST">exchange </w><w c5="VVN-VVD" hw="overhear" pos="VERB">overheard </w><w c5="PRP" hw="in" pos="PREP">in </w><w c5="AT0" hw="the" pos="ART">the </w><w c5="AJ0" hw="bang-up-to-the-minute" pos="ADJ">bang-up-to-the-minute </w><w c5="NN1" hw="house" pos="SUBST">House </w><w c5="PRF" hw="of" pos="PREP">of </w><w c5="NP0" hw="commons" pos="SUBST">Commons</w><c c5="PUN">.</c></s>
<s n="72"><w c5="NP0" hw="sir" pos="SUBST">Sir </w><w c5="NP0" hw="peter" pos="SUBST">Peter </w><w c5="NP0" hw="blaker" pos="SUBST">Blaker </w><c c5="PUL">(</c><w c5="NN1-VVB" hw="con" pos="SUBST">Con</w><c c5="PUN">.</c></s>
<s n="73"><w c5="NP0" hw="blackpool" pos="SUBST">Blackpool </w><w c5="NN1" hw="south" pos="SUBST">South</w><c c5="PUR">)</c><c c5="PUN">: </c><c c5="PUQ">‘</c><w c5="VVB" hw="bless" pos="VERB">Bless </w><w c5="DPS" hw="i" pos="PRON">my </w><w c5="NN1" hw="soul" pos="SUBST">soul</w><c c5="PUN">, </c><w c5="NP0" hw="alan" pos="SUBST">Alan</w><c c5="PUN">.</c></s>
<s n="74"><w c5="DTQ" hw="what" pos="PRON">What </w><w c5="VBB" hw="be" pos="VERB">are </w><w c5="PNP" hw="you" pos="PRON">you </w><w c5="VDG" hw="do" pos="VERB">doing </w><w c5="AV0" hw="here" pos="ADV">here</w><c c5="PUN">?</c><c c5="PUQ">’</c></s>
<s n="75"><w c5="AT0" hw="a" pos="ART">A </w><w c5="NN1" hw="pause" pos="SUBST">pause</w><c c5="PUN">.</c></s>
<s n="76"><w c5="NP0" hw="sir" pos="SUBST">Sir </w><w c5="NP0" hw="alan" pos="SUBST">Alan </w><w c5="NP0" hw="urwick" pos="SUBST">Urwick</w><c c5="PUN">: </c><c c5="PUQ">‘</c><w c5="AV0" hw="actually" pos="ADV">Actually</w><c c5="PUN">, </c><w c5="PNP" hw="i" pos="PRON">I</w><w c5="VBB" hw="be" pos="VERB">'m </w><w c5="AT0" hw="the" pos="ART">the </w><w c5="AJ0" hw="new" pos="ADJ">new </w><w c5="NN1" hw="sergeant" pos="SUBST">Sergeant </w><w c5="PRP" hw="at" pos="PREP">at </w><w c5="NN2" hw="arm" pos="SUBST">Arms</w><c c5="PUN">.</c><c c5="PUQ">’</c></s></p><p>
<s n="77"><w c5="AJ0" hw="good" pos="ADJ">GOOD </w><w c5="NN1" hw="grief" pos="SUBST">grief</w><c c5="PUN">.</c></s>
<s n="78"><w c5="VVB" hw="prepare" pos="VERB">Prepare </w><w c5="PNX" hw="yourselves" pos="PRON">yourselves </w><w c5="PRP" hw="for" pos="PREP">for </w><w c5="NP0" hw="muhammad" pos="SUBST">Muhammad </w><w c5="NP0" hw="ali" pos="SUBST">Ali</w><c c5="PUN">, </c><w c5="AT0" hw="the" pos="ART">the </w><w c5="NN1" hw="fragance" pos="SUBST">fragance</w><c c5="PUN">.</c></s>
<s n="79"><w c5="AT0" hw="the" pos="ART">The </w><w c5="AV0" hw="once" pos="ADV">once </w><w c5="AJ0" hw="elegant" pos="ADJ">elegant </w><w c5="NN1" hw="bruiser" pos="SUBST">bruiser </w><w c5="VBZ" hw="be" pos="VERB">is </w><w c5="VVG" hw="launch" pos="VERB">launching </w><w c5="AT0" hw="a" pos="ART">a </w><w c5="NN1" hw="brand" pos="SUBST">brand </w><w c5="PRF" hw="of" pos="PREP">of </w><w c5="NP0" hw="eau-de-cologne" pos="SUBST">eau-de-Cologne</w><c c5="PUN">, </c><w c5="VVG" hw="bear" pos="VERB">bearing </w><w c5="DPS" hw="he" pos="PRON">his </w><w c5="NN1" hw="name" pos="SUBST">name</w><c c5="PUN">.</c></s>
<s n="80"><w c5="NN2-VVZ" hw="float" pos="SUBST">Floats </w><w c5="PRP" hw="like" pos="PREP">like </w><w c5="AT0" hw="a" pos="ART">a </w><w c5="NN1" hw="butterfly" pos="SUBST">butterfly</w><c c5="PUN">, </c><w c5="VVZ" hw="stink" pos="VERB">stinks </w><w c5="PRP" hw="like" pos="PREP">like </w><w c5="AT0" hw="a" pos="ART">a</w><c c5="PUN">…</c></s></p></div></wtext></bncDoc>
