<bncDoc xml:id="A97"><teiHeader><fileDesc><titleStmt><title>  The Guardian, electronic edition of 1989-12-08: Leisure pages. Sample containing about 832 words from a periodical (domain: leisure) </title><respStmt><resp> Data capture and transcription </resp><name> Oxford University Press </name> </respStmt></titleStmt><editionStmt><edition>BNC XML Edition, December 2006</edition></editionStmt><extent> 832 tokens; 840 w-units; 41 s-units </extent><publicationStmt><distributor>Distributed under licence by Oxford University Computing Services on behalf of the BNC Consortium.</distributor><availability> This material is protected by international copyright laws and may not be copied or redistributed in any way. Consult the BNC Web Site at http://www.natcorp.ox.ac.uk for full licencing and distribution conditions.</availability><idno type="bnc">A97</idno><idno type="old"> GeLeis </idno></publicationStmt><sourceDesc><bibl><title>The Guardian, electronic edition of 1989-12-08: Leisure pages.</title> <imprint n="GUARDI1"><publisher>Guardian Newspapers Ltd</publisher> <pubPlace>London</pubPlace> <date value="1989">1989</date> </imprint> </bibl></sourceDesc></fileDesc><encodingDesc><tagsDecl><namespace name=""><tagUsage gi="c" occurs="108"/><tagUsage gi="div" occurs="2"/><tagUsage gi="head" occurs="2"/><tagUsage gi="mw" occurs="6"/><tagUsage gi="p" occurs="14"/><tagUsage gi="s" occurs="41"/><tagUsage gi="w" occurs="840"/></namespace></tagsDecl></encodingDesc><profileDesc><creation date="1989"> </creation><textClass><catRef targets="alltim3 news  wriase0  wridom9   wrista3 "/><classCode scheme="DLEE">W newsp brdsht nat: misc</classCode><keywords><term> (none) </term></keywords></textClass></profileDesc><revisionDesc><change date="2006-10-21" who="#OUCS">Tag usage updated for BNC-XML</change><change date="2000-12-13" who="#OUCS">Last check for BNC World first release</change><change date="2000-09-06" who="#OUCS">Redo tagusage tables</change><change date="2000-09-01" who="#OUCS">Check all tagcounts</change><change date="2000-06-23" who="#OUCS">Resequenced s-units and added headers</change><change date="2000-01-21" who="#OUCS">Added date info</change><change date="2000-01-09" who="#OUCS">Updated all catrefs</change><change date="2000-01-08" who="#OUCS">Updated source title</change><change date="2000-01-08" who="#OUCS">Updated titles</change><change date="1999-12-25" who="#OUCS">corrected tagUsage</change><change date="1999-09-13" who="#UCREL">POS codes revised for BNC-2; header updated</change><change date="1994-11-24" who="#dominic">Initial accession to corpus</change></revisionDesc></teiHeader>
<wtext type="NEWS"><div level="1" n="08-DEC-89 edition, page 22"><head>
<s n="1"><w c5="AT0" hw="a" pos="ART">A </w><w c5="NN1" hw="country" pos="SUBST">Country </w><w c5="NN1" hw="diary" pos="SUBST">Diary</w><c c5="PUN">.</c></s></head><p>
<s n="2"><w c5="NP0" hw="northumberland" pos="SUBST">NORTHUMBERLAND</w><c c5="PUN">: </c><w c5="NN0" hw="roe" pos="SUBST">Roe </w><w c5="NN0" hw="deer" pos="SUBST">deer </w><w c5="VBB" hw="be" pos="VERB">are </w><w c5="PRP" hw="among" pos="PREP">among </w><w c5="AT0" hw="the" pos="ART">the </w><w c5="AV0" hw="most" pos="ADV">most </w><w c5="AJ0" hw="difficult" pos="ADJ">difficult </w><w c5="AJ0" hw="wild" pos="ADJ">wild </w><w c5="NN2" hw="creature" pos="SUBST">creatures </w><w c5="PRP" hw="for" pos="PREP">for </w><w c5="NN2" hw="human" pos="SUBST">humans </w><w c5="TO0" hw="to" pos="PREP">to </w><w c5="VVI" hw="succour" pos="VERB">succour </w><w c5="CJC" hw="and" pos="CONJ">and </w><w c5="VVI" hw="rehabilitate" pos="VERB">rehabilitate</w><c c5="PUN">.</c></s>
<s n="3"><w c5="AJ0-VVN" hw="abandoned" pos="ADJ">Abandoned </w><w c5="NN2" hw="fawn" pos="SUBST">fawns </w><w c5="VHB" hw="have" pos="VERB">have </w><w c5="VBN" hw="be" pos="VERB">been </w><w c5="VVN" hw="rear" pos="VERB">reared </w><w c5="PRP" hw="on" pos="PREP">on </w><w c5="AT0" hw="a" pos="ART">a </w><w c5="NN1" hw="bottle" pos="SUBST">bottle</w><c c5="PUN">, </c><w c5="AV0" hw="only" pos="ADV">only </w><w c5="TO0" hw="to" pos="PREP">to </w><w c5="VVI" hw="die" pos="VERB">die </w><w c5="PRP" hw="within" pos="PREP">within </w><w c5="AT0" hw="a" pos="ART">a </w><w c5="DT0" hw="few" pos="ADJ">few </w><w c5="NN2" hw="month" pos="SUBST">months</w><c c5="PUN">.</c></s>
<s n="4"><w c5="AV0" hw="so" pos="ADV">So </w><w c5="PNP" hw="it" pos="PRON">it </w><w c5="VBD" hw="be" pos="VERB">was </w><w c5="AJ0" hw="interesting" pos="ADJ">interesting </w><w c5="TO0" hw="to" pos="PREP">to </w><w c5="VVI" hw="hear" pos="VERB">hear </w><w c5="DT0" hw="this" pos="ADJ">this </w><w c5="NN1" hw="week" pos="SUBST">week </w><w c5="PRP" hw="from" pos="PREP">from </w><w c5="NP0" hw="mrs" pos="SUBST">Mrs </w><w c5="NP0" hw="bolton" pos="SUBST">Bolton </w><w c5="PRF" hw="of" pos="PREP">of </w><w c5="NN1" hw="wildlife" pos="SUBST">Wildlife </w><w c5="PRP" hw="in" pos="PREP">In </w><w c5="NN1" hw="need" pos="SUBST">Need </w><w c5="PRP" hw="in" pos="PREP">in </w><w c5="AT0" hw="the" pos="ART">the </w><w c5="NN1" hw="north" pos="SUBST">north </w><w c5="PRF" hw="of" pos="PREP">of </w><w c5="DPS" hw="we" pos="PRON">our </w><w c5="NN1" hw="country" pos="SUBST">country </w><w c5="CJT" hw="that" pos="CONJ">that </w><w c5="PNP" hw="she" pos="PRON">she </w><w c5="VHZ" hw="have" pos="VERB">has </w><w c5="AV0" hw="recently" pos="ADV">recently </w><w c5="VVN" hw="save" pos="VERB">saved </w><w c5="AT0" hw="the" pos="ART">the </w><w c5="NN1" hw="life" pos="SUBST">life </w><w c5="PRF" hw="of" pos="PREP">of </w><w c5="AT0" hw="a" pos="ART">a </w><w c5="AJ0" hw="six-month" pos="ADJ">six-month </w><w c5="AJ0" hw="old" pos="ADJ">old </w><w c5="NN0" hw="roe" pos="SUBST">roe </w><w c5="NN1" hw="doe" pos="SUBST">doe </w><w c5="NN1" hw="fawn" pos="SUBST">fawn</w><c c5="PUN">.</c></s>
<s n="5"><w c5="AT0" hw="the" pos="ART">The </w><w c5="AJ0" hw="little" pos="ADJ">little </w><w c5="NN0" hw="deer" pos="SUBST">deer </w><w c5="VBD" hw="be" pos="VERB">was </w><w c5="VVN" hw="see" pos="VERB">seen </w><w c5="VVG-AJ0" hw="stagger" pos="VERB">staggering </w><w c5="PRP-AVP" hw="in" pos="PREP">in </w><w c5="AT0" hw="a" pos="ART">a </w><w c5="AJ0" hw="distressed" pos="ADJ">distressed </w><w c5="CJC" hw="and" pos="CONJ">and </w><w c5="AJ0" hw="bloated" pos="ADJ">bloated </w><w c5="NN1" hw="condition" pos="SUBST">condition</w><c c5="PUN">, </c><w c5="VVN-VVD" hw="capture" pos="VERB">captured </w><w c5="PRP" hw="with" pos="PREP">with </w><w c5="NN1" hw="difficulty" pos="SUBST">difficulty </w><w c5="CJC" hw="and" pos="CONJ">and </w><w c5="VVN" hw="take" pos="VERB">taken </w><w c5="PRP" hw="to" pos="PREP">to </w><w c5="AT0" hw="a" pos="ART">a </w><w c5="NN1" hw="vet" pos="SUBST">vet </w><w c5="PNQ" hw="who" pos="PRON">who </w><w c5="VVD" hw="pump" pos="VERB">pumped </w><w c5="AJ0" hw="fermented" pos="ADJ">fermented </w><w c5="NN1" hw="corn" pos="SUBST">corn </w><w c5="PRP" hw="from" pos="PREP">from </w><w c5="AT0" hw="the" pos="ART">the </w><w c5="NN1" hw="stomach" pos="SUBST">stomach </w><c c5="PUN">— </c><w c5="AV0" hw="presumably" pos="ADV">presumably </w><w c5="AT0" hw="the" pos="ART">the </w><w c5="NN1" hw="fawn" pos="SUBST">fawn </w><w c5="VHD" hw="have" pos="VERB">had </w><w c5="VVN" hw="gorge" pos="VERB">gorged </w><w c5="PNX" hw="herself" pos="PRON">herself </w><w c5="PRP" hw="on" pos="PREP">on </w><w c5="NN1" hw="pheasant" pos="SUBST">pheasant </w><w c5="NN1-VVB" hw="feed" pos="SUBST">feed</w><c c5="PUN">.</c></s>
<s n="6"><w c5="NP0" hw="mrs" pos="SUBST">Mrs </w><w c5="NP0" hw="bolton" pos="SUBST">Bolton </w><w c5="VVD" hw="keep" pos="VERB">kept </w><w c5="PNP" hw="she" pos="PRON">her </w><w c5="PRP-AVP" hw="in" pos="PREP">in </w><w c5="AT0" hw="a" pos="ART">a </w><w c5="NN1" hw="pen" pos="SUBST">pen </w><w c5="AVQ" hw="where" pos="ADV">where</w><c c5="PUN">, </c><w c5="PRP" hw="despite" pos="PREP">despite </w><w c5="VVG" hw="remain" pos="VERB">remaining </w><w c5="PRP-AVP" hw="in" pos="PREP">in </w><w c5="AT0" hw="a" pos="ART">a </w><w c5="AV0" hw="very" pos="ADV">very </w><w c5="AJ0" hw="frightened" pos="ADJ">frightened </w><w c5="NN1" hw="state" pos="SUBST">state</w><c c5="PUN">, </c><w c5="AT0" hw="the" pos="ART">the </w><w c5="AJ0" hw="little" pos="ADJ">little </w><w c5="NN1" hw="beast" pos="SUBST">beast </w><w c5="VVN-VVD" hw="recover" pos="VERB">recovered </w><w c5="CJC" hw="and" pos="CONJ">and </w><w c5="VVD" hw="start" pos="VERB">started </w><w c5="VVG" hw="eat" pos="VERB">eating </w><w c5="AJ0" hw="small" pos="ADJ">small </w><w c5="NN2" hw="amount" pos="SUBST">amounts </w><w c5="PRF" hw="of" pos="PREP">of </w><w c5="NN1" hw="hay" pos="SUBST">hay</w><c c5="PUN">.</c></s>
<s n="7"><w c5="PRP-CJS" hw="after" pos="PREP">After </w><w c5="CRD" hw="three" pos="ADJ">three </w><w c5="NN2" hw="day" pos="SUBST">days</w><c c5="PUN">, </c><w c5="AVQ" hw="when" pos="ADV">when </w><w c5="NN1" hw="scouring" pos="SUBST">scouring </w><w c5="VHD" hw="have" pos="VERB">had </w><w c5="VVN" hw="stop" pos="VERB">stopped</w><c c5="PUN">, </c><w c5="PNP" hw="she" pos="PRON">she </w><w c5="VBD" hw="be" pos="VERB">was </w><w c5="VVN" hw="tag" pos="VERB">tagged</w><c c5="PUN">, </c><w c5="VVN-VVD" hw="put" pos="VERB">put </w><w c5="PRP-AVP" hw="in" pos="PREP">in </w><w c5="AT0" hw="a" pos="ART">a </w><w c5="NN1" hw="sack" pos="SUBST">sack </w><w c5="CJC" hw="and" pos="CONJ">and </w><w c5="VVN" hw="take" pos="VERB">taken </w><w c5="PRP" hw="to" pos="PREP">to </w><w c5="AT0" hw="a" pos="ART">a </w><w c5="NN1" hw="field" pos="SUBST">field </w><w c5="DTQ" hw="which" pos="PRON">which </w><w c5="AT0" hw="a" pos="ART">a </w><w c5="NN1" hw="neighbour" pos="SUBST">neighbour </w><w c5="VBD" hw="be" pos="VERB">was </w><w c5="AJ0" hw="certain" pos="ADJ">certain </w><w c5="DPS" hw="she" pos="PRON">her </w><w c5="NN2" hw="sibling" pos="SUBST">siblings </w><w c5="VVD-VVN" hw="frequent" pos="VERB">frequented</w><c c5="PUN">.</c></s>
<s n="8"><c c5="PUQ">‘</c><w c5="PNP" hw="it" pos="PRON">It </w><w c5="VBD" hw="be" pos="VERB">was </w><w c5="AJ0" hw="wonderful" pos="ADJ">wonderful </w><w c5="TO0" hw="to" pos="PREP">to </w><w c5="VVI" hw="see" pos="VERB">see </w><w c5="DPS" hw="she" pos="PRON">her </w><w c5="NN1" hw="reaction" pos="SUBST">reaction</w><c c5="PUN">,</c><c c5="PUQ">’ </c><w c5="VVD" hw="say" pos="VERB">said </w><w c5="NP0" hw="mr" pos="SUBST">Mr </w><w c5="NP0" hw="bolton" pos="SUBST">Bolton</w><c c5="PUN">.</c></s>
<s n="9"><c c5="PUQ">‘</c><w c5="PNP" hw="she" pos="PRON">She </w><w c5="VVD" hw="shoot" pos="VERB">shot </w><w c5="AVP" hw="up" pos="ADV">up </w><w c5="AT0" hw="the" pos="ART">the </w><w c5="NN1" hw="field" pos="SUBST">field </w><w c5="CJC" hw="and" pos="CONJ">and </w><w c5="AV0" hw="then" pos="ADV">then </w><w c5="VVD" hw="pause" pos="VERB">paused</w><c c5="PUN">, </c><w c5="VVD" hw="stand" pos="VERB">stood </w><w c5="DPS" hw="she" pos="PRON">her </w><w c5="NN1" hw="ground" pos="SUBST">ground </w><w c5="CJS" hw="although" pos="CONJ">although </w><w c5="PNP" hw="we" pos="PRON">we </w><w c5="VBD" hw="be" pos="VERB">were </w><w c5="AV0" hw="still" pos="ADV">still </w><w c5="AV0" hw="quite" pos="ADV">quite </w><w c5="AJ0" hw="close" pos="ADJ">close </w><w c5="CJC" hw="and" pos="CONJ">and </w><w c5="AV0" hw="suddenly" pos="ADV">suddenly </w><w c5="VVD" hw="begin" pos="VERB">began </w><w c5="TO0" hw="to" pos="PREP">to </w><w c5="VVI" hw="eat" pos="VERB">eat </w><w c5="NN1" hw="grass" pos="SUBST">grass</w><c c5="PUN">.</c><c c5="PUQ">’</c></s>
<s n="10"><w c5="PNP" hw="she" pos="PRON">She </w><w c5="VVD" hw="know" pos="VERB">knew </w><w c5="CJT" hw="that" pos="CONJ">that </w><w c5="PNP" hw="she" pos="PRON">she </w><w c5="VHD" hw="have" pos="VERB">had </w><w c5="VVN" hw="come" pos="VERB">come </w><w c5="AV0" hw="home" pos="ADV">home</w><c c5="PUN">.</c></s>
<s n="11"><w c5="AT0" hw="a" pos="ART">A </w><w c5="DT0" hw="few" pos="ADJ">few </w><w c5="NN2" hw="day" pos="SUBST">days </w><w c5="AV0" hw="later" pos="ADV">later </w><w c5="AT0" hw="the" pos="ART">the </w><w c5="NN1" hw="doe" pos="SUBST">doe </w><w c5="VBD" hw="be" pos="VERB">was </w><w c5="VVN" hw="see" pos="VERB">seen </w><w c5="PRP" hw="in" pos="PREP">in </w><w c5="AT0" hw="the" pos="ART">the </w><w c5="NN1" hw="company" pos="SUBST">company </w><w c5="PRF" hw="of" pos="PREP">of </w><w c5="DPS" hw="she" pos="PRON">her </w><w c5="NN1" hw="mother" pos="SUBST">mother </w><w c5="CJC" hw="and" pos="CONJ">and </w><w c5="NN1-AJ0" hw="twin" pos="SUBST">twin </w><w c5="NN1" hw="sister" pos="SUBST">sister</w><c c5="PUN">.</c></s>
<s n="12"><mw c5="AV0"><w c5="PRP" hw="at" pos="PREP">At </w><w c5="NN1" hw="present" pos="SUBST">present </w></mw><w c5="AT0" hw="an" pos="ART">an </w><w c5="AJ0" hw="agoraphobic" pos="ADJ">agoraphobic </w><w c5="NN1" hw="shag" pos="SUBST">shag </w><w c5="VBZ" hw="be" pos="VERB">is </w><w c5="VVG" hw="languish" pos="VERB">languishing </w><w c5="PRP" hw="at" pos="PREP">at </w><w c5="AT0" hw="the" pos="ART">the </w><w c5="NN1" hw="wildlife" pos="SUBST">wildlife </w><w c5="NN1" hw="centre" pos="SUBST">centre </w><w c5="CJC" hw="and" pos="CONJ">and</w><c c5="PUN">, </c><w c5="PRP" hw="despite" pos="PREP">despite </w><w c5="AT0" hw="every" pos="ART">every </w><w c5="NN1" hw="inducement" pos="SUBST">inducement</w><c c5="PUN">, </c><w c5="NP0" hw="mrs" pos="SUBST">Mrs </w><w c5="NP0" hw="bolton" pos="SUBST">Bolton </w><w c5="VM0" hw="can" pos="VERB">can</w><w c5="XX0" hw="not" pos="ADV">not </w><w c5="VVI" hw="persuade" pos="VERB">persuade </w><w c5="PNP" hw="he" pos="PRON">him </w><w c5="AV0" hw="even" pos="ADV">even </w><w c5="TO0" hw="to" pos="PREP">to </w><w c5="VVI" hw="get" pos="VERB">get </w><w c5="DPS" hw="he" pos="PRON">his </w><w c5="NN2" hw="foot" pos="SUBST">feet </w><w c5="VVN" hw="wet" pos="VERB">wet</w><c c5="PUN">.</c></s>
<s n="13"><w c5="PNP" hw="she" pos="PRON">She </w><w c5="VHZ" hw="have" pos="VERB">has </w><w c5="CRD" hw="five" pos="ADJ">five </w><w c5="NN2" hw="hedgehog" pos="SUBST">hedgehogs </w><w c5="VVG" hw="hibernate" pos="VERB">hibernating </w><w c5="PRP-AVP" hw="in" pos="PREP">in </w><w c5="NN2" hw="mound" pos="SUBST">mounds </w><w c5="PRF" hw="of" pos="PREP">of </w><w c5="NN2" hw="leaf" pos="SUBST">leaves </w><w c5="CJC" hw="and" pos="CONJ">and </w><w c5="AT0" hw="a" pos="ART">a </w><w c5="NN1" hw="kestrel" pos="SUBST">kestrel </w><w c5="DTQ" hw="which" pos="PRON">which </w><w c5="VBD" hw="be" pos="VERB">was </w><w c5="VVN" hw="leave" pos="VERB">left </w><w c5="PRP" hw="on" pos="PREP">on </w><w c5="DPS" hw="she" pos="PRON">her </w><w c5="NN1" hw="doorstep" pos="SUBST">doorstep </w><w c5="PRP" hw="with" pos="PREP">with </w><w c5="AT0" hw="a" pos="ART">a </w><w c5="AJ0" hw="damaged" pos="ADJ">damaged </w><w c5="NN1" hw="foot" pos="SUBST">foot</w><c c5="PUN">.</c></s>
<s n="14"><w c5="PNP" hw="it" pos="PRON">It </w><w c5="VHZ" hw="have" pos="VERB">has </w><w c5="VBN" hw="be" pos="VERB">been </w><w c5="AT0" hw="a" pos="ART">a </w><w c5="AJ0" hw="bad" pos="ADJ">bad </w><w c5="NN1" hw="autumn" pos="SUBST">autumn </w><w c5="PRP" hw="for" pos="PREP">for </w><w c5="NN2" hw="bird" pos="SUBST">birds </w><w c5="PRF" hw="of" pos="PREP">of </w><w c5="NN1" hw="prey" pos="SUBST">prey </w><w c5="CJC" hw="and" pos="CONJ">and </w><w c5="CRD" hw="five" pos="ADJ">five </w><w c5="NN2" hw="kestrel" pos="SUBST">kestrels </w><w c5="VHB" hw="have" pos="VERB">have </w><w c5="VBN" hw="be" pos="VERB">been </w><w c5="VVN" hw="bring" pos="VERB">brought </w><w c5="PRP" hw="into" pos="PREP">into </w><w c5="AT0" hw="the" pos="ART">the </w><w c5="NN1" hw="sanctuary" pos="SUBST">sanctuary </w><w c5="PRP" hw="in" pos="PREP">in </w><w c5="AT0" hw="an" pos="ART">an </w><w c5="AJ0" hw="emaciated" pos="ADJ">emaciated </w><w c5="NN1" hw="condition" pos="SUBST">condition</w><c c5="PUN">.</c></s>
<s n="15"><w c5="NN2" hw="worm" pos="SUBST">Worms </w><w c5="VBB" hw="be" pos="VERB">are </w><w c5="AT0" hw="a" pos="ART">a </w><w c5="NN1" hw="staple" pos="SUBST">staple </w><w c5="NN1" hw="diet" pos="SUBST">diet </w><w c5="CJC" hw="and" pos="CONJ">and </w><w c5="DT0" hw="these" pos="ADJ">these </w><w c5="VHB" hw="have" pos="VERB">have </w><w c5="VBN" hw="be" pos="VERB">been </w><w c5="PRP" hw="in" pos="PREP">in </w><w c5="AJ0" hw="short" pos="ADJ">short </w><w c5="NN1" hw="supply" pos="SUBST">supply </w><mw c5="PRP"><w c5="AJ0" hw="due" pos="ADJ">due </w><w c5="PRP" hw="to" pos="PREP">to </w></mw><w c5="AT0" hw="the" pos="ART">the </w><w c5="NN1" hw="summer" pos="SUBST">summer </w><w c5="NN1" hw="drought" pos="SUBST">drought</w><c c5="PUN">.</c></s></p><p>
<s n="16"><w c5="NP0" hw="veronica" pos="SUBST">VERONICA </w><w c5="NN1-NP0" hw="heath" pos="SUBST">HEATH</w></s></p></div><div level="1" n="08-DEC-89 edition, page 28"><head>
<s n="17"><w c5="AJ0" hw="divers" pos="ADJ">Divers </w><w c5="NN2" hw="danger" pos="SUBST">dangers </w><w c5="AT0" hw="the" pos="ART">The </w><w c5="AJ0" hw="dramatic" pos="ADJ">dramatic </w><w c5="NN1" hw="rise" pos="SUBST">rise </w><w c5="PRP" hw="in" pos="PREP">in </w><w c5="NN1" hw="diving" pos="SUBST">diving</w><w c5="POS" hw="'s" pos="UNC">'s </w><w c5="NN1" hw="popularity" pos="SUBST">popularity </w><w c5="VHZ" hw="have" pos="VERB">has </w><w c5="VVN" hw="lead" pos="VERB">led </w><w c5="PRP" hw="to" pos="PREP">to </w><w c5="NN2" hw="fear" pos="SUBST">fears </w><w c5="PRP" hw="for" pos="PREP">for </w><w c5="AT0" hw="the" pos="ART">the </w><w c5="NN1" hw="safety" pos="SUBST">safety </w><w c5="PRF" hw="of" pos="PREP">of </w><w c5="NN0" hw="people" pos="SUBST">people </w><w c5="AJ0" hw="new" pos="ADJ">new </w><w c5="PRP" hw="to" pos="PREP">to </w><w c5="AT0" hw="the" pos="ART">the </w><w c5="NN1" hw="sport" pos="SUBST">sport</w><c c5="PUN">.</c></s></head><p>
<s n="18"><w c5="NP0" hw="john" pos="SUBST">John </w><w c5="NP0-NN1" hw="illman" pos="SUBST">Illman </w><w c5="VVZ-NN2" hw="report" pos="VERB">reports</w><c c5="PUN">.</c></s></p><p>
<s n="19"><w c5="AT0" hw="the" pos="ART">THE </w><w c5="AJ0" hw="spectacular" pos="ADJ">spectacular </w><w c5="NN1" hw="beauty" pos="SUBST">beauty </w><w c5="PRF" hw="of" pos="PREP">of </w><w c5="NN1" hw="coral" pos="SUBST">coral </w><w c5="VBZ" hw="be" pos="VERB">is </w><w c5="VVG" hw="attract" pos="VERB">attracting </w><w c5="AT0" hw="an" pos="ART">an </w><w c5="AV0" hw="ever" pos="ADV">ever </w><w c5="AJ0" hw="increasing" pos="ADJ">increasing </w><w c5="NN1" hw="number" pos="SUBST">number </w><w c5="PRF" hw="of" pos="PREP">of </w><w c5="NN0" hw="people" pos="SUBST">people </w><w c5="PRP" hw="to" pos="PREP">to </w><w c5="NN1" hw="scuba" pos="SUBST">scuba </w><w c5="NN1" hw="diving" pos="SUBST">diving</w><c c5="PUN">.</c></s>
<s n="20"><w c5="DT0" hw="many" pos="ADJ">Many </w><w c5="NN2" hw="briton" pos="SUBST">Britons </w><w c5="VVB" hw="undergo" pos="VERB">undergo </w><w c5="NN1-VVG" hw="training" pos="SUBST">training </w><w c5="PRP" hw="in" pos="PREP">in </w><w c5="AT0" hw="the" pos="ART">the </w><w c5="NP0" hw="uk" pos="SUBST">UK </w><w c5="PRP" hw="after" pos="PREP">after </w><w c5="VVG" hw="try" pos="VERB">trying </w><w c5="AT0" hw="the" pos="ART">the </w><w c5="NN1" hw="sport" pos="SUBST">sport </w><w c5="AV0" hw="abroad" pos="ADV">abroad </w><w c5="CJC" hw="and" pos="CONJ">and </w><w c5="AV0" hw="then" pos="ADV">then </w><w c5="VVB" hw="continue" pos="VERB">continue </w><w c5="VVG-NN1" hw="dive" pos="VERB">diving </w><w c5="PRP-AVP" hw="in" pos="PREP">in </w><w c5="DPS" hw="we" pos="PRON">our </w><w c5="AJC" hw="cold" pos="ADJ">colder </w><w c5="NP0" hw="uk" pos="SUBST">UK </w><w c5="VVZ-NN2" hw="water" pos="VERB">waters</w><c c5="PUN">.</c></s></p><p>
<s n="21"><w c5="AT0" hw="the" pos="ART">The </w><w c5="AJ0" hw="british" pos="ADJ">British </w><w c5="NN1-AJ0" hw="sub" pos="SUBST">Sub </w><w c5="NN1" hw="aqua" pos="SUBST">Aqua </w><w c5="NN1" hw="club" pos="SUBST">Club </w><c c5="PUL">(</c><w c5="NP0" hw="bsac" pos="SUBST">BSAC</w><c c5="PUR">) </c><w c5="VHZ" hw="have" pos="VERB">has </w><w c5="AV0" hw="just" pos="ADV">just </w><w c5="VVN" hw="report" pos="VERB">reported </w><w c5="AT0" hw="a" pos="ART">a </w><w c5="AJ0" hw="record-breaking" pos="ADJ">record-breaking </w><w c5="NN1" hw="year" pos="SUBST">year</w><c c5="PUN">, </c><w c5="PRP" hw="with" pos="PREP">with </w><w c5="AT0" hw="the" pos="ART">the </w><w c5="NN1" hw="number" pos="SUBST">number </w><w c5="PRF" hw="of" pos="PREP">of </w><w c5="NN2" hw="dive" pos="SUBST">dives </w><w c5="PRP" hw="off" pos="PREP">off </w><w c5="AT0" hw="the" pos="ART">the </w><w c5="NP0" hw="uk" pos="SUBST">UK </w><w c5="NN1" hw="coast" pos="SUBST">coast </w><w c5="VVN-VVD" hw="estimate" pos="VERB">estimated </w><w c5="PRP" hw="at" pos="PREP">at </w><w c5="AV0" hw="about" pos="ADV">about </w><w c5="CRD" hw="two" pos="ADJ">two </w><w c5="CRD" hw="million" pos="ADJ">million </w><c c5="PUN">— </c><w c5="CRD" hw="100" pos="ADJ">100 </w><mw c5="NN0"><w c5="UNC" hw="per" pos="UNC">per </w><w c5="UNC" hw="cent" pos="UNC">cent </w></mw><w c5="AVP" hw="up" pos="ADV">up </w><w c5="PRP" hw="on" pos="PREP">on </w><w c5="AT0" hw="the" pos="ART">the </w><w c5="AJ0" hw="previous" pos="ADJ">previous </w><w c5="NN1" hw="year" pos="SUBST">year</w><c c5="PUN">.</c></s>
<s n="22"><w c5="CJC" hw="but" pos="CONJ">But </w><w c5="AJ0" hw="medical" pos="ADJ">medical </w><w c5="AJ0-NN1" hw="diving" pos="ADJ">diving </w><w c5="NN2" hw="expert" pos="SUBST">experts </w><w c5="VBB" hw="be" pos="VERB">are </w><w c5="AJ0" hw="concerned" pos="ADJ">concerned </w><w c5="CJT" hw="that" pos="CONJ">that </w><w c5="DT0" hw="many" pos="ADJ">many </w><w c5="NN2" hw="newcomer" pos="SUBST">newcomers </w><w c5="PRP" hw="to" pos="PREP">to </w><w c5="AT0" hw="the" pos="ART">the </w><w c5="NN1" hw="sport" pos="SUBST">sport </w><w c5="VBB" hw="be" pos="VERB">are </w><w c5="VVG" hw="dive" pos="VERB">diving </w><w c5="AV0" hw="too" pos="ADV">too </w><w c5="AV0-AJ0" hw="deep" pos="ADV">deep</w><c c5="PUN">, </c><w c5="AV0" hw="especially" pos="ADV">especially </w><w c5="PRP" hw="in" pos="PREP">in </w><w c5="AT0" hw="the" pos="ART">the </w><w c5="NP0" hw="uk" pos="SUBST">UK</w><c c5="PUN">, </c><w c5="VVG" hw="expose" pos="VERB">exposing </w><w c5="PNX" hw="themselves" pos="PRON">themselves </w><w c5="PRP" hw="to" pos="PREP">to </w><w c5="AJ0" hw="life-threatening" pos="ADJ">life-threatening </w><w c5="NN1" hw="injury" pos="SUBST">injury </w><w c5="PRP" hw="from" pos="PREP">from </w><c c5="PUQ">‘</c><w c5="AT0" hw="the" pos="ART">the </w><w c5="NN2" hw="bend" pos="SUBST">bends</w><c c5="PUQ">’ </c><w c5="CJC" hw="or" pos="CONJ">or </w><w c5="NN1" hw="decompression" pos="SUBST">decompression </w><w c5="NN1" hw="sickness" pos="SUBST">sickness</w><c c5="PUN">.</c></s></p><p>
<s n="23"><w c5="VVG-NN1" hw="write" pos="VERB">Writing </w><w c5="PRP" hw="in" pos="PREP">in </w><w c5="NP0-NN1" hw="diver" pos="SUBST">Diver </w><w c5="NN1" hw="magazine" pos="SUBST">Magazine</w><c c5="PUN">, </c><w c5="NP0" hw="bsac" pos="SUBST">BSAC</w><w c5="POS" hw="'s" pos="UNC">'s </w><c c5="PUQ">‘</c><w c5="NN2" hw="incident" pos="SUBST">incidents </w><w c5="NN1" hw="adviser" pos="SUBST">adviser</w><c c5="PUQ">’</c><c c5="PUN">, </c><w c5="NP0" hw="chris" pos="SUBST">Chris </w><w c5="NP0" hw="allen" pos="SUBST">Allen</w><c c5="PUN">, </c><w c5="VVZ" hw="warn" pos="VERB">warns</w><c c5="PUN">: </c><c c5="PUQ">‘</c><w c5="AT0" hw="the" pos="ART">The </w><w c5="NN0" hw="statistics" pos="SUBST">statistics </w><w c5="VVB" hw="show" pos="VERB">show </w><w c5="CJT" hw="that" pos="CONJ">that </w><w c5="AV0" hw="too" pos="ADV">too </w><w c5="DT0" hw="many" pos="ADJ">many </w><w c5="NN2" hw="diver" pos="SUBST">divers </w><w c5="VBB" hw="be" pos="VERB">are </w><w c5="AV0" hw="still" pos="ADV">still </w><w c5="VVG" hw="dive" pos="VERB">diving </w><w c5="AJC" hw="deep" pos="ADJ">deeper </w><w c5="CJS" hw="than" pos="CONJ">than </w><w c5="VVN" hw="indicate" pos="VERB">indicated </w><w c5="PRP" hw="by" pos="PREP">by </w><w c5="DPS" hw="they" pos="PRON">their </w><w c5="NN2" hw="ability" pos="SUBST">abilities</w><c c5="PUN">, </c><w c5="VVG" hw="ignore" pos="VERB">ignoring </w><w c5="AJ0" hw="commonsense" pos="ADJ">commonsense </w><w c5="NN2" hw="recommendation" pos="SUBST">recommendations </w><w c5="CJC" hw="or" pos="CONJ">or </w><w c5="AV0" hw="simply" pos="ADV">simply </w><w c5="VVG" hw="fail" pos="VERB">failing </w><w c5="TO0" hw="to" pos="PREP">to </w><w c5="VVI" hw="plan" pos="VERB">plan </w><w c5="DPS" hw="they" pos="PRON">their </w><w c5="NN2" hw="dive" pos="SUBST">dives </w><w c5="AV0" hw="properly" pos="ADV">properly</w><c c5="PUN">.</c><c c5="PUQ">’</c></s></p><p>
<s n="24"><w c5="AT0" hw="the" pos="ART">The </w><w c5="AV0" hw="longer" pos="ADV">longer </w><w c5="AT0" hw="a" pos="ART">a </w><w c5="NN1" hw="diver" pos="SUBST">diver </w><w c5="VVZ" hw="remain" pos="VERB">remains </w><w c5="PRP" hw="under" pos="PREP">under </w><w c5="NN1" hw="water" pos="SUBST">water </w><w c5="CJC" hw="and" pos="CONJ">and </w><w c5="AT0" hw="the" pos="ART">the </w><w c5="AJC" hw="great" pos="ADJ">greater </w><w c5="AT0" hw="the" pos="ART">the </w><w c5="NN1" hw="depth" pos="SUBST">depth</w><c c5="PUN">, </c><w c5="AT0" hw="the" pos="ART">the </w><w c5="DT0" hw="more" pos="ADJ">more </w><w c5="NN1" hw="nitrogen" pos="SUBST">nitrogen </w><w c5="VBZ" hw="be" pos="VERB">is </w><w c5="VVN-AJ0" hw="absorb" pos="VERB">absorbed</w><c c5="PUN">.</c></s>
<s n="25"><w c5="CJS" hw="when" pos="CONJ">When </w><w c5="NN1" hw="pressure" pos="SUBST">pressure </w><w c5="VBZ" hw="be" pos="VERB">is </w><w c5="VVN" hw="reduce" pos="VERB">reduced </w><w c5="PRP" hw="during" pos="PREP">during </w><w c5="NN1" hw="ascent" pos="SUBST">ascent</w><c c5="PUN">, </c><w c5="DT0" hw="this" pos="ADJ">this </w><w c5="NN1" hw="nitrogen" pos="SUBST">nitrogen </w><w c5="VM0" hw="must" pos="VERB">must </w><w c5="VBI" hw="be" pos="VERB">be </w><w c5="AV0" hw="slowly" pos="ADV">slowly </w><w c5="VVN" hw="eliminate" pos="VERB">eliminated </w><w c5="PRP" hw="through" pos="PREP">through </w><w c5="VVG" hw="breathe" pos="VERB">breathing</w><c c5="PUN">, </c><w c5="CJC" hw="or" pos="CONJ">or </w><w c5="NN2" hw="bubble" pos="SUBST">bubbles </w><w c5="VM0" hw="will" pos="VERB">will </w><w c5="VVI" hw="form" pos="VERB">form </w><w c5="PRP" hw="in" pos="PREP">in </w><w c5="AT0" hw="the" pos="ART">the </w><w c5="NN1" hw="bloodstream" pos="SUBST">bloodstream</w><c c5="PUN">, </c><w c5="VVG" hw="give" pos="VERB">giving </w><w c5="NN1" hw="rise" pos="SUBST">rise </w><w c5="PRP" hw="to" pos="PREP">to </w><w c5="AT0" hw="the" pos="ART">the </w><w c5="NN2" hw="bend" pos="SUBST">bends</w><c c5="PUN">.</c></s></p><p>
<s n="26"><w c5="AT0" hw="a" pos="ART">A </w><w c5="NN1" hw="diver" pos="SUBST">diver </w><w c5="VVG-AJ0" hw="absorb" pos="VERB">absorbing </w><w c5="AJ0" hw="excessive" pos="ADJ">excessive </w><w c5="NN1" hw="nitrogen" pos="SUBST">nitrogen </w><w c5="VM0" hw="must" pos="VERB">must </w><w c5="VVI" hw="ascend" pos="VERB">ascend </w><w c5="PRP" hw="to" pos="PREP">to </w><w c5="AT0" hw="a" pos="ART">a </w><w c5="AJ0" hw="designated" pos="ADJ">designated </w><w c5="NN1" hw="depth" pos="SUBST">depth </w><w c5="TO0" hw="to" pos="PREP">to </w><w c5="VVI" hw="reduce" pos="VERB">reduce </w><w c5="AT0" hw="the" pos="ART">the </w><w c5="NN1" hw="pressure" pos="SUBST">pressure </w><w c5="CJC" hw="and" pos="CONJ">and </w><w c5="VVB" hw="remain" pos="VERB">remain </w><w c5="AV0" hw="there" pos="ADV">there </w><w c5="PRP" hw="for" pos="PREP">for </w><w c5="AT0" hw="a" pos="ART">a </w><w c5="AJ0" hw="specified" pos="ADJ">specified </w><w c5="NN1" hw="time" pos="SUBST">time </w><w c5="PRP" hw="for" pos="PREP">for </w><w c5="DTQ" hw="what" pos="PRON">what </w><w c5="VBZ" hw="be" pos="VERB">is </w><w c5="VVN" hw="know" pos="VERB">known </w><w c5="PRP" hw="as" pos="PREP">as </w><w c5="AT0" hw="a" pos="ART">a </w><c c5="PUQ">‘</c><w c5="NN1" hw="decompression" pos="SUBST">decompression </w><w c5="NN1-VVB" hw="stop" pos="SUBST">stop</w><c c5="PUN">.</c><c c5="PUQ">’</c></s></p><p>
<s n="27"><w c5="CJC" hw="but" pos="CONJ">But </w><w c5="NP0" hw="allen" pos="SUBST">Allen </w><w c5="VVZ" hw="warn" pos="VERB">warns</w><c c5="PUN">: </c><c c5="PUQ">‘</c><w c5="AT0" hw="a" pos="ART">A </w><w c5="NN1" hw="number" pos="SUBST">number </w><w c5="PRF" hw="of" pos="PREP">of </w><w c5="NN2" hw="case" pos="SUBST">cases </w><w c5="PRF" hw="of" pos="PREP">of </w><w c5="NN1" hw="decompression" pos="SUBST">decompression </w><w c5="NN1" hw="sickness" pos="SUBST">sickness </w><w c5="VHB" hw="have" pos="VERB">have </w><w c5="VVN" hw="result" pos="VERB">resulted </w><w c5="CJS" hw="after" pos="CONJ">after </w><w c5="AJ0" hw="required" pos="ADJ">required </w><w c5="NN1" hw="decompression" pos="SUBST">decompression </w><w c5="NN2" hw="stop" pos="SUBST">stops </w><w c5="VHB" hw="have" pos="VERB">have </w><w c5="VBN" hw="be" pos="VERB">been </w><w c5="VVN" hw="miss" pos="VERB">missed </w><mw c5="PRP"><w c5="AJ0" hw="due" pos="ADJ">due </w><w c5="PRP" hw="to" pos="PREP">to </w></mw><w c5="AJ0" hw="divers" pos="ADJ">divers </w><w c5="NN1-VVG" hw="running" pos="SUBST">running </w><mw c5="PRP"><w c5="AVP" hw="out" pos="ADV">out </w><w c5="PRF" hw="of" pos="PREP">of </w></mw><w c5="NN1" hw="air" pos="SUBST">air </w><w c5="PRP" hw="towards" pos="PREP">towards </w><w c5="AT0" hw="the" pos="ART">the </w><w c5="NN1" hw="end" pos="SUBST">end </w><w c5="PRF" hw="of" pos="PREP">of </w><w c5="DPS" hw="they" pos="PRON">their </w><w c5="NN2" hw="dive" pos="SUBST">dives</w><c c5="PUN">.</c><c c5="PUQ">’</c></s></p><p>
<s n="28"><w c5="DT0" hw="some" pos="ADJ">Some </w><w c5="VBB" hw="be" pos="VERB">are </w><w c5="VVG-AJ0" hw="dive" pos="VERB">diving </w><w c5="PRP" hw="to" pos="PREP">to </w><w c5="CRD" hw="50" pos="ADJ">50 </w><w c5="NN2" hw="metre" pos="SUBST">metres </w><w c5="CJC" hw="or" pos="CONJ">or </w><w c5="AV0" hw="more" pos="ADV">more</w><c c5="PUN">.</c></s>
<s n="29"><w c5="NN1" hw="surgeon" pos="SUBST">Surgeon </w><w c5="NP0" hw="commander" pos="SUBST">Commander </w><w c5="NP0" hw="james" pos="SUBST">James </w><w c5="NP0" hw="francis" pos="SUBST">Francis</w><c c5="PUN">, </c><w c5="AJ0" hw="senior" pos="ADJ">senior </w><w c5="AJ0" hw="medical" pos="ADJ">medical </w><w c5="NN1" hw="officer" pos="SUBST">officer </w><c c5="PUL">(</c><w c5="AJ0-VVG" hw="diving" pos="ADJ">diving </w><w c5="NN1" hw="medicine" pos="SUBST">medicine</w><c c5="PUR">) </c><w c5="PRP" hw="at" pos="PREP">at </w><w c5="AT0" hw="the" pos="ART">the </w><w c5="NN1" hw="institute" pos="SUBST">Institute </w><w c5="PRF" hw="of" pos="PREP">of </w><w c5="AJ0" hw="naval" pos="ADJ">Naval </w><w c5="NN1" hw="medicine" pos="SUBST">Medicine</w><c c5="PUN">, </c><w c5="VVZ" hw="say" pos="VERB">says</w><c c5="PUN">: </c><c c5="PUQ">‘</c><w c5="PNP" hw="i" pos="PRON">I </w><w c5="VM0" hw="would" pos="VERB">would </w><w c5="VHI" hw="have" pos="VERB">have </w><w c5="VVN" hw="think" pos="VERB">thought </w><w c5="CJT" hw="that" pos="CONJ">that </w><w c5="CRD" hw="30" pos="ADJ">30 </w><w c5="NN2" hw="metre" pos="SUBST">metres </w><w c5="VBD" hw="be" pos="VERB">was </w><w c5="AT0" hw="a" pos="ART">a </w><w c5="AJ0" hw="reasonable" pos="ADJ">reasonable </w><w c5="NN1" hw="depth" pos="SUBST">depth </w><w c5="PRP" hw="for" pos="PREP">for </w><w c5="DT0" hw="most" pos="ADJ">most </w><w c5="NN2" hw="sport" pos="SUBST">sports </w><w c5="NN2" hw="diver" pos="SUBST">divers</w><c c5="PUN">.</c></s>
<s n="30"><w c5="AV0" hw="below" pos="ADV">Below </w><w c5="CJT" hw="that" pos="CONJ">that </w><w c5="DPS" hw="you" pos="PRON">your </w><c c5="PUQ">‘</c><w c5="AJ0" hw="bottom" pos="ADJ">bottom </w><w c5="NN1" hw="time" pos="SUBST">time</w><c c5="PUQ">’</c><c c5="PUN">— </c><w c5="AT0" hw="the" pos="ART">the </w><w c5="NN1" hw="time" pos="SUBST">time </w><w c5="PRP" hw="between" pos="PREP">between </w><w c5="VVG" hw="leave" pos="VERB">leaving </w><w c5="AT0" hw="the" pos="ART">the </w><w c5="NN1" hw="surface" pos="SUBST">surface </w><w c5="CJC" hw="and" pos="CONJ">and </w><w c5="VVG" hw="commence" pos="VERB">commencing </w><w c5="DPS" hw="you" pos="PRON">your </w><w c5="NN1" hw="ascent" pos="SUBST">ascent </w><c c5="PUN">— </c><w c5="VBZ" hw="be" pos="VERB">is </w><w c5="AV0" hw="so" pos="ADV">so </w><w c5="VVN-AJ0" hw="limit" pos="VERB">limited </w><w c5="CJT" hw="that" pos="CONJ">that </w><w c5="PNP" hw="it" pos="PRON">it</w><w c5="VBZ" hw="be" pos="VERB">'s </w><w c5="AV0" hw="hardly" pos="ADV">hardly </w><w c5="AJ0" hw="worthwhile" pos="ADJ">worthwhile</w><c c5="PUN">.</c><c c5="PUQ">’</c></s></p><p>
<s n="31"><w c5="PRP" hw="despite" pos="PREP">Despite </w><w c5="AT0" hw="the" pos="ART">the </w><w c5="NN2" hw="danger" pos="SUBST">dangers</w><c c5="PUN">, </c><w c5="NP0-NN1" hw="bsac" pos="SUBST">BSAC</w><c c5="PUN">, </c><w c5="DTQ" hw="whose" pos="PRON">whose </w><w c5="NN1" hw="training" pos="SUBST">training </w><w c5="VBZ" hw="be" pos="VERB">is </w><w c5="PRP" hw="among" pos="PREP">among </w><w c5="AT0" hw="the" pos="ART">the </w><w c5="AV0" hw="most" pos="ADV">most </w><w c5="AJ0" hw="rigorous" pos="ADJ">rigorous </w><w c5="PRP" hw="in" pos="PREP">in </w><w c5="AT0" hw="the" pos="ART">the </w><w c5="NN1" hw="world" pos="SUBST">world</w><c c5="PUN">, </c><w c5="VVZ" hw="insist" pos="VERB">insists </w><w c5="CJT" hw="that" pos="CONJ">that </w><w c5="NN1" hw="diving" pos="SUBST">diving </w><w c5="VVZ" hw="compare" pos="VERB">compares </w><w c5="AV0" hw="favourably" pos="ADV">favourably </w><w c5="PRP" hw="with" pos="PREP">with </w><w c5="AJ0" hw="other" pos="ADJ">other </w><w c5="NN2" hw="sport" pos="SUBST">sports</w><c c5="PUN">.</c></s>
<s n="32"><w c5="DT0" hw="this" pos="ADJ">This </w><w c5="NN1" hw="year" pos="SUBST">year </w><w c5="EX0" hw="there" pos="PRON">there </w><w c5="VBD" hw="be" pos="VERB">were </w><w c5="CRD" hw="12" pos="ADJ">12 </w><w c5="NN2" hw="fatality" pos="SUBST">fatalities </w><w c5="VVN" hw="link" pos="VERB">linked </w><w c5="PRP" hw="to" pos="PREP">to </w><w c5="NN1-VVG" hw="diving" pos="SUBST">diving</w><c c5="PUN">.</c></s>
<s n="33"><w c5="AJ0" hw="bsac" pos="ADJ">BSAC </w><w c5="NN1" hw="spokesman" pos="SUBST">spokesman </w><w c5="NP0" hw="kendal" pos="SUBST">Kendal </w><w c5="NP0" hw="mcdonald" pos="SUBST">McDonald </w><w c5="VVZ" hw="claim" pos="VERB">claims </w><w c5="CJT" hw="that" pos="CONJ">that </w><w c5="DT0" hw="this" pos="ADJ">this </w><w c5="VVZ" hw="compare" pos="VERB">compares </w><w c5="PRP" hw="with" pos="PREP">with </w><w c5="AT0" hw="the" pos="ART">the </w><w c5="CRD" hw="35" pos="ADJ">35 </w><w c5="NN2" hw="fatality" pos="SUBST">fatalities </w><w c5="AT0" hw="a" pos="ART">a </w><w c5="NN1" hw="year" pos="SUBST">year </w><w c5="VVN" hw="associate" pos="VERB">associated </w><w c5="PRP" hw="with" pos="PREP">with </w><w c5="NN1" hw="angling" pos="SUBST">angling</w><c c5="PUN">, </c><w c5="CRD" hw="39" pos="ADJ">39 </w><w c5="PRP" hw="with" pos="PREP">with </w><w c5="NN1-VVG" hw="boating" pos="SUBST">boating</w><c c5="PUN">, </c><w c5="CJC" hw="and" pos="CONJ">and </w><w c5="CRD" hw="44" pos="ADJ">44 </w><w c5="PRP" hw="with" pos="PREP">with </w><w c5="NN1-VVG" hw="swimming" pos="SUBST">swimming</w><c c5="PUN">.</c></s></p><p>
<s n="34"><w c5="AT0" hw="the" pos="ART">The </w><w c5="NN1" hw="club" pos="SUBST">club </w><w c5="VBZ" hw="be" pos="VERB">is </w><w c5="VVG-AJ0" hw="press" pos="VERB">pressing </w><w c5="PRP" hw="for" pos="PREP">for </w><w c5="NN1" hw="recognition" pos="SUBST">recognition </w><w c5="PRF" hw="of" pos="PREP">of </w><w c5="NN1" hw="decompression" pos="SUBST">decompression </w><w c5="NN1" hw="sickness" pos="SUBST">sickness </w><w c5="PRP" hw="as" pos="PREP">as </w><w c5="AT0" hw="an" pos="ART">an </w><w c5="NP0" hw="nhs" pos="SUBST">NHS </w><w c5="NN1" hw="liability" pos="SUBST">liability</w><c c5="PUN">.</c></s>
<s n="35"><w c5="DT0" hw="many" pos="ADJ">Many </w><w c5="NN1" hw="health" pos="SUBST">health </w><w c5="NN2" hw="authority" pos="SUBST">authorities </w><w c5="VHB" hw="have" pos="VERB">have </w><w c5="VBN" hw="be" pos="VERB">been </w><w c5="VVG" hw="refuse" pos="VERB">refusing </w><w c5="TO0" hw="to" pos="PREP">to </w><w c5="VVI" hw="pay" pos="VERB">pay </w><w c5="PRP" hw="for" pos="PREP">for </w><w c5="NN1" hw="treatment" pos="SUBST">treatment</w><c c5="PUN">, </c><w c5="VVG" hw="argue" pos="VERB">arguing </w><w c5="CJT" hw="that" pos="CONJ">that </w><w c5="NN2" hw="diver" pos="SUBST">divers </w><w c5="VM0" hw="should" pos="VERB">should </w><w c5="VVI" hw="take" pos="VERB">take </w><w c5="AVP" hw="out" pos="ADV">out </w><w c5="NN1" hw="decompression" pos="SUBST">decompression </w><w c5="NN1" hw="insurance" pos="SUBST">insurance</w><c c5="PUN">.</c></s>
<s n="36"><w c5="NN1" hw="treatment" pos="SUBST">Treatment </w><w c5="VM0" hw="can" pos="VERB">can </w><w c5="VVI" hw="cost" pos="VERB">cost </w><w c5="PNI" hw="anything" pos="PRON">anything </w><w c5="PRP" hw="from" pos="PREP">from </w><w c5="AT0" hw="a" pos="ART">a </w><w c5="DT0" hw="few" pos="ADJ">few </w><w c5="CRD" hw="hundred" pos="ADJ">hundred </w><w c5="NN2" hw="pound" pos="SUBST">pounds </w><w c5="PRP" hw="to" pos="PREP">to </w><mw c5="AV0"><w c5="AVP" hw="up" pos="ADV">up </w><w c5="PRP" hw="to" pos="PREP">to </w></mw><w c5="NN0" hw="£15,000" pos="UNC">£15,000 </w><w c5="PRP" hw="in" pos="PREP">in </w><w c5="AJ0" hw="exceptional" pos="ADJ">exceptional </w><w c5="NN2" hw="circumstance" pos="SUBST">circumstances</w><c c5="PUN">.</c></s></p><p>
<s n="37"><w c5="AJ0" hw="bsac" pos="ADJ">BSAC </w><w c5="AJ0" hw="medical" pos="ADJ">medical </w><w c5="NN1" hw="officer" pos="SUBST">officer </w><w c5="NP0" hw="dr" pos="SUBST">Dr </w><w c5="NP0" hw="peter" pos="SUBST">Peter </w><w c5="NP0" hw="wilmhurst" pos="SUBST">Wilmhurst</w><c c5="PUN">, </c><w c5="PRF" hw="of" pos="PREP">of </w><w c5="NP0" hw="st" pos="SUBST">St </w><w c5="NP0" hw="thomas" pos="SUBST">Thomas</w><w c5="POS" hw="'" pos="UNC">' </w><w c5="NN1" hw="hospital" pos="SUBST">Hospital</w><c c5="PUN">, </c><w c5="NP0" hw="london" pos="SUBST">London</w><c c5="PUN">, </c><w c5="VVZ" hw="say" pos="VERB">says</w><c c5="PUN">: </c><c c5="PUQ">‘</c><w c5="NN2" hw="diver" pos="SUBST">Divers </w><w c5="VBB" hw="be" pos="VERB">are </w><w c5="AJ0" hw="entitled" pos="ADJ">entitled </w><w c5="PRP" hw="to" pos="PREP">to </w><w c5="NN1" hw="treatment" pos="SUBST">treatment </w><w c5="PRP" hw="under" pos="PREP">under </w><w c5="AT0" hw="the" pos="ART">the </w><w c5="NP0" hw="nhs" pos="SUBST">NHS </w><w c5="NN1-VVB" hw="act" pos="SUBST">Act </w><w c5="PRP" hw="in" pos="PREP">in </w><w c5="AT0" hw="the" pos="ART">the </w><w c5="DT0" hw="same" pos="ADJ">same </w><w c5="NN1" hw="way" pos="SUBST">way </w><w c5="CJS" hw="as" pos="CONJ">as </w><w c5="AT0" hw="a" pos="ART">a </w><w c5="NN1" hw="skater" pos="SUBST">skater </w><w c5="PNQ" hw="who" pos="PRON">who </w><w c5="VVZ" hw="break" pos="VERB">breaks </w><w c5="AT0" hw="a" pos="ART">a </w><w c5="NN1" hw="leg" pos="SUBST">leg </w><w c5="PRP" hw="on" pos="PREP">on </w><w c5="AT0" hw="the" pos="ART">the </w><w c5="NN1" hw="ice" pos="SUBST">ice </w><w c5="CJC" hw="or" pos="CONJ">or </w><w c5="AT0" hw="a" pos="ART">a </w><w c5="NN1" hw="rider" pos="SUBST">rider </w><w c5="PNQ" hw="who" pos="PRON">who </w><w c5="VVZ" hw="break" pos="VERB">breaks </w><w c5="DPS" hw="he" pos="PRON">his </w><w c5="NN1" hw="back" pos="SUBST">back </w><w c5="VVG" hw="fall" pos="VERB">falling </w><w c5="AVP-PRP" hw="off" pos="ADV">off </w><w c5="AT0" hw="a" pos="ART">a </w><w c5="NN1" hw="horse" pos="SUBST">horse</w><c c5="PUN">.</c></s>
<s n="38"><w c5="PNP" hw="it" pos="PRON">It </w><w c5="VM0" hw="would" pos="VERB">would </w><w c5="VBI" hw="be" pos="VERB">be </w><w c5="AT0" hw="a" pos="ART">a </w><w c5="AJ0" hw="false" pos="ADJ">false </w><w c5="NN1" hw="economy" pos="SUBST">economy </w><w c5="XX0" hw="not" pos="ADV">not </w><w c5="TO0" hw="to" pos="PREP">to </w><w c5="VVI" hw="treat" pos="VERB">treat </w><w c5="NN2" hw="diver" pos="SUBST">divers</w><c c5="PUN">.</c></s>
<s n="39"><w c5="CJS" hw="if" pos="CONJ">If </w><w c5="PNP" hw="you" pos="PRON">you </w><w c5="VHB" hw="have" pos="VERB">have </w><w c5="AT0" hw="a" pos="ART">a </w><w c5="NN1" hw="diver" pos="SUBST">diver </w><w c5="PRP" hw="with" pos="PREP">with </w><w c5="AJ0" hw="spinal" pos="ADJ">spinal </w><w c5="NN1" hw="bend" pos="SUBST">bend</w><c c5="PUN">, </c><w c5="CJC" hw="and" pos="CONJ">and </w><w c5="PNP" hw="you" pos="PRON">you </w><w c5="VDB" hw="do" pos="VERB">do</w><w c5="XX0" hw="not" pos="ADV">n't </w><w c5="VVI" hw="recompress" pos="VERB">recompress </w><w c5="PNP" hw="they" pos="PRON">them</w><c c5="PUN">, </c><w c5="PNP" hw="you" pos="PRON">you </w><w c5="VHB" hw="have" pos="VERB">have </w><w c5="PNI" hw="someone" pos="PRON">someone </w><w c5="VVN" hw="paralyse" pos="VERB">paralysed </w><w c5="PRP" hw="from" pos="PREP">from </w><w c5="AT0" hw="the" pos="ART">the </w><w c5="NN1" hw="waist" pos="SUBST">waist </w><w c5="AVP" hw="down" pos="ADV">down</w><c c5="PUN">.</c></s>
<s n="40"><w c5="AT0" hw="the" pos="ART">The </w><w c5="NN1" hw="cost" pos="SUBST">cost </w><w c5="PRP" hw="to" pos="PREP">to </w><w c5="NN1" hw="society" pos="SUBST">society </w><w c5="PRF" hw="of" pos="PREP">of </w><w c5="VVG" hw="treat" pos="VERB">treating </w><w c5="PNP" hw="they" pos="PRON">them </w><w c5="VBZ" hw="be" pos="VERB">is </w><w c5="AJ0" hw="immense" pos="ADJ">immense</w><c c5="PUN">.</c><c c5="PUQ">’</c></s></p><p>
<s n="41"><w c5="NN1" hw="depth" pos="SUBST">Depth </w><w c5="PRF" hw="of" pos="PREP">of </w><w c5="NN1" hw="experience" pos="SUBST">experience</w><c c5="PUN">…</c><w c5="NN2" hw="tyro" pos="SUBST">tyros </w><w c5="VM0" hw="must" pos="VERB">must </w><w c5="VVI" hw="avoid" pos="VERB">avoid </w><w c5="VVG" hw="go" pos="VERB">going </w><w c5="AVP" hw="down" pos="ADV">down </w><w c5="AV0" hw="too" pos="ADV">too </w><w c5="AV0-AJ0" hw="far" pos="ADV">far </w><w c5="AJ0" hw="overnight" pos="ADJ">OVERNIGHT </w><w c5="NN1-VVB" hw="file" pos="SUBST">FILE</w></s></p></div></wtext></bncDoc>
