<bncDoc xml:id="A9X"><teiHeader><fileDesc><titleStmt><title>  The Guardian, electronic edition of 1989-12-13: Leisure pages. Sample containing about 689 words from a periodical (domain: leisure) </title><respStmt><resp> Data capture and transcription </resp><name> Oxford University Press </name> </respStmt></titleStmt><editionStmt><edition>BNC XML Edition, December 2006</edition></editionStmt><extent> 689 tokens; 690 w-units; 28 s-units </extent><publicationStmt><distributor>Distributed under licence by Oxford University Computing Services on behalf of the BNC Consortium.</distributor><availability> This material is protected by international copyright laws and may not be copied or redistributed in any way. Consult the BNC Web Site at http://www.natcorp.ox.ac.uk for full licencing and distribution conditions.</availability><idno type="bnc">A9X</idno><idno type="old"> GhLeis </idno></publicationStmt><sourceDesc><bibl><title>The Guardian, electronic edition of 1989-12-13: Leisure pages.</title> <imprint n="GUARDI1"><publisher>Guardian Newspapers Ltd</publisher> <pubPlace>London</pubPlace> <date value="1989">1989</date> </imprint> </bibl></sourceDesc></fileDesc><encodingDesc><tagsDecl><namespace name=""><tagUsage gi="c" occurs="118"/><tagUsage gi="div" occurs="2"/><tagUsage gi="head" occurs="2"/><tagUsage gi="mw" occurs="3"/><tagUsage gi="p" occurs="2"/><tagUsage gi="s" occurs="28"/><tagUsage gi="w" occurs="690"/></namespace></tagsDecl></encodingDesc><profileDesc><creation date="1989"> </creation><textClass><catRef targets="alltim3 news  wriase0  wridom9   wrista3 "/><classCode scheme="DLEE">W newsp brdsht nat: misc</classCode><keywords><term> (none) </term></keywords></textClass></profileDesc><revisionDesc><change date="2006-10-21" who="#OUCS">Tag usage updated for BNC-XML</change><change date="2000-12-13" who="#OUCS">Last check for BNC World first release</change><change date="2000-09-06" who="#OUCS">Redo tagusage tables</change><change date="2000-09-01" who="#OUCS">Check all tagcounts</change><change date="2000-06-23" who="#OUCS">Resequenced s-units and added headers</change><change date="2000-01-21" who="#OUCS">Added date info</change><change date="2000-01-09" who="#OUCS">Updated all catrefs</change><change date="2000-01-08" who="#OUCS">Updated source title</change><change date="2000-01-08" who="#OUCS">Updated titles</change><change date="1999-12-25" who="#OUCS">corrected tagUsage</change><change date="1999-09-13" who="#UCREL">POS codes revised for BNC-2; header updated</change><change date="1994-11-24" who="#dominic">Initial accession to corpus</change></revisionDesc></teiHeader>
<wtext type="NEWS"><div level="1" n="13-DEC-89 edition, page 39"><head>
<s n="1"><w c5="DT0" hw="another" pos="ADJ">Another </w><w c5="NN1" hw="day" pos="SUBST">day</w><c c5="PUN">.</c></s></head><p>
<s n="2"><w c5="NP0" hw="december" pos="SUBST">December </w><w c5="CRD" hw="13" pos="ADJ">13</w><c c5="PUN">, </c><w c5="CRD" hw="1915" pos="ADJ">1915</w><c c5="PUN">, </c><w c5="NN1" hw="hotel" pos="SUBST">Hotel </w><w c5="NN1" hw="beau" pos="SUBST">Beau </w><w c5="NP0-NN1" hw="rivage" pos="SUBST">Rivage</w><c c5="PUN">, </c><w c5="NP0" hw="bandol" pos="SUBST">Bandol</w><c c5="PUN">, </c><w c5="PRP" hw="to" pos="PREP">to </w><w c5="NP0" hw="j.mmurry" pos="SUBST">J.MMurry</w><c c5="PUN">: </c><w c5="DPS" hw="i" pos="PRON">My </w><w c5="AJ0-NN1" hw="dear" pos="ADJ">dear </w><w c5="NN1" hw="heart" pos="SUBST">Heart</w><c c5="PUN">, </c><w c5="AT0" hw="a" pos="ART">a </w><w c5="NN1" hw="week" pos="SUBST">week </w><w c5="AV0" hw="ago" pos="ADV">ago </w><w c5="AV0" hw="today" pos="ADV">today </w><w c5="PNP" hw="you" pos="PRON">you </w><w c5="VVD" hw="go" pos="VERB">went</w><c c5="PUN">.</c></s>
<s n="3"><w c5="AT0" hw="the" pos="ART">The </w><w c5="NN1" hw="day" pos="SUBST">day </w><w c5="VVD" hw="seem" pos="VERB">seemed </w><w c5="AV0" hw="very" pos="ADV">very </w><w c5="AV0-AJ0" hw="long" pos="ADV">long </w><w c5="AV0" hw="yesterday" pos="ADV">yesterday</w><c c5="PUN">.</c></s>
<s n="4"><w c5="PRP" hw="after" pos="PREP">After </w><w c5="VVG" hw="give" pos="VERB">giving </w><w c5="DPS" hw="you" pos="PRON">your </w><w c5="NN1" hw="letter" pos="SUBST">letter </w><w c5="PRP" hw="to" pos="PREP">to </w><w c5="DPS" hw="i" pos="PRON">my </w><c c5="PUQ">‘</c><w c5="NN1" hw="bonne" pos="SUBST">bonne</w><c c5="PUQ">’ </c><w c5="AV0" hw="yesterday" pos="ADV">yesterday </w><w c5="PNP" hw="i" pos="PRON">I </w><w c5="VVD" hw="give" pos="VERB">gave </w><w c5="AVP" hw="up" pos="ADV">up </w><w c5="AT0" hw="the" pos="ART">the </w><w c5="NN1" hw="fight" pos="SUBST">fight </w><w c5="CJC" hw="and" pos="CONJ">and </w><w c5="VVD-VVN" hw="retire" pos="VERB">retired </w><w c5="PRP" hw="in" pos="PREP">in </w><w c5="AJ0" hw="good" pos="ADJ">good </w><w c5="NN1" hw="order" pos="SUBST">order </w><w c5="PRP" hw="to" pos="PREP">to </w><w c5="NN1" hw="bed" pos="SUBST">bed</w><c c5="PUN">, </c><w c5="CJS-AVQ" hw="where" pos="CONJ">where </w><w c5="PNP" hw="i" pos="PRON">I </w><w c5="VBB" hw="be" pos="VERB">am </w><w c5="AJ0" hw="still" pos="ADJ">still</w><c c5="PUN">.</c></s>
<s n="5"><w c5="AT0" hw="the" pos="ART">The </w><w c5="NN1" hw="day" pos="SUBST">day </w><w c5="VVD" hw="seem" pos="VERB">seemed </w><w c5="AV0" hw="very" pos="ADV">very </w><w c5="AV0-AJ0" hw="long" pos="ADV">long </w><w c5="AV0" hw="yesterday" pos="ADV">yesterday </w><w c5="CJC" hw="but" pos="CONJ">but </w><w c5="PNP" hw="i" pos="PRON">I </w><w c5="VM0" hw="must" pos="VERB">must </w><w c5="VVI" hw="say" pos="VERB">say </w><w c5="DPS" hw="i" pos="PRON">my </w><c c5="PUQ">‘</c><w c5="NN1" hw="bonne" pos="SUBST">bonne</w><c c5="PUQ">’ </c><w c5="VBD" hw="be" pos="VERB">was </w><w c5="AV0" hw="very" pos="ADV">very </w><w c5="AJ0" hw="good" pos="ADJ">good </w><w c5="PRP" hw="to" pos="PREP">to </w><w c5="PNP" hw="i" pos="PRON">me</w><c c5="PUN">.</c></s>
<s n="6"><w c5="PNP" hw="she" pos="PRON">She </w><w c5="VVD" hw="give" pos="VERB">gave </w><w c5="PNP" hw="i" pos="PRON">me </w><w c5="AT0" hw="an" pos="ART">an </w><w c5="AJ0" hw="extra" pos="ADJ">extra </w><w c5="NN1" hw="pillow" pos="SUBST">pillow</w><c c5="PUN">, </c><w c5="VVD" hw="keep" pos="VERB">kept </w><w c5="PNP" hw="i" pos="PRON">me </w><w c5="VVD" hw="supply" pos="VERB">supplied </w><w c5="PRP" hw="with" pos="PREP">with </w><w c5="AJ0" hw="boiling" pos="ADJ">boiling </w><w c5="NN2" hw="bottle" pos="SUBST">bottles</w><c c5="PUN">, </c><w c5="VVD" hw="bring" pos="VERB">brought </w><w c5="PNP" hw="i" pos="PRON">me </w><w c5="NP0" hw="vichy" pos="SUBST">Vichy</w><c c5="PUN">, </c><w c5="CJC" hw="and" pos="CONJ">and </w><w c5="DPS" hw="i" pos="PRON">my </w><w c5="NN2" hw="meal" pos="SUBST">meals </w><w c5="PRP" hw="on" pos="PREP">on </w><w c5="AT0" hw="a" pos="ART">a </w><w c5="AJ0" hw="little" pos="ADJ">little </w><w c5="AJ0" hw="round" pos="ADJ">round </w><w c5="NN1" hw="table" pos="SUBST">table</w><c c5="PUN">, </c><w c5="AV0" hw="actually" pos="ADV">actually </w><w c5="VVN-VVD" hw="produce" pos="VERB">produced </w><w c5="AT0" hw="a" pos="ART">a </w><w c5="NN1" hw="bottle" pos="SUBST">bottle </w><w c5="PRF" hw="of" pos="PREP">of </w><w c5="NN1" hw="alcool" pos="SUBST">alcool </w><w c5="NN1" hw="camphre" pos="SUBST">camphre </w><w c5="CJC" hw="&amp;" pos="CONJ">&amp; </w><w c5="VVD" hw="friction" pos="VERB">frictioned </w><w c5="PNP" hw="i" pos="PRON">me </w><w c5="CJC" hw="&amp;" pos="CONJ">&amp; </w><w c5="VVD" hw="give" pos="VERB">gave </w><w c5="PNP" hw="i" pos="PRON">me </w><w c5="DT0" hw="some" pos="ADJ">some </w><w c5="NN1" hw="lime" pos="SUBST">lime </w><w c5="NN1" hw="flower" pos="SUBST">flower </w><w c5="NN1" hw="tea" pos="SUBST">tea </w><w c5="CJS" hw="before" pos="CONJ">before </w><w c5="PNP" hw="i" pos="PRON">I </w><w c5="VVD" hw="go" pos="VERB">went </w><w c5="PRP" hw="to" pos="PREP">to </w><w c5="NN1" hw="sleep" pos="SUBST">sleep</w><c c5="PUN">.</c></s>
<s n="7"><w c5="XX0" hw="not" pos="ADV">Not </w><w c5="VVG" hw="count" pos="VERB">counting </w><w c5="AT0" hw="the" pos="ART">the </w><w c5="NN1" hw="number" pos="SUBST">number </w><w c5="PRF" hw="of" pos="PREP">of </w><w c5="NN2" hw="time" pos="SUBST">times </w><w c5="PNP" hw="she" pos="PRON">she </w><w c5="VVD" hw="put" pos="VERB">put </w><w c5="DPS" hw="she" pos="PRON">her </w><w c5="AJ0-NN1" hw="fat" pos="ADJ">fat </w><w c5="NN1-VVB" hw="face" pos="SUBST">face </w><w c5="PRP-AVP" hw="round" pos="PREP">round </w><w c5="AT0" hw="the" pos="ART">the </w><w c5="NN1" hw="door" pos="SUBST">door </w><w c5="CJC" hw="&amp;" pos="CONJ">&amp; </w><w c5="VVD" hw="say" pos="VERB">said</w><c c5="PUN">, </c><w c5="VVG" hw="nod" pos="VERB">nodding </w><w c5="CJC" hw="and" pos="CONJ">and </w><w c5="VVG-AJ0" hw="smile" pos="VERB">smiling </w><w c5="AV0" hw="as" pos="ADV">as </w><w c5="AV0" hw="only" pos="ADV">only </w><w c5="AT0" hw="a" pos="ART">a </w><w c5="NN1" hw="frenchwoman" pos="SUBST">Frenchwoman </w><w c5="VM0" hw="can" pos="VERB">can</w><c c5="PUN">, </c><w c5="PRP" hw="with" pos="PREP">with </w><w c5="AT0" hw="an" pos="ART">an </w><w c5="NN1" hw="air" pos="SUBST">air </w><w c5="PRF" hw="of" pos="PREP">of </w><w c5="AJ0" hw="delighted" pos="ADJ">delighted </w><w c5="NN1" hw="gaiety" pos="SUBST">gaiety </w><c c5="PUL">(</c><c c5="PUN">!</c><c c5="PUR">)</c></s>
<s n="8"><c c5="PUQ">‘</c><w c5="UNC" hw="vous" pos="UNC">Vous </w><w c5="VVB-NN1" hw="souffrez" pos="VERB">souffrez </w><w c5="NN2-VVZ" hw="toujour" pos="SUBST">toujours</w><c c5="PUQ">’</c><c c5="PUN">.</c></s>
<s n="9"><w c5="PNP" hw="she" pos="PRON">She</w><w c5="VBZ" hw="s" pos="VERB">s </w><w c5="AT0" hw="the" pos="ART">the </w><w c5="AJ0" hw="only" pos="ADJ">only </w><w c5="NN1" hw="creature" pos="SUBST">creature </w><w c5="PNP" hw="i" pos="PRON">I</w><w c5="VHB" hw="have" pos="VERB">'ve </w><w c5="VVN" hw="see" pos="VERB">seen</w><c c5="PUN">…</c></s>
<s n="10"><w c5="NP0" hw="kay" pos="SUBST">Kay</w><w c5="POS" hw="'s" pos="UNC">'s </w><w c5="NN1" hw="money" pos="SUBST">money </w><w c5="VHZ" hw="have" pos="VERB">has </w><w c5="VVN" hw="come" pos="VERB">come </w><w c5="CJC" hw="and" pos="CONJ">and </w><w c5="CJS" hw="as" pos="CONJ">as </w><w c5="PNP" hw="i" pos="PRON">I </w><w c5="VBB" hw="be" pos="VERB">am </w><w c5="VVG" hw="spend" pos="VERB">spending </w><w c5="PNI" hw="nothing" pos="PRON">nothing </w><w c5="AV0" hw="else" pos="ADV">else </w><w c5="PNP" hw="it" pos="PRON">it </w><w c5="VM0" hw="will" pos="VERB">will </w><w c5="VBI" hw="be" pos="VERB">be </w><w c5="AV0" hw="perfectly" pos="ADV">perfectly </w><w c5="AJ0" hw="alright" pos="ADJ">alright</w><c c5="PUN">.</c></s>
<s n="11"><w c5="PNP" hw="it" pos="PRON">It </w><w c5="VBZ" hw="be" pos="VERB">is </w><w c5="DT0" hw="such" pos="ADJ">such </w><w c5="AT0" hw="a" pos="ART">a </w><w c5="AJ0" hw="beautiful" pos="ADJ">beautiful </w><w c5="NN1" hw="day" pos="SUBST">day </w><w c5="AV0" hw="today" pos="ADV">today</w><c c5="PUN">.</c></s>
<s n="12"><w c5="EX0" hw="there" pos="PRON">There </w><w c5="VVZ" hw="seem" pos="VERB">seems </w><w c5="TO0" hw="to" pos="PREP">to </w><w c5="VBI" hw="be" pos="VERB">be </w><w c5="AT0" hw="a" pos="ART">a </w><w c5="NN1" hw="ring" pos="SUBST">ring </w><w c5="PRF" hw="of" pos="PREP">of </w><w c5="NN1-AJ0" hw="light" pos="SUBST">light </w><w c5="PRP" hw="round" pos="PREP">round </w><w c5="PNI" hw="everything" pos="PRON">everything </w><c c5="PUN">— </c><w c5="PNP" hw="it" pos="PRON">It </w><w c5="VBZ" hw="be" pos="VERB">is </w><w c5="AV0-AJ0" hw="still" pos="ADV">still </w><w c5="CJC" hw="and" pos="CONJ">and </w><w c5="AJ0" hw="sunny" pos="ADJ">sunny </w><c c5="PUN">— </c><w c5="AV0" hw="so" pos="ADV">so </w><w c5="AV0" hw="still" pos="ADV">still </w><w c5="PNP" hw="you" pos="PRON">you </w><w c5="VM0" hw="could" pos="VERB">could </w><w c5="VVI" hw="hear" pos="VERB">hear </w><w c5="AT0" hw="a" pos="ART">a </w><w c5="NN1" hw="spider" pos="SUBST">spider </w><w c5="NN1-VVB" hw="spin" pos="SUBST">spin</w><c c5="PUN">.</c></s>
<s n="13"><w c5="PNP" hw="i" pos="PRON">I </w><w c5="VVD" hw="dream" pos="VERB">dreamed </w><w c5="ORD" hw="last" pos="ADJ">last </w><w c5="NN1" hw="night" pos="SUBST">night </w><w c5="CJT" hw="that" pos="CONJ">that </w><w c5="PNP" hw="i" pos="PRON">I </w><w c5="VVD" hw="sit" pos="VERB">sat </w><w c5="PRP" hw="by" pos="PREP">by </w><w c5="AT0" hw="a" pos="ART">a </w><w c5="NN1" hw="fire" pos="SUBST">fire </w><w c5="PRP" hw="with" pos="PREP">with </w><w c5="NN1" hw="grandmother" pos="SUBST">Grandmother </w><w c5="CJC" hw="&amp;" pos="CONJ">&amp; </w><w c5="DPS" hw="i" pos="PRON">my </w><w c5="NN1" hw="brother" pos="SUBST">brother </w><w c5="CJC" hw="&amp;" pos="CONJ">&amp; </w><w c5="CJS-AVQ" hw="when" pos="CONJ">when </w><w c5="PNP" hw="i" pos="PRON">I </w><w c5="VVD" hw="wake" pos="VERB">woke </w><w c5="AVP" hw="up" pos="ADV">up </w><w c5="PNP" hw="i" pos="PRON">I </w><w c5="AV0" hw="still" pos="ADV">still </w><w c5="VVD" hw="feel" pos="VERB">felt </w><w c5="DPS" hw="i" pos="PRON">my </w><w c5="NN1" hw="brother" pos="SUBST">brother</w><w c5="POS" hw="'s" pos="UNC">'s </w><w c5="NN1" hw="hand" pos="SUBST">hand</w><c c5="PUN">.</c></s>
<s n="14"><w c5="DT0" hw="that" pos="ADJ">That </w><w c5="VBZ" hw="be" pos="VERB">is </w><w c5="AJ0" hw="true" pos="ADJ">true</w><c c5="PUN">.</c></s>
<s n="15"><w c5="CJS" hw="for" pos="CONJ">For </w><w c5="DPS" hw="i" pos="PRON">my </w><w c5="NN2" hw="hand" pos="SUBST">hands </w><w c5="VBD" hw="be" pos="VERB">were </w><w c5="XX0" hw="not" pos="ADV">not </w><w c5="AV0" hw="together" pos="ADV">together </w><c c5="PUN">— </c><w c5="PNP" hw="they" pos="PRON">They </w><w c5="VBD" hw="be" pos="VERB">were </w><w c5="VVG" hw="hold" pos="VERB">holding </w><w c5="DT0" hw="another" pos="ADJ">another </w><w c5="NN1" hw="hand" pos="SUBST">hand </w><c c5="PUN">— </c><w c5="PNP" hw="i" pos="PRON">I </w><w c5="VVD" hw="feel" pos="VERB">felt </w><w c5="AT0" hw="the" pos="ART">the </w><w c5="NN1" hw="weight" pos="SUBST">weight </w><w c5="CJC" hw="and" pos="CONJ">and </w><w c5="AT0" hw="the" pos="ART">the </w><w c5="NN1" hw="warmth" pos="SUBST">warmth </w><w c5="PRF" hw="of" pos="PREP">of </w><w c5="PNP" hw="it" pos="PRON">it </w><w c5="PRP" hw="for" pos="PREP">for </w><w c5="AV0" hw="quite" pos="ADV">quite </w><w c5="AT0" hw="a" pos="ART">a </w><w c5="AJ0" hw="long" pos="ADJ">long </w><w c5="NN1" hw="time" pos="SUBST">time</w><c c5="PUN">…</c></s>
<s n="16"><c c5="PUL">(</c><w c5="AT0" hw="the" pos="ART">The </w><w c5="AJ0" hw="collected" pos="ADJ">Collected </w><w c5="NN2" hw="letter" pos="SUBST">Letters </w><w c5="PRF" hw="of" pos="PREP">of </w><w c5="NP0" hw="katherine" pos="SUBST">Katherine </w><w c5="NP0" hw="mansfield" pos="SUBST">Mansfield</w><c c5="PUN">, </c><w c5="NP0" hw="oxford" pos="SUBST">Oxford</w><c c5="PUN">, </c><w c5="CRD" hw="1984" pos="ADJ">1984</w><c c5="PUN">: </c><w c5="DPS" hw="she" pos="PRON">her </w><w c5="AJ0" hw="only" pos="ADJ">only </w><w c5="NN1" hw="brother" pos="SUBST">brother </w><w c5="VHD" hw="have" pos="VERB">had </w><w c5="VBN" hw="be" pos="VERB">been </w><w c5="VVN" hw="kill" pos="VERB">killed </w><w c5="PRP" hw="in" pos="PREP">in </w><w c5="NP0" hw="france" pos="SUBST">France </w><w c5="CRD" hw="two" pos="ADJ">two </w><w c5="NN2" hw="month" pos="SUBST">months </w><w c5="AV0" hw="before" pos="ADV">before</w><c c5="PUN">.</c><c c5="PUR">)</c></s>
<s n="17"><w c5="NP0" hw="december" pos="SUBST">December </w><w c5="CRD" hw="13" pos="ADJ">13</w><c c5="PUN">, </c><w c5="CRD" hw="1956" pos="ADJ">1956</w><c c5="PUN">: </c><w c5="AJ0" hw="dear" pos="ADJ">Dear </w><w c5="NN1" hw="bunny" pos="SUBST">Bunny</w><c c5="PUN">, </c><w c5="EX0" hw="there" pos="PRON">There </w><w c5="VBB" hw="be" pos="VERB">are </w><w c5="DT0" hw="some" pos="ADJ">some </w><w c5="AJ0" hw="delightful" pos="ADJ">delightful</w><c c5="PUN">, </c><w c5="AJ0" hw="first-rate" pos="ADJ">first-rate </w><w c5="NN2" hw="piece" pos="SUBST">pieces </w><w c5="PRP" hw="in" pos="PREP">in </w><w c5="DPS" hw="you" pos="PRON">your </w><w c5="NN1" hw="book" pos="SUBST">book</w><c c5="PUN">, </c><mw c5="PRP"><w c5="DT0" hw="such" pos="ADJ">such </w><w c5="PRP" hw="as" pos="PREP">as </w></mw><w c5="AT0" hw="the" pos="ART">the </w><w c5="PNI" hw="one" pos="PRON">one </w><w c5="PRP" hw="about" pos="PREP">about </w><w c5="DPS" hw="you" pos="PRON">your </w><w c5="NN1" hw="father" pos="SUBST">father </w><w c5="CJC" hw="and" pos="CONJ">and </w><w c5="AT0" hw="the" pos="ART">the </w><w c5="ORD" hw="first" pos="ADJ">first </w><w c5="PRF" hw="of" pos="PREP">of </w><w c5="AT0" hw="the" pos="ART">the </w><w c5="CRD" hw="two" pos="ADJ">two </w><w c5="PRP" hw="about" pos="PREP">about </w><w c5="AT0" hw="the" pos="ART">the </w><w c5="NN2" hw="jew" pos="SUBST">Jews</w><c c5="PUN">, </c><w c5="CJC" hw="but" pos="CONJ">but </w><w c5="PNP" hw="i" pos="PRON">I </w><w c5="VBB" hw="be" pos="VERB">am </w><w c5="AV0" hw="as" pos="ADV">as </w><w c5="AV0" hw="always" pos="ADV">always </w><w c5="AJ0" hw="distressed" pos="ADJ">distressed </w><w c5="PRP" hw="by" pos="PREP">by </w><w c5="DPS" hw="you" pos="PRON">your </w><w c5="NN1" hw="conception" pos="SUBST">conception </w><w c5="PRF" hw="of" pos="PREP">of </w><w c5="AJ0" hw="russian" pos="ADJ">Russian </w><w c5="NN1" hw="history" pos="SUBST">history</w><c c5="PUN">, </c><w c5="DTQ" hw="which" pos="PRON">which </w><w c5="VBZ" hw="be" pos="VERB">is </w><w c5="DT0" hw="all" pos="ADJ">all </w><w c5="AJ0" hw="wrong" pos="ADJ">wrong</w><c c5="PUN">, </c><w c5="VBG" hw="be" pos="VERB">being </w><w c5="VVN" hw="base" pos="VERB">based </w><w c5="PRP" hw="on" pos="PREP">on </w><w c5="AT0" hw="the" pos="ART">the </w><w c5="AJ0" hw="stale" pos="ADJ">stale </w><w c5="AJ0-NN1" hw="bolshevist" pos="ADJ">Bolshevist </w><w c5="NN1" hw="propaganda" pos="SUBST">propaganda </w><w c5="DTQ" hw="which" pos="PRON">which </w><w c5="PNP" hw="you" pos="PRON">you </w><w c5="VVD" hw="imbibe" pos="VERB">imbibed </w><w c5="PRP-AVP" hw="in" pos="PREP">in </w><w c5="DPS" hw="you" pos="PRON">your </w><w c5="NN1" hw="youth" pos="SUBST">youth</w><c c5="PUN">.</c></s>
<s n="18"><w c5="PNP" hw="i" pos="PRON">I </w><w c5="VM0" hw="can" pos="VERB">can</w><w c5="XX0" hw="not" pos="ADV">not </w><w c5="VVI" hw="understand" pos="VERB">understand </w><w c5="AVQ" hw="how" pos="ADV">how </w><w c5="PNP" hw="you" pos="PRON">you</w><c c5="PUN">, </c><w c5="PNQ" hw="who" pos="PRON">who </w><w c5="VVB" hw="appreciate" pos="VERB">appreciate </w><w c5="AV0" hw="so" pos="ADV">so </w><w c5="DT0" hw="much" pos="ADJ">much </w><w c5="AJ0" hw="russian" pos="ADJ">Russian </w><w c5="NN2" hw="writer" pos="SUBST">writers </w><w c5="PRF" hw="of" pos="PREP">of </w><w c5="AT0" hw="the" pos="ART">the </w><w c5="ORD" hw="nineteenth" pos="ADJ">Nineteenth </w><w c5="NN1" hw="century" pos="SUBST">Century</w><c c5="PUN">, </c><w c5="VM0" hw="can" pos="VERB">can </w><w c5="VVI" hw="combine" pos="VERB">combine </w><w c5="DT0" hw="this" pos="ADJ">this </w><w c5="NN1" hw="appreciation" pos="SUBST">appreciation </w><w c5="PRP" hw="with" pos="PREP">with </w><w c5="AT0" hw="a" pos="ART">a </w><w c5="AJ0" hw="complete" pos="ADJ">complete </w><w c5="NN1" hw="ignorance" pos="SUBST">ignorance </w><w c5="PRF" hw="of" pos="PREP">of </w><w c5="AT0" hw="the" pos="ART">the </w><w c5="NN1" hw="obshchestvennoe" pos="SUBST">obshchestvennoe </w><w c5="NN1" hw="dvizhenie" pos="SUBST">dvizhenie </w><c c5="PUL">(</c><w c5="AJ0" hw="liberal" pos="ADJ">liberal </w><w c5="NN1" hw="movement" pos="SUBST">movement</w><c c5="PUR">) </c><w c5="CJT" hw="that" pos="CONJ">that </w><w c5="VVD" hw="start" pos="VERB">started </w><w c5="PRP" hw="in" pos="PREP">in </w><w c5="AT0" hw="the" pos="ART">the </w><w c5="NN1" hw="time" pos="SUBST">time </w><w c5="PRF" hw="of" pos="PREP">of </w><w c5="NP0" hw="alexander" pos="SUBST">Alexander </w><w c5="CRD" hw="i" pos="ADJ">I</w><c c5="PUN">, </c><w c5="VBD" hw="be" pos="VERB">was </w><w c5="AV0" hw="conspicuously" pos="ADV">conspicuously </w><w c5="AJ0" hw="present" pos="ADJ">present </w><w c5="PRP" hw="throughout" pos="PREP">throughout </w><w c5="AT0" hw="the" pos="ART">the </w><w c5="NN1" hw="century" pos="SUBST">century </w><c c5="PUL">(</c><w c5="PRP" hw="despite" pos="PREP">despite </w><w c5="NN1" hw="absolutism" pos="SUBST">absolutism</w><c c5="PUR">)</c><c c5="PUN">, </c><w c5="CJC" hw="and" pos="CONJ">and </w><w c5="VBD" hw="be" pos="VERB">was </w><w c5="AV0" hw="deliberately" pos="ADV">deliberately </w><w c5="VVN-VVD" hw="play" pos="VERB">played </w><w c5="AVP" hw="down" pos="ADV">down </w><w c5="PRP" hw="by" pos="PREP">by </w><w c5="AT0" hw="the" pos="ART">the </w><w c5="NN2" hw="leninist" pos="SUBST">Leninists </w><w c5="CJC" hw="and" pos="CONJ">and </w><w c5="NN2" hw="trotskyist" pos="SUBST">Trotskyists </w><w c5="PRP" hw="for" pos="PREP">for </w><w c5="NN1" hw="propaganda" pos="SUBST">propaganda </w><w c5="NN2" hw="reason" pos="SUBST">reasons</w><c c5="PUN">.</c></s>
<s n="19"><w c5="PNP" hw="we" pos="PRON">We </w><w c5="VHB" hw="have" pos="VERB">have </w><w c5="VBN" hw="be" pos="VERB">been </w><w c5="AV0" hw="always" pos="ADV">always </w><w c5="AJ0" hw="frank" pos="ADJ">frank </w><w c5="PRP" hw="with" pos="PREP">with </w><mw c5="PNX"><w c5="DT0" hw="each" pos="ADJ">each </w><w c5="NN1" hw="other" pos="SUBST">other</w></mw><c c5="PUN">, </c><w c5="CJC" hw="and" pos="CONJ">and </w><w c5="PNP" hw="i" pos="PRON">I </w><w c5="VVB" hw="know" pos="VERB">know </w><w c5="CJT" hw="that" pos="CONJ">that </w><w c5="PNP" hw="you" pos="PRON">you </w><w c5="VM0" hw="will" pos="VERB">will </w><w c5="VVI" hw="find" pos="VERB">find </w><w c5="DPS" hw="i" pos="PRON">my </w><w c5="NN1" hw="criticism" pos="SUBST">criticism </w><w c5="AJ0" hw="exhilarating" pos="ADJ">exhilarating</w><c c5="PUN">.</c></s>
<s n="20"><w c5="AT0" hw="the" pos="ART">The </w><w c5="NP0" hw="nabokov-wilson" pos="SUBST">Nabokov-Wilson </w><w c5="NN2" hw="letter" pos="SUBST">Letters </w><w c5="CRD" hw="1940-1971" pos="ADJ">1940-1971</w><c c5="PUN">, </c><w c5="VVN" hw="edit" pos="VERB">edited </w><w c5="PRP" hw="by" pos="PREP">by </w><w c5="NP0" hw="simon" pos="SUBST">Simon </w><w c5="NP0" hw="karlinsky" pos="SUBST">Karlinsky </w><c c5="PUL">(</c><w c5="NP0-NN1" hw="weidenfeld" pos="SUBST">Weidenfeld </w><w c5="CJC" hw="&amp;" pos="CONJ">&amp; </w><w c5="NP0" hw="nicolson" pos="SUBST">Nicolson</w><c c5="PUN">, </c><w c5="CRD" hw="1979" pos="ADJ">1979</w><c c5="PUR">)</c></s></p></div><div level="1" n="13-DEC-89 edition, page 22"><head>
<s n="21"><w c5="AT0" hw="a" pos="ART">A </w><w c5="NN1" hw="country" pos="SUBST">Country </w><w c5="NN1" hw="diary" pos="SUBST">Diary</w><c c5="PUN">: </c><w c5="NP0" hw="oxfordshire" pos="SUBST">OXFORDSHIRE</w><c c5="PUN">: </c><w c5="AVQ" hw="when" pos="ADV">When</w><c c5="PUN">, </c><w c5="PRP" hw="during" pos="PREP">during </w><w c5="AT0" hw="the" pos="ART">the </w><w c5="NP0" hw="october" pos="SUBST">October </w><w c5="NN2" hw="gale" pos="SUBST">gales</w><c c5="PUN">, </c><w c5="AT0" hw="the" pos="ART">the </w><w c5="NN1" hw="ground" pos="SUBST">ground </w><w c5="PRP" hw="beneath" pos="PREP">beneath </w><w c5="DPS" hw="i" pos="PRON">my </w><w c5="NN1-NP0" hw="sturmer" pos="SUBST">Sturmer </w><w c5="NN1-NP0" hw="pippin" pos="SUBST">Pippin </w><w c5="VBD" hw="be" pos="VERB">was </w><w c5="VVN" hw="strew" pos="VERB">strewn </w><w c5="PRP" hw="with" pos="PREP">with </w><w c5="NN2" hw="windfall" pos="SUBST">windfalls</w><c c5="PUN">, </c><w c5="PNP" hw="i" pos="PRON">I </w><w c5="VVD" hw="attempt" pos="VERB">attempted </w><w c5="TO0" hw="to" pos="PREP">to </w><w c5="VVI" hw="harvest" pos="VERB">harvest </w><w c5="AT0" hw="the" pos="ART">the </w><w c5="NN1" hw="remnant" pos="SUBST">remnant</w><c c5="PUN">, </c><w c5="CJC" hw="but" pos="CONJ">but </w><w c5="VVD" hw="find" pos="VERB">found </w><w c5="CJT" hw="that" pos="CONJ">that </w><w c5="PNP" hw="they" pos="PRON">they </w><w c5="VBD" hw="be" pos="VERB">were </w><w c5="AV0" hw="still" pos="ADV">still </w><w c5="AV0" hw="firmly" pos="ADV">firmly </w><w c5="VVN" hw="affix" pos="VERB">affixed </w><w c5="PRP" hw="to" pos="PREP">to </w><w c5="DPS" hw="they" pos="PRON">their </w><w c5="NN2" hw="spurs" pos="SUBST">spurs</w><c c5="PUN">, </c><w c5="CJC" hw="and" pos="CONJ">and </w><w c5="CJT" hw="that" pos="CONJ">that </w><w c5="DT0" hw="those" pos="ADJ">those </w><w c5="DTQ" hw="which" pos="PRON">which </w><w c5="VHD" hw="have" pos="VERB">had </w><w c5="VVN" hw="fall" pos="VERB">fallen </w><w c5="VHD" hw="have" pos="VERB">had </w><w c5="VBN" hw="be" pos="VERB">been </w><w c5="VVN" hw="wrench" pos="VERB">wrenched </w><w c5="AVP" hw="off" pos="ADV">off</w><c c5="PUN">, </c><w c5="NN2" hw="spurs" pos="SUBST">spurs </w><w c5="CJC" hw="and" pos="CONJ">and </w><w c5="DT0" hw="all" pos="ADJ">all</w><c c5="PUN">.</c></s>
<s n="22"><w c5="DT0" hw="this" pos="ADJ">This </w><w c5="AJ0" hw="fine" pos="ADJ">fine </w><w c5="AJ0" hw="old" pos="ADJ">old </w><w c5="NN1" hw="variety" pos="SUBST">variety</w><c c5="PUN">, </c><w c5="VVN-VVD" hw="raise" pos="VERB">raised </w><w c5="PRP" hw="in" pos="PREP">in </w><w c5="NP0" hw="suffolk" pos="SUBST">Suffolk </w><w c5="AV0" hw="about" pos="ADV">about </w><w c5="CRD" hw="150" pos="ADJ">150 </w><w c5="NN2" hw="year" pos="SUBST">years </w><w c5="AV0" hw="ago" pos="ADV">ago</w><c c5="PUN">, </c><w c5="VVZ" hw="owe" pos="VERB">owes </w><w c5="DPS" hw="it" pos="PRON">its </w><w c5="AJ0" hw="aromatic" pos="ADJ">aromatic </w><w c5="NN1" hw="flavour" pos="SUBST">flavour </w><w c5="PRP" hw="to" pos="PREP">to </w><w c5="DT0" hw="another" pos="ADJ">another </w><w c5="AJ0" hw="good" pos="ADJ">good </w><w c5="AJ0" hw="old" pos="ADJ">old </w><w c5="NN1" hw="apple" pos="SUBST">apple</w><c c5="PUN">, </c><w c5="NP0" hw="ribston" pos="SUBST">Ribston </w><w c5="NP0" hw="pippin" pos="SUBST">Pippin</w><c c5="PUN">, </c><w c5="DTQ" hw="which" pos="PRON">which </w><w c5="VBD" hw="be" pos="VERB">was </w><w c5="CRD" hw="one" pos="ADJ">one </w><w c5="PRF" hw="of" pos="PREP">of </w><w c5="DPS" hw="it" pos="PRON">its </w><w c5="NN2" hw="parent" pos="SUBST">parents</w><c c5="PUN">.</c></s>
<s n="23"><w c5="CJC" hw="but" pos="CONJ">But</w><c c5="PUN">, </c><w c5="CJS-PRP" hw="as" pos="CONJ">as </w><w c5="AT0" hw="a" pos="ART">a </w><w c5="AV0" hw="commercially" pos="ADV">commercially </w><w c5="AJ0" hw="viable" pos="ADJ">viable </w><w c5="NN1" hw="variety" pos="SUBST">variety </w><w c5="PRP" hw="in" pos="PREP">in </w><w c5="DPS" hw="we" pos="PRON">our </w><w c5="NN1" hw="climate" pos="SUBST">climate</w><c c5="PUN">, </c><w c5="PNP" hw="it" pos="PRON">it </w><w c5="VHZ" hw="have" pos="VERB">has </w><w c5="CRD" hw="two" pos="ADJ">two </w><w c5="NN2" hw="drawback" pos="SUBST">drawbacks</w><c c5="PUN">, </c><w c5="AV0" hw="firstly" pos="ADV">firstly </w><w c5="DPS" hw="it" pos="PRON">its </w><w c5="NN1" hw="lateness" pos="SUBST">lateness </w><w c5="PRP" hw="in" pos="PREP">in </w><w c5="VVG-AJ0" hw="ripen" pos="VERB">ripening</w><c c5="PUN">, </c><w c5="CJC" hw="and" pos="CONJ">and</w><c c5="PUN">, </c><w c5="AV0" hw="secondly" pos="ADV">secondly</w><c c5="PUN">, </c><w c5="PRP" hw="in" pos="PREP">in </w><w c5="AJ0" hw="normal" pos="ADJ">normal </w><w c5="AJ0" hw="british" pos="ADJ">British </w><w c5="NN1" hw="weather" pos="SUBST">weather</w><c c5="PUN">, </c><w c5="AT0" hw="a" pos="ART">a </w><w c5="AJ0" hw="dull" pos="ADJ">dull </w><w c5="AJ0" hw="russety-greenish" pos="ADJ">russety-greenish </w><w c5="NN1" hw="colour" pos="SUBST">colour </w><w c5="DTQ" hw="which" pos="PRON">which </w><w c5="VDZ" hw="do" pos="VERB">does </w><w c5="XX0" hw="not" pos="ADV">not </w><w c5="VVI" hw="suggest" pos="VERB">suggest </w><w c5="AT0" hw="the" pos="ART">the </w><w c5="AJ0" hw="hidden" pos="ADJ">hidden </w><w c5="NN1" hw="flavour" pos="SUBST">flavour</w><c c5="PUN">.</c></s>
<s n="24"><w c5="CJC" hw="but" pos="CONJ">But</w><c c5="PUN">, </c><w c5="NN2" hw="thanks" pos="SUBST">thanks </w><w c5="PRP" hw="to" pos="PREP">to </w><w c5="AT0" hw="the" pos="ART">the </w><w c5="AJ0" hw="sunny" pos="ADJ">sunny </w><w c5="NN1" hw="summer" pos="SUBST">summer</w><c c5="PUN">, </c><w c5="DT0" hw="many" pos="ADJ">many </w><w c5="PRF" hw="of" pos="PREP">of </w><w c5="AT0" hw="the" pos="ART">the </w><w c5="AJ0" hw="topmost" pos="ADJ">topmost </w><w c5="NN2" hw="specimen" pos="SUBST">specimens </w><w c5="PRP" hw="on" pos="PREP">on </w><w c5="DPS" hw="i" pos="PRON">my </w><w c5="NN1" hw="tree" pos="SUBST">tree </w><w c5="VBB" hw="be" pos="VERB">are </w><w c5="CJS" hw="as" pos="CONJ">as </w><w c5="VVN-AJ0" hw="flush" pos="VERB">flushed </w><w c5="PRP" hw="with" pos="PREP">with </w><w c5="NN1" hw="orange" pos="SUBST">orange </w><w c5="CJC" hw="and" pos="CONJ">and </w><w c5="NN1" hw="pink" pos="SUBST">pink </w><w c5="PRP-CJS" hw="as" pos="PREP">as </w><w c5="AT0" hw="the" pos="ART">the </w><w c5="AJ0" hw="imported" pos="ADJ">imported </w><w c5="NN1" hw="stock" pos="SUBST">stock </w><w c5="PRP" hw="from" pos="PREP">from </w><w c5="NP0" hw="australia" pos="SUBST">Australia</w><c c5="PUN">.</c></s>
<s n="25"><w c5="CJS" hw="although" pos="CONJ">Although </w><w c5="PNP" hw="it" pos="PRON">it </w><w c5="VBZ" hw="be" pos="VERB">is </w><w c5="VVN" hw="assume" pos="VERB">assumed </w><w c5="CJT" hw="that" pos="CONJ">that </w><w c5="NN2" hw="bird" pos="SUBST">birds </w><w c5="VHB" hw="have" pos="VERB">have </w><w c5="XX0" hw="not" pos="ADV">not </w><w c5="AT0" hw="a" pos="ART">a </w><w c5="AV0" hw="highly" pos="ADV">highly </w><w c5="AJ0-VVN" hw="developed" pos="ADJ">developed </w><w c5="NN1" hw="sense" pos="SUBST">sense </w><w c5="PRF" hw="of" pos="PREP">of </w><w c5="NN1" hw="taste" pos="SUBST">taste</w><c c5="PUN">, </c><w c5="AV0" hw="both" pos="ADV">both </w><w c5="NN2" hw="tit" pos="SUBST">tits </w><w c5="CJC" hw="and" pos="CONJ">and </w><w c5="NN2" hw="blackbird" pos="SUBST">blackbirds</w><c c5="PUN">, </c><w c5="PRP" hw="despite" pos="PREP">despite </w><w c5="DT0" hw="any" pos="ADJ">any </w><w c5="AJ0" hw="flamboyant" pos="ADJ">flamboyant </w><w c5="NN1" hw="coloration" pos="SUBST">coloration </w><w c5="TO0" hw="to" pos="PREP">to </w><w c5="VVI" hw="attract" pos="VERB">attract </w><w c5="PNP" hw="they" pos="PRON">them</w><c c5="PUN">, </c><w c5="VVB" hw="recognise" pos="VERB">recognise </w><w c5="NN2" hw="sturmer" pos="SUBST">Sturmers </w><w c5="CJS" hw="as" pos="CONJ">as </w><w c5="AJ0" hw="worthy" pos="ADJ">worthy </w><w c5="PRF" hw="of" pos="PREP">of </w><w c5="NN1" hw="attention" pos="SUBST">attention</w><c c5="PUN">, </c><w c5="CJC" hw="and" pos="CONJ">and </w><w c5="DT0" hw="those" pos="ADJ">those </w><mw c5="PRP"><w c5="AVP" hw="out" pos="ADV">out </w><w c5="PRF" hw="of" pos="PREP">of </w></mw><w c5="NN1" hw="reach" pos="SUBST">reach</w><c c5="PUN">, </c><w c5="CJS" hw="when" pos="CONJ">when </w><w c5="AJC" hw="hard" pos="ADJ">harder </w><w c5="NN1" hw="weather" pos="SUBST">weather </w><w c5="VVZ" hw="prevail" pos="VERB">prevails</w><c c5="PUN">, </c><w c5="VM0" hw="will" pos="VERB">will</w><c c5="PUN">, </c><w c5="CJS" hw="as" pos="CONJ">as </w><w c5="PRP" hw="in" pos="PREP">in </w><w c5="DT0" hw="former" pos="ADJ">former </w><w c5="NN2" hw="winter" pos="SUBST">winters</w><c c5="PUN">, </c><w c5="VVB" hw="attract" pos="VERB">attract </w><w c5="AV0" hw="both" pos="ADV">both </w><w c5="VVZ-NN2" hw="fieldfare" pos="VERB">fieldfares </w><w c5="CJC" hw="and" pos="CONJ">and </w><w c5="AJ0-NN1" hw="winter-visiting" pos="ADJ">winter-visiting </w><w c5="NN2" hw="blackcap" pos="SUBST">blackcaps</w><c c5="PUN">.</c></s>
<s n="26"><w c5="PRP" hw="in" pos="PREP">In </w><w c5="DPS" hw="he" pos="PRON">his </w><w c5="AJ0" hw="comprehensive" pos="ADJ">comprehensive </w><w c5="NN2" hw="apple" pos="SUBST">Apples </w><w c5="PRF" hw="of" pos="PREP">Of </w><w c5="NP0" hw="england" pos="SUBST">England</w><c c5="PUN">, </c><w c5="NP0" hw="dr" pos="SUBST">Dr </w><w c5="NP0" hw="taylor" pos="SUBST">Taylor </w><w c5="VVZ" hw="state" pos="VERB">states </w><w c5="CJT" hw="that" pos="CONJ">that </w><c c5="PUQ">‘</c><w c5="PRP" hw="in" pos="PREP">In </w><w c5="NP0" hw="england" pos="SUBST">England </w><w c5="DT0" hw="this" pos="ADJ">this </w><w c5="NN1" hw="variety" pos="SUBST">variety </w><w c5="AV0" hw="only" pos="ADV">only </w><w c5="VVZ" hw="reach" pos="VERB">reaches </w><w c5="AJ0" hw="full" pos="ADJ">full </w><w c5="NN1" hw="maturity" pos="SUBST">maturity </w><w c5="PRP" hw="in" pos="PREP">in </w><w c5="NN2" hw="year" pos="SUBST">years </w><w c5="PRF" hw="of" pos="PREP">of </w><w c5="AJ0" hw="hot" pos="ADJ">hot </w><w c5="NN2" hw="summer" pos="SUBST">summers</w><c c5="PUN">,</c><c c5="PUQ">’ </c><w c5="CJC" hw="and" pos="CONJ">and </w><w c5="VVZ" hw="go" pos="VERB">goes </w><w c5="AVP" hw="on" pos="ADV">on </w><w c5="TO0" hw="to" pos="PREP">to </w><w c5="VVI" hw="say" pos="VERB">say </w><w c5="CJT" hw="that" pos="CONJ">that </w><c c5="PUQ">‘</c><w c5="AV0" hw="indeed" pos="ADV">Indeed</w><c c5="PUN">, </c><w c5="AJ0" hw="november-" pos="ADJ">November- </w><w c5="AJ0-NN1" hw="december-picked" pos="ADJ">December-picked </w><w c5="NN2" hw="sturmer" pos="SUBST">Sturmers </w><w c5="VBB" hw="be" pos="VERB">are </w><w c5="AT0" hw="the" pos="ART">the </w><w c5="AJS" hw="good" pos="ADJ">best</w><c c5="PUN">,</c><c c5="PUQ">’</c><w c5="CJC" hw="and" pos="CONJ">and</w><c c5="PUN">, </c><w c5="PRP" hw="with" pos="PREP">with </w><w c5="AT0" hw="a" pos="ART">a </w><w c5="AJ0" hw="basket-full" pos="ADJ">basket-full </w><w c5="PRF" hw="of" pos="PREP">of </w><w c5="AJ0" hw="fine" pos="ADJ">fine </w><w c5="NN2" hw="specimen" pos="SUBST">specimens </w><w c5="VVN-VVD" hw="pick" pos="VERB">picked </w><w c5="PRP" hw="for" pos="PREP">for </w><w c5="AT0" hw="the" pos="ART">the </w><w c5="ORD" hw="first" pos="ADJ">first </w><w c5="NN1" hw="time" pos="SUBST">time </w><w c5="AV0" hw="ever" pos="ADV">ever </w><w c5="PRP" hw="in" pos="PREP">in </w><w c5="AT0" hw="the" pos="ART">the </w><w c5="DT0" hw="latter" pos="ADJ">latter </w><w c5="NN1" hw="month" pos="SUBST">month</w><c c5="PUN">, </c><w c5="PNP" hw="i" pos="PRON">I </w><w c5="VVB" hw="agree" pos="VERB">agree</w><c c5="PUN">.</c></s>
<s n="27"><w c5="AT0" hw="a" pos="ART">A </w><w c5="AJC" hw="far" pos="ADJ">further </w><w c5="NN1" hw="bonus" pos="SUBST">bonus</w><c c5="PUN">, </c><w c5="CJS" hw="as" pos="CONJ">as </w><w c5="PNP" hw="i" pos="PRON">I </w><w c5="AV0" hw="now" pos="ADV">now </w><w c5="VVB" hw="live" pos="VERB">live </w><w c5="AJ0-AV0" hw="alone" pos="ADJ">alone </w><w c5="CJC" hw="and" pos="CONJ">and </w><w c5="VDB" hw="do" pos="VERB">do </w><w c5="DPS" hw="i" pos="PRON">my </w><w c5="DT0" hw="own" pos="ADJ">own </w><w c5="NN1" hw="catering" pos="SUBST">catering</w><c c5="PUN">, </c><w c5="VBZ" hw="be" pos="VERB">is </w><w c5="DT0-CJT" hw="that" pos="ADJ">that </w><w c5="NN1-NP0" hw="sturmer" pos="SUBST">Sturmer </w><w c5="VBZ" hw="be" pos="VERB">is </w><w c5="AT0" hw="an" pos="ART">an </w><w c5="AJ0" hw="excellent" pos="ADJ">excellent </w><w c5="NN1" hw="cooker" pos="SUBST">cooker</w><c c5="PUN">.</c></s></head><p>
<s n="28"><w c5="NP0" hw="w." pos="SUBST">W. </w><w c5="NP0" hw="d." pos="SUBST">D. </w><w c5="NP0" hw="campbell" pos="SUBST">CAMPBELL</w></s></p></div></wtext></bncDoc>
