<bncDoc xml:id="AJG"><teiHeader><fileDesc><titleStmt><title>  Daily Telegraph, electronic edition of 1992-04-09: Religious affairs stories. Sample containing about 569 words from a periodical (domain: belief and thought) </title><respStmt><resp> Data capture and transcription </resp><name> Oxford University Press </name> </respStmt></titleStmt><editionStmt><edition>BNC XML Edition, December 2006</edition></editionStmt><extent> 569 tokens; 577 w-units; 30 s-units </extent><publicationStmt><distributor>Distributed under licence by Oxford University Computing Services on behalf of the BNC Consortium.</distributor><availability> This material is protected by international copyright laws and may not be copied or redistributed in any way. Consult the BNC Web Site at http://www.natcorp.ox.ac.uk for full licencing and distribution conditions.</availability><idno type="bnc">AJG</idno><idno type="old"> DfBeli </idno></publicationStmt><sourceDesc><bibl><title>Daily Telegraph, electronic edition of 1992-04-09: Religious affairs stories.</title> <imprint n="DAILYT1"><publisher>The Daily Telegraph plc</publisher> <pubPlace>London</pubPlace> <date value="1992">1992</date> </imprint> </bibl></sourceDesc></fileDesc><encodingDesc><tagsDecl><namespace name=""><tagUsage gi="c" occurs="99"/><tagUsage gi="div" occurs="2"/><tagUsage gi="head" occurs="4"/><tagUsage gi="mw" occurs="3"/><tagUsage gi="p" occurs="19"/><tagUsage gi="s" occurs="30"/><tagUsage gi="w" occurs="577"/></namespace></tagsDecl></encodingDesc><profileDesc><creation date="1992"> </creation><textClass><catRef targets="alltim3 news  wriase3  wridom8   wrista3 "/><classCode scheme="DLEE">W newsp brdsht nat: social</classCode><keywords><term> (none) </term></keywords></textClass></profileDesc><revisionDesc><change date="2006-10-21" who="#OUCS">Tag usage updated for BNC-XML</change><change date="2000-12-13" who="#OUCS">Last check for BNC World first release</change><change date="2000-09-06" who="#OUCS">Redo tagusage tables</change><change date="2000-09-01" who="#OUCS">Check all tagcounts</change><change date="2000-06-23" who="#OUCS">Resequenced s-units and added headers</change><change date="2000-01-21" who="#OUCS">Added date info</change><change date="2000-01-09" who="#OUCS">Updated all catrefs</change><change date="2000-01-08" who="#OUCS">Updated source title</change><change date="2000-01-08" who="#OUCS">Updated titles</change><change date="1999-12-25" who="#OUCS">corrected tagUsage</change><change date="1999-09-13" who="#UCREL">POS codes revised for BNC-2; header updated</change><change date="1994-11-24" who="#dominic">Initial accession to corpus</change></revisionDesc></teiHeader>
<wtext type="NEWS"><div level="1"><head type="MAIN">
<s n="1"><w c5="NN1" hw="sex" pos="SUBST">Sex </w><w c5="NN1" hw="education" pos="SUBST">education </w><w c5="PRP" hw="for" pos="PREP">for </w><w c5="NN2" hw="priest" pos="SUBST">priests </w><w c5="VVN" hw="urge" pos="VERB">urged </w><w c5="PRP" hw="by" pos="PREP">by </w><w c5="NP0-NN1" hw="pope" pos="SUBST">Pope</w></s></head><head type="BYLINE">
<s n="2"><w c5="PRP" hw="by" pos="PREP">By </w><w c5="NP0" hw="bruce" pos="SUBST">Bruce </w><w c5="NP0" hw="johnston" pos="SUBST">Johnston </w><w c5="PRP" hw="in" pos="PREP">in </w><w c5="NP0" hw="rome" pos="SUBST">Rome</w></s></head><p>
<s n="3"><w c5="AT0" hw="the" pos="ART">THE </w><w c5="NN1" hw="pope" pos="SUBST">POPE </w><w c5="VHZ" hw="have" pos="VERB">has </w><w c5="VVN" hw="tell" pos="VERB">told </w><w c5="AJ0" hw="roman" pos="ADJ">Roman </w><w c5="AJ0-NN1" hw="catholic" pos="ADJ">Catholic </w><w c5="NN2" hw="priest" pos="SUBST">priests </w><w c5="PNP" hw="they" pos="PRON">they </w><w c5="VM0" hw="should" pos="VERB">should </w><w c5="VVI" hw="receive" pos="VERB">receive </w><w c5="NN1" hw="sex" pos="SUBST">sex </w><w c5="NN1" hw="education" pos="SUBST">education </w><w c5="TO0" hw="to" pos="PREP">to </w><w c5="VVI" hw="understand" pos="VERB">understand </w><w c5="DPS" hw="they" pos="PRON">their </w><w c5="DT0" hw="own" pos="ADJ">own </w><w c5="AJ0" hw="sexual" pos="ADJ">sexual </w><w c5="NN2" hw="urge" pos="SUBST">urges </w><w c5="CJC" hw="and" pos="CONJ">and </w><w c5="AT0" hw="the" pos="ART">the </w><w c5="NN2" hw="confession" pos="SUBST">confessions </w><w c5="PRF" hw="of" pos="PREP">of </w><w c5="DPS" hw="they" pos="PRON">their </w><w c5="NN2" hw="flock" pos="SUBST">flocks</w><c c5="PUN">.</c></s></p><p>
<s n="4"><w c5="DPS" hw="he" pos="PRON">His </w><w c5="NN1" hw="advice" pos="SUBST">advice </w><w c5="VBZ" hw="be" pos="VERB">is </w><w c5="VVN" hw="contain" pos="VERB">contained </w><w c5="PRP" hw="in" pos="PREP">in </w><w c5="AT0" hw="a" pos="ART">a </w><w c5="AJ0" hw="220-page" pos="ADJ">220-page </w><w c5="AJ0" hw="apostolic" pos="ADJ">apostolic </w><w c5="NN1" hw="exhortation" pos="SUBST">exhortation </w><w c5="PRP" hw="on" pos="PREP">on </w><w c5="AT0" hw="the" pos="ART">the </w><w c5="AJ0" hw="proper" pos="ADJ">proper </w><w c5="NN1" hw="formation" pos="SUBST">formation </w><w c5="PRF" hw="of" pos="PREP">of </w><w c5="AT0" hw="the" pos="ART">the </w><w c5="NN2" hw="clergy" pos="SUBST">clergy</w><c c5="PUN">.</c></s></p><p>
<s n="5"><w c5="AT0" hw="the" pos="ART">The </w><w c5="NN1" hw="document" pos="SUBST">document </w><w c5="VVZ" hw="say" pos="VERB">says </w><w c5="NN2" hw="priest" pos="SUBST">priests </w><w c5="VM0" hw="should" pos="VERB">should </w><w c5="VBI" hw="be" pos="VERB">be </w><w c5="VVN" hw="give" pos="VERB">given </w><c c5="PUQ">‘</c><w c5="AT0" hw="a" pos="ART">a </w><w c5="AJ0" hw="properly-informed" pos="ADJ">properly-informed </w><w c5="AJ0" hw="sexual" pos="ADJ">sexual </w><w c5="NN1" hw="education" pos="SUBST">education</w><c c5="PUQ">’ </c><w c5="TO0" hw="to" pos="PREP">to </w><w c5="VVI" hw="prevent" pos="VERB">prevent </w><w c5="AT0" hw="the" pos="ART">the </w><c c5="PUQ">‘</c><w c5="NN1" hw="love" pos="SUBST">love </w><w c5="PRF" hw="of" pos="PREP">of </w><w c5="NN1" hw="chastity" pos="SUBST">chastity</w><c c5="PUQ">’</c><w c5="VBG" hw="be" pos="VERB">being </w><w c5="VVN" hw="displace" pos="VERB">displaced </w><w c5="PRP" hw="by" pos="PREP">by </w><w c5="AT0" hw="the" pos="ART">the </w><w c5="NN2" hw="temptation" pos="SUBST">temptations </w><w c5="PRF" hw="of" pos="PREP">of </w><w c5="AT0" hw="the" pos="ART">the </w><w c5="NN1" hw="flesh" pos="SUBST">flesh</w><c c5="PUN">.</c></s></p><p>
<s n="6"><w c5="AT0" hw="the" pos="ART">The </w><w c5="NN1-NP0" hw="pope" pos="SUBST">Pope </w><w c5="VVZ" hw="give" pos="VERB">gives </w><w c5="AT0" hw="a" pos="ART">a </w><w c5="NN1" hw="warning" pos="SUBST">warning </w><w c5="CJT" hw="that" pos="CONJ">that</w><c c5="PUN">, </c><mw c5="CJS"><w c5="AV0" hw="even" pos="ADV">even </w><w c5="CJS" hw="when" pos="CONJ">when </w></mw><w c5="AT0" hw="the" pos="ART">the </w><c c5="PUQ">‘</c><w c5="NN1" hw="charisma" pos="SUBST">charisma</w><c c5="PUQ">’ </c><w c5="PRF" hw="of" pos="PREP">of </w><w c5="NN1" hw="celibacy" pos="SUBST">celibacy </w><w c5="VBZ" hw="be" pos="VERB">is </w><c c5="PUQ">‘</c><w c5="AJ0" hw="authentic" pos="ADJ">authentic </w><w c5="CJC" hw="and" pos="CONJ">and </w><w c5="AJ0-VVN" hw="proven" pos="ADJ">proven</w><c c5="PUQ">’</c><c c5="PUN">, </c><w c5="PNP" hw="it" pos="PRON">it </w><w c5="AV0" hw="still" pos="ADV">still </w><w c5="VVZ" hw="leave" pos="VERB">leaves </w><w c5="AJ0" hw="intact" pos="ADJ">intact </w><c c5="PUQ">‘</c><w c5="NN2" hw="inclination" pos="SUBST">inclinations </w><w c5="PRP" hw="towards" pos="PREP">towards </w><w c5="NN1" hw="affection" pos="SUBST">affection </w><w c5="CJC" hw="and" pos="CONJ">and </w><w c5="AT0" hw="the" pos="ART">the </w><w c5="NN2" hw="pulsation" pos="SUBST">pulsations </w><w c5="PRF" hw="of" pos="PREP">of </w><w c5="AT0" hw="the" pos="ART">the </w><w c5="NN2" hw="instinct" pos="SUBST">instincts</w><c c5="PUQ">’</c><c c5="PUN">.</c></s>
<s n="7"><w c5="AT0" hw="the" pos="ART">The </w><w c5="AJS" hw="good" pos="ADJ">best </w><w c5="NN1" hw="way" pos="SUBST">way </w><w c5="TO0" hw="to" pos="PREP">to </w><w c5="VVI" hw="cope" pos="VERB">cope </w><w c5="PRP" hw="with" pos="PREP">with </w><w c5="DT0" hw="such" pos="ADJ">such </w><w c5="AT0" hw="an" pos="ART">an </w><w c5="NN1" hw="enemy" pos="SUBST">enemy</w><c c5="PUN">, </c><w c5="PNP" hw="he" pos="PRON">he </w><w c5="VVZ" hw="say" pos="VERB">says</w><c c5="PUN">, </c><w c5="VBZ" hw="be" pos="VERB">is </w><w c5="TO0" hw="to" pos="PREP">to </w><w c5="VVI" hw="understand" pos="VERB">understand </w><w c5="PNP" hw="it" pos="PRON">it</w><c c5="PUN">.</c></s></p><p>
<s n="8"><w c5="PRP" hw="after" pos="PREP">After </w><w c5="VVG" hw="refer" pos="VERB">referring </w><w c5="PRP" hw="to" pos="PREP">to </w><c c5="PUQ">‘</c><w c5="AJ0" hw="feminine" pos="ADJ">feminine </w><w c5="NN1" hw="charisma" pos="SUBST">charisma</w><c c5="PUQ">’</c><c c5="PUN">, </c><w c5="AT0" hw="the" pos="ART">the </w><w c5="NN1" hw="document" pos="SUBST">document </w><w c5="VVZ" hw="say" pos="VERB">says </w><w c5="EX0" hw="there" pos="PRON">there </w><w c5="VBB" hw="be" pos="VERB">are </w><w c5="DT0" hw="many" pos="ADJ">many </w><w c5="AJ0" hw="other" pos="ADJ">other </w><w c5="NN2" hw="pitfall" pos="SUBST">pitfalls </w><w c5="VVG" hw="await" pos="VERB">awaiting </w><w c5="AJ0" hw="unsuspecting" pos="ADJ">unsuspecting </w><w c5="CJC" hw="and" pos="CONJ">and </w><w c5="AJ0" hw="unprepared" pos="ADJ">unprepared </w><w c5="NN2" hw="priest" pos="SUBST">priests</w><c c5="PUN">.</c></s></p><p>
<s n="9"><w c5="AT0" hw="the" pos="ART">The </w><w c5="NN2" hw="clergy" pos="SUBST">clergy </w><w c5="VHB" hw="have" pos="VERB">have </w><w c5="TO0" hw="to" pos="PREP">to </w><w c5="VBI" hw="be" pos="VERB">be </w><w c5="AJ0" hw="humble" pos="ADJ">humble </w><w c5="CJC" hw="and" pos="CONJ">and </w><c c5="PUQ">‘</c><w c5="NN2" hw="man" pos="SUBST">men </w><w c5="PRF" hw="of" pos="PREP">of </w><w c5="NN1" hw="chastity" pos="SUBST">chastity</w><c c5="PUQ">’ </c><w c5="PNQ" hw="who" pos="PRON">who </w><w c5="VVB" hw="refuse" pos="VERB">refuse </w><w c5="TO0" hw="to" pos="PREP">to </w><w c5="VVI" hw="submit" pos="VERB">submit </w><c c5="PUQ">‘</c><w c5="PRP" hw="to" pos="PREP">to </w><w c5="AT0" hw="the" pos="ART">the </w><w c5="NN1" hw="tyranny" pos="SUBST">tyranny </w><w c5="PRF" hw="of" pos="PREP">of </w><w c5="DT0" hw="this" pos="ADJ">this </w><w c5="AJ0" hw="contemporary" pos="ADJ">contemporary </w><w c5="NN1" hw="world" pos="SUBST">world</w><c c5="PUN">, </c><w c5="DTQ" hw="which" pos="PRON">which </w><w c5="VVZ" hw="put" pos="VERB">puts </w><w c5="DT0" hw="all" pos="ADJ">all </w><w c5="DPS" hw="it" pos="PRON">its </w><w c5="NN1" hw="faith" pos="SUBST">faith </w><w c5="PRP" hw="in" pos="PREP">in </w><w c5="NN1" hw="money" pos="SUBST">money </w><w c5="CJC" hw="and" pos="CONJ">and </w><w c5="NN1-AJ0" hw="material" pos="SUBST">material </w><w c5="NN1" hw="security" pos="SUBST">security</w><c c5="PUQ">’</c><c c5="PUN">.</c></s></p><p>
<s n="10"><w c5="AV0" hw="hence" pos="ADV">Hence</w><c c5="PUN">, </c><w c5="AT0" hw="the" pos="ART">the </w><w c5="NN1" hw="priesthood" pos="SUBST">priesthood</w><c c5="PUN">, </c><w c5="VVZ" hw="say" pos="VERB">says </w><w c5="AT0" hw="the" pos="ART">the </w><w c5="NN1-NP0" hw="pope" pos="SUBST">Pope</w><c c5="PUN">, </c><w c5="VM0" hw="must" pos="VERB">must </w><w c5="VVI" hw="exhibit" pos="VERB">exhibit </w><c c5="PUQ">‘</c><w c5="AT0" hw="a" pos="ART">a </w><w c5="AJ0" hw="preferential" pos="ADJ">preferential </w><w c5="NN1" hw="love" pos="SUBST">love </w><w c5="PRP" hw="for" pos="PREP">for </w><w c5="AT0" hw="the" pos="ART">the </w><w c5="AJ0" hw="poor" pos="ADJ">poor</w><c c5="PUQ">’</c><c c5="PUN">, </c><w c5="CJC" hw="and" pos="CONJ">and </w><w c5="AT0" hw="a" pos="ART">a </w><w c5="AJ0" hw="compassionate" pos="ADJ">compassionate </w><w c5="NN1" hw="love" pos="SUBST">love </w><w c5="PRP" hw="for" pos="PREP">for </w><w c5="NN2" hw="sinner" pos="SUBST">sinners</w><c c5="PUN">, </c><w c5="PRP" hw="in" pos="PREP">in </w><w c5="AJ0" hw="other" pos="ADJ">other </w><w c5="NN2" hw="word" pos="SUBST">words </w><w c5="DT0" hw="those" pos="ADJ">those </w><w c5="PNQ" hw="who" pos="PRON">who </w><w c5="VBB" hw="be" pos="VERB">are </w><w c5="AJ0" hw="poor" pos="ADJ">poor </w><w c5="PRP" hw="in" pos="PREP">in </w><w c5="NN1" hw="spirit" pos="SUBST">spirit</w><c c5="PUN">.</c></s></p><p>
<s n="11"><w c5="AT0" hw="the" pos="ART">The </w><w c5="NN1" hw="document" pos="SUBST">document </w><w c5="VVZ" hw="contain" pos="VERB">contains </w><w c5="DT0" hw="many" pos="ADJ">many </w><w c5="NN2" hw="guideline" pos="SUBST">guidelines</w><c c5="PUN">.</c></s>
<s n="12"><mw c5="AV0"><w c5="PRP" hw="for" pos="PREP">For </w><w c5="NN1" hw="example" pos="SUBST">example</w></mw><c c5="PUN">, </c><w c5="NN2" hw="priest" pos="SUBST">priests </w><w c5="VM0" hw="must" pos="VERB">must </w><w c5="XX0" hw="not" pos="ADV">not </w><w c5="VBI" hw="be" pos="VERB">be </w><c c5="PUQ">‘</c><w c5="AJ0" hw="arrogant" pos="ADJ">arrogant </w><w c5="CJC" hw="or" pos="CONJ">or </w><w c5="AJ0" hw="quarrelsome" pos="ADJ">quarrelsome</w><c c5="PUQ">’</c><c c5="PUN">, </c><w c5="CJC" hw="but" pos="CONJ">but </w><w c5="AV0" hw="rather" pos="ADV">rather </w><c c5="PUQ">‘</c><w c5="AJ0" hw="friendly" pos="ADJ">friendly</w><c c5="PUN">, </c><w c5="AJ0" hw="sincere" pos="ADJ">sincere </w><w c5="PRP" hw="in" pos="PREP">in </w><w c5="NN1" hw="word" pos="SUBST">word </w><w c5="CJC" hw="and" pos="CONJ">and </w><w c5="PRP" hw="in" pos="PREP">in </w><w c5="NN1" hw="heart" pos="SUBST">heart</w><c c5="PUN">, </c><w c5="AJ0" hw="prudent" pos="ADJ">prudent </w><w c5="CJC" hw="and" pos="CONJ">and </w><w c5="AJ0" hw="discreet" pos="ADJ">discreet</w><c c5="PUN">, </c><w c5="CJC" hw="and" pos="CONJ">and </w><w c5="AJ0" hw="generous" pos="ADJ">generous </w><w c5="CJC" hw="and" pos="CONJ">and </w><w c5="AJ0" hw="available" pos="ADJ">available </w><w c5="PRP" hw="for" pos="PREP">for </w><w c5="NN1" hw="service" pos="SUBST">service</w><c c5="PUQ">’</c><c c5="PUN">.</c></s></p><p>
<s n="13"><w c5="AT0" hw="the" pos="ART">The </w><w c5="NN1" hw="priest" pos="SUBST">priest </w><w c5="VM0" hw="must" pos="VERB">must </w><w c5="VVI" hw="offer" pos="VERB">offer </w><w c5="DPS" hw="he" pos="PRON">his </w><w c5="NN1" hw="help" pos="SUBST">help </w><w c5="PRP" hw="in" pos="PREP">in </w><w c5="AT0" hw="a" pos="ART">a </w><w c5="AJ0" hw="personal" pos="ADJ">personal </w><w c5="NN1" hw="way" pos="SUBST">way</w><c c5="PUN">, </c><w c5="VM0" hw="must" pos="VERB">must </w><w c5="VBI" hw="be" pos="VERB">be </w><w c5="AJ0" hw="genuine" pos="ADJ">genuine </w><w c5="CJC" hw="and" pos="CONJ">and </w><w c5="AJ0" hw="brotherly" pos="ADJ">brotherly</w><c c5="PUN">, </c><w c5="CJC" hw="and" pos="CONJ">and </w><w c5="AV0" hw="always" pos="ADV">always </w><w c5="AJ0" hw="ready" pos="ADJ">ready </w><w c5="TO0" hw="to" pos="PREP">to </w><w c5="VVI" hw="understand" pos="VERB">understand</w><c c5="PUN">, </c><w c5="TO0" hw="to" pos="PREP">to </w><w c5="VVI" hw="pardon" pos="VERB">pardon </w><w c5="CJC" hw="and" pos="CONJ">and </w><w c5="TO0" hw="to" pos="PREP">to </w><w c5="VVI" hw="console" pos="VERB">console</w><c c5="PUN">.</c></s></p><p>
<s n="14"><w c5="CJC" hw="but" pos="CONJ">But </w><w c5="PNP" hw="he" pos="PRON">he </w><w c5="AV0" hw="also" pos="ADV">also </w><w c5="VM0" hw="must" pos="VERB">must </w><w c5="VBI" hw="be" pos="VERB">be </w><w c5="AJ0" hw="celibate" pos="ADJ">celibate </w><w c5="CJC" hw="and" pos="CONJ">and </w><w c5="AJ0" hw="chaste" pos="ADJ">chaste</w><c c5="PUN">, </c><c c5="PUQ">‘</c><w c5="AT0" hw="a" pos="ART">a </w><w c5="NN1" hw="man" pos="SUBST">man </w><w c5="PRF" hw="of" pos="PREP">of </w><w c5="NP0" hw="god" pos="SUBST">God </w><w c5="PNQ" hw="who" pos="PRON">who </w><w c5="VVZ" hw="belong" pos="VERB">belongs </w><w c5="PRP" hw="to" pos="PREP">to </w><w c5="NP0" hw="god" pos="SUBST">God </w><w c5="CJC" hw="and" pos="CONJ">and </w><w c5="PNQ" hw="who" pos="PRON">who </w><w c5="VVZ" hw="make" pos="VERB">makes </w><w c5="PNI" hw="one" pos="PRON">one </w><w c5="VVI" hw="think" pos="VERB">think </w><w c5="PRF" hw="of" pos="PREP">of </w><w c5="NP0" hw="god" pos="SUBST">God</w><c c5="PUQ">’</c><c c5="PUN">, </c><w c5="CJC" hw="and" pos="CONJ">and </w><w c5="PNI" hw="one" pos="PRON">one </w><w c5="DTQ" hw="whose" pos="PRON">whose </w><w c5="NN1" hw="heart" pos="SUBST">heart </w><w c5="VVZ" hw="know" pos="VERB">knows </w><c c5="PUQ">‘</c><w c5="AT0" hw="no" pos="ART">no </w><w c5="NN2" hw="division" pos="SUBST">divisions</w><c c5="PUQ">’</c><c c5="PUN">.</c></s></p><p>
<s n="15"><w c5="AT0" hw="the" pos="ART">The </w><w c5="NN1" hw="document" pos="SUBST">document </w><w c5="VVZ" hw="say" pos="VERB">says </w><w c5="PNP" hw="it" pos="PRON">it </w><w c5="VBZ" hw="be" pos="VERB">is </w><w c5="AJ0" hw="impossible" pos="ADJ">impossible </w><w c5="XX0" hw="not" pos="ADV">not </w><w c5="TO0" hw="to" pos="PREP">to </w><w c5="VVI" hw="notice" pos="VERB">notice </w><w c5="AVQ" hw="how" pos="ADV">how </w><w c5="NN1" hw="society" pos="SUBST">society</w><c c5="PUN">, </c><mw c5="AV0"><w c5="PRP" hw="for" pos="PREP">for </w><w c5="AT0" hw="the" pos="ART">the </w><w c5="AV0" hw="most" pos="ADV">most </w><w c5="NN1" hw="part" pos="SUBST">part</w></mw><c c5="PUN">, </c><w c5="VVZ" hw="make" pos="VERB">makes </w><w c5="AJ0" hw="human" pos="ADJ">human </w><w c5="NN1" hw="sexuality" pos="SUBST">sexuality </w><w c5="AJ0" hw="banal" pos="ADJ">banal</w><c c5="PUN">, </c><w c5="CJS" hw="since" pos="CONJ">since </w><w c5="PNP" hw="it" pos="PRON">it </w><w c5="VVZ" hw="interpret" pos="VERB">interprets </w><w c5="PNP" hw="it" pos="PRON">it </w><w c5="PRP-AVP" hw="in" pos="PREP">in </w><w c5="AT0" hw="a" pos="ART">a </w><w c5="AJ0" hw="reduced" pos="ADJ">reduced </w><w c5="CJC" hw="and" pos="CONJ">and </w><w c5="AJ0" hw="impoverished" pos="ADJ">impoverished </w><w c5="NN1" hw="way" pos="SUBST">way</w><c c5="PUN">, </c><c c5="PUQ">‘</c><w c5="VVG" hw="connect" pos="VERB">connecting </w><w c5="PNP" hw="it" pos="PRON">it </w><w c5="AV0" hw="only" pos="ADV">only </w><w c5="PRP" hw="with" pos="PREP">with </w><w c5="AT0" hw="the" pos="ART">the </w><w c5="NN1" hw="body" pos="SUBST">body </w><w c5="CJC" hw="and" pos="CONJ">and </w><w c5="AJ0" hw="egoistic" pos="ADJ">egoistic </w><w c5="NN1" hw="pleasure" pos="SUBST">pleasure</w><c c5="PUQ">’</c><c c5="PUN">.</c></s></p><p>
<s n="16"><w c5="AT0" hw="the" pos="ART">The </w><w c5="NN1-NP0" hw="pope" pos="SUBST">Pope </w><w c5="VVZ" hw="urge" pos="VERB">urges </w><w c5="CJT" hw="that" pos="CONJ">that </w><w c5="NN2" hw="student" pos="SUBST">students </w><w c5="PRP" hw="in" pos="PREP">in </w><w c5="NN2" hw="seminary" pos="SUBST">seminaries </w><w c5="VM0" hw="should" pos="VERB">should </w><w c5="VBI" hw="be" pos="VERB">be </w><w c5="VVN" hw="teach" pos="VERB">taught </w><w c5="PRP" hw="about" pos="PREP">about </w><w c5="NN1" hw="sex" pos="SUBST">sex </w><w c5="PRP" hw="in" pos="PREP">in </w><w c5="NN2" hw="seminary" pos="SUBST">seminaries</w><c c5="PUN">.</c></s>
<s n="17"><w c5="AJ0" hw="ordained" pos="ADJ">Ordained </w><w c5="NN2" hw="priest" pos="SUBST">priests </w><w c5="VM0" hw="should" pos="VERB">should </w><w c5="AV0" hw="also" pos="ADV">also </w><w c5="VBI" hw="be" pos="VERB">be </w><w c5="AV0" hw="specially" pos="ADV">specially </w><w c5="VVN" hw="educate" pos="VERB">educated </w><w c5="TO0" hw="to" pos="PREP">to </w><w c5="VVI" hw="arm" pos="VERB">arm </w><w c5="PNX" hw="themselves" pos="PRON">themselves </w><w c5="PRP" hw="with" pos="PREP">with </w><c c5="PUQ">‘</c><w c5="DT0" hw="more" pos="ADJ">more </w><w c5="CJS" hw="than" pos="CONJ">than </w><w c5="AJ0" hw="supernatural" pos="ADJ">supernatural </w><w c5="NN0" hw="means" pos="SUBST">means</w><c c5="PUQ">’ </c><w c5="PRP" hw="against" pos="PREP">against </w><w c5="AJ0" hw="possible" pos="ADJ">possible </w><w c5="NN1" hw="temptation" pos="SUBST">temptation</w><c c5="PUN">.</c></s></p></div><div level="1"><head type="MAIN">
<s n="18"><w c5="AJ0" hw="homosexual" pos="ADJ">Homosexual </w><w c5="NN1" hw="prayer" pos="SUBST">prayer </w><w c5="NN1" hw="book" pos="SUBST">book </w><w c5="TO0" hw="to" pos="PREP">to </w><w c5="VVI" hw="go" pos="VERB">go </w><w c5="PRP" hw="on" pos="PREP">on </w><w c5="NN1" hw="sale" pos="SUBST">sale</w></s></head><head type="BYLINE">
<s n="19"><w c5="PRP" hw="by" pos="PREP">By </w><w c5="NP0" hw="damian" pos="SUBST">Damian </w><w c5="NP0" hw="thompson" pos="SUBST">Thompson </w><w c5="AJ0" hw="religious" pos="ADJ">Religious </w><w c5="NN2" hw="affair" pos="SUBST">Affairs </w><w c5="NN1" hw="correspondent" pos="SUBST">Correspondent</w></s></head><p>
<s n="20"><w c5="AT0" hw="the" pos="ART">THE </w><w c5="AJ0-NN1" hw="homosexual" pos="ADJ">HOMOSEXUAL </w><w c5="NN1" hw="prayer" pos="SUBST">prayer </w><w c5="NN1" hw="book" pos="SUBST">book </w><w c5="VVN" hw="abandon" pos="VERB">abandoned </w><w c5="PRP" hw="by" pos="PREP">by </w><w c5="NP0" hw="britain" pos="SUBST">Britain</w><w c5="POS" hw="'s" pos="UNC">'s </w><w c5="AJS" hw="old" pos="ADJ">oldest </w><w c5="AJ0" hw="religious" pos="ADJ">religious </w><w c5="NN2" hw="publisher" pos="SUBST">publishers </w><w c5="PRP" hw="after" pos="PREP">after </w><w c5="NN1" hw="pressure" pos="SUBST">pressure </w><w c5="PRP" hw="from" pos="PREP">from </w><w c5="AT0" hw="the" pos="ART">the </w><w c5="NN1" hw="archbishop" pos="SUBST">Archbishop </w><w c5="PRF" hw="of" pos="PREP">of </w><w c5="NP0" hw="canterbury" pos="SUBST">Canterbury </w><w c5="VHZ" hw="have" pos="VERB">has </w><w c5="VBN" hw="be" pos="VERB">been </w><w c5="VVN" hw="buy" pos="VERB">bought </w><w c5="PRP" hw="by" pos="PREP">by </w><w c5="NN2" hw="publisher" pos="SUBST">publishers </w><w c5="NP0" hw="hamish" pos="SUBST">Hamish </w><w c5="NP0" hw="hamilton" pos="SUBST">Hamilton</w><c c5="PUN">.</c></s></p><p>
<s n="21"><w c5="VVG-AJ0" hw="dare" pos="VERB">Daring </w><w c5="TO0" hw="to" pos="PREP">to </w><w c5="VVI" hw="speak" pos="VERB">Speak </w><w c5="NN1" hw="love" pos="SUBST">Love</w><w c5="POS" hw="'s" pos="UNC">'s </w><w c5="NN1" hw="name" pos="SUBST">Name </w><w c5="PRP" hw="by" pos="PREP">by </w><w c5="NP0" hw="dr" pos="SUBST">Dr </w><w c5="NP0" hw="elizabeth" pos="SUBST">Elizabeth </w><w c5="NP0" hw="stuart" pos="SUBST">Stuart</w><c c5="PUN">, </c><w c5="AT0" hw="a" pos="ART">a </w><w c5="AJ0" hw="lesbian" pos="ADJ">lesbian </w><w c5="AJ0-NN1" hw="roman" pos="ADJ">Roman </w><w c5="NN1" hw="catholic" pos="SUBST">Catholic</w><c c5="PUN">, </c><w c5="VM0" hw="will" pos="VERB">will </w><w c5="VBI" hw="be" pos="VERB">be </w><w c5="VVN" hw="publish" pos="VERB">published </w><w c5="DT0" hw="this" pos="ADJ">this </w><w c5="NN1" hw="autumn" pos="SUBST">autumn</w><c c5="PUN">.</c></s>
<s n="22"><w c5="AT0" hw="the" pos="ART">The </w><w c5="NN2" hw="publisher" pos="SUBST">publishers </w><w c5="VBB" hw="be" pos="VERB">are </w><w c5="VVG" hw="plan" pos="VERB">planning </w><w c5="AT0" hw="a" pos="ART">a </w><w c5="AJ0" hw="major" pos="ADJ">major </w><w c5="NN1" hw="publicity" pos="SUBST">publicity </w><w c5="NN1" hw="campaign" pos="SUBST">campaign </w><w c5="PRP" hw="for" pos="PREP">for </w><w c5="AT0" hw="the" pos="ART">the </w><w c5="NN1" hw="book" pos="SUBST">book</w><c c5="PUN">, </c><w c5="DTQ" hw="which" pos="PRON">which </w><w c5="VVZ" hw="include" pos="VERB">includes </w><w c5="NN2" hw="liturgy" pos="SUBST">liturgies </w><w c5="PRP" hw="for" pos="PREP">for </w><c c5="PUQ">‘</c><w c5="VVG" hw="come" pos="VERB">coming </w><w c5="AVP" hw="out" pos="ADV">out</w><c c5="PUQ">’</c><c c5="PUN">.</c></s></p><p>
<s n="23"><w c5="ORD" hw="last" pos="ADJ">Last </w><w c5="NN1" hw="week" pos="SUBST">week</w><c c5="PUN">, </c><w c5="AT0" hw="the" pos="ART">the </w><w c5="NN1" hw="society" pos="SUBST">Society </w><w c5="PRP" hw="for" pos="PREP">for </w><w c5="AT0" hw="the" pos="ART">the </w><w c5="NN1" hw="promotion" pos="SUBST">Promotion </w><w c5="PRF" hw="of" pos="PREP">of </w><w c5="AJ0" hw="christian" pos="ADJ">Christian </w><w c5="NN1" hw="knowledge" pos="SUBST">Knowledge </w><c c5="PUL">(</c><w c5="NP0" hw="spck" pos="SUBST">SPCK</w><c c5="PUR">) </c><w c5="VVD" hw="drop" pos="VERB">dropped </w><w c5="NN2" hw="plan" pos="SUBST">plans </w><w c5="TO0" hw="to" pos="PREP">to </w><w c5="VVI" hw="bring" pos="VERB">bring </w><w c5="AVP" hw="out" pos="ADV">out </w><w c5="AT0" hw="the" pos="ART">the </w><w c5="NN1" hw="book" pos="SUBST">book </w><w c5="CJS" hw="after" pos="CONJ">after </w><w c5="NP0" hw="dr" pos="SUBST">Dr </w><w c5="NP0" hw="carey" pos="SUBST">Carey </w><w c5="VVD" hw="hint" pos="VERB">hinted </w><w c5="CJT" hw="that" pos="CONJ">that </w><w c5="PNP" hw="he" pos="PRON">he </w><w c5="VM0" hw="would" pos="VERB">would </w><w c5="VVI" hw="resign" pos="VERB">resign </w><w c5="PRP" hw="as" pos="PREP">as </w><w c5="DPS" hw="it" pos="PRON">its </w><w c5="NN1" hw="president" pos="SUBST">president </w><w c5="CJS" hw="if" pos="CONJ">if </w><w c5="NN1" hw="publication" pos="SUBST">publication </w><w c5="VVD" hw="go" pos="VERB">went </w><w c5="AV0" hw="ahead" pos="ADV">ahead</w><c c5="PUN">.</c></s></p><p>
<s n="24"><w c5="ZZ0" hw="a" pos="SUBST">A </w><w c5="NP0" hw="hamish" pos="SUBST">Hamish </w><w c5="NP0" hw="hamilton" pos="SUBST">Hamilton </w><w c5="NN1" hw="spokeswoman" pos="SUBST">spokeswoman </w><w c5="VVD" hw="say" pos="VERB">said </w><w c5="AT0" hw="the" pos="ART">the </w><w c5="NN1" hw="book" pos="SUBST">book </w><w c5="VM0" hw="would" pos="VERB">would </w><w c5="VBI" hw="be" pos="VERB">be </w><w c5="VVN" hw="publish" pos="VERB">published </w><w c5="PRP" hw="on" pos="PREP">on </w><w c5="NP0" hw="oct" pos="SUBST">Oct </w><w c5="CRD" hw="12" pos="ADJ">12 </w><w c5="PRP" hw="as" pos="PREP">as </w><w c5="CRD" hw="one" pos="ADJ">one </w><w c5="PRF" hw="of" pos="PREP">of </w><w c5="DPS" hw="it" pos="PRON">its </w><w c5="AJ0" hw="leading" pos="ADJ">leading </w><w c5="NN1" hw="autumn" pos="SUBST">autumn </w><w c5="NN2" hw="title" pos="SUBST">titles</w><c c5="PUN">.</c></s>
<s n="25"><c c5="PUQ">‘</c><w c5="PNP" hw="we" pos="PRON">We </w><w c5="VM0" hw="can" pos="VERB">can </w><w c5="VVI" hw="see" pos="VERB">see </w><w c5="AT0" hw="a" pos="ART">a </w><w c5="AJ0" hw="big" pos="ADJ">big </w><w c5="NN1" hw="market" pos="SUBST">market </w><w c5="PRP" hw="for" pos="PREP">for </w><w c5="AT0" hw="the" pos="ART">the </w><w c5="NN1" hw="book" pos="SUBST">book</w><c c5="PUN">,</c><c c5="PUQ">’ </c><w c5="PNP" hw="she" pos="PRON">she </w><w c5="VVD" hw="say" pos="VERB">said</w><c c5="PUN">.</c></s></p><p>
<s n="26"><w c5="AT0" hw="the" pos="ART">The </w><w c5="NN1" hw="book" pos="SUBST">book</w><w c5="POS" hw="'s" pos="UNC">'s </w><w c5="NN1" hw="text" pos="SUBST">text </w><w c5="VM0" hw="would" pos="VERB">would </w><w c5="XX0" hw="not" pos="ADV">not </w><w c5="VBI" hw="be" pos="VERB">be </w><w c5="VVN" hw="change" pos="VERB">changed</w><c c5="PUN">, </c><w c5="CJS" hw="though" pos="CONJ">though </w><w c5="EX0" hw="there" pos="PRON">there </w><w c5="VM0" hw="would" pos="VERB">would </w><w c5="AV0" hw="probably" pos="ADV">probably </w><w c5="VBI" hw="be" pos="VERB">be </w><w c5="AT0" hw="a" pos="ART">a </w><w c5="AJ0" hw="new" pos="ADJ">new </w><w c5="NN1" hw="preface" pos="SUBST">preface</w><c c5="PUN">.</c></s></p><p>
<s n="27"><w c5="NP0" hw="lambeth" pos="SUBST">Lambeth </w><w c5="NN1" hw="palace" pos="SUBST">Palace </w><w c5="VVD-VVN" hw="decline" pos="VERB">declined </w><w c5="TO0" hw="to" pos="PREP">to </w><w c5="VVI" hw="comment" pos="VERB">comment</w><c c5="PUN">.</c></s>
<s n="28"><c c5="PUQ">‘</c><w c5="AT0" hw="the" pos="ART">The </w><w c5="NN1" hw="archbishop" pos="SUBST">Archbishop </w><w c5="VVD" hw="make" pos="VERB">made </w><w c5="DPS" hw="he" pos="PRON">his </w><w c5="NN2" hw="view" pos="SUBST">views </w><w c5="VVI" hw="clear" pos="VERB">clear </w><w c5="PRP-AVP" hw="in" pos="PREP">in </w><w c5="DPS" hw="he" pos="PRON">his </w><w c5="NN1" hw="letter" pos="SUBST">letter </w><w c5="PRP" hw="to" pos="PREP">to </w><w c5="NP0" hw="spck" pos="SUBST">SPCK</w><c c5="PUN">,</c><c c5="PUQ">’ </c><w c5="AT0" hw="a" pos="ART">a </w><w c5="NN1" hw="spokesman" pos="SUBST">spokesman </w><w c5="VVD" hw="say" pos="VERB">said</w><c c5="PUN">.</c></s>
<s n="29"><w c5="PRP" hw="in" pos="PREP">In </w><w c5="AT0" hw="the" pos="ART">the </w><w c5="NN1" hw="letter" pos="SUBST">letter</w><c c5="PUN">, </c><w c5="NP0" hw="dr" pos="SUBST">Dr </w><w c5="NP0" hw="carey" pos="SUBST">Carey </w><w c5="VVD" hw="say" pos="VERB">said </w><w c5="AT0" hw="the" pos="ART">the </w><w c5="NN1" hw="juxtaposition" pos="SUBST">juxtaposition </w><w c5="PRF" hw="of" pos="PREP">of </w><c c5="PUQ">‘</c><w c5="VVG" hw="come" pos="VERB">coming </w><w c5="AVP" hw="out" pos="ADV">out</w><c c5="PUQ">’ </c><w c5="NN2" hw="liturgy" pos="SUBST">liturgies </w><w c5="PRP" hw="with" pos="PREP">with </w><w c5="NN2" hw="prayer" pos="SUBST">prayers </w><w c5="PRP" hw="for" pos="PREP">for </w><w c5="NN2" hw="aid" pos="SUBST">Aids </w><w c5="NN2" hw="sufferer" pos="SUBST">sufferers </w><w c5="VM0" hw="might" pos="VERB">might </w><w c5="VVI" hw="foster" pos="VERB">foster </w><w c5="AT0" hw="the" pos="ART">the </w><w c5="NN1" hw="myth" pos="SUBST">myth </w><w c5="CJT" hw="that" pos="CONJ">that </w><w c5="NP0" hw="hiv" pos="SUBST">HIV </w><w c5="VBD" hw="be" pos="VERB">was </w><w c5="AV0" hw="only" pos="ADV">only </w><w c5="AT0" hw="a" pos="ART">a </w><w c5="NN1" hw="problem" pos="SUBST">problem </w><w c5="PRP" hw="for" pos="PREP">for </w><w c5="AT0" hw="the" pos="ART">the </w><w c5="AJ0-NN1" hw="homosexual" pos="ADJ">homosexual </w><w c5="NN1" hw="community" pos="SUBST">community</w><c c5="PUN">.</c></s></p><p>
<s n="30"><w c5="DT0" hw="several" pos="ADJ">Several </w><w c5="NP0" hw="spck" pos="SUBST">SPCK </w><w c5="NN2" hw="author" pos="SUBST">authors </w><w c5="VHB" hw="have" pos="VERB">have </w><w c5="VVN" hw="withdraw" pos="VERB">withdrawn </w><w c5="PRP" hw="from" pos="PREP">from </w><w c5="AT0" hw="the" pos="ART">the </w><w c5="NN1" hw="society" pos="SUBST">Society</w><w c5="POS" hw="'s" pos="UNC">'s </w><w c5="NN2" hw="list" pos="SUBST">lists </w><w c5="PRP" hw="in" pos="PREP">in </w><w c5="NN1" hw="protest" pos="SUBST">protest </w><w c5="PRP" hw="at" pos="PREP">at </w><w c5="AT0" hw="the" pos="ART">the </w><w c5="NN1" hw="book" pos="SUBST">book</w><w c5="POS" hw="'s" pos="UNC">'s </w><w c5="NN1" hw="cancellation" pos="SUBST">cancellation</w><c c5="PUN">.</c></s></p></div></wtext></bncDoc>
