<bncDoc xml:id="K36"><teiHeader><fileDesc><titleStmt><title>  Liverpool Daily Post and Echo]. Sample containing about 653 words from a periodical (domain: applied science) </title><respStmt><resp> Data capture and transcription </resp><name> Oxford University Press </name> </respStmt></titleStmt><editionStmt><edition>BNC XML Edition, December 2006</edition></editionStmt><extent> 653 tokens; 664 w-units; 43 s-units </extent><publicationStmt><distributor>Distributed under licence by Oxford University Computing Services on behalf of the BNC Consortium.</distributor><availability> This material is protected by international copyright laws and may not be copied or redistributed in any way. Consult the BNC Web Site at http://www.natcorp.ox.ac.uk for full licencing and distribution conditions.</availability><idno type="bnc">K36</idno><idno type="old"> LaAppS </idno></publicationStmt><sourceDesc><bibl><title>Liverpool Daily Post and Echo] </title> <imprint><publisher>u.p.</publisher> </imprint> </bibl></sourceDesc></fileDesc><encodingDesc><tagsDecl><namespace name=""><tagUsage gi="c" occurs="88"/><tagUsage gi="div" occurs="2"/><tagUsage gi="gap" occurs="2"/><tagUsage gi="head" occurs="4"/><tagUsage gi="mw" occurs="7"/><tagUsage gi="p" occurs="34"/><tagUsage gi="s" occurs="43"/><tagUsage gi="w" occurs="664"/></namespace></tagsDecl></encodingDesc><profileDesc><creation date="0000">0000-00-00 Origination/creation date not known </creation><textClass><catRef targets="alltim3 news  wriase0  wridom3   wrista0 "/><classCode scheme="DLEE">W newsp other: science</classCode><keywords><term> (none) </term></keywords></textClass></profileDesc><revisionDesc><change date="2006-10-21" who="#OUCS">Tag usage updated for BNC-XML</change><change date="2000-12-13" who="#OUCS">Last check for BNC World first release</change><change date="2000-09-01" who="#OUCS">Check all tagcounts</change><change date="2000-06-23" who="#OUCS">Resequenced s-units and added headers</change><change date="2000-01-21" who="#OUCS">Added date info</change><change date="2000-01-09" who="#OUCS">Updated all catrefs</change><change date="2000-01-08" who="#OUCS">Updated source title</change><change date="2000-01-08" who="#OUCS">Updated titles</change><change date="1999-12-25" who="#OUCS">corrected tagUsage</change><change date="1999-09-16" who="#UCREL">POS codes revised for BNC-2; header updated</change><change date="1994-11-26" who="#dominic">Initial accession to corpus</change></revisionDesc></teiHeader>
<wtext type="NEWS"><div level="1"><head type="MAIN">
<s n="1"><w c5="NN2" hw="expert" pos="SUBST">Experts</w><w c5="POS" hw="'" pos="UNC">' </w><w c5="NN1" hw="warning" pos="SUBST">warning </w><w c5="PRP-AVP" hw="over" pos="PREP">over </w><w c5="NN2" hw="sunbed" pos="SUBST">sunbeds</w></s></head><head type="SUB">
<s n="2"><w c5="AJ0" hw="extra" pos="ADJ">Extra </w><w c5="NN1" hw="report" pos="SUBST">report</w></s></head><p>
<s n="3"><w c5="AJ0" hw="sunbed" pos="ADJ">Sunbed </w><w c5="NN1-VVB" hw="scare" pos="SUBST">scare</w><c c5="PUN">…</c></s>
<s n="4"><w c5="VM0" hw="could" pos="VERB">Could </w><w c5="DT0" hw="this" pos="ADJ">this </w><w c5="NN1" hw="machine" pos="SUBST">machine </w><w c5="VVI" hw="damage" pos="VERB">damage </w><w c5="DPS" hw="you" pos="PRON">your </w><w c5="NN1" hw="health" pos="SUBST">health</w><c c5="PUN">?</c></s>
<s n="5"><w c5="AT0" hw="the" pos="ART">THE </w><w c5="CRD" hw="two" pos="ADJ">two </w><w c5="VVB" hw="go" pos="VERB">go </w><w c5="NN1" hw="hand" pos="SUBST">hand </w><w c5="PRP" hw="in" pos="PREP">in </w><w c5="NN1" hw="hand" pos="SUBST">hand </w><w c5="DT0" hw="half" pos="ADJ">half </w><w c5="AT0" hw="an" pos="ART">an </w><w c5="NN1" hw="hour" pos="SUBST">hour </w><w c5="PRP" hw="in" pos="PREP">in </w><w c5="AT0" hw="the" pos="ART">the </w><w c5="NN1" hw="gym" pos="SUBST">gym </w><w c5="CJC" hw="and" pos="CONJ">and </w><w c5="DT0" hw="half" pos="ADJ">half </w><w c5="AT0" hw="an" pos="ART">an </w><w c5="NN1" hw="hour" pos="SUBST">hour </w><w c5="PRP" hw="on" pos="PREP">on </w><w c5="AT0" hw="the" pos="ART">the </w><w c5="AJ0" hw="sunbed" pos="ADJ">sunbed</w><c c5="PUN">.</c></s></p><p>
<s n="6"><w c5="PNP" hw="they" pos="PRON">They </w><w c5="VVB" hw="seem" pos="VERB">seem </w><w c5="AT0" hw="the" pos="ART">the </w><w c5="AJ0" hw="ideal" pos="ADJ">ideal </w><w c5="NN1" hw="solution" pos="SUBST">solution </w><w c5="PRP" hw="to" pos="PREP">to </w><w c5="VVG" hw="start" pos="VERB">starting </w><w c5="AVP" hw="off" pos="ADV">off </w><w c5="DT0-CJT" hw="that" pos="ADJ">that </w><w c5="NN1" hw="tan" pos="SUBST">tan </w><w c5="PRP" hw="before" pos="PREP">before </w><w c5="AT0" hw="a" pos="ART">a </w><w c5="NN1" hw="holiday" pos="SUBST">holiday </w><w c5="AV0" hw="abroad" pos="ADV">abroad </w><w c5="CJC" hw="or" pos="CONJ">or </w><w c5="VVG" hw="show" pos="VERB">showing </w><w c5="AVP" hw="off" pos="ADV">off </w><w c5="CJT-DT0" hw="that" pos="CONJ">that </w><w c5="AV0" hw="newly" pos="ADV">newly </w><w c5="VVN" hw="hone" pos="VERB">honed </w><w c5="NN1-VVB" hw="bod" pos="SUBST">bod</w><c c5="PUN">.</c></s></p><p>
<s n="7"><w c5="CJC" hw="but" pos="CONJ">But </w><w c5="VM0" hw="should" pos="VERB">should </w><w c5="NN1" hw="health" pos="SUBST">health </w><w c5="NN2" hw="club" pos="SUBST">clubs </w><w c5="CJC" hw="and" pos="CONJ">and </w><w c5="NN2" hw="gym" pos="SUBST">gyms </w><w c5="AV0" hw="really" pos="ADV">really </w><w c5="VVB" hw="keep" pos="VERB">keep </w><w c5="CJC" hw="and" pos="CONJ">and </w><w c5="AV0" hw="actively" pos="ADV">actively </w><w c5="VVB" hw="promote" pos="VERB">promote </w><w c5="NN2" hw="machine" pos="SUBST">machines </w><w c5="CJT" hw="that" pos="CONJ">that </w><w c5="VM0" hw="can" pos="VERB">can </w><w c5="AV0" hw="potentially" pos="ADV">potentially </w><w c5="VDI" hw="do" pos="VERB">do </w><w c5="PNP" hw="we" pos="PRON">us </w><w c5="VVI" hw="harm" pos="VERB">harm</w><c c5="PUN">?</c></s></p><p>
<s n="8"><w c5="DT0" hw="that" pos="ADJ">That</w><w c5="VBZ" hw="be" pos="VERB">'s </w><w c5="AT0" hw="the" pos="ART">the </w><w c5="NN1" hw="question" pos="SUBST">question </w><w c5="VBG" hw="be" pos="VERB">being </w><w c5="VVN" hw="raise" pos="VERB">raised </w><w c5="PRP" hw="by" pos="PREP">by </w><w c5="NN1" hw="health" pos="SUBST">Health </w><w c5="CJC" hw="and" pos="CONJ">and </w><w c5="NN1" hw="fitness" pos="SUBST">Fitness </w><w c5="NN1" hw="magazine" pos="SUBST">magazine </w><w c5="PRP" hw="after" pos="PREP">after </w><w c5="VVG" hw="speak" pos="VERB">speaking </w><w c5="PRP" hw="to" pos="PREP">to </w><w c5="NN2" hw="dermatologist" pos="SUBST">dermatologists </w><w c5="PNQ" hw="who" pos="PRON">who</w><c c5="PUN">, </c><w c5="CJS" hw="while" pos="CONJ">while </w><w c5="VVG-AJ0" hw="admit" pos="VERB">admitting </w><w c5="PNP" hw="they" pos="PRON">they </w><w c5="VM0" hw="may" pos="VERB">may </w><w c5="VDI" hw="do" pos="VERB">do </w><w c5="DT0" hw="less" pos="ADJ">less </w><w c5="NN1" hw="harm" pos="SUBST">harm </w><w c5="CJS" hw="than" pos="CONJ">than </w><w c5="AJ0" hw="actual" pos="ADJ">actual </w><w c5="NN1" hw="sunlight" pos="SUBST">sunlight</w><c c5="PUN">, </c><w c5="VVB-NN1" hw="stress" pos="VERB">stress </w><w c5="PNP" hw="they" pos="PRON">they </w><w c5="VM0" hw="can" pos="VERB">can </w><w c5="VVI" hw="cause" pos="VERB">cause </w><w c5="AT0" hw="a" pos="ART">a </w><w c5="NN1" hw="lot" pos="SUBST">lot </w><w c5="PRF" hw="of" pos="PREP">of </w><w c5="NN1" hw="harm" pos="SUBST">harm</w><c c5="PUN">.</c></s></p><p>
<s n="9"><w c5="VVG-AJ0" hw="tan" pos="VERB">Tanning </w><w c5="NN2" hw="bed" pos="SUBST">beds </w><w c5="VBD" hw="be" pos="VERB">were </w><w c5="VVN" hw="introduce" pos="VERB">introduced </w><w c5="TO0" hw="to" pos="PREP">to </w><w c5="VVI" hw="reduce" pos="VERB">reduce </w><w c5="AT0" hw="the" pos="ART">the </w><w c5="NN1" hw="risk" pos="SUBST">risk </w><w c5="PRF" hw="of" pos="PREP">of </w><w c5="VVG-AJ0" hw="burn" pos="VERB">burning</w><c c5="PUN">.</c></s></p><p type="caption">
<s n="10"><w c5="AJ0" hw="harmful" pos="ADJ">Harmful</w></s></p><p>
<s n="11"><w c5="NN2" hw="manufacturer" pos="SUBST">Manufacturers </w><w c5="VVB" hw="say" pos="VERB">say </w><w c5="PNP" hw="they" pos="PRON">they </w><w c5="VBB" hw="be" pos="VERB">are </w><w c5="AJC" hw="safe" pos="ADJ">safer </w><w c5="CJS" hw="because" pos="CONJ">because </w><w c5="PNP" hw="they" pos="PRON">they </w><w c5="VVB" hw="use" pos="VERB">use </w><w c5="NN1-NP0" hw="uva" pos="SUBST">UVA </w><w c5="NN2" hw="ray" pos="SUBST">rays </w><w c5="CJC" hw="and" pos="CONJ">and </w><w c5="VVB-NN1" hw="block" pos="VERB">block </w><w c5="AT0" hw="the" pos="ART">the </w><w c5="AJ0" hw="harmful" pos="ADJ">harmful </w><w c5="NN1" hw="uvb" pos="SUBST">UVB </w><w c5="VVG-AJ0" hw="burn" pos="VERB">burning </w><w c5="NN2" hw="ray" pos="SUBST">rays</w><c c5="PUN">.</c></s></p><p>
<s n="12"><w c5="CJC" hw="but" pos="CONJ">But </w><w c5="CJS" hw="as" pos="CONJ">as </w><w c5="NP0" hw="robin" pos="SUBST">Robin </w><w c5="AJ0-NN1" hw="graham-brown" pos="ADJ">Graham-Brown</w><c c5="PUN">, </c><w c5="AT0" hw="a" pos="ART">a </w><w c5="NN1" hw="spokesman" pos="SUBST">spokesman </w><w c5="PRP" hw="for" pos="PREP">for </w><w c5="AT0" hw="the" pos="ART">the </w><w c5="AJ0" hw="british" pos="ADJ">British </w><w c5="NN1" hw="association" pos="SUBST">Association </w><w c5="PRF" hw="of" pos="PREP">of </w><w c5="NN1" hw="dermatology" pos="SUBST">Dermatology</w><c c5="PUN">, </c><w c5="VVZ" hw="explain" pos="VERB">explains</w><c c5="PUN">: </c><c c5="PUQ">‘</c><w c5="AV0" hw="actually" pos="ADV">Actually </w><w c5="DT0" hw="some" pos="ADJ">some </w><w c5="NN1" hw="solaria" pos="SUBST">solaria </w><w c5="VDB" hw="do" pos="VERB">do </w><w c5="VVI" hw="emit" pos="VERB">emit </w><w c5="NN1-NP0" hw="uvb" pos="SUBST">UVB </w><w c5="NN2" hw="ray" pos="SUBST">rays</w><c c5="PUN">, </c><w c5="CJC" hw="and" pos="CONJ">and </w><w c5="NN1-NP0" hw="uva" pos="SUBST">UVA </w><w c5="NN2" hw="ray" pos="SUBST">rays </w><w c5="VBB" hw="be" pos="VERB">are </w><w c5="XX0" hw="not" pos="ADV">not </w><w c5="PRP" hw="without" pos="PREP">without </w><w c5="NN1-VVB" hw="risk" pos="SUBST">risk</w><c c5="PUN">.</c></s></p><p>
<s n="13"><c c5="PUQ">‘</c><w c5="NN0" hw="people" pos="SUBST">People </w><w c5="VDB" hw="do" pos="VERB">do</w><w c5="XX0" hw="not" pos="ADV">n't </w><w c5="VVI" hw="realise" pos="VERB">realise </w><w c5="CJT" hw="that" pos="CONJ">that </w><w c5="DT0" hw="both" pos="ADJ">both </w><w c5="NN2" hw="type" pos="SUBST">types </w><w c5="PRF" hw="of" pos="PREP">of </w><w c5="AJ0" hw="uv" pos="ADJ">UV </w><w c5="NN2" hw="ray" pos="SUBST">rays </w><w c5="VBB" hw="be" pos="VERB">are </w><w c5="VVG-AJ0" hw="ionise" pos="VERB">ionising </w><w c5="NN1" hw="radiation" pos="SUBST">radiation</w><c c5="PUN">.</c></s></p><p>
<s n="14"><c c5="PUQ">‘</c><w c5="DT0" hw="these" pos="ADJ">These </w><w c5="VBB" hw="be" pos="VERB">are </w><w c5="AT0" hw="the" pos="ART">the </w><w c5="DT0" hw="same" pos="ADJ">same </w><w c5="NN2" hw="type" pos="SUBST">types </w><w c5="PRF" hw="of" pos="PREP">of </w><w c5="NN2" hw="ray" pos="SUBST">rays </w><w c5="CJS" hw="as" pos="CONJ">as </w><w c5="AJ0" hw="nuclear" pos="ADJ">nuclear </w><w c5="NN1" hw="gamma" pos="SUBST">Gamma </w><w c5="CJC" hw="and" pos="CONJ">and </w><w c5="NN2" hw="x-ray" pos="SUBST">X-rays </w><w c5="CJC" hw="and" pos="CONJ">and </w><w c5="DT0" hw="both" pos="ADJ">both </w><w c5="VBB" hw="be" pos="VERB">are </w><w c5="AJ0" hw="capable" pos="ADJ">capable </w><w c5="PRF" hw="of" pos="PREP">of </w><w c5="AV0" hw="seriously" pos="ADV">seriously </w><w c5="VVG" hw="damage" pos="VERB">damaging </w><w c5="AT0" hw="the" pos="ART">the </w><w c5="NN1" hw="skin" pos="SUBST">skin</w><w c5="POS" hw="'s" pos="UNC">'s </w><w c5="NN1" hw="dna" pos="SUBST">DNA</w><c c5="PUN">.</c><c c5="PUQ">’</c></s></p><p>
<s n="15"><w c5="CJS" hw="although" pos="CONJ">Although </w><w c5="NN1" hw="dermatologist" pos="SUBST">dermatologist </w><w c5="NP0" hw="dr" pos="SUBST">Dr </w><w c5="NP0" hw="john" pos="SUBST">John </w><w c5="NP0" hw="hawk" pos="SUBST">Hawk</w><c c5="PUN">, </c><w c5="PRP" hw="from" pos="PREP">from </w><w c5="NP0" hw="st" pos="SUBST">St </w><w c5="NP0" hw="john" pos="SUBST">John</w><w c5="POS" hw="'s" pos="UNC">'s </w><w c5="NN1" hw="institute" pos="SUBST">Institute </w><w c5="PRF" hw="of" pos="PREP">of </w><w c5="NN1" hw="dermatology" pos="SUBST">Dermatology </w><w c5="PRP" hw="in" pos="PREP">in </w><w c5="NP0" hw="london" pos="SUBST">London</w><c c5="PUN">, </c><w c5="VVZ" hw="admit" pos="VERB">admits</w><c c5="PUN">: </c><c c5="PUQ">‘</c><w c5="CJS" hw="if" pos="CONJ">If </w><w c5="VVG-NN1" hw="tan" pos="VERB">tanning </w><w c5="VHZ" hw="have" pos="VERB">has </w><w c5="TO0" hw="to" pos="PREP">to </w><w c5="VBI" hw="be" pos="VERB">be </w><w c5="VDN" hw="do" pos="VERB">done</w><c c5="PUN">, </c><w c5="NN2" hw="sunbed" pos="SUBST">sunbeds </w><w c5="VM0" hw="may" pos="VERB">may </w><w c5="VBI" hw="be" pos="VERB">be </w><w c5="AV0" hw="less" pos="ADV">less </w><w c5="AJ0" hw="damaging" pos="ADJ">damaging </w><w c5="CJS" hw="than" pos="CONJ">than </w><w c5="AJ0" hw="actual" pos="ADJ">actual </w><w c5="NN1" hw="sunlight" pos="SUBST">sunlight</w><c c5="PUN">.</c></s></p><p>
<s n="16"><c c5="PUQ">‘</c><w c5="CJC" hw="and" pos="CONJ">And </w><w c5="NN0" hw="people" pos="SUBST">people </w><w c5="PNQ" hw="who" pos="PRON">who </w><w c5="VVB" hw="tan" pos="VERB">tan </w><w c5="AV0" hw="easily" pos="ADV">easily </w><w c5="VM0" hw="will" pos="VERB">will </w><w c5="AV0" hw="probably" pos="ADV">probably </w><w c5="VDI" hw="do" pos="VERB">do </w><w c5="PNX" hw="themselves" pos="PRON">themselves </w><w c5="DT0" hw="less" pos="ADJ">less </w><w c5="NN1-VVB" hw="harm" pos="SUBST">harm</w><c c5="PUN">.</c><c c5="PUQ">’</c></s></p><p>
<s n="17"><w c5="AV0" hw="still" pos="ADV">Still </w><w c5="PNP" hw="he" pos="PRON">he </w><w c5="VVZ" hw="recommend" pos="VERB">recommends </w><w c5="AT0" hw="no" pos="ART">no </w><mw c5="AV0"><w c5="AV0" hw="more" pos="ADV">more </w><w c5="CJS" hw="than" pos="CONJ">than </w></mw><w c5="CRD" hw="10" pos="ADJ">10 </w><w c5="NN2" hw="exposure" pos="SUBST">exposures </w><w c5="AT0" hw="a" pos="ART">a </w><w c5="NN1" hw="course" pos="SUBST">course</w><c c5="PUN">, </c><w c5="CJC" hw="and" pos="CONJ">and </w><w c5="AT0" hw="no" pos="ART">no </w><mw c5="AV0"><w c5="AV0" hw="more" pos="ADV">more </w><w c5="CJS" hw="than" pos="CONJ">than </w></mw><w c5="CRD" hw="two" pos="ADJ">two </w><w c5="NN2" hw="course" pos="SUBST">courses </w><w c5="AT0" hw="a" pos="ART">a </w><w c5="NN1" hw="year" pos="SUBST">year</w><c c5="PUN">.</c></s></p><p>
<s n="18"><w c5="PRP" hw="among" pos="PREP">Among </w><w c5="AT0" hw="the" pos="ART">the </w><w c5="NN2" hw="problem" pos="SUBST">problems </w><w c5="NN1" hw="association" pos="SUBST">association </w><w c5="PRP" hw="with" pos="PREP">with </w><w c5="NN2" hw="sunbed" pos="SUBST">sunbeds </w><w c5="VBB" hw="be" pos="VERB">are </w><w c5="NN1" hw="skin" pos="SUBST">skin </w><w c5="NN1" hw="cancer" pos="SUBST">cancer </w><w c5="CJC" hw="and" pos="CONJ">and </w><w c5="AJ0" hw="premature" pos="ADJ">premature </w><w c5="AJ0" hw="ageing" pos="ADJ">ageing</w><c c5="PUN">.</c></s></p><p type="caption">
<s n="19"><c c5="PUQ">‘</c><w c5="AJ0" hw="wrinkled" pos="ADJ">Wrinkled</w><c c5="PUQ">’</c></s></p><p>
<s n="20"><w c5="PNP" hw="you" pos="PRON">You </w><w c5="VM0" hw="can" pos="VERB">can </w><w c5="AV0" hw="even" pos="ADV">even </w><w c5="VVI" hw="get" pos="VERB">get </w><w c5="NN2" hw="wart" pos="SUBST">warts </w><w c5="PRP" hw="from" pos="PREP">from </w><w c5="NN1" hw="equipment" pos="SUBST">equipment </w><w c5="DTQ" hw="which" pos="PRON">which </w><w c5="VHZ" hw="have" pos="VERB">has</w><w c5="XX0" hw="not" pos="ADV">n't </w><w c5="VBN" hw="be" pos="VERB">been </w><w c5="AV0" hw="properly" pos="ADV">properly </w><w c5="VVN" hw="disinfect" pos="VERB">disinfected</w><c c5="PUN">.</c></s></p><p>
<s n="21"><w c5="VVZ" hw="say" pos="VERB">Says </w><w c5="NP0" hw="dr" pos="SUBST">Dr </w><w c5="NP0" hw="graham-brown" pos="SUBST">Graham-Brown</w><c c5="PUN">: </c><c c5="PUQ">‘</c><w c5="AT0" hw="the" pos="ART">The </w><w c5="AJ0" hw="brown" pos="ADJ">brown </w><w c5="NN2" hw="belle" pos="SUBST">belles </w><w c5="PRF" hw="of" pos="PREP">of </w><w c5="AV0" hw="today" pos="ADV">today </w><w c5="VBB" hw="be" pos="VERB">are </w><w c5="AV0" hw="probably" pos="ADV">probably </w><w c5="AT0" hw="the" pos="ART">the </w><w c5="AJ0" hw="wrinkled" pos="ADJ">wrinkled </w><w c5="NN2" hw="prune" pos="SUBST">prunes </w><w c5="PRF" hw="of" pos="PREP">of </w><w c5="AV0" hw="tomorrow" pos="ADV">tomorrow</w><c c5="PUN">.</c><c c5="PUQ">’</c></s></p><p>
<s n="22"><w c5="AV0" hw="so" pos="ADV">So </w><w c5="AVQ" hw="why" pos="ADV">why </w><w c5="VDB" hw="do" pos="VERB">do </w><w c5="NN1" hw="health" pos="SUBST">health </w><w c5="NN2" hw="club" pos="SUBST">clubs </w><w c5="VVB" hw="keep" pos="VERB">keep </w><w c5="DT0" hw="these" pos="ADJ">these </w><w c5="NN2" hw="machine" pos="SUBST">machines</w><c c5="PUN">.</c></s></p><p>
<s n="23"><mw c5="PRP"><w c5="VVG" hw="accord" pos="VERB">According </w><w c5="PRP" hw="to" pos="PREP">to </w></mw><w c5="CRD" hw="one" pos="ADJ">one </w><w c5="NN1" hw="manufacturer" pos="SUBST">manufacturer</w><c c5="PUN">: </c><c c5="PUQ">‘</c><w c5="NN1-VVB" hw="profit" pos="SUBST">Profit</w><c c5="PUN">.</c></s>
<s n="24"><w c5="PRP" hw="with" pos="PREP">With </w><w c5="AT0" hw="a" pos="ART">a </w><w c5="NN1" hw="rate" pos="SUBST">rate </w><w c5="PRF" hw="of" pos="PREP">of </w><w c5="AV0-AJ0" hw="fast" pos="ADV">fast </w><w c5="VVB-NN1" hw="return" pos="VERB">return </w><w c5="AT0" hw="the" pos="ART">the </w><w c5="AJ0-NN1" hw="tanning" pos="ADJ">tanning </w><w c5="NN1" hw="bed" pos="SUBST">bed </w><w c5="VBZ" hw="be" pos="VERB">is </w><w c5="AT0" hw="the" pos="ART">the </w><w c5="AJ0" hw="single" pos="ADJ">single </w><w c5="AV0" hw="most" pos="ADV">most </w><w c5="AJ0" hw="profitable" pos="ADJ">profitable </w><w c5="NN1" hw="investment" pos="SUBST">investment </w><w c5="AT0" hw="a" pos="ART">a </w><w c5="NN1" hw="club" pos="SUBST">club </w><w c5="VM0" hw="can" pos="VERB">can </w><w c5="VVI" hw="make" pos="VERB">make</w><c c5="PUN">.</c><c c5="PUQ">’</c></s></p></div><div level="1"><head type="MAIN">
<s n="25"><w c5="NN1-VVB" hw="risk" pos="SUBST">Risk </w><w c5="VBZ" hw="be" pos="VERB">is </w><c c5="PUQ">‘</c><w c5="CRD" hw="million" pos="ADJ">million </w><w c5="PRP" hw="to" pos="PREP">to </w><w c5="CRD" hw="one" pos="ADJ">one</w><c c5="PUQ">’</c></s></head><head type="BYLINE">
<s n="26"><w c5="PRP" hw="by" pos="PREP">By </w><w c5="NP0" hw="cath" pos="SUBST">Cath </w><w c5="NN1-VVB" hw="steward" pos="SUBST">Steward </w><w c5="NP0-NN1" hw="daily" pos="SUBST">Daily </w><w c5="NN1" hw="post" pos="SUBST">Post </w><w c5="NN0" hw="staff" pos="SUBST">Staff</w></s></head><p>
<s n="27"><w c5="CRD" hw="one" pos="ADJ">ONE </w><w c5="PRF" hw="of" pos="PREP">of </w><w c5="AT0" hw="the" pos="ART">the </w><w c5="AJS" hw="young" pos="ADJ">youngest </w><w c5="AJ0-NN1" hw="potential" pos="ADJ">potential </w><w c5="NN2" hw="victim" pos="SUBST">victims </w><w c5="PRF" hw="of" pos="PREP">of </w><w c5="NP0" hw="chester" pos="SUBST">Chester</w><w c5="POS" hw="'s" pos="UNC">'s </w><w c5="NN1" hw="tuberculosis" pos="SUBST">tuberculosis </w><w c5="NN1" hw="scare" pos="SUBST">scare </w><w c5="VBD" hw="be" pos="VERB">was </w><w c5="PRP" hw="among" pos="PREP">among </w><w c5="AT0" hw="the" pos="ART">the </w><w c5="ORD" hw="first" pos="ADJ">first </w><w c5="TO0" hw="to" pos="PREP">to </w><w c5="VBI" hw="be" pos="VERB">be </w><w c5="VVN" hw="test" pos="VERB">tested </w><w c5="PRP" hw="for" pos="PREP">for </w><w c5="AT0" hw="the" pos="ART">the </w><w c5="NN1" hw="disease" pos="SUBST">disease </w><w c5="AV0" hw="yesterday" pos="ADV">yesterday</w><c c5="PUN">.</c></s></p><p>
<s n="28"><w c5="AJ0" hw="tiny" pos="ADJ">Tiny </w><w c5="NP0" hw="andrew" pos="SUBST">Andrew </w><w c5="NP0" hw="morrison" pos="SUBST">Morrison</w><c c5="PUN">, </c><w c5="PNQ" hw="who" pos="PRON">who </w><w c5="VBD" hw="be" pos="VERB">was </w><w c5="VVN" hw="bear" pos="VERB">born </w><w c5="CRD" hw="nine" pos="ADJ">nine </w><w c5="NN2" hw="week" pos="SUBST">weeks </w><w c5="AV0-AJ0" hw="early" pos="ADV">early </w><w c5="PRP" hw="at" pos="PREP">at </w><w c5="AT0" hw="the" pos="ART">the </w><w c5="NN1" hw="countess" pos="SUBST">Countess </w><w c5="PRF" hw="of" pos="PREP">of </w><w c5="NP0" hw="chester" pos="SUBST">Chester </w><w c5="NN1" hw="hospital" pos="SUBST">Hospital</w><c c5="PUN">, </c><w c5="VBZ" hw="be" pos="VERB">is </w><w c5="PRP" hw="among" pos="PREP">among </w><w c5="CRD" hw="481" pos="ADJ">481 </w><w c5="NN2" hw="child" pos="SUBST">children </w><w c5="VVN" hw="treat" pos="VERB">treated </w><w c5="PRP" hw="by" pos="PREP">by </w><w c5="AT0" hw="a" pos="ART">a </w><w c5="AJ0" hw="junior" pos="ADJ">junior </w><w c5="NN1" hw="doctor" pos="SUBST">doctor </w><w c5="PNQ" hw="who" pos="PRON">who </w><w c5="VHZ" hw="have" pos="VERB">has </w><w c5="AV0" hw="since" pos="ADV">since </w><w c5="VBN" hw="be" pos="VERB">been </w><w c5="VVN" hw="find" pos="VERB">found </w><w c5="TO0" hw="to" pos="PREP">to </w><w c5="VBI" hw="be" pos="VERB">be </w><w c5="VVG-AJ0" hw="suffer" pos="VERB">suffering </w><w c5="PRP" hw="from" pos="PREP">from </w><w c5="NN1" hw="tb" pos="SUBST">TB</w><c c5="PUN">.</c></s></p><p>
<s n="29"><w c5="NN1" hw="hospital" pos="SUBST">Hospital </w><w c5="NN0" hw="staff" pos="SUBST">staff </w><w c5="VBB" hw="be" pos="VERB">are </w><w c5="VVG" hw="stress" pos="VERB">stressing </w><w c5="AT0" hw="the" pos="ART">the </w><w c5="NN2" hw="test" pos="SUBST">tests </w><w c5="VBB" hw="be" pos="VERB">are </w><c c5="PUQ">‘</c><w c5="AV0" hw="purely" pos="ADV">purely </w><w c5="AJ0" hw="precautionary" pos="ADJ">precautionary</w><c c5="PUQ">’ </c><w c5="CJC" hw="and" pos="CONJ">and </w><w c5="VVB" hw="say" pos="VERB">say </w><w c5="AT0" hw="the" pos="ART">the </w><w c5="NN2" hw="chance" pos="SUBST">chances </w><w c5="PRF" hw="of" pos="PREP">of </w><w c5="PNI" hw="anyone" pos="PRON">anyone </w><w c5="VVG" hw="catch" pos="VERB">catching </w><w c5="AT0" hw="the" pos="ART">the </w><w c5="NN1" hw="disease" pos="SUBST">disease </w><w c5="VBB" hw="be" pos="VERB">are </w><w c5="AT0" hw="a" pos="ART">a </w><w c5="CRD" hw="million" pos="ADJ">million </w><w c5="PRP" hw="to" pos="PREP">to </w><w c5="PNI-CRD" hw="one" pos="PRON">one</w><c c5="PUN">.</c></s></p><p>
<s n="30"><w c5="NP0" hw="andrew" pos="SUBST">Andrew</w><w c5="POS" hw="'s" pos="UNC">'s </w><w c5="NN2" hw="parent" pos="SUBST">parents </w><w c5="NP0" hw="charles" pos="SUBST">Charles </w><w c5="CJC" hw="and" pos="CONJ">and </w><w c5="NP0" hw="denise" pos="SUBST">Denise</w><c c5="PUN">, </c><w c5="PRP" hw="from" pos="PREP">from </w><w c5="NP0" hw="barnton" pos="SUBST">Barnton</w><c c5="PUN">, </c><w c5="NP0" hw="northwich" pos="SUBST">Northwich</w><c c5="PUN">, </c><w c5="PNQ" hw="who" pos="PRON">who </w><w c5="VVD" hw="bring" pos="VERB">brought </w><w c5="PNP" hw="he" pos="PRON">him </w><w c5="AV0" hw="home" pos="ADV">home </w><w c5="PRP" hw="from" pos="PREP">from </w><w c5="NN1" hw="hospital" pos="SUBST">hospital </w><w c5="ORD" hw="last" pos="ADJ">last </w><w c5="NN1" hw="week" pos="SUBST">week</w><c c5="PUN">, </c><w c5="VBD" hw="be" pos="VERB">were </w><w c5="AJ0" hw="alarmed" pos="ADJ">alarmed </w><w c5="TO0" hw="to" pos="PREP">to </w><w c5="VBI" hw="be" pos="VERB">be </w><w c5="VVN" hw="call" pos="VERB">called </w><w c5="AVP" hw="back" pos="ADV">back </w><w c5="AV0" hw="so" pos="ADV">so </w><w c5="AV0" hw="soon" pos="ADV">soon</w><c c5="PUN">.</c></s></p><p>
<s n="31"><c c5="PUQ">‘</c><w c5="PNP" hw="we" pos="PRON">We </w><w c5="VDD" hw="do" pos="VERB">did </w><w c5="VVI" hw="feel" pos="VERB">feel </w><w c5="AJ0" hw="concerned" pos="ADJ">concerned </w><mw c5="AV0"><w c5="PRP" hw="at" pos="PREP">at </w><w c5="ORD" hw="first" pos="ADJ">first</w></mw><c c5="PUN">, </c><w c5="CJC" hw="but" pos="CONJ">but </w><w c5="PNP" hw="we" pos="PRON">we </w><w c5="VHB" hw="have" pos="VERB">have </w><w c5="AV0" hw="since" pos="ADV">since </w><w c5="VBN" hw="be" pos="VERB">been </w><w c5="VVN" hw="reassure" pos="VERB">reassured </w><w c5="CJT" hw="that" pos="CONJ">that </w><w c5="AT0" hw="the" pos="ART">the </w><w c5="NN2" hw="chance" pos="SUBST">chances </w><w c5="PRF" hw="of" pos="PREP">of </w><w c5="NP0" hw="andrew" pos="SUBST">Andrew </w><w c5="VVG-AJ0" hw="catch" pos="VERB">catching </w><w c5="NN1" hw="tb" pos="SUBST">TB </w><w c5="VBB" hw="be" pos="VERB">are </w><w c5="AV0" hw="extremely" pos="ADV">extremely </w><w c5="AJ0" hw="remote" pos="ADJ">remote</w><c c5="PUN">,</c><c c5="PUQ">’ </c><w c5="VVD" hw="say" pos="VERB">said </w><w c5="NP0" hw="mr" pos="SUBST">Mr </w><w c5="NP0" hw="morrison" pos="SUBST">Morrison</w><c c5="PUN">.</c></s></p><p>
<s n="32"><mw c5="PRP"><w c5="AVP" hw="out" pos="ADV">Out </w><w c5="PRF" hw="of" pos="PREP">of </w></mw><w c5="CRD" hw="481" pos="ADJ">481 </w><w c5="NN2" hw="child" pos="SUBST">children </w><w c5="VVN" hw="call" pos="VERB">called </w><w c5="AVP-PRP" hw="in" pos="ADV">in</w><c c5="PUN">, </c><w c5="AV0" hw="just" pos="ADV">just </w><w c5="AV0" hw="over" pos="ADV">over </w><w c5="CRD" hw="100" pos="ADJ">100 </w><w c5="VHB" hw="have" pos="VERB">have </w><w c5="AV0" hw="already" pos="ADV">already </w><w c5="VBN" hw="be" pos="VERB">been </w><w c5="VVN" hw="test" pos="VERB">tested</w><c c5="PUN">.</c></s>
<s n="33"><w c5="PNP" hw="they" pos="PRON">They </w><w c5="VM0" hw="will" pos="VERB">will </w><w c5="AV0" hw="now" pos="ADV">now </w><w c5="VVI" hw="face" pos="VERB">face </w><w c5="AT0" hw="a" pos="ART">a </w><w c5="CRD" hw="six" pos="ADJ">six </w><w c5="NN1" hw="week" pos="SUBST">week </w><w c5="VVB-NN1" hw="wait" pos="VERB">wait </w><w c5="PRP" hw="for" pos="PREP">for </w><w c5="AT0" hw="the" pos="ART">the </w><w c5="NN2" hw="result" pos="SUBST">results </w><w c5="PRF" hw="of" pos="PREP">of </w><w c5="AT0" hw="the" pos="ART">the </w><w c5="NN2" hw="test" pos="SUBST">tests</w><c c5="PUN">.</c></s></p><p>
<s n="34"><w c5="AT0" hw="a" pos="ART">A </w><w c5="AJC" hw="far" pos="ADJ">further </w><w c5="CRD" hw="210" pos="ADJ">210 </w><w c5="NN2" hw="family" pos="SUBST">families </w><w c5="VHB" hw="have" pos="VERB">have </w><w c5="VVN" hw="make" pos="VERB">made </w><w c5="NN2" hw="appointment" pos="SUBST">appointments </w><w c5="CJC" hw="and" pos="CONJ">and </w><w c5="AT0" hw="a" pos="ART">a </w><w c5="AJ0" hw="special" pos="ADJ">special </w><w c5="NN1" hw="helpline" pos="SUBST">helpline </w><w c5="VVD-VVN" hw="set" pos="VERB">set </w><w c5="AVP" hw="up" pos="ADV">up </w><w c5="TO0" hw="to" pos="PREP">to </w><w c5="VVI" hw="deal" pos="VERB">deal </w><w c5="PRP" hw="with" pos="PREP">with </w><w c5="NN2" hw="inquiry" pos="SUBST">inquiries </w><w c5="PRP" hw="from" pos="PREP">from </w><w c5="AJ0" hw="worried" pos="ADJ">worried </w><w c5="NN2" hw="parent" pos="SUBST">parents </w><w c5="VHZ" hw="have" pos="VERB">has </w><w c5="AV0" hw="so" pos="ADV">so </w><w c5="AV0" hw="far" pos="ADV">far </w><w c5="VVN" hw="receive" pos="VERB">received </w><w c5="CRD" hw="137" pos="ADJ">137 </w><w c5="NN2" hw="call" pos="SUBST">calls</w><c c5="PUN">.</c></s></p><p>
<s n="35"><c c5="PUQ">‘</c><w c5="PNP" hw="we" pos="PRON">We </w><w c5="VHB" hw="have" pos="VERB">have </w><w c5="VHN" hw="have" pos="VERB">had </w><w c5="AT0" hw="an" pos="ART">an </w><w c5="AV0" hw="extremely" pos="ADV">extremely </w><w c5="AJ0" hw="encouraging" pos="ADJ">encouraging </w><w c5="NN1" hw="response" pos="SUBST">response</w><c c5="PUN">, </c><w c5="AV0" hw="so" pos="ADV">so </w><w c5="AV0" hw="far" pos="ADV">far</w><c c5="PUN">,</c><c c5="PUQ">’ </c><w c5="VVD" hw="say" pos="VERB">said </w><w c5="NP0" hw="paul" pos="SUBST">Paul </w><w c5="NP0" hw="barrow" pos="SUBST">Barrow</w><c c5="PUN">, </c><w c5="AJ0" hw="chief" pos="ADJ">chief </w><w c5="NN1" hw="executive" pos="SUBST">executive </w><w c5="PRP" hw="at" pos="PREP">at </w><w c5="AT0" hw="the" pos="ART">the </w><w c5="NN1" hw="countess" pos="SUBST">Countess </w><w c5="PRF" hw="of" pos="PREP">of </w><w c5="NP0" hw="chester" pos="SUBST">Chester</w><c c5="PUN">.</c></s></p><p>
<s n="36"><c c5="PUQ">‘</c><w c5="PNP" hw="we" pos="PRON">We </w><w c5="VVB" hw="want" pos="VERB">want </w><w c5="TO0" hw="to" pos="PREP">to </w><w c5="VBI" hw="be" pos="VERB">be </w><w c5="VVG" hw="reassure" pos="VERB">reassuring </w><w c5="AT0" hw="the" pos="ART">the </w><w c5="NN1" hw="risk" pos="SUBST">risk </w><w c5="PRF" hw="of" pos="PREP">of </w><w c5="PNI" hw="anyone" pos="PRON">anyone </w><w c5="VVG" hw="catch" pos="VERB">catching </w><w c5="DT0" hw="this" pos="ADJ">this </w><w c5="VBZ" hw="be" pos="VERB">is </w><w c5="AJ0" hw="infinitesimal" pos="ADJ">infinitesimal</w><c c5="PUN">.</c></s></p><p>
<s n="37"><c c5="PUQ">‘</c><w c5="PNP" hw="we" pos="PRON">We </w><w c5="VHB" hw="have" pos="VERB">have </w><w c5="VVN" hw="send" pos="VERB">sent </w><w c5="NN2" hw="letter" pos="SUBST">letters </w><w c5="PRP" hw="to" pos="PREP">to </w><w c5="PNI" hw="everyone" pos="PRON">everyone </w><w c5="PNP" hw="we" pos="PRON">we </w><w c5="VVB" hw="believe" pos="VERB">believe </w><w c5="VHZ" hw="have" pos="VERB">has </w><w c5="VBN" hw="be" pos="VERB">been </w><mw c5="PRP"><w c5="PRP" hw="in" pos="PREP">in </w><w c5="NN1" hw="contact" pos="SUBST">contact </w><w c5="PRP" hw="with" pos="PREP">with </w></mw><w c5="AT0" hw="the" pos="ART">the </w><w c5="NN1" hw="doctor" pos="SUBST">doctor </w><w c5="CJC" hw="but" pos="CONJ">but </w><w c5="CJS" hw="if" pos="CONJ">if </w><w c5="PNI" hw="anyone" pos="PRON">anyone </w><w c5="AV0" hw="else" pos="ADV">else </w><w c5="VVZ" hw="feel" pos="VERB">feels </w><w c5="PNP" hw="they" pos="PRON">they </w><w c5="VM0" hw="would" pos="VERB">would </w><w c5="VVI" hw="like" pos="VERB">like </w><w c5="TO0" hw="to" pos="PREP">to </w><w c5="VHI" hw="have" pos="VERB">have </w><w c5="AT0" hw="a" pos="ART">a </w><w c5="NN1" hw="test" pos="SUBST">test </w><w c5="TO0" hw="to" pos="PREP">to </w><w c5="VVI" hw="put" pos="VERB">put </w><w c5="DPS" hw="they" pos="PRON">their </w><w c5="NN1" hw="mind" pos="SUBST">mind </w><w c5="PRP" hw="at" pos="PREP">at </w><w c5="NN1" hw="rest" pos="SUBST">rest </w><w c5="PNP" hw="they" pos="PRON">they </w><w c5="VM0" hw="should" pos="VERB">should </w><w c5="VVI" hw="contact" pos="VERB">contact </w><w c5="PNP" hw="we" pos="PRON">us</w><c c5="PUN">.</c><c c5="PUQ">’</c></s></p><p>
<s n="38"><w c5="DT0" hw="any" pos="ADJ">Any </w><w c5="NN2" hw="parent" pos="SUBST">parents </w><w c5="PNQ" hw="who" pos="PRON">who </w><w c5="VDB" hw="do" pos="VERB">do </w><w c5="XX0" hw="not" pos="ADV">not </w><w c5="VVI" hw="respond" pos="VERB">respond </w><w c5="PRP" hw="to" pos="PREP">to </w><w c5="AT0" hw="the" pos="ART">the </w><w c5="NN1" hw="call-up" pos="SUBST">call-up </w><w c5="VM0" hw="will" pos="VERB">will </w><w c5="VBI" hw="be" pos="VERB">be </w><w c5="VVN" hw="contact" pos="VERB">contacted </w><w c5="AV0" hw="again" pos="ADV">again</w><c c5="PUN">.</c></s></p><p>
<s n="39"><mw c5="AV0"><w c5="AV0" hw="more" pos="ADV">More </w><w c5="CJS" hw="than" pos="CONJ">than </w></mw><w c5="CRD" hw="500" pos="ADJ">500 </w><w c5="NN0" hw="staff" pos="SUBST">staff </w><w c5="CJC" hw="and" pos="CONJ">and </w><w c5="CRD" hw="450" pos="ADJ">450 </w><w c5="NN2" hw="gp" pos="SUBST">GPs </w><w c5="PNQ" hw="who" pos="PRON">who </w><w c5="VBB" hw="be" pos="VERB">are </w><w c5="VVN" hw="believe" pos="VERB">believed </w><w c5="TO0" hw="to" pos="PREP">to </w><w c5="VHI" hw="have" pos="VERB">have </w><w c5="VVN" hw="come" pos="VERB">come </w><w c5="PRP" hw="into" pos="PREP">into </w><w c5="NN1" hw="contact" pos="SUBST">contact </w><w c5="PRP" hw="with" pos="PREP">with </w><w c5="AT0" hw="the" pos="ART">the </w><w c5="NN1" hw="man" pos="SUBST">man </w><w c5="VBB" hw="be" pos="VERB">are </w><w c5="VBG" hw="be" pos="VERB">being </w><w c5="VVN" hw="test" pos="VERB">tested </w><w c5="AV0" hw="separately" pos="ADV">separately</w><c c5="PUN">.</c></s></p><p>
<s n="40"><w c5="AT0" hw="the" pos="ART">The </w><w c5="NN1" hw="doctor" pos="SUBST">doctor</w><c c5="PUN">, </c><w c5="PNQ" hw="who" pos="PRON">who </w><w c5="VHZ" hw="have" pos="VERB">has </w><w c5="XX0" hw="not" pos="ADV">not </w><w c5="VBN" hw="be" pos="VERB">been </w><w c5="VVN" hw="identify" pos="VERB">identified</w><c c5="PUN">, </c><w c5="VBZ" hw="be" pos="VERB">is </w><w c5="VVN-AJ0" hw="expect" pos="VERB">expected </w><w c5="TO0" hw="to" pos="PREP">to </w><w c5="VVI" hw="make" pos="VERB">make </w><w c5="AT0" hw="a" pos="ART">a </w><w c5="AJ0" hw="full" pos="ADJ">full </w><w c5="NN1" hw="recovery" pos="SUBST">recovery</w><c c5="PUN">.</c></s></p><p>
<s n="41"><w c5="CRD" hw="two" pos="ADJ">Two </w><w c5="NN2" hw="helpline" pos="SUBST">helplines </w><w c5="VM0" hw="will" pos="VERB">will </w><w c5="VBI" hw="be" pos="VERB">be </w><w c5="VVG" hw="run" pos="VERB">running </w><w c5="DT0" hw="all" pos="ADJ">all </w><w c5="ORD" hw="next" pos="ADJ">next </w><w c5="NN1" hw="week" pos="SUBST">week</w><c c5="PUN">.</c></s>
<s n="42"><w c5="AT0" hw="the" pos="ART">The </w><w c5="NN2" hw="number" pos="SUBST">numbers </w><w c5="VBB" hw="be" pos="VERB">are  </w><gap desc="telephone number"/><w c5="CJC" hw="and" pos="CONJ">and </w><gap desc="telephone number"/><c c5="PUN">.</c></s></p><p type="caption">
<s n="43"><w c5="NP0" hw="denise" pos="SUBST">Denise </w><w c5="NP0" hw="morrison" pos="SUBST">Morrison </w><w c5="PRP" hw="with" pos="PREP">with </w><w c5="NN1" hw="baby" pos="SUBST">baby </w><w c5="NP0" hw="andrew" pos="SUBST">Andrew </w><w c5="PRP-CJS" hw="after" pos="PREP">after </w><w c5="DPS" hw="he" pos="PRON">his </w><w c5="NN1" hw="test" pos="SUBST">test </w><w c5="AV0" hw="yesterday" pos="ADV">yesterday </w><w c5="VVB" hw="picture" pos="VERB">Picture</w><c c5="PUN">: </c><w c5="NP0" hw="peter" pos="SUBST">PETER </w><w c5="NN1-NP0" hw="price" pos="SUBST">PRICE</w></s></p></div></wtext></bncDoc>
