<bncDoc xml:id="K3B"><teiHeader><fileDesc><titleStmt><title>  Liverpool Daily Post and Echo: News and features. Sample containing about 1369 words from a periodical (domain: social science) </title><respStmt><resp> Data capture and transcription </resp><name> Oxford University Press </name> </respStmt></titleStmt><editionStmt><edition>BNC XML Edition, December 2006</edition></editionStmt><extent> 1369 tokens; 1401 w-units; 82 s-units </extent><publicationStmt><distributor>Distributed under licence by Oxford University Computing Services on behalf of the BNC Consortium.</distributor><availability> This material is protected by international copyright laws and may not be copied or redistributed in any way. Consult the BNC Web Site at http://www.natcorp.ox.ac.uk for full licencing and distribution conditions.</availability><idno type="bnc">K3B</idno><idno type="old"> LaSoci </idno></publicationStmt><sourceDesc><bibl><title>Liverpool Daily Post and Echo: News and features.</title> <imprint><publisher>u.p.</publisher> </imprint> </bibl></sourceDesc></fileDesc><encodingDesc><tagsDecl><namespace name=""><tagUsage gi="c" occurs="153"/><tagUsage gi="div" occurs="9"/><tagUsage gi="head" occurs="6"/><tagUsage gi="mw" occurs="13"/><tagUsage gi="p" occurs="56"/><tagUsage gi="s" occurs="82"/><tagUsage gi="w" occurs="1401"/></namespace></tagsDecl></encodingDesc><profileDesc><creation date="0000">0000-00-00 Origination/creation date not known </creation><textClass><catRef targets="alltim3 news  wriase0  wridom4   wrista0 "/><classCode scheme="DLEE">W newsp other: social</classCode><keywords><term> (none) </term></keywords></textClass></profileDesc><revisionDesc><change date="2006-10-21" who="#OUCS">Tag usage updated for BNC-XML</change><change date="2000-12-13" who="#OUCS">Last check for BNC World first release</change><change date="2000-09-01" who="#OUCS">Check all tagcounts</change><change date="2000-06-23" who="#OUCS">Resequenced s-units and added headers</change><change date="2000-01-21" who="#OUCS">Added date info</change><change date="2000-01-09" who="#OUCS">Updated all catrefs</change><change date="2000-01-08" who="#OUCS">Updated source title</change><change date="2000-01-08" who="#OUCS">Updated titles</change><change date="1999-12-25" who="#OUCS">corrected tagUsage</change><change date="1999-09-16" who="#UCREL">POS codes revised for BNC-2; header updated</change><change date="1994-11-26" who="#dominic">Initial accession to corpus</change></revisionDesc></teiHeader>
<wtext type="NEWS"><div level="1"><head type="MAIN">
<s n="1"><w c5="NN2" hw="pub" pos="SUBST">Pubs </w><w c5="TO0" hw="to" pos="PREP">to </w><w c5="VVI" hw="help" pos="VERB">help </w><w c5="VVI" hw="cut" pos="VERB">cut </w><w c5="AJ0" hw="heavy" pos="ADJ">heavy </w><w c5="NN1" hw="drinking" pos="SUBST">drinking</w></s></head><head type="BYLINE">
<s n="2"><w c5="PRP" hw="by" pos="PREP">By </w><w c5="NP0" hw="tom" pos="SUBST">Tom </w><w c5="NP0" hw="bodden" pos="SUBST">Bodden </w><w c5="AJ0" hw="welsh" pos="ADJ">Welsh </w><w c5="NN2" hw="affair" pos="SUBST">Affairs </w><w c5="NN1" hw="correspondent" pos="SUBST">Correspondent</w></s></head><p>
<s n="3"><w c5="NN2" hw="publican" pos="SUBST">PUBLICANS </w><w c5="PRP" hw="in" pos="PREP">in </w><w c5="NP0" hw="wales" pos="SUBST">Wales </w><w c5="VBB" hw="be" pos="VERB">are </w><w c5="VBG" hw="be" pos="VERB">being </w><w c5="VVN" hw="show" pos="VERB">shown </w><w c5="NN2" hw="way" pos="SUBST">ways </w><w c5="PRF" hw="of" pos="PREP">of </w><w c5="VVG" hw="reduce" pos="VERB">reducing </w><w c5="AT0" hw="the" pos="ART">the </w><w c5="NN1" hw="amount" pos="SUBST">amount </w><w c5="PRF" hw="of" pos="PREP">of </w><w c5="NN1" hw="alcohol" pos="SUBST">alcohol </w><w c5="DPS" hw="they" pos="PRON">their </w><w c5="NN2" hw="customer" pos="SUBST">customers </w><w c5="VVB-NN1" hw="drink" pos="VERB">drink</w><c c5="PUN">.</c></s></p><p>
<s n="4"><w c5="AT0" hw="the" pos="ART">The </w><w c5="AJ0" hw="welsh" pos="ADJ">Welsh </w><w c5="VBB" hw="be" pos="VERB">are </w><w c5="PRP" hw="among" pos="PREP">among </w><w c5="AT0" hw="the" pos="ART">the </w><w c5="AJS" hw="heavy" pos="ADJ">heaviest </w><w c5="NN2" hw="drinker" pos="SUBST">drinkers </w><w c5="CJC" hw="and" pos="CONJ">and </w><w c5="NN2" hw="smoker" pos="SUBST">smokers </w><w c5="PRP" hw="in" pos="PREP">in </w><w c5="NP0" hw="britain" pos="SUBST">Britain</w><c c5="PUN">.</c></s></p><p>
<s n="5"><w c5="NN2" hw="figure" pos="SUBST">Figures </w><w c5="VVN" hw="release" pos="VERB">released </w><w c5="AV0" hw="yesterday" pos="ADV">yesterday </w><w c5="VVD" hw="show" pos="VERB">showed </w><w c5="CRD" hw="300,000" pos="ADJ">300,000 </w><w c5="NN0" hw="people" pos="SUBST">people </w><w c5="PRP" hw="in" pos="PREP">in </w><w c5="NP0" hw="wales" pos="SUBST">Wales </w><w c5="VVD" hw="indulge" pos="VERB">indulged </w><w c5="PRP-AVP" hw="in" pos="PREP">in </w><w c5="AT0" hw="a" pos="ART">a </w><w c5="AJ0" hw="heavy" pos="ADJ">heavy </w><w c5="NN1" hw="drinking" pos="SUBST">drinking </w><w c5="NN1" hw="session" pos="SUBST">session </w><w c5="AT0" hw="every" pos="ART">every </w><w c5="NN1" hw="week" pos="SUBST">week</w><c c5="PUN">.</c></s></p><p>
<s n="6"><w c5="PRF" hw="of" pos="PREP">Of </w><w c5="DT0" hw="those" pos="ADJ">those</w><c c5="PUN">, </c><mw c5="AV0"><w c5="AV0" hw="more" pos="ADV">more </w><w c5="CJS" hw="than" pos="CONJ">than </w></mw><w c5="CRD" hw="130,000" pos="ADJ">130,000 </w><w c5="VBD" hw="be" pos="VERB">were </w><w c5="VVG" hw="risk" pos="VERB">risking </w><w c5="PNX" hw="themselves" pos="PRON">themselves </w><w c5="CJC" hw="or" pos="CONJ">or </w><w c5="NN2" hw="other" pos="SUBST">others</w><c c5="PUN">, </c><mw c5="PRP"><w c5="VVG" hw="accord" pos="VERB">according </w><w c5="PRP" hw="to" pos="PREP">to </w></mw><w c5="AJ0" hw="medical" pos="ADJ">medical </w><w c5="NN2" hw="expert" pos="SUBST">experts</w><c c5="PUN">.</c></s></p><p>
<s n="7"><w c5="AV0" hw="now" pos="ADV">Now </w><w c5="AT0" hw="the" pos="ART">the </w><w c5="NN1" hw="campaign" pos="SUBST">campaign </w><w c5="NN1" hw="group" pos="SUBST">group</w><c c5="PUN">, </c><w c5="NP0" hw="drinkwise" pos="SUBST">Drinkwise </w><w c5="NP0" hw="wales" pos="SUBST">Wales</w><c c5="PUN">, </c><w c5="VBZ" hw="be" pos="VERB">is </w><w c5="VVG" hw="sign" pos="VERB">signing </w><w c5="AVP" hw="up" pos="ADV">up </w><w c5="NN2" hw="landlord" pos="SUBST">landlords </w><w c5="TO0" hw="to" pos="PREP">to </w><w c5="VVI" hw="promote" pos="VERB">promote </w><w c5="AJ0" hw="sensible" pos="ADJ">sensible </w><w c5="NN1" hw="drinking" pos="SUBST">drinking</w><c c5="PUN">.</c></s></p><p type="caption">
<s n="8"><w c5="NN2" hw="profit" pos="SUBST">Profits</w></s></p><p>
<s n="9"><w c5="NN1" hw="chairman" pos="SUBST">Chairman </w><w c5="NP0" hw="judith" pos="SUBST">Judith </w><w c5="NP0" hw="billingham" pos="SUBST">Billingham </w><w c5="VVD" hw="say" pos="VERB">said </w><w c5="AV0" hw="yesterday" pos="ADV">yesterday</w><c c5="PUN">: </c><c c5="PUQ">‘</c><w c5="NP0" hw="wales" pos="SUBST">Wales </w><w c5="VBZ" hw="be" pos="VERB">is </w><w c5="CRD" hw="one" pos="ADJ">one </w><w c5="PRF" hw="of" pos="PREP">of </w><w c5="AT0" hw="the" pos="ART">the </w><w c5="AJS" hw="high" pos="ADJ">highest </w><w c5="NN1" hw="drinking" pos="SUBST">drinking </w><w c5="NN2" hw="region" pos="SUBST">regions </w><w c5="PRF" hw="of" pos="PREP">of </w><w c5="AT0" hw="the" pos="ART">the </w><w c5="NP0" hw="uk" pos="SUBST">UK </w><w c5="CJC" hw="and" pos="CONJ">and </w><w c5="PRP-AVP" hw="about" pos="PREP">about </w><mw c5="AV0"><w c5="DT0" hw="half" pos="ADJ">half </w><w c5="NN1" hw="way" pos="SUBST">way </w></mw><w c5="AVP-PRP" hw="up" pos="ADV">up </w><w c5="AT0" hw="the" pos="ART">the </w><w c5="NN1" hw="league" pos="SUBST">league </w><w c5="NN1" hw="table" pos="SUBST">table </w><w c5="PRP" hw="for" pos="PREP">for </w><w c5="NP0" hw="europe" pos="SUBST">Europe</w><c c5="PUN">.</c></s></p><p>
<s n="10"><c c5="PUQ">‘</c><w c5="PNP" hw="we" pos="PRON">We </w><w c5="VBB" hw="be" pos="VERB">are </w><w c5="VVG" hw="urge" pos="VERB">urging </w><w c5="NN2" hw="licensee" pos="SUBST">licensees </w><w c5="TO0" hw="to" pos="PREP">to </w><w c5="VVI" hw="join" pos="VERB">join </w><w c5="PNP" hw="we" pos="PRON">us </w><w c5="PRP" hw="in" pos="PREP">in </w><w c5="AJ0" hw="encouraging" pos="ADJ">encouraging </w><w c5="AJ0" hw="sensible" pos="ADJ">sensible </w><w c5="NN1" hw="drinking" pos="SUBST">drinking </w><w c5="CJS" hw="because" pos="CONJ">because </w><w c5="PNP" hw="it" pos="PRON">it </w><w c5="PRP-AVP" hw="in" pos="PREP">in </w><w c5="DPS" hw="they" pos="PRON">their </w><w c5="DT0" hw="own" pos="ADJ">own </w><w c5="NN2" hw="interest" pos="SUBST">interests</w><c c5="PUN">.</c><c c5="PUQ">’</c></s></p><p>
<s n="11"><mw c5="PRP"><w c5="AV0" hw="rather" pos="ADV">Rather </w><w c5="CJS" hw="than" pos="CONJ">than </w></mw><w c5="VVG-NN1" hw="cut" pos="VERB">cutting </w><w c5="NN2" hw="taking" pos="SUBST">takings</w><c c5="PUN">, </c><w c5="NN2" hw="profit" pos="SUBST">profits </w><w c5="VM0" hw="would" pos="VERB">would </w><w c5="VVI" hw="go" pos="VERB">go </w><w c5="AVP" hw="up" pos="ADV">up </w><w c5="PRP" hw="in" pos="PREP">in </w><w c5="AJ0" hw="well-run" pos="ADJ">well-run </w><w c5="AJ0" hw="trouble-free" pos="ADJ">trouble-free </w><w c5="NN2" hw="bar" pos="SUBST">bars </w><w c5="DTQ" hw="which" pos="PRON">which </w><w c5="VVD" hw="attract" pos="VERB">attracted </w><w c5="DT0" hw="more" pos="ADJ">more </w><w c5="NN2" hw="customer" pos="SUBST">customers</w><c c5="PUN">, </c><w c5="PNP" hw="she" pos="PRON">she </w><w c5="VVD" hw="argue" pos="VERB">argued</w><c c5="PUN">.</c></s></p><p>
<s n="12"><w c5="AJ0" hw="sensible" pos="ADJ">Sensible </w><w c5="NN1" hw="drinking" pos="SUBST">drinking </w><w c5="VVD" hw="amount" pos="VERB">amounted </w><w c5="PRP" hw="to" pos="PREP">to </w><w c5="CRD" hw="21" pos="ADJ">21 </w><w c5="NN2" hw="unit" pos="SUBST">units </w><w c5="PRF" hw="of" pos="PREP">of </w><w c5="NN1" hw="alcohol" pos="SUBST">alcohol </w><w c5="PRP" hw="per" pos="PREP">per </w><w c5="NN1" hw="man" pos="SUBST">man </w><w c5="CJC" hw="and" pos="CONJ">and </w><w c5="CRD" hw="14" pos="ADJ">14 </w><w c5="PRP" hw="per" pos="PREP">per </w><w c5="NN1" hw="woman" pos="SUBST">woman</w><c c5="PUN">, </c><w c5="PRP" hw="per" pos="PREP">per </w><w c5="NN1" hw="week" pos="SUBST">week</w><c c5="PUN">, </c><w c5="AT0" hw="the" pos="ART">the </w><w c5="NN1" hw="equivalent" pos="SUBST">equivalent </w><w c5="PRP" hw="in" pos="PREP">in </w><w c5="NN2" hw="man" pos="SUBST">men </w><w c5="PRF" hw="of" pos="PREP">of </w><w c5="CRD" hw="21" pos="ADJ">21 </w><w c5="NN1" hw="pub" pos="SUBST">pub </w><w c5="NN2" hw="measure" pos="SUBST">measures </w><w c5="PRF" hw="of" pos="PREP">of </w><w c5="NN2" hw="spirit" pos="SUBST">spirits </w><w c5="CJC" hw="or" pos="CONJ">or </w><w c5="CRD" hw="10.5" pos="ADJ">10.5 </w><w c5="NN2" hw="pint" pos="SUBST">pints </w><w c5="PRF" hw="of" pos="PREP">of </w><w c5="AJ0" hw="average" pos="ADJ">average </w><w c5="NN1" hw="beer" pos="SUBST">beer</w><c c5="PUN">.</c></s></p><p>
<s n="13"><w c5="NN1" hw="training" pos="SUBST">Training </w><w c5="NN2" hw="manual" pos="SUBST">manuals </w><w c5="VVG" hw="deal" pos="VERB">dealing </w><w c5="PRP" hw="with" pos="PREP">with </w><w c5="NN1" hw="alcohol" pos="SUBST">alcohol </w><w c5="NN2" hw="issue" pos="SUBST">issues </w><w c5="VHB" hw="have" pos="VERB">have </w><w c5="VBN" hw="be" pos="VERB">been </w><w c5="VVN" hw="produce" pos="VERB">produced</w><c c5="PUN">, </c><w c5="PRP" hw="including" pos="PREP">including </w><w c5="NN2" hw="detail" pos="SUBST">details </w><w c5="PRP" hw="on" pos="PREP">on </w><w c5="AT0" hw="the" pos="ART">the </w><w c5="NN1" hw="law" pos="SUBST">law </w><w c5="CJC" hw="and" pos="CONJ">and </w><w c5="VVG" hw="deal" pos="VERB">dealing </w><w c5="PRP" hw="with" pos="PREP">with </w><w c5="AJ0" hw="difficult" pos="ADJ">difficult </w><w c5="NN2" hw="situation" pos="SUBST">situations</w><c c5="PUN">.</c></s></p><p>
<s n="14"><w c5="AT0" hw="the" pos="ART">The </w><w c5="NN1" hw="scheme" pos="SUBST">scheme </w><w c5="VBZ" hw="be" pos="VERB">is </w><w c5="AVP" hw="up" pos="ADV">up </w><w c5="CJC" hw="and" pos="CONJ">and </w><w c5="VVG-NN1" hw="run" pos="VERB">running </w><w c5="PRP" hw="in" pos="PREP">in </w><w c5="NP0" hw="clwyd" pos="SUBST">Clwyd </w><w c5="CJC" hw="and" pos="CONJ">and </w><w c5="NP0" hw="gwynedd" pos="SUBST">Gwynedd </w><w c5="CJC" hw="and" pos="CONJ">and </w><w c5="VBZ" hw="be" pos="VERB">is </w><w c5="AJ0" hw="due" pos="ADJ">due </w><w c5="TO0" hw="to" pos="PREP">to </w><w c5="VVI" hw="operate" pos="VERB">operate </w><w c5="PRP" hw="in" pos="PREP">in </w><w c5="NP0" hw="powys" pos="SUBST">Powys </w><w c5="AV0" hw="shortly" pos="ADV">shortly</w><c c5="PUN">.</c></s></p></div><div level="1"><p>
<s n="15"><w c5="NN2" hw="police" pos="SUBST">Police </w><w c5="VHD" hw="have" pos="VERB">had </w><w c5="TO0" hw="to" pos="PREP">to </w><w c5="VBI" hw="be" pos="VERB">be </w><w c5="VVN" hw="call" pos="VERB">called </w><w c5="PRP" hw="to" pos="PREP">to </w><w c5="AT0" hw="the" pos="ART">the </w><w c5="NN1" hw="ferry" pos="SUBST">Ferry </w><w c5="NN1" hw="side" pos="SUBST">Side </w><w c5="NN1" hw="beach" pos="SUBST">Beach</w><c c5="PUN">, </c><w c5="PRP" hw="near" pos="PREP">near </w><w c5="NP0" hw="carmarthen" pos="SUBST">Carmarthen</w><c c5="PUN">, </c><w c5="AV0" hw="yesterday" pos="ADV">yesterday </w><w c5="CJS" hw="as" pos="CONJ">as </w><w c5="NN1" hw="tension" pos="SUBST">tension </w><w c5="NN1" hw="rose" pos="SUBST">rose </w><w c5="CJC" hw="and" pos="CONJ">and </w><w c5="NN2" hw="temper" pos="SUBST">tempers </w><w c5="VVD" hw="flare" pos="VERB">flared </w><w c5="PRP-AVP" hw="in" pos="PREP">in </w><w c5="AT0" hw="a" pos="ART">a </w><w c5="NN1" hw="confrontation" pos="SUBST">confrontation </w><w c5="PRP" hw="between" pos="PREP">between </w><w c5="AT0" hw="the" pos="ART">the </w><w c5="AJ0" hw="visiting" pos="ADJ">visiting </w><w c5="NN2" hw="cockler" pos="SUBST">cocklers </w><w c5="CJC" hw="and" pos="CONJ">and </w><w c5="NN2" hw="local" pos="SUBST">locals</w><c c5="PUN">, </c><w c5="PNQ" hw="who" pos="PRON">who </w><w c5="VVB" hw="say" pos="VERB">say </w><w c5="PNP" hw="they" pos="PRON">they </w><w c5="VVB" hw="rely" pos="VERB">rely </w><w c5="PRP-AVP" hw="on" pos="PREP">on </w><w c5="AT0" hw="the" pos="ART">the </w><w c5="NN2" hw="cockle" pos="SUBST">cockles </w><w c5="PRP" hw="for" pos="PREP">for </w><w c5="DPS" hw="they" pos="PRON">their </w><w c5="NN2" hw="livelihood" pos="SUBST">livelihoods</w><c c5="PUN">.</c></s>
<s n="16"><w c5="EX0" hw="there" pos="PRON">There </w><w c5="VBD" hw="be" pos="VERB">were </w><w c5="AT0" hw="no" pos="ART">no </w><w c5="NN2" hw="arrest" pos="SUBST">arrests</w><c c5="PUN">.</c></s></p><p>
<s n="17"><w c5="AT0" hw="the" pos="ART">The </w><w c5="NP0" hw="deeside" pos="SUBST">Deeside </w><w c5="NN1" hw="group" pos="SUBST">group </w><w c5="VVZ" hw="say" pos="VERB">says </w><w c5="PNP" hw="it" pos="PRON">it </w><w c5="VBZ" hw="be" pos="VERB">is </w><w c5="VDG" hw="do" pos="VERB">doing </w><w c5="PNI" hw="nothing" pos="PRON">nothing </w><w c5="AJ0" hw="wrong" pos="ADJ">wrong </w><w c5="CJC" hw="and" pos="CONJ">and </w><w c5="CJT" hw="that" pos="CONJ">that </w><w c5="EX0" hw="there" pos="PRON">there </w><w c5="VBB" hw="be" pos="VERB">are </w><w c5="AT0" hw="no" pos="ART">no </w><w c5="NN2" hw="law" pos="SUBST">laws </w><w c5="TO0" hw="to" pos="PREP">to </w><w c5="VVI" hw="prohibit" pos="VERB">prohibit </w><w c5="VVG" hw="collect" pos="VERB">collecting </w><w c5="NN2" hw="cockle" pos="SUBST">cockles</w><c c5="PUN">, </c><w c5="DTQ" hw="which" pos="PRON">which </w><w c5="VHB" hw="have" pos="VERB">have </w><w c5="VVN" hw="flourish" pos="VERB">flourished </w><w c5="PRP" hw="on" pos="PREP">on </w><w c5="AT0" hw="the" pos="ART">the </w><w c5="NN1" hw="beach" pos="SUBST">beach</w><c c5="PUN">.</c></s></p><p>
<s n="18"><w c5="CJC" hw="but" pos="CONJ">But </w><w c5="PRP" hw="at" pos="PREP">at </w><w c5="NN0" hw="£10" pos="UNC">£10 </w><w c5="AT0" hw="a" pos="ART">a </w><w c5="NN1" hw="bag" pos="SUBST">bag </w><w c5="EX0" hw="there" pos="PRON">there </w><w c5="VBZ" hw="be" pos="VERB">is </w><mw c5="AV0"><w c5="AT0" hw="a" pos="ART">a </w><w c5="NN1" hw="lot" pos="SUBST">lot </w></mw><w c5="PRP" hw="at" pos="PREP">at </w><w c5="NN1" hw="stake" pos="SUBST">stake</w><c c5="PUN">.</c></s>
<s n="19"><w c5="AT0" hw="the" pos="ART">The </w><w c5="AJ0" hw="local" pos="ADJ">local </w><w c5="NN1" hw="cockle" pos="SUBST">cockle </w><w c5="NN2" hw="fisherman" pos="SUBST">fishermen </w><w c5="VVB" hw="resent" pos="VERB">resent </w><w c5="AT0" hw="the" pos="ART">the </w><w c5="NN2" hw="newcomer" pos="SUBST">newcomers </w><w c5="CJC" hw="and" pos="CONJ">and </w><w c5="VVB" hw="claim" pos="VERB">claim </w><w c5="DT0" hw="some" pos="ADJ">some </w><w c5="PRF" hw="of" pos="PREP">of </w><w c5="PNP" hw="they" pos="PRON">them </w><w c5="VBB" hw="be" pos="VERB">are </w><w c5="VVG-AJ0" hw="work" pos="VERB">working </w><w c5="NN2" hw="bed" pos="SUBST">beds </w><w c5="CJS" hw="while" pos="CONJ">while </w><w c5="AV0" hw="also" pos="ADV">also </w><w c5="VVG" hw="claim" pos="VERB">claiming </w><w c5="NN1" hw="state" pos="SUBST">state </w><w c5="NN2" hw="benefit" pos="SUBST">benefits</w><c c5="PUN">.</c></s></p><p>
<s n="20"><w c5="AT0" hw="the" pos="ART">The </w><w c5="NN2" hw="visitor" pos="SUBST">visitors </w><w c5="VHB" hw="have" pos="VERB">have </w><w c5="VVN" hw="vow" pos="VERB">vowed </w><w c5="TO0" hw="to" pos="PREP">to </w><w c5="VVI" hw="return" pos="VERB">return </w><w c5="DT0" hw="this" pos="ADJ">this </w><w c5="NN1" hw="morning" pos="SUBST">morning </w><w c5="CJC" hw="and" pos="CONJ">and </w><w c5="NN2" hw="police" pos="SUBST">police </w><w c5="VM0" hw="will" pos="VERB">will </w><w c5="VBI" hw="be" pos="VERB">be </w><w c5="VVG" hw="stand" pos="VERB">standing </w><w c5="AVP-PRP" hw="by" pos="ADV">by</w><c c5="PUN">.</c></s></p></div><div level="1"><p>
<s n="21"><w c5="CRD" hw="1843" pos="ADJ">1843 </w><w c5="NN2" hw="complaint" pos="SUBST">COMPLAINTS </w><w c5="CJT" hw="that" pos="CONJ">that </w><w c5="NN2" hw="machine" pos="SUBST">machines </w><w c5="VM0" hw="used" pos="VERB">used </w><w c5="TO0" hw="to" pos="PREP">to </w><w c5="VVI" hw="sweep" pos="VERB">sweep </w><w c5="NN2" hw="chimney" pos="SUBST">chimneys </w><w c5="VBD" hw="be" pos="VERB">were </w><w c5="XX0" hw="not" pos="ADV">not </w><w c5="AV0" hw="as" pos="ADV">as </w><w c5="AJ0" hw="effective" pos="ADJ">effective </w><w c5="CJS" hw="as" pos="CONJ">as </w><w c5="AT0" hw="the" pos="ART">the </w><w c5="AJ0" hw="young" pos="ADJ">young </w><w c5="NN2" hw="sweep" pos="SUBST">sweeps</w><c c5="PUN">, </c><w c5="AV0" hw="now" pos="ADV">now </w><w c5="VVN" hw="protect" pos="VERB">protected </w><w c5="PRP" hw="by" pos="PREP">by </w><w c5="NN1" hw="law" pos="SUBST">law</w><c c5="PUN">.</c></s>
<s n="22"><mw c5="AV0"><w c5="AV0" hw="more" pos="ADV">More </w><w c5="CJS" hw="than" pos="CONJ">than </w></mw><w c5="CRD" hw="1,100" pos="ADJ">1,100 </w><w c5="NN2" hw="merseysider" pos="SUBST">Merseysiders </w><w c5="VVD" hw="travel" pos="VERB">travelled </w><w c5="PRP-AVP" hw="on" pos="PREP">on </w><w c5="AJ0" hw="30-shilling" pos="ADJ">30-shilling </w><w c5="NN1" hw="return" pos="SUBST">return </w><w c5="NN1" hw="rail" pos="SUBST">rail </w><w c5="VVZ-NN2" hw="trip" pos="VERB">trips </w><w c5="PRP" hw="from" pos="PREP">from </w><w c5="NP0" hw="liverpool" pos="SUBST">Liverpool </w><w c5="PRP" hw="to" pos="PREP">to </w><w c5="NP0" hw="london" pos="SUBST">London</w><c c5="PUN">, </c><w c5="VVG" hw="allow" pos="VERB">allowing </w><mw c5="AV0"><w c5="AVP" hw="up" pos="ADV">up </w><w c5="PRP" hw="to" pos="PREP">to </w></mw><w c5="CRD" hw="nine" pos="ADJ">nine </w><w c5="NN2" hw="day" pos="SUBST">days </w><w c5="PRP" hw="in" pos="PREP">in </w><w c5="AT0" hw="the" pos="ART">the </w><w c5="NN1" hw="metropolis" pos="SUBST">Metropolis</w><c c5="PUN">.</c></s>
<s n="23"><c c5="PUQ">‘</c><w c5="VVG-NN1" hw="ship" pos="VERB">Shipping </w><w c5="NN1" hw="gazette" pos="SUBST">Gazette</w><c c5="PUQ">’ </c><w c5="VVD" hw="state" pos="VERB">stated </w><w c5="CJT" hw="that" pos="CONJ">that </w><w c5="CRD" hw="300" pos="ADJ">300 </w><w c5="NN2" hw="ton" pos="SUBST">tons </w><w c5="PRF" hw="of" pos="PREP">of </w><w c5="NN1" hw="mahogany" pos="SUBST">mahogany </w><w c5="NN1" hw="sawdust" pos="SUBST">sawdust </w><w c5="VHD" hw="have" pos="VERB">had </w><w c5="VBN" hw="be" pos="VERB">been </w><w c5="VVN" hw="use" pos="VERB">used </w><w c5="PRP" hw="in" pos="PREP">in </w><w c5="NP0" hw="britain" pos="SUBST">Britain </w><w c5="TO0" hw="to" pos="PREP">to </w><w c5="VVI" hw="adulterate" pos="VERB">adulterate </w><w c5="NN1" hw="coffee" pos="SUBST">coffee</w><c c5="PUN">.</c></s></p><p>
<s n="24"><w c5="CRD" hw="1893" pos="ADJ">1893 </w><w c5="AJ0" hw="liberal" pos="ADJ">LIBERAL </w><w c5="NP0" hw="mr" pos="SUBST">Mr </w><w c5="NP0" hw="r.d" pos="SUBST">R.D </w><w c5="NP0" hw="holt" pos="SUBST">Holt</w><c c5="PUN">, </c><w c5="VVD" hw="become" pos="VERB">became </w><w c5="AT0" hw="the" pos="ART">the </w><w c5="ORD" hw="first" pos="ADJ">first </w><w c5="NN1" hw="lord" pos="SUBST">Lord </w><w c5="NN1" hw="mayor" pos="SUBST">Mayor </w><w c5="PRF" hw="of" pos="PREP">of </w><w c5="NP0" hw="liverpool" pos="SUBST">Liverpool </w><w c5="PRP" hw="by" pos="PREP">by </w><w c5="NN1" hw="approval" pos="SUBST">approval </w><w c5="PRF" hw="of" pos="PREP">of </w><w c5="AT0" hw="the" pos="ART">the </w><w c5="NN1" hw="queen" pos="SUBST">Queen</w><c c5="PUN">.</c></s>
<s n="25"><w c5="NP0" hw="comedian" pos="SUBST">Comedian </w><w c5="NP0" hw="charles" pos="SUBST">Charles </w><w c5="NP0" hw="coborn" pos="SUBST">Coborn</w><c c5="PUN">, </c><w c5="AJ0" hw="original" pos="ADJ">original </w><w c5="NN1" hw="singer" pos="SUBST">singer </w><w c5="PRF" hw="of" pos="PREP">of </w><w c5="CRD" hw="two" pos="ADJ">Two </w><w c5="AJ0" hw="lovely" pos="ADJ">Lovely </w><w c5="AJ0" hw="black" pos="ADJ">Black </w><w c5="NN2" hw="eye" pos="SUBST">Eyes </w><w c5="CJC" hw="and" pos="CONJ">and </w><w c5="AT0" hw="the" pos="ART">The </w><w c5="NN1" hw="man" pos="SUBST">Man </w><w c5="PNQ" hw="who" pos="PRON">Who </w><w c5="VVD" hw="break" pos="VERB">Broke </w><w c5="AT0" hw="the" pos="ART">the </w><w c5="NN1" hw="bank" pos="SUBST">Bank </w><w c5="PRP" hw="at" pos="PREP">at </w><w c5="NP0" hw="monte" pos="SUBST">Monte </w><w c5="NP0" hw="carlo" pos="SUBST">Carlo</w><c c5="PUN">, </c><w c5="VVG" hw="top" pos="VERB">topping </w><w c5="AT0" hw="the" pos="ART">the </w><w c5="NN1" hw="bill" pos="SUBST">bill </w><w c5="PRP" hw="at" pos="PREP">at </w><w c5="NP0" hw="liverpool" pos="SUBST">Liverpool</w><w c5="POS" hw="'s" pos="UNC">'s </w><w c5="NN1" hw="prince" pos="SUBST">Prince </w><w c5="PRF" hw="of" pos="PREP">of </w><w c5="NP0" hw="wales" pos="SUBST">Wales </w><w c5="NN1" hw="theatre" pos="SUBST">Theatre</w><c c5="PUN">.</c></s>
<s n="26"><w c5="NN1" hw="temperature" pos="SUBST">Temperature </w><w c5="PRP" hw="in" pos="PREP">in </w><w c5="NP0" hw="liverpool" pos="SUBST">Liverpool </w><c c5="PUL">(</c><w c5="NP0" hw="june" pos="SUBST">June </w><w c5="CRD" hw="14" pos="ADJ">14</w><c c5="PUR">) </c><w c5="VVD" hw="rise" pos="VERB">rose </w><w c5="PRP" hw="to" pos="PREP">to </w><w c5="AV0" hw="92f" pos="ADV">92F</w><c c5="PUN">.</c></s></p><p>
<s n="27"><w c5="CRD" hw="1943" pos="ADJ">1943 </w><w c5="NP0" hw="liverpool" pos="SUBST">Liverpool </w><w c5="NP0" hw="fc" pos="SUBST">FC</w><w c5="POS" hw="'s" pos="UNC">'s </w><w c5="AJ0" hw="good" pos="ADJ">good </w><w c5="NN1" hw="season" pos="SUBST">season </w><w c5="VVN-VVD" hw="reflect" pos="VERB">reflected </w><w c5="PRP" hw="in" pos="PREP">in </w><w c5="NN1" hw="profit" pos="SUBST">profit </w><w c5="PRF" hw="of" pos="PREP">of </w><w c5="NN0" hw="£3,091" pos="UNC">£3,091</w><c c5="PUN">, </c><w c5="CJC" hw="and" pos="CONJ">and </w><w c5="AT0" hw="a" pos="ART">a </w><w c5="NN1" hw="bank" pos="SUBST">bank </w><w c5="NN1" hw="overdraft" pos="SUBST">overdraft </w><w c5="NN1" hw="reduction" pos="SUBST">reduction </w><w c5="PRF" hw="of" pos="PREP">of </w><w c5="NN0" hw="£4,982" pos="UNC">£4,982</w><c c5="PUN">.</c></s>
<s n="28"><w c5="NP0" hw="ethel" pos="SUBST">Ethel </w><w c5="NP0" hw="revnell" pos="SUBST">Revnell </w><w c5="CJC" hw="and" pos="CONJ">and </w><w c5="NP0" hw="gracie" pos="SUBST">Gracie </w><w c5="NN1" hw="west" pos="SUBST">West </w><w c5="AJ0-VVG" hw="entertaining" pos="ADJ">entertaining </w><w c5="PRP" hw="at" pos="PREP">at </w><w c5="AT0" hw="the" pos="ART">the </w><w c5="NN1" hw="empire" pos="SUBST">Empire </w><w c5="NN1" hw="theatre" pos="SUBST">Theatre</w><c c5="PUN">.</c></s>
<s n="29"><w c5="AJ0" hw="american" pos="ADJ">American </w><w c5="NN2" hw="locomotive" pos="SUBST">locomotives </w><w c5="VVN" hw="bring" pos="VERB">brought </w><w c5="PRP" hw="into" pos="PREP">into </w><w c5="NP0" hw="britain" pos="SUBST">Britain</w><c c5="PUN">, </c><c c5="PUQ">‘</c><w c5="AV0" hw="now" pos="ADV">now </w><w c5="VVG" hw="move" pos="VERB">moving </w><w c5="AJ0" hw="vast" pos="ADJ">vast </w><w c5="NN2" hw="quantity" pos="SUBST">quantities </w><w c5="PRF" hw="of" pos="PREP">of </w><w c5="NN2" hw="supply" pos="SUBST">supplies</w><c c5="PUQ">’</c><c c5="PUN">.</c></s>
<s n="30"><w c5="AT0" hw="the" pos="ART">The </w><c c5="PUQ">‘</c><w c5="NN1" hw="ghost" pos="SUBST">ghost </w><w c5="NN1" hw="voice" pos="SUBST">voice</w><c c5="PUQ">’</c><c c5="PUN">, </c><w c5="DTQ" hw="which" pos="PRON">which </w><w c5="AV0" hw="often" pos="ADV">often </w><w c5="VVD" hw="break" pos="VERB">broke </w><w c5="PRP" hw="into" pos="PREP">into </w><w c5="AJ0" hw="german" pos="ADJ">German </w><w c5="NN1" hw="radio" pos="SUBST">radio </w><w c5="NN1" hw="news" pos="SUBST">news </w><w c5="NN2" hw="broadcast" pos="SUBST">broadcasts</w><c c5="PUN">, </c><w c5="VVN" hw="replace" pos="VERB">replaced </w><w c5="PRP" hw="by" pos="PREP">by </w><w c5="NN1" hw="trumpet" pos="SUBST">trumpet </w><w c5="NN2-VVZ" hw="blast" pos="SUBST">blasts</w><c c5="PUN">, </c><w c5="VVG" hw="drown" pos="VERB">drowning </w><w c5="AT0" hw="the" pos="ART">the </w><w c5="NN1" hw="announcer" pos="SUBST">announcer</w><w c5="POS" hw="'s" pos="UNC">'s </w><w c5="NN2" hw="word" pos="SUBST">words</w><c c5="PUN">.</c></s></p></div><div level="1"><p>
<s n="31"><w c5="PNP" hw="i" pos="PRON">I</w><w c5="VBB" hw="be" pos="VERB">'M </w><w c5="AVP" hw="through" pos="ADV">through </w><w c5="PRP" hw="with" pos="PREP">with </w><w c5="DT0" hw="all" pos="ADJ">all </w><w c5="AT0" hw="the" pos="ART">the </w><w c5="AJ0" hw="gentle" pos="ADJ">gentle</w><c c5="PUN">, </c><w c5="NN1" hw="kind" pos="SUBST">kind </w><w c5="CJC" hw="and" pos="CONJ">and </w><w c5="AJ0" hw="witty" pos="ADJ">witty </w><c c5="PUQ">‘</c><w c5="NN1" hw="sex" pos="SUBST">sex </w><w c5="NN2" hw="symbol" pos="SUBST">symbols</w><c c5="PUQ">’ </c><w c5="PNP" hw="we" pos="PRON">we</w><w c5="VBB" hw="be" pos="VERB">'re </w><w c5="AJ0" hw="supposed" pos="ADJ">supposed </w><w c5="TO0" hw="to" pos="PREP">to </w><w c5="VVI" hw="fancy" pos="VERB">fancy </w><w c5="PRP" hw="at" pos="PREP">at </w><w c5="AT0" hw="the" pos="ART">the </w><w c5="NN1" hw="moment" pos="SUBST">moment </w><w c5="AT0" hw="the" pos="ART">the </w><w c5="NP0-NN1" hw="angus" pos="SUBST">Angus </w><w c5="NP0" hw="deaytons" pos="SUBST">Deaytons </w><w c5="CJC" hw="and" pos="CONJ">and </w><w c5="NP0" hw="kevin" pos="SUBST">Kevin </w><w c5="NP0" hw="whatelys" pos="SUBST">Whatelys</w><c c5="PUN">.</c></s></p><p>
<s n="32"><w c5="NN1" hw="sex" pos="SUBST">Sex </w><w c5="NN2" hw="symbol" pos="SUBST">symbols </w><w c5="VVB" hw="mean" pos="VERB">mean </w><w c5="NN2" hw="body" pos="SUBST">bodies</w><c c5="PUN">, </c><w c5="NN2" hw="hormone" pos="SUBST">hormones </w><w c5="CJC" hw="and" pos="CONJ">and </w><w c5="NN1" hw="recklessness" pos="SUBST">recklessness </w><w c5="NP0" hw="deayton" pos="SUBST">Deayton</w><w c5="POS" hw="'s" pos="UNC">'s </w><w c5="NN1" hw="side" pos="SUBST">side </w><w c5="NN1" hw="parting" pos="SUBST">parting </w><w c5="VBZ" hw="be" pos="VERB">is </w><w c5="AV0" hw="far" pos="ADV">far </w><w c5="AV0" hw="too" pos="ADV">too </w><w c5="AJ0" hw="geometrical" pos="ADJ">geometrical </w><w c5="PRP" hw="for" pos="PREP">for </w><w c5="DPS" hw="i" pos="PRON">my </w><w c5="NN1" hw="liking" pos="SUBST">liking</w><c c5="PUN">.</c></s></p><p>
<s n="33"><w c5="PNP" hw="i" pos="PRON">I </w><w c5="VVB" hw="suppose" pos="VERB">suppose </w><w c5="NN1" hw="actor" pos="SUBST">actor </w><w c5="NP0" hw="kevin" pos="SUBST">Kevin </w><w c5="NP0" hw="whately" pos="SUBST">Whately </w><c c5="PUL">(</c><w c5="NP0" hw="morse" pos="SUBST">Morse</w><w c5="POS" hw="'s" pos="UNC">'s </w><w c5="NN1" hw="sidekick" pos="SUBST">sidekick </w><w c5="NP0" hw="lewis" pos="SUBST">Lewis </w><w c5="CJC" hw="and" pos="CONJ">and </w><w c5="NN1" hw="doctor" pos="SUBST">doctor </w><w c5="PRP" hw="in" pos="PREP">in </w><w c5="NN1" hw="peak" pos="SUBST">Peak </w><w c5="NN1" hw="practice" pos="SUBST">Practice</w><c c5="PUR">) </c><w c5="VDZ" hw="do" pos="VERB">does </w><w c5="VHI" hw="have" pos="VERB">have </w><w c5="DT0" hw="some" pos="ADJ">some </w><w c5="NN1" hw="appeal" pos="SUBST">appeal </w><w c5="CJC" hw="but" pos="CONJ">but </w><w c5="AV0" hw="so" pos="ADV">so </w><w c5="VDZ" hw="do" pos="VERB">does </w><w c5="AT0" hw="an" pos="ART">an </w><w c5="NP0" hw="andrex" pos="SUBST">Andrex </w><w c5="NN1" hw="puppy" pos="SUBST">puppy</w><c c5="PUN">!</c></s></p><p>
<s n="34"><w c5="NP0" hw="sean" pos="SUBST">Sean </w><w c5="NN1" hw="bean" pos="SUBST">Bean</w><w c5="VBZ" hw="be" pos="VERB">'s </w><w c5="AT0" hw="the" pos="ART">the </w><w c5="NN1" hw="man" pos="SUBST">man </w><w c5="PRF" hw="of" pos="PREP">of </w><w c5="AT0" hw="the" pos="ART">the </w><w c5="NN1" hw="moment" pos="SUBST">moment</w><c c5="PUN">.</c></s></p><p>
<s n="35"><w c5="CJC" hw="and" pos="CONJ">And </w><w c5="PNP" hw="i" pos="PRON">I</w><w c5="VBB" hw="be" pos="VERB">'m </w><w c5="PRP" hw="with" pos="PREP">with </w><w c5="NP0" hw="lady" pos="SUBST">Lady </w><w c5="NP0" hw="chatterley" pos="SUBST">Chatterley </w><w c5="PRP" hw="on" pos="PREP">on </w><w c5="DT0" hw="this" pos="ADJ">this </w><w c5="PNI" hw="one" pos="PRON">one</w><c c5="PUN">: </c><c c5="PUQ">‘</c><w c5="VVB" hw="get" pos="VERB">Get </w><w c5="DPS" hw="you" pos="PRON">yer </w><w c5="NN1" hw="chest" pos="SUBST">chest </w><w c5="AVP" hw="out" pos="ADV">out </w><w c5="PRP" hw="for" pos="PREP">for </w><w c5="AT0" hw="the" pos="ART">the </w><w c5="NN2" hw="girl" pos="SUBST">girls</w><c c5="PUN">.</c><c c5="PUQ">’</c></s></p></div><div level="1"><head type="MAIN">
<s n="36"><w c5="NN1" hw="time" pos="SUBST">Time </w><w c5="PRP" hw="for" pos="PREP">for </w><w c5="AT0" hw="a" pos="ART">a </w><w c5="ORD" hw="second" pos="ADJ">second </w><w c5="NN1" hw="honeymoon" pos="SUBST">honeymoon</w></s></head><p>
<s n="37"><w c5="DPS" hw="i" pos="PRON">My </w><w c5="NN1" hw="mother" pos="SUBST">mother </w><w c5="VHZ" hw="have" pos="VERB">has </w><w c5="VVN" hw="die" pos="VERB">died </w><w c5="CJC" hw="and" pos="CONJ">and </w><w c5="VVN" hw="leave" pos="VERB">left </w><w c5="PNP" hw="i" pos="PRON">me </w><w c5="NN0" hw="£1,000" pos="UNC">£1,000</w><c c5="PUN">.</c></s>
<s n="38"><w c5="PNP" hw="i" pos="PRON">I </w><w c5="VHB" hw="have" pos="VERB">have</w><w c5="XX0" hw="not" pos="ADV">n't </w><w c5="VHN" hw="have" pos="VERB">had </w><w c5="AT0" hw="a" pos="ART">a </w><w c5="NN1" hw="holiday" pos="SUBST">holiday </w><w c5="PRP" hw="for" pos="PREP">for </w><w c5="CRD" hw="ten" pos="ADJ">ten </w><w c5="NN2" hw="year" pos="SUBST">years</w><c c5="PUN">, </c><w c5="XX0" hw="not" pos="ADV">not </w><w c5="PRP" hw="since" pos="PREP">since </w><w c5="DPS" hw="we" pos="PRON">our </w><w c5="NN1" hw="honeymoon" pos="SUBST">honeymoon</w><c c5="PUN">.</c></s></p><p>
<s n="39"><w c5="PNP" hw="we" pos="PRON">We </w><w c5="VHD" hw="have" pos="VERB">had </w><w c5="CRD" hw="three" pos="ADJ">three </w><w c5="NN2" hw="child" pos="SUBST">children </w><w c5="PRP" hw="in" pos="PREP">in </w><w c5="AJ0" hw="quick" pos="ADJ">quick </w><w c5="NN1" hw="succession" pos="SUBST">succession</w><c c5="PUN">, </c><w c5="CJC" hw="and" pos="CONJ">and </w><w c5="AT0" hw="no" pos="ART">no </w><w c5="AJ0" hw="spare" pos="ADJ">spare </w><w c5="NN1" hw="cash" pos="SUBST">cash</w><c c5="PUN">.</c></s></p><p>
<s n="40"><w c5="DPS" hw="i" pos="PRON">My </w><w c5="NN1" hw="sister" pos="SUBST">sister</w><c c5="PUN">, </c><w c5="PNQ" hw="who" pos="PRON">who </w><w c5="VHZ" hw="have" pos="VERB">has </w><w c5="AV0" hw="always" pos="ADV">always </w><w c5="VBN" hw="be" pos="VERB">been </w><w c5="AV0" hw="well" pos="ADV">better </w><w c5="AVP" hw="off" pos="ADV">off </w><w c5="CJS" hw="than" pos="CONJ">than </w><w c5="PNP" hw="we" pos="PRON">us</w><c c5="PUN">, </c><w c5="VHZ" hw="have" pos="VERB">has </w><w c5="VVN" hw="suggest" pos="VERB">suggested </w><w c5="CJT" hw="that" pos="CONJ">that </w><w c5="PNP" hw="i" pos="PRON">I </w><w c5="VM0" hw="should" pos="VERB">should </w><w c5="VVI" hw="go" pos="VERB">go </w><w c5="AV0" hw="abroad" pos="ADV">abroad </w><w c5="PRP" hw="with" pos="PREP">with </w><w c5="PNP" hw="she" pos="PRON">her </w><w c5="DT0" hw="this" pos="ADJ">this </w><w c5="NN1" hw="year" pos="SUBST">year</w><c c5="PUN">, </c><w c5="CJC" hw="and" pos="CONJ">and </w><w c5="VVZ" hw="say" pos="VERB">says </w><w c5="PNP" hw="i" pos="PRON">I </w><w c5="VHB" hw="have" pos="VERB">have </w><w c5="AT0" hw="no" pos="ART">no </w><w c5="NN1" hw="excuse" pos="SUBST">excuse </w><w c5="CJS" hw="because" pos="CONJ">because </w><w c5="PNP" hw="i" pos="PRON">I </w><w c5="VHB" hw="have" pos="VERB">have </w><w c5="AT0" hw="the" pos="ART">the </w><w c5="NN1" hw="money" pos="SUBST">money </w><w c5="CJC" hw="and" pos="CONJ">and </w><w c5="DT0" hw="that" pos="ADJ">that </w><w c5="VBZ" hw="be" pos="VERB">is </w><w c5="DTQ" hw="what" pos="PRON">what </w><w c5="DPS" hw="we" pos="PRON">our </w><w c5="NN1" hw="mother" pos="SUBST">mother </w><w c5="VM0" hw="would" pos="VERB">would </w><w c5="VHI" hw="have" pos="VERB">have </w><w c5="VVN" hw="want" pos="VERB">wanted </w><w c5="PNP" hw="i" pos="PRON">me </w><w c5="TO0" hw="to" pos="PREP">to </w><w c5="VDI" hw="do" pos="VERB">do </w><w c5="PRP" hw="with" pos="PREP">with </w><w c5="PNP" hw="it" pos="PRON">it</w><c c5="PUN">.</c></s></p><p>
<s n="41"><w c5="DPS" hw="i" pos="PRON">My </w><w c5="NN1" hw="husband" pos="SUBST">husband </w><w c5="VHZ" hw="have" pos="VERB">has </w><w c5="VVN" hw="make" pos="VERB">made </w><w c5="PNP" hw="it" pos="PRON">it </w><w c5="AJ0" hw="clear" pos="ADJ">clear </w><w c5="PNP" hw="he" pos="PRON">he </w><w c5="VDZ" hw="do" pos="VERB">does</w><w c5="XX0" hw="not" pos="ADV">n't </w><w c5="VVI" hw="agree" pos="VERB">agree </w><w c5="PRP" hw="to" pos="PREP">to </w><w c5="PNP" hw="i" pos="PRON">me </w><w c5="VVG" hw="go" pos="VERB">going</w><c c5="PUN">.</c></s></p><p>
<s n="42"><w c5="DPS" hw="i" pos="PRON">My </w><w c5="NN1" hw="sister" pos="SUBST">sister </w><w c5="VBD" hw="be" pos="VERB">was </w><w c5="VVN-AJ0" hw="divorce" pos="VERB">divorced </w><w c5="CRD" hw="two" pos="ADJ">two </w><w c5="NN2" hw="year" pos="SUBST">years </w><w c5="AV0" hw="ago" pos="ADV">ago</w><c c5="PUN">, </c><w c5="CJC" hw="and" pos="CONJ">and </w><w c5="PNP" hw="he" pos="PRON">he </w><w c5="VDZ" hw="do" pos="VERB">does</w><w c5="XX0" hw="not" pos="ADV">n't </w><w c5="AV0" hw="really" pos="ADV">really </w><w c5="VVI" hw="get" pos="VERB">get </w><w c5="AVP" hw="on" pos="ADV">on </w><w c5="PRP" hw="with" pos="PREP">with </w><w c5="PNP" hw="she" pos="PRON">her</w><c c5="PUN">.</c></s></p><p>
<s n="43"><w c5="PNP" hw="i" pos="PRON">I </w><w c5="AV0" hw="really" pos="ADV">really </w><w c5="VM0" hw="would" pos="VERB">would </w><w c5="VVI" hw="like" pos="VERB">like </w><w c5="AT0" hw="a" pos="ART">a </w><w c5="NN1" hw="holiday" pos="SUBST">holiday</w><c c5="PUN">, </c><w c5="CJC" hw="but" pos="CONJ">but </w><w c5="PNP" hw="i" pos="PRON">I </w><w c5="VDB" hw="do" pos="VERB">do</w><w c5="XX0" hw="not" pos="ADV">n't </w><w c5="VVI" hw="want" pos="VERB">want </w><w c5="TO0" hw="to" pos="PREP">to </w><w c5="VVI" hw="spend" pos="VERB">spend </w><w c5="AT0" hw="a" pos="ART">a </w><w c5="NN1" hw="lot" pos="SUBST">lot </w><w c5="PRF" hw="of" pos="PREP">of </w><w c5="NN1" hw="money" pos="SUBST">money</w><c c5="PUN">, </c><w c5="CJC" hw="and" pos="CONJ">and </w><w c5="AV0" hw="then" pos="ADV">then </w><w c5="VVB" hw="come" pos="VERB">come </w><w c5="AV0" hw="home" pos="ADV">home </w><w c5="CJC" hw="and" pos="CONJ">and </w><w c5="VVB" hw="find" pos="VERB">find </w><w c5="AT0" hw="an" pos="ART">an </w><w c5="NN1" hw="atmosphere" pos="SUBST">atmosphere</w><c c5="PUN">.</c></s></p><p>
<s n="44"><w c5="NP0" hw="wendy" pos="SUBST">WENDY </w><w c5="VVZ" hw="say" pos="VERB">SAYS</w><c c5="PUN">…</c></s>
<s n="45"><w c5="PNP" hw="i" pos="PRON">I </w><w c5="VM0" hw="can" pos="VERB">ca</w><w c5="XX0" hw="not" pos="ADV">n't </w><w c5="VVI" hw="help" pos="VERB">help </w><w c5="VVG" hw="wonder" pos="VERB">wondering </w><w c5="AVQ" hw="why" pos="ADV">why</w><c c5="PUN">, </c><w c5="CJS" hw="if" pos="CONJ">if </w><w c5="PNP" hw="you" pos="PRON">you </w><w c5="VVB" hw="want" pos="VERB">want </w><w c5="AT0" hw="a" pos="ART">a </w><w c5="NN1" hw="holiday" pos="SUBST">holiday </w><w c5="AV0" hw="so" pos="ADV">so </w><w c5="DT0" hw="much" pos="ADJ">much</w><c c5="PUN">, </c><w c5="PNP" hw="you" pos="PRON">you </w><w c5="VDB" hw="do" pos="VERB">do</w><w c5="XX0" hw="not" pos="ADV">n't </w><w c5="VVI" hw="invite" pos="VERB">invite </w><w c5="DPS" hw="you" pos="PRON">your </w><w c5="NN1" hw="husband" pos="SUBST">husband </w><w c5="TO0" hw="to" pos="PREP">to </w><w c5="VHI" hw="have" pos="VERB">have </w><w c5="PNI-CRD" hw="one" pos="PRON">one </w><w c5="PRP" hw="with" pos="PREP">with </w><w c5="PNP" hw="you" pos="PRON">you </w><w c5="CJC" hw="and" pos="CONJ">and </w><w c5="PNP" hw="you" pos="PRON">you </w><w c5="VVB" hw="pay" pos="VERB">pay</w><c c5="PUN">.</c></s>
<s n="46"><w c5="PNP" hw="it" pos="PRON">It</w><w c5="VBZ" hw="be" pos="VERB">'s </w><w c5="AV0" hw="about" pos="ADV">about </w><w c5="NN1" hw="time" pos="SUBST">time </w><w c5="PRP" hw="for" pos="PREP">for </w><w c5="AT0" hw="a" pos="ART">a </w><w c5="ORD" hw="second" pos="ADJ">second </w><w c5="NN1" hw="honeymoon" pos="SUBST">honeymoon</w><c c5="PUN">, </c><w c5="PNP" hw="i" pos="PRON">I </w><w c5="VM0" hw="would" pos="VERB">would </w><w c5="VHI" hw="have" pos="VERB">have </w><w c5="VVN" hw="think" pos="VERB">thought</w><c c5="PUN">.</c></s></p><p>
<s n="47"><w c5="PNP" hw="i" pos="PRON">I</w><w c5="VBB" hw="be" pos="VERB">'m </w><w c5="XX0" hw="not" pos="ADV">not </w><w c5="AJ0" hw="surprised" pos="ADJ">surprised </w><w c5="PNP" hw="he" pos="PRON">he</w><w c5="VBZ" hw="be" pos="VERB">'s </w><w c5="VVG" hw="feel" pos="VERB">feeling </w><w c5="AJ0" hw="peeved" pos="ADJ">peeved</w><c c5="PUN">.</c></s>
<s n="48"><w c5="AVQ" hw="how" pos="ADV">How </w><w c5="VM0" hw="would" pos="VERB">would </w><w c5="PNP" hw="you" pos="PRON">you </w><w c5="VVI" hw="feel" pos="VERB">feel </w><w c5="CJS" hw="if" pos="CONJ">if </w><w c5="AT0" hw="the" pos="ART">the </w><w c5="NN1" hw="boot" pos="SUBST">boot </w><w c5="VBD" hw="be" pos="VERB">was </w><w c5="PRP" hw="on" pos="PREP">on </w><w c5="AT0" hw="the" pos="ART">the </w><w c5="AJ0" hw="other" pos="ADJ">other </w><w c5="NN1" hw="foot" pos="SUBST">foot</w><c c5="PUN">, </c><w c5="CJC" hw="and" pos="CONJ">and </w><w c5="PNP" hw="he" pos="PRON">he </w><w c5="VBD" hw="be" pos="VERB">was </w><w c5="VVG" hw="suggest" pos="VERB">suggesting </w><w c5="PNP" hw="he" pos="PRON">he </w><w c5="VVD" hw="go" pos="VERB">went </w><w c5="CJC" hw="and" pos="CONJ">and </w><w c5="VVD" hw="spend" pos="VERB">spent </w><w c5="DT0" hw="all" pos="ADJ">all </w><w c5="DT0" hw="that" pos="ADJ">that </w><w c5="NN1" hw="money" pos="SUBST">money </w><w c5="VVG" hw="go" pos="VERB">going </w><w c5="AV0" hw="away" pos="ADV">away </w><w c5="PRP" hw="with" pos="PREP">with </w><w c5="DPS" hw="he" pos="PRON">his </w><w c5="AJ0" hw="foot-loose" pos="ADJ">foot-loose </w><w c5="CJC" hw="and" pos="CONJ">and </w><w c5="AJ0" hw="fancy-free" pos="ADJ">fancy-free </w><w c5="NN1" hw="brother" pos="SUBST">brother</w><c c5="PUN">?</c></s></p><p>
<s n="49"><w c5="PNP" hw="i" pos="PRON">I </w><w c5="VM0" hw="would" pos="VERB">would </w><w c5="VVI" hw="suggest" pos="VERB">suggest </w><w c5="PNP" hw="you" pos="PRON">you </w><w c5="VVB" hw="think" pos="VERB">think </w><w c5="AV0" hw="again" pos="ADV">again</w><c c5="PUN">, </c><w c5="CJS" hw="because" pos="CONJ">because </w><w c5="PNP" hw="you" pos="PRON">you </w><w c5="AV0" hw="also" pos="ADV">also </w><w c5="VHB" hw="have" pos="VERB">have </w><w c5="AT0" hw="the" pos="ART">the </w><w c5="NN2" hw="child" pos="SUBST">children </w><w c5="TO0" hw="to" pos="PREP">to </w><w c5="VVI" hw="think" pos="VERB">think </w><w c5="PRP" hw="about" pos="PREP">about</w><c c5="PUN">.</c></s></p><p>
<s n="50"><w c5="PNP" hw="i" pos="PRON">I</w><w c5="VBB" hw="be" pos="VERB">'m </w><w c5="AJ0" hw="sure" pos="ADJ">sure </w><w c5="PNP" hw="they" pos="PRON">they </w><w c5="VM0" hw="would" pos="VERB">would </w><w c5="VVI" hw="enjoy" pos="VERB">enjoy </w><w c5="AT0" hw="a" pos="ART">a </w><w c5="NN1" hw="family" pos="SUBST">family </w><w c5="NN1" hw="holiday" pos="SUBST">holiday</w><c c5="PUN">, </c><w c5="CJC" hw="and" pos="CONJ">and </w><w c5="DPS" hw="i" pos="PRON">my </w><w c5="NN1" hw="guess" pos="SUBST">guess </w><w c5="VBZ" hw="be" pos="VERB">is </w><w c5="CJT" hw="that" pos="CONJ">that </w><w c5="DPS" hw="you" pos="PRON">your </w><w c5="NN1" hw="mother" pos="SUBST">mother </w><w c5="VM0" hw="would" pos="VERB">would </w><w c5="VVI" hw="approve" pos="VERB">approve </w><mw c5="AV0"><w c5="CJS" hw="as" pos="CONJ">as </w><w c5="AV0" hw="well" pos="ADV">well</w></mw><c c5="PUN">.</c></s></p></div><div level="1"><p>
<s n="51"><w c5="PNP" hw="i" pos="PRON">I </w><w c5="VBB" hw="be" pos="VERB">AM </w><w c5="VVN-AJ0" hw="sadden" pos="VERB">saddened </w><w c5="CJC" hw="and" pos="CONJ">and </w><w c5="AJ0-VVD" hw="appalled" pos="ADJ">appalled </w><w c5="PRP" hw="by" pos="PREP">by </w><w c5="AT0" hw="an" pos="ART">an </w><w c5="NN1" hw="incident" pos="SUBST">incident </w><w c5="DTQ" hw="which" pos="PRON">which </w><w c5="VVD" hw="happen" pos="VERB">happened </w><w c5="CRD" hw="two" pos="ADJ">two </w><w c5="NN2" hw="month" pos="SUBST">months </w><w c5="AV0" hw="ago" pos="ADV">ago </w><w c5="CJS-AVQ" hw="when" pos="CONJ">when </w><w c5="AT0" hw="a" pos="ART">a </w><w c5="AJ0" hw="female" pos="ADJ">female </w><w c5="NN1" hw="security" pos="SUBST">security </w><w c5="NN1-VVB" hw="guard" pos="SUBST">guard </w><w c5="VVG" hw="chase" pos="VERB">chasing </w><w c5="AT0" hw="a" pos="ART">a </w><w c5="NN1" hw="thief" pos="SUBST">thief </w><w c5="VVD" hw="knock" pos="VERB">knocked </w><w c5="DPS" hw="i" pos="PRON">my </w><w c5="AJ0" hw="67-year-old" pos="ADJ">67-year-old </w><w c5="NN1" hw="mother" pos="SUBST">mother </w><w c5="PRP-AVP" hw="off" pos="PREP">off </w><w c5="DPS" hw="she" pos="PRON">her </w><w c5="NN2" hw="foot" pos="SUBST">feet</w><c c5="PUN">.</c></s></p><p>
<s n="52"><w c5="AV0" hw="thankfully" pos="ADV">Thankfully </w><w c5="PNP" hw="she" pos="PRON">she </w><w c5="VBD" hw="be" pos="VERB">was </w><w c5="VVN" hw="attend" pos="VERB">attended </w><w c5="PRP" hw="to" pos="PREP">to </w><w c5="PRP" hw="by" pos="PREP">by </w><w c5="DT0" hw="another" pos="ADJ">another </w><w c5="NN1" hw="lady" pos="SUBST">lady</w><c c5="PUN">.</c></s></p><p>
<s n="53"><w c5="AV0" hw="luckily" pos="ADV">Luckily </w><w c5="DPS" hw="i" pos="PRON">my </w><w c5="NN1" hw="mother" pos="SUBST">mother </w><w c5="VBD" hw="be" pos="VERB">was </w><w c5="XX0" hw="not" pos="ADV">not </w><w c5="AV0" hw="seriously" pos="ADV">seriously </w><w c5="VVN" hw="hurt" pos="VERB">hurt</w><c c5="PUN">, </c><w c5="CJC" hw="but" pos="CONJ">but </w><w c5="AT0" hw="the" pos="ART">the </w><w c5="NN1" hw="woman" pos="SUBST">woman </w><w c5="AJ0" hw="responsible" pos="ADJ">responsible </w><w c5="VHZ" hw="have" pos="VERB">has </w><w c5="XX0" hw="not" pos="ADV">not </w><w c5="VVN" hw="feel" pos="VERB">felt </w><w c5="AT0" hw="the" pos="ART">the </w><w c5="NN1" hw="need" pos="SUBST">need </w><w c5="TO0" hw="to" pos="PREP">to </w><w c5="VVI" hw="enquire" pos="VERB">enquire </w><w c5="AVQ" hw="how" pos="ADV">how </w><w c5="DPS" hw="i" pos="PRON">my </w><w c5="NN1" hw="mother" pos="SUBST">mother </w><w c5="VBZ" hw="be" pos="VERB">is</w><c c5="PUN">.</c></s></p><p>
<s n="54"><w c5="VDZ" hw="do" pos="VERB">Does </w><w c5="NN1" hw="humanity" pos="SUBST">humanity </w><w c5="VVB" hw="go" pos="VERB">go </w><mw c5="PRP"><w c5="AVP" hw="out" pos="ADV">out </w><w c5="PRF" hw="of" pos="PREP">of </w></mw><w c5="AT0" hw="the" pos="ART">the </w><w c5="NN1" hw="window" pos="SUBST">window </w><w c5="CJS-AVQ" hw="when" pos="CONJ">when </w><w c5="AT0" hw="a" pos="ART">a </w><w c5="NN1" hw="woman" pos="SUBST">woman </w><w c5="NN1" hw="security" pos="SUBST">security </w><w c5="NN1" hw="guard" pos="SUBST">guard </w><w c5="VBZ" hw="be" pos="VERB">is </w><w c5="VVN" hw="train" pos="VERB">trained</w><c c5="PUN">?</c></s></p><p>
<s n="55"><w c5="NP0" hw="pauline" pos="SUBST">Pauline </w><w c5="NP0" hw="jones" pos="SUBST">Jones</w><c c5="PUN">,</c></s></p><p>
<s n="56"><w c5="NP0" hw="liverpool" pos="SUBST">Liverpool </w><w c5="CRD" hw="13" pos="ADJ">13</w></s></p></div><div level="1"><head type="MAIN">
<s n="57"><w c5="NN1" hw="pub" pos="SUBST">Pub </w><w c5="VVZ" hw="help" pos="VERB">helps </w><w c5="TO0" hw="to" pos="PREP">to </w><w c5="VVI" hw="put" pos="VERB">put </w><w c5="DPS" hw="it" pos="PRON">its </w><w c5="NN2" hw="customer" pos="SUBST">customers </w><w c5="PRP" hw="off" pos="PREP">off </w><w c5="NN1" hw="alcohol" pos="SUBST">alcohol</w></s></head><head type="BYLINE">
<s n="58"><w c5="PRP" hw="by" pos="PREP">By </w><w c5="NP0" hw="sue" pos="SUBST">Sue </w><w c5="NP0" hw="cocker" pos="SUBST">Cocker </w><w c5="NP0" hw="daily" pos="SUBST">Daily </w><w c5="NN1" hw="post" pos="SUBST">Post </w><w c5="NN0" hw="staff" pos="SUBST">Staff</w></s></head><p>
<s n="59"><w c5="CRD" hw="hundreds" pos="ADJ">HUNDREDS </w><w c5="PRF" hw="of" pos="PREP">of </w><w c5="NN0" hw="people" pos="SUBST">people </w><w c5="VVD" hw="learn" pos="VERB">learned </w><w c5="AT0" hw="the" pos="ART">the </w><w c5="NN1" hw="cost" pos="SUBST">cost </w><w c5="PRF" hw="of" pos="PREP">of </w><w c5="NN1" hw="alcohol" pos="SUBST">alcohol </w><w c5="PRP" hw="on" pos="PREP">on </w><w c5="DPS" hw="they" pos="PRON">their </w><w c5="NN1" hw="health" pos="SUBST">health </w><w c5="CJC" hw="and" pos="CONJ">and </w><w c5="DPS" hw="they" pos="PRON">their </w><w c5="NN2" hw="pocket" pos="SUBST">pockets </w><w c5="AV0" hw="yesterday" pos="ADV">yesterday </w><w c5="AVP-PRP" hw="in" pos="ADV">in</w><c c5="PUN">, </c><w c5="PRF" hw="of" pos="PREP">of </w><w c5="DT0" hw="all" pos="ADJ">all </w><w c5="NN2" hw="place" pos="SUBST">places</w><c c5="PUN">, </c><w c5="AT0" hw="a" pos="ART">a </w><w c5="NN1" hw="pub" pos="SUBST">pub</w><c c5="PUN">.</c></s></p><p>
<s n="60"><w c5="AT0" hw="the" pos="ART">The </w><w c5="NN1" hw="pumphouse" pos="SUBST">Pumphouse </w><w c5="PRP" hw="in" pos="PREP">in </w><w c5="NP0" hw="liverpool" pos="SUBST">Liverpool</w><w c5="POS" hw="'s" pos="UNC">'s </w><w c5="NP0" hw="albert" pos="SUBST">Albert </w><w c5="NN1" hw="dock" pos="SUBST">Dock </w><w c5="VVD" hw="claim" pos="VERB">claimed </w><w c5="DPS" hw="it" pos="PRON">its </w><w c5="AJS" hw="busy" pos="ADJ">busiest </w><w c5="NN1" hw="day" pos="SUBST">day </w><w c5="AV0" hw="ever" pos="ADV">ever </w><w c5="CJS" hw="as" pos="CONJ">as </w><w c5="NN2" hw="drove" pos="SUBST">droves </w><w c5="PRF" hw="of" pos="PREP">of </w><w c5="NN0" hw="people" pos="SUBST">people </w><w c5="VVD" hw="pour" pos="VERB">poured </w><w c5="AVP" hw="in" pos="ADV">in </w><w c5="PRP" hw="to" pos="PREP">to </w><w c5="AT0" hw="the" pos="ART">The </w><w c5="NP0" hw="mersey" pos="SUBST">Mersey </w><w c5="AJ0" hw="regional" pos="ADJ">Regional </w><w c5="NN1" hw="health" pos="SUBST">Health </w><w c5="NN1-AJ0" hw="authority-sponsored" pos="SUBST">Authority-sponsored </w><w c5="NN1" hw="event" pos="SUBST">event </w><w c5="VBD" hw="be" pos="VERB">was </w><w c5="CRD" hw="one" pos="ADJ">one </w><w c5="PRF" hw="of" pos="PREP">of </w><w c5="DT0" hw="many" pos="ADJ">many </w><w c5="AJ0" hw="drinkwise" pos="ADJ">Drinkwise </w><w c5="NN1" hw="day" pos="SUBST">Day </w><w c5="NN2" hw="event" pos="SUBST">events </w><w c5="VVN-VVD" hw="arrange" pos="VERB">arranged </w><w c5="PRP-AVP" hw="around" pos="PREP">around </w><w c5="AT0" hw="the" pos="ART">the </w><w c5="NN1" hw="country" pos="SUBST">country </w><w c5="AV0" hw="yesterday" pos="ADV">yesterday</w><c c5="PUN">.</c></s></p><p>
<s n="61"><w c5="AJ0" hw="national" pos="ADJ">National </w><w c5="NP0" hw="drinkwise" pos="SUBST">Drinkwise </w><w c5="NP0" hw="day" pos="SUBST">Day </w><w c5="VBD" hw="be" pos="VERB">was </w><w c5="VVN" hw="organise" pos="VERB">organised </w><w c5="PRP" hw="against" pos="PREP">against </w><w c5="AT0" hw="the" pos="ART">the </w><w c5="NN1" hw="background" pos="SUBST">background </w><w c5="PRF" hw="of" pos="PREP">of </w><w c5="NN0" hw="statistics" pos="SUBST">statistics </w><w c5="CJT" hw="that" pos="CONJ">that </w><w c5="VVB-NN1" hw="show" pos="VERB">show </w><w c5="NN1" hw="alcohol" pos="SUBST">alcohol </w><w c5="NN1" hw="consumption" pos="SUBST">consumption </w><w c5="PRP" hw="per" pos="PREP">per </w><w c5="NN1" hw="head" pos="SUBST">head </w><w c5="VHZ" hw="have" pos="VERB">has </w><mw c5="AV0"><w c5="AV0" hw="more" pos="ADV">more </w><w c5="CJS" hw="than" pos="CONJ">than </w></mw><w c5="VVN" hw="double" pos="VERB">doubled </w><w c5="PRP" hw="in" pos="PREP">in </w><w c5="NP0" hw="britain" pos="SUBST">Britain </w><w c5="PRP" hw="since" pos="PREP">since </w><w c5="AT0" hw="the" pos="ART">the </w><w c5="ORD" hw="second" pos="ADJ">Second </w><w c5="NN1" hw="world" pos="SUBST">World </w><w c5="NN1" hw="war" pos="SUBST">War</w><c c5="PUN">, </c><w c5="PRP" hw="with" pos="PREP">with </w><w c5="NN1" hw="alcohol" pos="SUBST">alcohol </w><w c5="NN1" hw="abuse" pos="SUBST">abuse </w><w c5="PRP" hw="on" pos="PREP">on </w><w c5="AT0" hw="the" pos="ART">the </w><w c5="NN1" hw="increase" pos="SUBST">increase </w><w c5="PRP" hw="among" pos="PREP">among </w><w c5="AT0" hw="the" pos="ART">the </w><w c5="AJ0" hw="young" pos="ADJ">young</w><c c5="PUN">.</c></s></p><p>
<s n="62"><w c5="AT0" hw="the" pos="ART">The </w><w c5="NN1" hw="nation" pos="SUBST">nation</w><w c5="POS" hw="'s" pos="UNC">'s </w><w c5="NN1" hw="booze" pos="SUBST">booze </w><w c5="NN1" hw="bill" pos="SUBST">bill </w><w c5="VVD" hw="total" pos="VERB">totalled </w><w c5="AT0" hw="a" pos="ART">a </w><w c5="AJ0" hw="staggering" pos="ADJ">staggering </w><w c5="NN0" hw="£24.3bn" pos="UNC">£24.3bn </w><w c5="ORD" hw="last" pos="ADJ">last </w><w c5="NN1" hw="year" pos="SUBST">year</w><c c5="PUN">, </c><w c5="CJC" hw="but" pos="CONJ">but </w><w c5="NN2" hw="doctor" pos="SUBST">doctors </w><w c5="VVB" hw="claim" pos="VERB">claim </w><w c5="AT0" hw="the" pos="ART">the </w><w c5="NN1" hw="cost" pos="SUBST">cost </w><w c5="PRP" hw="on" pos="PREP">on </w><w c5="AT0" hw="the" pos="ART">the </w><w c5="NN1" hw="country" pos="SUBST">country</w><w c5="POS" hw="'s" pos="UNC">'s </w><w c5="NN1" hw="health" pos="SUBST">health </w><w c5="VBZ" hw="be" pos="VERB">is </w><w c5="AV0" hw="far" pos="ADV">far </w><w c5="AJC" hw="high" pos="ADJ">higher</w><c c5="PUN">.</c></s></p><p>
<s n="63"><w c5="NN1" hw="alcohol" pos="SUBST">Alcohol </w><w c5="VBZ" hw="be" pos="VERB">is </w><w c5="VVN" hw="think" pos="VERB">thought </w><w c5="TO0" hw="to" pos="PREP">to </w><w c5="VBI" hw="be" pos="VERB">be </w><w c5="AJ0" hw="responsible" pos="ADJ">responsible </w><w c5="PRP" hw="for" pos="PREP">for </w><w c5="CRD" hw="40,000" pos="ADJ">40,000 </w><w c5="AJ0" hw="premature" pos="ADJ">premature </w><w c5="NN2" hw="death" pos="SUBST">deaths </w><w c5="AT0" hw="a" pos="ART">a </w><w c5="NN1" hw="year" pos="SUBST">year</w><c c5="PUN">, </c><mw c5="PRP"><w c5="CJS" hw="as" pos="CONJ">as </w><w c5="AV0" hw="well" pos="ADV">well </w><w c5="CJS" hw="as" pos="CONJ">as </w></mw><w c5="NN0" hw="60pc" pos="SUBST">60pc </w><w c5="PRF" hw="of" pos="PREP">of </w><w c5="NN1" hw="suicide" pos="SUBST">suicide </w><w c5="NN2" hw="attempt" pos="SUBST">attempts</w><c c5="PUN">, </c><w c5="NN0" hw="50pc" pos="SUBST">50pc </w><w c5="PRF" hw="of" pos="PREP">of </w><w c5="NN2" hw="murder" pos="SUBST">murders</w><c c5="PUN">, </c><w c5="NN0" hw="54pc" pos="SUBST">54pc </w><w c5="PRF" hw="of" pos="PREP">of </w><w c5="NN2" hw="fire" pos="SUBST">fires </w><w c5="CJC" hw="and" pos="CONJ">and </w><w c5="NN0" hw="30pc" pos="SUBST">30pc </w><w c5="PRF" hw="of" pos="PREP">of </w><w c5="AJ0" hw="domestic" pos="ADJ">domestic </w><w c5="NN2" hw="accident" pos="SUBST">accidents</w><c c5="PUN">.</c></s></p><p>
<s n="64"><w c5="PRP" hw="between" pos="PREP">Between </w><w c5="CRD" hw="eight" pos="ADJ">eight </w><w c5="CJC" hw="and" pos="CONJ">and </w><w c5="NN0" hw="14m" pos="SUBST">14m </w><w c5="NN1" hw="working" pos="SUBST">working </w><w c5="NN2" hw="day" pos="SUBST">days </w><w c5="VBB" hw="be" pos="VERB">are </w><w c5="VVN" hw="lose" pos="VERB">lost </w><w c5="PRP" hw="in" pos="PREP">in </w><w c5="NP0" hw="britain" pos="SUBST">Britain </w><w c5="DT0" hw="each" pos="ADJ">each </w><w c5="NN1" hw="year" pos="SUBST">year </w><w c5="CJS" hw="as" pos="CONJ">as </w><w c5="NN2" hw="employee" pos="SUBST">employees </w><w c5="VBB" hw="be" pos="VERB">are </w><w c5="VVN" hw="force" pos="VERB">forced </w><w c5="AVP" hw="off" pos="ADV">off </w><w c5="AJ0" hw="sick" pos="ADJ">sick </w><w c5="PRP" hw="by" pos="PREP">by </w><w c5="DPS" hw="they" pos="PRON">their </w><w c5="NN2" hw="hangover" pos="SUBST">hangovers </w><w c5="PRP" hw="at" pos="PREP">at </w><w c5="AT0" hw="a" pos="ART">a </w><w c5="NN1" hw="cost" pos="SUBST">cost </w><w c5="PRF" hw="of" pos="PREP">of </w><mw c5="AV0"><w c5="AV0" hw="more" pos="ADV">more </w><w c5="CJS" hw="than" pos="CONJ">than </w></mw><w c5="NN0" hw="£700m" pos="UNC">£700m </w><w c5="PRP" hw="in" pos="PREP">in </w><w c5="AJ0" hw="lost" pos="ADJ">lost </w><w c5="NN1" hw="production" pos="SUBST">production</w><c c5="PUN">.</c></s></p><p>
<s n="65"><w c5="NN2" hw="visitor" pos="SUBST">Visitors </w><w c5="PRP" hw="to" pos="PREP">to </w><w c5="AT0" hw="the" pos="ART">the </w><w c5="NN1-NP0" hw="pumphouse" pos="SUBST">Pumphouse </w><w c5="VBD" hw="be" pos="VERB">were </w><w c5="VVN" hw="invite" pos="VERB">invited </w><w c5="TO0" hw="to" pos="PREP">to </w><w c5="VVI" hw="input" pos="VERB">input </w><w c5="DPS" hw="they" pos="PRON">their </w><w c5="AJ0" hw="weekly" pos="ADJ">weekly </w><w c5="AJ0-NN1" hw="alcoholic" pos="ADJ">alcoholic </w><w c5="NN1" hw="intake" pos="SUBST">intake </w><w c5="PRP" hw="into" pos="PREP">into </w><w c5="AT0" hw="a" pos="ART">a </w><w c5="NN1" hw="computer" pos="SUBST">computer</w><c c5="PUN">, </c><w c5="DTQ" hw="which" pos="PRON">which </w><w c5="VVD" hw="calculate" pos="VERB">calculated </w><w c5="AT0" hw="the" pos="ART">the </w><w c5="NN1" hw="cost" pos="SUBST">cost </w><w c5="PRF" hw="of" pos="PREP">of </w><w c5="DPS" hw="they" pos="PRON">their </w><w c5="NN1" hw="drinking" pos="SUBST">drinking </w><w c5="NN2" hw="habit" pos="SUBST">habits</w><c c5="PUN">.</c></s></p><p>
<s n="66"><w c5="AT0" hw="the" pos="ART">The </w><w c5="AJ0" hw="recommended" pos="ADJ">recommended </w><w c5="AJ0" hw="weekly" pos="ADJ">weekly </w><w c5="NN1" hw="maximum" pos="SUBST">maximum </w><w c5="VBZ" hw="be" pos="VERB">is </w><w c5="CRD" hw="21" pos="ADJ">21 </w><w c5="NN2" hw="unit" pos="SUBST">units </w><w c5="PRP" hw="for" pos="PREP">for </w><w c5="NN2" hw="man" pos="SUBST">men </w><w c5="CJC" hw="and" pos="CONJ">and </w><w c5="CRD" hw="14" pos="ADJ">14 </w><w c5="PRP" hw="for" pos="PREP">for </w><w c5="NN2" hw="woman" pos="SUBST">women</w><c c5="PUN">.</c></s></p><p>
<s n="67"><w c5="CRD" hw="one" pos="ADJ">One </w><w c5="NN1" hw="unit" pos="SUBST">unit </w><w c5="PRF" hw="of" pos="PREP">of </w><w c5="NN1" hw="alcohol" pos="SUBST">alcohol </w><w c5="VBZ" hw="be" pos="VERB">is </w><w c5="AT0" hw="the" pos="ART">the </w><w c5="NN1-AJ0" hw="equivalent" pos="SUBST">equivalent </w><w c5="PRF" hw="of" pos="PREP">of </w><w c5="DT0" hw="half" pos="ADJ">half </w><w c5="AT0" hw="a" pos="ART">a </w><w c5="NN1" hw="pint" pos="SUBST">pint </w><w c5="PRF" hw="of" pos="PREP">of </w><w c5="NN1" hw="beer" pos="SUBST">beer</w><c c5="PUN">, </c><w c5="AT0" hw="a" pos="ART">a </w><w c5="AJ0" hw="single" pos="ADJ">single </w><w c5="NN1" hw="measure" pos="SUBST">measure </w><w c5="PRF" hw="of" pos="PREP">of </w><w c5="NN2" hw="spirit" pos="SUBST">spirits </w><w c5="CJC" hw="or" pos="CONJ">or </w><w c5="AT0" hw="a" pos="ART">a </w><w c5="NN1" hw="glass" pos="SUBST">glass </w><w c5="PRF" hw="of" pos="PREP">of </w><w c5="NN1" hw="wine" pos="SUBST">wine</w><c c5="PUN">.</c></s></p><p>
<s n="68"><w c5="NP0" hw="mersey" pos="SUBST">Mersey </w><w c5="AJ0" hw="regional" pos="ADJ">Regional </w><w c5="NN1" hw="health" pos="SUBST">Health </w><w c5="NN1" hw="authority" pos="SUBST">Authority </w><w c5="NN1" hw="spokeswoman" pos="SUBST">spokeswoman </w><w c5="NP0" hw="jackie" pos="SUBST">Jackie </w><w c5="NP0" hw="rankin" pos="SUBST">Rankin </w><w c5="VVD" hw="say" pos="VERB">said</w><c c5="PUN">: </c><c c5="PUQ">‘</c><w c5="PNP" hw="it" pos="PRON">It </w><w c5="VBD" hw="be" pos="VERB">was </w><w c5="AV0" hw="very" pos="ADV">very </w><w c5="AJ0" hw="successful" pos="ADJ">successful </w><w c5="PRP" hw="for" pos="PREP">for </w><w c5="AT0" hw="a" pos="ART">a </w><w c5="NN1" hw="lot" pos="SUBST">lot </w><w c5="PRF" hw="of" pos="PREP">of </w><w c5="NN0" hw="people" pos="SUBST">people </w><w c5="PNQ" hw="who" pos="PRON">who </w><w c5="VHD" hw="have" pos="VERB">had </w><w c5="NN1" hw="time" pos="SUBST">time </w><w c5="TO0" hw="to" pos="PREP">to </w><w c5="VVI" hw="reflect" pos="VERB">reflect </w><w c5="PRP" hw="on" pos="PREP">on </w><w c5="DTQ" hw="what" pos="PRON">what </w><w c5="PNP" hw="they" pos="PRON">they </w><w c5="VVB" hw="drink" pos="VERB">drink </w><w c5="CJC" hw="and" pos="CONJ">and </w><w c5="DTQ" hw="what" pos="PRON">what </w><w c5="PNP" hw="it" pos="PRON">it </w><w c5="VVZ" hw="cost" pos="VERB">costs </w><w c5="PNP" hw="they" pos="PRON">them </w><mw c5="PRP"><w c5="PRP" hw="in" pos="PREP">in </w><w c5="NN2" hw="term" pos="SUBST">terms </w><w c5="PRF" hw="of" pos="PREP">of </w></mw><w c5="NN1" hw="money" pos="SUBST">money </w><w c5="CJC" hw="and" pos="CONJ">and </w><w c5="DPS" hw="they" pos="PRON">their </w><w c5="NN1" hw="health" pos="SUBST">health</w><c c5="PUN">.</c></s></p><p>
<s n="69"><c c5="PUQ">‘</c><w c5="PNP" hw="we" pos="PRON">We </w><w c5="VVD" hw="want" pos="VERB">wanted </w><w c5="NN0" hw="people" pos="SUBST">people </w><w c5="TO0" hw="to" pos="PREP">to </w><w c5="VVI" hw="enjoy" pos="VERB">enjoy </w><w c5="AT0" hw="an" pos="ART">an </w><w c5="NN1" hw="afternoon" pos="SUBST">afternoon </w><w c5="PRP" hw="in" pos="PREP">in </w><w c5="AT0" hw="the" pos="ART">the </w><w c5="NN1" hw="pub" pos="SUBST">pub </w><w c5="PRP" hw="without" pos="PREP">without </w><w c5="NN1" hw="alcohol" pos="SUBST">alcohol </w><w c5="CJC" hw="and" pos="CONJ">and </w><w c5="AV0" hw="hopefully" pos="ADV">hopefully </w><w c5="AT0" hw="a" pos="ART">a </w><w c5="NN1" hw="lot" pos="SUBST">lot </w><w c5="PRF" hw="of" pos="PREP">of </w><w c5="PNP" hw="they" pos="PRON">them </w><w c5="VVD" hw="go" pos="VERB">went </w><w c5="AV0" hw="away" pos="ADV">away </w><w c5="VVD-VVN" hw="reassure" pos="VERB">reassured</w><c c5="PUN">.</c><c c5="PUQ">’</c></s></p><p type="caption">
<s n="70"><w c5="ITJ" hw="cheers" pos="INTERJ">Cheers</w><c c5="PUN">!</c></s>
<s n="71"><w c5="NP0" hw="karen" pos="SUBST">Karen </w><w c5="NP0" hw="cilmore" pos="SUBST">Cilmore </w><w c5="PRP" hw="from" pos="PREP">from </w><w c5="NP0" hw="bolton" pos="SUBST">Bolton </w><w c5="VVZ" hw="test" pos="VERB">tests </w><w c5="DPS" hw="she" pos="PRON">her </w><w c5="NN1" hw="fitness" pos="SUBST">fitness </w><w c5="PRP" hw="after" pos="PREP">after </w><w c5="AT0" hw="an" pos="ART">an </w><w c5="AJ0" hw="alcohol-free" pos="ADJ">alcohol-free </w><w c5="NN1" hw="cocktail" pos="SUBST">cocktail </w><w c5="CJS" hw="while" pos="CONJ">while </w><w c5="NN1" hw="barman" pos="SUBST">barman </w><w c5="NP0" hw="mike" pos="SUBST">Mike </w><w c5="NP0" hw="connell" pos="SUBST">Connell </w><w c5="VVZ" hw="demonstrate" pos="VERB">demonstrates </w><w c5="AT0" hw="the" pos="ART">the </w><w c5="NN2" hw="trick" pos="SUBST">tricks </w><w c5="PRF" hw="of" pos="PREP">of </w><w c5="AT0" hw="the" pos="ART">the </w><w c5="NN1" hw="trade" pos="SUBST">trade </w><w c5="NN1-VVB" hw="picture" pos="SUBST">Picture</w><c c5="PUN">: </c><w c5="NP0" hw="tracey" pos="SUBST">TRACEY </w><w c5="NP0-NN1" hw="o'neill" pos="SUBST">O'NEILL</w></s></p></div><div level="1"><p type="caption">
<s n="72"><w c5="AT0" hw="a" pos="ART">A </w><w c5="NN1" hw="city" pos="SUBST">city</w><w c5="POS" hw="'s" pos="UNC">'s </w><w c5="AJ0" hw="roman" pos="ADJ">Roman </w><w c5="NN1" hw="soldier" pos="SUBST">soldier </w><w c5="VVD" hw="give" pos="VERB">gave </w><w c5="DPS" hw="he" pos="PRON">his </w><w c5="NN1" hw="stamp" pos="SUBST">stamp </w><w c5="PRF" hw="of" pos="PREP">of </w><w c5="NN1" hw="approval" pos="SUBST">approval </w><w c5="PRP" hw="to" pos="PREP">to </w><w c5="AT0" hw="the" pos="ART">the </w><w c5="AJ0" hw="royal" pos="ADJ">Royal </w><w c5="NN1" hw="mail" pos="SUBST">Mail</w><w c5="POS" hw="'s" pos="UNC">'s </w><w c5="AJS" hw="late" pos="ADJ">latest </w><w c5="NN1" hw="issue" pos="SUBST">issue </w><w c5="AV0" hw="yesterday" pos="ADV">yesterday</w><c c5="PUN">.</c></s>
<s n="73"><w c5="AT0" hw="the" pos="ART">The </w><w c5="AJ0" hw="royal" pos="ADJ">Royal </w><w c5="NN1" hw="mail" pos="SUBST">Mail </w><w c5="VBZ" hw="be" pos="VERB">is </w><w c5="VVG" hw="commemorate" pos="VERB">commemorating </w><w c5="AT0" hw="the" pos="ART">the </w><w c5="AJ0-NN1" hw="roman" pos="ADJ">Roman </w><w c5="NN1" hw="era" pos="SUBST">era </w><w c5="PRP" hw="in" pos="PREP">in </w><w c5="NP0" hw="britain" pos="SUBST">Britain </w><w c5="PRP" hw="with" pos="PREP">with </w><w c5="AT0" hw="a" pos="ART">a </w><w c5="AJ0" hw="special" pos="ADJ">special </w><w c5="NN1" hw="set" pos="SUBST">set </w><w c5="PRF" hw="of" pos="PREP">of </w><w c5="NN2" hw="stamp" pos="SUBST">stamps </w><w c5="VVB-NN1" hw="show" pos="VERB">show </w><w c5="NN2" hw="artefact" pos="SUBST">artefacts </w><w c5="PRP" hw="from" pos="PREP">from </w><w c5="AT0" hw="the" pos="ART">the </w><w c5="NN2" hw="year" pos="SUBST">years </w><w c5="PRF" hw="of" pos="PREP">of </w><w c5="AJ0" hw="roman" pos="ADJ">Roman </w><w c5="NN1" hw="rule" pos="SUBST">rule </w><w c5="PRP" hw="in" pos="PREP">in </w><w c5="NP0" hw="england" pos="SUBST">England </w><w c5="CJC" hw="and" pos="CONJ">and </w><w c5="NP0" hw="wales" pos="SUBST">Wales</w><c c5="PUN">.</c></s>
<s n="74"><w c5="TO0" hw="to" pos="PREP">To </w><w c5="VVI" hw="help" pos="VERB">help </w><w c5="VVI" hw="launch" pos="VERB">launch </w><w c5="AT0" hw="the" pos="ART">the </w><w c5="NN2" hw="stamp" pos="SUBST">stamps </w><w c5="PRP" hw="in" pos="PREP">in </w><w c5="AT0" hw="the" pos="ART">the </w><w c5="NN1" hw="north" pos="SUBST">North </w><w c5="NN1" hw="west" pos="SUBST">West</w><c c5="PUN">, </c><w c5="NP0" hw="chester" pos="SUBST">Chester</w><w c5="POS" hw="'s" pos="UNC">'s </w><w c5="AJ0-NN1" hw="roman" pos="ADJ">Roman </w><w c5="NN1" hw="soldier" pos="SUBST">soldier</w><c c5="PUN">, </c><w c5="NP0" hw="karl" pos="SUBST">Karl </w><w c5="NP0" hw="cleveley" pos="SUBST">Cleveley</w><c c5="PUN">, </c><w c5="VBD" hw="be" pos="VERB">was </w><w c5="VVN" hw="draft" pos="VERB">drafted </w><w c5="AVP" hw="in" pos="ADV">in </w><w c5="TO0" hw="to" pos="PREP">to </w><w c5="VVI" hw="help" pos="VERB">help</w><c c5="PUN">.</c></s>
<s n="75"><w c5="AT0" hw="the" pos="ART">The </w><w c5="NN2" hw="stamp" pos="SUBST">stamps </w><w c5="VVB" hw="show" pos="VERB">show </w><w c5="AT0" hw="a" pos="ART">a </w><w c5="NN1-AJ0" hw="gold" pos="SUBST">gold </w><w c5="NN1" hw="coin" pos="SUBST">coin</w><c c5="PUN">, </c><w c5="AT0" hw="a" pos="ART">a </w><w c5="NN1" hw="bronze" pos="SUBST">bronze</w><c c5="PUN">, </c><w c5="AT0" hw="a" pos="ART">a </w><w c5="NN1" hw="gemstone" pos="SUBST">gemstone </w><w c5="CJC" hw="and" pos="CONJ">and </w><w c5="AT0" hw="a" pos="ART">a </w><w c5="NN1" hw="mosaic" pos="SUBST">mosaic </w><w c5="VVN-VVD" hw="find" pos="VERB">found </w><w c5="PRP" hw="at" pos="PREP">at </w><w c5="NN2" hw="site" pos="SUBST">sites </w><w c5="AV0" hw="all" pos="ADV">all </w><w c5="PRP" hw="over" pos="PREP">over </w><w c5="AT0" hw="the" pos="ART">the </w><w c5="NP0" hw="uk" pos="SUBST">UK</w><c c5="PUN">.</c></s>
<s n="76"><w c5="NN1-VVB" hw="picture" pos="SUBST">Picture</w><c c5="PUN">: </c><w c5="NP0" hw="vic" pos="SUBST">VIC </w><w c5="NP0-NN1" hw="cleveley" pos="SUBST">CLEVELEY</w></s></p></div><div level="1"><head type="MAIN">
<s n="77"><w c5="AT0" hw="the" pos="ART">The </w><w c5="NN1" hw="bride" pos="SUBST">bride </w><w c5="CJC" hw="and" pos="CONJ">and </w><w c5="AT0" hw="the" pos="ART">the </w><w c5="NN1" hw="fall" pos="SUBST">fall</w></s></head><p type="caption">
<s n="78"><w c5="NN1" hw="downfall" pos="SUBST">Downfall </w><w c5="PRF" hw="of" pos="PREP">of </w><w c5="AT0" hw="a" pos="ART">a </w><w c5="NN1" hw="marquess" pos="SUBST">Marquess</w><c c5="PUN">: </c><w c5="PRP" hw="in" pos="PREP">In </w><w c5="AT0" hw="the" pos="ART">the </w><w c5="AJ0" hw="aristocratic" pos="ADJ">aristocratic </w><w c5="NN1" hw="limelight" pos="SUBST">limelight </w><w c5="PRP" hw="in" pos="PREP">in </w><w c5="CRD" hw="1990" pos="ADJ">1990 </w><w c5="PRP" hw="after" pos="PREP">after </w><w c5="DPS" hw="he" pos="PRON">his </w><w c5="NN1" hw="wedding" pos="SUBST">wedding </w><w c5="PRP" hw="in" pos="PREP">in </w><w c5="NP0" hw="london" pos="SUBST">London </w><w c5="PRP" hw="to" pos="PREP">to </w><w c5="NP0" hw="becky" pos="SUBST">Becky </w><w c5="DT0" hw="few" pos="ADJ">Few </w><w c5="AJ0" hw="brown" pos="ADJ">Brown</w><c c5="PUN">…</c></s></p><p type="caption">
<s n="79"><c c5="PUN">…</c><w c5="CJC" hw="and" pos="CONJ">and </w><w c5="PRP" hw="in" pos="PREP">in </w><w c5="AT0" hw="the" pos="ART">the </w><w c5="NN2" hw="arm" pos="SUBST">arms </w><w c5="PRF" hw="of" pos="PREP">of </w><w c5="AT0" hw="the" pos="ART">the </w><w c5="NN1" hw="law" pos="SUBST">law </w><w c5="AV0" hw="yesterday" pos="ADV">yesterday </w><w c5="PRP-CJS" hw="after" pos="PREP">after </w><w c5="DPS" hw="he" pos="PRON">his </w><w c5="NN1" hw="arrest" pos="SUBST">arrest </w><w c5="PRP" hw="for" pos="PREP">for </w><w c5="NN1" hw="non-payment" pos="SUBST">non-payment </w><w c5="PRF" hw="of" pos="PREP">of </w><w c5="NN1" hw="maintenance" pos="SUBST">maintenance </w><w c5="PRP" hw="to" pos="PREP">to </w><w c5="DPS" hw="he" pos="PRON">his </w><w c5="AJ0" hw="now-estranged" pos="ADJ">now-estranged </w><w c5="NN1" hw="wife" pos="SUBST">wife</w></s></p><p type="caption">
<s n="80"><w c5="NN2" hw="gangster" pos="SUBST">Gangsters</w><c c5="PUN">, </c><w c5="NN2" hw="shooting" pos="SUBST">shootings </w><w c5="CJC" hw="and" pos="CONJ">and </w><w c5="CRD" hw="20,000" pos="ADJ">20,000 </w><w c5="NN2" hw="millionaire" pos="SUBST">millionaires</w><c c5="PUN">.</c></s>
<s n="81"><w c5="NP0-NN1" hw="capone" pos="SUBST">Capone</w><w c5="POS" hw="'s" pos="UNC">'s </w><w c5="NP0" hw="chicago" pos="SUBST">Chicago</w><c c5="PUN">?</c></s>
<s n="82"><w c5="ITJ" hw="no" pos="INTERJ">No</w><c c5="PUN">, </c><w c5="PNP" hw="it" pos="PRON">it</w><w c5="VBZ" hw="be" pos="VERB">'s </w><w c5="NP0" hw="yeltsin" pos="SUBST">Yeltsin</w><w c5="POS" hw="'s" pos="UNC">'s </w><w c5="NP0" hw="moscow" pos="SUBST">Moscow</w></s></p></div></wtext></bncDoc>
