<bncDoc xml:id="K3D"><teiHeader><fileDesc><titleStmt><title>  Liverpool Daily Post and Echo: Applied Science pages. Sample containing about 565 words from a periodical (domain: applied science) </title><respStmt><resp> Data capture and transcription </resp><name> Oxford University Press </name> </respStmt></titleStmt><editionStmt><edition>BNC XML Edition, December 2006</edition></editionStmt><extent> 565 tokens; 571 w-units; 28 s-units </extent><publicationStmt><distributor>Distributed under licence by Oxford University Computing Services on behalf of the BNC Consortium.</distributor><availability> This material is protected by international copyright laws and may not be copied or redistributed in any way. Consult the BNC Web Site at http://www.natcorp.ox.ac.uk for full licencing and distribution conditions.</availability><idno type="bnc">K3D</idno><idno type="old"> LcAppS </idno></publicationStmt><sourceDesc><bibl><title>Liverpool Daily Post and Echo: Applied Science pages.</title> <imprint><publisher>u.p.</publisher> </imprint> </bibl></sourceDesc></fileDesc><encodingDesc><tagsDecl><namespace name=""><tagUsage gi="c" occurs="60"/><tagUsage gi="div" occurs="2"/><tagUsage gi="head" occurs="2"/><tagUsage gi="mw" occurs="4"/><tagUsage gi="p" occurs="23"/><tagUsage gi="s" occurs="28"/><tagUsage gi="w" occurs="571"/></namespace></tagsDecl></encodingDesc><profileDesc><creation date="0000">0000-00-00 Origination/creation date not known </creation><textClass><catRef targets="alltim3 news  wriase0  wridom3   wrista0 "/><classCode scheme="DLEE">W newsp other: science</classCode><keywords><term> (none) </term></keywords></textClass></profileDesc><revisionDesc><change date="2006-10-21" who="#OUCS">Tag usage updated for BNC-XML</change><change date="2000-12-13" who="#OUCS">Last check for BNC World first release</change><change date="2000-09-01" who="#OUCS">Check all tagcounts</change><change date="2000-06-23" who="#OUCS">Resequenced s-units and added headers</change><change date="2000-01-21" who="#OUCS">Added date info</change><change date="2000-01-09" who="#OUCS">Updated all catrefs</change><change date="2000-01-08" who="#OUCS">Updated source title</change><change date="2000-01-08" who="#OUCS">Updated titles</change><change date="1999-12-25" who="#OUCS">corrected tagUsage</change><change date="1999-09-16" who="#UCREL">POS codes revised for BNC-2; header updated</change><change date="1994-11-26" who="#dominic">Initial accession to corpus</change></revisionDesc></teiHeader>
<wtext type="NEWS"><div level="1"><head type="MAIN">
<s n="1"><w c5="NP0" hw="corsa" pos="SUBST">Corsa </w><w c5="VBZ" hw="be" pos="VERB">is </w><w c5="VVN" hw="recall" pos="VERB">recalled </w><w c5="PRP" hw="after" pos="PREP">after </w><w c5="NN2" hw="blaze" pos="SUBST">blazes</w></s></head><p>
<s n="2"><w c5="DT0" hw="some" pos="ADJ">SOME </w><w c5="PRF" hw="of" pos="PREP">of </w><w c5="NP0" hw="vauxhall" pos="SUBST">Vauxhall</w><w c5="POS" hw="'s" pos="UNC">'s </w><w c5="AJ0" hw="new" pos="ADJ">new </w><w c5="NP0" hw="corsa" pos="SUBST">Corsa </w><w c5="NN2" hw="car" pos="SUBST">cars</w><c c5="PUN">, </c><w c5="VVN-VVD" hw="feature" pos="VERB">featured </w><w c5="PRP-AVP" hw="in" pos="PREP">in </w><w c5="AT0" hw="an" pos="ART">an </w><w c5="AJ0" hw="extravagant" pos="ADJ">extravagant </w><w c5="NN0" hw="£3m" pos="UNC">£3m </w><w c5="NN1" hw="tv" pos="SUBST">TV </w><w c5="NN1-AJ0" hw="commercial" pos="SUBST">commercial </w><w c5="PRP" hw="with" pos="PREP">with </w><w c5="AJ0" hw="top" pos="ADJ">top </w><w c5="NN1" hw="model" pos="SUBST">model </w><w c5="NN2" hw="girl" pos="SUBST">girls</w><c c5="PUN">, </c><w c5="VHB" hw="have" pos="VERB">have </w><w c5="VVN" hw="burst" pos="VERB">burst </w><w c5="PRP" hw="into" pos="PREP">into </w><w c5="NN2" hw="flame" pos="SUBST">flames</w><c c5="PUN">, </c><w c5="AT0" hw="the" pos="ART">the </w><w c5="NN1" hw="company" pos="SUBST">company </w><w c5="VVD" hw="say" pos="VERB">said </w><w c5="AV0" hw="yesterday" pos="ADV">yesterday</w><c c5="PUN">.</c></s></p><p>
<s n="3"><w c5="NP0" hw="vauxhall" pos="SUBST">Vauxhall </w><w c5="VVD" hw="announce" pos="VERB">announced </w><w c5="PRP" hw="on" pos="PREP">on </w><w c5="NP0" hw="may" pos="SUBST">May </w><w c5="CRD" hw="28" pos="ADJ">28 </w><w c5="CJT" hw="that" pos="CONJ">that </w><w c5="DT0" hw="all" pos="ADJ">all </w><w c5="CRD" hw="5,128" pos="ADJ">5,128 </w><w c5="PRF" hw="of" pos="PREP">of </w><w c5="DPS" hw="it" pos="PRON">its </w><w c5="NP0" hw="uk" pos="SUBST">UK </w><w c5="NP0" hw="corsas" pos="SUBST">Corsas </w><w c5="VBD" hw="be" pos="VERB">were </w><w c5="VBG" hw="be" pos="VERB">being </w><w c5="VVN" hw="recall" pos="VERB">recalled </w><mw c5="PRP"><w c5="CJS" hw="because" pos="CONJ">because </w><w c5="PRF" hw="of" pos="PREP">of </w></mw><w c5="AT0" hw="an" pos="ART">an </w><w c5="AJ0" hw="electrical" pos="ADJ">electrical </w><w c5="NN1" hw="fault" pos="SUBST">fault</w><c c5="PUN">.</c></s></p><p>
<s n="4"><w c5="CJC" hw="but" pos="CONJ">But </w><w c5="AV0" hw="yesterday" pos="ADV">yesterday </w><w c5="AT0" hw="the" pos="ART">the </w><w c5="NN1" hw="company" pos="SUBST">company </w><w c5="VVD" hw="confirm" pos="VERB">confirmed </w><w c5="CJT" hw="that" pos="CONJ">that </w><w c5="AJ0" hw="faulty" pos="ADJ">faulty </w><w c5="NN1" hw="wiring" pos="SUBST">wiring </w><w c5="VHD" hw="have" pos="VERB">had</w><c c5="PUN">, </c><w c5="PRP" hw="in" pos="PREP">in </w><w c5="DT0" hw="some" pos="ADJ">some </w><w c5="NN2" hw="case" pos="SUBST">cases</w><c c5="PUN">, </c><w c5="VVD" hw="lead" pos="VERB">led </w><w c5="PRP" hw="to" pos="PREP">to </w><w c5="NN2" hw="car" pos="SUBST">cars </w><w c5="VVG-AJ0" hw="burn" pos="VERB">burning</w><c c5="PUN">.</c></s></p><p>
<s n="5"><c c5="PUQ">‘</c><w c5="PNP" hw="it" pos="PRON">It</w><w c5="VBZ" hw="be" pos="VERB">'s </w><w c5="AT0" hw="a" pos="ART">a </w><w c5="NN1" hw="question" pos="SUBST">question </w><w c5="PRF" hw="of" pos="PREP">of </w><w c5="DT0" hw="some" pos="ADJ">some </w><w c5="PRF" hw="of" pos="PREP">of </w><w c5="AT0" hw="the" pos="ART">the </w><w c5="NN1" hw="wiring" pos="SUBST">wiring </w><w c5="XX0" hw="not" pos="ADV">not </w><w c5="VBG" hw="be" pos="VERB">being </w><w c5="VVN" hw="rout" pos="VERB">routed </w><w c5="PRP" hw="in" pos="PREP">in </w><w c5="AT0" hw="the" pos="ART">the </w><w c5="AJ0" hw="correct" pos="ADJ">correct </w><w c5="NN1" hw="way" pos="SUBST">way </w><w c5="CJC" hw="and" pos="CONJ">and </w><w c5="PRP" hw="in" pos="PREP">in </w><w c5="DT0" hw="some" pos="ADJ">some </w><w c5="NN2" hw="case" pos="SUBST">cases </w><w c5="DT0" hw="this" pos="ADJ">this </w><w c5="VHZ" hw="have" pos="VERB">has </w><w c5="VVN" hw="cause" pos="VERB">caused </w><w c5="AT0" hw="a" pos="ART">a </w><w c5="NN1" hw="chafing" pos="SUBST">chafing </w><w c5="CJC" hw="or" pos="CONJ">or </w><w c5="AT0" hw="a" pos="ART">a </w><w c5="AJ0" hw="short" pos="ADJ">short </w><w c5="NN1" hw="circuit" pos="SUBST">circuit</w><c c5="PUN">,</c><c c5="PUQ">’ </c><w c5="VVD" hw="say" pos="VERB">said </w><w c5="AT0" hw="a" pos="ART">a </w><w c5="NP0" hw="vauxhall" pos="SUBST">Vauxhall </w><w c5="NN1" hw="spokesman" pos="SUBST">spokesman </w><w c5="AV0" hw="yesterday" pos="ADV">yesterday</w><c c5="PUN">.</c></s></p><p>
<s n="6"><c c5="PUQ">‘</c><w c5="PRP" hw="in" pos="PREP">In </w><w c5="DT0" hw="most" pos="ADJ">most </w><w c5="NN2" hw="case" pos="SUBST">cases </w><w c5="CJT" hw="that" pos="CONJ">that </w><w c5="PNP" hw="we" pos="PRON">we </w><w c5="VVD" hw="hear" pos="VERB">heard </w><w c5="EX0" hw="there" pos="PRON">there </w><w c5="VBD" hw="be" pos="VERB">was </w><w c5="AT0" hw="no" pos="ART">no </w><w c5="AJ0" hw="real" pos="ADJ">real </w><w c5="NN1" hw="problem" pos="SUBST">problem</w><c c5="PUN">, </c><w c5="CJC" hw="but" pos="CONJ">but </w><w c5="PRP" hw="in" pos="PREP">in </w><w c5="DT0" hw="some" pos="ADJ">some </w><w c5="NN2" hw="case" pos="SUBST">cases </w><w c5="EX0" hw="there" pos="PRON">there </w><w c5="VBD" hw="be" pos="VERB">was </w><w c5="NN1" hw="fire" pos="SUBST">fire </w><w c5="CJS" hw="so" pos="CONJ">so </w><w c5="PNP" hw="we" pos="PRON">we </w><w c5="VVD" hw="decide" pos="VERB">decided </w><w c5="TO0" hw="to" pos="PREP">to </w><w c5="VHI" hw="have" pos="VERB">have </w><w c5="AT0" hw="the" pos="ART">the </w><w c5="NN1-VVB" hw="recall" pos="SUBST">recall </w><w c5="PRP" hw="as" pos="PREP">as </w><w c5="AT0" hw="a" pos="ART">a </w><w c5="AV0" hw="purely" pos="ADV">purely </w><w c5="AJ0" hw="precautionary" pos="ADJ">precautionary </w><w c5="NN1" hw="move" pos="SUBST">move</w><c c5="PUN">.</c><c c5="PUQ">’</c></s></p><p>
<s n="7"><w c5="AT0" hw="the" pos="ART">The </w><w c5="NN1" hw="work" pos="SUBST">work </w><w c5="PRP" hw="on" pos="PREP">on </w><w c5="AT0" hw="the" pos="ART">the </w><w c5="AJ0" hw="spanish" pos="ADJ">Spanish </w><w c5="VVD-VVN" hw="build" pos="VERB">built </w><w c5="NN2" hw="car" pos="SUBST">cars </w><w c5="VBZ" hw="be" pos="VERB">is </w><w c5="VBG" hw="be" pos="VERB">being </w><w c5="VDN" hw="do" pos="VERB">done </w><w c5="AJ0" hw="free" pos="ADJ">free </w><w c5="PRF" hw="of" pos="PREP">of </w><w c5="NN1" hw="charge" pos="SUBST">charge</w><c c5="PUN">.</c></s></p><p>
<s n="8"><w c5="NN2" hw="model" pos="SUBST">Models </w><mw c5="PRP"><w c5="DT0" hw="such" pos="ADJ">such </w><w c5="PRP" hw="as" pos="PREP">as </w></mw><w c5="NP0" hw="linda" pos="SUBST">Linda </w><w c5="NP0" hw="evangelista" pos="SUBST">Evangelista</w><c c5="PUN">, </c><w c5="NP0" hw="naomi" pos="SUBST">Naomi </w><w c5="NP0" hw="campbell" pos="SUBST">Campbell </w><w c5="CJC" hw="and" pos="CONJ">and </w><w c5="NP0" hw="kate" pos="SUBST">Kate </w><w c5="NP0" hw="moss" pos="SUBST">Moss</w><c c5="PUN">, </c><w c5="VVD" hw="appear" pos="VERB">appeared </w><w c5="PRP" hw="in" pos="PREP">in </w><w c5="NN1" hw="tv" pos="SUBST">TV </w><w c5="NN2" hw="advert" pos="SUBST">adverts </w><w c5="PRP" hw="for" pos="PREP">for </w><w c5="AT0" hw="the" pos="ART">the </w><w c5="NP0" hw="corsa" pos="SUBST">Corsa</w><c c5="PUN">.</c></s>
<s n="9"><w c5="AT0" hw="the" pos="ART">The </w><w c5="NN1" hw="car" pos="SUBST">car </w><w c5="VVD" hw="receive" pos="VERB">received </w><w c5="DT0" hw="more" pos="ADJ">more </w><w c5="NN1" hw="publicity" pos="SUBST">publicity </w><w c5="CJS-AVQ" hw="when" pos="CONJ">when </w><w c5="AT0" hw="a" pos="ART">a </w><w c5="AJ0" hw="feminist" pos="ADJ">feminist </w><w c5="NN1" hw="group" pos="SUBST">group </w><w c5="VVD" hw="complain" pos="VERB">complained </w><w c5="CJT" hw="that" pos="CONJ">that </w><w c5="NN2" hw="shot" pos="SUBST">shots </w><w c5="PRF" hw="of" pos="PREP">of </w><w c5="NP0" hw="naomi" pos="SUBST">Naomi </w><w c5="VVG" hw="appear" pos="VERB">appearing </w><w c5="PRP-AVP" hw="in" pos="PREP">in </w><w c5="AT0" hw="a" pos="ART">a </w><w c5="NN1" hw="leather" pos="SUBST">leather </w><w c5="NN1" hw="outfit" pos="SUBST">outfit </w><w c5="AJ0" hw="complete" pos="ADJ">complete </w><w c5="PRP" hw="with" pos="PREP">with </w><w c5="NN1" hw="whip" pos="SUBST">whip </w><w c5="PRP" hw="in" pos="PREP">in </w><w c5="AT0" hw="a" pos="ART">a </w><w c5="NN1" hw="fantasy" pos="SUBST">fantasy </w><w c5="NN1-VVB" hw="bondage" pos="SUBST">bondage </w><w c5="NN1" hw="scene" pos="SUBST">scene </w><w c5="VBD" hw="be" pos="VERB">was </w><c c5="PUQ">‘</c><w c5="AJ0" hw="sexist" pos="ADJ">sexist </w><w c5="CJC" hw="and" pos="CONJ">and </w><w c5="AJ0" hw="disgusting" pos="ADJ">disgusting</w><c c5="PUQ">’</c><c c5="PUN">.</c></s></p><p>
<s n="10"><w c5="AV0" hw="however" pos="ADV">However</w><c c5="PUN">, </c><w c5="AT0" hw="the" pos="ART">the </w><w c5="AJ0-NN1" hw="independent" pos="ADJ">Independent </w><w c5="NN1" hw="television" pos="SUBST">Television </w><w c5="NN1" hw="commission" pos="SUBST">Commission </w><w c5="VVD" hw="rule" pos="VERB">ruled </w><w c5="CJT" hw="that" pos="CONJ">that </w><w c5="AT0" hw="the" pos="ART">the </w><w c5="NN2" hw="advert" pos="SUBST">adverts </w><w c5="VBD" hw="be" pos="VERB">were </w><w c5="AV0" hw="more" pos="ADV">more </w><w c5="AJ0" hw="tongue-in-cheek" pos="ADJ">tongue-in-cheek </w><mw c5="PRP"><w c5="AV0" hw="rather" pos="ADV">rather </w><w c5="CJS" hw="than" pos="CONJ">than </w></mw><w c5="AJ0" hw="sinister" pos="ADJ">sinister </w><w c5="CJC" hw="or" pos="CONJ">or </w><w c5="AJ0" hw="sexist" pos="ADJ">sexist </w><w c5="CJC" hw="and" pos="CONJ">and </w><w c5="DT0-CJT" hw="that" pos="ADJ">that</w><c c5="PUN">, </c><w c5="PRP" hw="in" pos="PREP">in </w><w c5="DT0" hw="any" pos="ADJ">any</w><c c5="PUN">, </c><w c5="NN1-VVB" hw="case" pos="SUBST">case </w><w c5="AT0" hw="the" pos="ART">the </w><w c5="NP0" hw="naomi" pos="SUBST">Naomi </w><w c5="NP0" hw="campbell" pos="SUBST">Campbell </w><w c5="PNI" hw="one" pos="PRON">one </w><w c5="VHD" hw="have" pos="VERB">had </w><w c5="VBN" hw="be" pos="VERB">been </w><w c5="VVN" hw="move" pos="VERB">moved </w><w c5="PRP" hw="to" pos="PREP">to </w><w c5="AT0" hw="a" pos="ART">a </w><w c5="AJ0" hw="post-9pm" pos="ADJ">post-9pm </w><w c5="NN1" hw="slot" pos="SUBST">slot</w><c c5="PUN">.</c></s></p><p>
<s n="11"><w c5="AT0" hw="a" pos="ART">A </w><w c5="NN1" hw="replacement" pos="SUBST">replacement </w><w c5="PRP" hw="for" pos="PREP">for </w><w c5="AT0" hw="the" pos="ART">the </w><w c5="NP0" hw="nova" pos="SUBST">Nova</w><c c5="PUN">, </c><w c5="AT0" hw="the" pos="ART">the </w><w c5="NP0" hw="corsa" pos="SUBST">Corsa </w><w c5="VBD" hw="be" pos="VERB">was </w><w c5="ORD" hw="ninth" pos="ADJ">ninth </w><w c5="PRP" hw="in" pos="PREP">in </w><w c5="AT0" hw="the" pos="ART">the </w><w c5="NP0" hw="may" pos="SUBST">May </w><w c5="CRD" hw="1993" pos="ADJ">1993 </w><w c5="NP0" hw="uk" pos="SUBST">UK </w><w c5="AJ0" hw="top" pos="ADJ">top </w><w c5="CRD" hw="ten" pos="ADJ">ten </w><w c5="NN2" hw="seller" pos="SUBST">sellers </w><w c5="NN1-VVB" hw="list" pos="SUBST">list</w><c c5="PUN">.</c></s></p></div><div level="1"><head type="BYLINE">
<s n="12"><w c5="PRP" hw="by" pos="PREP">By </w><w c5="NP0" hw="daily" pos="SUBST">Daily </w><w c5="NN1" hw="post" pos="SUBST">Post </w><w c5="NN1" hw="correspondent" pos="SUBST">Correspondent</w></s></head><p>
<s n="13"><w c5="AT0" hw="the" pos="ART">THE </w><w c5="AJ0" hw="new" pos="ADJ">new </w><w c5="AJ0" hw="hi-tech" pos="ADJ">hi-tech </w><w c5="NN1" hw="scanner" pos="SUBST">scanner </w><w c5="VVD-VVN" hw="use" pos="VERB">used </w><w c5="CJS" hw="when" pos="CONJ">when </w><w c5="NN2" hw="surgeon" pos="SUBST">surgeons </w><w c5="VVD" hw="battle" pos="VERB">battled </w><w c5="TO0" hw="to" pos="PREP">to </w><w c5="VVI" hw="try" pos="VERB">try </w><w c5="CJC" hw="and" pos="CONJ">and </w><w c5="VVI" hw="save" pos="VERB">save </w><w c5="AT0" hw="the" pos="ART">the </w><w c5="NN1" hw="life" pos="SUBST">life </w><w c5="PRF" hw="of" pos="PREP">of </w><w c5="NP0" hw="ira" pos="SUBST">IRA </w><w c5="NN1-VVB" hw="bomb" pos="SUBST">bomb </w><w c5="NN1" hw="victim" pos="SUBST">victim </w><w c5="NP0" hw="tim" pos="SUBST">Tim </w><w c5="NP0" hw="parry" pos="SUBST">Parry </w><w c5="VBZ" hw="be" pos="VERB">is </w><w c5="TO0" hw="to" pos="PREP">to </w><w c5="VBI" hw="be" pos="VERB">be </w><w c5="VVN" hw="dedicate" pos="VERB">dedicated </w><w c5="PRP" hw="to" pos="PREP">to </w><w c5="DPS" hw="he" pos="PRON">his </w><w c5="NN1" hw="memory" pos="SUBST">memory</w><c c5="PUN">.</c></s></p><p>
<s n="14"><w c5="AJ0" hw="twelve-year-old" pos="ADJ">Twelve-year-old </w><w c5="NP0" hw="tim" pos="SUBST">Tim </w><w c5="VBD" hw="be" pos="VERB">was </w><w c5="AT0" hw="the" pos="ART">the </w><w c5="ORD" hw="first" pos="ADJ">first </w><w c5="NN1" hw="patient" pos="SUBST">patient </w><w c5="PRP" hw="on" pos="PREP">on </w><w c5="AT0" hw="the" pos="ART">the </w><w c5="NN0" hw="£500,000" pos="UNC">£500,000 </w><w c5="NN1" hw="scanner" pos="SUBST">scanner </w><w c5="CJS" hw="as" pos="CONJ">as </w><w c5="PNP" hw="he" pos="PRON">he </w><w c5="VVD" hw="cling" pos="VERB">clung </w><w c5="PRP" hw="to" pos="PREP">to </w><w c5="NN1" hw="life" pos="SUBST">life </w><w c5="PRP" hw="after" pos="PREP">after </w><w c5="VVG" hw="suffer" pos="VERB">suffering </w><w c5="AJ0" hw="horrific" pos="ADJ">horrific </w><w c5="NN1" hw="head" pos="SUBST">head </w><w c5="NN2" hw="injury" pos="SUBST">injuries </w><w c5="PRP" hw="in" pos="PREP">in </w><w c5="AT0" hw="the" pos="ART">the </w><w c5="NP0" hw="warrington" pos="SUBST">Warrington </w><w c5="NN1-VVG" hw="bombing" pos="SUBST">bombing </w><w c5="NN1" hw="outrage" pos="SUBST">outrage</w><c c5="PUN">.</c></s></p><p>
<s n="15"><w c5="AT0" hw="the" pos="ART">The </w><w c5="NN2" hw="surgeon" pos="SUBST">surgeons</w><w c5="POS" hw="'" pos="UNC">' </w><w c5="NN1" hw="battle" pos="SUBST">battle </w><w c5="VBD" hw="be" pos="VERB">was </w><mw c5="AV0"><w c5="PRP" hw="in" pos="PREP">in </w><w c5="AJ0" hw="vain" pos="ADJ">vain </w></mw><w c5="CJC" hw="and" pos="CONJ">and </w><w c5="NP0" hw="tim" pos="SUBST">Tim </w><w c5="VVD" hw="die" pos="VERB">died </w><w c5="CJC" hw="but" pos="CONJ">but </w><w c5="AV0" hw="now" pos="ADV">now </w><w c5="AT0" hw="the" pos="ART">the </w><w c5="AJ0" hw="computed" pos="ADJ">Computed </w><w c5="NN1-NP0" hw="tomograph" pos="SUBST">Tomograph </w><c c5="PUL">(</c><w c5="NP0-NN1" hw="ct" pos="SUBST">CT</w><c c5="PUR">) </c><w c5="NN1" hw="scanner" pos="SUBST">Scanner </w><w c5="VBZ" hw="be" pos="VERB">is </w><w c5="TO0" hw="to" pos="PREP">to </w><w c5="VBI" hw="be" pos="VERB">be </w><w c5="VVN" hw="name" pos="VERB">named </w><w c5="PRP" hw="after" pos="PREP">after </w><w c5="PNP" hw="he" pos="PRON">him</w><c c5="PUN">.</c></s></p><p>
<s n="16"><w c5="PNP" hw="it" pos="PRON">It </w><w c5="VM0" hw="will" pos="VERB">will </w><w c5="VBI" hw="be" pos="VERB">be </w><w c5="AV0" hw="officially" pos="ADV">officially </w><w c5="VVN" hw="open" pos="VERB">opened </w><w c5="PRP" hw="by" pos="PREP">by </w><w c5="DPS" hw="he" pos="PRON">his </w><w c5="NN2" hw="parent" pos="SUBST">parents</w><c c5="PUN">, </c><w c5="NP0" hw="colin" pos="SUBST">Colin </w><w c5="CJC" hw="and" pos="CONJ">and </w><w c5="NP0" hw="wendy" pos="SUBST">Wendy </w><w c5="NP0" hw="parry" pos="SUBST">Parry</w><c c5="PUN">, </c><w c5="PRP" hw="at" pos="PREP">at </w><w c5="AT0" hw="a" pos="ART">a </w><w c5="AJ0" hw="special" pos="ADJ">special </w><w c5="NN1" hw="ceremony" pos="SUBST">ceremony </w><w c5="PRP" hw="at" pos="PREP">at </w><w c5="AT0" hw="the" pos="ART">the </w><w c5="NP0" hw="walton" pos="SUBST">Walton </w><w c5="NN1" hw="centre" pos="SUBST">Centre </w><w c5="PRP" hw="for" pos="PREP">for </w><w c5="NN1" hw="neurology" pos="SUBST">Neurology </w><w c5="CJC" hw="and" pos="CONJ">and </w><w c5="NN1" hw="neurosurgery" pos="SUBST">Neurosurgery</w><c c5="PUN">, </c><w c5="NP0" hw="liverpool" pos="SUBST">Liverpool</w><c c5="PUN">, </c><w c5="PRP" hw="on" pos="PREP">on </w><w c5="NP0" hw="june" pos="SUBST">June </w><w c5="CRD" hw="28" pos="ADJ">28</w><c c5="PUN">.</c></s></p><p>
<s n="17"><w c5="NN2" hw="representative" pos="SUBST">Representatives </w><w c5="PRF" hw="of" pos="PREP">of </w><w c5="NP0" hw="everton" pos="SUBST">Everton </w><w c5="NN1" hw="football" pos="SUBST">Football </w><w c5="NN1" hw="club" pos="SUBST">Club </w><w c5="VBB" hw="be" pos="VERB">are </w><w c5="VVN-AJ0" hw="expect" pos="VERB">expected </w><w c5="TO0" hw="to" pos="PREP">to </w><w c5="VBI" hw="be" pos="VERB">be </w><w c5="AJ0" hw="present" pos="ADJ">present</w><c c5="PUN">.</c></s></p><p>
<s n="18"><w c5="NP0" hw="tim" pos="SUBST">Tim</w><c c5="PUN">, </c><w c5="PRP" hw="from" pos="PREP">from </w><w c5="AJ0" hw="great" pos="ADJ">Great </w><w c5="NP0-NN1" hw="sankey" pos="SUBST">Sankey</w><c c5="PUN">, </c><w c5="VBD" hw="be" pos="VERB">was </w><w c5="AT0" hw="a" pos="ART">a </w><w c5="AJ0" hw="dedicated" pos="ADJ">dedicated </w><w c5="NN1" hw="fan" pos="SUBST">fan </w><w c5="PRF" hw="of" pos="PREP">of </w><w c5="AT0" hw="the" pos="ART">the </w><w c5="NN1" hw="club" pos="SUBST">club </w><w c5="CJC" hw="and" pos="CONJ">and </w><w c5="VHD" hw="have" pos="VERB">had </w><w c5="VBN" hw="be" pos="VERB">been </w><w c5="VVG" hw="shop" pos="VERB">shopping </w><w c5="PRP" hw="for" pos="PREP">for </w><w c5="AT0" hw="an" pos="ART">an </w><w c5="NP0" hw="everton" pos="SUBST">Everton </w><w c5="NN1-VVB" hw="strip" pos="SUBST">strip </w><w c5="PRP" hw="on" pos="PREP">on </w><w c5="AT0" hw="the" pos="ART">the </w><w c5="NN1" hw="day" pos="SUBST">day </w><w c5="PRF" hw="of" pos="PREP">of </w><w c5="AT0" hw="the" pos="ART">the </w><w c5="NP0" hw="bridge" pos="SUBST">Bridge </w><w c5="NP0" hw="street" pos="SUBST">Street </w><w c5="NN1" hw="bombing" pos="SUBST">bombing</w><c c5="PUN">.</c></s></p><p>
<s n="19"><w c5="NN2" hw="player" pos="SUBST">Players </w><w c5="PNQ" hw="who" pos="PRON">who </w><w c5="VVD" hw="visit" pos="VERB">visited </w><w c5="PNP" hw="he" pos="PRON">him </w><w c5="PRP" hw="during" pos="PREP">during </w><w c5="DPS" hw="he" pos="PRON">his </w><w c5="AJ0" hw="final" pos="ADJ">final </w><w c5="NN2" hw="day" pos="SUBST">days </w><w c5="PRP" hw="in" pos="PREP">in </w><w c5="AT0" hw="the" pos="ART">the </w><w c5="NP0" hw="walton" pos="SUBST">Walton </w><w c5="NN1" hw="centre" pos="SUBST">Centre </w><w c5="VVD" hw="give" pos="VERB">gave </w><w c5="PNP" hw="he" pos="PRON">him </w><w c5="AT0" hw="an" pos="ART">an </w><w c5="NP0" hw="everton" pos="SUBST">Everton </w><w c5="NN1" hw="shirt" pos="SUBST">shirt </w><w c5="DTQ" hw="which" pos="PRON">which </w><w c5="VBD" hw="be" pos="VERB">was </w><w c5="AV0" hw="later" pos="ADV">later </w><w c5="VVN" hw="bury" pos="VERB">buried </w><w c5="PRP" hw="with" pos="PREP">with </w><w c5="PNP" hw="he" pos="PRON">him</w><c c5="PUN">.</c></s></p><p>
<s n="20"><w c5="AT0" hw="the" pos="ART">The </w><w c5="NP0" hw="philips" pos="SUBST">Philips </w><w c5="NN1" hw="tomascan" pos="SUBST">Tomascan </w><w c5="CRD" hw="lx" pos="ADJ">LX </w><w c5="NN1" hw="ct" pos="SUBST">CT </w><w c5="NN1" hw="scanner" pos="SUBST">Scanner </w><w c5="VHD" hw="have" pos="VERB">had </w><w c5="AV0" hw="only" pos="ADV">only </w><w c5="AV0" hw="just" pos="ADV">just </w><w c5="VBN" hw="be" pos="VERB">been </w><w c5="VVN" hw="install" pos="VERB">installed </w><w c5="PRP" hw="at" pos="PREP">at </w><w c5="NP0" hw="walton" pos="SUBST">Walton </w><w c5="CJS-AVQ" hw="when" pos="CONJ">when </w><w c5="AT0" hw="the" pos="ART">the </w><w c5="NN2" hw="bombing" pos="SUBST">bombings </w><w c5="VVD" hw="take" pos="VERB">took </w><w c5="NN1" hw="place" pos="SUBST">place</w><c c5="PUN">.</c></s></p><p>
<s n="21"><w c5="NP0" hw="tim" pos="SUBST">Tim </w><w c5="VBD" hw="be" pos="VERB">was </w><w c5="VVN" hw="transfer" pos="VERB">transferred </w><w c5="AV0" hw="there" pos="ADV">there </w><w c5="PRP" hw="from" pos="PREP">from </w><w c5="NP0" hw="warrington" pos="SUBST">Warrington </w><w c5="AJ0-NN1" hw="general" pos="ADJ">General </w><w c5="NN1" hw="hospital" pos="SUBST">Hospital </w><w c5="CJS" hw="so" pos="CONJ">so </w><w c5="PNP" hw="it" pos="PRON">it </w><w c5="VM0" hw="could" pos="VERB">could </w><w c5="VBI" hw="be" pos="VERB">be </w><w c5="VVN" hw="use" pos="VERB">used</w><c c5="PUN">.</c></s></p><p>
<s n="22"><w c5="AT0" hw="a" pos="ART">A </w><w c5="AJ0" hw="regional" pos="ADJ">Regional </w><w c5="NN1" hw="health" pos="SUBST">Health </w><w c5="NN1" hw="authority" pos="SUBST">Authority </w><w c5="NN1" hw="spokesman" pos="SUBST">spokesman </w><w c5="VVD" hw="say" pos="VERB">said</w><c c5="PUN">: </c><c c5="PUQ">‘</c><w c5="PNP" hw="it" pos="PRON">It </w><w c5="VBZ" hw="be" pos="VERB">is </w><w c5="AJ0" hw="superior" pos="ADJ">superior </w><w c5="PRP" hw="in" pos="PREP">in </w><w c5="NN1" hw="design" pos="SUBST">design </w><w c5="PRP" hw="to" pos="PREP">to </w><w c5="AJC" hw="old" pos="ADJ">older </w><w c5="NN2" hw="model" pos="SUBST">models</w><c c5="PUN">.</c></s>
<s n="23"><w c5="VVG-NN1" hw="image" pos="VERB">Imaging </w><w c5="NN1" hw="quality" pos="SUBST">quality </w><w c5="VHZ" hw="have" pos="VERB">has </w><w c5="VBN" hw="be" pos="VERB">been </w><w c5="AV0" hw="vastly" pos="ADV">vastly </w><w c5="VVN-AJ0" hw="improve" pos="VERB">improved </w><w c5="CJC" hw="and" pos="CONJ">and </w><w c5="AV0" hw="now" pos="ADV">now </w><w c5="VVZ" hw="include" pos="VERB">includes </w><w c5="AT0" hw="a" pos="ART">a </w><w c5="NN0" hw="3d" pos="SUBST">3D </w><w c5="NN1" hw="facility" pos="SUBST">facility</w><c c5="PUN">.</c><c c5="PUQ">’</c></s></p><p>
<s n="24"><w c5="PRP" hw="in" pos="PREP">In </w><w c5="AT0" hw="the" pos="ART">the </w><w c5="NN1" hw="meantime" pos="SUBST">meantime</w><c c5="PUN">, </c><w c5="AT0" hw="the" pos="ART">the </w><w c5="NN1" hw="tendering" pos="SUBST">tendering </w><w c5="NN1-VVB" hw="process" pos="SUBST">process </w><w c5="PRP" hw="for" pos="PREP">for </w><w c5="AT0" hw="the" pos="ART">the </w><w c5="NN1" hw="purchase" pos="SUBST">purchase </w><w c5="PRF" hw="of" pos="PREP">of </w><w c5="NP0" hw="warrington" pos="SUBST">Warrington</w><w c5="POS" hw="'s" pos="UNC">'s </w><w c5="DT0" hw="own" pos="ADJ">own </w><w c5="NN1" hw="ct" pos="SUBST">CT </w><w c5="NN1" hw="scanner" pos="SUBST">scanner </w><w c5="VHZ" hw="have" pos="VERB">has </w><w c5="VVN" hw="start" pos="VERB">started </w><w c5="PRP" hw="following" pos="PREP">following </w><w c5="AT0" hw="a" pos="ART">a </w><w c5="AJ0" hw="major" pos="ADJ">major </w><w c5="NN1" hw="boost" pos="SUBST">boost </w><w c5="PRP" hw="for" pos="PREP">for </w><w c5="NN2" hw="fund-raiser" pos="SUBST">fund-raisers </w><w c5="CJS-PRP" hw="since" pos="CONJ">since </w><w c5="AT0" hw="the" pos="ART">the </w><w c5="NN2" hw="bombing" pos="SUBST">bombings</w><c c5="PUN">.</c></s></p><p>
<s n="25"><w c5="NN1" hw="scanner" pos="SUBST">Scanner </w><w c5="NN1-VVB" hw="appeal" pos="SUBST">appeal </w><w c5="NN1" hw="co-ordinator" pos="SUBST">co-ordinator </w><w c5="NP0" hw="jack" pos="SUBST">Jack </w><w c5="NP0" hw="froggatt" pos="SUBST">Froggatt </w><w c5="VVD" hw="say" pos="VERB">said</w><c c5="PUN">: </c><c c5="PUQ">‘</c><w c5="AT0" hw="the" pos="ART">The </w><w c5="NN1" hw="town" pos="SUBST">town </w><w c5="NN1" hw="centre" pos="SUBST">centre </w><w c5="NN2" hw="bombing" pos="SUBST">bombings </w><w c5="VVD-VVN" hw="raise" pos="VERB">raised </w><w c5="NN1" hw="awareness" pos="SUBST">awareness </w><w c5="PRF" hw="of" pos="PREP">of </w><w c5="AT0" hw="the" pos="ART">the </w><w c5="NN1" hw="need" pos="SUBST">need </w><w c5="PRP" hw="for" pos="PREP">for </w><w c5="AT0" hw="a" pos="ART">a </w><w c5="NN1" hw="scanner" pos="SUBST">scanner </w><w c5="PRP" hw="in" pos="PREP">in </w><w c5="NP0" hw="warrington" pos="SUBST">Warrington </w><w c5="CJC" hw="and" pos="CONJ">and </w><w c5="NN1" hw="money" pos="SUBST">money </w><w c5="VHZ" hw="have" pos="VERB">has </w><w c5="VBN" hw="be" pos="VERB">been </w><w c5="VVG" hw="come" pos="VERB">coming </w><w c5="AVP-PRP" hw="in" pos="ADV">in </w><w c5="AV0" hw="much" pos="ADV">much </w><w c5="AV0" hw="quicker" pos="ADV">quicker </w><w c5="PRP" hw="since" pos="PREP">since </w><w c5="AV0" hw="then" pos="ADV">then</w><c c5="PUN">.</c><c c5="PUQ">’</c></s></p><p>
<s n="26"><w c5="PNP" hw="it" pos="PRON">It </w><w c5="VBZ" hw="be" pos="VERB">is </w><w c5="AV0" hw="now" pos="ADV">now </w><w c5="VVN" hw="hope" pos="VERB">hoped </w><w c5="TO0" hw="to" pos="PREP">to </w><w c5="VVI" hw="reach" pos="VERB">reach </w><w c5="AT0" hw="the" pos="ART">the </w><w c5="NN0" hw="£1m" pos="UNC">£1m </w><w c5="NN1" hw="target" pos="SUBST">target </w><w c5="PRP" hw="by" pos="PREP">by </w><w c5="AT0" hw="the" pos="ART">the </w><w c5="NN1" hw="autumn" pos="SUBST">autumn</w><c c5="PUN">.</c></s>
<s n="27"><w c5="AT0" hw="the" pos="ART">The </w><w c5="NN2" hw="trustee" pos="SUBST">trustees </w><w c5="VVG" hw="administer" pos="VERB">administering </w><w c5="AT0" hw="the" pos="ART">the </w><w c5="NN1" hw="appeal" pos="SUBST">appeal </w><w c5="NN1" hw="fund" pos="SUBST">fund </w><w c5="VVD-VVN" hw="set" pos="VERB">set </w><w c5="AVP" hw="up" pos="ADV">up </w><w c5="PRP" hw="for" pos="PREP">for </w><w c5="NN2" hw="victim" pos="SUBST">victims </w><w c5="PRF" hw="of" pos="PREP">of </w><w c5="AT0" hw="the" pos="ART">the </w><w c5="NN2" hw="bombing" pos="SUBST">bombings </w><w c5="VHB" hw="have" pos="VERB">have </w><w c5="AV0" hw="now" pos="ADV">now </w><w c5="VVN" hw="approve" pos="VERB">approved </w><w c5="AT0" hw="the" pos="ART">the </w><w c5="NN1" hw="design" pos="SUBST">design </w><w c5="PRF" hw="of" pos="PREP">of </w><w c5="AT0" hw="a" pos="ART">a </w><w c5="NN1" hw="memorial" pos="SUBST">memorial </w><w c5="TO0" hw="to" pos="PREP">to </w><w c5="VBI" hw="be" pos="VERB">be </w><w c5="VVN" hw="place" pos="VERB">placed </w><w c5="PRP" hw="in" pos="PREP">in </w><w c5="NP0" hw="bridge" pos="SUBST">Bridge </w><w c5="NP0" hw="street" pos="SUBST">Street </w><w c5="PRP" hw="at" pos="PREP">at </w><w c5="AT0" hw="the" pos="ART">the </w><w c5="NN1" hw="scene" pos="SUBST">scene </w><w c5="PRF" hw="of" pos="PREP">of </w><w c5="AT0" hw="the" pos="ART">the </w><w c5="NN1" hw="atrocity" pos="SUBST">atrocity</w><c c5="PUN">.</c></s></p><p type="caption">
<s n="28"><w c5="VVD-VVN" hw="remember" pos="VERB">Remembered</w><c c5="PUN">: </c><w c5="NP0" hw="tim" pos="SUBST">Tim </w><w c5="NP0" hw="parry" pos="SUBST">Parry</w></s></p></div></wtext></bncDoc>
