<bncDoc xml:id="K5B"><teiHeader><fileDesc><titleStmt><title>  The Scotsman: Applied Science pages. Sample containing about 362 words from a periodical (domain: natural sciences) </title><respStmt><resp> Data capture and transcription </resp><name> Oxford University Press </name> </respStmt></titleStmt><editionStmt><edition>BNC XML Edition, December 2006</edition></editionStmt><extent> 362 tokens; 370 w-units; 18 s-units </extent><publicationStmt><distributor>Distributed under licence by Oxford University Computing Services on behalf of the BNC Consortium.</distributor><availability> This material is protected by international copyright laws and may not be copied or redistributed in any way. Consult the BNC Web Site at http://www.natcorp.ox.ac.uk for full licencing and distribution conditions.</availability><idno type="bnc">K5B</idno><idno type="old"> SaPurS </idno></publicationStmt><sourceDesc><bibl><title>The Scotsman: Applied Science pages.</title> <imprint><publisher>u.p.</publisher> </imprint> </bibl></sourceDesc></fileDesc><encodingDesc><tagsDecl><namespace name=""><tagUsage gi="c" occurs="67"/><tagUsage gi="div" occurs="2"/><tagUsage gi="head" occurs="1"/><tagUsage gi="mw" occurs="6"/><tagUsage gi="p" occurs="10"/><tagUsage gi="s" occurs="18"/><tagUsage gi="w" occurs="370"/></namespace></tagsDecl></encodingDesc><profileDesc><creation date="0000">0000-00-00 Origination/creation date not known </creation><textClass><catRef targets="alltim3 news  wriase0  wridom2   wrista0 "/><classCode scheme="DLEE">W newsp other: science</classCode><keywords><term> (none) </term></keywords></textClass></profileDesc><revisionDesc><change date="2006-10-21" who="#OUCS">Tag usage updated for BNC-XML</change><change date="2000-12-13" who="#OUCS">Last check for BNC World first release</change><change date="2000-09-01" who="#OUCS">Check all tagcounts</change><change date="2000-06-23" who="#OUCS">Resequenced s-units and added headers</change><change date="2000-01-21" who="#OUCS">Added date info</change><change date="2000-01-09" who="#OUCS">Updated all catrefs</change><change date="2000-01-08" who="#OUCS">Updated source title</change><change date="2000-01-08" who="#OUCS">Updated titles</change><change date="1999-12-25" who="#OUCS">corrected tagUsage</change><change date="1999-09-16" who="#UCREL">POS codes revised for BNC-2; header updated</change><change date="1994-11-26" who="#dominic">Initial accession to corpus</change></revisionDesc></teiHeader>
<wtext type="NEWS"><div level="1"><p>
<s n="1"><w c5="PRP" hw="regarding" pos="PREP">Regarding </w><w c5="DPS" hw="you" pos="PRON">your </w><w c5="NN1" hw="editorial" pos="SUBST">editorial </w><w c5="AV0" hw="today" pos="ADV">today</w><c c5="PUN">, </c><c c5="PUQ">‘</c><w c5="AJ0" hw="holy" pos="ADJ">Holy </w><w c5="NN1" hw="bat-poo" pos="SUBST">bat-poo</w><c c5="PUQ">’</c><c c5="PUN">, </c><w c5="ORD" hw="first" pos="ADJ">first</w><c c5="PUN">, </c><w c5="NN2" hw="bat" pos="SUBST">bats </w><w c5="VBB" hw="be" pos="VERB">are </w><w c5="XX0" hw="not" pos="ADV">not </w><c c5="PUQ">‘</c><w c5="AJ0-AV0" hw="dirty" pos="ADJ">dirty </w><w c5="AJ0-AV0" hw="little" pos="ADJ">little </w><w c5="AJ0-NN1" hw="flying" pos="ADJ">flying </w><w c5="NN2" hw="mouse" pos="SUBST">mice</w><c c5="PUQ">’</c><c c5="PUN">.</c></s>
<s n="2"><w c5="AJ0" hw="british" pos="ADJ">British </w><w c5="NN2" hw="bat" pos="SUBST">bats </w><w c5="VBB" hw="be" pos="VERB">are </w><w c5="AJ0" hw="small" pos="ADJ">small</w><c c5="PUN">, </c><w c5="AJ0" hw="nocturnal" pos="ADJ">nocturnal</w><c c5="PUN">, </c><w c5="VVG-NN1" hw="fly" pos="VERB">flying</w><c c5="PUN">, </c><w c5="AJ0" hw="insect-eating" pos="ADJ">insect-eating </w><w c5="NN2" hw="mammal" pos="SUBST">mammals </w><w c5="PRF" hw="of" pos="PREP">of </w><w c5="AT0" hw="the" pos="ART">the </w><w c5="NN1" hw="order" pos="SUBST">order </w><w c5="NP0-NN1" hw="chiroptera" pos="SUBST">Chiroptera</w><c c5="PUN">, </c><w c5="XX0" hw="not" pos="ADV">not </w><w c5="NP0" hw="rodentia" pos="SUBST">Rodentia</w><c c5="PUN">.</c></s></p><p>
<s n="3"><w c5="PRP" hw="as" pos="PREP">As </w><w c5="DT0" hw="such" pos="ADJ">such</w><c c5="PUN">, </c><w c5="PNP" hw="they" pos="PRON">they </w><w c5="VDB" hw="do" pos="VERB">do</w><w c5="XX0" hw="not" pos="ADV">n't </w><w c5="VVI" hw="make" pos="VERB">make </w><w c5="NN2" hw="nest" pos="SUBST">nests</w><c c5="PUN">, </c><w c5="PNP" hw="they" pos="PRON">they </w><w c5="VDB" hw="do" pos="VERB">do</w><w c5="XX0" hw="not" pos="ADV">n't </w><w c5="VVI" hw="chew" pos="VERB">chew </w><w c5="NN1" hw="wood" pos="SUBST">wood</w><c c5="PUN">, </c><w c5="PNP" hw="they" pos="PRON">they </w><w c5="VDB" hw="do" pos="VERB">do</w><w c5="XX0" hw="not" pos="ADV">n't </w><w c5="VVI" hw="eat" pos="VERB">eat </w><w c5="NN1" hw="bread" pos="SUBST">bread </w><w c5="CJC" hw="and" pos="CONJ">and </w><w c5="PNP" hw="they" pos="PRON">they </w><w c5="VDB" hw="do" pos="VERB">do</w><w c5="XX0" hw="not" pos="ADV">n't </w><w c5="VVI" hw="carry" pos="VERB">carry </w><w c5="AJ0" hw="significant" pos="ADJ">significant </w><w c5="NN1" hw="health" pos="SUBST">health </w><w c5="NN2" hw="risk" pos="SUBST">risks</w><c c5="PUN">.</c></s>
<s n="4"><w c5="AT0" hw="the" pos="ART">The </w><w c5="NN1" hw="bat" pos="SUBST">Bat </w><w c5="NN1-AJ0" hw="conservation" pos="SUBST">Conservation </w><w c5="NN1" hw="trust" pos="SUBST">Trust </w><w c5="VBD" hw="be" pos="VERB">was </w><w c5="VVN" hw="set" pos="VERB">set </w><w c5="AVP" hw="up" pos="ADV">up </w><w c5="TO0" hw="to" pos="PREP">to </w><w c5="VVI" hw="provide" pos="VERB">provide </w><w c5="DT0" hw="such" pos="ADJ">such </w><w c5="NN2" hw="fact" pos="SUBST">facts </w><w c5="PRP" hw="on" pos="PREP">on </w><w c5="NN2" hw="bat" pos="SUBST">bats </w><c c5="PUL">(</c><w c5="XX0" hw="not" pos="ADV">not </w><w c5="AJ0" hw="ill-informed" pos="ADJ">ill-informed </w><w c5="NN2" hw="opinion" pos="SUBST">opinions </w><w c5="CJS" hw="as" pos="CONJ">as </w><w c5="PRP" hw="in" pos="PREP">in </w><w c5="DPS" hw="you" pos="PRON">your </w><w c5="NN1" hw="editorial" pos="SUBST">editorial</w><c c5="PUR">) </c><mw c5="CJS"><w c5="AV0" hw="so" pos="ADV">so </w><w c5="CJT" hw="that" pos="CONJ">that </w></mw><w c5="NN0" hw="people" pos="SUBST">people </w><w c5="VM0" hw="could" pos="VERB">could </w><w c5="VVI" hw="make" pos="VERB">make </w><w c5="NN2" hw="judgment" pos="SUBST">judgments </w><w c5="PRP" hw="for" pos="PREP">for </w><w c5="PNX" hw="themselves" pos="PRON">themselves</w><c c5="PUN">.</c></s></p><p>
<s n="5"><w c5="NP0" hw="david" pos="SUBST">David </w><w c5="NP0" hw="attenborough" pos="SUBST">Attenborough </w><w c5="VHZ" hw="have" pos="VERB">has </w><w c5="VVN" hw="produce" pos="VERB">produced </w><w c5="AJ0" hw="great" pos="ADJ">great</w><c c5="PUN">, </c><w c5="AJ0" hw="factual" pos="ADJ">factual</w><c c5="PUN">, </c><w c5="NN1" hw="wildlife" pos="SUBST">wildlife </w><w c5="NN2" hw="programme" pos="SUBST">programmes </w><w c5="AV0" hw="yet" pos="ADV">yet </w><w c5="PNP" hw="he" pos="PRON">he </w><w c5="VBZ" hw="be" pos="VERB">is </w><w c5="AV0" hw="only" pos="ADV">only </w><w c5="AT0" hw="the" pos="ART">the </w><w c5="NN1" hw="spokesman" pos="SUBST">spokesman </w><w c5="PRP" hw="for" pos="PREP">for </w><w c5="AT0" hw="the" pos="ART">the </w><w c5="NN1" hw="work" pos="SUBST">work </w><w c5="PRF" hw="of" pos="PREP">of </w><w c5="AT0" hw="the" pos="ART">the </w><w c5="CRD" hw="thousands" pos="ADJ">thousands </w><w c5="PRF" hw="of" pos="PREP">of </w><w c5="NN2" hw="scientist" pos="SUBST">scientists</w><c c5="PUN">, </c><w c5="NN2" hw="researcher" pos="SUBST">researchers</w><c c5="PUN">, </c><w c5="NN2" hw="naturalist" pos="SUBST">naturalists</w><c c5="PUN">, </c><w c5="CJC" hw="and" pos="CONJ">and</w><c c5="PUN">, </c><w c5="ITJ" hw="yes" pos="INTERJ">yes</w><c c5="PUN">, </c><w c5="NN2" hw="organisation" pos="SUBST">organisations </w><w c5="PRP" hw="like" pos="PREP">like </w><w c5="AT0" hw="the" pos="ART">the </w><w c5="NN1" hw="trust" pos="SUBST">trust</w><c c5="PUN">, </c><w c5="PRP" hw="without" pos="PREP">without </w><w c5="DTQ" hw="which" pos="PRON">which </w><w c5="AT0" hw="no" pos="ART">no </w><w c5="NN2" hw="programme" pos="SUBST">programmes </w><w c5="VM0" hw="could" pos="VERB">could </w><w c5="VBI" hw="be" pos="VERB">be </w><w c5="VVN" hw="make" pos="VERB">made</w><c c5="PUN">.</c></s>
<s n="6"><w c5="PNP" hw="i" pos="PRON">I </w><w c5="VVB" hw="recommend" pos="VERB">recommend </w><w c5="PNP" hw="you" pos="PRON">you </w><w c5="TO0" hw="to" pos="PREP">to </w><w c5="VVI" hw="contact" pos="VERB">contact </w><w c5="AT0" hw="the" pos="ART">the </w><w c5="NN1" hw="trust" pos="SUBST">trust </w><w c5="PRP" hw="for" pos="PREP">for </w><w c5="NN1" hw="information" pos="SUBST">information </w><c c5="PUL">(</c><w c5="VVG" hw="enclose" pos="VERB">enclosing </w><w c5="AT0" hw="a" pos="ART">a </w><w c5="NN1" hw="donation" pos="SUBST">donation</w><c c5="PUR">) </c><w c5="CJC" hw="and" pos="CONJ">and </w><w c5="VVB" hw="rewrite" pos="VERB">rewrite </w><w c5="DPS" hw="you" pos="PRON">your </w><w c5="NN1" hw="editorial" pos="SUBST">editorial</w><c c5="PUN">.</c></s></p><p>
<s n="7"><w c5="CJS" hw="if" pos="CONJ">If </w><w c5="PNP" hw="you" pos="PRON">you </w><w c5="VBB" hw="be" pos="VERB">are </w><w c5="AV0-AJ0" hw="still" pos="ADV">still </w><w c5="AJ0-NN1" hw="anti-bat" pos="ADJ">anti-bat</w><c c5="PUN">, </c><w c5="AV0" hw="so" pos="ADV">so </w><w c5="VBB" hw="be" pos="VERB">be </w><w c5="PNP" hw="it" pos="PRON">it</w><c c5="PUN">, </c><w c5="CJC" hw="but" pos="CONJ">but </w><mw c5="AV0"><w c5="PRP" hw="at" pos="PREP">at </w><w c5="AV0" hw="least" pos="ADV">least </w></mw><w c5="PNP" hw="you" pos="PRON">you </w><w c5="VM0" hw="will" pos="VERB">will </w><w c5="VHI" hw="have" pos="VERB">have </w><w c5="VVN" hw="come" pos="VERB">come </w><w c5="PRP" hw="to" pos="PREP">to </w><w c5="AT0" hw="an" pos="ART">an </w><w c5="AJ0" hw="informed" pos="ADJ">informed </w><w c5="NN1" hw="conclusion" pos="SUBST">conclusion</w><c c5="PUN">.</c></s></p></div><div level="1"><head>
<s n="8"><w c5="AJ0" hw="harmless" pos="ADJ">Harmless </w><w c5="NN1" hw="bat" pos="SUBST">bat</w></s></head><p>
<s n="9"><w c5="AV0" hw="well" pos="ADV">Well</w><c c5="PUN">, </c><mw c5="AV0"><w c5="AV0" hw="all" pos="ADV">all </w><w c5="AV0" hw="right" pos="ADV">right</w></mw><c c5="PUN">, </c><w c5="DPS" hw="you" pos="PRON">your </w><w c5="AJ0" hw="editorial" pos="ADJ">editorial </w><c c5="PUQ">‘</c><w c5="AJ0" hw="holy" pos="ADJ">Holy </w><w c5="NN1" hw="bat-poo" pos="SUBST">bat-poo</w><c c5="PUQ">’</c><c c5="PUL">(</c><w c5="CRD" hw="18" pos="ADJ">18 </w><w c5="NP0" hw="february" pos="SUBST">February</w><c c5="PUR">) </c><w c5="VBZ" hw="be" pos="VERB">is</w><w c5="XX0" hw="not" pos="ADV">n't </w><w c5="VVN" hw="mean" pos="VERB">meant </w><w c5="TO0" hw="to" pos="PREP">to </w><w c5="VBI" hw="be" pos="VERB">be </w><w c5="VVN" hw="take" pos="VERB">taken </w><w c5="AV0" hw="too" pos="ADV">too </w><w c5="AV0" hw="seriously" pos="ADV">seriously</w><c c5="PUN">, </c><w c5="CJC" hw="but" pos="CONJ">but </w><w c5="AVQ" hw="why" pos="ADV">why </w><w c5="VVI" hw="vilify" pos="VERB">vilify </w><w c5="AT0" hw="the" pos="ART">the </w><w c5="AJ0" hw="harmless" pos="ADJ">harmless </w><w c5="NN1" hw="bat" pos="SUBST">bat</w><c c5="PUN">?</c></s>
<s n="10"><w c5="AV0" hw="far" pos="ADV">Far </w><w c5="PRP" hw="from" pos="PREP">from </w><w c5="VBG" hw="be" pos="VERB">being </w><c c5="PUQ">‘</c><w c5="AJ0" hw="dirty" pos="ADJ">dirty</w><c c5="PUQ">’ </c><w c5="CJC" hw="and" pos="CONJ">and </w><c c5="PUQ">‘</c><w c5="AJ0" hw="unsavoury" pos="ADJ">unsavoury</w><c c5="PUQ">’</c><w c5="PNP" hw="it" pos="PRON">it </w><w c5="VVZ" hw="spend" pos="VERB">spends </w><w c5="AV0" hw="as" pos="ADV">as </w><w c5="DT0" hw="much" pos="ADJ">much </w><w c5="NN1" hw="time" pos="SUBST">time </w><w c5="VVG" hw="groom" pos="VERB">grooming </w><w c5="DPS" hw="it" pos="PRON">its </w><w c5="NN1" hw="fur" pos="SUBST">fur </w><w c5="CJS" hw="as" pos="CONJ">as </w><w c5="DT0" hw="any" pos="ADJ">any </w><w c5="AJ0" hw="fastidious" pos="ADJ">fastidious </w><w c5="NN1" hw="cat" pos="SUBST">cat</w><c c5="PUN">.</c></s></p><p>
<s n="11"><w c5="NN1-VVB" hw="bat" pos="SUBST">Bat </w><w c5="NN2" hw="dropping" pos="SUBST">droppings </w><w c5="VBB" hw="be" pos="VERB">are </w><w c5="AJ0" hw="tiny" pos="ADJ">tiny</w><c c5="PUN">, </c><w c5="CJC" hw="and" pos="CONJ">and </w><w c5="VVB" hw="comprise" pos="VERB">comprise </w><w c5="AV0" hw="only" pos="ADV">only </w><w c5="AT0" hw="the" pos="ART">the </w><w c5="NN2" hw="wing" pos="SUBST">wings </w><w c5="CJC" hw="and" pos="CONJ">and </w><w c5="AJ0" hw="hard" pos="ADJ">hard </w><w c5="NN2" hw="part" pos="SUBST">parts </w><w c5="PRF" hw="of" pos="PREP">of </w><w c5="AT0" hw="the" pos="ART">the </w><w c5="NN2" hw="insect" pos="SUBST">insects </w><w c5="DTQ" hw="which" pos="PRON">which </w><w c5="NN2-VVZ" hw="bat" pos="SUBST">bats </w><w c5="VVB" hw="eat" pos="VERB">eat</w><c c5="PUN">.</c></s>
<s n="12"><w c5="CJS" hw="if" pos="CONJ">If </w><w c5="AJ0" hw="anglican" pos="ADJ">Anglican </w><w c5="NN2" hw="vicar" pos="SUBST">vicars </w><w c5="VHB" hw="have" pos="VERB">have </w><w c5="VVN" hw="leave" pos="VERB">left </w><w c5="NN1" hw="bat" pos="SUBST">bat </w><w c5="NN2" hw="dropping" pos="SUBST">droppings </w><w c5="TO0" hw="to" pos="PREP">to </w><w c5="VVI" hw="accumulate" pos="VERB">accumulate </w><w c5="PRP" hw="for" pos="PREP">for </w><w c5="AV0" hw="so" pos="ADV">so </w><w c5="AJ0-AV0" hw="long" pos="ADJ">long </w><w c5="CJT" hw="that" pos="CONJ">that </w><w c5="DPS" hw="they" pos="PRON">their </w><w c5="NN2" hw="ceiling" pos="SUBST">ceilings </w><w c5="VBB" hw="be" pos="VERB">are </w><w c5="VVG" hw="sag" pos="VERB">sagging</w><c c5="PUN">, </c><w c5="PNP" hw="they" pos="PRON">they </w><w c5="VHB" hw="have" pos="VERB">have </w><w c5="AV0" hw="only" pos="ADV">only </w><w c5="PNX" hw="themselves" pos="PRON">themselves </w><w c5="TO0" hw="to" pos="PREP">to </w><w c5="VVI" hw="blame" pos="VERB">blame</w><c c5="PUN">.</c></s></p><p>
<s n="13"><w c5="DT0" hw="all" pos="ADJ">All </w><w c5="PNP" hw="they" pos="PRON">they </w><w c5="VVB" hw="need" pos="VERB">need </w><w c5="TO0" hw="to" pos="PREP">to </w><w c5="VDI" hw="do" pos="VERB">do </w><w c5="VBZ" hw="be" pos="VERB">is </w><w c5="VVI" hw="go" pos="VERB">go </w><mw c5="PRP"><w c5="AVP" hw="up" pos="ADV">up </w><w c5="PRP" hw="to" pos="PREP">to </w></mw><w c5="AT0" hw="the" pos="ART">the </w><w c5="NN1" hw="loft" pos="SUBST">loft </w><w c5="AV0" hw="once" pos="ADV">once </w><w c5="AT0" hw="a" pos="ART">a </w><w c5="NN1" hw="year" pos="SUBST">year </w><w c5="CJC" hw="and" pos="CONJ">and </w><w c5="VVB" hw="shovel" pos="VERB">shovel </w><w c5="PNP" hw="they" pos="PRON">them </w><w c5="PRP" hw="into" pos="PREP">into </w><w c5="AT0" hw="a" pos="ART">a </w><w c5="NN1" hw="polythene" pos="SUBST">polythene </w><w c5="NN1" hw="bag" pos="SUBST">bag</w><c c5="PUN">; </c><w c5="PNP" hw="they" pos="PRON">they </w><w c5="VVB" hw="make" pos="VERB">make </w><w c5="AJ0" hw="excellent" pos="ADJ">excellent </w><w c5="NN1" hw="compost" pos="SUBST">compost</w><c c5="PUN">.</c></s></p><p>
<s n="14"><w c5="PNP" hw="it" pos="PRON">It </w><w c5="VBZ" hw="be" pos="VERB">is </w><w c5="AJ0" hw="typical" pos="ADJ">typical </w><w c5="PRF" hw="of" pos="PREP">of </w><w c5="AT0" hw="the" pos="ART">the </w><w c5="AJ0" hw="rampant" pos="ADJ">rampant </w><w c5="NN1" hw="speciesism" pos="SUBST">speciesism </w><w c5="PRF" hw="of" pos="PREP">of </w><mw c5="NN1"><w c5="UNC" hw="homo" pos="UNC">Homo </w><w c5="UNC" hw="sapiens" pos="UNC">sapiens</w></mw><c c5="PUN">, </c><w c5="AV0" hw="relentlessly" pos="ADV">relentlessly </w><w c5="VVG" hw="poison" pos="VERB">poisoning </w><w c5="AT0" hw="the" pos="ART">the </w><w c5="NN1" hw="planet" pos="SUBST">planet </w><w c5="PRP" hw="with" pos="PREP">with </w><w c5="DPS" hw="it" pos="PRON">its </w><w c5="DT0" hw="own" pos="ADJ">own </w><w c5="AV0" hw="far" pos="ADV">far </w><w c5="AV0" hw="more" pos="ADV">more </w><w c5="AJ0" hw="disgusting" pos="ADJ">disgusting </w><w c5="NN2" hw="waste" pos="SUBST">wastes</w><c c5="PUN">, </c><w c5="CJT" hw="that" pos="CONJ">that </w><w c5="AT0" hw="the" pos="ART">the </w><w c5="NN1" hw="writer" pos="SUBST">writer </w><w c5="PRF" hw="of" pos="PREP">of </w><w c5="DPS" hw="you" pos="PRON">your </w><w c5="NN1" hw="editorial" pos="SUBST">editorial </w><w c5="VM0" hw="should" pos="VERB">should </w><w c5="VVI" hw="perceive" pos="VERB">perceive </w><w c5="AJ0" hw="clerical" pos="ADJ">clerical </w><w c5="NN1" hw="inertia" pos="SUBST">inertia </w><w c5="PRP" hw="as" pos="PREP">as </w><w c5="AT0" hw="a" pos="ART">a </w><w c5="NN1" hw="bat" pos="SUBST">bat </w><w c5="NN1" hw="problem" pos="SUBST">problem</w><c c5="PUN">.</c></s></p><p>
<s n="15"><w c5="PNP" hw="we" pos="PRON">We </w><w c5="VVB" hw="share" pos="VERB">share </w><w c5="DPS" hw="we" pos="PRON">our </w><w c5="NN1" hw="roof-space" pos="SUBST">roof-space </w><w c5="PRP" hw="from" pos="PREP">from </w><w c5="NP0" hw="april" pos="SUBST">April </w><w c5="PRP" hw="to" pos="PREP">to </w><w c5="NP0" hw="september" pos="SUBST">September </w><w c5="PRP" hw="with" pos="PREP">with </w><w c5="DT0" hw="several" pos="ADJ">several </w><w c5="CRD" hw="hundreds" pos="ADJ">hundreds </w><w c5="PRF" hw="of" pos="PREP">of </w><w c5="NN2" hw="pipistrelle" pos="SUBST">pipistrelles</w><c c5="PUN">, </c><w c5="CRD" hw="one" pos="ADJ">one </w><w c5="PRF" hw="of" pos="PREP">of </w><w c5="CRD" hw="five" pos="ADJ">five </w><w c5="AJ0" hw="different" pos="ADJ">different </w><w c5="NN0" hw="species" pos="SUBST">species </w><w c5="VVG" hw="occur" pos="VERB">occurring </w><w c5="PRP" hw="in" pos="PREP">in </w><w c5="NP0" hw="scotland" pos="SUBST">Scotland</w><c c5="PUN">, </c><w c5="DTQ" hw="which" pos="PRON">which </w><w c5="DPS" hw="you" pos="PRON">your </w><w c5="NN1" hw="writer" pos="SUBST">writer </w><w c5="AV0" hw="carelessly" pos="ADV">carelessly </w><w c5="NN2-VVZ" hw="lump" pos="SUBST">lumps </w><w c5="AV0" hw="together" pos="ADV">together </w><w c5="PRP" hw="as" pos="PREP">as </w><c c5="PUQ">‘</c><w c5="AT0" hw="the" pos="ART">the </w><w c5="AJ0" hw="appalling" pos="ADJ">appalling </w><w c5="AJ0" hw="british" pos="ADJ">British </w><w c5="NN1" hw="bat" pos="SUBST">bat</w><c c5="PUQ">’</c><c c5="PUN">.</c></s>
<s n="16"><w c5="DPS" hw="we" pos="PRON">Our </w><w c5="NN2" hw="bat" pos="SUBST">bats </w><w c5="VBB" hw="be" pos="VERB">are </w><w c5="AT0" hw="no" pos="ART">no </w><w c5="NN1" hw="trouble" pos="SUBST">trouble </w><mw c5="AV0"><w c5="PRP" hw="at" pos="PREP">at </w><w c5="DT0" hw="all" pos="ADJ">all</w></mw><c c5="PUN">.</c></s></p><p>
<s n="17"><w c5="PRP" hw="on" pos="PREP">On </w><w c5="AT0" hw="the" pos="ART">the </w><w c5="NN1" hw="contrary" pos="SUBST">contrary</w><c c5="PUN">, </c><w c5="PNP" hw="they" pos="PRON">they </w><w c5="VVB" hw="add" pos="VERB">add </w><w c5="PRP" hw="to" pos="PREP">to </w><w c5="AT0" hw="the" pos="ART">the </w><w c5="NN1" hw="pleasure" pos="SUBST">pleasure </w><w c5="PRF" hw="of" pos="PREP">of </w><w c5="NN1" hw="summer" pos="SUBST">summer </w><w c5="NN2" hw="evening" pos="SUBST">evenings</w><c c5="PUN">.</c></s>
<s n="18"><w c5="PNP" hw="they" pos="PRON">They </w><w c5="AV0" hw="also" pos="ADV">also </w><w c5="VVB" hw="eat" pos="VERB">eat </w><w c5="AV0" hw="about" pos="ADV">about </w><w c5="CRD" hw="3,000" pos="ADJ">3,000 </w><w c5="NN2" hw="midge" pos="SUBST">midges </w><w c5="AT0" hw="a" pos="ART">a </w><w c5="NN1" hw="night" pos="SUBST">night </w><w c5="DT0" hw="each" pos="ADJ">each</w><c c5="PUN">, </c><w c5="AT0" hw="a" pos="ART">a </w><w c5="NN1" hw="contribution" pos="SUBST">contribution </w><w c5="PRP" hw="to" pos="PREP">to </w><w c5="AJ0" hw="scottish" pos="ADJ">Scottish </w><w c5="NN1" hw="life" pos="SUBST">life </w><w c5="DTQ" hw="which" pos="PRON">which </w><w c5="PNP" hw="it" pos="PRON">it </w><w c5="VBZ" hw="be" pos="VERB">is </w><w c5="AJ0" hw="churlish" pos="ADJ">churlish </w><w c5="PRF" hw="of" pos="PREP">of </w><w c5="PNP" hw="you" pos="PRON">you </w><w c5="XX0" hw="not" pos="ADV">not </w><w c5="TO0" hw="to" pos="PREP">to </w><w c5="VVI" hw="acknowledge" pos="VERB">acknowledge</w><c c5="PUN">!</c></s></p></div></wtext></bncDoc>
