<bncDoc xml:id="KDF"><teiHeader><fileDesc><titleStmt><title>  8 conversations recorded by `Pamela' (PS0M6) between 31 January and 4 February 1992 with 4 interlocutors, totalling 349 s-units, 1359 words, and 16 minutes 59 seconds of recordings. </title><respStmt><resp> Data capture and transcription </resp><name> Longman ELT </name> </respStmt></titleStmt><editionStmt><edition>BNC XML Edition, December 2006</edition></editionStmt><extent> 1372 tokens; 1472 w-units; 349 s-units </extent><publicationStmt><distributor>Distributed under licence by Oxford University Computing Services on behalf of the BNC Consortium.</distributor><availability> This material is protected by international copyright laws and may not be copied or redistributed in any way. Consult the BNC Web Site at http://www.natcorp.ox.ac.uk for full licencing and distribution conditions.</availability><idno type="bnc">KDF</idno><idno type="old"> XPa0M6 </idno></publicationStmt><sourceDesc><recordingStmt><recording xml:id="KDFRE000" n="063501" dur="124" date="1992-01-31" time="15:00+" type="Walkman"/><recording xml:id="KDFRE001" n="063502" dur="68" date="1992-01-31" time="15:00+" type="Walkman"/><recording xml:id="KDFRE002" n="063505" dur="8" date="1992-02-02" time="17:00+" type="Walkman"/><recording xml:id="KDFRE003" n="063506" dur="121" date="1992-02-02" time="17:00+" type="Walkman"/><recording xml:id="KDFRE004" n="063507" dur="209" date="1992-02-02" time="17:00+" type="Walkman"/><recording xml:id="KDFRE005" n="063508" dur="154" date="1992-02-02" time="17:00+" type="Walkman"/><recording xml:id="KDFRE006" n="063602" dur="24" date="1992-02-04" time="11:00+" type="Walkman"/><recording xml:id="KDFRE007" n="063603" dur="311" date="1992-02-04" time="11:00+" type="Walkman"/></recordingStmt></sourceDesc></fileDesc><encodingDesc><tagsDecl><namespace name=""><tagUsage gi="align" occurs="86"/><tagUsage gi="c" occurs="399"/><tagUsage gi="div" occurs="8"/><tagUsage gi="event" occurs="7"/><tagUsage gi="mw" occurs="9"/><tagUsage gi="pause" occurs="86"/><tagUsage gi="s" occurs="349"/><tagUsage gi="shift" occurs="12"/><tagUsage gi="trunc" occurs="1"/><tagUsage gi="u" occurs="201"/><tagUsage gi="unclear" occurs="51"/><tagUsage gi="vocal" occurs="19"/><tagUsage gi="w" occurs="1472"/></namespace></tagsDecl></encodingDesc><profileDesc><creation date="1992">1992-02-04 </creation><particDesc n="65"><person ageGroup="Ag2" xml:id="PS0M6" role="self" sex="f" soc="C2" dialect="XLC"><age>32</age> <persName>Pamela</persName> <occupation>sales assistant</occupation> <dialect>Lancashire</dialect> </person><person ageGroup="Ag4" xml:id="PS0M7" role="stranger" sex="f" soc="UU" dialect="XSD"><age>58</age> <persName>Margaret</persName> <occupation>market researcher</occupation> <dialect>Scottish</dialect> </person><person ageGroup="Ag0" xml:id="PS0M8" role="son" sex="m" soc="C2" dialect="XLC"><age>1</age> <persName>Marcus</persName> <occupation>pre-school</occupation> <dialect>Lancashire</dialect> </person><person ageGroup="Ag3" xml:id="PS0M9" role="husband" sex="m" soc="C2" dialect="XLC"><age>38</age> <persName>Paul</persName> <occupation>bus driver (psv)</occupation> <dialect>Lancashire</dialect> </person><person ageGroup="X" dialect="NONE" n="W0000" role="other" sex="u" soc="UU" xml:id="KDFPSUNK"><persName>Unknown speaker</persName></person><person ageGroup="X" dialect="NONE" n="W000M" role="other" sex="u" soc="UU" xml:id="KDFPSUGP"><persName>Group of unknown speakers</persName></person></particDesc><settingDesc><setting xml:id="KDFSE000" n="063501" who="PS000 PS0M6 PS0M7"><placeName>Lancashire:  Morecambe </placeName> <locale> at home </locale><activity spont="H"> being interviewed for project </activity></setting><setting xml:id="KDFSE001" n="063502" who="PS0M6 PS0M7 PS0M8"><placeName>Lancashire:  Morecambe </placeName> <locale> at home </locale><activity spont="H"> being interviewed for project </activity></setting><setting xml:id="KDFSE002" n="063505" who="PS0M6"><placeName>Lancashire:  Morecambe </placeName> <locale> at home </locale><activity spont="H"> watching television </activity></setting><setting xml:id="KDFSE003" n="063506" who="PS0M6 PS0M8 PS0M9"><placeName>Lancashire:  Morecambe </placeName> <locale> at home </locale><activity spont="H"> watching television </activity></setting><setting xml:id="KDFSE004" n="063507" who="PS0M6 PS0M8 PS0M9"><placeName>Lancashire:  Morecambe </placeName> <locale> at home </locale><activity spont="H"> watching television </activity></setting><setting xml:id="KDFSE005" n="063508" who="PS000 PS0M6 PS0M8 PS0M9"><placeName>Lancashire:  Morecambe </placeName> <locale> at home </locale><activity spont="H"> watching television </activity></setting><setting xml:id="KDFSE006" n="063602" who="PS000 PS0M6"><placeName>Lancashire:  Morecambe </placeName> <locale> outside </locale><activity spont="H"> going for a walk </activity></setting><setting xml:id="KDFSE007" n="063603" who="PS0M6 PS0M8"><placeName>Lancashire:  Morecambe </placeName> <locale> at home </locale><activity spont="H"> coming in from walk </activity></setting></settingDesc><textClass><catRef targets="alltim3 demog sdeage3 sdecla4 sdesex2 spolog2 sporeg3"/><classCode scheme="DLEE">S conv</classCode><keywords><term> (none) </term></keywords></textClass></profileDesc><revisionDesc><change date="2006-10-21" who="#OUCS">Tag usage updated for BNC-XML</change><change date="2000-12-13" who="#OUCS">Last check for BNC World first release</change><change date="2000-09-06" who="#OUCS">Redo tagusage tables</change><change date="2000-09-01" who="#OUCS">Check all tagcounts</change><change date="2000-06-23" who="#OUCS">Resequenced s-units and added headers</change><change date="2000-01-29" who="#OUCS">Revised participant details</change><change date="2000-01-21" who="#OUCS">Added date info</change><change date="2000-01-09" who="#OUCS">Updated all catrefs</change><change date="2000-01-09" who="#OUCS">Updated REC elements to include tape number</change><change date="2000-01-08" who="#OUCS">Updated titles</change><change date="1999-12-25" who="#OUCS">corrected tagUsage</change><change date="1999-09-21" who="#UCREL">POS codes revised for BNC-2; header updated</change><change date="1994-11-27" who="#dominic">Initial accession to corpus</change></revisionDesc></teiHeader>
<stext type="CONVRSN"><div n="063501"><u who="PS0M7">
<s n="1"><w c5="ITJ" hw="oh" pos="INTERJ">Oh</w><c c5="PUN">!</c></s>
<s n="2"><w c5="CJC" hw="and" pos="CONJ">And </w><w c5="PNP" hw="you" pos="PRON">you </w><w c5="VDB" hw="do" pos="VERB">do</w><w c5="XX0" hw="not" pos="ADV">n't </w><w c5="VHI" hw="have" pos="VERB">have </w><w c5="TO0" hw="to" pos="PREP">to </w><w c5="VVI" hw="worry" pos="VERB">worry </w><w c5="PRP" hw="about" pos="PREP">about </w><w c5="AT0" hw="the" pos="ART">the </w><w c5="NN1" hw="volume" pos="SUBST">volume </w><w c5="PRP" hw="by" pos="PREP">by </w><w c5="AT0" hw="the" pos="ART">the </w><w c5="NN1" hw="way" pos="SUBST">way</w><c c5="PUN">, </c><w c5="CJS" hw="cos" pos="CONJ">cos </w><w c5="PRP" hw="like" pos="PREP">like </w><w c5="PNI" hw="anything" pos="PRON">anything</w><c c5="PUN">, </c><w c5="PNP" hw="it" pos="PRON">it </w><w c5="NN2" hw="record" pos="SUBST">records </w><w c5="DTQ" hw="whatever" pos="PRON">whatever </w><w c5="NN1" hw="volume" pos="SUBST">volume </w><w c5="CJC" hw="and" pos="CONJ">and </w><w c5="AV0" hw="then" pos="ADV">then</w></s></u><u who="PS0M6">
<s n="3"><w c5="PNP" hw="it" pos="PRON">It</w><w c5="VM0" hw="will" pos="VERB">'ll</w></s></u><u who="PS0M7">
<s n="4"><w c5="AV0" hw="then" pos="ADV">then</w><c c5="PUN">, </c><w c5="PNP" hw="it" pos="PRON">it </w><w c5="VM0" hw="can" pos="VERB">can </w><w c5="VBI" hw="be" pos="VERB">be </w><align with="KDFLC002"/></s></u><u who="PS0M6">
<s n="5"><align with="KDFLC001"/><w c5="AVP" hw="up" pos="ADV">up </w><w c5="CJC" hw="or" pos="CONJ">or </w><w c5="AVP-PRP" hw="down" pos="ADV">down </w><align with="KDFLC002"/><w c5="DTQ" hw="whichever" pos="PRON">whichever </w><w c5="PNP" hw="you" pos="PRON">you </w><w c5="VVB" hw="want" pos="VERB">want</w><c c5="PUN">?</c></s></u><u who="PS0M7">
<s n="6"><w c5="ITJ" hw="yeah" pos="INTERJ">Yeah</w><c c5="PUN">.</c></s>
<s n="7"><w c5="AV0" hw="so" pos="ADV">So </w><w c5="PNP" hw="you" pos="PRON">you </w><w c5="VDB" hw="do" pos="VERB">do</w><w c5="XX0" hw="not" pos="ADV">n't </w><w c5="VHI" hw="have" pos="VERB">have </w><w c5="TO0" hw="to" pos="PREP">to </w><w c5="VVI" hw="worry" pos="VERB">worry </w><w c5="PRP" hw="about" pos="PREP">about </w><w c5="AT0" hw="the" pos="ART">the </w><w c5="NN1" hw="volume" pos="SUBST">volume</w><c c5="PUN">, </c><w c5="CJS" hw="because" pos="CONJ">because </w><w c5="PNP" hw="you" pos="PRON">you</w><w c5="VHB" hw="have" pos="VERB">'ve </w><w c5="VVN" hw="get" pos="VERB">got </w><w c5="NN1" hw="record" pos="SUBST">record</w><c c5="PUN">.</c></s></u><u who="PS0M6">
<s n="8"><w c5="ITJ" hw="gee" pos="INTERJ">Gee</w><c c5="PUN">!</c></s></u><u who="PS0M7">
<s n="9"><w c5="ITJ" hw="mm" pos="INTERJ">Mm</w><c c5="PUN">?</c></s>
<s n="10"><w c5="CRD" hw="twenty" pos="ADJ">Twenty </w><w c5="CRD" hw="one" pos="ADJ">one</w><c c5="PUN">.</c></s></u><u who="PS0M6">
<s n="11"><w c5="DTQ" hw="what" pos="PRON">What </w><w c5="VBB" hw="be" pos="VERB">are </w><w c5="PNP" hw="you" pos="PRON">you </w><w c5="VDG" hw="do" pos="VERB">doing</w><c c5="PUN">?</c></s></u><u who="PS0M7">
<s n="12"><unclear/><pause/><w c5="ITJ" hw="oh" pos="INTERJ">Oh</w><c c5="PUN">!</c></s>
<s n="13"><w c5="AJ0" hw="sorry" pos="ADJ">Sorry </w><w c5="PNP" hw="i" pos="PRON">I </w><w c5="VM0" hw="should" pos="VERB">should</w><w c5="XX0" hw="not" pos="ADV">n't </w><w c5="VBI" hw="be" pos="VERB">be </w><w c5="VVG" hw="say" pos="VERB">saying </w><w c5="CJS" hw="because" pos="CONJ">because </w><w c5="PNP" hw="i" pos="PRON">I </w><w c5="VBD" hw="be" pos="VERB">was  </w><pause/><w c5="AV0" hw="incidentally" pos="ADV">Incidentally</w><c c5="PUN">, </c><w c5="PNP" hw="i" pos="PRON">I </w><w c5="VDD" hw="do" pos="VERB">did</w><w c5="XX0" hw="not" pos="ADV">n't </w><w c5="VVI" hw="say" pos="VERB">say </w><w c5="PRP" hw="to" pos="PREP">to </w><w c5="PNP" hw="you" pos="PRON">you </w><w c5="CJT" hw="that" pos="CONJ">that  </w><pause/><w c5="CJS" hw="when" pos="CONJ">when </w><w c5="PNP" hw="they" pos="PRON">they  </w><pause/><w c5="VVB" hw="transcribe" pos="VERB">transcribe </w><w c5="PNP" hw="it" pos="PRON">it</w><c c5="PUN">, </c><w c5="CJS" hw="if" pos="CONJ">if </w><w c5="AT0" hw="a" pos="ART">a </w><w c5="NN1" hw="name" pos="SUBST">name </w><w c5="VVZ" hw="come" pos="VERB">comes </w><w c5="AVP" hw="up" pos="ADV">up  </w><pause/><w c5="PNP" hw="they" pos="PRON">they</w><c c5="PUN">, </c><w c5="PNP" hw="they" pos="PRON">they </w><w c5="AV0" hw="just" pos="ADV">just </w><w c5="VVB" hw="write" pos="VERB">write  </w><pause/><w c5="UNC" hw="erm" pos="UNC">erm  </w><pause/><w c5="VDB" hw="do" pos="VERB">do </w><w c5="PNP" hw="you" pos="PRON">you </w><w c5="VVI" hw="want" pos="VERB">want </w><w c5="AT0" hw="a" pos="ART">a </w><w c5="NN1" hw="cup" pos="SUBST">cup </w><w c5="PRF" hw="of" pos="PREP">of </w><w c5="NN1" hw="tea" pos="SUBST">tea</w><c c5="PUN">, </c><w c5="NN1-VVB" hw="name" pos="SUBST">name</w><c c5="PUN">?</c></s>
<s n="14"><align with="KDFLC003"/><w c5="XX0" hw="not" pos="ADV">Not </w><align with="KDFLC004"/></s></u><u who="PS0M6">
<s n="15"><align with="KDFLC003"/><w c5="ITJ" hw="mm" pos="INTERJ">Mm</w><c c5="PUN">.</c></s></u><u who="PS0M7">
<s n="16"><w c5="VDB" hw="do" pos="VERB">do </w><w c5="PNP" hw="you" pos="PRON">you </w><w c5="VVI" hw="want" pos="VERB">want </w><w c5="AT0" hw="a" pos="ART">a </w><w c5="NN1" hw="cup" pos="SUBST">cup </w><w c5="PRF" hw="of" pos="PREP">of </w><w c5="NN1" hw="tea" pos="SUBST">tea</w></s></u><u who="PS0M6">
<s n="17"><w c5="DTQ" hw="whatever" pos="PRON">Whatever </w><w c5="PNP" hw="it" pos="PRON">it </w><align with="KDFLC005"/><w c5="VBZ" hw="be" pos="VERB">is</w><c c5="PUN">.</c></s></u><u who="PS0M7">
<s n="18"><align with="KDFLC005"/><w c5="NP0" hw="pam" pos="SUBST">Pam</w><c c5="PUN">?</c></s></u><u who="PS0M6">
<s n="19"><w c5="ITJ" hw="yeah" pos="INTERJ">Yeah</w><c c5="PUN">.</c></s></u><u who="PS0M7">
<s n="20"><w c5="AV0" hw="right" pos="ADV">Right</w><c c5="PUN">.</c></s></u><u who="KDFPSUNK">
<s n="21"><w c5="ITJ" hw="mm" pos="INTERJ">Mm</w><c c5="PUN">.</c></s></u><u who="PS0M6">
<s n="22"><w c5="DTQ" hw="what" pos="PRON">What </w><w c5="VBB" hw="be" pos="VERB">are </w><w c5="PNP" hw="you" pos="PRON">you </w><w c5="VDG" hw="do" pos="VERB">doing</w><c c5="PUN">?</c></s></u><u who="KDFPSUNK"><unclear/></u><u who="PS0M6">
<s n="23"><w c5="VVN" hw="find" pos="VERB">Found </w><w c5="AT0" hw="a" pos="ART">a </w><w c5="NN1" hw="bickie" pos="SUBST">bickie </w><w c5="VHB" hw="have" pos="VERB">have</w><w c5="XX0" hw="not" pos="ADV">n't </w><w c5="PNP" hw="you" pos="PRON">you</w><c c5="PUN">?</c></s></u><u who="PS0M7">
<s n="24"><w c5="PNP" hw="we" pos="PRON">We </w><w c5="VVB" hw="need" pos="VERB">need </w><w c5="TO0" hw="to" pos="PREP">to </w><w c5="VVI" hw="put" pos="VERB">put </w><w c5="DPS" hw="you" pos="PRON">your </w><w c5="NN1" hw="name" pos="SUBST">name </w><w c5="AVP" hw="down" pos="ADV">down</w><c c5="PUN">.</c></s>
<s n="25"><mw c5="CJS"><w c5="AV0" hw="even" pos="ADV">Even </w><w c5="CJS" hw="if" pos="CONJ">if </w></mw><w c5="DT0" hw="that" pos="ADJ">that </w><w c5="VBD" hw="be" pos="VERB">was</w><w c5="XX0" hw="not" pos="ADV">n't </w><w c5="AT0" hw="a" pos="ART">a</w></s></u><u who="PS0M6">
<s n="26"><w c5="AT0" hw="a" pos="ART">A </w><w c5="AJ0" hw="proper" pos="ADJ">proper </w><align with="KDFLC007"/><w c5="NN1" hw="conversation" pos="SUBST">conversation</w><c c5="PUN">.</c></s></u><u who="PS0M7">
<s n="27"><align with="KDFLC007"/><w c5="AT0" hw="a" pos="ART">a </w><w c5="NN1" hw="grunt" pos="SUBST">grunt</w><c c5="PUN">.</c></s></u><u who="PS0M6">
<vocal desc="laugh"/>
</u><u who="PS0M7">
<s n="28"><w c5="CRD" hw="two" pos="ADJ">Two</w><c c5="PUN">, </c><w c5="CRD" hw="three" pos="ADJ">three</w><c c5="PUN">, </c><w c5="CRD" hw="two" pos="ADJ">two</w><c c5="PUN">.</c></s>
<s n="29"><pause dur="6"/><unclear/><pause/><w c5="AV0" hw="so" pos="ADV">So </w><w c5="PNP" hw="i" pos="PRON">I</w><w c5="VM0" hw="will" pos="VERB">'ll </w><w c5="VVI" hw="see" pos="VERB">see </w><w c5="PNP" hw="you" pos="PRON">you </w><w c5="ORD" hw="next" pos="ADJ">next </w><w c5="NN1" hw="week" pos="SUBST">week</w><c c5="PUN">.</c><unclear/><align with="KDFLC00A"/></s></u><u who="PS0M6">
<s n="30"><align with="KDFLC009"/><w c5="ITJ" hw="yeah" pos="INTERJ">Yeah</w><c c5="PUN">.</c></s>
<s n="31"><align with="KDFLC00A"/><w c5="PRP" hw="in" pos="PREP">In </w><w c5="AT0" hw="the" pos="ART">the </w><w c5="NN1" hw="evening" pos="SUBST">evening</w><c c5="PUN">.</c></s></u><u who="PS0M7">
<s n="32"><w c5="CJC" hw="and" pos="CONJ">And</w><c c5="PUN">, </c><w c5="PNP" hw="i" pos="PRON">I </w><w c5="VVB" hw="wish" pos="VERB">wish </w><w c5="AT0" hw="a" pos="ART">a </w><w c5="NN1" hw="lot" pos="SUBST">lot</w></s></u></div><div n="063502"><u who="PS0M6">
<s n="33"><w c5="AV0" hw="just" pos="ADV">Just </w><w c5="CJT" hw="that" pos="CONJ">that </w><w c5="PNP" hw="i" pos="PRON">I </w><w c5="VVD" hw="catch" pos="VERB">caught </w><w c5="PNP" hw="it" pos="PRON">it </w><w c5="CJS" hw="as" pos="CONJ">as </w><w c5="PNP" hw="i" pos="PRON">I </w><w c5="VVD" hw="move" pos="VERB">moved </w><align with="KDFLC00B"/><w c5="DPS" hw="i" pos="PRON">my </w><w c5="NN1" hw="finger" pos="SUBST">finger</w><c c5="PUN">.</c></s></u><u who="PS0M7">
<s n="34"><align with="KDFLC00B"/><w c5="ITJ" hw="yeah" pos="INTERJ">Yeah</w><c c5="PUN">, </c><w c5="AV0" hw="well" pos="ADV">well </w><align with="KDFLC00C"/><align with="KDFLC00D"/><w c5="PNP" hw="you" pos="PRON">you </w><trunc><w c5="UNC" hw="sh" pos="UNC">sh </w></trunc><align with="KDFLC00E"/></s></u><u who="PS0M6">
<align with="KDFLC00D"/><vocal desc="laugh"/> <align with="KDFLC00E"/></u><u who="PS0M7">
<s n="35"><w c5="PNP" hw="i" pos="PRON">I</w><w c5="VM0" hw="will" pos="VERB">'ll </w><w c5="VVI" hw="leave" pos="VERB">leave </w><w c5="PNP" hw="you" pos="PRON">you </w><w c5="AV0" hw="just" pos="ADV">just </w><align with="KDFLC00F"/><w c5="PRP" hw="to" pos="PREP">to </w><align with="KDFLC00G"/></s></u><u who="PS0M6">
<s n="36"><align with="KDFLC00F"/><w c5="ITJ" hw="yeah" pos="INTERJ">Yeah</w><c c5="PUN">.</c></s></u><u who="PS0M7">
<s n="37"><w c5="VDB" hw="do" pos="VERB">do </w><w c5="PNP" hw="it" pos="PRON">it</w><c c5="PUN">.</c></s></u><u who="PS0M6">
<vocal desc="laugh"/>
</u><u who="PS0M7">
<s n="38"><w c5="VBB" hw="be" pos="VERB">Be </w><w c5="AJ0" hw="able" pos="ADJ">able </w><w c5="TO0" hw="to" pos="PREP">to  </w><pause/><unclear/><c c5="PUN">.</c></s></u><u who="PS0M6">
<s n="39"><unclear/><w c5="VVB" hw="put" pos="VERB">put </w><w c5="PNP" hw="it" pos="PRON">it </w><w c5="AV0" hw="away" pos="ADV">away</w><c c5="PUN">.</c></s>
<s n="40"><w c5="VM0" hw="will" pos="VERB">Wo</w><w c5="XX0" hw="not" pos="ADV">n't </w><w c5="PNP" hw="we" pos="PRON">we</w><c c5="PUN">?</c></s>
<s n="41"><pause dur="8"/><w c5="AV0" hw="right" pos="ADV">Right</w><c c5="PUN">.</c></s></u><u who="PS0M7">
<s n="42"><w c5="PNP" hw="i" pos="PRON">I </w><w c5="VVB" hw="hope" pos="VERB">hope </w><w c5="TO0" hw="to" pos="PREP">to </w><w c5="VBI" hw="be" pos="VERB">be  </w><pause/><w c5="PNP" hw="i" pos="PRON">I</w><w c5="VM0" hw="will" pos="VERB">'ll </w><w c5="VVI" hw="put" pos="VERB">put </w><w c5="DT0" hw="these" pos="ADJ">these </w><w c5="PRP" hw="in" pos="PREP">in </w><w c5="AV0" hw="here" pos="ADV">here</w><c c5="PUN">.</c></s></u><u who="PS0M6">
<s n="43"><w c5="AV0" hw="right" pos="ADV">Right</w><c c5="PUN">.</c><vocal desc="laugh"/></s></u><u who="PS0M7">
<s n="44"><w c5="AVQ" hw="where" pos="ADV">Where </w><w c5="VDB" hw="do" pos="VERB">do </w><w c5="PNP" hw="you" pos="PRON">you </w><w c5="VVI" hw="want" pos="VERB">want </w><w c5="DT0" hw="these" pos="ADJ">these </w><w c5="VVB" hw="put" pos="VERB">put</w><c c5="PUN">?</c></s></u><u who="PS0M6">
<s n="45"><w c5="PNP" hw="i" pos="PRON">I</w><w c5="VM0" hw="will" pos="VERB">'ll  </w><pause/><w c5="VVI" hw="put" pos="VERB">put </w><w c5="PNP" hw="they" pos="PRON">them </w><w c5="AV0" hw="somewhere" pos="ADV">somewhere</w><c c5="PUN">.</c></s></u><u who="PS0M8">
<s n="46"><w c5="NN1" hw="dad" pos="SUBST">Dad</w><c c5="PUN">.</c></s></u><u who="PS0M6">
<s n="47"><w c5="PNP" hw="i" pos="PRON">I</w><w c5="VM0" hw="will" pos="VERB">'ll </w><w c5="VVI" hw="put" pos="VERB">put </w><w c5="DT0" hw="these" pos="ADJ">these </w><w c5="AV0" hw="away" pos="ADV">away</w><c c5="PUN">, </c><w c5="CJC" hw="and" pos="CONJ">and </w><w c5="PNP" hw="i" pos="PRON">I</w><w c5="VM0" hw="will" pos="VERB">'ll </w><w c5="VHI" hw="have" pos="VERB">have </w><w c5="TO0" hw="to" pos="PREP">to </w><w c5="AV0" hw="somewhere" pos="ADV">somewhere </w><w c5="CJT-DT0" hw="that" pos="CONJ">that  </w><pause/><w c5="VM0" hw="will" pos="VERB">wo</w><w c5="XX0" hw="not" pos="ADV">n't </w><w c5="VBI" hw="be" pos="VERB">be </w><w c5="AT0" hw="a" pos="ART">a </w><w c5="NN1" hw="problem" pos="SUBST">problem</w><c c5="PUN">.</c></s>
<s n="48"><pause dur="6"/><unclear/><c c5="PUN">. </c><w c5="DT0" hw="that" pos="ADJ">That</w><w c5="VM0" hw="will" pos="VERB">'ll </w><w c5="VDI" hw="do" pos="VERB">do</w><c c5="PUN">.</c></s>
<s n="49"><w c5="AV0" hw="now" pos="ADV">Now</w></s></u><u who="PS0M7">
<s n="50"><w c5="ITJ" hw="goodbye" pos="INTERJ">Goodbye </w><w c5="AV0" hw="then" pos="ADV">then </w><w c5="NP0" hw="marcus" pos="SUBST">Marcus</w><c c5="PUN">!</c></s>
<s n="51"><w c5="ITJ" hw="bye" pos="INTERJ">Bye </w><align with="KDFLC00H"/><w c5="ITJ" hw="bye" pos="INTERJ">bye</w><c c5="PUN">!</c></s></u><u who="PS0M8">
<s n="52"><align with="KDFLC00H"/><w c5="ITJ" hw="oh" pos="INTERJ">Oh</w><c c5="PUN">!</c></s></u><u who="PS0M6">
<s n="53"><w c5="AV0" hw="there" pos="ADV">There</w><c c5="PUN">.</c></s>
<s n="54"><pause dur="6"/><w c5="VVB" hw="come" pos="VERB">Come </w><w c5="AVP" hw="on" pos="ADV">on</w><c c5="PUN">.</c></s></u><u who="PS0M7"><unclear/></u><u who="PS0M6">
<vocal desc="laugh"/>
</u><u who="PS0M7">
<s n="55"><w c5="PNP" hw="i" pos="PRON">I</w><w c5="VM0" hw="will" pos="VERB">'ll </w><w c5="VVI" hw="see" pos="VERB">see </w><w c5="PNP" hw="you" pos="PRON">you </w><w c5="PRP" hw="in" pos="PREP">in </w><w c5="AT0" hw="a" pos="ART">a </w><w c5="NN1" hw="week" pos="SUBST">week </w><w c5="AV0" hw="then" pos="ADV">then</w><c c5="PUN">.</c></s></u><u who="PS0M6">
<s n="56"><w c5="AV0" hw="right" pos="ADV">Right</w><c c5="PUN">, </c><w c5="AV0" hw="okay" pos="ADV">okay</w><c c5="PUN">.</c></s>
<s n="57"><w c5="ITJ" hw="bye" pos="INTERJ">Bye</w><c c5="PUN">!</c></s></u><u who="PS0M7">
<s n="58"><w c5="ITJ" hw="bye" pos="INTERJ">Bye</w><c c5="PUN">!</c></s></u><u who="PS0M6">
<s n="59"><w c5="ITJ" hw="bye" pos="INTERJ">Bye</w><c c5="PUN">.</c></s></u><u who="PS0M8">
<s n="60"><w c5="ITJ" hw="bye" pos="INTERJ">Bye</w><c c5="PUN">!</c></s></u><u who="PS0M7">
<s n="61"><w c5="ITJ" hw="oh" pos="INTERJ">Oh</w><c c5="PUN">!</c></s></u><u who="PS0M6">
<s n="62"><unclear/><w c5="VVB" hw="come" pos="VERB">Come </w><w c5="AVP" hw="on" pos="ADV">on</w><c c5="PUN">!</c></s>
<s n="63"><w c5="NP0" hw="marcus" pos="SUBST">Marcus</w><c c5="PUN">!</c></s>
<s n="64"><w c5="VVB" hw="come" pos="VERB">Come </w><w c5="AVP" hw="on" pos="ADV">on </w><w c5="NN1" hw="sweetie" pos="SUBST">sweetie</w><c c5="PUN">.</c></s>
<s n="65"><w c5="VVB" hw="go" pos="VERB">Go </w><w c5="AVP" hw="on" pos="ADV">on</w><c c5="PUN">.</c></s>
<s n="66"><w c5="AJ0" hw="good" pos="ADJ">Good </w><w c5="NN1" hw="boy" pos="SUBST">boy</w><c c5="PUN">.</c></s>
<s n="67"><pause dur="8"/><w c5="DT0" hw="that" pos="ADJ">That</w><w c5="VBZ" hw="be" pos="VERB">'s </w><w c5="AT0" hw="a" pos="ART">a </w><w c5="AJ0" hw="good" pos="ADJ">good </w><w c5="NN1" hw="boy" pos="SUBST">boy</w><c c5="PUN">.</c></s></u></div><div n="063505"><u who="PS0M6">
<s n="68"><w c5="ITJ" hw="hey" pos="INTERJ">Hey</w><c c5="PUN">!</c></s>
<s n="69"><w c5="DTQ" hw="what" pos="PRON">What </w><w c5="VHB" hw="have" pos="VERB">have </w><w c5="PNP" hw="you" pos="PRON">you </w><w c5="VVN-VVD" hw="get" pos="VERB">got</w><c c5="PUN">?</c></s>
<s n="70"><pause dur="7"/><w c5="VVB" hw="stop" pos="VERB">Stop </w><w c5="VVG" hw="play" pos="VERB">playing </w><w c5="PRP" hw="with" pos="PREP">with </w><w c5="DT0" hw="that" pos="ADJ">that </w><w c5="NN1" hw="phone" pos="SUBST">phone </w><w c5="AV0" hw="again" pos="ADV">again</w><c c5="PUN">!</c></s>
<s n="71"><w c5="PNP" hw="you" pos="PRON">You</w><w c5="VBB" hw="be" pos="VERB">'re </w><w c5="AT0" hw="a" pos="ART">a </w><w c5="NN1" hw="pain" pos="SUBST">pain </w><w c5="PNP" hw="you" pos="PRON">you</w><c c5="PUN">!</c></s>
<s n="72"><shift new="laughing"/><w c5="PNP" hw="you" pos="PRON">You </w><w c5="VDB" hw="do" pos="VERB">do </w><w c5="PNP" hw="it" pos="PRON">it </w><w c5="AT0" hw="every" pos="ART">every </w><w c5="NN1" hw="time" pos="SUBST">time </w><shift/><c c5="PUN">!</c></s>
<s n="73"><w c5="ITJ" hw="aye" pos="INTERJ">Aye</w><c c5="PUN">!</c></s>
<s n="74"><w c5="PNP" hw="they" pos="PRON">They </w><w c5="VDB" hw="do" pos="VERB">do</w><c c5="PUN">, </c><w c5="CJS" hw="when" pos="CONJ">when </w><w c5="PNP" hw="i" pos="PRON">I</w><w c5="VBB" hw="be" pos="VERB">'m </w><w c5="VVG" hw="try" pos="VERB">trying </w><w c5="TO0" hw="to" pos="PREP">to </w><w c5="VDI" hw="do" pos="VERB">do </w><w c5="PNI" hw="summat" pos="PRON">summat</w><c c5="PUN">.</c></s></u></div><div n="063506"><u who="PS0M6">
<s n="75"><w c5="PNP" hw="it" pos="PRON">It</w><w c5="VBZ" hw="be" pos="VERB">'s </w><w c5="AT0" hw="a" pos="ART">a </w><w c5="AJ0" hw="nice" pos="ADJ">nice </w><w c5="NN1" hw="doggy" pos="SUBST">doggy </w><w c5="UNC" hw="int" pos="UNC">int </w><w c5="PNP" hw="it" pos="PRON">it</w><c c5="PUN">?</c></s>
<s n="76"><pause dur="6"/><w c5="ITJ" hw="ah" pos="INTERJ">Ah</w><c c5="PUN">!</c></s>
<s n="77"><pause dur="7"/><w c5="ITJ" hw="ah" pos="INTERJ">Ah</w><c c5="PUN">!</c></s></u><u who="PS0M9">
<s n="78"><unclear/><w c5="VVG-NN1" hw="brush" pos="VERB">brushing </w><w c5="CJC" hw="or" pos="CONJ">or </w><w c5="PNI" hw="summat" pos="PRON">summat</w><c c5="PUN">.</c></s></u><u who="PS0M6">
<s n="79"><w c5="ITJ" hw="eh" pos="INTERJ">Eh</w><c c5="PUN">?</c></s></u><u who="PS0M9">
<s n="80"><w c5="VVB" hw="want" pos="VERB">Want </w><w c5="VVG" hw="brush" pos="VERB">brushing </w><w c5="CJC" hw="or" pos="CONJ">or </w><align with="KDFLC00K"/><w c5="PNI" hw="summat" pos="PRON">summat</w><c c5="PUN">.</c></s></u><u who="PS0M6">
<s n="81"><align with="KDFLC00K"/><w c5="VVB" hw="want" pos="VERB">Want </w><align with="KDFLC00L"/><w c5="VVG" hw="brush" pos="VERB">brushing </w><w c5="CJC" hw="and" pos="CONJ">and </w><w c5="NN1-VVG" hw="washing" pos="SUBST">washing</w><c c5="PUN">.</c></s>
<s n="82"><w c5="PNP" hw="i" pos="PRON">I</w><w c5="VM0" hw="will" pos="VERB">'ll </w><w c5="VHI" hw="have" pos="VERB">have </w><w c5="TO0" hw="to" pos="PREP">to </w><w c5="VVI" hw="get" pos="VERB">get </w><w c5="DT0" hw="some" pos="ADJ">some </w><w c5="AJ0" hw="warm" pos="ADJ">warm </w><w c5="AJ0" hw="soapy" pos="ADJ">soapy </w><w c5="NN1" hw="water" pos="SUBST">water </w><w c5="PRP" hw="over" pos="PREP">over </w><w c5="PNP" hw="it" pos="PRON">it</w><c c5="PUN">.</c></s>
<s n="83"><pause dur="7"/><w c5="PNP" hw="it" pos="PRON">It</w><w c5="VBZ" hw="be" pos="VERB">'s </w><w c5="AT0" hw="the" pos="ART">the </w><w c5="AJ0" hw="only" pos="ADJ">only </w><w c5="NN1" hw="thing" pos="SUBST">thing </w><w c5="PNP" hw="i" pos="PRON">I </w><w c5="VM0" hw="can" pos="VERB">can </w><w c5="VVI" hw="think" pos="VERB">think </w><w c5="PRF" hw="of" pos="PREP">of </w><w c5="TO0" hw="to" pos="PREP">to </w><w c5="VDI" hw="do" pos="VERB">do </w><w c5="PNP" hw="it" pos="PRON">it</w><c c5="PUN">.</c></s>
<s n="84"><w c5="PNP" hw="it" pos="PRON">It</w><w c5="VHZ" hw="have" pos="VERB">'s </w><w c5="VVN" hw="get" pos="VERB">got </w><w c5="AJ0" hw="odd" pos="ADJ">odd </w><w c5="NN2" hw="ear" pos="SUBST">ears </w><mw c5="AV0"><w c5="CJS" hw="as" pos="CONJ">as </w><w c5="AV0" hw="well" pos="ADV">well</w></mw><c c5="PUN">.</c></s></u><u who="PS0M9">
<s n="85"><w c5="DTQ" hw="what" pos="PRON">What </w><w c5="VDZ" hw="do" pos="VERB">does </w><w c5="PNP" hw="it" pos="PRON">it </w><w c5="VVI" hw="say" pos="VERB">say </w><w c5="PRP" hw="on" pos="PREP">on  </w><pause/><w c5="VBI" hw="be" pos="VERB">be </w><w c5="AT0" hw="a" pos="ART">a </w><w c5="NN1" hw="label" pos="SUBST">label </w><w c5="PRP" hw="on" pos="PREP">on </w><w c5="PNP" hw="it" pos="PRON">it </w><w c5="AV0" hw="somewhere" pos="ADV">somewhere  </w><align with="KDFLC00M"/><unclear/><align with="KDFLC00N"/></s></u><u who="PS0M6">
<s n="86"><align with="KDFLC00M"/><unclear/><align with="KDFLC00N"/><w c5="ITJ" hw="ah" pos="INTERJ">Ah</w><c c5="PUN">!</c></s>
<s n="87"><pause dur="8"/><w c5="VVB" hw="give" pos="VERB">Give </w><w c5="PNP" hw="it" pos="PRON">it </w><w c5="PRP" hw="to" pos="PREP">to </w><w c5="PNP" hw="i" pos="PRON">me</w><c c5="PUN">!</c></s>
<s n="88"><pause dur="6"/><w c5="PNP" hw="he" pos="PRON">He</w><w c5="VM0" hw="will" pos="VERB">'ll </w><w c5="AV0" hw="even" pos="ADV">even </w><w c5="VVI" hw="play" pos="VERB">play </w><w c5="PRP" hw="with" pos="PREP">with </w><w c5="PNP" hw="it" pos="PRON">it</w><c c5="PUN">.</c></s>
<s n="89"><w c5="ITJ" hw="oh" pos="INTERJ">Oh</w><c c5="PUN">!</c></s>
<s n="90"><w c5="AV0" hw="fully" pos="ADV">Fully </w><w c5="AJ0" hw="washable" pos="ADJ">washable</w><c c5="PUN">.</c></s>
<s n="91"><w c5="ITJ" hw="ow" pos="INTERJ">Ow</w><c c5="PUN">!</c></s>
<s n="92"><w c5="ITJ" hw="ow" pos="INTERJ">Ow</w><c c5="PUN">!</c></s>
<s n="93"><w c5="AJ0" hw="pure" pos="ADJ">Pure </w><w c5="NN1" hw="poly-foam" pos="SUBST">poly-foam  </w><align with="KDFLC00P"/><unclear/><align with="KDFLC00R"/></s></u><u who="PS0M8">
<s n="94"><align with="KDFLC00P"/><unclear/><c c5="PUN">!</c><unclear/></s></u><u who="PS0M6">
<s n="95"><w c5="PNP" hw="it" pos="PRON">It</w><w c5="VBZ" hw="be" pos="VERB">'s </w><w c5="CRD" hw="thirty" pos="ADJ">thirty </w><w c5="CRD" hw="six" pos="ADJ">six </w><unclear/><c c5="PUN">.</c></s>
<s n="96"><w c5="PRP" hw="in" pos="PREP">In </w><w c5="AJ0" hw="other" pos="ADJ">other </w><w c5="NN2" hw="word" pos="SUBST">words </w><w c5="PNP" hw="he" pos="PRON">he </w><w c5="VVZ" hw="need" pos="VERB">needs </w><w c5="TO0" hw="to" pos="PREP">to </w><w c5="VVI" hw="go" pos="VERB">go </w><w c5="PRP" hw="to" pos="PREP">to </w><w c5="NN1" hw="launderette" pos="SUBST">launderette</w><c c5="PUN">.</c></s></u><u who="PS0M8">
<vocal desc="scream"/>
</u><u who="PS0M6">
<s n="97"><w c5="AV0" hw="fully" pos="ADV">Fully </w><w c5="AJ0" hw="washable" pos="ADJ">washable</w><c c5="PUN">.</c></s>
<s n="98"><align with="KDFLC00S"/><w c5="PNP" hw="we" pos="PRON">We</w><w c5="VM0" hw="would" pos="VERB">'d </w><w c5="VHI" hw="have" pos="VERB">have </w><w c5="TO0" hw="to" pos="PREP">to </w><align with="KDFLC00T"/></s></u><u who="PS0M8">
<align with="KDFLC00S"/><vocal desc="scream"/> <align with="KDFLC00T"/></u><u who="PS0M6">
<s n="99"><w c5="PNP" hw="he" pos="PRON">He</w><w c5="VM0" hw="would" pos="VERB">'d </w><w c5="VBI" hw="be" pos="VERB">be </w><w c5="AJC" hw="good" pos="ADJ">better </w><w c5="AJ0" hw="dry" pos="ADJ">dry </w><w c5="VVN-VVD" hw="clean" pos="VERB">cleaned </w><w c5="VM0" hw="would" pos="VERB">would</w><w c5="XX0" hw="not" pos="ADV">n't </w><w c5="PNP" hw="he" pos="PRON">he</w><c c5="PUN">?</c></s></u><u who="PS0M8">
<s n="100"><w c5="ITJ" hw="ah" pos="INTERJ">Ah</w><c c5="PUN">!</c></s></u><u who="PS0M9">
<s n="101"><w c5="AV0" hw="well" pos="ADV">Well </w><w c5="PNP" hw="you" pos="PRON">you</w><w c5="VBB" hw="be" pos="VERB">'re </w><w c5="VVG" hw="gon" pos="VERB">gon</w><w c5="TO0" hw="na" pos="PREP">na </w><w c5="VVI" hw="dry" pos="VERB">dry </w><w c5="AJ0" hw="clean" pos="ADJ">clean </w><w c5="PNP" hw="he" pos="PRON">him</w><c c5="PUN">!</c></s>
<s n="102"><w c5="VM0" hw="will" pos="VERB">Wo</w><w c5="XX0" hw="not" pos="ADV">n't </w><w c5="VVI" hw="go" pos="VERB">go </w><w c5="PRP" hw="in" pos="PREP">in </w><w c5="AT0" hw="a" pos="ART">a </w><w c5="AJ0" hw="bloody" pos="ADJ">bloody  </w><pause/><w c5="NN1" hw="washer" pos="SUBST">washer</w><c c5="PUN">!</c></s></u><u who="PS0M6">
<s n="103"><w c5="ITJ" hw="eh" pos="INTERJ">Eh</w><c c5="PUN">?</c></s></u><u who="PS0M9">
<s n="104"><w c5="VVN" hw="get" pos="VERB">Got</w><w c5="TO0" hw="ta" pos="PREP">ta </w><w c5="VDI" hw="do" pos="VERB">do </w><w c5="PNP" hw="it" pos="PRON">it </w><w c5="PRP" hw="by" pos="PREP">by </w><w c5="NN1" hw="hand" pos="SUBST">hand</w><c c5="PUN">.</c></s></u><u who="PS0M6">
<s n="105"><w c5="VVG" hw="gon" pos="VERB">Gon</w><w c5="TO0" hw="na" pos="PREP">na </w><w c5="VVI" hw="take" pos="VERB">take </w><w c5="NN2" hw="age" pos="SUBST">ages </w><w c5="AV0" hw="just" pos="ADV">just </w><w c5="TO0" hw="to" pos="PREP">to </w><w c5="VDI" hw="do" pos="VERB">do </w><w c5="DT0" hw="this" pos="ADJ">this</w><c c5="PUN">!</c></s></u><u who="PS0M8">
<s n="106"><w c5="VVB" hw="stick" pos="VERB">Stick </w><w c5="PNP" hw="he" pos="PRON">him </w><w c5="PRP" hw="in" pos="PREP">in </w><w c5="AT0" hw="a" pos="ART">a </w><w c5="NN1" hw="bath" pos="SUBST">bath</w><c c5="PUN">.</c></s></u><u who="PS0M6">
<s n="107"><w c5="ITJ" hw="oh" pos="INTERJ">Oh</w><c c5="PUN">!</c></s>
<s n="108"><w c5="DT0" hw="that" pos="ADJ">That</w><w c5="VBZ" hw="be" pos="VERB">'s </w><w c5="AT0" hw="an" pos="ART">an </w><w c5="NN1" hw="idea" pos="SUBST">idea</w><c c5="PUN">.</c></s>
<s n="109"><w c5="VVB" hw="put" pos="VERB">Put </w><w c5="NN1-VVB" hw="shampoo" pos="SUBST">shampoo </w><w c5="PRP" hw="on" pos="PREP">on </w><w c5="PNP" hw="he" pos="PRON">him</w><c c5="PUN">.</c></s>
<s n="110"><pause dur="6"/><align with="KDFLC00U"/><shift new="laughing"/><w c5="PNP" hw="it" pos="PRON">It</w><w c5="VM0" hw="will" pos="VERB">'ll </w><w c5="VVI" hw="take" pos="VERB">take  </w><shift/><align with="KDFLC00V"/></s></u><u who="PS0M8">
<s n="111"><align with="KDFLC00U"/><w c5="ITJ" hw="whee" pos="INTERJ">Whee</w><c c5="PUN">!</c></s></u><u who="PS0M6">
<s n="112"><w c5="PNP" hw="i" pos="PRON">I</w><w c5="VM0" hw="will" pos="VERB">'ll </w><w c5="VHI" hw="have" pos="VERB">have </w><align with="KDFLC00W"/><w c5="TO0" hw="to" pos="PREP">to </w><align with="KDFLC00X"/></s></u><u who="PS0M8">
<s n="113"><align with="KDFLC00W"/><w c5="ITJ" hw="ah" pos="INTERJ">Ah</w><c c5="PUN">!</c></s></u><u who="PS0M6">
<s n="114"><w c5="VDB" hw="do" pos="VERB">do </w><w c5="DT0" hw="that" pos="ADJ">that </w><w c5="AV0" hw="tonight" pos="ADV">tonight</w><c c5="PUN">, </c><w c5="CJS" hw="cos" pos="CONJ">cos </w><w c5="PNP" hw="it" pos="PRON">it</w><w c5="VM0" hw="will" pos="VERB">'ll </w><w c5="VVI" hw="take" pos="VERB">take </w><w c5="PNP" hw="it" pos="PRON">it </w><w c5="DT0" hw="all" pos="ADJ">all </w><w c5="NN1" hw="week" pos="SUBST">week </w><w c5="TO0" hw="to" pos="PREP">to </w><w c5="VVI" hw="dry" pos="VERB">dry</w><c c5="PUN">!</c></s></u><u who="PS0M8">
<s n="115"><unclear/><pause/><w c5="VVB" hw="woo" pos="VERB">Woo</w><c c5="PUN">!</c></s></u><u who="PS0M9">
<s n="116"><unclear/><w c5="CJC" hw="and" pos="CONJ">and </w><w c5="VVD" hw="dry" pos="VERB">dried </w><w c5="PNP" hw="it" pos="PRON">it</w><c c5="PUN">.</c></s></u><u who="PS0M6">
<s n="117"><w c5="ITJ" hw="oh" pos="INTERJ">Oh</w><c c5="PUN">.</c></s>
<s n="118"><pause dur="7"/><w c5="PNP" hw="i" pos="PRON">I </w><w c5="VM0" hw="must" pos="VERB">must </w><w c5="AV0" hw="just" pos="ADV">just </w><w c5="VVI" hw="try" pos="VERB">try </w><w c5="PRP" hw="with" pos="PREP">with </w><w c5="AJ0" hw="warm" pos="ADJ">warm </w><w c5="NN1" hw="water" pos="SUBST">water </w><w c5="CJC" hw="and" pos="CONJ">and  </w><pause/><w c5="VVB" hw="see" pos="VERB">see </w><w c5="AVQ" hw="how" pos="ADV">how </w><w c5="PNP" hw="it" pos="PRON">it </w><w c5="VVZ" hw="go" pos="VERB">goes</w><c c5="PUN">.</c></s></u><u who="PS0M8">
<s n="119"><w c5="ITJ" hw="eh" pos="INTERJ">Eh</w><c c5="PUN">!</c></s></u><u who="PS0M6">
<s n="120"><w c5="AT0" hw="the" pos="ART">The </w><w c5="NN1" hw="ribbon" pos="SUBST">ribbon</w><w c5="VM0" hw="will" pos="VERB">'ll </w><w c5="VVI" hw="want" pos="VERB">want </w><w c5="NN1-VVG" hw="washing" pos="SUBST">washing</w><c c5="PUN">.</c></s>
<s n="121"><w c5="PNP" hw="it" pos="PRON">It</w><w c5="VBZ" hw="be" pos="VERB">'s </w><w c5="DT0" hw="all" pos="ADJ">all </w><w c5="AJ0" hw="sticky" pos="ADJ">sticky</w><c c5="PUN">!</c></s>
<s n="122"><pause dur="10"/><w c5="AV0" hw="well" pos="ADV">Well </w><w c5="PNP" hw="you" pos="PRON">you </w><w c5="VDB" hw="do" pos="VERB">do</w><w c5="XX0" hw="not" pos="ADV">n't </w><w c5="VVI" hw="sit" pos="VERB">sit </w><w c5="PRP" hw="on" pos="PREP">on </w><w c5="PNP" hw="he" pos="PRON">him </w><w c5="NP0" hw="marcus" pos="SUBST">Marcus</w><c c5="PUN">!</c></s>
<s n="123"><pause dur="12"/><w c5="VVG" hw="go" pos="VERB">Going </w><w c5="TO0" hw="to" pos="PREP">to </w><w c5="VVI" hw="give" pos="VERB">give </w><w c5="NN1" hw="doggy" pos="SUBST">doggy </w><w c5="AT0" hw="a" pos="ART">a </w><w c5="NN1" hw="wash" pos="SUBST">wash</w><c c5="PUN">?</c></s>
<s n="124"><w c5="ITJ" hw="eh" pos="INTERJ">Eh</w><c c5="PUN">?</c></s>
<s n="125"><w c5="VHB" hw="have" pos="VERB">Have </w><w c5="PNP" hw="we" pos="PRON">we</w><c c5="PUN">?</c></s></u><u who="PS0M8">
<s n="126"><align with="KDFLC00Y"/><w c5="ITJ" hw="yeah" pos="INTERJ">Yeah</w><c c5="PUN">.</c></s></u><u who="PS0M6">
<s n="127"><align with="KDFLC00Y"/><w c5="VVN" hw="get" pos="VERB">Got </w><w c5="TO0" hw="to" pos="PREP">to </w><align with="KDFLC010"/><w c5="VVI" hw="give" pos="VERB">give </w><w c5="NN1" hw="doggy" pos="SUBST">doggy </w><w c5="AT0" hw="a" pos="ART">a </w><w c5="NN1" hw="wash" pos="SUBST">wash</w><c c5="PUN">?</c></s>
<s n="128"><w c5="PNP" hw="i" pos="PRON">I</w><w c5="VM0" hw="will" pos="VERB">'ll </w><w c5="VVI" hw="get" pos="VERB">get </w><w c5="DT0" hw="some" pos="ADJ">some</w><c c5="PUN">, </c><w c5="PNP" hw="we" pos="PRON">we</w><w c5="VM0" hw="will" pos="VERB">'ll </w><w c5="VVI" hw="get" pos="VERB">get </w><w c5="DT0" hw="some" pos="ADJ">some </w><w c5="NN1" hw="water" pos="SUBST">water </w><w c5="AV0" hw="then" pos="ADV">then </w><w c5="CJC" hw="and" pos="CONJ">and </w><w c5="PNP" hw="we" pos="PRON">we</w><w c5="VM0" hw="will" pos="VERB">'ll </w><w c5="VVI" hw="give" pos="VERB">give </w><w c5="PNP" hw="he" pos="PRON">him </w><w c5="AT0" hw="a" pos="ART">a </w><w c5="NN1" hw="wash" pos="SUBST">wash</w><c c5="PUN">.</c></s>
<s n="129"><w c5="XX0" hw="not" pos="ADV">Not </w><w c5="PNP" hw="you" pos="PRON">you</w><c c5="PUN">, </c><w c5="PNP" hw="you" pos="PRON">you </w><w c5="AJ0" hw="little" pos="ADJ">little </w><w c5="NN1" hw="squirt" pos="SUBST">squirt</w><c c5="PUN">!</c></s></u></div><div n="063507"><u who="PS0M6">
<s n="130"><w c5="AV0" hw="now" pos="ADV">Now </w><w c5="PNP" hw="you" pos="PRON">you </w><w c5="VVB" hw="keep" pos="VERB">keep </w><w c5="AVP" hw="out" pos="ADV">out</w><c c5="PUN">.</c></s>
<s n="131"><pause dur="7"/><w c5="VDB" hw="do" pos="VERB">Do</w><w c5="XX0" hw="not" pos="ADV">n't </w><w c5="VVI" hw="touch" pos="VERB">touch</w><c c5="PUN">!</c><pause dur="6"/></s>
<s n="132"><w c5="AV0-AJ0" hw="bloody" pos="ADV">Bloody </w><w c5="AJ0" hw="filthy" pos="ADJ">filthy </w><w c5="VBZ" hw="be" pos="VERB">is </w><w c5="DT0" hw="this" pos="ADJ">this </w><w c5="NN1" hw="dog" pos="SUBST">dog</w><c c5="PUN">!</c></s>
<s n="133"><pause dur="6"/><w c5="PNP" hw="i" pos="PRON">I</w><w c5="VM0" hw="will" pos="VERB">'ll </w><w c5="VVI" hw="tip" pos="VERB">tip </w><w c5="PRP-AVP" hw="over" pos="PREP">over </w><w c5="AT0" hw="the" pos="ART">the  </w><pause/><w c5="VDB" hw="do" pos="VERB">do</w><w c5="XX0" hw="not" pos="ADV">n't</w><c c5="PUN">, </c><w c5="VVB" hw="get" pos="VERB">get </w><w c5="DPS" hw="you" pos="PRON">your </w> <w c5="NN2" hw="handy" pos="SUBST">handies </w><mw c5="PRP"><w c5="AVP" hw="out" pos="ADV">out </w><w c5="PRF" hw="of" pos="PREP">of </w></mw><w c5="DT0" hw="that" pos="ADJ">that </w><w c5="NN1" hw="water" pos="SUBST">water</w><c c5="PUN">!</c></s>
<s n="134"><w c5="ITJ" hw="no" pos="INTERJ">No</w><c c5="PUN">!</c></s>
<s n="135"><pause dur="6"/><w c5="PNP" hw="we" pos="PRON">We</w><w c5="VHB" hw="have" pos="VERB">'ve </w><w c5="VVN" hw="get" pos="VERB">got </w><w c5="TO0" hw="to" pos="PREP">to </w><w c5="VVI" hw="clean" pos="VERB">clean </w><w c5="DT0" hw="this" pos="ADJ">this </w><w c5="AVP" hw="up" pos="ADV">up </w><w c5="PRP" hw="for" pos="PREP">for </w><w c5="PNP" hw="you" pos="PRON">you </w><w c5="PRP" hw="for" pos="PREP">for </w><w c5="AT0" hw="the" pos="ART">the </w><w c5="NN1" hw="weekend" pos="SUBST">weekend</w><c c5="PUN">.</c></s>
<s n="136"><w c5="VHB" hw="have" pos="VERB">Have</w><w c5="XX0" hw="not" pos="ADV">n't </w><w c5="PNP" hw="we" pos="PRON">we</w><c c5="PUN">?</c></s>
<s n="137"><w c5="VVB" hw="clean" pos="VERB">Clean </w><w c5="PNP" hw="it" pos="PRON">it </w><w c5="AVP" hw="up" pos="ADV">up </w><w c5="CJC" hw="and" pos="CONJ">and </w><w c5="AV0" hw="then" pos="ADV">then </w><w c5="PNP" hw="you" pos="PRON">you </w><w c5="VVB" hw="take" pos="VERB">take </w><w c5="PNP" hw="he" pos="PRON">him </w><w c5="PRP" hw="in" pos="PREP">in </w><w c5="AT0" hw="the" pos="ART">the </w><unclear/><c c5="PUN">.</c></s></u><u who="PS0M8">
<s n="138"><w c5="ITJ" hw="mm" pos="INTERJ">Mm</w><c c5="PUN">!</c></s></u><u who="PS0M6">
<s n="139"><w c5="ITJ" hw="yeah" pos="INTERJ">Yeah</w><c c5="PUN">!</c></s></u><u who="PS0M8">
<s n="140"><w c5="NN1" hw="doggy" pos="SUBST">Doggy</w><c c5="PUN">!</c></s></u><u who="PS0M6">
<s n="141"><w c5="ITJ" hw="yeah" pos="INTERJ">Yeah</w><c c5="PUN">.</c></s>
<s n="142"><pause dur="9"/><unclear/><c c5="PUN">.</c><pause dur="8"/><w c5="ITJ" hw="no" pos="INTERJ">No</w><c c5="PUN">, </c><w c5="VDB" hw="do" pos="VERB">do</w><w c5="XX0" hw="not" pos="ADV">n't </w><w c5="VDI" hw="do" pos="VERB">do </w><w c5="DT0" hw="that" pos="ADJ">that</w><c c5="PUN">!</c></s>
<s n="143"><w c5="AJ0" hw="good" pos="ADJ">Good </w><w c5="NN1" hw="boy" pos="SUBST">boy</w><c c5="PUN">.</c></s>
<s n="144"><w c5="ITJ" hw="no" pos="INTERJ">No</w><c c5="PUN">!</c></s>
<s n="145"><pause dur="22"/><w c5="VVG" hw="come" pos="VERB">Coming </w><w c5="AVP" hw="off" pos="ADV">off </w><w c5="AV0" hw="reasonably" pos="ADV">reasonably </w><w c5="AV0" hw="well" pos="ADV">well</w><c c5="PUN">, </c><w c5="VBZ" hw="be" pos="VERB">is </w><w c5="AT0" hw="the" pos="ART">the </w><w c5="NN1" hw="muck" pos="SUBST">muck </w><w c5="PRP" hw="on" pos="PREP">on </w><w c5="DT0" hw="this" pos="ADJ">this</w><c c5="PUN">.</c></s>
<s n="146"><w c5="ITJ" hw="mm" pos="INTERJ">Mm</w><c c5="PUN">.</c></s>
<s n="147"><w c5="VDZ" hw="do" pos="VERB">Does</w><w c5="XX0" hw="not" pos="ADV">n't </w><w c5="VHI" hw="have" pos="VERB">have </w><w c5="TO0" hw="to" pos="PREP">to </w><w c5="VBI" hw="be" pos="VERB">be </w><w c5="AV0" hw="completely" pos="ADV">completely </w><w c5="AJ0" hw="spotless" pos="ADJ">spotless </w><w c5="VDZ" hw="do" pos="VERB">does </w><w c5="PNP" hw="it" pos="PRON">it</w><c c5="PUN">?</c></s>
<s n="148"><w c5="ITJ" hw="eh" pos="INTERJ">Eh</w><c c5="PUN">!</c></s>
<s n="149"><w c5="NN2" hw="handy" pos="SUBST">Handies </w><w c5="AVP" hw="out" pos="ADV">out</w><c c5="PUN">!</c></s></u><u who="PS0M9">
<s n="150"><w c5="PNP" hw="he" pos="PRON">He </w><w c5="VM0" hw="might" pos="VERB">might </w><w c5="VVI" hw="get" pos="VERB">get  </w><unclear/><w c5="TO0" hw="to" pos="PREP">to </w><w c5="VDI" hw="do" pos="VERB">do </w><w c5="PNP" hw="it" pos="PRON">it </w><w c5="AV0" hw="anyway" pos="ADV">anyway</w><c c5="PUN">.</c></s></u><u who="PS0M6">
<s n="151"><w c5="ITJ" hw="eh" pos="INTERJ">Eh</w><c c5="PUN">?</c></s></u><u who="PS0M9">
<s n="152"><w c5="VHB" hw="have" pos="VERB">Have </w><w c5="TO0" hw="to" pos="PREP">to </w><w c5="VVI" hw="get" pos="VERB">get  </w><unclear/><w c5="AT0" hw="a" pos="ART">a </w><w c5="NN1" hw="bit" pos="SUBST">bit </w><w c5="PRF" hw="of" pos="PREP">of </w><w c5="NN1" hw="dirt" pos="SUBST">dirt </w><align with="KDFLC011"/><w c5="AV0" hw="anyway" pos="ADV">anyway</w><c c5="PUN">.</c></s></u><u who="PS0M6">
<s n="153"><align with="KDFLC011"/><w c5="ITJ" hw="yeah" pos="INTERJ">Yeah</w><c c5="PUN">.</c></s>
<s n="154"><align with="KDFLC012"/><pause dur="9"/><w c5="AV0" hw="well" pos="ADV">Well </w><w c5="DT0" hw="some" pos="ADJ">some </w><w c5="PRF" hw="of" pos="PREP">of </w><w c5="PNP" hw="it" pos="PRON">it</w><c c5="PUN">, </c><w c5="PNP" hw="you" pos="PRON">you </w><w c5="VM0" hw="can" pos="VERB">ca</w><w c5="XX0" hw="not" pos="ADV">n't </w><w c5="VVI" hw="tell" pos="VERB">tell </w><w c5="CJS" hw="whether" pos="CONJ">whether </w><w c5="PNP" hw="it" pos="PRON">it</w><w c5="VBZ" hw="be" pos="VERB">'s </w><w c5="NN1" hw="dust" pos="SUBST">dust </w><w c5="CJC" hw="or" pos="CONJ">or </w><w c5="PNP" hw="it" pos="PRON">it</w><w c5="VBZ" hw="be" pos="VERB">'s </w><w c5="AT0" hw="the" pos="ART">the </w><w c5="NN1" hw="colouring" pos="SUBST">colouring</w><c c5="PUN">.</c></s>
<s n="155"><pause dur="27"/><w c5="VHB" hw="have" pos="VERB">Have </w><w c5="PNP" hw="you" pos="PRON">you </w><w c5="VVN" hw="use" pos="VERB">used </w><w c5="DT0" hw="that" pos="ADJ">that</w><c c5="PUN">?</c></s>
<s n="156"><w c5="VVB" hw="go" pos="VERB">Go </w><w c5="CJC" hw="and" pos="CONJ">and </w><w c5="VVB" hw="give" pos="VERB">give </w><w c5="DT0" hw="that" pos="ADJ">that </w><w c5="AVP" hw="back" pos="ADV">back </w><w c5="PRP" hw="to" pos="PREP">to </w><w c5="NN1" hw="daddy" pos="SUBST">daddy</w><c c5="PUN">.</c></s>
<s n="157"><pause dur="19"/><w c5="ITJ" hw="no" pos="INTERJ">No</w><c c5="PUN">, </c><w c5="VDB" hw="do" pos="VERB">do</w><w c5="XX0" hw="not" pos="ADV">n't </w><w c5="VDI" hw="do" pos="VERB">do </w><w c5="DT0" hw="that" pos="ADJ">that </w><w c5="CJS" hw="while" pos="CONJ">while </w><w c5="PNP" hw="we" pos="PRON">we</w><w c5="VBB" hw="be" pos="VERB">'re </w><w c5="VVG" hw="wash" pos="VERB">washing </w><w c5="PNP" hw="he" pos="PRON">him </w><w c5="PNP" hw="he" pos="PRON">he</w><w c5="VM0" hw="will" pos="VERB">'ll </w><w c5="VBI" hw="be" pos="VERB">be </w><w c5="AJ0" hw="wet" pos="ADJ">wet</w><c c5="PUN">.</c></s>
<s n="158"><w c5="VM0" hw="will" pos="VERB">Wo</w><w c5="XX0" hw="not" pos="ADV">n't </w><w c5="PNP" hw="he" pos="PRON">he</w><c c5="PUN">?</c></s>
<s n="159"><w c5="PNP" hw="he" pos="PRON">He</w><w c5="VM0" hw="will" pos="VERB">'ll </w><w c5="VBI" hw="be" pos="VERB">be </w><w c5="AJ0" hw="wet" pos="ADJ">wet</w><c c5="PUN">.</c></s>
<s n="160"><pause dur="19"/><w c5="ITJ" hw="no" pos="INTERJ">No</w><c c5="PUN">!</c></s>
<s n="161"><w c5="ITJ" hw="ah" pos="INTERJ">Ah </w><w c5="ITJ" hw="ah" pos="INTERJ">ah</w><c c5="PUN">!</c></s>
<s n="162"><w c5="VDB" hw="do" pos="VERB">Do</w><w c5="XX0" hw="not" pos="ADV">n't </w><w c5="VDI" hw="do" pos="VERB">do </w><w c5="DT0" hw="that" pos="ADJ">that</w><c c5="PUN">.</c></s>
<s n="163"><w c5="AJ0" hw="good" pos="ADJ">Good </w><w c5="NN1" hw="boy" pos="SUBST">boy</w><c c5="PUN">.</c></s>
<s n="164"><w c5="VVB" hw="wash" pos="VERB">Wash </w><w c5="DPS" hw="he" pos="PRON">his </w><w c5="NN1" hw="nose" pos="SUBST">nose </w><w c5="CJC" hw="and" pos="CONJ">and </w><unclear/><c c5="PUN">.</c></s>
<s n="165"><pause dur="15"/><w c5="VVB-NN1" hw="wash" pos="VERB">Wash </w><w c5="PRP-AVP" hw="round" pos="PREP">round </w><w c5="DPS" hw="he" pos="PRON">his </w><w c5="NN2" hw="ear" pos="SUBST">ears</w><c c5="PUN">.</c></s>
<s n="166"><w c5="AV0" hw="there" pos="ADV">There</w><c c5="PUN">.</c></s>
<s n="167"><pause dur="18"/><w c5="AV0" hw="anyway" pos="ADV">Anyway</w><c c5="PUN">, </c><w c5="AV0" hw="well" pos="ADV">well </w><w c5="DT0" hw="that" pos="ADJ">that</w><w c5="VBZ" hw="be" pos="VERB">'s </w><w c5="DPS" hw="he" pos="PRON">his </w><w c5="NN1" hw="head" pos="SUBST">head </w><w c5="VDN" hw="do" pos="VERB">done</w><c c5="PUN">.</c></s>
<s n="168"><mw c5="AV0"><w c5="PRP" hw="at" pos="PREP">At </w><w c5="AV0" hw="least" pos="ADV">least </w></mw><w c5="DPS" hw="he" pos="PRON">his </w><w c5="NN1" hw="head" pos="SUBST">head </w><w c5="VVZ" hw="look" pos="VERB">looks </w><mw c5="AV0"><w c5="AT0" hw="a" pos="ART">a </w><w c5="NN1" hw="bit" pos="SUBST">bit </w></mw><w c5="AJC" hw="clean" pos="ADJ">cleaner</w><c c5="PUN">.</c></s>
<s n="169"><pause dur="16"/><w c5="NN2" hw="paw" pos="SUBST">Paws </w><w c5="VBB" hw="be" pos="VERB">are </w><w c5="AJ0" hw="filthy" pos="ADJ">filthy</w><c c5="PUN">.</c></s>
<s n="170"><mw c5="AV0"><w c5="PRP" hw="at" pos="PREP">At </w><w c5="AV0" hw="least" pos="ADV">least </w></mw><w c5="VVG" hw="clean" pos="VERB">cleaning </w><w c5="DT0" hw="this" pos="ADJ">this </w><w c5="NN1" hw="stuff" pos="SUBST">stuff </w><unclear/><c c5="PUN">.</c></s></u><u who="PS0M9">
<s n="171"><w c5="DTQ" hw="what" pos="PRON">What</w><c c5="PUN">?</c></s></u><u who="PS0M6">
<s n="172"><w c5="VVG-AJ0" hw="fetch" pos="VERB">Fetching </w><w c5="PNP" hw="it" pos="PRON">it </w><w c5="AVP" hw="up" pos="ADV">up </w><w c5="AV0" hw="reasonably" pos="ADV">reasonably </w><w c5="AV0-AJ0" hw="well" pos="ADV">well</w><c c5="PUN">.</c></s>
<s n="173"><w c5="PNP" hw="it" pos="PRON">It </w><w c5="VBD" hw="be" pos="VERB">was </w><w c5="AJ0" hw="filthy" pos="ADJ">filthy</w><c c5="PUN">.</c></s>
<s n="174"><w c5="CJC" hw="and" pos="CONJ">And </w><w c5="PNP" hw="we" pos="PRON">we</w><w c5="VHB" hw="have" pos="VERB">'ve </w><w c5="VDN" hw="do" pos="VERB">done </w><w c5="DPS" hw="he" pos="PRON">his </w><w c5="NN1" hw="head" pos="SUBST">head</w><c c5="PUN">.</c></s></u><u who="PS0M9">
<s n="175"><w c5="ITJ" hw="mm" pos="INTERJ">Mm </w><w c5="ITJ" hw="mm" pos="INTERJ">mm</w><c c5="PUN">.</c></s></u><u who="PS0M6">
<s n="176"><w c5="ITJ" hw="eh" pos="INTERJ">Eh</w><c c5="PUN">?</c></s></u><u who="PS0M9">
<s n="177"><w c5="ITJ" hw="mm" pos="INTERJ">Mm</w><c c5="PUN">.</c></s></u><u who="PS0M6">
<s n="178"><unclear/><pause dur="22"/><w c5="PNI" hw="everybody" pos="PRON">Everybody </w><w c5="VVZ" hw="say" pos="VERB">says </w><w c5="PNI" hw="owt" pos="PRON">owt </w><w c5="PRP" hw="about" pos="PREP">about </w><w c5="AT0" hw="the" pos="ART">the </w><unclear/><c c5="PUN">, </c><w c5="DTQ" hw="whatever" pos="PRON">whatever </w><w c5="PNP" hw="it" pos="PRON">it </w><w c5="VBZ" hw="be" pos="VERB">is</w><c c5="PUN">.</c></s>
<s n="179"><unclear/><pause/><w c5="VVB" hw="say" pos="VERB">Say</w><c c5="PUN">, </c><w c5="PNP" hw="it" pos="PRON">it </w><w c5="VBD" hw="be" pos="VERB">was </w><w c5="AJ0" hw="filthy" pos="ADJ">filthy</w><c c5="PUN">!</c></s></u></div><div n="063508"><u who="PS0M6">
<s n="180"><w c5="VVB" hw="look" pos="VERB">Look </w><w c5="DTQ" hw="what" pos="PRON">what </w><w c5="PNP" hw="she" pos="PRON">she </w><w c5="VVD" hw="say" pos="VERB">said </w><w c5="PRP" hw="about" pos="PREP">about </w><w c5="AT0" hw="the" pos="ART">the</w><c c5="PUN">, </c><w c5="UNC" hw="er" pos="UNC">er</w><c c5="PUN">,</c><unclear/><c c5="PUN">?</c></s>
<s n="181"><unclear/><c c5="PUN">. </c><w c5="VVN-VVD" hw="say" pos="VERB">Said </w><w c5="AT0" hw="the" pos="ART">the </w><w c5="ORD" hw="first" pos="ADJ">first </w><w c5="NN1" hw="time" pos="SUBST">time </w><w c5="PNP" hw="she" pos="PRON">she </w><w c5="VVD" hw="come" pos="VERB">came </w><w c5="AVP" hw="round" pos="ADV">round </w><w c5="PNP" hw="she" pos="PRON">she </w><w c5="VDD" hw="do" pos="VERB">did</w><w c5="XX0" hw="not" pos="ADV">n't </w><w c5="VVI" hw="look" pos="VERB">look </w><w c5="PRP" hw="at" pos="PREP">at </w><w c5="PNP" hw="it" pos="PRON">it</w><c c5="PUN">, </c><w c5="CJC" hw="and" pos="CONJ">and </w><w c5="AV0" hw="then" pos="ADV">then</w><c c5="PUN">, </c><w c5="PRP" hw="after" pos="PREP">after </w><w c5="DT0" hw="that" pos="ADJ">that </w><w c5="PNP" hw="she" pos="PRON">she </w><w c5="VVD" hw="look" pos="VERB">looked </w><w c5="AV0" hw="really" pos="ADV">really  </w><pause dur="8"/><w c5="PNP" hw="i" pos="PRON">I </w><w c5="VVB" hw="hope" pos="VERB">hope </w><w c5="PNP" hw="she" pos="PRON">she </w><w c5="VDZ" hw="do" pos="VERB">does</w><w c5="XX0" hw="not" pos="ADV">n't </w><w c5="VVI" hw="fall" pos="VERB">fall</w><c c5="PUN">.</c></s>
<s n="182"><pause dur="10"/><vocal desc="yawn"/><pause dur="13"/><w c5="VVB" hw="hold" pos="VERB">Hold </w><w c5="AV0-AJ0" hw="tight" pos="ADV">tight</w><c c5="PUN">.</c></s>
<s n="183"><pause dur="6"/><w c5="AJ0" hw="dizzy" pos="ADJ">Dizzy</w><c c5="PUN">!</c></s></u><u who="KDFPSUNK">
<vocal desc="laugh"/>
</u><u who="PS0M6">
<s n="184"><shift new="singing"/><w c5="PNP" hw="i" pos="PRON">I </w><w c5="VVB" hw="feel" pos="VERB">feel </w><w c5="AJ0" hw="dizzy" pos="ADJ">dizzy</w><c c5="PUN">, </c><w c5="DPS" hw="i" pos="PRON">my </w><w c5="NN1" hw="head" pos="SUBST">head </w><w c5="VBZ" hw="be" pos="VERB">is </w><w c5="VVG-AJ0" hw="spin" pos="VERB">spinning </w><shift/><c c5="PUN">.</c></s>
<s n="185"><w c5="ITJ" hw="ha" pos="INTERJ">Ha</w><c c5="PUN">!</c><unclear/><w c5="VBD" hw="be" pos="VERB">were </w><w c5="VDG" hw="do" pos="VERB">doing </w><w c5="DT0" hw="that" pos="ADJ">that</w><c c5="PUN">.</c></s>
<s n="186"><vocal desc="laugh"/><pause/><w c5="PNP" hw="he" pos="PRON">He</w><w c5="VHZ" hw="have" pos="VERB">'s </w><w c5="VVN" hw="lose" pos="VERB">lost </w><w c5="PNP" hw="his" pos="PRON">his </w><unclear/><c c5="PUN">.</c></s>
<s n="187"><pause dur="8"/><w c5="VHB" hw="have" pos="VERB">Have </w><w c5="PNP" hw="you" pos="PRON">you </w><w c5="VVN" hw="get" pos="VERB">got </w><w c5="DPS" hw="he" pos="PRON">his </w><w c5="NN2" hw="shoe" pos="SUBST">shoes</w><c c5="PUN">?</c></s>
<s n="188"><pause dur="13"/><w c5="PNI" hw="somebody" pos="PRON">Somebody</w><w c5="VBZ" hw="be" pos="VERB">'s </w><w c5="VVG" hw="go" pos="VERB">going </w><mw c5="PRP"><w c5="AVP" hw="up" pos="ADV">up </w><w c5="PRP" hw="to" pos="PREP">to </w></mw><w c5="NN1" hw="bed" pos="SUBST">bed </w><w c5="AV0" hw="shortly" pos="ADV">shortly</w><c c5="PUN">.</c></s></u><u who="PS0M9">
<s n="189"><w c5="VVB" hw="come" pos="VERB">Come </w><w c5="AV0" hw="here" pos="ADV">here</w><c c5="PUN">!</c><unclear/><w c5="PRP" hw="to" pos="PREP">to </w><w c5="PNP" hw="i" pos="PRON">me</w><c c5="PUN">.</c></s>
<s n="190"><w c5="VVB" hw="come" pos="VERB">Come </w><w c5="AVP" hw="on" pos="ADV">on</w><c c5="PUN">!</c></s>
<s n="191"><pause dur="11"/><w c5="ITJ" hw="ah" pos="INTERJ">Ah</w><c c5="PUN">.</c></s>
<s n="192"><w c5="VVB" hw="put" pos="VERB">Put </w><w c5="DPS" hw="you" pos="PRON">your </w><w c5="NN1" hw="head" pos="SUBST">head </w><w c5="AVP" hw="down" pos="ADV">down</w><c c5="PUN">.</c></s></u><u who="PS0M8">
<vocal desc="crying"/>
</u><u who="PS0M6">
<s n="193"><w c5="ITJ" hw="oh" pos="INTERJ">Oh</w><c c5="PUN">!</c></s>
<s n="194"><w c5="PNP" hw="i" pos="PRON">I </w><w c5="VVD" hw="hear" pos="VERB">heard </w><w c5="DT0-CJT" hw="that" pos="ADJ">that  </w><pause/><w c5="AV0" hw="then" pos="ADV">then</w><c c5="PUN">.</c></s>
<s n="195"><w c5="DT0" hw="that" pos="ADJ">That</w><c c5="PUN">, </c><w c5="VBD" hw="be" pos="VERB">was </w><w c5="PNP" hw="it" pos="PRON">it </w><w c5="DPS" hw="he" pos="PRON">his </w><w c5="NN1" hw="arm" pos="SUBST">arm</w><c c5="PUN">?</c></s></u><u who="PS0M8">
<vocal desc="crying"/>
</u><u who="PS0M6">
<s n="196"><w c5="PNP" hw="it" pos="PRON">It</w><w c5="VHZ" hw="have" pos="VERB">'s </w><w c5="VVN" hw="hurt" pos="VERB">hurt </w><w c5="PNP" hw="he" pos="PRON">him </w><w c5="DTQ" hw="whatever" pos="PRON">whatever </w><w c5="PNP" hw="it" pos="PRON">it </w><w c5="VBD" hw="be" pos="VERB">was</w><c c5="PUN">.</c></s></u><u who="PS0M9">
<unclear/> <vocal desc="laugh"/> <pause dur="6"/> <unclear/>
</u><u who="PS0M6">
<s n="197"><w c5="AV0" hw="well" pos="ADV">Well  </w><pause/><w c5="PNP" hw="it" pos="PRON">it </w><w c5="AV0-AJ0" hw="bloody" pos="ADV">bloody </w><w c5="VVZ" hw="hurt" pos="VERB">hurts </w><w c5="AV0" hw="now" pos="ADV">now</w><c c5="PUN">!</c></s></u><u who="PS0M8">
<s n="198"><w c5="ITJ" hw="urgh" pos="INTERJ">Urgh</w><c c5="PUN">!</c></s>
<s n="199"><w c5="ITJ" hw="urgh" pos="INTERJ">Urgh</w><c c5="PUN">!</c></s>
<s n="200"><w c5="ITJ" hw="urgh" pos="INTERJ">Urgh</w><c c5="PUN">!</c></s></u><u who="PS0M9">
<s n="201"><w c5="ITJ" hw="urgh" pos="INTERJ">Urgh</w><c c5="PUN">!</c></s>
<s n="202"><w c5="ITJ" hw="urgh" pos="INTERJ">Urgh</w><c c5="PUN">!</c></s>
<s n="203"><w c5="ITJ" hw="urgh" pos="INTERJ">Urgh</w><c c5="PUN">!</c></s>
<s n="204"><w c5="ITJ" hw="urgh" pos="INTERJ">Urgh</w><c c5="PUN">!</c></s>
<s n="205"><w c5="ITJ" hw="urgh" pos="INTERJ">Urgh</w><c c5="PUN">!</c></s>
<s n="206"><w c5="ITJ" hw="ha" pos="INTERJ">Ha </w><w c5="ITJ" hw="ha" pos="INTERJ">ha </w><w c5="ITJ" hw="ha" pos="INTERJ">ha </w><w c5="ITJ" hw="ha" pos="INTERJ">ha </w><w c5="ITJ" hw="ha" pos="INTERJ">ha</w><c c5="PUN">!</c></s>
<s n="207"><pause dur="7"/><w c5="CJC" hw="but" pos="CONJ">But </w><w c5="PNP" hw="i" pos="PRON">I </w><w c5="VDB" hw="do" pos="VERB">do</w><w c5="XX0" hw="not" pos="ADV">n't </w><w c5="VVI" hw="know" pos="VERB">know </w><w c5="CJS" hw="if" pos="CONJ">if</w><c c5="PUN">, </c><w c5="PNP" hw="i" pos="PRON">I </w><w c5="VVB" hw="think" pos="VERB">think </w><w c5="PNP" hw="he" pos="PRON">he </w><w c5="VVZ" hw="want" pos="VERB">wants </w><w c5="TO0" hw="to" pos="PREP">to </w><w c5="VVI" hw="go" pos="VERB">go </w><w c5="AVP-PRP" hw="in" pos="ADV">in </w><unclear/><c c5="PUN">.</c></s></u><u who="PS0M6">
<s n="208"><w c5="AV0" hw="well" pos="ADV">Well </w><w c5="VVB" hw="watch" pos="VERB">watch </w><w c5="DPS" hw="he" pos="PRON">his </w><w c5="NN1" hw="neck" pos="SUBST">neck  </w><pause/><align with="KDFLC013"/><w c5="DT0" hw="more" pos="ADJ">more </w><w c5="CJS" hw="than" pos="CONJ">than </w><w c5="PNI" hw="anything" pos="PRON">anything</w><c c5="PUN">.</c></s></u><u who="PS0M8">
<align with="KDFLC013"/><vocal desc="scream"/> <align with="KDFLC014"/></u><u who="PS0M9">
<s n="209"><w c5="AV0" hw="right" pos="ADV">Right</w><c c5="PUN">.</c></s>
<s n="210"><w c5="VVB" hw="put" pos="VERB">Put </w><w c5="DPS" hw="you" pos="PRON">your </w><w c5="NN1" hw="head" pos="SUBST">head </w><w c5="AVP" hw="down" pos="ADV">down</w><c c5="PUN">.</c></s>
<s n="211"><w c5="VVB" hw="put" pos="VERB">Put </w><w c5="DPS" hw="you" pos="PRON">your </w><w c5="NN1" hw="head" pos="SUBST">head </w><w c5="AVP" hw="down" pos="ADV">down</w><c c5="PUN">.</c></s></u><u who="PS0M6">
<s n="212"><w c5="AV0" hw="right" pos="ADV">Right </w><w c5="NP0" hw="paul" pos="SUBST">Paul</w><c c5="PUN">.</c></s></u><u who="PS0M9">
<s n="213"><w c5="DT0" hw="that" pos="ADJ">That</w><w c5="VBZ" hw="be" pos="VERB">'s </w><w c5="PNP" hw="it" pos="PRON">it</w><c c5="PUN">.</c></s></u><u who="PS0M6">
<s n="214"><w c5="VVB" hw="watch" pos="VERB">Watch </w><w c5="DPS" hw="he" pos="PRON">his </w><w c5="NN1" hw="arm" pos="SUBST">arm</w><c c5="PUN">!</c></s>
<s n="215"><w c5="CJS" hw="cos" pos="CONJ">Cos </w><w c5="DT0" hw="that" pos="ADJ">that</w><w c5="VBZ" hw="be" pos="VERB">'s </w><w c5="DTQ" hw="what" pos="PRON">what  </w><pause/><w c5="AT0" hw="no" pos="ART">no </w><w c5="VVB-NN1" hw="leave" pos="VERB">leave </w><w c5="PNP" hw="he" pos="PRON">him</w><c c5="PUN">, </c><w c5="PNP" hw="i" pos="PRON">I </w><w c5="VVB" hw="think" pos="VERB">think </w><w c5="PNP" hw="he" pos="PRON">he </w><w c5="VVZ" hw="want" pos="VERB">wants </w><w c5="TO0" hw="to" pos="PREP">to </w><w c5="VVI" hw="go" pos="VERB">go </w><w c5="PRP" hw="to" pos="PREP">to </w><w c5="NN1" hw="sleep" pos="SUBST">sleep</w><c c5="PUN">.</c></s>
<s n="216"><w c5="VVB" hw="watch" pos="VERB">Watch </w><w c5="DPS" hw="he" pos="PRON">his </w><w c5="NN1" hw="neck" pos="SUBST">neck</w><c c5="PUN">!</c></s></u><u who="PS0M9">
<vocal desc="laugh"/>
</u><u who="PS0M8"><unclear/></u><u who="PS0M6">
<s n="217"><w c5="ITJ" hw="eh" pos="INTERJ">Eh</w><c c5="PUN">?</c></s></u><u who="PS0M9">
<s n="218"><w c5="AV0" hw="right" pos="ADV">Right</w><c c5="PUN">.</c></s>
<s n="219"><unclear/><w c5="DT0" hw="that" pos="ADJ">that </w><w c5="NN1" hw="way" pos="SUBST">way</w><c c5="PUN">.</c></s></u></div><div n="063602"><u who="KDFPSUNK">
<s n="220"><w c5="ITJ" hw="ah" pos="INTERJ">Ah</w><c c5="PUN">!</c></s>
<s n="221"><w c5="VHB" hw="have" pos="VERB">Have </w><w c5="PNP" hw="you" pos="PRON">you </w><w c5="VBN" hw="be" pos="VERB">been </w><w c5="AJ0" hw="proper" pos="ADJ">proper </w><w c5="AJ0-AV0" hw="poorly" pos="ADJ">poorly</w><c c5="PUN">?</c></s>
<s n="222"><w c5="ITJ" hw="eh" pos="INTERJ">Eh</w><c c5="PUN">?</c></s>
<s n="223"><w c5="AVQ" hw="how" pos="ADV">How</w><w c5="VBZ" hw="be" pos="VERB">'s </w><w c5="NP0" hw="paul" pos="SUBST">Paul</w><c c5="PUN">, </c><w c5="AV0" hw="alright" pos="ADV">alright</w><c c5="PUN">?</c></s></u><u who="PS0M6">
<s n="224"><w c5="PNP" hw="he" pos="PRON">He</w><w c5="VBZ" hw="be" pos="VERB">'s </w><w c5="AJ0" hw="alright" pos="ADJ">alright</w><c c5="PUN">, </c><w c5="ITJ" hw="yeah" pos="INTERJ">yeah</w><c c5="PUN">.</c></s></u><u who="KDFPSUNK">
<s n="225"><w c5="CJC" hw="and" pos="CONJ">And </w><w c5="AVQ" hw="how" pos="ADV">how</w><c c5="PUN">, </c><w c5="ITJ" hw="oh" pos="INTERJ">oh</w><c c5="PUN">, </c><w c5="AV0" hw="fully" pos="ADV">fully </w><w c5="VVN" hw="recover" pos="VERB">recovered </w><w c5="AV0" hw="now" pos="ADV">now</w><c c5="PUN">?</c></s></u><u who="PS0M6">
<s n="226"><w c5="AV0" hw="well" pos="ADV">Well</w><c c5="PUN">, </c><w c5="PNP" hw="she" pos="PRON">she </w><w c5="VVD" hw="take" pos="VERB">took</w><c c5="PUN">, </c><mw c5="AV0"><w c5="NN1" hw="sort" pos="SUBST">sort </w><w c5="PRF" hw="of" pos="PREP">of </w></mw><w c5="NP0" hw="friday" pos="SUBST">Friday</w><c c5="PUN">.</c></s>
<s n="227"><w c5="CJC" hw="and" pos="CONJ">And </w><w c5="PNP" hw="i" pos="PRON">I </w><w c5="VVB" hw="start" pos="VERB">start </w><w c5="VVG" hw="wait" pos="VERB">waiting</w><c c5="PUN">, </c><w c5="PNP" hw="i" pos="PRON">I</w><w c5="VHB" hw="have" pos="VERB">'ve </w><w c5="VVN" hw="get" pos="VERB">got</w><w c5="TO0" hw="ta" pos="PREP">ta </w><w c5="VVI" hw="wait" pos="VERB">wait </w><w c5="PRP" hw="for" pos="PREP">for </w><w c5="AT0" hw="a" pos="ART">a </w><w c5="NN1" hw="report" pos="SUBST">report </w><w c5="PRP" hw="for" pos="PREP">for </w><w c5="DT0" hw="that" pos="ADJ">that </w><w c5="NP0" hw="wednesday" pos="SUBST">Wednesday</w><c c5="PUN">.</c></s></u><u who="KDFPSUNK">
<s n="228"><w c5="DTQ" hw="what" pos="PRON">What </w><w c5="AT0" hw="a" pos="ART">a </w><w c5="NN1" hw="shame" pos="SUBST">shame</w><c c5="PUN">!</c></s>
<s n="229"><w c5="PNP" hw="you" pos="PRON">You</w><w c5="VM0" hw="will" pos="VERB">'ll </w><align with="KDFLC015"/><w c5="VHI" hw="have" pos="VERB">have </w><w c5="TO0" hw="to" pos="PREP">to </w><align with="KDFLC016"/></s></u><u who="PS0M6">
<s n="230"><align with="KDFLC015"/><w c5="NP0" hw="friday" pos="SUBST">Friday</w><c c5="PUN">.</c></s></u><u who="KDFPSUNK">
<s n="231"><w c5="VVB" hw="keep" pos="VERB">keep </w><w c5="DPS" hw="she" pos="PRON">her </w><w c5="AJ0" hw="warm" pos="ADJ">warm</w><c c5="PUN">.</c></s>
<s n="232"><align with="KDFLC017"/><w c5="PNP" hw="they" pos="PRON">They</w><w c5="VBB" hw="be" pos="VERB">'re </w><w c5="XX0" hw="not" pos="ADV">not </w><align with="KDFLC018"/></s></u><u who="PS0M6">
<s n="233"><align with="KDFLC017"/><w c5="PNP" hw="i" pos="PRON">I </w><w c5="VVB" hw="know" pos="VERB">know</w><c c5="PUN">.</c></s></u><u who="KDFPSUNK">
<s n="234"><w c5="VVG" hw="gon" pos="VERB">gon</w><w c5="TO0" hw="na" pos="PREP">na </w><w c5="VVI" hw="keep" pos="VERB">keep </w><unclear/><c c5="PUN">.</c></s></u><u who="PS0M6">
<s n="235"><w c5="NP0" hw="friday" pos="SUBST">Friday</w><c c5="PUN">, </c><w c5="PNP" hw="he" pos="PRON">he </w><w c5="VVD" hw="terrify" pos="VERB">terrified </w><w c5="PNP" hw="i" pos="PRON">me</w><c c5="PUN">!</c><unclear/><c c5="PUN">, </c><w c5="AV0" hw="even" pos="ADV">even </w><w c5="AJ0" hw="liquid" pos="ADJ">liquid  </w><pause/><w c5="PNI" hw="everything" pos="PRON">everything </w><w c5="VVD" hw="come" pos="VERB">came </w><w c5="AVP" hw="back" pos="ADV">back </w><w c5="AVP" hw="up" pos="ADV">up</w><c c5="PUN">!</c></s></u><u who="KDFPSUNK">
<s n="236"><align with="KDFLC019"/><w c5="AJ0" hw="poor" pos="ADJ">Poor </w><w c5="AJ0" hw="little" pos="ADJ">little </w><align with="KDFLC01A"/></s></u><u who="PS0M6">
<s n="237"><align with="KDFLC019"/><w c5="PNP" hw="i" pos="PRON">I </w><w c5="VVD" hw="think" pos="VERB">thought </w><w c5="AJ0" hw="great" pos="ADJ">great</w><c c5="PUN">!</c></s></u><u who="KDFPSUNK">
<s n="238"><w c5="PNP" hw="he" pos="PRON">He</w><w c5="VBZ" hw="be" pos="VERB">'s </w><w c5="VVZ" hw="look" pos="VERB">looks </w><mw c5="AV0"><w c5="AT0" hw="a" pos="ART">a </w><w c5="NN1" hw="bit" pos="SUBST">bit</w></mw><c c5="PUN">, </c><w c5="PNP" hw="he" pos="PRON">he </w><w c5="VVZ" hw="look" pos="VERB">looks </w><w c5="AJ0" hw="alright" pos="ADJ">alright </w><w c5="AV0" hw="now" pos="ADV">now </w><align with="KDFLC01B"/><w c5="AV0" hw="though" pos="ADV">though</w><c c5="PUN">.</c></s></u><u who="PS0M6">
<s n="239"><align with="KDFLC01B"/><w c5="ITJ" hw="oh" pos="INTERJ">Oh </w><align with="KDFLC01C"/><c c5="PUN">, </c><w c5="PNP" hw="he" pos="PRON">he</w><w c5="VBZ" hw="be" pos="VERB">'s </w><w c5="AJ0" hw="alright" pos="ADJ">alright </w><align with="KDFLC01D"/><w c5="AV0" hw="now" pos="ADV">now</w><c c5="PUN">.</c></s></u><u who="KDFPSUNK">
<s n="240"><align with="KDFLC01D"/><w c5="CJC" hw="but" pos="CONJ">But </w><align with="KDFLC01E"/><w c5="VVB" hw="keep" pos="VERB">keep </w><w c5="PNP" hw="he" pos="PRON">him </w><w c5="AJ0" hw="warm" pos="ADJ">warm</w><c c5="PUN">, </c><w c5="PNP" hw="it" pos="PRON">it</w><w c5="VBZ" hw="be" pos="VERB">'s </w><align with="KDFLC01G"/></s></u><u who="PS0M6">
<s n="241"><align with="KDFLC01F"/><w c5="ITJ" hw="yeah" pos="INTERJ">Yeah</w><c c5="PUN">.</c></s></u><u who="KDFPSUNK">
<s n="242"><w c5="AJ0" hw="bitter" pos="ADJ">bitter</w><c c5="PUN">!</c></s></u><u who="PS0M6">
<s n="243"><w c5="AV0" hw="well" pos="ADV">Well </w><w c5="DPS" hw="i" pos="PRON">my </w><w c5="NN1" hw="mate" pos="SUBST">mate</w><w c5="VBZ" hw="be" pos="VERB">'s </w><w c5="AJ0" hw="little" pos="ADJ">little </w><w c5="PNI" hw="one" pos="PRON">one</w><w c5="VHZ" hw="have" pos="VERB">'s </w><w c5="VVN" hw="start" pos="VERB">started </w><w c5="PRP" hw="with" pos="PREP">with </w><w c5="PNP" hw="it" pos="PRON">it </w><w c5="AV0" hw="now" pos="ADV">now</w><c c5="PUN">.</c></s></u><u who="KDFPSUNK">
<s n="244"><w c5="AV0" hw="well" pos="ADV">Well </w><w c5="PNP" hw="you" pos="PRON">you </w><w c5="VBB" hw="be" pos="VERB">be </w><w c5="AJ0" hw="careful" pos="ADJ">careful </w><w c5="PNP" hw="you" pos="PRON">you </w><w c5="VDB" hw="do" pos="VERB">do</w><w c5="XX0" hw="not" pos="ADV">n't </w><w c5="VVI" hw="get" pos="VERB">get </w><w c5="PNP" hw="it" pos="PRON">it</w><c c5="PUN">.</c></s></u><u who="PS0M6">
<s n="245"><shift new="laughing"/><w c5="PNP" hw="i" pos="PRON">I </w><w c5="VVB" hw="hope" pos="VERB">hope   </w><shift/><pause/><w c5="PNP" hw="i" pos="PRON">I </w><w c5="VM0" hw="could" pos="VERB">could </w><w c5="VHI" hw="have" pos="VERB">have </w><w c5="VDN" hw="do" pos="VERB">done </w><w c5="PRP" hw="with" pos="PREP">with </w><w c5="DT0" hw="that" pos="ADJ">that</w></s></u></div><div n="063603"><u who="PS0M6">
<s n="246"><w c5="AV0" hw="here" pos="ADV">Here </w><w c5="PNP" hw="we" pos="PRON">we </w><w c5="VVB" hw="go" pos="VERB">go</w><c c5="PUN">.</c></s>
<s n="247"><pause dur="6"/><vocal desc="sigh"/><pause/><w c5="AV0" hw="there" pos="ADV">There </w><w c5="PNP" hw="we" pos="PRON">we </w><w c5="VVB" hw="go" pos="VERB">go</w><c c5="PUN">.</c></s>
<s n="248"><w c5="AV0" hw="there" pos="ADV">There </w><w c5="PNP" hw="we" pos="PRON">we </w><w c5="VVB" hw="go" pos="VERB">go</w><c c5="PUN">!</c></s>
<s n="249"><w c5="VDB" hw="do" pos="VERB">Do</w><w c5="XX0" hw="not" pos="ADV">n't </w><w c5="VHI" hw="have" pos="VERB">have </w><w c5="DT0" hw="that" pos="ADJ">that</w><c c5="PUN">, </c><w c5="VHI" hw="have" pos="VERB">have </w><w c5="DT0" hw="that" pos="ADJ">that </w> <w c5="NN1" hw="dungy" pos="SUBST">dungy </w><w c5="PRP-AVP" hw="on" pos="PREP">on </w><w c5="AV0" hw="there" pos="ADV">there</w><c c5="PUN">.</c></s>
<s n="250"><w c5="VHB" hw="have" pos="VERB">Have </w><w c5="DT0" hw="that" pos="ADJ">that </w><w c5="PNI" hw="one" pos="PRON">one </w><w c5="PRP" hw="on" pos="PREP">on </w><w c5="DPS" hw="you" pos="PRON">your </w><w c5="NN1" hw="chair" pos="SUBST">chair</w><c c5="PUN">.</c></s>
<s n="251"><pause dur="7"/><w c5="VVB" hw="take" pos="VERB">Take </w><w c5="PNP" hw="it" pos="PRON">it </w><w c5="PRP-AVP" hw="off" pos="PREP">off </w><w c5="DT0" hw="this" pos="ADJ">this </w><w c5="NN1" hw="time" pos="SUBST">time</w><c c5="PUN">.</c></s>
<s n="252"><pause dur="13"/><shift new="whispering"/><w c5="AV0" hw="there" pos="ADV">There </w><w c5="PNP" hw="we" pos="PRON">we </w><w c5="VBB" hw="be" pos="VERB">are </w><shift/><c c5="PUN">.</c></s>
<s n="253"><vocal desc="sniff"/><pause/><w c5="VVN-VVD" hw="get" pos="VERB">Got </w><w c5="DT0" hw="that" pos="ADJ">that </w><w c5="AJ0" hw="little" pos="ADJ">little </w><w c5="NN1" hw="bit" pos="SUBST">bit </w><w c5="VVD-VVN" hw="sort" pos="VERB">sorted </w><w c5="AVP" hw="out" pos="ADV">out </w><w c5="AV0" hw="now" pos="ADV">now </w><w c5="VHZ" hw="have" pos="VERB">has</w><w c5="XX0" hw="not" pos="ADV">n't </w><w c5="PNP" hw="it" pos="PRON">it</w><c c5="PUN">?</c></s>
<s n="254"><w c5="ITJ" hw="eh" pos="INTERJ">Eh</w><c c5="PUN">?</c></s>
<s n="255"><pause dur="8"/><w c5="DT0" hw="some" pos="ADJ">Some </w><w c5="NN1" hw="meat" pos="SUBST">meat </w><w c5="PRP" hw="for" pos="PREP">for </w><w c5="NN1" hw="daddy" pos="SUBST">daddy  </w><pause/><w c5="NN1" hw="tea" pos="SUBST">tea</w><c c5="PUN">.</c></s>
<s n="256"><pause dur="9"/><w c5="VVB" hw="come" pos="VERB">Come </w><w c5="AVP" hw="on" pos="ADV">on </w><w c5="AV0" hw="then" pos="ADV">then</w><c c5="PUN">, </c><w c5="AT0" hw="the" pos="ART">the </w><w c5="NN0" hw="pair" pos="SUBST">pair </w><w c5="PRF" hw="of" pos="PREP">of </w><w c5="PNP" hw="you" pos="PRON">you</w><c c5="PUN">.</c></s>
<s n="257"><w c5="NN2" hw="whoops-a-daisy" pos="SUBST">Whoops-a-daisy</w><c c5="PUN">!</c></s>
<s n="258"><pause dur="8"/><vocal desc="sigh"/><pause dur="6"/><unclear/><pause/><w c5="DTQ" hw="what" pos="PRON">What </w><w c5="PNP" hw="you" pos="PRON">you </w><w c5="VDG" hw="do" pos="VERB">doing</w><c c5="PUN">?</c></s>
<s n="259"><w c5="VVB" hw="put" pos="VERB">Put </w><w c5="PNP" hw="it" pos="PRON">it </w><w c5="AVP" hw="down" pos="ADV">down</w><c c5="PUN">, </c><w c5="PNP" hw="it" pos="PRON">it</w><w c5="VBZ" hw="be" pos="VERB">'s </w><w c5="AJ0" hw="dirty" pos="ADJ">dirty</w><c c5="PUN">!</c></s>
<s n="260"><w c5="VVB" hw="thank" pos="VERB">Thank </w><w c5="PNP" hw="you" pos="PRON">you</w><c c5="PUN">.</c></s>
<s n="261"><pause dur="15"/><w c5="ITJ" hw="no" pos="INTERJ">No</w><c c5="PUN">, </c><w c5="VDB" hw="do" pos="VERB">do</w><w c5="XX0" hw="not" pos="ADV">n't </w><w c5="VDI" hw="do" pos="VERB">do </w><w c5="DT0" hw="that" pos="ADJ">that </w><w c5="PRP" hw="with" pos="PREP">with </w><w c5="PNP" hw="it" pos="PRON">it</w><c c5="PUN">.</c></s>
<s n="262"><w c5="VVB" hw="come" pos="VERB">Come </w><w c5="AVP" hw="on" pos="ADV">on</w><c c5="PUN">.</c></s>
<s n="263"><pause dur="12"/><w c5="VVB" hw="come" pos="VERB">Come </w><w c5="AVP" hw="on" pos="ADV">on</w><c c5="PUN">, </c><w c5="VM0" hw="let's" pos="VERB">let's </w><w c5="VVI" hw="take" pos="VERB">take </w><w c5="DPS" hw="you" pos="PRON">your </w><w c5="NN1" hw="coat" pos="SUBST">coat </w><w c5="AVP" hw="off" pos="ADV">off </w><w c5="CJC" hw="and" pos="CONJ">and </w><w c5="AV0" hw="then" pos="ADV">then </w><w c5="PNP" hw="you" pos="PRON">you </w><w c5="VM0" hw="can" pos="VERB">can </w><w c5="VHI" hw="have" pos="VERB">have </w><w c5="DPS" hw="you" pos="PRON">your  </w><pause dur="8"/><align with="KDFLC01H"/><w c5="NN1" hw="jam" pos="SUBST">jam </w><w c5="NN1" hw="tart" pos="SUBST">tart</w><c c5="PUN">.</c></s></u><u who="PS0M8">
<align with="KDFLC01H"/><unclear/> <align with="KDFLC01J"/><event desc="baby talk"/>
</u><u who="PS0M6">
<s n="264"><w c5="ITJ" hw="oh" pos="INTERJ">Oh</w><c c5="PUN">!</c></s>
<s n="265"><w c5="VM0" hw="let's" pos="VERB">Let's </w><w c5="VVI" hw="get" pos="VERB">get </w><w c5="DT0" hw="this" pos="ADJ">this </w> <w c5="NN2" hw="coaty" pos="SUBST">coaties </w><w c5="AVP" hw="off" pos="ADV">off</w><c c5="PUN">.</c></s>
<s n="266"><w c5="CJC" hw="and" pos="CONJ">And </w><w c5="DPS" hw="you" pos="PRON">your </w><w c5="NN1" hw="hat" pos="SUBST">hat</w><c c5="PUN">.</c></s>
<s n="267"><w c5="ITJ" hw="eh" pos="INTERJ">Eh</w><c c5="PUN">?</c></s></u><u who="PS0M8">
<unclear/> <event desc="baby talk"/>
</u><u who="PS0M6">
<s n="268"><w c5="ITJ" hw="yes" pos="INTERJ">Yes</w><c c5="PUN">!</c></s>
<s n="269"><w c5="ITJ" hw="ooh" pos="INTERJ">Ooh</w><c c5="PUN">!</c></s>
<s n="270"><w c5="ITJ" hw="ooh" pos="INTERJ">Ooh</w><c c5="PUN">!</c></s>
<s n="271"><pause dur="18"/><w c5="PNP" hw="it" pos="PRON">It</w><w c5="VHZ" hw="have" pos="VERB">'s </w><w c5="VVN" hw="come" pos="VERB">come </w><w c5="PRF" hw="of" pos="PREP">of </w><w c5="AV0" hw="again" pos="ADV">again</w><c c5="PUN">.</c></s>
<s n="272"><w c5="VHB" hw="have" pos="VERB">Have </w><w c5="PNP" hw="you" pos="PRON">you </w><w c5="VVN" hw="get" pos="VERB">got </w><w c5="AT0" hw="a" pos="ART">a </w><w c5="AJ0" hw="dirty" pos="ADJ">dirty </w><w c5="NN1" hw="nappy" pos="SUBST">nappy</w><c c5="PUN">?</c></s></u><u who="PS0M8">
<unclear/> <event desc="baby talk"/>
</u><u who="PS0M6">
<s n="273"><w c5="CJC" hw="and" pos="CONJ">And </w><w c5="PNQ" hw="who" pos="PRON">who </w><w c5="VHB" hw="have" pos="VERB">have </w><w c5="VBN" hw="be" pos="VERB">been </w><w c5="TO0" hw="to" pos="PREP">to </w><w c5="VVI" hw="see" pos="VERB">see</w><c c5="PUN">?</c></s>
<s n="274"><w c5="TO0" hw="to" pos="PREP">To </w><w c5="VVI" hw="see" pos="VERB">see </w><w c5="NN1" hw="jade" pos="SUBST">Jade</w><c c5="PUN">?</c></s></u><u who="PS0M8">
<s n="275"><w c5="NN1" hw="jade" pos="SUBST">Jade</w><c c5="PUN">!</c></s></u><u who="PS0M6">
<s n="276"><w c5="NN1" hw="jade" pos="SUBST">Jade</w><c c5="PUN">!</c></s></u><u who="PS0M8">
<s n="277"><w c5="NN1" hw="jade" pos="SUBST">Jade</w><c c5="PUN">!</c></s></u><u who="PS0M6">
<s n="278"><w c5="ITJ" hw="yeah" pos="INTERJ">Yeah</w><c c5="PUN">.</c></s>
<s n="279"><w c5="PNP" hw="she" pos="PRON">She</w><w c5="VBZ" hw="be" pos="VERB">'s </w><w c5="AJ0-AV0" hw="poorly" pos="ADJ">poorly </w><w c5="AV0" hw="now" pos="ADV">now </w><w c5="UNC" hw="int" pos="UNC">int </w><w c5="PNP" hw="she" pos="PRON">she</w><c c5="PUN">?</c></s></u><u who="PS0M8">
<s n="280"><w c5="NN1-NP0" hw="jadey" pos="SUBST">Jadey</w><c c5="PUN">!</c></s></u><u who="PS0M6">
<s n="281"><w c5="NN1" hw="jade" pos="SUBST">Jade</w><w c5="VBZ" hw="be" pos="VERB">'s </w><w c5="AJ0-AV0" hw="poorly" pos="ADJ">poorly</w><c c5="PUN">.</c></s></u><u who="PS0M8">
<s n="282"><w c5="NN1" hw="jade" pos="SUBST">Jade</w><w c5="VBZ" hw="be" pos="VERB">'s </w><w c5="AJ0-AV0" hw="poorly" pos="ADJ">poorly</w><c c5="PUN">.</c></s></u><u who="PS0M6">
<s n="283"><w c5="ITJ" hw="yeah" pos="INTERJ">Yeah</w><c c5="PUN">, </c><w c5="PNP" hw="she" pos="PRON">she</w><w c5="VBZ" hw="be" pos="VERB">'s</w><c c5="PUN">, </c><w c5="UNC" hw="er" pos="UNC">er </w><w c5="PRP" hw="at" pos="PREP">at</w><c c5="PUN">, </c><w c5="PNP" hw="she" pos="PRON">she</w><w c5="VBZ" hw="be" pos="VERB">'s </w><w c5="AT0" hw="a" pos="ART">a </w><w c5="AJ0" hw="big" pos="ADJ">big </w><w c5="NN1" hw="girl" pos="SUBST">girl </w><w c5="AV0" hw="now" pos="ADV">now</w><c c5="PUN">, </c><w c5="PNP" hw="she" pos="PRON">she</w><w c5="VBZ" hw="be" pos="VERB">'s </w><w c5="AV0" hw="nearly" pos="ADV">nearly </w><w c5="CRD" hw="two" pos="ADJ">two</w><c c5="PUN">!</c></s></u><u who="PS0M8">
<s n="284"><w c5="ITJ" hw="ee" pos="INTERJ">Ee</w><c c5="PUN">!</c></s></u><u who="PS0M6">
<s n="285"><w c5="AV0" hw="nearly" pos="ADV">Nearly </w><w c5="CRD" hw="two" pos="ADJ">two</w><c c5="PUN">.</c></s>
<s n="286"><w c5="CJC" hw="and" pos="CONJ">And </w><w c5="CJS" hw="if" pos="CONJ">if </w><w c5="PNP" hw="you" pos="PRON">you</w><w c5="VBB" hw="be" pos="VERB">'re </w><w c5="AT0" hw="a" pos="ART">a </w><w c5="AJ0" hw="good" pos="ADJ">good </w><w c5="NN1" hw="boy" pos="SUBST">boy </w><w c5="PNP" hw="you" pos="PRON">you</w><w c5="VBB" hw="be" pos="VERB">'re </w><w c5="VVG" hw="go" pos="VERB">going </w><w c5="PRP" hw="to" pos="PREP">to </w><w c5="NN1" hw="jade" pos="SUBST">Jade</w><w c5="POS" hw="'s" pos="UNC">'s </w><align with="KDFLC01K"/><w c5="NN1" hw="party" pos="SUBST">party</w><c c5="PUN">.</c></s></u><u who="PS0M8">
<s n="287"><align with="KDFLC01K"/><w c5="NN1" hw="jade" pos="SUBST">Jade</w><c c5="PUN">!</c></s></u><u who="PS0M6">
<s n="288"><w c5="PNP" hw="you" pos="PRON">You</w><w c5="VHB" hw="have" pos="VERB">'ve </w><w c5="VVN" hw="get" pos="VERB">got </w><w c5="TO0" hw="to" pos="PREP">to </w><align with="KDFLC01M"/><w c5="VBI" hw="be" pos="VERB">be </w><w c5="AT0" hw="a" pos="ART">a </w><align with="KDFLC01N"/></s></u><u who="PS0M8">
<s n="289"><align with="KDFLC01M"/><w c5="NN1" hw="party" pos="SUBST">Party</w><c c5="PUN">!</c></s></u><u who="PS0M6">
<s n="290"><w c5="AJ0" hw="good" pos="ADJ">good  </w><pause/><w c5="ITJ" hw="yeah" pos="INTERJ">yeah</w><c c5="PUN">!</c></s>
<s n="291"><w c5="NN1-NP0" hw="jadey" pos="SUBST">Jadey</w><c c5="PUN">!</c></s>
<s n="292"><w c5="VVB-NN1" hw="stand" pos="VERB">Stand </w><w c5="AVP" hw="up" pos="ADV">up</w><c c5="PUN">.</c></s></u><u who="PS0M8">
<s n="293"><w c5="NN1" hw="jade" pos="SUBST">Jade</w><c c5="PUN">!</c></s></u><u who="PS0M6">
<s n="294"><w c5="NN1" hw="jade" pos="SUBST">Jade</w><c c5="PUN">, </c><w c5="ITJ" hw="yeah" pos="INTERJ">yeah</w><c c5="PUN">.</c></s></u><u who="PS0M8">
<s n="295"><w c5="NN1" hw="jade" pos="SUBST">Jade</w><c c5="PUN">!</c></s></u><u who="PS0M6">
<s n="296"><w c5="NN1" hw="jade" pos="SUBST">Jade</w><w c5="POS" hw="'s" pos="UNC">'s </w><w c5="NN1" hw="party" pos="SUBST">party  </w><pause/><w c5="CJS" hw="if" pos="CONJ">if </w><w c5="PNP" hw="you" pos="PRON">you</w><w c5="VBB" hw="be" pos="VERB">'re </w><w c5="AT0" hw="a" pos="ART">a </w><w c5="AJ0" hw="good" pos="ADJ">good </w><w c5="NN1" hw="boy" pos="SUBST">boy</w><c c5="PUN">.</c></s></u><u who="PS0M8">
<s n="297"><w c5="NN1-NP0" hw="jadey" pos="SUBST">Jadey</w><c c5="PUN">!</c></s></u><u who="PS0M6">
<s n="298"><w c5="NP0-NN1" hw="jadey" pos="SUBST">Jadey</w><w c5="POS" hw="'s" pos="UNC">'s </w><w c5="NN1" hw="party" pos="SUBST">party</w><c c5="PUN">, </c><w c5="CJS" hw="if" pos="CONJ">if </w><w c5="PNP" hw="you" pos="PRON">you</w><w c5="VBB" hw="be" pos="VERB">'re </w><w c5="AT0" hw="a" pos="ART">a </w><w c5="AJ0" hw="good" pos="ADJ">good </w><w c5="NN1" hw="boy" pos="SUBST">boy</w><c c5="PUN">.</c></s></u><u who="PS0M8">
<s n="299"><w c5="NN1" hw="jade" pos="SUBST">Jade</w><c c5="PUN">!</c></s></u><u who="PS0M6">
<s n="300"><w c5="ITJ" hw="mm" pos="INTERJ">Mm</w><c c5="PUN">!</c></s></u><u who="PS0M8">
<s n="301"><w c5="NN1" hw="jade" pos="SUBST">Jade</w><c c5="PUN">!</c></s></u><u who="PS0M6">
<s n="302"><w c5="NN1" hw="jade" pos="SUBST">Jade</w><c c5="PUN">!</c></s></u><u who="PS0M8">
<s n="303"><w c5="NN1" hw="jade" pos="SUBST">Jade</w><c c5="PUN">!</c></s></u><u who="PS0M6">
<s n="304"><shift new="laughing"/><w c5="ITJ" hw="yeah" pos="INTERJ">Yeah</w><c c5="PUN">.</c></s>
<s n="305"><w c5="NN1" hw="jade" pos="SUBST">Jade </w><shift/><c c5="PUN">.</c></s></u><u who="PS0M8">
<s n="306"><w c5="NN1" hw="jade" pos="SUBST">Jade</w><c c5="PUN">!</c></s></u><u who="PS0M6">
<s n="307"><w c5="NN1" hw="jade" pos="SUBST">Jade</w><c c5="PUN">!</c></s></u><u who="PS0M8"><unclear/></u><u who="PS0M6">
<s n="308"><w c5="VDB" hw="do" pos="VERB">D'</w><w c5="PNP" hw="you" pos="PRON">ya </w><w c5="VVI" hw="want" pos="VERB">want </w><w c5="DPS" hw="you" pos="PRON">your </w><w c5="NN2" hw="slipper" pos="SUBST">slippers </w><w c5="AVP-PRP" hw="on" pos="ADV">on</w><c c5="PUN">?</c></s></u><u who="PS0M8">
<s n="309"><w c5="NN1" hw="mum" pos="SUBST">Mum</w><c c5="PUN">.</c><unclear/><event desc="baby talk"/><align with="KDFLC01R"/></s></u><u who="PS0M6">
<s n="310"><align with="KDFLC01P"/><w c5="VVB" hw="get" pos="VERB">Get </w><w c5="DT0" hw="some" pos="ADJ">some </w><w c5="AJ0" hw="new" pos="ADJ">new </w><w c5="NN2" hw="shoe" pos="SUBST">shoes </w><w c5="PRP" hw="for" pos="PREP">for  </w><unclear/><w c5="NN1" hw="party" pos="SUBST">party </w><w c5="VM0" hw="will" pos="VERB">wo</w><w c5="XX0" hw="not" pos="ADV">n't </w><w c5="PNP" hw="we" pos="PRON">we</w><c c5="PUN">?</c></s></u><u who="PS0M8"><unclear/></u><u who="PS0M6">
<s n="311"><w c5="VVB" hw="show" pos="VERB">Show </w><w c5="DPS" hw="you" pos="PRON">your </w><w c5="NN1" hw="daddy" pos="SUBST">daddy</w><c c5="PUN">.</c></s></u><u who="PS0M8">
<s n="312"><w c5="NN1" hw="daddy" pos="SUBST">Daddy</w><c c5="PUN">.</c></s></u><u who="PS0M6">
<s n="313"><w c5="VVB" hw="say" pos="VERB">Say</w><c c5="PUN">, </c><w c5="CJS" hw="if" pos="CONJ">if </w><w c5="PNP" hw="you" pos="PRON">you</w><w c5="VBB" hw="be" pos="VERB">'re </w><w c5="AT0" hw="a" pos="ART">a </w><w c5="AJ0" hw="good" pos="ADJ">good </w><align with="KDFLC01S"/><w c5="NN1" hw="boy" pos="SUBST">boy</w><c c5="PUN">.</c></s></u><u who="PS0M8">
<s n="314"><align with="KDFLC01S"/><w c5="NN1" hw="daddy" pos="SUBST">Daddy</w><c c5="PUN">.</c></s></u><u who="PS0M6">
<s n="315"><w c5="PNP" hw="you" pos="PRON">You</w><w c5="VBB" hw="be" pos="VERB">'re </w><w c5="VVG" hw="go" pos="VERB">going </w><w c5="TO0" hw="to" pos="PREP">to </w><w c5="VVI" hw="get" pos="VERB">get </w><w c5="AT0" hw="an" pos="ART">an </w><w c5="NN1" hw="invitation" pos="SUBST">invitation </w><w c5="PRP" hw="to" pos="PREP">to </w><w c5="NP0" hw="jadey" pos="SUBST">Jadey</w><w c5="POS" hw="'s" pos="UNC">'s </w><w c5="NN1" hw="party" pos="SUBST">party</w><c c5="PUN">.</c></s>
<s n="316"><w c5="VM0" hw="will" pos="VERB">Wo</w><w c5="XX0" hw="not" pos="ADV">n't </w><w c5="PNP" hw="we" pos="PRON">we</w><c c5="PUN">?</c></s>
<s n="317"><w c5="PNP" hw="i" pos="PRON">I </w><w c5="VVD" hw="tell" pos="VERB">told </w><w c5="NP0" hw="aunty" pos="SUBST">Aunty </w><w c5="NP0" hw="sharon" pos="SUBST">Sharon </w><w c5="PNP" hw="you" pos="PRON">you </w><w c5="VHB" hw="have" pos="VERB">have </w><w c5="TO0" hw="to" pos="PREP">to </w><w c5="VBI" hw="be" pos="VERB">be </w><w c5="AT0" hw="a" pos="ART">a </w><w c5="AJ0" hw="good" pos="ADJ">good </w><w c5="NN1" hw="boy" pos="SUBST">boy </w><w c5="AV0" hw="though" pos="ADV">though</w><c c5="PUN">.</c></s></u><u who="PS0M8">
<unclear/> <event desc="baby talk"/>
</u><u who="PS0M6">
<s n="318"><w c5="VHB" hw="have" pos="VERB">Have</w><w c5="XX0" hw="not" pos="ADV">n't </w><w c5="PNP" hw="we" pos="PRON">we</w><c c5="PUN">?</c></s></u><u who="PS0M8">
<unclear/> <event desc="baby talk"/>
</u><u who="PS0M6">
<s n="319"><w c5="ITJ" hw="no" pos="INTERJ">No</w><c c5="PUN">!</c></s>
<s n="320"><w c5="VDB" hw="do" pos="VERB">Do</w><w c5="XX0" hw="not" pos="ADV">n't </w><w c5="VVI" hw="touch" pos="VERB">touch </w><w c5="AV0" hw="yet" pos="ADV">yet</w><c c5="PUN">.</c></s>
<s n="321"><w c5="VVB" hw="wait" pos="VERB">Wait</w><c c5="PUN">!</c></s>
<s n="322"><w c5="ITJ" hw="eh" pos="INTERJ">Eh</w><c c5="PUN">!</c></s>
<s n="323"><w c5="ITJ" hw="no" pos="INTERJ">No</w><c c5="PUN">, </c><w c5="DT0" hw="that" pos="ADJ">that </w><w c5="PNI" hw="one" pos="PRON">one</w><w c5="VBZ" hw="be" pos="VERB">'s </w><w c5="PNP" hw="yours" pos="PRON">yours</w><c c5="PUN">, </c><w c5="CJC" hw="but" pos="CONJ">but </w><w c5="PNP" hw="you" pos="PRON">you</w><w c5="VHB" hw="have" pos="VERB">'ve </w><w c5="VVN" hw="get" pos="VERB">got </w><w c5="TO0" hw="to" pos="PREP">to </w><w c5="VVI" hw="wait" pos="VERB">wait</w><c c5="PUN">.</c></s>
<s n="324"><w c5="VM0" hw="let's" pos="VERB">Let's </w><w c5="VVI" hw="put" pos="VERB">put </w><w c5="DPS" hw="you" pos="PRON">your </w><w c5="NN1" hw="pram" pos="SUBST">pram </w><w c5="AV0" hw="away" pos="ADV">away </w><w c5="ORD" hw="first" pos="ADJ">first</w><c c5="PUN">.</c></s>
<s n="325"><pause dur="7"/><w c5="ITJ" hw="yes" pos="INTERJ">Yes</w><c c5="PUN">, </c><w c5="PRP" hw="in" pos="PREP">in </w><w c5="AT0" hw="a" pos="ART">a </w><w c5="NN1" hw="minute" pos="SUBST">minute</w><c c5="PUN">!</c></s></u><u who="PS0M8">
<s n="326"><w c5="NN1-NP0" hw="cakey" pos="SUBST">Cakey</w><c c5="PUN">!</c></s></u><u who="PS0M6">
<s n="327"><w c5="NN1-NP0" hw="cakey" pos="SUBST">Cakey</w><c c5="PUN">.</c></s></u><u who="PS0M8">
<s n="328"><align with="KDFLC01U"/><w c5="NN1-NP0" hw="cakey" pos="SUBST">Cakey</w><c c5="PUN">!</c></s></u><u who="PS0M6">
<s n="329"><align with="KDFLC01U"/><w c5="CJC" hw="but" pos="CONJ">But </w><w c5="VM0" hw="let's" pos="VERB">let's </w><align with="KDFLC01V"/><w c5="VVI" hw="put" pos="VERB">put </w><w c5="DPS" hw="you" pos="PRON">your </w><w c5="NN1" hw="pram" pos="SUBST">pram </w><w c5="AV0" hw="away" pos="ADV">away</w><c c5="PUN">.</c></s></u><u who="PS0M8">
<unclear/> <event desc="baby talk"/>
</u><u who="PS0M6">
<s n="330"><unclear/><c c5="PUN">, </c><w c5="VM0" hw="let's" pos="VERB">let's </w><w c5="VVI" hw="put" pos="VERB">put </w><w c5="DPS" hw="you" pos="PRON">your </w><w c5="NN1" hw="pram" pos="SUBST">pram </w><w c5="AV0" hw="away" pos="ADV">away </w><w c5="ORD" hw="first" pos="ADJ">first</w><c c5="PUN">.</c></s>
<s n="331"><w c5="VM0" hw="will" pos="VERB">Will </w><w c5="PNP" hw="you" pos="PRON">you </w><w c5="VVI" hw="pick" pos="VERB">pick </w> <w c5="NN1" hw="dungy" pos="SUBST">dungy </w><w c5="AVP" hw="up" pos="ADV">up </w><w c5="PRP" hw="off" pos="PREP">off </w><w c5="AT0" hw="the" pos="ART">the </w><w c5="NN1" hw="floor" pos="SUBST">floor</w><c c5="PUN">.</c></s>
<s n="332"><w c5="VVB" hw="get" pos="VERB">Get </w><w c5="DPS" hw="you" pos="PRON">your </w> <w c5="NN1" hw="dungy" pos="SUBST">dungy </w><w c5="PRP" hw="off" pos="PREP">off </w><w c5="AT0" hw="the" pos="ART">the </w><w c5="NN1" hw="floor" pos="SUBST">floor</w><c c5="PUN">.</c></s>
<s n="333"><w c5="PNP" hw="you" pos="PRON">You</w><w c5="VHB" hw="have" pos="VERB">'ve </w><w c5="VVN" hw="get" pos="VERB">got </w><w c5="TO0" hw="to" pos="PREP">to </w><w c5="VVI" hw="start" pos="VERB">start </w><w c5="VBG" hw="be" pos="VERB">being </w><w c5="AT0" hw="a" pos="ART">a </w><w c5="AJ0" hw="good" pos="ADJ">good </w><w c5="NN1" hw="boy" pos="SUBST">boy </w><w c5="AV0" hw="now" pos="ADV">now</w><c c5="PUN">.</c></s>
<s n="334"><pause dur="8"/><w c5="ITJ" hw="whoops" pos="INTERJ">Whoops</w><c c5="PUN">!</c></s></u><u who="PS0M8">
<s n="335"><w c5="ITJ" hw="yeah" pos="INTERJ">Yeah</w><c c5="PUN">.</c></s></u><u who="PS0M6">
<s n="336"><w c5="VVB" hw="come" pos="VERB">Come </w><w c5="AVP" hw="on" pos="ADV">on</w><c c5="PUN">.</c></s>
<s n="337"><w c5="VVB" hw="come" pos="VERB">Come </w><w c5="PRP" hw="in" pos="PREP">in </w><w c5="AV0" hw="here" pos="ADV">here</w><c c5="PUN">.</c></s>
<s n="338"><w c5="VVB" hw="come" pos="VERB">Come </w><w c5="AVP" hw="on" pos="ADV">on</w><c c5="PUN">!</c></s>
<s n="339"><pause dur="7"/><w c5="AVP" hw="in" pos="ADV">In </w><w c5="PNP" hw="you" pos="PRON">you </w><w c5="VVB" hw="go" pos="VERB">go</w><c c5="PUN">.</c></s></u><u who="PS0M8">
<s n="340"><w c5="ITJ" hw="ee" pos="INTERJ">Ee </w><w c5="ITJ" hw="ee" pos="INTERJ">ee </w><w c5="ITJ" hw="ee" pos="INTERJ">ee </w><w c5="ITJ" hw="ee" pos="INTERJ">ee </w><w c5="ITJ" hw="ee" pos="INTERJ">ee </w><w c5="ITJ" hw="ee" pos="INTERJ">ee</w><c c5="PUN">!</c></s></u><u who="PS0M6">
<s n="341"><w c5="VVB" hw="come" pos="VERB">Come </w><w c5="AVP" hw="on" pos="ADV">on</w><c c5="PUN">.</c></s>
<s n="342"><w c5="PRP" hw="in" pos="PREP">In </w><w c5="DPS" hw="you" pos="PRON">your </w><w c5="NN1" hw="chair" pos="SUBST">chair </w><w c5="PRP" hw="with" pos="PREP">with </w><w c5="DPS" hw="you" pos="PRON">your </w><w c5="NN1" hw="bib" pos="SUBST">bib</w><c c5="PUN">.</c></s>
<s n="343"><w c5="VVB" hw="come" pos="VERB">Come </w><w c5="AVP" hw="on" pos="ADV">on</w><c c5="PUN">.</c></s>
<s n="344"><vocal desc="sniff"/><pause dur="7"/><w c5="ITJ" hw="no" pos="INTERJ">No</w><c c5="PUN">, </c><w c5="XX0" hw="not" pos="ADV">not </w><w c5="DT0" hw="that" pos="ADJ">that </w><w c5="PNI" hw="one" pos="PRON">one</w><c c5="PUN">, </c><w c5="DT0" hw="that" pos="ADJ">that </w><w c5="NN1" hw="way" pos="SUBST">way</w><c c5="PUN">.</c></s>
<s n="345"><w c5="VVB" hw="come" pos="VERB">Come </w><w c5="AV0" hw="here" pos="ADV">here</w><c c5="PUN">.</c></s>
<s n="346"><w c5="ITJ" hw="oi" pos="INTERJ">Oi</w><c c5="PUN">!</c></s>
<s n="347"><w c5="PRP" hw="in" pos="PREP">In </w><w c5="DPS" hw="you" pos="PRON">your </w><w c5="NN1" hw="chair" pos="SUBST">chair </w><w c5="ORD" hw="first" pos="ADJ">first</w><c c5="PUN">.</c></s>
<s n="348"><w c5="VVB" hw="come" pos="VERB">Come </w><w c5="AVP" hw="on" pos="ADV">on</w><c c5="PUN">, </c><w c5="CJC" hw="and" pos="CONJ">and </w><w c5="AV0" hw="then" pos="ADV">then </w><w c5="NN1" hw="mummy" pos="SUBST">mummy</w><w c5="VM0" hw="will" pos="VERB">'ll </w><w c5="VVI" hw="get" pos="VERB">get </w><w c5="DPS" hw="you" pos="PRON">your </w><w c5="NN1" hw="cakey" pos="SUBST">cakey</w><c c5="PUN">.</c></s>
<s n="349"><pause dur="8"/><w c5="EX0" hw="there" pos="PRON">There</w><w c5="VBZ" hw="be" pos="VERB">'s </w><w c5="AT0" hw="a" pos="ART">a </w><w c5="AJ0" hw="good" pos="ADJ">good </w><w c5="NN1" hw="boy" pos="SUBST">boy</w><c c5="PUN">.</c></s></u></div></stext></bncDoc>
