<TEI xmlns="http://www.tei-c.org/ns/1.0"><teiHeader><fileDesc><titleStmt><title>Sample A04 from  The Christian Science Monitor, May 11,1961, p.1</title><title type="sub"> "NATO Welds Unity" by Courtney Sheldon 
 "Kennedey tried ..." by Joan Thiriet 
 "Kennedy Hits ..." 
</title></titleStmt><editionStmt><edition>A part  of the XML version of the Brown Corpus</edition></editionStmt><extent>2,020 words 186 (9.2%) quotes 13 symbols</extent><publicationStmt><idno>A04</idno><availability><p>Used by permission of The Christian Science Monitor</p></availability></publicationStmt><sourceDesc><bibl> The Christian Science Monitor, May 11,1961, p.1</bibl></sourceDesc></fileDesc><encodingDesc><p>Typographical Errors: conspicious [0150] ot [for to] [1900] ond [for and] [1930]</p></encodingDesc><revisionDesc><change when="2008-04-27">Header auto-generated for TEI version</change></revisionDesc></teiHeader>
<text xml:id="A04" decls="A">
<body><p><s n="1"><w type="NP" subtype="HL">Oslo</w> </s>
<s n="2"><w type="AT">The</w> <w type="QL">most</w> <w type="JJ">positive</w> <w type="NN">element</w> <w type="TO">to</w> <w type="VB">emerge</w> <w type="IN">from</w> <w type="AT">the</w> <w type="NP">Oslo</w> <w type="NN">meeting</w> <w type="IN">of</w> <w type="JJ" subtype="TL">North</w> <w type="NP" subtype="TL">Atlantic</w> <w type="NN" subtype="TL">Treaty</w> <w type="NN" subtype="TL">Organization</w> <w type="JJ" subtype="TL">Foreign</w> <w type="NNS" subtype="TL">Ministers</w> <w type="HVZ">has</w> <w type="BEN">been</w> <w type="AT">the</w> <w type="JJR">freer</w> <c type="pct">,</c> <w type="JJR">franker</w> <c type="pct">,</c> <w type="CC">and</w> <w type="JJR">wider</w> <w type="NNS">discussions</w> <c type="pct">,</c> <w type="VBN">animated</w> <w type="IN">by</w> <w type="QL">much</w> <w type="JJR">better</w> <w type="JJ">mutual</w> <w type="NN">understanding</w> <w type="CS">than</w> <w type="IN">in</w> <w type="JJ">past</w> <w type="NNS">meetings</w> <c type="pct">.</c> </s>
</p>
<p><s n="3"><w type="DT">This</w> <w type="HVZ">has</w> <w type="BEN">been</w> <w type="AT">a</w> <w type="VBG">working</w> <w type="NN">session</w> <w type="IN">of</w> <w type="AT">an</w> <w type="NN">organization</w> <w type="WPS">that</w> <c type="pct">,</c> <w type="IN">by</w> <w type="PPg">its</w> <w type="AP">very</w> <w type="NN">nature</w> <c type="pct">,</c> <w type="MD">can</w> <w type="RB">only</w> <w type="VB">proceed</w> <w type="IN">along</w> <w type="PPg">its</w> <w type="NN">route</w> <w type="NN">step</w> <w type="IN">by</w> <w type="NN">step</w> <w type="CC">and</w> <w type="IN">without</w> <w type="JJ">dramatic</w> <w type="NNS">changes</w> <c type="pct">.</c> </s>
<s n="4"><w type="IN">In</w> <w type="NP">Oslo</w> <c type="pct">,</c> <w type="AT">the</w> <w type="NNS">ministers</w> <w type="HV">have</w> <w type="VBN">met</w> <w type="IN">in</w> <w type="AT">a</w> <w type="NN">climate</w> <w type="IN">of</w> <w type="NN">candor</w> <c type="pct">,</c> <w type="CC">and</w> <w type="VBN">made</w> <w type="AT">a</w> <w type="JJ">genuine</w> <w type="NN">attempt</w> <w type="TO">to</w> <w type="VB">get</w> <w type="NN">information</w> <w type="CC">and</w> <w type="VBG">understanding</w> <w type="PN">one</w> <w type="DTg">another's</w> <w type="NNS">problems</w> <c type="pct">.</c> </s>
</p>
<p><s n="5"><w type="DT">This</w> <w type="NN">atmosphere</w> <w type="IN">of</w> <w type="VBG">understanding</w> <w type="HVZ">has</w> <w type="BEN">been</w> <w type="RB">particularly</w> <w type="JJ">noticeable</w> <w type="WRB">where</w> <w type="NNS">relations</w> <w type="BER">are</w> <w type="VBN">concerned</w> <w type="IN">between</w> <w type="AT">the</w> <c type="pct">``</c> <w type="NN">colonialist</w> <c type="pct">''</c> <w type="NNS">powers</w> <w type="CC">and</w> <w type="DTS">those</w> <w type="WPS">who</w> <w type="HV">have</w> <w type="RB">never</w> <c type="pct">,</c> <w type="CC">or</w> <w type="NEG">not</w> <w type="IN">for</w> <w type="AT">a</w> <w type="JJ">long</w> <w type="NN">time</w> <c type="pct">,</c> <w type="HVN">had</w> <w type="JJ">such</w> <w type="NNS">problems</w> <c type="pct">.</c> </s>
<s n="6"><w type="AT">The</w> <w type="NN">nightmare</w> <w type="IN">of</w> <w type="AT">a</w> <w type="NN">clash</w> <w type="IN">between</w> <w type="DTS">those</w> <w type="IN">in</w> <w type="NN">trouble</w> <w type="IN">in</w> <w type="NP">Africa</w> <c type="pct">,</c> <w type="VBN">exacerbated</w> <w type="IN">by</w> <w type="AT">the</w> <w type="NNS">difficulties</w> <c type="pct">,</c> <w type="NNS">changes</w> <c type="pct">,</c> <w type="CC">and</w> <w type="NNS">tragedies</w> <w type="VBG">facing</w> <w type="PPO">them</w> <c type="pct">,</c> <w type="CC">and</w> <w type="AP">other</w> <w type="NNS">allies</w> <w type="WPS">who</w> <w type="RB">intellectually</w> <w type="CC">and</w> <w type="RB">emotionally</w> <w type="VB">disapprove</w> <w type="IN">of</w> <w type="AT">the</w> <w type="NNS">circumstances</w> <w type="WPS">that</w> <w type="HV">have</w> <w type="VBN">brought</w> <w type="DTS">these</w> <w type="NNS">troubles</w> <w type="RP">about</w> <c type="pct">,</c> <w type="HVZ">has</w> <w type="BEN">been</w> <w type="JJ">conspicuous</w> <w type="IN">by</w> <w type="PPg">its</w> <w type="NN">absence</w> <c type="pct">.</c> </s>
</p>
<p><s n="7"><w type="NN" subtype="HL">Explosion</w> <w type="VBN" subtype="HL">avoided</w> </s>
<s n="8"><w type="IN">In</w> <w type="AT">the</w> <w type="NN">case</w> <w type="IN">of</w> <w type="NP">Portugal</w> <c type="pct">,</c> <w type="WDT">which</w> <w type="AT">a</w> <w type="AP">few</w> <w type="NNS">weeks</w> <w type="RB">ago</w> <w type="BEDZ">was</w> <w type="VBN">rumored</w> <w type="JJ">ready</w> <w type="TO">to</w> <w type="VB">walk</w> <w type="RP">out</w> <w type="IN">of</w> <w type="AT">the</w> <w type="NN">NATO</w> <w type="NN" subtype="TL">Council</w> <w type="MD">should</w> <w type="NNS">critics</w> <w type="IN">of</w> <w type="PPg">its</w> <w type="NP">Angola</w> <w type="NN">policy</w> <w type="VB">prove</w> <w type="JJ">harsh</w> <c type="pct">,</c> <w type="EX">there</w> <w type="HVZ">has</w> <w type="BEN">been</w> <w type="AT">a</w> <w type="JJ">noticeable</w> <w type="NN">relaxation</w> <w type="IN">of</w> <w type="NN">tension</w> <c type="pct">.</c> </s>
<s n="9"><w type="AT">The</w> <w type="JJ">general</w> <c type="pct">,</c> <w type="QL">remarkably</w> <w type="JJ">courteous</w> <c type="pct">,</c> <w type="NN">explanation</w> <w type="HVZ">has</w> <w type="VBN">left</w> <w type="JJ">basic</w> <w type="NNS">positions</w> <w type="JJ">unchanged</w> <c type="pct">,</c> <w type="CC">but</w> <w type="EX">there</w> <w type="HVZ">has</w> <w type="BEN">been</w> <w type="AT">no</w> <w type="NN">explosion</w> <w type="IN">in</w> <w type="AT">the</w> <w type="NN">council</w> <c type="pct">.</c> </s>
<s n="10"><w type="EX">There</w> <w type="MD">should</w> <w type="RB">even</w> <w type="BE">be</w> <w type="AT">no</w> <w type="AP">more</w> <w type="JJ">bitter</w> <w type="NNS">surprises</w> <w type="IN">in</w> <w type="AT">the</w> <w type="NN">UN</w> <w type="JJ" subtype="TL">General</w> <w type="NN" subtype="TL">Assembly</w> <w type="IN">as</w> <w type="IN">to</w> <w type="NN">NATO</w> <w type="NNSg">members'</w> <w type="NNS">votes</w> <c type="pct">,</c> <w type="CS">since</w> <w type="AT">a</w> <w type="JJ">new</w> <w type="IN" subtype="FW">ad</w> <w type="DT" subtype="FW">hoc</w> <w type="NN">NATO</w> <w type="NN">committee</w> <w type="HVZ">has</w> <w type="BEN">been</w> <w type="VBN">set</w> <w type="RP">up</w> <w type="CS">so</w> <w type="CS">that</w> <w type="IN">in</w> <w type="AT">the</w> <w type="NN">future</w> <w type="JJ">such</w> <w type="NNS">topics</w> <w type="CS">as</w> <w type="NP">Angola</w> <w type="MD">will</w> <w type="BE">be</w> <w type="VBN">discussed</w> <w type="IN">in</w> <w type="NN">advance</w> <c type="pct">.</c> </s>
</p>
<p><s n="11"><w type="NP">Canada</w> <w type="RB">alone</w> <w type="HVZ">has</w> <w type="BEN">been</w> <w type="QL">somewhat</w> <w type="IN">out</w> <w type="IN">of</w> <w type="NN">step</w> <w type="IN">with</w> <w type="AT">the</w> <w type="NP">Oslo</w> <w type="NN">attempt</w> <w type="TO">to</w> <w type="VB">get</w> <w type="ABN">all</w> <w type="AT">the</w> <w type="VBN">allied</w> <w type="NNS">cars</w> <w type="RB">back</w> <w type="IN">on</w> <w type="AT">the</w> <w type="NN">track</w> <w type="IN">behind</w> <w type="AT">the</w> <w type="NN">NATO</w> <w type="NN">locomotive</w> <c type="pct">.</c> </s>
<s n="12"><w type="RB">Even</w> <w type="NP">Norway</w> <c type="pct">,</c> <w type="IN">despite</w> <w type="JJ">daily</w> <w type="CC">but</w> <w type="VBN">limited</w> <w type="NNS">manifestations</w> <w type="IN">against</w> <w type="JJ">atomic</w> <w type="NNS">arms</w> <w type="IN">in</w> <w type="AT">the</w> <w type="NN">heart</w> <w type="IN">of</w> <w type="DT">this</w> <w type="JJS">northernmost</w> <w type="NN">capital</w> <w type="IN">of</w> <w type="AT">the</w> <w type="NN">alliance</w> <c type="pct">,</c> <w type="BEZ">is</w> <w type="NR">today</w> <w type="JJR">closer</w> <w type="IN">to</w> <w type="AT">the</w> <w type="NN">NATO</w> <w type="NN">line</w> <c type="pct">.</c> </s>
</p>
<p><s n="13"><w type="IN">On</w> <w type="AT">the</w> <w type="JJ">negative</w> <w type="NN">side</w> <w type="IN">of</w> <w type="AT">the</w> <w type="NN">balance</w> <w type="NN">sheet</w> <w type="MD">must</w> <w type="BE">be</w> <w type="VBN">set</w> <w type="DTI">some</w> <w type="NN">disappointment</w> <w type="CS">that</w> <w type="AT">the</w> <w type="VBN" subtype="TL">United</w> <w type="NNS" subtype="TL">States</w> <w type="NN">leadership</w> <w type="HVZ">has</w> <w type="NEG">not</w> <w type="BEN">been</w> <w type="QL">as</w> <w type="RB">much</w> <w type="IN">in</w> <w type="NN">evidence</w> <w type="CS">as</w> <w type="VBN">hoped</w> <w type="IN">for</w> <c type="pct">.</c> </s>
<s n="14"><w type="CD">One</w> <w type="NN">diplomat</w> <w type="VBD">described</w> <w type="AT">the</w> <w type="NN">tenor</w> <w type="IN">of</w> <w type="NN" subtype="TL">Secretary</w> <w type="IN" subtype="TL">of</w> <w type="NN" subtype="TL">State</w> <w type="NP">Dean</w> <w type="NPg">Rusk's</w> <w type="NNS">speeches</w> <w type="CS">as</w> <c type="pct">``</c> <w type="JJ">inconclusive</w> <c type="pct">''</c> <c type="pct">.</c> </s>
<s n="15"><w type="CC">But</w> <w type="PPS">he</w> <w type="VBD">hastened</w> <w type="TO">to</w> <w type="VB">add</w> <w type="CS">that</w> <c type="pct">,</c> <w type="CS">if</w> <w type="VBN" subtype="TL">United</w> <w type="NNS" subtype="TL">States</w> <w type="NNS">policies</w> <w type="BED">were</w> <w type="NEG">not</w> <w type="RB">always</w> <w type="JJ">clear</w> <c type="pct">,</c> <w type="IN">despite</w> <w type="NP">Mr.</w> <w type="NPg">Rusk's</w> <w type="NN">analysis</w> <w type="IN">of</w> <w type="AT">the</w> <w type="JJ">various</w> <w type="JJ">global</w> <w type="NN">danger</w> <w type="NNS">points</w> <w type="CC">and</w> <w type="NNS">setbacks</w> <w type="IN">for</w> <w type="AT">the</w> <w type="NR" subtype="TL">West</w> <c type="pct">,</c> <w type="DT">this</w> <w type="MD">may</w> <w type="RB">merely</w> <w type="VB">mean</w> <w type="AT">the</w> <w type="JJ">new</w> <w type="NN">administration</w> <w type="HVZ">has</w> <w type="NEG">not</w> <w type="RB">yet</w> <w type="RB">firmly</w> <w type="VBN">fixed</w> <w type="PPg">its</w> <w type="NN">policy</w> <c type="pct">.</c> </s>
</p>
<p><s n="16"><w type="JJ" subtype="HL">Exploratory</w> <w type="NN" subtype="HL">mood</w> </s>
<s n="17"><w type="AT">A</w> <w type="JJ">certain</w> <w type="NN">vagueness</w> <w type="MD">may</w> <w type="RB">also</w> <w type="BE">be</w> <w type="VBN">caused</w> <w type="IN">by</w> <w type="JJ">tactical</w> <w type="NN">appreciation</w> <w type="IN">of</w> <w type="AT">the</w> <w type="NN">fact</w> <w type="CS">that</w> <w type="AT">the</w> <w type="JJ">present</w> <w type="NN">council</w> <w type="NN">meeting</w> <w type="BEZ">is</w> <w type="AT">a</w> <w type="JJ">semipublic</w> <w type="NN">affair</w> <c type="pct">,</c> <w type="IN">with</w> <w type="AT">no</w> <w type="AP">fewer</w> <w type="CS">than</w> <w type="CD">six</w> <w type="NN" subtype="TL">Soviet</w> <w type="NNS">correspondents</w> <w type="VBN">accredited</w> <c type="pct">.</c> </s>
</p>
<p><s n="18"><w type="AT">The</w> <w type="NN">impression</w> <w type="HVZ">has</w> <w type="RB">nevertheless</w> <w type="BEN">been</w> <w type="VBN">given</w> <w type="IN">during</w> <w type="DTS">these</w> <w type="CD">three</w> <w type="NNS">days</w> <c type="pct">,</c> <w type="IN">despite</w> <w type="NP">Mr.</w> <w type="NPg">Rusk's</w> <w type="JJ">personal</w> <w type="NN">popularity</w> <c type="pct">,</c> <w type="CS">that</w> <w type="AT">the</w> <w type="VBN" subtype="TL">United</w> <w type="NNS" subtype="TL">States</w> <w type="NN">delegation</w> <w type="VBD">came</w> <w type="IN">to</w> <w type="NP">Oslo</w> <w type="IN">in</w> <w type="AT">a</w> <w type="QL">somewhat</w> <w type="JJ">tentative</w> <w type="CC">and</w> <w type="JJ">exploratory</w> <w type="NN">frame</w> <w type="IN">of</w> <w type="NN">mind</w> <c type="pct">,</c> <w type="QL">more</w> <w type="JJ">ready</w> <w type="TO">to</w> <w type="VB">listen</w> <w type="CC">and</w> <w type="VB">learn</w> <w type="CS">than</w> <w type="TO">to</w> <w type="VB">enunciate</w> <w type="JJ">firm</w> <w type="NN">policy</w> <w type="IN">on</w> <w type="AT">a</w> <w type="JJ">global</w> <w type="NN">scale</w> <w type="IN">with</w> <w type="VBN">detailed</w> <w type="NN">application</w> <w type="IN">to</w> <w type="JJ">individual</w> <w type="NN">danger</w> <w type="NNS">spots</w> <c type="pct">.</c> </s>
</p>
<p><s n="19"><w type="AT">The</w> <w type="NN" subtype="TL">Secretary</w> <w type="IN" subtype="TL">of</w> <w type="NN" subtype="TL">State</w> <w type="PPL">himself</w> <c type="pct">,</c> <w type="IN">in</w> <w type="PPg">his</w> <w type="OD">first</w> <w type="NN">speech</w> <c type="pct">,</c> <w type="VBD">gave</w> <w type="DTI">some</w> <w type="NN">idea</w> <w type="IN">of</w> <w type="AT">the</w> <w type="JJ">tremendous</w> <w type="NN">march</w> <w type="IN">of</w> <w type="NNS">events</w> <w type="IN">inside</w> <w type="CC">and</w> <w type="IN">outside</w> <w type="AT">the</w> <w type="VBN" subtype="TL">United</w> <w type="NNS" subtype="TL">States</w> <w type="WPS">that</w> <w type="HVZ">has</w> <w type="VBN">preoccupied</w> <w type="AT">the</w> <w type="JJ">new</w> <w type="NN">administration</w> <w type="IN">in</w> <w type="AT">the</w> <w type="AP">past</w> <w type="CD">four</w> <w type="NNS">months</w> <c type="pct">.</c> </s>
</p>
<p><s n="20"><w type="CC">But</w> <w type="WRB">where</w> <w type="AT">the</w> <w type="NN">core</w> <w type="IN">of</w> <w type="NN">NATO</w> <w type="BEZ">is</w> <w type="VBN">concerned</w> <c type="pct">,</c> <w type="AT">the</w> <w type="NN" subtype="TL">Secretary</w> <w type="IN" subtype="TL">of</w> <w type="NN" subtype="TL">State</w> <w type="HVZ">has</w> <w type="NEG">not</w> <w type="RB">only</w> <w type="VBN">reiterated</w> <w type="AT">the</w> <w type="VBN" subtype="TL">United</w> <w type="NNSg" subtype="TL">States'</w> <w type="JJ">profound</w> <w type="NN">attachment</w> <w type="IN">to</w> <w type="AT">the</w> <w type="NN">alliance</w> <c type="pct">,</c> <c type="pct">``</c> <w type="NN">cornerstone</w> <c type="pct">''</c> <w type="IN">of</w> <w type="PPg">its</w> <w type="JJ">foreign</w> <w type="NN">policy</w> <c type="pct">,</c> <w type="CC">but</w> <w type="HVZ">has</w> <w type="VBN">announced</w> <w type="CS">that</w> <w type="CD">five</w> <w type="JJ">nuclear</w> <w type="NNS">submarines</w> <w type="MD">will</w> <w type="RB">eventually</w> <w type="BE">be</w> <w type="IN">at</w> <w type="NN">NATO's</w> <w type="NN">disposal</w> <w type="IN">in</w> <w type="JJ">European</w> <w type="NNS">waters</w> <c type="pct">.</c> </s>
</p>
<p><s n="21"><w type="AT">The</w> <w type="NN" subtype="TL">Secretary</w> <w type="IN" subtype="TL">of</w> <w type="NN" subtype="TL">State</w> <w type="HVZ">has</w> <w type="RB">also</w> <w type="RB">solemnly</w> <w type="VBN">repeated</w> <w type="AT">a</w> <w type="NN">warning</w> <w type="IN">to</w> <w type="AT">the</w> <w type="NN" subtype="TL">Soviet</w> <w type="NN" subtype="TL">Union</w> <w type="CS">that</w> <w type="AT">the</w> <w type="VBN" subtype="TL">United</w> <w type="NNS" subtype="TL">States</w> <w type="MD">will</w> <w type="NEG">not</w> <w type="VB">stand</w> <w type="IN">for</w> <w type="DT">another</w> <w type="NN">setback</w> <w type="IN">in</w> <w type="NP">Berlin</w> <c type="pct">,</c> <w type="AT">an</w> <w type="NN">affirmation</w> <w type="RB">once</w> <w type="RB">again</w> <w type="VBN">taken</w> <w type="RP">up</w> <w type="IN">by</w> <w type="AT">the</w> <w type="NN">council</w> <w type="CS">as</w> <w type="AT">a</w> <w type="NN">whole</w> <c type="pct">.</c> </s>
</p>
<p><s n="22"><w type="NN" subtype="HL">Conflict</w> <w type="VBN" subtype="HL">surveyed</w> </s>
<s n="23"><w type="AT">The</w> <w type="NNg">secretary's</w> <w type="JJT">greatest</w> <w type="NN">achievement</w> <w type="BEZ">is</w> <w type="RB">perhaps</w> <w type="AT">the</w> <w type="NN">rekindling</w> <w type="IN">of</w> <w type="NN">NATO</w> <w type="NN">realization</w> <w type="CS">that</w> <w type="JJ" subtype="TL">East-West</w> <w type="NN">friction</w> <c type="pct">,</c> <w type="WRB">wherever</w> <w type="PPS">it</w> <w type="VB">take</w> <w type="NN">place</w> <w type="IN">around</w> <w type="AT">the</w> <w type="NN">globe</w> <c type="pct">,</c> <w type="BEZ">is</w> <w type="IN">in</w> <w type="NN">essence</w> <w type="AT">the</w> <w type="JJ">general</w> <w type="NN">conflict</w> <w type="IN">between</w> <w type="CD">two</w> <w type="RB">entirely</w> <w type="JJ">different</w> <w type="NNS">societies</w> <c type="pct">,</c> <w type="CC">and</w> <w type="MD">must</w> <w type="BE">be</w> <w type="VBN">treated</w> <w type="CS">as</w> <w type="JJ">such</w> <w type="IN">without</w> <w type="NN">regard</w> <w type="IN">to</w> <w type="JJ">geographical</w> <w type="NN">distance</w> <w type="CC">or</w> <w type="NN">lack</w> <w type="IN">of</w> <w type="JJ">apparent</w> <w type="NN">connection</w> <c type="pct">.</c> </s>
</p>
<p><s n="24"><w type="AT">The</w> <w type="JJ">annual</w> <w type="NN">spring</w> <w type="NN">meeting</w> <w type="HVZ">has</w> <w type="VBN">given</w> <w type="AT">an</w> <w type="NN">impetus</w> <w type="IN">in</w> <w type="CD">three</w> <w type="NN">main</w> <w type="NNS">directions</w> <c type="pct">:</c> <w type="AP">more</w> <c type="pct">,</c> <w type="JJR">deeper</w> <c type="pct">,</c> <w type="CC">and</w> <w type="QL">more</w> <w type="JJ">timely</w> <w type="JJ">political</w> <w type="NN">consultation</w> <w type="IN">within</w> <w type="AT">the</w> <w type="NN">alliance</w> <c type="pct">,</c> <w type="AT">the</w> <w type="NN">use</w> <w type="IN">of</w> <w type="AT">the</w> <w type="NN" subtype="TL">Organization</w> <w type="IN" subtype="TL">for</w> <w type="JJ" subtype="TL">Economic</w> <w type="NN" subtype="TL">Cooperation</w> <w type="CC" subtype="TL">and</w> <w type="NN" subtype="TL">Development</w> <c type="pct">(</c> <w type="WRB">when</w> <w type="VBN">ratified</w> <c type="pct">)</c> <w type="CS">as</w> <w type="AT">a</w> <w type="NN">method</w> <w type="IN">of</w> <w type="VBG">coordinating</w> <w type="NN">aid</w> <w type="IN">to</w> <w type="AT">the</w> <w type="JJ">underdeveloped</w> <w type="NNS">countries</w> <c type="pct">,</c> <w type="CC">and</w> <w type="AT">the</w> <w type="NN">need</w> <w type="IN">for</w> <w type="VBG">strengthening</w> <w type="JJ">conventional</w> <w type="NNS">forces</w> <w type="QL">as</w> <w type="RB">well</w> <w type="CS">as</w> <w type="AT">the</w> <w type="NN">maintenance</w> <w type="IN">of</w> <w type="AT">the</w> <w type="JJ">nuclear</w> <w type="NN">deterrent</w> <c type="pct">.</c> </s>
</p>
<p><s n="25"><w type="DT">This</w> <w type="NN">increase</w> <w type="IN">in</w> <w type="AT">the</w> <c type="pct">``</c> <w type="NN">threshold</w> <c type="pct">''</c> <c type="pct">,</c> <w type="CS">as</w> <w type="AT">the</w> <w type="JJ">conventional</w> <w type="NNS">forces</w> <w type="NN">strengthening</w> <w type="BEZ">is</w> <w type="VBN">called</w> <c type="pct">,</c> <w type="MD">will</w> <w type="VB">prove</w> <w type="CD">one</w> <w type="IN">of</w> <w type="AT">the</w> <w type="NNg">alliance's</w> <w type="QL">most</w> <w type="JJ">difficult</w> <w type="NNS">problems</w> <w type="IN">in</w> <w type="AT">the</w> <w type="NNS">months</w> <w type="TO">to</w> <w type="VB">come</w> <c type="pct">.</c> </s>
<s n="26"><w type="DT">Each</w> <w type="NN">ally</w> <w type="MD">will</w> <w type="HV">have</w> <w type="TO">to</w> <w type="VB">carry</w> <w type="RP">out</w> <w type="NNS">obligations</w> <w type="RB">long</w> <w type="CS">since</w> <w type="VBN">laid</w> <w type="RP">down</w> <c type="pct">,</c> <w type="CC">but</w> <w type="RB">never</w> <w type="QL">completely</w> <w type="VBN">fulfilled</w> <c type="pct">.</c> </s>
<s n="27"><w type="NP" subtype="HL">Washington</w> </s>
<s n="28"><w type="AT">The</w> <w type="NP">Kennedy</w> <w type="NN">administration</w> <w type="VBZ">moves</w> <w type="RB">haltingly</w> <w type="IN">toward</w> <w type="AT">a</w> <w type="NP">Geneva</w> <w type="NN">conference</w> <w type="IN">on</w> <w type="NP">Laos</w> <w type="RB">just</w> <w type="CS">as</w> <w type="JJ">serious</w> <w type="NN">debate</w> <w type="IN">over</w> <w type="PPg">its</w> <w type="JJ">foreign</w> <w type="NN">policy</w> <w type="VBZ">erupts</w> <w type="IN">for</w> <w type="AT">the</w> <w type="OD">first</w> <w type="NN">time</w> <c type="pct">.</c> </s>
</p>
<p><s n="29"><w type="EX">There</w> <w type="BEZ">is</w> <w type="AP">little</w> <w type="NN">optimism</w> <w type="RB">here</w> <w type="CS">that</w> <w type="AT">the</w> <w type="NNS" subtype="TL">Communists</w> <w type="MD">will</w> <w type="BE">be</w> <w type="DTI">any</w> <w type="QL">more</w> <w type="JJ">docile</w> <w type="IN">at</w> <w type="AT">the</w> <w type="NN">conference</w> <w type="NN">table</w> <w type="CS">than</w> <w type="PPSS">they</w> <w type="BED">were</w> <w type="IN">in</w> <w type="JJ">military</w> <w type="NNS">actions</w> <w type="IN">on</w> <w type="AT">the</w> <w type="NN">ground</w> <w type="IN">in</w> <w type="NP">Laos</w> <c type="pct">.</c> </s>
</p>
<p><s n="30"><w type="AT">The</w> <w type="VBN" subtype="TL">United</w> <w type="NNS" subtype="TL">States</w> <c type="pct">,</c> <w type="NN" subtype="TL">State</w> <w type="NN" subtype="TL">Department</w> <w type="NNS">officials</w> <w type="VB">explain</w> <c type="pct">,</c> <w type="RB">now</w> <w type="BEZ">is</w> <w type="RB">mainly</w> <w type="VBN">interested</w> <w type="IN">in</w> <w type="VBG">setting</w> <w type="RP">up</w> <w type="AT">an</w> <w type="JJ">international</w> <w type="NN">inspection</w> <w type="NN">system</w> <w type="WDT">which</w> <w type="MD">will</w> <w type="VB">prevent</w> <w type="NP">Laos</w> <w type="IN">from</w> <w type="BEG">being</w> <w type="VBN">used</w> <w type="CS">as</w> <w type="AT">a</w> <w type="NN">base</w> <w type="IN">for</w> <w type="NN" subtype="TL">Communist</w> <w type="NNS">attacks</w> <w type="IN">on</w> <w type="VBG">neighboring</w> <w type="NP">Thailand</w> <w type="CC">and</w> <w type="JJ" subtype="TL">South</w> <w type="NP" subtype="TL">Viet</w> <w type="NP" subtype="TL">Nam</w> <c type="pct">.</c> </s>
</p>
<p><s n="31"><w type="PPSS">They</w> <w type="VB">count</w> <w type="IN">on</w> <w type="AT">the</w> <w type="NN">aid</w> <w type="IN">of</w> <w type="AT">the</w> <w type="JJ">neutral</w> <w type="NNS">countries</w> <w type="VBG">attending</w> <w type="AT">the</w> <w type="NP">Geneva</w> <w type="NN">conference</w> <w type="TO">to</w> <w type="VB">achieve</w> <w type="DT">this</w> <c type="pct">.</c> </s>
</p>
<p><s n="32"><w type="AT">The</w> <w type="VBN" subtype="TL">United</w> <w type="NNS" subtype="TL">States</w> <w type="VBZ">hopes</w> <w type="CS">that</w> <w type="DTI">any</w> <w type="JJ">future</w> <w type="NP" subtype="TL">Lao</w> <w type="NN" subtype="TL">Cabinet</w> <w type="MD">would</w> <w type="NEG">not</w> <w type="VB">become</w> <w type="NN" subtype="TL">Communist</w> <w type="VBN">dominated</w> <c type="pct">.</c> </s>
<s n="33"><w type="CC">But</w> <w type="PPS">it</w> <w type="BEZ">is</w> <w type="JJ">apparent</w> <w type="CS">that</w> <w type="AT">no</w> <w type="JJ">acceptable</w> <w type="NN">formula</w> <w type="HVZ">has</w> <w type="BEN">been</w> <w type="VBN">found</w> <w type="TO">to</w> <w type="VB">prevent</w> <w type="ABL">such</w> <w type="AT">a</w> <w type="NN">possibility</w> <c type="pct">.</c> </s>
</p>
<p><s n="34"><w type="NNS" subtype="HL">Policies</w> <w type="VBN" subtype="HL">modified</w> </s>
<s n="35"><w type="AT">The</w> <w type="NN">inclination</w> <w type="RB">here</w> <w type="BEZ">is</w> <w type="TO">to</w> <w type="VB">accept</w> <w type="AT">a</w> <w type="IN" subtype="FW">de</w> <w type="NN" subtype="FW">facto</w> <w type="NN">cease-fire</w> <w type="IN">in</w> <w type="NP">Laos</w> <c type="pct">,</c> <w type="IN">rather</w> <w type="IN">than</w> <w type="VB">continue</w> <w type="TO">to</w> <w type="VB">insist</w> <w type="IN">on</w> <w type="AT">a</w> <w type="NN">verification</w> <w type="IN">of</w> <w type="AT">the</w> <w type="NN">cease-fire</w> <w type="IN">by</w> <w type="AT">the</w> <w type="JJ">international</w> <w type="NN">control</w> <w type="NN">commission</w> <w type="CS">before</w> <w type="VBG">participating</w> <w type="IN">in</w> <w type="AT">the</w> <w type="NP">Geneva</w> <w type="NN">conference</w> <c type="pct">.</c> </s>
</p>
<p><s n="36"><w type="DT">This</w> <w type="BEZ">is</w> <w type="DT">another</w> <w type="IN">of</w> <w type="AT">the</w> <w type="NNS">modifications</w> <w type="IN">of</w> <w type="NN">policy</w> <w type="IN">on</w> <w type="NP">Laos</w> <w type="CS">that</w> <w type="AT">the</w> <w type="NP">Kennedy</w> <w type="NN">administration</w> <w type="HVZ">has</w> <w type="VBN">felt</w> <w type="VBN">compelled</w> <w type="TO">to</w> <w type="VB">make</w> <c type="pct">.</c> </s>
<s n="37"><w type="PPS">It</w> <w type="VBZ">excuses</w> <w type="DTS">these</w> <w type="NNS">actions</w> <w type="CS">as</w> <w type="BEG">being</w> <w type="AT">the</w> <w type="NN">chain</w> <w type="NN">reaction</w> <w type="IN">to</w> <w type="JJ">basic</w> <w type="NNS">errors</w> <w type="VBN">made</w> <w type="IN">in</w> <w type="AT">the</w> <w type="JJ">previous</w> <w type="NN">administration</w> <c type="pct">.</c> </s>
</p>
<p><s n="38"><w type="PPg">Its</w> <w type="NNS">spokesmen</w> <w type="VB">insist</w> <w type="CS">that</w> <w type="EX">there</w> <w type="HVZ">has</w> <w type="NEG">not</w> <w type="BEN">been</w> <w type="NN">time</w> <w type="AP">enough</w> <w type="TO">to</w> <w type="VB">institute</w> <w type="NNS">reforms</w> <w type="IN">in</w> <w type="JJ">military</w> <w type="CC">and</w> <w type="JJ">economic</w> <w type="NN">aid</w> <w type="NNS">policies</w> <w type="IN">in</w> <w type="AT">the</w> <w type="JJ">critical</w> <w type="NNS">areas</w> <c type="pct">.</c> </s>
</p>
<p><s n="39"><w type="CC">But</w> <w type="IN">with</w> <w type="AT">the</w> <w type="NNS">months</w> <w type="VBG">moving</w> <w type="RP">on</w> <c type="pct">--</c> <w type="CC">and</w> <w type="AT">the</w> <w type="JJ">immediate</w> <w type="NNS">confrontations</w> <w type="IN">with</w> <w type="AT">the</w> <w type="NNS" subtype="TL">Communists</w> <w type="VBG">showing</w> <w type="AT">no</w> <w type="NN">gain</w> <w type="IN">for</w> <w type="AT">the</w> <w type="JJ">free</w> <w type="NN">world</w> <c type="pct">--</c> <w type="AT">the</w> <w type="NN">question</w> <w type="VBZ">arises</w> <c type="pct">:</c> </s>
</p>
<p><s n="40"><w type="WRB">How</w> <w type="JJ">effective</w> <w type="HV">have</w> <w type="NP">Kennedy</w> <w type="NN">administration</w> <w type="OD">first</w> <w type="JJ">foreign</w> <w type="NN">policy</w> <w type="NNS">decisions</w> <w type="BEN">been</w> <w type="IN">in</w> <w type="VBG">dealing</w> <w type="IN">with</w> <w type="NN" subtype="TL">Communist</w> <w type="NN">aggression</w> <c type="pct">?</c> <c type="pct">?</c> </s>
</p>
<p><s n="41"><w type="AP">Former</w> <w type="NN" subtype="TL">Vice-President</w> <w type="NP">Richard</w> <w type="NP">M.</w> <w type="NP">Nixon</w> <w type="IN">in</w> <w type="NP">Detroit</w> <w type="VBD">called</w> <w type="IN">for</w> <w type="AT">a</w> <w type="JJR">firmer</w> <w type="CC">and</w> <w type="JJR">tougher</w> <w type="NN">policy</w> <w type="IN">toward</w> <w type="AT">the</w> <w type="NN" subtype="TL">Soviet</w> <w type="NN" subtype="TL">Union</w> <c type="pct">.</c> </s>
<s n="42"><w type="PPS">He</w> <w type="BEDZ">was</w> <w type="JJ">critical</w> <w type="IN">of</w> <w type="WDT">what</w> <w type="PPS">he</w> <w type="VBZ">feels</w> <w type="BEZ">is</w> <w type="NN" subtype="TL">President</w> <w type="NPg">Kennedy's</w> <w type="NN">tendency</w> <w type="TO">to</w> <w type="BE">be</w> <w type="QL">too</w> <w type="JJ">conciliatory</w> <c type="pct">.</c> </s>
</p>
<p><s n="43"><w type="NN" subtype="HL">GOP</w> <w type="VBN" subtype="HL">restrained</w> </s>
<s n="44"><w type="PPS">It</w> <w type="DOZ">does</w> <w type="NEG">not</w> <w type="VB">take</w> <w type="AT">a</w> <w type="NP">Gallup</w> <w type="NN">poll</w> <w type="TO">to</w> <w type="VB">find</w> <w type="RP">out</w> <w type="CS">that</w> <w type="AP">most</w> <w type="NPS">Republicans</w> <w type="IN">in</w> <w type="NP">Congress</w> <w type="VB">feel</w> <w type="DT">this</w> <w type="VBZ">understates</w> <w type="AT">the</w> <w type="NN">situation</w> <w type="CS">as</w> <w type="NPS">Republicans</w> <w type="VB">see</w> <w type="PPO">it</w> <c type="pct">.</c> </s>
<s n="45"><w type="PPSS">They</w> <w type="MD">can</w> <w type="RB">hardly</w> <w type="VB">restrain</w> <w type="PPLS">themselves</w> <w type="IN">from</w> <w type="VBG">raising</w> <w type="AT">the</w> <w type="NN">question</w> <w type="IN">of</w> <w type="CS">whether</w> <w type="NPS">Republicans</w> <c type="pct">,</c> <w type="CS">if</w> <w type="PPSS">they</w> <w type="HVD">had</w> <w type="BEN">been</w> <w type="IN">in</w> <w type="NN">power</w> <c type="pct">,</c> <w type="MD">would</w> <w type="HV">have</w> <w type="VBN">made</w> <c type="pct">``</c> <w type="JJ">amateurish</w> <w type="CC">and</w> <w type="JJ">monumental</w> <w type="NNS">blunders</w> <c type="pct">''</c> <w type="IN">in</w> <w type="NP">Cuba</w> <c type="pct">.</c> </s>
</p>
<p><s n="46"><w type="CD">One</w> <w type="NP">Republican</w> <w type="NN">senator</w> <w type="VBD">told</w> <w type="DT">this</w> <w type="NN">correspondent</w> <w type="CS">that</w> <w type="PPS">he</w> <w type="BEDZ">was</w> <w type="RB">constantly</w> <w type="BEG">being</w> <w type="VBN">asked</w> <w type="WRB">why</w> <w type="PPS">he</w> <mw pos="DOD *">didn't </mw><w type="VB">attack</w> <w type="AT">the</w> <w type="NP">Kennedy</w> <w type="NN">administration</w> <w type="IN">on</w> <w type="DT">this</w> <w type="NN">score</w> <c type="pct">.</c> </s>
<s n="47"><w type="PPg">His</w> <w type="NN">reply</w> <c type="pct">,</c> <w type="PPS">he</w> <w type="VBD">said</w> <c type="pct">,</c> <w type="BEDZ">was</w> <w type="CS">that</w> <w type="PPS">he</w> <w type="VBD">agreed</w> <w type="IN">to</w> <w type="AT">the</w> <w type="NN">need</w> <w type="IN">for</w> <w type="NN">unity</w> <w type="IN">in</w> <w type="AT">the</w> <w type="NN">country</w> <w type="RB">now</w> <c type="pct">.</c> </s>
<s n="48"><w type="CC">But</w> <w type="PPS">he</w> <w type="RBR">further</w> <w type="VBD">said</w> <w type="CS">that</w> <w type="PPS">it</w> <w type="BEDZ">was</w> <w type="JJR">better</w> <w type="NN">politics</w> <w type="TO">to</w> <w type="VB">let</w> <w type="NNS">others</w> <w type="VB">question</w> <w type="AT">the</w> <w type="NN">wisdom</w> <w type="IN">of</w> <w type="NN">administration</w> <w type="NNS">policies</w> <w type="RB">first</w> <c type="pct">.</c> </s>
</p>
<p><s n="49"><w type="AT">The</w> <w type="NPS">Republicans</w> <w type="DTI">some</w> <w type="NNS">weeks</w> <w type="RB">ago</w> <w type="VBD">served</w> <w type="NN">notice</w> <w type="IN">through</w> <w type="NN" subtype="TL">Senator</w> <w type="NP">Thruston</w> <w type="NP">B.</w> <w type="NP">Morton</w> <c type="pct">(</c> <w type="NP">R</w> <c type="pct">)</c> <w type="IN">of</w> <w type="NP">Kentucky</w> <c type="pct">,</c> <w type="NN">chairman</w> <w type="IN">of</w> <w type="AT">the</w> <w type="NP">Republican</w> <w type="JJ" subtype="TL">National</w> <w type="NN" subtype="TL">Committee</w> <c type="pct">,</c> <w type="CS">that</w> <w type="AT">the</w> <w type="NP">Kennedy</w> <w type="NN">administration</w> <w type="MD">would</w> <w type="BE">be</w> <w type="VBN">held</w> <w type="JJ">responsible</w> <w type="CS">if</w> <w type="AT">the</w> <w type="NN">outcome</w> <w type="IN">in</w> <w type="NP">Laos</w> <w type="BEDZ">was</w> <w type="AT">a</w> <w type="NN">coalition</w> <w type="NN">government</w> <w type="JJ">susceptible</w> <w type="IN">of</w> <w type="NN" subtype="TL">Communist</w> <w type="NN">domination</w> <c type="pct">.</c> </s>
</p>
<p><s n="50"><w type="NP">Kennedy</w> <w type="NN">administration</w> <w type="NNS">policies</w> <w type="RB">also</w> <w type="HV">have</w> <w type="BEN">been</w> <w type="VBN">assailed</w> <w type="RB">now</w> <w type="IN">from</w> <w type="DT">another</w> <w type="NN">direction</w> <w type="IN">by</w> <w type="CD">70</w> <w type="NP">Harvard</w> <c type="pct">,</c> <w type="NP" subtype="TL">Boston</w> <w type="NN" subtype="TL">University</w> <c type="pct">,</c> <w type="NP">Brandeis</w> <c type="pct">,</c> <w type="CC">and</w> <w type="NP" subtype="TL">Massachusetts</w> <w type="NN" subtype="TL">Institute</w> <w type="IN" subtype="TL">of</w> <w type="NN" subtype="TL">Technology</w> <w type="NNS">educators</w> <c type="pct">.</c> </s>
</p>
<p><s n="51"><w type="NN" subtype="HL">Detente</w> <w type="VBN" subtype="HL">urged</w> </s>
<s n="52"><w type="DT">This</w> <w type="NN">group</w> <w type="VBZ">pleads</w> <w type="IN">with</w> <w type="AT">the</w> <w type="NN">administration</w> <w type="TO">to</w> <c type="pct">``</c> <w type="VB">give</w> <w type="AT">no</w> <w type="JJR">further</w> <w type="NN">support</w> <w type="IN">for</w> <w type="AT">the</w> <w type="NN">invasion</w> <w type="IN">of</w> <w type="NP">Cuba</w> <w type="IN">by</w> <w type="NN">exile</w> <w type="NNS">groups</w> <c type="pct">''</c> <c type="pct">.</c> </s>
<s n="53"><w type="PPS">It</w> <w type="VBZ">recommends</w> <w type="CS">that</w> <w type="AT">the</w> <w type="VBN" subtype="TL">United</w> <w type="NNS" subtype="TL">States</w> <c type="pct">``</c> <w type="VB">seek</w> <w type="RB">instead</w> <w type="TO">to</w> <w type="VB">detach</w> <w type="AT">the</w> <w type="NP">Castro</w> <w type="NN">regime</w> <w type="IN">from</w> <w type="AT">the</w> <w type="NN" subtype="TL">Communist</w> <w type="NN">bloc</w> <w type="IN">by</w> <w type="VBG">working</w> <w type="IN">for</w> <w type="AT">a</w> <w type="JJ">diplomatic</w> <w type="NN">detente</w> <w type="CC">and</w> <w type="AT">a</w> <w type="NN">resumption</w> <w type="IN">of</w> <w type="NN">trade</w> <w type="NNS">relations</w> <c type="pct">;</c> <c type="pct">;</c> </s>
<s n="54"><w type="CC">and</w> <w type="VB">concentrate</w> <w type="PPg">its</w> <w type="JJ">constructive</w> <w type="NNS">efforts</w> <w type="IN">on</w> <w type="VBG">eliminating</w> <w type="IN">in</w> <w type="AP">other</w> <w type="NNS">parts</w> <w type="IN">of</w> <w type="JJ" subtype="TL">Latin</w> <w type="NP" subtype="TL">America</w> <w type="AT">the</w> <w type="JJ">social</w> <w type="NNS">conditions</w> <w type="IN">on</w> <w type="WDT">which</w> <w type="JJ">totalitarian</w> <w type="NN">nationalism</w> <w type="VBZ">feeds</w> <c type="pct">''</c> <c type="pct">.</c> </s>
</p>
<p><s n="55"><w type="NP">Mr.</w> <w type="NP">Nixon</w> <c type="pct">,</c> <w type="IN">for</w> <w type="PPg">his</w> <w type="NN">part</w> <c type="pct">,</c> <w type="MD">would</w> <w type="VB">oppose</w> <w type="NN">intervention</w> <w type="IN">in</w> <w type="NP">Cuba</w> <w type="IN">without</w> <w type="JJ">specific</w> <w type="NN">provocation</w> <c type="pct">.</c> </s>
<s n="56"><w type="CC">But</w> <w type="PPS">he</w> <w type="DOD">did</w> <w type="VB">recommend</w> <w type="CS">that</w> <w type="NN" subtype="TL">President</w> <w type="NP">Kennedy</w> <w type="VB">state</w> <w type="RB">clearly</w> <w type="CS">that</w> <w type="CS">if</w> <w type="NN" subtype="TL">Communist</w> <w type="NNS">countries</w> <w type="VBD">shipped</w> <w type="DTI">any</w> <w type="JJR">further</w> <w type="NNS">arms</w> <w type="IN">to</w> <w type="NP">Cuba</w> <w type="CS">that</w> <w type="PPS">it</w> <w type="MD">would</w> <w type="NEG">not</w> <w type="BE">be</w> <w type="VBN">tolerated</w> <c type="pct">.</c> </s>
</p>
<p><s n="57"><w type="CS">Until</w> <w type="AT">the</w> <w type="NP">Cuban</w> <w type="NN">fiasco</w> <w type="CC">and</w> <w type="AT">the</w> <w type="NN" subtype="TL">Communist</w> <w type="JJ">military</w> <w type="NNS">victories</w> <w type="IN">in</w> <w type="NP">Laos</w> <c type="pct">,</c> <w type="RB">almost</w> <w type="DTI">any</w> <w type="NN">observer</w> <w type="MD">would</w> <w type="HV">have</w> <w type="VBN">said</w> <w type="CS">that</w> <w type="NN" subtype="TL">President</w> <w type="NP">Kennedy</w> <w type="HVD">had</w> <w type="VBN">blended</w> <w type="AT">a</w> <w type="NN">program</w> <w type="WPS">that</w> <w type="VBD">respected</w> <c type="pct">,</c> <w type="RB">generally</w> <c type="pct">,</c> <w type="AT">the</w> <w type="NNS">opinions</w> <w type="VBN">voiced</w> <w type="ABX">both</w> <w type="IN">by</w> <w type="NP">Mr.</w> <w type="NP">Nixon</w> <w type="CC">and</w> <w type="AT">the</w> <w type="NNS">professors</w> <c type="pct">.</c> </s>
</p>
<p><s n="58"><w type="NN" subtype="HL">Aid</w> <w type="NNS" subtype="HL">plans</w> <w type="VBN" subtype="HL">revamped</w> </s>
<s n="59"><w type="QL">Very</w> <w type="RB">early</w> <w type="IN">in</w> <w type="PPg">his</w> <w type="NN">administration</w> <w type="PPS">he</w> <w type="VBD">informed</w> <w type="AT">the</w> <w type="NP">Kremlin</w> <w type="IN">through</w> <w type="JJ">diplomatic</w> <w type="NNS">channels</w> <c type="pct">,</c> <w type="AT">a</w> <w type="JJ">high</w> <w type="JJ">official</w> <w type="NN">source</w> <w type="VBD">disclosed</w> <c type="pct">,</c> <w type="CS">that</w> <w type="AT">the</w> <w type="JJ">new</w> <w type="NN">administration</w> <w type="MD">would</w> <w type="VB">react</w> <w type="QL">even</w> <w type="RBR">tougher</w> <w type="CS">than</w> <w type="AT">the</w> <w type="NP">Eisenhower</w> <w type="NN">administration</w> <w type="MD">would</w> <w type="IN">during</w> <w type="AT">the</w> <w type="JJ">formative</w> <w type="NN">period</w> <w type="IN">of</w> <w type="AT">the</w> <w type="NN">administration</w> <c type="pct">.</c> </s>
</p>
<p><s n="60"><w type="JJ">Strenuous</w> <w type="NNS">efforts</w> <w type="BED">were</w> <w type="VBN">made</w> <w type="TO">to</w> <w type="VB">remove</w> <w type="NN">pin</w> <w type="VBG">pricking</w> <w type="IN">from</w> <w type="NN">administration</w> <w type="NNS">statements</w> <c type="pct">.</c> </s>
<s n="61"><w type="NNS">Policies</w> <w type="IN">on</w> <w type="JJ">nuclear</w> <w type="NN">test</w> <w type="NN">ban</w> <w type="NNS">negotiations</w> <w type="BED">were</w> <w type="VBN">reviewed</w> <w type="CC">and</w> <w type="VBN">changed</w> <c type="pct">.</c> </s>
<s n="62"><w type="CC">But</w> <w type="QL">thus</w> <w type="RB">far</w> <w type="EX">there</w> <w type="HVZ">has</w> <w type="BEN">been</w> <w type="AT">no</w> <w type="NN">response</w> <w type="IN">in</w> <w type="NN">kind</w> <c type="pct">.</c> </s>
</p>
<p><s n="63"><w type="JJ">Foreign</w> <w type="NN">aid</w> <w type="NNS">programs</w> <w type="BED">were</w> <w type="VBN">revamped</w> <w type="TO">to</w> <w type="VB">give</w> <w type="JJR">greater</w> <w type="NN">emphasis</w> <w type="IN">to</w> <w type="JJ">economic</w> <w type="NN">aid</w> <w type="CC">and</w> <w type="TO">to</w> <w type="VB">encourage</w> <w type="JJ">political</w> <w type="NN">reform</w> <w type="IN">in</w> <w type="NN">recipient</w> <w type="NNS">nations</w> <c type="pct">.</c> </s>
</p>
<p><s n="64"><w type="IN">In</w> <w type="NP">Laos</w> <c type="pct">,</c> <w type="AT">the</w> <w type="NN">administration</w> <w type="VBD">looked</w> <w type="IN">at</w> <w type="AT">the</w> <w type="NP">Eisenhower</w> <w type="NN">administration</w> <w type="NNS">efforts</w> <w type="TO">to</w> <w type="VB">show</w> <w type="NN">determination</w> <w type="IN">by</w> <w type="VBG">sailing</w> <w type="AT">a</w> <w type="JJ">naval</w> <w type="NN">fleet</w> <w type="IN">into</w> <w type="JJ" subtype="TL">Southeast</w> <w type="JJ" subtype="TL">Asian</w> <w type="NNS">waters</w> <w type="CS">as</w> <w type="AT">a</w> <w type="JJ">useless</w> <w type="NN">gesture</w> <c type="pct">.</c> </s>
</p>
<p><s n="65"><w type="RB">Again</w> <w type="CC">and</w> <w type="RB">again</w> <w type="PPS">it</w> <w type="VBD">asked</w> <w type="AT">the</w> <w type="NNS" subtype="TL">Communists</w> <w type="TO">to</w> <c type="pct">``</c> <w type="VB">freeze</w> <c type="pct">''</c> <w type="AT">the</w> <w type="JJ">military</w> <w type="NN">situation</w> <w type="IN">in</w> <w type="NP">Laos</w> <c type="pct">.</c> </s>
<s n="66"><w type="CC">But</w> <w type="AT">the</w> <w type="NNS" subtype="TL">Communists</w> <w type="VBD">aided</w> <w type="AT">the</w> <w type="NP">Pathet</w> <w type="NP">Lao</w> <w type="IN">at</w> <w type="AT">an</w> <w type="QL">even</w> <w type="JJR">faster</w> <w type="NN">rate</w> <c type="pct">.</c> </s>
</p>
<p><s n="67"><w type="CC">And</w> <w type="CS">after</w> <w type="AP">several</w> <w type="NNS">correspondents</w> <w type="VBD">went</w> <w type="IN">into</w> <w type="NP">Pathet</w> <w type="NP">Lao</w> <w type="NN">territory</w> <w type="CC">and</w> <w type="VBD">exposed</w> <w type="AT">the</w> <w type="JJ">huge</w> <w type="NN">build-up</w> <c type="pct">,</c> <w type="NN">administration</w> <w type="NNS">spokesmen</w> <w type="VBD">acclaimed</w> <w type="PPO">them</w> <w type="CS">for</w> <w type="VBG">performing</w> <w type="AT">a</w> <c type="pct">``</c> <w type="JJ">great</w> <w type="NN">service</w> <c type="pct">''</c> <w type="CC">and</w> <w type="VBD">laid</w> <w type="AT">the</w> <w type="NN">matter</w> <w type="IN">before</w> <w type="AT">the</w> <w type="JJ" subtype="TL">Southeast</w> <w type="NP" subtype="TL">Asia</w> <w type="NN" subtype="TL">Treaty</w> <w type="NN" subtype="TL">Organization</w> <c type="pct">.</c> </s>
</p>
<p><s n="68"><w type="NN">SEATO</w> <w type="BEDZ">was</w> <w type="VBN">steamed</w> <w type="RP">up</w> <w type="CC">and</w> <w type="VBD">prepared</w> <w type="NN">contingency</w> <w type="NNS">plans</w> <w type="CS">for</w> <w type="VBG">coping</w> <w type="IN">with</w> <w type="AT">the</w> <w type="JJ">military</w> <w type="NNS">losses</w> <w type="IN">in</w> <w type="NP">Laos</w> <c type="pct">.</c> </s>
<s n="69"><w type="CC">But</w> <w type="AT">the</w> <w type="NNS" subtype="TL">Communists</w> <w type="RB">never</w> <w type="VBD">gave</w> <w type="JJ">sufficient</w> <w type="NN">provocation</w> <w type="IN">at</w> <w type="DTI">any</w> <w type="CD">one</w> <w type="NN">time</w> <w type="CS">for</w> <w type="AT">the</w> <w type="VBN" subtype="TL">United</w> <w type="NNS" subtype="TL">States</w> <w type="TO">to</w> <w type="VB">want</w> <w type="TO">to</w> <w type="VB">risk</w> <w type="AT">a</w> <w type="VBN">limited</w> <w type="CC">or</w> <w type="AT">an</w> <w type="JJ">all-out</w> <w type="NN">war</w> <w type="IN">over</w> <w type="NP">Laos</w> <c type="pct">.</c> </s>
<s n="70"><c type="pct">(</c> <w type="DTI">Some</w> <w type="NN">SEATO</w> <w type="NNS">nations</w> <w type="VBD">disagreed</w> <c type="pct">,</c> <w type="WRB">however</w> <c type="pct">.</c> </s>
</p>
<p><s n="71"><w type="EX">There</w> <w type="BEDZ">was</w> <w type="AT">the</w> <w type="JJR">further</w> <w type="NN">complication</w> <w type="CS">that</w> <w type="AT">the</w> <w type="NN">administration</w> <w type="HVD">had</w> <w type="QL">very</w> <w type="RB">early</w> <w type="VBN">concluded</w> <w type="CS">that</w> <w type="NP">Laos</w> <w type="BEDZ">was</w> <w type="QL">ill</w> <w type="VBN">suited</w> <w type="TO">to</w> <w type="BE">be</w> <w type="AT">an</w> <w type="NN">ally</w> <c type="pct">,</c> <w type="IN">unlike</w> <w type="PPg">its</w> <w type="QL">more</w> <w type="VBN">determined</w> <w type="NNS">neighbors</w> <c type="pct">,</c> <w type="NP">Thailand</w> <w type="CC">and</w> <w type="JJ" subtype="TL">South</w> <w type="NP" subtype="TL">Viet</w> <w type="NP" subtype="TL">Nam</w> <c type="pct">.</c> </s>
</p>
<p><s n="72"><w type="AT">The</w> <w type="NN">administration</w> <w type="VBD">declared</w> <w type="PPL">itself</w> <w type="IN">in</w> <w type="NN">favor</w> <w type="IN">of</w> <w type="AT">a</w> <w type="VBN">neutralized</w> <w type="NP">Laos</w> <c type="pct">.</c> </s>
<s n="73"><w type="AT">The</w> <w type="JJ">pro-Western</w> <w type="NN">government</w> <c type="pct">,</c> <w type="WDT">which</w> <w type="AT">the</w> <w type="VBN" subtype="TL">United</w> <w type="NNS" subtype="TL">States</w> <w type="HVD">had</w> <w type="VBN">helped</w> <w type="IN">in</w> <w type="AT">a</w> <w type="NN">revolt</w> <w type="IN">against</w> <w type="AT">the</w> <w type="NP">Souvanna</w> <w type="NP">Phouma</w> <c type="pct">``</c> <w type="NN">neutralist</w> <c type="pct">''</c> <w type="NN">government</w> <c type="pct">,</c> <w type="RB">never</w> <w type="DOD">did</w> <w type="VB">appear</w> <w type="TO">to</w> <w type="VB">spark</w> <w type="AP">much</w> <w type="VBG">fighting</w> <w type="NN">spirit</w> <w type="IN">in</w> <w type="AT">the</w> <w type="JJ" subtype="TL">Royal</w> <w type="NP">Lao</w> <w type="NN" subtype="TL">Army</w> <c type="pct">.</c> </s>
</p>
<p><s n="74"><w type="EX">There</w> <w type="RB">certainly</w> <w type="BEDZ">was</w> <w type="NEG">not</w> <w type="DTI">any</w> <w type="AP">more</w> <w type="NN">energy</w> <w type="VBN">displayed</w> <w type="CS">after</w> <w type="PPS">it</w> <w type="BEDZ">was</w> <w type="JJ">clear</w> <w type="AT">the</w> <w type="VBN" subtype="TL">United</w> <w type="NNS" subtype="TL">States</w> <w type="MD">would</w> <w type="NEG">not</w> <w type="VB">back</w> <w type="AT">the</w> <w type="JJ">pro-Western</w> <w type="NN">government</w> <w type="IN">to</w> <w type="AT">the</w> <w type="NN">hilt</w> <c type="pct">.</c> </s>
</p>
<p><s n="75"><w type="CS">If</w> <w type="AT">the</w> <w type="NN">administration</w> <w type="RB">ever</w> <w type="HVD">had</w> <w type="DTI">any</w> <w type="NNS">ideas</w> <w type="CS">that</w> <w type="PPS">it</w> <w type="MD">could</w> <w type="VB">find</w> <w type="AT">an</w> <w type="JJ">acceptable</w> <w type="NN">alternative</w> <w type="IN">to</w> <w type="NN" subtype="TL">Prince</w> <w type="NP">Souvanna</w> <w type="NP">Phouma</w> <c type="pct">,</c> <w type="WPO">whom</w> <w type="PPS">it</w> <w type="VBD">felt</w> <w type="BEDZ">was</w> <w type="QL">too</w> <w type="JJ">trusting</w> <w type="IN">of</w> <w type="NNS" subtype="TL">Communists</w> <c type="pct">,</c> <w type="PPS">it</w> <w type="RB">gradually</w> <w type="HVD">had</w> <w type="TO">to</w> <w type="VB">relinquish</w> <w type="PPO">them</w> <c type="pct">.</c> </s>
</p>
<p><s n="76"><w type="CD">One</w> <w type="NN">factor</w> <w type="BEDZ">was</w> <w type="AT">the</w> <w type="NN">statement</w> <w type="IN">of</w> <w type="NN" subtype="TL">Senator</w> <w type="NP">J.</w> <w type="NP">W.</w> <w type="NP">Fulbright</w> <c type="pct">(</c> <w type="NP">D</w> <c type="pct">)</c> <w type="IN">of</w> <w type="NP">Arkansas</w> <c type="pct">,</c> <w type="NN">chairman</w> <w type="IN">of</w> <w type="AT">the</w> <w type="NN" subtype="TL">Senate</w> <w type="JJ" subtype="TL">Foreign</w> <w type="NNS" subtype="TL">Relations</w> <w type="NN" subtype="TL">Committee</w> <c type="pct">.</c> </s>
<s n="77"><w type="PPS">He</w> <w type="VBD">declared</w> <w type="IN">on</w> <w type="NP">March</w> <w type="CD">25</w> <w type="CS">that</w> <w type="AT">the</w> <w type="VBN" subtype="TL">United</w> <w type="NNS" subtype="TL">States</w> <w type="HVD">had</w> <w type="VBN">erred</w> <w type="AT">a</w> <w type="NN">year</w> <w type="CC">and</w> <w type="AT">a</w> <w type="ABN">half</w> <w type="RB">ago</w> <w type="IN">by</w> <c type="pct">``</c> <w type="VBG">encouraging</w> <w type="AT">the</w> <w type="NN">removal</w> <c type="pct">''</c> <w type="IN">of</w> <w type="NN" subtype="TL">Prince</w> <w type="NP">Souvanna</w> <c type="pct">.</c> </s>
<s n="78"><w type="NP" subtype="HL">Washington</w> </s>
<s n="79"><w type="AT">The</w> <w type="JJ" subtype="TL">White</w> <w type="NN" subtype="TL">House</w> <w type="BEZ">is</w> <w type="VBG">taking</w> <w type="JJ">extraordinary</w> <w type="NNS">steps</w> <w type="TO">to</w> <w type="VB">check</w> <w type="AT">the</w> <w type="JJ">rapid</w> <w type="NN">growth</w> <w type="IN">of</w> <w type="JJ">juvenile</w> <w type="NN">delinquency</w> <w type="IN">in</w> <w type="AT">the</w> <w type="VBN" subtype="TL">United</w> <w type="NNS" subtype="TL">States</w> <c type="pct">.</c> </s>
</p>
<p><s n="80"><w type="AT">The</w> <w type="NN" subtype="TL">President</w> <w type="BEZ">is</w> <w type="QL">deeply</w> <w type="VBN">concerned</w> <w type="IN">over</w> <w type="DT">this</w> <w type="NN">problem</w> <w type="CC">and</w> <w type="PPg">its</w> <w type="NN">effect</w> <w type="IN">upon</w> <w type="AT">the</w> <c type="pct">``</c> <w type="NN">vitality</w> <w type="IN">of</w> <w type="AT">the</w> <w type="NN">nation</w> <c type="pct">''</c> <c type="pct">.</c> </s>
</p>
<p><s n="81"><w type="IN">In</w> <w type="AT">an</w> <w type="JJ">important</w> <w type="NN">assertion</w> <w type="IN">of</w> <w type="JJ">national</w> <w type="NN">leadership</w> <w type="IN">in</w> <w type="DT">this</w> <w type="NN">field</w> <c type="pct">,</c> <w type="PPS">he</w> <w type="HVZ">has</w> <w type="VBN">issued</w> <w type="AT">an</w> <w type="NN">executive</w> <w type="NN">order</w> <w type="VBG">establishing</w> <w type="AT">the</w> <w type="NNg" subtype="TL">President's</w> <w type="NN">committee</w> <w type="IN">on</w> <w type="JJ" subtype="TL">Juvenile</w> <w type="NN" subtype="TL">Delinquency</w> <w type="CC" subtype="TL">and</w> <w type="NN" subtype="TL">Crime</w> <c type="pct">,</c> <w type="TO">to</w> <w type="BE">be</w> <w type="VBN">supported</w> <w type="CC">and</w> <w type="VBN">assisted</w> <w type="IN">by</w> <w type="AT">a</w> <w type="NNS" subtype="TL">Citizens</w> <w type="JJ" subtype="TL">Advisory</w> <w type="NN" subtype="TL">Council</w> <w type="IN">of</w> <w type="VBN">recognized</w> <w type="NNS">authorities</w> <w type="IN">on</w> <w type="JJ">juvenile</w> <w type="NNS">problems</w> <c type="pct">.</c> </s>
</p>
<p><s n="82"><w type="AT">The</w> <w type="NN" subtype="TL">President</w> <w type="VBZ">asks</w> <w type="AT">the</w> <w type="NN">support</w> <w type="CC">and</w> <w type="NN">cooperation</w> <w type="IN">of</w> <w type="NP">Congress</w> <w type="IN">in</w> <w type="PPg">his</w> <w type="NNS">efforts</w> <w type="IN">through</w> <w type="AT">the</w> <w type="NN">enactment</w> <w type="IN">of</w> <w type="NN">legislation</w> <w type="TO">to</w> <w type="VB">provide</w> <w type="JJ">federal</w> <w type="NNS">grants</w> <w type="IN">to</w> <w type="NNS">states</w> <w type="IN">for</w> <w type="VBN">specified</w> <w type="NNS">efforts</w> <w type="IN">in</w> <w type="VBG">combating</w> <w type="DT">this</w> <w type="JJ">disturbing</w> <w type="NN">crime</w> <w type="NN">trend</w> <c type="pct">.</c> </s>
</p>
<p><s n="83"><w type="NNS" subtype="HL">Offenses</w> <w type="VB" subtype="HL">multiply</w> </s>
<s n="84"><w type="AT">The</w> <w type="NN" subtype="TL">President</w> <w type="HVZ">has</w> <w type="RB">also</w> <w type="VBN">called</w> <w type="RB">upon</w> <w type="AT">the</w> <w type="NN" subtype="TL">Attorney</w> <w type="JJ" subtype="TL">General</w> <c type="pct">,</c> <w type="AT">the</w> <w type="NN" subtype="TL">Secretary</w> <w type="IN" subtype="TL">of</w> <w type="NN" subtype="TL">Health</w> <c type="pct">,</c> <w type="NN" subtype="TL">Education</w> <w type="CC" subtype="TL">and</w> <w type="NN" subtype="TL">Welfare</w> <c type="pct">,</c> <w type="CC">and</w> <w type="AT">the</w> <w type="NN" subtype="TL">Secretary</w> <w type="IN" subtype="TL">of</w> <w type="NN" subtype="TL">Labor</w> <w type="TO">to</w> <w type="VB">coordinate</w> <w type="PPg">their</w> <w type="NNS">efforts</w> <c type="pct">``</c> <w type="IN">in</w> <w type="AT">the</w> <w type="NN">development</w> <w type="IN">of</w> <w type="AT">a</w> <w type="NN">program</w> <w type="IN">of</w> <w type="JJ">federal</w> <w type="NN">leadership</w> <w type="TO">to</w> <w type="VB">assist</w> <w type="NNS">states</w> <w type="CC">and</w> <w type="JJ">local</w> <w type="NNS">communities</w> <w type="IN">in</w> <w type="PPg">their</w> <w type="NNS">efforts</w> <w type="TO">to</w> <w type="VB">cope</w> <w type="IN">with</w> <w type="AT">the</w> <w type="NN">problem</w> <c type="pct">.</c> </s>
</p>
<p><s n="85"><w type="RB">Simultaneously</w> <w type="AT">the</w> <w type="NN" subtype="TL">President</w> <w type="VBD">announced</w> <w type="NR">Thursday</w> <w type="AT">the</w> <w type="NN">appointment</w> <w type="IN">of</w> <w type="NP">David</w> <w type="NP">L.</w> <w type="NP">Hackett</w> <c type="pct">,</c> <w type="AT">a</w> <w type="JJ">special</w> <w type="NN">assistant</w> <w type="IN">to</w> <w type="AT">the</w> <w type="NN" subtype="TL">Attorney</w> <w type="JJ" subtype="TL">General</w> <c type="pct">,</c> <w type="CS">as</w> <w type="NN">executive</w> <w type="NN">director</w> <w type="IN">of</w> <w type="AT">the</w> <w type="JJ">new</w> <w type="NN" subtype="TL">Committee</w> <w type="IN" subtype="TL">on</w> <w type="JJ" subtype="TL">Juvenile</w> <w type="NN" subtype="TL">Delinquency</w> <w type="CC" subtype="TL">and</w> <w type="NN" subtype="TL">Youth</w> <w type="NN" subtype="TL">Crime</w> <c type="pct">.</c> </s>
</p>
<p><s n="86"><w type="PPg">His</w> <w type="NN">sense</w> <w type="IN">of</w> <w type="NN">urgency</w> <w type="IN">in</w> <w type="DT">this</w> <w type="NN">matter</w> <w type="VBZ">stems</w> <w type="IN">from</w> <w type="AT">the</w> <w type="NN">fact</w> <w type="CS">that</w> <w type="NN">court</w> <w type="NNS">cases</w> <w type="CC">and</w> <w type="JJ">juvenile</w> <w type="NNS">arrests</w> <w type="HV">have</w> <w type="AP">more</w> <w type="IN">than</w> <w type="VBN">doubled</w> <w type="IN">since</w> <w type="CD">1948</w> <c type="pct">,</c> <w type="DT">each</w> <w type="NN">year</w> <w type="VBG">showing</w> <w type="AT">an</w> <w type="NN">increase</w> <w type="IN">in</w> <w type="NNS">offenders</w> <c type="pct">.</c> </s>
</p>
<p><s n="87"><w type="IN">Among</w> <w type="NNS">arrests</w> <w type="VBN">reported</w> <w type="IN">by</w> <w type="AT">the</w> <w type="JJ" subtype="TL">Federal</w> <w type="NN" subtype="TL">Bureau</w> <w type="IN" subtype="TL">of</w> <w type="NN" subtype="TL">Investigation</w> <w type="IN">in</w> <w type="CD">1959</w> <c type="pct">,</c> <w type="RB">about</w> <w type="ABN">half</w> <w type="IN">for</w> <w type="NN">burglary</w> <w type="CC">and</w> <w type="NN">larceny</w> <w type="VBD">involved</w> <w type="NNS">persons</w> <w type="IN">under</w> <w type="CD">18</w> <w type="NNS">years</w> <w type="IN">of</w> <w type="NN">age</w> <c type="pct">.</c> </s>
</p>
<p></p></body></text></TEI>
