<TEI xmlns="http://www.tei-c.org/ns/1.0"><teiHeader><fileDesc><titleStmt><title>Sample A08 from  The Times-Picayune, [New Orleans], January 1, 1961, sec. 2, p.3 </title><title type="sub">"Pfaff Named ... " 
"Washington Panorama" by Edgar Allen Poe 
"Eyes on Mississippi" by W. F. Minor 
"Louisiana Capital" by Robert Wagner 
</title></titleStmt><editionStmt><edition>A part  of the XML version of the Brown Corpus</edition></editionStmt><extent>2,003 words 1 (0%) quotes 1 symbol</extent><publicationStmt><idno>A08</idno><availability><p>Used by permission of The Times-Picayune</p></availability></publicationStmt><sourceDesc><bibl> The Times-Picayune, [New Orleans], January 1, 1961, sec. 2, p.3 </bibl></sourceDesc></fileDesc><encodingDesc><p>Typographical Errors:statutes [for statues] [0470]builtin [0770]</p></encodingDesc><revisionDesc><change when="2008-04-27">Header auto-generated for TEI version</change></revisionDesc></teiHeader>
<text xml:id="A08" decls="A">
<body><p><s n="1"><w type="NN">Appointment</w> <w type="IN">of</w> <w type="NP">William</w> <w type="NP">S.</w> <w type="NP">Pfaff</w> <w type="NP">Jr.</w> <c type="pct">,</c> <w type="CD">41</w> <c type="pct">,</c> <w type="CS">as</w> <w type="NN">promotion</w> <w type="NN">manager</w> <w type="IN">of</w> <w type="AT" subtype="TL">The</w> <w type="NP" subtype="TL">Times-Picayune</w> <w type="VBG" subtype="TL">Publishing</w> <w type="NN" subtype="TL">Company</w> <w type="BEDZ">was</w> <w type="VBN">announced</w> <w type="NR">Saturday</w> <w type="IN">by</w> <w type="NP">John</w> <w type="NP">F.</w> <w type="NP">Tims</w> <c type="pct">,</c> <w type="NN">president</w> <w type="IN">of</w> <w type="AT">the</w> <w type="NN">company</w> <c type="pct">.</c> </s>
</p>
<p><s n="2"><w type="NP">Pfaff</w> <w type="VBZ">succeeds</w> <w type="NP">Martin</w> <w type="NP">Burke</w> <c type="pct">,</c> <w type="WPS">who</w> <w type="VBD">resigned</w> <c type="pct">.</c> </s>
</p>
<p><s n="3"><w type="AT">The</w> <w type="JJ">new</w> <w type="NN">promotion</w> <w type="NN">manager</w> <w type="HVZ">has</w> <w type="BEN">been</w> <w type="VBN">employed</w> <w type="IN">by</w> <w type="AT">the</w> <w type="NN">company</w> <w type="IN">since</w> <w type="NP">January</w> <c type="pct">,</c> <w type="CD">1946</w> <c type="pct">,</c> <w type="CS">as</w> <w type="AT">a</w> <w type="NN">commercial</w> <w type="NN">artist</w> <w type="IN">in</w> <w type="AT">the</w> <w type="VBG">advertising</w> <w type="NN">department</w> <c type="pct">.</c> </s>
</p>
<p><s n="4"><w type="PPS">He</w> <w type="BEZ">is</w> <w type="AT">a</w> <w type="NN">native</w> <w type="IN">of</w> <w type="JJ" subtype="TL">New</w> <w type="NP" subtype="TL">Orleans</w> <w type="CC">and</w> <w type="VBD">attended</w> <w type="NP">Allen</w> <w type="JJ" subtype="TL">Elementary</w> <w type="NN">school</w> <c type="pct">,</c> <w type="NP">Fortier</w> <w type="JJ" subtype="TL">High</w> <w type="NN">school</w> <w type="CC">and</w> <w type="NP">Soule</w> <w type="NN">business</w> <w type="NN">college</w> <c type="pct">.</c> </s>
</p>
<p><s n="5"><w type="IN">From</w> <w type="NP">June</w> <c type="pct">,</c> <w type="CD">1942</w> <c type="pct">,</c> <w type="IN">until</w> <w type="NP">December</w> <c type="pct">,</c> <w type="CD">1945</w> <c type="pct">,</c> <w type="NP">Pfaff</w> <w type="VBD">served</w> <w type="IN">in</w> <w type="AT">the</w> <w type="NN" subtype="TL">Army</w> <w type="NN" subtype="TL">Air</w> <w type="NN" subtype="TL">Corps</w> <c type="pct">.</c> </s>
<s n="6"><w type="CS">While</w> <w type="IN">in</w> <w type="AT">the</w> <w type="NN">service</w> <w type="PPS">he</w> <w type="VBD">attended</w> <w type="NN">radio</w> <w type="NN">school</w> <w type="IN">at</w> <w type="NP">Scott</w> <w type="NN" subtype="TL">Field</w> <w type="IN">in</w> <w type="NP">Belleville</w> <c type="pct">,</c> <w type="NP">Ill.</w> <c type="pct">.</c> </s>
</p>
<p><s n="7"><w type="CS">Before</w> <w type="VBG">entering</w> <w type="AT">the</w> <w type="NN">service</w> <c type="pct">,</c> <w type="NP">Pfaff</w> <w type="IN">for</w> <w type="CD">five</w> <w type="NNS">years</w> <w type="DOD">did</w> <w type="JJ">clerical</w> <w type="NN">work</w> <w type="IN">with</w> <w type="AT">a</w> <w type="JJ">general</w> <w type="VBG">merchandising</w> <w type="CC">and</w> <w type="JJ">wholesale</w> <w type="NN">firm</w> <w type="IN">in</w> <w type="JJ" subtype="TL">New</w> <w type="NP" subtype="TL">Orleans</w> <c type="pct">.</c> </s>
</p>
<p><s n="8"><w type="PPS">He</w> <w type="BEZ">is</w> <w type="VBN">married</w> <w type="IN">to</w> <w type="AT">the</w> <w type="AP">former</w> <w type="NP">Audrey</w> <w type="NP">Knecht</w> <w type="CC">and</w> <w type="HVZ">has</w> <w type="AT">a</w> <w type="NN">daughter</w> <c type="pct">,</c> <w type="NP">Karol</w> <c type="pct">,</c> <w type="CD">13</w> <c type="pct">.</c> </s>
<s n="9"><w type="PPSS">They</w> <w type="VB">reside</w> <w type="IN">at</w> <w type="CD">4911</w> <w type="NP" subtype="TL">Miles</w> <w type="NN" subtype="TL">Dr.</w> <c type="pct">.</c> </s>
<s n="10"><w type="NP" subtype="HL">Washington</w> </s>
<s n="11"><c type="pct">--</c> <w type="NNS">Thousands</w> <w type="IN">of</w> <w type="JJ">bleacher-type</w> <w type="NNS">seats</w> <w type="BER">are</w> <w type="BEG">being</w> <w type="VBN">erected</w> <w type="IN">along</w> <w type="NP" subtype="TL">Pennsylvania</w> <w type="NN" subtype="TL">Avenue</w> <w type="IN">between</w> <w type="AT">the</w> <w type="NN" subtype="TL">Capitol</w> <w type="CC">and</w> <w type="AT">the</w> <w type="JJ" subtype="TL">White</w> <w type="NN" subtype="TL">House</w> <w type="IN">for</w> <w type="AT">the</w> <w type="JJ">big</w> <w type="NN">inaugural</w> <w type="NN">parade</w> <w type="IN">on</w> <w type="NP">Jan.</w> <w type="CD">20</w> <c type="pct">.</c> </s>
</p>
<p><s n="12"><w type="VBG">Assuming</w> <w type="AT">the</w> <w type="NN">weather</w> <w type="BEZ">is</w> <w type="QL">halfway</w> <w type="JJ">decent</w> <w type="DT">that</w> <w type="NN">day</w> <c type="pct">,</c> <w type="NNS">hundreds</w> <w type="IN">of</w> <w type="NNS">thousands</w> <w type="IN">of</w> <w type="NNS">persons</w> <w type="MD">will</w> <w type="VB">mass</w> <w type="IN">along</w> <w type="DT">this</w> <w type="NN">thoroughfare</w> <w type="CS">as</w> <w type="NN" subtype="TL">President</w> <w type="NP">John</w> <w type="NP">F.</w> <w type="NP">Kennedy</w> <w type="CC">and</w> <w type="VBG">retiring</w> <w type="NN" subtype="TL">President</w> <w type="NP">Dwight</w> <w type="NP">D.</w> <w type="NP">Eisenhower</w> <w type="VB">leave</w> <w type="NN" subtype="TL">Capitol</w> <w type="NN" subtype="TL">Hill</w> <w type="VBG">following</w> <w type="AT">the</w> <w type="JJ">oath-taking</w> <w type="NNS">ceremonies</w> <w type="CC">and</w> <w type="VB">ride</w> <w type="IN">down</w> <w type="DT">this</w> <w type="JJ">historic</w> <w type="JJ">ceremonial</w> <w type="NN">route</w> <c type="pct">.</c> </s>
</p>
<p><s n="13"><w type="NP" subtype="TL">Pennsylvania</w> <w type="NN" subtype="TL">Avenue</w> <c type="pct">,</c> <w type="VBN">named</w> <w type="IN">for</w> <w type="CD">one</w> <w type="IN">of</w> <w type="AT">the</w> <w type="JJ">original</w> <w type="CD">13</w> <w type="NNS">states</w> <c type="pct">,</c> <w type="RB">perhaps</w> <w type="BEZ">is</w> <w type="NEG">not</w> <w type="AT">the</w> <w type="QL">most</w> <w type="JJ">impressive</w> <w type="NN">street</w> <w type="IN">in</w> <w type="AT">the</w> <w type="NN" subtype="TL">District</w> <w type="IN" subtype="TL">of</w> <w type="NP" subtype="TL">Columbia</w> <w type="IN">from</w> <w type="AT">a</w> <w type="JJ">commercial</w> <w type="NN">standpoint</w> <c type="pct">.</c> </s>
<s n="14"><w type="CC">But</w> <w type="IN">from</w> <w type="AT">a</w> <w type="JJ">historic</w> <w type="NN">viewpoint</w> <w type="PN">none</w> <w type="MD">can</w> <w type="VB">approach</w> <w type="PPO">it</w> <c type="pct">.</c> </s>
</p>
<p><s n="15"><w type="AP" subtype="HL">Many</w> <w type="NNS" subtype="HL">buildings</w> </s>
<s n="16"><w type="IN">Within</w> <w type="NN">view</w> <w type="IN">of</w> <w type="AT">the</w> <w type="NN">avenue</w> <w type="BER">are</w> <w type="DTI">some</w> <w type="IN">of</w> <w type="AT">the</w> <w type="VBN" subtype="TL">United</w> <w type="NNS" subtype="TL">States</w> <w type="NNg">government's</w> <w type="JJ">tremendous</w> <w type="NNS">buildings</w> <c type="pct">,</c> <w type="CC">plus</w> <w type="NNS">shrines</w> <w type="CC">and</w> <w type="NNS">monuments</w> <c type="pct">.</c> </s>
<s n="17"><w type="IN">Of</w> <w type="NN">course</w> <c type="pct">,</c> <w type="CD">1600</w> <w type="NP">Pennsylvania</w> <c type="pct">,</c> <w type="AT">the</w> <w type="JJ" subtype="TL">White</w> <w type="NN" subtype="TL">House</w> <c type="pct">,</c> <w type="BEZ">is</w> <w type="AT">the</w> <w type="QL">most</w> <w type="JJ">famous</w> <w type="NN">address</w> <w type="IN">of</w> <w type="AT">the</w> <w type="JJ">free</w> <w type="NN">world</w> <c type="pct">.</c> </s>
</p>
<p><s n="18"><w type="IN">Within</w> <w type="AT">an</w> <w type="JJ">easy</w> <w type="NN">walk</w> <w type="IN">from</w> <w type="NN" subtype="TL">Capitol</w> <w type="NN" subtype="TL">Hill</w> <w type="WRB">where</w> <w type="NP" subtype="TL">Pennsylvania</w> <w type="NN" subtype="TL">Avenue</w> <w type="VBZ">comes</w> <w type="RB">together</w> <w type="IN">with</w> <w type="NN" subtype="TL">Constitution</w> <w type="NN" subtype="TL">Avenue</w> <c type="pct">,</c> <w type="VBZ">begins</w> <w type="AT">a</w> <w type="NN">series</w> <w type="IN">of</w> <w type="JJ">great</w> <w type="JJ">federal</w> <w type="NNS">buildings</w> <c type="pct">,</c> <w type="DTI">some</w> <w type="AT">a</w> <w type="NN">block</w> <w type="JJ">long</w> <w type="CC">and</w> <w type="ABN">all</w> <w type="RB">about</w> <w type="JJ">seven-stories</w> <w type="JJ">high</w> <c type="pct">.</c> </s>
</p>
<p><s n="19"><w type="JJ">Great</w> <w type="NNS">chapters</w> <w type="IN">of</w> <w type="NN">history</w> <w type="HV">have</w> <w type="BEN">been</w> <w type="VBN">recorded</w> <w type="IN">along</w> <w type="AT">the</w> <w type="NN">avenue</w> <c type="pct">,</c> <w type="RB">now</w> <w type="RB">about</w> <w type="CD">169</w> <w type="NNS">years</w> <w type="JJ">old</w> <c type="pct">.</c> </s>
<s n="20"><w type="IN">In</w> <w type="AT">the</w> <w type="JJ">early</w> <w type="NN">spring</w> <w type="IN">of</w> <w type="CD">1913</w> <w type="AT">a</w> <w type="AP">few</w> <w type="CD">hundred</w> <w type="CD">thousand</w> <w type="NNS">persons</w> <w type="VBD">turned</w> <w type="RP">out</w> <w type="TO">to</w> <w type="VB">watch</w> <w type="CD">5000</w> <w type="NNS">women</w> <w type="VB">parade</w> <c type="pct">.</c> </s>
<s n="21"><w type="PPSS">They</w> <w type="BED">were</w> <w type="AT">the</w> <w type="NNS">suffragettes</w> <w type="CC">and</w> <w type="PPSS">they</w> <w type="VBD">wanted</w> <w type="TO">to</w> <w type="VB">vote</w> <c type="pct">.</c> </s>
<s n="22"><w type="IN">In</w> <w type="AT">the</w> <w type="CD">1920</w> <w type="JJ">presidential</w> <w type="NN">election</w> <w type="PPSS">they</w> <w type="HVD">had</w> <w type="DT">that</w> <w type="NN">right</w> <w type="CC">and</w> <w type="AP">many</w> <w type="IN">of</w> <w type="PPO">them</w> <w type="DOD">did</w> <w type="VB">vote</w> <w type="IN">for</w> <w type="AT">the</w> <w type="OD">first</w> <w type="NN">time</w> <c type="pct">.</c> </s>
</p>
<p><s n="23"><w type="NNS" subtype="HL">Seats</w> <w type="IN" subtype="HL">on</w> <w type="NN" subtype="HL">square</w> </s>
<s n="24"><w type="IN">Along</w> <w type="DT">this</w> <w type="NN">avenue</w> <w type="WDT">which</w> <w type="VB">saw</w> <w type="VBG">marching</w> <w type="NNS">soldiers</w> <w type="IN">from</w> <w type="AT">the</w> <w type="NN" subtype="TL">War</w> <w type="IN" subtype="TL">Between</w> <w type="AT" subtype="TL">the</w> <w type="NNS" subtype="TL">States</w> <w type="VBG">returning</w> <w type="IN">in</w> <w type="CD">1865</w> <w type="BEZ">is</w> <w type="AT">the</w> <w type="JJ" subtype="TL">National</w> <w type="NNS" subtype="TL">Archives</w> <w type="NN">building</w> <w type="WRB">where</w> <w type="NNS">hundreds</w> <w type="IN">of</w> <w type="NNS">thousands</w> <w type="IN">of</w> <w type="DT">this</w> <w type="NNg">country's</w> <w type="QL">most</w> <w type="JJ">valuable</w> <w type="NNS">records</w> <w type="BER">are</w> <w type="VBN">kept</w> <c type="pct">.</c> </s>
<s n="25"><w type="RB">Also</w> <w type="AT">the</w> <w type="NN">department</w> <w type="IN">of</w> <w type="NN">justice</w> <w type="NN">building</w> <w type="BEZ">is</w> <w type="VBN">located</w> <w type="WRB">where</w> <w type="NP">J.</w> <w type="NP">Edgar</w> <w type="NP">Hoover</w> <w type="VBZ">presides</w> <w type="IN">over</w> <w type="AT">the</w> <w type="JJ">federal</w> <w type="NN">bureau</w> <w type="IN">of</w> <w type="NN">investigation</w> <c type="pct">.</c> </s>
</p>
<p><s n="26"><w type="NN">Street</w> <w type="NN">car</w> <w type="NNS">tracks</w> <w type="VB">run</w> <w type="IN">down</w> <w type="AT">the</w> <w type="NN">center</w> <w type="IN">of</w> <w type="NP">Pennsylvania</w> <c type="pct">,</c> <w type="VBN">powered</w> <w type="IN">with</w> <w type="NNS">lines</w> <w type="WPS">that</w> <w type="BER">are</w> <w type="RB">underground</w> <c type="pct">.</c> </s>
</p>
<p><s n="27"><w type="AP">Many</w> <w type="NNS">spectators</w> <w type="MD">will</w> <w type="BE">be</w> <w type="VBG">occupying</w> <w type="NNS">seats</w> <w type="CC">and</w> <w type="NN">vantage</w> <w type="NNS">points</w> <w type="VBG">bordering</w> <w type="NP" subtype="TL">Lafayette</w> <w type="NN" subtype="TL">Square</w> <c type="pct">,</c> <w type="IN">opposite</w> <w type="AT">the</w> <w type="JJ" subtype="TL">White</w> <w type="NN" subtype="TL">House</w> <c type="pct">.</c> </s>
<s n="28"><w type="IN">In</w> <w type="DT">this</w> <w type="JJ">historic</w> <w type="NN">square</w> <w type="BER">are</w> <w type="AP">several</w> <w type="NNS">statues</w> <c type="pct">,</c> <w type="CC">but</w> <w type="AT">the</w> <w type="CD">one</w> <w type="WPS">that</w> <w type="VBZ">stands</w> <w type="RP">out</w> <w type="IN">over</w> <w type="AT">the</w> <w type="NNS">others</w> <w type="BEZ">is</w> <w type="DT">that</w> <w type="IN">of</w> <w type="NN" subtype="TL">Gen.</w> <w type="NP">Andrew</w> <w type="NP">Jackson</w> <c type="pct">,</c> <w type="NN">hero</w> <w type="IN">of</w> <w type="AT">the</w> <w type="NN" subtype="TL">Battle</w> <w type="IN" subtype="TL">of</w> <w type="JJ" subtype="TL">New</w> <w type="NP">Orleans</w> <c type="pct">.</c> </s>
</p>
<p><s n="29"><w type="VBG">Moving</w> <w type="IN">past</w> <w type="AT">the</w> <w type="JJ">presidential</w> <w type="VBG">viewing</w> <w type="NN">stand</w> <w type="CC">and</w> <w type="NP" subtype="TL">Lafayette</w> <w type="NN" subtype="TL">Square</w> <w type="MD">will</w> <w type="BE">be</w> <w type="IN">at</w> <w type="AP">least</w> <w type="CD">40</w> <w type="VBG">marching</w> <w type="NNS">units</w> <c type="pct">.</c> </s>
<s n="30"><w type="RB">About</w> <w type="CD">16,000</w> <w type="JJ">military</w> <w type="NNS">members</w> <w type="IN">of</w> <w type="ABN">all</w> <w type="NNS">branches</w> <w type="IN">of</w> <w type="AT">the</w> <w type="VBN">armed</w> <w type="NNS">forces</w> <w type="MD">will</w> <w type="VB">take</w> <w type="NN">part</w> <w type="IN">in</w> <w type="AT">the</w> <w type="NN">parade</w> <c type="pct">.</c> </s>
</p>
<p><s n="31"><w type="NN">Division</w> <w type="CD">one</w> <w type="IN">of</w> <w type="AT">the</w> <w type="NN">parade</w> <w type="MD">will</w> <w type="BE">be</w> <w type="AT">the</w> <w type="NN">service</w> <w type="NNS">academies</w> <c type="pct">.</c> </s>
<s n="32"><w type="NN">Division</w> <w type="CD">two</w> <w type="MD">will</w> <w type="VB">include</w> <w type="AT">the</w> <w type="NNS">representations</w> <w type="IN">of</w> <w type="NP">Massachusetts</w> <w type="CC">and</w> <w type="NP">Texas</w> <c type="pct">,</c> <w type="AT">the</w> <w type="JJ">respective</w> <w type="NNS">states</w> <w type="IN">of</w> <w type="AT">the</w> <w type="NN" subtype="TL">President</w> <w type="CC">and</w> <w type="IN">of</w> <w type="NN" subtype="TL">Vice-President</w> <w type="NP">L.</w> <w type="NP">B.</w> <w type="NP">Johnson</w> <c type="pct">.</c> </s>
<s n="33"><w type="RB">Then</w> <w type="MD">will</w> <w type="VB">come</w> <w type="CD">nine</w> <w type="AP">other</w> <w type="NNS">states</w> <w type="IN">in</w> <w type="AT">the</w> <w type="NN">order</w> <w type="IN">of</w> <w type="PPg">their</w> <w type="NN">admission</w> <w type="IN">to</w> <w type="AT">the</w> <w type="NN">union</w> <c type="pct">.</c> </s>
</p>
<p><s n="34"><w type="NN">Division</w> <w type="CD">three</w> <w type="MD">will</w> <w type="BE">be</w> <w type="VBN">headed</w> <w type="IN">by</w> <w type="AT">the</w> <w type="NNS" subtype="TL">Marines</w> <w type="VBN">followed</w> <w type="IN">by</w> <w type="CD">12</w> <w type="NNS">states</w> <c type="pct">;</c> <c type="pct">;</c> </s>
<s n="35"><w type="NN">division</w> <w type="CD">four</w> <w type="MD">will</w> <w type="BE">be</w> <w type="VBN">headed</w> <w type="IN">by</w> <w type="AT">the</w> <w type="NN" subtype="TL">Navy</w> <c type="pct">,</c> <w type="VBN">followed</w> <w type="IN">by</w> <w type="CD">11</w> <w type="NNS">states</w> <c type="pct">;</c> <c type="pct">;</c> </s>
<s n="36"><w type="NN">division</w> <w type="CD">five</w> <c type="pct">,</c> <w type="IN">by</w> <w type="AT">the</w> <w type="NN" subtype="TL">Air</w> <w type="NN" subtype="TL">Force</w> <w type="VBN">followed</w> <w type="IN">by</w> <w type="CD">11</w> <w type="NNS">states</w> <c type="pct">.</c> </s>
<s n="37"><w type="NN">Division</w> <w type="CD">six</w> <w type="MD">will</w> <w type="BE">be</w> <w type="VBN">headed</w> <w type="IN">by</w> <w type="AT">the</w> <w type="NN" subtype="TL">Coast</w> <w type="NN" subtype="TL">Guard</w> <c type="pct">,</c> <w type="VBN">followed</w> <w type="IN">by</w> <w type="AT">the</w> <w type="NN">reserve</w> <w type="NNS">forces</w> <w type="IN">of</w> <w type="ABN">all</w> <w type="NNS">services</w> <c type="pct">,</c> <w type="CD">five</w> <w type="NNS">states</w> <c type="pct">,</c> <w type="NP">Puerto</w> <w type="NP">Rico</w> <c type="pct">,</c> <w type="AT">the</w> <w type="NN" subtype="TL">Virgin</w> <w type="NNS" subtype="TL">Islands</w> <c type="pct">,</c> <w type="NP">Guam</w> <c type="pct">,</c> <w type="JJ" subtype="TL">American</w> <w type="NP" subtype="TL">Samoa</w> <c type="pct">,</c> <w type="AT">the</w> <w type="NN">trust</w> <w type="NNS">territories</w> <w type="CC">and</w> <w type="AT">the</w> <w type="NN" subtype="TL">Canal</w> <w type="NN" subtype="TL">Zone</w> <c type="pct">.</c> </s>
<s n="38"><w type="NP" subtype="HL">Jackson</w> <c type="pct">,</c> <w type="NP" subtype="HL">Miss.</w> </s>
<s n="39"><c type="pct">--</c> <w type="WDT">What</w> <w type="DOZ">does</w> <w type="CD">1961</w> <w type="VB">offer</w> <w type="IN">in</w> <w type="JJ">political</w> <w type="CC">and</w> <w type="JJ">governmental</w> <w type="NNS">developments</w> <w type="IN">in</w> <w type="NP">Mississippi</w> <c type="pct">?</c> <c type="pct">?</c> </s>
</p>
<p><s n="40"><w type="RB">Even</w> <w type="IN">for</w> <w type="DTS">those</w> <w type="WPS">who</w> <w type="HV">have</w> <w type="BEN">been</w> <w type="VBG">observing</w> <w type="AT">the</w> <w type="JJ">political</w> <w type="NN">scene</w> <w type="AT">a</w> <w type="JJ">long</w> <w type="NN">time</w> <c type="pct">,</c> <w type="AT">no</w> <w type="NN">script</w> <w type="IN">from</w> <w type="AT">the</w> <w type="NN">past</w> <w type="BEZ">is</w> <w type="JJ">worth</w> <w type="QL">very</w> <w type="AP">much</w> <w type="IN">in</w> <w type="VBG">gazing</w> <w type="IN">into</w> <w type="AT">the</w> <w type="NNg">state's</w> <w type="JJ">immediate</w> <w type="JJ">political</w> <w type="NN">future</w> <c type="pct">.</c> </s>
</p>
<p><s n="41"><w type="DT">This</w> <w type="BEZ">is</w> <w type="RB">largely</w> <w type="RB">because</w> <w type="IN">of</w> <w type="AT">the</w> <w type="NN">unpredictability</w> <w type="IN">of</w> <w type="AT">the</w> <w type="NN">man</w> <w type="WPS">who</w> <w type="VBZ">operates</w> <w type="AT">the</w> <w type="NN">helm</w> <w type="IN">of</w> <w type="AT">the</w> <w type="NN">state</w> <w type="NN">government</w> <w type="CC">and</w> <w type="BEZ">is</w> <w type="AT">the</w> <w type="VBN">elected</w> <w type="NN">leader</w> <w type="IN">of</w> <w type="PPg">its</w> <w type="CD">two</w> <w type="CD">million</w> <w type="NNS">inhabitants</w> <c type="pct">--</c> <w type="NN" subtype="TL">Gov.</w> <w type="NP">Ross</w> <w type="NP">Barnett</w> <c type="pct">.</c> </s>
</p>
<p><s n="42"><w type="NP">Barnett</w> <c type="pct">,</c> <w type="WPS">who</w> <w type="VBD">came</w> <w type="IN">into</w> <w type="NN">office</w> <w type="IN">with</w> <w type="RB">no</w> <w type="JJ">previous</w> <w type="NN">experience</w> <w type="IN">in</w> <w type="JJ">public</w> <w type="NN">administration</w> <c type="pct">,</c> <w type="HVZ">has</w> <w type="VBN">surrounded</w> <w type="PPL">himself</w> <w type="IN">with</w> <w type="NN">confusion</w> <w type="WDT">which</w> <w type="NEG">not</w> <w type="RB">only</w> <w type="VBZ">keeps</w> <w type="PPg">his</w> <w type="NNS">foes</w> <w type="VBG">guessing</w> <w type="CC">but</w> <w type="PPg">his</w> <w type="NNS">friends</w> <w type="CS">as</w> <w type="RB">well</w> <c type="pct">.</c> </s>
</p>
<p><s n="43"><w type="RB">Consequently</w> <c type="pct">,</c> <w type="PPS">it</w> <w type="BEZ">is</w> <w type="JJ">uncertain</w> <w type="IN">after</w> <w type="RB">nearly</w> <w type="CD">12</w> <w type="NNS">months</w> <w type="IN">in</w> <w type="NN">office</w> <w type="RB">just</w> <w type="WDT">which</w> <w type="NN">direction</w> <w type="AT">the</w> <w type="NP">Barnett</w> <w type="NN">administration</w> <w type="MD">will</w> <w type="VB">take</w> <w type="IN">in</w> <w type="AT">the</w> <w type="VBG">coming</w> <w type="NN">year</w> <c type="pct">.</c> </s>
</p>
<p><s n="44"><w type="MD" subtype="HL">Could</w> <w type="BE" subtype="HL">be</w> <w type="NN" subtype="HL">scramble</w> </s>
<s n="45"><w type="DTI">Some</w> <w type="VB">predict</w> <w type="AT">the</w> <w type="NN">administration</w> <w type="MD">will</w> <w type="VB">settle</w> <w type="RP">down</w> <w type="IN">during</w> <w type="CD">1961</w> <w type="CC">and</w> <w type="VB">iron</w> <w type="RP">out</w> <w type="AT">the</w> <w type="JJ">rough</w> <w type="NNS">edges</w> <w type="WDT">which</w> <w type="PPS">it</w> <w type="HVZ">has</w> <w type="HVN">had</w> <w type="QL">thus</w> <w type="RB">far</w> <c type="pct">.</c> </s>
</p>
<p><s n="46"><w type="AT">The</w> <w type="JJ">builtin</w> <w type="NN">headache</w> <w type="IN">of</w> <w type="AT">the</w> <w type="NP">Barnett</w> <w type="NN">regime</w> <w type="QL">thus</w> <w type="RB">far</w> <w type="HVZ">has</w> <w type="BEN">been</w> <w type="AT">the</w> <w type="JJ">steady</w> <w type="NN">stream</w> <w type="IN">of</w> <w type="NNS">job-seekers</w> <w type="CC">and</w> <w type="NNS">others</w> <w type="WPS">who</w> <w type="VB">feel</w> <w type="PPSS">they</w> <w type="BED">were</w> <w type="VBN">given</w> <w type="NNS">commitments</w> <w type="IN">by</w> <w type="NP">Barnett</w> <w type="IN">at</w> <w type="DTI">some</w> <w type="NN">stage</w> <w type="IN">of</w> <w type="PPg">his</w> <w type="JJ">eight-year</w> <w type="NN">quest</w> <w type="IN">for</w> <w type="AT">the</w> <w type="NNg">governor's</w> <w type="NN">office</w> <c type="pct">.</c> </s>
</p>
<p><s n="47"><w type="EX">There</w> <w type="BER">are</w> <w type="AP">many</w> <w type="WPS">who</w> <w type="VB">predict</w> <w type="CS">that</w> <w type="MD">should</w> <w type="NP">Barnett</w> <w type="VB">decide</w> <w type="TO">to</w> <w type="VB">call</w> <w type="AT">the</w> <w type="NN" subtype="TL">Legislature</w> <w type="RB">back</w> <w type="IN">into</w> <w type="JJ">special</w> <w type="NN">session</w> <c type="pct">,</c> <w type="PPS">it</w> <w type="MD">will</w> <w type="RB">really</w> <w type="VB">throw</w> <w type="PPg">his</w> <w type="NN">administration</w> <w type="IN">into</w> <w type="AT">a</w> <w type="NN">scramble</w> <c type="pct">.</c> </s>
</p>
<p><s n="48"><w type="RB">Certainly</w> <w type="PN">nobody</w> <w type="MD">will</w> <w type="VB">predict</w> <w type="CS">that</w> <w type="AT">the</w> <w type="AP">next</w> <w type="NN">time</w> <w type="AT">the</w> <w type="NNS">lawmakers</w> <w type="VB">come</w> <w type="RB">back</w> <w type="RB">together</w> <w type="NP">Barnett</w> <w type="MD">will</w> <w type="BE">be</w> <w type="JJ">able</w> <w type="TO">to</w> <w type="VB">enjoy</w> <w type="AT">a</w> <w type="NN">re-enactment</w> <w type="IN">of</w> <w type="AT">the</w> <w type="JJ">strange</w> <w type="CC">but</w> <w type="JJ">successful</w> <c type="pct">``</c> <w type="NN">honeymoon</w> <c type="pct">''</c> <w type="PPS">he</w> <w type="HVD">had</w> <w type="IN">in</w> <w type="AT">the</w> <w type="CD">1960</w> <w type="JJ">legislative</w> <w type="NN">session</w> <c type="pct">.</c> </s>
</p>
<p><s n="49"><w type="CS">If</w> <w type="NP">Barnett</w> <mw pos="DOZ *">doesn't </mw><w type="VB">call</w> <w type="AT">a</w> <w type="JJ">special</w> <w type="NN">session</w> <w type="IN">in</w> <w type="CD">1961</w> <c type="pct">,</c> <w type="PPS">it</w> <w type="MD">will</w> <w type="BE">be</w> <w type="AT">the</w> <w type="OD">first</w> <w type="NN">year</w> <w type="IN">in</w> <w type="AT">the</w> <w type="AP">last</w> <w type="NN">decade</w> <w type="CS">that</w> <w type="AT">the</w> <w type="NN" subtype="TL">Legislature</w> <w type="HVZ">has</w> <w type="NEG">not</w> <w type="VBN">met</w> <w type="IN">in</w> <w type="JJ">regular</w> <w type="CC">or</w> <w type="JJ">special</w> <w type="NN">session</w> <c type="pct">.</c> </s>
</p>
<p><s n="50"><w type="AT">The</w> <w type="NNS">odds</w> <w type="VB">favor</w> <w type="AT">a</w> <w type="JJ">special</w> <w type="NN">session</w> <c type="pct">,</c> <w type="AP">more</w> <w type="CS">than</w> <w type="JJ">likely</w> <w type="RB">early</w> <w type="IN">in</w> <w type="AT">the</w> <w type="NN">year</w> <c type="pct">.</c> </s>
</p>
<p><s n="51"><w type="NNS" subtype="HL">Districts</w> <w type="NN" subtype="HL">issue</w> </s>
<s n="52"><w type="NNS">Legislators</w> <w type="RB">always</w> <w type="VB">get</w> <w type="JJ">restless</w> <w type="IN">for</w> <w type="AT">a</w> <w type="JJ">special</w> <w type="NN">session</w> <c type="pct">(</c> <w type="CS">whether</w> <w type="IN">for</w> <w type="AT">the</w> <w type="NN">companionship</w> <w type="CC">or</w> <w type="AT">the</w> <w type="NNS">$22.50</w> <w type="IN">per</w> <w type="NN">diem</w> <w type="BEZ">is</w> <w type="NEG">not</w> <w type="JJ">certain</w> <c type="pct">)</c> <w type="CC">and</w> <w type="CS">if</w> <w type="PPSS">they</w> <w type="VB">start</w> <w type="VBG">agitating</w> <c type="pct">.</c> </s>
<s n="53"><w type="NP">Barnett</w> <w type="BEZ">is</w> <w type="NEG">not</w> <w type="VBN">expected</w> <w type="TO">to</w> <w type="BE">be</w> <w type="JJ">able</w> <w type="TO">to</w> <w type="VB">withstand</w> <w type="AT">the</w> <w type="NN">pressure</w> <c type="pct">.</c> </s>
</p>
<p><s n="54"><w type="AT">The</w> <w type="NN">issue</w> <w type="WDT">which</w> <w type="MD">may</w> <w type="VB">make</w> <w type="PPO">it</w> <w type="JJ">necessary</w> <w type="TO">to</w> <w type="HV">have</w> <w type="AT">a</w> <w type="NN">session</w> <w type="BEZ">is</w> <w type="AT">the</w> <w type="QL">highly</w> <w type="JJ">sensitive</w> <w type="NN">problem</w> <w type="IN">of</w> <w type="VBG">cutting</w> <w type="AT">the</w> <w type="NNg">state's</w> <w type="JJ">congressional</w> <w type="NNS">districts</w> <w type="IN">from</w> <w type="CD">six</w> <w type="IN">to</w> <w type="CD">five</w> <w type="TO">to</w> <w type="VB">eliminate</w> <w type="CD">one</w> <w type="JJ">congressional</w> <w type="NN">seat</w> <c type="pct">.</c> </s>
</p>
<p><s n="55"><w type="IN">With</w> <w type="NNS">eyes</w> <w type="VBN">focused</w> <w type="IN">on</w> <w type="AT">the</w> <w type="OD">third</w> <w type="JJ">congressional</w> <w type="NN">district</w> <c type="pct">,</c> <w type="AT">the</w> <w type="JJ">historic</w> <w type="NP">Delta</w> <w type="NN">district</w> <c type="pct">,</c> <w type="CC">and</w> <w type="NN" subtype="TL">Congressman</w> <w type="NP">Frank</w> <w type="NP">E.</w> <w type="NP">Smith</w> <w type="CS">as</w> <w type="AT">the</w> <w type="CD">one</w> <w type="QL">most</w> <w type="JJ">likely</w> <w type="TO">to</w> <w type="VB">go</w> <c type="pct">,</c> <w type="AT">the</w> <w type="VBG">redistricting</w> <w type="NN">battle</w> <w type="MD">will</w> <w type="VB">put</w> <w type="IN">to</w> <w type="AT">a</w> <w type="NN">test</w> <w type="AT">the</w> <w type="JJ">longstanding</w> <w type="NN">power</w> <w type="WDT">which</w> <w type="NNS">lawmakers</w> <w type="IN">from</w> <w type="AT">the</w> <w type="NP">Delta</w> <w type="HV">have</w> <w type="VBN">held</w> <w type="IN">in</w> <w type="AT">the</w> <w type="NN" subtype="TL">Legislature</w> <c type="pct">.</c> </s>
</p>
<p><s n="56"><w type="NPg">Mississippi's</w> <w type="NNS">relations</w> <w type="IN">with</w> <w type="AT">the</w> <w type="JJ">national</w> <w type="JJ" subtype="TL">Democratic</w> <w type="NN">party</w> <w type="MD">will</w> <w type="BE">be</w> <w type="IN">at</w> <w type="AT">a</w> <w type="NNS">crossroads</w> <w type="IN">during</w> <w type="CD">1961</w> <c type="pct">,</c> <w type="IN">with</w> <w type="AT">the</w> <w type="OD">first</w> <w type="JJ" subtype="TL">Democratic</w> <w type="NN">president</w> <w type="IN">in</w> <w type="CD">eight</w> <w type="NNS">years</w> <w type="IN">in</w> <w type="AT">the</w> <w type="JJ" subtype="TL">White</w> <w type="NN" subtype="TL">House</w> <c type="pct">.</c> </s>
</p>
<p><s n="57"><w type="VBN">Split</w> <w type="RB">badly</w> <w type="IN">during</w> <w type="AT">the</w> <w type="JJ">recent</w> <w type="JJ">presidential</w> <w type="NN">election</w> <w type="IN">into</w> <w type="QL">almost</w> <w type="RB">equally</w> <w type="VBN">divided</w> <w type="NNS">camps</w> <w type="IN">of</w> <w type="NN">party</w> <w type="NNS">loyalists</w> <w type="CC">and</w> <w type="NNS">independents</w> <c type="pct">,</c> <w type="AT">the</w> <w type="JJ" subtype="TL">Democratic</w> <w type="NN">party</w> <w type="IN">in</w> <w type="NP">Mississippi</w> <w type="BEZ">is</w> <w type="RB">currently</w> <w type="AT">a</w> <w type="NN">wreck</w> <c type="pct">.</c> </s>
<s n="58"><w type="CC">And</w> <w type="EX">there</w> <w type="HVZ">has</w> <w type="BEN">been</w> <w type="AT">no</w> <w type="NN">effort</w> <w type="IN">since</w> <w type="AT">the</w> <w type="NN">election</w> <w type="TO">to</w> <w type="VB">pull</w> <w type="PPO">it</w> <w type="RB">back</w> <w type="RB">together</w> <c type="pct">.</c> </s>
</p>
<p><s n="59"><w type="NN" subtype="HL">Future</w> <w type="VBN" subtype="HL">clouded</w> </s>
<s n="60"><w type="NP">Barnett</w> <c type="pct">,</c> <w type="CS">as</w> <w type="AT">the</w> <w type="JJ">titular</w> <w type="NN">head</w> <w type="IN">of</w> <w type="AT">the</w> <w type="JJ" subtype="TL">Democratic</w> <w type="NN">party</w> <c type="pct">,</c> <w type="RB">apparently</w> <w type="MD">must</w> <w type="VB">make</w> <w type="AT">the</w> <w type="NN">move</w> <w type="TO">to</w> <w type="VB">reestablish</w> <w type="NNS">relations</w> <w type="IN">with</w> <w type="AT">the</w> <w type="JJ">national</w> <w type="JJ" subtype="TL">Democratic</w> <w type="NN">party</w> <w type="CC">or</w> <w type="VB">see</w> <w type="AT">a</w> <w type="NN">movement</w> <w type="VB">come</w> <w type="IN">from</w> <w type="AT">the</w> <w type="NN">loyalist</w> <w type="NNS">ranks</w> <w type="TO">to</w> <w type="RB">completely</w> <w type="VB">bypass</w> <w type="PPO">him</w> <w type="CS">as</w> <w type="AT">a</w> <w type="NN">party</w> <w type="NN">functionary</w> <c type="pct">.</c> </s>
</p>
<p><s n="61"><w type="IN">With</w> <w type="AT">a</w> <w type="JJ" subtype="TL">Democratic</w> <w type="NN">administration</w> <c type="pct">,</c> <w type="NN">party</w> <w type="NN">patronage</w> <w type="MD">would</w> <w type="RB">normally</w> <w type="VB">begin</w> <w type="TO">to</w> <w type="VB">flow</w> <w type="IN">to</w> <w type="NP">Mississippi</w> <w type="CS">if</w> <w type="PPS">it</w> <w type="HVD">had</w> <w type="VBN">held</w> <w type="PPg">its</w> <w type="JJ" subtype="TL">Democratic</w> <w type="NN">solidarity</w> <w type="IN">in</w> <w type="AT">the</w> <w type="NP">November</w> <w type="NN">election</w> <c type="pct">.</c> </s>
</p>
<p><s n="62"><w type="RB">Now</w> <c type="pct">,</c> <w type="AT">the</w> <w type="NN">picture</w> <w type="BEZ">is</w> <w type="VBN">clouded</w> <c type="pct">,</c> <w type="CC">and</w> <w type="RB">even</w> <w type="NN">US</w> <w type="NNS" subtype="TL">Sens.</w> <w type="NP">James</w> <w type="NP">O.</w> <w type="NP">Eastland</w> <w type="CC">and</w> <w type="NP">John</w> <w type="NP">C.</w> <w type="NP">Stennis</w> <c type="pct">,</c> <w type="WPS">who</w> <w type="VBD">remained</w> <w type="JJ">loyal</w> <w type="IN">to</w> <w type="AT">the</w> <w type="NN">ticket</w> <c type="pct">,</c> <w type="BER">are</w> <w type="JJ">uncertain</w> <w type="IN">of</w> <w type="PPg">their</w> <w type="NN">status</w> <c type="pct">.</c> </s>
</p>
<p><s n="63"><w type="NNS">Reports</w> <w type="BER">are</w> <w type="CS">that</w> <w type="PPS">it</w> <w type="BEZ">is</w> <w type="AP">more</w> <w type="CS">than</w> <w type="JJ">probable</w> <w type="CS">that</w> <w type="AT">the</w> <w type="CD">four</w> <w type="NNS">congressmen</w> <w type="IN">from</w> <w type="NP">Mississippi</w> <w type="WPS">who</w> <w type="DOD">did</w> <w type="NEG">not</w> <w type="VB">support</w> <w type="AT">the</w> <w type="NN">party</w> <w type="NN">ticket</w> <w type="MD">will</w> <w type="BE">be</w> <w type="VBN">stripped</w> <w type="IN">of</w> <w type="AT">the</w> <w type="JJ">usual</w> <w type="NN">patronage</w> <w type="WDT">which</w> <w type="VBZ">flows</w> <w type="IN">to</w> <w type="NNS">congressmen</w> <c type="pct">.</c> </s>
<s n="64"><w type="NP" subtype="HL">Baton</w> <w type="NP" subtype="HL">Rouge</w> <c type="pct">,</c> <w type="NP" subtype="HL">La.</w> </s>
<s n="65"><c type="pct">--</c> <w type="AT">The</w> <w type="NN" subtype="TL">Gov.</w> <w type="NP">Jimmie</w> <w type="NP">H.</w> <w type="NP">Davis</w> <w type="NN">administration</w> <w type="VBZ">appears</w> <w type="TO">to</w> <w type="VB">face</w> <w type="AT">a</w> <w type="JJ">difficult</w> <w type="NN">year</w> <w type="IN">in</w> <w type="CD">1961</w> <c type="pct">,</c> <w type="IN">with</w> <w type="AT">the</w> <w type="NNg">governor's</w> <w type="NN">theme</w> <w type="IN">of</w> <w type="NN">peace</w> <w type="CC">and</w> <w type="NN">harmony</w> <w type="VBN">subjected</w> <w type="IN">to</w> <w type="JJ">severe</w> <w type="NNS">stresses</w> <c type="pct">.</c> </s>
</p>
<p><s n="66"><w type="AT">The</w> <w type="NN">year</w> <w type="MD">will</w> <w type="RB">probably</w> <w type="VB">start</w> <w type="RP">out</w> <w type="IN">with</w> <w type="NN">segregation</w> <w type="RB">still</w> <w type="AT">the</w> <w type="QL">most</w> <w type="JJ">troublesome</w> <w type="NN">issue</w> <c type="pct">.</c> </s>
<s n="67"><w type="CC">But</w> <w type="PPS">it</w> <w type="MD">might</w> <w type="VB">give</w> <w type="NN">way</w> <w type="RB">shortly</w> <w type="IN">to</w> <w type="DT">another</w> <w type="VBG">vexing</w> <w type="NN">issue</w> <c type="pct">--</c> <w type="DT">that</w> <w type="IN">of</w> <w type="NNS">finances</w> <w type="IN">in</w> <w type="NN">state</w> <w type="NN">government</w> <c type="pct">.</c> </s>
</p>
<p><s n="68"><w type="AT">The</w> <w type="NN">transition</w> <w type="IN">from</w> <w type="NN">segregation</w> <w type="IN">to</w> <w type="NNS">finances</w> <w type="MD">might</w> <w type="RB">already</w> <w type="BE">be</w> <w type="IN">in</w> <w type="NN">progress</w> <c type="pct">,</c> <w type="IN">in</w> <w type="AT">the</w> <w type="NN">form</w> <w type="IN">of</w> <w type="AT">an</w> <w type="NN">administration</w> <w type="NN">proposal</w> <w type="TO">to</w> <w type="VB">hike</w> <w type="AT">the</w> <w type="NN">state</w> <w type="NNS">sales</w> <w type="NN">tax</w> <w type="IN">from</w> <w type="CD">2</w> <w type="IN">per</w> <w type="NN">cent</w> <w type="IN">to</w> <w type="CD">3</w> <w type="IN">per</w> <w type="NN">cent</w> <c type="pct">.</c> </s>
</p>
<p><s n="69"><w type="AT">The</w> <w type="NN">administration</w> <w type="HVZ">has</w> <w type="VBN">said</w> <w type="AT">the</w> <w type="NNS">sales</w> <w type="NN">tax</w> <w type="NN">proposal</w> <w type="BEZ">is</w> <w type="RB">merely</w> <w type="NN">part</w> <w type="IN">of</w> <w type="AT">the</w> <w type="NN">segregation</w> <w type="NN">strategy</w> <c type="pct">,</c> <w type="CS">since</w> <w type="AT">the</w> <w type="NNS">revenues</w> <w type="IN">from</w> <w type="AT">the</w> <w type="NN">increase</w> <w type="MD">would</w> <w type="BE">be</w> <w type="VBN">dedicated</w> <w type="IN">to</w> <w type="AT">a</w> <w type="NN">grant</w> <w type="IN">in</w> <w type="NN">aid</w> <w type="NN">program</w> <c type="pct">.</c> </s>
</p>
<p><s n="70"><w type="CC">But</w> <w type="AT">the</w> <w type="NN">tardiness</w> <w type="IN">of</w> <w type="AT">the</w> <w type="NN">administration</w> <w type="IN">in</w> <w type="VBG">making</w> <w type="AT">the</w> <w type="NN">dedication</w> <w type="HVZ">has</w> <w type="VBN">caused</w> <w type="NNS">legislators</w> <w type="TO">to</w> <w type="VB">suspect</w> <w type="AT">the</w> <w type="NN">tax</w> <w type="NN">bill</w> <w type="BEDZ">was</w> <w type="VBN">related</w> <w type="QL">more</w> <w type="RB">directly</w> <w type="IN">to</w> <w type="AT">an</w> <w type="JJ">over-all</w> <w type="NN">shortage</w> <w type="IN">of</w> <w type="NN">cash</w> <w type="CS">than</w> <w type="IN">to</w> <w type="NN">segregation</w> <c type="pct">.</c> </s>
</p>
<p><s n="71"><w type="NNS" subtype="HL">Legislators</w> <w type="JJ" subtype="HL">weary</w> </s>
<s n="72"><w type="QLP">Indeed</w> <c type="pct">,</c> <w type="AT">the</w> <w type="NNg">administration's</w> <w type="JJ">curious</w> <w type="NN">position</w> <w type="IN">on</w> <w type="AT">the</w> <w type="NNS">sales</w> <w type="NN">tax</w> <w type="BEDZ">was</w> <w type="AT">a</w> <w type="JJ">major</w> <w type="NN">factor</w> <w type="IN">in</w> <w type="VBG">contributing</w> <w type="IN">to</w> <w type="PPg">its</w> <w type="NN">defeat</w> <c type="pct">.</c> </s>
<s n="73"><w type="AT">The</w> <w type="NN">administration</w> <w type="MD">could</w> <w type="NEG">not</w> <w type="VB">say</w> <w type="WRB">why</w> <w type="NNS">$28</w> <w type="CD">million</w> <w type="BEDZ">was</w> <w type="VBN">needed</w> <w type="IN">for</w> <w type="AT">a</w> <w type="NN">grant-in-aid</w> <w type="NN">program</w> <c type="pct">.</c> </s>
</p>
<p><s n="74"><w type="AT">The</w> <w type="NN">effectiveness</w> <w type="IN">of</w> <w type="AT">the</w> <w type="NN">governor</w> <w type="IN">in</w> <w type="VBG">clearing</w> <w type="RP">up</w> <w type="DTI">some</w> <w type="IN">of</w> <w type="AT">the</w> <w type="NNS">inconsistencies</w> <w type="VBG">revolving</w> <w type="IN">about</w> <w type="AT">the</w> <w type="NNS">sales</w> <w type="NN">tax</w> <w type="NN">bill</w> <w type="MD">may</w> <w type="VB">play</w> <w type="AT">a</w> <w type="NN">part</w> <w type="IN">in</w> <w type="VBG">determining</w> <w type="CS">whether</w> <w type="PPS">it</w> <w type="MD">can</w> <w type="VB">muster</w> <w type="AT">the</w> <w type="VBN">required</w> <w type="NN">two-thirds</w> <w type="NN">vote</w> <c type="pct">.</c> </s>
</p>
<p><s n="75"><w type="AT">The</w> <w type="NN">tax</w> <w type="NN">bill</w> <w type="MD">will</w> <w type="BE">be</w> <w type="RP">up</w> <w type="IN">for</w> <w type="NN">reconsideration</w> <w type="NR">Wednesday</w> <w type="IN">in</w> <w type="AT">the</w> <w type="NN" subtype="TL">House</w> <w type="WRB">when</w> <w type="AT">the</w> <w type="NN" subtype="TL">Legislature</w> <w type="VBZ">reconvenes</w> <c type="pct">.</c> </s>
</p>
<p><s n="76"><w type="NP">Davis</w> <w type="MD">may</w> <w type="VB">use</w> <w type="AT">the</w> <w type="NN">tax</w> <w type="NN">bill</w> <w type="CS">as</w> <w type="AT">a</w> <w type="NNS">means</w> <w type="TO">to</w> <w type="VB">effect</w> <w type="AT">a</w> <w type="NN">transition</w> <w type="IN">from</w> <w type="JJ">special</w> <w type="NNS">sessions</w> <w type="IN">of</w> <w type="AT">the</w> <w type="NN" subtype="TL">Legislature</w> <w type="IN">to</w> <w type="NN">normalcy</w> <c type="pct">.</c> </s>
</p>
<p><s n="77"><w type="CS">If</w> <w type="PPS">it</w> <w type="VBZ">fails</w> <w type="TO">to</w> <w type="VB">pass</w> <c type="pct">,</c> <w type="PPS">he</w> <w type="MD">can</w> <w type="VB">throw</w> <w type="RP">up</w> <w type="PPg">his</w> <w type="NNS">hands</w> <w type="CC">and</w> <w type="VB">say</w> <w type="AT">the</w> <w type="NN" subtype="TL">Legislature</w> <w type="MD">would</w> <w type="NEG">not</w> <w type="VB">support</w> <w type="PPO">him</w> <w type="IN">in</w> <w type="PPg">his</w> <w type="NNS">efforts</w> <w type="TO">to</w> <w type="VB">prevent</w> <w type="NN">integration</w> <c type="pct">.</c> </s>
<s n="78"><w type="PPS">He</w> <w type="MD">could</w> <w type="VB">terminate</w> <w type="JJ">special</w> <w type="NNS">sessions</w> <w type="IN">of</w> <w type="AT">the</w> <w type="NN" subtype="TL">Legislature</w> <c type="pct">.</c> </s>
</p>
<p><s n="79"><w type="RB">Actually</w> <c type="pct">,</c> <w type="NP">Davis</w> <w type="MD">would</w> <w type="HV">have</w> <w type="TO">to</w> <w type="VB">toss</w> <w type="RP">in</w> <w type="AT">the</w> <w type="NN">towel</w> <w type="RB">soon</w> <w type="RB">anyway</w> <c type="pct">.</c> </s>
<s n="80"><w type="AP">Many</w> <w type="NNS">legislators</w> <w type="BER">are</w> <w type="RB">already</w> <w type="JJ">weary</w> <w type="CC">and</w> <w type="VBN">frustrated</w> <w type="IN">over</w> <w type="AT">the</w> <w type="RB">so-far</w> <w type="VBG">losing</w> <w type="NN">battle</w> <w type="TO">to</w> <w type="VB">block</w> <w type="JJ">token</w> <w type="NN">integration</w> <c type="pct">.</c> </s>
</p>
<p><s n="81"><w type="DT">This</w> <w type="BEZ">is</w> <w type="NEG">not</w> <w type="AT">the</w> <w type="NN">sort</w> <w type="IN">of</w> <w type="NN">thing</w> <w type="AP">most</w> <w type="NNS">politicos</w> <w type="MD">would</w> <w type="VB">care</w> <w type="TO">to</w> <w type="VB">acknowledge</w> <w type="RB">publicly</w> <c type="pct">.</c> </s>
<s n="82"><w type="PPSS">They</w> <w type="MD">would</w> <w type="VB">like</w> <w type="TO">to</w> <w type="VB">convey</w> <w type="AT">the</w> <w type="NN">notion</w> <w type="PN">something</w> <w type="BEZ">is</w> <w type="BEG">being</w> <w type="VBN">done</w> <c type="pct">,</c> <w type="RB">even</w> <w type="CS">though</w> <w type="PPS">it</w> <w type="BEZ">is</w> <w type="PN">something</w> <w type="PPSS">they</w> <w type="VB">know</w> <w type="TO">to</w> <w type="BE">be</w> <w type="JJ">ineffectual</w> <c type="pct">.</c> </s>
</p>
<p><s n="83"><w type="VBG" subtype="HL">Underlying</w> <w type="NN" subtype="HL">concern</w> </s>
<s n="84"><w type="NN">Passage</w> <w type="IN">of</w> <w type="AT">the</w> <w type="NNS">sales</w> <w type="NN">tax</w> <w type="NN">measure</w> <w type="MD">would</w> <w type="RB">also</w> <w type="VB">give</w> <w type="NP">Davis</w> <w type="AT">the</w> <w type="NNS">means</w> <w type="TO">to</w> <w type="VB">effect</w> <w type="AT">a</w> <w type="NN">transition</w> <c type="pct">.</c> </s>
<s n="85"><w type="PPS">He</w> <w type="MD">could</w> <w type="VB">tell</w> <w type="AT">the</w> <w type="NN" subtype="TL">Legislature</w> <w type="PPSS">they</w> <w type="HVD">had</w> <w type="VBN">provided</w> <w type="AT">the</w> <w type="VBN">needed</w> <w type="NNS">funds</w> <w type="TO">to</w> <w type="VB">carry</w> <w type="RP">on</w> <w type="AT">the</w> <w type="NN">battle</w> <c type="pct">.</c> </s>
</p>
<p><s n="86"><w type="RB">Then</w> <w type="PPS">he</w> <w type="MD">could</w> <w type="VB">tell</w> <w type="PPO">them</w> <w type="TO">to</w> <w type="VB">go</w> <w type="NR">home</w> <c type="pct">,</c> <w type="CS">while</w> <w type="AT">the</w> <w type="NN">administration</w> <w type="VBD">continued</w> <w type="TO">to</w> <w type="VB">wage</w> <w type="AT">the</w> <w type="NN">battle</w> <w type="IN">with</w> <w type="AT">the</w> <w type="NNS">$28</w> <w type="CD">million</w> <w type="IN">in</w> <w type="JJ">extra</w> <w type="NNS">revenues</w> <w type="AT">the</w> <w type="NNS">sales</w> <w type="NN">tax</w> <w type="NN">measure</w> <w type="MD">would</w> <w type="VB">bring</w> <w type="RP">in</w> <w type="IN">over</w> <w type="AT">an</w> <w type="CD">eight</w> <w type="NNS">months</w> <w type="NN">period</w> <c type="pct">.</c> </s>
</p>
<p><s n="87"><w type="PPS">It</w> <w type="BEZ">is</w> <w type="JJ">difficult</w> <w type="TO">to</w> <w type="BE">be</w> <w type="JJ">certain</w> <w type="WRB">how</w> <w type="AT">the</w> <w type="NN">administration</w> <w type="VBZ">views</w> <w type="DT">that</w> <w type="NNS">$28</w> <w type="CD">million</w> <c type="pct">,</c> <w type="CS">since</w> <w type="AT">the</w> <w type="NNS">views</w> <w type="IN">of</w> <w type="CD">one</w> <w type="NN">leader</w> <w type="MD">may</w> <w type="NEG">not</w> <w type="BE">be</w> <w type="AT">the</w> <w type="AP">same</w> <w type="CS">as</w> <w type="AT">the</w> <w type="NNS">views</w> <w type="IN">of</w> <w type="DT">another</w> <w type="CD">one</w> <c type="pct">.</c> </s>
</p>
<p><s n="88"><w type="CC">But</w> <w type="CS">if</w> <w type="AT">the</w> <w type="NN">administration</w> <w type="MD">should</w> <w type="VB">find</w> <w type="PPS">it</w> <w type="DOZ">does</w> <w type="NEG">not</w> <w type="VB">need</w> <w type="AT">the</w> <w type="NNS">$28</w> <w type="CD">million</w> <w type="IN">for</w> <w type="AT">a</w> <w type="NN">grant-in-aid</w> <w type="NN">program</w> <c type="pct">,</c> <w type="AT">a</w> <w type="NEG">not</w> <w type="JJ">unlikely</w> <w type="NN">conclusion</w> <c type="pct">,</c> <w type="PPS">it</w> <w type="MD">could</w> <w type="QL">very</w> <w type="RB">well</w> <w type="VB">seek</w> <w type="AT">a</w> <w type="NN">way</w> <w type="TO">to</w> <w type="VB">use</w> <w type="AT">the</w> <w type="NN">money</w> <w type="IN">for</w> <w type="AP">other</w> <w type="NNS">purposes</w> <c type="pct">.</c> </s>
</p>
<p><s n="89"><w type="DT">This</w> <w type="MD">would</w> <w type="BE">be</w> <w type="IN">in</w> <w type="JJ">perfect</w> <w type="NN">consonance</w> <w type="IN">with</w> <w type="AT">the</w> <w type="VBG">underlying</w> <w type="NN">concern</w> <w type="IN">in</w> <w type="AT">the</w> <w type="NN">administration</w> <c type="pct">--</c> <w type="AT">the</w> <w type="NN">shortage</w> <w type="IN">of</w> <w type="NN">cash</w> <c type="pct">.</c> </s>
<s n="90"><w type="PPS">It</w> <w type="MD">could</w> <w type="VB">become</w> <w type="AT">an</w> <w type="JJ">acute</w> <w type="NN">problem</w> <w type="IN">in</w> <w type="AT">the</w> <w type="VBG">coming</w> <w type="JJ">fiscal</w> <w type="NN">year</w> <c type="pct">.</c> </s>
</p>
<p><s n="91"><w type="CS">If</w> <w type="AT">the</w> <w type="NN">administration</w> <w type="DOZ">does</w> <w type="NEG">not</w> <w type="VB">succeed</w> <w type="IN">in</w> <w type="VBG">passing</w> <w type="AT">the</w> <w type="NNS">sales</w> <w type="NN">tax</w> <w type="NN">bill</w> <c type="pct">,</c> <w type="CC">or</w> <w type="DTI">any</w> <w type="AP">other</w> <w type="NN">tax</w> <w type="NN">bill</w> <c type="pct">,</c> <w type="PPS">it</w> <w type="MD">could</w> <w type="QL">very</w> <w type="RB">well</w> <w type="BE">be</w> <w type="VBN">faced</w> <w type="DT">this</w> <w type="NN">spring</w> <w type="IN">at</w> <w type="AT">the</w> <w type="JJ">fiscal</w> <w type="NN">session</w> <w type="IN">of</w> <w type="AT">the</w> <w type="NN" subtype="TL">Legislature</w> <w type="IN">with</w> <w type="AT">an</w> <w type="JJ">interesting</w> <w type="NN">dilemma</w> <c type="pct">.</c> </s>
</p>
<p><s n="92"><w type="CS">Since</w> <w type="AT">the</w> <w type="NN">constitution</w> <w type="VBZ">forbids</w> <w type="NN">introduction</w> <w type="IN">of</w> <w type="AT">a</w> <w type="NN">tax</w> <w type="NN">bill</w> <w type="IN">at</w> <w type="AT">a</w> <w type="JJ">fiscal</w> <w type="NN">session</w> <c type="pct">,</c> <w type="AT">the</w> <w type="NN">administration</w> <w type="MD">will</w> <w type="CC">either</w> <w type="HV">have</w> <w type="TO">to</w> <w type="VB">cut</w> <w type="RP">down</w> <w type="NNS">expenses</w> <w type="CC">or</w> <w type="VB">inflate</w> <w type="PPg">its</w> <w type="NNS">estimates</w> <w type="IN">of</w> <w type="VBN">anticipated</w> <w type="NNS">revenues</w> <c type="pct">.</c> </s>
</p>
<p><s n="93"><w type="JJ" subtype="HL">Constant</w> <w type="NN" subtype="HL">problem</w> </s>
<s n="94"><w type="IN">In</w> <w type="DTX">either</w> <w type="NN">case</w> <c type="pct">,</c> <w type="PPS">it</w> <w type="MD">could</w> <w type="VB">call</w> <w type="AT">a</w> <w type="JJ">special</w> <w type="NN">session</w> <w type="IN">of</w> <w type="AT">the</w> <w type="NN" subtype="TL">Legislature</w> <w type="RBR">later</w> <w type="IN">in</w> <w type="CD">1961</w> <w type="TO">to</w> <w type="VB">make</w> <w type="DT">another</w> <w type="NN">stab</w> <w type="IN">at</w> <w type="VBG">raising</w> <w type="JJ">additional</w> <w type="NNS">revenues</w> <w type="IN">through</w> <w type="AT">a</w> <w type="NN">tax</w> <w type="NN">raiser</w> <c type="pct">.</c> </s>
</p>
<p><s n="95"><w type="AT">The</w> <w type="NN">prospect</w> <w type="IN">of</w> <w type="VBG">cutting</w> <w type="RB">back</w> <w type="VBG">spending</w> <w type="BEZ">is</w> <w type="AT">an</w> <w type="JJ">unpleasant</w> <w type="CD">one</w> <w type="IN">for</w> <w type="DTI">any</w> <w type="NN">governor</w> <c type="pct">.</c> </s>
<s n="96"><w type="PPS">It</w> <w type="BEZ">is</w> <w type="CD">one</w> <w type="WPS">that</w> <w type="AP">most</w> <w type="VB">try</w> <w type="TO">to</w> <w type="VB">avoid</w> <c type="pct">,</c> <w type="QL">as</w> <w type="RB">long</w> <w type="CS">as</w> <w type="PPSS">they</w> <w type="MD">can</w> <w type="VB">see</w> <w type="AT">an</w> <w type="JJ">alternative</w> <w type="NN">approach</w> <w type="IN">to</w> <w type="AT">the</w> <w type="NN">problem</w> <c type="pct">.</c> </s>
</p>
<p><s n="97"><w type="CC">But</w> <w type="CS">if</w> <w type="ABN">all</w> <w type="NNS">alternatives</w> <w type="MD">should</w> <w type="BE">be</w> <w type="RB">clearly</w> <w type="VBN">blocked</w> <w type="RP">off</w> <c type="pct">,</c> <w type="PPS">it</w> <w type="MD">can</w> <w type="BE">be</w> <w type="VBN">expected</w> <w type="AT">the</w> <w type="NP">Davis</w> <w type="NN">administration</w> <w type="MD">will</w> <w type="VB">take</w> <w type="NNS">steps</w> <w type="TO">to</w> <w type="VB">trim</w> <w type="VBG">spending</w> <w type="IN">at</w> <w type="AT">the</w> <w type="NN">spring</w> <w type="NN">session</w> <w type="IN">of</w> <w type="AT">the</w> <w type="NN">state</w> <w type="NN" subtype="TL">Legislature</w> <c type="pct">.</c> </s>
</p>
<p><s n="98"><w type="DT">This</w> <w type="NN">might</w> <w type="BE">be</w> <w type="VBN">done</w> <w type="TO">to</w> <w type="VB">arouse</w> <w type="DTS">those</w> <w type="WPS">who</w> <w type="HV">have</w> <w type="BEN">been</w> <w type="VBN">squeezed</w> <w type="RP">out</w> <w type="IN">by</w> <w type="AT">the</w> <w type="NNS">trims</w> <w type="TO">to</w> <w type="VB">exert</w> <w type="NN">pressure</w> <w type="IN">on</w> <w type="AT">the</w> <w type="NN" subtype="TL">Legislature</w> <c type="pct">,</c> <w type="CS">so</w> <w type="PPS">it</w> <w type="MD">would</w> <w type="BE">be</w> <w type="QL">more</w> <w type="JJ">receptive</w> <w type="IN">to</w> <w type="AT">a</w> <w type="NN">tax</w> <w type="NN">proposal</w> <w type="RBR">later</w> <w type="IN">in</w> <w type="AT">the</w> <w type="NN">year</w> <c type="pct">.</c> </s>
</p>
<p><s n="99"><w type="AT">A</w> <w type="JJ">constant</w> <w type="NN">problem</w> <w type="VBG">confronting</w> <w type="NP">Davis</w> <w type="IN">on</w> <w type="DTI">any</w> <w type="NNS">proposals</w> <w type="IN">for</w> <w type="JJ">new</w> <w type="NNS">taxes</w> <w type="MD">will</w> <w type="BE">be</w> <w type="AT">the</w> <w type="NN">charge</w> <w type="IN">by</w> <w type="PPg">his</w> <w type="NNS">foes</w> <w type="CS">that</w> <w type="PPS">he</w> <w type="HVZ">has</w> <w type="NEG">not</w> <w type="VBN">tried</w> <w type="TO">to</w> <w type="VB">economize</w> <c type="pct">.</c> </s>
</p>
<p><s n="100"><w type="DTI">Any</w> <w type="NN">tax</w> <w type="NN">bill</w> <w type="RB">also</w> <w type="MD">will</w> <w type="VB">revive</w> <w type="NNS">allegations</w> <w type="CS">that</w> <w type="DTI">some</w> <w type="IN">of</w> <w type="PPg">his</w> <w type="NNS">followers</w> <w type="HV">have</w> <w type="BEN">been</w> <w type="VBG">using</w> <w type="PPg">their</w> <w type="NN">administration</w> <w type="NNS">affiliations</w> <w type="RB">imprudently</w> <w type="TO">to</w> <w type="VB">profit</w> <w type="PPLS">themselves</w> <c type="pct">.</c> </s>
</p>
<p><s n="101"><w type="AT">The</w> <w type="JJ">new</w> <w type="NN">year</w> <w type="MD">might</w> <w type="VB">see</w> <w type="DTI">some</w> <w type="NN">house-cleaning</w> <c type="pct">,</c> <w type="CC">either</w> <w type="JJ">genuine</w> <w type="CC">or</w> <w type="JJ">token</w> <c type="pct">,</c> <w type="IN">depending</w> <w type="IN">upon</w> <w type="NNS">developments</w> <c type="pct">,</c> <w type="TO">to</w> <w type="VB">give</w> <w type="NP">Davis</w> <w type="AT">an</w> <w type="NN">opportunity</w> <w type="TO">to</w> <w type="VB">combat</w> <w type="DTI">some</w> <w type="IN">of</w> <w type="DTS">these</w> <w type="NNS">criticisms</w> <c type="pct">.</c> </s>
</p>
<p></p></body></text></TEI>
