<TEI xmlns="http://www.tei-c.org/ns/1.0"><teiHeader><fileDesc><titleStmt><title>Sample A29 from  The Dallas Morning News, September 10, 1961, sec. 6 </title><title type="sub"> P.6"Greer Garson..." 
 P.4"SMU Wrangler" by Francis Raffeto 
 P.1"Warm, Sophisticated.." 
 P.2"Vagabonds'Are on..." by Ruby C. McKee 
</title></titleStmt><editionStmt><edition>A part  of the XML version of the Brown Corpus</edition></editionStmt><extent>2,017 words 151 (7.5%) quotes 9 symbols</extent><publicationStmt><idno>A29</idno><availability><p>Used by permission of The Dallas Morning News</p></availability></publicationStmt><sourceDesc><bibl> The Dallas Morning News, September 10, 1961, sec. 6 </bibl></sourceDesc></fileDesc><encodingDesc><p>Arbitrary No Hyphen: hotdogs [0990] Forsythe [for Forsyte] [570]Typographical Errors: simple [for simply] [0220] Tussard's [for Tussaud's] [0640]</p></encodingDesc><revisionDesc><change when="2008-04-27">Header auto-generated for TEI version</change></revisionDesc></teiHeader>
<text xml:id="A29" decls="A">
<body><p><s n="1"><w type="NP">Greer</w> <w type="NP">Garson</w> <c type="pct">,</c> <w type="JJ">world-famous</w> <w type="NN">star</w> <w type="IN">of</w> <w type="NN">stage</w> <c type="pct">,</c> <w type="NN">screen</w> <w type="CC">and</w> <w type="NN">television</w> <c type="pct">,</c> <w type="MD">will</w> <w type="BE">be</w> <w type="VBN">honored</w> <w type="IN">for</w> <w type="AT">the</w> <w type="JJ">high</w> <w type="NN">standard</w> <w type="IN">in</w> <w type="JJ">tasteful</w> <w type="JJ">sophisticated</w> <w type="NN">fashion</w> <w type="IN">with</w> <w type="WDT">which</w> <w type="PPS">she</w> <w type="HVZ">has</w> <w type="VBN">created</w> <w type="AT">a</w> <w type="JJ">high</w> <w type="NN">standard</w> <w type="IN">in</w> <w type="PPg">her</w> <w type="NN">profession</w> <c type="pct">.</c> </s>
</p>
<p><s n="2"><w type="CS">As</w> <w type="AT">a</w> <w type="NP">Neiman-Marcus</w> <w type="NN">award</w> <w type="NN">winner</w> <w type="AT">the</w> <w type="JJ">titian-haired</w> <w type="NP">Miss</w> <w type="NP">Garson</w> <w type="BEZ">is</w> <w type="AT">a</w> <w type="NN">personification</w> <w type="IN">of</w> <w type="AT">the</w> <w type="JJ">individual</w> <w type="NN">look</w> <w type="QL">so</w> <w type="JJ">important</w> <w type="IN">to</w> <w type="NN">fashion</w> <w type="DT">this</w> <w type="NN">season</w> <c type="pct">.</c> </s>
<s n="3"><w type="PPS">She</w> <w type="MD">will</w> <w type="VB">receive</w> <w type="AT">the</w> <w type="CD">1961</w> <c type="pct">``</c> <w type="NP">Oscar</w> <c type="pct">''</c> <w type="IN">at</w> <w type="AT">the</w> <w type="OD">24th</w> <w type="JJ">annual</w> <w type="NP" subtype="TL">Neiman-Marcus</w> <w type="NN" subtype="TL">Exposition</w> <c type="pct">,</c> <w type="NR">Tuesday</w> <w type="CC">and</w> <w type="NR">Wednesday</w> <w type="IN">in</w> <w type="AT">the</w> <w type="JJ" subtype="TL">Grand</w> <w type="NN" subtype="TL">Ballroom</w> <w type="IN">of</w> <w type="AT">the</w> <w type="NP" subtype="TL">Sheraton-Dallas</w> <w type="NN" subtype="TL">Hotel</w> <c type="pct">.</c> </s>
</p>
<p><s n="4"><w type="AT">The</w> <w type="AP">only</w> <w type="NN">woman</w> <w type="NN">recipient</w> <c type="pct">,</c> <w type="NP">Miss</w> <w type="NP">Garson</w> <w type="MD">will</w> <w type="VB">receive</w> <w type="AT">the</w> <w type="NN">award</w> <w type="IN">with</w> <w type="NP">Ferdinando</w> <w type="NP">Sarmi</w> <c type="pct">,</c> <w type="NN">creator</w> <w type="IN">of</w> <w type="JJ">chic</w> <c type="pct">,</c> <w type="JJ">beautiful</w> <w type="NNSg">women's</w> <w type="NNS">fashions</w> <c type="pct">;</c> <c type="pct">;</c> </s>
<s n="5"><w type="NP">Harry</w> <w type="NP">Rolnick</w> <c type="pct">,</c> <w type="NN">president</w> <w type="IN">of</w> <w type="AT">the</w> <w type="NP" subtype="TL">Byer-Rolnick</w> <w type="NN" subtype="TL">Hat</w> <w type="NN" subtype="TL">Corporation</w> <w type="CC">and</w> <w type="NN">designer</w> <w type="IN">of</w> <w type="NNSg">men's</w> <w type="NNS">hats</w> <c type="pct">;</c> <c type="pct">;</c> </s>
<s n="6"><w type="NP">Sydney</w> <w type="NP">Wragge</w> <c type="pct">,</c> <w type="NN">creator</w> <w type="IN">of</w> <w type="JJ">sophisticated</w> <w type="NNS">casuals</w> <w type="IN">for</w> <w type="NNS">women</w> <w type="CC">and</w> <w type="NP">Roger</w> <w type="NP">Vivier</w> <c type="pct">,</c> <w type="NN">designer</w> <w type="IN">of</w> <w type="NP">Christian</w> <w type="NP">Dior</w> <w type="NNS">shoes</w> <w type="NP">Paris</w> <c type="pct">,</c> <w type="NP">France</w> <c type="pct">,</c> <w type="WPg">whose</w> <w type="VBN">squared</w> <w type="NNS">toes</w> <w type="CC">and</w> <w type="VBN">lowered</w> <w type="NNS">heels</w> <w type="HV">have</w> <w type="VBN">revolutionized</w> <w type="AT">the</w> <w type="NN">shoe</w> <w type="NN">industry</w> <c type="pct">.</c> </s>
</p>
<p><s n="7"><w type="AT">The</w> <w type="JJ">silver</w> <w type="CC">and</w> <w type="NN">ebony</w> <w type="NNS">plaques</w> <w type="MD">will</w> <w type="BE">be</w> <w type="VBN">presented</w> <w type="IN">at</w> <w type="NN">noon</w> <w type="NNS">luncheons</w> <w type="IN">by</w> <w type="NP">Stanley</w> <w type="NP">Marcus</w> <c type="pct">,</c> <w type="NN">president</w> <w type="IN">of</w> <w type="NP">Neiman-Marcus</w> <c type="pct">,</c> <w type="NN">Beneficiary</w> <w type="IN">of</w> <w type="AT">the</w> <w type="NNS">proceeds</w> <w type="IN">from</w> <w type="AT">the</w> <w type="CD">two</w> <w type="NNS">showings</w> <w type="MD">will</w> <w type="BE">be</w> <w type="AT">the</w> <w type="NP" subtype="TL">Dallas</w> <w type="NN" subtype="TL">Society</w> <w type="IN">for</w> <w type="VBN" subtype="TL">Crippled</w> <w type="NNS" subtype="TL">Children</w> <w type="JJ" subtype="TL">Cerebral</w> <w type="NN" subtype="TL">Palsy</w> <w type="NN" subtype="TL">Treatment</w> <w type="NN" subtype="TL">Center</w> <c type="pct">.</c> </s>
</p>
<p><s n="8"><w type="AT">The</w> <w type="JJ">attractive</w> <w type="NP">Greer</w> <w type="NP">Garson</w> <c type="pct">,</c> <w type="WPS">who</w> <w type="VBZ">loves</w> <w type="JJ">beautiful</w> <w type="NNS">clothes</w> <w type="CC">and</w> <w type="VBZ">selects</w> <w type="PPO">them</w> <w type="QL">as</w> <w type="RB">carefully</w> <w type="CS">as</w> <w type="PPS">she</w> <w type="DOZ">does</w> <w type="PPg">her</w> <w type="JJ">professional</w> <w type="NNS">roles</w> <c type="pct">,</c> <w type="VBZ">prefers</w> <w type="JJ">timeless</w> <w type="JJ">classical</w> <w type="NNS">designs</w> <c type="pct">.</c> </s>
<s n="9"><w type="RB">Occasionally</w> <w type="PPS">she</w> <w type="VBZ">deserts</w> <w type="AT">the</w> <w type="JJ">simple</w> <w type="CC">and</w> <w type="JJ">elegant</w> <w type="IN">for</w> <w type="AT">a</w> <w type="NN">fun</w> <w type="NN">piece</w> <w type="RB">simply</w> <w type="CS">because</w> <c type="pct">``</c> <mw pos="PPS BEZ">It's </mw><w type="IN">unlike</w> <w type="PPO">me</w> <c type="pct">''</c> <c type="pct">.</c> </s>
</p>
<p><s n="10"><w type="IN">In</w> <w type="JJ">private</w> <w type="NN">life</w> <c type="pct">,</c> <w type="NP">Miss</w> <w type="NP">Garson</w> <w type="BEZ">is</w> <w type="NP">Mrs.</w> <w type="NP">E.</w> <w type="NP">E.</w> <w type="NP">Fogelson</w> <w type="CC">and</w> <w type="IN">on</w> <w type="AT">the</w> <w type="NN">go</w> <w type="AP">most</w> <w type="IN">of</w> <w type="AT">the</w> <w type="NN">time</w> <w type="VBG">commuting</w> <w type="IN">from</w> <w type="NP">Dallas</w> <c type="pct">,</c> <w type="WRB">where</w> <w type="PPSS">they</w> <w type="VB">maintain</w> <w type="AT">an</w> <w type="NN">apartment</w> <c type="pct">,</c> <w type="IN">to</w> <w type="PPg">their</w> <w type="NP">California</w> <w type="NN">home</w> <w type="IN">in</w> <w type="NP">Los</w> <w type="NPg">Angeles'</w> <w type="JJ">suburban</w> <w type="NP">Bel-Air</w> <w type="IN">to</w> <w type="PPg">their</w> <w type="NN">ranch</w> <w type="IN">in</w> <w type="NP">Pecos</w> <c type="pct">,</c> <w type="JJ" subtype="TL">New</w> <w type="NP" subtype="TL">Mexico</w> <c type="pct">.</c> </s>
<s n="11"><w type="RB">Therefore</w> <c type="pct">,</c> <w type="PPg">her</w> <w type="NN">wardrobe</w> <w type="BEZ">is</w> <w type="QL">largely</w> <w type="JJ">mobile</w> <c type="pct">,</c> <w type="TO">to</w> <w type="BE">be</w> <w type="VBN">packed</w> <w type="IN">at</w> <w type="AT">a</w> <w type="NNg">moment's</w> <w type="NN">notice</w> <w type="CC">and</w> <w type="TO">to</w> <w type="VB">shake</w> <w type="RP">out</w> <w type="IN">without</w> <w type="AT">a</w> <w type="NN">wrinkle</w> <c type="pct">.</c> </s>
</p>
<p><s n="12"><w type="PPg">Her</w> <w type="NNS">creations</w> <w type="IN">in</w> <w type="NN">fashion</w> <w type="BER">are</w> <w type="IN">from</w> <w type="AP">many</w> <w type="NNS">designers</w> <w type="CS">because</w> <w type="PPS">she</w> <mw pos="DOZ *">doesn't </mw><w type="VB">want</w> <w type="AT">a</w> <w type="JJ">complete</w> <w type="NN">wardrobe</w> <w type="IN">from</w> <w type="DTI">any</w> <w type="CD">one</w> <w type="NN">designer</w> <w type="DTI">any</w> <w type="AP">more</w> <w type="CS">than</w> <w type="PPS">she</w> <w type="VBZ">wants</w> <c type="pct">``</c> <w type="ABN">all</w> <w type="IN">of</w> <w type="PPg">her</w> <w type="NNS">pictures</w> <w type="IN">by</w> <w type="CD">one</w> <w type="NN">painter</w> <c type="pct">''</c> <c type="pct">.</c> </s>
</p>
<p><s n="13"><w type="AT">A</w> <w type="JJ">favorite</w> <w type="BEZ">is</w> <w type="NP">Norman</w> <w type="NP">Norell</w> <c type="pct">,</c> <w type="WRB">however</w> <c type="pct">.</c> </s>
<s n="14"><w type="PPS">She</w> <w type="VBZ">likes</w> <w type="PPg">his</w> <w type="JJ">classic</w> <w type="NN">chemise</w> <c type="pct">.</c> </s>
<s n="15"><w type="PPg">Her</w> <w type="JJ">favorite</w> <w type="NN">cocktail</w> <w type="NN">dress</w> <w type="BEZ">is</w> <w type="AT">a</w> <w type="NP">Norell</w> <c type="pct">,</c> <w type="AT">a</w> <w type="JJ">black</w> <w type="CC">and</w> <w type="JJ">white</w> <w type="NN">organdy</w> <w type="CC">and</w> <w type="NN">silk</w> <w type="NN">jersey</w> <c type="pct">.</c> </s>
</p>
<p><s n="16"><w type="NP">Irene</w> <w type="NNS">suits</w> <w type="VB">rate</w> <w type="RB">high</w> <w type="CS">because</w> <w type="PPSS">they</w> <w type="BER">are</w> <w type="VBN">designed</w> <w type="IN">for</w> <w type="PPg">her</w> <w type="JJ">long-bodied</w> <w type="NN">silhouette</w> <c type="pct">.</c> </s>
<s n="17"><w type="PPS">She</w> <w type="RB">also</w> <w type="VBZ">likes</w> <w type="AT">the</w> <w type="NN">femininity</w> <w type="CC">and</w> <w type="NN">charm</w> <w type="IN">of</w> <w type="NNS">designs</w> <w type="IN">by</w> <w type="NP">Ceil</w> <w type="NP">Chapman</w> <w type="CC">and</w> <w type="NP">Helen</w> <w type="NP">Rose</w> <c type="pct">.</c> </s>
</p>
<p><s n="18"><w type="NP">Balenciaga</w> <w type="BEZ">is</w> <w type="PPg">her</w> <w type="JJ">favorite</w> <w type="JJ">European</w> <w type="NN">designer</w> <c type="pct">.</c> </s>
</p>
<p><s n="19"><c type="pct">``</c> <w type="PPSS">I</w> <w type="VBD">bought</w> <w type="PPg">my</w> <w type="OD">first</w> <w type="NN">dress</w> <w type="IN">from</w> <w type="PPO">him</w> <w type="WRB">when</w> <w type="PPSS">I</w> <w type="BEDZ">was</w> <w type="RB">still</w> <w type="AT">a</w> <w type="VBG">struggling</w> <w type="JJ">young</w> <w type="NN">actress</w> <c type="pct">''</c> <c type="pct">,</c> <w type="PPS">she</w> <w type="VBZ">reminisces</w> <c type="pct">.</c> </s>
<s n="20"><c type="pct">``</c> <w type="PPSS">I</w> <w type="VB">like</w> <w type="PPg">his</w> <w type="NNS">clothes</w> <w type="IN">for</w> <w type="PPg">their</w> <w type="NN">drama</w> <w type="CC">and</w> <w type="NN">simplicity</w> <w type="CC">and</w> <w type="VB">appreciate</w> <w type="AT">the</w> <w type="JJ">great</w> <w type="NN">impact</w> <w type="PPS">he</w> <w type="HVZ">has</w> <w type="IN">on</w> <w type="NN">fashion</w> <c type="pct">''</c> <c type="pct">.</c> </s>
</p>
<p><s n="21"><w type="NN">Black</w> <w type="CC">and</w> <w type="NN">white</w> <w type="BEZ">is</w> <w type="PPg">her</w> <w type="JJ">favorite</w> <w type="NN">color</w> <w type="NN">combination</w> <w type="IN">along</w> <w type="IN">with</w> <w type="JJ">lively</w> <w type="VBG">glowing</w> <w type="NNS">pinks</w> <c type="pct">,</c> <w type="NNS">reds</w> <c type="pct">,</c> <w type="NNS">blues</w> <w type="CC">and</w> <w type="NNS">greens</w> <c type="pct">.</c> </s>
</p>
<p><s n="22"><w type="IN">Of</w> <w type="NP">Scotch-Irish-Scandinavian</w> <w type="NN">descent</w> <c type="pct">,</c> <w type="NP">Greer</w> <w type="NP">Garson</w> <w type="BEDZ">was</w> <w type="VBN">born</w> <w type="IN">in</w> <w type="NN" subtype="TL">County</w> <w type="NP" subtype="TL">Down</w> <c type="pct">,</c> <w type="NP">Ireland</w> <c type="pct">.</c> </s>
<s n="23"><w type="PPg">Her</w> <w type="NN">mother</w> <w type="BEDZ">was</w> <w type="AT">a</w> <w type="NP">Greer</w> <w type="CC">and</w> <w type="PPg">her</w> <w type="NNg">father's</w> <w type="NN">family</w> <w type="VBD">came</w> <w type="IN">from</w> <w type="AT">the</w> <w type="NP" subtype="TL">Orkney</w> <w type="NNS" subtype="TL">Isles</w> <c type="pct">.</c> </s>
</p>
<p><s n="24"><w type="VBN">Reared</w> <w type="IN">in</w> <w type="NP">England</w> <c type="pct">,</c> <w type="PPS">she</w> <w type="VBD">studied</w> <w type="TO">to</w> <w type="BE">be</w> <w type="AT">a</w> <w type="NN">teacher</w> <c type="pct">,</c> <w type="VBD">earned</w> <w type="AP">several</w> <w type="NNS">scholarships</w> <w type="CC">and</w> <w type="BEDZ">was</w> <w type="VBN">graduated</w> <w type="IN">with</w> <w type="NNS">honors</w> <w type="IN">from</w> <w type="AT">the</w> <w type="NN" subtype="TL">University</w> <w type="IN" subtype="TL">of</w> <w type="NP" subtype="TL">London</w> <c type="pct">.</c> </s>
<s n="25"><w type="PPS">She</w> <w type="VBD">took</w> <w type="NN">postgraduate</w> <w type="NN">work</w> <w type="IN">at</w> <w type="AT">the</w> <w type="NN" subtype="TL">University</w> <w type="IN" subtype="TL">of</w> <w type="NP" subtype="TL">Grenoble</w> <w type="IN">in</w> <w type="NP">France</w> <w type="CC">and</w> <w type="RB">then</w> <w type="VBD">returned</w> <w type="IN">to</w> <w type="NP">London</w> <w type="TO">to</w> <w type="VB">work</w> <w type="IN">on</w> <w type="NN">market</w> <w type="NN">research</w> <w type="IN">with</w> <w type="AT">an</w> <w type="VBG">advertising</w> <w type="NN">firm</w> <c type="pct">.</c> </s>
</p>
<p><s n="26"><w type="PPg">Her</w> <w type="NN">acting</w> <w type="VBD">began</w> <w type="IN">with</w> <w type="AT">the</w> <w type="NP" subtype="TL">Birmingham</w> <w type="NN" subtype="TL">Repertory</w> <w type="NN" subtype="TL">Company</w> <w type="CC">and</w> <w type="PPS">she</w> <w type="RB">soon</w> <w type="VBD">became</w> <w type="AT">the</w> <w type="NN">toast</w> <w type="IN">of</w> <w type="AT">the</w> <w type="JJ" subtype="TL">West</w> <w type="NN" subtype="TL">End</w> <c type="pct">.</c> </s>
<s n="27"><w type="IN">Among</w> <w type="NN">stage</w> <w type="NNS">performances</w> <w type="BEDZ">was</w> <w type="AT">a</w> <w type="VBG">starring</w> <w type="NN">role</w> <w type="IN">in</w> <c type="pct">``</c> <w type="JJ" subtype="TL">Golden</w> <w type="NN" subtype="TL">Arrow</w> <c type="pct">''</c> <w type="VBN">directed</w> <w type="IN">by</w> <w type="NP">Noel</w> <w type="NP">Coward</w> <c type="pct">.</c> </s>
<s n="28"><w type="PPS">It</w> <w type="BEDZ">was</w> <w type="IN">during</w> <c type="pct">``</c> <w type="JJ" subtype="TL">Old</w> <w type="NN" subtype="TL">Music</w> <c type="pct">''</c> <w type="IN">at</w> <w type="AT">the</w> <w type="NN" subtype="TL">St.</w> <w type="NP" subtype="TL">James</w> <w type="NN" subtype="TL">Theater</w> <w type="CS">that</w> <w type="NPg">Hollywood's</w> <w type="NP">Louis</w> <w type="NP">B.</w> <w type="NP">Mayer</w> <w type="VBD">spotted</w> <w type="PPO">her</w> <c type="pct">.</c> </s>
</p>
<p><s n="29"><w type="CS">After</w> <w type="VBG">signing</w> <w type="AT">a</w> <w type="NN">motion-picture</w> <w type="NN">contract</w> <c type="pct">,</c> <w type="PPS">she</w> <w type="VBD">came</w> <w type="IN">to</w> <w type="NP">America</w> <w type="CC">and</w> <w type="HVD">had</w> <c type="pct">``</c> <w type="UH">Goodbye</w> <c type="pct">,</c> <w type="NP">Mr.</w> <w type="NP">Chips</w> <c type="pct">''</c> <w type="CS">as</w> <w type="PPg">her</w> <w type="OD">first</w> <w type="NN">assignment</w> <w type="IN">after</w> <w type="AT">a</w> <w type="NNg">year's</w> <w type="NN">wait</w> <c type="pct">.</c> </s>
<s n="30"><w type="AP">Other</w> <w type="NNS">triumphs</w> <w type="VB">include</w> <c type="pct">``</c> <w type="JJ" subtype="TL">Random</w> <w type="NN" subtype="TL">Harvest</w> <c type="pct">''</c> <c type="pct">,</c> <c type="pct">``</c> <w type="NP">Madame</w> <w type="NP">Curie</w> <c type="pct">''</c> <c type="pct">,</c> <c type="pct">``</c> <w type="NN" subtype="TL">Pride</w> <w type="CC" subtype="TL">and</w> <w type="NN" subtype="TL">Prejudice</w> <c type="pct">''</c> <c type="pct">,</c> <c type="pct">``</c> <w type="AT" subtype="TL">The</w> <w type="NP" subtype="TL">Forsythe</w> <w type="NN" subtype="TL">Saga</w> <c type="pct">''</c> <w type="CC">and</w> <c type="pct">``</c> <w type="NP">Mrs.</w> <w type="NP">Miniver</w> <c type="pct">''</c> <c type="pct">(</c> <w type="WDT">which</w> <w type="VBD">won</w> <w type="PPO">her</w> <w type="AT">the</w> <w type="NN" subtype="TL">Academy</w> <w type="NN" subtype="TL">Award</w> <w type="IN">in</w> <w type="CD">1943</w> <c type="pct">)</c> <c type="pct">.</c> </s>
</p>
<p><s n="31"><w type="NNS">Honors</w> <w type="WPS">that</w> <w type="HV">have</w> <w type="VBN">come</w> <w type="IN">to</w> <w type="NP">Greer</w> <w type="NP">Garson</w> <w type="BER">are</w> <w type="JJ">countless</w> <c type="pct">.</c> </s>
<s n="32"><w type="RB">Just</w> <w type="DT">this</w> <w type="NP">April</w> <w type="PPS">she</w> <w type="BEDZ">was</w> <w type="VBN">nominated</w> <w type="IN">for</w> <w type="AT">the</w> <w type="OD">seventh</w> <w type="NN">time</w> <w type="IN">for</w> <w type="AT">an</w> <w type="NN" subtype="TL">Academy</w> <w type="NN" subtype="TL">Award</w> <w type="IN">for</w> <w type="PPg">her</w> <w type="NN">portrayal</w> <w type="IN">of</w> <w type="NP">Eleanor</w> <w type="NP">Roosevelt</w> <w type="IN">in</w> <c type="pct">``</c> <w type="NN" subtype="TL">Sunrise</w> <w type="IN" subtype="TL">at</w> <w type="NP" subtype="TL">Campobello</w> <c type="pct">''</c> <c type="pct">.</c> </s>
<s n="33"><w type="PPS">She</w> <w type="VBD">gave</w> <w type="AT">a</w> <w type="JJ">fine</w> <w type="NN">portrayal</w> <w type="IN">of</w> <w type="NP">Auntie</w> <w type="NP">Mame</w> <w type="IN">on</w> <w type="NP">Broadway</w> <w type="IN">in</w> <w type="CD">1958</w> <w type="CC">and</w> <w type="HVZ">has</w> <w type="VBN">appeared</w> <w type="IN">in</w> <w type="JJ">live</w> <w type="NN">television</w> <w type="IN">from</w> <c type="pct">``</c> <w type="NN" subtype="TL">Captain</w> <w type="NPg">Brassbound's</w> <w type="NN" subtype="TL">Conversion</w> <c type="pct">''</c> <w type="IN">to</w> <c type="pct">``</c> <w type="NP">Camille</w> <c type="pct">''</c> <c type="pct">.</c> </s>
<s n="34"><w type="PPS">She</w> <w type="BEZ">is</w> <w type="IN">in</w> <w type="NP">Madame</w> <w type="NPg">Tussard's</w> <w type="NNS" subtype="TL">Waxworks</w> <w type="IN">in</w> <w type="NP">London</w> <c type="pct">,</c> <w type="AT">a</w> <w type="NN">princess</w> <w type="IN">of</w> <w type="AT">the</w> <w type="NP">Kiowa</w> <w type="NN">tribe</w> <w type="CC">and</w> <w type="AT">an</w> <w type="JJ">honorary</w> <w type="NN">colonel</w> <w type="IN">in</w> <w type="AP">many</w> <w type="NNS">states</w> <c type="pct">.</c> </s>
</p>
<p><s n="35"><w type="PPS">She</w> <w type="BEZ">is</w> <w type="JJ">adept</w> <w type="IN">at</w> <w type="NN">skeet</w> <w type="NN">shooting</w> <c type="pct">,</c> <w type="NN">trout</w> <w type="VBG">fishing</w> <c type="pct">,</c> <w type="JJ">Afro-Cuban</w> <w type="CC">and</w> <w type="JJ" subtype="TL">Oriental</w> <w type="NN">dancing</w> <w type="CC">and</w> <w type="JJ">Southwestern</w> <w type="NN">archaeology</w> <c type="pct">.</c> </s>
<s n="36"><w type="PPS">She</w> <w type="RB">now</w> <w type="VBZ">serves</w> <w type="IN">on</w> <w type="AT">the</w> <w type="NN">board</w> <w type="IN">of</w> <w type="NNS">directors</w> <w type="IN">of</w> <w type="AT">the</w> <w type="NP" subtype="TL">Dallas</w> <w type="NN" subtype="TL">Symphony</w> <w type="NN" subtype="TL">Orchestra</w> <w type="CC">and</w> <w type="AT">the</w> <w type="NP" subtype="TL">Dallas</w> <w type="NN" subtype="TL">Theater</w> <w type="NN" subtype="TL">Center</w> <w type="CC">and</w> <w type="IN">on</w> <w type="AT">the</w> <w type="NN">board</w> <w type="IN">of</w> <w type="NNS">trustees</w> <w type="IN">of</w> <w type="AT">the</w> <w type="NP" subtype="TL">Dallas</w> <w type="NN" subtype="TL">Museum</w> <w type="IN" subtype="TL">of</w> <w type="JJ" subtype="TL">Fine</w> <w type="NNS" subtype="TL">Arts</w> <c type="pct">.</c> </s>
<s n="37"><w type="PPS">She</w> <w type="BEZ">is</w> <w type="NN">state</w> <w type="NN">chairman</w> <w type="IN">for</w> <w type="AT">the</w> <w type="JJ" subtype="TL">New</w> <w type="NP" subtype="TL">Mexico</w> <w type="NN" subtype="TL">Tuberculosis</w> <w type="CC">and</w> <w type="NN" subtype="TL">Cancer</w> <w type="NNS" subtype="TL">Associations</w> <c type="pct">.</c> </s>
<s n="38"><w type="ABX">Both</w> <w type="NP">Miss</w> <w type="NP">Garson</w> <w type="CC">and</w> <w type="PPg">her</w> <w type="NN">oilman-rancher</w> <w type="NN">husband</w> <w type="BER">are</w> <w type="JJ">active</w> <w type="NNS">supporters</w> <w type="IN">of</w> <w type="NNS" subtype="TL">Boys</w> <w type="NNS" subtype="TL">Clubs</w> <w type="IN" subtype="TL">of</w> <w type="NP" subtype="TL">America</w> <w type="CC">and</w> <w type="NNS">patrons</w> <w type="IN">of</w> <w type="AT">the</w> <w type="JJ">vivid</w> <w type="NN">art</w> <w type="CC">and</w> <w type="NN">opera</w> <w type="NN">colony</w> <w type="WPS">that</w> <w type="VBZ">flourishes</w> <w type="IN">in</w> <w type="JJ" subtype="TL">New</w> <w type="NP" subtype="TL">Mexico</w> <c type="pct">.</c> </s>
</p>
<p><s n="39"><w type="RB">Back</w> <w type="IN">in</w> <w type="NN">college</w> <c type="pct">,</c> <w type="NRg">today's</w> <w type="JJ">handsome</w> <w type="NP">Gander</w> <w type="BEDZ">was</w> <w type="AT">the</w> <w type="AP">only</w> <w type="JJ">male</w> <w type="NN">member</w> <w type="IN">of</w> <w type="AT">a</w> <w type="NP">Texas</w> <w type="NP">Tech</w> <w type="NN">class</w> <w type="IN">on</w> <w type="NN">food</w> <c type="pct">.</c> </s>
<s n="40"><w type="AT">The</w> <w type="JJ">pretty</w> <w type="NNS">coeds</w> <w type="MD">must</w> <w type="HV">have</w> <w type="VBN">ogled</w> <w type="PPO">him</w> <w type="ABN">all</w> <w type="NN">day</w> <w type="RB">long</w> <c type="pct">--</c> <w type="CC">but</w> <w type="PPS">he</w> <w type="RB">dutifully</w> <w type="VBD">kept</w> <w type="PPg">his</w> <w type="NN">eye</w> <w type="IN">on</w> <w type="AT">the</w> <w type="NN">gravy</w> <c type="pct">.</c> </s>
</p>
<p><s n="41"><w type="AP">Last</w> <w type="NP">October</w> <w type="PPS">he</w> <w type="VBD">gave</w> <w type="AT">a</w> <w type="JJ">public</w> <w type="NN">speech</w> <w type="IN">in</w> <w type="NP">Washington</w> <c type="pct">,</c> <w type="NP">D.C.</w> <w type="VBD">entitled</w> <c type="pct">``</c> <w type="BER" subtype="TL">Are</w> <w type="NNS" subtype="TL">Women</w> <w type="RB" subtype="TL">Here</w> <w type="TO" subtype="TL">To</w> <w type="VB" subtype="TL">Stay</w> <c type="pct">''</c> <c type="pct">?</c> <c type="pct">?</c> </s>
<s n="42"><w type="RB">So</w> <w type="PPSS">you</w> <w type="MD">can</w> <w type="VB">see</w> <w type="CS">that</w> <w type="NP">Gerald</w> <w type="NP">G.</w> <w type="NP">Ramsey</w> <c type="pct">,</c> <w type="NN">director</w> <w type="IN">of</w> <w type="NN">SMU's</w> <w type="NN">food</w> <w type="NNS">services</w> <c type="pct">,</c> <w type="BEZ">is</w> <w type="NEG">not</w> <w type="AT">the</w> <w type="JJ">ordinary</w> <w type="NN">type</w> <w type="IN">of</w> <w type="JJ">craven</w> <c type="pct">,</c> <w type="JJ">women-trodden</w> <w type="NN">chef</w> <c type="pct">.</c> </s>
<s n="43"><w type="PPS">He</w> <w type="BEZ">is</w> <w type="JJ">apt</w> <w type="TO">to</w> <w type="VB">rear</w> <w type="RB">back</w> <w type="CC">and</w> <w type="VB">claim</w> <w type="PPg">his</w> <w type="NNS">rights</w> <c type="pct">.</c> </s>
</p>
<p><s n="44"><w type="NP">Ramsey</w> <c type="pct">,</c> <w type="CS">as</w> <w type="NN">SMU's</w> <w type="NN">food</w> <w type="NN">wrangler</w> <c type="pct">,</c> <w type="VBZ">buys</w> <w type="AP">enough</w> <w type="NNS">groceries</w> <w type="TO">to</w> <w type="VB">serve</w> <w type="CD">32,000</w> <w type="NNS">meals</w> <w type="AT">a</w> <w type="NN">week</w> <c type="pct">.</c> </s>
<s n="45"><w type="VB">Tell</w> <w type="DT">that</w> <w type="IN">to</w> <w type="AT">the</w> <w type="JJ">little</w> <w type="NN">wife</w> <w type="WRB">when</w> <w type="PPS">she</w> <w type="VBZ">moans</w> <w type="IN">at</w> <w type="AT">the</w> <w type="NNg">woman's</w> <w type="NN">burden</w> <c type="pct">!</c> <c type="pct">!</c> </s>
</p>
<p><s n="46"><w type="PPS">He</w> <w type="RB">also</w> <w type="VBZ">dishes</w> <w type="RP">up</w> <w type="CD">3,000</w> <w type="NNS">snacks</w> <c type="pct">.</c> </s>
<s n="47"><w type="CC">And</w> <w type="PPS">he</w> <w type="VBZ">operates</w> <w type="CD">three</w> <w type="NNS">cafeterias</w> <w type="IN">in</w> <w type="AT">the</w> <w type="NN" subtype="TL">Student</w> <w type="NN" subtype="TL">Center</w> <c type="pct">,</c> <w type="IN">along</w> <w type="IN">with</w> <w type="NP" subtype="TL">McElvaney</w> <w type="NN" subtype="TL">Dining</w> <w type="NN" subtype="TL">Hall</w> <w type="CC">and</w> <w type="AT">the</w> <w type="NNg">athlete's</w> <w type="NNS">tables</w> <c type="pct">.</c> </s>
</p>
<p><s n="48"><w type="NP">Ramsey</w> <c type="pct">,</c> <w type="CD">6-3</w> <c type="pct">,</c> <w type="CD">195</w> <w type="CC">and</w> <w type="RB">ruggedly</w> <w type="JJ">slim</w> <c type="pct">,</c> <w type="VBZ">says</w> <c type="pct">,</c> <c type="pct">``</c> <w type="PPSS">I</w> <mw pos="MD *">can't </mw><w type="VB">remember</w> <w type="WRB">when</w> <w type="PPSS">I</w> <mw pos="DOD *">didn't </mw><w type="VB">pester</w> <w type="PPg">my</w> <w type="NN">mother</w> <w type="TO">to</w> <w type="VB">teach</w> <w type="PPO">me</w> <w type="TO">to</w> <w type="VB">cook</w> <c type="pct">''</c> <c type="pct">.</c> </s>
</p>
<p><s n="49"><w type="PPS">He</w> <w type="BEDZ">was</w> <w type="IN">in</w> <w type="NN">charge</w> <w type="IN">of</w> <w type="AT">the</w> <w type="NP" subtype="TL">Hockaday</w> <w type="NN" subtype="TL">School</w> <w type="NNS">meals</w> <w type="IN">from</w> <w type="CD">1946</w> <w type="IN">to</w> <w type="CD">1950</w> <c type="pct">,</c> <w type="CS">before</w> <w type="PPS">he</w> <w type="VBD">moved</w> <w type="IN">to</w> <w type="NN">Aj</w> <c type="pct">.</c> </s>
<s n="50"><w type="CC">And</w> <mw pos="PPSS MD">you'll </mw><w type="VB">notice</w> <w type="CS">that</w> <w type="IN">in</w> <w type="ABX">both</w> <w type="NNS">places</w> <c type="pct">,</c> <w type="EX">there</w> <w type="BER">are</w> <w type="NNS">acres</w> <w type="IN">of</w> <w type="JJ">charming</w> <w type="JJ">young</w> <w type="NNS">ladies</w> <w type="WPS">who</w> <w type="IN">with</w> <w type="AP">little</w> <w type="NN">effort</w> <w type="VB">spice</w> <w type="RP">up</w> <w type="DTI">any</w> <w type="NN">chow</w> <w type="NN">line</w> <c type="pct">.</c> </s>
</p>
<p><s n="51"><w type="WDT">What</w> <w type="DOZ">does</w> <w type="PPS">he</w> <w type="VB">feed</w> <w type="PPg">his</w> <w type="NN">SMU</w> <w type="NN">football</w> <w type="NNS">mastodons</w> <w type="IN">at</w> <w type="AT">the</w> <w type="VBG">training</w> <w type="NN">table</w> <c type="pct">?</c> <c type="pct">?</c> </s>
</p>
<p><s n="52"><c type="pct">``</c> <w type="RB">Mostly</w> <w type="NN">meat</w> <w type="CC">and</w> <w type="NNS">potatoes</w> <c type="pct">--</c> <w type="PPSS">they</w> <w type="HV">have</w> <w type="TO">to</w> <w type="HV">have</w> <w type="DT">that</w> <w type="NN">go-go-go</w> <w type="IN">without</w> <w type="VBG">getting</w> <w type="QL">too</w> <w type="JJ">fat</w> <c type="pct">''</c> <c type="pct">,</c> <w type="VBZ">says</w> <w type="NP">Ramsey</w> <c type="pct">.</c> </s>
<s n="53"><w type="RB">So</w> <w type="PPS">he</w> <w type="VBZ">hides</w> <w type="AT">the</w> <w type="NN">mayonnaise</w> <c type="pct">.</c> </s>
<s n="54"><w type="CC">And</w> <w type="TO">to</w> <w type="VB">keep</w> <w type="NNSg">athletes'</w> <w type="NNS">stomachs</w> <w type="IN">from</w> <w type="VBG">getting</w> <w type="JJ">jumpy</w> <w type="IN">under</w> <w type="JJ">physical</w> <w type="NN">duress</w> <c type="pct">,</c> <w type="PPS">he</w> <w type="VBZ">bans</w> <w type="ABN">all</w> <w type="QL">highly</w> <w type="VBN">flavored</w> <w type="NNS">condiments</w> <c type="pct">.</c> </s>
</p>
<p><s n="55"><w type="WDT">What</w> <w type="DO">do</w> <w type="AT">the</w> <w type="JJ">pretty</w> <w type="NN">SMU</w> <w type="NNS">girls</w> <w type="VB">like</w> <w type="IN">on</w> <w type="PPg">their</w> <w type="NNS">plates</w> <c type="pct">?</c> <c type="pct">?</c> </s>
</p>
<p><s n="56"><c type="pct">``</c> <w type="QL">Pretty</w> <w type="AP">much</w> <w type="NN">hamburger</w> <c type="pct">,</c> <w type="NNS">hotdogs</w> <c type="pct">,</c> <w type="NN">steak</w> <w type="CC">and</w> <c type="pct">,</c> <w type="IN">at</w> <w type="NN">night</w> <c type="pct">,</c> <w type="RB">maybe</w> <w type="NN">pizza</w> <c type="pct">''</c> <c type="pct">,</c> <w type="VBZ">says</w> <w type="AT">the</w> <w type="JJ">handsome</w> <w type="NN">food</w> <w type="NN">expert</w> <c type="pct">.</c> </s>
<s n="57"><c type="pct">``</c> <w type="RB">Unfortunately</w> <c type="pct">,</c> <w type="EX">there</w> <w type="BEZ">is</w> <w type="RB">still</w> <w type="AP">little</w> <w type="NN">demand</w> <w type="IN">for</w> <w type="NN">broccoli</w> <w type="CC">and</w> <w type="NN">cauliflower</w> <c type="pct">''</c> <c type="pct">.</c> </s>
</p>
<p><s n="58"><w type="NP">Ramsey</w> <w type="HVZ">has</w> <w type="VBN">stoked</w> <w type="RP">up</w> <w type="NP">Harry</w> <w type="NP">Truman</w> <c type="pct">,</c> <w type="NP">Henry</w> <w type="NP">Cabot</w> <w type="NP">Lodge</w> <c type="pct">,</c> <w type="AT">the</w> <w type="NN" subtype="TL">King</w> <w type="IN" subtype="TL">of</w> <w type="NP" subtype="TL">Morocco</w> <c type="pct">,</c> <w type="NP">Clement</w> <w type="NP">Atlee</w> <w type="CC">and</w> <w type="AP">other</w> <w type="JJ">shiny</w> <w type="NNS">characters</w> <c type="pct">.</c> </s>
<s n="59"><w type="RB">Once</w> <w type="CD">four</w> <w type="JJ">Tibetan</w> <w type="NNS">monks</w> <c type="pct">,</c> <w type="IN">in</w> <w type="PPg">their</w> <w type="NN">saffron</w> <w type="NNS">robes</w> <c type="pct">,</c> <w type="VBD">filed</w> <w type="IN">through</w> <w type="AT">the</w> <w type="NN">cafeteria</w> <w type="NN">line</w> <c type="pct">.</c> </s>
</p>
<p><s n="60"><c type="pct">``</c> <w type="PPSS">They</w> <mw pos="BER *">aren't </mw><w type="VBN">supposed</w> <w type="TO">to</w> <w type="VB">look</w> <w type="IN">at</w> <w type="NNS">women</w> <c type="pct">,</c> <w type="PPSS">you</w> <w type="VB">know</w> <c type="pct">''</c> <c type="pct">,</c> <w type="NP">Ramsey</w> <w type="VBD">recalled</w> <c type="pct">.</c> </s>
<s n="61"><c type="pct">``</c> <w type="WDT">What</w> <w type="IN">with</w> <w type="ABN">all</w> <w type="DTS">those</w> <w type="JJ">pretty</w> <w type="NNS">girls</w> <w type="RB">around</w> <c type="pct">,</c> <w type="PPSS">they</w> <w type="HVD">had</w> <w type="AT">a</w> <w type="JJ">hard</w> <w type="NN">time</w> <c type="pct">''</c> <c type="pct">.</c> </s>
</p>
<p><s n="62"><w type="NN" subtype="TL">Chicken</w> <w type="NP" subtype="TL">Cadillac</w> </s>
<s n="63"><w type="VB">Use</w> <w type="CD">one</w> <w type="JJ">6-ounce</w> <w type="NN">chicken</w> <w type="NN">breast</w> <w type="IN">for</w> <w type="DT">each</w> <w type="NN">guest</w> <c type="pct">.</c> </s>
<s n="64"><w type="NN">Salt</w> <w type="CC">and</w> <w type="NN">pepper</w> <w type="DT">each</w> <w type="NN">breast</w> <c type="pct">.</c> </s>
<s n="65"><w type="VB">Dip</w> <w type="IN">in</w> <w type="VBN">melted</w> <w type="NN">butter</w> <w type="CC">and</w> <w type="VB">roll</w> <w type="IN">in</w> <w type="NN">flour</w> <c type="pct">.</c> </s>
<s n="66"><w type="VB">Place</w> <w type="NN">side</w> <w type="IN">by</w> <w type="NN">side</w> <w type="IN">in</w> <w type="AT">a</w> <w type="JJ">2-inch</w> <w type="JJ">deep</w> <w type="VBG">baking</w> <w type="NN">pan</w> <c type="pct">.</c> </s>
<s n="67"><w type="VB">Bake</w> <w type="RB">slowly</w> <w type="RB">about</w> <w type="CD">one</w> <w type="NN">hour</w> <w type="IN">at</w> <w type="CD">250-275</w> <w type="NP">F.</w> <w type="CS">until</w> <w type="QL">lightly</w> <w type="JJ">brown</w> <c type="pct">.</c> </s>
</p>
<p><s n="68"><w type="VB">Add</w> <w type="AP">enough</w> <w type="VBN">warmed</w> <w type="NN">cream</w> <c type="pct">,</c> <w type="VBN">seasoned</w> <w type="IN">to</w> <w type="NN">taste</w> <w type="IN">with</w> <w type="NN">onion</w> <w type="NN">juice</w> <c type="pct">,</c> <w type="IN">to</w> <w type="RP">about</w> <w type="RB">half</w> <w type="VB">cover</w> <w type="AT">the</w> <w type="NN">chicken</w> <w type="NNS">breasts</w> <c type="pct">.</c> </s>
<s n="69"><w type="VB">Bake</w> <w type="RB">slowly</w> <w type="IN">at</w> <w type="AP">least</w> <w type="NN">one-half</w> <w type="NN">hour</w> <w type="RBR">longer</w> <c type="pct">.</c> </s>
</p>
<p><s n="70"><w type="CS">While</w> <w type="DT">this</w> <w type="BEZ">is</w> <w type="VBG">baking</w> <c type="pct">,</c> <w type="VB">saute</w> <w type="NNS">mushrooms</w> <c type="pct">,</c> <w type="JJ">fresh</w> <w type="CC">or</w> <w type="VBN">canned</w> <c type="pct">,</c> <w type="IN">in</w> <w type="NN">butter</w> <c type="pct">.</c> </s>
<s n="71"><w type="VB">Sprinkle</w> <w type="IN">over</w> <w type="NN">top</w> <w type="IN">of</w> <w type="NN">chicken</w> <w type="NNS">breasts</w> <c type="pct">.</c> </s>
<s n="72"><w type="VB">Serve</w> <w type="DT">each</w> <w type="NN">breast</w> <w type="IN">on</w> <w type="AT">a</w> <w type="JJ">thin</w> <w type="NN">slice</w> <w type="IN">of</w> <w type="JJ">slow-baked</w> <w type="NN">ham</w> <w type="CC">and</w> <w type="VB">sprinkle</w> <w type="IN">with</w> <w type="NP">Thompson</w> <w type="JJ">seedless</w> <w type="NNS">grapes</w> <c type="pct">.</c> </s>
</p>
<p><s n="73"><c type="pct">(</c> <w type="VB">Leave</w> <w type="RP">off</w> <w type="AT">the</w> <w type="NN">ham</w> <w type="CC">and</w> <w type="PPSS">you</w> <w type="VB">call</w> <w type="PPO">it</w> <w type="NN" subtype="TL">Chicken</w> <w type="NP" subtype="TL">Pontiac</w> <c type="pct">,</c> <w type="VBZ">says</w> <w type="NP">Ramsey</w> <c type="pct">.</c> </s>
</p>
<p><s n="74"><w type="JJ">Contemporary</w> <w type="NN">furniture</w> <w type="WPS">that</w> <w type="BEZ">is</w> <w type="CC">neither</w> <w type="JJ">Danish</w> <w type="CC">nor</w> <w type="NN">straight-line</w> <w type="JJ">modern</w> <w type="CC">but</w> <w type="HVZ">has</w> <w type="VBN">sculptured</w> <w type="NN">pattern</w> <c type="pct">,</c> <w type="AP">many</w> <w type="NN">design</w> <w type="NNS">facets</w> <c type="pct">,</c> <w type="NN">warmth</w> <c type="pct">,</c> <w type="NN">dignity</w> <w type="CC">and</w> <w type="AT">an</w> <w type="NN">effect</w> <w type="IN">of</w> <w type="JJ">utter</w> <w type="NN">comfort</w> <w type="CC">and</w> <w type="NN">livability</w> <c type="pct">.</c> </s>
</p>
<p><s n="75"><w type="DT">That</w> <w type="BEZ">is</w> <w type="AT">the</w> <w type="NN">goal</w> <w type="IN">of</w> <w type="CD">two</w> <w type="JJ">new</w> <w type="NNS">collections</w> <w type="BEG">being</w> <w type="VBN">introduced</w> <w type="IN">in</w> <w type="NP">Dallas</w> <w type="DT">this</w> <w type="NN">month</w> <c type="pct">.</c> </s>
</p>
<p><s n="76"><w type="CS">Though</w> <w type="EX">there</w> <w type="HVZ">has</w> <w type="BEN">been</w> <w type="DTI">some</w> <w type="JJ" subtype="FW">avant</w> <w type="NN" subtype="FW">garde</w> <w type="NN">indication</w> <w type="CS">that</w> <w type="JJ">contemporary</w> <w type="NN">furniture</w> <w type="MD">might</w> <w type="VB">go</w> <w type="RB">back</w> <w type="IN">to</w> <w type="AT">the</w> <w type="JJ">boxy</w> <w type="NN">look</w> <w type="IN">of</w> <w type="AT">the</w> <w type="NNS">'20's</w> <w type="CC">and</w> <w type="NNS">'40's</w> <c type="pct">,</c> <w type="CD">two</w> <w type="NNS">manufacturers</w> <w type="VBD">chose</w> <w type="TO">to</w> <w type="VB">take</w> <w type="AT">the</w> <w type="NN">approach</w> <w type="IN">of</w> <w type="AT">the</w> <w type="JJ">sophisticated</w> <c type="pct">,</c> <w type="CC">but</w> <w type="JJ">warm</w> <w type="NN">look</w> <w type="IN">in</w> <w type="JJ">contemporary</w> <c type="pct">.</c> </s>
<s n="77"><w type="DTS">These</w> <w type="CD">two</w> <c type="pct">,</c> <w type="NN" subtype="TL">Heritage</w> <w type="CC">and</w> <w type="NP">Drexel</w> <c type="pct">,</c> <w type="VBD">chose</w> <w type="RB">too</w> <w type="NEG">not</w> <w type="TO">to</w> <w type="VB">produce</w> <w type="AT">the</w> <w type="RB">exactly</w> <w type="JJ">matching</w> <w type="NN">design</w> <w type="IN">for</w> <w type="AT">every</w> <w type="NN">piece</w> <c type="pct">,</c> <w type="CC">but</w> <w type="AT">a</w> <w type="NN">collection</w> <w type="IN">of</w> <w type="VBN">correlated</w> <w type="NNS">designs</w> <c type="pct">,</c> <w type="DT">each</w> <w type="IN">of</w> <w type="WDT">which</w> <w type="MD">could</w> <w type="VB">stand</w> <w type="RB">alone</w> <c type="pct">.</c> </s>
</p>
<p><s n="78"><w type="AT">The</w> <w type="NN" subtype="TL">Heritage</w> <w type="NN">collection</w> <c type="pct">,</c> <w type="TO">to</w> <w type="BE">be</w> <w type="VBN">shown</w> <w type="IN">by</w> <w type="NP">Sanger-Harris</w> <w type="CC">and</w> <w type="NPg">Anderson's</w> <w type="NN" subtype="TL">Studio</w> <c type="pct">,</c> <w type="HVZ">has</w> <w type="RB">perhaps</w> <w type="AP">more</w> <w type="JJ">different</w> <w type="NNS">types</w> <w type="IN">of</w> <w type="NNS">woods</w> <w type="CC">and</w> <w type="NNS">decorations</w> <w type="CS">than</w> <w type="DTI">any</w> <w type="CD">one</w> <w type="NN">manufacturer</w> <w type="RB">ever</w> <w type="VBD">assembled</w> <w type="RB">together</w> <w type="IN">at</w> <w type="CD">one</w> <w type="NN">time</w> <c type="pct">.</c> </s>
<s n="79"><w type="VBN">Called</w> <w type="JJ">Perennian</w> <c type="pct">,</c> <w type="TO">to</w> <w type="VB">indicate</w> <w type="PPg">its</w> <w type="VBG">lasting</w> <c type="pct">,</c> <w type="JJ">good</w> <w type="NR">today</w> <w type="CC">and</w> <w type="NR">tomorrow</w> <w type="NN">quality</w> <c type="pct">,</c> <w type="AT">the</w> <w type="NN">collection</w> <w type="RB">truly</w> <w type="VBZ">avoids</w> <w type="AT">the</w> <w type="NN">monotony</w> <w type="IN">of</w> <w type="JJ">identical</w> <w type="NNS">pieces</w> <c type="pct">.</c> </s>
</p>
<p><s n="80"><w type="NN">Walnut</w> <c type="pct">,</c> <w type="JJ">wormy</w> <w type="NN">chestnut</w> <c type="pct">,</c> <w type="NN">pecan</w> <c type="pct">,</c> <w type="CD">three</w> <w type="NNS">varieties</w> <w type="IN">of</w> <w type="NN">burl</w> <c type="pct">,</c> <w type="JJ">hand-woven</w> <w type="JJ">Philippine</w> <w type="NN">cane</w> <c type="pct">,</c> <w type="JJ">ceramic</w> <w type="NNS">tiles</w> <c type="pct">,</c> <w type="NN">marble</w> <w type="BER">are</w> <w type="VBN">used</w> <w type="TO">to</w> <w type="VB">emphasize</w> <w type="AT">the</w> <w type="NN">feeling</w> <w type="IN">of</w> <w type="NN">texture</w> <w type="CC">and</w> <w type="IN">of</w> <w type="NN">permanence</w> <c type="pct">,</c> <w type="AT">the</w> <w type="NN">furniture</w> <w type="TO">to</w> <w type="VB">fit</w> <w type="IN">into</w> <w type="NNS">rooms</w> <w type="IN">with</w> <w type="VBN">tiled</w> <w type="NNS">floors</w> <c type="pct">,</c> <w type="NN">brick</w> <w type="CC">or</w> <w type="VBN">paneled</w> <w type="NNS">walls</w> <c type="pct">,</c> <w type="NNS">windows</w> <w type="WPS">that</w> <w type="VB">bring</w> <w type="RP">in</w> <w type="AT">the</w> <w type="NN">outdoors</w> <c type="pct">.</c> </s>
<s n="81"><w type="PPS">It</w> <w type="BEZ">is</w> <w type="AT">a</w> <w type="NN">collection</w> <w type="IN">with</w> <w type="AT">a</w> <w type="NN">custom-design</w> <w type="NN">look</w> <c type="pct">,</c> <w type="VBG">offering</w> <w type="NN">simplicity</w> <w type="IN">with</w> <w type="NN">warmth</w> <c type="pct">,</c> <w type="NN">variety</w> <w type="CC">and</w> <w type="NN">vitality</w> <c type="pct">.</c> </s>
</p>
<p><s n="82"><w type="AT">The</w> <w type="NP">Drexel</w> <w type="NN">collection</w> <c type="pct">,</c> <w type="VBN">called</w> <w type="NN" subtype="TL">Composite</w> <c type="pct">,</c> <w type="TO">to</w> <w type="BE">be</w> <w type="VBN">shown</w> <w type="IN">by</w> <w type="NPg">Titche's</w> <w type="VBZ">offers</w> <w type="AT">a</w> <w type="JJ">realistic</w> <w type="NN">approach</w> <w type="IN">to</w> <w type="VBG">decorating</w> <c type="pct">,</c> <w type="AT">a</w> <w type="JJ">mature</w> <w type="JJ">modern</w> <w type="WPS">that</w> <w type="BEZ">is</w> <w type="AT">a</w> <w type="NN">variation</w> <w type="IN">of</w> <w type="AP">many</w> <w type="NNS">designs</w> <c type="pct">.</c> </s>
</p>
<p><s n="83"><w type="VBN">Rounded</w> <w type="NNS">posts</w> <w type="VB">give</w> <w type="AT">a</w> <w type="JJ">soft</w> <c type="pct">,</c> <w type="VBN">sculptured</w> <w type="NN">look</w> <c type="pct">,</c> <w type="VBN">paneled</w> <w type="NNS">doors</w> <w type="HV">have</w> <w type="JJ">decorative</w> <w type="NN">burl</w> <w type="NNS">panels</w> <w type="CC">or</w> <w type="NN">cane</w> <w type="NNS">insets</w> <w type="CC">plus</w> <w type="VBG">softening</w> <w type="NNS">arches</w> <c type="pct">,</c> <w type="NN">table</w> <w type="NNS">tops</w> <w type="BER">are</w> <w type="VBN">inlaid</w> <w type="IN">in</w> <w type="NP">Macassar</w> <w type="NN">ebony</w> <w type="CC">or</w> <w type="NN">acacia</w> <c type="pct">.</c> </s>
<s n="84"><w type="AT">A</w> <w type="JJ">high-legged</w> <w type="NN">buffet</w> <w type="VBZ">provides</w> <w type="JJ">easy-to-reach</w> <w type="NN">serving</w> <c type="pct">,</c> <w type="AT">a</w> <w type="NN">cocktail</w> <w type="NN">table</w> <w type="HVZ">has</w> <w type="JJ">small</w> <w type="NN">snack</w> <w type="NNS">tables</w> <w type="VBN">tucked</w> <w type="IN">under</w> <w type="DT">each</w> <w type="NN">end</w> <c type="pct">,</c> <w type="VBN">recessed</w> <w type="VBN">arched</w> <w type="NNS">panels</w> <w type="VB">decorate</w> <w type="AT">a</w> <w type="JJ">60-inch</w> <w type="JJ">long</w> <w type="NN">chest</w> <c type="pct">.</c> </s>
</p>
<p><s n="85"><w type="AT">An</w> <w type="JJ">interesting</w> <w type="NN">approach</w> <w type="IN">to</w> <w type="AT">the</w> <w type="NN">bedroom</w> <w type="BEZ">is</w> <w type="VBN">presented</w> <c type="pct">,</c> <w type="IN">with</w> <w type="AT">a</w> <w type="JJ">young</w> <c type="pct">,</c> <w type="JJ">basic</w> <c type="pct">,</c> <w type="JJ">functional</w> <w type="NN">group</w> <w type="IN">of</w> <w type="NNS">chests</w> <c type="pct">,</c> <w type="NNS">dressers</w> <w type="CC">and</w> <w type="NN">corner</w> <w type="NNS">units</w> <w type="CC">and</w> <w type="AT">a</w> <w type="VBN">canted</w> <w type="NN">headboard</w> <c type="pct">.</c> </s>
<s n="86"><w type="AT">The</w> <w type="AP">other</w> <w type="NN">bedroom</w> <w type="HVZ">has</w> <w type="JJR">heavier</w> <w type="NN">styling</w> <c type="pct">,</c> <w type="JJ">door-fronted</w> <w type="NNS">dressers</w> <w type="IN">with</w> <w type="NN">acacia</w> <w type="NNS">panels</w> <c type="pct">,</c> <w type="AT">a</w> <w type="NN">poster</w> <w type="NN">bed</w> <w type="CC">or</w> <w type="AT">a</w> <w type="NN">bed</w> <w type="IN">with</w> <w type="VBN">arched</w> <w type="NN">acacia</w> <w type="NNS">panels</w> <w type="CC">and</w> <w type="VBG">matching</w> <w type="NN">mirror</w> <c type="pct">.</c> </s>
</p>
<p><s n="87"><w type="JJ">Colorful</w> <c type="pct">,</c> <w type="JJ">bright</w> <w type="NP">Eastman</w> <w type="NP">Chromspun</w> <w type="NNS">fabrics</w> <c type="pct">,</c> <w type="IN">with</w> <w type="AT">the</w> <w type="JJ">magenta</w> <c type="pct">,</c> <w type="JJ">pink</w> <w type="CC">and</w> <w type="JJ">white</w> <w type="NNS">tones</w> <w type="VBG">predominating</w> <w type="QL">as</w> <w type="RB">well</w> <w type="CS">as</w> <w type="JJ">golden</w> <w type="NNS">shades</w> <w type="BER">are</w> <w type="VBN">used</w> <w type="IN">with</w> <w type="NN" subtype="TL">Composite</w> <c type="pct">.</c> </s>
<s n="88"><w type="AT">The</w> <w type="NNS">fabrics</w> <w type="HV">have</w> <w type="NP">Scotchgard</w> <w type="NN">finish</w> <w type="TO">to</w> <w type="VB">resist</w> <w type="NN">soil</w> <w type="CC">and</w> <w type="NNS">wrinkles</w> <c type="pct">.</c> </s>
</p>
<p><s n="89"><w type="NN">Design</w> <w type="NNS">elements</w> <w type="RB">closely</w> <w type="VBN">rooted</w> <w type="IN">to</w> <w type="JJ">traditional</w> <w type="NNS">forms</w> <w type="CC">but</w> <w type="VBG">wearing</w> <w type="AT">a</w> <w type="JJ">definite</w> <w type="JJ">contemporary</w> <w type="NN">label</w> <w type="VB">keynote</w> <w type="NPg">Drexel's</w> <w type="NN">fall</w> <w type="CD">1961</w> <w type="NN">group</w> <c type="pct">,</c> <w type="NN" subtype="TL">Composite</w> <c type="pct">.</c> </s>
<s n="90"><w type="AT">The</w> <w type="NN">spider-leg</w> <w type="NN">pedestal</w> <w type="NN">table</w> <w type="HVZ">has</w> <w type="AT">a</w> <w type="NN">base</w> <w type="VBN">finished</w> <w type="IN">in</w> <w type="AT">an</w> <w type="NN">ebony</w> <c type="pct">,</c> <w type="TO">to</w> <w type="VB">set</w> <w type="RP">off</w> <w type="AT">the</w> <w type="JJ">lustrous</w> <w type="NN">brown</w> <w type="IN">of</w> <w type="AT">the</w> <w type="NN">walnut</w> <w type="NN">top</w> <c type="pct">.</c> </s>
<s n="91"><w type="JJ">See-through</w> <w type="NN">design</w> <w type="IN">of</w> <w type="AT">the</w> <w type="NNS">chairs</w> <w type="VBZ">combines</w> <w type="ABX">both</w> <w type="AT">the</w> <w type="JJ">nostalgic</w> <w type="NN">ladder</w> <w type="NN">back</w> <w type="CC">and</w> <w type="AT">an</w> <w type="JJ" subtype="TL">Oriental</w> <w type="NN">shoji</w> <w type="NN">flavor</w> <c type="pct">.</c> </s>
<s n="92"><w type="TO">To</w> <w type="VB">bring</w> <w type="NN">warmth</w> <w type="IN">to</w> <w type="AT">the</w> <w type="VBG">dining</w> <w type="NN">area</w> <c type="pct">,</c> <w type="JJ">golden</w> <w type="JJ">orange</w> <w type="NNS">tones</w> <w type="BER">are</w> <w type="VBN">used</w> <w type="IN">in</w> <w type="AT">the</w> <w type="NNS">fabrics</w> <c type="pct">.</c> </s>
</p>
<p><s n="93"><w type="NN">Dignity</w> <w type="CC">and</w> <w type="NN">comfort</w> <c type="pct">,</c> <w type="IN">in</w> <w type="AT">a</w> <w type="JJ">contemporary</w> <w type="NN">manner</w> <c type="pct">,</c> <w type="VBG">reflecting</w> <w type="AT">the</w> <w type="JJT">best</w> <w type="NNS">aspects</w> <w type="IN">of</w> <w type="NRg">today's</w> <w type="NN">design</w> <c type="pct">,</c> <w type="IN">with</w> <w type="NN">substance</w> <w type="CC">and</w> <w type="NN">maturity</w> <c type="pct">,</c> <w type="VB">keynote</w> <w type="AT">the</w> <w type="JJ">Perennian</w> <w type="NN">collection</w> <w type="IN">from</w> <w type="NN" subtype="TL">Heritage</w> <c type="pct">.</c> </s>
<s n="94"><w type="NN">Center</w> <w type="NN">panel</w> <c type="pct">,</c> <w type="JJ">hand-screened</w> <w type="NN">wood</w> <c type="pct">,</c> <w type="RB">actually</w> <w type="BEZ">is</w> <w type="AT">a</w> <w type="NN">back</w> <w type="IN">of</w> <w type="CD">one</w> <w type="IN">of</w> <w type="AT">the</w> <w type="JJ">tall</w> <w type="NNS">bookcases</w> <c type="pct">.</c> </s>
<s n="95"><w type="JJ">Mellow</w> <w type="JJ">bronzy-green-gold</w> <w type="NNS">fabrics</w> <w type="CC">and</w> <w type="AT">the</w> <w type="NN">gleam</w> <w type="IN">of</w> <w type="NN">copper</w> <w type="CC">and</w> <w type="JJ">hand-crafted</w> <w type="JJ">ceramic</w> <w type="NNS">accessories</w> <w type="VB">reiterate</w> <w type="AT">the</w> <w type="NN">mood</w> <w type="CS">as</w> <w type="DOZ">does</w> <w type="AT">the</w> <w type="NP">Alexander</w> <w type="NP">Smith</w> <w type="NN">carpet</w> <w type="IN">in</w> <w type="ABN">all</w> <w type="NN">wool</w> <w type="NN">loop</w> <w type="NN">pile</w> <c type="pct">.</c> </s>
</p>
<p><s n="96"><w type="AT">The</w> <w type="NNS" subtype="TL">Vagabonds</w> <w type="BER">are</w> <c type="pct">``</c> <w type="IN">on</w> <w type="AT">the</w> <w type="NN">road</w> <c type="pct">''</c> <w type="RB">again</w> <c type="pct">.</c> </s>
<s n="97"><w type="NNS">Members</w> <w type="BER">are</w> <w type="IN">on</w> <w type="PPg">their</w> <w type="NN">way</w> <w type="IN">to</w> <w type="NP">Saledo</w> <c type="pct">,</c> <w type="NEG">not</w> <w type="IN">by</w> <w type="NN">stage</w> <w type="NN">coach</w> <c type="pct">,</c> <w type="CC">but</w> <w type="IN">in</w> <w type="JJ">air-conditioned</w> <w type="NNS">cars</w> <c type="pct">.</c> </s>
</p>
<p><s n="98"><w type="DT">This</w> <w type="VBG">coming</w> <w type="NN">weekend</w> <w type="PPSS">they</w> <w type="HV">have</w> <w type="VBN">reserved</w> <w type="AT">the</w> <w type="JJ">entire</w> <w type="NN" subtype="TL">Stagecoach</w> <w type="NN" subtype="TL">Inn</w> <w type="CC">and</w> <w type="VBG">adjoining</w> <w type="NN">country</w> <w type="NN">club</w> <c type="pct">,</c> <w type="NP">Saledo</w> <c type="pct">,</c> <w type="IN">for</w> <w type="NNS">festivities</w> <c type="pct">.</c> </s>
<s n="99"><w type="NNS">Invitations</w> <w type="HV">have</w> <w type="BEN">been</w> <w type="VBN">extended</w> <w type="IN">to</w> <w type="DTI">some</w> <w type="NP">Austin</w> <w type="NNS">dignitaries</w> <w type="IN">including</w> <w type="NN" subtype="TL">Gov.</w> <w type="CC">and</w> <w type="NP">Mrs.</w> <w type="NP">Price</w> <w type="NP">Daniel</w> <c type="pct">.</c> </s>
</p>
<p><s n="100"><w type="NN" subtype="TL">Stagecoach</w> <w type="NNS" subtype="TL">Days</w> <w type="BEZ">is</w> <w type="AT">the</w> <w type="NN">theme</w> <w type="IN">for</w> <w type="AT">the</w> <w type="NN">weekend</w> <w type="IN">on</w> <w type="AT">the</w> <w type="JJ" subtype="TL">Old</w> <w type="NP" subtype="TL">Chisholm</w> <w type="NN" subtype="TL">Trail</w> <c type="pct">.</c> </s>
</p>
<p><s n="101"><w type="AT">The</w> <w type="NN">get-together</w> <w type="NR">Friday</w> <w type="NN">night</w> <w type="MD">will</w> <w type="BE">be</w> <w type="AT">a</w> <w type="NN">banquet</w> <w type="IN">at</w> <w type="AT">the</w> <w type="NN">country</w> <w type="NN">club</w> <w type="NN">patio</w> <w type="CC">and</w> <w type="NN">pool</w> <c type="pct">,</c> <w type="CC">and</w> <w type="AT">an</w> <w type="NN">orchestra</w> <w type="MD">will</w> <w type="VB">play</w> <w type="IN">for</w> <w type="VBG">dancing</w> <c type="pct">.</c> </s>
</p>
<p><s n="102"><w type="NNS">Guests</w> <w type="MD">will</w> <w type="VB">wear</w> <w type="NNS">costumes</w> <w type="JJ">typical</w> <w type="IN">of</w> <w type="AT">the</w> <w type="NP" subtype="TL">Chisholm</w> <w type="NN" subtype="TL">Trail</w> <w type="NNS" subtype="TL">Days</w> <c type="pct">.</c> </s>
<s n="103"><w type="NNS">Ginghams</w> <w type="CC">and</w> <w type="NN">calico</w> <w type="MD">will</w> <w type="BE">be</w> <w type="JJ">popular</w> <w type="NN">dress</w> <w type="IN">for</w> <w type="AT">the</w> <w type="NNS">women</w> <c type="pct">.</c> </s>
<s n="104"><w type="AT">The</w> <w type="NNS">men</w> <w type="MD">will</w> <w type="BE">be</w> <w type="IN">in</w> <w type="JJ">western</w> <w type="NN">attire</w> <c type="pct">,</c> <w type="IN">including</w> <w type="NPS">Stetsons</w> <w type="CC">and</w> <w type="VBN">colored</w> <w type="NNS">vests</w> <c type="pct">.</c> </s>
</p>
<p><s n="105"><w type="VBG">Decorating</w> <w type="AT">the</w> <w type="NN">ballroom</w> <w type="MD">will</w> <w type="BE">be</w> <w type="AT">the</w> <w type="JJ">yellow</w> <w type="NN">rose</w> <w type="IN">of</w> <w type="NP">Texas</w> <c type="pct">,</c> <w type="IN">in</w> <w type="JJ">tall</w> <w type="NNS">bushes</w> <c type="pct">;</c> <c type="pct">;</c> </s>
<s n="106"><w type="NNS">bluebonnets</w> <w type="CC">and</w> <w type="NN">stagecoach</w> <w type="NNS">silhouettes</w> <c type="pct">.</c> </s>
<s n="107"><w type="EX">There</w> <w type="MD">will</w> <w type="BE">be</w> <w type="AT">a</w> <w type="JJ">large</w> <w type="NN">drawing</w> <w type="IN">of</w> <w type="AT">a</w> <w type="NN">sunbonnet</w> <w type="NN">girl</w> <w type="IN">with</w> <w type="NNS">eyes</w> <w type="WPS">that</w> <w type="VB">flash</w> <w type="IN">at</w> <w type="AT">the</w> <w type="NNS">guests</w> <c type="pct">.</c> </s>
</p>
<p><s n="108"><w type="NP">Mr.</w> <w type="CC">and</w> <w type="NP">Mrs.</w> <w type="NP">Phil</w> <w type="NP">G.</w> <w type="NP">Abell</w> <w type="BER">are</w> <w type="NNS">chairmen</w> <w type="IN">for</w> <w type="AT">the</w> <w type="NP">Saledo</w> <w type="NN">trip</w> <c type="pct">.</c> </s>
<s n="109"><w type="NN">Committee</w> <w type="NNS">members</w> <w type="VBG">aiding</w> <w type="PPO">them</w> <w type="IN">in</w> <w type="VBG">planning</w> <w type="AT">the</w> <w type="NN">entertainment</w> <w type="BER">are</w> <w type="NN">Messrs</w> <w type="CC">and</w> <w type="NN">Mmes</w> <w type="NP">Roy</w> <w type="NP">McKee</w> <c type="pct">,</c> <w type="NP">George</w> <w type="NP">McElyee</w> <c type="pct">,</c> <w type="NP">Jack</w> <w type="NP">Fanning</w> <c type="pct">,</c> <w type="NP">W.</w> <w type="NP">H.</w> <w type="NP">Roquemore</w> <w type="CC">and</w> <w type="NP">Joe</w> <w type="NP">Darrow</w> <c type="pct">.</c> </s>
</p>
<p><s n="110"><w type="AT">The</w> <w type="NN">travel</w> <w type="NN">club</w> <w type="BEZ">is</w> <w type="VBN">comprised</w> <w type="IN">of</w> <w type="CD">75</w> <w type="JJ">fun-loving</w> <w type="NNS">couples</w> <w type="WPS">who</w> <w type="HV">have</w> <w type="CS">as</w> <w type="PPg">their</w> <w type="NN">motto</w> <c type="pct">``</c> <w type="VB" subtype="TL">Go</w> <w type="RB" subtype="TL">Somewhere</w> <c type="pct">,</c> <w type="RB" subtype="TL">Anywhere</w> <c type="pct">,</c> <w type="RB">Everywhere</w> <c type="pct">''</c> <c type="pct">.</c> </s>
<s n="111"><w type="PPg">Their</w> <w type="NNS">activities</w> <w type="MD">will</w> <w type="BE">be</w> <w type="VBN">climaxed</w> <w type="IN">in</w> <w type="AT">the</w> <w type="NN">spring</w> <w type="IN">of</w> <w type="CD">1962</w> <w type="WRB">when</w> <w type="PPSS">they</w> <w type="VB">go</w> <w type="IN">to</w> <w type="NP">Europe</w> <c type="pct">.</c> </s>
</p>
<p><s n="112"><w type="IN">In</w> <w type="AT">the</w> <w type="NN">past</w> <c type="pct">,</c> <w type="AT">the</w> <w type="NNS">men</w> <w type="CC">and</w> <w type="NNS">women</w> <w type="HV">have</w> <w type="VBN">chartered</w> <w type="NNS">planes</w> <w type="IN">to</w> <w type="NP">Las</w> <w type="NP">Vegas</w> <w type="CC">and</w> <w type="NP">Jamaica</w> <c type="pct">,</c> <w type="NNS">buses</w> <w type="IN">to</w> <w type="NN" subtype="TL">Mineral</w> <w type="NN" subtype="TL">Wells</w> <w type="CC">and</w> <w type="NP">Kerrville</w> <w type="CC">and</w> <w type="JJ">private</w> <w type="NN">railway</w> <w type="NNS">coaches</w> <w type="IN">to</w> <w type="NP">Shreveport</w> <w type="CC">and</w> <w type="NP">Galveston</w> <c type="pct">.</c> </s>
</p>
<p><s n="113"><w type="CD">Four</w> <w type="NNS">parties</w> <w type="BER">are</w> <w type="VBN">given</w> <w type="AT">a</w> <w type="NN">year</w> <c type="pct">.</c> </s>
<s n="114"><w type="CD">Two</w> <w type="IN">of</w> <w type="DTS">these</w> <w type="BER">are</w> <w type="IN">in</w> <w type="CC">or</w> <w type="IN">near</w> <w type="NP">Dallas</w> <w type="CC">and</w> <w type="AT">the</w> <w type="NNS">others</w> <w type="RB">away</w> <w type="IN">from</w> <w type="AT">the</w> <w type="NN">vicinity</w> <c type="pct">.</c> </s>
</p>
<p><s n="115"><w type="VBG">Serving</w> <w type="IN">on</w> <w type="AT">the</w> <w type="NNg">club's</w> <w type="NN">board</w> <w type="BER">are</w> <w type="NN">Mmes</w> <w type="NP">R.</w> <w type="NP">P.</w> <w type="NP">Anderson</w> <c type="pct">,</c> <w type="NN">president</w> <c type="pct">;</c> <c type="pct">;</c> </s>
<s n="116"><w type="NP">A.</w> <w type="NP">F.</w> <w type="NP">Schmalzried</w> <c type="pct">,</c> <w type="NN">secretary</w> <c type="pct">;</c> <c type="pct">;</c> </s>
<s n="117"><w type="NP">W.</w> <w type="NP">H.</w> <w type="NP">Roquemore</w> <c type="pct">,</c> <w type="NN">treasurer</w> <c type="pct">,</c> <w type="CC">and</w> <w type="AT">the</w> <w type="VBG">following</w> <w type="NNS">chairmen</w> <c type="pct">:</c> <w type="NN">Mmes</w> <w type="NP">McKee</w> <c type="pct">,</c> <w type="NN">publicity</w> <c type="pct">;</c> <c type="pct">;</c> </s>
<s n="118"><w type="NP">Lawrence</w> <w type="NP">B.</w> <w type="NP">Jones</w> <c type="pct">,</c> <w type="NN">yearbook</w> <c type="pct">,</c> <w type="CC">and</w> <w type="NP">Sam</w> <w type="NP">Laughlin</w> <c type="pct">,</c> <w type="NN">scrapbook</w> <c type="pct">.</c> </s>
</p>
<p></p></body></text></TEI>
