<TEI xmlns="http://www.tei-c.org/ns/1.0"><teiHeader><fileDesc><titleStmt><title>Sample A34 from  The New York Times, May 21, 1961, sec. 4, p.1
 </title></titleStmt><editionStmt><edition>A part  of the XML version of the Brown Corpus</edition></editionStmt><extent>2,035 words 142 (7.0%) quotes 1 symbol</extent><publicationStmt><idno>A34</idno><availability><p>Copyright 1961 by The New York Times Company. Reprinted by permission</p></availability></publicationStmt><sourceDesc><bibl> The New York Times, May 21, 1961, sec. 4, p.1
 </bibl></sourceDesc></fileDesc><encodingDesc><p/></encodingDesc><revisionDesc><change when="2008-04-27">Header auto-generated for TEI version</change></revisionDesc></teiHeader>
<text xml:id="A34" decls="A">
<body><p><s n="1"><w type="IN" subtype="HL">For</w> <w type="JJ" subtype="HL">crucial</w> <w type="NN" subtype="HL">encounter</w> </s>
<s n="2"><w type="CD">One</w> <w type="IN">of</w> <w type="AT">the</w> <w type="JJ">initial</w> <w type="NNS">questions</w> <w type="VBN">put</w> <w type="IN">to</w> <w type="NN" subtype="TL">President</w> <w type="NP">Kennedy</w> <w type="IN">at</w> <w type="PPg">his</w> <w type="OD">first</w> <w type="NN">news</w> <w type="NN">conference</w> <w type="AP">last</w> <w type="NP">January</w> <w type="BEDZ">was</w> <w type="IN">about</w> <w type="PPg">his</w> <w type="NN">attitude</w> <w type="IN">toward</w> <w type="AT">a</w> <w type="NN">meeting</w> <w type="IN">with</w> <w type="NN" subtype="TL">Premier</w> <w type="NP">Khrushchev</w> <c type="pct">.</c> </s>
<s n="3"><w type="NP">Mr.</w> <w type="NP">Kennedy</w> <w type="VBD">replied</w> <c type="pct">:</c> </s>
</p>
<p><s n="4"><c type="pct">``</c> <mw pos="PPSS BEM">I'm </mw><w type="JJ">hopeful</w> <w type="CS">that</w> <w type="IN">from</w> <w type="QL">more</w> <w type="JJ">traditional</w> <w type="NNS">exchanges</w> <w type="PPSS">we</w> <w type="MD">can</w> <w type="RB">perhaps</w> <w type="VB">find</w> <w type="JJR">greater</w> <w type="JJ">common</w> <w type="NN">ground</w> <c type="pct">''</c> <c type="pct">.</c> </s>
</p>
<p><s n="5"><w type="AT">The</w> <w type="NN" subtype="TL">President</w> <w type="VBD">knew</w> <w type="CS">that</w> <w type="AT">a</w> <w type="NN">confrontation</w> <w type="IN">with</w> <w type="NP">Mr.</w> <w type="NP">Khrushchev</w> <w type="RBR">sooner</w> <w type="CC">or</w> <w type="RBR">later</w> <w type="RB">probably</w> <w type="BEDZ">was</w> <w type="JJ">inevitable</w> <w type="CC">and</w> <w type="RB">even</w> <w type="JJ">desirable</w> <c type="pct">.</c> </s>
<s n="6"><w type="CC">But</w> <w type="PPS">he</w> <w type="BEDZ">was</w> <w type="VBN">convinced</w> <w type="CS">that</w> <w type="AT">the</w> <w type="NNS">realities</w> <w type="IN">of</w> <w type="NN">power</w> <c type="pct">--</c> <w type="JJ">military</w> <c type="pct">,</c> <w type="JJ">economic</w> <w type="CC">and</w> <w type="JJ">ideological</w> <c type="pct">--</c> <w type="BED">were</w> <w type="AT">the</w> <w type="JJ">decisive</w> <w type="NNS">factors</w> <w type="IN">in</w> <w type="AT">the</w> <w type="NN">struggle</w> <w type="IN">with</w> <w type="AT">the</w> <w type="NNS" subtype="TL">Communists</w> <w type="CC">and</w> <w type="CS">that</w> <w type="DTS">these</w> <w type="MD">could</w> <w type="NEG">not</w> <w type="BE">be</w> <w type="VBN">talked</w> <w type="RB">away</w> <w type="IN">at</w> <w type="AT">a</w> <w type="NNS">heads</w> <w type="IN">of</w> <w type="NN">government</w> <w type="NN">meeting</w> <c type="pct">.</c> </s>
<s n="7"><w type="PPS">He</w> <w type="VBD">wanted</w> <w type="TO">to</w> <w type="VB">buy</w> <w type="NN">time</w> <w type="TO">to</w> <w type="VB">strengthen</w> <w type="AT">the</w> <w type="NP">U.</w> <w type="NP">S.</w> <w type="CC">and</w> <w type="PPg">its</w> <w type="NNS">allies</w> <w type="CC">and</w> <w type="TO">to</w> <w type="VB">define</w> <w type="CC">and</w> <w type="VB">begin</w> <w type="TO">to</w> <w type="VB">implement</w> <w type="PPg">his</w> <w type="JJ">foreign</w> <w type="NN">policy</w> <c type="pct">.</c> </s>
</p>
<p><s n="8"><w type="AP">Last</w> <w type="NR">Friday</w> <w type="AT">the</w> <w type="JJ" subtype="TL">White</w> <w type="NN" subtype="TL">House</w> <w type="VBD">announced</w> <c type="pct">:</c> </s>
</p>
<p><s n="9"><w type="NN" subtype="TL">President</w> <w type="NP">Kennedy</w> <w type="MD">will</w> <w type="VB">meet</w> <w type="IN">with</w> <w type="NN" subtype="TL">Soviet</w> <w type="NN" subtype="TL">Premier</w> <w type="NP">Nikita</w> <w type="NP">S.</w> <w type="NP">Khrushchev</w> <w type="IN">in</w> <w type="NP">Vienna</w> <w type="NP">June</w> <w type="CD">3</w> <w type="CC">and</w> <w type="CD">4</w> <c type="pct">.</c> </s>
</p>
<p><s n="10"><w type="AT">The</w> <w type="NN">announcement</w> <w type="VBD">came</w> <w type="IN">after</w> <w type="AT">a</w> <w type="NN">period</w> <w type="IN">of</w> <w type="JJ">sharp</w> <w type="NN">deterioration</w> <w type="IN">in</w> <w type="JJ" subtype="TL">East-West</w> <w type="NNS">relations</w> <c type="pct">.</c> </s>
<s n="11"><w type="AT">The</w> <w type="VBN">heightened</w> <w type="NN">tension</w> <c type="pct">,</c> <w type="IN">in</w> <w type="NN">fact</w> <c type="pct">,</c> <w type="HVD">had</w> <w type="BEN">been</w> <w type="AT">a</w> <w type="JJ">major</w> <w type="NN">factor</w> <w type="IN">in</w> <w type="AT">the</w> <w type="NNg" subtype="TL">President's</w> <w type="NN">change</w> <w type="IN">of</w> <w type="NN">view</w> <w type="IN">about</w> <w type="AT">the</w> <w type="NN">urgency</w> <w type="IN">of</w> <w type="AT">a</w> <w type="NN">meeting</w> <w type="IN">with</w> <w type="AT">the</w> <w type="NN" subtype="TL">Soviet</w> <w type="NN">leader</w> <c type="pct">.</c> </s>
<s n="12"><w type="PPS">He</w> <w type="BEDZ">was</w> <w type="NEG">not</w> <w type="VBG">going</w> <w type="IN">to</w> <w type="NP">Vienna</w> <w type="TO">to</w> <w type="VB">negotiate</w> <c type="pct">--</c> <w type="AT">the</w> <w type="JJ">simultaneous</w> <w type="NNS">announcements</w> <w type="IN">in</w> <w type="NP">Washington</w> <w type="CC">and</w> <w type="NP">Moscow</w> <w type="AP">last</w> <w type="NN">week</w> <w type="VBD">stressed</w> <w type="CS">that</w> <w type="AT">no</w> <w type="JJ">formal</w> <w type="NNS">negotiations</w> <w type="BED">were</w> <w type="VBN">planned</w> <c type="pct">.</c> </s>
<s n="13"><w type="CC">But</w> <w type="NP">Mr.</w> <w type="NP">Kennedy</w> <w type="HVD">had</w> <w type="VBN">become</w> <w type="VBN">convinced</w> <w type="CS">that</w> <w type="AT">a</w> <w type="JJ">personal</w> <w type="NN">confrontation</w> <w type="IN">with</w> <w type="NP">Mr.</w> <w type="NP">Khrushchev</w> <w type="MD">might</w> <w type="BE">be</w> <w type="AT">the</w> <w type="AP">only</w> <w type="NN">way</w> <w type="TO">to</w> <w type="VB">prevent</w> <w type="NN">catastrophe</w> <c type="pct">.</c> </s>
</p>
<p><s n="14"><w type="DT">That</w> <w type="NN">objective</w> <w type="VBD">set</w> <w type="AT">the</w> <w type="JJ">high</w> <w type="NNS">stakes</w> <w type="CC">and</w> <w type="NN">drama</w> <w type="IN">of</w> <w type="AT">the</w> <w type="NP">Vienna</w> <w type="NN">meeting</w> <c type="pct">.</c> </s>
<s n="15"><w type="IN">Despite</w> <w type="NNS">efforts</w> <w type="IN">by</w> <w type="NP">Washington</w> <w type="AP">last</w> <w type="NN">week</w> <w type="TO">to</w> <w type="VB">play</w> <w type="RP">down</w> <w type="AT">the</w> <w type="NN">significance</w> <w type="IN">of</w> <w type="AT">the</w> <w type="NN">meeting</w> <c type="pct">,</c> <w type="PPS">it</w> <w type="RB">clearly</w> <w type="BEDZ">was</w> <w type="VBG">going</w> <w type="TO">to</w> <w type="BE">be</w> <w type="CD">one</w> <w type="IN">of</w> <w type="AT">the</w> <w type="JJ">crucial</w> <w type="NNS">encounters</w> <w type="IN">of</w> <w type="AT">the</w> <w type="JJ">cold</w> <w type="NN">war</w> <c type="pct">.</c> </s>
</p>
<p><s n="16"><w type="NN" subtype="HL">Road</w> <w type="IN" subtype="HL">to</w> <w type="NP" subtype="HL">Vienna</w> </s>
<s n="17"><w type="AT">The</w> <w type="NP">U.</w> <w type="NP">S.</w> <w type="CC">and</w> <w type="NN" subtype="TL">Soviet</w> <w type="NNS">heads</w> <w type="IN">of</w> <w type="NN" subtype="TL">Government</w> <w type="HV">have</w> <w type="VBN">met</w> <w type="CD">three</w> <w type="NNS">times</w> <w type="CS">since</w> <w type="NP">Sir</w> <w type="NP">Winston</w> <w type="NP">Churchill</w> <w type="IN">in</w> <w type="CD">1953</w> <w type="VBD">introduced</w> <w type="AT">a</w> <w type="JJ">new</w> <w type="NN">word</w> <w type="IN">into</w> <w type="JJ">international</w> <w type="NN">diplomacy</w> <w type="IN">with</w> <w type="PPg">his</w> <w type="NN">call</w> <w type="IN">for</w> <w type="AT">a</w> <w type="JJ">fresh</w> <w type="NN">approach</w> <w type="IN">to</w> <w type="AT">the</w> <w type="NN">problem</w> <w type="IN">of</w> <w type="NN">peace</w> <c type="pct">``</c> <w type="IN">at</w> <w type="AT">the</w> <w type="NN">summit</w> <w type="IN">of</w> <w type="AT">the</w> <w type="NNS">nations</w> <c type="pct">''</c> <c type="pct">.</c> </s>
</p>
<p><s n="18"><w type="AT">The</w> <w type="OD">first</w> <w type="NN">time</w> <w type="BEDZ">was</w> <w type="IN">in</w> <w type="CD">1955</w> <w type="WRB">when</w> <w type="AT">a</w> <w type="NN">full-dress</w> <w type="JJ" subtype="TL">Big</w> <w type="CD" subtype="TL">Four</w> <w type="NN">summit</w> <w type="NN">meeting</w> <w type="VBD">produced</w> <w type="AT">the</w> <c type="pct">``</c> <w type="NN">spirit</w> <w type="IN">of</w> <w type="NP">Geneva</w> <c type="pct">''</c> <c type="pct">.</c> </s>
<s n="19"><w type="AT">The</w> <w type="NN">spirit</w> <w type="VBD">served</w> <w type="RB">chiefly</w> <w type="TO">to</w> <w type="VB">lull</w> <w type="AT">the</w> <w type="NR" subtype="TL">West</w> <w type="CS">while</w> <w type="NP">Moscow</w> <w type="VBD">made</w> <w type="NNS">inroads</w> <w type="IN">into</w> <w type="AT">the</w> <w type="JJ" subtype="TL">Middle</w> <w type="NR" subtype="TL">East</w> <c type="pct">.</c> </s>
</p>
<p><s n="20"><w type="IN">In</w> <w type="CD">1959</w> <w type="NN" subtype="TL">President</w> <w type="NP">Eisenhower</w> <w type="CC">and</w> <w type="NN" subtype="TL">Premier</w> <w type="NP">Khrushchev</w> <w type="VBD">held</w> <w type="AT">an</w> <w type="JJ">informal</w> <w type="NN">session</w> <w type="IN">in</w> <w type="AT">the</w> <w type="NP">U.</w> <w type="NP">S.</w> <c type="pct">.</c> </s>
<s n="21"><w type="DT">That</w> <w type="NN">meeting</w> <w type="VBD">produced</w> <w type="AT">the</w> <c type="pct">``</c> <w type="NN">spirit</w> <w type="IN">of</w> <w type="NN" subtype="TL">Camp</w> <w type="NP" subtype="TL">David</w> <c type="pct">''</c> <c type="pct">--</c> <w type="AT">a</w> <w type="NN">spirit</w> <c type="pct">,</c> <w type="PPS">it</w> <w type="RBR">later</w> <w type="VBD">turned</w> <w type="RP">out</w> <c type="pct">,</c> <w type="WPS">that</w> <w type="VBD">masked</w> <w type="AT">a</w> <w type="JJ">basic</w> <w type="NN">misunderstanding</w> <w type="IN">about</w> <w type="NN">progress</w> <w type="IN">toward</w> <w type="AT">a</w> <w type="NP">Berlin</w> <w type="NN">settlement</w> <c type="pct">.</c> </s>
</p>
<p><s n="22"><w type="IN">On</w> <w type="AT">the</w> <w type="OD">third</w> <w type="NN">occasion</w> <c type="pct">--</c> <w type="DT">another</w> <w type="JJ" subtype="TL">Big</w> <w type="CD" subtype="TL">Four</w> <w type="NN">summit</w> <w type="NN">session</w> <w type="IN">at</w> <w type="NP">Paris</w> <w type="AT">a</w> <w type="NN">year</w> <w type="RB">ago</w> <c type="pct">--</c> <w type="EX">there</w> <w type="BEDZ">was</w> <w type="AT">no</w> <w type="NN">problem</w> <w type="IN">of</w> <w type="AT">an</w> <w type="JJ">illusory</w> <c type="pct">``</c> <w type="NN">spirit</w> <c type="pct">''</c> <c type="pct">.</c> </s>
<s n="23"><w type="NN" subtype="TL">Premier</w> <w type="NP">Khrushchev</w> <w type="VBD">wrecked</w> <w type="AT">the</w> <w type="NN">conference</w> <w type="IN">at</w> <w type="PPg">its</w> <w type="JJ">initial</w> <w type="NN">session</w> <w type="IN">with</w> <w type="AT">a</w> <w type="JJ">bitter</w> <w type="NN">denunciation</w> <w type="IN">of</w> <w type="AT">the</w> <w type="NP">U.</w> <w type="NP">S.</w> <w type="IN">for</w> <w type="AT">the</w> <w type="NN">U-2</w> <w type="NN">incident</w> <c type="pct">.</c> </s>
<s n="24"><w type="AT">The</w> <w type="NN">episode</w> <w type="VBD">tended</w> <w type="TO">to</w> <w type="VB">confirm</w> <w type="AT">the</w> <w type="NP">U.</w> <w type="NP">S.</w> <w type="NN">belief</w> <w type="CS">that</w> <w type="NN">propaganda</w> <c type="pct">,</c> <w type="AT">the</w> <w type="NN">hope</w> <w type="IN">of</w> <w type="JJ">one-sided</w> <w type="NNS">concessions</w> <c type="pct">,</c> <w type="CC">and</w> <w type="AT">the</w> <w type="NN">chance</w> <w type="TO">to</w> <w type="VB">split</w> <w type="AT">the</w> <w type="NNS" subtype="TL">Allies</w> <c type="pct">,</c> <w type="IN">rather</w> <w type="IN">than</w> <w type="JJ">genuine</w> <w type="NN">negotiation</w> <c type="pct">,</c> <w type="BED">were</w> <w type="AT">the</w> <w type="NN" subtype="TL">Soviet</w> <w type="NNg">leader's</w> <w type="JJ">real</w> <w type="NNS">aims</w> <w type="IN">in</w> <w type="NN">summitry</w> <c type="pct">.</c> </s>
</p>
<p><s n="25"><w type="JJ" subtype="HL">Pre-inaugural</w> <w type="NN" subtype="HL">position</w> </s>
<s n="26"><w type="RB">Thus</w> <w type="WRB">when</w> <w type="NN" subtype="TL">Premier</w> <w type="NP">Khrushchev</w> <w type="VBD">intimated</w> <w type="RB">even</w> <w type="IN">before</w> <w type="NN">inauguration</w> <w type="CS">that</w> <w type="PPS">he</w> <w type="VBD">hoped</w> <w type="IN">for</w> <w type="AT">an</w> <w type="JJ">early</w> <w type="NN">meeting</w> <w type="IN">with</w> <w type="AT">the</w> <w type="JJ">new</w> <w type="NN" subtype="TL">President</w> <c type="pct">,</c> <w type="NP">Mr.</w> <w type="NP">Kennedy</w> <w type="BEDZ">was</w> <w type="VBN">confronted</w> <w type="IN">with</w> <w type="AT">a</w> <w type="JJ">delicate</w> <w type="NN">problem</w> <c type="pct">.</c> </s>
<s n="27"><w type="RB">Shortly</w> <w type="IN">before</w> <w type="PPg">his</w> <w type="NN">nomination</w> <w type="PPS">he</w> <w type="HVD">had</w> <w type="VBN">set</w> <w type="RB">forth</w> <w type="PPg">his</w> <w type="JJ">basic</w> <w type="NN">view</w> <w type="IN">about</w> <w type="AT">the</w> <w type="NN">problem</w> <w type="IN">of</w> <w type="NNS">negotiations</w> <w type="IN">with</w> <w type="AT">the</w> <w type="NN" subtype="TL">Soviet</w> <w type="NN">leader</w> <w type="IN">in</w> <w type="DTS">these</w> <w type="NNS">words</w> <c type="pct">:</c> </s>
</p>
<p><s n="28"><c type="pct">``</c> <w type="QL">As</w> <w type="RB">long</w> <w type="CS">as</w> <w type="NP">Mr.</w> <w type="NP">Khrushchev</w> <w type="BEZ">is</w> <w type="VBN">convinced</w> <w type="CS">that</w> <w type="AT">the</w> <w type="NN">balance</w> <w type="IN">of</w> <w type="NN">world</w> <w type="NN">power</w> <w type="BEZ">is</w> <w type="VBG">shifting</w> <w type="PPg">his</w> <w type="NN">way</w> <c type="pct">,</c> <w type="AT">no</w> <w type="NN">amount</w> <w type="IN">of</w> <w type="CC">either</w> <w type="NNS">smiles</w> <w type="CC">or</w> <w type="NN">toughness</w> <c type="pct">,</c> <w type="CC">neither</w> <w type="NN" subtype="TL">Camp</w> <w type="NP" subtype="TL">David</w> <w type="NNS">talks</w> <w type="CC">nor</w> <w type="NN">kitchen</w> <w type="NNS">debates</w> <c type="pct">,</c> <w type="MD">can</w> <w type="VB">compel</w> <w type="PPO">him</w> <w type="TO">to</w> <w type="VB">enter</w> <w type="JJ">fruitful</w> <w type="NNS">negotiations</w> <c type="pct">''</c> <c type="pct">.</c> </s>
</p>
<p><s n="29"><w type="AT">The</w> <w type="NN" subtype="TL">President</w> <w type="HVD">had</w> <w type="VBN">set</w> <w type="IN">for</w> <w type="PPL">himself</w> <w type="AT">the</w> <w type="NN">task</w> <c type="pct">,</c> <w type="WDT">which</w> <w type="PPS">he</w> <w type="VBD">believed</w> <w type="JJ">vital</w> <c type="pct">,</c> <w type="IN">of</w> <w type="VBG">awakening</w> <w type="AT">the</w> <w type="NP">U.</w> <w type="NP">S.</w> <w type="CC">and</w> <w type="PPg">its</w> <w type="NNS">allies</w> <w type="IN">to</w> <w type="AT">the</w> <w type="JJ">hard</w> <w type="CC">and</w> <w type="NN">complex</w> <w type="NN">effort</w> <w type="JJ">necessary</w> <w type="TO">to</w> <w type="VB">shift</w> <w type="DT">that</w> <w type="NN">balance</w> <c type="pct">.</c> </s>
<s n="30"><w type="PPS">He</w> <w type="DOD">did</w> <w type="NEG">not</w> <w type="VB">want</w> <w type="AT">the</w> <w type="NN">effort</w> <w type="VBN">weakened</w> <w type="IN">by</w> <w type="DTI">any</w> <w type="NN">illusion</w> <w type="CS">that</w> <w type="NN">summit</w> <w type="NN">magic</w> <w type="MD">might</w> <w type="VB">make</w> <w type="PPO">it</w> <w type="JJ">unnecessary</w> <c type="pct">.</c> </s>
<s n="31"><w type="PPS">He</w> <w type="VBD">wanted</w> <w type="NN">time</w> <c type="pct">,</c> <w type="RB">too</w> <c type="pct">,</c> <w type="TO">to</w> <w type="VB">review</w> <w type="AT">the</w> <w type="VBN" subtype="TL">United</w> <w type="NNSg" subtype="TL">States'</w> <w type="JJ">global</w> <w type="NNS">commitments</w> <w type="CC">and</w> <w type="TO">to</w> <w type="VB">test</w> <w type="ABX">both</w> <w type="AT">the</w> <w type="NNS">policies</w> <w type="PPS">he</w> <w type="HVD">had</w> <w type="VBN">inherited</w> <w type="CC">and</w> <w type="JJ">new</w> <w type="NNS">ones</w> <w type="PPS">he</w> <w type="BEDZ">was</w> <w type="VBG">formulating</w> <c type="pct">.</c> </s>
<s n="32"><w type="IN">Above</w> <w type="ABN">all</w> <c type="pct">,</c> <w type="PPS">he</w> <w type="DOD">did</w> <w type="NEG">not</w> <w type="VB">want</w> <w type="TO">to</w> <w type="VB">appear</w> <w type="TO">to</w> <w type="BE">be</w> <w type="VBG">running</w> <w type="NN">hat</w> <w type="IN">in</w> <w type="NN">hand</w> <w type="IN">to</w> <w type="NN" subtype="TL">Premier</w> <w type="NPg">Khrushchev's</w> <w type="NN">doorstep</w> <c type="pct">.</c> </s>
</p>
<p><s n="33"><w type="NN" subtype="HL">Attitude</w> <w type="JJ" subtype="HL">flexible</w> </s>
<s n="34"><w type="IN">At</w> <w type="AT">the</w> <w type="AP">same</w> <w type="NN">time</w> <w type="AT">the</w> <w type="NN" subtype="TL">President</w> <w type="VBD">took</w> <w type="NNS">pains</w> <w type="NEG">not</w> <w type="TO">to</w> <w type="VB">rule</w> <w type="RP">out</w> <w type="AT">an</w> <w type="JJ">eventual</w> <w type="NN">meeting</w> <w type="IN">with</w> <w type="AT">the</w> <w type="NN" subtype="TL">Soviet</w> <w type="NN">leader</w> <c type="pct">.</c> </s>
<s n="35"><w type="RB">Ideally</w> <c type="pct">,</c> <w type="PPS">he</w> <w type="VBD">knew</w> <c type="pct">,</c> <w type="PPS">it</w> <w type="MD">should</w> <w type="BE">be</w> <w type="VBN">preceded</w> <w type="IN">by</w> <w type="JJ">concrete</w> <w type="NN">progress</w> <w type="IN">at</w> <w type="JJR">lower</w> <w type="NNS">levels</w> <c type="pct">.</c> </s>
<s n="36"><w type="CC">But</w> <w type="NP">Mr.</w> <w type="NP">Kennedy</w> <w type="VBD">saw</w> <w type="NN">value</w> <w type="RB">even</w> <w type="IN">in</w> <w type="AT">an</w> <w type="JJ">informal</w> <w type="NN">meeting</w> <c type="pct">,</c> <w type="VBN">provided</w> <w type="CS">that</w> <w type="JJ">undue</w> <w type="NNS">hopes</w> <w type="BED">were</w> <w type="NEG">not</w> <w type="VBN">raised</w> <w type="IN">in</w> <w type="NN">connection</w> <w type="IN">with</w> <w type="PPO">it</w> <c type="pct">.</c> </s>
<s n="37"><w type="PPS">It</w> <w type="MD">would</w> <w type="VB">give</w> <w type="PPO">him</w> <w type="AT">an</w> <w type="NN">opportunity</w> <w type="TO">to</w> <w type="VB">take</w> <w type="AT">the</w> <w type="NN">measure</w> <w type="IN">of</w> <w type="PPg">his</w> <w type="JJS">chief</w> <w type="NN">adversary</w> <w type="IN">in</w> <w type="AT">the</w> <w type="JJ">cold</w> <w type="NN">war</w> <c type="pct">,</c> <w type="TO">to</w> <w type="VB">try</w> <w type="TO">to</w> <w type="VB">probe</w> <w type="NP">Mr.</w> <w type="NPg">Khrushchev's</w> <w type="NNS">intentions</w> <w type="CC">and</w> <w type="TO">to</w> <w type="VB">make</w> <w type="JJ">clear</w> <w type="PPg">his</w> <w type="JJ">own</w> <w type="NNS">views</w> <c type="pct">.</c> </s>
<s n="38"><w type="RB">Moreover</w> <c type="pct">,</c> <w type="AT">an</w> <w type="JJ">eventual</w> <w type="NN">meeting</w> <w type="BEDZ">was</w> <w type="JJ">desirable</w> <w type="CS">if</w> <w type="IN">for</w> <w type="AT">no</w> <w type="AP">other</w> <w type="NN">reason</w> <w type="CS">than</w> <w type="TO">to</w> <w type="VB">satisfy</w> <w type="NN">world</w> <w type="NN">opinion</w> <w type="CS">that</w> <w type="AT">the</w> <w type="NP">U.</w> <w type="NP">S.</w> <w type="BEDZ">was</w> <w type="NEG">not</w> <w type="JJ">inflexible</w> <w type="CC">and</w> <w type="BEDZ">was</w> <w type="VBG">sparing</w> <w type="AT">no</w> <w type="NN">effort</w> <w type="TO">to</w> <w type="VB">ease</w> <w type="JJ">international</w> <w type="NNS">tensions</w> <c type="pct">.</c> </s>
</p>
<p><s n="39"><w type="ABX">Both</w> <w type="NNS">elements</w> <c type="pct">--</c> <w type="AT">the</w> <w type="NN">caution</w> <w type="IN">about</w> <w type="AT">a</w> <w type="NN">meeting</w> <c type="pct">,</c> <w type="AT">the</w> <w type="NN">willingness</w> <w type="RB">eventually</w> <w type="TO">to</w> <w type="VB">hold</w> <w type="CD">one</w> <c type="pct">--</c> <w type="BED">were</w> <w type="VBN">reflected</w> <w type="IN">in</w> <w type="AT">a</w> <w type="NN">letter</w> <w type="IN">from</w> <w type="AT">the</w> <w type="NN" subtype="TL">President</w> <w type="WDT">which</w> <w type="NN" subtype="TL">Ambassador</w> <w type="NP">Llewellyn</w> <w type="NP">E.</w> <w type="NP">Thompson</w> <w type="VBD">brought</w> <w type="RB">back</w> <w type="IN">to</w> <w type="NP">Russia</w> <w type="RB">late</w> <w type="IN">in</w> <w type="NP">February</w> <c type="pct">.</c> </s>
<s n="40"><w type="AT">The</w> <w type="NN">letter</w> <c type="pct">,</c> <w type="VBN">dated</w> <w type="NP">Feb.</w> <w type="CD">22</w> <c type="pct">,</c> <w type="BEDZ">was</w> <w type="VBN">delivered</w> <w type="IN">to</w> <w type="NN" subtype="TL">Premier</w> <w type="NP">Khrushchev</w> <w type="IN">in</w> <w type="NP">Novosibirsk</w> <c type="pct">,</c> <w type="NP">Siberia</w> <c type="pct">,</c> <w type="IN">on</w> <w type="NP">March</w> <w type="CD">9</w> <c type="pct">.</c> </s>
<s n="41"><w type="PPS">It</w> <w type="VBD">dealt</w> <w type="RB">mainly</w> <w type="IN">with</w> <w type="AT">a</w> <w type="JJ">broad</w> <w type="NN">range</w> <w type="IN">of</w> <w type="JJ" subtype="TL">East-West</w> <w type="NNS">issues</w> <c type="pct">.</c> </s>
<s n="42"><w type="CC">But</w> <w type="PPS">it</w> <w type="RB">also</w> <w type="RB">briefly</w> <w type="VBD">suggested</w> <w type="AT">the</w> <w type="NN">possibility</w> <w type="IN">of</w> <w type="AT">a</w> <w type="NN">meeting</w> <w type="IN">with</w> <w type="NP">Mr.</w> <w type="NP">Khrushchev</w> <w type="IN">before</w> <w type="AT">the</w> <w type="NN">end</w> <w type="IN">of</w> <w type="AT">the</w> <w type="NN">year</w> <w type="CS">if</w> <w type="AT">the</w> <w type="JJ">international</w> <w type="NN">climate</w> <w type="BED">were</w> <w type="JJ">favorable</w> <w type="CC">and</w> <w type="NNS">schedules</w> <w type="VBD">permitted</w> <c type="pct">.</c> </s>
</p>
<p><s n="43"><w type="NNS">Developments</w> <w type="IN">over</w> <w type="AT">the</w> <w type="AP">next</w> <w type="CD">two</w> <w type="NNS">months</w> <c type="pct">,</c> <w type="WRB">however</w> <c type="pct">,</c> <w type="VBD">caused</w> <w type="AT">the</w> <w type="NN" subtype="TL">President</w> <w type="TO">to</w> <w type="VB">reconsider</w> <w type="AT">the</w> <w type="NN">question</w> <w type="IN">of</w> <w type="AT">the</w> <w type="NN">timing</w> <c type="pct">.</c> </s>
<s n="44"><w type="EX">There</w> <w type="BED">were</w> <w type="JJ">intense</w> <w type="NNS">discussions</w> <w type="IN">in</w> <w type="AT">the</w> <w type="JJ">inner</w> <w type="NNS">councils</w> <w type="IN">of</w> <w type="AT">the</w> <w type="JJ" subtype="TL">White</w> <w type="NN" subtype="TL">House</w> <w type="IN">about</w> <w type="AT">the</w> <w type="NN">advisability</w> <w type="IN">of</w> <w type="AT">an</w> <w type="JJ">early</w> <w type="NN">meeting</w> <c type="pct">,</c> <w type="NEG">not</w> <w type="CS">because</w> <w type="AT">the</w> <w type="JJ">international</w> <w type="NN">climate</w> <w type="BEDZ">was</w> <w type="VBG">improving</w> <c type="pct">,</c> <w type="CC">but</w> <w type="RB">precisely</w> <w type="CS">because</w> <w type="PPS">it</w> <w type="BEDZ">was</w> <w type="VBG">deteriorating</w> <w type="RB">alarmingly</w> <c type="pct">.</c> </s>
</p>
<p><s n="45"><w type="NN" subtype="HL">Deadlock</w> <w type="IN" subtype="HL">on</w> <w type="NNS" subtype="HL">tests</w> </s>
<s n="46"><w type="AT">The</w> <w type="NN" subtype="TL">President</w> <w type="BEDZ">was</w> <w type="RB">especially</w> <w type="VBN">concerned</w> <w type="IN">about</w> <w type="AT">the</w> <w type="NN">deadlock</w> <w type="IN">in</w> <w type="AT">the</w> <w type="JJ">nuclear</w> <w type="NN">test</w> <w type="NN">ban</w> <w type="NNS">negotiations</w> <w type="IN">at</w> <w type="NP">Geneva</w> <c type="pct">.</c> </s>
<s n="47"><w type="AT">The</w> <w type="NN">deadlock</w> <w type="HVZ">has</w> <w type="BEN">been</w> <w type="VBN">caused</w> <w type="IN">by</w> <w type="AT">the</w> <w type="NPSg">Russians'</w> <w type="JJ">new</w> <w type="NN">demand</w> <w type="IN">for</w> <w type="AT">a</w> <w type="JJ">three-man</w> <c type="pct">(</c> <w type="NR" subtype="TL">East</w> <c type="pct">,</c> <w type="JJ" subtype="TL">West</w> <w type="CC">and</w> <w type="JJ">neutral</w> <c type="pct">)</c> <w type="NN">directorate</w> <c type="pct">,</c> <w type="CC">and</w> <w type="RB">thus</w> <w type="AT">a</w> <w type="NN">veto</w> <c type="pct">,</c> <w type="IN">over</w> <w type="AT">the</w> <w type="NN">control</w> <w type="NN">machinery</w> <c type="pct">.</c> </s>
<s n="48"><w type="IN">In</w> <w type="AT">the</w> <w type="NP">U.</w> <w type="NP">S.</w> <c type="pct">,</c> <w type="JJ">strong</w> <w type="NNS">pressures</w> <w type="HV">have</w> <w type="BEN">been</w> <w type="VBG">building</w> <w type="RP">up</w> <w type="IN">for</w> <w type="AT">a</w> <w type="NN">resumption</w> <w type="IN">of</w> <w type="NNS">tests</w> <w type="IN">on</w> <w type="NNS">grounds</w> <w type="CS">that</w> <w type="AT">the</w> <w type="NPS">Russians</w> <w type="MD">may</w> <w type="BE">be</w> <w type="RB">secretly</w> <w type="VBG">testing</w> <c type="pct">.</c> </s>
</p>
<p><s n="49"><w type="NP">Mr.</w> <w type="NP">Kennedy</w> <w type="BEDZ">was</w> <w type="QL">less</w> <w type="VBN">troubled</w> <w type="IN">by</w> <w type="DT">that</w> <w type="NN">possibility</w> <w type="CS">than</w> <w type="IN">by</w> <w type="AT">the</w> <w type="NN">belief</w> <w type="CS">that</w> <w type="AT">a</w> <w type="NP">Geneva</w> <w type="NN">breakdown</w> <c type="pct">,</c> <w type="CC">or</w> <w type="RB">even</w> <w type="VBN">continued</w> <w type="NN">stalemate</w> <c type="pct">,</c> <w type="MD">would</w> <w type="VB">mean</w> <w type="AT">an</w> <w type="JJ">unchecked</w> <w type="NN">spread</w> <w type="IN">of</w> <w type="JJ">nuclear</w> <w type="NNS">weapons</w> <w type="IN">to</w> <w type="AP">other</w> <w type="NNS">countries</w> <w type="QL">as</w> <w type="RB">well</w> <w type="CS">as</w> <w type="AT">a</w> <w type="JJ">fatal</w> <w type="NN">blow</w> <w type="IN">to</w> <w type="DTI">any</w> <w type="NN">hope</w> <w type="IN">for</w> <w type="NN">disarmament</w> <c type="pct">.</c> </s>
<s n="50"><w type="EX">There</w> <w type="BEDZ">was</w> <w type="NN">reason</w> <w type="TO">to</w> <w type="VB">believe</w> <w type="CS">that</w> <w type="NN" subtype="TL">Premier</w> <w type="NP">Khrushchev</w> <w type="BEDZ">was</w> <w type="RB">also</w> <w type="VBN">concerned</w> <w type="IN">about</w> <w type="AT">a</w> <w type="JJ">possible</w> <w type="NN">spread</w> <w type="IN">of</w> <w type="JJ">nuclear</w> <w type="NNS">weapons</w> <c type="pct">,</c> <w type="RB">particularly</w> <w type="IN">to</w> <w type="NN" subtype="TL">Communist</w> <w type="NP">China</w> <c type="pct">.</c> </s>
<s n="51"><w type="AT">The</w> <w type="NN">question</w> <w type="VBD">arose</w> <w type="IN">as</w> <w type="IN">to</w> <w type="CS">whether</w> <w type="AT">a</w> <w type="JJ">frank</w> <w type="NN">discussion</w> <w type="IN">of</w> <w type="DT">that</w> <w type="NN">danger</w> <w type="IN">with</w> <w type="AT">the</w> <w type="NN" subtype="TL">Soviet</w> <w type="NN">leader</w> <w type="HVD">had</w> <w type="NEG">not</w> <w type="VBN">become</w> <w type="JJ">urgent</w> <c type="pct">.</c> </s>
<s n="52"><w type="RB">Moreover</w> <c type="pct">,</c> <w type="NP">Moscow</w> <w type="VBD">appeared</w> <w type="VBN">determined</w> <w type="TO">to</w> <w type="VB">apply</w> <w type="AT">the</w> <w type="JJ">tripartite</w> <w type="NN">veto</w> <w type="NN">principle</w> <w type="IN">to</w> <w type="AT">the</w> <w type="NN">executive</w> <w type="NNS">organs</w> <w type="IN">of</w> <w type="ABN">all</w> <w type="JJ">international</w> <w type="NNS">bodies</w> <c type="pct">,</c> <w type="IN">including</w> <w type="AT">the</w> <w type="NP">U.</w> <w type="NP">N.</w> <w type="NN" subtype="TL">Secretariat</w> <w type="CC">and</w> <w type="AT">the</w> <w type="JJ" subtype="TL">International</w> <w type="NN" subtype="TL">Control</w> <w type="NN" subtype="TL">Commission</w> <w type="IN" subtype="TL">for</w> <w type="NP" subtype="TL">Laos</w> <c type="pct">.</c> </s>
<s n="53"><w type="NP">Mr.</w> <w type="NP">Kennedy</w> <w type="BEDZ">was</w> <w type="VBN">convinced</w> <w type="DT">that</w> <w type="NN">insistence</w> <w type="IN">on</w> <w type="AT">the</w> <w type="NN">demand</w> <w type="MD">would</w> <w type="VB">make</w> <w type="JJ">international</w> <w type="NNS">agreements</w> <c type="pct">,</c> <w type="CC">or</w> <w type="RB">even</w> <w type="NNS">negotiations</w> <c type="pct">,</c> <w type="JJ">impossible</w> <c type="pct">.</c> </s>
</p>
<p><s n="54"><w type="NNS">Developments</w> <w type="IN">in</w> <w type="NP">Cuba</w> <w type="CC">and</w> <w type="NP">Laos</w> <w type="RB">also</w> <w type="JJ">suggested</w> <w type="AT">the</w> <w type="NN">advisability</w> <w type="IN">of</w> <w type="AT">an</w> <w type="JJ">early</w> <w type="NN">summit</w> <w type="NN">meeting</w> <c type="pct">.</c> </s>
<s n="55"><w type="RB">Initially</w> <w type="AT">the</w> <w type="JJ" subtype="TL">White</w> <w type="NN" subtype="TL">House</w> <w type="NN">reaction</w> <w type="BEDZ">was</w> <w type="CS">that</w> <w type="AT">the</w> <w type="JJ">bitter</w> <w type="NNS">exchanges</w> <w type="IN">with</w> <w type="NP">Moscow</w> <w type="IN">over</w> <w type="NP">Cuba</w> <w type="CC">and</w> <w type="AT">the</w> <w type="NN">conflict</w> <w type="IN">in</w> <w type="NP">Laos</w> <w type="HVD">had</w> <w type="VBN">dampened</w> <w type="NNS">prospects</w> <w type="IN">for</w> <w type="AT">a</w> <w type="NN">meeting</w> <c type="pct">.</c> </s>
<s n="56"><w type="IN">At</w> <w type="AT">the</w> <w type="AP">same</w> <w type="NN">time</w> <c type="pct">,</c> <w type="EX">there</w> <w type="BEDZ">was</w> <w type="VBN">increased</w> <w type="NN">reason</w> <w type="IN">for</w> <w type="AT">a</w> <w type="JJ">quick</w> <w type="NN">meeting</w> <w type="CS">lest</w> <w type="AT">the</w> <w type="NN" subtype="TL">Soviet</w> <w type="NN">leader</w> <c type="pct">,</c> <w type="CS">as</w> <w type="AT">a</w> <w type="NN">result</w> <w type="IN">of</w> <w type="DTS">those</w> <w type="NNS">episodes</w> <c type="pct">,</c> <w type="VB">come</w> <w type="IN">to</w> <w type="AT">a</w> <w type="RB">dangerously</w> <w type="JJ">erroneous</w> <w type="NN">conclusion</w> <w type="IN">about</w> <w type="AT">the</w> <w type="NRg" subtype="TL">West's</w> <w type="NN">ability</w> <w type="CC">and</w> <w type="NN">determination</w> <w type="TO">to</w> <w type="VB">resist</w> <w type="NN" subtype="TL">Communist</w> <w type="NN">pressure</w> <c type="pct">.</c> </s>
</p>
<p><s n="57"><w type="IN">In</w> <w type="NP">Cuba</w> <c type="pct">,</c> <w type="AT">the</w> <w type="NP">U.</w> <w type="NP">S.</w> <w type="HVD">had</w> <w type="VBN">blundered</w> <w type="RB">badly</w> <w type="CC">and</w> <w type="VBN">created</w> <w type="AT">the</w> <w type="NN">impression</w> <w type="IN">of</w> <w type="NN">impotency</w> <w type="IN">against</w> <w type="NN" subtype="TL">Communist</w> <w type="NN">penetration</w> <w type="RB">even</w> <w type="IN">on</w> <w type="PPg">its</w> <w type="JJ">own</w> <w type="NN">doorstep</w> <c type="pct">.</c> </s>
<s n="58"><w type="IN">In</w> <w type="NP">Laos</w> <c type="pct">,</c> <w type="AT">the</w> <w type="NN">picture</w> <w type="BEDZ">was</w> <w type="QL">almost</w> <w type="QL">equally</w> <w type="JJ">bad</w> <c type="pct">.</c> </s>
<s n="59"><w type="NP">U.</w> <w type="NP">S.</w> <w type="NN">willingness</w> <w type="TO">to</w> <w type="VB">accept</w> <w type="AT">a</w> <w type="JJ">neutral</w> <w type="NP">Laos</w> <w type="MD">may</w> <w type="HV">have</w> <w type="VBN">led</w> <w type="NN" subtype="TL">Premier</w> <w type="NP">Khrushchev</w> <w type="TO">to</w> <w type="VB">believe</w> <w type="CS">that</w> <w type="AP">other</w> <w type="NNS">areas</w> <w type="MD">could</w> <w type="BE">be</w> <c type="pct">``</c> <w type="VBN">neutralized</w> <c type="pct">''</c> <w type="IN">on</w> <w type="NN" subtype="TL">Soviet</w> <w type="NNS">terms</w> <c type="pct">.</c> </s>
<s n="60"><w type="IN">Beyond</w> <w type="DT">that</w> <c type="pct">,</c> <w type="VBN" subtype="TL">Allied</w> <w type="NN">disagreement</w> <w type="IN">about</w> <w type="JJ">military</w> <w type="NN">intervention</w> <w type="IN">in</w> <w type="NP">Laos</w> <c type="pct">--</c> <w type="IN">despite</w> <w type="NNS">warnings</w> <w type="CS">that</w> <w type="PPSS">they</w> <w type="MD">might</w> <w type="DO">do</w> <w type="RB">so</w> <c type="pct">--</c> <w type="VBD">allowed</w> <w type="NP">Moscow</w> <w type="TO">to</w> <w type="VB">carry</w> <w type="RP">out</w> <w type="IN">with</w> <w type="NN">impunity</w> <w type="AT">a</w> <w type="NN">series</w> <w type="IN">of</w> <w type="JJ">military</w> <w type="CC">and</w> <w type="JJ">diplomatic</w> <w type="NNS">moves</w> <w type="WPS">that</w> <w type="RB">greatly</w> <w type="VBD">strengthened</w> <w type="AT">the</w> <w type="JJ">pro-Communist</w> <w type="NNS">forces</w> <c type="pct">.</c> </s>
<s n="61"><w type="CS">As</w> <w type="AT">a</w> <w type="NN">result</w> <c type="pct">,</c> <w type="AT">the</w> <w type="NR" subtype="TL">West</w> <w type="BEZ">is</w> <w type="IN">in</w> <w type="AT">a</w> <w type="JJ">poor</w> <w type="NN">bargaining</w> <w type="NN">position</w> <w type="IN">at</w> <w type="AT">the</w> <w type="JJ">current</w> <w type="NP">Geneva</w> <w type="NNS">negotiations</w> <w type="IN">on</w> <w type="NP">Laos</w> <c type="pct">,</c> <w type="CC">and</w> <w type="JJ" subtype="TL">South</w> <w type="NP" subtype="TL">Vietnam</w> <w type="CC">and</w> <w type="AP">other</w> <w type="NNS">nations</w> <w type="IN">in</w> <w type="JJ" subtype="TL">Southeast</w> <w type="NP" subtype="TL">Asia</w> <w type="BER">are</w> <w type="IN">under</w> <w type="VBN">increased</w> <w type="NN">pressure</w> <c type="pct">.</c> </s>
</p>
<p><s n="62"><w type="IN">In</w> <w type="AT">the</w> <w type="NN">light</w> <w type="IN">of</w> <w type="DTS">those</w> <w type="NNS">events</w> <c type="pct">,</c> <w type="EX">there</w> <w type="VBD">appeared</w> <w type="TO">to</w> <w type="BE">be</w> <w type="AT">a</w> <w type="JJ">real</w> <w type="NN">danger</w> <w type="CS">that</w> <w type="NN" subtype="TL">Premier</w> <w type="NP">Khrushchev</w> <w type="MD">might</w> <w type="VB">overreach</w> <w type="PPL">himself</w> <c type="pct">.</c> </s>
<s n="63"><w type="NN" subtype="TL">Ambassador</w> <w type="NP">Thompson</w> <w type="VBD">reported</w> <w type="IN">from</w> <w type="NP">Moscow</w> <w type="CS">that</w> <w type="AT">the</w> <w type="NN" subtype="TL">Soviet</w> <w type="NNg">leader's</w> <w type="NN">mood</w> <w type="BEDZ">was</w> <w type="JJ">cocky</w> <w type="CC">and</w> <w type="JJ">aggressive</w> <c type="pct">.</c> </s>
<s n="64"><w type="PPS">He</w> <w type="HVZ">has</w> <w type="VBN">indicated</w> <w type="CS">that</w> <w type="PPS">he</w> <w type="VBZ">plans</w> <w type="JJ">new</w> <w type="NNS">moves</w> <w type="IN">on</w> <w type="NP">Berlin</w> <w type="CS">before</w> <w type="AT">the</w> <w type="NN">year</w> <w type="BEZ">is</w> <w type="RP">out</w> <c type="pct">.</c> </s>
<s n="65"><w type="AT">The</w> <w type="NN" subtype="TL">President</w> <w type="CC">and</w> <w type="PPg">his</w> <w type="NNS">advisers</w> <w type="VBD">felt</w> <w type="CS">that</w> <w type="AT">the</w> <w type="NN">time</w> <w type="MD">might</w> <w type="HV">have</w> <w type="VBN">come</w> <w type="TO">to</w> <w type="VB">warn</w> <w type="NN" subtype="TL">Premier</w> <w type="NP">Khrushchev</w> <w type="IN">against</w> <w type="AT">a</w> <w type="JJ">grave</w> <w type="NN">miscalculation</w> <w type="IN">in</w> <w type="NNS">areas</w> <w type="JJ">such</w> <w type="CS">as</w> <w type="NP">Berlin</w> <c type="pct">,</c> <w type="NP">Iran</w> <w type="CC">or</w> <w type="JJ" subtype="TL">Latin</w> <w type="NP" subtype="TL">America</w> <w type="IN">from</w> <w type="WDT">which</w> <w type="EX">there</w> <w type="MD">would</w> <w type="BE">be</w> <w type="AT">no</w> <w type="NN">turning</w> <w type="RB">back</w> <c type="pct">.</c> </s>
</p>
<p><s n="66"><w type="PPS">It</w> <w type="BEDZ">was</w> <w type="IN">in</w> <w type="AT">the</w> <w type="NN">midst</w> <w type="IN">of</w> <w type="JJ">such</w> <w type="JJ" subtype="TL">White</w> <w type="NN" subtype="TL">House</w> <w type="NNS">deliberations</w> <w type="CS">that</w> <w type="NN" subtype="TL">Premier</w> <w type="NP">Khrushchev</w> <w type="IN">on</w> <w type="NP">May</w> <w type="CD">4</w> <w type="VBD">made</w> <w type="JJ">new</w> <w type="NNS">inquiries</w> <w type="IN">through</w> <w type="AT">the</w> <w type="NP" subtype="TL">U.</w> <w type="NP" subtype="TL">S.</w> <w type="NN" subtype="TL">Embassy</w> <w type="IN">in</w> <w type="NP">Moscow</w> <w type="IN">about</w> <w type="AT">a</w> <w type="NN">meeting</w> <w type="IN">with</w> <w type="AT">the</w> <w type="NN" subtype="TL">President</w> <w type="IN">in</w> <w type="AT">the</w> <w type="JJ">near</w> <w type="NN">future</w> <c type="pct">.</c> </s>
<s n="67"><w type="NP">Mr.</w> <w type="NP">Kennedy</w> <w type="VBD">told</w> <w type="NP">Moscow</w> <w type="PPS">he</w> <w type="MD">would</w> <w type="VB">give</w> <w type="PPg">his</w> <w type="NN">answer</w> <w type="IN">by</w> <w type="NP">May</w> <w type="CD">20</w> <w type="IN">after</w> <w type="NN">consultation</w> <w type="IN">with</w> <w type="AT">the</w> <w type="NNS" subtype="TL">Allies</w> <c type="pct">.</c> </s>
<s n="68"><w type="AT">The</w> <w type="NN">response</w> <w type="IN">from</w> <w type="NP">London</w> <c type="pct">,</c> <w type="NP">Paris</w> <w type="CC">and</w> <w type="NP">Bonn</w> <w type="BEDZ">was</w> <w type="JJ">favorable</w> <c type="pct">.</c> </s>
<s n="69"><w type="JJ">Firm</w> <w type="NNS">arrangements</w> <w type="IN">for</w> <w type="AT">the</w> <w type="NN">meeting</w> <w type="IN">in</w> <w type="NP">Vienna</w> <w type="BED">were</w> <w type="VBN">worked</w> <w type="RP">out</w> <w type="IN">in</w> <w type="AT">a</w> <w type="JJ">final</w> <w type="NN">exchange</w> <w type="IN">between</w> <w type="NP">Moscow</w> <w type="CC">and</w> <w type="NP">Washington</w> <w type="AP">last</w> <w type="NN">week</w> <c type="pct">.</c> </s>
<s n="70"><w type="RB">Apparently</w> <w type="IN">at</w> <w type="AT">the</w> <w type="NN">insistence</w> <w type="IN">of</w> <w type="AT">the</w> <w type="NP">U.</w> <w type="NP">S.</w> <c type="pct">,</c> <w type="AT">the</w> <w type="JJ">simultaneous</w> <w type="NNS">announcements</w> <w type="VBN">issued</w> <w type="IN">in</w> <w type="NP">Washington</w> <w type="CC">and</w> <w type="NP">Moscow</w> <w type="AP">last</w> <w type="NR">Friday</w> <w type="VBD">emphasized</w> <w type="AT">the</w> <c type="pct">``</c> <w type="JJ">informal</w> <c type="pct">''</c> <w type="NN">nature</w> <w type="IN">of</w> <w type="AT">the</w> <w type="NN">meeting</w> <c type="pct">.</c> </s>
<s n="71"><w type="AT">The</w> <w type="NP">Washington</w> <w type="NN">announcement</w> <w type="VBD">said</w> <c type="pct">:</c> </s>
</p>
<p><s n="72"><c type="pct">``</c> <w type="AT">The</w> <w type="NN" subtype="TL">President</w> <w type="CC">and</w> <w type="NN" subtype="TL">Chairman</w> <w type="NP">Khrushchev</w> <w type="VB">understand</w> <w type="CS">that</w> <w type="DT">this</w> <w type="NN">meeting</w> <w type="BEZ">is</w> <w type="NEG">not</w> <w type="IN">for</w> <w type="AT">the</w> <w type="NN">purpose</w> <w type="IN">of</w> <w type="VBG">negotiating</w> <w type="CC">or</w> <w type="VBG">reaching</w> <w type="NN">agreement</w> <w type="IN">on</w> <w type="AT">the</w> <w type="JJ">major</w> <w type="JJ">international</w> <w type="NNS">problems</w> <w type="WPS">that</w> <w type="VB">involve</w> <w type="AT">the</w> <w type="NN">interest</w> <w type="IN">of</w> <w type="AP">many</w> <w type="AP">other</w> <w type="NNS">countries</w> <c type="pct">.</c> </s>
<s n="73"><w type="AT">The</w> <w type="NN">meeting</w> <w type="MD">will</w> <c type="pct">,</c> <w type="WRB">however</w> <c type="pct">,</c> <w type="VB">afford</w> <w type="AT">a</w> <w type="JJ">timely</w> <w type="CC">and</w> <w type="JJ">convenient</w> <w type="NN">opportunity</w> <w type="IN">for</w> <w type="AT">the</w> <w type="OD">first</w> <w type="JJ">personal</w> <w type="NN">contact</w> <w type="IN">between</w> <w type="PPO">them</w> <w type="CC">and</w> <w type="AT">a</w> <w type="JJ">general</w> <w type="NN">exchange</w> <w type="IN">of</w> <w type="NNS">views</w> <w type="IN">on</w> <w type="AT">the</w> <w type="JJ">major</w> <w type="NNS">issues</w> <w type="WDT">which</w> <w type="VB">affect</w> <w type="AT">the</w> <w type="NNS">relationships</w> <w type="IN">between</w> <w type="AT">the</w> <w type="CD">two</w> <w type="NNS">countries</w> <c type="pct">''</c> <c type="pct">.</c> </s>
</p>
<p><s n="74"><w type="AT">The</w> <w type="NN">outlook</w> </s>
<s n="75"><w type="AT">The</w> <w type="NP">Vienna</w> <w type="NN">meeting</w> <w type="MD">will</w> <w type="VB">bring</w> <w type="RB">together</w> <w type="AT">a</w> <w type="VBN">seasoned</w> <c type="pct">,</c> <w type="JJ">67-year-old</w> <w type="NN">veteran</w> <w type="IN">of</w> <w type="AT">the</w> <w type="JJ">cold</w> <w type="NN">war</w> <w type="WPS">who</w> <c type="pct">,</c> <w type="IN">in</w> <w type="NP">Mr.</w> <w type="NPg">Kennedy's</w> <w type="JJ">own</w> <w type="NNS">words</w> <c type="pct">,</c> <w type="BEZ">is</w> <c type="pct">``</c> <w type="JJ">shrewd</w> <c type="pct">,</c> <w type="JJ">tough</w> <c type="pct">,</c> <w type="JJ">vigorous</w> <c type="pct">,</c> <w type="JJ">well-informed</w> <w type="CC">and</w> <w type="JJ">confident</w> <c type="pct">''</c> <c type="pct">,</c> <w type="CC">and</w> <w type="AT">a</w> <w type="JJ">44-year-old</w> <w type="NN" subtype="TL">President</w> <c type="pct">(</c> <w type="PPg">his</w> <w type="NN">birthday</w> <w type="BEZ">is</w> <w type="NP">May</w> <w type="CD">29</w> <c type="pct">)</c> <w type="IN">with</w> <w type="AT">a</w> <w type="VBN">demonstrated</w> <w type="NN">capacity</w> <w type="IN">for</w> <w type="JJ">political</w> <w type="NN">battle</w> <w type="CC">but</w> <w type="AP">little</w> <w type="NN">experience</w> <w type="IN">in</w> <w type="JJ">international</w> <w type="NN">diplomacy</w> <c type="pct">.</c> </s>
<s n="76"><w type="AT">The</w> <w type="NN">announcement</w> <w type="AP">last</w> <w type="NN">week</w> <w type="IN">of</w> <w type="AT">the</w> <w type="JJ">forthcoming</w> <w type="NN">encounter</w> <w type="VBD">produced</w> <w type="JJ">strong</w> <w type="NNS">reactions</w> <w type="IN">in</w> <w type="AT">the</w> <w type="NP">U.</w> <w type="NP">S.</w> <w type="IN">of</w> <w type="ABX">both</w> <w type="NN">approval</w> <w type="CC">and</w> <w type="NN">disapproval</w> <c type="pct">.</c> </s>
</p>
<p><s n="77"><w type="AT">The</w> <w type="NN">approval</w> <w type="DOD">did</w> <w type="NEG">not</w> <w type="VB">arise</w> <w type="IN">from</w> <w type="AT">an</w> <w type="NN">expectation</w> <w type="IN">of</w> <w type="JJ">far-reaching</w> <w type="NNS">agreements</w> <w type="IN">at</w> <w type="NP">Vienna</w> <c type="pct">.</c> </s>
<s n="78"><w type="AT">The</w> <w type="NN">inclination</w> <w type="BEDZ">was</w> <w type="TO">to</w> <w type="VB">accept</w> <w type="AT">the</w> <w type="NN">statement</w> <w type="CS">that</w> <w type="EX">there</w> <w type="MD">would</w> <w type="BE">be</w> <w type="AT">no</w> <w type="JJ">formal</w> <w type="NNS">negotiations</w> <c type="pct">.</c> </s>
<s n="79"><w type="CC">But</w> <w type="DTS">those</w> <w type="WPS">who</w> <w type="BED">were</w> <w type="IN">in</w> <w type="NN">favor</w> <w type="IN">of</w> <w type="AT">the</w> <w type="NN">meeting</w> <w type="VBD">felt</w> <w type="CS">that</w> <w type="AT">a</w> <w type="JJ">frank</w> <w type="NN">exchange</w> <w type="IN">between</w> <w type="AT">the</w> <w type="CD">two</w> <w type="NNS">men</w> <w type="CC">and</w> <w type="AT">an</w> <w type="NN">opportunity</w> <w type="TO">to</w> <w type="VB">size</w> <w type="CD">one</w> <w type="DT">another</w> <w type="RP">up</w> <w type="MD">would</w> <w type="VB">prove</w> <w type="JJ">salutary</w> <c type="pct">.</c> </s>
<s n="80"><w type="NP">Mr.</w> <w type="NP">Khrushchev</w> <w type="BEZ">is</w> <w type="VBN">known</w> <w type="TO">to</w> <w type="VB">rely</w> <w type="RB">heavily</w> <w type="IN">on</w> <w type="PPg">his</w> <w type="NNS">instincts</w> <w type="IN">about</w> <w type="PPg">his</w> <w type="NNS">adversaries</w> <w type="CC">and</w> <w type="TO">to</w> <w type="BE">be</w> <w type="AT">a</w> <w type="JJ">shrewd</w> <w type="NN">judge</w> <w type="IN">of</w> <w type="NNS">men</w> <c type="pct">.</c> </s>
<s n="81"><w type="AT">The</w> <w type="NN">feeling</w> <w type="BEDZ">was</w> <w type="CS">that</w> <w type="PPS">he</w> <w type="MD">would</w> <w type="VB">sense</w> <w type="AT">an</w> <w type="JJ">inner</w> <w type="NN">core</w> <w type="IN">of</w> <w type="NN">toughness</w> <w type="CC">and</w> <w type="NN">determination</w> <w type="IN">in</w> <w type="AT">the</w> <w type="NN" subtype="TL">President</w> <w type="CC">and</w> <w type="CS">that</w> <w type="JJ">plain</w> <w type="NN">talk</w> <w type="IN">by</w> <w type="NP">Mr.</w> <w type="NP">Kennedy</w> <w type="MD">would</w> <w type="VB">give</w> <w type="PPO">him</w> <w type="NN">pause</w> <c type="pct">.</c> </s>
</p>
<p><s n="82"><w type="RB">Apart</w> <w type="IN">from</w> <w type="AT">the</w> <w type="JJ">personal</w> <w type="NN">equation</w> <c type="pct">,</c> <w type="DT">another</w> <w type="NN">reason</w> <w type="VBN">advanced</w> <w type="IN">in</w> <w type="NN">favor</w> <w type="IN">of</w> <w type="AT">the</w> <w type="NN">meeting</w> <w type="BEDZ">was</w> <w type="CS">that</w> <w type="QL">too</w> <w type="RB">often</w> <w type="IN">in</w> <w type="AT">the</w> <w type="NN">past</w> <w type="AT">the</w> <w type="NP">U.S.</w> <w type="VBD">appeared</w> <w type="TO">to</w> <w type="HV">have</w> <w type="BEN">been</w> <w type="VBN">dragged</w> <w type="RB">reluctantly</w> <w type="IN">to</w> <w type="AT">the</w> <w type="NN">summit</w> <c type="pct">.</c> </s>
<s n="83"><w type="NN" subtype="TL">Premier</w> <w type="NP">Khrushchev</w> <w type="HVZ">has</w> <w type="VBN">made</w> <w type="NN">propaganda</w> <w type="NN">capital</w> <w type="IN">out</w> <w type="IN">of</w> <w type="DT">that</w> <w type="NN">fact</w> <w type="CC">and</w> <w type="IN">in</w> <w type="AT">the</w> <w type="NN">end</w> <w type="VBD">got</w> <w type="PPg">his</w> <w type="NN">summit</w> <w type="NN">meeting</w> <w type="RB">anyway</w> <c type="pct">.</c> </s>
<s n="84"><w type="DT">This</w> <w type="NN">time</w> <w type="AT">the</w> <w type="NN">initiative</w> <w type="VBD">came</w> <c type="pct">,</c> <w type="IN">in</w> <w type="NN">part</w> <w type="IN">at</w> <w type="AP">least</w> <c type="pct">,</c> <w type="IN">from</w> <w type="NP">Washington</w> <c type="pct">.</c> </s>
</p>
<p><s n="85"><w type="AP" subtype="HL">Other</w> <w type="NNS" subtype="HL">allies</w> <w type="VBN" subtype="HL">consulted</w> </s>
<s n="86"><w type="EX">There</w> <w type="BEDZ">was</w> <w type="RB">also</w> <w type="AT">the</w> <w type="NN">fact</w> <w type="CS">that</w> <w type="IN">by</w> <w type="AT">the</w> <w type="NN">time</w> <w type="PPS">he</w> <w type="VBZ">meets</w> <w type="NP">Mr.</w> <w type="NP">Khrushchev</w> <c type="pct">,</c> <w type="AT">the</w> <w type="NN" subtype="TL">President</w> <w type="MD">will</w> <w type="HV">have</w> <w type="VBN">completed</w> <w type="NNS">conversations</w> <w type="IN">with</w> <w type="ABN">all</w> <w type="AT">the</w> <w type="AP">other</w> <w type="JJS">principal</w> <w type="VBN" subtype="TL">Allied</w> <w type="NNS">leaders</w> <c type="pct">.</c> </s>
<s n="87"><w type="RB">Thus</w> <w type="PPS">he</w> <w type="MD">will</w> <w type="BE">be</w> <w type="IN">in</w> <w type="AT">a</w> <w type="NN">position</w> <w type="TO">to</w> <w type="VB">disabuse</w> <w type="AT">the</w> <w type="NN" subtype="TL">Soviet</w> <w type="NN">leader</w> <w type="IN">of</w> <w type="DTI">any</w> <w type="NNS">notions</w> <w type="PPS">he</w> <w type="MD">may</w> <w type="HV">have</w> <w type="IN">about</w> <w type="JJ">grave</w> <w type="VBN" subtype="TL">Allied</w> <w type="NN">disunity</w> <c type="pct">.</c> </s>
</p>
<p><s n="88"><w type="RB">Finally</w> <c type="pct">,</c> <w type="EX">there</w> <w type="BEDZ">was</w> <w type="AT">a</w> <w type="JJ">wide</w> <w type="NN">area</w> <w type="IN">of</w> <w type="NN">agreement</w> <w type="IN">on</w> <w type="AT">the</w> <w type="NN">value</w> <w type="IN">of</w> <w type="AT">the</w> <w type="NNg" subtype="TL">President's</w> <w type="VBG">making</w> <w type="AT">a</w> <w type="JJ">final</w> <w type="NN">effort</w> <w type="IN">in</w> <w type="AT">the</w> <w type="NN">summit</w> <w type="NN">spotlight</w> <w type="IN">for</w> <w type="AT">a</w> <w type="JJ">nuclear</w> <w type="NN">test</w> <w type="NN">accord</w> <c type="pct">.</c> </s>
<s n="89"><w type="EX">There</w> <w type="BEZ">is</w> <w type="AT">no</w> <w type="AP">single</w> <w type="NN">issue</w> <w type="WPS">that</w> <w type="HVZ">has</w> <w type="VBN">aroused</w> <w type="JJR">stronger</w> <w type="NNS">feelings</w> <w type="IN">throughout</w> <w type="AT">the</w> <w type="NN">world</w> <c type="pct">.</c> </s>
<s n="90"><w type="CS">If</w> <w type="NNS">tests</w> <w type="BER">are</w> <w type="TO">to</w> <w type="BE">be</w> <w type="VBN">resumed</w> <c type="pct">,</c> <w type="AT">the</w> <w type="NN">argument</w> <w type="VBD">went</w> <c type="pct">,</c> <w type="PPS">it</w> <w type="BEZ">is</w> <w type="JJ">vital</w> <w type="CS">that</w> <w type="AT">the</w> <w type="NP">U.</w> <w type="NP">S.</w> <w type="VB">make</w> <w type="JJ">plain</w> <w type="CS">that</w> <w type="AT">the</w> <w type="NN">onus</w> <w type="VBZ">belongs</w> <w type="IN">to</w> <w type="AT">the</w> <w type="NN" subtype="TL">Soviet</w> <w type="NN" subtype="TL">Union</w> <c type="pct">.</c> </s>
</p>
<p><s n="91"><w type="NN">Disapproval</w> <w type="IN">of</w> <w type="AT">the</w> <w type="NN">meeting</w> <w type="BEDZ">was</w> <w type="VBN">based</w> <w type="RB">largely</w> <w type="IN">on</w> <w type="AT">the</w> <w type="NN">belief</w> <w type="CS">that</w> <w type="AT">the</w> <w type="NN">timing</w> <w type="MD">could</w> <w type="RB">hardly</w> <w type="BE">be</w> <w type="JJR">worse</w> <c type="pct">.</c> </s>
<s n="92"><w type="IN">After</w> <w type="NP">Cuba</w> <w type="CC">and</w> <w type="NP">Laos</w> <c type="pct">,</c> <w type="PPS">it</w> <w type="BEDZ">was</w> <w type="VBN">argued</w> <c type="pct">,</c> <w type="NP">Mr.</w> <w type="NP">Khrushchev</w> <w type="MD">will</w> <w type="VB">interpret</w> <w type="AT">the</w> <w type="NNg" subtype="TL">President's</w> <w type="NN">consent</w> <w type="IN">to</w> <w type="AT">the</w> <w type="NN">meeting</w> <w type="CS">as</w> <w type="JJR">further</w> <w type="NN">evidence</w> <w type="IN">of</w> <w type="JJ" subtype="TL">Western</w> <w type="NN">weakness</w> <c type="pct">--</c> <w type="RB">perhaps</w> <w type="RB">even</w> <w type="NN">panic</w> <c type="pct">--</c> <w type="CC">and</w> <w type="BEZ">is</w> <w type="JJ">certain</w> <w type="TO">to</w> <w type="VB">try</w> <w type="TO">to</w> <w type="VB">exploit</w> <w type="AT">the</w> <w type="NN">advantage</w> <w type="PPS">he</w> <w type="RB">now</w> <w type="VBZ">believes</w> <w type="PPS">he</w> <w type="VBZ">holds</w> <c type="pct">.</c> </s>
<s n="93"><w type="RB">Moreover</w> <c type="pct">,</c> <w type="AT">the</w> <w type="NN" subtype="TL">President</w> <w type="BEZ">is</w> <w type="VBG">meeting</w> <w type="AT">the</w> <w type="NN" subtype="TL">Soviet</w> <w type="NN">leader</w> <w type="IN">at</w> <w type="AT">a</w> <w type="NN">time</w> <w type="WRB">when</w> <w type="AT">the</w> <w type="NN" subtype="TL">Administration</w> <w type="HVZ">has</w> <w type="RB">still</w> <w type="NEG">not</w> <w type="VBN">decided</w> <w type="IN">on</w> <w type="AT">the</w> <w type="NN">scope</w> <w type="IN">of</w> <w type="NPg">America's</w> <w type="JJ">firm</w> <w type="JJ">foreign</w> <w type="NN">policy</w> <w type="NNS">commitments</w> <c type="pct">.</c> </s>
<s n="94"><w type="AT">The</w> <w type="NN">question</w> <w type="BEDZ">was</w> <w type="VBN">raised</w> <c type="pct">,</c> <w type="IN">for</w> <w type="NN">example</w> <c type="pct">,</c> <w type="IN">as</w> <w type="IN">to</w> <w type="WDT">what</w> <w type="NN">attitude</w> <w type="AT">the</w> <w type="NN" subtype="TL">President</w> <w type="MD">would</w> <w type="VB">take</w> <w type="CS">if</w> <w type="NP">Mr.</w> <w type="NP">Khrushchev</w> <w type="VBZ">proposes</w> <w type="AT">a</w> <w type="JJ">broad</w> <w type="JJ">neutral</w> <w type="NN">belt</w> <w type="VBG">extending</w> <w type="IN">from</w> <w type="JJ" subtype="TL">Southeast</w> <w type="NP" subtype="TL">Asia</w> <w type="IN">to</w> <w type="AT">the</w> <w type="JJ" subtype="TL">Middle</w> <w type="NR" subtype="TL">East</w> <c type="pct">.</c> </s>
</p>
<p></p></body></text></TEI>
