<TEI xmlns="http://www.tei-c.org/ns/1.0"><teiHeader><fileDesc><titleStmt><title>Sample A36 from  William Gomberg, "Unions and the Anti-Trust Laws"
 The Nation, 193: 16 (November 11, 1961), 375-377. 0010-1880
 </title></titleStmt><editionStmt><edition>A part  of the XML version of the Brown Corpus</edition></editionStmt><extent>2,017 words 370 (18.3%) quotes 1 symbol</extent><publicationStmt><idno>A36</idno><availability><p>Used by permission of The Nation</p></availability></publicationStmt><sourceDesc><bibl> William Gomberg, "Unions and the Anti-Trust Laws"
 The Nation, 193: 16 (November 11, 1961), 375-377. 0010-1880
 </bibl></sourceDesc></fileDesc><encodingDesc><p>Arbitrary Hyphen: multi-product [0480]</p></encodingDesc><revisionDesc><change when="2008-04-27">Header auto-generated for TEI version</change></revisionDesc></teiHeader>
<text xml:id="A36" decls="A">
<body><p><s n="1"><w type="NN" subtype="TL">Sen.</w> <w type="NP">John</w> <w type="NP">L.</w> <w type="NP">McClellan</w> <w type="IN">of</w> <w type="NP">Arkansas</w> <w type="CC">and</w> <w type="NN" subtype="TL">Rep.</w> <w type="NP">David</w> <w type="NP">Martin</w> <w type="IN">of</w> <w type="NP">Nebraska</w> <w type="BER">are</w> <w type="RB">again</w> <w type="VBG">beating</w> <w type="AT">the</w> <w type="NNS">drums</w> <w type="TO">to</w> <w type="VB">place</w> <w type="AT">the</w> <w type="NNS">unions</w> <w type="IN">under</w> <w type="AT">the</w> <w type="JJ">anti-monopoly</w> <w type="NNS">laws</w> <c type="pct">.</c> </s>
<s n="2"><w type="RB">Once</w> <w type="RBR">more</w> <w type="AT">the</w> <w type="JJ">fallacious</w> <w type="NN">equation</w> <w type="BEZ">is</w> <w type="VBN">advanced</w> <w type="TO">to</w> <w type="VB">argue</w> <w type="CS">that</w> <w type="CS">since</w> <w type="NN">business</w> <w type="BEZ">is</w> <w type="VBN">restricted</w> <w type="IN">under</w> <w type="AT">the</w> <w type="JJ">anti-monopoly</w> <w type="NNS">laws</w> <c type="pct">,</c> <w type="EX">there</w> <w type="MD">must</w> <w type="BE">be</w> <w type="AT">a</w> <w type="JJ">corresponding</w> <w type="NN">restriction</w> <w type="IN">against</w> <w type="NN">labor</w> <w type="NNS">unions</w> <c type="pct">:</c> <w type="AT">the</w> <w type="NN">law</w> <w type="MD">must</w> <w type="VB">treat</w> <w type="PN">everybody</w> <w type="RB">equally</w> <c type="pct">.</c> </s>
<s n="3"><w type="CC">Or</w> <c type="pct">,</c> <w type="IN">in</w> <w type="AT">the</w> <w type="NNS">words</w> <w type="IN">of</w> <w type="NP">Anatole</w> <w type="NP">France</w> <c type="pct">,</c> <c type="pct">``</c> <w type="AT">The</w> <w type="NN">law</w> <w type="IN">in</w> <w type="PPg">its</w> <w type="JJ">majestic</w> <w type="NN">equality</w> <w type="MD">must</w> <w type="VB">forbid</w> <w type="AT">the</w> <w type="JJ">rich</w> <c type="pct">,</c> <w type="QL">as</w> <w type="RB">well</w> <w type="CS">as</w> <w type="AT">the</w> <w type="JJ">poor</w> <c type="pct">,</c> <w type="IN">from</w> <w type="VBG">begging</w> <w type="IN">in</w> <w type="AT">the</w> <w type="NNS">streets</w> <w type="CC">and</w> <w type="VBG">sleeping</w> <w type="IN">under</w> <w type="NNS">bridges</w> <c type="pct">''</c> <c type="pct">.</c> </s>
</p>
<p><s n="4"><w type="AT">The</w> <w type="JJ">public</w> <w type="NN">atmosphere</w> <w type="WPS">that</w> <w type="HVZ">has</w> <w type="BEN">been</w> <w type="VBN">generated</w> <w type="WDT">which</w> <w type="VBZ">makes</w> <w type="NN">acceptance</w> <w type="IN">of</w> <w type="DT">this</w> <w type="NN">law</w> <w type="AT">a</w> <w type="NN">possibility</w> <w type="VBZ">stems</w> <w type="IN">from</w> <w type="AT">the</w> <w type="NN">disrepute</w> <w type="IN">into</w> <w type="WDT">which</w> <w type="AT">the</w> <w type="NN">labor</w> <w type="NN">movement</w> <w type="HVZ">has</w> <w type="VBN">fallen</w> <w type="CS">as</w> <w type="AT">a</w> <w type="NN">result</w> <w type="IN">of</w> <w type="NP">Mr.</w> <w type="NPg">McClellan's</w> <w type="NNS">hearings</w> <w type="IN">into</w> <w type="NN">corruption</w> <w type="IN">in</w> <w type="NN">labor-management</w> <w type="NNS">relations</w> <w type="CC">and</w> <c type="pct">,</c> <w type="RBR">later</w> <c type="pct">,</c> <w type="IN">into</w> <w type="AT">the</w> <w type="JJ">jurisdictional</w> <w type="NNS">squabbles</w> <w type="WPS">that</w> <w type="VBD">plagued</w> <w type="JJ">industrial</w> <w type="NNS">relations</w> <w type="IN">at</w> <w type="AT">the</w> <w type="NN">missile</w> <w type="NNS">sites</w> <c type="pct">.</c> </s>
<s n="5"><w type="AT">The</w> <w type="NN" subtype="TL">Senator</w> <w type="BEDZ">was</w> <w type="VBN">shocked</w> <w type="IN">by</w> <w type="NNS">stoppages</w> <w type="IN">over</w> <w type="QL">allegedly</w> <w type="JJ">trivial</w> <w type="NNS">disputes</w> <w type="WPS">that</w> <w type="VBD">delayed</w> <w type="PPg">our</w> <w type="NN">missile</w> <w type="NN">program</w> <c type="pct">.</c> </s>
<s n="6"><w type="IN">In</w> <w type="NN">addition</w> <c type="pct">,</c> <w type="NNS">disclosures</w> <w type="CS">that</w> <w type="NN">missile</w> <w type="NNS">workers</w> <w type="BED">were</w> <w type="VBG">earning</w> <w type="NNS">sums</w> <w type="RB">far</w> <w type="IN">in</w> <w type="NN">excess</w> <w type="IN">of</w> <w type="WDT">what</w> <w type="BEZ">is</w> <w type="VBN">paid</w> <w type="IN">for</w> <w type="JJ">equivalent</w> <w type="NN">work</w> <w type="RB">elsewhere</w> <w type="VBD">provoked</w> <w type="PPg">his</w> <w type="NN">indignation</w> <w type="IN">on</w> <w type="NN">behalf</w> <w type="IN">of</w> <w type="AT">the</w> <w type="JJ">American</w> <w type="NN">taxpayer</w> <w type="WPS">who</w> <w type="BEDZ">was</w> <w type="VBG">footing</w> <w type="AT">the</w> <w type="NN">bill</w> <c type="pct">.</c> </s>
</p>
<p><s n="7"><w type="PPS">It</w> <w type="BEZ">is</w> <w type="RB">now</w> <w type="VBN">disclosed</w> <w type="CS">that</w> <w type="AT">the</w> <w type="NN">taxpayer</w> <w type="NEG">not</w> <w type="RB">only</w> <w type="VBZ">pays</w> <w type="IN">for</w> <w type="JJ">high</w> <w type="NNS">wages</w> <c type="pct">,</c> <w type="CC">but</w> <w type="PPS">he</w> <w type="VBZ">pays</w> <w type="AT">the</w> <w type="NNSg">employers'</w> <w type="NN">strike</w> <w type="NNS">expenses</w> <w type="WRB">when</w> <w type="AT">the</w> <w type="AP">latter</w> <w type="VBZ">undertakes</w> <w type="TO">to</w> <w type="VB">fight</w> <w type="AT">a</w> <w type="NN">strike</w> <c type="pct">.</c> </s>
<s n="8"><w type="NN" subtype="TL">Business</w> <w type="NN" subtype="TL">Week</w> <c type="pct">(</c> <w type="NP">Aug.</w> <w type="CD">9</w> <c type="pct">,</c> <w type="CD">1961</w> <c type="pct">)</c> <w type="VBZ">reports</w> <w type="CS">that</w> <w type="AT">the</w> <w type="VBN" subtype="TL">United</w> <w type="NN" subtype="TL">Aircraft</w> <w type="NN" subtype="TL">Company</w> <c type="pct">,</c> <w type="IN">against</w> <w type="WDT">which</w> <w type="AT">the</w> <w type="JJ" subtype="TL">International</w> <w type="NN" subtype="TL">Association</w> <w type="IN" subtype="TL">of</w> <w type="NNS" subtype="TL">Machinists</w> <w type="HVD">had</w> <w type="VBN">undertaken</w> <w type="AT">a</w> <w type="NN">strike</w> <c type="pct">,</c> <w type="VBD">decided</w> <w type="TO">to</w> <w type="VB">keep</w> <w type="PPg">its</w> <w type="NNS">plants</w> <w type="VBG">operating</w> <c type="pct">.</c> </s>
<s n="9"><w type="AT">The</w> <w type="NN">company</w> <w type="VBD">incurred</w> <w type="DTI">some</w> <w type="NNS">$10</w> <w type="CD">million</w> <w type="IN">of</w> <w type="NNS">expenses</w> <w type="JJ">attributable</w> <w type="IN">to</w> <w type="CD">four</w> <w type="NNS">factors</w> <c type="pct">:</c> <w type="VBG">advertising</w> <w type="TO">to</w> <w type="VB">attract</w> <w type="JJ">new</w> <w type="NNS">employees</w> <c type="pct">,</c> <w type="VBG">hiring</w> <w type="CC">and</w> <w type="VBG">training</w> <w type="PPO">them</w> <c type="pct">,</c> <w type="JJ">extra</w> <w type="NN">overtime</w> <c type="pct">,</c> <w type="CC">and</w> <w type="JJ">defective</w> <w type="NN">work</w> <w type="VBN">performed</w> <w type="IN">by</w> <w type="AT">the</w> <w type="JJ">new</w> <w type="NNS">workers</w> <c type="pct">.</c> </s>
<s n="10"><w type="AT">The</w> <w type="NN">company</w> <w type="HVZ">has</w> <w type="VBN">billed</w> <w type="AT">the</w> <w type="VBN" subtype="TL">United</w> <w type="NNS" subtype="TL">States</w> <w type="NN" subtype="TL">Government</w> <w type="IN">for</w> <w type="NNS">$7,500,000</w> <w type="IN">of</w> <w type="DTS">these</w> <w type="NNS">expenses</w> <w type="IN">under</w> <w type="AT">the</w> <w type="NN" subtype="TL">Defense</w> <w type="NN" subtype="TL">Department</w> <w type="NN">regulation</w> <w type="VBG">allowing</w> <w type="NNS">costs</w> <w type="IN">of</w> <w type="AT">a</w> <w type="NN">type</w> <w type="RB">generally</w> <w type="VBN">recognized</w> <w type="CS">as</w> <w type="JJ">ordinary</w> <w type="CC">and</w> <w type="JJ">necessary</w> <w type="IN">for</w> <w type="AT">the</w> <w type="NN">conduct</w> <w type="IN">of</w> <w type="AT">the</w> <w type="NNg">contractor's</w> <w type="NN">business</w> <c type="pct">.</c> </s>
</p>
<p><s n="11"><w type="NN" subtype="TL">Rep.</w> <w type="NP">Frank</w> <w type="NP">Kowalski</w> <w type="IN">of</w> <w type="NP">Connecticut</w> <w type="HVZ">has</w> <w type="VBN">brought</w> <w type="DT">this</w> <w type="NN">problem</w> <w type="IN">to</w> <w type="AT">the</w> <w type="NN">attention</w> <w type="IN">of</w> <w type="AT">the</w> <w type="VBN" subtype="TL">Armed</w> <w type="NNS" subtype="TL">Services</w> <w type="NN" subtype="TL">Committee</w> <c type="pct">.</c> </s>
<s n="12"><w type="AT">The</w> <w type="NN">committee</w> <w type="VBZ">remains</w> <w type="JJ">unresponsive</w> <c type="pct">.</c> </s>
<s n="13"><w type="CC">Neither</w> <w type="HVZ">has</w> <w type="NN" subtype="TL">Congressman</w> <w type="NP">Martin</w> <w type="CC">nor</w> <w type="NN" subtype="TL">Senator</w> <w type="NP">McClellan</w> <w type="BEN">been</w> <w type="VBN">heard</w> <w type="IN">from</w> <w type="IN">on</w> <w type="AT">the</w> <w type="NN">matter</w> <c type="pct">;</c> <c type="pct">;</c> </s>
<s n="14"><w type="PPSS">they</w> <w type="BER">are</w> <w type="VBN">preoccupied</w> <w type="IN">with</w> <w type="VBG">ending</w> <w type="NN">labor</w> <w type="NNS">abuses</w> <w type="IN">by</w> <w type="VBG">extending</w> <w type="AT">the</w> <w type="JJ">anti-monopoly</w> <w type="NNS">laws</w> <w type="IN">to</w> <w type="AT">the</w> <w type="NNS">unions</w> <c type="pct">.</c> </s>
</p>
<p><s n="15"><w type="AT">The</w> <w type="JJ">recent</w> <w type="NN">publicity</w> <w type="VBG">attending</w> <w type="AT">the</w> <w type="JJ">successful</w> <w type="JJ">federal</w> <w type="NN">prosecution</w> <w type="IN">of</w> <w type="AT">a</w> <w type="NN">conspiracy</w> <w type="NN">indictment</w> <w type="IN">against</w> <w type="AT">a</w> <w type="NN">number</w> <w type="IN">of</w> <w type="JJ">electrical</w> <w type="NNS">manufacturers</w> <w type="HVZ">has</w> <w type="VBN">evoked</w> <w type="AT">a</w> <w type="JJ">new</w> <w type="NN">respect</w> <w type="IN">for</w> <w type="AT">the</w> <w type="JJ">anti-trust</w> <w type="NNS">laws</w> <w type="WPS">that</w> <w type="BEZ">is</w> <w type="VBN">justified</w> <w type="CC">neither</w> <w type="IN">by</w> <w type="PPg">their</w> <w type="NN">rationale</w> <w type="CC">nor</w> <w type="IN">by</w> <w type="AT">the</w> <w type="NNS">results</w> <w type="PPSS">they</w> <w type="HV">have</w> <w type="VBN">obtained</w> <c type="pct">.</c> </s>
<s n="16"><w type="AT">The</w> <w type="JJ">anti-trust</w> <w type="NNS">laws</w> <w type="VB">inform</w> <w type="AT">a</w> <w type="NN">business</w> <w type="CS">that</w> <w type="PPS">it</w> <w type="MD">must</w> <w type="VB">compete</w> <c type="pct">,</c> <w type="CC">but</w> <w type="IN">along</w> <w type="QL">completely</w> <w type="JJ">undefined</w> <w type="NNS">lines</w> <c type="pct">;</c> <c type="pct">;</c> </s>
<s n="17"><w type="PPS">it</w> <w type="MD">must</w> <w type="VB">play</w> <w type="AT">a</w> <w type="NN">game</w> <w type="IN">in</w> <w type="WDT">which</w> <w type="EX">there</w> <w type="RB">never</w> <w type="BEZ">is</w> <w type="AT">a</w> <w type="NN">winner</w> <c type="pct">.</c> </s>
<s n="18"><w type="AT">The</w> <w type="NN">fact</w> <w type="BEZ">is</w> <w type="CS">that</w> <w type="DTI">any</w> <w type="NN">business</w> <w type="WPS">that</w> <w type="VBZ">wants</w> <w type="TO">to</w> <w type="VB">operate</w> <w type="RB">successfully</w> <mw pos="MD *">cannot </mw><w type="VB">follow</w> <w type="AT">the</w> <w type="NN">law</w> <c type="pct">.</c> </s>
<s n="19"><w type="NN">Hypocrisy</w> <w type="RB">thus</w> <w type="VBZ">becomes</w> <w type="AT">the</w> <w type="NN">answer</w> <w type="IN">to</w> <w type="AT">a</w> <w type="JJ">foolish</w> <w type="JJ">public</w> <w type="NN">policy</w> <c type="pct">.</c> </s>
</p>
<p><s n="20"><w type="VB">Let</w> <w type="PPO">us</w> <w type="VB">look</w> <w type="IN">at</w> <w type="AT">the</w> <w type="NNS">heavy-electrical-goods</w> <w type="NN">industry</w> <w type="IN">in</w> <w type="WDT">which</w> <w type="NN" subtype="TL">General</w> <w type="JJ" subtype="TL">Electric</w> <c type="pct">,</c> <w type="NP">Westinghouse</w> <w type="CC">and</w> <w type="AT">a</w> <w type="NN">number</w> <w type="IN">of</w> <w type="AP">other</w> <w type="NNS">manufacturers</w> <w type="BED">were</w> <w type="RB">recently</w> <w type="VBN">convicted</w> <w type="IN">of</w> <w type="VBG">engaging</w> <w type="IN">in</w> <w type="AT">a</w> <w type="NN">conspiracy</w> <w type="TO">to</w> <w type="VB">rig</w> <w type="NNS">prices</w> <w type="CC">and</w> <w type="VB">allocate</w> <w type="AT">the</w> <w type="NN">market</w> <c type="pct">.</c> </s>
<s n="21"><w type="AT">The</w> <w type="NN">industry</w> <w type="BEZ">is</w> <w type="RB">so</w> <w type="VBN">structured</w> <w type="CS">that</w> <w type="NN">price-setting</w> <w type="IN">by</w> <w type="AT">a</w> <w type="JJ">multi-product</w> <w type="NN">company</w> <w type="MD">will</w> <w type="VB">vary</w> <w type="IN">with</w> <w type="AT">the</w> <w type="NN">way</w> <w type="NN">overhead</w> <w type="NNS">charges</w> <w type="BER">are</w> <w type="VBN">allocated</w> <c type="pct">--</c> <w type="CS">whether</w> <w type="JJ">marginal</w> <w type="CC">or</w> <w type="JJ">average</w> <w type="NN">pricing</w> <w type="BEZ">is</w> <w type="VBN">applied</w> <c type="pct">.</c> </s>
</p>
<p><s n="22"><w type="AT">The</w> <w type="NN">problem</w> <w type="VBZ">becomes</w> <w type="QL">even</w> <w type="QL">more</w> <w type="JJ">complex</w> <w type="WRB">where</w> <w type="AT">an</w> <w type="NN">enterprise</w> <w type="BEZ">is</w> <w type="VBN">engaged</w> <w type="IN">in</w> <w type="AT">the</w> <w type="NN">manufacture</w> <w type="IN">of</w> <w type="AT">a</w> <w type="JJ">wide</w> <w type="NN">variety</w> <w type="IN">of</w> <w type="AP">other</w> <w type="NNS">goods</w> <w type="IN">in</w> <w type="NN">addition</w> <w type="IN">to</w> <w type="AT">the</w> <w type="JJ">heavy</w> <w type="JJ">electrical</w> <w type="NN">equipment</w> <c type="pct">.</c> </s>
<s n="23"><w type="VBG">Accounting</w> <w type="NNS">procedures</w> <w type="MD">can</w> <w type="BE">be</w> <w type="VBN">varied</w> <w type="TO">to</w> <w type="VB">provide</w> <w type="AT">a</w> <w type="NN">rationale</w> <w type="IN">for</w> <w type="RB">almost</w> <w type="DTI">any</w> <w type="NN">price</w> <c type="pct">.</c> </s>
<s n="24"><w type="RB">Naturally</w> <c type="pct">,</c> <w type="NNS">enterprises</w> <w type="IN">of</w> <w type="AT">the</w> <w type="NN">size</w> <w type="IN">of</w> <w type="NN" subtype="TL">General</w> <w type="NN" subtype="TL">Electric</w> <w type="BER">are</w> <w type="IN">in</w> <w type="AT">a</w> <w type="NN">position</w> <w type="TO">to</w> <w type="VB">structure</w> <w type="PPg">their</w> <w type="NNS">prices</w> <w type="IN">in</w> <w type="ABL">such</w> <w type="AT">a</w> <w type="NN">way</w> <w type="CS">that</w> <w type="AT">the</w> <w type="QL">relatively</w> <w type="JJ">small</w> <w type="NNS">competitors</w> <w type="MD">can</w> <w type="BE">be</w> <w type="VBN">forced</w> <w type="IN">to</w> <w type="AT">the</w> <w type="NN">wall</w> <w type="IN">in</w> <w type="AT">a</w> <w type="QL">very</w> <w type="JJ">short</w> <w type="NN">time</w> <c type="pct">.</c> </s>
<s n="25"><w type="MD">Should</w> <w type="DTS">these</w> <w type="NNS">giants</w> <w type="RB">really</w> <w type="VB">flex</w> <w type="PPg">their</w> <w type="JJ">competitive</w> <w type="NNS">muscles</w> <c type="pct">,</c> <w type="PPSS">they</w> <w type="MD">would</w> <w type="VB">become</w> <w type="AT">the</w> <w type="AP">only</w> <w type="NNS">survivors</w> <w type="IN">in</w> <w type="AT">the</w> <w type="NN">industry</w> <c type="pct">.</c> </s>
<s n="26"><w type="NP">Uncle</w> <w type="NP">Sam</w> <w type="MD">would</w> <w type="RB">then</w> <w type="VB">accuse</w> <w type="PPO">them</w> <w type="IN">of</w> <w type="VBG">creating</w> <w type="AT">a</w> <w type="NN">monopoly</w> <w type="IN">by</w> <c type="pct">``</c> <w type="JJ">unfair</w> <w type="NN">competition</w> <c type="pct">''</c> <c type="pct">.</c> </s>
<s n="27"><w type="CC">But</w> <w type="CS">if</w> <w type="PPSS">they</w> <w type="VB">show</w> <w type="NN">self-restraint</w> <c type="pct">,</c> <w type="PPSS">they</w> <mw pos="DO *">don't </mw><w type="VB">get</w> <w type="AT">the</w> <w type="NNS">orders</w> <c type="pct">.</c> </s>
</p>
<p><s n="28"><w type="IN">Under</w> <w type="AT">the</w> <w type="NNS">circumstances</w> <c type="pct">,</c> <w type="AT">the</w> <w type="AP">only</w> <w type="NN">protection</w> <w type="IN">for</w> <w type="AT">the</w> <w type="QL">relatively</w> <w type="JJ">small</w> <w type="NNS">manufacturers</w> <w type="BEZ">is</w> <w type="TO">to</w> <w type="VB">engage</w> <w type="IN">in</w> <w type="RB">exactly</w> <w type="AT">the</w> <w type="NN">kind</w> <w type="IN">of</w> <w type="NN">conspiracy</w> <w type="IN">with</w> <w type="AT">the</w> <w type="NNS">giants</w> <w type="IN">for</w> <w type="WDT">which</w> <w type="AT">the</w> <w type="AP">latter</w> <w type="BED">were</w> <w type="VBN">convicted</w> <c type="pct">.</c> </s>
<s n="29"><w type="VBG">Engaging</w> <w type="IN">in</w> <w type="ABL">such</w> <w type="AT">a</w> <w type="NN">conspiracy</w> <w type="BEDZ">was</w> <w type="AT">an</w> <w type="NN">act</w> <w type="IN">of</w> <w type="NN">mercy</w> <w type="IN">by</w> <w type="AT">the</w> <w type="NNS">giants</w> <c type="pct">.</c> </s>
<s n="30"><w type="AT">The</w> <w type="NN">paradox</w> <w type="JJ">implicit</w> <w type="IN">in</w> <w type="AT">the</w> <w type="JJ">whole</w> <w type="NN">affair</w> <w type="BEZ">is</w> <w type="VBN">shown</w> <w type="IN">by</w> <w type="AT">the</w> <w type="NN">demand</w> <w type="IN">of</w> <w type="AT">the</w> <w type="NN">government</w> <c type="pct">,</c> <w type="IN">after</w> <w type="AT">the</w> <w type="NN">conviction</w> <c type="pct">,</c> <w type="CS">that</w> <w type="NN" subtype="TL">General</w> <w type="NN" subtype="TL">Electric</w> <w type="VB">sign</w> <w type="AT">a</w> <w type="JJ">wide-open</w> <w type="NN">consent</w> <w type="NN">decree</w> <w type="CS">that</w> <w type="PPS">it</w> <w type="MD">would</w> <w type="NEG">not</w> <w type="VB">reduce</w> <w type="NNS">prices</w> <w type="QL">so</w> <w type="RB">low</w> <w type="IN">as</w> <w type="TO">to</w> <w type="VB">compete</w> <w type="RB">seriously</w> <w type="IN">with</w> <w type="PPg">its</w> <w type="NNS">fellows</w> <c type="pct">.</c> </s>
<s n="31"><w type="IN">In</w> <w type="AP">other</w> <w type="NNS">words</w> <c type="pct">,</c> <w type="AT">the</w> <w type="JJ">anti-trust</w> <w type="NNS">laws</w> <c type="pct">,</c> <w type="VBN">designed</w> <w type="TO">to</w> <w type="VB">reduce</w> <w type="NNS">prices</w> <w type="IN">to</w> <w type="AT">the</w> <w type="NN">consumer</w> <w type="IN">on</w> <w type="NR">Monday</w> <c type="pct">,</c> <w type="NR">Wednesday</w> <w type="CC">and</w> <w type="NR">Friday</w> <c type="pct">,</c> <w type="VB">become</w> <w type="AT">a</w> <w type="NN">tool</w> <w type="TO">to</w> <w type="VB">protect</w> <w type="AT">the</w> <w type="JJ">marginal</w> <w type="NN">manufacturer</w> <w type="IN">on</w> <w type="NR">Tuesday</w> <c type="pct">,</c> <w type="NR">Thursday</w> <w type="CC">and</w> <w type="NR">Saturday</w> <c type="pct">.</c> </s>
<s n="32"><w type="CC">And</w> <w type="WDT">which</w> <w type="NN">theory</w> <w type="MD">would</w> <w type="VB">govern</w> <w type="AT">the</w> <w type="NNS">enforcers</w> <w type="IN">of</w> <w type="AT">the</w> <w type="NN">law</w> <w type="IN">on</w> <w type="NR">Sunday</w> <c type="pct">?</c> <c type="pct">?</c> </s>
</p>
<p><s n="33"><w type="AT">The</w> <w type="NN">question</w> <w type="MD">might</w> <w type="BE">be</w> <w type="VBN">asked</w> <c type="pct">:</c> <c type="pct">``</c> <mw pos="DO *">Don't </mw><w type="AT">the</w> <w type="NNS">managements</w> <w type="IN">of</w> <w type="AT">the</w> <w type="NNS">heavy-electrical-goods</w> <w type="NNS">manufacturers</w> <w type="VB">know</w> <w type="DTS">these</w> <w type="NNS">facts</w> <c type="pct">?</c> <c type="pct">?</c> </s>
<s n="34"><w type="WRB">Why</w> <w type="DOD">did</w> <w type="PPSS">they</w> <w type="VB">engage</w> <w type="IN">in</w> <w type="AT">a</w> <w type="NN">flood</w> <w type="IN">of</w> <w type="PPg" subtype="FW">mea</w> <w type="NNS" subtype="FW">culpas</w> <c type="pct">,</c> <w type="VB">throw</w> <w type="AT">a</w> <w type="AP">few</w> <w type="NNS">scapegoats</w> <w type="IN">to</w> <w type="AT">the</w> <w type="NNS">dogs</w> <w type="CC">and</w> <w type="VB">promise</w> <w type="TO">to</w> <w type="BE">be</w> <w type="JJ">good</w> <w type="NNS">boys</w> <w type="RB">thereafter</w> <c type="pct">,</c> <w type="VBG">expressing</w> <w type="PPg">their</w> <w type="JJ">complete</w> <w type="NN">confidence</w> <w type="IN">in</w> <w type="AT">the</w> <w type="NNS">laws</w> <c type="pct">''</c> <c type="pct">?</c> <c type="pct">?</c> </s>
</p>
<p><s n="35"><w type="AT">The</w> <w type="JJ">past</w> <w type="NN">usefulness</w> <w type="IN">of</w> <w type="AT">the</w> <w type="JJ">anti-trust</w> <w type="NNS">laws</w> <w type="IN">to</w> <w type="NN">management</w> <w type="BEDZ">was</w> <w type="VBN">explained</w> <w type="IN">by</w> <w type="NP">Thurman</w> <w type="NP">Arnold</w> <c type="pct">,</c> <w type="IN">in</w> <w type="AT" subtype="TL">The</w> <w type="NN" subtype="TL">Folklore</w> <w type="IN" subtype="TL">of</w> <w type="NN" subtype="TL">Capitalism</w> <c type="pct">,</c> <w type="RB">back</w> <w type="IN">in</w> <w type="CD">1937</w> <c type="pct">.</c> </s>
<s n="36"><w type="PPS">He</w> <w type="VBD">wrote</w> <c type="pct">:</c> <c type="pct">``</c> <c type="pct">(</c> <w type="NN" subtype="TL">P.</w> <w type="CD" subtype="TL">211</w> <c type="pct">)</c> <w type="AT">the</w> <w type="JJ">anti-trust</w> <w type="NNS">laws</w> <w type="BED">were</w> <w type="AT">the</w> <w type="NN">answer</w> <w type="IN">of</w> <w type="AT">a</w> <w type="NN">society</w> <w type="WDT">which</w> <w type="RB">unconsciously</w> <w type="VBD">felt</w> <w type="AT">the</w> <w type="NN">need</w> <w type="IN">of</w> <w type="JJ">great</w> <w type="NNS">organizations</w> <c type="pct">,</c> <w type="CC">and</w> <w type="IN">at</w> <w type="AT">the</w> <w type="AP">same</w> <w type="NN">time</w> <w type="HVD">had</w> <w type="TO">to</w> <w type="VB">deny</w> <w type="PPO">them</w> <w type="AT">a</w> <w type="NN">place</w> <w type="IN">in</w> <w type="AT">the</w> <w type="JJ">moral</w> <w type="CC">and</w> <w type="JJ">logical</w> <w type="NN">ideology</w> <w type="IN">of</w> <w type="AT">the</w> <w type="JJ">social</w> <w type="NN">structure</w> <c type="pct">.</c> </s>
<s n="37"><c type="pct">(</c> <w type="NN" subtype="TL">P.</w> <w type="CD" subtype="TL">214</w> <c type="pct">)</c> <w type="JJ">anti-trust</w> <w type="NNS">laws</w> <w type="VBD">became</w> <w type="AT">the</w> <w type="JJT">greatest</w> <w type="NN">protection</w> <w type="IN">to</w> <w type="JJ">uncontrolled</w> <w type="NN">business</w> <w type="NN">dictatorship</w> <c type="pct">.</c> </s>
<s n="38"><c type="pct">(</c> <w type="NN" subtype="TL">P.</w> <w type="CD" subtype="TL">215</w> <c type="pct">)</c> <w type="WRB">when</w> <w type="JJ">corporate</w> <w type="NNS">abuses</w> <w type="BED">were</w> <w type="VBN">attacked</w> <c type="pct">,</c> <w type="PPS">it</w> <w type="BEDZ">was</w> <w type="VBN">done</w> <w type="IN">on</w> <w type="AT">the</w> <w type="NN">theory</w> <w type="CS">that</w> <w type="JJ">criminal</w> <w type="NNS">penalties</w> <w type="MD">would</w> <w type="BE">be</w> <w type="VBN">invoked</w> <w type="IN">rather</w> <w type="IN">than</w> <w type="NN">control</w> <c type="pct">.</c> </s>
<s n="39"><w type="IN">In</w> <w type="DT">this</w> <w type="NN">manner</w> <c type="pct">,</c> <w type="AT">every</w> <w type="NN">scheme</w> <w type="IN">for</w> <w type="JJ">direct</w> <w type="NN">control</w> <w type="VBD">broke</w> <w type="IN">to</w> <w type="NNS">pieces</w> <w type="IN">on</w> <w type="AT">the</w> <w type="JJ">great</w> <w type="JJ">protective</w> <w type="NN">rock</w> <w type="IN">of</w> <w type="AT">the</w> <w type="JJ">anti-trust</w> <w type="NNS">laws</w> <c type="pct">.</c> </s>
<s n="40"><c type="pct">(</c> <w type="NNS" subtype="TL">Pp.</w> <w type="CD" subtype="TL">228-229</w> <c type="pct">)</c> <w type="IN">in</w> <w type="DTI">any</w> <w type="NN">event</w> <c type="pct">,</c> <w type="PPS">it</w> <w type="BEZ">is</w> <w type="JJ">obvious</w> <w type="CS">that</w> <w type="AT">the</w> <w type="JJ">anti-trust</w> <w type="NNS">laws</w> <w type="DOD">did</w> <w type="NEG">not</w> <w type="VB">prevent</w> <w type="AT">the</w> <w type="NN">formation</w> <w type="IN">of</w> <w type="DTI">some</w> <w type="IN">of</w> <w type="AT">the</w> <w type="JJT">greatest</w> <w type="JJ">financial</w> <w type="NNS">empires</w> <w type="AT">the</w> <w type="NN">world</w> <w type="HVZ">has</w> <w type="RB">ever</w> <w type="VBN">known</w> <c type="pct">,</c> <w type="VBN">held</w> <w type="RB">together</w> <w type="IN">by</w> <w type="DTI">some</w> <w type="IN">of</w> <w type="AT">the</w> <w type="QL">most</w> <w type="JJ">fantastic</w> <w type="NNS">ideas</w> <c type="pct">,</c> <w type="ABN">all</w> <w type="VBN">based</w> <w type="IN">on</w> <w type="AT">the</w> <w type="JJ">fundamental</w> <w type="NN">notion</w> <w type="CS">that</w> <w type="AT">a</w> <w type="NN">corporation</w> <w type="BEZ">is</w> <w type="AT">an</w> <w type="NN">individual</w> <w type="WPS">who</w> <w type="MD">can</w> <w type="VB">trade</w> <w type="CC">and</w> <w type="VB">exchange</w> <w type="NNS">goods</w> <w type="IN">without</w> <w type="NN">control</w> <w type="IN">by</w> <w type="AT">the</w> <w type="NN">government</w> <c type="pct">''</c> <c type="pct">.</c> </s>
</p>
<p><s n="41"><w type="DT">This</w> <w type="NN">escape</w> <w type="IN">from</w> <w type="NN">control</w> <w type="HVZ">has</w> <w type="VBN">led</w> <w type="IN">to</w> <w type="NNg">management's</w> <w type="VBG">evaluating</w> <w type="AT">the</w> <w type="NN">risk</w> <w type="IN">of</w> <w type="JJ">occasional</w> <w type="JJ">irrational</w> <w type="NN">prosecution</w> <w type="CS">as</w> <w type="JJ">worth</w> <w type="NN">while</w> <c type="pct">.</c> </s>
<s n="42"><w type="AT">A</w> <w type="NN">plea</w> <w type="IN">of</w> <w type="VB" subtype="FW">nolo</w> <w type="VB" subtype="FW">contendere</w> <c type="pct">,</c> <w type="VBN">followed</w> <w type="IN">by</w> <w type="AT">a</w> <w type="JJ">nominal</w> <w type="NN">fine</w> <c type="pct">,</c> <w type="IN">after</w> <w type="ABN">all</w> <w type="BEZ">is</w> <w type="AT">a</w> <w type="JJ">small</w> <w type="NN">price</w> <w type="TO">to</w> <w type="VB">pay</w> <w type="IN">for</w> <w type="DT">this</w> <w type="JJ">untrammeled</w> <w type="NN">license</w> <c type="pct">.</c> </s>
<s n="43"><c type="pct">(</c> <w type="AT">The</w> <w type="NNS">penalties</w> <w type="VBN">handed</w> <w type="RP">out</w> <w type="IN">in</w> <w type="AT">the</w> <w type="JJ">electrical</w> <w type="NN">case</w> <c type="pct">,</c> <w type="WDT">which</w> <w type="VBD">included</w> <w type="NN">jail</w> <w type="NNS">sentences</w> <c type="pct">,</c> <w type="BED">were</w> <w type="JJ">unprecedented</w> <w type="IN">in</w> <w type="JJ">anti-trust</w> <w type="NNS">prosecutions</w> <c type="pct">,</c> <w type="RB">perhaps</w> <w type="CS">because</w> <w type="AT">the</w> <w type="NNS">conspirators</w> <w type="HVD">had</w> <w type="VBN">displayed</w> <w type="JJ">unusual</w> <w type="NN">ineptness</w> <w type="IN">in</w> <w type="PPg">their</w> <w type="VBG">pricing</w> <w type="NNS">activities</w> <c type="pct">.</c> </s>
</p>
<p><s n="44"><w type="CS">If</w> <w type="AT">a</w> <w type="JJ">substitute</w> <w type="NN">mechanism</w> <w type="BEZ">is</w> <w type="VBN">needed</w> <w type="IN">for</w> <w type="AT">the</w> <w type="NN">control</w> <w type="IN">of</w> <w type="AT">a</w> <w type="JJ">fictitious</w> <w type="JJ">impersonal</w> <w type="NN">market</w> <c type="pct">,</c> <w type="QL">quite</w> <w type="RB">obviously</w> <w type="DTI">some</w> <w type="NN">method</w> <w type="MD">must</w> <w type="BE">be</w> <w type="VBN">devised</w> <w type="IN">for</w> <w type="VBG">representing</w> <w type="AT">the</w> <w type="JJ">public</w> <w type="NN">interest</w> <c type="pct">.</c> </s>
<s n="45"><w type="AT">A</w> <w type="JJ">secret</w> <w type="NN">conspiracy</w> <w type="IN">of</w> <w type="NNS">manufacturers</w> <w type="BEZ">is</w> <w type="RB">hardly</w> <w type="ABL">such</w> <w type="AT">a</w> <w type="NN">vehicle</w> <c type="pct">.</c> </s>
<s n="46"><w type="WRB">However</w> <c type="pct">,</c> <w type="PN">one</w> <w type="MD">can</w> <w type="VB">argue</w> <w type="CS">that</w> <w type="AT">no</w> <w type="JJ">such</w> <w type="NN">control</w> <w type="BEZ">is</w> <w type="JJ">necessary</w> <w type="QL">as</w> <w type="RB">long</w> <w type="CS">as</w> <w type="PN">one</w> <w type="VBZ">pretends</w> <w type="CS">that</w> <w type="AT">the</w> <w type="JJ">anti-trust</w> <w type="NNS">laws</w> <w type="BER">are</w> <w type="JJ">effective</w> <w type="CC">and</w> <w type="JJ">rational</w> <c type="pct">.</c> </s>
<s n="47"><w type="QL">Quite</w> <w type="RB">clearly</w> <w type="AT">the</w> <w type="JJ">anti-trust</w> <w type="NNS">laws</w> <w type="BER">are</w> <w type="DTX">neither</w> <w type="JJ">effective</w> <w type="CC">nor</w> <w type="JJ">rational</w> <c type="pct">--</c> <w type="CC">and</w> <w type="RB">yet</w> <w type="AT">the</w> <w type="NN">argument</w> <w type="VBZ">goes</w> <w type="CS">that</w> <w type="PPSS">they</w> <w type="MD">should</w> <w type="BE">be</w> <w type="VBN">extended</w> <w type="IN">to</w> <w type="AT">the</w> <w type="NN">labor</w> <w type="NN">union</w> <c type="pct">.</c> </s>
</p>
<p><s n="48"><w type="DTS">Those</w> <w type="WPS">who</w> <w type="VB">favor</w> <w type="VBG">placing</w> <w type="NN">trade</w> <w type="NNS">unions</w> <w type="IN">under</w> <w type="JJ">anti-trust</w> <w type="NNS">laws</w> <w type="VB">imply</w> <w type="CS">that</w> <w type="PPSS">they</w> <w type="BER">are</w> <w type="VBG">advocating</w> <w type="AT">a</w> <w type="QL">brand</w> <w type="JJ">new</w> <w type="NN">reform</w> <c type="pct">.</c> </s>
</p>
<p><s n="49"><w type="IN">Before</w> <w type="CD">1933</w> <c type="pct">,</c> <w type="NNS">individuals</w> <w type="WPS">who</w> <w type="VBD">opposed</w> <w type="NN">trade</w> <w type="NNS">unions</w> <w type="CC">and</w> <w type="JJ">collective</w> <w type="NN">bargaining</w> <w type="VBD">said</w> <w type="RB">so</w> <w type="IN">in</w> <w type="JJ">plain</w> <w type="NP">English</w> <c type="pct">.</c> </s>
<s n="50"><w type="AT">The</w> <w type="NN">acceptance</w> <w type="IN">of</w> <w type="JJ">collective</w> <w type="NN">bargaining</w> <w type="CS">as</w> <w type="AT">a</w> <w type="JJ">national</w> <w type="NN">policy</w> <w type="IN">in</w> <w type="CD">1934</w> <c type="pct">,</c> <w type="JJ">implicit</w> <w type="IN">in</w> <w type="AT">the</w> <w type="NN">writing</w> <w type="IN">of</w> <w type="NN" subtype="TL">Section</w> <w type="CD" subtype="TL">7A</w> <w type="IN">of</w> <w type="AT">the</w> <w type="JJ" subtype="TL">National</w> <w type="JJ" subtype="TL">Industrial</w> <w type="NN" subtype="TL">Recovery</w> <w type="NN" subtype="TL">Act</w> <c type="pct">,</c> <w type="HVZ">has</w> <w type="VBN">made</w> <w type="PPO">it</w> <w type="JJ">impolitic</w> <w type="TO">to</w> <w type="VB">oppose</w> <w type="JJ">collective</w> <w type="NN">bargaining</w> <w type="IN">in</w> <w type="NN">principle</w> <c type="pct">.</c> </s>
<s n="51"><w type="AT">The</w> <w type="NP" subtype="TL">Wagner</w> <w type="NN" subtype="TL">Act</w> <c type="pct">,</c> <w type="AT">the</w> <w type="NP" subtype="TL">Taft-Hartley</w> <w type="NN" subtype="TL">Act</w> <w type="CC">and</w> <w type="AT">the</w> <w type="NP" subtype="TL">Landrum-Griffin</w> <w type="NN" subtype="TL">Act</w> <w type="ABN">all</w> <w type="VB">endorse</w> <w type="AT">the</w> <w type="NN">principle</w> <w type="IN">of</w> <w type="JJ">collective</w> <w type="VBG">bargaining</w> <c type="pct">.</c> </s>
</p>
<p><s n="52"><w type="AT">The</w> <w type="JJ">basic</w> <w type="NN">purpose</w> <w type="IN">of</w> <w type="AT">an</w> <w type="JJ">effective</w> <w type="NN">collective-bargaining</w> <w type="NN">system</w> <w type="BEZ">is</w> <w type="AT">the</w> <w type="NN">removal</w> <w type="IN">of</w> <w type="NNS">wages</w> <w type="IN">from</w> <w type="NN">competition</w> <c type="pct">.</c> </s>
<s n="53"><w type="CS">If</w> <w type="AT">a</w> <w type="NN">union</w> <mw pos="MD *">cannot </mw><w type="VB">perform</w> <w type="DT">this</w> <w type="NN">function</w> <c type="pct">,</c> <w type="RB">then</w> <w type="JJ">collective</w> <w type="NN">bargaining</w> <w type="BEZ">is</w> <w type="BEG">being</w> <w type="VBN">palmed</w> <w type="RP">off</w> <w type="IN">by</w> <w type="NNS">organizers</w> <w type="CS">as</w> <w type="AT">a</w> <w type="JJ">gigantic</w> <w type="NN">fraud</w> <c type="pct">.</c> </s>
</p>
<p><s n="54"><w type="AT">The</w> <w type="VBN">tortured</w> <w type="NN">reasoning</w> <w type="CS">that</w> <w type="NNS">unions</w> <w type="VB">use</w> <w type="TO">to</w> <w type="VB">deny</w> <w type="PPg">their</w> <w type="NN">ambition</w> <w type="TO">to</w> <w type="VB">exercise</w> <w type="NN">monopoly</w> <w type="NN">power</w> <w type="IN">over</w> <w type="AT">the</w> <w type="NN">supply</w> <w type="CC">and</w> <w type="NN">price</w> <w type="IN">of</w> <w type="NN">labor</w> <w type="BEZ">is</w> <w type="CD">one</w> <w type="IN">of</w> <w type="AT">the</w> <w type="NNS">things</w> <w type="WPS">that</w> <w type="VB">create</w> <w type="AT">a</w> <w type="JJ">legal</w> <w type="NN">profession</w> <c type="pct">.</c> </s>
<s n="55"><w type="AT">The</w> <w type="NN">problem</w> <w type="MD">must</w> <w type="BE">be</w> <w type="VBN">faced</w> <w type="RB">squarely</w> <c type="pct">.</c> </s>
<s n="56"><w type="CS">If</w> <w type="NNS">laborers</w> <w type="BER">are</w> <w type="RB">merely</w> <w type="NNS">commodities</w> <w type="VBG">competing</w> <w type="IN">against</w> <w type="DT">each</w> <w type="AP">other</w> <w type="IN">in</w> <w type="AT">a</w> <w type="NN">market</w> <w type="NN">place</w> <w type="CS">like</w> <w type="QL">so</w> <w type="AP">many</w> <w type="NNS">bags</w> <w type="IN">of</w> <w type="NN">wheat</w> <w type="CC">and</w> <w type="NN">corn</w> <c type="pct">(</c> <w type="JJ">unsupported</w> <c type="pct">,</c> <w type="IN">by</w> <w type="AT">the</w> <w type="NN">way</w> <c type="pct">,</c> <w type="IN">by</w> <w type="DTI">any</w> <w type="JJ">agricultural</w> <w type="NN">subsidy</w> <c type="pct">)</c> <c type="pct">,</c> <w type="RB">then</w> <w type="PPSS">they</w> <w type="MD">may</w> <w type="BE">be</w> <w type="VBN">pardoned</w> <w type="IN">for</w> <w type="VBG">reacting</w> <w type="IN">with</w> <w type="JJ">complete</w> <w type="NN">antagonism</w> <w type="IN">to</w> <w type="AT">a</w> <w type="NN">system</w> <w type="WPS">that</w> <w type="VBZ">imposes</w> <w type="JJ">such</w> <w type="NN">status</w> <w type="IN">upon</w> <w type="PPO">them</w> <c type="pct">.</c> </s>
</p>
<p><s n="57"><w type="JJ">Human</w> <w type="NN">labor</w> <w type="BEDZ">was</w> <w type="RB">exactly</w> <w type="DT">that</w> <c type="pct">--</c> <w type="AT">a</w> <w type="NN">commodity</w> <c type="pct">--</c> <w type="IN">in</w> <w type="OD">eighteenth-</w> <w type="CC">and</w> <w type="NN">nineteenth-century</w> <w type="NP">America</w> <c type="pct">.</c> </s>
<s n="58"><w type="QL">As</w> <w type="RB">early</w> <w type="CS">as</w> <w type="CD">1776</w> <c type="pct">,</c> <w type="NP">Adam</w> <w type="NP">Smith</w> <w type="VBD">wrote</w> <w type="IN">in</w> <w type="AT" subtype="TL">The</w> <w type="NN" subtype="TL">Wealth</w> <w type="IN" subtype="TL">Of</w> <w type="NNS" subtype="TL">Nations</w> <c type="pct">:</c> <c type="pct">``</c> <w type="PPSS">We</w> <w type="HV">have</w> <w type="AT">no</w> <w type="NNS">acts</w> <w type="IN">of</w> <w type="NN" subtype="TL">Parliament</w> <w type="IN">against</w> <w type="VBG">combining</w> <w type="TO">to</w> <w type="VB">lower</w> <w type="AT">the</w> <w type="NN">price</w> <w type="IN">of</w> <w type="NN">work</w> <c type="pct">;</c> <c type="pct">;</c> </s>
<s n="59"><w type="CC">but</w> <w type="AP">many</w> <w type="IN">against</w> <w type="VBG">combining</w> <w type="TO">to</w> <w type="VB">raise</w> <w type="PPO">it</w> <c type="pct">''</c> <c type="pct">.</c> </s>
<s n="60"><w type="NN">Eighteenth-century</w> <w type="NP">England</w> <c type="pct">,</c> <w type="IN">upon</w> <w type="WPg">whose</w> <w type="NNS">customs</w> <w type="PPg">our</w> <w type="JJ">common</w> <w type="NN">law</w> <w type="BEDZ">was</w> <w type="VBN">built</w> <c type="pct">,</c> <w type="HVD">had</w> <w type="VBN">outlawed</w> <w type="NNS">unions</w> <w type="CS">as</w> <w type="NNS">monopolies</w> <w type="CC">and</w> <w type="NNS">conspiracies</w> <c type="pct">.</c> </s>
<s n="61"><w type="IN">In</w> <w type="CD">1825</w> <c type="pct">,</c> <w type="AT">the</w> <w type="NP">Boston</w> <w type="NN">house</w> <w type="NNSg">carpenters'</w> <w type="NN">strike</w> <w type="IN">for</w> <w type="AT">a</w> <w type="JJ">ten-hour</w> <w type="NN">day</w> <w type="BEDZ">was</w> <w type="VBN">denounced</w> <w type="IN">by</w> <w type="AT">the</w> <w type="VBN">organized</w> <w type="NNS">employers</w> <c type="pct">,</c> <w type="WPS">who</w> <w type="VBD">declared</w> <c type="pct">:</c> <c type="pct">``</c> <w type="PPS">It</w> <w type="BEZ">is</w> <w type="VBN">considered</w> <w type="CS">that</w> <w type="ABN">all</w> <w type="NNS">combinations</w> <w type="IN">by</w> <w type="DTI">any</w> <w type="NNS">classes</w> <w type="IN">of</w> <w type="NNS">citizens</w> <w type="VBN">intended</w> <w type="TO">to</w> <w type="VB">effect</w> <w type="AT">the</w> <w type="NN">value</w> <w type="IN">of</w> <w type="NN">labor</w> <w type="VB">tend</w> <w type="TO">to</w> <w type="VB">convert</w> <w type="ABN">all</w> <w type="PPg">its</w> <w type="NNS">branches</w> <w type="IN">into</w> <w type="NNS">monopolies</w> <c type="pct">''</c> <c type="pct">.</c> </s>
</p>
<p><s n="62"><w type="EX">There</w> <w type="BED">were</w> <w type="AT">no</w> <w type="JJ">pious</w> <w type="NNS">hypocrisies</w> <w type="RB">then</w> <w type="IN">about</w> <w type="BEG">being</w> <w type="IN">for</w> <w type="JJ">collective</w> <w type="NN">bargaining</w> <c type="pct">,</c> <w type="CC">but</w> <w type="IN">against</w> <w type="NN">labor</w> <w type="NN">monopoly</w> <c type="pct">.</c> </s>
<s n="63"><w type="AT">The</w> <w type="NNS">courts</w> <w type="VBD">shared</w> <w type="AT">the</w> <w type="NN">opinion</w> <w type="IN">of</w> <w type="AT">the</w> <w type="NNS">employers</w> <c type="pct">.</c> </s>
<s n="64"><w type="IN" subtype="TL">In</w> <w type="NNS">People</w> <w type="IN">vs.</w> <w type="NP">Fisher</w> <c type="pct">,</c> <w type="NN" subtype="TL">Justice</w> <w type="NP">Savage</w> <w type="IN">of</w> <w type="AT">the</w> <w type="JJ" subtype="TL">New</w> <w type="NP" subtype="TL">York</w> <w type="JJ" subtype="TL">Supreme</w> <w type="NN" subtype="TL">Court</w> <w type="VBD">declared</w> <c type="pct">:</c> </s>
</p>
<p><s n="65"><c type="pct">``</c> <w type="IN">Without</w> <w type="DTI">any</w> <w type="JJ">officious</w> <w type="CC">and</w> <w type="JJ">improper</w> <w type="NN">interference</w> <w type="IN">on</w> <w type="AT">the</w> <w type="NN">subject</w> <c type="pct">,</c> <w type="AT">the</w> <w type="NN">price</w> <w type="IN">of</w> <w type="NN">labor</w> <w type="CC">or</w> <w type="AT">the</w> <w type="NNS">wages</w> <w type="IN">of</w> <w type="NNS">mechanics</w> <w type="MD">will</w> <w type="BE">be</w> <w type="VBN">regulated</w> <w type="IN">by</w> <w type="AT">the</w> <w type="NN">demand</w> <w type="IN">for</w> <w type="AT">the</w> <w type="VBN">manufactured</w> <w type="NN">article</w> <w type="CC">and</w> <w type="AT">the</w> <w type="NN">value</w> <w type="IN">of</w> <w type="DT">that</w> <w type="WDT">which</w> <w type="BEZ">is</w> <w type="VBN">paid</w> <w type="IN">for</w> <w type="PPO">it</w> <c type="pct">;</c> <c type="pct">;</c> </s>
<s n="66"><w type="CC">but</w> <w type="AT">the</w> <w type="NN">right</w> <w type="DOZ">does</w> <w type="NEG">not</w> <w type="VB">exist</w> <w type="TO">to</w> <w type="VB">raise</w> <w type="AT">the</w> <w type="NNS">wages</w> <w type="IN">of</w> <w type="AT">the</w> <w type="NN">mechanic</w> <w type="IN">by</w> <w type="DTI">any</w> <w type="VBN">forced</w> <w type="CC">and</w> <w type="JJ">artificial</w> <w type="NNS">means</w> <c type="pct">''</c> <c type="pct">.</c> </s>
</p>
<p><s n="67"><w type="VB">Compare</w> <w type="DT">this</w> <w type="NN">statement</w> <w type="IN">of</w> <w type="AT">a</w> <w type="NN">nineteenth-century</w> <w type="NN">judge</w> <w type="IN">with</w> <w type="WRB">how</w> <w type="NN" subtype="TL">Congressman</w> <w type="NP">Martin</w> <c type="pct">,</c> <w type="IN">according</w> <w type="IN">to</w> <w type="AT">the</w> <w type="JJ" subtype="TL">Daily</w> <w type="NN" subtype="TL">Labor</w> <w type="NN" subtype="TL">Report</w> <w type="IN">of</w> <w type="NP">Sept.</w> <w type="CD">19</w> <c type="pct">,</c> <w type="CD">1961</w> <c type="pct">,</c> <w type="VBZ">defends</w> <w type="AT">the</w> <w type="NN">necessity</w> <w type="IN">of</w> <w type="VBG">enacting</w> <w type="JJ">anti-trust</w> <w type="NN">legislation</w> <w type="IN">in</w> <w type="AT">the</w> <w type="NN">field</w> <w type="IN">of</w> <w type="NN">labor</w> <c type="pct">``</c> <w type="CS">if</w> <w type="PPSS">we</w> <w type="VB">wish</w> <w type="TO">to</w> <w type="VB">prevent</w> <w type="JJ">monopolistic</w> <w type="NN">fixing</w> <w type="IN">of</w> <w type="NNS">wages</w> <c type="pct">,</c> <w type="NN">production</w> <w type="CC">or</w> <w type="NNS">prices</w> <w type="CC">and</w> <w type="CS">if</w> <w type="PPSS">we</w> <w type="VB">wish</w> <w type="TO">to</w> <w type="VB">preserve</w> <w type="AT">the</w> <w type="NN">freedom</w> <w type="IN">of</w> <w type="AT">the</w> <w type="NN">employer</w> <w type="CC">and</w> <w type="PPg">his</w> <w type="NNS">employees</w> <w type="TO">to</w> <w type="VB">contract</w> <w type="IN">on</w> <w type="NNS">wages</w> <c type="pct">,</c> <w type="NNS">hours</w> <w type="CC">and</w> <w type="NNS">conditions</w> <w type="IN">of</w> <w type="NN">employment</w> <c type="pct">''</c> <c type="pct">.</c> </s>
</p>
<p><s n="68"><w type="NN" subtype="TL">Senator</w> <w type="NP">McClellan</w> <w type="BEZ">is</w> <w type="VBG">proposing</w> <w type="AT">the</w> <w type="NN">application</w> <w type="IN">of</w> <w type="JJ">anti-trust</w> <w type="NNS">measures</w> <w type="IN">to</w> <w type="NNS">unions</w> <w type="IN">in</w> <w type="NN">transportation</w> <c type="pct">.</c> </s>
<s n="69"><w type="PPg">His</w> <w type="NN">bill</w> <c type="pct">,</c> <w type="RB">allegedly</w> <w type="VBN">aimed</w> <w type="IN">at</w> <w type="NP">Hoffa</w> <c type="pct">,</c> <w type="MD">would</w> <w type="VB">amend</w> <w type="AT">the</w> <w type="NP">Sherman</w> <c type="pct">,</c> <w type="NP">Clayton</w> <w type="CC">and</w> <w type="NP">Norris-LaGuardia</w> <w type="NNS">acts</w> <w type="TO">to</w> <w type="VB">authorize</w> <w type="AT">the</w> <w type="NN">issuance</w> <w type="IN">of</w> <w type="JJ">federal</w> <w type="NNS">injunctions</w> <w type="IN">in</w> <w type="DTI">any</w> <w type="NN">transportation</w> <w type="NN">strike</w> <w type="CC">and</w> <w type="MD">would</w> <w type="VB">make</w> <w type="PPO">it</w> <w type="JJ">illegal</w> <w type="IN">for</w> <w type="DTI">any</w> <w type="NN">union</w> <w type="TO">to</w> <w type="VB">act</w> <w type="IN">in</w> <w type="NN">concert</w> <w type="IN">with</w> <w type="DTI">any</w> <w type="AP">other</w> <w type="NN">union</w> <c type="pct">--</c> <w type="RB">even</w> <w type="AT">a</w> <w type="NN">sister</w> <w type="NN">local</w> <w type="IN">in</w> <w type="AT">the</w> <w type="AP">same</w> <w type="NN">international</w> <c type="pct">.</c> </s>
</p>
<p><s n="70"><w type="RB">Paradoxically</w> <c type="pct">,</c> <w type="AT">the</w> <w type="AP">same</w> <w type="NN">week</w> <w type="IN">in</w> <w type="WDT">which</w> <w type="NN" subtype="TL">Senator</w> <w type="NP">McClellan</w> <w type="BEDZ">was</w> <w type="VBG">attempting</w> <w type="TO">to</w> <w type="VB">extend</w> <w type="AT">the</w> <w type="JJ">anti-trust</w> <w type="NN">act</w> <w type="IN">to</w> <w type="NN">labor</w> <w type="IN">in</w> <w type="NN">transportation</w> <c type="pct">,</c> <w type="AT">the</w> <w type="JJ" subtype="TL">Civil</w> <w type="NN" subtype="TL">Aeronautics</w> <w type="NN" subtype="TL">Board</w> <w type="BEDZ">was</w> <w type="VBG">assuring</w> <w type="AT">the</w> <w type="NNS">airlines</w> <w type="CS">that</w> <w type="CS">if</w> <w type="PPSS">they</w> <w type="VBD">met</w> <w type="IN">in</w> <w type="NN">concert</w> <w type="TO">to</w> <w type="VB">eliminate</w> <w type="AP">many</w> <w type="JJ">costly</w> <w type="NNS">features</w> <w type="IN">of</w> <w type="NN">air</w> <w type="NN">travel</w> <c type="pct">,</c> <w type="AT">the</w> <w type="NN">action</w> <w type="MD">would</w> <w type="NEG">not</w> <w type="BE">be</w> <w type="VBN">deemed</w> <w type="AT">a</w> <w type="NN">violation</w> <w type="IN">of</w> <w type="AT">the</w> <w type="JJ">anti-trust</w> <w type="NN">act</w> <c type="pct">.</c> </s>
<s n="71"><w type="RB">Indeed</w> <c type="pct">,</c> <w type="PPS">it</w> <w type="BEZ">is</w> <w type="IN">in</w> <w type="AT">the</w> <w type="NN">field</w> <w type="IN">of</w> <w type="NN">transportation</w> <w type="CS">that</w> <w type="NP">Congress</w> <w type="HVZ">has</w> <w type="QL">most</w> <w type="RB">frequently</w> <w type="VBN">granted</w> <w type="NNS">employers</w> <w type="NN">exemption</w> <w type="IN">from</w> <w type="AT">the</w> <w type="JJ">anti-trust</w> <w type="NNS">laws</w> <c type="pct">;</c> <c type="pct">;</c> </s>
<s n="72"><w type="IN">for</w> <w type="NN">example</w> <c type="pct">,</c> <w type="AT">the</w> <w type="NN">organization</w> <w type="IN">of</w> <w type="NN">steamship</w> <w type="NNS">conferences</w> <w type="TO">to</w> <w type="VB">set</w> <w type="NN">freight</w> <w type="NNS">rates</w> <w type="CC">and</w> <w type="AT">the</w> <w type="NN">encouragement</w> <w type="IN">of</w> <w type="NNS">railroads</w> <w type="TO">to</w> <w type="VB">seek</w> <w type="NNS">mergers</w> <c type="pct">.</c> </s>
<s n="73"><w type="IN">At</w> <w type="AT">the</w> <w type="AP">very</w> <w type="NN">moment</w> <w type="CS">that</w> <w type="AT">every</w> <w type="NN">attempt</w> <w type="BEZ">is</w> <w type="BEG">being</w> <w type="VBN">made</w> <w type="TO">to</w> <w type="VB">take</w> <w type="NN">management</w> <w type="RP">out</w> <w type="IN">from</w> <w type="IN">under</w> <w type="AT">the</w> <w type="NN">irrationality</w> <w type="IN">of</w> <w type="JJ">anti-trust</w> <w type="NN">legislation</w> <c type="pct">,</c> <w type="AT">a</w> <w type="NN">drive</w> <w type="BEZ">is</w> <w type="RP">on</w> <w type="TO">to</w> <w type="VB">abolish</w> <w type="JJ">collective</w> <w type="NN">bargaining</w> <w type="IN">under</w> <w type="AT">the</w> <w type="NN">guise</w> <w type="IN">of</w> <w type="VBG">extending</w> <w type="AT">the</w> <w type="JJ">anti-monopoly</w> <w type="NNS">laws</w> <w type="IN">to</w> <w type="NNS">unions</w> <w type="WPS">who</w> <w type="VB">want</w> <w type="AT">no</w> <w type="AP">more</w> <w type="IN">than</w> <w type="TO">to</w> <w type="VB">continue</w> <w type="TO">to</w> <w type="VB">set</w> <w type="NNS">wages</w> <w type="IN">in</w> <w type="AT">the</w> <w type="AP">same</w> <w type="NN">way</w> <w type="CS">that</w> <w type="NN">ship</w> <w type="NNS">operators</w> <w type="VB">set</w> <w type="NN">freight</w> <w type="NNS">rates</w> <c type="pct">.</c> </s>
</p>
<p><s n="74"><w type="AT">The</w> <w type="NN">passage</w> <w type="IN">of</w> <w type="AT">the</w> <w type="NP" subtype="TL">Sherman</w> <w type="NN" subtype="TL">Act</w> <w type="BEDZ">was</w> <w type="VBN">aimed</w> <w type="IN">at</w> <w type="JJ">giant</w> <w type="NNS">monopolies</w> <c type="pct">.</c> </s>
<s n="75"><w type="PPS">It</w> <w type="BEDZ">was</w> <w type="QL">most</w> <w type="JJ">effective</w> <w type="IN">against</w> <w type="NN">trade</w> <w type="NNS">unions</w> <c type="pct">.</c> </s>
<s n="76"><w type="IN">In</w> <w type="AT">the</w> <w type="JJ">famous</w> <w type="NP" subtype="TL">Danbury</w> <w type="NNS" subtype="TL">Hatters</w> <w type="NN">case</w> <c type="pct">,</c> <w type="AT">a</w> <w type="NN">suit</w> <w type="BEDZ">was</w> <w type="VBN">brought</w> <w type="IN">against</w> <w type="AT">the</w> <w type="NN">union</w> <w type="IN">by</w> <w type="AT">the</w> <w type="NP" subtype="TL">Loewe</w> <w type="NN" subtype="TL">Company</w> <w type="IN">for</w> <w type="JJ">monopolistic</w> <w type="NNS">practices</w> <c type="pct">,</c> <w type="RB">e.g.</w> <c type="pct">,</c> <w type="VBG">trying</w> <w type="TO">to</w> <w type="VB">persuade</w> <w type="NNS">consumers</w> <w type="NEG">not</w> <w type="TO">to</w> <w type="VB">purchase</w> <w type="AT">the</w> <w type="NN">product</w> <w type="IN">of</w> <w type="AT">the</w> <w type="VBN">struck</w> <w type="NN">manufacturer</w> <c type="pct">.</c> </s>
<s n="77"><w type="AT">The</w> <w type="NN">suit</w> <w type="IN">against</w> <w type="AT">the</w> <w type="NN">union</w> <w type="BEDZ">was</w> <w type="JJ">successful</w> <w type="CC">and</w> <w type="AP">many</w> <w type="NNS">workers</w> <w type="VBD">lost</w> <w type="PPg">their</w> <w type="NNS">homes</w> <w type="TO">to</w> <w type="VB">pay</w> <w type="RP">off</w> <w type="AT">the</w> <w type="NN">judgment</w> <c type="pct">.</c> </s>
</p>
<p><s n="78"><w type="IN">In</w> <w type="CD">1914</w> <c type="pct">,</c> <w type="AT">the</w> <w type="NP" subtype="TL">Clayton</w> <w type="NN" subtype="TL">Act</w> <w type="VBD">attempted</w> <w type="TO">to</w> <w type="VB">take</w> <w type="NN">labor</w> <w type="RP">out</w> <w type="IN">from</w> <w type="IN">under</w> <w type="AT">the</w> <w type="JJ">anti-trust</w> <w type="NN">legislation</w> <w type="IN">by</w> <w type="VBG">stating</w> <w type="CS">that</w> <w type="JJ">human</w> <w type="NN">labor</w> <w type="BEDZ">was</w> <w type="NEG">not</w> <w type="TO">to</w> <w type="BE">be</w> <w type="VBN">considered</w> <w type="AT">a</w> <w type="NN">commodity</w> <c type="pct">.</c> </s>
<s n="79"><w type="AT">The</w> <w type="NN">law</w> <w type="MD">could</w> <w type="NEG">not</w> <w type="VB">suspend</w> <w type="NN">economics</w> <c type="pct">.</c> </s>
<s n="80"><w type="NN">Labor</w> <w type="VBD">remained</w> <w type="AT">a</w> <w type="NN">commodity</w> <c type="pct">--</c> <w type="CC">but</w> <w type="RB">presumably</w> <w type="AT">a</w> <w type="JJ">privileged</w> <w type="CD">one</w> <w type="VBN">granted</w> <w type="NN">immunization</w> <w type="IN">from</w> <w type="AT">the</w> <w type="JJ">anti-trust</w> <w type="NNS">laws</w> <c type="pct">.</c> </s>
</p>
<p><s n="81"><w type="AT">The</w> <w type="NNS">courts</w> <c type="pct">,</c> <w type="IN">by</w> <w type="NN">interpretation</w> <c type="pct">,</c> <w type="VBD">emasculated</w> <w type="AT">the</w> <w type="NN">act</w> <c type="pct">.</c> </s>
<s n="82"><w type="IN">In</w> <w type="CD">1922</w> <c type="pct">,</c> <w type="AT">the</w> <w type="VBN" subtype="TL">United</w> <w type="NN" subtype="TL">Mine</w> <w type="NNS" subtype="TL">Workers</w> <w type="VBD">struck</w> <w type="AT">the</w> <w type="NP" subtype="TL">Coronado</w> <w type="NN" subtype="TL">Coal</w> <w type="NN" subtype="TL">Company</w> <c type="pct">.</c> </s>
<s n="83"><w type="AT">The</w> <w type="NN">company</w> <w type="VBD">sued</w> <w type="IN">under</w> <w type="AT">the</w> <w type="JJ">anti-trust</w> <w type="NNS">laws</w> <c type="pct">,</c> <w type="VBG">alleging</w> <w type="CS">that</w> <w type="AT">the</w> <w type="NNg">union's</w> <w type="NN">activity</w> <w type="VBD">interfered</w> <w type="IN">with</w> <w type="AT">the</w> <w type="NN">movement</w> <w type="IN">of</w> <w type="JJ">interstate</w> <w type="NN">commerce</w> <c type="pct">.</c> </s>
<s n="84"><c type="pct">(</c> <w type="WDT">What</w> <w type="AP">other</w> <w type="NN">purpose</w> <w type="MD">could</w> <w type="AT">a</w> <w type="VBG">striking</w> <w type="NN">union</w> <w type="HV">have</w> <w type="IN">but</w> <w type="TO">to</w> <w type="VB">interrupt</w> <w type="AT">the</w> <w type="NN">flow</w> <w type="IN">of</w> <w type="NN">commerce</w> <w type="IN">from</w> <w type="AT">the</w> <w type="VBN">struck</w> <w type="NN">enterprise</w> <c type="pct">?</c> <c type="pct">?</c> </s>
<s n="85"><c type="pct">)</c> <w type="AT">The</w> <w type="NN">court</w> <w type="RB">first</w> <w type="VBD">ruled</w> <w type="CS">that</w> <w type="AT">the</w> <w type="NN">strike</w> <w type="VBD">constituted</w> <w type="RB">only</w> <w type="AT">an</w> <w type="JJ">indirect</w> <w type="NN">interference</w> <w type="IN">with</w> <w type="NN">commerce</w> <c type="pct">.</c> </s>
</p>
<p></p></body></text></TEI>
