<TEI xmlns="http://www.tei-c.org/ns/1.0"><teiHeader><fileDesc><titleStmt><title>Sample B01 from  The Atlanta Constitution, March 6, 1961, p.4
 </title><title type="sub">Editorials 
"Close-Up"  The Washington Post, June 1, 1961, p.A24 Used by permission of The Washington Post
Editorials 
</title></titleStmt><editionStmt><edition>A part  of the XML version of the Brown Corpus</edition></editionStmt><extent>2,012 words 43 (2.1%) quotes 4 symbols</extent><publicationStmt><idno>B01</idno><availability><p>Used by permission of The Atlanta Constitution</p></availability></publicationStmt><sourceDesc><bibl> The Atlanta Constitution, March 6, 1961, p.4
 </bibl></sourceDesc></fileDesc><encodingDesc><p>Typographical Error: often-blood thirsty [1290]</p></encodingDesc><revisionDesc><change when="2008-04-27">Header auto-generated for TEI version</change></revisionDesc></teiHeader>
<text xml:id="B01" decls="B">
<body><p><s n="1"><w type="NN" subtype="HL">Assembly</w> <w type="NN" subtype="HL">session</w> <w type="VBD" subtype="HL">brought</w> <w type="AP" subtype="HL">much</w> <w type="NN" subtype="HL">good</w> </s>
<s n="2"><w type="AT">The</w> <w type="JJ" subtype="TL">General</w> <w type="NN" subtype="TL">Assembly</w> <c type="pct">,</c> <w type="WDT">which</w> <w type="VBZ">adjourns</w> <w type="NR">today</w> <c type="pct">,</c> <w type="HVZ">has</w> <w type="VBN">performed</w> <w type="IN">in</w> <w type="AT">an</w> <w type="NN">atmosphere</w> <w type="IN">of</w> <w type="NN">crisis</w> <w type="CC">and</w> <w type="NN">struggle</w> <w type="IN">from</w> <w type="AT">the</w> <w type="NN">day</w> <w type="PPS">it</w> <w type="VBD">convened</w> <c type="pct">.</c> </s>
<s n="3"><w type="PPS">It</w> <w type="BEDZ">was</w> <w type="VBN">faced</w> <w type="RB">immediately</w> <w type="IN">with</w> <w type="AT">a</w> <w type="NN">showdown</w> <w type="IN">on</w> <w type="AT">the</w> <w type="NNS">schools</w> <c type="pct">,</c> <w type="AT">an</w> <w type="NN">issue</w> <w type="WDT">which</w> <w type="BEDZ">was</w> <w type="VBN">met</w> <w type="RB">squarely</w> <w type="IN">in</w> <w type="NN">conjunction</w> <w type="IN">with</w> <w type="AT">the</w> <w type="NN">governor</w> <w type="IN">with</w> <w type="AT">a</w> <w type="NN">decision</w> <w type="NEG">not</w> <w type="TO">to</w> <w type="VB">risk</w> <w type="VBG">abandoning</w> <w type="NN">public</w> <w type="NN">education</w> <c type="pct">.</c> </s>
</p>
<p><s n="4"><w type="EX">There</w> <w type="VBD">followed</w> <w type="AT">the</w> <w type="JJ">historic</w> <w type="NNS">appropriations</w> <w type="CC">and</w> <w type="NN">budget</w> <w type="NN">fight</w> <c type="pct">,</c> <w type="IN">in</w> <w type="WDT">which</w> <w type="AT">the</w> <w type="JJ" subtype="TL">General</w> <w type="NN" subtype="TL">Assembly</w> <w type="VBD">decided</w> <w type="TO">to</w> <w type="VB">tackle</w> <w type="NN">executive</w> <w type="NNS">powers</w> <c type="pct">.</c> </s>
<s n="5"><w type="AT">The</w> <w type="JJ">final</w> <w type="NN">decision</w> <w type="VBD">went</w> <w type="IN">to</w> <w type="AT">the</w> <w type="NN">executive</w> <w type="CC">but</w> <w type="AT">a</w> <w type="NN">way</w> <w type="HVZ">has</w> <w type="BEN">been</w> <w type="VBN">opened</w> <w type="IN">for</w> <w type="VBG">strengthening</w> <w type="VBG">budgeting</w> <w type="NNS">procedures</w> <w type="CC">and</w> <w type="TO">to</w> <w type="VB">provide</w> <w type="NNS">legislators</w> <w type="NN">information</w> <w type="PPSS">they</w> <w type="VB">need</w> <c type="pct">.</c> </s>
</p>
<p><s n="6"><w type="NN">Long-range</w> <w type="NN">planning</w> <w type="IN">of</w> <w type="NNS">programs</w> <w type="CC">and</w> <w type="NNS">ways</w> <w type="TO">to</w> <w type="VB">finance</w> <w type="PPO">them</w> <w type="HV">have</w> <w type="VBN">become</w> <w type="NNS">musts</w> <w type="CS">if</w> <w type="AT">the</w> <w type="NN">state</w> <w type="IN">in</w> <w type="AT">the</w> <w type="AP">next</w> <w type="AP">few</w> <w type="NNS">years</w> <w type="BEZ">is</w> <w type="TO">to</w> <w type="VB">avoid</w> <w type="JJ">crisis-to-crisis</w> <w type="NN">government</w> <c type="pct">.</c> </s>
<s n="7"><w type="DT">This</w> <w type="NN">session</w> <c type="pct">,</c> <w type="IN">for</w> <w type="NN">instance</w> <c type="pct">,</c> <w type="MD">may</w> <w type="HV">have</w> <w type="VBN">insured</w> <w type="AT">a</w> <w type="JJ">financial</w> <w type="NN">crisis</w> <w type="CD">two</w> <w type="NNS">years</w> <w type="IN">from</w> <w type="RB">now</w> <c type="pct">.</c> </s>
</p>
<p><s n="8"><w type="IN">In</w> <w type="ABN">all</w> <w type="AT">the</w> <w type="NN">turmoil</w> <c type="pct">,</c> <w type="DTI">some</w> <w type="JJ">good</w> <w type="NN">legislation</w> <w type="BEDZ">was</w> <w type="VBN">passed</w> <c type="pct">.</c> </s>
<s n="9"><w type="DTI">Some</w> <w type="AP">other</w> <w type="JJ">good</w> <w type="NNS">bills</w> <w type="BED">were</w> <w type="VBN">lost</w> <w type="IN">in</w> <w type="AT">the</w> <w type="NN">shuffle</w> <w type="CC">and</w> <w type="VB">await</w> <w type="JJ">future</w> <w type="NN">action</w> <c type="pct">.</c> </s>
<s n="10"><w type="RB">Certainly</w> <w type="ABN">all</w> <w type="MD">can</w> <w type="VB">applaud</w> <w type="NN">passage</w> <w type="IN">of</w> <w type="AT">an</w> <w type="NN">auto</w> <w type="NN">title</w> <w type="NN">law</w> <c type="pct">,</c> <w type="AT">the</w> <w type="NN">school</w> <w type="NNS">bills</w> <c type="pct">,</c> <w type="AT">the</w> <w type="NN">increase</w> <w type="IN">in</w> <w type="NN">teacher</w> <w type="NNS">pensions</w> <c type="pct">,</c> <w type="AT">the</w> <w type="NN">ban</w> <w type="IN">on</w> <w type="NN">drag</w> <w type="NN">racing</w> <c type="pct">,</c> <w type="NN">acceptance</w> <w type="IN">by</w> <w type="AT">the</w> <w type="NN">state</w> <w type="IN">of</w> <w type="NN">responsibility</w> <w type="IN">for</w> <w type="NN">maintenance</w> <w type="IN">of</w> <w type="NN">state</w> <w type="NNS">roads</w> <w type="IN">in</w> <w type="NNS">municipalities</w> <w type="IN">at</w> <w type="AT">the</w> <w type="AP">same</w> <w type="NN">rate</w> <w type="CS">as</w> <w type="IN">outside</w> <w type="NN">city</w> <w type="NNS">limits</w> <c type="pct">,</c> <w type="NN">repeal</w> <w type="IN">of</w> <w type="AT">the</w> <w type="NN">college</w> <w type="NN">age</w> <w type="NN">limit</w> <w type="NN">law</w> <w type="CC">and</w> <w type="AT">the</w> <w type="NN">road</w> <w type="NN">maintenance</w> <w type="NN">bond</w> <w type="NN">issue</w> <c type="pct">.</c> </s>
</p>
<p><s n="11"><w type="AT">No</w> <w type="NN">action</w> <w type="HVZ">has</w> <w type="BEN">been</w> <w type="VBN">taken</w> <c type="pct">,</c> <w type="WRB">however</w> <c type="pct">,</c> <w type="IN">on</w> <w type="JJ">such</w> <w type="JJ">major</w> <w type="NNS">problems</w> <w type="CS">as</w> <w type="VBG">ending</w> <w type="AT">the</w> <w type="NN">fee</w> <w type="NN">system</w> <c type="pct">,</c> <w type="JJ">penal</w> <w type="NN">reform</w> <c type="pct">,</c> <w type="NN">modification</w> <w type="IN">of</w> <w type="AT">the</w> <w type="NN">county</w> <w type="NN">unit</w> <w type="NN">system</w> <w type="CC">and</w> <w type="IN">in</w> <w type="JJ">outright</w> <w type="NN">banning</w> <w type="IN">of</w> <w type="NNS">fireworks</w> <w type="NNS">sales</w> <c type="pct">.</c> </s>
<s n="12"><w type="RB">Only</w> <w type="AT">a</w> <w type="JJ">token</w> <w type="NN">start</w> <w type="BEDZ">was</w> <w type="VBN">made</w> <w type="IN">in</w> <w type="VBG">attacking</w> <w type="AT">the</w> <w type="NN">tax</w> <w type="NN">reappraisal</w> <w type="NN">question</w> <w type="CC">and</w> <w type="PPg">its</w> <w type="NN">companion</w> <w type="NN">issue</w> <w type="IN">of</w> <w type="VBG">attracting</w> <w type="NN">industry</w> <w type="IN">to</w> <w type="AT">the</w> <w type="NN">state</w> <c type="pct">.</c> </s>
</p>
<p><s n="13"><w type="AT">The</w> <w type="NN">legislature</w> <w type="VBD">expended</w> <w type="AP">most</w> <w type="IN">of</w> <w type="PPg">its</w> <w type="NN">time</w> <w type="IN">on</w> <w type="AT">the</w> <w type="NNS">schools</w> <w type="CC">and</w> <w type="NNS">appropriations</w> <w type="NNS">questions</w> <c type="pct">.</c> </s>
<s n="14"><w type="RB">Fortunately</w> <w type="PPS">it</w> <w type="VBD">spared</w> <w type="PPO">us</w> <w type="IN">from</w> <w type="AT">the</w> <w type="JJ">usual</w> <w type="NN">spate</w> <w type="IN">of</w> <w type="JJ">silly</w> <w type="NNS">resolutions</w> <w type="WDT">which</w> <w type="IN">in</w> <w type="AT">the</w> <w type="AP">past</w> <w type="HV">have</w> <w type="VBN">made</w> <w type="NP">Georgia</w> <w type="VB">look</w> <w type="CS">like</w> <w type="PN">anything</w> <w type="IN">but</w> <c type="pct">``</c> <w type="AT">the</w> <w type="NN">empire</w> <w type="NN">state</w> <w type="IN">of</w> <w type="AT">the</w> <w type="NR" subtype="TL">South</w> <c type="pct">''</c> <c type="pct">.</c> </s>
</p>
<p><s n="15"><w type="PPSS">We</w> <w type="VB">congratulate</w> <w type="AT">the</w> <w type="JJ">entire</w> <w type="NN">membership</w> <w type="IN">on</w> <w type="PPg">its</w> <w type="NN">record</w> <w type="IN">of</w> <w type="JJ">good</w> <w type="NN">legislation</w> <c type="pct">.</c> </s>
<s n="16"><w type="IN">In</w> <w type="AT">the</w> <w type="NN">interim</w> <w type="IN">between</w> <w type="RB">now</w> <w type="CC">and</w> <w type="AP">next</w> <w type="NN">year</w> <c type="pct">,</c> <w type="PPSS">we</w> <w type="VB">trust</w> <w type="AT">the</w> <w type="NN" subtype="TL">House</w> <w type="CC">and</w> <w type="NN" subtype="TL">Senate</w> <w type="MD">will</w> <w type="VB">put</w> <w type="PPg">their</w> <w type="NNS">minds</w> <w type="IN">to</w> <w type="VBG">studying</w> <w type="NPg">Georgia's</w> <w type="QL">very</w> <w type="JJ">real</w> <w type="JJ">economic</w> <c type="pct">,</c> <w type="JJ">fiscal</w> <w type="CC">and</w> <w type="JJ">social</w> <w type="NNS">problems</w> <w type="CC">and</w> <w type="VB">come</w> <w type="RP">up</w> <w type="IN">with</w> <w type="NNS">answers</w> <w type="IN">without</w> <w type="ABN">all</w> <w type="AT">the</w> <w type="JJ">political</w> <w type="NNS">heroics</w> <c type="pct">.</c> </s>
</p>
<p><s n="17"><w type="NN" subtype="HL">League</w> <w type="RB" subtype="HL">regularly</w> <w type="VBZ" subtype="HL">stands</w> <w type="IN" subtype="HL">on</w> <w type="AT" subtype="HL">the</w> <w type="NN" subtype="HL">side</w> <w type="IN" subtype="HL">of</w> <w type="NN" subtype="HL">right</w> </s>
<s n="18"><w type="AT">The</w> <w type="NN" subtype="TL">League</w> <w type="IN" subtype="TL">of</w> <w type="NNS" subtype="TL">Women</w> <w type="NNS" subtype="TL">Voters</w> <c type="pct">,</c> <w type="CD">40</w> <w type="RB">now</w> <w type="CC">and</w> <w type="VBG">admitting</w> <w type="PPS">it</w> <w type="RB">proudly</w> <c type="pct">,</c> <w type="BEZ">is</w> <w type="VBG">inviting</w> <w type="JJ">financial</w> <w type="NNS">contributions</w> <w type="IN">in</w> <w type="AT">the</w> <w type="NN">windup</w> <w type="IN">of</w> <w type="PPg">its</w> <w type="NN">fund</w> <w type="NN">drive</w> <c type="pct">.</c> </s>
<s n="19"><mw pos="PPS BEZ">It's </mw><w type="AT">a</w> <w type="JJ">good</w> <w type="NN">use</w> <w type="IN">of</w> <w type="NN">money</w> <c type="pct">.</c> </s>
</p>
<p><s n="20"><w type="DTS">These</w> <w type="NNS">women</w> <w type="WPg">whose</w> <w type="NN">organization</w> <w type="VBD">grew</w> <w type="IN">out</w> <w type="IN">of</w> <w type="AT">the</w> <w type="JJ">old</w> <w type="NN">suffrage</w> <w type="NN">movement</w> <w type="BER">are</w> <w type="VBN">dedicated</w> <w type="IN">to</w> <w type="NP">Thomas</w> <w type="NPg">Jefferson's</w> <w type="NN">dictum</w> <w type="CS">that</w> <w type="PN">one</w> <w type="MD">must</w> <w type="VB">cherish</w> <w type="AT">the</w> <w type="NNSg">people's</w> <w type="NN">spirit</w> <w type="CC">but</w> <c type="pct">``</c> <w type="VB">Keep</w> <w type="JJ">alive</w> <w type="PPg">their</w> <w type="NN">attention</w> <c type="pct">''</c> <c type="pct">.</c> </s>
</p>
<p><s n="21"><c type="pct">``</c> <w type="CS">If</w> <w type="CS">once</w> <w type="PPSS">they</w> <w type="VB">become</w> <w type="JJ">inattentive</w> <w type="IN">to</w> <w type="AT">the</w> <w type="NN">public</w> <w type="NNS">affairs</w> <c type="pct">''</c> <c type="pct">,</c> <w type="NP">Jefferson</w> <w type="VBD">said</w> <c type="pct">,</c> <c type="pct">``</c> <w type="PPSS">you</w> <w type="CC">and</w> <w type="PPSS">I</w> <c type="pct">,</c> <w type="CC">and</w> <w type="NP">Congress</w> <w type="CC">and</w> <w type="NNS">assemblies</w> <c type="pct">,</c> <w type="NNS">judges</w> <w type="CC">and</w> <w type="NNS">governors</w> <c type="pct">,</c> <w type="MD">shall</w> <w type="ABN">all</w> <w type="VB">become</w> <w type="NNS">wolves</w> <c type="pct">''</c> <c type="pct">.</c> </s>
</p>
<p><s n="22"><w type="NNS">Newspapermen</w> <w type="CC">and</w> <w type="NNS">politicians</w> <w type="RB">especially</w> <w type="BER">are</w> <w type="JJ">aware</w> <w type="IN">of</w> <w type="AT">the</w> <w type="JJ">penetrating</w> <w type="NN">attention</w> <w type="CC">and</w> <w type="JJ">expert</w> <w type="NN">analysis</w> <w type="AT">the</w> <w type="NN">league</w> <w type="VBZ">gives</w> <w type="IN">to</w> <w type="JJ">public</w> <w type="NNS">affairs</w> <c type="pct">.</c> </s>
<s n="23"><w type="AT">The</w> <w type="NN">league</w> <w type="NNS">workers</w> <w type="VB">search</w> <w type="RP">out</w> <w type="AT">the</w> <w type="NNS">pros</w> <w type="CC">and</w> <w type="NNS">cons</w> <w type="IN">of</w> <w type="AT">the</w> <w type="QL">most</w> <w type="JJ">complex</w> <w type="NNS">issues</w> <w type="CC">and</w> <w type="VB">make</w> <w type="PPO">them</w> <w type="JJ">available</w> <w type="IN">to</w> <w type="AT">the</w> <w type="NN">public</w> <c type="pct">.</c> </s>
<s n="24"><w type="AT">The</w> <w type="JJR">harder</w> <w type="AT">the</w> <w type="NN">choice</w> <c type="pct">,</c> <w type="AT">the</w> <w type="QL">more</w> <w type="JJ">willing</w> <w type="AT">the</w> <w type="NN">league</w> <w type="BEZ">is</w> <w type="TO">to</w> <w type="VB">wade</w> <w type="RP">in</w> <c type="pct">.</c> </s>
<s n="25"><w type="CC">And</w> <w type="AT">the</w> <w type="NN">league</w> <w type="VBZ">takes</w> <w type="AT">a</w> <w type="NN">stand</w> <c type="pct">,</c> <w type="IN">with</w> <w type="JJ">great</w> <w type="NN">regularity</w> <c type="pct">,</c> <w type="IN">on</w> <w type="AT">the</w> <w type="NN">side</w> <w type="IN">of</w> <w type="NN">right</w> <c type="pct">.</c> </s>
</p>
<p><s n="26"><w type="VB" subtype="HL">Look</w> <w type="IN" subtype="HL">to</w> <w type="NP" subtype="TL">Coosa</w> <w type="NN" subtype="TL">Valley</w> <w type="IN" subtype="HL">for</w> <w type="JJ" subtype="HL">industrial</w> <w type="NN" subtype="HL">progress</w> </s>
<s n="27"><w type="NNS">Cities</w> <w type="CC">and</w> <w type="NNS">counties</w> <w type="VBN">interested</w> <w type="IN">in</w> <w type="JJ">industrial</w> <w type="NN">development</w> <w type="MD">would</w> <w type="DO">do</w> <w type="RB">well</w> <w type="IN">in</w> <w type="AT">the</w> <w type="NNS">months</w> <w type="RB">ahead</w> <w type="TO">to</w> <w type="VB">keep</w> <w type="PPg">their</w> <w type="NNS">eyes</w> <w type="VBN">peeled</w> <w type="IN">toward</w> <w type="AT">the</w> <w type="CD">13</w> <w type="JJ">northwest</w> <w type="NP">Georgia</w> <w type="NNS">counties</w> <w type="WPS">that</w> <w type="BER">are</w> <w type="NNS">members</w> <w type="IN">of</w> <w type="AT">the</w> <w type="NP" subtype="TL">Coosa</w> <w type="NN" subtype="TL">Valley</w> <w type="NN" subtype="TL">Area</w> <w type="VBG" subtype="TL">Planning</w> <w type="CC" subtype="TL">and</w> <w type="NN" subtype="TL">Development</w> <w type="NN" subtype="TL">Commission</w> <c type="pct">.</c> </s>
</p>
<p><s n="28"><w type="VBG">Coupling</w> <w type="PPg">its</w> <w type="JJ">own</w> <w type="NN">budget</w> <w type="IN">of</w> <w type="NNS">$83,750</w> <w type="IN">with</w> <w type="AT">a</w> <w type="NNS">$30,000</w> <w type="NN">state</w> <w type="NN">grant</w> <w type="VBN">authorized</w> <w type="IN">by</w> <w type="NN" subtype="TL">Gov.</w> <w type="NP">Vandiver</w> <c type="pct">,</c> <w type="AT">the</w> <w type="NN">group</w> <w type="VBZ">expects</w> <w type="TO">to</w> <w type="VB">sign</w> <w type="AT">a</w> <w type="NN">contract</w> <w type="IN">in</w> <w type="NP">March</w> <w type="IN">with</w> <w type="NP">Georgia</w> <w type="NP">Tech.</w> <c type="pct">.</c> </s>
<s n="29"><w type="RB">Then</w> <w type="AT">a</w> <w type="JJ">full-time</w> <w type="VBG">planning</w> <w type="NN">office</w> <w type="MD">will</w> <w type="BE">be</w> <w type="VBN">established</w> <w type="IN">in</w> <w type="NP">Rome</w> <w type="TO">to</w> <w type="VB">work</w> <w type="IN">with</w> <w type="AT">a</w> <w type="JJ">five-member</w> <w type="NP">Georgia</w> <w type="NP">Tech</w> <w type="NN">research</w> <w type="NN">staff</w> <w type="IN">for</w> <w type="NN">development</w> <w type="IN">of</w> <w type="AT">an</w> <w type="NN">area</w> <w type="VBG">planning</w> <w type="CC">and</w> <w type="JJ">industrial</w> <w type="NN">development</w> <w type="NN">program</w> <c type="pct">.</c> </s>
</p>
<p><s n="30"><w type="AT">The</w> <w type="NN">undertaking</w> <w type="HVZ">has</w> <w type="JJ">abundant</w> <w type="NN">promise</w> <c type="pct">.</c> </s>
<s n="31"><w type="PPS">It</w> <w type="VBZ">recognizes</w> <w type="AT">the</w> <w type="NN">fact</w> <w type="CS">that</w> <w type="WDT">what</w> <w type="VBZ">helps</w> <w type="CD">one</w> <w type="NN">county</w> <w type="VBZ">helps</w> <w type="PPg">its</w> <w type="NNS">neighbors</w> <w type="CC">and</w> <w type="CS">that</w> <w type="IN">by</w> <w type="VBG">banding</w> <w type="RB">together</w> <w type="IN">in</w> <w type="AT">an</w> <w type="JJ">area-wide</w> <w type="NN">effort</w> <w type="JJR">better</w> <w type="NNS">results</w> <w type="MD">can</w> <w type="BE">be</w> <w type="VBN">accomplished</w> <w type="CS">than</w> <w type="IN">through</w> <w type="AT">the</w> <w type="JJ">go-it-alone</w> <w type="NN">approach</w> <c type="pct">.</c> </s>
</p>
<p><s n="32"><w type="NP" subtype="HL">Rusk</w> <w type="NN" subtype="HL">idea</w> <w type="VBZ" subtype="HL">strengthens</w> <w type="VBN" subtype="TL">United</w> <w type="NNS" subtype="TL">States</w> <w type="NN" subtype="HL">defense</w> </s>
<s n="33"><w type="AT">The</w> <w type="NP">Rusk</w> <w type="NN">belief</w> <w type="IN">in</w> <w type="VBN">balanced</w> <w type="NN">defense</w> <c type="pct">,</c> <w type="VBG">replacing</w> <w type="AT">the</w> <w type="NP">Dulles</w> <w type="NN">theory</w> <w type="IN">of</w> <w type="JJ">massive</w> <w type="NN">retaliation</w> <c type="pct">,</c> <w type="VBZ">removes</w> <w type="AT">a</w> <w type="JJ">grave</w> <w type="NN">danger</w> <w type="WPS">that</w> <w type="HVZ">has</w> <w type="VBN">existed</w> <c type="pct">.</c> </s>
</p>
<p><s n="34"><w type="AT">The</w> <w type="NN">danger</w> <w type="VBD">lay</w> <w type="NEG">not</w> <w type="IN">in</w> <w type="VBG">believing</w> <w type="CS">that</w> <w type="PPg">our</w> <w type="JJ">own</w> <w type="NN">A-bombs</w> <w type="MD">would</w> <w type="VB">deter</w> <w type="NPg">Russia's</w> <w type="NN">use</w> <w type="IN">of</w> <w type="PPgg">hers</w> <c type="pct">;</c> <c type="pct">;</c> </s>
<s n="35"><w type="DT">that</w> <w type="NN">theory</w> <w type="BEDZ">was</w> <w type="CC">and</w> <w type="BEZ">is</w> <w type="JJ">sound</w> <c type="pct">.</c> </s>
<s n="36"><w type="AT">The</w> <w type="NN">danger</w> <w type="VBD">lay</w> <w type="IN">in</w> <w type="AT">the</w> <w type="JJ">American</w> <w type="NN">delusion</w> <w type="QL">that</w> <w type="JJ">nuclear</w> <w type="NN">deterrence</w> <w type="BEDZ">was</w> <w type="AP">enough</w> <c type="pct">.</c> </s>
</p>
<p><s n="37"><w type="IN">By</w> <w type="VBG">limiting</w> <w type="JJ">American</w> <w type="NN">strength</w> <w type="QL">too</w> <w type="AP">much</w> <w type="IN">to</w> <w type="JJ">nuclear</w> <w type="NN">strength</w> <c type="pct">,</c> <w type="DT">this</w> <w type="NN">country</w> <w type="VBD">limited</w> <w type="PPg">its</w> <w type="NN">ability</w> <w type="TO">to</w> <w type="VB">fight</w> <w type="DTI">any</w> <w type="NN">kind</w> <w type="IN">of</w> <w type="NN">war</w> <w type="IN">besides</w> <w type="AT">a</w> <w type="JJ">nuclear</w> <w type="NN">war</w> <c type="pct">.</c> </s>
<s n="38"><w type="DT">This</w> <w type="NN">strategy</w> <w type="VBD">heightened</w> <w type="AT">the</w> <w type="NN">possibility</w> <w type="CS">that</w> <w type="PPSS">we</w> <w type="MD">would</w> <w type="HV">have</w> <w type="AT">a</w> <w type="JJ">nuclear</w> <w type="NN">war</w> <c type="pct">.</c> </s>
</p>
<p><s n="39"><w type="PPS">It</w> <w type="RB">also</w> <w type="VBD">weakened</w> <w type="PPg">our</w> <w type="JJ">diplomatic</w> <w type="NN">stance</w> <c type="pct">,</c> <w type="CS">because</w> <w type="NP">Russia</w> <w type="MD">could</w> <w type="RB">easily</w> <w type="VB">guess</w> <w type="PPSS">we</w> <w type="DOD">did</w> <w type="NEG">not</w> <w type="VB">desire</w> <w type="AT">a</w> <w type="JJ">nuclear</w> <w type="NN">war</w> <w type="IN">except</w> <w type="IN">in</w> <w type="AT">the</w> <w type="JJ">ultimate</w> <w type="NN">extremity</w> <c type="pct">.</c> </s>
</p>
<p><s n="40"><w type="DT">This</w> <w type="VBD">left</w> <w type="AT">the</w> <w type="NPS">Soviets</w> <w type="NN">plenty</w> <w type="IN">of</w> <w type="NN">leeway</w> <w type="TO">to</w> <w type="VB">start</w> <w type="NN">low-grade</w> <w type="NN">brushfire</w> <w type="NNS">aggressions</w> <w type="IN">with</w> <w type="JJ">considerable</w> <w type="NN">impunity</w> <c type="pct">.</c> </s>
</p>
<p><s n="41"><w type="IN">By</w> <w type="VBG">maintaining</w> <w type="AT">the</w> <w type="JJ">nuclear</w> <w type="NN">deterrent</w> <c type="pct">,</c> <w type="IN">but</w> <w type="VBG">gearing</w> <w type="JJ">American</w> <w type="JJ">military</w> <w type="NNS">forces</w> <w type="TO">to</w> <w type="VB">fight</w> <w type="JJ">conventional</w> <w type="NNS">wars</w> <w type="RB">too</w> <c type="pct">,</c> <w type="NN" subtype="TL">Secretary</w> <w type="IN" subtype="TL">of</w> <w type="NN" subtype="TL">State</w> <w type="NP">Rusk</w> <w type="VBZ">junks</w> <w type="NN">bluff</w> <w type="CC">and</w> <w type="JJ">nuclear</w> <w type="NN">brinkmanship</w> <w type="CC">and</w> <w type="VBZ">builds</w> <w type="AP">more</w> <w type="NN">muscle</w> <w type="CC">and</w> <w type="JJR">greater</w> <w type="NN">safety</w> <w type="IN">into</w> <w type="PPg">our</w> <w type="JJ">military</w> <w type="NN">position</w> <c type="pct">.</c> </s>
</p>
<p><s n="42"><w type="NP" subtype="HL">DeKalb</w> <w type="NN" subtype="HL">budget</w> <w type="VBZ" subtype="HL">shows</w> <w type="NN" subtype="HL">county</w> <w type="BEZ" subtype="HL">is</w> <w type="IN" subtype="HL">on</w> <w type="NN" subtype="HL">beam</w> </s>
<s n="43"><w type="NPg">DeKalb's</w> <w type="NN">budget</w> <w type="IN">for</w> <w type="CD">1961</w> <w type="BEZ">is</w> <w type="AT">a</w> <w type="NN">record</w> <w type="CD">one</w> <w type="CC">and</w> <w type="VBZ">carries</w> <w type="IN">with</w> <w type="PPO">it</w> <w type="AT">the</w> <w type="NN">promise</w> <w type="IN">of</w> <w type="AT">no</w> <w type="NN">tax</w> <w type="NN">increase</w> <w type="TO">to</w> <w type="VB">make</w> <w type="PPO">it</w> <w type="VB">balance</w> <c type="pct">.</c> </s>
</p>
<p><s n="44"><w type="PPS">It</w> <w type="VBZ">includes</w> <w type="AT">a</w> <w type="NN">raise</w> <w type="IN">in</w> <w type="AT">the</w> <w type="NN">county</w> <w type="JJ">minimum</w> <w type="NN">wage</w> <c type="pct">,</c> <w type="NN">creation</w> <w type="IN">of</w> <w type="AP">several</w> <w type="JJ">new</w> <w type="NNS">jobs</w> <w type="IN">at</w> <w type="AT">the</w> <w type="NN">executive</w> <w type="NN">level</w> <c type="pct">,</c> <w type="VBG">financing</w> <w type="IN">of</w> <w type="JJ">beefed-up</w> <w type="JJ">industrial</w> <w type="NN">development</w> <w type="NNS">efforts</w> <c type="pct">,</c> <w type="CC">and</w> <w type="VBN">increased</w> <w type="NNS">expenditures</w> <w type="IN">for</w> <w type="JJ">essential</w> <w type="NNS">services</w> <w type="JJ">such</w> <w type="CS">as</w> <w type="NN">health</w> <w type="CC">and</w> <w type="NN">welfare</w> <c type="pct">,</c> <w type="NN">fire</w> <w type="NN">protection</w> <c type="pct">,</c> <w type="NN">sanitation</w> <w type="CC">and</w> <w type="NN">road</w> <w type="NN">maintenance</w> <c type="pct">.</c> </s>
</p>
<p><s n="45"><w type="CS">That</w> <w type="JJ">such</w> <w type="NN">expansion</w> <w type="MD">can</w> <w type="BE">be</w> <w type="VBN">obtained</w> <w type="IN">without</w> <w type="AT">a</w> <w type="NN">raise</w> <w type="IN">in</w> <w type="NNS">taxes</w> <w type="BEZ">is</w> <w type="JJ">due</w> <w type="IN">to</w> <w type="NN">growth</w> <w type="IN">of</w> <w type="AT">the</w> <w type="NN">tax</w> <w type="NN">digest</w> <w type="CC">and</w> <w type="JJ">sound</w> <w type="JJ">fiscal</w> <w type="NN">planning</w> <w type="IN">on</w> <w type="AT">the</w> <w type="NN">part</w> <w type="IN">of</w> <w type="AT">the</w> <w type="NN">board</w> <w type="IN">of</w> <w type="NNS">commissioners</w> <c type="pct">,</c> <w type="VBN">headed</w> <w type="IN">by</w> <w type="NN" subtype="TL">Chairman</w> <w type="NP">Charles</w> <w type="NP">O.</w> <w type="NP">Emmerich</w> <w type="WPS">who</w> <w type="BEZ">is</w> <w type="VBG">demonstrating</w> <w type="CS">that</w> <w type="AT">the</w> <w type="JJ">public</w> <w type="NN">trust</w> <w type="PPS">he</w> <w type="BEDZ">was</w> <w type="VBN">given</w> <w type="BEDZ">was</w> <w type="QL">well</w> <w type="VBN">placed</w> <c type="pct">,</c> <w type="CC">and</w> <w type="AP">other</w> <w type="NN">county</w> <w type="NNS">officials</w> <c type="pct">.</c> </s>
</p>
<p><s n="46"><w type="RB" subtype="HL">Somewhere</w> <c type="pct">,</c> <w type="PN" subtype="HL">somebody</w> <w type="BEZ" subtype="HL">is</w> <w type="VBN" subtype="HL">bound</w> <w type="TO" subtype="HL">to</w> <w type="VB" subtype="HL">love</w> <w type="PPO" subtype="HL">us</w> </s>
<s n="47"><w type="NP">G.</w> <w type="NP">Mennen</w> <w type="NP">Williams</w> <w type="BEZ">is</w> <w type="VBG">learning</w> <w type="AT">the</w> <w type="NNS">difficulties</w> <w type="IN">of</w> <w type="NN">diplomacy</w> <w type="RB">rapidly</w> <c type="pct">.</c> </s>
<s n="48"><w type="VBG">Touring</w> <w type="NP">Africa</w> <c type="pct">,</c> <w type="AT">the</w> <w type="JJ">new</w> <w type="NP" subtype="TL">U.S.</w> <w type="JJ" subtype="TL">Assistant</w> <w type="NN" subtype="TL">Secretary</w> <w type="IN" subtype="TL">of</w> <w type="NN" subtype="TL">State</w> <w type="VBD">observed</w> <c type="pct">``</c> <w type="NP">Africa</w> <w type="MD">should</w> <w type="BE">be</w> <w type="IN">for</w> <w type="AT">the</w> <w type="NPS">Africans</w> <c type="pct">''</c> <w type="CC">and</w> <w type="AT">the</w> <w type="JJ">British</w> <w type="RB">promptly</w> <w type="VBD">denounced</w> <w type="PPO">him</w> <c type="pct">.</c> </s>
<s n="49"><w type="RB">Then</w> <w type="PPS">he</w> <w type="VBD">arrived</w> <w type="IN">in</w> <w type="NP">Zanzibar</w> <w type="CC">and</w> <w type="VBD">found</w> <w type="NPS">Africans</w> <w type="VBG">carrying</w> <w type="NNS">signs</w> <w type="VBG">saying</w> <c type="pct">``</c> <w type="JJ">American</w> <w type="NNS">imperialists</w> <c type="pct">,</c> <w type="VB">go</w> <w type="NR">home</w> <c type="pct">''</c> <c type="pct">.</c> </s>
<s n="50"><w type="NN">Chin</w> <w type="RP">up</w> <c type="pct">,</c> <w type="NP">Soapy</w> <c type="pct">.</c> </s>
</p>
<p><s n="51"><w type="NN" subtype="HL">Power</w> <w type="NN" subtype="HL">company</w> <w type="VBZ" subtype="HL">backs</w> <w type="NN" subtype="HL">confidence</w> <w type="IN" subtype="HL">with</w> <w type="NNS" subtype="HL">dollars</w> </s>
<s n="52"><w type="NN">Confidence</w> <w type="IN">in</w> <w type="AT">the</w> <w type="NNg">state's</w> <w type="JJ">economic</w> <w type="NN">future</w> <w type="BEZ">is</w> <w type="VBN">reflected</w> <w type="IN">in</w> <w type="AT">the</w> <w type="NP" subtype="TL">Georgia</w> <w type="NN" subtype="TL">Power</w> <w type="NNg" subtype="TL">Company's</w> <w type="NN">record</w> <w type="NN">construction</w> <w type="NN">budget</w> <w type="IN">for</w> <w type="DT">this</w> <w type="NN">year</w> <c type="pct">.</c> </s>
</p>
<p><s n="53"><w type="AT">The</w> <w type="NN">firm</w> <w type="DOZ">does</w> <w type="AT">a</w> <w type="JJ">large</w> <w type="VB">amount</w> <w type="IN">of</w> <w type="NN">research</w> <w type="CC">and</w> <w type="PPg">its</w> <w type="NNS">forecasts</w> <w type="HV">have</w> <w type="NN">meaning</w> <c type="pct">.</c> </s>
<s n="54"><w type="PPS">It</w> <w type="BEZ">is</w> <w type="JJ">good</w> <w type="TO">to</w> <w type="VB">know</w> <w type="CS">that</w> <w type="NP">Georgia</w> <w type="MD">will</w> <w type="VB">continue</w> <w type="TO">to</w> <w type="HV">have</w> <w type="JJ">sufficient</w> <w type="JJ">electrical</w> <w type="NN">power</w> <w type="NEG">not</w> <w type="RB">only</w> <w type="TO">to</w> <w type="VB">meet</w> <w type="AT">the</w> <w type="NNS">demands</w> <w type="IN">of</w> <w type="JJ">normal</w> <w type="NN">growth</w> <w type="CC">but</w> <w type="TO">to</w> <w type="VB">encourage</w> <w type="AT">a</w> <w type="QL">more</w> <w type="JJ">rapid</w> <w type="NN">rate</w> <w type="IN">of</w> <w type="NN">industrialization</w> <c type="pct">.</c> </s>
</p>
<p><s n="55"><w type="NPg">Georgia's</w> <w type="JJ">mental</w> <w type="NN">health</w> <w type="NN">program</w> <w type="VBD">received</w> <w type="AT">a</w> <w type="QL">badly</w> <w type="VBN">needed</w> <w type="NN">boost</w> <w type="IN">from</w> <w type="AT">the</w> <w type="JJ" subtype="TL">General</w> <w type="NN" subtype="TL">Assembly</w> <w type="IN">in</w> <w type="AT">the</w> <w type="NN">form</w> <w type="IN">of</w> <w type="AT">a</w> <w type="NNS">$1,750,000</w> <w type="NN">budget</w> <w type="NN">increase</w> <w type="IN">for</w> <w type="AT">the</w> <w type="NP" subtype="TL">Milledgeville</w> <w type="NN" subtype="TL">State</w> <w type="NN" subtype="TL">Hospital</w> <c type="pct">.</c> </s>
</p>
<p><s n="56"><w type="RB">Actually</w> <w type="PPS">it</w> <w type="VBZ">amounts</w> <w type="IN">to</w> <w type="NNS">$1,250,000</w> <w type="IN">above</w> <w type="WDT">what</w> <w type="AT">the</w> <w type="NN">institution</w> <w type="RB">already</w> <w type="BEZ">is</w> <w type="VBG">receiving</w> <c type="pct">,</c> <w type="IN">considering</w> <w type="AT">the</w> <w type="JJ">additional</w> <w type="JJ">half-million</w> <w type="NNS">dollars</w> <w type="NN" subtype="TL">Gov.</w> <w type="NP">Vandiver</w> <w type="VBD">allocated</w> <w type="AP">last</w> <w type="NN">year</w> <w type="IN">from</w> <w type="AT">the</w> <w type="NN">state</w> <w type="NN">surplus</w> <c type="pct">.</c> </s>
</p>
<p><s n="57"><w type="DTX">Either</w> <w type="NN">way</w> <w type="PPS">it</w> <w type="VBZ">sounds</w> <w type="CS">like</w> <w type="AT">a</w> <w type="JJ">sizable</w> <w type="NN">hunk</w> <w type="IN">of</w> <w type="NN">money</w> <w type="CC">and</w> <w type="BEZ">is</w> <c type="pct">.</c> </s>
<s n="58"><w type="CC">But</w> <w type="RB">exactly</w> <w type="QL">how</w> <w type="RB">far</w> <w type="PPS">it</w> <w type="MD">will</w> <w type="VB">go</w> <w type="IN">toward</w> <w type="VBG">improving</w> <w type="NNS">conditions</w> <w type="BEZ">is</w> <w type="DT">another</w> <w type="NN">question</w> <w type="CS">because</w> <w type="EX">there</w> <w type="BEZ">is</w> <w type="QL">so</w> <w type="AP">much</w> <w type="CS">that</w> <w type="VBZ">needs</w> <w type="VBG">doing</w> <c type="pct">.</c> </s>
</p>
<p><s n="59"><w type="AT">The</w> <w type="NN">practice</w> <w type="IN">of</w> <w type="VBG">charging</w> <w type="NNS">employes</w> <w type="IN">for</w> <w type="NNS">meals</w> <w type="CS">whether</w> <w type="PPSS">they</w> <w type="VB">eat</w> <w type="IN">at</w> <w type="AT">the</w> <w type="NN">hospital</w> <w type="CC">or</w> <w type="NEG">not</w> <w type="MD">should</w> <w type="BE">be</w> <w type="VBN">abolished</w> <c type="pct">.</c> </s>
<s n="60"><w type="AT">The</w> <w type="NN">work</w> <w type="NN">week</w> <w type="IN">of</w> <w type="NNS">attendants</w> <w type="WPS">who</w> <w type="BER">are</w> <w type="IN">on</w> <w type="NN">duty</w> <w type="CD">65</w> <w type="NNS">hours</w> <w type="CC">and</w> <w type="AP">more</w> <w type="IN">per</w> <w type="NN">week</w> <w type="MD">should</w> <w type="BE">be</w> <w type="VBN">reduced</w> <c type="pct">.</c> </s>
</p>
<p><s n="61"><w type="AP">More</w> <w type="NNS">attendants</w> <c type="pct">,</c> <w type="NNS">nurses</w> <w type="CC">and</w> <w type="NNS">doctors</w> <w type="MD">should</w> <w type="BE">be</w> <w type="VBN">hired</w> <c type="pct">.</c> </s>
<s n="62"><w type="NNS">Patients</w> <w type="VB">deserve</w> <w type="AP">more</w> <w type="NN">attention</w> <w type="CS">than</w> <w type="PPSS">they</w> <w type="BER">are</w> <w type="VBG">getting</w> <c type="pct">.</c> </s>
</p>
<p><s n="63"><w type="RB">Even</w> <w type="IN">with</w> <w type="AT">the</w> <w type="NN">increase</w> <w type="IN">in</w> <w type="NNS">funds</w> <w type="IN">for</w> <w type="AT">the</w> <w type="AP">next</w> <w type="JJ">fiscal</w> <w type="NN">year</w> <c type="pct">,</c> <w type="NP">Georgia</w> <w type="MD">will</w> <w type="BE">be</w> <w type="VBG">spending</w> <w type="RB">only</w> <w type="RB">around</w> <w type="NNS">$3.15</w> <w type="IN">per</w> <w type="NN">day</w> <w type="IN">per</w> <w type="NN">patient</w> <c type="pct">.</c> </s>
<s n="64"><w type="AT">The</w> <w type="JJ">national</w> <w type="NN">average</w> <w type="BEZ">is</w> <w type="AP">more</w> <w type="IN">than</w> <w type="NNS">$4</w> <w type="CC">and</w> <w type="DT">that</w> <w type="NN">figure</w> <w type="BEZ">is</w> <w type="VBN">considered</w> <w type="IN">by</w> <w type="NNS">experts</w> <w type="IN">in</w> <w type="AT">the</w> <w type="JJ">mental</w> <w type="NN">health</w> <w type="NN">field</w> <w type="TO">to</w> <w type="BE">be</w> <w type="QL">too</w> <w type="JJ">low</w> <c type="pct">.</c> </s>
<s n="65"><w type="NP">Kansas</w> <c type="pct">,</c> <w type="VBN">regarded</w> <w type="CS">as</w> <w type="JJS">tops</w> <w type="IN">in</w> <w type="AT">the</w> <w type="NN">nation</w> <w type="IN">in</w> <w type="PPg">its</w> <w type="NN">treatment</w> <w type="IN">of</w> <w type="AT">the</w> <w type="RB">mentally</w> <w type="JJ">ill</w> <c type="pct">,</c> <w type="VBZ">spends</w> <w type="NNS">$9</w> <w type="IN">per</w> <w type="NN">day</w> <w type="IN">per</w> <w type="NN">patient</w> <c type="pct">.</c> </s>
</p>
<p><s n="66"><w type="NP">Georgia</w> <w type="HVZ">has</w> <w type="VBN">made</w> <w type="DTI">some</w> <w type="NNS">reforms</w> <c type="pct">,</c> <w type="JJ">true</w> <c type="pct">.</c> </s>
<s n="67"><w type="AT">The</w> <w type="JJ">intensive</w> <w type="NN">treatment</w> <w type="NN">program</w> <w type="BEZ">is</w> <w type="VBG">working</w> <w type="RB">well</w> <c type="pct">.</c> </s>
<s n="68"><w type="CC">But</w> <w type="IN">in</w> <w type="QL">so</w> <w type="AP">many</w> <w type="AP">other</w> <w type="NNS">areas</w> <w type="PPSS">we</w> <w type="RB">still</w> <w type="BER">are</w> <w type="VBG">dragging</w> <c type="pct">.</c> </s>
</p>
<p><s n="69"><w type="IN">Considering</w> <w type="WDT">what</w> <w type="BEZ">is</w> <w type="BEG">being</w> <w type="VBN">done</w> <w type="VBN">compared</w> <w type="IN">to</w> <w type="WDT">what</w> <w type="VBZ">needs</w> <w type="TO">to</w> <w type="BE">be</w> <w type="VBN">done</w> <c type="pct">,</c> <w type="PPS">it</w> <w type="VBZ">behooves</w> <w type="AT">the</w> <w type="NN">hospital</w> <w type="NN">management</w> <w type="TO">to</w> <w type="DO">do</w> <w type="DTI">some</w> <w type="QL">mighty</w> <w type="JJ">careful</w> <w type="NN">planning</w> <w type="IN">toward</w> <w type="VBG">making</w> <w type="AT">the</w> <w type="JJT">best</w> <w type="JJ">possible</w> <w type="NN">use</w> <w type="IN">of</w> <w type="AT">the</w> <w type="NN">increase</w> <w type="VBN">granted</w> <c type="pct">.</c> </s>
<s n="70"><w type="AT">The</w> <w type="NN">boost</w> <w type="BEZ">is</w> <w type="JJ">helpful</w> <w type="CC">but</w> <w type="JJ">inadequate</w> <c type="pct">.</c> </s>
</p>
<p><s n="71"><w type="AT" subtype="HL">The</w> <w type="NN" subtype="HL">end</w> <w type="IN" subtype="HL">of</w> <w type="NP" subtype="HL">Trujillo</w> </s>
<s n="72"><w type="NN">Assassination</w> <c type="pct">,</c> <w type="RB">even</w> <w type="IN">of</w> <w type="AT">a</w> <w type="NN">tyrant</w> <c type="pct">,</c> <w type="BEZ">is</w> <w type="JJ">repulsive</w> <w type="IN">to</w> <w type="NNS">men</w> <w type="IN">of</w> <w type="JJ">good</w> <w type="NN">conscience</w> <c type="pct">.</c> </s>
<s n="73"><w type="NP">Rafael</w> <w type="NP">Trujillo</w> <c type="pct">,</c> <w type="AT">the</w> <w type="RB">often</w> <w type="JJ">blood-thirsty</w> <w type="NN">dictator</w> <w type="IN">of</w> <w type="AT">the</w> <w type="NP" subtype="TL">Dominican</w> <w type="NN" subtype="TL">Republic</w> <w type="IN">for</w> <w type="CD">31</w> <w type="NNS">years</w> <c type="pct">,</c> <w type="RB">perhaps</w> <w type="VBD">deserved</w> <w type="PPg">his</w> <w type="NN">fate</w> <w type="IN">in</w> <w type="AT">an</w> <w type="JJ">even-handed</w> <w type="NN">appraisal</w> <w type="IN">of</w> <w type="NN">history</w> <c type="pct">.</c> </s>
<s n="74"><w type="CC">But</w> <w type="CS">whether</w> <w type="AT">the</w> <w type="NN">murder</w> <w type="IN">of</w> <w type="AT" subtype="FW">El</w> <w type="NN" subtype="TL">Benefactor</w> <w type="IN">in</w> <w type="NP">Ciudad</w> <w type="NP">Trujillo</w> <w type="VBZ">means</w> <w type="NN">freedom</w> <w type="IN">for</w> <w type="AT">the</w> <w type="NNS">people</w> <w type="IN">of</w> <w type="AT">the</w> <w type="NP">Caribbean</w> <w type="NN">fiefdom</w> <w type="BEZ">is</w> <w type="AT">a</w> <w type="NN">question</w> <w type="DT">that</w> <mw pos="MD *">cannot </mw><w type="RB">now</w> <w type="BE">be</w> <w type="VBN">answered</w> <c type="pct">.</c> </s>
</p>
<p><s n="75"><w type="NP">Trujillo</w> <w type="VBD">knew</w> <w type="AT">a</w> <w type="JJ">great</w> <w type="NN">deal</w> <w type="IN">about</w> <w type="NN">assassination</w> <c type="pct">.</c> </s>
<s n="76"><w type="AT">The</w> <w type="NN">responsibility</w> <w type="IN">for</w> <w type="NNS">scores</w> <w type="IN">of</w> <w type="NNS">deaths</w> <c type="pct">,</c> <w type="IN">including</w> <w type="AT">the</w> <w type="NN">abduction</w> <w type="CC">and</w> <w type="NN">murder</w> <w type="IN">of</w> <w type="NP">Jesus</w> <w type="NP">Maria</w> <w type="NP">Galindez</w> <c type="pct">,</c> <w type="AT">a</w> <w type="NN">professor</w> <w type="IN">at</w> <w type="NP" subtype="TL">Columbia</w> <w type="NN" subtype="TL">University</w> <w type="IN">in</w> <w type="JJ" subtype="TL">New</w> <w type="NP" subtype="TL">York</w> <c type="pct">,</c> <w type="HVZ">has</w> <w type="BEN">been</w> <w type="VBN">laid</w> <w type="IN">at</w> <w type="PPg">his</w> <w type="NN">door</w> <c type="pct">.</c> </s>
<s n="77"><w type="PPS">He</w> <w type="HVD">had</w> <w type="BEN">been</w> <w type="VBN">involved</w> <w type="IN">in</w> <w type="JJ">countless</w> <w type="NNS">schemes</w> <w type="TO">to</w> <w type="DO">do</w> <w type="RB">away</w> <w type="IN">with</w> <w type="JJ">democratic</w> <w type="NNS">leaders</w> <w type="IN">in</w> <w type="VBG">neighboring</w> <w type="NNS">countries</w> <w type="JJ">such</w> <w type="CS">as</w> <w type="NN" subtype="TL">President</w> <w type="NP">Romulo</w> <w type="NP">Betancourt</w> <w type="IN">of</w> <w type="NP">Venezuela</w> <c type="pct">.</c> </s>
<s n="78"><w type="PPS">It</w> <w type="BEDZ">was</w> <w type="AT">a</w> <w type="NN">sort</w> <w type="IN">of</w> <w type="JJ">poetic</w> <w type="NN">justice</w> <w type="CS">that</w> <w type="IN">at</w> <w type="AT">the</w> <w type="NN">time</w> <w type="IN">of</w> <w type="PPg">his</w> <w type="JJ">own</w> <w type="NN">demise</w> <w type="AT">a</w> <w type="JJ">new</w> <w type="NN">plot</w> <w type="TO">to</w> <w type="VB">overthrow</w> <w type="AT">the</w> <w type="JJ">Venezuelan</w> <w type="NN">government</w> <c type="pct">,</c> <w type="RB">reportedly</w> <w type="VBG">involving</w> <w type="AT">the</w> <w type="NN">use</w> <w type="IN">of</w> <w type="JJ">Dominican</w> <w type="NNS">arms</w> <w type="IN">by</w> <w type="AP">former</w> <w type="JJ">Venezuelan</w> <w type="NN" subtype="TL">Dictator</w> <w type="NP">Marcos</w> <w type="NP">Perez</w> <w type="NP">Jimenez</w> <c type="pct">,</c> <w type="HVZ">has</w> <w type="BEN">been</w> <w type="VBN">uncovered</w> <w type="CC">and</w> <w type="VBN">quashed</w> <c type="pct">.</c> </s>
</p>
<p><s n="79"><w type="AT">The</w> <w type="JJ">recent</w> <w type="NN">history</w> <w type="IN">of</w> <w type="AT">the</w> <w type="NP" subtype="TL">Dominican</w> <w type="NN" subtype="TL">Republic</w> <w type="BEZ">is</w> <w type="AT">an</w> <w type="QL">almost</w> <w type="JJ">classical</w> <w type="NN">study</w> <w type="IN">of</w> <w type="AT">the</w> <w type="NN">way</w> <w type="IN">in</w> <w type="WDT">which</w> <w type="RB">even</w> <w type="AT">a</w> <w type="RB">professedly</w> <w type="JJ">benevolent</w> <w type="NN">dictatorship</w> <w type="VBZ">tends</w> <w type="TO">to</w> <w type="VB">become</w> <w type="JJ">oppressive</w> <c type="pct">.</c> </s>
<s n="80"><w type="RB">Unquestionably</w> <w type="NP">Trujillo</w> <w type="DOD">did</w> <w type="DTI">some</w> <w type="JJ">good</w> <w type="NNS">things</w> <w type="IN">for</w> <w type="PPg">his</w> <w type="NN">country</w> <c type="pct">:</c> <w type="PPS">he</w> <w type="VBD">improved</w> <w type="JJ">public</w> <w type="NNS">facilities</w> <w type="JJ">such</w> <w type="CS">as</w> <w type="NNS">roads</w> <w type="CC">and</w> <w type="NN">sanitation</w> <c type="pct">,</c> <w type="VBD">attracted</w> <w type="NN">industry</w> <w type="CC">and</w> <w type="NN">investment</w> <w type="CC">and</w> <w type="VBD">raised</w> <w type="AT">the</w> <w type="NN">standard</w> <w type="IN">of</w> <w type="VBG">living</w> <w type="RB">notably</w> <c type="pct">.</c> </s>
<s n="81"><w type="CC">But</w> <w type="AT">the</w> <w type="NN">price</w> <w type="BEDZ">was</w> <w type="AT">the</w> <w type="NN">silence</w> <w type="IN">of</w> <w type="AT">the</w> <w type="NN">grave</w> <w type="IN">for</w> <w type="ABN">all</w> <w type="NN">criticism</w> <w type="CC">or</w> <w type="NN">opposition</w> <c type="pct">.</c> </s>
</p>
<p><s n="82"><w type="AT" subtype="FW">El</w> <w type="NNg" subtype="TL">Benefactor's</w> <w type="NN">vanity</w> <w type="VBD">grew</w> <w type="IN">with</w> <w type="PPg">his</w> <w type="JJ">personal</w> <w type="NN">wealth</w> <c type="pct">.</c> </s>
<s n="83"><w type="AT">The</w> <w type="NNS">jails</w> <w type="BED">were</w> <w type="VBN">filled</w> <w type="IN">to</w> <w type="VBG">overflowing</w> <w type="IN">with</w> <w type="JJ">political</w> <w type="NNS">prisoners</w> <w type="WPS">who</w> <w type="HVD">had</w> <w type="VBN">incurred</w> <w type="PPg">his</w> <w type="NN">displeasure</w> <c type="pct">.</c> </s>
<s n="84"><w type="PPS">He</w> <w type="VBD">maintained</w> <w type="QL">amply</w> <w type="VBN">financed</w> <w type="NNS">lobbies</w> <w type="IN">in</w> <w type="AT">the</w> <w type="VBN" subtype="TL">United</w> <w type="NNS" subtype="TL">States</w> <w type="CC">and</w> <w type="RB">elsewhere</w> <w type="WDT">which</w> <w type="RB">sycophantically</w> <w type="VBD">chanted</w> <w type="PPg">his</w> <w type="NN">praise</w> <c type="pct">,</c> <w type="CC">and</w> <w type="PPg">his</w> <w type="NN">influence</w> <w type="VBD">extended</w> <w type="RB">even</w> <w type="IN">to</w> <w type="NP">Congress</w> <c type="pct">.</c> </s>
</p>
<p><s n="85"><w type="CS">Until</w> <w type="AT">the</w> <w type="AP">last</w> <w type="NN">year</w> <w type="CC">or</w> <w type="CS">so</w> <w type="AT">the</w> <w type="NN">profession</w> <w type="IN">of</w> <w type="NN">friendship</w> <w type="IN">with</w> <w type="AT">the</w> <w type="VBN" subtype="TL">United</w> <w type="NNS" subtype="TL">States</w> <w type="HVD">had</w> <w type="BEN">been</w> <w type="AT">an</w> <w type="NN">article</w> <w type="IN">of</w> <w type="NN">faith</w> <w type="IN">with</w> <w type="NP">Trujillo</w> <c type="pct">,</c> <w type="CC">and</w> <w type="RB">altogether</w> <w type="QL">too</w> <w type="RB">often</w> <w type="DT">this</w> <w type="NN">profession</w> <w type="BEDZ">was</w> <w type="VBN">accepted</w> <w type="RB">here</w> <w type="CS">as</w> <w type="NN">evidence</w> <w type="IN">of</w> <w type="PPg">his</w> <w type="JJ">good</w> <w type="NN">character</w> <c type="pct">.</c> </s>
<s n="86"><w type="RB">Tardily</w> <w type="AT">the</w> <w type="NN" subtype="TL">Government</w> <w type="RB">here</w> <w type="VBD">came</w> <w type="TO">to</w> <w type="VB">understand</w> <w type="WRB">how</w> <w type="DT">this</w> <w type="NNg">country's</w> <w type="JJ">own</w> <w type="NN">reputation</w> <w type="BEDZ">was</w> <w type="VBN">tarnished</w> <w type="IN">by</w> <w type="AT">the</w> <w type="NN">association</w> <w type="IN">with</w> <w type="NN">repression</w> <c type="pct">.</c> </s>
<s n="87"><w type="AP">Last</w> <w type="NN">year</w> <c type="pct">,</c> <w type="CS">after</w> <w type="NP">Trujillo</w> <w type="HVD">had</w> <w type="BEN">been</w> <w type="VBN">cited</w> <w type="IN">for</w> <w type="JJ">numerous</w> <w type="NNS">aggressions</w> <w type="IN">in</w> <w type="AT">the</w> <w type="NP">Caribbean</w> <c type="pct">,</c> <w type="AT">the</w> <w type="VBN" subtype="TL">United</w> <w type="NNS" subtype="TL">States</w> <w type="CC">and</w> <w type="AP">many</w> <w type="AP">other</w> <w type="NNS">members</w> <w type="IN">of</w> <w type="AT">the</w> <w type="NN" subtype="TL">Organization</w> <w type="IN" subtype="TL">of</w> <w type="JJ" subtype="TL">American</w> <w type="NNS" subtype="TL">States</w> <w type="VBD">broke</w> <w type="JJ">diplomatic</w> <w type="NNS">relations</w> <w type="IN">with</w> <w type="PPO">him</w> <c type="pct">.</c> </s>
</p>
<p><s n="88"><w type="RB">Thereupon</w> <w type="VBD">followed</w> <w type="AT">a</w> <w type="NN">demonstration</w> <w type="CS">that</w> <w type="NN">tyranny</w> <w type="VBZ">knows</w> <w type="AT">no</w> <w type="JJ">ideological</w> <w type="NNS">confines</w> <c type="pct">.</c> </s>
<s n="89"><w type="NPg">Trujillo's</w> <w type="NN">dictatorship</w> <w type="HVD">had</w> <w type="BEN">been</w> <w type="IN">along</w> <w type="JJ">conservative</w> <c type="pct">,</c> <w type="NN">right-wing</w> <w type="NNS">lines</w> <c type="pct">.</c> </s>
<s n="90"><w type="CC">But</w> <w type="IN">after</w> <w type="AT">the</w> <w type="NN">censure</w> <w type="PPS">he</w> <w type="CC">and</w> <w type="PPg">his</w> <w type="NN">propaganda</w> <w type="VBD">started</w> <w type="VBG">mouthing</w> <w type="NN" subtype="TL">Communist</w> <w type="NNS">slogans</w> <c type="pct">.</c> </s>
<s n="91"><w type="EX">There</w> <w type="BEDZ">was</w> <w type="JJ">considerable</w> <w type="NN">evidence</w> <w type="IN">of</w> <w type="AT">a</w> <w type="JJ">tacit</w> <w type="NN">rapprochement</w> <w type="IN">with</w> <w type="NP">Castro</w> <w type="IN">in</w> <w type="NP">Cuba</w> <c type="pct">,</c> <w type="RB">previously</w> <w type="AT">a</w> <w type="NN" subtype="FW">bete</w> <w type="JJ" subtype="FW">noire</w> <w type="IN">to</w> <w type="NP">Trujillo</w> <c type="pct">--</c> <w type="RB">thus</w> <w type="VBG">illustrating</w> <w type="AT">the</w> <w type="NN">way</w> <w type="IN">in</w> <w type="WDT">which</w> <w type="NN">totalitarianism</w> <w type="IN">of</w> <w type="AT">the</w> <w type="NN">right</w> <w type="CC">and</w> <w type="NN">left</w> <w type="VBZ">coalesces</w> <c type="pct">.</c> </s>
</p>
<p><s n="92"><w type="WDT">What</w> <w type="VBZ">comes</w> <w type="IN">after</w> <w type="NP">Trujillo</w> <w type="BEZ">is</w> <w type="RB">now</w> <w type="AT">the</w> <w type="NN">puzzle</w> <c type="pct">.</c> </s>
<s n="93"><w type="AT">The</w> <w type="JJ">Dominican</w> <w type="NNS">people</w> <w type="HV">have</w> <w type="VBN">known</w> <w type="AT">no</w> <w type="JJ">democratic</w> <w type="NNS">institutions</w> <w type="CC">and</w> <w type="JJ">precious</w> <w type="AP">little</w> <w type="NN">freedom</w> <w type="IN">for</w> <w type="AT">a</w> <w type="NN">generation</w> <c type="pct">,</c> <w type="CC">and</w> <w type="ABN">all</w> <w type="JJ">alternative</w> <w type="NN">leadership</w> <w type="HVZ">has</w> <w type="BEN">been</w> <w type="VBN">suppressed</w> <c type="pct">.</c> </s>
<s n="94"><w type="RB">Perhaps</w> <w type="AT">the</w> <w type="NN">army</w> <w type="MD">will</w> <w type="BE">be</w> <w type="JJ">able</w> <w type="TO">to</w> <w type="VB">maintain</w> <w type="NN">stability</w> <c type="pct">,</c> <w type="CC">but</w> <w type="AT">the</w> <w type="NN">vacuum</w> <w type="IN">of</w> <w type="JJ">free</w> <w type="NNS">institutions</w> <w type="VBZ">creates</w> <w type="AT">a</w> <w type="JJ">great</w> <w type="NN">danger</w> <c type="pct">.</c> </s>
<s n="95"><w type="AT">The</w> <w type="NP" subtype="TL">Dominican</w> <w type="NN" subtype="TL">Republic</w> <w type="MD">could</w> <w type="VB">turn</w> <w type="IN">toward</w> <w type="JJ">Communist-type</w> <w type="NN">authoritarianism</w> <w type="QL">as</w> <w type="RB">easily</w> <w type="CS">as</w> <w type="IN">toward</w> <w type="JJ" subtype="TL">Western</w> <w type="NN">freedom</w> <c type="pct">.</c> </s>
<s n="96"><w type="ABL">Such</w> <w type="AT">a</w> <w type="NN">twist</w> <w type="MD">would</w> <w type="BE">be</w> <w type="AT">a</w> <w type="NN">tragedy</w> <w type="IN">for</w> <w type="AT">the</w> <w type="JJ">Dominican</w> <w type="NNS">people</w> <c type="pct">,</c> <w type="WPS">who</w> <w type="VB">deserve</w> <w type="TO">to</w> <w type="VB">breathe</w> <w type="IN">without</w> <w type="NN">fear</w> <c type="pct">.</c> </s>
<s n="97"><w type="IN">For</w> <w type="DT">that</w> <w type="NN">reason</w> <w type="DTI">any</w> <w type="JJ">democratic</w> <w type="NN">reform</w> <w type="CC">and</w> <w type="NN">effort</w> <w type="TO">to</w> <w type="VB">bring</w> <w type="JJ">genuine</w> <w type="JJ">representative</w> <w type="NN">government</w> <w type="IN">to</w> <w type="AT">the</w> <w type="NP" subtype="TL">Dominican</w> <w type="NN" subtype="TL">Republic</w> <w type="MD">will</w> <w type="VB">need</w> <w type="AT">the</w> <w type="JJT">greatest</w> <w type="NN">sympathy</w> <w type="CC">and</w> <w type="NN">help</w> <c type="pct">.</c> </s>
</p>
<p><s n="98"><w type="VB" subtype="HL">Start</w> <w type="IN" subtype="HL">on</w> <w type="JJ" subtype="HL">rapid</w> <w type="NN" subtype="HL">transit</w> </s>
<s n="99"><w type="NN">High-speed</w> <w type="NNS">buses</w> <w type="IN">on</w> <w type="AT">the</w> <w type="NP" subtype="TL">George</w> <w type="NP" subtype="TL">Washington</w> <w type="JJ" subtype="TL">Memorial</w> <w type="NN" subtype="TL">Parkway</w> <c type="pct">,</c> <w type="VBG">operating</w> <w type="IN">between</w> <w type="NR">downtown</w> <w type="NP">Washington</w> <w type="CC">and</w> <w type="NN" subtype="TL">Cabin</w> <w type="NP">John</w> <c type="pct">,</c> <w type="NN" subtype="TL">Glen</w> <w type="NN" subtype="TL">Echo</w> <w type="CC">and</w> <w type="NP">Brookmont</w> <c type="pct">,</c> <w type="MD">would</w> <w type="VB">constitute</w> <w type="AT">an</w> <w type="VBG">alluring</w> <w type="NN">sample</w> <w type="IN">of</w> <w type="WDT">what</w> <w type="AT">the</w> <w type="JJ">new</w> <w type="JJ" subtype="TL">National</w> <w type="NN" subtype="TL">Capital</w> <w type="NN" subtype="TL">Transportation</w> <w type="NN" subtype="TL">Agency</w> <w type="MD">can</w> <w type="DO">do</w> <w type="IN">for</w> <w type="DT">this</w> <w type="NN">city</w> <c type="pct">.</c> </s>
<s n="100"><w type="IN">In</w> <w type="VBG">presenting</w> <w type="NNS">plans</w> <w type="IN">for</w> <w type="JJ">such</w> <w type="JJ">express</w> <w type="NNS">buses</w> <w type="IN">before</w> <w type="AT">the</w> <w type="NP" subtype="TL">Montgomery</w> <w type="NN" subtype="TL">County</w> <w type="NN" subtype="TL">Council</w> <c type="pct">,</c> <w type="AT">the</w> <w type="NN">administrator</w> <w type="IN">of</w> <w type="AT">the</w> <w type="NN">NCTA</w> <c type="pct">,</c> <w type="NP">C.</w> <w type="NP">Darwin</w> <w type="NP">Stolzenbach</w> <c type="pct">,</c> <w type="BEDZ">was</w> <w type="RB">frankly</w> <w type="VBG">seeking</w> <w type="NN">support</w> <w type="IN">for</w> <w type="AT">the</w> <w type="NNS">projects</w> <w type="PPg">his</w> <w type="NN">agency</w> <w type="MD">will</w> <w type="RB">soon</w> <w type="BE">be</w> <w type="VBG">launching</w> <c type="pct">.</c> </s>
<s n="101"><w type="JJ">Such</w> <w type="NN">support</w> <w type="MD">should</w> <w type="NEG">not</w> <w type="BE">be</w> <w type="JJ">difficult</w> <w type="TO">to</w> <w type="VB">come</w> <w type="RB">by</w> <w type="CS">if</w> <w type="ABN">all</w> <w type="AT">the</w> <w type="NNS">plans</w> <w type="TO">to</w> <w type="BE">be</w> <w type="VBN">presented</w> <w type="IN">by</w> <w type="AT">the</w> <w type="NN">NCTA</w> <w type="BER">are</w> <w type="QL">as</w> <w type="JJ">attractive</w> <w type="CS">as</w> <w type="DT">this</w> <w type="NN">outline</w> <w type="IN">of</w> <w type="NN">express</w> <w type="NNS">buses</w> <w type="VBG">coming</w> <w type="IN">into</w> <w type="AT">the</w> <w type="NR">downtown</w> <w type="NN">area</w> <c type="pct">.</c> </s>
</p>
<p><s n="102"><w type="CS">Because</w> <w type="AT">the</w> <w type="NNS">buses</w> <w type="MD">would</w> <w type="NEG">not</w> <w type="VB">stop</w> <w type="IN">on</w> <w type="AT">the</w> <w type="NN">parkway</w> <c type="pct">,</c> <w type="NN">land</w> <w type="IN">for</w> <w type="NN">bus</w> <w type="NNS">stations</w> <w type="CC">and</w> <w type="IN">for</w> <w type="VBG">parking</w> <w type="NNS">areas</w> <w type="RB">nearby</w> <w type="MD">will</w> <w type="BE">be</w> <w type="VBN">needed</w> <c type="pct">.</c> </s>
<s n="103"><w type="AT">The</w> <w type="NN">NCTA</w> <w type="BEZ">is</w> <w type="QL">well</w> <w type="VBN">advised</w> <w type="TO">to</w> <w type="VB">seek</w> <w type="NNS">funds</w> <w type="IN">for</w> <w type="DT">this</w> <w type="NN">purpose</w> <w type="IN">from</w> <w type="AT">the</w> <w type="JJ">present</w> <w type="NN">session</w> <w type="IN">of</w> <w type="NP">Congress</w> <c type="pct">.</c> </s>
</p>
<p></p></body></text></TEI>
