<TEI xmlns="http://www.tei-c.org/ns/1.0"><teiHeader><fileDesc><titleStmt><title>Sample B17 from  Newark Evening News </title><title type="sub"> November 21, 1961, p.12 "What News Readers Have..." 
 March 14, 1961,  "What Readers have to Say"  The Washington Post Used by permission of The Washington Post
 June 1, 1961,  "Letters to the Editor" 
</title></titleStmt><editionStmt><edition>A part  of the XML version of the Brown Corpus</edition></editionStmt><extent>2,022 words 186 (9.2%) quotes 1 symbol</extent><publicationStmt><idno>B17</idno><availability><p>Used by permission of Newark Evening News</p></availability></publicationStmt><sourceDesc><bibl> Newark Evening News </bibl></sourceDesc></fileDesc><encodingDesc><p>Arbitrary Hyphen: post-attack [1320]Arbitrary No Hyphen: manmade [1400]Typographical Error: case [for cause] [0760]</p></encodingDesc><revisionDesc><change when="2008-04-27">Header auto-generated for TEI version</change></revisionDesc></teiHeader>
<text xml:id="B17" decls="B">
<body><p><s n="1"><c type="pct">``</c> <w type="NNS" subtype="HL">Workers</w> <w type="IN" subtype="HL">of</w> <w type="AT" subtype="HL">the</w> <w type="NN" subtype="HL">party</w> <c type="pct">''</c> </s>
<s n="2"><w type="IN" subtype="HL">to</w> <w type="AT" subtype="HL">the</w> <w type="NN" subtype="HL">editor</w> <c type="pct">:</c> </s>
<s n="3"><w type="NP">Sir</w> <c type="pct">--</c> <w type="PPSS">We</w> <w type="BER">are</w> <w type="VBG">writing</w> <w type="IN">in</w> <w type="NN">reference</w> <w type="IN">to</w> <w type="AT">a</w> <w type="JJ">recent</w> <c type="pct">``</c> <w type="NN">suggestion</w> <c type="pct">''</c> <w type="VBN">made</w> <w type="IN">to</w> <w type="AT">the</w> <w type="NN">staff</w> <w type="IN">of</w> <w type="AT">the</w> <w type="JJ" subtype="TL">Public</w> <w type="NN" subtype="TL">Health</w> <w type="VBG" subtype="TL">Nursing</w> <w type="NN" subtype="TL">Service</w> <w type="IN" subtype="TL">of</w> <w type="NN" subtype="TL">Jersey</w> <w type="NN" subtype="TL">City</w> <c type="pct">(</c> <w type="VBN">registered</w> <w type="JJ">professional</w> <w type="NNS">nurses</w> <w type="IN">with</w> <w type="NN">college</w> <w type="NN">background</w> <w type="CC">and</w> <w type="VBG">varying</w> <w type="NNS">experiences</w> <c type="pct">)</c> <c type="pct">.</c> </s>
<s n="4"><w type="AT">The</w> <w type="NN">day</w> <w type="IN">before</w> <w type="NN" subtype="TL">Election</w> <w type="NN" subtype="TL">Day</w> <c type="pct">,</c> <w type="IN">to</w> <w type="WDT">which</w> <w type="PPSS">we</w> <w type="BER">are</w> <w type="VBN">entitled</w> <w type="CS">as</w> <w type="AT">a</w> <w type="JJ">legal</w> <w type="NN">holiday</w> <c type="pct">,</c> <w type="PPSS">we</w> <w type="BED">were</w> <w type="VBN">informed</w> <w type="TO">to</w> <w type="VB">report</w> <w type="IN">to</w> <w type="PPg">our</w> <w type="JJ">respective</w> <w type="NNS">polls</w> <w type="TO">to</w> <w type="VB">work</w> <w type="CS">as</w> <c type="pct">``</c> <w type="NNS">workers</w> <w type="IN">of</w> <w type="AT">the</w> <w type="NN">party</w> <c type="pct">''</c> <c type="pct">.</c> </s>
</p>
<p><s n="5"><w type="BEG">Being</w> <w type="JJ">ethical</w> <w type="CC">and</w> <w type="JJ">professional</w> <w type="NNS">people</w> <w type="VBN">interested</w> <w type="IN">in</w> <w type="NN">community</w> <w type="NN">health</w> <w type="CC">and</w> <w type="NN">well-being</w> <c type="pct">,</c> <w type="PPSS">we</w> <w type="VBD">felt</w> <w type="DT">this</w> <mw pos="BEDZ *">wasn't </mw><w type="AT">a</w> <w type="NN">function</w> <w type="IN">of</w> <w type="PPg">our</w> <w type="NN">position</w> <c type="pct">.</c> </s>
<s n="6"><w type="JJ">Such</w> <w type="NNS">tactics</w> <w type="VB">reek</w> <w type="IN">of</w> <w type="NN">totalitarianism</w> <c type="pct">!</c> <c type="pct">!</c> </s>
<s n="7"><w type="CS">As</w> <w type="PPSS">we</w> <w type="VB">understand</w> <c type="pct">,</c> <w type="DT">this</w> <w type="NN">directive</w> <w type="BEDZ">was</w> <w type="VBN">given</w> <w type="IN">to</w> <w type="ABN">all</w> <w type="NN">city</w> <w type="CC">and</w> <w type="NN">county</w> <w type="NNS">employes</w> <c type="pct">.</c> </s>
</p>
<p><s n="8"><w type="IN">To</w> <w type="PPg">our</w> <w type="NN">knowledge</w> <w type="AT">no</w> <w type="NN">nurse</w> <w type="IN">in</w> <w type="PPg">our</w> <w type="NN">agency</w> <w type="HVZ">has</w> <w type="BEN">been</w> <w type="VBN">employed</w> <w type="CS">because</w> <w type="IN">of</w> <w type="JJ">political</w> <w type="NN">affiliation</w> <c type="pct">.</c> </s>
<s n="9"><w type="PPSS">We</w> <c type="pct">,</c> <w type="RB">therefore</w> <c type="pct">,</c> <w type="VBD">considered</w> <w type="AT">the</w> <c type="pct">``</c> <w type="NN">suggestion</w> <c type="pct">''</c> <w type="AT">an</w> <w type="NN">insult</w> <w type="IN">to</w> <w type="PPg">our</w> <w type="NN">intelligence</w> <c type="pct">,</c> <w type="NNS">ethics</w> <c type="pct">,</c> <w type="NN" subtype="TL">Bill</w> <w type="IN" subtype="TL">of</w> <w type="NNS" subtype="TL">Rights</w> <c type="pct">,</c> <w type="RB">etc.</w> <c type="pct">.</c> </s>
<s n="10"><w type="PPg">Our</w> <w type="AP">only</w> <w type="NN">obligation</w> <w type="IN">for</w> <w type="DT">this</w> <w type="NN">day</w> <w type="BEZ">is</w> <w type="TO">to</w> <w type="VB">vote</w> <c type="pct">,</c> <w type="JJ">free</w> <w type="IN">of</w> <w type="NN">persuasion</w> <c type="pct">,</c> <w type="IN">for</w> <w type="AT">the</w> <w type="NN">person</w> <w type="PPSS">we</w> <w type="VB">feel</w> <w type="BEZ">is</w> <w type="JJ">capable</w> <w type="IN">in</w> <w type="VBG">directing</w> <w type="AT">the</w> <w type="NN">public</w> <c type="pct">.</c> </s>
</p>
<p><s n="11"><w type="DT">This</w> <w type="BEZ">is</w> <w type="PPg">our</w> <w type="NN">duty</w> <c type="pct">--</c> <w type="NEG">not</w> <w type="CS">as</w> <w type="NNS">nurses</w> <w type="CC">or</w> <w type="NN">city</w> <w type="NNS">employes</w> <c type="pct">--</c> <w type="CC">but</w> <w type="CS">as</w> <w type="NNS">citizens</w> <w type="IN">of</w> <w type="AT">the</w> <w type="VBN" subtype="TL">United</w> <w type="NNS" subtype="TL">States</w> <c type="pct">.</c> </s>
</p>
<p><s n="12"><c type="pct">``</c> <w type="JJ" subtype="HL">Plus-one</w> <c type="pct">''</c> <w type="NNS" subtype="HL">shelters</w> </s>
<s n="13"><w type="IN" subtype="HL">to</w> <w type="AT" subtype="HL">the</w> <w type="NN" subtype="HL">editor</w> <c type="pct">:</c> </s>
<s n="14"><w type="NP">Sir</w> <c type="pct">--</c> <w type="PPSS">I</w> <w type="VBD">read</w> <w type="IN">of</w> <w type="AT">a</w> <w type="NN">man</w> <w type="WPS">who</w> <w type="VBD">felt</w> <w type="PPS">he</w> <w type="MD">should</w> <w type="NEG">not</w> <w type="VB">build</w> <w type="AT">a</w> <w type="NN">fallout</w> <w type="NN">shelter</w> <w type="IN">in</w> <w type="PPg">his</w> <w type="NR">home</w> <w type="CS">because</w> <w type="PPS">it</w> <w type="MD">would</w> <w type="BE">be</w> <w type="JJ">selfish</w> <w type="IN">for</w> <w type="PPO">him</w> <w type="TO">to</w> <w type="VB">sit</w> <w type="JJ">secure</w> <w type="CS">while</w> <w type="PPg">his</w> <w type="NNS">neighbors</w> <w type="HVD">had</w> <w type="AT">no</w> <w type="NNS">shelters</w> <c type="pct">.</c> </s>
<s n="15"><w type="DOZ">Does</w> <w type="DT">this</w> <w type="VB">man</w> <w type="VB">live</w> <w type="IN">in</w> <w type="AT">a</w> <w type="NN">neighborhood</w> <w type="WRB">where</w> <w type="ABN">all</w> <w type="BER">are</w> <w type="JJ">free</w> <w type="NNS">loaders</w> <w type="JJ">unwilling</w> <w type="TO">to</w> <w type="VB">help</w> <w type="PPLS">themselves</w> <c type="pct">,</c> <w type="CC">but</w> <w type="JJ">ready</w> <w type="TO">to</w> <w type="VB">demand</w> <w type="CS">that</w> <c type="pct">``</c> <w type="AT">the</w> <w type="NN">community</w> <c type="pct">''</c> <w type="NN">help</w> <w type="CC">and</w> <w type="VB">protect</w> <w type="PPO">them</w> <c type="pct">?</c> <c type="pct">?</c> </s>
</p>
<p><s n="16"><w type="NN">Community</w> <w type="NNS">shelters</w> <w type="BER">are</w> <c type="pct">,</c> <w type="IN">of</w> <w type="NN">course</w> <c type="pct">,</c> <w type="JJ">necessary</w> <w type="IN">for</w> <w type="DTS">those</w> <w type="HVG">having</w> <w type="AT">no</w> <w type="NN">space</w> <w type="IN">for</w> <w type="NN">shelter</w> <c type="pct">.</c> </s>
<s n="17"><w type="CS">If</w> <w type="IN">in</w> <w type="AT">a</w> <w type="NN">town</w> <w type="IN">of</w> <w type="CD">2,000</w> <w type="JJ">private</w> <w type="NNS">homes</w> <c type="pct">,</c> <w type="ABN">half</w> <w type="IN">of</w> <w type="PPO">them</w> <w type="HV">have</w> <w type="NNS">shelters</w> <c type="pct">,</c> <w type="AT">the</w> <w type="NN">need</w> <w type="IN">for</w> <w type="AT">the</w> <w type="NN">community</w> <w type="NNS">shelters</w> <w type="MD">will</w> <w type="BE">be</w> <w type="VBN">reduced</w> <w type="IN">to</w> <w type="DT">that</w> <w type="NN">extent</w> <c type="pct">.</c> </s>
</p>
<p><s n="18"><w type="IN">In</w> <w type="VBG">designing</w> <w type="PPg">his</w> <w type="NR">home</w> <w type="NN">fallout</w> <w type="NN">shelter</w> <w type="EX">there</w> <w type="BEZ">is</w> <w type="PN">nothing</w> <w type="TO">to</w> <w type="VB">prevent</w> <w type="AT">a</w> <w type="NN">man</w> <w type="IN">from</w> <w type="VBG">planning</w> <w type="TO">to</w> <w type="VB">shelter</w> <w type="DT">that</w> <w type="NNg">home's</w> <w type="NNS">occupants</w> <c type="pct">,</c> <c type="pct">``</c> <w type="JJ">plus-one</w> <c type="pct">''</c> <c type="pct">--</c> <w type="CS">so</w> <w type="PPS">he</w> <w type="MD">will</w> <w type="BE">be</w> <w type="JJ">able</w> <w type="TO">to</w> <w type="VB">take</w> <w type="RP">in</w> <w type="AT">a</w> <w type="NN">stranger</w> <c type="pct">.</c> </s>
<s n="19"><w type="PPSS">I</w> <w type="VB">hope</w> <w type="AT">the</w> <w type="NN">man</w> <w type="WPS">who</w> <w type="VBZ">plans</w> <w type="TO">to</w> <w type="VB">sit</w> <w type="IN">on</w> <w type="PPg">his</w> <w type="NNS">hands</w> <w type="CS">until</w> <w type="AT">the</w> <w type="NN">emergency</w> <w type="VBZ">comes</w> <w type="MD">will</w> <w type="HV">have</w> <w type="AT">a</w> <w type="NN">change</w> <w type="IN">of</w> <w type="NN">heart</w> <c type="pct">,</c> <w type="MD">will</w> <w type="VB">get</w> <w type="JJ">busy</w> <w type="CC">and</w> <w type="BE">be</w> <w type="AT">the</w> <w type="OD">first</w> <w type="NN">member</w> <w type="IN">of</w> <w type="PPg">our</w> <c type="pct">``</c> <w type="JJ">plus-one</w> <c type="pct">''</c> <w type="NN">shelter</w> <w type="NN">club</w> <c type="pct">.</c> </s>
</p>
<p><s n="20"><w type="NN" subtype="HL">Escape</w> </s>
<s n="21"><w type="IN" subtype="HL">to</w> <w type="AT" subtype="HL">the</w> <w type="NN" subtype="HL">editor</w> <c type="pct">:</c> </s>
<s n="22"><w type="NP">Sir</w> <c type="pct">--</c> <w type="NNS">People</w> <w type="VB">continue</w> <w type="TO">to</w> <w type="VB">inquire</w> <w type="AT">the</w> <w type="NN">reason</w> <w type="IN">for</w> <w type="AT">the</w> <w type="NN">race</w> <w type="IN">for</w> <w type="JJ">outer</w> <w type="NN">space</w> <c type="pct">.</c> </s>
<s n="23"><mw pos="PPS BEZ">It's </mw><w type="JJ">simple</w> <w type="QLP">enough</w> <w type="IN">from</w> <w type="PPg">my</w> <w type="NN">point</w> <w type="IN">of</w> <w type="NN">view</w> <c type="pct">.</c> </s>
<s n="24"><w type="PPSS">I</w> <w type="BEM">am</w> <w type="IN">for</w> <w type="PPO">it</w> <c type="pct">.</c> </s>
</p>
<p><s n="25"><w type="PPS">It</w> <w type="BEZ">is</w> <w type="AT">the</w> <w type="AP">only</w> <w type="NN">method</w> <w type="VBN">left</w> <w type="IN">for</w> <w type="AT">a</w> <w type="NN">man</w> <w type="TO">to</w> <w type="VB">escape</w> <w type="IN">from</w> <w type="AT">a</w> <w type="NNg">woman's</w> <w type="NN">world</w> <c type="pct">.</c> </s>
</p>
<p><s n="26"><w type="VBZ" subtype="HL">Supports</w> <w type="NP" subtype="HL">Katanga</w> </s>
<s n="27"><w type="IN" subtype="HL">to</w> <w type="AT" subtype="HL">the</w> <w type="NN" subtype="HL">editor</w> <c type="pct">:</c> </s>
<s n="28"><w type="NP">Sir</w> <c type="pct">--</c> <w type="WRB">When</w> <w type="AT">the</w> <w type="NNS">colonies</w> <w type="VBD">decided</w> <w type="IN">upon</w> <w type="NN">freedom</w> <w type="IN">from</w> <w type="NP">England</w> <c type="pct">,</c> <w type="PPSS">we</w> <w type="VBD">insisted</w> <c type="pct">,</c> <w type="IN">through</w> <w type="AT">the</w> <w type="NN" subtype="TL">Declaration</w> <w type="IN" subtype="TL">of</w> <w type="NN" subtype="TL">Independence</w> <c type="pct">,</c> <w type="CS">that</w> <w type="AT">the</w> <w type="NNS">nations</w> <w type="IN">of</w> <w type="AT">the</w> <w type="NN">world</w> <w type="VB">recognize</w> <w type="PPO">us</w> <w type="CS">as</w> <w type="AT">a</w> <w type="JJ">separate</w> <w type="JJ">political</w> <w type="NN">entity</w> <c type="pct">.</c> </s>
<s n="29"><w type="PPS">It</w> <w type="BEZ">is</w> <w type="JJ">high</w> <w type="NN">time</w> <w type="AT">the</w> <w type="VBN" subtype="TL">United</w> <w type="NNS" subtype="TL">States</w> <w type="VBD">began</w> <w type="TO">to</w> <w type="VB">realize</w> <w type="CS">that</w> <w type="AT">the</w> <w type="JJ">God-given</w> <w type="NNS">rights</w> <w type="IN">of</w> <w type="NNS">men</w> <w type="VB">set</w> <w type="RB">forth</w> <w type="IN">in</w> <w type="DT">that</w> <w type="NN">document</w> <w type="BER">are</w> <w type="JJ">applicable</w> <w type="NR">today</w> <w type="IN">to</w> <w type="NP">Katanga</w> <c type="pct">.</c> </s>
</p>
<p><s n="30"><w type="IN">In</w> <w type="AT">the</w> <w type="VBN" subtype="TL">United</w> <w type="NNS" subtype="TL">Nations</w> <w type="NN" subtype="TL">Charter</w> <c type="pct">,</c> <w type="AT">the</w> <w type="NN">right</w> <w type="IN">of</w> <w type="NN">self-determination</w> <w type="BEZ">is</w> <w type="RB">also</w> <w type="AT">an</w> <w type="JJ">essential</w> <w type="NN">principle</w> <c type="pct">.</c> </s>
<s n="31"><w type="DT">This</w> <c type="pct">,</c> <w type="RB">again</w> <c type="pct">,</c> <w type="VBZ">applies</w> <w type="IN">to</w> <w type="NP">Katanga</w> <c type="pct">.</c> </s>
<s n="32"><w type="AT">The</w> <w type="NNS">people</w> <w type="IN">of</w> <w type="NP">Katanga</w> <w type="HVD">had</w> <w type="VBN">fought</w> <w type="IN">for</w> <c type="pct">,</c> <w type="CC">and</w> <w type="VBN">obtained</w> <c type="pct">,</c> <w type="PPg">their</w> <w type="NN">freedom</w> <w type="IN">from</w> <w type="AT">the</w> <w type="NN" subtype="TL">Communist</w> <w type="NN">yoke</w> <w type="IN">of</w> <w type="NP">Antoine</w> <w type="NP">Gizenga</w> <c type="pct">,</c> <w type="CC">and</w> <w type="PPg">his</w> <w type="NNS">cohorts</w> <c type="pct">.</c> </s>
<s n="33"><w type="IN">By</w> <w type="JJ">political</w> <c type="pct">,</c> <w type="JJ">economic</w> <c type="pct">,</c> <w type="JJ">geographic</w> <w type="CC">and</w> <w type="JJ">natural</w> <w type="NNS">standards</w> <c type="pct">,</c> <w type="PPSS">they</w> <w type="BED">were</w> <w type="VBN">justified</w> <w type="IN">in</w> <w type="VBG">doing</w> <w type="RB">so</w> <c type="pct">.</c> </s>
</p>
<p><s n="34"><w type="AT">The</w> <w type="VBN" subtype="TL">United</w> <w type="NNS" subtype="TL">States</w> <w type="CC">and</w> <w type="AT">the</w> <w type="NP">U.N.</w> <w type="VB">denounce</w> <w type="PPg">their</w> <w type="JJ">own</w> <w type="NNS">principles</w> <w type="WRB">when</w> <w type="PPSS">they</w> <w type="VB">defend</w> <w type="AT">the</w> <w type="NN" subtype="TL">Communist</w> <w type="NNS">oppressors</w> <w type="CC">and</w> <w type="VB">refuse</w> <w type="TO">to</w> <w type="VB">acknowledge</w> <w type="AT">the</w> <w type="NN">right</w> <w type="IN">of</w> <w type="NN">self-determination</w> <w type="IN">of</w> <w type="AT">the</w> <w type="NPS">Katangans</w> <c type="pct">.</c> </s>
</p>
<p><s n="35"><w type="NN">County</w> <w type="NN" subtype="HL">college</w> <w type="NNS" subtype="HL">costs</w> </s>
<s n="36"><w type="IN" subtype="HL">to</w> <w type="AT" subtype="HL">the</w> <w type="NN" subtype="HL">editor</w> <c type="pct">:</c> </s>
<s n="37"><w type="NP">Sir</w> <c type="pct">--</c> <w type="VB">Permit</w> <w type="PPO">me</w> <w type="TO">to</w> <w type="VB">commend</w> <w type="PPg">your</w> <w type="NN">editorial</w> <w type="IN">in</w> <w type="WDT">which</w> <w type="PPSS">you</w> <w type="VB">stress</w> <w type="AT">the</w> <w type="NN">fact</w> <w type="CS">that</w> <w type="AT">a</w> <w type="NN">program</w> <w type="IN">of</w> <w type="NN">county</w> <w type="NNS">colleges</w> <w type="MD">will</w> <w type="RB">substantially</w> <w type="VB">increase</w> <w type="JJ">local</w> <w type="NN">tax</w> <w type="NNS">burdens</w> <w type="CC">and</w> <w type="CS">that</w> <w type="NNS">taxpayers</w> <w type="HV">have</w> <w type="AT">a</w> <w type="NN">right</w> <w type="IN">to</w> <w type="AT">a</w> <w type="JJ">clear</w> <w type="NN">idea</w> <w type="IN">of</w> <w type="WDT">what</w> <w type="ABL">such</w> <w type="AT">a</w> <w type="NN">program</w> <w type="MD">would</w> <w type="VB">commit</w> <w type="PPO">them</w> <w type="IN">to</w> <c type="pct">.</c> </s>
</p>
<p><s n="38"><w type="AT">The</w> <w type="NN">bill</w> <w type="WDT">which</w> <w type="VBD">passed</w> <w type="AT">the</w> <w type="NN" subtype="TL">Assembly</w> <w type="AP">last</w> <w type="NP">May</w> <w type="CC">and</w> <w type="BEZ">is</w> <w type="RB">now</w> <w type="JJ">pending</w> <w type="IN">in</w> <w type="AT">the</w> <w type="NN" subtype="TL">Senate</w> <w type="MD">should</w> <w type="BE">be</w> <w type="VBN">given</w> <w type="JJ">careful</w> <w type="NN">scrutiny</w> <c type="pct">.</c> </s>
<s n="39"><w type="AT">The</w> <w type="NN">procedure</w> <w type="IN">for</w> <w type="VBG">determining</w> <w type="AT">the</w> <w type="VBZ">amounts</w> <w type="IN">of</w> <w type="NN">money</w> <w type="TO">to</w> <w type="BE">be</w> <w type="VBN">spent</w> <w type="IN">by</w> <w type="NN">county</w> <w type="NNS">colleges</w> <w type="CC">and</w> <w type="VBN">raised</w> <w type="IN">by</w> <w type="NN">taxation</w> <w type="MD">will</w> <w type="RB">certainly</w> <w type="VB">startle</w> <w type="AP">many</w> <w type="NNS">taxpayers</w> <c type="pct">.</c> </s>
</p>
<p><s n="40"><w type="IN">Under</w> <w type="AT">the</w> <w type="NN">proposal</w> <w type="AT">the</w> <w type="NNS">members</w> <w type="IN">of</w> <w type="AT">the</w> <w type="NN">board</w> <w type="IN">of</w> <w type="NNS">trustees</w> <w type="IN">of</w> <w type="AT">a</w> <w type="NN">county</w> <w type="NN">college</w> <w type="MD">will</w> <w type="BE">be</w> <w type="VBN">appointed</w> <c type="pct">;</c> <c type="pct">;</c> </s>
<s n="41"><w type="PN">none</w> <w type="MD">will</w> <w type="BE">be</w> <w type="VBN">elected</w> <c type="pct">.</c> </s>
<s n="42"><w type="AT">The</w> <w type="NNS">trustees</w> <w type="MD">will</w> <w type="VB">prepare</w> <w type="AT">an</w> <w type="JJ">annual</w> <w type="NN">budget</w> <w type="IN">for</w> <w type="AT">the</w> <w type="NN">college</w> <w type="CC">and</w> <w type="VB">submit</w> <w type="PPO">it</w> <w type="IN">to</w> <w type="AT">the</w> <w type="NN">board</w> <w type="IN">of</w> <w type="NN">school</w> <w type="NN">estimate</w> <c type="pct">.</c> </s>
<s n="43"><w type="DT">This</w> <w type="NN">board</w> <w type="MD">will</w> <w type="VB">consist</w> <w type="IN">of</w> <w type="CD">two</w> <w type="IN">of</w> <w type="AT">the</w> <w type="NNS">trustees</w> <w type="IN">of</w> <w type="AT">the</w> <w type="NN">college</w> <c type="pct">,</c> <w type="CC">and</w> <w type="AT">the</w> <w type="NN">director</w> <w type="CC">and</w> <w type="CD">two</w> <w type="NNS">members</w> <w type="IN">of</w> <w type="AT">the</w> <w type="NN">board</w> <w type="IN">of</w> <w type="NNS">freeholders</w> <c type="pct">.</c> </s>
<s n="44"><w type="PPS">It</w> <w type="MD">will</w> <w type="VB">determine</w> <w type="AT">the</w> <w type="VB">amount</w> <w type="IN">of</w> <w type="NN">money</w> <w type="TO">to</w> <w type="BE">be</w> <w type="VBN">spent</w> <w type="IN">by</w> <w type="AT">the</w> <w type="NN">college</w> <w type="CC">and</w> <w type="MD">will</w> <w type="VB">certify</w> <w type="DT">this</w> <w type="VB">amount</w> <w type="IN">to</w> <w type="AT">the</w> <w type="NN">board</w> <w type="IN">of</w> <w type="NNS">freeholders</w> <c type="pct">,</c> <w type="WDT">which</w> <c type="pct">``</c> <w type="MD">shall</w> <w type="JJ">appropriate</w> <w type="IN">in</w> <w type="AT">the</w> <w type="AP">same</w> <w type="NN">manner</w> <w type="CS">as</w> <w type="AP">other</w> <w type="NNS">appropriations</w> <w type="BER">are</w> <w type="VBN">made</w> <w type="IN">by</w> <w type="PPO">it</w> <w type="AT">the</w> <w type="NN">amount</w> <w type="RB">so</w> <w type="VBN">certified</w> <w type="CC">and</w> <w type="AT">the</w> <w type="NN">amount</w> <w type="MD">shall</w> <w type="BE">be</w> <w type="VBN">assessed</w> <c type="pct">,</c> <w type="VBN">levied</w> <w type="CC">and</w> <w type="VBN">collected</w> <w type="IN">in</w> <w type="AT">the</w> <w type="AP">same</w> <w type="NN">manner</w> <w type="CS">as</w> <w type="NNS">moneys</w> <w type="VBN">appropriated</w> <w type="IN">for</w> <w type="AP">other</w> <w type="NNS">purposes</w> <c type="pct">''</c> <c type="pct">.</c> </s>
</p>
<p><s n="45"><w type="AT">The</w> <w type="NN">approval</w> <w type="IN">of</w> <w type="RB">only</w> <w type="CD">three</w> <w type="NNS">members</w> <w type="IN">of</w> <w type="AT">the</w> <w type="NN">board</w> <w type="IN">of</w> <w type="NN">school</w> <w type="NN">estimate</w> <w type="BEZ">is</w> <w type="VBN">required</w> <w type="TO">to</w> <w type="VB">certify</w> <w type="AT">the</w> <w type="NN">amount</w> <w type="IN">of</w> <w type="NN">money</w> <w type="TO">to</w> <w type="BE">be</w> <w type="VBN">allotted</w> <w type="IN">to</w> <w type="AT">the</w> <w type="NN">college</w> <c type="pct">.</c> </s>
<s n="46"><w type="CS">Since</w> <w type="CD">two</w> <w type="IN">of</w> <w type="DTS">these</w> <w type="MD">could</w> <w type="BE">be</w> <w type="NNS">trustees</w> <w type="IN">of</w> <w type="AT">the</w> <w type="NN">college</w> <c type="pct">,</c> <w type="RB">actually</w> <w type="PPS">it</w> <w type="MD">would</w> <w type="BE">be</w> <w type="JJ">necessary</w> <w type="TO">to</w> <w type="HV">have</w> <w type="AT">the</w> <w type="NN">consent</w> <w type="IN">of</w> <w type="RB">only</w> <w type="CD">one</w> <w type="VBN">elected</w> <w type="NN">official</w> <w type="TO">to</w> <w type="VB">impose</w> <w type="AT">a</w> <w type="NN">levy</w> <w type="IN">of</w> <w type="NNS">millions</w> <w type="IN">of</w> <w type="NNS">dollars</w> <w type="IN">of</w> <w type="NN">tax</w> <w type="NN">revenue</w> <c type="pct">.</c> </s>
<s n="47"><w type="DT">This</w> <w type="BEZ">is</w> <w type="NN">taxation</w> <w type="IN">without</w> <w type="NN">representation</w> <c type="pct">.</c> </s>
</p>
<p><s n="48"><w type="VBG" subtype="HL">Taxing</w> <w type="NNS" subtype="HL">improvements</w> </s>
<s n="49"><w type="IN" subtype="HL">to</w> <w type="AT" subtype="HL">the</w> <w type="NN" subtype="HL">editor</w> <c type="pct">:</c> </s>
<s n="50"><w type="NP">Sir</w> <c type="pct">--</c> <w type="PPg">Your</w> <w type="NN">editorial</w> <c type="pct">,</c> <c type="pct">``</c> <w type="NN" subtype="TL">Housing</w> <w type="NN" subtype="TL">Speedup</w> <c type="pct">''</c> <c type="pct">,</c> <w type="BEZ">is</w> <w type="RB">certainly</w> <w type="NEG">not</w> <w type="AT">the</w> <w type="NN">answer</w> <w type="IN">to</w> <w type="PPg">our</w> <w type="NN">slum</w> <w type="NNS">problems</w> <c type="pct">.</c> </s>
<s n="51"><w type="AT">The</w> <w type="AP">very</w> <w type="NNS">rules</w> <w type="CC">and</w> <w type="NNS">regulations</w> <w type="IN">in</w> <w type="AT">every</w> <w type="NN">city</w> <w type="BER">are</w> <w type="AT">the</w> <w type="JJ">primary</w> <w type="NN">case</w> <w type="IN">of</w> <w type="NN">slum</w> <w type="NNS">conditions</w> <c type="pct">.</c> </s>
</p>
<p><s n="52"><w type="VB">Change</w> <w type="PPg">our</w> <w type="VBG">taxing</w> <w type="NN">law</w> <w type="CS">so</w> <w type="CS">that</w> <w type="AT">no</w> <w type="NN">tax</w> <w type="MD">shall</w> <w type="BE">be</w> <w type="VBN">charged</w> <w type="IN">to</w> <w type="DTI">any</w> <w type="NN">owner</w> <w type="IN">for</w> <w type="NNS">additions</w> <w type="CC">or</w> <w type="NNS">improvements</w> <w type="IN">to</w> <w type="PPg">his</w> <w type="NNS">properties</w> <c type="pct">.</c> </s>
<s n="53"><w type="RB">Then</w> <w type="VB">see</w> <w type="WDT">what</w> <w type="AT">a</w> <w type="NN">boom</w> <w type="IN">in</w> <w type="ABN">all</w> <w type="NNS">trades</w> <c type="pct">,</c> <w type="QL">as</w> <w type="RB">well</w> <w type="CS">as</w> <w type="NN">slum</w> <w type="NN">clearance</w> <w type="IN">at</w> <w type="AT">no</w> <w type="NN">cost</w> <w type="IN">to</w> <w type="NNS">taxpayers</w> <c type="pct">,</c> <w type="MD">will</w> <w type="VB">happen</w> <c type="pct">.</c> </s>
<s n="54"><w type="PPg">Our</w> <w type="JJ">entire</w> <w type="NN">economy</w> <w type="MD">will</w> <w type="HV">have</w> <w type="AT">a</w> <w type="JJ">terrific</w> <w type="NN">uplift</w> <c type="pct">.</c> </s>
</p>
<p><s n="55"><c type="pct">``</c> <w type="JJ" subtype="HL">Natural</w> <w type="NNS" subtype="HL">causes</w> <c type="pct">''</c> </s>
<s n="56"><w type="IN" subtype="HL">to</w> <w type="AT" subtype="HL">the</w> <w type="NN" subtype="HL">editor</w> <c type="pct">:</c> </s>
<s n="57"><w type="NP">Sir</w> <c type="pct">--</c> <w type="AT">An</w> <w type="JJ">old</w> <w type="NN">man</w> <w type="BEZ">is</w> <w type="VBN">kicked</w> <w type="IN">to</w> <w type="NN">death</w> <w type="IN">by</w> <w type="NNS">muggers</w> <c type="pct">.</c> </s>
<s n="58"><w type="AT">The</w> <w type="JJ">medical</w> <w type="NN">examiner</w> <w type="VBZ">states</w> <w type="CS">that</w> <w type="NN">death</w> <w type="BEDZ">was</w> <w type="JJ">due</w> <w type="IN">to</w> <c type="pct">``</c> <w type="JJ">natural</w> <w type="NNS">causes</w> <c type="pct">''</c> <c type="pct">.</c> </s>
</p>
<p><s n="59"><w type="PPSS">I</w> <w type="RB">once</w> <w type="VBD">heard</w> <w type="AT">a</w> <w type="NN">comedian</w> <w type="VB">say</w> <w type="CS">that</w> <w type="CS">if</w> <w type="PPSS">you</w> <w type="BER">are</w> <w type="VBN">killed</w> <w type="IN">by</w> <w type="AT">a</w> <w type="NN">taxicab</w> <w type="IN">in</w> <w type="JJ" subtype="TL">New</w> <w type="NP" subtype="TL">York</w> <c type="pct">,</c> <w type="PPS">it</w> <w type="BEZ">is</w> <w type="VBN">listed</w> <w type="CS">as</w> <c type="pct">``</c> <w type="NN">death</w> <w type="JJ">due</w> <w type="IN" subtype="HL">to</w> <w type="JJ" subtype="HL">natural</w> <w type="NNS" subtype="HL">causes</w> <c type="pct">''</c> <c type="pct">.</c> </s>
</p>
<p><s n="60"><w type="VBZ" subtype="HL">Praises</w> <w type="NN" subtype="HL">exhibit</w> </s>
<s n="61"><w type="IN">to</w> <w type="AT">the</w> <w type="NN">editor</w> <c type="pct">:</c> </s>
<s n="62"><w type="NP">Sir</w> <c type="pct">--</c> <w type="AT">Every</w> <w type="NN">resident</w> <w type="IN">of</w> <w type="DT">this</w> <w type="NN">city</w> <w type="MD">should</w> <w type="VB">visit</w> <w type="AT">the</w> <w type="NP" subtype="TL">Newark</w> <w type="NN" subtype="TL">Museum</w> <w type="CC">and</w> <w type="VB">see</w> <w type="AT">the</w> <w type="NN">exhibit</w> <c type="pct">``</c> <w type="PPg" subtype="TL">Our</w> <w type="VBG" subtype="TL">Changing</w> <w type="NN" subtype="TL">Skyline</w> <w type="IN" subtype="TL">in</w> <w type="NP" subtype="TL">Newark</w> <c type="pct">''</c> <c type="pct">.</c> </s>
<s n="63"><w type="PPS">It</w> <w type="MD">will</w> <w type="BE">be</w> <w type="IN">at</w> <w type="AT">the</w> <w type="NN">museum</w> <w type="IN">until</w> <w type="NP">March</w> <w type="CD">30</w> <c type="pct">.</c> </s>
</p>
<p><s n="64"><w type="PPS">It</w> <w type="BEZ">is</w> <w type="AT">a</w> <w type="NN">revelation</w> <w type="IN">of</w> <w type="WDT">what</w> <w type="HVZ">has</w> <w type="BEN">been</w> <w type="VBN">done</w> <c type="pct">,</c> <w type="WDT">what</w> <w type="BEZ">is</w> <w type="BEG">being</w> <w type="VBN">done</w> <w type="CC">and</w> <w type="WDT">what</w> <w type="MD">will</w> <w type="BE">be</w> <w type="VBN">done</w> <w type="IN">in</w> <w type="NP">Newark</w> <w type="CS">as</w> <w type="VBN">shown</w> <w type="IN">by</w> <w type="NNSg">architects'</w> <w type="NNS">plans</w> <c type="pct">,</c> <w type="NNS">models</w> <w type="CC">and</w> <w type="NNS">pictures</w> <c type="pct">.</c> </s>
<s n="65"><w type="PPS">It</w> <w type="VBZ">shows</w> <w type="WDT">what</w> <w type="AT">a</w> <w type="JJ">beautiful</w> <w type="NN">city</w> <w type="NP">Newark</w> <w type="MD">will</w> <w type="VB">become</w> <w type="CC">and</w> <w type="RB">certainly</w> <w type="VB">make</w> <w type="AT">every</w> <w type="NP">Newarker</w> <w type="JJ">proud</w> <w type="IN">of</w> <w type="DT">this</w> <w type="NN">city</w> <c type="pct">.</c> </s>
</p>
<p><s n="66"><w type="PPS">It</w> <w type="MD">should</w> <w type="RB">also</w> <w type="VB">make</w> <w type="PPO">him</w> <w type="VB">desire</w> <w type="TO">to</w> <w type="VB">participate</w> <w type="RB">actively</w> <w type="IN">in</w> <w type="JJ">civic</w> <c type="pct">,</c> <w type="NN">school</w> <w type="CC">and</w> <w type="JJ">religious</w> <w type="NN">life</w> <w type="IN">of</w> <w type="AT">the</w> <w type="NN">community</w> <w type="CS">so</w> <w type="CS">that</w> <w type="DT">that</w> <w type="NN">phase</w> <w type="IN">of</w> <w type="NP">Newark</w> <w type="MD">will</w> <w type="VB">live</w> <w type="RP">up</w> <w type="IN">to</w> <w type="AT">the</w> <w type="NN">challenge</w> <w type="VBN">presented</w> <w type="IN">by</w> <w type="DT">this</w> <w type="NN">exhibit</w> <c type="pct">.</c> </s>
</p>
<p><s n="67"><w type="NN" subtype="HL">Parkway</w> <w type="NN" subtype="HL">courtesy</w> </s>
<s n="68"><w type="IN" subtype="HL">to</w> <w type="AT" subtype="HL">the</w> <w type="NN" subtype="HL">editor</w> <c type="pct">:</c> </s>
<s n="69"><w type="NP">Sir</w> <c type="pct">--</c> <w type="PPSS">I</w> <w type="VB">hasten</w> <w type="TO">to</w> <w type="VB">join</w> <w type="IN">in</w> <w type="NN">praise</w> <w type="IN">of</w> <w type="AT">the</w> <w type="NNS">men</w> <w type="IN">in</w> <w type="AT">the</w> <w type="NN">toll</w> <w type="NNS">booths</w> <w type="IN">on</w> <w type="AT">the</w> <w type="NN" subtype="TL">Garden</w> <w type="NN" subtype="TL">State</w> <w type="NN" subtype="TL">Parkway</w> <c type="pct">.</c> </s>
<s n="70"><w type="RB">Recently</w> <w type="PPSS">I</w> <w type="VBD">traveled</w> <w type="AT">the</w> <w type="NN">parkway</w> <w type="IN">from</w> <w type="JJ" subtype="TL">East</w> <w type="NP" subtype="TL">Orange</w> <w type="IN">to</w> <w type="NN" subtype="TL">Cape</w> <w type="NP" subtype="TL">May</w> <w type="CC">and</w> <w type="PPSS">I</w> <w type="VBD">found</w> <w type="AT">the</w> <w type="QL">most</w> <w type="JJ">courteous</w> <w type="NN">group</w> <w type="IN">of</w> <w type="NNS">men</w> <w type="PPSS">you</w> <w type="MD">will</w> <w type="VB">find</w> <w type="RB">anywhere</w> <c type="pct">.</c> </s>
<s n="71"><w type="CD">One</w> <w type="RB">even</w> <w type="VBD">gave</w> <w type="PPg">my</w> <w type="JJ">little</w> <w type="NN">dog</w> <w type="AT">a</w> <w type="NN">biscuit</w> <c type="pct">.</c> </s>
<s n="72"><w type="PPS">It</w> <w type="BEDZ">was</w> <w type="QL">very</w> <w type="JJ">refreshing</w> <c type="pct">.</c> </s>
</p>
<p><s n="73"><c type="pct">``</c> <w type="NN" subtype="TL">Deep</w> <w type="NN" subtype="TL">Peep</w> <w type="NN" subtype="TL">Show</w> <c type="pct">''</c> </s>
<s n="74"><w type="AT">The</w> <w type="NNS">viewers</w> <w type="IN">of</w> <w type="AT">the</w> <c type="pct">``</c> <w type="NN" subtype="TL">Deep</w> <w type="NN" subtype="TL">Peep</w> <w type="NN" subtype="TL">Show</w> <c type="pct">''</c> <w type="IN">at</w> <w type="OD">15th</w> <w type="CC">and</w> <w type="NN">M</w> <w type="NNS" subtype="TL">Streets</w> <w type="NN">NW</w> <w type="HV">have</w> <w type="AT">an</w> <w type="VBN">added</w> <w type="NN">attraction</w> <c type="pct">--</c> <w type="AT">the</w> <w type="NN">view</w> <w type="IN">of</w> <w type="AT">a</w> <w type="VBN">fossilized</w> <w type="NN">cypress</w> <w type="NN">swamp</w> <c type="pct">.</c> </s>
<s n="75"><w type="CD">Twenty</w> <w type="NNS">feet</w> <w type="IN">below</w> <w type="AT">the</w> <w type="NN">street</w> <w type="NN">level</w> <w type="IN">in</w> <w type="AT">the</w> <w type="NN">excavation</w> <w type="IN">of</w> <w type="AT">the</w> <w type="JJ">new</w> <w type="NN">motel</w> <w type="TO">to</w> <w type="BE">be</w> <w type="VBN">constructed</w> <w type="IN">on</w> <w type="DT">this</w> <w type="NN">site</w> <c type="pct">,</c> <w type="AT">a</w> <w type="JJ">black</w> <w type="JJ">coal-like</w> <w type="NN">deposit</w> <w type="HVZ">has</w> <w type="BEN">been</w> <w type="VBN">encountered</w> <c type="pct">.</c> </s>
</p>
<p><s n="76"><w type="DT">This</w> <w type="BEZ">is</w> <w type="AT">a</w> <w type="JJ">black</w> <w type="NN">swamp</w> <w type="NN">clay</w> <w type="IN">in</w> <w type="WDT">which</w> <w type="RB">about</w> <w type="CD">one</w> <w type="CD">hundred</w> <w type="CD">million</w> <w type="NNS">years</w> <w type="RB">ago</w> <w type="JJ">cypress-like</w> <w type="NNS">trees</w> <w type="BED">were</w> <w type="VBG">growing</w> <c type="pct">.</c> </s>
<s n="77"><w type="AT">The</w> <w type="VBN">fossilized</w> <w type="NNS">remains</w> <w type="IN">of</w> <w type="AP">many</w> <w type="IN">of</w> <w type="DTS">these</w> <w type="NNS">trees</w> <w type="BER">are</w> <w type="VBN">found</w> <w type="VBN">embedded</w> <w type="IN">in</w> <w type="AT">the</w> <w type="NN">clay</w> <c type="pct">.</c> </s>
<s n="78"><w type="DTI">Some</w> <w type="IN">of</w> <w type="AT">the</w> <w type="NNS">stumps</w> <w type="BER">are</w> <w type="QL">as</w> <w type="AP">much</w> <w type="CS">as</w> <w type="CD">three</w> <w type="NNS">feet</w> <w type="JJ">long</w> <c type="pct">,</c> <w type="CC">but</w> <w type="AP">most</w> <w type="IN">of</w> <w type="PPO">them</w> <w type="HV">have</w> <w type="BEN">been</w> <w type="VBN">flattened</w> <w type="IN">by</w> <w type="AT">the</w> <w type="NN">pressure</w> <w type="IN">of</w> <w type="AT">the</w> <w type="VBG">overlying</w> <w type="NNS">sediments</w> <c type="pct">.</c> </s>
<s n="79"><w type="CS">Although</w> <w type="AT">the</w> <w type="NN">wood</w> <w type="HVZ">has</w> <w type="BEN">been</w> <w type="VBN">changed</w> <w type="IN">to</w> <w type="NN">coal</w> <c type="pct">,</c> <w type="AP">much</w> <w type="IN">of</w> <w type="PPO">it</w> <w type="RB">still</w> <w type="VBZ">retains</w> <w type="PPg">its</w> <w type="JJ">original</w> <w type="NN">cell</w> <w type="NN">structure</w> <c type="pct">.</c> </s>
</p>
<p><s n="80"><w type="IN">In</w> <w type="AT">the</w> <w type="NN">clay</w> <w type="BER">are</w> <w type="VBN">entombed</w> <w type="NNS">millions</w> <w type="IN">of</w> <w type="NN">pollen</w> <w type="NNS">grains</w> <w type="CC">and</w> <w type="NNS">spores</w> <w type="WDT">which</w> <w type="VBD">came</w> <w type="IN">from</w> <w type="NNS">plants</w> <w type="VBG">growing</w> <w type="IN">in</w> <w type="AT">the</w> <w type="NN">region</w> <w type="IN">at</w> <w type="AT">the</w> <w type="NN">time</w> <c type="pct">.</c> </s>
<s n="81"><w type="DTS">These</w> <w type="NNS">microfossils</w> <w type="VB">indicate</w> <w type="AT">the</w> <w type="NN">swamp</w> <w type="BEDZ">was</w> <c type="pct">``</c> <w type="VBN">formed</w> <w type="IN">during</w> <w type="AT">the</w> <w type="JJR" subtype="TL">Lower</w> <w type="NP" subtype="TL">Cretaceous</w> <w type="NN">period</w> <w type="WRB">when</w> <w type="NNS">dinosaurs</w> <w type="BED">were</w> <w type="IN">at</w> <w type="PPg">their</w> <w type="NN">heyday</w> <w type="CC">and</w> <w type="WRB">when</w> <w type="AT">the</w> <w type="OD">first</w> <w type="VBG">flowering</w> <w type="NNS">plants</w> <w type="BED">were</w> <w type="RB">just</w> <w type="VBG">appearing</w> <c type="pct">.</c> </s>
</p>
<p><s n="82"><w type="AT">The</w> <w type="OD" subtype="TL">15th</w> <w type="NN" subtype="TL">Street</w> <w type="NN">deposit</w> <w type="BEZ">is</w> <w type="NEG">not</w> <w type="TO">to</w> <w type="BE">be</w> <w type="VBN">confused</w> <w type="IN">with</w> <w type="AT">the</w> <w type="JJ">nearby</w> <w type="JJ">famous</w> <w type="NP" subtype="TL">Mayflower</w> <w type="NN" subtype="TL">Hotel</w> <w type="NN">cypress</w> <w type="NN">swamp</w> <w type="IN">on</w> <w type="OD" subtype="TL">17th</w> <w type="NN" subtype="TL">Street</w> <w type="VBN">reported</w> <w type="IN">in</w> <w type="AT" subtype="TL">The</w> <w type="NP" subtype="TL">Washington</w> <w type="NN" subtype="TL">Post</w> <c type="pct">,</c> <w type="NP">August</w> <w type="CD">2</w> <c type="pct">,</c> <w type="CD">1955</w> <c type="pct">,</c> <w type="WDT">which</w> <w type="BEDZ">was</w> <w type="RB">probably</w> <w type="VBN">formed</w> <w type="IN">during</w> <w type="AT">the</w> <w type="OD">second</w> <w type="JJ">interglacial</w> <w type="NN">period</w> <w type="CC">and</w> <w type="BEZ">is</w> <w type="RB">therefore</w> <w type="QL">much</w> <w type="JJR">younger</w> <c type="pct">.</c> </s>
</p>
<p><s n="83"><w type="VBG" subtype="HL">Working</w> <w type="IN" subtype="HL">for</w> <w type="NN" subtype="HL">peace</w> </s>
<s n="84"><w type="RB">Recently</w> <w type="AT">the</w> <w type="NN">secretary</w> <w type="IN">of</w> <w type="AT">the</w> <w type="NNS" subtype="TL">Friends</w> <w type="NN" subtype="TL">Committee</w> <w type="IN" subtype="TL">on</w> <w type="JJ" subtype="TL">National</w> <w type="NN" subtype="TL">Legislation</w> <w type="BEDZ">was</w> <w type="VBN">interviewed</w> <w type="IN">on</w> <w type="AT">the</w> <w type="NN">air</w> <c type="pct">.</c> </s>
<s n="85"><w type="CS">While</w> <w type="PPSS">I</w> <w type="VB">respect</w> <w type="PPg">his</w> <w type="JJ">sincere</w> <w type="NN">concern</w> <w type="IN">for</w> <w type="NN">peace</w> <c type="pct">,</c> <w type="PPS">he</w> <w type="VBD">made</w> <w type="CD">four</w> <w type="NNS">points</w> <w type="CS">that</w> <w type="PPSS">I</w> <w type="MD">would</w> <w type="VB">like</w> <w type="TO">to</w> <w type="VB">question</w> <c type="pct">.</c> </s>
<s n="86"><w type="CD">1</w> <c type="pct">.</c> </s>
</p>
<p><s n="87"><w type="PPS">He</w> <w type="VBD">said</w> <c type="pct">,</c> <c type="pct">``</c> <mw pos="VB PPO">Let's </mw><w type="VB">work</w> <w type="IN">for</w> <w type="NN">peace</w> <w type="RB">instead</w> <w type="IN">of</w> <w type="NN">protection</w> <w type="IN">from</w> <w type="NN">aggression</w> <c type="pct">''</c> <c type="pct">.</c> </s>
<s n="88"><w type="PPSS">I</w> <w type="MD">would</w> <w type="VB">ask</w> <c type="pct">,</c> <c type="pct">``</c> <w type="WRB">Why</w> <w type="NEG">not</w> <w type="DO">do</w> <w type="ABX">both</w> <c type="pct">''</c> <c type="pct">?</c> <c type="pct">?</c> </s>
<s n="89"><w type="JJ">Military</w> <w type="NN">power</w> <w type="DOZ">does</w> <w type="NEG">not</w> <w type="VB">cause</w> <w type="NN">war</w> <c type="pct">;</c> <c type="pct">;</c> </s>
<s n="90"><w type="NN">war</w> <w type="BEZ">is</w> <w type="AT">the</w> <w type="NN">result</w> <w type="IN">of</w> <w type="NN">mistrust</w> <w type="CC">and</w> <w type="NN">lack</w> <w type="IN">of</w> <w type="NN">understanding</w> <w type="IN">between</w> <w type="NNS">people</w> <c type="pct">.</c> </s>
<s n="91"><w type="BER">Are</w> <w type="PPSS">we</w> <w type="NEG">not</w> <w type="JJ">late</w> <c type="pct">,</c> <w type="RB">especially</w> <w type="DTS">those</w> <w type="IN">of</w> <w type="PPO">us</w> <w type="WPS">who</w> <w type="VB">call</w> <w type="PPLS">ourselves</w> <w type="NNS" subtype="TL">Friends</w> <c type="pct">,</c> <w type="IN">in</w> <w type="VBG">doing</w> <w type="AP">enough</w> <w type="IN">about</w> <w type="DT">this</w> <w type="NN">lack</w> <w type="IN">of</w> <w type="NN">understanding</w> <c type="pct">?</c> <c type="pct">?</c> </s>
<s n="92"><w type="CD">2</w> <c type="pct">.</c> </s>
</p>
<p><s n="93"><w type="IN">As</w> <w type="IN">to</w> <w type="NN">protection</w> <c type="pct">,</c> <w type="AT">the</w> <w type="NN">speaker</w> <w type="VBD">disapproved</w> <w type="IN">of</w> <w type="NNS">shelters</w> <c type="pct">,</c> <w type="VBG">pointing</w> <w type="RP">out</w> <w type="CS">that</w> <w type="NN">fallout</w> <w type="NNS">shelters</w> <w type="MD">would</w> <w type="NEG">not</w> <w type="VB">save</w> <w type="PN">everyone</w> <c type="pct">.</c> </s>
<s n="94"><w type="BEZ">Is</w> <w type="DT">this</w> <w type="AT">a</w> <w type="NN">reason</w> <w type="IN">for</w> <w type="VBG">saving</w> <w type="AT">no</w> <w type="PN">one</w> <c type="pct">?</c> <c type="pct">?</c> </s>
<s n="95"><w type="MD">Would</w> <w type="AT">the</w> <w type="NN">man</w> <w type="IN">with</w> <w type="AT">an</w> <w type="JJ">empty</w> <w type="NN">life</w> <w type="NN">boat</w> <w type="VB">row</w> <w type="RB">away</w> <w type="IN">from</w> <w type="AT">a</w> <w type="NN">shipwreck</w> <w type="CS">because</w> <w type="PPg">his</w> <w type="NN">boat</w> <w type="MD">could</w> <w type="NEG">not</w> <w type="VB">pick</w> <w type="RP">up</w> <w type="PN">everyone</w> <c type="pct">?</c> <c type="pct">?</c> </s>
<s n="96"><w type="CD">3</w> <c type="pct">.</c> </s>
</p>
<p><s n="97"><w type="AT">The</w> <w type="NN">speaker</w> <w type="VBD">suggested</w> <w type="CS">that</w> <w type="AT">the</w> <w type="NN">desolation</w> <w type="IN">of</w> <w type="AT">a</w> <w type="JJ">post-attack</w> <w type="NN">world</w> <w type="MD">would</w> <w type="BE">be</w> <w type="QL">too</w> <w type="JJ">awful</w> <w type="TO">to</w> <w type="VB">face</w> <c type="pct">.</c> </s>
<s n="98"><w type="CS">If</w> <w type="AT">the</w> <w type="NN">world</w> <w type="VBZ">comes</w> <w type="IN">to</w> <w type="DT">this</w> <c type="pct">,</c> <mw pos="MD *">wouldn't </mw><w type="PPS">it</w> <w type="BE">be</w> <w type="AT">the</w> <w type="AP">very</w> <w type="NN">time</w> <w type="WRB">when</w> <w type="NN">courage</w> <w type="CC">and</w> <w type="JJ">American</w> <w type="NN">know-how</w> <w type="MD">would</w> <w type="BE">be</w> <w type="VBN">needed</w> <w type="TO">to</w> <w type="VB">help</w> <w type="NNS">survivors</w> <w type="VB">rebuild</w> <c type="pct">?</c> <c type="pct">?</c> </s>
<s n="99"><w type="AP">Many</w> <w type="IN">of</w> <w type="PPg">our</w> <w type="JJ">young</w> <w type="NNS">people</w> <w type="VB">think</w> <w type="PPS">it</w> <w type="MD">would</w> <c type="pct">.</c> </s>
<s n="100"><w type="CD">4</w> <c type="pct">.</c> </s>
</p>
<p><s n="101"><w type="RB">Lastly</w> <c type="pct">,</c> <w type="AT">the</w> <w type="NN">speaker</w> <w type="VBD">decried</w> <w type="PPg">our</w> <w type="VBN">organized</w> <w type="NN">program</w> <w type="IN">of</w> <w type="NN">emergency</w> <w type="NN">help</w> <w type="VBG">calling</w> <w type="PPO">it</w> <c type="pct">``</c> <w type="JJ" subtype="TL">Civilian</w> <w type="NN" subtype="TL">Defense</w> <c type="pct">''</c> <c type="pct">.</c> </s>
<s n="102"><w type="IN">In</w> <w type="CD">1950</w> <c type="pct">,</c> <w type="JJ" subtype="TL">Public</w> <w type="NN" subtype="TL">Law</w> <w type="CD" subtype="TL">920</w> <w type="VBD">created</w> <w type="JJ" subtype="TL">Civil</w> <w type="NN" subtype="TL">Defense</w> <c type="pct">(</c> <w type="JJ">different</w> <w type="IN">from</w> <w type="NP">Civilian-groups</w> <w type="IN">of</w> <w type="NN" subtype="TL">World</w> <w type="NN" subtype="TL">War</w> <w type="CD" subtype="TL">2</w> <c type="pct">)</c> <c type="pct">,</c> <w type="AT">a</w> <w type="NN">responsibility</w> <w type="IN">of</w> <w type="AT">the</w> <w type="NN" subtype="TL">Government</w> <w type="IN">at</w> <w type="ABN">all</w> <w type="NNS">levels</w> <w type="TO">to</w> <w type="VB">help</w> <w type="VB">reduce</w> <w type="NN">loss</w> <w type="IN">of</w> <w type="NN">life</w> <w type="CC">and</w> <w type="NN">property</w> <w type="IN">in</w> <w type="NN">disaster</w> <c type="pct">,</c> <w type="JJ">natural</w> <w type="CC">or</w> <w type="JJ">manmade</w> <c type="pct">.</c> </s>
</p>
<p><s n="103"><w type="RB">Far</w> <w type="IN">from</w> <w type="VBG">creating</w> <w type="NN">fear</w> <c type="pct">,</c> <w type="CS">as</w> <w type="AT">the</w> <w type="NN">speaker</w> <w type="VBZ">suggests</w> <c type="pct">,</c> <w type="NN">preparedness</w> <c type="pct">--</c> <w type="VBG">knowing</w> <w type="WDT">what</w> <w type="TO">to</w> <w type="DO">do</w> <w type="IN">in</w> <w type="AT">an</w> <w type="NN">emergency</w> <c type="pct">--</c> <w type="VBZ">gives</w> <w type="NNS">people</w> <w type="NN">confidence</w> <c type="pct">.</c> </s>
<s n="104"><w type="JJ" subtype="TL">Civil</w> <w type="NN" subtype="TL">Defense</w> <w type="HVZ">has</w> <w type="RB">far</w> <w type="TO">to</w> <w type="VB">go</w> <w type="CC">and</w> <w type="AP">many</w> <w type="NNS">problems</w> <w type="TO">to</w> <w type="VB">solve</w> <c type="pct">,</c> <w type="CC">but</w> <w type="BEZ">is</w> <w type="PPS">it</w> <w type="NEG">not</w> <w type="IN">in</w> <w type="AT">the</w> <w type="JJT">best</w> <w type="NN">spirit</w> <w type="IN">of</w> <w type="PPg">our</w> <w type="NN">pioneer</w> <w type="NN">tradition</w> <w type="TO">to</w> <w type="BE">be</w> <w type="NEG">not</w> <w type="RB">only</w> <w type="JJ">willing</w> <c type="pct">,</c> <w type="CC">but</w> <w type="VBN">prepared</w> <w type="TO">to</w> <w type="VB">care</w> <w type="IN">for</w> <w type="PPg">our</w> <w type="JJ">own</w> <w type="NNS">families</w> <w type="CC">and</w> <w type="VB">help</w> <w type="PPg">our</w> <w type="NNS">neighbors</w> <w type="IN">in</w> <w type="DTI">any</w> <w type="NN">disaster</w> <c type="pct">--</c> <w type="NN">storm</w> <c type="pct">,</c> <w type="NN">flood</w> <c type="pct">,</c> <w type="NN">accident</w> <w type="CC">or</w> <w type="RB">even</w> <w type="NN">war</w> <c type="pct">?</c> <c type="pct">?</c> </s>
</p>
<p><s n="105"><w type="NNS" subtype="HL">Pets</w> <w type="IN" subtype="HL">in</w> <w type="NNS" subtype="HL">apartments</w> </s>
<s n="106"><w type="PPS">It</w> <w type="VBZ">seems</w> <w type="QL">rather</w> <w type="JJ">peculiar</w> <w type="CS">that</w> <w type="NNS">residents</w> <w type="IN">of</w> <w type="NNS">apartments</w> <w type="BER">are</w> <w type="VBN">denied</w> <w type="AT">the</w> <w type="NN">right</w> <w type="IN">of</w> <w type="VBG">providing</w> <w type="PPLS">themselves</w> <w type="IN">with</w> <w type="AT">the</w> <w type="NN">protection</w> <w type="CC">and</w> <w type="NN">companionship</w> <w type="IN">of</w> <w type="NNS">dogs</w> <c type="pct">.</c> </s>
<s n="107"><w type="PPSS">I</w> <w type="VB">feel</w> <w type="CS">that</w> <w type="AP">few</w> <w type="NNS">burglars</w> <w type="MD">would</w> <w type="BE">be</w> <w type="JJ">prone</w> <w type="TO">to</w> <w type="VB">break</w> <w type="CC">and</w> <w type="VB">enter</w> <w type="IN">into</w> <w type="PNg">someone's</w> <w type="NN">apartment</w> <w type="CS">if</w> <w type="PPSS">they</w> <w type="BED">were</w> <w type="VBN">met</w> <w type="IN">with</w> <w type="AT">a</w> <w type="JJ">good</w> <w type="JJ">hardy</w> <w type="NN">growl</w> <w type="CS">that</w> <w type="AT">a</w> <w type="NN">dog</w> <w type="MD">would</w> <w type="VB">provide</w> <c type="pct">.</c> </s>
<s n="108"><w type="IN">In</w> <w type="NN">addition</w> <c type="pct">,</c> <w type="MD">would</w> <w type="NEG">not</w> <w type="AT">the</w> <w type="JJ">young</w> <w type="NN">female</w> <w type="NN">public</w> <w type="IN">of</w> <w type="NP">Washington</w> <w type="BE">be</w> <w type="VBN">afforded</w> <w type="AT">a</w> <w type="JJR">greater</w> <w type="NN">degree</w> <w type="IN">of</w> <w type="NN">protection</w> <w type="IN">at</w> <w type="NN">night</w> <w type="WRB">when</w> <w type="PPSS">they</w> <w type="BER">are</w> <w type="IN">on</w> <w type="AT">the</w> <w type="NNS">streets</w> <w type="CS">if</w> <w type="PPSS">they</w> <w type="BED">were</w> <w type="VBN">accompanied</w> <w type="IN">by</w> <w type="AT">a</w> <w type="NN">dog</w> <w type="IN">on</w> <w type="AT">a</w> <w type="NN">leash</w> <c type="pct">?</c> <c type="pct">?</c> </s>
</p>
<p><s n="109"><w type="PPSS">I</w> <w type="VB">grant</w> <w type="CS">that</w> <w type="AT">the</w> <w type="NN">dog</w> <w type="MD">may</w> <w type="NEG">not</w> <w type="BE">be</w> <w type="QL">really</w> <w type="JJ">protective</w> <c type="pct">,</c> <w type="VBN">based</w> <w type="IN">on</w> <w type="PPg">his</w> <w type="NN">training</w> <c type="pct">,</c> <w type="CC">but</w> <w type="CS">if</w> <w type="PPSS">you</w> <w type="BED">were</w> <w type="VBG">roaming</w> <w type="AT">the</w> <w type="NNS">streets</w> <w type="VBG">looking</w> <w type="IN">for</w> <w type="AT">a</w> <w type="NN">purse</w> <w type="TO">to</w> <w type="VB">snatch</w> <w type="CC">or</w> <w type="AT">a</w> <w type="JJ">young</w> <w type="NN">lady</w> <w type="TO">to</w> <w type="VB">molest</w> <c type="pct">,</c> <w type="WRB">how</w> <w type="JJ">quick</w> <w type="MD">would</w> <w type="PPSS">you</w> <w type="BE">be</w> <w type="TO">to</w> <w type="VB">attack</w> <w type="AT">a</w> <w type="NN">person</w> <w type="VBG">strolling</w> <w type="IN">with</w> <w type="AT">a</w> <w type="NN">dog</w> <c type="pct">?</c> <c type="pct">?</c> </s>
<s n="110"><w type="PPSS">I</w> <w type="MD">would</w> <w type="VB">like</w> <w type="TO">to</w> <w type="VB">suggest</w> <w type="CS">that</w> <w type="AT">the</w> <w type="NNS">landlords</w> <w type="CC">and</w> <w type="NNS" subtype="TL">Commissioners</w> <w type="VB">get</w> <w type="RB">together</w> <w type="CC">and</w> <w type="VB">consider</w> <w type="VBG">liberalizing</w> <w type="AT">the</w> <w type="NN">practice</w> <w type="IN">of</w> <w type="VBG">prohibiting</w> <w type="NNS">dogs</w> <w type="IN">in</w> <w type="NNS">apartments</w> <c type="pct">.</c> </s>
</p>
<p><s n="111"><w type="NN" subtype="HL">Sidewalk</w> <w type="NNS" subtype="HL">cafes</w> </s>
<s n="112"><w type="VB">Use</w> <w type="AT">the</w> <w type="NNS">terraces</w> <w type="IN">of</w> <w type="AT">the</w> <w type="NN" subtype="TL">Capitol</w> <w type="IN">for</w> <w type="AT">a</w> <w type="NN">sidewalk</w> <w type="NN">cafe</w> <c type="pct">?</c> <c type="pct">?</c> </s>
<s n="113"><w type="MD">Could</w> <w type="NN" subtype="TL">Senator</w> <w type="NP">Humphrey</w> <w type="BE">be</w> <w type="JJ">serious</w> <w type="IN">in</w> <w type="PPg">his</w> <w type="NN">proposal</w> <c type="pct">?</c> <c type="pct">?</c> </s>
<s n="114"><w type="BEZ">Is</w> <w type="PN">nothing</w> <w type="IN">in</w> <w type="DT">this</w> <w type="NN">country</w> <w type="QL">more</w> <w type="JJ">sacred</w> <w type="CS">than</w> <w type="AT">the</w> <w type="NNSg">tourists'</w> <w type="NN">comfort</w> <c type="pct">?</c> <c type="pct">?</c> </s>
</p>
<p><s n="115"><w type="RB">Perhaps</w> <w type="AT">the</w> <w type="NN">idea</w> <w type="IN">of</w> <w type="NN">sidewalk</w> <w type="NNS">cafes</w> <w type="MD">could</w> <w type="BE">be</w> <w type="VBN">extended</w> <c type="pct">.</c> </s>
<s n="116"><w type="AT">The</w> <w type="NP">Lincoln</w> <w type="CC">and</w> <w type="NP" subtype="TL">Jefferson</w> <w type="NNS" subtype="TL">Memorials</w> <w type="BER">are</w> <w type="QL">rather</w> <w type="JJ">bleak</w> <c type="pct">.</c> </s>
<s n="117"><w type="WRB">Why</w> <w type="NEG">not</w> <w type="VB">put</w> <w type="AT">a</w> <w type="NN">cafe</w> <w type="IN">in</w> <w type="DT">each</w> <w type="CS">so</w> <w type="AT">the</w> <w type="NNS">tourists</w> <w type="MD">would</w> <w type="NEG">not</w> <w type="HV">have</w> <w type="TO">to</w> <w type="VB">travel</w> <w type="QL">too</w> <w type="RB">far</w> <w type="TO">to</w> <w type="VB">eat</w> <c type="pct">?</c> <c type="pct">?</c> </s>
<s n="118"><w type="RB">Unfortunately</w> <w type="AT">the</w> <w type="NNS">cafes</w> <w type="MD">might</w> <w type="NEG">not</w> <w type="VB">make</w> <w type="AP">enough</w> <w type="NN">money</w> <w type="TO">to</w> <w type="VB">support</w> <w type="PPLS">themselves</w> <w type="IN">during</w> <w type="AT">the</w> <w type="RP">off</w> <w type="NN">season</w> <c type="pct">.</c> </s>
<s n="119"><w type="CS">As</w> <w type="AT">an</w> <w type="VBN">added</w> <w type="NN">suggestion</w> <w type="TO">to</w> <w type="VB">balance</w> <w type="AT">the</w> <w type="NN">budget</w> <c type="pct">,</c> <w type="AT">the</w> <w type="NN" subtype="TL">Government</w> <w type="MD">could</w> <w type="VB">sell</w> <w type="VBG">advertising</w> <w type="NN">space</w> <w type="IN">on</w> <w type="AT">the</w> <w type="NP" subtype="TL">Washington</w> <w type="NN" subtype="TL">Monument</w> <c type="pct">.</c> </s>
<s n="120"><w type="PPS">It</w> <w type="BEZ">is</w> <w type="JJ">visible</w> <w type="IN">throughout</w> <w type="AT">the</w> <w type="NN">city</w> <c type="pct">,</c> <w type="CC">and</w> <w type="NNS">men</w> <w type="IN">from</w> <w type="NP" subtype="TL">Madison</w> <w type="NN" subtype="TL">Ave.</w> <w type="MD">would</w> <w type="VB">jump</w> <w type="IN">at</w> <w type="AT">the</w> <w type="NN">chance</w> <c type="pct">.</c> </s>
</p>
<p><s n="121"><w type="NN" subtype="TL">Sen.</w> <w type="NP">Hubert</w> <w type="NP">Humphrey</w> <w type="BEZ">is</w> <w type="RB">obviously</w> <w type="AT">a</w> <w type="NN">man</w> <w type="IN">with</w> <w type="AT">a</w> <w type="NN">soul</w> <w type="CC">and</w> <w type="NN">heart</w> <c type="pct">.</c> </s>
<s n="122"><w type="PPS">He</w> <c type="pct">,</c> <w type="CS">like</w> <w type="AP">most</w> <w type="IN">of</w> <w type="PPO">us</w> <c type="pct">,</c> <w type="VBZ">wants</w> <w type="TO">to</w> <w type="BE">be</w> <w type="JJ">able</w> <w type="TO">to</w> <w type="VB">sit</w> <c type="pct">,</c> <w type="TO">to</w> <w type="VB">contemplate</w> <w type="CC">and</w> <w type="BE">be</w> <w type="VBN">moved</w> <w type="IN">by</w> <w type="AT">the</w> <w type="JJ">great</w> <w type="NN">outdoors</w> <c type="pct">.</c> </s>
<s n="123"><w type="VB">Let</w> <w type="PPO">us</w> <w type="HV">have</w> <w type="AP">more</w> <w type="NNS">benches</w> <w type="CC">and</w> <w type="JJR">fewer</w> <w type="VBN">forbidden</w> <w type="NNS">areas</w> <w type="IN">around</w> <w type="NNS">fountains</w> <w type="CC">and</w> <w type="NNS">gardens</w> <c type="pct">.</c> </s>
<s n="124"><w type="VB">Let</w> <w type="PPO">us</w> <c type="pct">,</c> <w type="CS">like</w> <w type="AT">the</w> <w type="NPS">French</w> <c type="pct">,</c> <w type="HV">have</w> <w type="JJ">outdoor</w> <w type="NNS">cafes</w> <w type="WRB">where</w> <w type="PPSS">we</w> <w type="MD">may</w> <w type="VB">relax</w> <c type="pct">,</c> <w type="VB">converse</w> <w type="IN">at</w> <w type="NN">leisure</w> <w type="CC">and</w> <w type="VB">enjoy</w> <w type="AT">the</w> <w type="VBG">passing</w> <w type="NN">crowd</w> <c type="pct">.</c> </s>
</p>
<p><s n="125"><w type="VBG" subtype="HL">Dissenting</w> <w type="NNS" subtype="HL">views</w> <w type="IN" subtype="HL">of</w> <w type="NNS" subtype="HL">senators</w> </s>
<s n="126"><w type="CD">Two</w> <w type="JJ">strong</w> <w type="NNS">dissents</w> <w type="IN">from</w> <w type="AT">the</w> <w type="NN">majority</w> <w type="NN">report</w> <w type="IN">of</w> <w type="AT">the</w> <w type="JJ" subtype="TL">Joint</w> <w type="JJ" subtype="TL">Economic</w> <w type="NN" subtype="TL">Committee</w> <c type="pct">(</c> <w type="NP">May</w> <w type="CD">2</w> <c type="pct">)</c> <w type="IN">by</w> <w type="NNS" subtype="TL">Senators</w> <w type="NP">Proxmire</w> <w type="CC">and</w> <w type="NP">Butler</w> <w type="VB">allege</w> <w type="CS">that</w> <w type="AT">the</w> <w type="JJ" subtype="TL">New</w> <w type="NN" subtype="TL">Deal</w> <w type="JJ">fiscal</w> <w type="NN">policy</w> <w type="IN">of</w> <w type="AT">the</w> <w type="NNS" subtype="TL">Thirties</w> <w type="DOD">did</w> <w type="NEG">not</w> <w type="VB">work</w> <c type="pct">.</c> </s>
</p>
<p></p></body></text></TEI>
