<TEI xmlns="http://www.tei-c.org/ns/1.0"><teiHeader><fileDesc><titleStmt><title>Sample B18 from  The New York Times, October 17, 1961, p.38 </title><title type="sub">"Letters to the Times"  The Detroit News, November 17, 1961, p.8B Used by permission of The Detroit News
"The Public Letter Box" 
</title></titleStmt><editionStmt><edition>A part  of the XML version of the Brown Corpus</edition></editionStmt><extent>1,993 words 170 (8.5%) quotes 4 symbols</extent><publicationStmt><idno>B18</idno><availability><p>Copyright 1961 by The New York Times Company. Reprintedby permission</p></availability></publicationStmt><sourceDesc><bibl> The New York Times, October 17, 1961, p.38 </bibl></sourceDesc></fileDesc><encodingDesc><p>Arbitrary Hyphen: fall-outs [0080]</p></encodingDesc><revisionDesc><change when="2008-04-27">Header auto-generated for TEI version</change></revisionDesc></teiHeader>
<text xml:id="B18" decls="B">
<body><p><s n="1"><w type="IN" subtype="HL">For</w> <w type="AT" subtype="HL">a</w> <w type="JJ" subtype="HL">neutral</w> <w type="NP" subtype="HL">Germany</w> </s>
<s n="2"><w type="NPS" subtype="HL">Soviets</w> <w type="VBN" subtype="HL">said</w> <w type="TO" subtype="HL">to</w> <w type="VB" subtype="HL">fear</w> <w type="NN" subtype="HL">resurgence</w> <w type="IN" subtype="HL">of</w> <w type="NP" subtype="HL">German</w> <w type="NN" subtype="HL">militarism</w> </s>
<s n="3"><w type="IN" subtype="HL">to</w> <w type="AT" subtype="HL">the</w> <w type="NN" subtype="HL">editor</w> <w type="IN" subtype="HL">of</w> <w type="AT" subtype="HL">the</w> <w type="JJ" subtype="TL">New</w> <w type="NP" subtype="TL">York</w> <w type="NNS" subtype="TL">Times</w> <c type="pct">:</c> </s>
<s n="4"><w type="IN">For</w> <w type="AT">the</w> <w type="OD">first</w> <w type="NN">time</w> <w type="IN">in</w> <w type="NN">history</w> <w type="AT">the</w> <w type="JJ">entire</w> <w type="NN">world</w> <w type="BEZ">is</w> <w type="VBN">dominated</w> <w type="IN">by</w> <w type="CD">two</w> <w type="JJ">large</w> <c type="pct">,</c> <w type="JJ">powerful</w> <w type="NNS">nations</w> <w type="VBN">armed</w> <w type="IN">with</w> <w type="JJ">murderous</w> <w type="JJ">nuclear</w> <w type="NNS">weapons</w> <w type="WPS">that</w> <w type="VB">make</w> <w type="JJ">conventional</w> <w type="NN">warfare</w> <w type="IN">of</w> <w type="AT">the</w> <w type="AP">past</w> <w type="AT">a</w> <w type="NN">nullity</w> <c type="pct">.</c> </s>
<s n="5"><w type="AT">The</w> <w type="VBN" subtype="TL">United</w> <w type="NNS" subtype="TL">States</w> <w type="CC">and</w> <w type="NN" subtype="TL">Soviet</w> <w type="NP" subtype="TL">Russia</w> <w type="HV">have</w> <w type="AP">enough</w> <w type="JJ">nuclear</w> <w type="NNS">weapons</w> <w type="TO">to</w> <w type="VB">destroy</w> <w type="ABN">all</w> <w type="NNS">nations</w> <c type="pct">.</c> </s>
<s n="6"><w type="JJ">Recent</w> <w type="NNS">statements</w> <w type="IN">by</w> <w type="JJ">well-known</w> <w type="NNS">scientists</w> <w type="IN">regarding</w> <w type="AT">the</w> <w type="JJ">destructive</w> <w type="NN">power</w> <w type="IN">of</w> <w type="AT">the</w> <w type="JJT">newest</w> <w type="JJ">nuclear</w> <w type="NNS">bombs</w> <w type="CC">and</w> <w type="AT">the</w> <w type="JJ">deadly</w> <w type="NNS">fall-outs</w> <w type="MD">should</w> <w type="BE">be</w> <w type="JJ">sufficient</w> <w type="TO">to</w> <w type="VB">still</w> <w type="AT">the</w> <w type="NNS">voices</w> <w type="IN">of</w> <w type="DTS">those</w> <w type="WPS">who</w> <w type="VB">advocate</w> <w type="JJ">nuclear</w> <w type="NN">warfare</w> <w type="RB">instead</w> <w type="IN">of</w> <w type="NNS">negotiations</w> <c type="pct">.</c> </s>
</p>
<p><s n="7"><w type="NN" subtype="TL">President</w> <w type="NP">Kennedy</w> <w type="BEDZ">was</w> <w type="JJ">right</w> <w type="WRB">when</w> <w type="PPS">he</w> <w type="VBD">said</w> <c type="pct">,</c> <c type="pct">``</c> <w type="PPSS">We</w> <w type="MD">shall</w> <w type="RB">never</w> <w type="VB">negotiate</w> <w type="IN">out</w> <w type="IN">of</w> <w type="NN">fear</w> <w type="CC">and</w> <w type="PPSS">we</w> <w type="RB">never</w> <w type="MD">shall</w> <w type="VB">fear</w> <w type="TO">to</w> <w type="VB">negotiate</w> <c type="pct">''</c> <c type="pct">.</c> </s>
<s n="8"><w type="PPSS">I</w> <w type="HV">have</w> <w type="RB">just</w> <w type="VBN">returned</w> <w type="IN">from</w> <w type="AT">a</w> <w type="JJ">seven-week</w> <w type="NN">trip</w> <w type="IN">to</w> <w type="NP">Europe</w> <w type="CC">and</w> <w type="AT">the</w> <w type="JJ" subtype="TL">Far</w> <w type="NR" subtype="TL">East</w> <c type="pct">.</c> </s>
<s n="9"><w type="PPS">It</w> <w type="BEZ">is</w> <w type="QL">quite</w> <w type="JJ">evident</w> <w type="CS">that</w> <w type="AT">the</w> <w type="NNS">people</w> <w type="IN">of</w> <w type="JJ" subtype="TL">Western</w> <w type="NP" subtype="TL">Europe</w> <w type="BER">are</w> <w type="QL">overwhelmingly</w> <w type="VBN">opposed</w> <w type="IN">to</w> <w type="NN">participation</w> <w type="IN">in</w> <w type="AT">a</w> <w type="JJ">nuclear</w> <w type="NN">war</w> <c type="pct">.</c> </s>
<s n="10"><w type="AT">The</w> <w type="NN">fact</w> <w type="BEZ">is</w> <w type="CS">that</w> <w type="AT">the</w> <w type="NPS">Italians</w> <c type="pct">,</c> <w type="NPS">French</w> <w type="CC">and</w> <w type="NPS">British</w> <w type="VB">know</w> <w type="CS">that</w> <w type="PPSS">they</w> <w type="HV">have</w> <w type="AT">no</w> <w type="NN">defense</w> <w type="IN">against</w> <w type="JJ">nuclear</w> <w type="NNS">bombs</w> <c type="pct">.</c> </s>
<s n="11"><w type="PPSS">We</w> <w type="HV">have</w> <w type="AT">no</w> <w type="NN">right</w> <w type="TO">to</w> <w type="VB">criticize</w> <w type="PPO">them</w> <c type="pct">,</c> <w type="CS">as</w> <w type="PPSS">they</w> <w type="VB">realize</w> <w type="PPSS">they</w> <w type="MD">would</w> <w type="BE">be</w> <w type="VBG">sitting</w> <w type="NNS">ducks</w> <w type="IN">in</w> <w type="AT">a</w> <w type="JJ">nuclear</w> <w type="NN">war</w> <c type="pct">.</c> </s>
</p>
<p><s n="12"><w type="PPSS">We</w> <w type="MD">should</w> <w type="VB">stand</w> <w type="RB">firmly</w> <w type="CC">and</w> <w type="RB">courageously</w> <w type="IN">for</w> <w type="PPg">our</w> <w type="NN">right</w> <w type="IN">to</w> <w type="JJ">free</w> <w type="NN">access</w> <w type="IN">into</w> <w type="NP">Berlin</w> <c type="pct">.</c> </s>
<s n="13"><w type="PPS">It</w> <w type="MD">would</w> <w type="BE">be</w> <w type="JJ">criminal</w> <w type="NN">folly</w> <w type="CS">if</w> <w type="AT">the</w> <w type="NNS" subtype="TL">Communists</w> <w type="VBD">tried</w> <w type="TO">to</w> <w type="VB">prevent</w> <w type="PPO">us</w> <c type="pct">.</c> </s>
<s n="14"><w type="CC">But</w> <w type="EX">there</w> <w type="BEZ">is</w> <w type="PN">nothing</w> <w type="PPSS">we</w> <w type="MD">can</w> <w type="DO">do</w> <w type="TO">to</w> <w type="VB">stop</w> <w type="NN" subtype="TL">Soviet</w> <w type="NP" subtype="TL">Russia</w> <w type="IN">from</w> <w type="VBG">granting</w> <w type="IN" subtype="FW">de</w> <w type="NN" subtype="FW">facto</w> <w type="NN">recognition</w> <w type="IN">to</w> <w type="JJ" subtype="TL">East</w> <w type="NP" subtype="TL">Germany</w> <c type="pct">.</c> </s>
<s n="15"><w type="NN" subtype="TL">Soviet</w> <w type="NP" subtype="TL">Russia</w> <w type="HVZ">has</w> <w type="BEN">been</w> <w type="VBN">invaded</w> <w type="RB">twice</w> <w type="IN">by</w> <w type="JJ">German</w> <w type="NNS">troops</w> <w type="IN">in</w> <w type="AT">a</w> <w type="NN">generation</w> <c type="pct">.</c> </s>
<s n="16"><w type="IN">In</w> <w type="AT">the</w> <w type="AP">last</w> <w type="NN">war</w> <w type="NP">Russia</w> <w type="VBD">lost</w> <w type="AP">more</w> <w type="IN">than</w> <w type="CD">ten</w> <w type="CD">million</w> <w type="VBN">killed</w> <w type="CC">and</w> <w type="PPg">its</w> <w type="NNS">lands</w> <w type="CC">and</w> <w type="NNS">factories</w> <w type="BED">were</w> <w type="VBN">devastated</w> <c type="pct">.</c> </s>
<s n="17"><w type="JJ" subtype="HL">Probable</w> <w type="NN" subtype="HL">agreement</w> </s>
<s n="18"><w type="AT">The</w> <w type="NN">truth</w> <w type="BEZ">is</w> <w type="CS">that</w> <w type="NN" subtype="TL">Communist</w> <w type="NP">Russia</w> <w type="VBZ">fears</w> <w type="AT">the</w> <w type="NN">resurgence</w> <w type="IN">of</w> <w type="JJ">German</w> <w type="NN">militarism</w> <c type="pct">.</c> </s>
<s n="19"><w type="NP">Berlin</w> <w type="BEZ">is</w> <w type="RB">merely</w> <w type="BEG">being</w> <w type="VBN">used</w> <w type="IN">by</w> <w type="NP">Moscow</w> <w type="CS">as</w> <w type="AT">a</w> <w type="VBG">stalking</w> <w type="NN">horse</w> <c type="pct">.</c> </s>
<s n="20"><w type="RB">Actually</w> <c type="pct">,</c> <w type="AT">the</w> <w type="NNS" subtype="TL">Communists</w> <c type="pct">,</c> <w type="IN">out</w> <w type="IN">of</w> <w type="NN">fear</w> <w type="IN">of</w> <w type="AT">a</w> <w type="VBN">united</w> <w type="CC">and</w> <w type="VBN">armed</w> <w type="NP">Germany</w> <c type="pct">,</c> <w type="MD">would</w> <w type="RB">probably</w> <w type="BE">be</w> <w type="JJ">willing</w> <w type="TO">to</w> <w type="VB">agree</w> <w type="IN">to</w> <w type="AT">a</w> <w type="VBN">disarmed</w> <w type="NP">Germany</w> <w type="WPS">that</w> <w type="MD">would</w> <w type="BE">be</w> <w type="VBN">united</w> <w type="CC">and</w> <w type="JJ">neutral</w> <w type="CC">and</w> <w type="HV">have</w> <w type="PPg">its</w> <w type="NN">independence</w> <w type="VBN">guaranteed</w> <w type="IN">by</w> <w type="AT">the</w> <w type="NP">U.N.</w> <c type="pct">.</c> </s>
</p>
<p><s n="21"><w type="CS">If</w> <w type="AT">the</w> <w type="NNS" subtype="TL">Communists</w> <w type="BER">are</w> <w type="JJ">sincere</w> <w type="IN">in</w> <w type="VBG">wanting</w> <w type="AT">a</w> <w type="VBN">united</w> <c type="pct">,</c> <w type="JJ">neutral</w> <w type="CC">and</w> <w type="VBN">disarmed</w> <w type="NP">Germany</w> <c type="pct">,</c> <w type="PPS">it</w> <w type="MD">might</w> <w type="RB">well</w> <w type="BE">be</w> <w type="JJ">advantageous</w> <w type="IN">for</w> <w type="AT">the</w> <w type="JJ">German</w> <w type="NNS">people</w> <w type="IN">in</w> <w type="DT">this</w> <w type="JJ">nuclear</w> <w type="NN">age</w> <c type="pct">.</c> </s>
<s n="22"><w type="PPS">It</w> <w type="MD">could</w> <w type="VB">provide</w> <w type="NN">security</w> <w type="IN">without</w> <w type="NN">cost</w> <w type="IN">of</w> <w type="NNS">armaments</w> <w type="CC">and</w> <w type="VB">increase</w> <w type="JJ">German</w> <w type="NN">prosperity</w> <w type="CC">and</w> <w type="VB">lessen</w> <w type="NN">taxation</w> <c type="pct">.</c> </s>
<s n="23"><w type="NP">France</w> <w type="CC">and</w> <w type="AP">other</w> <w type="JJ" subtype="TL">Western</w> <w type="JJ">European</w> <w type="NNS">nations</w> <w type="RB">likewise</w> <w type="VB">fear</w> <w type="AT">a</w> <w type="VBN">rearmed</w> <w type="NP">Germany</w> <c type="pct">.</c> </s>
<s n="24"><w type="CS">If</w> <w type="AT">the</w> <w type="JJ">German</w> <w type="NNS">people</w> <w type="VB">favor</w> <w type="ABL">such</w> <w type="AT">a</w> <w type="NN">settlement</w> <w type="PPSS">we</w> <w type="MD">should</w> <w type="NEG">not</w> <w type="VB">oppose</w> <w type="NP">Germany</w> <w type="VBG">following</w> <w type="AT">the</w> <w type="NN">example</w> <w type="IN">of</w> <w type="NP">Austria</w> <c type="pct">.</c> </s>
</p>
<p><s n="25"><w type="NN" subtype="TL">President</w> <w type="NP">Kennedy</w> <w type="HVZ">has</w> <w type="VBN">urged</w> <w type="AT">a</w> <w type="NN">peace</w> <w type="NN">race</w> <w type="IN">on</w> <w type="NN">disarmament</w> <w type="WPS">that</w> <w type="MD">might</w> <w type="BE">be</w> <w type="VBN">called</w> <c type="pct">``</c> <w type="NN" subtype="TL">Operation</w> <w type="NN" subtype="TL">Survival</w> <c type="pct">''</c> <w type="WDT">which</w> <w type="HVZ">has</w> <w type="AP">many</w> <w type="NNS">facets</w> <c type="pct">.</c> </s>
<s n="26"><w type="WRB">Why</w> <w type="NEG">not</w> <w type="VB">make</w> <w type="AT">a</w> <w type="NN">beginning</w> <w type="IN">with</w> <w type="AT">a</w> <w type="VBN">united</w> <w type="CC">and</w> <w type="VBN">disarmed</w> <w type="NP">Germany</w> <w type="WPg">whose</w> <w type="NN">neutrality</w> <w type="CC">and</w> <w type="NN">immunity</w> <w type="IN">from</w> <w type="JJ">nuclear</w> <w type="NN">bombing</w> <w type="MD">would</w> <w type="BE">be</w> <w type="VBN">guaranteed</w> <w type="IN">by</w> <w type="AT">the</w> <w type="JJ" subtype="TL">Big</w> <w type="CD" subtype="TL">Four</w> <w type="NNS">powers</w> <w type="CC">and</w> <w type="AT">the</w> <w type="VBN" subtype="TL">United</w> <w type="NNS" subtype="TL">States</w> <c type="pct">?</c> <c type="pct">?</c> </s>
<s n="27"><w type="AT">A</w> <w type="VBN">united</w> <w type="NP">Germany</w> <c type="pct">,</c> <w type="VBN">freed</w> <w type="IN">of</w> <w type="NN">militarism</w> <c type="pct">,</c> <w type="MD">might</w> <w type="BE">be</w> <w type="AT">the</w> <w type="OD">first</w> <w type="NN">step</w> <w type="IN">toward</w> <w type="NN">disarmament</w> <w type="CC">and</w> <w type="NN">peace</w> <w type="IN">in</w> <w type="AT">a</w> <w type="VBN">terrorized</w> <w type="CC">and</w> <w type="VBN">tortured</w> <w type="NN">world</w> <c type="pct">.</c> </s>
</p>
<p><s n="28"><w type="VBG" subtype="HL">Meeting</w> <w type="NP" subtype="HL">U.N.</w> <w type="NNS" subtype="HL">obligations</w> </s>
<s n="29"><w type="IN" subtype="HL">to</w> <w type="AT" subtype="HL">the</w> <w type="NN" subtype="HL">editor</w> <w type="IN" subtype="HL">of</w> <w type="AT" subtype="HL">the</w> <w type="JJ" subtype="TL">New</w> <w type="NP" subtype="TL">York</w> <w type="NNS" subtype="TL">Times</w> <c type="pct">:</c> </s>
<s n="30"><w type="IN">In</w> <w type="PPg">your</w> <w type="NN">editorial</w> <w type="IN">of</w> <w type="NP">Sept.</w> <w type="CD">30</w> <c type="pct">``</c> <w type="AT" subtype="TL">The</w> <w type="VBG" subtype="TL">Smoldering</w> <w type="NP" subtype="TL">Congo</w> <c type="pct">''</c> <w type="PPSS">you</w> <w type="VB">make</w> <w type="AT">the</w> <w type="VBG">following</w> <w type="NN">comment</w> <c type="pct">:</c> <c type="pct">``</c> <w type="QL">Far</w> <w type="QL">too</w> <w type="AP">many</w> <w type="NNS">states</w> <w type="BER">are</w> <w type="VBG">following</w> <w type="AT">the</w> <w type="JJ">Russian</w> <w type="NN">example</w> <w type="IN">in</w> <w type="VBG">refusing</w> <w type="TO">to</w> <w type="VB">pay</w> <w type="PPg">their</w> <w type="NNS">assessments</w> <c type="pct">.</c> </s>
<s n="31"><w type="PPS">It</w> <w type="BEZ">is</w> <w type="IN">up</w> <w type="IN">to</w> <w type="AT">the</w> <w type="NN" subtype="TL">Assembly</w> <w type="TO">to</w> <w type="VB">take</w> <w type="NN">action</w> <w type="IN">against</w> <w type="PPO">them</w> <c type="pct">.</c> </s>
<s n="32"><w type="PPSS">They</w> <w type="BER">are</w> <w type="VBG">violating</w> <w type="PPg">their</w> <w type="NN" subtype="TL">Charter</w> <w type="NN">obligation</w> <c type="pct">,</c> <w type="AT">the</w> <w type="VBN">prescribed</w> <w type="NN">penalty</w> <w type="IN">for</w> <w type="WDT">which</w> <w type="BEZ">is</w> <w type="NN">suspension</w> <w type="IN">of</w> <w type="NN">membership</w> <w type="CC">or</w> <w type="NN">expulsion</w> <c type="pct">''</c> <c type="pct">.</c> </s>
</p>
<p><s n="33"><w type="PPSS">I</w> <w type="MD">would</w> <w type="VB">like</w> <w type="TO">to</w> <w type="VB">quote</w> <w type="IN">from</w> <w type="AT">the</w> <w type="NN" subtype="TL">Charter</w> <w type="IN" subtype="TL">of</w> <w type="AT" subtype="TL">the</w> <w type="VBN" subtype="TL">United</w> <w type="NNS" subtype="TL">Nations</w> <c type="pct">:</c> </s>
</p>
<p><s n="34"><c type="pct">``</c> <w type="NN" subtype="TL">Article</w> <w type="CD" subtype="TL">17</w> <c type="pct">,</c> <w type="NN" subtype="TL">Section</w> <w type="CD" subtype="TL">1</w> <c type="pct">:</c> <c type="pct">:</c> </s>
<s n="35"><w type="AT">The</w> <w type="JJ" subtype="TL">General</w> <w type="NN" subtype="TL">Assembly</w> <w type="MD">shall</w> <w type="VB">consider</w> <w type="CC">and</w> <w type="VB">approve</w> <w type="AT">the</w> <w type="NN">budget</w> <w type="IN">of</w> <w type="AT">the</w> <w type="NN" subtype="TL">Organization</w> <c type="pct">.</c> </s>
</p>
<p><s n="36"><c type="pct">``</c> <w type="NN">Section</w> <w type="CD">2</w> <c type="pct">:</c> <c type="pct">:</c> </s>
<s n="37"><w type="AT">The</w> <w type="NNS">expenses</w> <w type="IN">of</w> <w type="AT">the</w> <w type="NN" subtype="TL">Organization</w> <w type="MD">shall</w> <w type="BE">be</w> <w type="VBN">borne</w> <w type="IN">by</w> <w type="AT">the</w> <w type="NNS" subtype="TL">Members</w> <w type="CS">as</w> <w type="VBN">apportioned</w> <w type="IN">by</w> <w type="AT">the</w> <w type="JJ" subtype="TL">General</w> <w type="NN" subtype="TL">Assembly</w> <c type="pct">.</c> </s>
</p>
<p><s n="38"><c type="pct">``</c> <w type="NN">Article</w> <w type="CD">19</w> <c type="pct">:</c> <c type="pct">:</c> </s>
<s n="39"><w type="AT">A</w> <w type="NN" subtype="TL">Member</w> <w type="IN">of</w> <w type="AT">the</w> <w type="VBN" subtype="TL">United</w> <w type="NNS" subtype="TL">Nations</w> <w type="WDT">which</w> <w type="BEZ">is</w> <w type="IN">in</w> <w type="NNS">arrears</w> <w type="IN">in</w> <w type="AT">the</w> <w type="NN">payment</w> <w type="IN">of</w> <w type="PPg">its</w> <w type="JJ">financial</w> <w type="NNS">contributions</w> <w type="IN">to</w> <w type="AT">the</w> <w type="NN" subtype="TL">Organization</w> <w type="MD">shall</w> <w type="HV">have</w> <w type="AT">no</w> <w type="NN">vote</w> <w type="IN">in</w> <w type="AT">the</w> <w type="JJ" subtype="TL">General</w> <w type="NN" subtype="TL">Assembly</w> <w type="CS">if</w> <w type="AT">the</w> <w type="NN">amount</w> <w type="IN">of</w> <w type="PPg">its</w> <w type="NNS">arrears</w> <w type="VBZ">equals</w> <w type="CC">or</w> <w type="VBZ">exceeds</w> <w type="AT">the</w> <w type="NN">amount</w> <w type="IN">of</w> <w type="AT">the</w> <w type="NNS">contributions</w> <w type="JJ">due</w> <w type="IN">from</w> <w type="PPO">it</w> <w type="IN">for</w> <w type="AT">the</w> <w type="VBG">preceding</w> <w type="CD">two</w> <w type="JJ">full</w> <w type="NNS">years</w> <c type="pct">''</c> <c type="pct">.</c> </s>
</p>
<p><s n="40"><w type="AT">The</w> <w type="NP">U.S.S.R.</w> <w type="CC">and</w> <w type="PPg">her</w> <w type="NNS">followers</w> <w type="BER">are</w> <w type="JJ">careful</w> <w type="IN">in</w> <w type="VBG">paying</w> <w type="PPg">their</w> <w type="NNS">obligations</w> <w type="IN">to</w> <w type="AT">the</w> <w type="JJ">regular</w> <w type="NN">budget</w> <c type="pct">.</c> </s>
<s n="41"><w type="CC">But</w> <w type="PPSS">they</w> <w type="VB">refuse</w> <c type="pct">,</c> <w type="CS">as</w> <w type="DO">do</w> <w type="AT">the</w> <w type="NP">Arab</w> <w type="NNS">states</w> <c type="pct">,</c> <w type="TO">to</w> <w type="VB">support</w> <w type="AT">the</w> <w type="VBN" subtype="TL">United</w> <w type="NNSg" subtype="TL">Nations'</w> <w type="NNS">expenses</w> <w type="IN">of</w> <w type="VBG">maintaining</w> <w type="AT">the</w> <w type="VBN" subtype="TL">United</w> <w type="NNS" subtype="TL">Nations</w> <w type="NN" subtype="TL">Emergency</w> <w type="NN" subtype="TL">Force</w> <w type="IN">in</w> <w type="AT">the</w> <w type="JJ" subtype="TL">Middle</w> <w type="NR" subtype="TL">East</w> <w type="CS">as</w> <w type="AT">a</w> <w type="NN">buffer</w> <w type="IN">between</w> <w type="NP">Egypt</w> <w type="CC">and</w> <w type="NP">Israel</w> <c type="pct">,</c> <w type="CC">and</w> <w type="AT">the</w> <w type="NP">U.N.</w> <w type="NNS">troops</w> <w type="IN">in</w> <w type="AT">the</w> <w type="NP">Congo</w> <c type="pct">,</c> <w type="WDT">which</w> <w type="NNS">expenses</w> <w type="BER">are</w> <w type="NEG">not</w> <w type="VBN">covered</w> <w type="IN">by</w> <w type="AT">the</w> <w type="JJ">regular</w> <w type="NN">budget</w> <w type="IN">of</w> <w type="AT">the</w> <w type="VBN" subtype="TL">United</w> <w type="NNS" subtype="TL">Nations</w> <c type="pct">,</c> <w type="CC">but</w> <w type="IN">by</w> <w type="AT">a</w> <w type="JJ">special</w> <w type="NN">budget</w> <c type="pct">.</c> </s>
</p>
<p><s n="42"><w type="IN">According</w> <w type="IN">to</w> <w type="AT">the</w> <w type="JJ">official</w> <w type="NN">interpretation</w> <w type="IN">of</w> <w type="AT">the</w> <w type="NN" subtype="TL">Charter</w> <c type="pct">,</c> <w type="AT">a</w> <w type="NN">member</w> <mw pos="MD *">cannot </mw><w type="BE">be</w> <w type="VBN">penalized</w> <w type="IN">by</w> <w type="NEG">not</w> <w type="HVG">having</w> <w type="AT">the</w> <w type="NN">right</w> <w type="TO">to</w> <w type="VB">vote</w> <w type="IN">in</w> <w type="AT">the</w> <w type="JJ" subtype="TL">General</w> <w type="NN" subtype="TL">Assembly</w> <w type="IN">for</w> <w type="NN">nonpayment</w> <w type="IN">of</w> <w type="JJ">financial</w> <w type="NNS">obligations</w> <w type="IN">to</w> <w type="AT">the</w> <c type="pct">``</c> <w type="JJ">special</w> <c type="pct">''</c> <w type="VBN" subtype="TL">United</w> <w type="NNSg" subtype="TL">Nations'</w> <w type="NNS">budgets</w> <c type="pct">,</c> <w type="CC">and</w> <w type="IN">of</w> <w type="NN">course</w> <mw pos="MD *">cannot </mw><w type="BE">be</w> <w type="VBN">expelled</w> <w type="IN">from</w> <w type="AT">the</w> <w type="NN" subtype="TL">Organization</w> <c type="pct">(</c> <w type="WDT">which</w> <w type="PPSS">you</w> <w type="VBD">suggested</w> <w type="IN">in</w> <w type="PPg">your</w> <w type="NN">editorial</w> <c type="pct">)</c> <c type="pct">,</c> <w type="RB">due</w> <w type="IN" subtype="HL">to</w> <w type="AT" subtype="HL">the</w> <w type="NN" subtype="HL">fact</w> <w type="CS" subtype="HL">that</w> <w type="EX">there</w> <w type="BEZ">is</w> <w type="AT">no</w> <w type="NN">provision</w> <w type="IN">in</w> <w type="AT">the</w> <w type="NN" subtype="TL">Charter</w> <w type="IN">for</w> <w type="NN">expulsion</w> <c type="pct">.</c> </s>
</p>
<p><s n="43"><w type="TO">To</w> <w type="VB">aid</w> <w type="JJ">international</w> <w type="NN">law</w> </s>
<s n="44"><w type="NP" subtype="HL">Connally</w> <w type="NNg" subtype="HL">amendment's</w> <w type="NN" subtype="HL">repeal</w> <w type="VBN" subtype="HL">held</w> <w type="NN" subtype="HL">step</w> <w type="IN" subtype="HL">toward</w> <w type="NN" subtype="HL">world</w> <w type="NN" subtype="HL">order</w> </s>
<s n="45"><w type="IN" subtype="HL">to</w> <w type="AT" subtype="HL">the</w> <w type="NN" subtype="HL">editor</w> <w type="IN" subtype="HL">of</w> <w type="AT" subtype="HL">the</w> <w type="JJ" subtype="TL">New</w> <w type="NP" subtype="TL">York</w> <w type="NNS" subtype="TL">Times</w> <c type="pct">:</c> </s>
<s n="46"><w type="IN">In</w> <w type="PPg">your</w> <w type="NP">Sept.</w> <w type="CD">27</w> <w type="NN">editorial</w> <w type="NN">appraisal</w> <w type="IN">of</w> <w type="AT">the</w> <w type="NN">work</w> <w type="IN">of</w> <w type="AT">the</w> <w type="OD" subtype="TL">First</w> <w type="NN" subtype="TL">Session</w> <w type="IN">of</w> <w type="AT">the</w> <w type="OD" subtype="TL">Eighty-seventh</w> <w type="NP">Congress</w> <w type="PPSS">you</w> <w type="VBD">referred</w> <w type="IN">to</w> <w type="AT">the</w> <w type="NN">lack</w> <w type="IN">of</w> <c type="pct">``</c> <w type="NN">consciousness</w> <w type="IN">of</w> <w type="NN">destiny</w> <w type="IN">in</w> <w type="AT">a</w> <w type="NN">time</w> <w type="IN">of</w> <w type="JJ">acute</w> <w type="JJ">national</w> <w type="CC">and</w> <w type="NN">world</w> <w type="NN">peril</w> <c type="pct">''</c> <c type="pct">.</c> </s>
<s n="47"><w type="RB">Yet</w> <w type="PPg">your</w> <w type="NN">list</w> <w type="IN">of</w> <w type="NNS">things</w> <w type="VBN">left</w> <w type="VBN">undone</w> <w type="DOD">did</w> <w type="NEG">not</w> <w type="VB">include</w> <w type="NN">repeal</w> <w type="IN">of</w> <w type="AT">the</w> <w type="NP">Connally</w> <w type="NN">amendment</w> <w type="IN">to</w> <w type="DT">this</w> <w type="NNg">country's</w> <w type="JJ">domestic</w> <w type="NN">jurisdiction</w> <w type="NN">reservation</w> <w type="IN">to</w> <w type="PPg">its</w> <w type="NN">Adherence</w> <w type="IN">to</w> <w type="AT">the</w> <w type="NN" subtype="TL">Statute</w> <w type="IN" subtype="TL">of</w> <w type="AT" subtype="TL">the</w> <w type="JJ" subtype="TL">International</w> <w type="NN" subtype="TL">Court</w> <w type="IN" subtype="TL">of</w> <w type="NN" subtype="TL">Justice</w> <c type="pct">.</c> </s>
</p>
<p><s n="48"><w type="AT">The</w> <w type="NP">Connally</w> <w type="NN">amendment</w> <w type="VBZ">says</w> <w type="CS">that</w> <w type="AT">the</w> <w type="VBN" subtype="TL">United</w> <w type="NNS" subtype="TL">States</w> <c type="pct">,</c> <w type="IN">rather</w> <w type="IN">than</w> <w type="AT">the</w> <w type="NN">court</w> <c type="pct">,</c> <w type="MD">shall</w> <w type="VB">determine</w> <w type="CS">whether</w> <w type="AT">a</w> <w type="NN">matter</w> <w type="BEZ">is</w> <w type="RB">essentially</w> <w type="IN">within</w> <w type="AT">the</w> <w type="JJ">domestic</w> <w type="NN">jurisdiction</w> <w type="IN">of</w> <w type="AT">the</w> <w type="VBN" subtype="TL">United</w> <w type="NNS" subtype="TL">States</w> <w type="IN">in</w> <w type="AT">a</w> <w type="NN">case</w> <w type="IN">before</w> <w type="AT">the</w> <w type="NN" subtype="TL">World</w> <w type="NN" subtype="TL">Court</w> <w type="IN">to</w> <w type="WDT">which</w> <w type="AT">the</w> <w type="VBN" subtype="TL">United</w> <w type="NNS" subtype="TL">States</w> <w type="BEZ">is</w> <w type="AT">a</w> <w type="NN">party</w> <c type="pct">.</c> </s>
<s n="49"><w type="CS">If</w> <w type="AT">the</w> <w type="NN">case</w> <w type="BEZ">is</w> <w type="RB">thus</w> <w type="VBN">determined</w> <w type="IN">by</w> <w type="PPO">us</w> <w type="TO">to</w> <w type="BE">be</w> <w type="JJ">domestic</w> <c type="pct">,</c> <w type="AT">the</w> <w type="NN">court</w> <w type="HVZ">has</w> <w type="AT">no</w> <w type="NN">jurisdiction</w> <c type="pct">.</c> </s>
</p>
<p><s n="50"><w type="CS">Since</w> <w type="AT">the</w> <w type="NP">Connally</w> <w type="NN">amendment</w> <w type="HVZ">has</w> <w type="AT">the</w> <w type="NN">effect</w> <w type="IN">of</w> <w type="VBG">giving</w> <w type="AT">the</w> <w type="AP">same</w> <w type="NN">right</w> <w type="IN">to</w> <w type="AT">the</w> <w type="AP">other</w> <w type="NN">party</w> <w type="IN">to</w> <w type="AT">a</w> <w type="NN">dispute</w> <w type="IN">with</w> <w type="AT">the</w> <w type="VBN" subtype="TL">United</w> <w type="NNS" subtype="TL">States</w> <c type="pct">,</c> <w type="PPS">it</w> <w type="RB">also</w> <w type="VBZ">prevents</w> <w type="PPO">us</w> <w type="IN">from</w> <w type="VBG">using</w> <w type="AT">the</w> <w type="NN">court</w> <w type="RB">effectively</w> <c type="pct">.</c> </s>
<s n="51"><w type="RB">Yet</w> <w type="CS">although</w> <w type="AT">the</w> <w type="NP" subtype="TL">Kennedy</w> <w type="NN" subtype="TL">Administration</w> <c type="pct">,</c> <w type="CC">and</w> <w type="AT">the</w> <w type="NP" subtype="TL">Eisenhower</w> <w type="NN" subtype="TL">Administration</w> <w type="IN">before</w> <w type="PPO">it</w> <c type="pct">,</c> <w type="HV">have</w> <w type="ABX">both</w> <w type="VBN">declared</w> <w type="PPLS">themselves</w> <w type="RB">solidly</w> <w type="IN">for</w> <w type="NN">repeal</w> <w type="IN">of</w> <w type="AT">the</w> <w type="NP">Connally</w> <w type="NN">amendment</w> <c type="pct">,</c> <w type="CS">as</w> <w type="JJ">contrary</w> <w type="IN">to</w> <w type="PPg">our</w> <w type="JJT">best</w> <w type="NNS">interests</w> <c type="pct">,</c> <w type="AT">no</w> <w type="NN">action</w> <w type="HVZ">has</w> <w type="RB">yet</w> <w type="BEN">been</w> <w type="VBN">taken</w> <c type="pct">.</c> </s>
</p>
<p><s n="52"><w type="PPg">Our</w> <c type="pct">``</c> <w type="NN">destiny</w> <c type="pct">''</c> <w type="IN">in</w> <w type="DTS">these</w> <w type="JJ">perilous</w> <w type="NNS">times</w> <w type="MD">should</w> <w type="BE">be</w> <w type="TO">to</w> <w type="VB">lead</w> <w type="RB">strongly</w> <w type="IN">in</w> <w type="AT">the</w> <w type="NN">pursuit</w> <w type="IN">of</w> <w type="NN">peace</w> <c type="pct">,</c> <w type="IN">with</w> <w type="NN">justice</w> <c type="pct">,</c> <w type="IN">under</w> <w type="NN">law</w> <c type="pct">.</c> </s>
<s n="53"><w type="TO">To</w> <w type="VB">achieve</w> <w type="DT">this</w> <w type="NN">destiny</w> <c type="pct">,</c> <w type="NNS">acts</w> <w type="QL">as</w> <w type="RB">well</w> <w type="CS">as</w> <w type="NNS">words</w> <w type="BER">are</w> <w type="VBN">needed</w> <c type="pct">--</c> <w type="NEG">not</w> <w type="AP">only</w> <w type="NNS">acts</w> <w type="WPS">that</w> <w type="VB">lead</w> <w type="IN">to</w> <w type="JJ">physical</w> <w type="NN">strength</w> <w type="CC">but</w> <w type="RB">also</w> <w type="NNS">acts</w> <w type="WPS">that</w> <w type="VB">lead</w> <w type="IN">to</w> <w type="NN">strength</w> <w type="VBN">based</w> <w type="IN">on</w> <w type="JJ">right</w> <w type="NN">doing</w> <w type="CC">and</w> <w type="NN">respect</w> <c type="pct">.</c> </s>
</p>
<p><s n="54"><w type="WDT">What</w> <w type="JJR">better</w> <w type="JJ">affirmative</w> <w type="NN">step</w> <w type="MD">could</w> <w type="BE">be</w> <w type="VBN">taken</w> <w type="IN">to</w> <w type="DT">this</w> <w type="NN">end</w> <w type="CS">than</w> <w type="NN">repeal</w> <w type="IN">of</w> <w type="AT">the</w> <w type="NP">Connally</w> <w type="NN">amendment</w> <c type="pct">--</c> <w type="AT">an</w> <w type="NN">act</w> <w type="WDT">which</w> <w type="MD">could</w> <w type="VB">expose</w> <w type="AT">the</w> <w type="VBN" subtype="TL">United</w> <w type="NNS" subtype="TL">States</w> <w type="IN">to</w> <w type="AT">no</w> <w type="JJ">practical</w> <w type="NN">risk</w> <w type="CC">yet</w> <w type="MD">would</w> <w type="VB">put</w> <w type="AT">an</w> <w type="NN">end</w> <w type="IN">to</w> <w type="PPg">our</w> <w type="JJ">self-judging</w> <w type="NN">attitude</w> <w type="IN">toward</w> <w type="AT">the</w> <w type="NN">court</w> <c type="pct">,</c> <w type="VB">enable</w> <w type="PPO">us</w> <w type="TO">to</w> <w type="VB">utilize</w> <w type="PPO">it</w> <c type="pct">,</c> <w type="CC">and</w> <w type="VB">advance</w> <w type="IN">in</w> <w type="AT">a</w> <w type="JJ">tangible</w> <w type="NN">way</w> <w type="AT">the</w> <w type="NN">cause</w> <w type="IN">of</w> <w type="JJ">international</w> <w type="NN">law</w> <w type="CC">and</w> <w type="NN">order</w> <c type="pct">?</c> <c type="pct">?</c> </s>
</p>
<p><s n="55"><w type="PPSS">We</w> <w type="VB">believe</w> <w type="CS">that</w> <w type="AT">the</w> <w type="NN">list</w> <w type="IN">of</w> <w type="JJ">vital</w> <w type="NNS">things</w> <w type="VBN">left</w> <w type="VBN">undone</w> <w type="IN">to</w> <w type="NN">date</w> <w type="IN">by</w> <w type="AT">the</w> <w type="OD" subtype="TL">Eighty-seventh</w> <w type="NP">Congress</w> <w type="MD">should</w> <w type="HV">have</w> <w type="VBN">included</w> <w type="NN">repeal</w> <w type="IN">by</w> <w type="AT">the</w> <w type="NN" subtype="TL">Senate</w> <w type="IN">of</w> <w type="AT">the</w> <w type="NP">Connally</w> <w type="NN">amendment</w> <c type="pct">.</c> </s>
</p>
<p><s n="56"><w type="IN" subtype="HL">For</w> <w type="JJR" subtype="HL">better</w> <w type="NN" subtype="HL">subway</w> <w type="NNS" subtype="HL">services</w> </s>
<s n="57"><w type="IN" subtype="HL">to</w> <w type="AT" subtype="HL">the</w> <w type="NN" subtype="HL">editor</w> <w type="IN" subtype="HL">of</w> <w type="AT" subtype="HL">the</w> <w type="JJ" subtype="TL">New</w> <w type="NP" subtype="TL">York</w> <w type="NNS" subtype="TL">Times</w> <c type="pct">:</c> </s>
<s n="58"><w type="AP">Many</w> <w type="JJ">home-bound</w> <w type="NN">subway</w> <w type="NNS">riders</w> <w type="VBG">utilizing</w> <w type="AT">the</w> <w type="NP">Flushing-Main</w> <w type="NN" subtype="TL">Street</w> <w type="NN">express</w> <w type="BER">are</w> <w type="RB">daily</w> <w type="VBN">confronted</w> <w type="IN">with</w> <w type="AT">the</w> <w type="NN">sight</w> <w type="IN">of</w> <w type="AT">the</w> <w type="JJ">local</w> <w type="VBG">departing</w> <w type="IN">from</w> <w type="AT">the</w> <w type="NP">Woodside</w> <w type="NN">station</w> <w type="CS">as</w> <w type="PPg">their</w> <w type="JJ">express</w> <w type="VBZ">comes</w> <w type="IN">to</w> <w type="AT">a</w> <w type="NN">stop</w> <c type="pct">,</c> <w type="VBG">leaving</w> <w type="PPO">them</w> <w type="VBN">stranded</w> <w type="CC">and</w> <w type="VBN">strained</w> <c type="pct">.</c> </s>
<s n="59"><w type="IN">To</w> <w type="AT">the</w> <w type="NNS">tens</w> <w type="IN">of</w> <w type="NNS">thousands</w> <w type="WPS">who</w> <w type="MD">must</w> <w type="VB">transfer</w> <w type="TO">to</w> <w type="VB">ride</w> <w type="IN">to</w> <w type="OD" subtype="TL">Seventy-fourth</w> <w type="NN" subtype="TL">Street</w> <w type="CC">and</w> <w type="VB">change</w> <w type="IN">for</w> <w type="AT">the</w> <w type="NN">IND</w> <c type="pct">,</c> <w type="DT">this</w> <w type="VBZ">takes</w> <w type="AT">a</w> <w type="JJ">daily</w> <w type="NN">toll</w> <w type="IN">of</w> <w type="NN">time</w> <w type="CC">and</w> <w type="NN">temper</w> <c type="pct">.</c> </s>
</p>
<p><s n="60"><w type="AT">The</w> <w type="NN" subtype="TL">Transit</w> <w type="NN" subtype="TL">Authority</w> <w type="HVZ">has</w> <w type="RB">recently</w> <w type="VBN">placed</w> <w type="IN">in</w> <w type="NN">operation</w> <c type="pct">``</c> <w type="NN">hold</w> <c type="pct">''</c> <w type="NNS">lights</w> <w type="IN">at</w> <w type="NN">BMT</w> <w type="OD" subtype="TL">Thirty-ninth</w> <w type="CC">and</w> <w type="OD" subtype="TL">Fifty-ninth</w> <w type="NN" subtype="TL">Street</w> <w type="NNS">stations</w> <w type="IN">in</w> <w type="NP">Brooklyn</w> <c type="pct">.</c> </s>
<s n="61"><w type="DT">This</w> <c type="pct">``</c> <w type="VBZ">holds</w> <c type="pct">''</c> <w type="AT">the</w> <w type="JJ">local</w> <w type="CS">until</w> <w type="AT">the</w> <w type="NN">express</w> <w type="NNS">passengers</w> <w type="VB">change</w> <w type="NNS">trains</w> <c type="pct">.</c> </s>
<s n="62"><w type="IN">Without</w> <w type="NN">question</w> <c type="pct">,</c> <w type="DT">this</w> <w type="NN">time</w> <w type="CC">and</w> <w type="NN">temper</w> <w type="NN">saver</w> <w type="MD">should</w> <w type="BE">be</w> <w type="RB">immediately</w> <w type="VBN">installed</w> <w type="IN">at</w> <w type="AT">the</w> <w type="NP">Woodside</w> <w type="NN">station</w> <c type="pct">.</c> </s>
</p>
<p><s n="63"><w type="NN" subtype="HL">Phone</w> <w type="NN" subtype="HL">service</w> <w type="VBN" subtype="HL">criticized</w> </s>
<s n="64"><w type="IN" subtype="HL">to</w> <w type="AT" subtype="HL">the</w> <w type="NN" subtype="HL">editor</w> <w type="IN" subtype="HL">of</w> <w type="AT" subtype="HL">the</w> <w type="JJ" subtype="TL">New</w> <w type="NP" subtype="TL">York</w> <w type="NNS" subtype="TL">Times</w> <c type="pct">:</c> </s>
<s n="65"><w type="CS">As</w> <w type="AT">a</w> <w type="NN">business</w> <w type="NN">man</w> <w type="PPSS">I</w> <w type="HV">have</w> <w type="TO">to</w> <w type="VB">use</w> <w type="AT">the</w> <w type="NN">telephone</w> <w type="RB">constantly</w> <c type="pct">,</c> <w type="IN">from</w> <w type="CD">three</w> <w type="IN">to</w> <w type="CD">four</w> <w type="NNS">hours</w> <w type="AT">a</w> <w type="NN">day</w> <c type="pct">.</c> </s>
</p>
<p><s n="66"><w type="IN">In</w> <w type="AT">the</w> <w type="AP">last</w> <w type="AP">few</w> <w type="NNS">years</w> <w type="AT">the</w> <w type="NN">telephone</w> <w type="NN">company</w> <w type="HVZ">has</w> <w type="VBN">managed</w> <w type="TO">to</w> <w type="VB">automate</w> <w type="AP">many</w> <w type="NNS">areas</w> <w type="IN">of</w> <w type="PPg">their</w> <w type="NN">service</w> <c type="pct">.</c> </s>
<s n="67"><w type="PPS">It</w> <w type="HVZ">has</w> <w type="NEG">not</w> <w type="BEN">been</w> <w type="DTI">any</w> <w type="JJ">great</w> <w type="JJ">mental</w> <w type="NN">effort</w> <w type="IN">on</w> <w type="PPg">my</w> <w type="NN">part</w> <w type="TO">to</w> <w type="VB">keep</w> <w type="RP">up</w> <w type="IN">with</w> <w type="DT">this</w> <w type="NN">mechanization</w> <w type="WDT">which</w> <w type="HVZ">has</w> <w type="VBN">brought</w> <w type="RP">about</w> <w type="JJ">new</w> <w type="NNS">ways</w> <w type="IN">of</w> <w type="VBG">dialing</w> <c type="pct">.</c> </s>
</p>
<p><s n="68"><w type="WRB">However</w> <c type="pct">,</c> <w type="EX">there</w> <w type="BER">are</w> <w type="RB">still</w> <w type="AP">several</w> <w type="NNS">types</w> <w type="IN">of</w> <w type="NNS">calls</w> <w type="WPS">that</w> <w type="VB">necessitate</w> <w type="AT">the</w> <w type="NN">use</w> <w type="IN">of</w> <w type="NN">telephone</w> <w type="NNS">operators</w> <c type="pct">.</c> </s>
<s n="69"><w type="PPSS">I</w> <w type="HV">have</w> <w type="BEN">been</w> <w type="QL">absolutely</w> <w type="VBN">shocked</w> <w type="IN">at</w> <w type="AT">the</w> <w type="NN">ineptness</w> <w type="IN">of</w> <w type="AT">the</w> <w type="JJ">young</w> <w type="NNS">ladies</w> <w type="WPS">who</w> <w type="BER">are</w> <w type="VBG">servicing</w> <w type="NN">person-to-person</w> <w type="NNS">calls</w> <c type="pct">,</c> <w type="JJ">special</w> <w type="NN">long-distance</w> <w type="NNS">calls</w> <c type="pct">,</c> <w type="RB">etc.</w> <c type="pct">.</c> </s>
<s n="70"><w type="CC">Either</w> <w type="PPS">it</w> <w type="BEZ">is</w> <w type="NN">lack</w> <w type="IN">of</w> <w type="VBG">training</w> <c type="pct">,</c> <w type="NN">lack</w> <w type="IN">of</w> <w type="JJ">proper</w> <w type="NN">screening</w> <w type="WRB">when</w> <w type="VBG">hiring</w> <c type="pct">,</c> <w type="NN">lack</w> <w type="IN">of</w> <w type="NN">management</w> <w type="CC">or</w> <w type="RB">possibly</w> <w type="NN">lack</w> <w type="IN">of</w> <w type="NN">interest</w> <w type="IN">on</w> <w type="AT">the</w> <w type="NN">part</w> <w type="IN">of</w> <w type="AT">the</w> <w type="NN">telephone</w> <w type="NN">company</w> <c type="pct">,</c> <w type="WDT">which</w> <w type="DOZ">does</w> <w type="HV">have</w> <w type="AT">a</w> <w type="JJ">Government-blessed</w> <w type="NN">monopoly</w> <c type="pct">.</c> </s>
</p>
<p><s n="71"><w type="JJ" subtype="HL">Fair-priced</w> <w type="NN" subtype="HL">funeral</w> </s>
<s n="72"><w type="IN" subtype="HL">to</w> <w type="AT" subtype="HL">the</w> <w type="NN" subtype="HL">editor</w> <c type="pct">:</c> </s>
<s n="73"><w type="PPSS">I</w> <w type="VB">disagree</w> <w type="IN">with</w> <w type="AT">the</w> <w type="NN">writer</w> <w type="WPS">who</w> <w type="VBZ">says</w> <w type="NN">funeral</w> <w type="NNS">services</w> <w type="MD">should</w> <w type="BE">be</w> <w type="JJ">government-controlled</w> <c type="pct">.</c> </s>
<s n="74"><w type="AT">The</w> <w type="NN">funeral</w> <w type="IN">for</w> <w type="PPg">my</w> <w type="NN">husband</w> <w type="BEDZ">was</w> <w type="RB">just</w> <w type="WDT">what</w> <w type="PPSS">I</w> <w type="VBD">wanted</w> <w type="CC">and</w> <w type="PPSS">I</w> <w type="VBD">paid</w> <w type="AT">a</w> <w type="JJ">fair</w> <w type="NN">price</w> <c type="pct">,</c> <w type="QL">far</w> <w type="AP">less</w> <w type="CS">than</w> <w type="PPSS">I</w> <w type="HVD">had</w> <w type="VBN">expected</w> <w type="TO">to</w> <w type="VB">pay</w> <c type="pct">.</c> </s>
<s n="75"><w type="CC">But</w> <w type="AT">the</w> <w type="NNS">hospitals</w> <w type="CC">and</w> <w type="NNS">doctors</w> <w type="MD">should</w> <w type="BE">be</w> <c type="pct">.</c> </s>
</p>
<p><s n="76"><w type="VBG" subtype="HL">Helping</w> <w type="VBN" subtype="HL">retarded</w> <w type="NNS" subtype="HL">children</w> </s>
<s n="77"><w type="IN" subtype="HL">to</w> <w type="AT" subtype="HL">the</w> <w type="NN" subtype="HL">editor</w> <c type="pct">:</c> </s>
<s n="78"><w type="RB">Recently</w> <w type="PPSS">I</w> <w type="VBD">visited</w> <w type="AT">the</w> <w type="QL">very</w> <w type="JJ">remarkable</w> <w type="NN" subtype="TL">Pilgrim</w> <w type="NN" subtype="TL">School</w> <w type="IN">for</w> <w type="VBN">retarded</w> <w type="NNS">children</w> <c type="pct">.</c> </s>
</p>
<p><s n="79"><w type="NN" subtype="TL">Hazel</w> <w type="NN" subtype="TL">Park</w> <w type="VBZ">donates</w> <w type="PPg">its</w> <w type="NN">recreation</w> <w type="NN">center</w> <c type="pct">,</c> <w type="CD">five</w> <w type="NNS">days</w> <w type="AT">a</w> <w type="NN">week</w> <c type="pct">,</c> <w type="IN">to</w> <w type="AT">the</w> <w type="NN">school</w> <c type="pct">.</c> </s>
<s n="80"><w type="EX">There</w> <w type="BEZ">is</w> <w type="AT">no</w> <w type="NN">charge</w> <w type="CC">and</w> <w type="AT">no</w> <w type="NN">state</w> <w type="NN">aid</w> <c type="pct">.</c> </s>
<s n="81"><w type="NP">Kiwanis</w> <c type="pct">,</c> <w type="JJ" subtype="TL">American</w> <w type="NN" subtype="TL">Legion</w> <w type="CC">and</w> <w type="AP">other</w> <w type="NNS">groups</w> <w type="VB">donate</w> <w type="JJ">small</w> <w type="NNS">sums</w> <w type="CC">and</w> <w type="AT">the</w> <w type="NNS">mothers</w> <w type="DO">do</w> <w type="WDT">what</w> <w type="PPSS">they</w> <w type="MD">can</w> <w type="TO">to</w> <w type="VB">bring</w> <w type="RP">in</w> <w type="NNS">dollars</w> <w type="IN">for</w> <w type="PPg">its</w> <w type="NN">support</w> <c type="pct">.</c> </s>
</p>
<p><s n="82"><w type="EX">There</w> <w type="BER">are</w> <w type="CD">70</w> <w type="NNS">children</w> <w type="RB">there</w> <w type="CC">and</w> <w type="AT">the</w> <w type="NNS">mothers</w> <w type="VB">donate</w> <w type="CD">one</w> <w type="NN">day</w> <w type="AT">a</w> <w type="NN">week</w> <w type="IN">to</w> <w type="AT">the</w> <w type="NN">school</w> <c type="pct">.</c> </s>
<s n="83"><w type="VBG">Reading</w> <c type="pct">,</c> <w type="VBG">writing</w> <w type="CC">and</w> <w type="JJ">simple</w> <w type="NN">arithmetic</w> <w type="BER">are</w> <w type="VBN">taught</w> <w type="RB">along</w> <w type="IN">with</w> <w type="JJ">such</w> <w type="NNS">crafts</w> <w type="CS">as</w> <w type="VBG">working</w> <w type="IN">in</w> <w type="NN">brass</w> <c type="pct">.</c> </s>
<s n="84"><w type="PPSS">They</w> <w type="VB">make</w> <w type="JJ">beautiful</w> <w type="NNS">objects</w> <c type="pct">.</c> </s>
</p>
<p><s n="85"><w type="AP">Enough</w> <w type="VBG">trading</w> <w type="NNS">stamps</w> <w type="BED">were</w> <w type="VBN">collected</w> <w type="TO">to</w> <w type="VB">buy</w> <w type="AT">a</w> <w type="JJ">12-passenger</w> <w type="NN">station</w> <w type="NN">wagon</w> <c type="pct">.</c> </s>
<s n="86"><w type="NP">Southfield</w> <w type="NNS">schools</w> <w type="VB">furnish</w> <w type="AT">an</w> <w type="JJ">old</w> <w type="JJ">45-passenger</w> <w type="NN">bus</w> <c type="pct">(</c> <w type="AT">the</w> <w type="NN">heater</w> <w type="IN">in</w> <w type="WDT">which</w> <w type="VBZ">needs</w> <w type="NN">repair</w> <w type="CS">since</w> <w type="DTI">some</w> <w type="IN">of</w> <w type="AT">the</w> <w type="NNS">children</w> <w type="VB">ride</w> <w type="AT">a</w> <w type="JJ">long</w> <w type="NN">distance</w> <w type="CC">and</w> <w type="VB">need</w> <w type="AT">the</w> <w type="NN">heat</w> <c type="pct">)</c> <c type="pct">.</c> </s>
</p>
<p><s n="87"><w type="AT">The</w> <w type="NN">school</w> <w type="BEZ">is</w> <w type="VBN">located</w> <w type="IN">at</w> <w type="CD" subtype="TL">9-1/2</w> <w type="NN" subtype="TL">Mile</w> <w type="NN" subtype="TL">Road</w> <c type="pct">,</c> <w type="NP" subtype="TL">Woodward</w> <w type="NNS" subtype="TL">Heights</w> <c type="pct">.</c> </s>
<s n="88"><w type="NNS">Visitors</w> <w type="BER">are</w> <w type="JJ">welcome</w> <w type="TO">to</w> <w type="VB">come</w> <w type="VB">see</w> <w type="WDT">what</w> <w type="DTS">these</w> <w type="VBN">dedicated</w> <w type="NNS">mothers</w> <w type="MD">can</w> <w type="DO">do</w> <c type="pct">.</c> </s>
</p>
<p><s n="89"><w type="NNS" subtype="HL">Jobs</w> <w type="IN" subtype="HL">for</w> <w type="NP" subtype="HL">Cavanagh</w> </s>
<s n="90"><w type="IN" subtype="HL">to</w> <w type="AT" subtype="HL">the</w> <w type="NN" subtype="HL">editor</w> <c type="pct">:</c> </s>
<s n="91"><w type="PPSS">I</w> <w type="BEDZ">was</w> <w type="VBN">surprised</w> <w type="IN">at</w> <w type="NN" subtype="TL">Mayor</w> <w type="NPg">Miriani's</w> <w type="NN">defeat</w> <c type="pct">,</c> <w type="CC">but</w> <w type="RB">perhaps</w> <w type="NN" subtype="TL">Mayor-elect</w> <w type="NP">Cavanagh</w> <w type="MD">can</w> <w type="VB">accomplish</w> <w type="DTI">some</w> <w type="NNS">things</w> <w type="WPS">that</w> <w type="MD">should</w> <w type="HV">have</w> <w type="BEN">been</w> <w type="VBN">done</w> <w type="NNS">years</w> <w type="RB">ago</w> <c type="pct">.</c> </s>
<s n="92"><w type="RB">Maybe</w> <w type="PPS">he</w> <w type="MD">can</w> <w type="VB">clean</w> <w type="RP">out</w> <w type="AT">the</w> <w type="JJ">white</w> <w type="NNS">elephants</w> <w type="IN">in</w> <w type="DTI">some</w> <w type="IN">of</w> <w type="AT">the</w> <w type="NN">city</w> <w type="NNS">departments</w> <w type="JJ">such</w> <w type="CS">as</w> <w type="NN">welfare</w> <c type="pct">,</c> <w type="NN">DPW</w> <w type="CC">and</w> <w type="NN">sanitation</w> <c type="pct">.</c> </s>
<s n="93"><w type="NN">Negligence</w> <w type="IN">in</w> <w type="NN">garbage</w> <w type="CC">and</w> <w type="NN">rubbish</w> <w type="NNS">collections</w> <w type="CC">and</w> <w type="NN">alley</w> <w type="NN">cleaning</w> <w type="BEZ">is</w> <w type="JJ">great</w> <c type="pct">.</c> </s>
</p>
<p><s n="94"><w type="PPS">He</w> <w type="MD">should</w> <w type="VB">put</w> <w type="AT">the</w> <w type="NN">police</w> <w type="RB">back</w> <w type="IN">to</w> <w type="VBG">patrolling</w> <w type="CC">and</w> <w type="VBG">walking</w> <w type="AT">the</w> <w type="NNS">streets</w> <w type="IN">at</w> <w type="NN">night</w> <c type="pct">.</c> </s>
<s n="95"><w type="EX">There</w> <w type="MD">should</w> <w type="BE">be</w> <w type="JJR">better</w> <w type="NN">bus</w> <w type="NN">service</w> <w type="CC">and</w> <w type="ABN">all</w> <w type="IN">of</w> <w type="PPg">our</w> <w type="NN">city</w> <w type="NNS">departments</w> <w type="CC">and</w> <w type="PPg">their</w> <w type="JJ">various</w> <w type="NNS">branches</w> <w type="VB">need</w> <w type="AT">a</w> <w type="JJ">general</w> <w type="CC">and</w> <w type="JJ">complete</w> <w type="NN">overhauling</w> <c type="pct">.</c> </s>
</p>
<p><s n="96"><w type="PPg">Our</w> <w type="NN">litterbug</w> <w type="NNS">ordinances</w> <w type="BER">are</w> <w type="NEG">not</w> <w type="VBN">enforced</w> <w type="CC">and</w> <w type="PPSS">I</w> <w type="HV">have</w> <w type="RB">yet</w> <w type="TO">to</w> <w type="VB">read</w> <w type="IN">of</w> <w type="AT">a</w> <w type="NN">conviction</w> <w type="IN">in</w> <w type="AT">a</w> <w type="VBG">littering</w> <w type="NN">case</w> <c type="pct">.</c> </s>
</p>
<p><s n="97"><w type="JJ">Drunken</w> <w type="NN">truck</w> <w type="NNS">drivers</w> <w type="IN">in</w> <w type="AT">the</w> <w type="NN">city</w> <w type="NNS">departments</w> <w type="MD">should</w> <w type="BE">be</w> <w type="VBN">weeded</w> <w type="RP">out</w> <c type="pct">.</c> </s>
<s n="98"><w type="VB">Educate</w> <w type="AT">the</w> <w type="NN">city</w> <w type="NNS">employes</w> <w type="TO">to</w> <w type="VB">give</w> <w type="JJ">real</w> <w type="NN">service</w> <w type="IN">to</w> <w type="AT">the</w> <w type="NN">public</w> <c type="pct">.</c> </s>
<s n="99"><w type="IN">After</w> <w type="ABN">all</w> <c type="pct">,</c> <w type="PPSS">they</w> <w type="BER">are</w> <w type="VBN">paid</w> <w type="IN">by</w> <w type="AT">the</w> <w type="NN">public</w> <c type="pct">,</c> <w type="PPSS">they</w> <w type="MD">should</w> <w type="BE">be</w> <w type="NNS">examples</w> <c type="pct">.</c> </s>
</p>
<p><s n="100"><w type="NN" subtype="HL">Church</w> <w type="VBZ" subtype="HL">finds</w> <w type="NN" subtype="HL">news</w> <w type="NNS" subtype="HL">features</w> <w type="BER" subtype="HL">are</w> <w type="JJ" subtype="HL">helpful</w> </s>
<s n="101"><w type="IN" subtype="HL">to</w> <w type="AT" subtype="HL">the</w> <w type="NN" subtype="HL">editor</w> <c type="pct">:</c> </s>
<s n="102"><w type="IN">At</w> <w type="AT">a</w> <w type="JJ">recent</w> <w type="NN">meeting</w> <w type="IN">of</w> <w type="AT">the</w> <w type="NNSg" subtype="TL">Women's</w> <w type="NN" subtype="TL">Association</w> <w type="IN" subtype="TL">of</w> <w type="AT" subtype="TL">the</w> <w type="NP" subtype="TL">Trumbull</w> <w type="NN" subtype="TL">Ave.</w> <w type="VBN" subtype="TL">United</w> <w type="NP" subtype="TL">Presbyterian</w> <w type="NN" subtype="TL">Church</w> <c type="pct">,</c> <w type="JJ">considerable</w> <w type="NN">use</w> <w type="BEDZ">was</w> <w type="VBN">made</w> <w type="IN">of</w> <w type="NN">material</w> <w type="IN">from</w> <w type="AT" subtype="TL">The</w> <w type="NP" subtype="TL">Detroit</w> <w type="NN" subtype="TL">News</w> <w type="IN">on</w> <w type="AT">the</w> <w type="NN" subtype="TL">King</w> <w type="NP">James</w> <w type="NN">version</w> <w type="IN">of</w> <w type="AT">the</w> <w type="JJ" subtype="TL">New</w> <w type="NN" subtype="TL">Testament</w> <w type="IN">versus</w> <w type="AT">the</w> <w type="JJ" subtype="TL">New</w> <w type="NP" subtype="TL">English</w> <w type="NP" subtype="TL">Bible</w> <c type="pct">.</c> </s>
</p>
<p><s n="103"><w type="DTI">Some</w> <w type="NNS">members</w> <w type="IN">of</w> <w type="AT">the</w> <w type="NN">organization</w> <w type="VBD">called</w> <w type="NN">attention</w> <w type="RB">also</w> <w type="IN">to</w> <w type="AT">the</w> <w type="NN">article</w> <w type="IN">on</w> <w type="NNS">hymns</w> <w type="IN">of</w> <w type="NN">inspiration</w> <c type="pct">,</c> <w type="AT">the</w> <w type="JJ" subtype="TL">Daily</w> <w type="NN" subtype="TL">Prayer</w> <w type="CC">and</w> <w type="CD" subtype="TL">Three</w> <w type="NNS" subtype="TL">Minutes</w> <w type="AT" subtype="TL">A</w> <w type="NN" subtype="TL">Day</w> <c type="pct">,</c> <w type="CS">as</w> <w type="BEG">being</w> <w type="QL">very</w> <w type="JJ">helpful</w> <c type="pct">.</c> </s>
</p>
<p><s n="104"><w type="PPSS">We</w> <w type="VB">feel</w> <w type="CS">that</w> <w type="AT" subtype="TL">The</w> <w type="NP" subtype="TL">Detroit</w> <w type="NN" subtype="TL">News</w> <w type="BEZ">is</w> <w type="TO">to</w> <w type="BE">be</w> <w type="VBN">complimented</w> <w type="IN">upon</w> <w type="VBG">arranging</w> <w type="IN">for</w> <w type="NNS">articles</w> <w type="IN">on</w> <w type="DTS">these</w> <w type="NNS">subjects</w> <w type="CC">and</w> <w type="PPSS">we</w> <w type="VB">hope</w> <w type="CS">that</w> <w type="PPS">it</w> <w type="MD">will</w> <w type="VB">continue</w> <w type="TO">to</w> <w type="VB">provide</w> <w type="NN">material</w> <w type="IN">along</w> <w type="JJ">wholesome</w> <w type="NNS">lines</w> <c type="pct">.</c> </s>
</p>
<p><s n="105"><w type="JJ" subtype="HL">Rude</w> <w type="NNS" subtype="HL">youngsters</w> </s>
<s n="106"><w type="IN" subtype="HL">to</w> <w type="AT" subtype="HL">the</w> <w type="NN" subtype="HL">editor</w> <c type="pct">:</c> </s>
<s n="107"><w type="VB">Thank</w> <w type="PPO">you</w> <w type="IN">for</w> <w type="AT">the</w> <w type="NN">article</w> <w type="IN">by</w> <w type="NP">George</w> <w type="NP">Sokolsky</w> <w type="IN">on</w> <w type="AT">the</w> <w type="JJ">public</w> <w type="NN">apathy</w> <w type="IN">to</w> <w type="NN">impudence</w> <c type="pct">.</c> </s>
</p>
<p><s n="108"><w type="WRB">How</w> <w type="JJ">old</w> <w type="DO">do</w> <w type="PPO">you</w> <w type="HV">have</w> <w type="TO">to</w> <w type="BE">be</w> <w type="TO">to</w> <w type="VB">remember</w> <w type="WRB">when</w> <w type="NPS">Americans</w> <c type="pct">,</c> <w type="RB">especially</w> <w type="NNS">children</w> <c type="pct">,</c> <w type="BED">were</w> <w type="VBN">encouraged</w> <w type="TO">to</w> <w type="BE">be</w> <w type="JJ">polite</w> <c type="pct">?</c> <c type="pct">?</c> </s>
<s n="109"><w type="WRB">Why</w> <w type="HVZ">has</w> <w type="DT">this</w> <w type="NN">form</w> <w type="IN">of</w> <w type="NN">gentility</w> <w type="VBN">gone</w> <w type="IN">out</w> <w type="IN">of</w> <w type="JJ">American</w> <w type="NN">life</w> <c type="pct">?</c> <c type="pct">?</c> </s>
</p>
<p><s n="110"><w type="WRB">How</w> <w type="MD">can</w> <w type="PPSS">we</w> <w type="JJ">old-fashioned</w> <w type="NNS">parents</w> <c type="pct">,</c> <w type="WPS">who</w> <w type="RB">still</w> <w type="VB">feel</w> <w type="CS">that</w> <w type="NNS">adults</w> <w type="BER">are</w> <w type="JJ">due</w> <w type="DTI">some</w> <w type="NN">respect</w> <w type="IN">from</w> <w type="NNS">children</w> <c type="pct">,</c> <w type="VB">battle</w> <w type="AT">the</w> <w type="JJ">new</w> <w type="NN">type</w> <w type="IN">of</w> <w type="VBG">advertising</w> <w type="DT">that</w> <w type="VBZ">appears</w> <w type="IN">on</w> <w type="NN">TV</w> <w type="IN">without</w> <w type="VBG">denying</w> <w type="AT">the</w> <w type="NNS">children</w> <w type="AT">the</w> <w type="NN">use</w> <w type="IN">of</w> <w type="NN">television</w> <w type="RB">entirely</w> <c type="pct">?</c> <c type="pct">?</c> </s>
<s n="111"><w type="NNS">Writers</w> <w type="IN">of</w> <w type="NNS">ads</w> <w type="MD">must</w> <w type="VB">get</w> <w type="PPg">their</w> <w type="NN">inspiration</w> <w type="IN">from</w> <w type="AT">the</w> <w type="NN">attitude</w> <w type="IN">of</w> <c type="pct">``</c> <w type="JJ">modern</w> <c type="pct">''</c> <w type="NNS">parents</w> <w type="PPSS">they</w> <w type="HV">have</w> <w type="VBN">observed</w> <c type="pct">.</c> </s>
<s n="112"><w type="IN">From</w> <w type="NN">necessity</w> <c type="pct">,</c> <w type="PPSS">they</w> <w type="BER">are</w> <w type="RB">also</w> <w type="VBN">inspired</w> <w type="IN">by</w> <w type="AT">the</w> <c type="pct">``</c> <w type="NN">hard-sell</w> <c type="pct">''</c> <w type="NN">attitude</w> <w type="IN">of</w> <w type="AT">the</w> <w type="NN">sponsor</w> <c type="pct">,</c> <w type="RB">so</w> <c type="pct">,</c> <w type="RB">finally</w> <c type="pct">,</c> <w type="PPS">it</w> <w type="BEZ">is</w> <w type="AT">the</w> <w type="NN">sponsor</w> <w type="WPS">who</w> <w type="MD">must</w> <w type="VB">take</w> <w type="AT">the</w> <w type="NN">responsibility</w> <w type="IN">for</w> <w type="AT">the</w> <w type="JJ">good</w> <w type="CC">or</w> <w type="JJ">bad</w> <w type="NN">taste</w> <w type="IN">of</w> <w type="PPg">his</w> <w type="NN">advertising</w> <c type="pct">.</c> </s>
</p>
<p><s n="113"><w type="NNS" subtype="HL">Dunes</w> <w type="NN" subtype="HL">park</w> <w type="NN" subtype="HL">advocate</w> </s>
<s n="114"><w type="IN" subtype="HL">to</w> <w type="AT" subtype="HL">the</w> <w type="NN" subtype="HL">editor</w> <c type="pct">:</c> </s>
<s n="115"><w type="PPSS">I</w> <w type="VB">commend</w> <w type="NN" subtype="TL">Senator</w> <w type="NP">Hart</w> <w type="IN">for</w> <w type="PPg">his</w> <w type="JJ">brave</w> <w type="NN">fight</w> <w type="TO">to</w> <w type="VB">establish</w> <w type="AT">a</w> <w type="JJ">national</w> <w type="NN">park</w> <w type="IN">in</w> <w type="AT">the</w> <w type="NNS">dunes</w> <w type="NN">area</w> <c type="pct">.</c> </s>
</p>
<p></p></body></text></TEI>
