<TEI xmlns="http://www.tei-c.org/ns/1.0"><teiHeader><fileDesc><titleStmt><title>Sample B19 from  The Philadelphia Inquirer, November 5, 1961, p. B 8 </title><title type="sub"> "The Voice of the People"  The Detroit News, November 17, 1961, p. 8B Used by permission of The Detroit News
 "The Public Letter Box"
</title></titleStmt><editionStmt><edition>A part  of the XML version of the Brown Corpus</edition></editionStmt><extent>2,013 words 53 (2.6%) quotes</extent><publicationStmt><idno>B19</idno><availability><p>Used by permission of The Philadelphia Inquirer</p></availability></publicationStmt><sourceDesc><bibl> The Philadelphia Inquirer, November 5, 1961, p. B 8 </bibl></sourceDesc></fileDesc><encodingDesc><p>Typographical Errors: demage [0340] iniure [for inure] [1410]</p></encodingDesc><revisionDesc><change when="2008-04-27">Header auto-generated for TEI version</change></revisionDesc></teiHeader>
<text xml:id="B19" decls="B">
<body><p><s n="1"><w type="NN" subtype="HL">Ghost</w> <w type="NN" subtype="HL">town</w> <c type="pct">?</c> <c type="pct">?</c> </s>
</p>
<p><s n="2"><w type="IN" subtype="HL">To</w> <w type="AT" subtype="HL">the</w> <w type="NN" subtype="HL">editor</w> <w type="IN" subtype="HL">of</w> <w type="AT" subtype="HL">the</w> <w type="NP" subtype="HL">Inquirer</w> <c type="pct">:</c> </s>
<s n="3"><w type="PPSS">I</w> <w type="RB">just</w> <w type="VB">wish</w> <w type="TO">to</w> <w type="VB">congratulate</w> <w type="NN" subtype="TL">Inspector</w> <w type="NP">Trimmer</w> <w type="CC">and</w> <w type="PPg">his</w> <w type="JJ">efficient</w> <w type="NN">police</w> <w type="NNS">troops</w> <w type="IN">in</w> <w type="VBG">cleaning</w> <w type="AT">the</w> <w type="NN">city</w> <w type="IN">of</w> <w type="DTS">those</w> <w type="JJ">horrible</w> <w type="NNS">automobiles</w> <c type="pct">.</c> </s>
<s n="4"><w type="PPSS">We</w> <w type="HV">have</w> <w type="RB">now</w> <w type="AT">a</w> <w type="JJ">quiet</w> <w type="NN">city</w> <c type="pct">,</c> <w type="AP">fewer</w> <w type="NNS">automobiles</w> <c type="pct">,</c> <w type="AP">less</w> <w type="NN">congestion</w> <c type="pct">,</c> <w type="CC">and</w> <w type="AP">fewer</w> <w type="NN">retail</w> <w type="NNS">customers</w> <w type="VBG">shopping</w> <w type="IN">in</w> <w type="NN">center</w> <w type="NN">city</w> <c type="pct">.</c> </s>
<s n="5"><w type="JJ">Good</w> <w type="IN">for</w> <w type="NP">Mr.</w> <w type="NP">Trimmer</w> <c type="pct">.</c> </s>
<s n="6"><w type="RB">Maybe</w> <w type="PPS">he</w> <w type="MD">will</w> <w type="VB">help</w> <w type="TO">to</w> <w type="VB">turn</w> <w type="PPg">our</w> <w type="JJ">fair</w> <w type="NN">city</w> <w type="IN">into</w> <w type="AT">a</w> <c type="pct">``</c> <w type="NN">ghost</w> <c type="pct">''</c> <w type="NN">town</w> <c type="pct">.</c> </s>
</p>
<p><s n="7"><w type="VBZ" subtype="HL">Defends</w> <w type="JJ" subtype="HL">big</w> <w type="NNS" subtype="HL">trucks</w> </s>
<s n="8"><w type="IN" subtype="HL">to</w> <w type="AT" subtype="HL">the</w> <w type="NN" subtype="HL">editor</w> <w type="IN" subtype="HL">of</w> <w type="AT" subtype="HL">the</w> <w type="NP" subtype="HL">Inquirer</w> <c type="pct">:</c> </s>
<s n="9"><w type="PPSS">I</w> <w type="VBD">worked</w> <w type="IN">on</w> <w type="AT">the</w> <w type="NP" subtype="TL">Schuylkill</w> <w type="NN" subtype="TL">Expressway</w> <w type="CC">and</w> <w type="CS">if</w> <w type="PPS">it</w> <w type="HVD">had</w> <w type="NEG">not</w> <w type="BEN">been</w> <w type="IN">for</w> <w type="AT">the</w> <w type="JJ">big</w> <w type="NNS">trucks</w> <w type="VBG">carrying</w> <w type="NN">rock</w> <w type="CC">and</w> <w type="NN">concrete</w> <w type="EX">there</w> <mw pos="MD *">wouldn't </mw><w type="BE">be</w> <w type="AT">an</w> <w type="NN" subtype="TL">Expressway</w> <c type="pct">.</c> </s>
<s n="10"><w type="IN">Without</w> <w type="DTS">these</w> <w type="JJ">massive</w> <w type="NNS">trucks</w> <w type="NNS">highways</w> <w type="MD">would</w> <w type="RB">still</w> <w type="BE">be</w> <w type="RB">just</w> <w type="AT">an</w> <w type="NN">idea</w> <w type="IN">of</w> <w type="AT">the</w> <w type="NN">future</w> <c type="pct">.</c> </s>
</p>
<p><s n="11"><w type="NP">Mr.</w> <w type="NP">George</w> <w type="NP">Hough</w> <c type="pct">(</c> <w type="NP">Oct.</w> <w type="CD">30</w> <c type="pct">)</c> <w type="VBZ">sounds</w> <w type="CS">like</w> <w type="AT">a</w> <w type="NN">business</w> <w type="NN">man</w> <w type="WPS">who</w> <w type="VBZ">waits</w> <w type="IN">until</w> <w type="AT">the</w> <w type="AP">last</w> <w type="NN">minute</w> <w type="TO">to</w> <w type="VB">leave</w> <w type="PPg">his</w> <w type="NR">home</w> <w type="CC">or</w> <w type="NN">shop</w> <c type="pct">.</c> </s>
<s n="12"><w type="AT">The</w> <w type="NNS">trucks</w> <w type="NR">today</w> <w type="VB">help</w> <w type="VB">pay</w> <w type="IN">for</w> <w type="DT">this</w> <w type="NN">highway</w> <c type="pct">.</c> </s>
<s n="13"><w type="PPSS">They</w> <w type="VB">try</w> <w type="TO">to</w> <w type="VB">keep</w> <w type="IN">within</w> <w type="AT">the</w> <w type="NN">speed</w> <w type="NNS">limits</w> <c type="pct">.</c> </s>
<s n="14"><w type="CS">Although</w> <w type="NRg">today's</w> <w type="NNS">trucks</w> <w type="BER">are</w> <w type="QL">as</w> <w type="JJ">fast</w> <w type="CS">as</w> <w type="NN">passenger</w> <w type="NNS">cars</w> <c type="pct">,</c> <w type="AT">a</w> <w type="NN">truck</w> <w type="NN">driver</w> <w type="HVZ">has</w> <w type="TO">to</w> <w type="BE">be</w> <w type="AT">a</w> <w type="JJ">sensible</w> <w type="NN">person</w> <w type="CC">and</w> <w type="VB">guard</w> <w type="IN">against</w> <w type="VBG">hogging</w> <w type="AT">the</w> <w type="NN">road</w> <c type="pct">.</c> </s>
</p>
<p><s n="15"><w type="IN" subtype="HL">Out</w> <w type="IN" subtype="HL">of</w> <w type="NN" subtype="HL">school</w> <w type="IN" subtype="HL">at</w> <w type="CD" subtype="HL">14</w> </s>
<s n="16"><w type="IN" subtype="HL">to</w> <w type="AT" subtype="HL">the</w> <w type="NN" subtype="HL">editor</w> <w type="IN" subtype="HL">of</w> <w type="AT" subtype="HL">the</w> <w type="NP" subtype="HL">Inquirer</w> <c type="pct">:</c> </s>
<s n="17"><w type="AT">The</w> <w type="NN">letter</w> <w type="NN">writer</w> <w type="WPS">who</w> <w type="VBD">suggested</w> <w type="VBG">saving</w> <w type="NN">money</w> <w type="IN">by</w> <w type="VBG">taking</w> <w type="NNS">kids</w> <w type="IN">out</w> <w type="IN">of</w> <w type="NN">school</w> <w type="IN">at</w> <w type="CD">14</w> <w type="MD">should</w> <w type="HV">have</w> <w type="VBN">signed</w> <w type="PPg">his</w> <w type="NN">letter</w> <c type="pct">``</c> <w type="NN">simpleton</w> <c type="pct">''</c> <w type="RB">instead</w> <w type="IN">of</w> <c type="pct">``</c> <w type="NN">simplicitude</w> <c type="pct">''</c> <c type="pct">.</c> </s>
<s n="18"><w type="JJ">Such</w> <w type="NNS">kids</w> <w type="RB">only</w> <w type="VB">wind</w> <w type="RP">up</w> <w type="IN">among</w> <w type="AT">the</w> <w type="JJ">unemployed</w> <w type="IN">on</w> <w type="NN">relief</w> <w type="CC">or</w> <w type="IN">in</w> <w type="NN">jail</w> <w type="WRB">where</w> <w type="PPSS">they</w> <w type="VB">become</w> <w type="AT">a</w> <w type="QL">much</w> <w type="JJR">bigger</w> <w type="NN">burden</w> <c type="pct">.</c> </s>
<s n="19"><w type="EX">There</w> <w type="BER">are</w> <w type="NNS">lots</w> <w type="IN">of</w> <w type="NNS">jobs</w> <w type="JJ">available</w> <w type="IN">for</w> <w type="VBN">trained</w> <w type="JJ">high</w> <w type="NN">school</w> <w type="NNS">graduates</w> <c type="pct">,</c> <w type="CC">but</w> <w type="NEG">not</w> <w type="IN">for</w> <w type="AT">the</w> <w type="NNS">dropouts</w> <c type="pct">.</c> </s>
<s n="20"><w type="WDT">What</w> <w type="PPSS">we</w> <w type="MD">need</w> <w type="BEZ">is</w> <w type="AP">more</w> <w type="JJ">vocational</w> <w type="NN">training</w> <w type="IN">in</w> <w type="JJ">high</w> <w type="NNS">schools</w> <c type="pct">,</c> <w type="NEG">not</w> <w type="AP">more</w> <w type="NNS">dropouts</w> <c type="pct">.</c> </s>
</p>
<p><s n="21"><w type="CD" subtype="HL">Two</w> <w type="NNS" subtype="HL">wrongs</w> </s>
<s n="22"><w type="IN" subtype="HL">to</w> <w type="AT" subtype="HL">the</w> <w type="NN" subtype="HL">editor</w> <w type="IN" subtype="HL">of</w> <w type="AT" subtype="HL">the</w> <w type="NP" subtype="HL">Inquirer</w> <c type="pct">:</c> </s>
<s n="23"><w type="PPSS">I</w> <w type="VB">suppose</w> <w type="PPSS">I</w> <w type="BEM">am</w> <w type="VBG">missing</w> <w type="DTI">some</w> <w type="JJ">elementary</w> <w type="NN">point</w> <w type="CC">but</w> <w type="PPSS">I</w> <w type="RB">honestly</w> <mw pos="MD *">cannot </mw><w type="VB">see</w> <w type="WRB">how</w> <w type="CD">two</w> <w type="NNS">wrongs</w> <w type="MD">can</w> <w type="VB">make</w> <w type="AT">a</w> <w type="NN">right</w> <c type="pct">!</c> <c type="pct">!</c> </s>
<s n="24"><w type="PPSS">I</w> <w type="BEM">am</w> <w type="VBG">referring</w> <w type="IN">to</w> <w type="DT">this</w> <w type="NN">country</w> <w type="VBG">conducting</w> <w type="NN">atmosphere</w> <w type="NNS">tests</w> <w type="IN">of</w> <w type="JJ">nuclear</w> <w type="NNS">bombs</w> <w type="RB">just</w> <w type="CS">because</w> <w type="NP">Russia</w> <w type="BEZ">is</w> <c type="pct">.</c> </s>
<s n="25"><w type="MD">Will</w> <w type="PPg">our</w> <w type="NNS">bombs</w> <w type="BE">be</w> <w type="JJR">cleaner</w> <w type="CC">or</w> <w type="MD">will</w> <w type="PPg">their</w> <w type="NN">fallout</w> <w type="BE">be</w> <w type="QL">less</w> <w type="JJ">harmful</w> <w type="IN">to</w> <w type="JJ">future</w> <w type="NNS">generations</w> <w type="IN">of</w> <w type="NNS">children</w> <c type="pct">?</c> <c type="pct">?</c> </s>
<s n="26"><w type="CS">If</w> <w type="AT">an</w> <w type="NN">atom</w> <w type="NN">bomb</w> <w type="IN">in</w> <w type="CD">1945</w> <w type="MD">could</w> <w type="VB">destroy</w> <w type="AT">an</w> <w type="JJ">entire</w> <w type="NN">city</w> <w type="RB">surely</w> <w type="AT">the</w> <w type="JJ">atomic</w> <w type="NN">arsenal</w> <w type="PPSS">we</w> <w type="RB">now</w> <w type="HV">have</w> <w type="BEZ">is</w> <w type="AP">more</w> <w type="CS">than</w> <w type="JJ">adequate</w> <w type="TO">to</w> <w type="VB">fulfill</w> <w type="DTI">any</w> <w type="JJ">military</w> <w type="NN">objective</w> <w type="VBN">required</w> <w type="IN">of</w> <w type="PPO">it</w> <c type="pct">.</c> </s>
</p>
<p><s n="27"><w type="CS">As</w> <w type="PPSS">I</w> <w type="VB">see</w> <w type="PPO">it</w> <c type="pct">,</c> <w type="CS">if</w> <w type="NN">war</w> <w type="VBZ">starts</w> <w type="CC">and</w> <w type="PPSS">we</w> <w type="VB">survive</w> <w type="AT">the</w> <w type="JJ">initial</w> <w type="NN">attack</w> <w type="RB">enough</w> <w type="TO">to</w> <w type="BE">be</w> <w type="JJ">able</w> <w type="TO">to</w> <w type="VB">fight</w> <w type="RB">back</w> <c type="pct">,</c> <w type="AT">the</w> <w type="JJ">nuclear</w> <w type="NNS">weapons</w> <w type="PPSS">we</w> <w type="RB">now</w> <w type="HV">have</w> <c type="pct">--</c> <w type="IN">at</w> <w type="AP">least</w> <w type="AT">the</w> <w type="NNS">bombs</w> <c type="pct">--</c> <w type="MD">can</w> <w type="VB">inflict</w> <w type="ABN">all</w> <w type="AT">the</w> <w type="NN">demage</w> <w type="WPS">that</w> <w type="BEZ">is</w> <w type="JJ">necessary</w> <c type="pct">.</c> </s>
<s n="28"><w type="WRB">Why</w> <w type="DO">do</w> <w type="PPSS">we</w> <w type="VB">need</w> <w type="JJR">bigger</w> <w type="CC">and</w> <w type="JJR">better</w> <w type="NNS">bombs</w> <c type="pct">?</c> <c type="pct">?</c> </s>
<s n="29"><w type="PPSS">I</w> <w type="VB">repeat</w> <c type="pct">,</c> <w type="CD">two</w> <w type="NNS">wrongs</w> <w type="DO">do</w> <w type="NEG">not</w> <w type="VB">make</w> <w type="AT">a</w> <w type="NN">right</w> <c type="pct">.</c> </s>
</p>
<p><s n="30"><c type="pct">'</c> <w type="PPSS">we</w> <w type="VB">tremble</w> <w type="NEG">not</w> <c type="pct">'</c> </s>
<s n="31"><w type="IN" subtype="HL">to</w> <w type="AT" subtype="HL">the</w> <w type="NN" subtype="HL">editor</w> <w type="IN" subtype="HL">of</w> <w type="AT" subtype="HL">the</w> <w type="NP" subtype="HL">Inquirer</w> <c type="pct">:</c> </s>
<s n="32"><w type="PN">Everyone</w> <w type="MD">should</w> <w type="VB">take</w> <w type="NN">time</w> <w type="TO">to</w> <w type="VB">read</w> <w type="NP">Martin</w> <w type="NPg">Luther's</w> <w type="NN" subtype="TL">Hymn</w> <c type="pct">``</c> <w type="AT" subtype="TL">A</w> <w type="JJ" subtype="TL">Mighty</w> <w type="NN" subtype="TL">Fortress</w> <w type="BEZ" subtype="TL">Is</w> <w type="PPg" subtype="TL">Our</w> <w type="NP" subtype="TL">God</w> <c type="pct">''</c> <c type="pct">.</c> </s>
</p>
<p><s n="33"><w type="RB">Especially</w> <w type="AT">the</w> <w type="OD">first</w> <w type="ABN">half</w> <w type="IN">of</w> <w type="AT">the</w> <w type="OD">third</w> <w type="NN">verse</w> <c type="pct">:</c> </s>
</p>
<p><s n="34"><w type="IN" subtype="HL">out</w> <w type="IN" subtype="HL">of</w> <w type="AT" subtype="HL">the</w> <w type="NN" subtype="HL">race</w> </s>
<s n="35"><w type="IN" subtype="HL">to</w> <w type="AT" subtype="HL">the</w> <w type="NN" subtype="HL">editor</w> <w type="IN" subtype="HL">of</w> <w type="AT" subtype="HL">the</w> <w type="NP" subtype="HL">Inquirer</w> <c type="pct">:</c> </s>
<s n="36"><w type="IN">To</w> <w type="PPg">our</w> <w type="JJ">everlasting</w> <w type="NN">shame</w> <c type="pct">,</c> <w type="PPSS">we</w> <w type="VBD">led</w> <w type="AT">the</w> <w type="NN">world</w> <w type="IN">in</w> <w type="DT">this</w> <w type="JJ">nuclear</w> <w type="NNS">arms</w> <w type="VB">race</w> <w type="CD">sixteen</w> <w type="NNS">years</w> <w type="RB">ago</w> <w type="WRB">when</w> <w type="PPSS">we</w> <w type="VBD">dropped</w> <w type="AT">the</w> <w type="OD">first</w> <w type="NNS">bombs</w> <w type="IN">on</w> <w type="NP">Hiroshima</w> <w type="CC">and</w> <w type="NP">Nagasaki</w> <c type="pct">.</c> </s>
</p>
<p><s n="37"><w type="HVG">Having</w> <w type="VBN">led</w> <w type="AT">the</w> <w type="NN">world</w> <w type="IN">in</w> <w type="DT">this</w> <w type="JJ">mad</w> <w type="NN">race</w> <w type="PPSS">I</w> <w type="VB">pray</w> <w type="CS">that</w> <w type="PPSS">we</w> <w type="MD">may</w> <w type="HV">have</w> <w type="AT">the</w> <w type="NN">wisdom</w> <w type="CC">and</w> <w type="NN">courage</w> <w type="TO">to</w> <w type="VB">lead</w> <w type="PPO">it</w> <w type="IN">out</w> <w type="IN">of</w> <w type="AT">the</w> <w type="NN">race</w> <c type="pct">.</c> </s>
</p>
<p><s n="38"><w type="BER">Are</w> <w type="PPSS">we</w> <w type="TO">to</w> <w type="BE">be</w> <w type="AT">the</w> <w type="NN">master</w> <w type="IN">of</w> <w type="AT">the</w> <w type="NN">atom</w> <c type="pct">,</c> <w type="CC">or</w> <w type="MD">will</w> <w type="AT">the</w> <w type="NN">atom</w> <w type="BE">be</w> <w type="PPg">our</w> <w type="NN">master</w> <c type="pct">--</c> <w type="CC">and</w> <w type="VB">destroy</w> <w type="PPO">us</w> <c type="pct">!</c> <c type="pct">!</c> </s>
</p>
<p><s n="39"><w type="WRB" subtype="HL">Why</w> <w type="VB" subtype="HL">trust</w> <w type="NP" subtype="HL">Jagan</w> <c type="pct">?</c> <c type="pct">?</c> </s>
</p>
<p><s n="40"><w type="IN" subtype="HL">To</w> <w type="AT" subtype="HL">the</w> <w type="NN" subtype="HL">editor</w> <w type="IN" subtype="HL">of</w> <w type="AT" subtype="HL">the</w> <w type="NP" subtype="HL">Inquirer</w> <c type="pct">:</c> </s>
<s n="41"><w type="RB">Just</w> <w type="CS">because</w> <w type="NP">Cheddi</w> <w type="NP">Jagan</w> <c type="pct">,</c> <w type="JJ">new</w> <w type="NN">boss</w> <w type="IN">of</w> <w type="JJ" subtype="TL">British</w> <w type="NP" subtype="TL">Guiana</w> <c type="pct">,</c> <w type="BEDZ">was</w> <w type="VBN">educated</w> <w type="IN">in</w> <w type="AT">the</w> <w type="VBN" subtype="TL">United</w> <w type="NNS" subtype="TL">States</w> <w type="BEZ">is</w> <w type="AT">no</w> <w type="NN">reason</w> <w type="TO">to</w> <w type="VB">think</w> <w type="PPS">he</w> <mw pos="BEZ *">isn't </mw><w type="AT">a</w> <w type="JJ" subtype="TL">Red</w> <c type="pct">.</c> </s>
<s n="42"><w type="PPSS">We</w> <w type="HV">have</w> <w type="ABL">quite</w> <w type="AT">a</w> <w type="AP">few</w> <w type="JJ">home-grown</w> <w type="NNS">specimens</w> <w type="IN">of</w> <w type="PPg">our</w> <w type="JJ">own</w> <c type="pct">.</c> </s>
<s n="43"><w type="CS">If</w> <w type="PPSS">we</w> <w type="VB">go</w> <w type="QL">all</w> <w type="JJ">gooey</w> <w type="IN">over</w> <w type="DT">this</w> <w type="JJT">newest</w> <w type="NP">Castro</w> <c type="pct">(</c> <w type="CS">until</w> <w type="PPS">he</w> <w type="VBZ">proves</w> <w type="PPS">he</w> <mw pos="BEZ *">isn't </mw><c type="pct">)</c> <mw pos="PPSS HV">we've </mw><w type="VBN">got</w> <w type="NNS">rocks</w> <w type="IN">in</w> <w type="PPg">our</w> <w type="NNS">heads</w> <c type="pct">.</c> </s>
<s n="44"><w type="WRB">How</w> <w type="AP">many</w> <w type="NNS">times</w> <w type="MD">must</w> <w type="PPSS">we</w> <w type="VB">get</w> <w type="VBN">burned</w> <w type="CS">before</w> <w type="PPSS">we</w> <w type="VB">learn</w> <c type="pct">?</c> <c type="pct">?</c> </s>
</p>
<p><s n="45"><w type="NP" subtype="HL">Russia</w> <w type="CC" subtype="HL">and</w> <w type="NP" subtype="HL">U.N.</w> </s>
<s n="46"><w type="IN" subtype="HL">to</w> <w type="AT" subtype="HL">the</w> <w type="NN" subtype="HL">editor</w> <w type="IN" subtype="HL">of</w> <w type="AT" subtype="HL">the</w> <w type="NP" subtype="HL">Inquirer</w> <c type="pct">:</c> </s>
<s n="47"><w type="RB">Just</w> <w type="TO">to</w> <w type="VB">remind</w> <w type="AT">the</w> <w type="NNS" subtype="TL">Communists</w> <w type="CS">that</w> <w type="AT">the</w> <w type="NNS">bombs</w> <w type="VBN">dropped</w> <w type="IN">on</w> <w type="NP">Japan</w> <w type="BED">were</w> <w type="TO">to</w> <w type="VB">end</w> <w type="AT">a</w> <w type="NN">war</w> <w type="NEG">not</w> <w type="VB">start</w> <w type="CD">one</w> <c type="pct">.</c> </s>
<s n="48"><w type="AT">The</w> <w type="NN">war</w> <w type="MD">could</w> <w type="HV">have</w> <w type="VBN">continued</w> <w type="AP">many</w> <w type="NNS">years</w> <w type="IN">with</w> <w type="AP">many</w> <w type="NNS">thousands</w> <w type="VBN">killed</w> <w type="IN">on</w> <w type="ABX">both</w> <w type="NNS">sides</w> <c type="pct">.</c> </s>
<s n="49"><w type="JJ">Intelligent</w> <w type="NNS">people</w> <w type="MD">will</w> <w type="VB">admit</w> <w type="CS">that</w> <w type="NNS">bombs</w> <w type="CC">and</w> <w type="NNS">rockets</w> <w type="IN">of</w> <w type="NN">destruction</w> <w type="BER">are</w> <w type="VBG">frightening</w> <w type="CS">whether</w> <w type="PPSS">they</w> <w type="VB">fall</w> <w type="IN">on</w> <w type="NP">Japan</w> <c type="pct">,</c> <w type="NP">London</w> <w type="CC">or</w> <w type="NN" subtype="TL">Pearl</w> <w type="NN" subtype="TL">Harbor</w> <c type="pct">.</c> </s>
<s n="50"><w type="DT">That</w> <w type="BEZ">is</w> <w type="WRB">why</w> <w type="AT">the</w> <w type="VBN" subtype="TL">United</w> <w type="NNS" subtype="TL">Nations</w> <w type="BEDZ">was</w> <w type="VBN">formed</w> <w type="CS">so</w> <w type="CS">that</w> <w type="JJ">intelligent</w> <w type="NNS">men</w> <w type="IN">with</w> <w type="JJ">good</w> <w type="NNS">intentions</w> <w type="IN">from</w> <w type="ABN">all</w> <w type="NNS">countries</w> <w type="MD">could</w> <w type="VB">meet</w> <w type="CC">and</w> <w type="VB">solve</w> <w type="NNS">problems</w> <w type="IN">without</w> <w type="VBG">resorting</w> <w type="IN">to</w> <w type="NN">war</w> <c type="pct">.</c> </s>
</p>
<p><s n="51"><w type="NP">Russia</w> <w type="HVZ">has</w> <w type="VBN">showed</w> <w type="PPg">its</w> <w type="NNS">intentions</w> <w type="IN">by</w> <w type="VBG">exploding</w> <w type="NNS">bombs</w> <w type="IN">in</w> <w type="NN">peace</w> <w type="NN">time</w> <w type="TO">to</w> <w type="VB">try</w> <w type="TO">to</w> <w type="VB">frighten</w> <w type="AT">the</w> <w type="NN">world</w> <c type="pct">.</c> </s>
<s n="52"><w type="WRB">Why</w> <mw pos="BER *">aren't </mw><w type="AT">the</w> <w type="NPS">Soviets</w> <w type="VBN">expelled</w> <w type="IN">from</w> <w type="AT">the</w> <w type="NP">U.N.</w> <c type="pct">?</c> <c type="pct">?</c> </s>
</p>
<p><s n="53"><w type="JJ" subtype="HL">Belated</w> <w type="NN" subtype="HL">tribute</w> </s>
<s n="54"><w type="IN" subtype="HL">to</w> <w type="AT" subtype="HL">the</w> <w type="NN" subtype="HL">editor</w> <w type="IN" subtype="HL">of</w> <w type="AT" subtype="HL">the</w> <w type="NP" subtype="HL">Inquirer</w> <c type="pct">:</c> </s>
<s n="55"><w type="CS">While</w> <c type="pct">``</c> <w type="JJR">better</w> <w type="RB">late</w> <w type="CS">than</w> <w type="RB">never</w> <c type="pct">''</c> <w type="MD">may</w> <w type="HV">have</w> <w type="JJ">certain</w> <w type="NNS">merits</w> <c type="pct">,</c> <w type="AT">the</w> <w type="JJ">posthumous</w> <w type="NN">award</w> <w type="IN">of</w> <w type="AT">the</w> <w type="NP" subtype="TL">Nobel</w> <w type="NN" subtype="TL">Prize</w> <w type="IN" subtype="TL">for</w> <w type="NN" subtype="TL">Peace</w> <w type="IN">to</w> <w type="AT">the</w> <w type="JJ">late</w> <w type="NP">Dag</w> <w type="NP">Hammarskjold</w> <w type="VBZ">strikes</w> <w type="PPO">me</w> <w type="CS">as</w> <w type="AP">less</w> <w type="IN">than</w> <w type="AT">a</w> <w type="JJ">satisfactory</w> <w type="NN">expression</w> <w type="IN">of</w> <w type="NN">appreciation</w> <c type="pct">.</c> </s>
<s n="56"><w type="HVD">Had</w> <w type="PPS">it</w> <w type="BEN">been</w> <w type="VBN">bestowed</w> <w type="CS">while</w> <w type="AT">the</w> <w type="NN" subtype="TL">Secretary</w> <w type="JJ" subtype="TL">General</w> <w type="IN" subtype="TL">of</w> <w type="AT" subtype="TL">the</w> <w type="VBN" subtype="TL">United</w> <w type="NNS" subtype="TL">Nations</w> <w type="BEDZ">was</w> <w type="VBG">living</w> <c type="pct">,</c> <w type="RB">unquestionably</w> <w type="PPS">he</w> <w type="MD">would</w> <w type="HV">have</w> <w type="BEN">been</w> <w type="RB">greatly</w> <w type="VBN">encouraged</w> <w type="IN">in</w> <w type="VBG">pursuing</w> <w type="AT">a</w> <w type="JJ">difficult</w> <w type="CC">and</w> <c type="pct">,</c> <w type="IN">in</w> <w type="AP">many</w> <w type="NNS">ways</w> <c type="pct">,</c> <w type="JJ">thankless</w> <w type="NN">task</w> <c type="pct">.</c> </s>
</p>
<p><s n="57"><w type="IN">According</w> <w type="IN">to</w> <w type="CD">one</w> <w type="NN">report</w> <c type="pct">,</c> <w type="WRB">however</w> <c type="pct">,</c> <w type="NP">Mr.</w> <w type="NP">Hammarskjold</w> <w type="BEDZ">was</w> <w type="VBN">considered</w> <c type="pct">``</c> <w type="QL">too</w> <w type="JJ">controversial</w> <c type="pct">''</c> <w type="AT">a</w> <w type="NN">figure</w> <w type="TO">to</w> <w type="VB">warrant</w> <w type="NN">bestowal</w> <w type="IN">of</w> <w type="AT">the</w> <w type="VBN">coveted</w> <w type="NN">honor</w> <w type="AP">last</w> <w type="NN">spring</w> <c type="pct">.</c> </s>
<s n="58"><w type="RB">Actually</w> <c type="pct">,</c> <w type="IN">of</w> <w type="NN">course</w> <c type="pct">,</c> <w type="DT">that</w> <w type="NN">label</w> <c type="pct">``</c> <w type="JJ">controversial</w> <c type="pct">''</c> <w type="VBD">applied</w> <w type="RB">only</w> <w type="CS">because</w> <w type="PPS">he</w> <w type="BEDZ">was</w> <w type="VBG">carrying</w> <w type="RP">out</w> <w type="AT">the</w> <w type="NN">mandate</w> <w type="VBN">given</w> <w type="PPO">him</w> <w type="IN">by</w> <w type="AT">the</w> <w type="NN">world</w> <w type="NN">organization</w> <w type="PPS">he</w> <w type="VBD">headed</w> <w type="IN">rather</w> <w type="IN">than</w> <w type="VBG">following</w> <w type="AT">the</w> <w type="NNS">dictates</w> <w type="IN">of</w> <w type="AT">the</w> <w type="NN" subtype="TL">Soviet</w> <w type="NN" subtype="TL">Union</w> <c type="pct">.</c> </s>
</p>
<p><s n="59"><w type="IN">At</w> <w type="NPg">Khrushchev's</w> <w type="NN">door</w> <c type="pct">,</c> <w type="RB">therefore</w> <c type="pct">,</c> <w type="MD">can</w> <w type="BE">be</w> <w type="VBN">placed</w> <w type="AT">the</w> <w type="JJ">primary</w> <w type="NN">blame</w> <w type="CC">but</w> <w type="RB">also</w> <w type="IN">at</w> <w type="NN">fault</w> <w type="BER">are</w> <w type="DTS">those</w> <w type="WPS">who</w> <w type="VBD">permitted</w> <w type="PPLS">themselves</w> <w type="TO">to</w> <w type="BE">be</w> <w type="VBN">intimidated</w> <c type="pct">.</c> </s>
<s n="60"><w type="PPS">It</w> <w type="BEZ">is</w> <w type="RB">well</w> <w type="CS">for</w> <w type="PPO">us</w> <w type="TO">to</w> <w type="VB">remember</w> <w type="CS">that</w> <w type="AT">a</w> <w type="NN">wreath</w> <w type="IN">on</w> <w type="AT">a</w> <w type="NN">coffin</w> <w type="RB">never</w> <w type="MD">can</w> <w type="VB">atone</w> <w type="IN">for</w> <w type="NNS">flowers</w> <w type="VBN">withheld</w> <w type="CS">while</w> <w type="PPSS">they</w> <w type="RB">still</w> <w type="MD">can</w> <w type="BE">be</w> <w type="VBN">enjoyed</w> <c type="pct">.</c> </s>
<s n="61"><w type="CS">As</w> <w type="HVZ">has</w> <w type="VBN">happened</w> <w type="QL">so</w> <w type="RB">often</w> <w type="IN">in</w> <w type="AT">the</w> <w type="AP">past</w> <c type="pct">,</c> <w type="AT">the</w> <w type="NN">ability</w> <w type="TO">to</w> <w type="VB">recognize</w> <w type="JJ">true</w> <w type="NN">greatness</w> <w type="HVZ">has</w> <w type="BEN">been</w> <w type="JJ">inadequate</w> <w type="CC">and</w> <w type="JJ">tardy</w> <c type="pct">.</c> </s>
</p>
<p><s n="62"><c type="pct">'</c> <w type="NNS" subtype="HL">people</w> <w type="IN" subtype="HL">to</w> <w type="NNS" subtype="HL">people</w> <c type="pct">'</c> </s>
<s n="63"><w type="IN" subtype="HL">to</w> <w type="AT" subtype="HL">the</w> <w type="NN" subtype="HL">editor</w> <w type="IN" subtype="HL">of</w> <w type="AT" subtype="HL">the</w> <w type="NP" subtype="HL">Inquirer</w> <c type="pct">:</c> </s>
<s n="64"><w type="RB">Just</w> <w type="AT">a</w> <w type="JJ">brief</w> <w type="NN">note</w> <w type="IN">of</w> <w type="NN">appreciation</w> <w type="IN">to</w> <w type="JJ" subtype="TL">Vice</w> <w type="NN" subtype="TL">President</w> <w type="NP">Johnson</w> <w type="CC">and</w> <w type="JJ">Pakistani</w> <w type="NN">camel</w> <w type="NN">driver</w> <w type="NP">Bashir</w> <w type="NP">Ahmad</w> <w type="IN">for</w> <w type="VBG">providing</w> <w type="AT">a</w> <w type="JJ">first-class</w> <w type="NN">example</w> <w type="IN">of</w> <c type="pct">``</c> <w type="NNS">people</w> <w type="IN">to</w> <w type="NNS">people</w> <c type="pct">''</c> <w type="JJ">good</w> <w type="NN">will</w> <c type="pct">.</c> </s>
<s n="65"><w type="CS">If</w> <w type="RB">only</w> <w type="DT">this</w> <w type="MD">could</w> <w type="BE">be</w> <w type="VBN">done</w> <w type="QL">more</w> <w type="RB">often</w> <c type="pct">--</c> <w type="IN">with</w> <w type="JJ">such</w> <w type="JJ">heartening</w> <w type="NNS">results</w> <c type="pct">--</c> <w type="AP">many</w> <w type="IN">of</w> <w type="AT">the</w> <w type="NNg">earth's</w> <c type="pct">``</c> <w type="JJ">big</w> <w type="NNS">problems</w> <c type="pct">''</c> <w type="MD">would</w> <w type="VB">shrink</w> <w type="IN">to</w> <w type="AT">the</w> <w type="NNS">insignificances</w> <w type="PPSS">they</w> <w type="RB">really</w> <w type="BER">are</w> <c type="pct">.</c> </s>
</p>
<p><s n="66"><w type="RB">P.S.</w> <c type="pct">.</c> </s>
<s n="67"><w type="NNS">Thanks</w> <w type="IN">for</w> <w type="PPg">your</w> <w type="JJ">good</w> <w type="NN">coverage</w> <w type="IN">of</w> <w type="NPg">Ahmad's</w> <w type="NN">visit</w> <c type="pct">,</c> <w type="RB">too</w> <c type="pct">!</c> <c type="pct">!</c> </s>
</p>
<p><s n="68"><w type="NN" subtype="HL">Expressway</w> <w type="NN" subtype="HL">answer</w> <c type="pct">:</c> <w type="JJ" subtype="TL">East</w> <w type="NN" subtype="TL">River</w> <w type="NN" subtype="TL">Drive</w> </s>
<s n="69"><w type="IN" subtype="HL">to</w> <w type="AT" subtype="HL">the</w> <w type="NN" subtype="HL">editor</w> <w type="IN" subtype="HL">of</w> <w type="AT" subtype="HL">the</w> <w type="NP" subtype="HL">Inquirer</w> <c type="pct">:</c> </s>
<s n="70"><w type="PPg">Your</w> <w type="VBG">continuing</w> <w type="NNS">editorials</w> <w type="IN">concerning</w> <w type="AT">the</w> <w type="NP" subtype="TL">Schuylkill</w> <w type="NN" subtype="TL">Expressway</w> <w type="BER">are</w> <w type="JJ">valuable</w> <c type="pct">;</c> <c type="pct">;</c> </s>
<s n="71"><w type="WRB">however</w> <c type="pct">,</c> <w type="AP">several</w> <w type="JJ">pertinent</w> <w type="NNS">considerations</w> <w type="VB">deserve</w> <w type="NN">recognition</w> <c type="pct">.</c> </s>
</p>
<p><s n="72"><w type="CD">One</w> <w type="IN">of</w> <w type="AT">the</w> <w type="NNS">problems</w> <w type="VBN">associated</w> <w type="IN">with</w> <w type="AT">the</w> <w type="NN">expressway</w> <w type="VBZ">stems</w> <w type="IN">from</w> <w type="AT">the</w> <w type="JJ">basic</w> <w type="NN">idea</w> <c type="pct">.</c> </s>
<s n="73"><w type="PPSS">We</w> <w type="VB">shuffle</w> <w type="AT">a</w> <w type="JJ">large</w> <w type="NN">percentage</w> <w type="IN">of</w> <w type="AT">the</w> <w type="NNS">cars</w> <w type="IN">across</w> <w type="AT">the</w> <w type="NN">river</w> <w type="RB">twice</w> <c type="pct">.</c> </s>
<s n="74"><w type="PPSS">They</w> <w type="VB">start</w> <w type="IN">on</w> <w type="AT">the</w> <w type="JJ" subtype="TL">East</w> <w type="NN">side</w> <w type="IN">of</w> <w type="AT">the</w> <w type="NP">Schuylkill</w> <c type="pct">,</c> <w type="HV">have</w> <w type="TO">to</w> <w type="VB">cross</w> <w type="RP">over</w> <w type="IN">to</w> <w type="AT">the</w> <w type="NR" subtype="TL">West</w> <w type="TO">to</w> <w type="VB">use</w> <w type="AT">the</w> <w type="NN">expressway</w> <w type="CC">and</w> <w type="VB">cross</w> <w type="RP">over</w> <w type="RB">again</w> <w type="IN">to</w> <w type="AT">the</w> <w type="NR" subtype="TL">East</w> <w type="IN">at</w> <w type="PPg">their</w> <w type="NN">destination</w> <c type="pct">.</c> </s>
<s n="75"><w type="NNS">Bridges</w> <c type="pct">,</c> <w type="NNS">tunnels</w> <w type="CC">and</w> <w type="NNS">ferries</w> <w type="BER">are</w> <w type="AT">the</w> <w type="QL">most</w> <w type="JJ">common</w> <w type="NNS">methods</w> <w type="IN">of</w> <w type="NN">river</w> <w type="NNS">crossings</w> <c type="pct">.</c> </s>
<s n="76"><w type="DT">Each</w> <w type="CD">one</w> <w type="IN">of</w> <w type="DTS">these</w> <w type="BEZ">is</w> <c type="pct">,</c> <w type="IN">by</w> <w type="PPg">its</w> <w type="NN">nature</w> <c type="pct">,</c> <w type="AT">a</w> <w type="JJ">focal</w> <w type="NN">point</w> <w type="CC">or</w> <w type="AT">a</w> <w type="NN">point</w> <w type="IN">of</w> <w type="JJ">natural</w> <w type="NN">congestion</w> <c type="pct">.</c> </s>
<s n="77"><w type="PPSS">We</w> <w type="MD">should</w> <w type="VB">avoid</w> <w type="DTS">these</w> <w type="NN">congestion</w> <w type="NNS">points</w> <w type="CC">or</w> <c type="pct">,</c> <w type="VBG">putting</w> <w type="PPO">it</w> <w type="DT">another</w> <w type="NN">way</w> <c type="pct">,</c> <w type="VB">keep</w> <w type="NNS">cars</w> <w type="VBG">starting</w> <w type="CC">and</w> <w type="VBG">ending</w> <w type="IN">on</w> <w type="AT">the</w> <w type="JJ" subtype="TL">East</w> <w type="NN">side</w> <w type="IN">of</w> <w type="AT">the</w> <w type="NN">river</w> <c type="pct">--</c> <w type="IN">on</w> <w type="AT">the</w> <w type="JJ" subtype="TL">East</w> <w type="NN">side</w> <c type="pct">.</c> </s>
</p>
<p><s n="78"><w type="DT">This</w> <w type="MD">can</w> <w type="BE">be</w> <w type="VBN">accomplished</w> <w type="IN">by</w> <w type="AP">several</w> <w type="JJ">logical</w> <w type="NNS">steps</w> <c type="pct">:</c> <c type="pct">(</c> <w type="CD">1</w> <c type="pct">)</c> </s>
<s n="79"><w type="VB">Widen</w> <w type="AT">the</w> <w type="JJ" subtype="TL">East</w> <w type="NN" subtype="TL">River</w> <w type="NN" subtype="TL">Drive</w> <w type="IN">at</w> <w type="AP">least</w> <w type="CD">one</w> <w type="NN">lane</w> <c type="pct">.</c> </s>
<s n="80"><c type="pct">(</c> <w type="CD">2</w> <c type="pct">)</c> </s>
<s n="81"><w type="RB">So</w> <w type="VB">widen</w> <w type="PPO">it</w> <w type="CS">as</w> <w type="TO">to</w> <w type="VB">minimize</w> <w type="AT">the</w> <w type="JJ">present</w> <w type="NNS">curves</w> <w type="CC">and</w> <w type="VB">eliminate</w> <w type="NN">drainage</w> <w type="NNS">problems</w> <c type="pct">.</c> </s>
<s n="82"><c type="pct">(</c> <w type="CD">3</w> <c type="pct">)</c> </s>
<s n="83"><w type="VB">Paint</w> <w type="JJ">continuous</w> <w type="NN">lane</w> <w type="NNS">stripes</w> <w type="CC">and</w> <w type="VB">install</w> <w type="JJ">overhead</w> <w type="JJ">directional</w> <w type="NNS">lights</w> <w type="CS">as</w> <w type="IN">on</w> <w type="PPg">our</w> <w type="NNS">bridges</w> <c type="pct">.</c> </s>
<s n="84"><w type="CD">One</w> <w type="JJ">additional</w> <w type="NN">lane</w> <w type="MD">would</w> <w type="RB">then</w> <w type="BE">be</w> <w type="JJ">directional</w> <w type="IN">with</w> <w type="AT">the</w> <w type="NN">traffic</w> <w type="NN">burden</w> <w type="CC">and</w> <w type="RB">effectively</w> <w type="VB">increase</w> <w type="AT">the</w> <w type="NN">traffic</w> <w type="VBG">carrying</w> <w type="NN">capability</w> <w type="IN">of</w> <w type="AT">the</w> <w type="JJ" subtype="TL">East</w> <w type="NN" subtype="TL">River</w> <w type="NN" subtype="TL">Drive</w> <w type="IN">by</w> <w type="CD">fifty</w> <w type="NN">percent</w> <c type="pct">.</c> </s>
<s n="85"><c type="pct">(</c> <w type="CD">4</w> <c type="pct">)</c> </s>
<s n="86"><w type="DT">This</w> <w type="MD">could</w> <w type="BE">be</w> <w type="VBN">accomplished</w> <w type="IN">without</w> <w type="AT">the</w> <w type="JJ">tremendous</w> <w type="NNS">expenditures</w> <w type="VBN">necessitated</w> <w type="IN">by</w> <w type="AT">the</w> <w type="NP" subtype="TL">Schuylkill</w> <w type="NN" subtype="TL">Expressway</w> <w type="CC">and</w> <w type="IN">without</w> <w type="VBG">destroying</w> <w type="AT">the</w> <w type="JJ">natural</w> <w type="NN">beauty</w> <w type="IN">of</w> <w type="AT">the</w> <w type="JJ" subtype="TL">East</w> <w type="NN" subtype="TL">River</w> <w type="NN" subtype="TL">Drive</w> <c type="pct">.</c> </s>
</p>
<p><s n="87"><w type="NN" subtype="HL">Shadow</w> <w type="IN" subtype="HL">over</w> <w type="NP" subtype="TL">Washington</w> <w type="NN" subtype="TL">Square</w> </s>
<s n="88"><w type="IN" subtype="HL">to</w> <w type="AT" subtype="HL">the</w> <w type="NN" subtype="HL">editor</w> <w type="IN" subtype="HL">of</w> <w type="AT" subtype="HL">the</w> <w type="NP" subtype="HL">Inquirer</w> <c type="pct">:</c> </s>
<s n="89"><w type="PPSS">I</w> <w type="VB">wish</w> <w type="TO">to</w> <w type="VB">advocate</w> <w type="CD">two</w> <w type="JJ">drastic</w> <w type="NNS">changes</w> <w type="IN">in</w> <w type="NP" subtype="TL">Washington</w> <w type="NN" subtype="TL">Square</w> <c type="pct">:</c> <w type="CD">1</w> <c type="pct">.</c> </s>
</p>
<p><s n="90"><w type="VB">Take</w> <w type="RB">away</w> <w type="NP">George</w> <w type="NPg">Washington's</w> <w type="NN">statue</w> <c type="pct">.</c> </s>
<s n="91"><w type="CD">2</w> <c type="pct">.</c> </s>
</p>
<p><s n="92"><w type="VB">Replace</w> <w type="PPO">it</w> <w type="IN">with</w> <w type="AT">the</w> <w type="NN">statue</w> <w type="IN">of</w> <w type="CD">one</w> <w type="CC">or</w> <w type="DT">another</w> <w type="IN">of</w> <w type="AT">the</w> <w type="NNg">world's</w> <w type="JJ">famous</w> <w type="NNS">dictators</w> <c type="pct">.</c> </s>
</p>
<p><s n="93"><mw pos="EX BEZ">There's </mw><w type="AT">no</w> <w type="NN">sense</w> <w type="IN">in</w> <w type="BEG">being</w> <w type="VBN">reminded</w> <w type="IN">of</w> <w type="NNS">times</w> <w type="WPS">that</w> <w type="BED">were</w> <c type="pct">.</c> </s>
<s n="94"><w type="NP" subtype="TL">Washington</w> <w type="NN" subtype="TL">Square</w> <w type="VBZ">seems</w> <w type="NEG">not</w> <w type="NN">part</w> <w type="IN">of</w> <w type="AT">a</w> <w type="JJ">free</w> <w type="NN">land</w> <c type="pct">.</c> </s>
<s n="95"><w type="PPS">It</w> <w type="MD">may</w> <w type="VB">remind</w> <w type="PN">one</w> <w type="IN">of</w> <w type="NP">Russia</w> <c type="pct">,</c> <w type="NP">China</w> <w type="CC">or</w> <w type="JJ" subtype="TL">East</w> <w type="NP" subtype="TL">Berlin</w> <c type="pct">;</c> <c type="pct">;</c> </s>
<s n="96"><w type="CC">but</w> <w type="PPS">it</w> <mw pos="MD *">can't </mw><w type="VB">remind</w> <w type="PN">one</w> <w type="IN">of</w> <w type="AT">the</w> <w type="NN">freedom</w> <w type="WPO">that</w> <w type="NP">Washington</w> <w type="CC">and</w> <w type="AT">the</w> <w type="JJ" subtype="TL">Continental</w> <w type="NNS">soldiers</w> <w type="VBD">fought</w> <w type="IN">for</w> <c type="pct">.</c> </s>
</p>
<p><s n="97"><w type="AT">The</w> <w type="NP">Fairmount</w> <w type="NN" subtype="TL">Park</w> <w type="NN" subtype="TL">Commission</w> <w type="MD">will</w> <w type="AT">no</w> <w type="NN">doubt</w> <w type="VB">approve</w> <w type="PPg">my</w> <w type="CD">two</w> <w type="NNS">proposals</w> <c type="pct">,</c> <w type="CS">because</w> <w type="PPS">it</w> <w type="BEZ">is</w> <w type="JJ">responsible</w> <w type="IN">for</w> <w type="AT">the</w> <w type="NN">change</w> <w type="IN">of</w> <w type="JJ">ideological</w> <w type="NN">atmosphere</w> <w type="IN">in</w> <w type="AT">the</w> <w type="NN" subtype="TL">Square</w> <c type="pct">.</c> </s>
<s n="98"><w type="AT">The</w> <w type="NN">matter</w> <w type="MD">may</w> <w type="VB">seem</w> <w type="AT">a</w> <w type="JJ">small</w> <w type="NN">thing</w> <w type="IN">to</w> <w type="DTI">some</w> <w type="NNS">people</w> <c type="pct">,</c> <w type="PPSS">I</w> <w type="VB">know</w> <c type="pct">,</c> <w type="CC">but</w> <mw pos="PPS BEZ">it's </mw><w type="AT">a</w> <w type="QL">very</w> <w type="JJ">good</w> <w type="NN">start</w> <w type="IN">on</w> <w type="AT">the</w> <w type="NN">road</w> <w type="IN">to</w> <w type="NN" subtype="TL">Totalitarianism</w> <w type="AT">The</w> <w type="NN" subtype="TL">Commission</w> <w type="HVZ">has</w> <w type="VBN">posted</w> <w type="NNS">signs</w> <w type="IN">in</w> <w type="NP" subtype="TL">Washington</w> <w type="NN" subtype="TL">Square</w> <w type="VBG">saying</w> <c type="pct">:</c> </s>
</p>
<p><s n="99"><w type="AT">The</w> <w type="NN">Feeding</w> <w type="IN">of</w> <w type="NNS">Birds</w> <w type="BEZ">is</w> <w type="VBN">Prohibited</w> <w type="IN">in</w> <w type="DT">This</w> <w type="NN">square</w> <c type="pct">.</c> </s>
</p>
<p><s n="100"><w type="NP">Fairmount</w> <w type="NN" subtype="TL">Park</w> <w type="NN" subtype="TL">Commission</w> </s>
</p>
<p><s n="101"><w type="DOZ">Does</w> <w type="DT">each</w> <w type="NN">tentacle</w> <w type="IN">of</w> <w type="AT">the</w> <w type="NN">octopus</w> <w type="IN">of</w> <w type="NN" subtype="TL">City</w> <w type="NN" subtype="TL">Government</w> <w type="VB">reach</w> <w type="RP">out</w> <w type="CC">and</w> <w type="VB">lash</w> <w type="IN">at</w> <w type="WDT">whatever</w> <w type="PPS">it</w> <w type="VBZ">dislikes</w> <w type="CC">or</w> <w type="VBZ">considers</w> <w type="AT">an</w> <w type="NN">annoyance</w> <c type="pct">?</c> <c type="pct">?</c> </s>
<s n="102"><w type="CS">If</w> <w type="NNS">birds</w> <mw pos="DO *">don't </mw><w type="VB">belong</w> <w type="IN">in</w> <w type="AT">a</w> <w type="NN">Square</w> <w type="CC">or</w> <w type="NN">Park</w> <c type="pct">,</c> <w type="WDT">what</w> <w type="DOZ">does</w> <c type="pct">?</c> <c type="pct">?</c> </s>
<s n="103"><w type="PPSS">They</w> <w type="BER">are</w> <w type="AT">the</w> <w type="QL">most</w> <w type="JJ">beautiful</w> <w type="NN">part</w> <w type="IN">of</w> <w type="DT">that</w> <w type="JJ">little</w> <w type="NN">piece</w> <w type="IN">of</w> <w type="NN">nature</w> <c type="pct">.</c> </s>
<s n="104"><w type="AT">The</w> <w type="NNS">trees</w> <w type="BER">are</w> <w type="PPg">their</w> <w type="NNS">homes</w> <c type="pct">;</c> <c type="pct">;</c> </s>
<s n="105"><w type="CC">but</w> <w type="AT">the</w> <w type="NN" subtype="TL">Commission</w> <w type="DOZ">does</w> <w type="NEG">not</w> <w type="VB">share</w> <w type="JJ">such</w> <w type="NNS">sentiments</w> <c type="pct">.</c> </s>
</p>
<p><s n="106"><w type="AT">The</w> <w type="JJ">whole</w> <w type="JJ">official</w> <w type="NN" subtype="TL">City</w> <w type="RB">apparently</w> <w type="HVZ">has</w> <w type="AT">an</w> <w type="JJ">intense</w> <w type="NN">hatred</w> <w type="IN">toward</w> <w type="NNS">birds</w> <c type="pct">.</c> </s>
<s n="107"><w type="NNS">Starlings</w> <w type="CC">and</w> <w type="NNS">blackbirds</w> <w type="BER">are</w> <w type="VBN">scared</w> <w type="RP">off</w> <w type="IN">by</w> <w type="NN">canon</w> <c type="pct">,</c> <w type="IN">from</w> <w type="NN" subtype="TL">City</w> <w type="NN" subtype="TL">Hall</w> <c type="pct">.</c> </s>
<s n="108"><w type="RB">Just</w> <w type="AT">a</w> <w type="JJ">preliminary</w> <w type="NN">measure</w> <c type="pct">.</c> </s>
<s n="109"><w type="CS">If</w> <w type="DTI">any</w> <w type="BER">are</w> <w type="VBN">left</w> <c type="pct">,</c> <w type="RB">presently</w> <c type="pct">,</c> <w type="PPSS">we</w> <w type="MD">may</w> <w type="VB">expect</w> <w type="TO">to</w> <w type="VB">see</w> <w type="NNS">signs</w> <w type="RB">specifically</w> <w type="VBG">prohibiting</w> <w type="AT">the</w> <w type="NN">feeding</w> <w type="IN">of</w> <w type="PPO">them</w> <w type="RB">too</w> <c type="pct">.</c> </s>
</p>
<p><s n="110"><w type="AT">The</w> <w type="NN" subtype="TL">City</w> <w type="NN" subtype="TL">Government</w> <w type="BEZ">is</w> <w type="NEG">not</w> <w type="VBN">united</w> <w type="IN">in</w> <w type="AT">an</w> <w type="JJ">all-out</w> <c type="pct">,</c> <w type="JJ">to-the-death</w> <w type="NN">drive</w> <w type="TO">to</w> <w type="VB">stamp</w> <w type="RP">out</w> <w type="NNS">gangs</w> <c type="pct">,</c> <w type="NNS">delinquents</w> <c type="pct">,</c> <w type="NNS">thugs</w> <c type="pct">,</c> <w type="NNS">murderers</w> <c type="pct">,</c> <w type="NNS">rapists</w> <c type="pct">,</c> <w type="NNS">subversives</w> <c type="pct">.</c> </s>
<s n="111"><w type="RB">Indeed</w> <w type="RB">no</w> <c type="pct">.</c> </s>
<s n="112"><w type="VB">Let</w> <w type="AT">every</w> <w type="NN">policeman</w> <w type="CC">and</w> <w type="NN">park</w> <w type="NN">guard</w> <w type="VB">keep</w> <w type="PPg">his</w> <w type="NN">eye</w> <w type="IN">on</w> <w type="NP">John</w> <w type="CC">and</w> <w type="NP">Jane</w> <w type="NP">Doe</w> <c type="pct">,</c> <w type="CS">lest</w> <w type="CD">one</w> <w type="NN">piece</w> <w type="IN">of</w> <w type="NN">bread</w> <w type="BE">be</w> <w type="VBN">placed</w> <w type="JJ">undetected</w> <w type="CC">and</w> <w type="CD">one</w> <w type="NN">bird</w> <w type="VB">survive</w> <c type="pct">.</c> </s>
</p>
<p><s n="113"><w type="IN">Of</w> <w type="NN">course</w> <c type="pct">,</c> <w type="IN">in</w> <w type="DT">this</w> <w type="JJ">small</w> <w type="NN">way</w> <w type="IN">of</w> <w type="VBG">forcing</w> <w type="AT">the</w> <w type="NNS">people</w> <w type="TO">to</w> <w type="VB">watch</w> <w type="CS">as</w> <w type="JJ">tiny</w> <w type="CC">and</w> <w type="JJ">innocent</w> <w type="CC">and</w> <w type="JJ">dependent</w> <w type="NNS">creatures</w> <w type="VB">die</w> <w type="CS">because</w> <mw pos="PPSS BER">we're </mw><w type="JJ">afraid</w> <w type="TO">to</w> <w type="VB">feed</w> <w type="PPO">them</w> <w type="CC">and</w> <w type="JJ">afraid</w> <w type="TO">to</w> <w type="VB">protest</w> <w type="CC">and</w> <w type="VB">say</w> <c type="pct">,</c> <c type="pct">``</c> <w type="WRB">How</w> <w type="VB">come</w> <c type="pct">?</c> <c type="pct">?</c> </s>
<s n="114"><mw pos="WDT BEZ">What's </mw><w type="PPg">your</w> <w type="NN">motive</w> <c type="pct">?</c> <c type="pct">?</c> </s>
<s n="115"><w type="WPS">Who</w> <w type="VBZ">wants</w> <w type="DT">this</w> <w type="NN">deed</w> <w type="VBN">done</w> <c type="pct">''</c> <c type="pct">?</c> <c type="pct">?</c> </s>
<s n="116"><c type="pct">--</c> <w type="IN">in</w> <w type="DT">this</w> <w type="JJ">small</w> <w type="NN">way</w> <w type="DO">do</w> <w type="AT">the</w> <w type="NNS">leaders</w> <w type="IN">of</w> <w type="AT">a</w> <w type="NN">city</w> <c type="pct">,</c> <w type="CC">or</w> <w type="IN">of</w> <w type="AT">a</w> <w type="NN">nation</w> <c type="pct">,</c> <w type="VB">inure</w> <w type="AT">the</w> <w type="NNS">masses</w> <w type="IN">to</w> <w type="VBG">watching</w> <c type="pct">,</c> <w type="CC">or</w> <w type="RB">even</w> <w type="VBG">inflicting</w> <c type="pct">,</c> <w type="NN">torture</w> <w type="CC">and</w> <w type="NN">death</w> <c type="pct">,</c> <w type="IN">upon</w> <w type="RB">even</w> <w type="PPg">their</w> <w type="NN">fellow</w> <w type="NNS">men</w> <c type="pct">.</c> </s>
</p>
<p><s n="117"><w type="CD">One</w> <w type="NN">means</w> <w type="TO">to</w> <w type="VB">help</w> <w type="AT">the</w> <w type="NNS">birds</w> <w type="VBZ">occurs</w> <w type="IN">to</w> <w type="PPO">me</w> <c type="pct">:</c> <w type="VB">Let</w> <w type="AT">the</w> <w type="NNS">chimes</w> <w type="WPS">that</w> <w type="VB">ring</w> <w type="IN">over</w> <w type="NP" subtype="TL">Washington</w> <w type="NN" subtype="TL">Square</w> <w type="RB">twice</w> <w type="RB">daily</w> <c type="pct">,</c> <w type="VB">discontinue</w> <w type="DTI">any</w> <w type="NN">piece</w> <w type="IN">of</w> <w type="NN">music</w> <w type="IN">but</w> <w type="CD">one</w> <c type="pct">.</c> </s>
<s n="118"><w type="VB">Let</w> <w type="PPO">them</w> <w type="VB">offer</w> <w type="IN">on</w> <w type="NN">behalf</w> <w type="IN">of</w> <w type="DTS">those</w> <w type="NNS">creatures</w> <w type="WPg">whose</w> <w type="NN">melody</w> <w type="HVZ">has</w> <w type="BEN">been</w> <w type="AT">the</w> <w type="NN">joy</w> <w type="IN">of</w> <w type="NN">mankind</w> <w type="CS">since</w> <w type="NN">time</w> <w type="VBD">began</w> <c type="pct">,</c> <w type="AT">the</w> <w type="NN">hymn</w> <c type="pct">``</c> <w type="VB" subtype="TL">Abide</w> <w type="IN" subtype="TL">With</w> <w type="PPO" subtype="TL">Me</w> <c type="pct">''</c> <c type="pct">.</c> </s>
<s n="119"><w type="PPSS">We</w> <w type="MD">will</w> <w type="VB">know</w> <c type="pct">,</c> <w type="CC">and</w> <w type="PPS">He</w> <w type="MD">will</w> <w type="VB">know</w> <c type="pct">,</c> <w type="IN">to</w> <w type="WPO">whom</w> <w type="PPS">it</w> <w type="BEZ">is</w> <w type="VBN">rendered</w> <c type="pct">,</c> <w type="WDT">what</w> <w type="AT">the</w> <w type="NNS">birds</w> <w type="MD">would</w> <w type="VB">ask</w> <c type="pct">:</c> </s>
</p>
<p><s n="120"><w type="NEG" subtype="HL">not</w> <w type="NNS" subtype="HL">push-ups</w> <w type="CC" subtype="HL">but</w> <w type="NNS" subtype="HL">stand-ups</w> </s>
<s n="121"><w type="IN" subtype="HL">to</w> <w type="AT" subtype="HL">the</w> <w type="NN" subtype="HL">editor</w> <w type="IN" subtype="HL">of</w> <w type="AT" subtype="HL">the</w> <w type="NP" subtype="HL">Inquirer</w> <c type="pct">:</c> </s>
<s n="122"><w type="EX">There</w> <w type="BEZ">is</w> <w type="AT">a</w> <w type="NN">trend</w> <w type="NR">today</w> <w type="TO">to</w> <w type="VB">bemoan</w> <w type="AT">the</w> <w type="NN">fact</w> <w type="CS">that</w> <w type="NPS">Americans</w> <w type="BER">are</w> <w type="QL">too</w> <c type="pct">``</c> <w type="JJ">soft</w> <c type="pct">''</c> <c type="pct">.</c> </s>
<s n="123"><w type="RB">Unfortunately</w> <c type="pct">,</c> <w type="DTS">those</w> <w type="WPS">who</w> <w type="MD">would</w> <w type="VB">remedy</w> <w type="PPg">our</w> <c type="pct">``</c> <w type="NN">softness</w> <c type="pct">''</c> <w type="VB">seek</w> <w type="TO">to</w> <w type="DO">do</w> <w type="RB">so</w> <w type="IN">with</w> <w type="NNS">calisthenics</w> <c type="pct">.</c> </s>
<s n="124"><w type="PPSS">They</w> <w type="BER">are</w> <w type="VBG">working</w> <w type="IN">on</w> <w type="AT">the</w> <w type="JJ">wrong</w> <w type="NN">part</w> <w type="IN">of</w> <w type="PPg">our</w> <w type="NN">anatomy</w> <c type="pct">.</c> </s>
<s n="125"><w type="PPS">It</w> <w type="BEZ">is</w> <w type="NEG">not</w> <w type="PPg">our</w> <w type="NNS">bodies</w> <w type="CC">but</w> <w type="PPg">our</w> <w type="NNS">hearts</w> <w type="CC">and</w> <w type="NNS">heads</w> <w type="WPS">that</w> <w type="HV">have</w> <w type="VBN">grown</w> <w type="QL">too</w> <w type="JJ">soft</w> <c type="pct">.</c> </s>
<s n="126"><w type="JJ">Ashamed</w> <w type="IN">of</w> <w type="PPg">our</w> <w type="NN">wealth</w> <w type="CC">and</w> <w type="NN">power</w> <c type="pct">,</c> <w type="JJ">afraid</w> <w type="IN">of</w> <w type="JJ">so-called</w> <w type="NN">world</w> <w type="NN">opinion</w> <w type="CC">and</w> <w type="VBN">addicted</w> <w type="IN">to</w> <w type="NN">peace</w> <c type="pct">,</c> <w type="PPSS">we</w> <w type="HV">have</w> <w type="VBN">allowed</w> <w type="PPg">our</w> <w type="NN">soft-heartedness</w> <w type="TO">to</w> <w type="VB">lead</w> <w type="IN">to</w> <w type="JJ">soft-headed</w> <w type="NNS">policies</w> <c type="pct">.</c> </s>
</p>
<p><s n="127"><w type="WRB">When</w> <w type="PPSS">we</w> <w type="VB">become</w> <w type="JJ">firm</w> <w type="QLP">enough</w> <w type="TO">to</w> <w type="VB">stand</w> <w type="IN">for</w> <w type="DTS">those</w> <w type="NNS">ideals</w> <w type="WDT">which</w> <w type="PPSS">we</w> <w type="VB">know</w> <w type="TO">to</w> <w type="BE">be</w> <w type="JJ">right</w> <c type="pct">,</c> <w type="WRB">when</w> <w type="PPSS">we</w> <w type="VB">become</w> <w type="JJ">hard</w> <w type="QLP">enough</w> <w type="TO">to</w> <w type="VB">refuse</w> <w type="TO">to</w> <w type="VB">aid</w> <w type="NNS">nations</w> <w type="WDT">which</w> <w type="DO">do</w> <w type="NEG">not</w> <w type="VB">permit</w> <w type="NN">self-determination</w> <c type="pct">,</c> <w type="WRB">when</w> <w type="PPSS">we</w> <w type="VB">become</w> <w type="JJ">strong</w> <w type="QLP">enough</w> <w type="TO">to</w> <w type="VB">resist</w> <w type="DTI">any</w> <w type="AP">more</w> <w type="NNS">drifts</w> <w type="IN">towards</w> <w type="NN">socialism</w> <w type="IN">in</w> <w type="PPg">our</w> <w type="JJ">own</w> <w type="NN" subtype="TL">Nation</w> <c type="pct">,</c> <w type="WRB">when</w> <w type="PPSS">we</w> <w type="VB">recognize</w> <w type="CS">that</w> <w type="PPg">our</w> <w type="NN">enemy</w> <w type="BEZ">is</w> <w type="NN" subtype="TL">Communism</w> <w type="NEG">not</w> <w type="NN">war</w> <c type="pct">,</c> <w type="CC">and</w> <w type="WRB">when</w> <w type="PPSS">we</w> <w type="VB">realize</w> <w type="CS">that</w> <w type="NNS">concessions</w> <w type="IN">to</w> <w type="NNS" subtype="TL">Communists</w> <w type="DO">do</w> <w type="NEG">not</w> <w type="VB">insure</w> <w type="NN">peace</w> <w type="CC">or</w> <w type="NN">freedom</w> <c type="pct">,</c> <w type="RB">then</w> <c type="pct">,</c> <w type="CC">and</w> <w type="RB">only</w> <w type="RB">then</w> <w type="MD">will</w> <w type="PPSS">we</w> <w type="QL">no</w> <w type="RBR">longer</w> <w type="BE">be</w> <c type="pct">``</c> <w type="JJ">soft</w> <c type="pct">''</c> <c type="pct">.</c> </s>
<s n="128"><w type="NP">America</w> <mw pos="DOZ *">doesn't </mw><w type="VB">need</w> <w type="TO">to</w> <c type="pct">``</c> <w type="VB">push-up</w> <c type="pct">''</c> <c type="pct">,</c> <w type="PPS">she</w> <w type="VBZ">needs</w> <w type="TO">to</w> <w type="VB">stand</w> <w type="RP">up</w> <c type="pct">!</c> <c type="pct">!</c> </s>
</p>
<p><s n="129"><w type="VBZ" subtype="HL">Disputes</w> <w type="NP" subtype="HL">Stans</w> <w type="NN" subtype="HL">column</w> <w type="NN" subtype="HL">business</w> <w type="NN" subtype="HL">scandal</w> <w type="NNS" subtype="HL">views</w> </s>
<s n="130"><w type="IN" subtype="HL">to</w> <w type="AT" subtype="HL">the</w> <w type="NN" subtype="HL">editor</w> <c type="pct">:</c> </s>
<s n="131"><w type="AT">The</w> <w type="JJ">new</w> <w type="NN">column</w> <w type="IN">by</w> <w type="NP">Maurice</w> <w type="NP">Stans</w> <w type="IN">regarding</w> <w type="NN">business</w> <w type="NNS">scandals</w> <c type="pct">,</c> <w type="BEZ">is</w> <w type="JJ">fair</w> <w type="CC">and</w> <w type="JJ">accurate</w> <w type="IN">in</w> <w type="AP">most</w> <w type="NNS">respects</w> <w type="CC">and</w> <w type="PPg">his</w> <w type="NN">solution</w> <w type="IN">to</w> <w type="AT">the</w> <w type="NN">problem</w> <w type="HVZ">has</w> <w type="DTI">some</w> <w type="NN">merit</w> <c type="pct">.</c> </s>
<s n="132"><w type="WRB">However</w> <c type="pct">,</c> <w type="PPS">he</w> <w type="VBZ">states</w> <w type="RB">unequivocally</w> <c type="pct">``</c> <w type="AT">the</w> <w type="NNS">scandals</w> <w type="IN">in</w> <w type="NN">business</w> <w type="BER">are</w> <w type="QL">far</w> <w type="QL">less</w> <w type="JJ">significant</w> <w type="CS">than</w> <w type="AT">the</w> <w type="NNS">scandals</w> <w type="IN">in</w> <w type="NN">labor</w> <c type="pct">''</c> <c type="pct">.</c> </s>
<s n="133"><w type="PPSS">I</w> <w type="MD">must</w> <c type="pct">,</c> <w type="IN">in</w> <w type="NN">fairness</w> <c type="pct">,</c> <w type="VB">take</w> <w type="NN">issue</w> <w type="IN">with</w> <w type="PPg">his</w> <w type="NN">premise</w> <c type="pct">,</c> <w type="RB">primarily</w> <w type="CS">because</w> <w type="AT">the</w> <w type="JJ">so-called</w> <w type="NNS">scandals</w> <w type="IN">in</w> <w type="NN">labor</w> <w type="NNS">unions</w> <w type="BED">were</w> <w type="QL">very</w> <w type="QL">much</w> <w type="VBN">connected</w> <w type="IN">with</w> <w type="NN">business</w> <w type="NNS">scandals</w> <c type="pct">.</c> </s>
</p>
<p><s n="134"><w type="AT">The</w> <w type="NN">area</w> <w type="QL">most</w> <w type="RB">prominently</w> <w type="VBN">commented</w> <w type="IN">on</w> <w type="IN">during</w> <w type="AT">the</w> <w type="NP">McClellan</w> <w type="NNS">hearings</w> <w type="HVD">had</w> <w type="TO">to</w> <w type="DO">do</w> <w type="IN">with</w> <c type="pct">``</c> <w type="NN">sweetheart</w> <w type="NNS">contracts</w> <c type="pct">''</c> <c type="pct">.</c> </s>
<s n="135"><w type="DTS">These</w> <w type="NNS">arrangements</w> <w type="MD">would</w> <w type="HV">have</w> <w type="BEN">been</w> <w type="JJ">impossible</w> <w type="CS">if</w> <w type="AT">the</w> <w type="NN">business</w> <w type="NN">community</w> <w type="BEDZ">was</w> <w type="QL">truly</w> <w type="VBN">interested</w> <w type="IN">in</w> <w type="AT">the</w> <w type="NN">welfare</w> <w type="IN">of</w> <w type="PPg">its</w> <w type="NNS">employes</w> <c type="pct">.</c> </s>
<s n="136"><w type="AT">A</w> <w type="NN">sweetheart</w> <w type="NN">arrangement</w> <w type="MD">can</w> <w type="VB">come</w> <w type="RB">about</w> <w type="QL">as</w> <w type="RB">often</w> <w type="IN">by</w> <w type="NNS">employers</w> <w type="VBG">doing</w> <w type="AT">the</w> <w type="NN">corrupting</w> <w type="CS">as</w> <w type="IN">by</w> <w type="JJ">unscrupulous</w> <w type="NN">labor</w> <w type="NNS">leaders</w> <w type="VBG">demanding</w> <w type="NN">tribute</w> <c type="pct">.</c> </s>
<s n="137"><w type="PN">Anyone</w> <w type="JJ">familiar</w> <w type="IN">with</w> <w type="AT">the</w> <w type="NNS">details</w> <w type="IN">of</w> <w type="AT">the</w> <w type="NP">McClellan</w> <w type="NNS">hearings</w> <w type="MD">must</w> <w type="IN">at</w> <w type="RB">once</w> <w type="VB">realize</w> <w type="CS">that</w> <w type="AT">the</w> <w type="NN">sweetheart</w> <w type="NNS">arrangements</w> <w type="VBD">augmented</w> <w type="NN">employer</w> <w type="NNS">profits</w> <w type="QL">far</w> <w type="AP">more</w> <w type="CS">than</w> <w type="PPSS">they</w> <w type="VBD">augmented</w> <w type="AT">the</w> <w type="NNS">earnings</w> <w type="IN">of</w> <w type="AT">the</w> <w type="JJ">corruptible</w> <w type="NN">labor</w> <w type="NNS">leaders</w> <c type="pct">.</c> </s>
</p>
<p><s n="138"><w type="RBR">Further</w> <c type="pct">,</c> <w type="PPS">it</w> <w type="MD">should</w> <w type="BE">be</w> <w type="VBN">recalled</w> <w type="CS">that</w> <w type="DTI">some</w> <w type="QL">very</w> <w type="JJ">definite</w> <w type="NNS">steps</w> <w type="BED">were</w> <w type="VBN">taken</w> <w type="IN">by</w> <w type="NP">Congress</w> <w type="TO">to</w> <w type="VB">combat</w> <w type="NN">corruption</w> <w type="IN">in</w> <w type="AT">the</w> <w type="NN">labor</w> <w type="NN">movement</w> <w type="IN">by</w> <w type="PPg">its</w> <w type="NN">passage</w> <w type="IN">of</w> <w type="AT">the</w> <w type="NP" subtype="TL">Landrum-Griffin</w> <w type="NN" subtype="TL">Act</w> <c type="pct">.</c> </s>
</p>
<p></p></body></text></TEI>
