<TEI xmlns="http://www.tei-c.org/ns/1.0"><teiHeader><fileDesc><titleStmt><title>Sample B26 from  National Review
 </title><title type="sub"> December 30, 1961, pp. 459-462 "To the Editor" 
 July 15, 1961, pp. 27,29"To the Editor" 
</title></titleStmt><editionStmt><edition>A part  of the XML version of the Brown Corpus</edition></editionStmt><extent>2,005 words 343 (17.1%) quotes 8 symbols</extent><publicationStmt><idno>B26</idno><availability><p>Used by permission of National Review, 150 E. 35th St., NY 16</p></availability></publicationStmt><sourceDesc><bibl> National Review
 </bibl></sourceDesc></fileDesc><encodingDesc><p>Arbitrary Hyphen: light-hearted [1760]</p></encodingDesc><revisionDesc><change when="2008-04-27">Header auto-generated for TEI version</change></revisionDesc></teiHeader>
<text xml:id="B26" decls="B">
<body><p><s n="1"><w type="NN" subtype="HL">Tenure</w> <w type="CS" subtype="HL">as</w> <w type="NN" subtype="HL">criterion</w> </s>
<s n="2"><w type="PPSS">I</w> <w type="MD">would</w> <w type="VB">like</w> <w type="TO">to</w> <w type="VB">add</w> <w type="CD">one</w> <w type="AP">more</w> <w type="JJ">practical</w> <w type="NN">reform</w> <w type="IN">to</w> <w type="DTS">those</w> <w type="VBN">mentioned</w> <w type="IN">by</w> <w type="NP">Russell</w> <w type="NP">Kirk</w> <c type="pct">(</c> <w type="NP">Dec.</w> <w type="CD">16</w> <c type="pct">)</c> <c type="pct">.</c> </s>
<s n="3"><w type="PPS">It</w> <w type="HVZ">has</w> <w type="TO">to</w> <w type="DO">do</w> <w type="IN">with</w> <w type="NNSg">teachers'</w> <w type="NNS">salaries</w> <w type="CC">and</w> <w type="NN">tenure</w> <c type="pct">.</c> </s>
</p>
<p><s n="4"><w type="AP">Next</w> <w type="NP">September</w> <c type="pct">,</c> <w type="CS">after</w> <w type="VBG">receiving</w> <w type="AT">a</w> <w type="NN">degree</w> <w type="IN">from</w> <w type="NPg">Yale's</w> <w type="NN" subtype="TL">Master</w> <w type="IN" subtype="TL">of</w> <w type="NNS" subtype="TL">Arts</w> <w type="IN" subtype="TL">in</w> <w type="NN" subtype="TL">Teaching</w> <w type="NN" subtype="TL">Program</w> <c type="pct">,</c> <w type="PPSS">I</w> <w type="MD">will</w> <w type="BE">be</w> <w type="VBG">teaching</w> <w type="RB">somewhere</w> <c type="pct">--</c> <w type="QL">that</w> <w type="AP">much</w> <w type="BEZ">is</w> <w type="VBN">guaranteed</w> <w type="IN">by</w> <w type="AT">the</w> <w type="JJ">present</w> <w type="NN">shortage</w> <w type="IN">of</w> <w type="NN">mathematics</w> <w type="NNS">teachers</w> <c type="pct">.</c> </s>
<s n="5"><w type="PPSS">I</w> <w type="MD">will</w> <w type="RB">also</w> <w type="BE">be</w> <w type="JJ">underpaid</w> <c type="pct">.</c> </s>
<s n="6"><w type="AT">The</w> <w type="JJ">amazing</w> <w type="NN">thing</w> <w type="BEZ">is</w> <w type="CS">that</w> <w type="DT">this</w> <w type="RB">too</w> <w type="BEZ">is</w> <w type="VBN">caused</w> <w type="IN">by</w> <w type="AT">the</w> <w type="NN">dearth</w> <w type="IN">of</w> <w type="NNS">teachers</w> <c type="pct">.</c> </s>
<s n="7"><w type="VBG">Teaching</w> <w type="BEZ">is</w> <w type="IN">at</w> <w type="JJ">present</w> <w type="AT">a</w> <w type="NNSg">sellers'</w> <w type="NN">market</w> <c type="pct">;</c> <c type="pct">;</c> </s>
<s n="8"><w type="CS">as</w> <w type="AT">a</w> <w type="NN">result</w> <w type="NNS">buyers</w> <c type="pct">,</c> <w type="AT">the</w> <w type="NN">public</w> <c type="pct">,</c> <w type="MD">must</w> <w type="BE">be</w> <w type="VBN">satisfied</w> <w type="IN">with</w> <w type="JJ">second-rate</w> <w type="NNS">teachers</w> <c type="pct">.</c> </s>
<s n="9"><w type="CC">But</w> <w type="DT">this</w> <w type="BEZ">is</w> <w type="NEG">not</w> <w type="AT">the</w> <w type="JJ">real</w> <w type="NN">problem</w> <c type="pct">;</c> <c type="pct">;</c> </s>
<s n="10"><w type="AT">the</w> <w type="NN">rub</w> <w type="VBZ">arises</w> <w type="IN">from</w> <w type="AT">the</w> <w type="NN">fact</w> <w type="CS">that</w> <w type="NNS">teachers</w> <w type="BER">are</w> <w type="RB">usually</w> <w type="VBN">paid</w> <w type="IN">on</w> <w type="AT">the</w> <w type="NN">basis</w> <w type="IN">of</w> <w type="NN">time</w> <w type="VBN">served</w> <w type="IN">rather</w> <w type="IN">than</w> <w type="NN">quality</w> <c type="pct">.</c> </s>
<s n="11"><w type="RB">Hence</w> <w type="ABN">all</w> <w type="NNS">teachers</w> <c type="pct">,</c> <w type="JJ">good</w> <w type="CC">and</w> <w type="JJ">bad</w> <c type="pct">,</c> <w type="WPS">who</w> <w type="HV">have</w> <w type="BEN">been</w> <w type="VBG">teaching</w> <w type="IN">for</w> <w type="AT">a</w> <w type="VBN">given</w> <w type="NN">number</w> <w type="IN">of</w> <w type="NNS">years</w> <w type="BER">are</w> <w type="VBN">paid</w> <w type="AT">the</w> <w type="AP">same</w> <w type="NN">salary</w> <c type="pct">.</c> </s>
<s n="12"><w type="PPSS">I</w> <w type="BEM">am</w> <w type="RB">firmly</w> <w type="VBN">convinced</w> <w type="CS">that</w> <w type="IN">considering</w> <w type="AT">the</w> <w type="NN">average</w> <w type="NN">quality</w> <w type="IN">of</w> <w type="NNS">teachers</w> <w type="IN">in</w> <w type="DT">this</w> <w type="NN">country</w> <c type="pct">,</c> <w type="AT">the</w> <w type="NN">profession</w> <w type="BEZ">is</w> <w type="RB">grossly</w> <w type="VBN">overpaid</w> <c type="pct">.</c> </s>
</p>
<p><s n="13"><w type="PPS">It</w> <w type="VBZ">follows</w> <w type="CS">that</w> <w type="NNS">teachers</w> <w type="CS">as</w> <w type="AT">a</w> <w type="NN">group</w> <mw pos="MD *">cannot </mw><w type="VB">expect</w> <w type="DTI">any</w> <w type="VBN">marked</w> <w type="NN">salary</w> <w type="NNS">increases</w> <c type="pct">;</c> <c type="pct">;</c> </s>
<s n="14"><w type="EX">there</w> <w type="BEZ">is</w> <w type="AT">a</w> <w type="NN">limit</w> <w type="TO">to</w> <w type="QL">how</w> <w type="AP">much</w> <w type="AT">the</w> <w type="NN">public</w> <w type="MD">will</w> <w type="VB">pay</w> <w type="IN">for</w> <w type="JJ">shoddy</w> <w type="NN">performance</w> <c type="pct">.</c> </s>
<s n="15"><w type="AT">The</w> <w type="AP">only</w> <w type="NN">hope</w> <w type="WDT">which</w> <w type="JJ">good</w> <w type="NNS">teachers</w> <w type="HV">have</w> <w type="IN">for</w> <w type="BEG">being</w> <w type="VBN">paid</w> <w type="PPg">their</w> <w type="NN">due</w> <w type="BEZ">is</w> <w type="TO">to</w> <w type="VB">stop</w> <w type="VBG">dragging</w> <w type="AT">the</w> <w type="JJ">dead</w> <w type="NN">weight</w> <w type="IN">of</w> <w type="JJ">poor</w> <w type="NNS">teachers</w> <w type="IN">up</w> <w type="AT">the</w> <w type="JJ">economic</w> <w type="NN">ladder</w> <w type="IN">with</w> <w type="PPO">them</w> <c type="pct">.</c> </s>
<s n="16"><w type="AT">The</w> <w type="AP">only</w> <w type="NN">hope</w> <w type="WDT">which</w> <w type="AT">the</w> <w type="NN">public</w> <w type="HVZ">has</w> <w type="IN">for</w> <w type="VBG">getting</w> <w type="JJ">good</w> <w type="NNS">teachers</w> <w type="BEZ">is</w> <w type="TO">to</w> <w type="VB">pay</w> <w type="NNS">teachers</w> <w type="IN">on</w> <w type="AT">the</w> <w type="NN">basis</w> <w type="IN">of</w> <w type="NN">merit</w> <w type="IN">rather</w> <w type="IN">than</w> <w type="NN">tenure</w> <c type="pct">.</c> </s>
<s n="17"><w type="RB">Here</w> <c type="pct">,</c> <w type="CS">as</w> <w type="IN">in</w> <w type="ABN">all</w> <w type="NNS">sectors</w> <w type="IN">of</w> <w type="AT">the</w> <w type="NN">economy</w> <c type="pct">,</c> <w type="NN">quality</w> <w type="CC">and</w> <w type="NN">justice</w> <w type="BER">are</w> <w type="ABX">both</w> <w type="JJ">dependent</w> <w type="IN">on</w> <w type="AT">the</w> <w type="NR">right</w> <w type="IN">of</w> <w type="AT">the</w> <w type="JJ">individual</w> <w type="TO">to</w> <w type="VB">deal</w> <w type="RB">directly</w> <w type="IN">with</w> <w type="PPg">his</w> <w type="NN">employer</w> <w type="CS">if</w> <w type="PPS">he</w> <w type="RB">so</w> <w type="VBZ">chooses</w> <c type="pct">.</c> </s>
</p>
<p><s n="18"><w type="NN" subtype="HL">Loss</w> <w type="IN" subtype="HL">of</w> <w type="NN" subtype="HL">initiative</w> </s>
<s n="19"><w type="IN">On</w> <w type="AT">the</w> <w type="NN">eve</w> <w type="IN">of</w> <w type="AT">the</w> <c type="pct">``</c> <w type="JJ">great</w> <w type="NN">debate</w> <c type="pct">''</c> <w type="IN">on</w> <w type="AT">the</w> <w type="NN">proposal</w> <w type="TO">to</w> <w type="VB">give</w> <w type="AT">the</w> <w type="NN" subtype="TL">President</w> <w type="JJ">broad</w> <w type="NNS">powers</w> <w type="TO">to</w> <w type="VB">make</w> <w type="JJ">across-the-board</w> <w type="NN">tariff</w> <w type="NNS">concessions</w> <w type="WDT">which</w> <w type="MD">could</w> <w type="RB">practically</w> <w type="VB">bring</w> <w type="PPO">us</w> <w type="IN">into</w> <w type="AT">the</w> <w type="JJ" subtype="TL">Atlantic</w> <w type="NN" subtype="TL">Community</w> <c type="pct">,</c> <w type="PPSS">we</w> <w type="MD">should</w> <w type="VB">face</w> <w type="AT">the</w> <w type="NNS">alternatives</w> <w type="IN">on</w> <w type="DT">this</w> <w type="NN">proposition</w> <c type="pct">.</c> </s>
<s n="20"><w type="WDT">What</w> <w type="PPSS">we</w> <w type="MD">will</w> <w type="BE">be</w> <w type="VBG">sacrificing</w> <w type="IN">in</w> <w type="DTI">any</w> <w type="JJ">such</w> <w type="NN">arrangement</w> <w type="MD">will</w> <w type="BE">be</w> <w type="PPg">our</w> <w type="NN">power</w> <w type="TO">to</w> <w type="BE">be</w> <w type="JJ">selective</w> <w type="WDT">which</w> <w type="BEZ">is</w> <w type="VBN">contained</w> <w type="IN">in</w> <w type="AT">the</w> <w type="JJ">reciprocal</w> <w type="NN">trade</w> <w type="NN">principle</w> <w type="IN">under</w> <w type="WDT">which</w> <w type="PPSS">we</w> <w type="RB">now</w> <w type="VB">operate</w> <c type="pct">.</c> </s>
<s n="21"><w type="IN">Without</w> <w type="DT">this</w> <w type="NN">power</w> <w type="PPSS">we</w> <w type="VB">lay</w> <w type="JJ">open</w> <w type="DTI">any</w> <w type="JJ">American</w> <w type="NN">industry</w> <w type="WDT">which</w> <w type="AT">the</w> <w type="NPS">Europeans</w> <w type="MD">may</w> <w type="VB">find</w> <w type="PPO">it</w> <w type="RB">economically</w> <w type="JJ">profitable</w> <w type="TO">to</w> <w type="VB">destroy</w> <w type="IN">to</w> <w type="AT">the</w> <w type="NN">will</w> <w type="IN">of</w> <w type="NNS">others</w> <c type="pct">.</c> </s>
<s n="22"><w type="PPS">It</w> <w type="BEZ">is</w> <w type="DT">this</w> <w type="NN">loss</w> <w type="IN">of</w> <w type="NN">initiative</w> <w type="IN">in</w> <w type="WRB">how</w> <w type="PPSS">we</w> <w type="VB">conduct</w> <w type="PPg">our</w> <w type="NN">economy</w> <w type="WDT">which</w> <w type="MD">may</w> <w type="VB">lead</w> <w type="IN">to</w> <w type="AT">the</w> <w type="NN">loss</w> <w type="IN">of</w> <w type="NN">initiative</w> <w type="IN">in</w> <w type="WRB">how</w> <w type="PPSS">we</w> <w type="VB">conduct</w> <w type="PPg">our</w> <w type="JJ">political</w> <w type="NNS">affairs</w> <c type="pct">.</c> </s>
</p>
<p><s n="23"><w type="AT" subtype="HL">A</w> <w type="NN" subtype="HL">brief</w> <w type="IN" subtype="HL">for</w> <w type="AT" subtype="HL">the</w> <w type="JJ" subtype="HL">negative</w> </s>
<s n="24"><w type="PPSS">I</w> <w type="VB">disagree</w> <w type="IN">with</w> <w type="NP">Mr.</w> <w type="NPg">Burnham's</w> <w type="NN">position</w> <w type="IN">on</w> <w type="AT">the</w> <w type="JJ" subtype="TL">Common</w> <w type="NN" subtype="TL">Market</w> <c type="pct">(</c> <w type="NP">Nov.</w> <w type="CD">18</w> <c type="pct">)</c> <w type="CS">as</w> <w type="AT">a</w> <w type="JJ">desirable</w> <w type="NN">organization</w> <w type="IN">for</w> <w type="PPO">us</w> <w type="TO">to</w> <w type="VB">join</w> <c type="pct">.</c> </s>
<s n="25"><w type="IN">For</w> <w type="PPO">him</w> <w type="TO">to</w> <w type="VB">ignore</w> <w type="AT">the</w> <w type="JJ">political</w> <w type="NNS">consequences</w> <w type="VBN">involved</w> <w type="IN">in</w> <w type="AT">an</w> <w type="JJ" subtype="TL">Atlantic</w> <w type="NN" subtype="TL">Union</w> <w type="IN">of</w> <w type="DT">this</w> <w type="NN">kind</w> <w type="BEZ">is</w> <w type="JJ">difficult</w> <w type="TO">to</w> <w type="VB">understand</w> <c type="pct">.</c> </s>
<s n="26"><w type="AT">The</w> <w type="NN">pressure</w> <w type="IN">for</w> <w type="PPg">our</w> <w type="NN">entry</w> <w type="IN">to</w> <w type="AT">the</w> <w type="JJ" subtype="TL">Common</w> <w type="NN" subtype="TL">Market</w> <w type="BEZ">is</w> <w type="VBG">mounting</w> <w type="CC">and</w> <w type="PPSS">we</w> <w type="MD">will</w> <w type="VB">proceed</w> <w type="IN">towards</w> <w type="DT">this</w> <w type="VBN">amalgamated</w> <w type="NN">trade</w> <w type="NN">union</w> <w type="IN">by</w> <w type="NN">way</w> <w type="IN">of</w> <w type="AT">a</w> <w type="QL">purely</w> <c type="pct">``</c> <w type="JJ">economic</w> <w type="NN">thoroughfare</w> <c type="pct">''</c> <c type="pct">,</c> <w type="CC">or</w> <w type="NN">garden</w> <w type="NN">path</w> <c type="pct">,</c> <w type="IN">with</w> <w type="AT">the</w> <w type="JJ">political</w> <w type="NNS">ramifications</w> <w type="VBN">kept</w> <w type="RB">neatly</w> <w type="IN">in</w> <w type="AT">the</w> <w type="NN">background</w> <c type="pct">.</c> </s>
<s n="27"><w type="AT">The</w> <w type="NN">appeal</w> <w type="BEZ">is</w> <w type="VBG">going</w> <w type="TO">to</w> <w type="BE">be</w> <w type="IN">to</w> <w type="AT">the</w> <w type="NN">pocketbook</w> <w type="CC">and</w> <w type="MD">may</w> <w type="BE">be</w> <w type="QL">very</w> <w type="JJ">convincing</w> <w type="IN">to</w> <w type="DTS">those</w> <w type="WPS">who</w> <w type="DO">do</w> <w type="NEG">not</w> <w type="VB">see</w> <w type="PPg">its</w> <w type="NN">relation</w> <w type="IN">to</w> <w type="JJ">political</w> <w type="CC">and</w> <w type="JJ">legal</w> <c type="pct">,</c> <w type="QL">as</w> <w type="RB">well</w> <w type="CS">as</w> <w type="JJ">economic</w> <c type="pct">,</c> <w type="NN">self-rule</w> <c type="pct">.</c> </s>
<s n="28"><w type="IN">In</w> <w type="VBG">entering</w> <w type="DT">this</w> <w type="NN">union</w> <w type="PPSS">we</w> <w type="MD">will</w> <w type="BE">be</w> <w type="VBG">surrendering</w> <w type="AP">most</w> <c type="pct">,</c> <w type="CS">if</w> <w type="NEG">not</w> <w type="ABN">all</w> <c type="pct">,</c> <w type="IN">of</w> <w type="PPg">our</w> <w type="JJ">economic</w> <w type="NN">autonomy</w> <w type="IN">to</w> <w type="JJ">international</w> <w type="NNS">bodies</w> <w type="JJ">such</w> <w type="CS">as</w> <w type="AT">the</w> <w type="JJ" subtype="TL">Atlantic</w> <w type="NN" subtype="TL">Institute</w> <c type="pct">(</c> <w type="RB">recently</w> <w type="VBN">set</w> <w type="RP">up</w> <c type="pct">)</c> <w type="CC">or</w> <w type="AT">the</w> <w type="NP">O.E.C.D.</w> <c type="pct">,</c> <w type="NP">I.M.F.</w> <w type="CC">and</w> <w type="NNS">others</w> <c type="pct">.</c> </s>
<s n="29"><w type="TO">To</w> <w type="VB">think</w> <w type="CS">that</w> <w type="PPSS">we</w> <w type="MD">can</w> <w type="RB">merely</w> <w type="VB">relinquish</w> <w type="PPg">our</w> <w type="JJ">economic</w> <w type="NN">autonomy</w> <w type="IN">without</w> <w type="VBG">giving</w> <w type="RP">up</w> <w type="PPg">our</w> <w type="JJ">political</w> <w type="CC">or</w> <w type="JJ">legal</w> <w type="NN">autonomy</w> <w type="BEZ">is</w> <w type="JJ">wishful</w> <w type="NN">thinking</w> <c type="pct">.</c> </s>
</p>
<p><s n="30"><w type="CS">If</w> <w type="PPS">it</w> <w type="BEZ">is</w> <w type="NEG">not</w> <w type="AP">enough</w> <w type="CS">that</w> <w type="ABN">all</w> <w type="IN">of</w> <w type="PPg">our</w> <w type="JJ">internationalist</w> <w type="CD" subtype="TL">One</w> <w type="NNS" subtype="TL">Worlders</w> <w type="BER">are</w> <w type="VBG">advocating</w> <w type="CS">that</w> <w type="PPSS">we</w> <w type="VB">join</w> <w type="DT">this</w> <w type="NN">market</w> <c type="pct">,</c> <w type="PPSS">I</w> <w type="VB">refer</w> <w type="PPO">you</w> <w type="IN">to</w> <w type="AT">an</w> <w type="NN">article</w> <w type="IN">in</w> <w type="AT">the</w> <w type="JJ" subtype="TL">New</w> <w type="NP" subtype="TL">York</w> <w type="NNSg" subtype="TL">Times'</w> <w type="NN">magazine</w> <w type="NN">section</w> <c type="pct">(</c> <w type="NP">Nov.</w> <w type="CD">12</w> <c type="pct">,</c> <w type="CD">1961</w> <c type="pct">)</c> <c type="pct">,</c> <w type="IN">by</w> <w type="NP">Mr.</w> <w type="NP">Eric</w> <w type="NP">Johnston</w> <c type="pct">,</c> <w type="VBN">entitled</w> <c type="pct">``</c> <w type="PPSS" subtype="TL">We</w> <w type="MD" subtype="TL">Must</w> <w type="VB" subtype="TL">Join</w> <w type="AT" subtype="TL">The</w> <w type="JJ" subtype="TL">Common</w> <w type="NN" subtype="TL">Market</w> <c type="pct">''</c> <c type="pct">.</c> </s>
<s n="31"><w type="PPS">He</w> <w type="VBZ">says</w> <c type="pct">:</c> <c type="pct">``</c> <w type="PPS">It</w> <w type="HVZ">has</w> <w type="VBN">swept</w> <w type="RB">aside</w> <w type="JJ">petty</w> <w type="NNS">nationalisms</w> <c type="pct">,</c> <w type="JJ">age-old</w> <w type="NNS">rivalries</w> <c type="pct">,</c> <w type="CC">and</w> <w type="JJ">worn-out</w> <w type="NNS">customs</w> <c type="pct">''</c> <c type="pct">.</c> </s>
<s n="32"><w type="VBG">Referring</w> <w type="IN">to</w> <w type="NP">Britain</w> <c type="pct">,</c> <w type="PPS">he</w> <w type="VBZ">says</w> <c type="pct">,</c> <c type="pct">``</c> <w type="PPSS">We</w> <w type="VB">see</w> <w type="AT">a</w> <w type="NN">nation</w> <w type="WPS">that</w> <w type="RB">traditionally</w> <w type="VBZ">values</w> <w type="NN">sovereignty</w> <w type="IN">above</w> <w type="ABN">all</w> <w type="RB">else</w> <w type="JJ">willing</w> <w type="TO">to</w> <w type="VB">give</w> <w type="RP">up</w> <w type="PPg">its</w> <w type="NN">economy</w> <c type="pct">,</c> <w type="VBG">placing</w> <w type="DT">this</w> <w type="NN">authority</w> <w type="IN">in</w> <w type="JJ" subtype="TL">Continental</w> <w type="NNS">hands</w> <c type="pct">''</c> <c type="pct">.</c> </s>
<s n="33"><w type="CS">Since</w> <w type="AT">the</w> <w type="NN">goal</w> <w type="IN">of</w> <w type="PPg">our</w> <w type="JJ">international</w> <w type="NNS">planners</w> <w type="BEZ">is</w> <w type="AT">a</w> <w type="NN" subtype="TL">World</w> <w type="NN" subtype="TL">Government</w> <c type="pct">,</c> <w type="DT">this</w> <w type="JJ" subtype="TL">Atlantic</w> <w type="NN" subtype="TL">Community</w> <w type="MD">would</w> <w type="VB">mark</w> <w type="AT">a</w> <w type="JJ">giant</w> <w type="NN">step</w> <w type="IN">in</w> <w type="DT">that</w> <w type="NN">direction</w> <w type="CS">for</w> <c type="pct">,</c> <w type="CS">once</w> <w type="JJ">American</w> <w type="JJ">economic</w> <w type="NN">autonomy</w> <w type="BEZ">is</w> <w type="VBN">absorbed</w> <c type="pct">,</c> <w type="AT">a</w> <w type="JJR">larger</w> <w type="VBG">grouping</w> <w type="BEZ">is</w> <w type="AT">a</w> <w type="NN">question</w> <w type="IN">of</w> <w type="NN">time</w> <c type="pct">.</c> </s>
<s n="34"><w type="RB">Frankly</w> <c type="pct">,</c> <w type="PPS">it</w> <w type="BEZ">is</w> <w type="BEG">being</w> <w type="QL">very</w> <w type="RB">cleverly</w> <w type="VBN">done</w> <w type="CS">for</w> <c type="pct">,</c> <w type="IN">in</w> <w type="AT">a</w> <w type="NN">sense</w> <c type="pct">,</c> <w type="PPSS">they</w> <w type="HV">have</w> <w type="PPO">us</w> <w type="IN">over</w> <w type="AT">a</w> <w type="NN">barrel</w> <c type="pct">.</c> </s>
<s n="35"><w type="VB">Listen</w> <w type="IN">to</w> <w type="WDT">what</w> <w type="NP">Mr.</w> <w type="NP">Johnston</w> <w type="HVZ">has</w> <w type="TO">to</w> <w type="VB">say</w> <c type="pct">:</c> <c type="pct">``</c> <w type="VB">Consider</w> <w type="AT">the</w> <w type="JJ">savage</w> <w type="NNS">wounds</w> <w type="CS">that</w> <w type="NN">isolationism</w> <w type="MD">would</w> <w type="VB">inflict</w> <c type="pct">.</c> </s>
<s n="36"><w type="PPSS">We</w> <w type="MD">would</w> <w type="VB">lose</w> <w type="PPg">our</w> <w type="NN">export</w> <w type="NNS">markets</w> <w type="CC">and</w> <w type="VB">deny</w> <w type="PPLS">ourselves</w> <w type="AT">the</w> <w type="NNS">imports</w> <w type="PPSS">we</w> <w type="VB">need</w> <c type="pct">.</c> </s>
<s n="37"><w type="PPSS">We</w> <w type="MD">would</w> <w type="BE">be</w> <w type="VBN">crippled</w> <w type="IN">by</w> <w type="VBN">reduced</w> <w type="NN">output</w> <c type="pct">,</c> <w type="JJ">industrial</w> <w type="NN">decline</w> <c type="pct">,</c> <w type="JJ">widespread</w> <w type="NN">unemployment</w> <c type="pct">''</c> <c type="pct">.</c> </s>
</p>
<p><s n="38"><w type="CC">But</w> <w type="AT">the</w> <w type="NN">solution</w> <w type="IN">to</w> <w type="DT">this</w> <w type="NN">dilemma</w> <w type="BEZ">is</w> <w type="NEG">not</w> <w type="AT">the</w> <w type="NN">incorporation</w> <w type="IN">of</w> <w type="AT">the</w> <w type="VBN" subtype="TL">United</w> <w type="NNS" subtype="TL">States</w> <w type="IN">into</w> <w type="AT">an</w> <w type="JJ" subtype="TL">Atlantic</w> <w type="NN" subtype="TL">Community</w> <w type="CC">or</w> <c type="pct">``</c> <w type="JJ">economic</w> <w type="NN">empire</w> <c type="pct">''</c> <c type="pct">,</c> <w type="CC">but</w> <w type="RB">merely</w> <w type="WDT">what</w> <w type="NNS">libertarians</w> <w type="CS">like</w> <w type="NP">Henry</w> <w type="NP">Hazlitt</w> <w type="CC">and</w> <w type="NP">Ludwig</w> <w type="NP">Von</w> <w type="NP">Mises</w> <w type="HV">have</w> <w type="BEN">been</w> <w type="VBG">arguing</w> <w type="IN">for</w> <w type="NNS">years</w> <c type="pct">:</c> <w type="AT">an</w> <w type="NN">end</w> <w type="IN">to</w> <w type="NN">government</w> <w type="NNS">regulations</w> <c type="pct">,</c> <w type="AT">an</w> <w type="NN">end</w> <w type="IN">to</w> <w type="NN">government</w> <w type="NN">competition</w> <w type="IN">in</w> <w type="NN">industry</w> <c type="pct">,</c> <w type="CC">and</w> <w type="AT">a</w> <w type="JJ">realistic</w> <w type="NN">depreciation</w> <w type="NN">allowance</w> <w type="IN">for</w> <w type="NN">industry</w> <c type="pct">.</c> </s>
<s n="39"><w type="VB">Create</w> <w type="AT">a</w> <w type="JJ">free</w> <w type="NN">market</w> <w type="RB">here</w> <c type="pct">,</c> <w type="VB">give</w> <w type="PPO">us</w> <w type="AT">a</w> <w type="JJ">sound</w> <c type="pct">,</c> <w type="JJ">debt-free</w> <w type="NN">money</w> <w type="NN">system</w> <c type="pct">,</c> <w type="CC">and</w> <mw pos="PPSS MD">we'll </mw><w type="VB">compete</w> <w type="IN">with</w> <w type="PN">anyone</w> <c type="pct">,</c> <w type="NP">Europe</w> <w type="CC">and</w> <w type="NP">Asia</w> <w type="VBN">combined</w> <c type="pct">.</c> </s>
<s n="40"><w type="IN">In</w> <w type="JJ">short</w> <c type="pct">,</c> <w type="VB">get</w> <w type="DT">this</w> <w type="JJ">governmental</w> <w type="NN">monstrosity</w> <w type="IN">off</w> <w type="PPg">our</w> <w type="NNS">backs</w> <w type="CC">and</w> <w type="PPSS">we</w> <mw pos="MD *">won't </mw><w type="HV">have</w> <w type="TO">to</w> <w type="VB">worry</w> <w type="IN">about</w> <w type="JJ">European</w> <w type="NN">competition</w> <w type="CC">or</w> <w type="NN" subtype="TL">Communism</w> <w type="RB">either</w> <c type="pct">.</c> </s>
<s n="41"><w type="CS">If</w> <w type="PPSS">we</w> <w type="VB">want</w> <w type="TO">to</w> <w type="VB">preserve</w> <w type="PPg">our</w> <w type="NN">sovereignty</w> <c type="pct">,</c> <w type="DT">this</w> <w type="BEZ">is</w> <w type="AT">the</w> <w type="NN">way</w> <w type="TO">to</w> <w type="DO">do</w> <w type="PPO">it</w> <c type="pct">;</c> <c type="pct">;</c> </s>
<s n="42"><w type="NEG">not</w> <w type="VB">acquiesce</w> <w type="IN">to</w> <w type="AT">an</w> <w type="JJ">international</w> <w type="VBG">planning</w> <w type="NN">board</w> <c type="pct">.</c> </s>
<s n="43"><w type="CS">If</w> <w type="PPSS">we</w> <w type="VB">go</w> <w type="IN">into</w> <w type="DT">this</w> <w type="JJ" subtype="TL">Common</w> <w type="NN" subtype="TL">Market</w> <c type="pct">,</c> <w type="PPSS">we</w> <w type="MD">might</w> <w type="QL">just</w> <w type="QL">as</w> <w type="RB">well</w> <w type="VB">stop</w> <w type="VBG">talking</w> <w type="IN">about</w> <w type="JJ">Constitutional</w> <w type="NNS">guarantees</w> <c type="pct">,</c> <w type="NP" subtype="TL">Connally</w> <w type="NNS" subtype="TL">Amendments</w> <w type="CC">or</w> <c type="pct">,</c> <w type="IN">for</w> <w type="DT">that</w> <w type="NN">matter</w> <c type="pct">,</c> <w type="NN">conservatism</w> <w type="IN">in</w> <w type="JJ">general</w> <c type="pct">.</c> </s>
</p>
<p><s n="44"><w type="PPSS">We</w> <w type="VB">welcome</w> <w type="DT">this</w> <w type="JJ">able</w> <w type="NN">brief</w> <w type="IN">for</w> <w type="AT">the</w> <w type="JJ">negative</w> <w type="CS">as</w> <w type="NN">part</w> <w type="IN">of</w> <w type="AT">a</w> <w type="JJ">many-sided</w> <w type="NN">discussion</w> <w type="IN">of</w> <w type="AT">the</w> <w type="JJ" subtype="TL">Atlantic</w> <w type="JJ" subtype="TL">Common</w> <w type="NN" subtype="TL">Market</w> <w type="WDT">which</w> <w type="NP">JNR</w> <w type="MD">will</w> <w type="BE">be</w> <w type="VBG">continuing</w> <w type="IN">in</w> <w type="PPg">our</w> <w type="NNS">pages</w> <c type="pct">.</c> </s>
</p>
<p><s n="45"><c type="pct">--</c> <w type="NN">ed.</w> <c type="pct">.</c> </s>
</p>
<p><s n="46"><w type="JJ" subtype="HL">Mental</w> <w type="NN" subtype="HL">telepathy</w> <c type="pct">?</c> <c type="pct">?</c> </s>
</p>
<p><s n="47"><w type="AT">The</w> <w type="NP">Peiping</w> <w type="NPS">Chinese</w> <w type="BED">were</w> <w type="AT">the</w> <w type="AP">only</w> <w type="JJ">major</w> <w type="NN">silver</w> <w type="NN">seller</w> <w type="IN">in</w> <w type="AT">the</w> <w type="NN">world</w> <w type="NNS">markets</w> <w type="WPS">who</w> <w type="VBD">stopped</w> <w type="VBG">selling</w> <w type="AT">the</w> <w type="NN">metal</w> <w type="IN">on</w> <w type="NR">Monday</w> <w type="NN">morning</w> <c type="pct">,</c> <w type="NP">November</w> <w type="CD">27</w> <c type="pct">,</c> <w type="VBG">anticipating</w> <w type="IN">by</w> <w type="CD">two</w> <w type="NNS">days</w> <w type="AT">the</w> <w type="NN">announcement</w> <w type="IN">of</w> <w type="AT">the</w> <w type="NP" subtype="TL">U.S.</w> <w type="NN" subtype="TL">Treasury</w> <w type="CS">that</w> <w type="AT">the</w> <w type="VBN">pegged</w> <w type="NN">offering</w> <w type="NN">price</w> <w type="MD">will</w> <w type="BE">be</w> <w type="VBN">removed</w> <c type="pct">.</c> </s>
</p>
<p><s n="48"><w type="AT" subtype="HL">A</w> <w type="NN" subtype="HL">professor</w> <w type="CC" subtype="HL">and</w> <w type="AT" subtype="HL">the</w> <w type="NN" subtype="HL">army</w> </s>
<s n="49"><w type="IN">In</w> <w type="CD">1954</w> <w type="PPSS">I</w> <w type="BEDZ">was</w> <w type="VBN">drafted</w> <w type="CC">and</w> <w type="CS">after</w> <w type="VBG">serving</w> <w type="CD">two</w> <w type="NNS">years</w> <w type="RB">honorably</w> <w type="IN">on</w> <w type="JJ">Active</w> <w type="NN">Duty</w> <w type="PPSS">I</w> <w type="BEDZ">was</w> <w type="NEG">not</w> <w type="VBN">required</w> <w type="TO">to</w> <w type="VB">participate</w> <w type="IN">in</w> <w type="DTI">any</w> <w type="JJR">further</w> <w type="NN" subtype="TL">Army</w> <w type="NN" subtype="TL">Reserve</w> <w type="NNS">activities</w> <c type="pct">.</c> </s>
<s n="50"><w type="RB">Now</w> <c type="pct">,</c> <w type="AP">more</w> <w type="IN">than</w> <w type="CD">five</w> <w type="NNS">years</w> <w type="RBR">later</w> <c type="pct">,</c> <w type="PPSS">I</w> <mw pos="MD *">cannot </mw><w type="IN">in</w> <w type="DTI">any</w> <w type="JJ">realistic</w> <w type="NN">sense</w> <w type="BE">be</w> <w type="VBN">called</w> <w type="AT">a</w> <w type="VBN">trained</w> <w type="NN">soldier</w> <c type="pct">.</c> </s>
<s n="51"><w type="CC">But</w> <c type="pct">,</c> <w type="IN">in</w> <w type="NN">spite</w> <w type="IN">of</w> <w type="DT">this</w> <c type="pct">,</c> <w type="PPSS">I</w> <c type="pct">,</c> <w type="IN">at</w> <w type="JJ">present</w> <w type="AT">a</w> <w type="NN">man</w> <w type="CD">31</w> <w type="NNS">years</w> <w type="IN">of</w> <w type="NN">age</w> <w type="CC">and</w> <w type="AT">a</w> <w type="NN">College</w> <w type="NN">Professor</w> <c type="pct">,</c> <w type="HV">have</w> <w type="BEN">been</w> <w type="VBN">recalled</w> <c type="pct">``</c> <w type="IN">by</w> <w type="NN">direction</w> <w type="IN">of</w> <w type="AT">the</w> <w type="NN" subtype="TL">President</w> <c type="pct">''</c> <w type="TO">to</w> <w type="VB">report</w> <w type="IN">on</w> <w type="NP">November</w> <w type="OD">25th</w> <w type="IN">to</w> <w type="NN" subtype="TL">Fort</w> <w type="NP" subtype="TL">Devens</w> <c type="pct">,</c> <w type="NP">Massachusetts</w> <c type="pct">,</c> <w type="IN">for</w> <w type="DT">another</w> <w type="CD">twelve</w> <w type="NNS">months</w> <w type="IN">of</w> <w type="JJ">Active</w> <w type="NN">Duty</w> <w type="CS">as</w> <w type="AT">an</w> <w type="NN">Sp</w> <w type="CD">4</w> <c type="pct">(</c> <w type="AT">the</w> <w type="JJ">equivalent</w> <w type="IN">of</w> <w type="AT">a</w> <w type="NN">PFC</w> <c type="pct">)</c> <c type="pct">.</c> </s>
<s n="52"><w type="NR">Today</w> <c type="pct">,</c> <w type="CD">seven</w> <w type="NNS">years</w> <w type="IN">after</w> <w type="AT">the</w> <w type="NN">date</w> <w type="IN">of</w> <w type="PPg">my</w> <w type="JJ">initial</w> <w type="NN">induction</w> <w type="CS">as</w> <w type="AT">a</w> <w type="NN">draftee</w> <c type="pct">,</c> <w type="PPSS">I</w> <w type="BEM">am</w> <w type="JJ" subtype="TL">Assistant</w> <w type="NN" subtype="TL">Professor</w> <w type="IN" subtype="TL">of</w> <w type="NN" subtype="TL">Philosophy</w> <w type="CC" subtype="TL">and</w> <w type="NN" subtype="TL">Science</w> <w type="IN">at</w> <w type="NN" subtype="TL">St.</w> <w type="NPg" subtype="TL">Michael's</w> <w type="NN" subtype="TL">College</w> <c type="pct">.</c> </s>
<s n="53"><w type="CS">For</w> <c type="pct">,</c> <w type="CS">after</w> <w type="VBG">leaving</w> <w type="AT">the</w> <w type="NN" subtype="TL">Army</w> <w type="IN">in</w> <w type="CD">1956</w> <c type="pct">,</c> <w type="PPSS">I</w> <w type="VBD">spent</w> <w type="CD">five</w> <w type="NNS">years</w> <w type="IN">in</w> <w type="JJ">Graduate</w> <w type="NN">School</w> <w type="RB">first</w> <w type="IN">at</w> <w type="NP" subtype="TL">Boston</w> <w type="NN" subtype="TL">College</w> <w type="CC">and</w> <w type="RB">then</w> <w type="IN">at</w> <w type="AT">the</w> <w type="NN" subtype="TL">University</w> <w type="IN" subtype="TL">of</w> <w type="NP" subtype="TL">Toronto</w> <c type="pct">.</c> </s>
<s n="54"><w type="DT">This</w> <w type="NN">time</w> <c type="pct">,</c> <w type="VBN">added</w> <w type="IN">to</w> <w type="DT">that</w> <w type="WDT">which</w> <w type="PPSS">I</w> <w type="HVD">had</w> <w type="RB">already</w> <w type="VBN">spent</w> <w type="IN">in</w> <w type="NN">school</w> <w type="RB">prior</w> <w type="IN">to</w> <w type="PPg">my</w> <w type="NN">induction</w> <w type="IN">in</w> <w type="CD">1954</w> <c type="pct">,</c> <w type="VBZ">makes</w> <w type="AT">a</w> <w type="NN">total</w> <w type="IN">of</w> <w type="CD">twenty-two</w> <c type="pct">(</c> <w type="CD">22</w> <c type="pct">)</c> <w type="NNS">years</w> <w type="IN">of</w> <w type="NN">education</w> <c type="pct">.</c> </s>
</p>
<p><s n="55"><w type="AT">The</w> <w type="NN">possibility</w> <w type="IN">of</w> <w type="NN">recall</w> <w type="IN">into</w> <w type="AT">the</w> <w type="NN" subtype="TL">Army</w> <w type="BEZ">is</w> <w type="NN">part</w> <w type="IN">of</w> <w type="AT">the</w> <w type="NN">price</w> <w type="CS">that</w> <w type="AT">a</w> <w type="JJ">modern</w> <w type="NP">American</w> <w type="HVZ">has</w> <w type="TO">to</w> <w type="VB">pay</w> <w type="IN">for</w> <w type="AT">the</w> <w type="JJ">enviable</w> <w type="NN">heritage</w> <w type="IN">of</w> <w type="NN">liberty</w> <w type="WDT">which</w> <w type="PPS">he</w> <w type="VBZ">enjoys</w> <c type="pct">.</c> </s>
<s n="56"><w type="IN">With</w> <w type="DT">this</w> <w type="AT">no</w> <w type="JJ">loyal</w> <w type="NN">citizen</w> <w type="MD">can</w> <w type="VB">quarrel</w> <c type="pct">.</c> </s>
<s n="57"><w type="WRB">However</w> <c type="pct">,</c> <w type="PPS">it</w> <w type="VBZ">seems</w> <w type="JJ">axiomatic</w> <w type="CS">that</w> <w type="AT">the</w> <w type="NN">government</w> <w type="HVZ">has</w> <w type="AT">an</w> <w type="NN">obligation</w> <c type="pct">``</c> <w type="TO">to</w> <w type="VB">exercise</w> <w type="PPg">its</w> <w type="NN">mandate</w> <w type="RB">reasonably</w> <c type="pct">,</c> <w type="RB">equitably</w> <w type="CC">and</w> <w type="IN">with</w> <w type="JJ">full</w> <w type="NN">regard</w> <w type="IN">for</w> <w type="AT">the</w> <w type="NNS">disruptions</w> <w type="WDT">which</w> <w type="PPS">it</w> <w type="RB">inevitably</w> <w type="VBZ">causes</w> <c type="pct">''</c> <c type="pct">.</c> </s>
<s n="58"><w type="IN">In</w> <w type="PPg">my</w> <w type="JJ">own</w> <w type="NN">case</w> <c type="pct">,</c> <w type="PPSS">I</w> <w type="VB">submit</w> <w type="CS">that</w> <w type="JJ">such</w> <w type="JJ">reasonable</w> <w type="CC">and</w> <w type="JJ">fair</w> <w type="NN">exercise</w> <w type="BEZ">is</w> <w type="RB">woefully</w> <w type="VBG">lacking</w> <c type="pct">.</c> </s>
<s n="59"><w type="VBN">Taken</w> <w type="RB">back</w> <w type="IN">into</w> <w type="AT">the</w> <w type="NN" subtype="TL">Army</w> <w type="RB">now</w> <w type="CS">as</w> <w type="AT">an</w> <w type="NN">Sp</w> <w type="CD">4</w> <c type="pct">,</c> <w type="PPSS">I</w> <w type="BEM">am</w> <w type="VBG">leaving</w> <w type="CD">110</w> <w type="NN">college</w> <w type="NNS">students</w> <w type="WPg">whose</w> <w type="NN">teacher</w> <w type="PPSS">I</w> <w type="BEM">am</w> <c type="pct">.</c> </s>
<s n="60"><c type="pct">(</c> <w type="AT">A</w> <w type="JJ">wry</w> <w type="NN">sidelight</w> <w type="IN">on</w> <w type="DT">this</w> <w type="BEZ">is</w> <w type="CS">that</w> <w type="AP">most</w> <w type="IN">of</w> <w type="PPg">my</w> <w type="NNS">students</w> <w type="HV">have</w> <w type="NNS">deferments</w> <w type="IN">from</w> <w type="AT">the</w> <w type="NN">draft</w> <w type="IN">in</w> <w type="NN">order</w> <w type="TO">to</w> <w type="VB">attend</w> <w type="PPg">my</w> <w type="NNS">classes</w> <c type="pct">.</c> </s>
<s n="61"><c type="pct">)</c> <w type="IN">At</w> <w type="DT">this</w> <w type="JJ">late</w> <w type="NN">date</w> <c type="pct">,</c> <w type="PPS">it</w> <w type="BEZ">is</w> <w type="JJ">impossible</w> <w type="CS">for</w> <w type="NN" subtype="TL">St.</w> <w type="NPg" subtype="TL">Michael's</w> <w type="NN" subtype="TL">College</w> <w type="TO">to</w> <w type="VB">find</w> <w type="AT">a</w> <w type="JJ">suitable</w> <w type="NN">replacement</w> <w type="IN">for</w> <w type="PPO">me</w> <c type="pct">.</c> </s>
<s n="62"><w type="RB">Even</w> <w type="RB">apart</w> <w type="IN">from</w> <w type="AT">the</w> <w type="NN">fact</w> <w type="CS">that</w> <w type="RB">now</w> <w type="IN">at</w> <w type="AT">the</w> <w type="NN">age</w> <w type="IN">of</w> <w type="CD">31</w> <w type="PPg">my</w> <w type="JJ">personal</w> <w type="NN">life</w> <w type="BEZ">is</w> <w type="BEG">being</w> <w type="RB">totally</w> <w type="VBN">disrupted</w> <w type="IN">for</w> <w type="AT">the</w> <w type="OD">second</w> <w type="NN">time</w> <w type="IN">for</w> <w type="AT">no</w> <w type="QL">very</w> <w type="JJ">compelling</w> <w type="NN">reason</w> <c type="pct">--</c> <w type="PPSS">I</w> <mw pos="MD *">cannot </mw><w type="VB">help</w> <w type="VBG">looking</w> <w type="RB">around</w> <w type="IN">at</w> <w type="AT">the</w> <w type="JJ">black</w> <w type="NN">leather</w> <w type="NN">jacket</w> <w type="NNS">brigades</w> <w type="VBG">standing</w> <w type="RB">idly</w> <w type="IN">on</w> <w type="AT">the</w> <w type="NN">street</w> <w type="NNS">corners</w> <w type="CC">and</w> <w type="IN">in</w> <w type="AT">the</w> <w type="NNS">taverns</w> <w type="IN">of</w> <w type="AT">every</w> <w type="JJ">American</w> <w type="NN">city</w> <w type="CC">and</w> <w type="VBG">asking</w> <w type="PPL">myself</w> <w type="CS">if</w> <w type="PPg">our</w> <w type="NN">society</w> <w type="HVZ">has</w> <w type="VBN">gone</w> <w type="JJ">mad</w> <c type="pct">.</c> </s>
</p>
<p><s n="63"><w type="NN" subtype="HL">Mercenary</w> <c type="pct">:</c> <w type="NN" subtype="HL">term</w> <w type="IN" subtype="HL">of</w> <w type="NN" subtype="HL">honor</w> <c type="pct">?</c> <c type="pct">?</c> </s>
</p>
<p><s n="64"><w type="IN">In</w> <w type="NN">news</w> <w type="NNS">broadcasts</w> <w type="PPSS">I</w> <w type="RB">consistently</w> <w type="VB">hear</w> <w type="AT">the</w> <w type="JJ">foreign</w> <w type="NNS">volunteers</w> <w type="VBG">fighting</w> <w type="IN">in</w> <w type="AT">the</w> <w type="NP" subtype="TL">Katanga</w> <w type="NN" subtype="TL">Army</w> <w type="VBN">referred</w> <w type="IN">to</w> <w type="CS">as</w> <w type="NNS">mercenaries</w> <c type="pct">.</c> </s>
<s n="65"><w type="DT">This</w> <w type="VBZ">confuses</w> <w type="PPO">me</w> <w type="AT">no</w> <w type="NN">end</w> <c type="pct">.</c> </s>
<s n="66"><w type="CS">If</w> <w type="AT">the</w> <w type="JJ">Hessian</w> <w type="NNS">troops</w> <w type="VBN">sent</w> <w type="RB">here</w> <w type="RB">willy-nilly</w> <w type="IN">by</w> <w type="AT">the</w> <w type="JJ">Hessian</w> <w type="NN" subtype="TL">Government</w> <w type="TO">to</w> <w type="VB">fight</w> <w type="IN">for</w> <w type="NP">England</w> <w type="IN">in</w> <w type="AT">the</w> <w type="NNS">1770's</w> <w type="BED">were</w> <w type="NNS">mercenaries</w> <c type="pct">,</c> <w type="WDT">what</w> <w type="MD">shall</w> <w type="PPSS">we</w> <w type="VB">call</w> <w type="AT">the</w> <w type="NN">UN</w> <w type="NNS">troops</w> <w type="VBN">sent</w> <w type="IN">to</w> <w type="AT">the</w> <w type="NP">Congo</w> <w type="RB">willy-nilly</w> <w type="IN">by</w> <w type="PPg">their</w> <w type="NNS">governments</w> <w type="TO">to</w> <w type="VB">fight</w> <w type="IN">for</w> <w type="AT">the</w> <w type="VBN" subtype="TL">United</w> <w type="NNS" subtype="TL">Nations</w> <c type="pct">?</c> <c type="pct">?</c> </s>
<s n="67"><w type="CS">If</w> <w type="AT">the</w> <w type="NN">UN</w> <w type="NNS">troops</w> <w type="BER">are</w> <w type="NEG">not</w> <w type="NNS">mercenaries</w> <w type="RB">then</w> <w type="AT">the</w> <w type="NPS">Hessians</w> <w type="BED">were</w> <w type="NEG">not</w> <w type="NNS">mercenaries</w> <w type="RB">either</w> <c type="pct">.</c> </s>
<s n="68"><w type="CC">And</w> <w type="CS">if</w> <w type="AT">the</w> <w type="NNS">foreigners</w> <w type="VBG">fighting</w> <w type="IN">in</w> <w type="AT">the</w> <w type="NP" subtype="TL">Katanga</w> <w type="NN" subtype="TL">Army</w> <w type="BER">are</w> <w type="NNS">mercenaries</w> <w type="JJ">then</w> <w type="NP" subtype="TL">Lafayette</w> <w type="CC">and</w> <w type="NP">Von</w> <w type="NP">Steuben</w> <w type="BED">were</w> <w type="NNS">mercenaries</w> <w type="RB">too</w> <c type="pct">,</c> <w type="CS">as</w> <w type="BED">were</w> <w type="RB">also</w> <w type="AT">the</w> <w type="NNS">members</w> <w type="IN">of</w> <w type="AT">the</w> <w type="NP" subtype="TL">Lafayette</w> <w type="NN" subtype="FW">Escadrille</w> <w type="IN">in</w> <w type="AT">the</w> <w type="JJ">early</w> <w type="NN">part</w> <w type="IN">of</w> <w type="NN" subtype="TL">World</w> <w type="NN" subtype="TL">War</w> <w type="CD" subtype="TL">1</w> <c type="pct">,</c> <w type="CC">and</w> <w type="IN">of</w> <w type="NPg">Chennault's</w> <w type="VBG" subtype="TL">Flying</w> <w type="NNS" subtype="TL">Tigers</w> <w type="IN">in</w> <w type="AT">the</w> <w type="JJ">early</w> <w type="NNS">days</w> <w type="IN">of</w> <w type="NN" subtype="TL">World</w> <w type="NN" subtype="TL">War</w> <w type="CD" subtype="TL">2</w> <c type="pct">.</c> </s>
</p>
<p><s n="69"><w type="JJ" subtype="HL">Modern</w> <w type="JJ" subtype="HL">postal</w> <w type="NN" subtype="HL">slogan</w> </s>
<s n="70"><w type="PPS">It</w> <mw pos="DOZ *">doesn't </mw><w type="VB">take</w> <w type="AT">a</w> <w type="NP">Gore</w> <w type="NP">Vidal</w> <w type="TO">to</w> <w type="VB">tell</w> <w type="PPO">you</w> <mw pos="WDT BEZ">what's </mw><w type="JJ">wrong</w> <w type="IN">with</w> <w type="JJ">Cherokee</w> <w type="NNg" subtype="TL">Textile's</w> <w type="NN">slogan</w> <c type="pct">(</c> <w type="NP" subtype="TL">Pitney-Bowes</w> <w type="VBZ" subtype="TL">Objects</w> <c type="pct">''</c> <c type="pct">,</c> <w type="NP">July</w> <w type="CD">1</w> <c type="pct">)</c> <c type="pct">.</c> </s>
<s n="71"><mw pos="PPS BEZ">It's </mw><w type="AT">an</w> <w type="JJ">eighteenth-century</w> <w type="JJ">negative</w> <c type="pct">,</c> <w type="NN">man</w> <c type="pct">!</c> <c type="pct">!</c> </s>
<s n="72"><w type="VB">Suggest</w> <w type="AT">the</w> <w type="VBG">following</w> <w type="NN">twenty-first-century</w> <w type="NN">amendment</w> <c type="pct">:</c> <w type="IN">By</w> <w type="VBG">moving</w> <w type="AT">the</w> <w type="NN">term</w> <c type="pct">``</c> <w type="NN" subtype="TL">Republic</w> <c type="pct">''</c> <w type="IN">to</w> <w type="JJR">lower</w> <w type="NN">case</w> <c type="pct">,</c> <w type="VBG">substituting</w> <w type="AT">the</w> <w type="JJ">modern</w> <w type="NN">phrase</w> <c type="pct">,</c> <c type="pct">``</c> <w type="VB">move</w> <w type="RB">ahead</w> <c type="pct">''</c> <w type="IN">for</w> <w type="AT">the</w> <w type="JJ">stodgy</w> <c type="pct">``</c> <w type="NN">keep</w> <c type="pct">''</c> <c type="pct">,</c> <w type="CC">and</w> <w type="IN">by</w> <w type="VBG">using</w> <w type="AT">the</w> <w type="NNg" subtype="TL">Postmaster's</w> <w type="NN">name</w> <w type="IN">on</w> <w type="AT">every</w> <w type="NN">envelope</w> <c type="pct">(</c> <w type="IN">in</w> <w type="NNS">caps</w> <c type="pct">,</c> <w type="IN">of</w> <w type="NN">course</w> <c type="pct">,</c> <w type="IN">with</w> <w type="AT">the</w> <c type="pct">``</c> <w type="IN" subtype="NC">in</w> <w type="NN">spite</w> <c type="pct">''</c> <w type="QL">as</w> <w type="VBN">faded</w> <w type="CS">as</w> <w type="JJ">possible</w> <c type="pct">)</c> <c type="pct">,</c> <w type="AT">the</w> <w type="NN">slogan</w> <mw pos="MD *">cannot </mw><w type="VB">fail</w> <c type="pct">.</c> </s>
</p>
<p><s n="73"><w type="AT" subtype="HL">The</w> <w type="VBG" subtype="HL">impending</w> <w type="NN" subtype="HL">death</w> <w type="IN" subtype="HL">of</w> <w type="NP" subtype="HL">Pope</w> </s>
<s n="74"><w type="IN">In</w> <w type="AT">the</w> <w type="NN">issue</w> <w type="IN">of</w> <w type="NP">March</w> <w type="CD">5</w> <c type="pct">,</c> <w type="CD">1960</w> <w type="PPSS">you</w> <w type="HVD">had</w> <w type="AT">an</w> <w type="JJ">excellent</w> <w type="NN">editorial</w> <w type="WDT">which</w> <w type="VBD">said</w> <c type="pct">:</c> </s>
</p>
<p><s n="75"><c type="pct">``</c> <w type="IN">On</w> <w type="NN">trial</w> <w type="IN">in</w> <w type="NP">Jakarta</w> <w type="IN">for</w> <w type="HVG">having</w> <w type="VBN">flown</w> <w type="IN">for</w> <w type="AT">the</w> <w type="JJ">Indonesian</w> <w type="JJ">anti-Communist</w> <w type="NNS">insurgents</w> <c type="pct">,</c> <w type="NP">U.S.</w> <w type="NN">pilot</w> <w type="NP">Alan</w> <w type="NP">Lawrence</w> <w type="NP">Pope</w> <w type="RB">boldly</w> <w type="VBD">told</w> <w type="AT">the</w> <w type="NN">court</w> <w type="CS">that</w> <w type="IN">in</w> <w type="VBG">supporting</w> <w type="AT">the</w> <w type="NN">freedom</w> <w type="NNS">fighters</w> <c type="pct">,</c> <w type="PPS">he</w> <w type="BEDZ">was</w> <w type="RB">actually</w> <w type="VBG">defending</w> <w type="AT">the</w> <w type="NN">sovereignty</w> <w type="CC">and</w> <w type="NN">independence</w> <w type="IN">of</w> <w type="NP">Indonesia</w> <c type="pct">.</c> </s>
<s n="76"><w type="VBG">Facing</w> <w type="AT">a</w> <w type="NN">prosecution</w> <w type="WDT">which</w> <w type="HVZ">has</w> <w type="VBN">demanded</w> <w type="AT">the</w> <w type="NN">death</w> <w type="NN">penalty</w> <c type="pct">,</c> <w type="PPS">he</w> <w type="VBD">said</w> <c type="pct">:</c> <c type="pct">'</c> <w type="PPSS">I</w> <w type="HV">have</w> <w type="VBN">participated</w> <w type="IN">in</w> <w type="AT">the</w> <w type="NN">war</w> <w type="IN">against</w> <w type="NN" subtype="TL">Communism</w> <w type="IN">in</w> <w type="NP">Korea</w> <w type="CC">and</w> <w type="IN">at</w> <w type="NP">Dienbienphu</w> <c type="pct">,</c> <w type="CC">and</w> <w type="PPSS">I</w> <w type="HV">have</w> <w type="VBN">helped</w> <w type="IN">in</w> <w type="AT">the</w> <w type="NN">evacuation</w> <w type="IN">of</w> <w type="JJ" subtype="TL">North</w> <w type="NPS">Vietnamese</w> <w type="IN">to</w> <w type="AT">the</w> <w type="JJ">free</w> <w type="NN">world</w> <c type="pct">.</c> </s>
<s n="77"><w type="PPSS">I</w> <w type="HV">have</w> <w type="VBN">done</w> <w type="ABN">all</w> <w type="DT">this</w> <w type="IN">for</w> <w type="AT">the</w> <w type="NN">freedom</w> <w type="IN">of</w> <w type="AT">the</w> <w type="NNS">individuals</w> <w type="VBN">concerned</w> <w type="CC">and</w> <w type="RB">also</w> <w type="IN">for</w> <w type="AT">the</w> <w type="NNS">states</w> <w type="WDT">which</w> <w type="HV">have</w> <w type="BEN">been</w> <w type="VBN">threatened</w> <w type="IN">by</w> <w type="NN" subtype="TL">Communist</w> <w type="NN">domination</w> <c type="pct">.</c> </s>
<s n="78"><w type="IN">At</w> <w type="AP">least</w> <w type="IN">in</w> <w type="NP">Indonesia</w> <c type="pct">,</c> <w type="NP">Khrushchev</w> <w type="VBD">found</w> <w type="AT">an</w> <w type="NP">American</w> <w type="JJ">proud</w> <w type="TO">to</w> <w type="BE">be</w> <w type="IN">at</w> <w type="JJ">total</w> <w type="NN">war</w> <w type="IN">with</w> <w type="NN" subtype="TL">Communism</w> <c type="pct">''</c> <c type="pct">!</c> <c type="pct">!</c> </s>
</p>
<p><s n="79"><w type="IN">Since</w> <w type="RB">then</w> <w type="PN">nothing</w> <w type="HVZ">has</w> <w type="VBN">happened</w> <w type="TO">to</w> <w type="VB">save</w> <w type="AT">the</w> <w type="NN">life</w> <w type="IN">of</w> <w type="NP">Pope</w> <c type="pct">.</c> </s>
<s n="80"><w type="PPSS">I</w> <w type="VBD">found</w> <w type="RB">recently</w> <w type="AT">a</w> <w type="QL">very</w> <w type="JJ">small</w> <w type="NN">article</w> <w type="IN">in</w> <w type="AT">the</w> <w type="JJ" subtype="TL">New</w> <w type="NP" subtype="TL">York</w> <w type="NNS" subtype="TL">Times</w> <c type="pct">:</c> </s>
</p>
<p><s n="81"><c type="pct">``</c> <w type="NP" subtype="TL">U.S.</w> <w type="NN" subtype="TL">Flier</w> <w type="VBZ" subtype="TL">Loses</w> <w type="NN" subtype="TL">Plea</w> <c type="pct">.</c> </s>
<s n="82"><w type="NP" subtype="TL">Indonesia</w> <w type="NN" subtype="TL">Court</w> <w type="VBZ" subtype="HL">Upholds</w> <w type="NPg">Pope's</w> <w type="NN" subtype="TL">Death</w> <w type="NN" subtype="TL">Sentence</w> <c type="pct">.</c> </s>
<s n="83"><c type="pct">--</c> <w type="NP" subtype="TL">Indonesia</w> <w type="JJ" subtype="TL">Military</w> <w type="JJ" subtype="TL">Supreme</w> <w type="NN" subtype="TL">Court</w> <w type="HVZ">has</w> <w type="VBN">confirmed</w> <w type="AT">the</w> <w type="NN">death</w> <w type="NN">sentence</w> <w type="VBN">passed</w> <w type="IN">on</w> <w type="NP">Alan</w> <w type="NP">Lawrence</w> <w type="NP">Pope</w> <c type="pct">,</c> <w type="AT">an</w> <w type="JJ">American</w> <w type="NN">pilot</w> <c type="pct">.</c> </s>
<s n="84"><w type="NP">Pope</w> <w type="BEDZ">was</w> <w type="VBN">convicted</w> <w type="AP">last</w> <w type="NN">year</w> <w type="IN">of</w> <w type="HVG">having</w> <w type="VBN">aided</w> <w type="JJ" subtype="TL">North</w> <w type="NP" subtype="TL">Celebes</w> <w type="NNS">rebels</w> <w type="IN">by</w> <w type="VBG">flying</w> <w type="VBG">bombing</w> <w type="NNS">missions</w> <c type="pct">.</c> </s>
<s n="85"><w type="PPS">He</w> <w type="HVZ">has</w> <w type="BEN">been</w> <w type="IN">in</w> <w type="NN">prison</w> <w type="IN">since</w> <w type="NP">May</w> <c type="pct">,</c> <w type="CD">1958</w> <c type="pct">,</c> <w type="WRB">when</w> <w type="PPg">his</w> <w type="NN">aircraft</w> <w type="BEDZ">was</w> <w type="VBN">shot</w> <w type="RP">down</w> <w type="IN">over</w> <w type="NPS">Moluccas</w> <c type="pct">.</c> </s>
<s n="86"><w type="PPS">He</w> <w type="MD">may</w> <w type="VB">appeal</w> <w type="IN">to</w> <w type="NN" subtype="TL">President</w> <w type="NP">Sukarno</w> <w type="IN">for</w> <w type="NN">clemency</w> <c type="pct">''</c> <c type="pct">.</c> </s>
</p>
<p><s n="87"><w type="CS">As</w> <w type="PPSS">we</w> <w type="VB">see</w> <c type="pct">,</c> <w type="NP">Pope</w> <w type="MD">may</w> <w type="VB">appeal</w> <w type="IN">to</w> <w type="NN" subtype="TL">President</w> <w type="NP">Sukarno</w> <c type="pct">,</c> <w type="NPg">Khrushchev's</w> <w type="NN">friend</w> <c type="pct">,</c> <w type="IN">for</w> <w type="NN">clemency</w> <c type="pct">.</c> </s>
<s n="88"><w type="DT">This</w> <w type="NN">possibility</w> <w type="BEZ">is</w> <w type="PN">anything</w> <w type="IN">but</w> <w type="VBG">reassuring</w> <c type="pct">.</c> </s>
</p>
<p><s n="89"><w type="AT">The</w> <w type="NP" subtype="TL">Eleanor</w> <w type="NP" subtype="TL">Roosevelt</w> <w type="NN" subtype="TL">Tractor</w> <w type="NN" subtype="TL">Committee</w> <w type="VBZ">acts</w> <w type="IN">on</w> <w type="NN">behalf</w> <w type="IN">of</w> <w type="AT">the</w> <w type="JJ">Cuban</w> <w type="NN">freedom</w> <w type="NNS">fighters</w> <c type="pct">.</c> </s>
<s n="90"><w type="CC">But</w> <w type="WPS">who</w> <w type="MD">will</w> <w type="VB">act</w> <w type="RB">now</w> <w type="CC">and</w> <w type="RB">immediately</w> <w type="TO">to</w> <w type="VB">save</w> <w type="AT">the</w> <w type="NN">life</w> <w type="IN">of</w> <w type="NP">Alan</w> <w type="NP">Pope</w> <c type="pct">?</c> <c type="pct">?</c> </s>
<s n="91"><w type="BER">Are</w> <w type="NNS">tractors</w> <w type="JJ">available</w> <w type="IN">for</w> <w type="PPO">him</w> <c type="pct">?</c> <c type="pct">?</c> </s>
<s n="92"><w type="DOZ">Does</w> <w type="PN">anybody</w> <w type="VB">think</w> <w type="IN">of</w> <w type="VBG">saving</w> <w type="AT">the</w> <w type="NN">life</w> <w type="IN">of</w> <w type="AT">an</w> <w type="JJ">anti-Communist</w> <w type="JJ">American</w> <w type="NN">pilot</w> <c type="pct">?</c> <c type="pct">?</c> </s>
</p>
<p><s n="93"><w type="AT" subtype="HL">An</w> <w type="NN" subtype="HL">analogy</w> </s>
<s n="94"><w type="AT">A</w> <w type="AP">few</w> <w type="NNS">days</w> <w type="CS">before</w> <w type="PPSS">I</w> <w type="VBD">saw</w> <w type="PPg">your</w> <w type="NN">mention</w> <w type="IN">of</w> <w type="WDT">what</w> <w type="NP" subtype="TL">Texas</w> <w type="NNS" subtype="TL">Liberals</w> <w type="BED">were</w> <w type="VBG">doing</w> <w type="TO">to</w> <w type="VB">promote</w> <c type="pct">``</c> <w type="NP">Louis</w> <w type="NP">Capet</w> <c type="pct">''</c> <c type="pct">(</c> <w type="AT" subtype="TL">The</w> <w type="NN" subtype="TL">Week</w> <c type="pct">''</c> <c type="pct">,</c> <w type="NP">June</w> <w type="CD">3</w> <c type="pct">)</c> <c type="pct">,</c> <w type="DT">another</w> <w type="NN">analogy</w> <w type="HVD">had</w> <w type="VBN">occurred</w> <w type="IN">to</w> <w type="PPO">me</w> <c type="pct">.</c> </s>
</p>
<p><s n="95"><w type="VB">Consider</w> <w type="DT">this</w> <w type="NN">table</w> <c type="pct">:</c> <w type="CD">1</w> <c type="pct">.</c> </s>
</p>
<p><s n="96"><w type="NP">Louis</w> <w type="CD" subtype="TL">14</w> <c type="pct">,</c> <c type="pct">--</c> <w type="NN">Aj</w> <c type="pct">.</c> </s>
<s n="97"><c type="pct">``</c> <w type="IN">With</w> <w type="AT">no</w> <w type="JJ">strong</w> <w type="NNS">men</w> <w type="CC">and</w> <w type="AT">no</w> <w type="NN">parliament</w> <w type="TO">to</w> <w type="VB">dispute</w> <w type="PPg">his</w> <w type="NN">will</w> <c type="pct">,</c> <w type="PPS">he</w> <w type="BEDZ">was</w> <w type="AT">the</w> <w type="NN">government</w> <c type="pct">''</c> <c type="pct">.</c> </s>
<s n="98"><w type="CD">2</w> <c type="pct">.</c> </s>
</p>
<p><s n="99"><w type="NN" subtype="TL">Regency</w> <c type="pct">--</c> <w type="NP">Truman</w> <c type="pct">.</c> </s>
<s n="100"><c type="pct">``</c> <w type="AT">A</w> <c type="pct">'</c> <w type="JJ">dust-settling</w> <c type="pct">'</c> <w type="NN">period</w> <w type="IN">of</w> <w type="NN">decadence</w> <w type="CC">and</w> <w type="NN">decline</w> <c type="pct">''</c> <c type="pct">.</c> </s>
<s n="101"><w type="CD">3</w> <c type="pct">.</c> </s>
</p>
<p><s n="102"><w type="NP">Louis</w> <w type="CD" subtype="TL">15</w> <c type="pct">,</c> <c type="pct">--</c> <w type="NP">Eisenhower</w> <c type="pct">.</c> </s>
<s n="103"><c type="pct">``</c> <w type="PPS">He</w> <w type="VBD">opened</w> <w type="PPg">his</w> <w type="NN">mouth</w> <c type="pct">,</c> <w type="VBD">said</w> <w type="AP">little</w> <c type="pct">,</c> <w type="CC">and</w> <w type="VBD">thought</w> <w type="NEG">not</w> <w type="IN">at</w> <w type="ABN">all</w> <c type="pct">''</c> <c type="pct">.</c> </s>
<s n="104"><w type="CD">4</w> <c type="pct">.</c> </s>
</p>
<p><s n="105"><w type="NP">Louis</w> <w type="CD" subtype="TL">16</w> <c type="pct">,</c> <c type="pct">--</c> <w type="NP">Kennedy</w> <c type="pct">.</c> </s>
<s n="106"><c type="pct">``</c> <w type="NEG">Not</w> <w type="QL">completely</w> <w type="JJ">virtuous</w> <c type="pct">,</c> <w type="CC">but</w> <w type="QL">completely</w> <w type="JJ">incompetent</w> <c type="pct">''</c> <c type="pct">.</c> </s>
</p>
<p><s n="107"><w type="CC">And</w> <w type="NP">Marie</w> <w type="NP">Antoinette</w> <c type="pct">--</c> <w type="NP">Jacqueline</w> <w type="NP">Bouvier</w> <c type="pct">.</c> </s>
<s n="108"><c type="pct">``</c> <w type="AT">The</w> <w type="JJ">beautiful</w> <w type="CC">and</w> <w type="JJ">light-hearted</w> <c type="pct">''</c> <c type="pct">.</c> </s>
<s n="109"><w type="CD">5</w> <c type="pct">.</c> </s>
</p>
<p><s n="110"><w type="JJ" subtype="TL">French</w> <w type="NN" subtype="TL">Revolution</w> <c type="pct">--</c> <w type="JJ">Conservative</w> <w type="NN" subtype="TL">Revolution</w> <c type="pct">?</c> <c type="pct">?</c> </s>
</p>
<p><s n="111"><w type="RB">Truly</w> <c type="pct">,</c> <w type="CS">that</w> <w type="NNS" subtype="TL">Liberals</w> <w type="MD">should</w> <w type="VB">choose</w> <w type="NP">Louis</w> <w type="CD" subtype="TL">14</w> <c type="pct">,</c> <w type="CS">as</w> <w type="AT">a</w> <w type="NN">bogey-symbol</w> <w type="IN">of</w> <w type="NN">conservatism</w> <w type="BEZ">is</w> <w type="QL">grotesquely</w> <w type="JJ">ironic</w> <c type="pct">,</c> <w type="IN">considering</w> <w type="AT">the</w> <w type="NP">Louis</w> <w type="CD" subtype="TL">14</w> <c type="pct">,</c> <w type="NN">character</w> <w type="IN">of</w> <w type="PPg">their</w> <w type="JJ" subtype="FW">Grand</w> <w type="NN" subtype="FW">Monarque</w> <c type="pct">,</c> <w type="NN">FDR</w> <c type="pct">:</c> <w type="NEG">not</w> <w type="RB">only</w> <w type="IN">in</w> <w type="PPg">his</w> <w type="NN">accretion</w> <w type="IN">of</w> <w type="JJ">absolute</w> <w type="NN">power</w> <w type="CC">and</w> <w type="JJ">personal</w> <w type="NN">deification</w> <c type="pct">,</c> <c type="pct">(</c> <w type="AT" subtype="FW">le</w> <w type="NN" subtype="FW">roi</w> <w type="VBZ" subtype="FW">gouverne</w> <w type="IN" subtype="FW">par</w> <w type="PPO" subtype="FW">lui</w> <w type="JJ" subtype="FW">meme</w> <c type="pct">)</c> <c type="pct">,</c> <w type="CC">but</w> <w type="IN">in</w> <w type="AT">the</w> <w type="JJ">disastrous</w> <w type="NNS">effects</w> <w type="IN">of</w> <w type="PPg">his</w> <w type="VBG">spending</w> <w type="CC">and</w> <w type="NN">war</w> <w type="NNS">policies</w> <c type="pct">.</c> </s>
</p>
<p><s n="112"><w type="IN">In</w> <w type="VBG">defeating</w> <c type="pct">``</c> <w type="NP">Louis</w> <w type="NP">Capet</w> <c type="pct">''</c> <c type="pct">,</c> <w type="NP">John</w> <w type="NPg">Tower's</w> <w type="NN">victory</w> <w type="IN">in</w> <w type="NP">Texas</w> <w type="VBZ">signals</w> <c type="pct">,</c> <w type="RB">once</w> <w type="RB">again</w> <c type="pct">,</c> <w type="AT">the</w> <w type="NN">end</w> <w type="IN">of</w> <w type="AT">the</w> <w type="JJ">divine</w> <w type="NN">right</w> <w type="IN">of</w> <w type="NN" subtype="TL">Liberalism</w> <c type="pct">.</c> </s>
</p>
<p></p></body></text></TEI>
