<TEI xmlns="http://www.tei-c.org/ns/1.0"><teiHeader><fileDesc><titleStmt><title>Sample C12 from  The Christian Science Monitor, October 17, 1961, p.4
 </title><title type="sub">"Growing Service..." by Frederick H. Guidry 
"Nostalgia for the Human" by Dorothy Grafly 
"Beethoven Heard..." by Louis Chapin 
</title></titleStmt><editionStmt><edition>A part  of the XML version of the Brown Corpus</edition></editionStmt><extent>2,058 words 159 (7.7%) quotes 9 symbols</extent><publicationStmt><idno>C12</idno><availability><p>Used by permission of The Christian Science Monitor</p></availability></publicationStmt><sourceDesc><bibl> The Christian Science Monitor, October 17, 1961, p.4
 </bibl></sourceDesc></fileDesc><encodingDesc><p>Typographical Errors: Futhermore [0330]and and [0770]predominately [0490]</p></encodingDesc><revisionDesc><change when="2008-04-27">Header auto-generated for TEI version</change></revisionDesc></teiHeader>
<text xml:id="C12" decls="C">
<body><p><s n="1"><w type="NN">Radio</w> <w type="BEZ">is</w> <w type="RB">easily</w> <w type="VBG">outdistancing</w> <w type="NN">television</w> <w type="IN">in</w> <w type="PPg">its</w> <w type="NNS">strides</w> <w type="TO">to</w> <w type="VB">reach</w> <w type="AT">the</w> <w type="NN">minority</w> <w type="NN">listener</w> <c type="pct">.</c> </s>
<s n="2"><w type="JJR">Lower</w> <w type="NNS">costs</w> <w type="CC">and</w> <w type="AT">a</w> <w type="JJR">larger</w> <w type="NN">number</w> <w type="IN">of</w> <w type="NNS">stations</w> <w type="BER">are</w> <w type="AT">the</w> <w type="JJS">key</w> <w type="NNS">factors</w> <w type="VBG">making</w> <w type="JJ">such</w> <w type="NN">specialization</w> <w type="JJ">possible</w> <c type="pct">.</c> </s>
</p>
<p><s n="3"><w type="AT">The</w> <w type="VBG">mushrooming</w> <w type="IN">of</w> <w type="NN">FM</w> <w type="NNS">outlets</w> <c type="pct">,</c> <w type="VBG">offering</w> <w type="NNS">concerts</w> <c type="pct">(</c> <w type="ABX">both</w> <w type="NN">jazz</w> <w type="CC">and</w> <w type="JJ">classical</w> <c type="pct">)</c> <c type="pct">,</c> <w type="NNS">lectures</w> <c type="pct">,</c> <w type="CC">and</w> <w type="AP">other</w> <w type="JJ">special</w> <w type="NNS">events</w> <c type="pct">,</c> <w type="BEZ">is</w> <w type="AT">a</w> <w type="NN">phenomenon</w> <w type="WDT">which</w> <w type="HVZ">has</w> <w type="HVN">had</w> <w type="AT">a</w> <w type="JJ">fair</w> <w type="NN">amount</w> <w type="IN">of</w> <w type="NN">publicity</w> <c type="pct">.</c> </s>
</p>
<p><s n="4"><w type="NEG">Not</w> <w type="QL">so</w> <w type="QL">well</w> <w type="VBN">known</w> <w type="BEZ">is</w> <w type="AT">the</w> <w type="NN">growth</w> <w type="IN">of</w> <w type="VBG">broadcasting</w> <w type="NNS">operations</w> <w type="VBN">aimed</w> <w type="RB">wholly</w> <w type="CC">or</w> <w type="RB">partly</w> <w type="IN">at</w> <w type="NP">Negro</w> <w type="NNS">listeners</w> <c type="pct">--</c> <w type="AT">an</w> <w type="NN">audience</w> <w type="WDT">which</w> <c type="pct">,</c> <w type="IN">in</w> <w type="AT">the</w> <w type="VBN" subtype="TL">United</w> <w type="NNS" subtype="TL">States</w> <c type="pct">,</c> <w type="VBZ">comprises</w> <w type="RB">some</w> <w type="CD">19,000,000</w> <w type="NNS">people</w> <w type="IN">with</w> <w type="NNS">$20,000,000,000</w> <w type="TO">to</w> <w type="VB">spend</w> <w type="DT">each</w> <w type="NN">year</w> <c type="pct">.</c> </s>
</p>
<p><s n="5"><w type="IN">Of</w> <w type="NN">course</w> <c type="pct">,</c> <w type="AT">the</w> <w type="JJ">nonwhite</w> <w type="NN">listener</w> <w type="DOZ">does</w> <w type="PPg">his</w> <w type="NN">share</w> <w type="IN">of</w> <w type="NN">television</w> <w type="NN">watching</w> <c type="pct">.</c> </s>
<s n="6"><w type="PPS">He</w> <w type="RB">even</w> <w type="VBZ">buys</w> <w type="AT">a</w> <w type="NN">lot</w> <w type="IN">of</w> <w type="AT">the</w> <w type="NNS">products</w> <w type="PPS">he</w> <w type="VBZ">sees</w> <w type="VBN">advertised</w> <c type="pct">--</c> <w type="IN">despite</w> <w type="AT">the</w> <w type="NN">fact</w> <w type="CS">that</w> <w type="AT">the</w> <w type="NN">copy</w> <w type="VBZ">makes</w> <w type="AT">no</w> <w type="JJ">special</w> <w type="NN">bid</w> <w type="IN">for</w> <w type="PPg">his</w> <w type="NN">favor</w> <w type="CC">and</w> <w type="NNS">sponsors</w> <w type="RB">rarely</w> <w type="VB">use</w> <w type="DTI">any</w> <w type="IN">but</w> <w type="JJ">white</w> <w type="NNS">models</w> <w type="IN">in</w> <w type="NNS">commercials</w> <c type="pct">.</c> </s>
</p>
<p><s n="7"><w type="CC">But</w> <w type="AT">the</w> <w type="VBG">growing</w> <w type="NN">number</w> <w type="IN">of</w> <w type="JJ">Negro-appeal</w> <w type="NN">radio</w> <w type="NNS">stations</w> <c type="pct">,</c> <w type="CC">plus</w> <w type="NN">evidence</w> <w type="IN">of</w> <w type="JJ">strong</w> <w type="NN">listener</w> <w type="NN">support</w> <w type="IN">of</w> <w type="PPg">their</w> <w type="NNS">advertisers</w> <c type="pct">,</c> <w type="VB">give</w> <w type="NN">time</w> <w type="NNS">salesmen</w> <w type="AT">an</w> <w type="JJ">impressive</w> <w type="NN">argument</w> <w type="CS">as</w> <w type="PPSS">they</w> <w type="VB">approach</w> <w type="JJ">new</w> <w type="NNS">prospects</w> <c type="pct">.</c> </s>
<s n="8"><w type="PPS">It</w> <w type="BEZ">is</w> <w type="VBN">estimated</w> <w type="CS">that</w> <w type="AP">more</w> <w type="IN">than</w> <w type="CD">600</w> <w type="NNS">stations</w> <c type="pct">(</c> <w type="IN">of</w> <w type="AT">a</w> <w type="NN">total</w> <w type="IN">of</w> <w type="CD">3,400</w> <c type="pct">)</c> <w type="DO">do</w> <w type="AT">a</w> <w type="JJ">significant</w> <w type="VB">amount</w> <w type="IN">of</w> <w type="VBG">programing</w> <w type="IN">for</w> <w type="AT">the</w> <w type="NP">Negro</w> <c type="pct">.</c> </s>
<s n="9"><w type="IN">At</w> <w type="AP">least</w> <w type="CD">60</w> <w type="NNS">stations</w> <w type="VB">devote</w> <w type="ABN">all</w> <w type="IN">of</w> <w type="PPg">their</w> <w type="NN">time</w> <w type="IN">to</w> <w type="VBG">reaching</w> <w type="DT">this</w> <w type="NN">audience</w> <w type="IN">in</w> <w type="RB">about</w> <w type="ABN">half</w> <w type="IN">of</w> <w type="AT">the</w> <w type="CD">50</w> <w type="NNS">states</w> <c type="pct">.</c> </s>
</p>
<p><s n="10"><w type="DTS">These</w> <w type="CC">and</w> <w type="AP">other</w> <w type="NNS">figures</w> <w type="CC">and</w> <w type="NNS">comments</w> <w type="HV">have</w> <w type="BEN">been</w> <w type="VBN">reported</w> <w type="IN">in</w> <w type="AT">a</w> <w type="JJ">special</w> <w type="NN">supplement</w> <w type="IN">of</w> <w type="NN" subtype="TL">Sponsor</w> <w type="NN">magazine</w> <c type="pct">,</c> <w type="AT">a</w> <w type="NN">trade</w> <w type="NN">publication</w> <w type="IN">for</w> <w type="NN">radio</w> <w type="CC">and</w> <w type="NN">TV</w> <w type="NNS">advertisers</w> <c type="pct">.</c> </s>
<s n="11"><w type="IN">For</w> <w type="CD">10</w> <w type="NNS">years</w> <w type="NN" subtype="TL">Sponsor</w> <w type="HVZ">has</w> <w type="VBN">issued</w> <w type="AT">an</w> <w type="JJ">annual</w> <w type="NN">survey</w> <w type="IN">of</w> <w type="AT">the</w> <w type="NN">size</w> <w type="CC">and</w> <w type="NNS">characteristics</w> <w type="IN">of</w> <w type="AT">the</w> <w type="NP">Negro</w> <w type="NN">market</w> <w type="CC">and</w> <w type="IN">of</w> <w type="JJ">successful</w> <w type="NNS">techniques</w> <w type="IN">for</w> <w type="VBG">reaching</w> <w type="DT">this</w> <w type="NN">market</w> <w type="IN">through</w> <w type="NN">radio</w> <c type="pct">.</c> </s>
</p>
<p><s n="12"><w type="IN">In</w> <w type="AT">the</w> <w type="AP">past</w> <w type="CD">10</w> <w type="NNS">years</w> <c type="pct">,</c> <w type="NN" subtype="TL">Sponsor</w> <w type="VBZ">observes</w> <c type="pct">,</c> <w type="DTS">these</w> <w type="NNS">trends</w> <w type="HV">have</w> <w type="VBN">become</w> <w type="JJ">apparent</w> <c type="pct">:</c> </s>
<s n="13"><w type="NP">Negro</w> <w type="NN">population</w> <w type="IN">in</w> <w type="AT">the</w> <w type="NP">U.S.</w> <w type="HVZ">has</w> <w type="VBN">increased</w> <w type="CD">25</w> <w type="IN">per</w> <w type="NN">cent</w> <w type="CS">while</w> <w type="AT">the</w> <w type="JJ">white</w> <w type="NN">population</w> <w type="BEDZ">was</w> <w type="VBG">growing</w> <w type="IN">by</w> <w type="CD">18</w> <w type="IN">per</w> <w type="NN">cent</w> <c type="pct">.</c> </s>
<s n="14"><c type="pct">``</c> <w type="AT">The</w> <w type="VBN">forgotten</w> <w type="CD">15</w> <w type="CD">million</w> <c type="pct">''</c> <c type="pct">--</c> <w type="CS">as</w> <w type="NN" subtype="TL">Sponsor</w> <w type="VBD">tagged</w> <w type="AT">the</w> <w type="NP">Negro</w> <w type="NN">market</w> <w type="IN">in</w> <w type="PPg">its</w> <w type="OD">first</w> <w type="NN">survey</w> <c type="pct">--</c> <w type="HVZ">has</w> <w type="VBN">become</w> <w type="AT">a</w> <w type="JJR">better-remembered</w> <w type="CD">19</w> <w type="CD">million</w> <c type="pct">.</c> </s>
</p>
<p><s n="15"><w type="NNS">Advertisers</w> <w type="BER">are</w> <w type="VBG">changing</w> <w type="PPg">their</w> <w type="NNS">attitudes</w> <c type="pct">,</c> <w type="ABX">both</w> <w type="IN">as</w> <w type="IN">to</w> <w type="AT">the</w> <w type="NN">significance</w> <w type="IN">of</w> <w type="DT">this</w> <w type="NN">market</w> <w type="CC">and</w> <w type="AT">the</w> <w type="NNS">ways</w> <w type="IN">of</w> <w type="VBG">speaking</w> <w type="IN">to</w> <w type="PPO">it</w> <c type="pct">.</c> </s>
</p>
<p><s n="16"><w type="NNS">Stations</w> <w type="VBG">programing</w> <w type="IN">to</w> <w type="NP">Negro</w> <w type="NNS">listeners</w> <w type="BER">are</w> <w type="HVG">having</w> <w type="TO">to</w> <w type="VB">upgrade</w> <w type="PPg">their</w> <w type="NNS">shows</w> <w type="IN">in</w> <w type="NN">order</w> <w type="TO">to</w> <w type="VB">keep</w> <w type="NN">pace</w> <w type="IN">with</w> <w type="VBG">rising</w> <w type="JJ">educational</w> <c type="pct">,</c> <w type="JJ">economic</w> <c type="pct">,</c> <w type="CC">and</w> <w type="JJ">cultural</w> <w type="NNS">levels</w> <c type="pct">.</c> </s>
<s n="17"><w type="RB">Futhermore</w> <c type="pct">,</c> <w type="AT">the</w> <w type="NN">station</w> <w type="WDT">which</w> <w type="VBZ">wants</w> <w type="JJ">real</w> <w type="NN">prestige</w> <w type="MD">must</w> <w type="VB">lead</w> <w type="CC">or</w> <w type="VB">participate</w> <w type="IN">in</w> <w type="NN">community</w> <w type="NN">improvement</w> <w type="NNS">projects</w> <c type="pct">,</c> <w type="NEG">not</w> <w type="RB">simply</w> <w type="VB">serve</w> <w type="IN">on</w> <w type="AT">the</w> <w type="NN">air</w> <c type="pct">.</c> </s>
</p>
<p><s n="18"><w type="IN">In</w> <w type="AT">the</w> <w type="AP">last</w> <w type="NN">decade</w> <w type="AT">the</w> <w type="NN">number</w> <w type="IN">of</w> <w type="JJ">Negro-appeal</w> <w type="NN">radio</w> <w type="NN">program</w> <w type="NNS">hours</w> <w type="HVZ">has</w> <w type="VBN">risen</w> <w type="IN">at</w> <w type="AP">least</w> <w type="CD">15</w> <w type="IN">per</w> <w type="NN">cent</w> <c type="pct">,</c> <w type="CC">and</w> <w type="AT">the</w> <w type="NN">number</w> <w type="IN">of</w> <w type="JJ">Negro-appeal</w> <w type="NNS">stations</w> <w type="HVZ">has</w> <w type="VBN">increased</w> <w type="CD">30</w> <w type="IN">per</w> <w type="NN">cent</w> <c type="pct">,</c> <w type="IN">according</w> <w type="IN">to</w> <w type="AT">a</w> <w type="NN">research</w> <w type="NN">man</w> <w type="VBN">quoted</w> <w type="IN">by</w> <w type="NN" subtype="TL">Sponsor</w> <c type="pct">.</c> </s>
</p>
<p><s n="19"><w type="AT">A</w> <w type="NN">year</w> <w type="RB">ago</w> <w type="AT">the</w> <w type="NP" subtype="TL">Negro</w> <w type="NN" subtype="TL">Radio</w> <w type="NN" subtype="TL">Association</w> <w type="BEDZ">was</w> <w type="VBN">formed</w> <w type="TO">to</w> <w type="VB">spur</w> <w type="NN">research</w> <w type="WDT">which</w> <w type="AT">the</w> <w type="CD">30-odd</w> <w type="NN">member</w> <w type="NNS">stations</w> <w type="BER">are</w> <w type="JJ">sure</w> <w type="MD">will</w> <w type="VB">bring</w> <w type="RP">in</w> <w type="AP">more</w> <w type="NN">business</w> <c type="pct">.</c> </s>
</p>
<p><s n="20"><w type="AT">The</w> <w type="CD">1960</w> <w type="NN">census</w> <w type="VBD">underscored</w> <w type="AT">the</w> <w type="JJ">explosive</w> <w type="NN">character</w> <w type="IN">of</w> <w type="AT">the</w> <w type="NN">population</w> <w type="NN">growth</w> <c type="pct">.</c> </s>
<s n="21"><w type="PPS">It</w> <w type="RB">also</w> <w type="VBD">brought</w> <w type="NR">home</w> <w type="NN">proof</w> <w type="IN">of</w> <w type="PN">something</w> <w type="AT">a</w> <w type="JJ">casual</w> <w type="NN">observer</w> <w type="MD">might</w> <w type="HV">have</w> <w type="VBN">missed</w> <c type="pct">:</c> <w type="CS">that</w> <w type="AP">more</w> <w type="IN">than</w> <w type="ABN">half</w> <w type="IN">of</w> <w type="AT">the</w> <w type="NP">U.S.</w> <w type="NPS">Negroes</w> <w type="VB">live</w> <w type="IN">outside</w> <w type="AT">the</w> <w type="JJ">southeastern</w> <w type="NNS">states</w> <c type="pct">.</c> </s>
<s n="22"><w type="RB">Also</w> <c type="pct">,</c> <w type="AT">the</w> <w type="NN">state</w> <w type="IN">with</w> <w type="AT">the</w> <w type="JJT">largest</w> <w type="NN">number</w> <w type="IN">of</w> <w type="NPS">Negroes</w> <w type="BEZ">is</w> <w type="JJ" subtype="TL">New</w> <w type="NP" subtype="TL">York</w> <c type="pct">--</c> <w type="NEG">not</w> <w type="IN">in</w> <w type="AT">the</w> <w type="NR" subtype="TL">South</w> <w type="IN">at</w> <w type="ABN">all</w> <c type="pct">.</c> </s>
</p>
<p><s n="23"><w type="IN">In</w> <w type="JJ" subtype="TL">New</w> <w type="NP" subtype="TL">York</w> <w type="NN" subtype="TL">City</w> <c type="pct">,</c> <w type="NN">WLIB</w> <w type="VBZ">boasts</w> <c type="pct">``</c> <w type="AP">more</w> <w type="NN">community</w> <w type="NN">service</w> <w type="NNS">programs</w> <w type="CS">than</w> <w type="DTI">any</w> <w type="AP">other</w> <w type="NP">Negro</w> <w type="NN">station</w> <c type="pct">''</c> <w type="CC">and</w> <c type="pct">``</c> <w type="CD">one</w> <w type="IN">of</w> <w type="AT">the</w> <w type="JJT">largest</w> <w type="NP">Negro</w> <w type="NN">news</w> <w type="NNS">staffs</w> <w type="IN">in</w> <w type="NP">America</w> <c type="pct">''</c> <c type="pct">.</c> </s>
<s n="24"><w type="CC">And</w> <w type="NPg">WWRL's</w> <w type="JJ">colorful</w> <w type="JJ">mobile</w> <w type="NN">unit</w> <c type="pct">,</c> <w type="VBG">cruising</w> <w type="RB">predominately</w> <w type="NP">Negro</w> <w type="NNS">neighborhoods</w> <c type="pct">,</c> <w type="BEZ">is</w> <w type="AT">a</w> <w type="JJ">frequent</w> <w type="NN">reminder</w> <w type="IN">of</w> <w type="DT">that</w> <w type="NNg">station's</w> <w type="JJ">round-the-clock</w> <w type="NN">dedication</w> <w type="IN">to</w> <w type="JJ">nonwhite</w> <w type="NNS">interests</w> <c type="pct">.</c> </s>
<s n="25"><w type="RB">Recently</w> <c type="pct">,</c> <w type="NN">WWRL</w> <w type="VBD">won</w> <w type="NN">praise</w> <w type="IN">for</w> <w type="PPg">its</w> <w type="NN">expose</w> <w type="IN">of</w> <w type="JJ">particular</w> <w type="NNS">cases</w> <w type="IN">of</w> <w type="NN">employment</w> <w type="NN">agency</w> <w type="NN">deceit</w> <c type="pct">.</c> </s>
<s n="26"><w type="AT">A</w> <w type="NN">half-dozen</w> <w type="AP">other</w> <w type="NNS">stations</w> <w type="IN">in</w> <w type="AT">the</w> <w type="JJ" subtype="TL">New</w> <w type="NP" subtype="TL">York</w> <w type="NN">area</w> <w type="RB">also</w> <w type="VB">bid</w> <w type="IN">for</w> <w type="NN">attention</w> <w type="IN">of</w> <w type="AT">the</w> <w type="NNg">city's</w> <w type="NP">Negro</w> <w type="NN">population</w> <c type="pct">,</c> <w type="RP">up</w> <w type="RB">about</w> <w type="CD">50</w> <w type="IN">per</w> <w type="NN">cent</w> <w type="IN">in</w> <w type="AT">the</w> <w type="AP">past</w> <w type="NN">decade</w> <c type="pct">.</c> </s>
</p>
<p><s n="27"><w type="IN">In</w> <w type="ABN">all</w> <w type="JJ">big</w> <w type="NNS">cities</w> <w type="IN">outside</w> <w type="AT">the</w> <w type="NR" subtype="TL">South</w> <c type="pct">,</c> <w type="CC">and</w> <w type="RB">even</w> <w type="IN">in</w> <w type="JJ">small</w> <w type="NNS">towns</w> <w type="IN">within</w> <w type="AT">the</w> <w type="NR" subtype="TL">South</w> <c type="pct">,</c> <w type="NN">radio</w> <w type="NNS">stations</w> <w type="MD">can</w> <w type="BE">be</w> <w type="VBN">found</w> <w type="VBG">beaming</w> <w type="DTI">some</w> <w type="CC">or</w> <w type="ABN">all</w> <w type="IN">of</w> <w type="PPg">their</w> <w type="NNS">programs</w> <w type="IN">at</w> <w type="NP">Negro</w> <w type="NNS">listeners</w> <c type="pct">.</c> </s>
<s n="28"><w type="AT">The</w> <w type="NN" subtype="TL">Keystone</w> <w type="VBG" subtype="TL">Broadcasting</w> <w type="NNg" subtype="TL">System's</w> <w type="NP">Negro</w> <w type="NN">network</w> <w type="VBZ">includes</w> <w type="CD">360</w> <w type="VBN">affiliated</w> <w type="NNS">stations</w> <c type="pct">,</c> <w type="WPg">whose</w> <w type="NNS">signals</w> <w type="VB">reach</w> <w type="AP">more</w> <w type="IN">than</w> <w type="ABN">half</w> <w type="AT">the</w> <w type="NN">total</w> <w type="NP">U.S.</w> <w type="NP">Negro</w> <w type="NN">population</w> <c type="pct">.</c> </s>
</p>
<p><s n="29"><w type="CD">One</w> <w type="NN">question</w> <w type="WDT">which</w> <w type="RB">inevitably</w> <w type="VBZ">crops</w> <w type="RP">up</w> <w type="BEZ">is</w> <w type="CS">whether</w> <w type="JJ">such</w> <w type="NNS">stations</w> <w type="HV">have</w> <w type="AT">a</w> <w type="NN">future</w> <w type="IN">in</w> <w type="AT">a</w> <w type="NN">nation</w> <w type="WRB">where</w> <w type="AT">the</w> <w type="NP">Negro</w> <w type="BEZ">is</w> <w type="VBG">moving</w> <w type="IN">into</w> <w type="AT">a</w> <w type="QL">fully</w> <w type="VBN">integrated</w> <w type="NN">status</w> <c type="pct">.</c> </s>
</p>
<p><s n="30"><w type="WDT">Whatever</w> <w type="AT">the</w> <w type="NN">long-range</w> <w type="NN">impact</w> <w type="IN">of</w> <w type="NN">integration</w> <c type="pct">,</c> <w type="AT">the</w> <w type="NNS">owners</w> <w type="IN">of</w> <w type="JJ">Negro-appeal</w> <w type="NN">radio</w> <w type="NNS">stations</w> <w type="DTS">these</w> <w type="NNS">days</w> <w type="VB">know</w> <w type="PPSS">they</w> <w type="HV">have</w> <w type="AT">an</w> <w type="NN">audience</w> <w type="CC">and</w> <w type="CS">that</w> <w type="PPS">it</w> <w type="BEZ">is</w> <w type="JJ">loyal</w> <c type="pct">.</c> </s>
<s n="31"><w type="NNS">Advertisers</w> <w type="HV">have</w> <w type="VBN">discovered</w> <w type="AT">the</w> <w type="NN">tendency</w> <w type="IN">of</w> <w type="NPS">Negroes</w> <w type="TO">to</w> <w type="VB">shop</w> <w type="IN">for</w> <w type="NN">brand</w> <w type="NNS">names</w> <w type="PPSS">they</w> <w type="HV">have</w> <w type="VBN">heard</w> <w type="IN">on</w> <w type="NNS">stations</w> <w type="VBG">catering</w> <w type="IN">to</w> <w type="PPg">their</w> <w type="JJ">special</w> <w type="NNS">interests</w> <c type="pct">.</c> </s>
<s n="32"><w type="CC">And</w> <w type="AP">many</w> <w type="NNS">advertisers</w> <w type="HV">have</w> <w type="BEN">been</w> <w type="JJ">happy</w> <w type="IN">with</w> <w type="AT">the</w> <w type="NNS">results</w> <w type="IN">of</w> <w type="VBG">letting</w> <w type="AT">a</w> <w type="NP">Negro</w> <w type="NN">disc</w> <w type="NN">jockey</w> <w type="VB">phrase</w> <w type="AT">the</w> <w type="NN">commercial</w> <w type="IN">in</w> <w type="PPg">his</w> <w type="JJ">own</w> <w type="NNS">words</w> <c type="pct">,</c> <w type="VBG">working</w> <w type="RB">only</w> <w type="IN">from</w> <w type="AT">a</w> <w type="NN">fact</w> <w type="NN">sheet</w> <c type="pct">.</c> </s>
</p>
<p><s n="33"><w type="WDT">What</w> <w type="VBZ">sets</w> <w type="JJ">Negro-appeal</w> <w type="NN">programing</w> <w type="RB">apart</w> <w type="IN">from</w> <w type="AP">other</w> <w type="NN">radio</w> <w type="NNS">shows</w> <c type="pct">?</c> <c type="pct">?</c> </s>
<s n="34"><w type="NN" subtype="TL">Sponsor</w> <w type="NN">magazine</w> <w type="VBZ">notes</w> <w type="AT">the</w> <w type="NN">stress</w> <w type="IN">on</w> <w type="JJ">popular</w> <w type="NP">Negro</w> <w type="NNS">bands</w> <w type="CC">and</w> <w type="NNS">singers</w> <c type="pct">;</c> <c type="pct">;</c> </s>
<s n="35"><w type="NNS">rhythm-and-blues</w> <w type="NN">mood</w> <w type="NN">music</w> <c type="pct">;</c> <c type="pct">;</c> </s>
<s n="36"><c type="pct">``</c> <w type="NN">race</w> <c type="pct">''</c> <w type="NN">music</w> <c type="pct">,</c> <w type="NN">folk</w> <w type="NNS">songs</w> <w type="CC">and</w> <w type="NNS">melodies</w> <c type="pct">,</c> <w type="CC">and</w> <w type="NN">gospel</w> <w type="NNS">programs</w> <c type="pct">.</c> </s>
<s n="37"><w type="RB">Furthermore</w> <c type="pct">,</c> <w type="NN">news</w> <w type="CC">and</w> <w type="JJ">special</w> <w type="NNS">presentations</w> <w type="VB">inform</w> <w type="AT">the</w> <w type="NN">listener</w> <w type="IN">about</w> <w type="NNS">groups</w> <c type="pct">,</c> <w type="NNS">projects</w> <c type="pct">,</c> <w type="CC">and</w> <w type="NNS">personalities</w> <w type="RB">rarely</w> <w type="VBN">mentioned</w> <w type="IN">on</w> <w type="AT">a</w> <w type="JJ">general-appeal</w> <w type="NN">station</w> <c type="pct">.</c> </s>
<s n="38"><w type="VBG">Advertising</w> <w type="NN">copy</w> <w type="RB">frequently</w> <w type="VBZ">takes</w> <w type="IN">into</w> <w type="NN">account</w> <w type="NNS">matters</w> <w type="IN">of</w> <w type="JJ">special</w> <w type="NP">Negro</w> <w type="NN">concern</w> <c type="pct">.</c> </s>
</p>
<p><s n="39"><w type="NN" subtype="TL">Sponsor</w> <w type="VBZ">quotes</w> <w type="NP">John</w> <w type="NP">McLendon</w> <w type="IN">of</w> <w type="AT">the</w> <w type="NP">McLendon-Ebony</w> <w type="NN">station</w> <w type="NN">group</w> <w type="CS">as</w> <w type="VBG">saying</w> <w type="CS">that</w> <w type="AT">the</w> <w type="JJ" subtype="TL">Southern</w> <w type="NP" subtype="TL">Negro</w> <w type="BEZ">is</w> <w type="VBG">becoming</w> <w type="JJ">conscious</w> <w type="IN">of</w> <w type="NN">quality</w> <w type="CC">and</w> <c type="pct">``</c> <w type="DOZ">does</w> <w type="NEG">not</w> <w type="VB">wish</w> <w type="TO">to</w> <w type="BE">be</w> <w type="VBN">associated</w> <w type="IN">with</w> <w type="NN">radio</w> <w type="WDT">which</w> <w type="BEZ">is</w> <w type="DTI">any</w> <w type="NN">way</w> <w type="VBG">degrading</w> <w type="IN">to</w> <w type="PPg">his</w> <w type="NN">race</w> <c type="pct">;</c> <c type="pct">;</c> </s>
<s n="40"><w type="PPS">he</w> <w type="VBZ">tends</w> <w type="TO">to</w> <w type="VB">shy</w> <w type="RB">away</w> <w type="IN">from</w> <w type="AT">the</w> <w type="VBG">hooting</w> <w type="CC">and</w> <w type="VBG">hollering</w> <w type="NNS">personalities</w> <w type="WPS">that</w> <w type="RB">originally</w> <w type="VBD">made</w> <w type="NP">Negro</w> <w type="NN">radio</w> <w type="NNS">programs</w> <w type="JJ">famous</w> <c type="pct">''</c> <c type="pct">.</c> </s>
</p>
<p><s n="41"><w type="AT">The</w> <w type="JJ">sociological</w> <w type="NN">impact</w> <w type="BEZ">is</w> <w type="RB">perhaps</w> <w type="QL">most</w> <w type="RB">eloquently</w> <w type="VBN">summed</w> <w type="RP">up</w> <w type="IN">in</w> <w type="DT">this</w> <w type="NN">quotation</w> <w type="IN">of</w> <w type="NP">J.</w> <w type="NP">Walter</w> <w type="NP">Carroll</w> <w type="IN">of</w> <w type="NN">KSAN</w> <c type="pct">,</c> <w type="NP">San</w> <w type="NP">Francisco</w> <c type="pct">:</c> </s>
</p>
<p><s n="42"><c type="pct">``</c> <w type="JJ">Negro-appeal</w> <w type="NN">radio</w> <w type="BEZ">is</w> <w type="QL">more</w> <w type="JJ">important</w> <w type="IN">to</w> <w type="AT">the</w> <w type="NP">Negro</w> <w type="NR">today</w> <c type="pct">,</c> <w type="CS">because</w> <w type="PPS">it</w> <w type="VBZ">provides</w> <w type="AT">a</w> <w type="JJ">direct</w> <w type="CC">and</w> <w type="JJ">powerful</w> <w type="NN">mirror</w> <w type="IN">in</w> <w type="WDT">which</w> <w type="AT">the</w> <w type="NP">Negro</w> <w type="MD">can</w> <w type="VB">hear</w> <w type="CC">and</w> <w type="VB">see</w> <w type="PPg">his</w> <w type="NNS">ambitions</w> <c type="pct">,</c> <w type="NNS">achievements</w> <w type="CC">and</w> <w type="NNS">desires</w> <c type="pct">.</c> </s>
<s n="43"><w type="PPS">It</w> <w type="MD">will</w> <w type="VB">continue</w> <w type="TO">to</w> <w type="BE">be</w> <w type="JJ">important</w> <w type="CS">as</w> <w type="AT">a</w> <w type="NN">means</w> <w type="IN">of</w> <w type="NN">orientation</w> <w type="IN">to</w> <w type="AT">the</w> <w type="NP">Negro</w> <c type="pct">,</c> <w type="VBG">seeking</w> <w type="TO">to</w> <w type="VB">become</w> <w type="VBN">urbanized</w> <c type="pct">,</c> <w type="CS">as</w> <w type="PPS">he</w> <w type="VBZ">tries</w> <w type="TO">to</w> <w type="VB">make</w> <w type="NN">adjustment</w> <w type="IN">to</w> <w type="AT">the</w> <w type="JJ">urban</w> <w type="NN">life</w> <c type="pct">.</c> </s>
<s n="44"><w type="NP">Negro</w> <w type="NN">radio</w> <w type="BEZ">is</w> <w type="RB">vitally</w> <w type="JJ">necessary</w> <w type="IN">during</w> <w type="AT">the</w> <w type="NN">process</w> <w type="IN">of</w> <w type="NN">assimilation</w> <c type="pct">''</c> <c type="pct">.</c> </s>
</p>
<p><s n="45"><w type="NN">Presentation</w> <w type="IN">of</w> <c type="pct">``</c> <w type="AT" subtype="TL">The</w> <w type="NN" subtype="TL">Life</w> <w type="CC" subtype="TL">And</w> <w type="NNS" subtype="TL">Times</w> <w type="IN" subtype="TL">Of</w> <w type="NP" subtype="TL">John</w> <w type="NP" subtype="TL">Sloan</w> <c type="pct">''</c> <w type="IN">in</w> <w type="AT">the</w> <w type="NP" subtype="TL">Delaware</w> <w type="NN" subtype="TL">Art</w> <w type="NN" subtype="TL">Center</w> <w type="RB">here</w> <w type="VBZ">suggests</w> <w type="AT">a</w> <w type="JJ">current</w> <w type="NN">nostalgia</w> <w type="IN">for</w> <w type="JJ">human</w> <w type="NNS">values</w> <w type="IN">in</w> <w type="NN">art</w> <c type="pct">.</c> </s>
</p>
<p><s n="46"><w type="VBN">Staged</w> <w type="IN">by</w> <w type="NN">way</w> <w type="IN">of</w> <w type="VBG">announcing</w> <w type="AT">the</w> <w type="NN">gift</w> <w type="IN">of</w> <w type="AT">a</w> <w type="JJ">large</w> <w type="CC">and</w> <w type="JJ">intimate</w> <w type="NP">Sloan</w> <w type="NN">collection</w> <w type="IN">by</w> <w type="AT">the</w> <w type="NNg">artist's</w> <w type="NN">widow</w> <c type="pct">,</c> <w type="NP">Helen</w> <w type="NP">Farr</w> <w type="NP">Sloan</w> <c type="pct">,</c> <w type="IN">to</w> <w type="AT">the</w> <w type="NP" subtype="TL">Wilmington</w> <w type="NN" subtype="TL">Society</w> <w type="IN" subtype="TL">of</w> <w type="AT" subtype="TL">the</w> <w type="JJ" subtype="TL">Fine</w> <w type="NNS" subtype="TL">Arts</w> <c type="pct">,</c> <w type="AT">the</w> <w type="NN">exhibition</w> <w type="VBZ">presents</w> <w type="AT">a</w> <w type="NN">survey</w> <w type="IN">of</w> <w type="NPg">Sloan's</w> <w type="NN">work</w> <c type="pct">.</c> </s>
<s n="47"><w type="IN">From</w> <w type="JJ">early</w> <w type="NN">family</w> <w type="NNS">portraits</w> <c type="pct">,</c> <w type="VBN">painted</w> <w type="CS">before</w> <w type="PPS">he</w> <w type="VBD">entered</w> <w type="AT">the</w> <w type="NNS">schools</w> <w type="IN">of</w> <w type="AT">the</w> <w type="NP" subtype="TL">Pennsylvania</w> <w type="NN" subtype="TL">Academy</w> <w type="IN" subtype="TL">of</w> <w type="AT" subtype="TL">the</w> <w type="JJ" subtype="TL">Fine</w> <w type="NNS" subtype="TL">Arts</w> <c type="pct">,</c> <w type="AT">the</w> <w type="NN">chronology</w> <w type="VBZ">extends</w> <w type="IN">to</w> <w type="AT">a</w> <w type="NN">group</w> <w type="IN">of</w> <w type="NNS">paintings</w> <w type="VBN">executed</w> <w type="IN">in</w> <w type="PPg">his</w> <w type="AP">last</w> <w type="NN">year</w> <c type="pct">(</c> <w type="CD">1951</w> <c type="pct">)</c> <w type="CC">and</w> <w type="RB">still</w> <w type="NN">part</w> <w type="IN">of</w> <w type="PPg">his</w> <w type="NN">estate</w> <c type="pct">.</c> </s>
</p>
<p><s n="48"><w type="AP">Few</w> <w type="NNS">artists</w> <w type="HV">have</w> <w type="VBN">left</w> <w type="AT">a</w> <w type="NN">life</w> <w type="NN">work</w> <w type="QL">so</w> <w type="JJ">eloquent</w> <w type="IN">of</w> <w type="AT">the</w> <w type="NN">period</w> <w type="IN">in</w> <w type="WDT">which</w> <w type="PPSS">they</w> <w type="VBD">lived</w> <c type="pct">.</c> </s>
<s n="49"><w type="AP">Few</w> <w type="WPS">who</w> <w type="HV">have</w> <w type="VBN">painted</w> <w type="AT">the</w> <w type="NNS">scenes</w> <w type="IN">around</w> <w type="PPO">them</w> <w type="HV">have</w> <w type="VBN">done</w> <w type="RB">so</w> <w type="IN">with</w> <w type="QL">so</w> <w type="AP">little</w> <w type="NN">bitterness</w> <c type="pct">.</c> </s>
<s n="50"><w type="AT">The</w> <w type="NNS">paintings</w> <c type="pct">,</c> <w type="NNS">drawings</w> <c type="pct">,</c> <w type="NNS">prints</w> <c type="pct">,</c> <w type="CC">and</w> <w type="NNS">illustrations</w> <w type="ABN">all</w> <w type="VB">reflect</w> <w type="AT">the</w> <w type="NNS">manners</w> <c type="pct">,</c> <w type="NNS">costumes</w> <c type="pct">,</c> <w type="CC">and</w> <w type="NNS">mores</w> <w type="IN">of</w> <w type="NP">America</w> <w type="IN">in</w> <w type="AT">the</w> <w type="OD">first</w> <w type="ABN">half</w> <w type="IN">of</w> <w type="AT">the</w> <w type="JJ">present</w> <w type="NN">century</w> <c type="pct">.</c> </s>
</p>
<p><s n="51"><w type="RB">Obviously</w> <w type="NPg">Sloan's</w> <w type="JJ">early</w> <w type="NNS">years</w> <w type="BED">were</w> <w type="VBN">influenced</w> <w type="IN">by</w> <w type="PPg">his</w> <w type="JJ">close</w> <w type="NN">friend</w> <w type="NP">Robert</w> <w type="NP">Henri</w> <c type="pct">.</c> </s>
<s n="52"><w type="QL">As</w> <w type="RB">early</w> <w type="CS">as</w> <w type="CD">1928</w> <c type="pct">,</c> <w type="WRB">however</w> <c type="pct">,</c> <w type="AT">the</w> <w type="NP">Sloan</w> <w type="NN">style</w> <w type="VBD">began</w> <w type="TO">to</w> <w type="VB">change</w> <c type="pct">.</c> </s>
<s n="53"><w type="AT">The</w> <w type="JJ">dark</w> <w type="NNS">pigments</w> <w type="IN">of</w> <w type="AT">the</w> <w type="JJ">early</w> <w type="NN">work</w> <w type="BED">were</w> <w type="VBN">superseded</w> <w type="IN">by</w> <w type="AT">a</w> <w type="JJR">brighter</w> <w type="NN">palette</w> <c type="pct">.</c> </s>
<s n="54"><w type="AT">The</w> <w type="NN">solidity</w> <w type="IN">of</w> <w type="NN">brush</w> <w type="NN">stroke</w> <w type="VBD">yielded</w> <w type="IN">to</w> <w type="AT">a</w> <w type="VBG">hatching</w> <w type="NN">technique</w> <w type="WPS">that</w> <w type="RB">finally</w> <w type="VBD">led</w> <w type="IN">to</w> <w type="JJ">virtual</w> <w type="NN">abandonment</w> <w type="IN">of</w> <w type="JJ">American</w> <w type="NNS">genres</w> <w type="IN">in</w> <w type="NN">favor</w> <w type="IN">of</w> <w type="AP">single</w> <w type="NN">figure</w> <w type="NNS">studies</w> <w type="CC">and</w> <w type="NN">studio</w> <w type="NNS">nudes</w> <c type="pct">.</c> </s>
</p>
<p><s n="55"><w type="AT">The</w> <w type="NN">exhibition</w> <w type="VBZ">presents</w> <w type="ABN">all</w> <w type="NNS">phases</w> <w type="IN">of</w> <w type="NPg">Sloan's</w> <w type="JJ">many-sided</w> <w type="NN">art</w> <c type="pct">.</c> </s>
<s n="56"><w type="IN">In</w> <w type="NN">addition</w> <w type="IN">to</w> <w type="AT">the</w> <w type="NNS">paintings</w> <w type="BER">are</w> <w type="NNS">drawings</w> <c type="pct">,</c> <w type="NNS">prints</w> <c type="pct">,</c> <w type="CC">and</w> <w type="NNS">illustrations</w> <c type="pct">.</c> </s>
<s n="57"><w type="NP">Sloan</w> <w type="VBD">created</w> <w type="JJ">such</w> <w type="NNS">works</w> <w type="IN">for</w> <w type="NN">newspaper</w> <w type="NNS">supplements</w> <w type="CS">before</w> <w type="NN">syndication</w> <w type="VBD">threw</w> <w type="PPO">him</w> <w type="IN">out</w> <w type="IN">of</w> <w type="AT">a</w> <w type="NN">job</w> <w type="CC">and</w> <w type="VBD">sent</w> <w type="PPO">him</w> <w type="TO">to</w> <w type="VB">roam</w> <w type="AT">the</w> <w type="NNS">streets</w> <w type="IN">of</w> <w type="JJ" subtype="TL">New</w> <w type="NP" subtype="TL">York</w> <c type="pct">,</c> <w type="RB">thereby</w> <w type="VBG">building</w> <w type="IN">for</w> <w type="NP">America</w> <w type="AT">an</w> <w type="JJ">incomparable</w> <w type="NN">city</w> <w type="NN">survey</w> <w type="IN">from</w> <w type="NNS">paintings</w> <w type="IN">of</w> <w type="NPg" subtype="TL">McSorley's</w> <w type="NN" subtype="TL">Saloon</w> <w type="IN">to</w> <w type="JJ">breezy</w> <w type="NNS">clotheslines</w> <w type="IN">on</w> <w type="NN">city</w> <w type="NNS">roofs</w> <c type="pct">.</c> </s>
</p>
<p><s n="58"><w type="CD">One</w> <w type="IN">of</w> <w type="AT">the</w> <w type="QL">most</w> <w type="JJ">appealing</w> <w type="IN">of</w> <w type="AT">the</w> <w type="NN">rooftop</w> <w type="NNS">canvases</w> <w type="BEZ">is</w> <c type="pct">``</c> <w type="NN" subtype="TL">Sun</w> <w type="CC" subtype="TL">And</w> <w type="NN" subtype="TL">Wind</w> <w type="IN" subtype="TL">On</w> <w type="AT" subtype="TL">The</w> <w type="NN" subtype="TL">Roof</w> <c type="pct">''</c> <c type="pct">,</c> <w type="IN">with</w> <w type="AT">a</w> <w type="NN">woman</w> <w type="CC">and</w> <w type="NN">child</w> <w type="VBG">bracing</w> <w type="PPLS">themselves</w> <w type="IN">against</w> <w type="VBG">flapping</w> <w type="NNS">clothes</w> <w type="CC">and</w> <w type="VBG">flying</w> <w type="NNS">birds</w> <c type="pct">.</c> </s>
<s n="59"><w type="CS">Although</w> <w type="EX">there</w> <w type="BER">are</w> <w type="NNS">landscapes</w> <w type="IN">in</w> <w type="AT">the</w> <w type="NN">show</w> <c type="pct">(</c> <w type="CD">one</w> <w type="IN">of</w> <w type="AT">the</w> <w type="JJT">strongest</w> <w type="BEZ">is</w> <w type="AT">a</w> <w type="NN">vista</w> <w type="IN">of</w> <c type="pct">``</c> <w type="NP" subtype="TL">Gloucester</w> <w type="NN" subtype="TL">Harbor</w> <c type="pct">''</c> <w type="IN">in</w> <w type="CD">1915</w> <c type="pct">)</c> <c type="pct">,</c> <w type="AT">the</w> <w type="JJ">human</w> <w type="NN">element</w> <w type="BEDZ">was</w> <w type="AT">the</w> <w type="JJ">compelling</w> <w type="NN">factor</w> <w type="IN">in</w> <w type="NPg">Sloan's</w> <w type="NN">art</w> <c type="pct">.</c> </s>
</p>
<p><s n="60"><w type="JJ">Significant</w> <w type="BER">are</w> <w type="JJ">such</w> <w type="NNS">canvases</w> <w type="CS">as</w> <c type="pct">``</c> <w type="NP" subtype="TL">Bleeker</w> <w type="NN" subtype="TL">Street</w> <c type="pct">,</c> <w type="NR" subtype="TL">Saturday</w> <w type="NN" subtype="TL">Night</w> <c type="pct">''</c> <c type="pct">,</c> <w type="IN">with</w> <w type="PPg">its</w> <w type="RB">typically</w> <w type="JJ">American</w> <w type="NN">crowd</w> <c type="pct">(</c> <w type="NP">Sloan</w> <w type="RB">never</w> <w type="VBD">went</w> <w type="RB">abroad</w> <c type="pct">)</c> <c type="pct">;</c> <c type="pct">;</c> </s>
<s n="61"><w type="AT">the</w> <w type="NN">multifigure</w> <c type="pct">``</c> <w type="VBG" subtype="TL">Traveling</w> <w type="NN" subtype="TL">Carnival</w> <c type="pct">''</c> <c type="pct">,</c> <w type="IN">in</w> <w type="WDT">which</w> <w type="NN">action</w> <w type="BEZ">is</w> <w type="VBN">vivified</w> <w type="IN">by</w> <w type="VBG">lighting</w> <c type="pct">;</c> <c type="pct">;</c> </s>
<s n="62"><w type="CC">or</w> <c type="pct">``</c> <w type="NP" subtype="TL">Carmine</w> <w type="NN" subtype="TL">Theater</w> <c type="pct">,</c> <w type="CD">1912</w> <c type="pct">''</c> <c type="pct">,</c> <w type="AT">the</w> <w type="AP">only</w> <w type="NN">canvas</w> <w type="IN">with</w> <w type="AT">an</w> <w type="NN">ash</w> <w type="NN">can</w> <c type="pct">(</c> <w type="CC">and</w> <w type="VBG">foraging</w> <w type="NN">dog</w> <c type="pct">)</c> <c type="pct">,</c> <w type="CS">although</w> <w type="NP">Sloan</w> <w type="BEDZ">was</w> <w type="AT">a</w> <w type="NN">member</w> <w type="IN">of</w> <w type="AT">the</w> <w type="JJ">famous</w> <c type="pct">``</c> <w type="CD" subtype="TL">Eight</w> <c type="pct">''</c> <c type="pct">,</c> <w type="CC">and</w> <w type="IN">of</w> <w type="AT">the</w> <w type="JJ">so-called</w> <c type="pct">``</c> <w type="NN" subtype="TL">Ash-Can</w> <w type="NN" subtype="TL">School</w> <c type="pct">''</c> <c type="pct">,</c> <w type="AT">a</w> <w type="NN">term</w> <w type="PPS">he</w> <w type="VBD">resented</w> <c type="pct">.</c> </s>
</p>
<p><s n="63"><w type="NEG">Not</w> <w type="ABN">all</w> <w type="AT">the</w> <w type="NNS">paintings</w> <c type="pct">,</c> <w type="RB">however</w> <c type="pct">,</c> <w type="BER">are</w> <w type="IN">of</w> <w type="NNS">cities</w> <c type="pct">.</c> </s>
<s n="64"><w type="AT">The</w> <w type="NN">exhibition</w> <w type="VBZ">touches</w> <w type="RB">briefly</w> <w type="IN">on</w> <w type="PPg">his</w> <w type="NN">sojourn</w> <w type="IN">in</w> <w type="AT">the</w> <w type="NR" subtype="TL">Southwest</w> <c type="pct">(</c> <c type="pct">``</c> <w type="NP">Koshare</w> <w type="IN">in</w> <w type="AT">the</w> <w type="NN" subtype="TL">Dust</w> <c type="pct">''</c> <c type="pct">,</c> <w type="AT">a</w> <w type="JJ">vigorous</w> <w type="JJ">Indian</w> <w type="NN">dance</w> <c type="pct">,</c> <w type="CC">and</w> <w type="NNS">landscapes</w> <w type="VB">suggest</w> <w type="AT">the</w> <w type="NN">influence</w> <w type="IN">of</w> <w type="JJ">western</w> <w type="NN">color</w> <w type="IN">on</w> <w type="PPg">his</w> <w type="NN">palette</w> <c type="pct">)</c> <c type="pct">.</c> </s>
</p>
<p><s n="65"><w type="AT">The</w> <w type="NN">fact</w> <w type="CS">that</w> <w type="NP">Sloan</w> <w type="BEDZ">was</w> <w type="AT">an</w> <w type="NN">extrovert</w> <c type="pct">,</c> <w type="VBN">concerned</w> <w type="RB">primarily</w> <w type="IN">with</w> <w type="WDT">what</w> <w type="PPS">he</w> <w type="VBD">saw</w> <c type="pct">,</c> <w type="VBZ">adds</w> <w type="RB">greatly</w> <w type="IN">to</w> <w type="AT">the</w> <w type="NN">value</w> <w type="IN">of</w> <w type="PPg">his</w> <w type="NN">art</w> <w type="CS">as</w> <w type="AT">a</w> <w type="JJ">human</w> <w type="NN">chronicle</w> <c type="pct">.</c> </s>
</p>
<p><s n="66"><w type="EX">There</w> <w type="BER">are</w> <w type="CD">151</w> <w type="NNS">items</w> <w type="IN">in</w> <w type="AT">the</w> <w type="NP">Wilmington</w> <w type="NN">show</w> <c type="pct">,</c> <w type="IN">including</w> <w type="CD">one</w> <w type="NN">painting</w> <w type="IN">by</w> <w type="DT">each</w> <w type="NN">member</w> <w type="IN">of</w> <w type="AT">the</w> <c type="pct">``</c> <w type="CD" subtype="TL">Eight</w> <c type="pct">''</c> <c type="pct">,</c> <w type="QL">as</w> <w type="RB">well</w> <w type="CS">as</w> <w type="NN">work</w> <w type="IN">by</w> <w type="NPg">Sloan's</w> <w type="NNS">friends</w> <w type="CC">and</w> <w type="NNS">students</w> <c type="pct">.</c> </s>
<s n="67"><w type="VBG">Supplementing</w> <w type="AT">the</w> <w type="JJ">actual</w> <w type="NN">art</w> <w type="BER">are</w> <w type="NNS">memorabilia</w> <c type="pct">--</c> <w type="NN">correspondence</w> <c type="pct">,</c> <w type="NNS">diaries</w> <c type="pct">,</c> <w type="NNS">books</w> <w type="IN">from</w> <w type="AT">the</w> <w type="NNg">artist's</w> <w type="NN">library</w> <c type="pct">,</c> <w type="RB">etc.</w> <c type="pct">.</c> </s>
<s n="68"><w type="ABN">All</w> <w type="VB">belong</w> <w type="IN">to</w> <w type="AT">the</w> <w type="NN">collection</w> <w type="BEG">being</w> <w type="VBN">given</w> <w type="IN">to</w> <w type="NP">Wilmington</w> <w type="IN">over</w> <w type="AT">a</w> <w type="NN">period</w> <w type="IN">of</w> <w type="NNS">years</w> <w type="IN">by</w> <w type="NP">Mrs.</w> <w type="NP">Sloan</w> <c type="pct">,</c> <w type="WPS">who</w> <w type="HVZ">has</w> <w type="VBN">cherished</w> <w type="JJ">such</w> <w type="JJ">revelatory</w> <w type="NNS">items</w> <w type="RB">ever</w> <w type="CS">since</w> <w type="PPS">she</w> <w type="RB">first</w> <w type="VBD">studied</w> <w type="IN">with</w> <w type="NP">Sloan</w> <w type="IN">at</w> <w type="AT">the</w> <w type="NN" subtype="TL">Art</w> <w type="NNS" subtype="TL">Students</w> <w type="NN" subtype="TL">League</w> <c type="pct">,</c> <w type="JJ" subtype="TL">New</w> <w type="NP" subtype="TL">York</w> <c type="pct">,</c> <w type="IN">in</w> <w type="AT">the</w> <w type="NNS">1920's</w> <c type="pct">.</c> </s>
</p>
<p><s n="69"><w type="TO">To</w> <w type="VB">enable</w> <w type="NNS">students</w> <w type="CC">and</w> <w type="AT">the</w> <w type="NN">public</w> <w type="TO">to</w> <w type="VB">spot</w> <w type="NP">Sloan</w> <w type="NNS">forgeries</w> <c type="pct">,</c> <w type="AT">the</w> <w type="NP" subtype="TL">Delaware</w> <w type="NN" subtype="TL">Art</w> <w type="NN" subtype="TL">Center</w> <c type="pct">(</c> <w type="IN">according</w> <w type="IN">to</w> <w type="PPg">its</w> <w type="NN">director</w> <c type="pct">,</c> <w type="NP">Bruce</w> <w type="NP">St.</w> <w type="NP">John</w> <c type="pct">)</c> <w type="MD">will</w> <w type="VB">maintain</w> <w type="AT">a</w> <w type="JJ">complete</w> <w type="NN">file</w> <w type="IN">of</w> <w type="NNS">photographs</w> <w type="IN">of</w> <w type="ABN">all</w> <w type="NP">Sloan</w> <w type="NNS">works</w> <c type="pct">,</c> <w type="QL">as</w> <w type="RB">well</w> <w type="CS">as</w> <w type="AT">a</w> <w type="NN">card</w> <w type="NN">index</w> <w type="NN">file</w> <c type="pct">.</c> </s>
<s n="70"><w type="AT">The</w> <w type="JJ">entire</w> <w type="NP">Sloan</w> <w type="NN">collection</w> <w type="MD">will</w> <w type="BE">be</w> <w type="VBN">made</w> <w type="JJ">available</w> <w type="IN">at</w> <w type="AT">the</w> <w type="NN">center</w> <w type="IN">to</w> <w type="ABN">all</w> <w type="JJ">serious</w> <w type="NN">art</w> <w type="NNS">students</w> <w type="CC">and</w> <w type="NNS">historians</w> <c type="pct">.</c> </s>
</p>
<p><s n="71"><w type="AT">The</w> <w type="JJ">current</w> <w type="NN">exhibition</w> <c type="pct">,</c> <w type="WDT">which</w> <w type="VBZ">remains</w> <w type="IN">on</w> <w type="NN">view</w> <w type="IN">through</w> <w type="NP">Oct.</w> <w type="CD">29</w> <c type="pct">,</c> <w type="HVZ">has</w> <w type="VBN">tapped</w> <w type="CD">14</w> <w type="JJ">major</w> <w type="NNS">collections</w> <w type="CC">and</w> <w type="AP">many</w> <w type="JJ">private</w> <w type="NNS">sources</w> <c type="pct">.</c> </s>
</p>
<p><s n="72"><w type="DTI">Any</w> <w type="NN">musician</w> <w type="VBG">playing</w> <w type="NP">Beethoven</w> <w type="RB">here</w> <c type="pct">,</c> <w type="WRB">where</w> <w type="NP">Beethoven</w> <w type="BEDZ">was</w> <w type="VBN">born</w> <c type="pct">,</c> <w type="BEZ">is</w> <w type="JJ">likely</w> <w type="TO">to</w> <w type="VB">examine</w> <w type="PPg">his</w> <w type="JJ">own</w> <w type="NNS">interpretations</w> <w type="IN">with</w> <w type="JJ">special</w> <w type="NN">care</w> <c type="pct">.</c> </s>
<s n="73"><w type="IN">In</w> <w type="AT">a</w> <w type="NN">sense</w> <c type="pct">,</c> <w type="PPS">he</w> <w type="BEZ">is</w> <w type="VBG">offering</w> <w type="NP">Bonn</w> <w type="WDT">what</w> <w type="PPg">its</w> <w type="JJ">famous</w> <w type="NN">son</w> <c type="pct">(</c> <w type="WPS">who</w> <w type="VBD">left</w> <w type="CS">as</w> <w type="AT">a</w> <w type="NN">youth</w> <c type="pct">)</c> <w type="RB">never</w> <w type="DOD">did</w> <c type="pct">--</c> <w type="AT">the</w> <w type="NN">sound</w> <w type="IN">of</w> <w type="AT">the</w> <w type="NNg">composer's</w> <w type="JJ">mature</w> <w type="NN">style</w> <c type="pct">.</c> </s>
</p>
<p><s n="74"><w type="NP">Robert</w> <w type="NP">Riefling</w> <c type="pct">,</c> <w type="WPS">who</w> <w type="VBD">gave</w> <w type="AT">the</w> <w type="AP">only</w> <w type="NN">piano</w> <w type="NN">recital</w> <w type="IN">of</w> <w type="AT">the</w> <w type="RB">recently</w> <w type="VBN">concluded</w> <w type="OD">23rd</w> <w type="NP" subtype="TL">Beethoven</w> <w type="NN" subtype="TL">Festival</w> <c type="pct">,</c> <w type="VBD">penetrated</w> <w type="RB">deep</w> <w type="IN">into</w> <w type="AT">the</w> <w type="NN">spirit</w> <w type="IN">of</w> <w type="AT">the</w> <w type="NN">style</w> <c type="pct">.</c> </s>
<s n="75"><w type="PPg">His</w> <w type="NNS">readings</w> <w type="BED">were</w> <w type="JJ">careful</w> <w type="IN">without</w> <w type="BEG">being</w> <w type="JJ">fussy</w> <c type="pct">,</c> <w type="CC">and</w> <w type="PPSS">they</w> <w type="BED">were</w> <w type="JJ">authoritative</w> <w type="IN">without</w> <w type="BEG">being</w> <w type="JJ">presumptuous</w> <c type="pct">.</c> </s>
<s n="76"><w type="AT">The</w> <w type="CD">32</w> <w type="NN">C</w> <w type="JJ" subtype="TL">Minor</w> <w type="NNS" subtype="TL">Variations</w> <w type="IN">with</w> <w type="WDT">which</w> <w type="PPS">he</w> <w type="VBD">opened</w> <w type="VBD">moved</w> <w type="RB">fluently</w> <w type="CC">yet</w> <w type="RB">logically</w> <w type="IN">from</w> <w type="CD">one</w> <w type="IN">to</w> <w type="DT">another</w> <c type="pct">,</c> <w type="VBG">leaving</w> <w type="AT">the</w> <w type="JJ">right</w> <w type="NN">impression</w> <w type="IN">of</w> <w type="NN">abundance</w> <w type="IN">under</w> <w type="NN">discipline</w> <c type="pct">.</c> </s>
</p>
<p><s n="77"><w type="AT">The</w> <w type="NN">D</w> <w type="JJ" subtype="TL">Minor</w> <w type="NN" subtype="TL">Sonata</w> <c type="pct">,</c> <w type="NN" subtype="TL">Op.</w> <w type="CD" subtype="TL">31</w> <w type="NN" subtype="TL">No.</w> <w type="CD" subtype="TL">2</w> <c type="pct">,</c> <w type="VBN">introduced</w> <w type="IN">by</w> <w type="QL">dynamically</w> <w type="VBN">shaped</w> <w type="NNS">arpeggios</w> <c type="pct">,</c> <w type="BEDZ">was</w> <w type="QL">most</w> <w type="JJ">engaging</w> <w type="IN">in</w> <w type="PPg">its</w> <w type="NNS">moments</w> <w type="IN">of</w> <w type="JJ">quasi-recitative</w> <c type="pct">--</c> <w type="JJ">single</w> <w type="NNS">lines</w> <w type="IN">in</w> <w type="WDT">which</w> <w type="AT">the</w> <w type="NNS">fingers</w> <w type="VBD">seemed</w> <w type="TO">to</w> <w type="BE">be</w> <w type="VBG">feeling</w> <w type="PPg">their</w> <w type="NN">way</w> <w type="IN">toward</w> <w type="AT">the</w> <w type="NN">idea</w> <w type="TO">to</w> <w type="VB">come</w> <c type="pct">.</c> </s>
<s n="78"><w type="DTS">These</w> <w type="RB">inwardly</w> <w type="JJ">dramatic</w> <w type="NNS">moments</w> <w type="VBD">showed</w> <w type="AT">the</w> <w type="NN">kind</w> <w type="IN">of</w> <c type="pct">``</c> <w type="NN">opera</w> <w type="NN">style</w> <c type="pct">''</c> <w type="IN">of</w> <w type="WDT">which</w> <w type="NP">Beethoven</w> <w type="BEDZ">was</w> <w type="QL">genuinely</w> <w type="JJ">capable</w> <c type="pct">,</c> <w type="CC">but</w> <w type="WDT">which</w> <w type="DOD">did</w> <w type="NEG">not</w> <w type="VB">take</w> <w type="QL">so</w> <w type="RB">kindly</w> <w type="IN">to</w> <w type="AT">the</w> <w type="NNS">mechanics</w> <w type="IN">of</w> <w type="VBG">staging</w> <c type="pct">.</c> </s>
</p>
<p><s n="79"><w type="CD">Two</w> <w type="JJ">late</w> <w type="NNS" subtype="TL">Sonatas</w> <c type="pct">,</c> <w type="NN" subtype="TL">Op.</w> <w type="CD" subtype="TL">110</w> <w type="CC">and</w> <w type="CD" subtype="TL">111</w> <c type="pct">,</c> <w type="BED">were</w> <w type="VBN">played</w> <w type="IN">with</w> <w type="JJ">similar</w> <w type="NN">insight</w> <c type="pct">,</c> <w type="AT">the</w> <w type="VBG">disarming</w> <w type="NNS">simplicities</w> <w type="IN">of</w> <w type="AT">the</w> <w type="NN" subtype="TL">Op.</w> <w type="CD" subtype="TL">111</w> <w type="NN" subtype="TL">Adagio</w> <w type="VBN">made</w> <w type="JJ">plain</w> <w type="IN">without</w> <w type="RB">ever</w> <w type="VBG">becoming</w> <w type="JJ">obvious</w> <c type="pct">.</c> </s>
<s n="80"><w type="AT">The</w> <w type="CD">two</w> <w type="BED">were</w> <w type="VBN">separated</w> <w type="IN">from</w> <w type="DT">each</w> <w type="AP">other</w> <w type="IN">by</w> <w type="AT">the</w> <w type="CD" subtype="TL">Six</w> <w type="NNS" subtype="TL">Bagatelles</w> <w type="IN">of</w> <w type="NN" subtype="TL">Op.</w> <w type="CD" subtype="TL">126</w> <c type="pct">.</c> </s>
<s n="81"><w type="NP">Herr</w> <w type="NP">Riefling</w> <c type="pct">,</c> <w type="IN">in</w> <w type="PN">everything</w> <w type="PPS">he</w> <w type="VBD">gave</w> <w type="PPg">his</w> <w type="JJ">large</w> <w type="NP" subtype="TL">Beethoven</w> <w type="NN" subtype="TL">Hall</w> <w type="NN">audience</w> <c type="pct">,</c> <w type="VBD">proved</w> <w type="PPL">himself</w> <w type="CS">as</w> <w type="AT">an</w> <w type="NN">interpreter</w> <w type="IN">of</w> <w type="JJ">unobtrusive</w> <w type="NN">authority</w> <c type="pct">.</c> </s>
</p>
<p><s n="82"><w type="NP">Volker</w> <w type="NP">Wangenheim</w> <c type="pct">,</c> <w type="WPS">who</w> <w type="VBD">conducted</w> <w type="NPg">Bonn's</w> <w type="JJ" subtype="FW">Stadtisches</w> <w type="NN" subtype="FW">Orchester</w> <w type="IN">on</w> <w type="AT">the</w> <w type="VBG">following</w> <w type="NN">evening</w> <c type="pct">,</c> <w type="VBD">made</w> <w type="CD">one</w> <w type="QL">more</w> <w type="JJ">conscious</w> <w type="IN">of</w> <w type="AT">the</w> <w type="NN">process</w> <w type="IN">of</w> <w type="NN">interpretation</w> <c type="pct">.</c> </s>
<s n="83"><w type="NP">Herr</w> <w type="NP">Wangenheim</w> <w type="HVZ">has</w> <w type="QL">only</w> <w type="RB">recently</w> <w type="VBN">become</w> <w type="AT">the</w> <w type="NNg">city's</w> <w type="NN">music</w> <w type="NN">director</w> <c type="pct">,</c> <w type="CC">and</w> <w type="BEZ">is</w> <w type="AT">a</w> <w type="JJ">young</w> <w type="NN">man</w> <w type="IN">with</w> <w type="AT">a</w> <w type="JJ">clear</w> <w type="NN">flair</w> <w type="IN">for</w> <w type="AT">the</w> <w type="NN">podium</w> <c type="pct">.</c> </s>
</p>
<p><s n="84"><w type="CC">But</w> <w type="PPS">he</w> <w type="VBD">weighted</w> <w type="AT">the</w> <w type="OD" subtype="TL">Eighth</w> <w type="NN" subtype="TL">Symphony</w> <c type="pct">,</c> <w type="IN">at</w> <w type="NNS">times</w> <c type="pct">,</c> <w type="IN">with</w> <w type="AT">a</w> <w type="VBG">shuddering</w> <w type="NN">subjectivity</w> <w type="WDT">which</w> <w type="VBD">seemed</w> <w type="RB">considerably</w> <w type="IN">at</w> <w type="NNS">odds</w> <w type="IN">with</w> <w type="AT">the</w> <w type="NN">music</w> <c type="pct">.</c> </s>
<s n="85"><w type="PPS">He</w> <w type="MD">might</w> <w type="HV">have</w> <w type="BEN">been</w> <w type="VBG">hoping</w> <c type="pct">,</c> <w type="IN">to</w> <w type="ABN">all</w> <w type="NNS">appearances</w> <c type="pct">,</c> <w type="CS">that</w> <w type="DT">this</w> <w type="QL">relatively</w> <w type="JJ">sunny</w> <w type="NN">symphony</w> <c type="pct">,</c> <w type="IN">in</w> <w type="NN">conjunction</w> <w type="IN">with</w> <w type="AT">the</w> <w type="JJ" subtype="TL">Choral</w> <w type="NN" subtype="TL">Fantasy</w> <w type="IN">at</w> <w type="AT">the</w> <w type="NN">end</w> <w type="IN">of</w> <w type="AT">the</w> <w type="NN">program</w> <c type="pct">,</c> <w type="MD">could</w> <w type="VB">amount</w> <w type="IN">to</w> <w type="PN">something</w> <w type="CS">like</w> <w type="AT">the</w> <w type="OD" subtype="TL">Ninth</w> <c type="pct">;</c> <c type="pct">;</c> </s>
<s n="86"><w type="CC">but</w> <w type="AT">no</w> <w type="NN">amount</w> <w type="IN">of</w> <w type="NN">head-tossing</w> <w type="MD">could</w> <w type="VB">make</w> <w type="PPO">it</w> <w type="RB">so</w> <c type="pct">.</c> </s>
</p>
<p><s n="87"><w type="AT">The</w> <w type="NNg">conductor's</w> <w type="NN">preoccupation</w> <w type="IN">with</w> <w type="AT">the</w> <w type="NN">business</w> <w type="IN">of</w> <w type="VBG">starting</w> <w type="CC">and</w> <w type="VBG">stopping</w> <w type="VBD">caused</w> <w type="JJ">occasional</w> <w type="NN">raggedness</w> <c type="pct">,</c> <w type="CS">as</w> <w type="IN">with</w> <w type="AT">the</w> <w type="OD">first</w> <w type="NN">orchestra</w> <w type="NN">entrance</w> <w type="IN">in</w> <w type="AT">the</w> <w type="OD" subtype="TL">Fourth</w> <w type="NN" subtype="TL">Piano</w> <w type="NN" subtype="TL">Concerto</w> <c type="pct">,</c> <w type="CC">but</w> <w type="WRB">when</w> <w type="PPS">he</w> <w type="VBD">put</w> <w type="PPg">his</w> <w type="NNS">deliberations</w> <w type="CC">and</w> <w type="NNS">obsequies</w> <w type="RB">aside</w> <w type="CC">and</w> <w type="VBD">let</w> <w type="AT">the</w> <w type="NN">music</w> <w type="VB">move</w> <w type="CS">as</w> <w type="VBN">designed</w> <c type="pct">,</c> <w type="PPS">it</w> <w type="DOD">did</w> <w type="RB">so</w> <w type="IN">with</w> <w type="NN">plenty</w> <w type="IN">of</w> <w type="NN">spring</w> <c type="pct">.</c> </s>
</p>
<p><s n="88"><w type="AT">The</w> <w type="NNg">concerto's</w> <w type="NN">soloist</w> <c type="pct">,</c> <w type="NP">Hans</w> <w type="NP">Richter-Haaser</w> <c type="pct">,</c> <w type="VBD">played</w> <w type="IN">with</w> <w type="JJ">compensatory</w> <w type="NN">ease</w> <w type="CC">and</w> <w type="NN">economy</w> <c type="pct">,</c> <w type="CS">though</w> <w type="IN">without</w> <w type="AT">the</w> <w type="JJ">consummate</w> <w type="NN">plasticity</w> <w type="IN">to</w> <w type="WDT">which</w> <w type="PPSS">we</w> <w type="HVD">had</w> <w type="BEN">been</w> <w type="VBN">treated</w> <w type="IN">on</w> <w type="AT">the</w> <w type="JJ">previous</w> <w type="NN">evening</w> <w type="IN">by</w> <w type="NP">Herr</w> <w type="NP">Riefling</w> <c type="pct">.</c> </s>
<s n="89"><w type="PPgg">His</w> <w type="BEDZ">was</w> <w type="AT">a</w> <w type="NNg">burgomaster's</w> <w type="NP">Beethoven</w> <c type="pct">,</c> <w type="JJ">solid</w> <w type="CC">and</w> <w type="JJ">sensible</w> <c type="pct">.</c> </s>
</p>
<p><s n="90"><w type="PN">Everybody</w> <w type="VBD">returned</w> <w type="IN">after</w> <w type="NN">intermission</w> <w type="IN">for</w> <w type="AT">the</w> <w type="JJ">miscellaneous</w> <w type="NNS">sweepings</w> <w type="IN">of</w> <w type="AT">the</w> <w type="NN" subtype="TL">Fantasy</w> <w type="IN" subtype="TL">For</w> <w type="NN" subtype="TL">Piano</w> <c type="pct">,</c> <w type="NN" subtype="TL">Chorus</w> <c type="pct">,</c> <w type="CC" subtype="TL">And</w> <w type="NN" subtype="TL">Orchestra</w> <w type="IN" subtype="TL">In</w> <w type="NN" subtype="TL">C</w> <w type="JJ" subtype="TL">Minor</w> <c type="pct">,</c> <w type="VBN">made</w> <w type="RP">up</w> <w type="IN">by</w> <w type="PPg">its</w> <w type="NN">composer</w> <w type="TO">to</w> <w type="VB">fill</w> <w type="RP">out</w> <w type="CD">one</w> <w type="IN">of</w> <w type="PPg">his</w> <w type="NNS">programs</w> <c type="pct">.</c> </s>
<s n="91"><w type="AT">The</w> <w type="NN">entrance</w> <w type="IN">of</w> <w type="AT">the</w> <w type="JJ" subtype="FW">Stadtisches</w> <w type="NN" subtype="FW">Gesangverein</w> <c type="pct">(</c> <w type="NPg">Bonn's</w> <w type="JJ">civic</w> <w type="NN">chorus</w> <c type="pct">)</c> <w type="BEDZ">was</w> <w type="JJ">worth</w> <w type="ABN">all</w> <w type="AT">the</w> <w type="NN">waiting</w> <c type="pct">,</c> <w type="RB">however</w> <c type="pct">,</c> <w type="CS">as</w> <w type="AT">the</w> <w type="JJ">young</w> <w type="JJ">Rhenish</w> <w type="NNS">voices</w> <w type="RB">finally</w> <w type="VBD">brought</w> <w type="AT">the</w> <w type="NN">music</w> <w type="IN">to</w> <w type="NN">life</w> <c type="pct">.</c> </s>
</p>
<p><s n="92"><w type="AT">The</w> <w type="AP">last</w> <w type="NN">program</w> <w type="IN">of</w> <w type="DT">this</w> <w type="NN">festival</w> <c type="pct">,</c> <w type="WDT">which</w> <w type="IN">during</w> <w type="CD">two</w> <w type="NNS">weeks</w> <w type="HVD">had</w> <w type="VBN">sampled</w> <w type="AP">most</w> <w type="JJ">compositional</w> <w type="NNS">categories</w> <c type="pct">,</c> <w type="VBD">brought</w> <w type="AT">the</w> <w type="NP">Cologne</w> <w type="NP">Rundfunk-Sinfonie-Orchester</w> <w type="CC">and</w> <w type="NP">Rundfunkchor</w> <w type="IN">to</w> <w type="NPg">Bonn's</w> <w type="JJ">gold-filled</w> <w type="NN">hall</w> <w type="IN">for</w> <w type="AT">a</w> <w type="NN">performance</w> <w type="IN">of</w> <w type="AT">the</w> <w type="NN" subtype="FW">Missa</w> <w type="JJ" subtype="FW">Solemnis</w> <c type="pct">.</c> </s>
</p>
<p></p></body></text></TEI>
