<TEI xmlns="http://www.tei-c.org/ns/1.0"><teiHeader><fileDesc><titleStmt><title>Sample C17 from  Time magazine, 77:3 (January 13, 1961), 48-50 "Reviews" 0010-1920
 </title></titleStmt><editionStmt><edition>A part  of the XML version of the Brown Corpus</edition></editionStmt><extent>2,019 words 205 (10.2%) quotes 1 symbol</extent><publicationStmt><idno>C17</idno><availability><p>Used by permission of Time Inc.</p></availability></publicationStmt><sourceDesc><bibl> Time magazine, 77:3 (January 13, 1961), 48-50 "Reviews" 0010-1920
 </bibl></sourceDesc></fileDesc><encodingDesc><p>Arbitrary Hyphen: horse-playing [0020]</p></encodingDesc><revisionDesc><change when="2008-04-27">Header auto-generated for TEI version</change></revisionDesc></teiHeader>
<text xml:id="C17" decls="C">
<body><p><s n="1"><w type="AT">The</w> <w type="VBG">reading</w> <w type="NN">public</w> <c type="pct">,</c> <w type="AT">the</w> <w type="JJ">theatergoing</w> <w type="NN">public</w> <c type="pct">,</c> <w type="AT">the</w> <w type="VBG">skindiving</w> <w type="NN">public</w> <c type="pct">,</c> <w type="AT">the</w> <w type="JJ">horse-playing</w> <w type="NN">public</w> <c type="pct">--</c> <w type="ABN">all</w> <w type="DTS">these</w> <w type="CC">and</w> <w type="NNS">others</w> <w type="VB">fill</w> <w type="JJ">substantial</w> <w type="NNS">roles</w> <w type="IN">in</w> <w type="NP">U.S.</w> <w type="NN">life</w> <c type="pct">,</c> <w type="CC">but</w> <w type="PN">none</w> <w type="BEZ">is</w> <w type="QL">so</w> <w type="VBN">varied</w> <c type="pct">,</c> <w type="JJ">vast</w> <w type="CC">and</w> <w type="JJ">vigilant</w> <w type="CS">as</w> <w type="AT">the</w> <w type="VBG">eating</w> <w type="NN">public</w> <c type="pct">.</c> </s>
<s n="2"><w type="AT">The</w> <w type="NN" subtype="TL">Department</w> <w type="IN" subtype="TL">of</w> <w type="NN" subtype="TL">Agriculture</w> <w type="VBD">averaged</w> <w type="RP">out</w> <w type="NP">U.S.</w> <w type="NN">food</w> <w type="NN">consumption</w> <w type="AP">last</w> <w type="NN">year</w> <w type="IN">at</w> <w type="CD">1,488</w> <w type="NNS">lbs.</w> <w type="IN">per</w> <w type="NN">person</w> <c type="pct">,</c> <w type="WDT">which</w> <c type="pct">,</c> <w type="VBG">allowing</w> <w type="IN">for</w> <w type="AT">the</w> <w type="CD">17</w> <w type="CD">million</w> <w type="NPS">Americans</w> <w type="WPS">that</w> <w type="NP">John</w> <w type="NP">Kennedy</w> <w type="VBN">said</w> <w type="VB">go</w> <w type="IN">to</w> <w type="NN">bed</w> <w type="JJ">hungry</w> <w type="AT">every</w> <w type="NN">night</w> <c type="pct">,</c> <w type="VBZ">means</w> <w type="CS">that</w> <w type="JJ">certain</w> <w type="NNS">gluttons</w> <w type="IN">on</w> <w type="AT">the</w> <w type="JJ">upper</w> <w type="NN">end</w> <w type="MD">must</w> <w type="RB">somehow</w> <w type="VB">down</w> <w type="CD">8</w> <w type="NNS">lbs.</w> <w type="CC">or</w> <w type="AP">more</w> <w type="AT">a</w> <w type="NN">day</w> <c type="pct">.</c> </s>
<s n="3"><w type="DT">That</w> <w type="NN">mother</w> <w type="NN">hen</w> <w type="IN">of</w> <w type="AT">the</w> <w type="NN">weight-height</w> <w type="NNS">tables</w> <c type="pct">,</c> <w type="AT">the</w> <w type="JJ" subtype="TL">Metropolitan</w> <w type="NN" subtype="TL">Life</w> <w type="NN" subtype="TL">Insurance</w> <w type="NN" subtype="TL">Co.</w> <c type="pct">,</c> <w type="VBZ">clucks</w> <w type="CS">that</w> <w type="CD">48</w> <w type="CD">million</w> <w type="NPS">Americans</w> <w type="BER">are</w> <w type="JJ">overweight</w> <c type="pct">.</c> </s>
</p>
<p><s n="4"><w type="IN">Through</w> <w type="JJ">previous</w> <w type="NNS">centuries</w> <c type="pct">,</c> <w type="VBG">eating</w> <w type="VBD">changed</w> <w type="IN">by</w> <w type="QL">nearly</w> <w type="JJ">imperceptible</w> <w type="NNS">degrees</w> <c type="pct">,</c> <w type="CC">and</w> <w type="RB">mostly</w> <w type="IN">toward</w> <w type="RB">just</w> <w type="VBG">getting</w> <w type="AP">enough</w> <c type="pct">.</c> </s>
<s n="5"><w type="RB">Now</w> <w type="JJ">big</w> <w type="NNS">forces</w> <w type="VB">buffet</w> <w type="NN">food</w> <c type="pct">.</c> </s>
<s n="6"><w type="IN">For</w> <w type="AT">the</w> <w type="OD">first</w> <w type="NN">time</w> <w type="IN">in</w> <w type="NN">history</w> <c type="pct">,</c> <w type="AT">the</w> <w type="NP">U.S.</w> <w type="HVZ">has</w> <w type="VBN">produced</w> <w type="AT">a</w> <w type="NN">society</w> <w type="IN">in</w> <w type="WDT">which</w> <w type="AP">less</w> <w type="IN">than</w> <w type="NN">one-tenth</w> <w type="IN">of</w> <w type="AT">the</w> <w type="NNS">people</w> <w type="VB">turn</w> <w type="RP">out</w> <w type="QL">so</w> <w type="AP">much</w> <w type="NN">food</w> <w type="CS">that</w> <w type="AT">the</w> <w type="NNg" subtype="TL">Government's</w> <w type="QL">most</w> <w type="VBG">embarrassing</w> <w type="NN">problem</w> <w type="BEZ">is</w> <w type="WRB">how</w> <w type="TO">to</w> <w type="VB">dispose</w> <w type="RB">inconspicuously</w> <w type="IN">of</w> <w type="CD">100</w> <w type="CD">million</w> <w type="NNS">tons</w> <w type="IN">of</w> <w type="NN">surplus</w> <w type="NN">farm</w> <w type="NN">produce</w> <c type="pct">.</c> </s>
<s n="7"><w type="IN">In</w> <w type="DT">this</w> <w type="AP">same</w> <w type="NN">society</w> <c type="pct">,</c> <w type="AT">the</w> <w type="JJ">plain</w> <w type="NN">citizen</w> <w type="MD">can</w> <w type="IN">with</w> <w type="AT">an</w> <w type="NN">average</w> <w type="IN">of</w> <w type="RB">only</w> <w type="NN">one-fifth</w> <w type="PPg">his</w> <w type="NN">income</w> <w type="VB">buy</w> <w type="AP">more</w> <w type="NNS">calories</w> <w type="CS">than</w> <w type="PPS">he</w> <w type="MD">can</w> <w type="VB">consume</w> <c type="pct">.</c> </s>
<s n="8"><w type="NN">Refrigeration</w> <c type="pct">,</c> <w type="VBN">automated</w> <w type="NN">processing</w> <w type="CC">and</w> <w type="VBG">packaging</w> <w type="VB">conspire</w> <w type="TO">to</w> <w type="VB">defy</w> <w type="NN">season</w> <w type="CC">and</w> <w type="VB">banish</w> <w type="NN">spoilage</w> <c type="pct">.</c> </s>
<s n="9"><w type="CC">And</w> <w type="IN">in</w> <w type="AT">the</w> <w type="NN">wake</w> <w type="IN">of</w> <w type="AT">the</w> <w type="JJ">new</w> <w type="NN">affluence</w> <w type="CC">and</w> <w type="AT">the</w> <w type="JJ">new</w> <w type="NNS">techniques</w> <w type="IN">of</w> <w type="VBG">processing</w> <w type="VBZ">comes</w> <w type="AT">a</w> <w type="JJ">new</w> <w type="JJ">American</w> <w type="NN">interest</w> <w type="IN">in</w> <w type="WRB">how</w> <w type="WDT">what</w> <w type="NNS">people</w> <w type="VB">eat</w> <w type="VBZ">affects</w> <w type="PPg">their</w> <w type="NN">health</w> <c type="pct">.</c> </s>
<s n="10"><w type="TO">To</w> <w type="VB">eat</w> <w type="BEZ">is</w> <w type="JJ">human</w> <c type="pct">,</c> <w type="AT">the</w> <w type="NN">nation</w> <w type="BEZ">is</w> <w type="VBG">learning</w> <w type="TO">to</w> <w type="VB">think</w> <c type="pct">,</c> <w type="TO">to</w> <w type="VB">survive</w> <w type="JJ">divine</w> <c type="pct">.</c> </s>
</p>
<p><s n="11"><w type="NNS" subtype="HL">Fads</w> <c type="pct">,</c> <w type="NNS" subtype="HL">facts</w> </s>
<s n="12"><w type="NEG">Not</w> <w type="ABN">all</w> <w type="AT">the</w> <w type="NN">concern</w> <w type="IN">for</w> <w type="NN">health</w> <w type="BEZ">is</w> <w type="QL">well</w> <w type="VBN">directed</w> <c type="pct">.</c> </s>
<s n="13"><w type="IN">From</w> <w type="AT">the</w> <w type="JJ">fusty</w> <w type="NNS">panaceas</w> <w type="IN">of</w> <w type="NN">spinach</w> <c type="pct">,</c> <w type="NNS">eggs</w> <w type="CC">and</w> <w type="NNS">prunes</w> <c type="pct">,</c> <w type="AT">the</w> <w type="NP">U.S.</w> <w type="HVZ">has</w> <w type="VBN">progressed</w> <w type="IN">to</w> <w type="NNS">curds</w> <c type="pct">,</c> <w type="NNS">concentrates</w> <w type="CC">and</w> <w type="NNS">capsules</w> <c type="pct">.</c> </s>
<s n="14"><w type="DT">Each</w> <w type="NN">year</w> <c type="pct">,</c> <w type="VBZ">reports</w> <w type="AT">the</w> <w type="JJ" subtype="TL">American</w> <w type="JJ" subtype="TL">Medical</w> <w type="NN" subtype="TL">Association</w> <c type="pct">,</c> <w type="CD">ten</w> <w type="CD">million</w> <w type="NPS">Americans</w> <w type="VB">spend</w> <w type="NNS">$900</w> <w type="CD">million</w> <w type="IN">on</w> <w type="NNS">vitamins</w> <c type="pct">,</c> <w type="NNS">tonics</w> <w type="CC">and</w> <w type="AP">other</w> <w type="NN">food</w> <w type="NNS">supplements</w> <c type="pct">.</c> </s>
<s n="15"><w type="IN">At</w> <w type="NN">juice</w> <w type="NNS">bars</w> <w type="IN">in</w> <w type="NP">Los</w> <w type="NPg">Angeles'</w> <w type="CD">35</w> <c type="pct">``</c> <w type="NN">health</w> <c type="pct">''</c> <w type="NNS">stores</w> <c type="pct">,</c> <w type="AT">a</w> <w type="JJ">new</w> <w type="NN">sensation</w> <w type="BEZ">is</w> <w type="AT">a</w> <w type="JJ">pink</w> <c type="pct">,</c> <w type="NN">high-protein</w> <w type="NN">cocktail</w> <c type="pct">,</c> <w type="VBN">concocted</w> <w type="IN">of</w> <w type="VBN">dried</w> <w type="NNS">eggs</w> <c type="pct">,</c> <w type="VBN">powdered</w> <w type="NN">milk</w> <w type="CC">and</w> <w type="JJ">cherry-flavored</w> <w type="NP">No-Cal</w> <c type="pct">,</c> <w type="WDT">which</w> <w type="VBZ">sells</w> <w type="IN">for</w> <w type="NNS">59-cents</w> <w type="IN">per</w> <w type="NN">8-oz.</w> <w type="NN">glass</w> <c type="pct">.</c> </s>
<s n="16"><w type="NN">Grocery</w> <w type="NNS">stores</w> <w type="VB">sell</w> <w type="NNS">dozens</w> <w type="IN">of</w> <w type="NNS">foods</w> <w type="WPS">that</w> <w type="VB">boast</w> <w type="IN">of</w> <w type="HVG">having</w> <w type="RB">almost</w> <w type="AT">no</w> <w type="NN">food</w> <w type="NN">value</w> <w type="IN">at</w> <w type="ABN">all</w> <c type="pct">.</c> </s>
</p>
<p><s n="17"><w type="CC">But</w> <w type="AT">a</w> <w type="JJ">big</w> <w type="NN">part</w> <w type="IN">of</w> <w type="AT">the</w> <w type="NN">public</w> <w type="VBZ">wants</w> <w type="TO">to</w> <w type="VB">know</w> <w type="NNS">facts</w> <w type="IN">about</w> <w type="NN">diet</w> <w type="CC">and</w> <w type="NN">health</w> <c type="pct">,</c> <w type="CC">and</w> <w type="AT">a</w> <w type="JJ">big</w> <w type="NN">group</w> <w type="IN">of</w> <w type="NP">U.S.</w> <w type="NNS">scientists</w> <w type="VBZ">wants</w> <w type="TO">to</w> <w type="VB">supply</w> <w type="PPO">them</w> <c type="pct">.</c> </s>
<s n="18"><w type="AT">The</w> <w type="NN">man</w> <w type="QL">most</w> <w type="RB">firmly</w> <w type="IN">at</w> <w type="NNS">grips</w> <w type="IN">with</w> <w type="AT">the</w> <w type="NN">problem</w> <w type="BEZ">is</w> <w type="AT">the</w> <w type="NN" subtype="TL">University</w> <w type="IN" subtype="TL">of</w> <w type="NPg" subtype="TL">Minnesota's</w> <w type="NN" subtype="TL">Physiologist</w> <w type="NP">Ancel</w> <w type="NP">Keys</w> <c type="pct">,</c> <w type="CD">57</w> <c type="pct">,</c> <w type="NN">inventor</w> <w type="IN">of</w> <w type="AT">the</w> <w type="NN">wartime</w> <w type="NN">K</w> <c type="pct">(</c> <w type="IN">for</w> <w type="NP">Keys</w> <c type="pct">)</c> <w type="NN">ration</w> <w type="CC">and</w> <w type="NN">author</w> <w type="IN">of</w> <w type="AP">last</w> <w type="NNg">year's</w> <w type="JJ">bestselling</w> <w type="VB" subtype="TL">Eat</w> <w type="RB" subtype="TL">Well</w> <w type="CC" subtype="TL">And</w> <w type="VB" subtype="TL">Stay</w> <w type="JJ" subtype="TL">Well</w> <c type="pct">.</c> </s>
<s n="19"><w type="IN">From</w> <w type="PPg">his</w> <w type="JJ">birch-paneled</w> <w type="NN">office</w> <w type="IN">in</w> <w type="AT">the</w> <w type="NN" subtype="TL">Laboratory</w> <w type="IN" subtype="TL">of</w> <w type="JJ" subtype="TL">Physiological</w> <w type="NN" subtype="TL">Hygiene</w> <c type="pct">,</c> <w type="IN">under</w> <w type="AT">the</w> <w type="NNg">university's</w> <w type="NN">football</w> <w type="NN">stadium</w> <w type="IN">in</w> <w type="NP">Minneapolis</w> <c type="pct">(</c> <c type="pct">``</c> <w type="PPSS">We</w> <w type="VB">get</w> <w type="AT">a</w> <w type="NN">rumble</w> <w type="IN">on</w> <w type="AT">every</w> <w type="NN">touchdown</w> <c type="pct">''</c> <c type="pct">)</c> <c type="pct">,</c> <w type="JJ">blocky</w> <c type="pct">,</c> <w type="JJ">grey-haired</w> <w type="NN" subtype="TL">Dr.</w> <w type="NP">Keys</w> <w type="VBZ">directs</w> <w type="AT">an</w> <w type="JJ">ambitious</w> <c type="pct">,</c> <w type="NNS">$200,000-a-year</w> <w type="NN">experiment</w> <w type="IN">on</w> <w type="NN">diet</w> <c type="pct">,</c> <w type="WDT">which</w> <w type="VBZ">spans</w> <w type="CD">three</w> <w type="NNS">continents</w> <w type="CC">and</w> <w type="CD">seven</w> <w type="NNS">nations</w> <w type="CC">and</w> <w type="BEZ">is</w> <w type="RB">still</w> <w type="VBG">growing</w> <c type="pct">.</c> </s>
<s n="20"><w type="VBG">Pursuing</w> <w type="PPO">it</w> <c type="pct">,</c> <w type="PPS">he</w> <w type="HVZ">has</w> <w type="VBN">logged</w> <w type="CD">500,000</w> <w type="NNS">miles</w> <c type="pct">,</c> <w type="VBN">suffered</w> <w type="JJ">indescribable</w> <w type="JJ">digestive</w> <w type="NNS">indignities</w> <c type="pct">,</c> <w type="CC">and</w> <w type="RB">meticulously</w> <w type="VBN">collected</w> <w type="JJ">physiological</w> <w type="NN">data</w> <w type="IN">on</w> <w type="AT">the</w> <w type="NN">health</w> <w type="CC">and</w> <w type="VBG">eating</w> <w type="NNS">habits</w> <w type="IN">of</w> <w type="CD">10,000</w> <w type="NNS">individuals</w> <c type="pct">,</c> <w type="IN">from</w> <w type="JJ">Bantu</w> <w type="NNS">tribesmen</w> <w type="IN">to</w> <w type="JJ">Italian</w> <w type="NNS" subtype="FW">contadini</w> <c type="pct">.</c> </s>
<s n="21"><w type="PPS">He</w> <w type="HVZ">has</w> <w type="VBN">measured</w> <w type="AT">the</w> <w type="NNS">skinfolds</w> <c type="pct">(</c> <w type="AT">the</w> <w type="JJ">fleshy</w> <w type="NNS">areas</w> <w type="IN">under</w> <w type="AT">the</w> <w type="NN">shoulder</w> <w type="NNS">blades</w> <c type="pct">)</c> <w type="IN">of</w> <w type="JJ">Neapolitan</w> <w type="NNS">firemen</w> <c type="pct">,</c> <w type="VBN">studied</w> <w type="AT">the</w> <w type="NN">metabolism</w> <w type="IN">of</w> <w type="JJ">Finnish</w> <w type="NNS">woodcutters</w> <c type="pct">,</c> <w type="VBN">analyzed</w> <w type="AT">the</w> <c type="pct">``</c> <w type="NN">mealie-meal</w> <c type="pct">''</c> <w type="VBN">eaten</w> <w type="IN">by</w> <w type="NP">Capetown</w> <w type="NNS">coloreds</w> <c type="pct">,</c> <w type="CC">and</w> <w type="VBN">experimented</w> <w type="IN">on</w> <w type="NP">Minneapolis</w> <w type="NNS">businessmen</w> <c type="pct">.</c> </s>
</p>
<p><s n="22"><w type="CC" subtype="HL">And</w> <w type="NNS" subtype="HL">fats</w> <c type="pct">.</c> </s>
</p>
<p><s n="23"><w type="NPg">Keys's</w> <w type="NNS">findings</w> <c type="pct">,</c> <w type="CS">though</w> <w type="RB">far</w> <w type="IN">from</w> <w type="JJ">complete</w> <c type="pct">,</c> <w type="BER">are</w> <w type="JJ">likely</w> <w type="TO">to</w> <w type="VB">smash</w> <w type="ABN">many</w> <w type="AT">an</w> <w type="VBG">eating</w> <w type="NN">cliche</w> <c type="pct">.</c> </s>
<s n="24"><w type="NNS">Vitamins</w> <c type="pct">,</c> <w type="NNS">eggs</w> <w type="CC">and</w> <w type="NN">milk</w> <w type="VB">begin</w> <w type="TO">to</w> <w type="VB">look</w> <w type="CS">like</w> <w type="NNS">foods</w> <w type="TO">to</w> <w type="VB">hold</w> <w type="RP">down</w> <w type="IN">on</w> <c type="pct">(</c> <w type="CS">though</w> <w type="NNSg">mothers'</w> <w type="NN">milk</w> <w type="BEZ">is</w> <w type="RB">still</w> <w type="AT">the</w> <w type="NN">ticket</w> <c type="pct">)</c> <c type="pct">.</c> </s>
<s n="25"><w type="NNS">Readings</w> <w type="IN">of</w> <w type="AT">the</w> <w type="NN">number</w> <w type="IN">of</w> <w type="NNS">milligrams</w> <w type="IN">of</w> <w type="NN">cholesterol</w> <w type="IN">in</w> <w type="AT">the</w> <w type="NN">blood</w> <c type="pct">,</c> <w type="WDT">which</w> <w type="VB">seem</w> <w type="TO">to</w> <w type="HV">have</w> <w type="NN">value</w> <w type="IN">in</w> <w type="VBG">predicting</w> <w type="NN">heart</w> <w type="NNS">attacks</w> <c type="pct">,</c> <w type="BER">are</w> <w type="VBG">becoming</w> <w type="QL">as</w> <w type="JJ">routine</w> <w type="CS">as</w> <w type="AT">the</w> <w type="NN">electrocardiogram</w> <c type="pct">,</c> <w type="WDT">which</w> <w type="MD">can</w> <w type="VB">show</w> <w type="CS">that</w> <w type="AT">the</w> <w type="NN">heart</w> <w type="HVZ">has</w> <w type="VBN">suffered</w> <w type="AT">a</w> <w type="JJ">symptomatic</w> <w type="NN">attack</w> <c type="pct">.</c> </s>
<s n="26"><w type="RB">Already</w> <w type="ABN">many</w> <w type="AT">an</w> <w type="NP">American</w> <w type="VBZ">knows</w> <w type="PPg">his</w> <w type="NN">count</w> <c type="pct">,</c> <w type="CC">and</w> <w type="VBZ">rejoices</w> <w type="CC">or</w> <w type="VBZ">worries</w> <w type="IN">depending</w> <w type="IN">on</w> <w type="CS">whether</w> <w type="PPS">it</w> <w type="BEZ">is</w> <w type="JJR">nearer</w> <w type="CD">180</w> <c type="pct">(</c> <w type="JJ">safe</w> <c type="pct">)</c> <w type="CC">or</w> <w type="CD">250</w> <c type="pct">(</c> <w type="JJ">dangerous</w> <c type="pct">)</c> <c type="pct">.</c> </s>
</p>
<p><s n="27"><w type="IN">Out</w> <w type="IN">of</w> <w type="NN">cholesterol</w> <w type="VB">come</w> <w type="NPg">Keys's</w> <w type="JJS">main</w> <w type="NNS">messages</w> <w type="QL">so</w> <w type="RB">far</w> <c type="pct">:</c> </s>
</p>
<p><s n="28"><w type="NPS">Americans</w> <w type="VB">eat</w> <w type="QL">too</w> <w type="AP">much</w> <c type="pct">.</c> </s>
<s n="29"><w type="AT">The</w> <w type="JJ">typical</w> <w type="NP">U.S.</w> <w type="JJ">daily</w> <w type="NN">menu</w> <c type="pct">,</c> <w type="VBZ">says</w> <w type="NN" subtype="TL">Dr.</w> <w type="NP">Keys</w> <c type="pct">,</c> <w type="VBZ">contains</w> <w type="CD">3,000</w> <w type="NNS">calories</w> <c type="pct">,</c> <w type="MD">should</w> <w type="VB">contain</w> <w type="CD">2,300</w> <c type="pct">.</c> </s>
<s n="30"><w type="CC">And</w> <w type="JJ">extra</w> <w type="NN">weight</w> <w type="VBZ">increases</w> <w type="AT">the</w> <w type="NN">risk</w> <w type="IN">of</w> <w type="NN">cancer</w> <c type="pct">,</c> <w type="NN">diabetes</w> <c type="pct">,</c> <w type="NN">artery</w> <w type="NN">disease</w> <w type="CC">and</w> <w type="NN">heart</w> <w type="NN">attack</w> <c type="pct">.</c> </s>
</p>
<p><s n="31"><w type="NPS">Americans</w> <w type="VB">eat</w> <w type="QL">too</w> <w type="AP">much</w> <w type="NN">fat</w> <c type="pct">.</c> </s>
<s n="32"><w type="IN">With</w> <w type="NN">meat</w> <c type="pct">,</c> <w type="NN">milk</w> <c type="pct">,</c> <w type="NN">butter</w> <w type="CC">and</w> <w type="NN">ice</w> <w type="NN">cream</w> <c type="pct">,</c> <w type="AT">the</w> <w type="JJ">calorie-heavy</w> <w type="NP">U.S.</w> <w type="NN">diet</w> <w type="BEZ">is</w> <w type="NN">40%</w> <w type="NN">fat</w> <c type="pct">,</c> <w type="CC">and</w> <w type="AP">most</w> <w type="IN">of</w> <w type="DT">that</w> <w type="BEZ">is</w> <w type="VBN">saturated</w> <w type="NN">fat</w> <c type="pct">--</c> <w type="AT">the</w> <w type="JJ">insidious</w> <w type="NN">kind</w> <c type="pct">,</c> <w type="VBZ">says</w> <w type="NN" subtype="TL">Dr.</w> <w type="NP">Keys</w> <c type="pct">,</c> <w type="WPS">that</w> <w type="VBZ">increases</w> <w type="NN">blood</w> <w type="NN">cholesterol</w> <c type="pct">,</c> <w type="VBZ">damages</w> <w type="NNS">arteries</w> <c type="pct">,</c> <w type="CC">and</w> <w type="VBZ">leads</w> <w type="IN">to</w> <w type="JJ">coronary</w> <w type="NN">disease</w> <c type="pct">.</c> </s>
</p>
<p><s n="33"><w type="NN" subtype="HL">Obesity</w> <c type="pct">:</c> <w type="AT" subtype="HL">a</w> <w type="NN" subtype="HL">malnutrition</w> <c type="pct">.</c> </s>
</p>
<p><s n="34"><w type="IN">Throughout</w> <w type="AP">much</w> <w type="IN">of</w> <w type="AT">the</w> <w type="NN">world</w> <c type="pct">,</c> <w type="NN">food</w> <w type="BEZ">is</w> <w type="RB">still</w> <w type="QL">so</w> <w type="JJ">scarce</w> <w type="CS">that</w> <w type="ABN">half</w> <w type="IN">of</w> <w type="AT">the</w> <w type="NNg">earth's</w> <w type="NN">population</w> <w type="HVZ">has</w> <w type="NN">trouble</w> <w type="VBG">getting</w> <w type="AT">the</w> <w type="CD">1,600</w> <w type="NNS">calories</w> <w type="AT">a</w> <w type="NN">day</w> <w type="JJ">necessary</w> <w type="TO">to</w> <w type="VB">sustain</w> <w type="NN">life</w> <c type="pct">.</c> </s>
<s n="35"><w type="AT">The</w> <w type="NN">deficiency</w> <w type="NNS">diseases</w> <c type="pct">--</c> <w type="NN">scurvy</w> <c type="pct">,</c> <w type="JJ">tropical</w> <w type="NN">sprue</w> <c type="pct">,</c> <w type="NN">pellagra</w> <c type="pct">--</c> <w type="VB">run</w> <w type="JJ">rampant</w> <c type="pct">.</c> </s>
<s n="36"><w type="IN">In</w> <w type="JJ" subtype="TL">West</w> <w type="NP" subtype="TL">Africa</w> <c type="pct">,</c> <w type="IN">for</w> <w type="NN">example</w> <c type="pct">,</c> <w type="WRB">where</w> <w type="NN">meat</w> <w type="BEZ">is</w> <w type="AT">a</w> <w type="NN">luxury</w> <w type="CC">and</w> <w type="NNS">babies</w> <w type="MD">must</w> <w type="BE">be</w> <w type="VBN">weaned</w> <w type="RB">early</w> <w type="TO">to</w> <w type="VB">make</w> <w type="NN">room</w> <w type="IN">at</w> <w type="AT">the</w> <w type="NN">breast</w> <w type="IN">for</w> <w type="JJR">later</w> <w type="NNS">arrivals</w> <c type="pct">,</c> <w type="AT">a</w> <w type="NN">childhood</w> <w type="NN">menace</w> <w type="BEZ">is</w> <w type="NN" subtype="FW">kwashiorkor</w> <c type="pct">,</c> <w type="CC">or</w> <c type="pct">``</c> <w type="JJ" subtype="TL">Red</w> <w type="NP" subtype="TL">Johnny</w> <c type="pct">''</c> <c type="pct">,</c> <w type="AT">a</w> <w type="JJ">growth-stunting</w> <w type="NN">protein</w> <w type="NN">deficiency</w> <c type="pct">(</c> <w type="NNS">signs</w> <c type="pct">:</c> <w type="JJ">reddish</w> <w type="NN">hair</w> <c type="pct">,</c> <w type="VBN">bloated</w> <w type="NN">belly</w> <c type="pct">)</c> <w type="WPS">that</w> <w type="VBZ">kills</w> <w type="AP">more</w> <w type="IN">than</w> <w type="ABN">half</w> <w type="PPg">its</w> <w type="NNS">victims</w> <c type="pct">,</c> <w type="VBZ">leaves</w> <w type="AT">the</w> <w type="NN">rest</w> <w type="NN">prey</w> <w type="IN">for</w> <w type="NNS">parasites</w> <w type="CC">and</w> <w type="VBG">lingering</w> <w type="JJ">tropical</w> <w type="NN">disease</w> <c type="pct">.</c> </s>
</p>
<p><s n="37"><w type="IN">In</w> <w type="AT">the</w> <w type="JJ">well-fed</w> <w type="NP">U.S.</w> <c type="pct">,</c> <w type="NN">deficiency</w> <w type="NNS">diseases</w> <w type="HV">have</w> <w type="RB">virtually</w> <w type="VBN">vanished</w> <w type="IN">in</w> <w type="AT">the</w> <w type="AP">past</w> <w type="CD">20</w> <w type="NNS">years</w> <c type="pct">.</c> </s>
<s n="38"><w type="NR">Today</w> <c type="pct">,</c> <w type="CS">as</w> <w type="NPg">Harrison's</w> <w type="NNS" subtype="TL">Principles</w> <w type="IN" subtype="TL">Of</w> <w type="JJ" subtype="TL">Internal</w> <w type="NN" subtype="TL">Medicine</w> <c type="pct">,</c> <w type="AT">a</w> <w type="JJ">standard</w> <w type="NNg">internist's</w> <w type="NN">text</w> <c type="pct">,</c> <w type="VBZ">puts</w> <w type="PPO">it</w> <c type="pct">,</c> <c type="pct">``</c> <w type="AT">The</w> <w type="QL">most</w> <w type="JJ">common</w> <w type="NN">form</w> <w type="IN">of</w> <w type="NN">malnutrition</w> <w type="BEZ">is</w> <w type="JJ">caloric</w> <w type="NN">excess</w> <w type="CC">or</w> <w type="NN">obesity</w> <c type="pct">''</c> <c type="pct">.</c> </s>
</p>
<p><s n="39"><w type="JJ" subtype="TL">Puritan</w> <w type="JJ" subtype="TL">New</w> <w type="NP" subtype="TL">England</w> <w type="VBD">regarded</w> <w type="NN">obesity</w> <w type="CS">as</w> <w type="AT">a</w> <w type="JJ">flagrant</w> <w type="NN">symbol</w> <w type="IN">of</w> <w type="NN">intemperance</w> <c type="pct">,</c> <w type="CC">and</w> <w type="RB">thus</w> <w type="AT">a</w> <w type="NN">sin</w> <c type="pct">.</c> </s>
<s n="40"><w type="NNS">Says</w> <w type="NP">Keys</w> <c type="pct">:</c> <c type="pct">``</c> <w type="RB">Maybe</w> <w type="CS">if</w> <w type="AT">the</w> <w type="NN">idea</w> <w type="VBD">got</w> <w type="RB">around</w> <w type="RB">again</w> <w type="CS">that</w> <w type="NN">obesity</w> <w type="BEZ">is</w> <w type="JJ">immoral</w> <c type="pct">,</c> <w type="AT">the</w> <w type="JJ">fat</w> <w type="NN">man</w> <w type="MD">would</w> <w type="VB">start</w> <w type="TO">to</w> <w type="VB">think</w> <c type="pct">''</c> <c type="pct">.</c> </s>
<s n="41"><w type="NNS">Morals</w> <w type="RB">aside</w> <c type="pct">,</c> <w type="AT">the</w> <w type="JJ">fat</w> <w type="NN">man</w> <w type="HVZ">has</w> <w type="NN">plenty</w> <w type="TO">to</w> <w type="VB">worry</w> <w type="IN">about</w> <c type="pct">--</c> <w type="IN">over</w> <w type="CC">and</w> <w type="IN">above</w> <w type="AT">the</w> <w type="NN">fact</w> <w type="CS">that</w> <w type="AT">no</w> <w type="PN">one</w> <w type="QL">any</w> <w type="RBR">longer</w> <w type="VBZ">loves</w> <w type="PPO">him</w> <c type="pct">.</c> </s>
<s n="42"><w type="AT">The</w> <w type="JJ">simple</w> <w type="JJ">mechanical</w> <w type="NN">strain</w> <w type="IN">of</w> <w type="NN">overweight</w> <c type="pct">,</c> <w type="VBZ">says</w> <w type="JJ" subtype="TL">New</w> <w type="NPg" subtype="TL">York's</w> <w type="NN" subtype="TL">Dr.</w> <w type="NP">Norman</w> <w type="NP">Jolliffe</w> <c type="pct">,</c> <w type="MD">can</w> <w type="VB">overburden</w> <w type="CC">and</w> <w type="VB">damage</w> <w type="AT">the</w> <w type="NN">heart</w> <c type="pct">``</c> <w type="IN">for</w> <w type="AP">much</w> <w type="AT">the</w> <w type="AP">same</w> <w type="NN">reason</w> <w type="CS">that</w> <w type="AT">a</w> <w type="NP">Chevrolet</w> <w type="NN">engine</w> <w type="IN">in</w> <w type="AT">a</w> <w type="NP">Cadillac</w> <w type="NN">body</w> <w type="MD">would</w> <w type="VB">wear</w> <w type="RP">out</w> <w type="RBR">sooner</w> <w type="CS">than</w> <w type="CS">if</w> <w type="PPS">it</w> <w type="BED">were</w> <w type="IN">in</w> <w type="AT">a</w> <w type="NN">body</w> <w type="IN">for</w> <w type="WDT">which</w> <w type="PPS">it</w> <w type="BEDZ">was</w> <w type="VBN">built</w> <c type="pct">''</c> <c type="pct">.</c> </s>
<s n="43"><w type="AT">The</w> <w type="JJ">fat</w> <w type="NN">man</w> <w type="HVZ">has</w> <w type="NN">trouble</w> <w type="VBG">buying</w> <w type="NN">life</w> <w type="NN">insurance</w> <w type="CC">or</w> <w type="HVZ">has</w> <w type="TO">to</w> <w type="VB">pay</w> <w type="JJR">higher</w> <w type="NNS">premiums</w> <c type="pct">.</c> </s>
<s n="44"><w type="PPS">He</w> <w type="HVZ">has</w> <c type="pct">--</c> <w type="IN">for</w> <w type="JJ">unclear</w> <w type="NNS">reasons</w> <c type="pct">--</c> <w type="AT">a</w> <w type="NN">25%</w> <w type="JJR">higher</w> <w type="NN">death</w> <w type="NN">rate</w> <w type="IN">from</w> <w type="NN">cancer</w> <c type="pct">.</c> </s>
<s n="45"><w type="PPS">He</w> <w type="BEZ">is</w> <w type="QL">particularly</w> <w type="JJ">vulnerable</w> <w type="IN">to</w> <w type="NN">diabetes</w> <c type="pct">.</c> </s>
<s n="46"><w type="PPS">He</w> <w type="MD">may</w> <w type="VB">find</w> <w type="QL">even</w> <w type="JJ">moderate</w> <w type="JJ">physical</w> <w type="NN">exertion</w> <w type="JJ">uncomfortable</w> <c type="pct">,</c> <w type="CS">because</w> <w type="JJ">excess</w> <w type="NN">body</w> <w type="NN">fat</w> <w type="VBZ">hampers</w> <w type="PPg">his</w> <w type="NN">breathing</w> <w type="CC">and</w> <w type="VBZ">restricts</w> <w type="PPg">his</w> <w type="JJ">muscular</w> <w type="NN">movement</w> <c type="pct">.</c> </s>
</p>
<p><s n="47"><w type="RB">Physiologically</w> <c type="pct">,</c> <w type="NNS">people</w> <w type="VB">overeat</w> <w type="CS">because</w> <w type="WDT">what</w> <w type="NN" subtype="TL">Dr.</w> <w type="NP">Jolliffe</w> <w type="VBZ">calls</w> <w type="AT">the</w> <c type="pct">``</c> <w type="NN">appestat</w> <c type="pct">''</c> <w type="BEZ">is</w> <w type="VBN">set</w> <w type="QL">too</w> <w type="RB">high</w> <c type="pct">.</c> </s>
<s n="48"><w type="AT">The</w> <w type="NN">appestat</w> <c type="pct">,</c> <w type="WDT">which</w> <w type="VBZ">adjusts</w> <w type="AT">the</w> <w type="NN">appetite</w> <w type="TO">to</w> <w type="VB">keep</w> <w type="NN">weight</w> <w type="JJ">constant</w> <c type="pct">,</c> <w type="BEZ">is</w> <w type="VBN">located</w> <c type="pct">,</c> <w type="VBZ">says</w> <w type="NP">Jolliffe</w> <c type="pct">,</c> <w type="IN">in</w> <w type="AT">the</w> <w type="NN">hypothalamus</w> <c type="pct">--</c> <w type="IN">near</w> <w type="AT">the</w> <w type="NNg">body's</w> <w type="NN">temperature</w> <c type="pct">,</c> <w type="NN">sleep</w> <w type="CC">and</w> <w type="NN">water-balance</w> <w type="NNS">controls</w> <c type="pct">.</c> </s>
<s n="49"><w type="JJ">Physical</w> <w type="NN">exercise</w> <w type="VBZ">raises</w> <w type="AT">the</w> <w type="NN">appestat</w> <c type="pct">.</c> </s>
<s n="50"><w type="RB">So</w> <w type="DOZ">does</w> <w type="JJ">cold</w> <w type="NN">weather</w> <c type="pct">.</c> </s>
<s n="51"><w type="IN">In</w> <w type="JJ">moderate</w> <w type="NNS">doses</w> <c type="pct">,</c> <w type="NN">alcohol</w> <w type="VBZ">narcotizes</w> <w type="AT">the</w> <w type="NN">appestat</w> <w type="CC">and</w> <w type="VBZ">enhances</w> <w type="NN">appetite</w> <c type="pct">(</c> <w type="AT">the</w> <w type="JJ">original</w> <w type="NN">reason</w> <w type="IN">for</w> <w type="AT">the</w> <w type="NN">cocktail</w> <c type="pct">)</c> <c type="pct">;</c> <c type="pct">;</c> </s>
<s n="52"><w type="CC">but</w> <w type="CS">because</w> <w type="NN">liquor</w> <w type="HVZ">has</w> <w type="AT">a</w> <w type="JJ">high</w> <w type="JJ">caloric</w> <w type="NN">value</w> <c type="pct">--</c> <w type="CD">100</w> <w type="NNS">calories</w> <w type="IN">per</w> <w type="NN">oz.</w> <c type="pct">--</c> <w type="AT">the</w> <w type="JJ">heavy</w> <w type="NN">drinker</w> <w type="BEZ">is</w> <w type="RB">seldom</w> <w type="JJ">hungry</w> <c type="pct">.</c> </s>
<s n="53"><w type="IN">In</w> <w type="JJ">rare</w> <w type="NNS">cases</w> <c type="pct">,</c> <w type="NNS">diseases</w> <w type="JJ">such</w> <w type="CS">as</w> <w type="NN">encephalitis</w> <w type="CC">or</w> <w type="AT">a</w> <w type="NN">pituitary</w> <w type="NN">tumor</w> <w type="MD">may</w> <w type="VB">damage</w> <w type="AT">the</w> <w type="NN">appestat</w> <w type="RB">permanently</w> <c type="pct">,</c> <w type="VBG">destroying</w> <w type="RB">nearly</w> <w type="ABN">all</w> <w type="NN">sense</w> <w type="IN">of</w> <w type="NN">satiety</w> <c type="pct">.</c> </s>
</p>
<p><s n="54"><w type="NN" subtype="HL">Food</w> <w type="IN" subtype="HL">for</w> <w type="NN" subtype="HL">frustration</w> <c type="pct">.</c> </s>
</p>
<p><s n="55"><w type="QL">Far</w> <w type="QL">more</w> <w type="RB">frequently</w> <c type="pct">,</c> <w type="VBG">overeating</w> <w type="BEZ">is</w> <w type="AT">the</w> <w type="NN">result</w> <w type="IN">of</w> <w type="AT">a</w> <w type="JJ">psychological</w> <w type="NN">compulsion</w> <c type="pct">.</c> </s>
<s n="56"><w type="PPS">It</w> <w type="MD">may</w> <w type="BE">be</w> <w type="VBN">fostered</w> <w type="IN">by</w> <w type="NN">frustration</w> <c type="pct">,</c> <w type="NN">depression</w> <c type="pct">,</c> <w type="NN">insecurity</w> <c type="pct">--</c> <w type="CC">or</w> <c type="pct">,</c> <w type="IN">in</w> <w type="NNS">children</w> <c type="pct">,</c> <w type="RB">simply</w> <w type="IN">by</w> <w type="AT">the</w> <w type="NN">desire</w> <w type="TO">to</w> <w type="VB">stop</w> <w type="AT">an</w> <w type="JJ">anxious</w> <w type="NNg">mother's</w> <w type="NN">nagging</w> <c type="pct">.</c> </s>
<s n="57"><w type="DTI">Some</w> <w type="NNS">families</w> <w type="VB">place</w> <w type="JJ">undue</w> <w type="NN">emphasis</w> <w type="IN">on</w> <w type="NN">food</w> <c type="pct">:</c> <w type="NNS">conversations</w> <w type="VB">center</w> <w type="IN">on</w> <w type="PPO">it</w> <c type="pct">,</c> <w type="CC">and</w> <w type="JJ">rich</w> <w type="NNS">delicacies</w> <w type="BER">are</w> <w type="VBN">offered</w> <w type="CS">as</w> <w type="NNS">rewards</w> <c type="pct">,</c> <w type="VBN">withheld</w> <w type="CS">as</w> <w type="NN">punishment</w> <c type="pct">.</c> </s>
<s n="58"><w type="AT">The</w> <w type="NN">result</w> <w type="VBZ">says</w> <w type="NP">Jolliffe</w> <c type="pct">:</c> <c type="pct">``</c> <w type="AT">The</w> <w type="NN">child</w> <w type="VBZ">gains</w> <w type="AT">the</w> <w type="NN">feeling</w> <w type="CS">that</w> <w type="NN">food</w> <w type="BEZ">is</w> <w type="AT">the</w> <w type="NN">purpose</w> <w type="IN">of</w> <w type="NN">life</w> <c type="pct">''</c> <c type="pct">.</c> </s>
<s n="59"><w type="NN">Food</w> <w type="MD">may</w> <w type="VB">act</w> <w type="CS">as</w> <w type="AT">a</w> <w type="NN">sedative</w> <c type="pct">,</c> <w type="VBG">giving</w> <w type="JJ">temporary</w> <w type="JJ">emotional</w> <w type="NN">solace</w> <c type="pct">,</c> <w type="RB">just</w> <w type="CS">as</w> <c type="pct">,</c> <w type="IN">for</w> <w type="DTI">some</w> <w type="NNS">people</w> <c type="pct">,</c> <w type="NN">alcohol</w> <w type="DOZ">does</w> <c type="pct">.</c> </s>
<s n="60"><w type="VBZ">Reports</w> <w type="NN" subtype="TL">Dr.</w> <w type="NP">Keys</w> <c type="pct">:</c> <c type="pct">``</c> <w type="AT">A</w> <w type="QL">fairly</w> <w type="JJ">common</w> <w type="NN">experience</w> <w type="IN">for</w> <w type="PPO">us</w> <w type="BEZ">is</w> <w type="AT">the</w> <w type="NN">wife</w> <w type="WPS">who</w> <w type="VBZ">finds</w> <w type="PPg">her</w> <w type="NN">husband</w> <w type="VBG">staying</w> <w type="RP">out</w> <w type="RBR">more</w> <w type="CC">and</w> <w type="RBR">more</w> <c type="pct">.</c> </s>
<s n="61"><w type="PPS">He</w> <w type="MD">may</w> <w type="BE">be</w> <w type="VBN">interested</w> <w type="IN">in</w> <w type="DT">another</w> <w type="NN">woman</w> <c type="pct">,</c> <w type="CC">or</w> <w type="RB">just</w> <w type="CS">like</w> <w type="BEG">being</w> <w type="IN">with</w> <w type="AT">the</w> <w type="NNS">boys</w> <c type="pct">.</c> </s>
<s n="62"><w type="RB">So</w> <w type="PPS">she</w> <w type="VBZ">fishes</w> <w type="RB">around</w> <w type="IN">in</w> <w type="AT">the</w> <w type="NN">cupboard</w> <w type="CC">and</w> <w type="VBZ">hauls</w> <w type="RP">out</w> <w type="AT">a</w> <w type="NN">chocolate</w> <w type="NN">cake</w> <c type="pct">.</c> </s>
<s n="63"><mw pos="PPS BEZ">It's </mw><w type="AT">a</w> <w type="NN">matter</w> <w type="IN">of</w> <w type="NN">boredom</w> <c type="pct">,</c> <w type="CC">and</w> <w type="AT">the</w> <w type="JJ">subconscious</w> <w type="NN">feeling</w> <w type="CS">that</w> <w type="PPS">she</w> <w type="BEZ">is</w> <w type="VBN">entitled</w> <w type="IN">to</w> <w type="PN">something</w> <c type="pct">,</c> <w type="CS">because</w> <mw pos="PPS BEZ">she's </mw><w type="BEG">being</w> <w type="VBN">deprived</w> <w type="IN">of</w> <w type="PN">something</w> <w type="RB">else</w> <c type="pct">''</c> <c type="pct">.</c> </s>
</p>
<p><s n="64"><w type="IN">For</w> <w type="AT">the</w> <w type="NN">army</w> <w type="IN">of</w> <w type="JJ">compulsive</w> <w type="NNS">eaters</w> <c type="pct">--</c> <w type="IN">from</w> <w type="AT">the</w> <w type="NNS">nibblers</w> <w type="CC">and</w> <w type="AT">the</w> <w type="NNS">gobblers</w> <w type="IN">to</w> <w type="AT">the</w> <w type="JJ">downright</w> <w type="NNS">gluttons</w> <c type="pct">--</c> <w type="VBG">reducing</w> <w type="BEZ">is</w> <w type="AT">a</w> <w type="NN">war</w> <w type="IN">with</w> <w type="AT">the</w> <w type="NN">will</w> <w type="WPS">that</w> <w type="BEZ">is</w> <w type="RB">rarely</w> <w type="VBN">won</w> <c type="pct">.</c> </s>
<s n="65"><w type="NN">Physiologist</w> <w type="NP">Keys</w> <w type="RB">flatly</w> <w type="VBZ">dismisses</w> <w type="JJ">such</w> <w type="NN">appetite</w> <w type="NNS">depressants</w> <w type="CS">as</w> <w type="AT">the</w> <w type="NNS">amphetamines</w> <c type="pct">(</c> <w type="NP">Benzedrine</w> <c type="pct">,</c> <w type="NP">Dexedrine</w> <c type="pct">)</c> <w type="CS">as</w> <w type="JJ">dangerous</w> <c type="pct">``</c> <w type="NNS">crutches</w> <w type="IN">for</w> <w type="AT">a</w> <w type="JJ">weak</w> <w type="NN">will</w> <c type="pct">''</c> <c type="pct">.</c> </s>
</p>
<p><s n="66"><w type="NP">Keys</w> <w type="HVZ">has</w> <w type="AT">no</w> <w type="JJ">such</w> <w type="NNS">objections</w> <w type="IN">to</w> <w type="NP">Metrecal</w> <c type="pct">,</c> <w type="NP" subtype="TL">Quaker</w> <w type="NNg" subtype="TL">Oats's</w> <w type="NN" subtype="TL">Quota</w> <w type="CC">and</w> <w type="AP">other</w> <w type="JJ">900-calorie</w> <w type="NN">milk</w> <w type="NNS">formulas</w> <w type="WPS">that</w> <w type="BER">are</w> <w type="RB">currently</w> <w type="VBG">winning</w> <w type="NN">favor</w> <w type="IN">from</w> <w type="NNS">dieters</w> <c type="pct">.</c> </s>
<s n="67"><c type="pct">``</c> <w type="NP">Metrecal</w> <w type="BEZ">is</w> <w type="AT">a</w> <w type="QL">pretty</w> <w type="JJ">complete</w> <w type="NN">food</w> <c type="pct">''</c> <c type="pct">,</c> <w type="PPS">he</w> <w type="VBZ">says</w> <c type="pct">.</c> </s>
<s n="68"><c type="pct">``</c> <w type="PPS">It</w> <w type="VBZ">contains</w> <w type="JJ">large</w> <w type="VBZ">amounts</w> <w type="IN">of</w> <w type="NN">protein</w> <c type="pct">,</c> <w type="NNS">vitamins</w> <w type="CC">and</w> <w type="NNS">minerals</w> <c type="pct">.</c> </s>
<s n="69"><w type="IN">In</w> <w type="AT">the</w> <w type="NN">quantity</w> <w type="IN">of</w> <w type="CD">900</w> <w type="NNS">calories</w> <w type="AT">a</w> <w type="NN">day</w> <c type="pct">,</c> <w type="PN">anyone</w> <w type="MD">will</w> <w type="VB">lose</w> <w type="NN">weight</w> <w type="IN">on</w> <w type="PPO">it</w> <c type="pct">--</c> <w type="CD">20</w> <c type="pct">,</c> <w type="CD">30</w> <w type="CC">or</w> <w type="CD">40</w> <w type="NNS">lbs.</w> <c type="pct">''</c> <c type="pct">.</c> </s>
<s n="70"><w type="CC">But</w> <w type="NP">Keys</w> <w type="VBZ">worries</w> <w type="CS">that</w> <w type="AT">the</w> <w type="NP">Metrecal</w> <w type="NN">drinker</w> <w type="MD">will</w> <w type="RB">never</w> <w type="VB">make</w> <w type="CC">either</w> <w type="AT">the</w> <w type="JJ">psychological</w> <w type="CC">or</w> <w type="JJ">physiological</w> <w type="NN">adjustment</w> <w type="IN">to</w> <w type="AT">the</w> <w type="NN">idea</w> <w type="IN">of</w> <w type="VBG">eating</w> <w type="JJR">smaller</w> <w type="NNS">portions</w> <w type="IN">of</w> <w type="NN">food</w> <c type="pct">.</c> </s>
</p>
<p><s n="71"><w type="DT" subtype="HL">That</w> <w type="JJ" subtype="HL">remarkable</w> <w type="NN" subtype="HL">cholesterol</w> <c type="pct">.</c> </s>
</p>
<p><s n="72"><w type="IN">Despite</w> <w type="PPg">his</w> <w type="JJ">personal</w> <w type="NN">distaste</w> <w type="IN">for</w> <w type="NN">obesity</w> <c type="pct">(</c> <c type="pct">``</c> <w type="JJ">disgusting</w> <c type="pct">''</c> <c type="pct">)</c> <c type="pct">,</c> <w type="NN" subtype="TL">Dr.</w> <w type="NP">Keys</w> <w type="HVZ">has</w> <w type="RB">only</w> <w type="AT">an</w> <w type="JJ">incidental</w> <w type="NN">interest</w> <w type="IN">in</w> <w type="WQL">how</w> <w type="AP">much</w> <w type="NPS">Americans</w> <w type="VB">eat</w> <c type="pct">.</c> </s>
<s n="73"><w type="WDT">What</w> <w type="VBZ">concerns</w> <w type="PPO">him</w> <w type="QL">much</w> <w type="RBR">more</w> <w type="BEZ">is</w> <w type="AT">the</w> <w type="NN">relationship</w> <w type="IN">of</w> <w type="NN">diet</w> <w type="IN">to</w> <w type="AT">the</w> <w type="NNg">nation's</w> <w type="NN" subtype="TL">No.</w> <w type="CD">1</w> <w type="NN">killer</w> <c type="pct">:</c> <w type="NN">coronary</w> <w type="NN">artery</w> <w type="NN">disease</w> <c type="pct">,</c> <w type="WDT">which</w> <w type="VBZ">accounts</w> <w type="IN">for</w> <w type="AP">more</w> <w type="IN">than</w> <w type="ABN">half</w> <w type="IN">of</w> <w type="ABN">all</w> <w type="NN">heart</w> <w type="NNS">fatalities</w> <w type="CC">and</w> <w type="VBZ">kills</w> <w type="CD">500,000</w> <w type="NPS">Americans</w> <w type="AT">a</w> <w type="NN">year</w> <c type="pct">--</c> <w type="RB">twice</w> <w type="AT">the</w> <w type="NN">toll</w> <w type="IN">from</w> <w type="ABN">all</w> <w type="NNS">varieties</w> <w type="IN">of</w> <w type="NN">cancer</w> <c type="pct">,</c> <w type="CD">five</w> <w type="NNS">times</w> <w type="AT">the</w> <w type="NNS">deaths</w> <w type="IN">from</w> <w type="NN">automobile</w> <w type="NNS">accidents</w> <c type="pct">.</c> </s>
</p>
<p><s n="74"><w type="NN">Cholesterol</w> <c type="pct">,</c> <w type="AT">the</w> <w type="NN">cornerstone</w> <w type="IN">of</w> <w type="NN" subtype="TL">Dr.</w> <w type="NPg">Keys's</w> <w type="NN">theory</w> <c type="pct">,</c> <w type="BEZ">is</w> <w type="AT">a</w> <w type="JJ">mysterious</w> <w type="JJ">yellowish</w> <c type="pct">,</c> <w type="JJ">waxy</w> <w type="NN">substance</w> <c type="pct">,</c> <w type="RB">chemically</w> <w type="AT">a</w> <w type="JJ">crystalline</w> <w type="NN">alcohol</w> <c type="pct">.</c> </s>
<s n="75"><w type="NNS">Scientists</w> <w type="VB">assume</w> <w type="CS">that</w> <w type="NN">cholesterol</w> <c type="pct">(</c> <w type="IN">from</w> <w type="AT">the</w> <w type="NP">Greek</w> <w type="NN" subtype="FW">chole</w> <c type="pct">,</c> <w type="VBG">meaning</w> <w type="NN">bile</w> <c type="pct">,</c> <w type="CC">and</w> <w type="JJ" subtype="FW">sterios</w> <c type="pct">,</c> <w type="VBG">meaning</w> <w type="NN">solid</w> <c type="pct">)</c> <w type="BEZ">is</w> <w type="RB">somehow</w> <w type="JJ">necessary</w> <w type="IN">for</w> <w type="AT">the</w> <w type="NN">formation</w> <w type="IN">of</w> <w type="NN">brain</w> <w type="NNS">cells</w> <c type="pct">,</c> <w type="CS">since</w> <w type="PPS">it</w> <w type="VBZ">accounts</w> <w type="IN">for</w> <w type="RB">about</w> <w type="NN">2%</w> <w type="IN">of</w> <w type="AT">the</w> <w type="NNg">brain's</w> <w type="NN">total</w> <w type="NN">solid</w> <w type="NN">weight</w> <c type="pct">.</c> </s>
<s n="76"><w type="PPSS">They</w> <w type="VB">know</w> <w type="PPS">it</w> <w type="BEZ">is</w> <w type="AT">the</w> <w type="JJS">chief</w> <w type="NN">ingredient</w> <w type="IN">in</w> <w type="NNS">gallstones</w> <c type="pct">.</c> </s>
<s n="77"><w type="PPSS">They</w> <w type="VB">suspect</w> <w type="PPS">it</w> <w type="VBZ">plays</w> <w type="AT">a</w> <w type="NN">role</w> <w type="IN">in</w> <w type="AT">the</w> <w type="NN">production</w> <w type="IN">of</w> <w type="NN">adrenal</w> <w type="NNS">hormones</w> <c type="pct">,</c> <w type="CC">and</w> <w type="PPSS">they</w> <w type="VB">believe</w> <w type="PPS">it</w> <w type="BEZ">is</w> <w type="JJ">essential</w> <w type="IN">to</w> <w type="AT">the</w> <w type="NN">transport</w> <w type="IN">of</w> <w type="NNS">fats</w> <w type="IN">throughout</w> <w type="AT">the</w> <w type="JJ">circulatory</w> <w type="NN">system</w> <c type="pct">.</c> </s>
<s n="78"><w type="CC">But</w> <w type="PPSS">they</w> <mw pos="MD *">cannot </mw><w type="RB">fully</w> <w type="VB">explain</w> <w type="AT">the</w> <w type="NN">process</w> <w type="IN">of</w> <w type="PPg">its</w> <w type="NN">manufacture</w> <w type="IN">by</w> <w type="AT">the</w> <w type="JJ">human</w> <w type="NN">liver</w> <c type="pct">.</c> </s>
<s n="79"><w type="CS">Although</w> <w type="AT">the</w> <w type="JJ">fatty</w> <w type="NN">protein</w> <w type="NNS">molecules</w> <c type="pct">,</c> <w type="VBN">carried</w> <w type="IN">in</w> <w type="AT">the</w> <w type="NN">blood</w> <w type="CC">and</w> <w type="RB">partly</w> <w type="VBN">composed</w> <w type="IN">of</w> <w type="NN">cholesterol</w> <c type="pct">,</c> <w type="BER">are</w> <w type="NN">water</w> <w type="JJ">soluble</w> <c type="pct">,</c> <w type="NN">cholesterol</w> <w type="PPL">itself</w> <w type="BEZ">is</w> <w type="JJ">insoluble</w> <c type="pct">,</c> <w type="CC">and</w> <mw pos="MD *">cannot </mw><w type="BE">be</w> <w type="VBN">destroyed</w> <w type="IN">by</w> <w type="AT">the</w> <w type="NN">body</w> <c type="pct">.</c> </s>
<s n="80"><c type="pct">``</c> <w type="AT">A</w> <w type="JJ">remarkable</w> <w type="NN">substance</w> <c type="pct">''</c> <c type="pct">,</c> <w type="VBZ">says</w> <w type="NN" subtype="TL">Dr.</w> <w type="NP">Keys</w> <c type="pct">,</c> <c type="pct">``</c> <w type="QL">quite</w> <w type="RB">apart</w> <w type="IN">from</w> <w type="PPg">its</w> <w type="NN">tendency</w> <w type="TO">to</w> <w type="BE">be</w> <w type="VBN">deposited</w> <w type="IN">in</w> <w type="AT">the</w> <w type="NNS">walls</w> <w type="IN">of</w> <w type="NNS">arteries</w> <c type="pct">''</c> <c type="pct">.</c> </s>
</p>
<p><s n="81"><w type="WRB">When</w> <w type="RB">thus</w> <w type="VBN">deposited</w> <c type="pct">,</c> <w type="NP">Keys</w> <w type="VBZ">says</w> <w type="CS">that</w> <w type="NN">cholesterol</w> <w type="BEZ">is</w> <w type="RB">mainly</w> <w type="JJ">responsible</w> <w type="IN">for</w> <w type="AT">the</w> <w type="JJ">arterial</w> <w type="NNS">blockages</w> <w type="WPS">that</w> <w type="VB">culminate</w> <w type="IN">in</w> <w type="NN">heart</w> <w type="NNS">attacks</w> <c type="pct">.</c> </s>
<s n="82"><w type="VBZ">Explains</w> <w type="NP">Keys</w> <c type="pct">:</c> <w type="CS">As</w> <w type="AT">the</w> <w type="JJ">fatty</w> <w type="NN">protein</w> <w type="NNS">molecules</w> <w type="VB">travel</w> <w type="IN">in</w> <w type="AT">the</w> <w type="NN">bloodstream</w> <c type="pct">,</c> <w type="PPSS">they</w> <w type="BER">are</w> <w type="VBN">deposited</w> <w type="IN">in</w> <w type="AT">the</w> <w type="NN">intima</w> <c type="pct">,</c> <w type="CC">or</w> <w type="JJ">inner</w> <w type="NN">wall</w> <w type="IN">of</w> <w type="AT">a</w> <w type="NN">coronary</w> <w type="NN">artery</w> <c type="pct">.</c> </s>
<s n="83"><w type="AT">The</w> <w type="NNS">proteins</w> <w type="CC">and</w> <w type="NNS">fats</w> <w type="BER">are</w> <w type="VBN">burned</w> <w type="RP">off</w> <c type="pct">,</c> <w type="CC">and</w> <w type="AT">the</w> <w type="NN">cholesterol</w> <w type="BEZ">is</w> <w type="VBN">left</w> <w type="RB">behind</w> <c type="pct">.</c> </s>
<s n="84"><w type="CS">As</w> <w type="NN">cholesterol</w> <w type="VBZ">piles</w> <w type="RP">up</w> <c type="pct">,</c> <w type="PPS">it</w> <w type="VBZ">narrows</w> <c type="pct">,</c> <w type="VBZ">irritates</w> <w type="CC">and</w> <w type="VBZ">damages</w> <w type="AT">the</w> <w type="NN">artery</w> <c type="pct">,</c> <w type="VBG">encouraging</w> <w type="NN">formation</w> <w type="IN">of</w> <w type="NN">calcium</w> <w type="NNS">deposits</w> <w type="CC">and</w> <w type="VBG">slowing</w> <w type="NN">circulation</w> <c type="pct">.</c> </s>
<s n="85"><w type="RB">Eventually</w> <c type="pct">,</c> <w type="VBZ">says</w> <w type="NP">Keys</w> <c type="pct">,</c> <w type="CD">one</w> <w type="IN">of</w> <w type="CD">two</w> <w type="NNS">things</w> <w type="VBZ">happens</w> <c type="pct">.</c> </s>
<s n="86"><w type="AT">A</w> <w type="NN">clot</w> <w type="VBZ">forms</w> <w type="IN">at</w> <w type="AT">the</w> <w type="NN">site</w> <c type="pct">,</c> <w type="VBZ">seals</w> <w type="RP">off</w> <w type="AT">the</w> <w type="NN">flow</w> <w type="IN">of</w> <w type="NN">blood</w> <w type="IN">to</w> <w type="AT">the</w> <w type="NN">heart</w> <w type="CC">and</w> <w type="VBZ">provokes</w> <w type="AT">a</w> <w type="NN">heart</w> <w type="NN">attack</w> <c type="pct">.</c> </s>
<s n="87"><w type="CC">Or</w> <c type="pct">(</c> <w type="QL">more</w> <w type="RB">commonly</w> <c type="pct">,</c> <w type="VBZ">thinks</w> <w type="NP">Keys</w> <c type="pct">)</c> <w type="AT">the</w> <w type="NNS">deposits</w> <w type="PPLS">themselves</w> <w type="VB">get</w> <w type="QL">so</w> <w type="JJ">big</w> <w type="CS">that</w> <w type="PPSS">they</w> <w type="VB">choke</w> <w type="RP">off</w> <w type="AT">the</w> <w type="NNg">artery's</w> <w type="NN">flow</w> <w type="IN">to</w> <w type="AT">the</w> <w type="NN">point</w> <w type="CS">that</w> <w type="AT">an</w> <w type="NN">infarct</w> <w type="VBZ">occurs</w> <c type="pct">:</c> <w type="AT">the</w> <w type="NN">heart</w> <w type="NN">muscle</w> <w type="BEZ">is</w> <w type="VBN">suffocated</w> <c type="pct">,</c> <w type="NNS">cells</w> <w type="VBN">supplied</w> <w type="IN">by</w> <w type="AT">the</w> <w type="NN">artery</w> <w type="VB">die</w> <c type="pct">,</c> <w type="CC">and</w> <w type="AT">the</w> <w type="NN">heart</w> <w type="BEZ">is</w> <w type="RB">permanently</w> <c type="pct">,</c> <w type="RB">perhaps</w> <w type="RB">fatally</w> <w type="VBN">injured</w> <c type="pct">.</c> </s>
</p>
<p><s n="88"><w type="NNS" subtype="HL">Fats</w> <w type="CC" subtype="HL">&amp;</w> <w type="NNS" subtype="HL">coronaries</w> <c type="pct">.</c> </s>
</p>
<p><s n="89"><w type="RB">Ordinarily</w> <c type="pct">,</c> <w type="AT">the</w> <w type="JJ">human</w> <w type="NN">liver</w> <w type="VBZ">synthesizes</w> <w type="RB">only</w> <w type="AP">enough</w> <w type="NN">cholesterol</w> <w type="TO">to</w> <w type="VB">satisfy</w> <w type="AT">the</w> <w type="NNg">body's</w> <w type="NNS">needs</w> <c type="pct">--</c> <w type="IN">for</w> <w type="NN">transportation</w> <w type="IN">of</w> <w type="NNS">fats</w> <w type="CC">and</w> <w type="IN">for</w> <w type="NN">production</w> <w type="IN">of</w> <w type="NN">bile</w> <c type="pct">.</c> </s>
<s n="90"><w type="RB">Even</w> <w type="NNS">eggs</w> <w type="CC">and</w> <w type="AP">other</w> <w type="JJ">cholesterol-rich</w> <w type="NNS">foods</w> <c type="pct">,</c> <w type="VBN">eaten</w> <w type="IN">in</w> <w type="JJ">normal</w> <w type="VBZ">amounts</w> <c type="pct">,</c> <w type="VBZ">says</w> <w type="NN" subtype="TL">Dr.</w> <w type="NP">Keys</w> <c type="pct">,</c> <w type="DO">do</w> <w type="NEG">not</w> <w type="RB">materially</w> <w type="VB">affect</w> <w type="AT">the</w> <w type="NN">amount</w> <w type="IN">of</w> <w type="NN">cholesterol</w> <w type="IN">in</w> <w type="AT">the</w> <w type="NN">blood</w> <c type="pct">.</c> </s>
<s n="91"><w type="CC">But</w> <w type="JJ">fatty</w> <w type="NNS">foods</w> <w type="DO">do</w> <c type="pct">.</c> </s>
</p>
<p><s n="92"><w type="IN">During</w> <w type="NN" subtype="TL">World</w> <w type="NN" subtype="TL">War</w> <w type="CD" subtype="TL">2</w> <c type="pct">,</c> <c type="pct">,</c> <w type="NNS">doctors</w> <w type="IN">in</w> <w type="AT" subtype="TL">The</w> <w type="NP" subtype="TL">Netherlands</w> <w type="CC">and</w> <w type="NP">Scandinavia</w> <w type="VBD">noted</w> <w type="AT">a</w> <w type="JJ">curious</w> <w type="NN">fact</w> <c type="pct">:</c> <w type="IN">despite</w> <w type="AT">the</w> <w type="NNS">stresses</w> <w type="IN">of</w> <w type="NP">Nazi</w> <w type="NN">occupation</w> <c type="pct">,</c> <w type="AT">the</w> <w type="NN">death</w> <w type="NN">rate</w> <w type="IN">from</w> <w type="NN">coronary</w> <w type="NN">artery</w> <w type="NN">disease</w> <w type="BEDZ">was</w> <w type="RB">slowly</w> <w type="VBG">dropping</w> <c type="pct">.</c> </s>
<s n="93"><w type="NEG">Not</w> <w type="IN">until</w> <w type="QL">long</w> <w type="IN">after</w> <w type="AT">the</w> <w type="NN">war</w> <c type="pct">--</c> <w type="CD">1950</w> <c type="pct">,</c> <w type="IN">in</w> <w type="NN">fact</w> <c type="pct">--</c> <w type="DOD">did</w> <w type="PPSS">they</w> <w type="VB">get</w> <w type="AT">a</w> <w type="NN">hint</w> <w type="IN">of</w> <w type="AT">the</w> <w type="NN">reason</w> <c type="pct">.</c> </s>
<s n="94"><w type="DT">That</w> <w type="NN">year</w> <c type="pct">,</c> <w type="NPg">Sweden's</w> <w type="NP">Haqvin</w> <w type="NP">Malmros</w> <w type="VBD">showed</w> <w type="CS">that</w> <w type="AT">the</w> <w type="VBG">sinking</w> <w type="NN">death</w> <w type="NN">rate</w> <w type="RB">neatly</w> <w type="VBD">coincided</w> <w type="IN">with</w> <w type="QL">increasingly</w> <w type="JJ">severe</w> <w type="NNS">restrictions</w> <w type="IN">on</w> <w type="JJ">fatty</w> <w type="NNS">foods</w> <c type="pct">.</c> </s>
<s n="95"><w type="DT">That</w> <w type="AP">same</w> <w type="NN">year</w> <w type="AT">the</w> <w type="NN" subtype="TL">University</w> <w type="IN" subtype="TL">of</w> <w type="NPg" subtype="TL">California's</w> <w type="NN" subtype="TL">Dr.</w> <w type="NP">Laurance</w> <w type="NP">Kinsell</w> <c type="pct">,</c> <w type="VBG">timing</w> <w type="NN">oxidation</w> <w type="NNS">rates</w> <w type="IN">of</w> <w type="NN">blood</w> <w type="NNS">fats</w> <c type="pct">,</c> <w type="VBD">stumbled</w> <w type="IN">onto</w> <w type="AT">the</w> <w type="NN">discovery</w> <w type="CS">that</w> <w type="AP">many</w> <w type="NN">vegetable</w> <w type="NNS">fats</w> <w type="VB">cause</w> <w type="NN">blood</w> <w type="NN">cholesterol</w> <w type="NNS">levels</w> <w type="TO">to</w> <w type="VB">drop</w> <w type="RB">radically</w> <c type="pct">,</c> <w type="CS">while</w> <w type="NN">animal</w> <w type="NNS">fats</w> <w type="VB">cause</w> <w type="PPO">them</w> <w type="TO">to</w> <w type="VB">rise</w> <c type="pct">.</c> </s>
<s n="96"><w type="RB">Here</w> <w type="NP">Keys</w> <w type="CC">and</w> <w type="NNS">others</w> <c type="pct">,</c> <w type="JJ">such</w> <w type="CS">as</w> <w type="NN" subtype="TL">Dr.</w> <w type="NP">A.</w> <w type="NP">E.</w> <w type="NP">Ahrens</w> <w type="IN">of</w> <w type="AT">the</w> <w type="NP" subtype="TL">Rockefeller</w> <w type="NN" subtype="TL">Institute</w> <c type="pct">,</c> <w type="VBD">took</w> <w type="RP">over</w> <w type="TO">to</w> <w type="VB">demonstrate</w> <w type="AT">the</w> <w type="NN">chemical</w> <w type="NN">difference</w> <w type="IN">between</w> <w type="NN">vegetable</w> <w type="CC">and</w> <w type="NN">animal</w> <w type="NNS">fats</w> <c type="pct">--</c> <w type="CC">and</w> <w type="RB">even</w> <w type="IN">between</w> <w type="JJ">different</w> <w type="NNS">varieties</w> <w type="IN">of</w> <w type="DT">each</w> <c type="pct">.</c> </s>
</p>
<p><s n="97"><w type="ABN">All</w> <w type="JJ">natural</w> <w type="NN">food</w> <w type="NNS">fats</w> <w type="VB">fall</w> <w type="IN">into</w> <w type="CD">one</w> <w type="IN">of</w> <w type="CD">three</w> <w type="NNS">categories</w> <c type="pct">--</c> <w type="VBN">saturated</w> <c type="pct">,</c> <w type="JJ">mono-unsaturated</w> <w type="CC">and</w> <w type="JJ">poly-unsaturated</w> <c type="pct">.</c> </s>
<s n="98"><w type="AT">The</w> <w type="NN">degree</w> <w type="IN">of</w> <w type="NN">saturation</w> <w type="VBZ">depends</w> <w type="IN">on</w> <w type="AT">the</w> <w type="NN">number</w> <w type="IN">of</w> <w type="NN">hydrogen</w> <w type="NNS">atoms</w> <w type="IN">on</w> <w type="AT">the</w> <w type="NN">fat</w> <w type="NN">molecule</w> <c type="pct">.</c> </s>
<s n="99"><w type="VBN">Saturated</w> <w type="NNS">fats</w> <w type="MD">can</w> <w type="VB">accommodate</w> <w type="AT">no</w> <w type="AP">more</w> <w type="NNS">hydrogens</w> <c type="pct">.</c> </s>
<s n="100"><w type="JJ">Mono-unsaturated</w> <w type="NNS">fats</w> <w type="HV">have</w> <w type="NN">room</w> <w type="IN">for</w> <w type="CD">two</w> <w type="AP">more</w> <w type="NNS">hydrogens</w> <w type="IN">on</w> <w type="DT">each</w> <w type="NN">molecule</w> <c type="pct">,</c> <w type="CC">and</w> <w type="AT">the</w> <w type="JJ">poly-unsaturated</w> <w type="NN">fat</w> <w type="NN">molecule</w> <w type="HVZ">has</w> <w type="NN">room</w> <w type="IN">for</w> <w type="IN">at</w> <w type="AP">least</w> <w type="CD">four</w> <w type="NNS">hydrogens</w> <c type="pct">.</c> </s>
</p>
<p><s n="101"><w type="AT">The</w> <w type="CD">three</w> <w type="NNS">fats</w> <w type="HV">have</w> <w type="JJ">similar</w> <w type="JJ">caloric</w> <w type="NNS">values</w> <c type="pct">(</c> <w type="RB">about</w> <w type="CD">265</w> <w type="NNS">calories</w> <w type="IN">per</w> <w type="NN">oz.</w> <c type="pct">)</c> <c type="pct">,</c> <w type="CC">but</w> <w type="DT">each</w> <w type="VBZ">exerts</w> <w type="AT">a</w> <w type="QL">radically</w> <w type="JJ">different</w> <w type="NN">influence</w> <w type="IN">on</w> <w type="NN">blood</w> <w type="NN">cholesterol</w> <c type="pct">.</c> </s>
</p>
<p></p></body></text></TEI>
