<TEI xmlns="http://www.tei-c.org/ns/1.0"><teiHeader><fileDesc><titleStmt><title>Sample D15 from  Ernest Becker, Zen: A Rational Critique. New York: W.W. Norton 
 and Company, Inc.,1961 Pp. 104-111
 </title></titleStmt><editionStmt><edition>A part  of the XML version of the Brown Corpus</edition></editionStmt><extent>2,016 words 246 (12.2%) quotes</extent><publicationStmt><idno>D15</idno><availability><p>Copyright Ernest Becker. Used by his permission. 0010-1870</p></availability></publicationStmt><sourceDesc><bibl> Ernest Becker, Zen: A Rational Critique. New York: W.W. Norton 
 and Company, Inc.,1961 Pp. 104-111
 </bibl></sourceDesc></fileDesc><encodingDesc><p/></encodingDesc><revisionDesc><change when="2008-04-27">Header auto-generated for TEI version</change></revisionDesc></teiHeader>
<text xml:id="D15" decls="D">
<body><p><s n="1"><w type="NNS">Individuals</w> <w type="VBG">possessing</w> <w type="JJ">unusual</w> <w type="NNS">gifts</w> <w type="CC">and</w> <w type="JJ">great</w> <w type="JJ">personal</w> <w type="NN">power</w> <w type="BED">were</w> <w type="VBN">transmuted</w> <w type="IN">at</w> <w type="NN">death</w> <w type="IN">into</w> <w type="JJ">awesome</w> <w type="NNS">spirits</w> <c type="pct">;</c> <c type="pct">;</c> </s>
<s n="2"><w type="PPSS">they</w> <w type="BED">were</w> <w type="QL">almost</w> <w type="RB">immediately</w> <w type="VBN">worshipped</w> <w type="IN">for</w> <w type="DTS">these</w> <w type="JJR">newer</w> <c type="pct">,</c> <w type="QL">even</w> <w type="QL">more</w> <w type="JJ">terrible</w> <w type="NNS">abilities</w> <c type="pct">.</c> </s>
<s n="3"><w type="PPg">Their</w> <w type="JJ">direct</w> <w type="NNS">descendants</w> <w type="VBD">inherited</w> <w type="NEG">not</w> <w type="RB">only</w> <w type="PPg">their</w> <w type="JJ">worldly</w> <w type="NNS">fortunes</w> <c type="pct">,</c> <w type="CC">but</w> <w type="RB">also</w> <w type="AT">the</w> <w type="NN">mandate</w> <w type="IN">of</w> <w type="PPg">their</w> <w type="JJ">newfound</w> <w type="NN">power</w> <w type="CS">as</w> <w type="NNS">spirits</w> <w type="IN">in</w> <w type="AT">the</w> <w type="AP">other</w> <w type="ABN">half</w> <w type="IN">of</w> <w type="AT">the</w> <w type="NN">universe</w> <c type="pct">.</c> </s>
<s n="4"><w type="JJ">Royal</w> <w type="NNS">lineages</w> <w type="MD">could</w> <w type="BE">be</w> <w type="VBN">based</w> <w type="IN">on</w> <w type="JJ">extraordinary</w> <w type="JJ">worldly</w> <w type="NNS">achievements</w> <w type="VBN">translated</w> <w type="IN">into</w> <w type="JJ">eternal</w> <w type="JJ">otherworldly</w> <w type="NN">power</w> <c type="pct">.</c> </s>
</p>
<p><s n="5"><w type="RB">Thus</w> <c type="pct">,</c> <w type="AT">the</w> <w type="NN">emperor</w> <w type="MD">could</w> <w type="VB">draw</w> <w type="IN">on</w> <w type="NNS">sources</w> <w type="NEG">not</w> <w type="JJ">available</w> <w type="IN">to</w> <w type="DTS">those</w> <w type="IN">with</w> <w type="QL">less</w> <w type="JJ">puissant</w> <w type="NNS">ancestors</w> <c type="pct">.</c> </s>
<s n="6"><w type="CC">But</w> <w type="DT">this</w> <w type="NN">eminence</w> <w type="BEDZ">was</w> <w type="NEG">not</w> <w type="IN">without</w> <w type="PPg">its</w> <w type="JJ">weighty</w> <w type="NNS">responsibilities</w> <c type="pct">.</c> </s>
<s n="7"><w type="CS">Since</w> <w type="PPS">he</w> <w type="VBD">possessed</w> <w type="AP">more</w> <w type="NN">power</w> <w type="IN">in</w> <w type="AT">an</w> <w type="JJ">interdependent</w> <w type="NN">universe</w> <w type="IN">of</w> <w type="VBG">living</w> <w type="NNS">beings</w> <w type="CC">and</w> <w type="JJ">dead</w> <w type="NNS">spirits</w> <c type="pct">,</c> <w type="AT">the</w> <w type="NN">emperor</w> <w type="HVD">had</w> <w type="TO">to</w> <w type="VB">use</w> <w type="PPO">it</w> <w type="IN">for</w> <w type="AT">the</w> <w type="NN">benefit</w> <w type="IN">of</w> <w type="AT">the</w> <w type="NN">living</w> <c type="pct">.</c> </s>
<s n="8"><w type="AT">The</w> <w type="JJ">royal</w> <w type="NN">ritual</w> <w type="VBD">generated</w> <w type="NN">power</w> <w type="IN">into</w> <w type="AT">the</w> <w type="AP">other</w> <w type="NN">world</w> <c type="pct">:</c> <w type="PPS">it</w> <w type="RB">also</w> <w type="VBD">provided</w> <w type="AT">the</w> <w type="NN">living</w> <w type="IN">with</w> <w type="AT">a</w> <w type="NN">way</w> <w type="TO">to</w> <w type="VB">control</w> <w type="AT">the</w> <w type="NNS">spirits</w> <c type="pct">,</c> <w type="CC">and</w> <w type="VB">bring</w> <w type="PPg">their</w> <w type="NNS">powers</w> <w type="RB">directly</w> <w type="TO">to</w> <w type="VB">bear</w> <w type="IN">on</w> <w type="AT">the</w> <w type="JJ">everyday</w> <w type="NNS">affairs</w> <w type="IN">of</w> <w type="AT">the</w> <w type="NN">world</w> <c type="pct">.</c> </s>
<s n="9"><w type="JJ">Proper</w> <w type="NN">ritual</w> <w type="NN">observance</w> <w type="IN">at</w> <w type="DTI">any</w> <w type="NN">level</w> <w type="IN">of</w> <w type="NN">society</w> <w type="BEDZ">was</w> <w type="JJ">capable</w> <w type="IN">of</w> <w type="VBG">generating</w> <w type="NN">power</w> <w type="IN">for</w> <w type="NN">use</w> <w type="IN">in</w> <w type="AT">the</w> <w type="NN">spirit</w> <w type="NN">world</w> <c type="pct">;</c> <c type="pct">;</c> </s>
<s n="10"><w type="CC">but</w> <w type="RB">naturally</w> <c type="pct">,</c> <w type="AT">the</w> <w type="JJ">royal</w> <w type="NN">ritual</w> <c type="pct">,</c> <w type="WDT">which</w> <w type="VBD">provided</w> <w type="JJ">unusual</w> <w type="NN">control</w> <w type="IN">over</w> <w type="QL">already</w> <w type="QL">supremely</w> <w type="JJ">powerful</w> <w type="NN">divine</w> <w type="NNS">spirits</w> <c type="pct">,</c> <w type="BEDZ">was</w> <w type="VBN">held</w> <w type="JJ">responsible</w> <w type="IN">for</w> <w type="VBG">regulating</w> <w type="AT">the</w> <w type="NN">universe</w> <w type="CC">and</w> <w type="VBG">insuring</w> <w type="AT">the</w> <w type="NN">welfare</w> <w type="IN">of</w> <w type="AT">the</w> <w type="NN">kingdom</w> <c type="pct">.</c> </s>
</p>
<p><s n="11"><w type="DT">This</w> <w type="BEZ">is</w> <w type="AT">the</w> <w type="JJ">familiar</w> <w type="NN">system</w> <w type="IN">of</w> <c type="pct">``</c> <w type="JJ">cosmic</w> <w type="NN">government</w> <c type="pct">''</c> <c type="pct">.</c> </s>
<s n="12"><w type="AT">The</w> <w type="JJ">Chinese</w> <w type="NN">emperor</w> <c type="pct">,</c> <w type="IN">by</w> <w type="JJ">proper</w> <w type="NN">observance</w> <w type="IN">of</w> <w type="NN">ritual</w> <c type="pct">,</c> <w type="VBD">manifested</w> <w type="JJ">divine</w> <w type="NNS">powers</w> <c type="pct">.</c> </s>
<s n="13"><w type="PPS">He</w> <w type="VBD">regulated</w> <w type="AT">the</w> <w type="NNS">dualities</w> <w type="IN">of</w> <w type="NN">light</w> <w type="CC">and</w> <w type="NN">darkness</w> <c type="pct">,</c> <w type="NP">Yang</w> <w type="CC">and</w> <w type="NP">Yin</w> <c type="pct">,</c> <w type="WDT">which</w> <w type="BER">are</w> <w type="VBN">locked</w> <w type="IN">in</w> <w type="JJ">eternal</w> <w type="NN">struggle</w> <c type="pct">.</c> </s>
<s n="14"><w type="IN">By</w> <w type="VBG">swaying</w> <w type="AT">the</w> <w type="NN">balance</w> <w type="IN">between</w> <w type="PPO">them</w> <c type="pct">,</c> <w type="PPS">he</w> <w type="VBD">effected</w> <w type="AT">the</w> <w type="NN">alternation</w> <w type="IN">of</w> <w type="AT">the</w> <w type="NNS">seasons</w> <c type="pct">.</c> </s>
<s n="15"><w type="PPg">His</w> <w type="NN">power</w> <w type="BEDZ">was</w> <w type="QL">so</w> <w type="JJ">great</w> <w type="CS">that</w> <w type="PPS">he</w> <w type="RB">even</w> <w type="VBD">promoted</w> <w type="CC">and</w> <w type="VBD">demoted</w> <w type="NNS">gods</w> <w type="IN">according</w> <w type="IN">to</w> <w type="CS">whether</w> <w type="PPSS">they</w> <w type="HVD">had</w> <w type="VBN">given</w> <w type="NN">ear</w> <w type="CC">or</w> <w type="BEN">been</w> <w type="JJ">deaf</w> <w type="IN">to</w> <w type="NNS">petitions</w> <c type="pct">.</c> </s>
</p>
<p><s n="16"><w type="IN">In</w> <w type="DT">this</w> <w type="NN">system</w> <c type="pct">,</c> <w type="AT">no</w> <w type="NN">man</w> <w type="BEZ">is</w> <w type="JJ">exempt</w> <w type="IN">from</w> <w type="NNS">obligations</w> <c type="pct">.</c> </s>
<s n="17"><w type="NN">Failure</w> <w type="IN">in</w> <w type="JJ">daily</w> <w type="JJ">moral</w> <w type="CC">and</w> <w type="JJ">ethical</w> <w type="NNS">duties</w> <w type="IN">to</w> <w type="PNg">one's</w> <w type="NN">family</w> <c type="pct">,</c> <w type="NNS">outrages</w> <w type="IN">to</w> <w type="NN">community</w> <w type="NN">propriety</w> <c type="pct">,</c> <w type="DTI">any</w> <w type="NN">departure</w> <w type="IN">from</w> <w type="JJ">rigid</w> <w type="NNS">standards</w> <w type="IN">of</w> <w type="JJ">moral</w> <w type="NN">excellence</w> <w type="BED">were</w> <w type="NNS">offenses</w> <w type="IN">against</w> <w type="AT">the</w> <w type="JJ">dead</w> <c type="pct">.</c> </s>
<s n="18"><w type="CC">And</w> <w type="TO">to</w> <w type="VB">offend</w> <w type="AT">the</w> <w type="JJ">dead</w> <w type="VBD">meant</w> <w type="TO">to</w> <w type="VB">incur</w> <w type="PPg">their</w> <w type="NN">wrath</w> <c type="pct">,</c> <w type="CC">and</w> <w type="RB">thus</w> <w type="VB">provoke</w> <w type="AT">the</w> <w type="VBG">unleashing</w> <w type="IN">of</w> <w type="JJ">countrywide</w> <w type="NNS">disasters</w> <c type="pct">.</c> </s>
<s n="19"><w type="AT">The</w> <w type="NN">family</w> <w type="NN">home</w> <w type="BEDZ">was</w> <c type="pct">,</c> <w type="IN">in</w> <w type="NN">fact</w> <c type="pct">,</c> <w type="AT">a</w> <w type="NN">temple</w> <c type="pct">;</c> <c type="pct">;</c> </s>
<s n="20"><w type="CC">and</w> <w type="AT">the</w> <w type="JJ">daily</w> <w type="NNS">duties</w> <w type="IN">of</w> <w type="NNS">individuals</w> <w type="BED">were</w> <w type="RB">basically</w> <w type="JJ">religious</w> <w type="IN">in</w> <w type="NN">nature</w> <c type="pct">.</c> </s>
<s n="21"><w type="AT">The</w> <w type="JJ">dead</w> <w type="NNS">spirits</w> <w type="VBD">occupied</w> <w type="AT">a</w> <w type="JJ">prominent</w> <w type="NN">place</w> <w type="IN">in</w> <w type="AT">every</w> <w type="NN">hope</w> <w type="CC">and</w> <w type="IN">in</w> <w type="AT">every</w> <w type="NN">fear</w> <c type="pct">.</c> </s>
</p>
<p><s n="22"><w type="AT">The</w> <w type="JJ">common</w> <w type="NN">belief</w> <w type="BEDZ">was</w> <w type="CS">that</w> <w type="EX">there</w> <w type="VBD">existed</w> <w type="CD">one</w> <w type="JJ">moral</w> <w type="NN">order</w> <c type="pct">,</c> <w type="WDT">which</w> <w type="VBD">included</w> <w type="PN">everything</w> <c type="pct">.</c> </s>
<s n="23"><w type="AT">The</w> <w type="JJ">dead</w> <w type="VBN">controlled</w> <w type="AT">the</w> <w type="NN">material</w> <w type="NN">prosperity</w> <w type="IN">of</w> <w type="AT">the</w> <w type="NN">living</w> <c type="pct">,</c> <w type="CC">and</w> <w type="AT">the</w> <w type="NN">living</w> <w type="VBD">adhered</w> <w type="IN">to</w> <w type="JJ">strict</w> <w type="NNS">codes</w> <w type="IN">of</w> <w type="NN">conduct</w> <w type="IN">in</w> <w type="NN">order</w> <w type="NEG">not</w> <w type="TO">to</w> <w type="VB">weaken</w> <w type="DT">that</w> <w type="NN">control</w> <c type="pct">.</c> </s>
<s n="24"><w type="NNS">Men</w> <w type="VBD">believed</w> <w type="PPSS">they</w> <w type="MD">could</w> <w type="VB">control</w> <w type="NN">nature</w> <w type="IN">by</w> <w type="VBG">obeying</w> <w type="AT">a</w> <w type="JJ">moral</w> <w type="NN">code</w> <c type="pct">.</c> </s>
<s n="25"><w type="CS">If</w> <w type="AT">the</w> <w type="JJ">moral</w> <w type="NN">code</w> <w type="BED">were</w> <w type="VBN">flouted</w> <c type="pct">,</c> <w type="AT">the</w> <w type="JJ">proper</w> <w type="NN">balance</w> <w type="IN">of</w> <w type="AT">the</w> <w type="NN">universe</w> <w type="MD">would</w> <w type="BE">be</w> <w type="VBN">upset</w> <c type="pct">,</c> <w type="CC">and</w> <w type="AT">the</w> <w type="JJ">disastrous</w> <w type="NN">result</w> <w type="MD">could</w> <w type="BE">be</w> <w type="NNS">floods</w> <c type="pct">,</c> <w type="NN">plague</w> <c type="pct">,</c> <w type="CC">or</w> <w type="NN">famine</w> <c type="pct">.</c> </s>
</p>
<p><s n="26"><w type="JJ">Modern</w> <w type="NNS" subtype="TL">Westerners</w> <w type="HV">have</w> <w type="NN">difficulty</w> <w type="VBG">comprehending</w> <w type="DT">this</w> <w type="NN">fusion</w> <w type="IN">of</w> <w type="NN">moral</w> <w type="CC">and</w> <w type="NN">material</w> <c type="pct">,</c> <w type="RB">largely</w> <w type="CS">because</w> <w type="IN">in</w> <w type="AT">the</w> <w type="NR" subtype="TL">West</w> <w type="AT">the</w> <w type="JJ">historical</w> <w type="NN">trend</w> <w type="HVZ">has</w> <w type="BEN">been</w> <w type="TO">to</w> <w type="VB">deny</w> <w type="AT">the</w> <w type="NN">connection</w> <c type="pct">.</c> </s>
<s n="27"><w type="VBG">Living</w> <w type="IN">in</w> <w type="JJ">urban</w> <w type="NNS">conditions</w> <c type="pct">,</c> <w type="RB">away</w> <w type="IN">from</w> <w type="AT">the</w> <w type="NN">deadweight</w> <w type="IN">of</w> <w type="NN">village</w> <w type="NN">constraint</w> <w type="CC">and</w> <w type="AT">the</w> <w type="NNS">constrictions</w> <w type="IN">of</w> <w type="AT">a</w> <w type="NN">thatched-roof</w> <w type="NN">world</w> <w type="NN">view</w> <c type="pct">,</c> <w type="AT">the</w> <w type="NN">individual</w> <w type="MD">may</w> <w type="VB">find</w> <w type="PPO">it</w> <w type="JJ">possible</w> <c type="pct">,</c> <w type="UH">say</w> <c type="pct">,</c> <w type="TO">to</w> <w type="VB">commit</w> <w type="NN">adultery</w> <w type="NEG">not</w> <w type="RB">only</w> <w type="IN">without</w> <w type="JJ">personal</w> <w type="NNS">misgivings</w> <c type="pct">,</c> <w type="CC">but</w> <w type="RB">also</w> <w type="IN">without</w> <w type="VBG">suffering</w> <w type="DTI">any</w> <w type="JJ">adverse</w> <w type="NNS">effects</w> <w type="IN">in</w> <w type="PPg">his</w> <w type="JJ">worldly</w> <w type="NNS">fortunes</w> <c type="pct">.</c> </s>
<s n="28"><w type="VBG">Basing</w> <w type="NN">action</w> <w type="IN">on</w> <w type="AT">the</w> <w type="JJ">empirical</w> <w type="NN">determination</w> <w type="IN">of</w> <w type="NN">cause</w> <w type="CC">and</w> <w type="NN">effect</w> <w type="VBZ">provides</w> <w type="AT">a</w> <w type="NN">toughness</w> <w type="CC">and</w> <w type="NN">bravado</w> <w type="CS">that</w> <w type="AT">no</w> <w type="JJ">powerful</w> <w type="JJ">otherworldly</w> <w type="NN">ancestor</w> <w type="MD">could</w> <w type="RB">ever</w> <w type="VB">impart</w> <c type="pct">--</c> <w type="CC">plus</w> <w type="AT">the</w> <w type="VBN">added</w> <w type="NN">liberation</w> <w type="IN">from</w> <w type="AT">the</w> <w type="NN">constraint</w> <w type="IN">of</w> <w type="JJ">silent</w> <w type="NN">burial</w> <w type="NNS">urns</w> <c type="pct">.</c> </s>
</p>
<p><s n="29"><w type="IN">In</w> <w type="NP">China</w> <c type="pct">,</c> <w type="AT">the</w> <w type="JJ">magical</w> <w type="NN">system</w> <w type="IN" subtype="FW">par</w> <w type="NN" subtype="FW">excellence</w> <w type="BEDZ">was</w> <w type="NP">Taoism</w> <c type="pct">.</c> </s>
<s n="30"><w type="AT">The</w> <w type="NPS">Taoists</w> <w type="BED">were</w> <w type="JJ">Quietist</w> <w type="NNS">mystics</w> <c type="pct">,</c> <w type="WPS">who</w> <w type="VBD">saw</w> <w type="AT">an</w> <w type="JJ">unchanging</w> <w type="NN">unity</w> <c type="pct">--</c> <w type="AT">the</w> <w type="NP">Tao</w> <c type="pct">--</c> <w type="VBG">underlying</w> <w type="ABN">all</w> <w type="NNS">phenomena</w> <c type="pct">.</c> </s>
<s n="31"><w type="PPS">It</w> <w type="BEDZ">was</w> <w type="DT">this</w> <w type="JJ">timeless</w> <w type="NN">unity</w> <w type="WPS">that</w> <w type="BEDZ">was</w> <w type="JJ">all-important</w> <c type="pct">,</c> <w type="CC">and</w> <w type="NEG">not</w> <w type="PPg">its</w> <w type="JJ">temporary</w> <w type="NNS">manifestations</w> <w type="IN">in</w> <w type="AT">the</w> <w type="NN">world</w> <w type="IN">of</w> <w type="NN">reality</w> <c type="pct">.</c> </s>
<s n="32"><w type="AT">The</w> <w type="NPS">Taoists</w> <w type="VBD">believed</w> <w type="AT">the</w> <w type="NN">unity</w> <w type="MD">could</w> <w type="BE">be</w> <w type="VBN">influenced</w> <w type="IN">by</w> <w type="JJ">proper</w> <w type="JJ">magical</w> <w type="NN">manipulation</w> <c type="pct">;</c> <c type="pct">;</c> </s>
<s n="33"><w type="IN">in</w> <w type="AP">other</w> <w type="NNS">words</w> <c type="pct">,</c> <w type="PPSS">they</w> <w type="BED">were</w> <w type="RB">actually</w> <w type="AT">an</w> <w type="NN">organization</w> <w type="IN">of</w> <w type="NNS">magicians</w> <c type="pct">.</c> </s>
</p>
<p><s n="34"><w type="NP">Mahayana</w> <w type="NP">Buddhism</w> <w type="BEDZ">was</w> <w type="AT">no</w> <w type="NN">exception</w> <w type="IN">to</w> <w type="DTS">these</w> <w type="VBG">prevailing</w> <w type="JJ">magical</w> <w type="NNS">concepts</w> <c type="pct">.</c> </s>
<s n="35"><w type="IN">After</w> <w type="DT">this</w> <w type="NN">form</w> <w type="IN">of</w> <w type="JJ">Indian</w> <w type="NP">Buddhism</w> <w type="HVD">had</w> <w type="BEN">been</w> <w type="VBN">introduced</w> <w type="IN">into</w> <w type="NP">China</w> <c type="pct">,</c> <w type="PPS">it</w> <w type="VBD">underwent</w> <w type="JJ">extensive</w> <w type="NNS">changes</w> <c type="pct">.</c> </s>
<s n="36"><w type="IN">During</w> <w type="PPg">its</w> <w type="NN">flowering</w> <w type="IN">in</w> <w type="AT">the</w> <w type="OD">sixth</w> <w type="IN">to</w> <w type="AT">the</w> <w type="OD">eighth</w> <w type="NNS">centuries</w> <c type="pct">,</c> <w type="NP">Mahayana</w> <w type="VBD">offered</w> <w type="AT">a</w> <w type="JJ">supernatural</w> <w type="NN">package</w> <w type="IN">to</w> <w type="AT">the</w> <w type="NPS">Chinese</w> <w type="WDT">which</w> <w type="VBZ">bears</w> <w type="AT">no</w> <w type="NN">resemblance</w> <w type="IN">to</w> <w type="AT">the</w> <w type="QL">highly</w> <w type="VBN">digested</w> <w type="JJ">philosophical</w> <w type="NP">Zen</w> <w type="NNS">morsels</w> <w type="VBN">offered</w> <w type="IN">to</w> <w type="AT">the</w> <w type="JJ">modern</w> <w type="JJ" subtype="TL">Western</w> <w type="NN">reader</w> <c type="pct">.</c> </s>
<s n="37"><w type="NP">Mahayana</w> <w type="HVD">had</w> <w type="NNS">gods</w> <c type="pct">,</c> <w type="CC">and</w> <w type="NN">magic</w> <c type="pct">,</c> <w type="AT">a</w> <w type="NN">pantheon</w> <c type="pct">,</c> <w type="NNS">heavens</w> <w type="CC">and</w> <w type="NNS">hells</w> <c type="pct">,</c> <w type="CC">and</w> <w type="QL">gorgeously</w> <w type="VBN">appareled</w> <w type="NNS">priests</w> <c type="pct">,</c> <w type="NNS">monks</w> <c type="pct">,</c> <w type="CC">and</w> <w type="NNS">nuns</w> <c type="pct">,</c> <w type="ABN">all</w> <w type="IN">of</w> <w type="WPO">whom</w> <w type="VBD">wielded</w> <w type="NN">power</w> <w type="IN">over</w> <w type="NNS">souls</w> <w type="IN">in</w> <w type="AT">the</w> <w type="AP">other</w> <w type="NN">world</w> <c type="pct">.</c> </s>
<s n="38"><w type="AT">The</w> <w type="JJ">self-realized</w> <w type="NP">Mahayana</w> <w type="NN">saint</w> <w type="VBD">possessed</w> <w type="JJ">superhuman</w> <w type="NNS">powers</w> <w type="CC">and</w> <w type="NN">magic</w> <c type="pct">.</c> </s>
<s n="39"><w type="AT">The</w> <w type="NP">Mahayana</w> <w type="WPS">that</w> <w type="VBD">developed</w> <w type="IN">in</w> <w type="AT">the</w> <w type="NR">north</w> <w type="BEDZ">was</w> <w type="AT">a</w> <w type="NN">religion</w> <w type="IN">of</w> <w type="NN">idolatry</w> <w type="CC">and</w> <w type="JJ">coarse</w> <w type="NN">magic</w> <c type="pct">,</c> <w type="WPS">that</w> <w type="VBD">made</w> <w type="AT">the</w> <w type="NN">world</w> <w type="IN">into</w> <w type="AT">a</w> <w type="JJ">huge</w> <w type="JJ">magical</w> <w type="NN">garden</w> <c type="pct">.</c> </s>
<s n="40"><w type="IN">In</w> <w type="PPg">its</w> <w type="JJ">monastic</w> <w type="NN">form</w> <c type="pct">,</c> <w type="NP">Mahayana</w> <w type="BEDZ">was</w> <w type="RB">merely</w> <w type="AT">an</w> <w type="NN">organization</w> <w type="IN">of</w> <w type="JJ">magic-practicing</w> <w type="NNS">monks</w> <c type="pct">(</c> <w type="NNS">bonzes</w> <c type="pct">)</c> <c type="pct">,</c> <w type="WPS">who</w> <w type="VBD">catered</w> <w type="IN">to</w> <w type="AT">the</w> <w type="JJ">Chinese</w> <w type="NN">faith</w> <w type="IN">in</w> <w type="AT">the</w> <w type="JJ">supernatural</w> <c type="pct">.</c> </s>
</p>
<p><s n="41"><w type="JJ">Nonmagical</w> <w type="NP">Confucianism</w> <w type="BEDZ">was</w> <w type="AT">a</w> <w type="JJ">secular</w> <c type="pct">,</c> <w type="JJ">rational</w> <w type="NN">philosophy</w> <c type="pct">,</c> <w type="CC">but</w> <w type="RB">even</w> <w type="IN">with</w> <w type="DT">this</w> <w type="JJ">different</w> <w type="NN">orientation</w> <w type="PPS">it</w> <w type="MD">could</w> <w type="NEG">not</w> <w type="VB">escape</w> <w type="IN">from</w> <w type="AT">the</w> <w type="NN">ethos</w> <w type="IN">of</w> <w type="AT">a</w> <w type="JJ">cosmic</w> <w type="NN">government</w> <c type="pct">.</c> </s>
<s n="42"><w type="NP">Confucianism</w> <w type="HVD">had</w> <w type="PPg">its</w> <w type="JJ">own</w> <w type="NN">magic</w> <w type="IN">in</w> <w type="AT">the</w> <w type="NN">idea</w> <w type="CS">that</w> <w type="NN">virtue</w> <w type="HVD">had</w> <w type="NN">power</w> <c type="pct">.</c> </s>
<s n="43"><w type="CS">If</w> <w type="AT">a</w> <w type="NN">man</w> <w type="VBD">lived</w> <w type="AT">a</w> <w type="JJ">classical</w> <w type="NN">life</w> <c type="pct">,</c> <w type="PPS">he</w> <w type="MD">need</w> <w type="NEG">not</w> <w type="VB">fear</w> <w type="AT">the</w> <w type="NNS">spirits</w> <c type="pct">--</c> <w type="CS">for</w> <w type="RB">only</w> <w type="NN">lack</w> <w type="IN">of</w> <w type="NN">virtue</w> <w type="VBD">gave</w> <w type="AT">the</w> <w type="NNS">spirits</w> <w type="VB">power</w> <w type="IN">over</w> <w type="PPO">him</w> <c type="pct">.</c> </s>
<s n="44"><w type="CC">But</w> <w type="VB">let</w> <w type="PPO">us</w> <w type="NEG">not</w> <w type="BE">be</w> <w type="VBN">mistaken</w> <w type="IN">about</w> <w type="JJ" subtype="TL">Confucian</w> <c type="pct">``</c> <w type="NN">virtue</w> <c type="pct">''</c> <c type="pct">;</c> <c type="pct">;</c> </s>
<s n="45"><w type="DT">this</w> <w type="BEDZ">was</w> <w type="NEG">not</w> <w type="NN">virtue</w> <w type="CS">as</w> <w type="PPSS">we</w> <w type="VB">understand</w> <w type="AT">the</w> <w type="NN">word</w> <w type="NR">today</w> <c type="pct">,</c> <w type="CC">and</w> <w type="PPS">it</w> <w type="DOD">did</w> <w type="NEG">not</w> <w type="VB">mean</w> <w type="AT">an</w> <w type="NN">abandonment</w> <w type="IN">of</w> <w type="AT">the</w> <w type="NN">belief</w> <w type="IN">in</w> <w type="JJ">magic</w> <w type="NN">manipulation</w> <c type="pct">.</c> </s>
<s n="46"><w type="IN">To</w> <w type="AT">the</w> <w type="NP">Confucian</w> <c type="pct">,</c> <c type="pct">``</c> <w type="NN">virtue</w> <c type="pct">''</c> <w type="RB">simply</w> <w type="VBD">meant</w> <w type="NN">mastery</w> <w type="CC">and</w> <w type="JJ">correct</w> <w type="NN">observance</w> <w type="IN">of</w> <w type="CD">three</w> <w type="CD">hundred</w> <w type="JJ">major</w> <w type="NNS">rules</w> <w type="IN">of</w> <w type="NN">ritual</w> <w type="CC">and</w> <w type="CD">three</w> <w type="CD">thousand</w> <w type="JJ">minor</w> <w type="NNS">ones</w> <c type="pct">.</c> </s>
<s n="47"><w type="NN">Propriety</w> <w type="BEDZ">was</w> <w type="JJ">synonymous</w> <w type="IN">with</w> <w type="JJ">ritual</w> <w type="NN">observance</w> <c type="pct">,</c> <w type="AT">the</w> <w type="NN">mark</w> <w type="IN">of</w> <w type="AT">a</w> <w type="JJ">true</w> <w type="NN">gentleman</w> <c type="pct">.</c> </s>
<s n="48"><w type="TO">To</w> <w type="VB">live</w> <w type="RB">correctly</w> <w type="IN">in</w> <w type="AT">an</w> <w type="JJ">interdependent</w> <w type="JJ">moral</w> <w type="CC">and</w> <w type="JJ">material</w> <w type="NN">universe</w> <w type="IN">of</w> <w type="VBG">living</w> <w type="CC">and</w> <w type="JJ">dead</w> <w type="BEDZ">was</w> <w type="JJ">decisive</w> <w type="IN">for</w> <w type="NNg">man's</w> <w type="NN">fate</w> <c type="pct">.</c> </s>
</p>
<p><s n="49"><w type="DT">This</w> <c type="pct">,</c> <w type="IN">in</w> <w type="JJ">brief</w> <c type="pct">,</c> <w type="BEDZ">was</w> <w type="AT">the</w> <w type="JJ">historical</w> <w type="NN">background</w> <w type="IN">out</w> <w type="IN">of</w> <w type="WDT">which</w> <w type="NP">Zen</w> <w type="VBD">emerged</w> <c type="pct">.</c> </s>
<s n="50"><w type="NNS">Promoters</w> <w type="IN">of</w> <w type="NP">Zen</w> <w type="IN">to</w> <w type="AT">the</w> <w type="NR" subtype="TL">West</w> <w type="VB">record</w> <w type="PPg">its</w> <w type="NN">ancestry</w> <c type="pct">,</c> <w type="CC">and</w> <w type="VB">recognize</w> <w type="CS">that</w> <w type="NP">Zen</w> <w type="VBD">grew</w> <w type="IN">out</w> <w type="IN">of</w> <w type="AT">a</w> <w type="NN">combination</w> <w type="IN">of</w> <w type="NP">Taoism</w> <w type="CC">and</w> <w type="JJ">Indian</w> <w type="NP">Mahayana</w> <w type="NP">Buddhism</w> <c type="pct">.</c> </s>
<s n="51"><w type="CC">But</w> <w type="AT">the</w> <c type="pct">``</c> <w type="JJ">marvelous</w> <w type="NN">person</w> <c type="pct">''</c> <w type="WPS">that</w> <w type="BEZ">is</w> <w type="VBN">supposed</w> <w type="TO">to</w> <w type="VB">result</w> <w type="IN">from</w> <w type="NP">Zen</w> <w type="VBZ">exhibits</w> <w type="AP">more</w> <w type="JJ">Chinese</w> <w type="NN">practicality</w> <w type="CS">than</w> <w type="JJ">Indian</w> <w type="NN">speculation</w> <c type="pct">--</c> <w type="PPS">he</w> <w type="VBZ">possesses</w> <w type="JJ">magical</w> <w type="NNS">powers</w> <c type="pct">,</c> <w type="CC">and</w> <w type="MD">can</w> <w type="VB">use</w> <w type="PPO">them</w> <w type="TO">to</w> <w type="VB">order</w> <w type="NN">nature</w> <w type="CC">and</w> <w type="TO">to</w> <w type="VB">redeem</w> <w type="NNS">souls</w> <c type="pct">.</c> </s>
<s n="52"><w type="NNS">Proponents</w> <w type="IN">of</w> <w type="NP">Zen</w> <w type="IN">to</w> <w type="AT">the</w> <w type="NR" subtype="TL">West</w> <w type="VB">emphasize</w> <w type="RB">disproportionately</w> <w type="AT">the</w> <w type="NN">amount</w> <w type="IN">of</w> <w type="NP">Mahayana</w> <w type="NP">Buddhism</w> <w type="IN">in</w> <w type="NP">Zen</w> <c type="pct">,</c> <w type="RB">probably</w> <w type="IN">in</w> <w type="NN">order</w> <w type="TO">to</w> <w type="VB">dignify</w> <w type="AT">the</w> <w type="QL">indisputably</w> <w type="JJ">magical</w> <w type="JJ">Taoist</w> <w type="NNS">ideas</w> <w type="IN">with</w> <w type="QL">more</w> <w type="JJ">respectable</w> <w type="JJ" subtype="TL">Buddhist</w> <w type="NN">metaphysic</w> <c type="pct">.</c> </s>
<s n="53"><w type="CC">But</w> <w type="IN">in</w> <w type="AT">the</w> <w type="JJ">Chinese</w> <w type="NN">mind</w> <c type="pct">,</c> <w type="EX">there</w> <w type="BEDZ">was</w> <w type="AP">little</w> <w type="NN">difference</w> <w type="IN">between</w> <w type="AT">the</w> <w type="CD">two</w> <c type="pct">--</c> <w type="AT">the</w> <w type="NNS">bonzes</w> <w type="BED">were</w> <w type="QL">no</w> <w type="QL">more</w> <w type="JJ">metaphysical</w> <w type="CS">than</w> <w type="AT">a</w> <w type="NN">magician</w> <w type="HVZ">has</w> <w type="TO">to</w> <w type="BE">be</w> <c type="pct">.</c> </s>
</p>
<p><s n="54"><w type="RB">Actually</w> <c type="pct">,</c> <w type="NP">Zen</w> <w type="VBZ">owes</w> <w type="AP">more</w> <w type="IN">to</w> <w type="JJ">Chinese</w> <w type="NP">Quietism</w> <w type="CS">than</w> <w type="PPS">it</w> <w type="DOZ">does</w> <w type="IN">to</w> <w type="NP">Mahayana</w> <w type="NP">Buddhism</w> <c type="pct">.</c> </s>
<s n="55"><w type="AT">The</w> <w type="NP">Ch'an</w> <c type="pct">(</c> <w type="NP">Zen</w> <c type="pct">)</c> <w type="NN">sect</w> <w type="MD">may</w> <w type="HV">have</w> <w type="VBN">derived</w> <w type="PPg">its</w> <w type="NN">metaphysic</w> <w type="IN">from</w> <w type="NP">Mahayana</w> <c type="pct">,</c> <w type="CC">but</w> <w type="PPg">its</w> <w type="NN">psychology</w> <w type="BEDZ">was</w> <w type="JJ">pure</w> <w type="JJ">early</w> <w type="JJ">Taoist</w> <c type="pct">.</c> </s>
<s n="56"><w type="DT">This</w> <w type="BEZ">is</w> <w type="RB">well</w> <w type="VBN">evidenced</w> <w type="IN">by</w> <w type="AT">the</w> <w type="JJ">Quietist</w> <w type="NNS">doctrines</w> <w type="VBN">carried</w> <w type="RP">over</w> <w type="IN">in</w> <w type="NP">Zen</w> <c type="pct">:</c> <w type="AT">the</w> <w type="NN">idea</w> <w type="IN">of</w> <w type="AT">the</w> <w type="JJ">inward</w> <w type="NN">turning</w> <w type="IN">of</w> <w type="NN">thought</w> <c type="pct">,</c> <w type="AT">the</w> <w type="NN">enjoinder</w> <w type="TO">to</w> <w type="VB">put</w> <w type="RB">aside</w> <w type="NNS">desires</w> <w type="CC">and</w> <w type="NNS">perturbations</w> <w type="CS">so</w> <w type="CS">that</w> <w type="AT">a</w> <w type="NN">return</w> <w type="IN">to</w> <w type="NN">purity</w> <c type="pct">,</c> <w type="NN">peace</w> <c type="pct">,</c> <w type="CC">and</w> <w type="NN">stillness</w> <c type="pct">--</c> <w type="AT">a</w> <w type="NN">union</w> <w type="IN">with</w> <w type="AT">the</w> <w type="NN" subtype="TL">Infinite</w> <c type="pct">,</c> <w type="IN">with</w> <w type="AT">the</w> <w type="NP">Tao</w> <c type="pct">--</c> <w type="MD">could</w> <w type="BE">be</w> <w type="VBN">effected</w> <c type="pct">.</c> </s>
<s n="57"><w type="IN">In</w> <w type="NN">fact</w> <c type="pct">,</c> <w type="AT">the</w> <w type="NN">antipathy</w> <w type="IN">to</w> <w type="JJ">outward</w> <w type="NNS">ceremonies</w> <w type="VBN">hailed</w> <w type="IN">by</w> <w type="JJ">modern</w> <w type="NNS">exponents</w> <w type="CS">as</w> <w type="QL">so</w> <w type="RB">uniquely</w> <w type="JJ">characteristic</w> <w type="IN">of</w> <w type="AT">the</w> <c type="pct">``</c> <w type="JJ">direct</w> <w type="VBG">thinking</w> <c type="pct">''</c> <w type="NP">Zennist</w> <w type="BEDZ">was</w> <w type="AT">a</w> <w type="NN">feature</w> <w type="IN">of</w> <w type="NP">Taoism</w> <c type="pct">.</c> </s>
<s n="58"><w type="RB">So</w> <c type="pct">,</c> <w type="RB">too</w> <c type="pct">,</c> <w type="BEDZ">was</w> <w type="AT">the</w> <w type="NN">insistence</w> <w type="IN">on</w> <w type="AT">the</w> <w type="NN">relativity</w> <w type="IN">of</w> <w type="AT">the</w> <w type="JJ">external</w> <w type="NN">world</w> <c type="pct">,</c> <w type="CC">and</w> <w type="AT">the</w> <w type="NNS">ideas</w> <w type="CS">that</w> <w type="NN">language</w> <w type="CC">and</w> <w type="NNS">things</w> <w type="VBN">perceived</w> <w type="IN">by</w> <w type="NN">consciousness</w> <w type="BED">were</w> <w type="JJ">poor</w> <w type="NNS">substitutes</w> <w type="RB">indeed</w> <w type="IN">for</w> <w type="JJ">immediate</w> <w type="NN">perception</w> <w type="IN">by</w> <w type="JJ">pure</w> <c type="pct">,</c> <w type="VBG">indwelling</w> <w type="NN">spirit</w> <c type="pct">:</c> <w type="AT">the</w> <w type="NN">opposition</w> <w type="IN">of</w> <w type="JJ">pure</w> <w type="NN">consciousness</w> <w type="IN">to</w> <w type="VBG">ratiocinating</w> <w type="NN">consciousness</w> <c type="pct">.</c> </s>
</p>
<p><s n="59"><w type="NP">Zen</w> <w type="VBZ">maintains</w> <w type="CS">that</w> <w type="JJ">cognitive</w> <w type="NNS">things</w> <w type="BER">are</w> <w type="RB">only</w> <w type="AT">the</w> <w type="NN">surface</w> <w type="IN">of</w> <w type="NN">experience</w> <c type="pct">.</c> </s>
<s n="60"><w type="CD">One</w> <w type="IN">of</w> <w type="PPg">its</w> <w type="NNS">features</w> <w type="JJ">attractive</w> <w type="IN">to</w> <w type="AT">the</w> <w type="NR" subtype="TL">West</w> <w type="BEZ">is</w> <w type="PPg">its</w> <w type="NN">irreverence</w> <w type="IN">for</w> <w type="NN">tradition</w> <w type="CC">and</w> <w type="NN">dogma</w> <w type="CC">and</w> <w type="IN">for</w> <w type="JJ">sacred</w> <w type="NNS">texts</w> <c type="pct">.</c> </s>
<s n="61"><w type="CD">One</w> <w type="NN">patriarch</w> <w type="BEZ">is</w> <w type="VBN">supposed</w> <w type="TO">to</w> <w type="HV">have</w> <w type="VBN">relegated</w> <w type="JJ">sacred</w> <w type="NNS">scriptures</w> <w type="IN">for</w> <w type="NN">use</w> <w type="IN">in</w> <w type="AT">an</w> <w type="NN">outhouse</w> <c type="pct">.</c> </s>
<s n="62"><w type="CC">But</w> <w type="DT">this</w> <w type="BEZ">is</w> <w type="NEG">not</w> <w type="AT">the</w> <w type="NN">spirit</w> <w type="IN">of</w> <w type="JJ">self-reliant</w> <w type="NN">freedom</w> <w type="IN">of</w> <w type="NN">action</w> <w type="IN">for</w> <w type="WDT">which</w> <w type="AT">the</w> <w type="NP">Westerner</w> <w type="VBZ">mistakes</w> <w type="PPO">it</w> <c type="pct">.</c> </s>
<s n="63"><w type="PPS">It</w> <w type="BEZ">is</w> <w type="RB">simply</w> <w type="CS">that</w> <w type="IN">in</w> <w type="JJ">Taoist</w> <w type="NN">tradition</w> <c type="pct">--</c> <w type="CS">as</w> <w type="IN">in</w> <w type="ABN">all</w> <w type="JJ">good</w> <w type="NNS">mysticisms</w> <c type="pct">--</c> <w type="NNS">books</w> <c type="pct">,</c> <w type="NNS">words</w> <c type="pct">,</c> <w type="CC">or</w> <w type="DTI">any</w> <w type="AP">other</w> <w type="NNS">manifestations</w> <w type="WPS">that</w> <w type="VB">belong</w> <w type="IN">to</w> <w type="AT">the</w> <w type="JJ">normal</w> <w type="NN">state</w> <w type="IN">of</w> <w type="NN">consciousness</w> <w type="BER">are</w> <w type="VBN">considered</w> <w type="RB">only</w> <w type="AT">the</w> <w type="NN">surface</w> <w type="IN">of</w> <w type="NN">experience</w> <c type="pct">.</c> </s>
<s n="64"><w type="AT">The</w> <w type="NN">truth</w> <c type="pct">--</c> <w type="AT">the</w> <w type="JJ" subtype="TL">Eternal</w> <w type="NN" subtype="TL">Truth</w> <c type="pct">--</c> <w type="BEZ">is</w> <w type="NEG">not</w> <w type="JJ">transmittable</w> <w type="IN">by</w> <w type="NNS">words</w> <c type="pct">.</c> </s>
<s n="65"><w type="NN">Reality</w> <w type="BEZ">is</w> <w type="VBN">considered</w> <w type="NEG">not</w> <w type="RB">only</w> <w type="JJ">irrelevant</w> <w type="IN">to</w> <w type="AT">the</w> <w type="NN">acquisition</w> <w type="IN">of</w> <w type="JJR">higher</w> <w type="NN">knowledge</w> <c type="pct">,</c> <w type="CC">but</w> <w type="AT">a</w> <w type="JJ">positive</w> <w type="NN">handicap</w> <c type="pct">.</c> </s>
<s n="66"><w type="AT">The</w> <w type="NN">technique</w> <w type="IN">of</w> <w type="NN">reality</w> <w type="NN">confusion</w> <c type="pct">--</c> <w type="AT">the</w> <w type="NN">use</w> <w type="IN">of</w> <w type="NN">paradox</w> <w type="CC">and</w> <w type="NNS">riddles</w> <w type="TO">to</w> <w type="VB">shake</w> <w type="AT">the</w> <w type="NNg">mind's</w> <w type="NN">grip</w> <w type="IN">on</w> <w type="NN">reality</w> <c type="pct">--</c> <w type="VBD">originated</w> <w type="IN">with</w> <w type="OD">fourth</w> <w type="CC">and</w> <w type="OD">third</w> <w type="NN">century</w> <w type="NP">B.C.</w> <w type="JJ">Chinese</w> <w type="NP">Quietism</w> <c type="pct">:</c> <w type="AT">the</w> <w type="NN" subtype="FW">koan</w> <w type="BEZ">is</w> <w type="NEG">not</w> <w type="RB">basically</w> <w type="AT">a</w> <w type="JJ">new</w> <w type="NN">device</w> <c type="pct">.</c> </s>
</p>
<p><s n="67"><w type="PPS">It</w> <w type="BEZ">is</w> <w type="JJ">important</w> <w type="IN">for</w> <w type="AT">an</w> <w type="NN">understanding</w> <w type="IN">of</w> <w type="NP">Zen</w> <w type="TO">to</w> <w type="VB">realize</w> <w type="CS">that</w> <w type="AT">the</w> <w type="JJ">esoteric</w> <w type="NNS">preoccupations</w> <w type="IN">of</w> <w type="AT">the</w> <w type="JJ">select</w> <w type="AP">few</w> <mw pos="MD *">cannot </mw><w type="BE">be</w> <w type="AT">the</w> <w type="NN">doctrine</w> <w type="IN">of</w> <w type="AT">the</w> <w type="JJ">common</w> <w type="NN">man</w> <c type="pct">.</c> </s>
<s n="68"><w type="IN">In</w> <w type="AT">the</w> <w type="JJ">supernatural</w> <w type="NN">atmosphere</w> <w type="IN">of</w> <w type="JJ">cosmic</w> <w type="NN">government</w> <c type="pct">,</c> <w type="RB">only</w> <w type="AT">the</w> <w type="VBG">ruling</w> <w type="NN">elite</w> <w type="BEDZ">was</w> <w type="RB">ever</w> <w type="VBN">concerned</w> <w type="IN">with</w> <w type="AT">a</w> <w type="JJ">kingdom-wide</w> <w type="NN">ordering</w> <w type="IN">of</w> <w type="NN">nature</w> <c type="pct">:</c> <w type="JJ">popular</w> <w type="NN">religion</w> <w type="VBD">aimed</w> <w type="IN">at</w> <w type="QL">more</w> <w type="JJ">personal</w> <w type="NNS">benefits</w> <w type="IN">from</w> <w type="JJ">magical</w> <w type="NNS">powers</w> <c type="pct">.</c> </s>
<s n="69"><w type="CC">And</w> <w type="DT">this</w> <w type="BEZ">is</w> <w type="RB">only</w> <w type="JJ">natural</w> <c type="pct">--</c> <w type="NN">witness</w> <w type="AT">the</w> <w type="NN">haste</w> <w type="IN">with</w> <w type="WDT">which</w> <w type="JJ">modern</w> <w type="NN">man</w> <w type="VBZ">gobbles</w> <w type="AT">the</w> <w type="JJT">latest</w> <c type="pct">``</c> <w type="NN">wonder</w> <w type="NN">drug</w> <c type="pct">''</c> <c type="pct">.</c> </s>
<s n="70"><w type="JJ">Early</w> <w type="JJ">Chinese</w> <w type="NN">anchoritism</w> <w type="BEDZ">was</w> <w type="RB">theoretically</w> <w type="VBN">aimed</w> <w type="IN">at</w> <w type="AT">a</w> <w type="JJ">mystic</w> <w type="NN">pantheist</w> <w type="NN">union</w> <w type="IN">with</w> <w type="AT">the</w> <w type="JJ">divine</w> <c type="pct">,</c> <w type="JJ">personal</w> <w type="NN">salvation</w> <w type="BEG">being</w> <w type="VBN">achieved</w> <w type="WRB">when</w> <w type="AT">the</w> <w type="JJ">mystical</w> <w type="NN">recluse</w> <w type="VBD">united</w> <w type="IN">with</w> <w type="JJ">divine</w> <w type="NN">essence</w> <c type="pct">.</c> </s>
<s n="71"><w type="CC">But</w> <w type="DT">this</w> <w type="JJ">esoteric</w> <w type="NN">doctrine</w> <w type="BEDZ">was</w> <w type="VBN">lost</w> <w type="IN">in</w> <w type="AT">the</w> <w type="NN">shuffle</w> <w type="TO">to</w> <w type="VB">acquire</w> <w type="JJ">special</w> <w type="NNS">powers</w> <c type="pct">.</c> </s>
<s n="72"><w type="AT">The</w> <w type="JJ">anchorite</w> <w type="VBD">strove</w> <c type="pct">,</c> <w type="IN">in</w> <w type="NN">fact</w> <c type="pct">,</c> <w type="TO">to</w> <w type="RB">magically</w> <w type="VB">influence</w> <w type="AT">the</w> <w type="NN">world</w> <w type="IN">of</w> <w type="NNS">spirits</w> <w type="IN">in</w> <w type="AT">the</w> <w type="AP">same</w> <w type="NN">way</w> <w type="CS">that</w> <w type="AT">the</w> <w type="JJ">divine</w> <w type="NN">emperor</w> <w type="VBD">manifested</w> <w type="PPg">his</w> <w type="NN">power</w> <c type="pct">.</c> </s>
<s n="73"><w type="RB">Thus</w> <c type="pct">,</c> <w type="AT">the</w> <w type="NP">Mahayana</w> <w type="NN">metaphysic</w> <w type="IN">of</w> <w type="JJ">mystical</w> <w type="NN">union</w> <w type="IN">for</w> <w type="NN">salvation</w> <w type="BEDZ">was</w> <w type="VBN">distilled</w> <w type="RP">down</w> <w type="IN">to</w> <w type="AT">a</w> <w type="JJ">bare</w> <w type="JJ">self-seeking</w> <c type="pct">,</c> <w type="CC">and</w> <w type="IN">for</w> <w type="DT">this</w> <w type="NN">reason</w> <c type="pct">,</c> <w type="AT">the</w> <w type="NN">mystic</w> <w type="IN">in</w> <w type="NP">Asia</w> <w type="DOD">did</w> <w type="NEG">not</w> <w type="RB">long</w> <w type="VB">remain</w> <w type="IN">in</w> <w type="VBN">isolated</w> <w type="NN">contemplation</w> <c type="pct">.</c> </s>
<s n="74"><w type="CS">As</w> <w type="AT">the</w> <w type="NP">Zen</w> <w type="NN">literature</w> <w type="VBZ">reveals</w> <c type="pct">,</c> <w type="QL">as</w> <w type="RB">soon</w> <w type="CS">as</w> <w type="AT">an</w> <w type="JJ">early</w> <w type="NP">Zen</w> <w type="NN">master</w> <w type="VBD">attained</w> <w type="NN">fame</w> <w type="IN">in</w> <w type="NN">seclusion</w> <c type="pct">,</c> <w type="PPS">he</w> <w type="BEDZ">was</w> <w type="VBN">called</w> <w type="RP">out</w> <w type="IN">into</w> <w type="AT">the</w> <w type="NN">world</w> <w type="TO">to</w> <w type="VB">exercise</w> <w type="PPg">his</w> <w type="NNS">powers</w> <c type="pct">.</c> </s>
<s n="75"><w type="AT">The</w> <w type="JJ">early</w> <w type="NP">Anchorite</w> <w type="NNS">masters</w> <w type="VBD">attracted</w> <w type="NNS">disciples</w> <w type="RB">because</w> <w type="IN">of</w> <w type="PPg">their</w> <w type="VBN">presumed</w> <w type="NN">ability</w> <w type="TO">to</w> <w type="VB">perform</w> <w type="NNS">miracles</w> <c type="pct">.</c> </s>
</p>
<p><s n="76"><w type="NNS">Exponents</w> <w type="IN">of</w> <w type="NP">Zen</w> <w type="RB">often</w> <w type="VB">insist</w> <w type="CS">that</w> <w type="QL">very</w> <w type="RB">early</w> <w type="NP">Zen</w> <w type="NN">doctrine</w> <w type="VBD">opposed</w> <w type="AT">the</w> <w type="JJ">rampant</w> <w type="NN">supernaturalism</w> <w type="IN">of</w> <w type="NP">China</w> <c type="pct">,</c> <w type="CC">and</w> <w type="VBD">proposed</w> <w type="RB">instead</w> <w type="AT">a</w> <w type="QL">more</w> <w type="JJ">mature</w> <c type="pct">,</c> <w type="QL">less</w> <w type="JJ">credulous</w> <w type="NN">view</w> <w type="IN">of</w> <w type="AT">the</w> <w type="NN">universe</w> <c type="pct">.</c> </s>
<s n="77"><w type="IN">In</w> <w type="NN">support</w> <w type="IN">of</w> <w type="DT">this</w> <c type="pct">,</c> <w type="NNS">stories</w> <w type="IN">from</w> <w type="AT">the</w> <w type="JJ">early</w> <w type="NN">literature</w> <w type="BER">are</w> <w type="VBN">cited</w> <w type="TO">to</w> <w type="VB">show</w> <w type="CS">that</w> <w type="NP">Zen</w> <w type="VBZ">attacks</w> <w type="AT">the</w> <w type="NN">idea</w> <w type="IN">of</w> <w type="JJ">supernatural</w> <w type="NN">power</w> <c type="pct">.</c> </s>
<s n="78"><w type="CC">But</w> <w type="RB">actually</w> <w type="DTS">these</w> <w type="NNS">accounts</w> <w type="VB">reveal</w> <w type="AT">the</w> <w type="JJ">supernatural</w> <w type="NNS">powers</w> <w type="CS">that</w> <w type="AT">the</w> <w type="NNS">masters</w> <w type="BED">were</w> <w type="IN">in</w> <w type="NN">fact</w> <w type="VBD">supposed</w> <w type="TO">to</w> <w type="VB">possess</w> <c type="pct">,</c> <w type="QL">as</w> <w type="RB">well</w> <w type="CS">as</w> <w type="AT">the</w> <w type="JJ">extreme</w> <w type="NN">degree</w> <w type="IN">of</w> <w type="JJ">popular</w> <w type="NN">credulity</w> <c type="pct">:</c> <c type="pct">``</c> <w type="NP">Hwang</w> <w type="NP">Pah</w> <c type="pct">(</c> <w type="NP">O</w> <w type="NP">Baku</w> <c type="pct">)</c> <c type="pct">,</c> <w type="CD">one</w> <w type="NN">day</w> <w type="VBG">going</w> <w type="IN">up</w> <w type="NN" subtype="TL">Mount</w> <w type="NP" subtype="TL">Tien</w> <w type="NP" subtype="TL">Tai</w> <w type="WDT">which</w> <w type="BEDZ">was</w> <w type="VBN">believed</w> <w type="TO">to</w> <w type="HV">have</w> <w type="BEN">been</w> <w type="VBN">inhabited</w> <w type="IN">by</w> <w type="NPS">Arhats</w> <w type="IN">with</w> <w type="JJ">supernatural</w> <w type="NNS">powers</w> <c type="pct">,</c> <w type="VBD">met</w> <w type="IN">with</w> <w type="AT">a</w> <w type="NN">monk</w> <w type="WPg">whose</w> <w type="NNS">eyes</w> <w type="VBD">emitted</w> <w type="JJ">strange</w> <w type="NN">light</w> <c type="pct">.</c> </s>
<s n="79"><w type="PPSS">They</w> <w type="VBD">went</w> <w type="IN">along</w> <w type="AT">the</w> <w type="NN">pass</w> <w type="VBG">talking</w> <w type="IN">with</w> <w type="DT">each</w> <w type="AP">other</w> <w type="IN">for</w> <w type="AT">a</w> <w type="JJ">short</w> <w type="NN">while</w> <w type="CS">until</w> <w type="PPSS">they</w> <w type="VBD">came</w> <w type="IN">to</w> <w type="AT">a</w> <w type="NN">river</w> <w type="VBG">roaring</w> <w type="IN">with</w> <w type="NN">torrent</w> <c type="pct">.</c> </s>
<s n="80"><w type="EX">There</w> <w type="BEG">being</w> <w type="AT">no</w> <w type="NN">bridge</w> <c type="pct">,</c> <w type="AT">the</w> <w type="NN">master</w> <w type="HVD">had</w> <w type="TO">to</w> <w type="VB">stop</w> <w type="IN">at</w> <w type="AT">the</w> <w type="NN">shore</w> <c type="pct">;</c> <c type="pct">;</c> </s>
<s n="81"><w type="CC">but</w> <w type="PPg">his</w> <w type="NN">companion</w> <w type="VBD">crossed</w> <w type="AT">the</w> <w type="NN">river</w> <w type="VBG">walking</w> <w type="IN">on</w> <w type="AT">the</w> <w type="NN">water</w> <w type="CC">and</w> <w type="VBD">beckoned</w> <w type="IN">to</w> <w type="NP">Hwang</w> <w type="NP">Pah</w> <w type="TO">to</w> <w type="VB">follow</w> <w type="PPO">him</w> <c type="pct">.</c> </s>
<s n="82"><w type="RB">Thereupon</w> <w type="NP">Hwang</w> <w type="NP">Pah</w> <w type="VBD">said</w> <c type="pct">:</c> <c type="pct">``</c> <w type="CS">If</w> <w type="PPSS">I</w> <w type="VBD">knew</w> <w type="PPSS">thou</w> <w type="BER">art</w> <w type="AT">an</w> <w type="NP">Arhat</w> <c type="pct">,</c> <w type="PPSS">I</w> <w type="MD">would</w> <w type="HV">have</w> <w type="VBN">doubled</w> <w type="PPO">you</w> <w type="RP">up</w> <w type="CS">before</w> <w type="PPSS">thou</w> <w type="VBD">got</w> <w type="IN">over</w> <w type="RB">there</w> <c type="pct">''</c> <c type="pct">!</c> <c type="pct">!</c> </s>
<s n="83"><w type="AT">The</w> <w type="NN">monk</w> <w type="RB">then</w> <w type="VBD">understood</w> <w type="AT">the</w> <w type="JJ">spiritual</w> <w type="NN">attainment</w> <w type="IN">of</w> <w type="NP">Hwang</w> <w type="NP">Pah</w> <c type="pct">,</c> <w type="CC">and</w> <w type="VBD">praised</w> <w type="PPO">him</w> <w type="CS">as</w> <w type="AT">a</w> <w type="JJ">true</w> <w type="NP">Mahayanist</w> <c type="pct">.</c> </s>
<s n="84"><c type="pct">(</c> <w type="CD">1</w> <c type="pct">)</c> <c type="pct">''</c> </s>
</p>
<p><s n="85"><w type="AT">A</w> <w type="OD">second</w> <w type="NN">tale</w> <w type="VBZ">shows</w> <w type="QL">still</w> <w type="QL">more</w> <w type="RB">clearly</w> <w type="AT">the</w> <w type="NN">kind</w> <w type="IN">of</w> <w type="NNS">powers</w> <w type="AT">a</w> <w type="QL">truly</w> <w type="JJ">spiritual</w> <w type="NN">monk</w> <w type="MD">could</w> <w type="VB">possess</w> <c type="pct">:</c> <c type="pct">``</c> <w type="IN">On</w> <w type="CD">one</w> <w type="NN">occasion</w> <w type="NP">Yang</w> <w type="NP">Shan</w> <c type="pct">(</c> <w type="NP">Kyo-zan</w> <c type="pct">)</c> <w type="VBD">saw</w> <w type="AT">a</w> <w type="NN">stranger</w> <w type="NN">monk</w> <w type="VBG">flying</w> <w type="IN">through</w> <w type="AT">the</w> <w type="NN">air</w> <c type="pct">.</c> </s>
<s n="86"><w type="WRB">When</w> <w type="DT">that</w> <w type="NN">monk</w> <w type="VBD">came</w> <w type="RP">down</w> <w type="CC">and</w> <w type="VBD">approached</w> <w type="PPO">him</w> <w type="IN">with</w> <w type="AT">a</w> <w type="JJ">respectful</w> <w type="NN">salutation</w> <c type="pct">,</c> <w type="PPS">he</w> <w type="VBD">asked</w> <c type="pct">:</c> <c type="pct">``</c> <w type="WRB">Where</w> <w type="BER">art</w> <w type="PPSS">thou</w> <w type="IN">from</w> <c type="pct">''</c> <c type="pct">?</c> <c type="pct">?</c> </s>
<s n="87"><c type="pct">``</c> <w type="RB">Early</w> <w type="DT">this</w> <w type="NN">morning</w> <c type="pct">''</c> <c type="pct">,</c> <w type="VBD">replied</w> <w type="AT">the</w> <w type="AP">other</w> <c type="pct">,</c> <c type="pct">``</c> <w type="PPSS">I</w> <w type="VBD">set</w> <w type="RP">out</w> <w type="IN">from</w> <w type="NP">India</w> <c type="pct">''</c> <c type="pct">.</c> </s>
<s n="88"><c type="pct">``</c> <w type="WRB">Why</w> <c type="pct">''</c> <c type="pct">,</c> <w type="VBD">said</w> <w type="AT">the</w> <w type="NN">teacher</w> <c type="pct">,</c> <c type="pct">``</c> <w type="BER">art</w> <w type="PPSS">thou</w> <w type="QL">so</w> <w type="RB">late</w> <c type="pct">''</c> <c type="pct">?</c> <c type="pct">?</c> </s>
<s n="89"><c type="pct">``</c> <w type="PPSS">I</w> <w type="VBD">stopped</w> <c type="pct">''</c> <c type="pct">,</c> <w type="VBD">responded</w> <w type="AT">the</w> <w type="NN">man</w> <c type="pct">,</c> <c type="pct">``</c> <w type="AP">several</w> <w type="NNS">times</w> <w type="TO">to</w> <w type="VB">look</w> <w type="IN">at</w> <w type="JJ">beautiful</w> <w type="NNS">sceneries</w> <c type="pct">''</c> <c type="pct">.</c> </s>
<s n="90"><c type="pct">``</c> <w type="PPSS">Thou</w> <w type="MD">mayst</w> <w type="HV">have</w> <w type="JJ">supernatural</w> <w type="NNS">powers</w> <c type="pct">''</c> <c type="pct">,</c> <w type="VBD">exclaimed</w> <w type="NP">Yang</w> <w type="NP">Shan</w> <c type="pct">,</c> <c type="pct">``</c> <w type="CC">yet</w> <w type="PPSS">thou</w> <w type="MD">must</w> <w type="VB">give</w> <w type="RB">back</w> <w type="AT">the</w> <w type="NN" subtype="TL">Spirit</w> <w type="IN" subtype="TL">of</w> <w type="NP" subtype="TL">Buddha</w> <w type="IN">to</w> <w type="PPO">me</w> <c type="pct">''</c> <c type="pct">.</c> </s>
<s n="91"><w type="RB">Then</w> <w type="AT">the</w> <w type="NN">monk</w> <w type="VBD">praised</w> <w type="NP">Yang</w> <w type="NP">Shan</w> <w type="VBG">saying</w> <c type="pct">:</c> <c type="pct">``</c> <w type="PPSS">I</w> <w type="HV">have</w> <w type="VBN">come</w> <w type="RP">over</w> <w type="IN">to</w> <w type="NP">China</w> <w type="IN">in</w> <w type="NN">order</w> <w type="TO">to</w> <w type="VB">worship</w> <w type="NP">Manjucri</w> <c type="pct">,</c> <w type="CC">and</w> <w type="VBD">met</w> <w type="RB">unexpectedly</w> <w type="IN">with</w> <w type="NP">Minor</w> <w type="NP">Shakya</w> <c type="pct">''</c> <c type="pct">,</c> <w type="CC">and</w> <w type="CS">after</w> <w type="VBG">giving</w> <w type="AT">the</w> <w type="NN">master</w> <w type="DTI">some</w> <w type="NN">palm</w> <w type="NNS">leaves</w> <w type="PPS">he</w> <w type="VBD">brought</w> <w type="IN">from</w> <w type="NP">India</w> <c type="pct">,</c> <w type="VBD">went</w> <w type="RB">back</w> <w type="IN">through</w> <w type="AT">the</w> <w type="NN">air</w> <c type="pct">.</c> </s>
<s n="92"><c type="pct">(</c> <w type="CD">2</w> <c type="pct">)</c> <c type="pct">''</c> </s>
</p>
<p><s n="93"><w type="IN">In</w> <w type="AT">the</w> <w type="JJ">popular</w> <w type="JJ">Chinese</w> <w type="NN">mind</w> <c type="pct">,</c> <w type="NP">Ch'an</w> <c type="pct">(</c> <w type="NP">Zen</w> <c type="pct">)</c> <w type="BEDZ">was</w> <w type="AT">no</w> <w type="NN">exception</w> <w type="IN">to</w> <w type="AT">the</w> <w type="NNS">ideas</w> <w type="IN">of</w> <w type="JJ">coarse</w> <w type="NN">magic</w> <w type="WPS">that</w> <w type="VBD">dominated</w> <c type="pct">.</c> </s>
</p>
<p><s n="94"><w type="AT">A</w> <w type="JJR">closer</w> <w type="NN">look</w> <w type="IN">at</w> <w type="JJ">modern</w> <w type="NP">Zen</w> <w type="VBZ">reveals</w> <w type="AP">many</w> <w type="JJ">magical</w> <w type="NNS">carryovers</w> <w type="WPS">that</w> <w type="BER">are</w> <w type="RB">still</w> <w type="NN">part</w> <w type="IN">of</w> <w type="JJ">popular</w> <w type="NP">Zen</w> <w type="NNS">attitudes</w> <c type="pct">.</c> </s>
<s n="95"><w type="IN">To</w> <w type="AT">the</w> <w type="NP">Zen</w> <w type="NN">monk</w> <w type="AT">the</w> <w type="NN">universe</w> <w type="BEZ">is</w> <w type="RB">still</w> <w type="VBN">populated</w> <w type="IN">with</w> <c type="pct">``</c> <w type="JJ">spiritual</w> <w type="NNS">beings</w> <c type="pct">''</c> <w type="WPS">who</w> <w type="HV">have</w> <w type="TO">to</w> <w type="BE">be</w> <w type="VBN">appeased</w> <c type="pct">.</c> </s>
<s n="96"><w type="NN">Part</w> <w type="IN">of</w> <w type="AT">the</w> <w type="NN">mealtime</w> <w type="NN">ritual</w> <w type="IN">in</w> <w type="AT">the</w> <w type="NP">Zendo</w> <w type="VBZ">consists</w> <w type="IN">in</w> <w type="NNS">offerings</w> <w type="IN">of</w> <w type="NN">rice</w> <w type="IN">to</w> <w type="AT">the</w> <w type="JJ">spiritual</w> <w type="NNS">beings</w> <c type="pct">''</c> <c type="pct">.</c> </s>
<s n="97"><w type="JJ">Modern</w> <w type="NP">Zen</w> <w type="NN">presentation</w> <w type="IN">to</w> <w type="AT">the</w> <w type="NR" subtype="TL">West</w> <w type="VBZ">insists</w> <w type="IN">on</w> <w type="AT">the</w> <w type="JJ">anti-authoritarian</w> <c type="pct">,</c> <w type="QL">highly</w> <w type="JJ">pragmatic</w> <w type="NN">nature</w> <w type="IN">of</w> <w type="AT">the</w> <w type="NP">Zen</w> <w type="NN">belief</w> <c type="pct">--</c> <w type="NNS">scriptures</w> <w type="BER">are</w> <w type="VBN">burned</w> <w type="TO">to</w> <w type="VB">make</w> <w type="NN">fire</w> <c type="pct">,</c> <w type="NN">action</w> <w type="BEZ">is</w> <w type="VBN">based</w> <w type="IN">on</w> <w type="JJ">direct</w> <w type="NN">self-confidence</w> <c type="pct">,</c> <w type="CC">and</w> <w type="RB">so</w> <w type="RP">on</w> <c type="pct">.</c> </s>
<s n="98"><w type="DT">This</w> <w type="NN">picture</w> <w type="IN">of</w> <w type="JJ">extreme</w> <w type="JJ">self-reliant</w> <w type="NN">individuation</w> <w type="BEZ">is</w> <w type="JJ">difficult</w> <w type="TO">to</w> <w type="VB">reconcile</w> <w type="IN">with</w> <w type="JJ">such</w> <w type="NP">Zendo</w> <w type="NNS">formulas</w> <w type="CS">as</w> <c type="pct">:</c> <c type="pct">``</c> <w type="UH">O</w> <w type="PPSS">you</w> <c type="pct">,</c> <w type="NNS">demons</w> <w type="CC">and</w> <w type="AP">other</w> <w type="JJ">spiritual</w> <w type="NNS">beings</w> <c type="pct">,</c> <w type="PPSS">I</w> <w type="RB">now</w> <w type="VB">offer</w> <w type="DT">this</w> <w type="IN">to</w> <w type="PPO">you</w> <c type="pct">,</c> <w type="CC">and</w> <w type="MD">may</w> <w type="DT">this</w> <w type="NN">food</w> <w type="VB">fill</w> <w type="RP">up</w> <w type="AT">the</w> <w type="CD">ten</w> <w type="NNS">quarters</w> <w type="IN">of</w> <w type="AT">the</w> <w type="NN">world</w> <w type="CC">and</w> <w type="ABN">all</w> <w type="AT">the</w> <w type="NNS">demons</w> <w type="CC">and</w> <w type="AP">other</w> <w type="JJ">spiritual</w> <w type="NNS">beings</w> <w type="BE">be</w> <w type="VBN">fed</w> <w type="RB">therewith</w> <c type="pct">.</c> </s>
<s n="99"><c type="pct">(</c> <w type="CD">3</w> <c type="pct">)</c> </s>
</p></body></text></TEI>
