<TEI xmlns="http://www.tei-c.org/ns/1.0"><teiHeader><fileDesc><titleStmt><title>Sample E14 from  Ann Carnahan, Nick Manero's Cook-out Barbeque Book
 New York: Fawcett Publications, Inc., 1961. Pp. 13-21
 </title></titleStmt><editionStmt><edition>A part  of the XML version of the Brown Corpus</edition></editionStmt><extent>2,026 words 14 (0.7%) quotes 2 symbols 1 formula</extent><publicationStmt><idno>E14</idno><availability><p>Copyright 1961 Fawcett Publications, Inc. Used by permission 0010-1810</p></availability></publicationStmt><sourceDesc><bibl> Ann Carnahan, Nick Manero's Cook-out Barbeque Book
 New York: Fawcett Publications, Inc., 1961. Pp. 13-21
 </bibl></sourceDesc></fileDesc><encodingDesc><p/></encodingDesc><revisionDesc><change when="2008-04-27">Header auto-generated for TEI version</change></revisionDesc></teiHeader>
<text xml:id="E14" decls="E">
<body><p><s n="1"><c type="pct">(</c> <w type="DO">Do</w> <w type="VB">start</w> <w type="NNS">fires</w> <w type="CD">one</w> <w type="CC">or</w> <w type="CD">two</w> <w type="NNS">hours</w> <w type="RB">ahead</w> <w type="IN">of</w> <w type="NN">time</w> <w type="TO">to</w> <w type="VB">obtain</w> <w type="AT">a</w> <w type="VBG">lasting</w> <w type="NN">bed</w> <w type="IN">of</w> <w type="VBG">glowing</w> <w type="NNS">coals</w> <c type="pct">.</c> </s>
<s n="2"><w type="VB">Keep</w> <w type="NNS">ashes</w> <w type="IN">from</w> <w type="CD">one</w> <w type="NN">barbecue</w> <w type="IN">to</w> <w type="AT">the</w> <w type="AP">next</w> <w type="TO">to</w> <w type="VB">sprinkle</w> <w type="IN">over</w> <w type="NNS">coals</w> <w type="CS">if</w> <w type="PPSS">they</w> <w type="BER">are</w> <w type="QL">too</w> <w type="JJ">hot</w> <c type="pct">,</c> <w type="CC">and</w> <w type="TO">to</w> <w type="VB">stop</w> <w type="NNS">flames</w> <w type="WPS">that</w> <w type="VB">arise</w> <w type="IN">from</w> <w type="VBG">melting</w> <w type="NN">grease</w> <c type="pct">.</c> </s>
</p>
<p><s n="3"><w type="DO">Do</w> <w type="VB">line</w> <w type="NN">barbecue</w> <w type="NN">fire</w> <w type="NN">bowl</w> <w type="IN">with</w> <w type="JJ">heavy</w> <w type="NN">foil</w> <w type="TO">to</w> <w type="VB">reflect</w> <w type="NN">heat</w> <c type="pct">.</c> </s>
</p>
<p><s n="4"><mw pos="DO *">Don't </mw><w type="VB">forget</w> <w type="TO">to</w> <w type="VB">buy</w> <w type="AT">a</w> <w type="NN">plastic</w> <w type="NN">pastry</w> <w type="NN">brush</w> <w type="IN">for</w> <w type="VBG">basting</w> <w type="IN">with</w> <w type="NNS">sauces</w> <c type="pct">.</c> </s>
<s n="5"><w type="VB">Clean</w> <w type="PPO">it</w> <w type="RB">meticulously</w> <w type="IN">in</w> <w type="VBG">boiling</w> <w type="NN">water</w> <w type="CC">and</w> <w type="NN">detergent</w> <c type="pct">,</c> <w type="VB">rinse</w> <w type="RB">thoroughly</w> <c type="pct">.</c> </s>
</p>
<p><s n="6"><w type="DO">Do</w> <w type="VB">build</w> <w type="AT">a</w> <w type="NN">wall</w> <w type="IN">of</w> <w type="VBG">glowing</w> <w type="NNS">coals</w> <w type="CD">six</w> <w type="IN">to</w> <w type="CD">eight</w> <w type="NNS">inches</w> <w type="IN">in</w> <w type="NN">front</w> <w type="IN">of</w> <w type="NN">meat</w> <w type="WPS">that</w> <w type="BEZ">is</w> <w type="VBN">barbecued</w> <w type="IN">on</w> <w type="AT">an</w> <w type="JJ">electric</w> <w type="NN">spit</w> <c type="pct">.</c> </s>
<s n="7"><w type="VB">Make</w> <w type="NN">use</w> <w type="IN">of</w> <w type="AT">the</w> <w type="NN">back</w> <w type="IN">of</w> <w type="AT">the</w> <w type="NN">barbecue</w> <w type="CC">or</w> <w type="IN">of</w> <w type="AT">the</w> <w type="NN">hood</w> <w type="IN">for</w> <w type="VBG">heating</w> <w type="NNS">vegetables</w> <c type="pct">,</c> <w type="NNS">sauces</w> <w type="CC">and</w> <w type="JJ">such</w> <c type="pct">.</c> </s>
</p>
<p><s n="8"><mw pos="DO *">Don't </mw><w type="VB">fail</w> <w type="TO">to</w> <w type="VB">shorten</w> <w type="VBG">cooking</w> <w type="NN">time</w> <w type="IN">by</w> <w type="AT">the</w> <w type="NN">use</w> <w type="IN">of</w> <w type="NN">aluminum</w> <w type="NN">foil</w> <w type="VBN">cut</w> <w type="QL">slightly</w> <w type="JJR">larger</w> <w type="CS">than</w> <w type="AT">the</w> <w type="NN">surface</w> <w type="IN">of</w> <w type="NNS">steaks</w> <w type="CC">and</w> <w type="NNS">chops</w> <c type="pct">.</c> </s>
<s n="9"><w type="VB">Sear</w> <w type="IN">on</w> <w type="ABX">both</w> <w type="NNS">sides</w> <w type="RB">then</w> <w type="VB">cover</w> <w type="NN">meat</w> <w type="RB">loosely</w> <w type="IN">with</w> <w type="NN">heat</w> <w type="VBG">reflecting</w> <w type="NN">foil</w> <w type="IN">for</w> <w type="JJT">juiciest</w> <w type="NNS">results</w> <c type="pct">.</c> </s>
</p>
<p><s n="10"><w type="DO">Do</w> <w type="VB">avoid</w> <w type="VBG">puncturing</w> <w type="CC">or</w> <w type="VBG">cutting</w> <w type="IN">into</w> <w type="NNS">meats</w> <w type="TO">to</w> <w type="VB">test</w> <w type="PPO">them</w> <c type="pct">.</c> </s>
<s n="11"><w type="CS">If</w> <w type="JJ">doubtful</w> <w type="IN">about</w> <w type="AT">a</w> <w type="NN">steak</w> <c type="pct">,</c> <w type="RB">boldly</w> <w type="VB">cut</w> <w type="PPO">it</w> <w type="IN">in</w> <w type="ABN">half</w> <c type="pct">.</c> </s>
<s n="12"><w type="CS">If</w> <w type="JJ">necessary</w> <w type="TO">to</w> <w type="VB">replace</w> <w type="ABX">both</w> <w type="NNS">halves</w> <w type="IN">on</w> <w type="NN">grill</w> <c type="pct">,</c> <w type="VB">sear</w> <w type="NNS">cuts</w> <w type="CC">and</w> <w type="VB">allot</w> <w type="JJ">extra</w> <w type="NN">time</w> <c type="pct">.</c> </s>
<s n="13"><w type="IN">For</w> <w type="NNS">roasts</w> <c type="pct">,</c> <w type="VB">insert</w> <w type="NN">meat</w> <w type="NN">thermometer</w> <w type="RB">diagonally</w> <w type="CS">so</w> <w type="PPS">it</w> <w type="DOZ">does</w> <w type="NEG">not</w> <w type="VB">rest</w> <w type="IN">on</w> <w type="NN">bone</w> <c type="pct">.</c> </s>
<s n="14"><w type="RB">Also</w> <w type="VB">make</w> <w type="JJ">sure</w> <w type="NN">thermometer</w> <w type="DOZ">does</w> <w type="NEG">not</w> <w type="VB">touch</w> <w type="AT">the</w> <w type="VBG">revolving</w> <w type="NN">spit</w> <w type="CC">or</w> <w type="VB">hit</w> <w type="AT">the</w> <w type="NNS">coals</w> <c type="pct">.</c> </s>
</p>
<p><s n="15"><mw pos="DO *">Don't </mw><w type="VB">practice</w> <w type="AT">a</w> <w type="JJ">new</w> <w type="NN">recipe</w> <w type="IN">on</w> <w type="NNS">guests</w> <c type="pct">.</c> </s>
<s n="16"><w type="HV">Have</w> <w type="AT">a</w> <w type="NN">test-run</w> <w type="IN">on</w> <w type="AT">the</w> <w type="NN">family</w> <w type="RB">first</w> <c type="pct">,</c> <w type="TO">to</w> <w type="BE">be</w> <w type="JJ">sure</w> <w type="VBG">timing</w> <w type="CC">and</w> <w type="NN">seasoning</w> <w type="BER">are</w> <w type="JJ">right</w> <c type="pct">.</c> </s>
</p>
<p><s n="17"><w type="DO">Do</w> <w type="VB">buy</w> <w type="NN">meat</w> <w type="AT">the</w> <w type="NN">day</w> <w type="CC">or</w> <w type="AT">the</w> <w type="NN">day</w> <w type="CS">before</w> <w type="PPSS">you</w> <w type="VB">intend</w> <w type="TO">to</w> <w type="VB">cook</w> <w type="PPO">it</w> <c type="pct">.</c> </s>
<s n="18"><w type="VB">Keep</w> <w type="PPO">it</w> <w type="AT">no</w> <w type="JJR">longer</w> <w type="IN">than</w> <w type="CD">36</w> <w type="NNS">hours</w> <w type="CS">before</w> <w type="VBG">cooking</w> <c type="pct">,</c> <w type="CC">and</w> <w type="VB">keep</w> <w type="PPO">it</w> <w type="IN">in</w> <w type="AT">the</w> <w type="JJT">coldest</w> <c type="pct">(</c> <w type="CC">but</w> <w type="JJ">non-freezing</w> <c type="pct">)</c> <w type="NN">compartment</w> <w type="IN">of</w> <w type="AT">the</w> <w type="NN">refrigerator</w> <c type="pct">.</c> </s>
</p>
<p><s n="19"><mw pos="DO *">Don't </mw><w type="VB">plan</w> <w type="NNS">meals</w> <w type="WPS">that</w> <w type="BER">are</w> <w type="QL">too</w> <w type="VBN">complicated</w> <c type="pct">.</c> </s>
<s n="20"><w type="VB">Limit</w> <w type="PPL">yourself</w> <w type="IN">to</w> <w type="JJ">good</w> <w type="NN">meat</w> <w type="CC">and</w> <w type="NN">drink</w> <c type="pct">,</c> <w type="IN">with</w> <w type="NN">bread</w> <c type="pct">,</c> <w type="NN">salad</w> <c type="pct">,</c> <w type="NN">corn</w> <w type="CC">or</w> <w type="NNS">potatoes</w> <w type="CS">as</w> <w type="NNS">accessories</w> <c type="pct">.</c> </s>
<s n="21"><w type="VB">Keep</w> <w type="AT">the</w> <w type="NNS">desserts</w> <w type="JJ">simple</w> <c type="pct">;</c> <c type="pct">;</c> </s>
<s n="22"><w type="NN">fruit</w> <w type="DOZ">does</w> <w type="RB">nicely</w> <c type="pct">.</c> </s>
</p>
<p><s n="23"><w type="DO">Do</w> <w type="WDT">whatever</w> <w type="NN">kitchen</w> <w type="NN">work</w> <c type="pct">,</c> <w type="JJ">such</w> <w type="CS">as</w> <w type="VBG">fixing</w> <w type="AT">a</w> <w type="NN">salad</w> <c type="pct">,</c> <w type="VBG">preparing</w> <w type="NN">garlic</w> <w type="NN">bread</w> <c type="pct">,</c> <w type="CC">or</w> <w type="VBG">making</w> <w type="AT">a</w> <w type="NN">marinade</w> <w type="NN">sauce</w> <c type="pct">,</c> <w type="RB">ahead</w> <w type="IN">of</w> <w type="NN">time</w> <c type="pct">.</c> </s>
<s n="24"><w type="WRB">When</w> <w type="PPSS">you</w> <w type="VB">start</w> <w type="AT">the</w> <w type="JJ">outdoor</w> <w type="NN">performance</w> <c type="pct">,</c> <w type="PPSS">you</w> <w type="MD">can</w> <w type="VB">stay</w> <w type="RB">outdoors</w> <w type="IN">without</w> <w type="AT">a</w> <w type="NN">dozen</w> <w type="VBG">running</w> <w type="NNS">trips</w> <w type="IN">into</w> <w type="AT">the</w> <w type="NN">kitchen</w> <c type="pct">.</c> </s>
<s n="25"><c type="pct">(</c> <w type="DT">This</w> <w type="VBZ">goes</w> <w type="IN">for</w> <w type="VBG">getting</w> <w type="AT">a</w> <w type="NN">drink</w> <w type="NN">tray</w> <w type="JJ">ready</w> <c type="pct">,</c> <w type="CC">and</w> <w type="IN">for</w> <w type="HVG">having</w> <w type="AT">a</w> <w type="JJ">big</w> <w type="NN">cooler</w> <w type="JJ">full</w> <w type="IN">of</w> <w type="NN">ice</w> <w type="IN">on</w> <w type="NN">hand</w> <w type="RB">long</w> <w type="CS">before</w> <w type="AT">the</w> <w type="NN">party</w> <w type="VBZ">begins</w> <c type="pct">.</c> </s>
</p>
<p><s n="26"><mw pos="DO *">Don't </mw><w type="VB">think</w> <w type="PPSS">you</w> <w type="HV">have</w> <w type="TO">to</w> <w type="VB">start</w> <w type="IN">with</w> <w type="AT">the</w> <w type="QL">most</w> <w type="JJ">expensive</w> <w type="NN">equipment</w> <w type="IN">in</w> <w type="AT">the</w> <w type="NN">world</w> <c type="pct">.</c> </s>
<s n="27"><w type="AT">The</w> <w type="JJT">simplest</w> <w type="NN">grill</w> <c type="pct">(</c> <w type="NN">pan</w> <w type="NN">type</w> <c type="pct">)</c> <w type="CC">or</w> <w type="JJ">inexpensive</w> <w type="NN">hibachi</w> <w type="MD">can</w> <w type="VB">make</w> <w type="PPO">you</w> <w type="AT">a</w> <w type="NN">chef</w> <c type="pct">.</c> </s>
<s n="28"><w type="PPSS">You</w> <w type="VB">need</w> <w type="NNS">tongs</w> <w type="TO">to</w> <w type="VB">handle</w> <w type="NN">meat</w> <c type="pct">;</c> <c type="pct">;</c> </s>
<s n="29"><w type="JJ">long</w> <w type="NNS">forks</w> <w type="IN">for</w> <w type="VBG">turning</w> <w type="NNS">potatoes</w> <w type="CC">and</w> <w type="NN">corn</w> <c type="pct">;</c> <c type="pct">;</c> </s>
<s n="30"><w type="JJ">heavy</w> <w type="NN">foil</w> <w type="IN">on</w> <w type="NN">hand</w> <w type="IN">at</w> <w type="ABN">all</w> <w type="NNS">times</w> <c type="pct">.</c> </s>
<s n="31"><w type="CC">And</w> <w type="NNS">lots</w> <w type="IN">of</w> <w type="JJ">hot</w> <w type="NNS">pads</w> <c type="pct">!</c> <c type="pct">!</c> </s>
</p>
<p><s n="32"><w type="DO">Do</w> <w type="VB">keep</w> <w type="AT">the</w> <w type="NN">grill</w> <w type="JJ">high</w> <w type="QLP">enough</w> <w type="IN">above</w> <w type="AT">the</w> <w type="NN">fire</w> <w type="CS">so</w> <w type="CS">that</w> <w type="WRB">when</w> <w type="NN">fat</w> <w type="IN">from</w> <w type="NN">meat</w> <w type="VBZ">drips</w> <w type="RP">down</w> <w type="CC">and</w> <w type="VBZ">flares</w> <w type="RP">up</w> <c type="pct">,</c> <w type="NNS">flames</w> <mw pos="MD *">cannot </mw><w type="VB">reach</w> <w type="AT">the</w> <w type="NN">meat</w> <c type="pct">.</c> </s>
</p>
<p><s n="33"><mw pos="DO *">Don't </mw><w type="VB">forget</w> <w type="TO">to</w> <w type="HV">have</w> <w type="AT">a</w> <w type="NN">supply</w> <w type="IN">of</w> <w type="NP">Melamine</w> <w type="NNS">plates</w> <c type="pct">,</c> <w type="NNS">bowls</w> <c type="pct">,</c> <w type="NNS">cups</w> <c type="pct">,</c> <w type="NNS">saucers</w> <c type="pct">,</c> <w type="CC">and</w> <w type="NNS">platters</w> <w type="IN">for</w> <w type="JJ">outdoor</w> <w type="NN">use</w> <c type="pct">.</c> </s>
<s n="34"><w type="VBN">Made</w> <w type="IN">of</w> <w type="AT">the</w> <w type="NNg">world's</w> <w type="JJT">toughest</w> <w type="JJ">unbreakable</w> <w type="NN">plastic</w> <c type="pct">,</c> <w type="NP">Melamine</w> <w type="NN">dinnerware</w> <w type="VBZ">comes</w> <w type="IN">in</w> <w type="RB">almost</w> <w type="CD">400</w> <w type="JJ">different</w> <w type="NNS">patterns</w> <w type="CC">and</w> <w type="NNS">dozens</w> <w type="IN">of</w> <w type="NNS">colors</w> <c type="pct">.</c> </s>
<s n="35"><w type="EX">There</w> <w type="BEZ">is</w> <w type="RB">even</w> <w type="CD">one</w> <w type="NN">set</w> <w type="WPS">that</w> <w type="HVZ">has</w> <c type="pct">``</c> <w type="NN">barbecue</w> <c type="pct">''</c> <w type="VBN">written</w> <w type="IN">on</w> <w type="PPO">it</w> <c type="pct">.</c> </s>
</p>
<p><s n="36"><w type="DO">Do</w> <w type="IN">without</w> <w type="JJ">fancy</w> <w type="NNS">tablecloths</w> <c type="pct">.</c> </s>
<s n="37"><mw pos="PPS BEZ">It's </mw><w type="JJR">cheaper</w> <w type="TO">to</w> <w type="VB">buy</w> <w type="NP">Wall-Tex</w> <w type="CC">and</w> <w type="VB">cover</w> <w type="PPg">your</w> <w type="JJ">outdoor</w> <w type="NN">table</w> <c type="pct">.</c> </s>
<s n="38"><w type="CC">Or</w> <w type="VB">buy</w> <w type="ABN">half</w> <w type="AT">a</w> <w type="NN">dozen</w> <w type="NNS">lengths</w> <w type="IN">of</w> <w type="NN">oilcloth</w> <w type="CC">and</w> <w type="VB">change</w> <w type="NNS">patterns</w> <w type="IN">for</w> <w type="JJ">different</w> <w type="NNS">kinds</w> <w type="IN">of</w> <w type="NNS">barbecues</w> <c type="pct">.</c> </s>
<s n="39"><w type="NN">Oilcloth</w> <w type="RB">only</w> <w type="VBZ">costs</w> <w type="RB">about</w> <w type="NNS">79-cents</w> <w type="AT">a</w> <w type="NN">yard</w> <w type="IN">for</w> <w type="AT">the</w> <w type="QL">very</w> <w type="JJT">best</w> <c type="pct">.</c> </s>
<s n="40"><w type="JJR">Tougher</w> <w type="CS">than</w> <w type="NN">plastic</w> <c type="pct">,</c> <w type="PPS">it</w> <w type="VBZ">wears</w> <w type="RB">well</w> <c type="pct">.</c> </s>
</p>
<p><s n="41"><mw pos="DO *">Don't </mw><w type="VB">forget</w> <c type="pct">--</c> <w type="WRB">when</w> <w type="PPSS">you</w> <w type="VB">take</w> <w type="IN">to</w> <w type="AT">the</w> <w type="NNS">hills</w> <w type="CC">or</w> <w type="AT">the</w> <w type="NN">beach</w> <c type="pct">--</c> <w type="CS">that</w> <w type="PPg">your</w> <w type="NN">cooler</w> <c type="pct">,</c> <w type="WDT">which</w> <w type="PPSS">you</w> <w type="MD">might</w> <w type="HV">have</w> <w type="VBN">used</w> <w type="IN">for</w> <w type="NN">wine-</w> <w type="CC">or</w> <w type="NN">beer-cooling</w> <w type="IN">on</w> <w type="PPg">your</w> <w type="NN">terrace</w> <w type="CC">or</w> <w type="JJ">back</w> <w type="NN">yard</w> <c type="pct">,</c> <w type="BEZ">is</w> <w type="JJ">indispensable</w> <w type="IN">for</w> <w type="VBG">carrying</w> <w type="NN">liquid</w> <w type="NNS">refreshments</w> <c type="pct">.</c> </s>
<s n="42"><w type="EX">There</w> <w type="BER">are</w> <w type="AP">many</w> <w type="NNS">varieties</w> <w type="IN">of</w> <w type="NNS">coolers</w> <w type="CC">and</w> <w type="PPSS">they</w> <w type="VB">serve</w> <w type="AP">many</w> <w type="NNS">purposes</w> <c type="pct">.</c> </s>
<s n="43"><w type="IN">With</w> <w type="PPO">them</w> <c type="pct">,</c> <w type="PPSS">you</w> <w type="MD">can</w> <w type="VB">carry</w> <w type="NNS">steaks</w> <w type="CC">and</w> <w type="NNS">hamburgers</w> <w type="IN">at</w> <w type="NN">refrigerator</w> <w type="NNS">temperatures</w> <c type="pct">,</c> <w type="CC">and</w> <w type="RB">also</w> <w type="VB">get</w> <w type="PPg">your</w> <w type="VBN">frozen</w> <w type="NN">food</w> <w type="IN">for</w> <w type="NNS">stews</w> <w type="CC">and</w> <w type="NNS">chowders</w> <c type="pct">,</c> <w type="IN">to</w> <w type="AT">the</w> <w type="NN">marina</w> <w type="CC">or</w> <w type="NN">picnic</w> <c type="pct">,</c> <w type="IN">in</w> <w type="JJ" subtype="TL">A-1</w> <w type="NN">condition</w> <c type="pct">.</c> </s>
</p>
<p><s n="44"><w type="DO">Do</w> <w type="VB">use</w> <w type="NN">paper</w> <w type="NNS">napkins</w> <c type="pct">;</c> <c type="pct">;</c> </s>
<s n="45"><w type="NNS">lots</w> <w type="IN">of</w> <w type="PPO">them</w> <c type="pct">.</c> </s>
<s n="46"><w type="IN">Except</w> <w type="WRB">when</w> <w type="PPSS">you</w> <w type="VB">prepare</w> <c type="pct">``</c> <w type="DO">do</w> <w type="PPO">it</w> <w type="PPL">yourself</w> <c type="pct">''</c> <w type="NN">shish</w> <w type="NN">kebob</w> <w type="CC">or</w> <w type="AT">a</w> <w type="NN">lobster</w> <w type="NN">roast</w> <c type="pct">.</c> </s>
<s n="47"><w type="RB">Then</w> <mw pos="PPSS MD">you'll </mw><w type="VB">want</w> <w type="NN">terry</w> <w type="NN">cloth</w> <w type="NNS">towels</w> <w type="IN">for</w> <w type="VBG">mopping</w> <w type="RP">up</w> <c type="pct">.</c> </s>
</p>
<p><s n="48"><mw pos="DO *">Don't </mw><w type="VB">think</w> <w type="NN">barbecue</w> <w type="NN">cooking</w> <w type="BEZ">is</w> <w type="RB">just</w> <w type="RB">sometimes</w> <c type="pct">,</c> <w type="CC">or</w> <w type="JJ">seasonal</w> <c type="pct">.</c> </s>
<s n="49"><mw pos="PPS BEZ">It's </mw><w type="JJ">year-round</w> <c type="pct">,</c> <w type="CC">and</w> <w type="RB">everywhere</w> <c type="pct">.</c> </s>
<s n="50"><w type="IN">In</w> <w type="AT">the</w> <w type="NN">winter</w> <c type="pct">,</c> <w type="VB">hibachi</w> <w type="IN">in</w> <w type="AT">the</w> <w type="NN">kitchen</w> <w type="CC">or</w> <w type="VB">grill</w> <w type="IN">over</w> <w type="AT">the</w> <w type="NNS">logs</w> <w type="IN">of</w> <w type="AT">the</w> <w type="NN">fireplace</w> <c type="pct">.</c> </s>
<s n="51"><w type="RB">Even</w> <w type="VB">use</w> <w type="PPg">your</w> <w type="JJ">portable</w> <w type="JJ">electric</w> <w type="CC">or</w> <w type="NN">gas</w> <w type="NN">grill</w> <w type="IN">in</w> <w type="AT">the</w> <w type="NN">winter</w> <c type="pct">,</c> <w type="RB">inside</w> <c type="pct">.</c> </s>
<s n="52"><w type="NN">Summertime</w> <w type="NN">supper</w> <c type="pct">,</c> <w type="RB">outside</w> <c type="pct">,</c> <w type="BEZ">is</w> <w type="AT">a</w> <w type="JJ">natural</w> <c type="pct">.</c> </s>
<s n="53"><mw pos="PPSS MD">You'll </mw><w type="VB">find</w> <c type="pct">,</c> <w type="CS">once</w> <w type="PPg">your</w> <w type="NN">technique</w> <w type="BEZ">is</w> <w type="VBN">perfected</w> <c type="pct">,</c> <w type="CS">that</w> <w type="PPSS">you</w> <w type="MD">can</w> <w type="VB">cook</w> <w type="IN">on</w> <w type="AT">a</w> <w type="NN">boat</w> <w type="IN">with</w> <w type="AT">a</w> <w type="JJ">simple</w> <w type="NP">Bernz-O-Matic</w> <c type="pct">.</c> </s>
</p>
<p><s n="54"><w type="DO">Do</w> <w type="VB">buy</w> <w type="JJ">all-purpose</w> <w type="NNS">mugs</w> <w type="CC">or</w> <w type="NNS">cups</w> <c type="pct">.</c> </s>
<s n="55"><w type="VB">Get</w> <w type="NN">copper</w> <w type="CC">or</w> <w type="NN">earthenware</w> <w type="NNS">mugs</w> <w type="WPS">that</w> <w type="VB">keep</w> <w type="NN">beer</w> <w type="VBN">chilled</w> <w type="CC">or</w> <w type="NN">soup</w> <w type="JJ">hot</w> <c type="pct">.</c> </s>
<s n="56"><w type="BE">Be</w> <w type="JJ">sure</w> <w type="TO">to</w> <w type="VB">get</w> <w type="AT">a</w> <w type="AP">few</w> <w type="AP">more</w> <w type="CS">than</w> <w type="PPSS">you</w> <w type="VB">need</w> <c type="pct">.</c> </s>
<s n="57"><w type="PPSS">You</w> <w type="MD">will</w> <w type="VB">discover</w> <w type="PPSS">you</w> <w type="VB">keep</w> <w type="AT">the</w> <w type="NN">sauce</w> <w type="IN">for</w> <w type="VBG">basting</w> <w type="NN">meat</w> <w type="IN">in</w> <w type="CD">one</w> <c type="pct">,</c> <w type="VB">use</w> <w type="CD">six</w> <w type="IN">for</w> <w type="NNS">drinks</w> <c type="pct">,</c> <w type="VB">serve</w> <w type="NN">soup</w> <w type="CC">or</w> <w type="NN">coffee</w> <w type="IN">in</w> <w type="DT">another</w> <w type="NN">half-dozen</w> <c type="pct">--</c> <w type="CC">and</w> <w type="VB">need</w> <w type="CD">one</w> <w type="AP">more</w> <w type="TO">to</w> <w type="VB">mix</w> <w type="AT">the</w> <w type="NN">salad</w> <w type="NN">dressing</w> <c type="pct">.</c> </s>
</p>
<p><s n="58"><mw pos="DO *">Don't </mw><w type="VB">forget</w> <w type="AT">the</w> <w type="NNS">joys</w> <w type="IN">of</w> <w type="AT">a</w> <w type="NN">meal</w> <w type="IN">on</w> <w type="AT">the</w> <w type="NN">road</w> <c type="pct">.</c> </s>
<s n="59"><w type="CS">If</w> <w type="PPSS">you</w> <w type="VB">travel</w> <w type="IN">over</w> <w type="AT">the</w> <w type="JJ">vast</w> <w type="NP">U.S.A.</w> <w type="PPSS">you</w> <w type="MD">will</w> <c type="pct">,</c> <w type="AT">no</w> <w type="NN">doubt</w> <c type="pct">,</c> <w type="VB">discover</w> <w type="CS">that</w> <w type="VBG">feeding</w> <w type="BEZ">is</w> <w type="AT">an</w> <w type="JJ">expensive</w> <w type="NN">business</w> <c type="pct">.</c> </s>
<s n="60"><w type="VB">Decide</w> <w type="IN">in</w> <w type="AT">the</w> <w type="NN">beginning</w> <w type="TO">to</w> <w type="VB">put</w> <w type="PPg">your</w> <w type="NN">barbecue</w> <w type="NN">equipment</w> <w type="IN">to</w> <w type="NN">work</w> <c type="pct">.</c> </s>
<s n="61"><w type="PPSS">You</w> <w type="MD">can</w> <w type="VB">take</w> <w type="PPO">it</w> <w type="IN">with</w> <w type="PPO">you</w> <c type="pct">.</c> </s>
<s n="62"><w type="AT">A</w> <w type="NN">picnic</w> <w type="NN">bag</w> <c type="pct">,</c> <w type="AT">a</w> <w type="NN">grill</w> <c type="pct">,</c> <w type="AT">a</w> <w type="NN">cooler</w> <w type="IN">for</w> <w type="JJ">soft</w> <w type="NNS">drinks</w> <w type="CC">and</w> <w type="NN">beer</w> <c type="pct">,</c> <w type="CC">and</w> <w type="IN">for</w> <w type="VBN">frozen</w> <w type="NN">convenience</w> <w type="NNS">foods</w> <c type="pct">.</c> </s>
<s n="63"><w type="VB">Eat</w> <w type="IN">in</w> <w type="AT">a</w> <w type="NN">restaurant</w> <w type="CC">or</w> <w type="NN">motel</w> <w type="NNS">mornings</w> <w type="CC">and</w> <w type="NNS">evenings</w> <c type="pct">;</c> <c type="pct">;</c> </s>
<s n="64"><w type="CC">or</w> <w type="RB">just</w> <w type="NNS">evenings</w> <c type="pct">.</c> </s>
<s n="65"><w type="VB">Turn</w> <w type="RP">off</w> <w type="IN">at</w> <w type="DTI">any</w> <w type="CD">one</w> <w type="IN">of</w> <w type="AT">the</w> <w type="VBN">marked</w> <w type="NN">picnic</w> <w type="NNS">areas</w> <c type="pct">(</c> <w type="NN">gasoline</w> <w type="NNS">companies</w> <w type="HV">have</w> <w type="VBG">touring</w> <w type="NN">service</w> <w type="NNS">bureaus</w> <w type="WPS">that</w> <w type="VB">issue</w> <w type="NNS">booklets</w> <w type="IN">on</w> <w type="JJ">national</w> <w type="NNS">parks</w> <w type="TO">to</w> <w type="VB">tell</w> <w type="PPO">you</w> <w type="WRB">where</w> <w type="PPSS">you</w> <w type="HV">have</w> <w type="NN">barbecue</w> <w type="NNS">facilities</w> <c type="pct">)</c> <w type="CC">and</w> <c type="pct">--</c> <w type="IN">with</w> <w type="JJ">soft</w> <w type="NNS">drinks</w> <w type="VBN">cooled</w> <w type="IN">from</w> <w type="NN">morning</w> <w type="NN">loading</w> <w type="RP">up</w> <c type="pct">,</c> <w type="NN">hamburger</w> <c type="pct">,</c> <w type="NNS">buns</w> <c type="pct">,</c> <w type="AT">an</w> <w type="NN">array</w> <w type="IN">of</w> <w type="NNS">relishes</w> <c type="pct">,</c> <w type="CC">and</w> <w type="JJ">fresh</w> <w type="NN">fruit</w> <c type="pct">--</c> <w type="PPg">your</w> <w type="NN">lunch</w> <w type="BEZ">is</w> <w type="NN">75%</w> <w type="JJR">cheaper</w> <w type="CS">than</w> <w type="IN">at</w> <w type="AT">a</w> <w type="NN">restaurant</w> <c type="pct">,</c> <w type="CC">and</w> <w type="NN">100%</w> <w type="AP">more</w> <w type="NN">fun</w> <c type="pct">.</c> </s>
<s n="66"><w type="PPSS">You</w> <w type="VB">need</w> <w type="AT">a</w> <w type="JJ">little</w> <w type="NN">stove</w> <c type="pct">,</c> <w type="AT">a</w> <w type="NN">coffee</w> <w type="NN">pot</w> <w type="CC">and</w> <w type="AT">a</w> <w type="NN">stew</w> <w type="NN">pot</w> <c type="pct">;</c> <c type="pct">;</c> </s>
<s n="67"><w type="RB">maybe</w> <w type="AT">a</w> <w type="NN">skillet</w> <c type="pct">,</c> <w type="AT">a</w> <w type="NN">basket</w> <w type="IN">of</w> <w type="NNS">essentials</w> <w type="CS">like</w> <w type="NN">salt</w> <c type="pct">,</c> <w type="NN">pepper</w> <c type="pct">,</c> <w type="NNS">plates</w> <c type="pct">,</c> <w type="NNS">forks</w> <c type="pct">,</c> <w type="NNS">knives</w> <w type="CC">and</w> <w type="AT">a</w> <w type="NN">can</w> <w type="NN">opener</w> <c type="pct">.</c> </s>
<s n="68"><w type="CS">As</w> <w type="PPSS">you</w> <w type="VB">pull</w> <w type="RP">out</w> <w type="IN">of</w> <w type="PPg">your</w> <w type="NN">motel</w> <w type="CC">or</w> <w type="JJ">national</w> <w type="NN">park</w> <w type="NN">home-for-the-night</w> <c type="pct">,</c> <w type="VB">visit</w> <w type="AT">a</w> <w type="NN">market</w> <w type="CC">and</w> <w type="VB">buy</w> <w type="RB">just</w> <w type="WDT">what</w> <w type="PPSS">you</w> <w type="VB">need</w> <w type="IN">for</w> <w type="AT">the</w> <w type="AP">next</w> <w type="NN">meal</w> <c type="pct">.</c> </s>
<s n="69"><w type="IN">For</w> <w type="NNS">25-cents</w> <w type="VB">load</w> <w type="RP">up</w> <w type="AT">the</w> <w type="NN">cooler</w> <w type="IN">with</w> <w type="NN">ice</w> <w type="CC">and</w> <w type="VB">keep</w> <w type="JJ">cool</w> <w type="NN">pop</w> <w type="IN">in</w> <w type="AT">the</w> <w type="NN">car</w> <c type="pct">.</c> </s>
</p>
<p><s n="70"><w type="JJ" subtype="HL">Simple</w> <w type="NN" subtype="HL">meat</w> <w type="NNS" subtype="HL">dishes</w> </s>
<s n="71"><w type="NN">spice</w> <w type="BEZ">is</w> <w type="AT">a</w> <w type="NN">fact</w> <w type="IN">of</w> <w type="NN">life</w> <w type="IN">in</w> <w type="AT">the</w> <w type="NP">U.S.A.</w> <c type="pct">.</c> </s>
<s n="72"><w type="PPSS">You</w> <w type="RB">only</w> <w type="HV">have</w> <w type="TO">to</w> <w type="VB">think</w> <w type="IN">of</w> <w type="NNS">franks</w> <w type="CC">and</w> <w type="NNS">sausages</w> <w type="TO">to</w> <w type="VB">know</w> <w type="WDT">what</w> <w type="PPSS">I</w> <w type="VB">mean</w> <c type="pct">.</c> </s>
<s n="73"><w type="VB">Go</w> <w type="AT">a</w> <w type="NN">step</w> <w type="RBR">further</w> <w type="CC">and</w> <w type="VB">list</w> <w type="ABN">all</w> <w type="AT">the</w> <w type="JJ">wonderful</w> <w type="NN">barbecue</w> <w type="NNS">basics</w> <c type="pct">--</c> <w type="NN">cervelat</w> <c type="pct">,</c> <w type="NN">salami</w> <c type="pct">,</c> <w type="NP">Vienna</w> <w type="NNS">sausages</w> <c type="pct">,</c> <w type="NN" subtype="FW">mettwurst</w> <c type="pct">,</c> <w type="NN" subtype="FW">bratwurst</w> <c type="pct">,</c> <w type="NN" subtype="FW">bockwurst</w> <c type="pct">,</c> <w type="NN">knackwurst</w> <c type="pct">,</c> <w type="NN">Bologna</w> <c type="pct">,</c> <w type="NN">pepperoni</w> <c type="pct">,</c> <w type="NN" subtype="FW">blutwurst</w> <c type="pct">--</c> <w type="CC">and</w> <w type="PPSS">you</w> <w type="HV">have</w> <w type="AT">a</w> <w type="JJ">long</w> <w type="NN">list</w> <w type="IN">of</w> <w type="JJ">easy</w> <w type="NNS">specialties</w> <c type="pct">.</c> </s>
<s n="74"><w type="VBN">Threaded</w> <w type="IN">on</w> <w type="AT">a</w> <w type="NN">skewer</w> <w type="IN">with</w> <w type="JJ">new</w> <w type="VBN">boiled</w> <w type="NNS">potatoes</w> <c type="pct">,</c> <w type="AT">a</w> <w type="NN">bit</w> <w type="IN">of</w> <w type="JJ">green</w> <w type="NN">pepper</w> <c type="pct">,</c> <w type="AT">a</w> <w type="JJ">fresh</w> <w type="JJ">white</w> <w type="NN">mushroom</w> <c type="pct">--</c> <w type="DTI">any</w> <w type="CD">one</w> <w type="IN">of</w> <w type="DTS">these</w> <w type="VBN">spiced</w> <w type="NNS">meats</w> <w type="VBZ">makes</w> <w type="AT">a</w> <w type="NN">man</w> <w type="AT">a</w> <w type="NN">cook</w> <c type="pct">,</c> <w type="CC">and</w> <w type="AT">a</w> <w type="NN">meal</w> <w type="AT">a</w> <w type="NN">feast</w> <c type="pct">.</c> </s>
</p>
<p><s n="75"><w type="RB">Sure</w> <c type="pct">,</c> <w type="IN">for</w> <w type="AT">the</w> <w type="AP">most</w> <w type="IN">of</w> <w type="PPO">us</w> <c type="pct">,</c> <w type="AT">a</w> <w type="NN">frankfurter</w> <w type="BEZ">is</w> <w type="AT">the</w> <w type="JJ">favorite</w> <c type="pct">.</c> </s>
<s n="76"><w type="AT">A</w> <w type="NN">story</w> <w type="VBZ">goes</w> <w type="CS">that</w> <w type="AT">a</w> <w type="JJ">certain</w> <w type="NP">Herr</w> <w type="NP">Feuchtwanger</w> <w type="IN">of</w> <w type="NP">St.</w> <w type="NP">Louis</w> <c type="pct">,</c> <w type="RB">around</w> <w type="CD">1883</w> <w type="VBD">served</w> <w type="PPg">his</w> <w type="NNS">sausages</w> <c type="pct">(</c> <w type="VBN">grilled</w> <c type="pct">)</c> <w type="CC">and</w> <w type="NN">mustard</w> <w type="IN">to</w> <w type="PPg">his</w> <w type="JJ">fancy</w> <w type="NNS">customers</w> <c type="pct">.</c> </s>
<s n="77"><w type="CS">So</w> <w type="CS">that</w> <w type="PPg">his</w> <w type="NNS">customers</w> <w type="MD">should</w> <w type="NEG">not</w> <w type="VB">soil</w> <w type="PPg">their</w> <w type="NNS">hands</w> <c type="pct">,</c> <w type="NP">Feuchtwanger</w> <w type="VBD">issued</w> <w type="JJ">white</w> <w type="NNS">gloves</w> <c type="pct">.</c> </s>
<s n="78"><w type="NN">Discovery</w> <w type="CS">that</w> <w type="AT">the</w> <w type="NNS">gloves</w> <w type="RB">frequently</w> <w type="VBD">left</w> <w type="IN">with</w> <w type="AT">the</w> <w type="NNS">customers</w> <w type="VBD">made</w> <w type="AT">the</w> <w type="JJ">wise</w> <w type="NN">peddler</w> <w type="IN">of</w> <w type="VBN">spiced</w> <w type="NN">sausage-meat</w> <w type="VB">come</w> <w type="IN">upon</w> <w type="AT">a</w> <w type="NN">compromise</w> <c type="pct">.</c> </s>
<s n="79"><w type="PPS">He</w> <w type="HVD">had</w> <w type="AT">a</w> <w type="NN">bakery</w> <w type="VB">make</w> <w type="NNS">buns</w> <w type="VBN">sized</w> <w type="TO">to</w> <w type="VB">fit</w> <w type="PPg">his</w> <w type="NNS">franks</w> <c type="pct">.</c> </s>
<s n="80"><w type="NNS">Years</w> <w type="RBR">later</w> <c type="pct">,</c> <w type="NNS">franks-in-buns</w> <w type="BED">were</w> <w type="VBN">accepted</w> <w type="CS">as</w> <w type="AT">the</w> <c type="pct">``</c> <w type="OD">first</w> <w type="TO">to</w> <w type="VB">go</w> <c type="pct">''</c> <w type="IN">at</w> <w type="AT">the</w> <w type="JJ" subtype="TL">New</w> <w type="NP" subtype="TL">York</w> <w type="NN" subtype="TL">Polo</w> <w type="NNS" subtype="TL">Grounds</w> <c type="pct">.</c> </s>
</p>
<p><s n="81"><w type="AT">The</w> <w type="NNg">nation's</w> <w type="NN">number</w> <w type="CD">one</w> <w type="NN">picnic</w> <w type="NN">treat</w> <w type="BEZ">is</w> <w type="AT">the</w> <w type="JJ">skinless</w> <w type="NN">frankfurter</w> <c type="pct">--</c> <w type="VBN">toasted</w> <w type="IN">over</w> <w type="AT">a</w> <w type="NN">bonfire</w> <w type="IN">on</w> <w type="AT">the</w> <w type="NN">beach</w> <w type="CC">or</w> <c type="pct">,</c> <w type="QL">more</w> <w type="RB">sedately</w> <c type="pct">,</c> <w type="NN">charcoal</w> <w type="VBN">broiled</w> <w type="IN">on</w> <w type="AT">a</w> <w type="JJ">portable</w> <w type="NN">grill</w> <c type="pct">.</c> </s>
<s n="82"><w type="DTX">Either</w> <w type="NN">way</w> <mw pos="PPS BEZ">it's </mw><w type="JJ">hard</w> <w type="TO">to</w> <w type="VB">beat</w> <w type="IN">in</w> <w type="NN">flavor</w> <w type="QL">as</w> <w type="RB">well</w> <w type="CS">as</w> <w type="NN">ease</w> <w type="IN">of</w> <w type="NN">preparation</w> <c type="pct">.</c> </s>
<s n="83"><w type="TO">To</w> <w type="VB">make</w> <w type="AT">the</w> <w type="NN">picnic</w> <w type="NN">frank</w> <w type="VB">come</w> <w type="RB">close</w> <w type="IN">to</w> <w type="NN">perfection</w> <c type="pct">,</c> <w type="VB">remember</w> <w type="DTS">these</w> <w type="NNS">tips</w> <c type="pct">:</c> </s>
</p>
<p><s n="84"><c type="pct">--</c> <w type="VB">Score</w> <w type="DT">each</w> <w type="NN">frankfurter</w> <w type="IN">in</w> <w type="CD">four</w> <w type="CC">or</w> <w type="CD">five</w> <w type="NNS">places</w> <w type="RB">about</w> <w type="AT">a</w> <w type="OD">third</w> <w type="IN">of</w> <w type="AT">the</w> <w type="NN">way</w> <w type="RP">through</w> <c type="pct">.</c> </s>
<s n="85"><w type="DT">This</w> <w type="VBZ">permits</w> <w type="AT">the</w> <w type="NNS">juices</w> <w type="TO">to</w> <w type="VB">permeate</w> <w type="AT">the</w> <w type="NN">meat</w> <w type="IN">during</w> <w type="VBG">cooking</w> <c type="pct">.</c> </s>
</p>
<p><s n="86"><c type="pct">--</c> <w type="NNS">Relishes</w> <w type="BER">are</w> <w type="QL">as</w> <w type="JJ">vital</w> <w type="IN">to</w> <w type="AT">the</w> <w type="NN">success</w> <w type="IN">of</w> <w type="AT">the</w> <w type="NN">frank</w> <w type="CS">as</w> <w type="BER">are</w> <w type="NNS">buns</w> <c type="pct">.</c> </s>
<s n="87"><w type="VB">Bring</w> <w type="RB">along</w> <w type="AT">the</w> <w type="JJ">conventional</w> <w type="NNS">ones</w> <c type="pct">--</c> <w type="NN">catsup</w> <c type="pct">,</c> <w type="NN">pickle</w> <w type="NN">relish</w> <c type="pct">,</c> <w type="NN">mustard</w> <c type="pct">,</c> <w type="NN">mayonnaise</w> <c type="pct">--</c> <w type="CC">plus</w> <w type="AT">a</w> <w type="AP">few</w> <w type="NNS">extras</w> <c type="pct">,</c> <w type="JJ">such</w> <w type="CS">as</w> <w type="JJ">tangy</w> <w type="NN">barbecue</w> <w type="NN">sauce</w> <c type="pct">,</c> <w type="NN">chive</w> <w type="NN">cream</w> <w type="NN">cheese</w> <c type="pct">,</c> <w type="CC">or</w> <w type="NN">horse-radish</w> <w type="IN">for</w> <w type="AT">the</w> <w type="JJ">brave</w> <w type="NNS">ones</w> <w type="IN">in</w> <w type="AT">the</w> <w type="NN">crowd</w> <c type="pct">.</c> </s>
</p>
<p><s n="88"><c type="pct">--</c> <w type="VBG">Using</w> <w type="AT">a</w> <w type="JJ">portable</w> <w type="NN">grill</w> <w type="VBZ">permits</w> <w type="PPO">you</w> <w type="TO">to</w> <w type="VB">toast</w> <w type="AT">the</w> <w type="NNS">buns</w> <c type="pct">,</c> <w type="RB">too</w> <c type="pct">.</c> </s>
<s n="89"><w type="VB">Watch</w> <w type="RB">closely</w> <w type="CS">while</w> <w type="VBG">browning</w> <w type="PPO">them</w> <c type="pct">,</c> <w type="CS">as</w> <w type="PPS">it</w> <mw pos="DOZ *">doesn't </mw><w type="VB">take</w> <w type="RB">long</w> <c type="pct">.</c> </s>
</p>
<p><s n="90"><c type="pct">--</c> <w type="AT">An</w> <w type="JJ">unusual</w> <w type="NN">flavor</w> <w type="MD">can</w> <w type="BE">be</w> <w type="VBN">achieved</w> <w type="IN">by</w> <w type="VBG">marinating</w> <w type="AT">the</w> <w type="NNS">franks</w> <w type="IN">in</w> <w type="JJ">French</w> <w type="NN">dressing</w> <w type="CC">or</w> <w type="AT">a</w> <w type="NN">mixture</w> <w type="IN">of</w> <w type="NN">honey</w> <c type="pct">,</c> <w type="NN">lemon</w> <w type="NN">juice</w> <w type="CC">and</w> <w type="JJ">brown</w> <w type="NN">sugar</w> <w type="RB">prior</w> <w type="IN">to</w> <w type="AT">the</w> <w type="NN">picnic</w> <c type="pct">.</c> </s>
<s n="91"><w type="VB">Broil</w> <w type="CC">or</w> <w type="VB">toast</w> <w type="CS">as</w> <w type="RB">usual</w> <c type="pct">.</c> </s>
</p>
<p><s n="92"><w type="JJ">Contrary</w> <w type="IN">to</w> <w type="JJ">popular</w> <w type="NN">opinion</w> <c type="pct">,</c> <c type="pct">``</c> <w type="IN" subtype="FW">a</w> <w type="AT" subtype="FW">la</w> <w type="NN" subtype="FW">mode</w> <c type="pct">''</c> <mw pos="DOZ *">doesn't </mw><w type="VB">mean</w> <c type="pct">``</c> <w type="IN">with</w> <w type="NN">ice</w> <w type="NN">cream</w> <c type="pct">''</c> <c type="pct">--</c> <w type="PPS">it</w> <w type="RB">just</w> <w type="VBZ">means</w> <c type="pct">,</c> <w type="IN">in</w> <w type="AT">the</w> <w type="JJT">latest</w> <w type="NN">style</w> <c type="pct">.</c> </s>
<s n="93"><w type="RB">Here</w> <w type="BER">are</w> <w type="AT">a</w> <w type="NN">couple</w> <w type="IN">of</w> <w type="AT">the</w> <w type="JJT">latest</w> <c type="pct">,</c> <w type="QL">highly</w> <w type="VBN">styled</w> <w type="NNS">ways</w> <w type="TO">to</w> <w type="VB">fix</w> <w type="JJ">skinless</w> <w type="NNS">franks</w> <w type="IN">in</w> <w type="PPg">your</w> <w type="JJ">own</w> <w type="JJ">back</w> <w type="NN">yard</w> <c type="pct">!</c> <c type="pct">!</c> </s>
<s n="94"><mw pos="PPSS MD">You'll </mw><w type="HV">have</w> <w type="AT">the</w> <w type="NNg">neighbor's</w> <w type="NNS">eyes</w> <w type="VBG">popping</w> <w type="QL">as</w> <w type="RB">well</w> <w type="CS">as</w> <w type="PPg">their</w> <w type="NNS">mouths</w> <w type="VBG">watering</w> <c type="pct">!</c> <c type="pct">!</c> </s>
<s n="95"><w type="JJ" subtype="HL">Jiffy</w> <w type="NNS" subtype="HL">barbecues</w> </s>
<s n="96"><w type="CD">1</w> <w type="NN">cup</w> <w type="NN">chili</w> <w type="VB">sauce</w> <w type="CD">1/3</w> <w type="NN">cup</w> <w type="NN">water</w> <w type="CD">1</w> <w type="NN">tablespoon</w> <w type="NN">barbecue</w> <w type="NN">sauce</w> <w type="CD">2</w> <w type="NNS">teaspoons</w> <w type="VBN">prepared</w> <w type="NN">mustard</w> <w type="CD">1/2</w> <w type="NN">pound</w> <w type="VBN">chipped</w> <c type="pct">,</c> <w type="VBN">spiced</w> <w type="NN">ham</w> <w type="CD">6</w> <w type="NN">sandwich</w> <w type="NNS">buns</w> <c type="pct">,</c> <w type="VBN">heated</w> </s>
</p>
<p><s n="97"><w type="VB">Combine</w> <w type="OD">first</w> <w type="CD">4</w> <w type="NNS">ingredients</w> <w type="IN">in</w> <w type="NN">saucepan</w> <c type="pct">;</c> <c type="pct">;</c> </s>
<s n="98"><w type="VB">heat</w> <w type="RB">thoroughly</w> <c type="pct">.</c> </s>
<s n="99"><w type="VB">Add</w> <w type="NN">ham</w> <c type="pct">;</c> <c type="pct">;</c> </s>
<s n="100"><w type="VB">heat</w> <c type="pct">.</c> </s>
<s n="101"><w type="VB">Serve</w> <w type="IN">on</w> <w type="NNS">buns</w> <c type="pct">.</c> </s>
<s n="102"><w type="VBZ">Makes</w> <w type="CD">6</w> <w type="NNS">barbecues</w> <c type="pct">.</c> </s>
<s n="103"><w type="JJ" subtype="HL">Hot</w> <w type="NN" subtype="HL">hibachi</w> <w type="NNS" subtype="HL">franks</w> </s>
<s n="104"><mw pos="PPSS MD">You'll </mw><w type="RB">never</w> <w type="VB">hear</w> <c type="pct">``</c> <w type="UH" subtype="FW">sayonara</w> <c type="pct">''</c> <c type="pct">,</c> <w type="AT">the</w> <w type="JJ">Japanese</w> <w type="NN">word</w> <w type="IN">for</w> <w type="NN">goodbye</w> <c type="pct">,</c> <w type="IN">from</w> <w type="PPg">your</w> <w type="NNS">guests</w> <w type="WRB">when</w> <w type="PPSS">you</w> <w type="VB">give</w> <w type="AT">a</w> <w type="NN">hibachi</w> <w type="NN">party</w> <c type="pct">.</c> </s>
<s n="105"><w type="AT">The</w> <w type="NN">fun</w> <w type="IN">of</w> <w type="VBG">toasting</w> <w type="PPg">their</w> <w type="JJ">own</w> <w type="NNS">sausages</w> <w type="IN">over</w> <w type="AT">the</w> <w type="JJ">small</w> <w type="JJ" subtype="TL">Oriental</w> <w type="NN">charcoal</w> <w type="NNS">burners</w> <w type="CC">and</w> <w type="VBG">dipping</w> <w type="PPO">them</w> <w type="IN">in</w> <w type="JJ">tasty</w> <w type="NNS">sauces</w> <w type="MD">will</w> <w type="VB">keep</w> <w type="PPg">your</w> <w type="NN">group</w> <w type="JJ">busy</w> <c type="pct">--</c> <w type="VB">try</w> <w type="PPO">it</w> <w type="CC">and</w> <w type="VB">see</w> <c type="pct">!</c> <c type="pct">!</c> </s>
<s n="106"><w type="VBN" subtype="HL">Canned</w> <w type="NN" subtype="HL">cocktail</w> <w type="NNS" subtype="HL">frankfurters</w> </s>
<s n="107"><w type="JJ" subtype="HL">sweet-sour</w> <w type="NN" subtype="HL">sauce</w> </s>
<s n="108"><w type="CD">1</w> <w type="JJ">large</w> <w type="NN">onion</w> <c type="pct">,</c> <w type="VBN">chopped</w> <w type="JJ">fine</w> <w type="CD">2</w> <w type="NNS">tablespoons</w> <w type="NN">salad</w> <w type="NN">oil</w> <w type="CD">1</w> <w type="NN">8-oz.</w> <w type="NN">can</w> <w type="VBN">crushed</w> <w type="NN">pineapple</w> <w type="CC">and</w> <w type="CD">1/2</w> <w type="NN">cup</w> <w type="IN">of</w> <w type="AT">the</w> <w type="NN">juice</w> <w type="CD">1/4</w> <w type="NN">cup</w> <w type="JJ">brown</w> <w type="NN">sugar</w> <w type="CD">2</w> <w type="NNS">tablespoons</w> <w type="NN">vinegar</w> <w type="CD">1</w> <w type="NN">tablespoon</w> <w type="VBN">prepared</w> <w type="NN">mustard</w> <w type="CD">1</w> <w type="NN">tablespoon</w> <w type="NP">Worcestershire</w> <w type="NN">sauce</w> <w type="NN" subtype="HL">pineapple</w> <w type="NNS" subtype="HL">chunks</w> </s>
<s n="109"><c type="pct">.</c> </s>
<s n="110"><w type="NN" subtype="HL">Mustard</w> <w type="NN" subtype="HL">cream</w> </s>
<s n="111"><w type="CD">2</w> <w type="NNS">tablespoons</w> <w type="JJ">dry</w> <w type="NN">mustard</w> <w type="NN">Water</w> <w type="CD">1/2</w> <w type="NN">cup</w> <w type="JJ">heavy</w> <w type="NN">cream</w> <c type="pct">,</c> <w type="VBN">whipped</w> <w type="NN">Salt</w> <w type="NN">Paprika</w> </s>
</p>
<p><s n="112"><w type="VB">Spear</w> <w type="VBN">canned</w> <w type="NN">cocktail</w> <w type="NNS">franks</w> <w type="IN">with</w> <w type="NNS">picks</w> <c type="pct">.</c> </s>
<s n="113"><w type="RB">Also</w> <w type="VB">spear</w> <w type="NN">pineapple</w> <w type="NNS">chunks</w> <w type="CC">and</w> <w type="VB">place</w> <w type="IN">in</w> <w type="JJ">separate</w> <w type="NN">bowl</w> <c type="pct">.</c> </s>
</p>
<p><s n="114"><w type="VB">Make</w> <w type="NNS">sauces</w> <w type="RB">ahead</w> <c type="pct">.</c> </s>
<s n="115"><w type="JJ">Sweet-sour</w> <w type="NN">sauce</w> <w type="MD">can</w> <w type="BE">be</w> <w type="VBN">kept</w> <w type="JJ">warm</w> <w type="IN">over</w> <w type="AT">a</w> <w type="OD">second</w> <w type="NN">hibachi</w> <w type="CC">or</w> <w type="VBG">chafing</w> <w type="NN">dish</w> <w type="CS">while</w> <w type="NN">charcoal</w> <w type="IN">in</w> <w type="NN">broiler</w> <w type="BEZ">is</w> <w type="VBG">reaching</w> <w type="VBG">glowing</w> <w type="NN">coal</w> <w type="NN">stage</w> <c type="pct">.</c> </s>
<s n="116"><w type="NN">Mustard</w> <w type="NN">cream</w> <c type="pct">,</c> <w type="VBN">used</w> <w type="CS">as</w> <w type="JJ">alternate</w> <w type="NN">dip</w> <w type="IN">for</w> <w type="NNS">franks</w> <w type="CC">and</w> <w type="NN">pineapple</w> <w type="NNS">tidbits</w> <c type="pct">,</c> <w type="VBZ">tastes</w> <w type="JJT">best</w> <w type="WRB">when</w> <w type="VBN">served</w> <w type="IN">at</w> <w type="NN">room</w> <w type="NN">temperature</w> <c type="pct">.</c> </s>
</p>
<p><s n="117"><w type="IN">For</w> <w type="JJ">sweet-sour</w> <w type="NN">sauce</w> <c type="pct">,</c> <w type="VB">cook</w> <w type="NN">onion</w> <w type="IN">in</w> <w type="NN">oil</w> <w type="CS">until</w> <w type="JJ">soft</w> <c type="pct">.</c> </s>
<s n="118"><w type="VB">Add</w> <w type="VBG">remaining</w> <w type="NNS">ingredients</w> <w type="CC">and</w> <w type="VB">bring</w> <w type="IN">to</w> <w type="AT">a</w> <w type="NN">boil</w> <c type="pct">.</c> </s>
<s n="119"><w type="VB">Simmer</w> <w type="RB">about</w> <w type="CD">10</w> <w type="NNS">minutes</w> <c type="pct">,</c> <w type="CC">and</w> <w type="VB">keep</w> <w type="JJ">warm</w> <w type="IN">for</w> <w type="VBG">serving</w> <c type="pct">.</c> </s>
</p>
<p><s n="120"><w type="TO">To</w> <w type="VB">prepare</w> <w type="NN">mustard</w> <w type="NN">cream</w> <c type="pct">,</c> <w type="VB">blend</w> <w type="NN">mustard</w> <w type="IN">with</w> <w type="AP">enough</w> <w type="NN">water</w> <w type="TO">to</w> <w type="VB">make</w> <w type="AT">a</w> <w type="JJ">thin</w> <w type="NN">paste</w> <c type="pct">.</c> </s>
<s n="121"><w type="VB">Fold</w> <w type="IN">into</w> <w type="VBN">whipped</w> <w type="NN">cream</w> <w type="CC">and</w> <w type="VB">add</w> <w type="AT">a</w> <w type="NN">dash</w> <w type="IN">of</w> <w type="NN">salt</w> <w type="CC">and</w> <w type="NN">sprinkling</w> <w type="IN">of</w> <w type="NN">paprika</w> <c type="pct">.</c> </s>
<s n="122"><w type="NNS" subtype="HL">Trim-your-own-franks</w> </s>
<s n="123"><w type="AT">A</w> <w type="NN">back-yard</w> <w type="NN">picnic</w> <w type="IN">with</w> <w type="VBN">grilled</w> <w type="NNS">frankfurters</w> <w type="CC">and</w> <w type="AT">a</w> <w type="NN">selection</w> <w type="IN">of</w> <w type="NN">frankfurter</w> <w type="NNS">trimmings</w> <w type="BEZ">is</w> <w type="AT">a</w> <w type="JJ">fine</w> <w type="NN">way</w> <w type="TO">to</w> <w type="VB">entertain</w> <w type="NNS">guests</w> <w type="DT">this</w> <w type="NN">summer</w> <c type="pct">.</c> </s>
<s n="124"><w type="BE">Be</w> <w type="JJ">sure</w> <w type="TO">to</w> <w type="HV">have</w> <w type="NN">plenty</w> <w type="IN">of</w> <w type="NNS">frankfurters</w> <w type="CC">and</w> <w type="NNS">buns</w> <w type="IN">on</w> <w type="NN">hand</w> <c type="pct">.</c> </s>
<s n="125"><w type="DTI">Some</w> <w type="JJ">tasty</w> <w type="NN">frank</w> <w type="NNS">toppings</w> <w type="BER">are</w> <w type="NN" subtype="FW">chili</w> <w type="IN" subtype="FW">con</w> <w type="NN" subtype="FW">carne</w> <c type="pct">,</c> <w type="NP" subtype="TL">Coney</w> <w type="NN" subtype="TL">Island</w> <w type="NN">sauce</w> <w type="CC">and</w> <w type="JJ">savory</w> <w type="NN">sauerkraut</w> <c type="pct">.</c> </s>
<s n="126"><w type="VB">Serve</w> <w type="AT">the</w> <w type="NN">chili</w> <w type="CC">and</w> <w type="NN">kraut</w> <w type="JJ">hot</w> <w type="IN">with</w> <w type="AT">the</w> <w type="NNS">franks</w> <c type="pct">.</c> </s>
</p>
<p><s n="127"><w type="RB">Here</w> <w type="BER">are</w> <w type="NNS">suggestions</w> <w type="IN">for</w> <w type="AT">the</w> <w type="NN">frankfurter</w> <w type="NNS">trimmings</w> <c type="pct">:</c> <w type="CD">1</w> <c type="pct">.</c> </s>
</p>
<p><s n="128"><w type="NN" subtype="FW">Chili</w> <w type="IN" subtype="FW">con</w> <w type="NN" subtype="FW">carne</w> <c type="pct">:</c> <w type="VB">use</w> <w type="VBN">canned</w> <w type="NN" subtype="FW">chili</w> <w type="IN" subtype="FW">con</w> <w type="NN" subtype="FW">carne</w> <c type="pct">.</c> </s>
<s n="129"><w type="CD">2</w> <c type="pct">.</c> </s>
</p>
<p><s n="130"><w type="NP" subtype="TL">Coney</w> <w type="NN" subtype="TL">Island</w> <w type="NN">sauce</w> <c type="pct">:</c> <w type="RB">finely</w> <w type="VB">chop</w> <w type="AP">several</w> <w type="NNS">onions</w> <w type="CC">and</w> <w type="VB">add</w> <w type="AP">enough</w> <w type="NN">catsup</w> <w type="TO">to</w> <w type="VB">moisten</w> <w type="RB">well</w> <c type="pct">;</c> <c type="pct">;</c> </s>
<s n="131"><w type="VB">add</w> <w type="VBN">prepared</w> <w type="NN">mustard</w> <w type="TO">to</w> <w type="VB">suit</w> <w type="NN">taste</w> <c type="pct">.</c> </s>
<s n="132"><w type="CD">3</w> <c type="pct">.</c> </s>
</p>
<p><s n="133"><w type="JJ">Savory</w> <w type="NN">sauerkraut</w> <c type="pct">:</c> <w type="VB">add</w> <w type="AP">several</w> <w type="NNS">tablespoons</w> <w type="IN">of</w> <w type="JJ">brown</w> <w type="NN">sugar</w> <w type="IN">to</w> <w type="AT">a</w> <w type="NN">can</w> <w type="IN">of</w> <w type="NN">sauerkraut</w> <c type="pct">.</c> </s>
<s n="134"><w type="VB">Add</w> <w type="AT">a</w> <w type="AP">few</w> <w type="NN">caraway</w> <w type="NNS">seeds</w> <c type="pct">,</c> <w type="RB">too</w> <c type="pct">,</c> <w type="CS">if</w> <mw pos="PPSS MD">you'd </mw><w type="VB">like</w> <c type="pct">.</c> </s>
<s n="135"><w type="VBN" subtype="HL">Barbecued</w> <w type="NNS" subtype="HL">frankfurters</w> </s>
<s n="136"><w type="CD">1/2</w> <w type="NN">cup</w> <w type="VBN">minced</w> <w type="NN">celery</w> <w type="CD">1/4</w> <w type="NN">cup</w> <w type="VBN">minced</w> <w type="NN">onion</w> <w type="CD">1/2</w> <w type="NN">cup</w> <w type="NN">tomato</w> <w type="NN">ketchup</w> <w type="CD">1/2</w> <w type="NN">cup</w> <w type="NN">water</w> <w type="CD">1/4</w> <w type="NN">cup</w> <w type="NN">vinegar</w> <w type="CD">2</w> <w type="NNS">tablespoons</w> <w type="JJ">brown</w> <w type="NN">sugar</w> <w type="CD">1</w> <w type="NN">tablespoon</w> <w type="NP">Worcestershire</w> <w type="NN">sauce</w> <w type="CD">1</w> <w type="NN">tablespoon</w> <w type="VBN">prepared</w> <w type="NN">mustard</w> <w type="CD">1/2</w> <w type="NN">teaspoon</w> <w type="NN">salt</w> <w type="CD">8</w> <w type="NNS">frankfurters</w> </s>
</p>
<p><s n="137"><w type="VB">Combine</w> <w type="OD">first</w> <w type="CD">9</w> <w type="NNS">ingredients</w> <w type="IN">in</w> <w type="NN">skillet</w> <c type="pct">.</c> </s>
<s n="138"><w type="VB">Simmer</w> <w type="CD">15</w> <w type="NNS">minutes</w> <c type="pct">.</c> </s>
<s n="139"><w type="VB">Prick</w> <w type="NNS">frankfurters</w> <w type="IN">with</w> <w type="NN">fork</w> <c type="pct">;</c> <c type="pct">;</c> </s>
<s n="140"><w type="VB">place</w> <w type="IN">in</w> <w type="NN">sauce</w> <c type="pct">.</c> </s>
<s n="141"><w type="VB">Cover</w> <c type="pct">;</c> <c type="pct">;</c> </s>
<s n="142"><w type="VB">simmer</w> <w type="CD">15</w> <w type="NNS">minutes</w> <c type="pct">,</c> <w type="VBG">stirring</w> <w type="RB">occasionally</w> <c type="pct">,</c> <w type="CS">until</w> <w type="NN">sauce</w> <w type="BEZ">is</w> <w type="IN">of</w> <w type="VBN">desired</w> <w type="NN">consistency</w> <c type="pct">.</c> </s>
<s n="143"><w type="VB">Serve</w> <w type="IN">in</w> <w type="NN">frankfurter</w> <w type="NNS">buns</w> <w type="CC">or</w> <w type="CS">as</w> <w type="AT">a</w> <w type="NN">meat</w> <w type="NN">dish</w> <c type="pct">.</c> </s>
<s n="144"><w type="VBZ">Makes</w> <w type="CD">8</w> <w type="NNS">sandwiches</w> <w type="CC">or</w> <w type="CD">4</w> <w type="NNS">servings</w> <c type="pct">.</c> </s>
<s n="145"><w type="JJ" subtype="HL">Pretend</w> <w type="NN" subtype="HL">ham</w> </s>
<s n="146"><w type="VB">Make</w> <w type="JJ">criss-cross</w> <w type="NNS">gashes</w> <w type="IN">on</w> <w type="CD">one</w> <w type="NN">side</w> <w type="IN">of</w> <w type="JJ">skinless</w> <w type="NNS">frankfurters</w> <c type="pct">.</c> </s>
<s n="147"><w type="VB">Stick</w> <w type="CD">4</w> <w type="CC">or</w> <w type="CD">5</w> <w type="NNS">cloves</w> <w type="IN">in</w> <w type="DT">each</w> <w type="NN">frank</w> <c type="pct">,</c> <w type="NN">ham</w> <w type="NN">fashion</w> <c type="pct">.</c> </s>
<s n="148"><w type="VB">Make</w> <w type="AT">a</w> <w type="NN">paste</w> <w type="IN">of</w> <w type="JJ">brown</w> <w type="NN">sugar</w> <w type="CC">and</w> <w type="NN">mustard</w> <w type="CC">and</w> <w type="VB">spread</w> <w type="RB">lightly</w> <w type="IN">over</w> <w type="VBN">scored</w> <w type="NN">surface</w> <c type="pct">.</c> </s>
<s n="149"><w type="CS">If</w> <w type="VBN">desired</w> <c type="pct">,</c> <w type="VB">sprinkle</w> <w type="IN">with</w> <w type="CD">1</w> <w type="NN">teaspoon</w> <w type="VBN">drained</w> <w type="VBN">crushed</w> <w type="NN">pineapple</w> <c type="pct">.</c> </s>
<s n="150"><w type="VB">Place</w> <w type="IN">on</w> <w type="NN">rectangle</w> <w type="IN">of</w> <w type="NN">foil</w> <w type="CC">and</w> <w type="VB">pinch</w> <w type="NNS">edges</w> <w type="RB">together</w> <w type="RB">tightly</w> <c type="pct">.</c> </s>
<s n="151"><w type="VB">Roast</w> <w type="IN">on</w> <w type="NN">grill</w> <w type="IN">over</w> <w type="NNS">coals</w> <w type="CD">15-20</w> <w type="NNS">minutes</w> <c type="pct">.</c> </s>
<s n="152"><w type="NN" subtype="HL">Frankfurter</w> <w type="NNS" subtype="HL">twists</w> </s>
<s n="153"><w type="VB">Blend</w> <w type="CD">2</w> <w type="NNS">cups</w> <w type="NN">biscuit</w> <w type="NN">mix</w> <w type="IN">with</w> <w type="CD">2/3</w> <w type="NN">cup</w> <w type="NN">milk</w> <w type="TO">to</w> <w type="VB">make</w> <w type="AT">a</w> <w type="JJ">soft</w> <w type="NN">dough</w> <c type="pct">.</c> </s>
<s n="154"><w type="VB">Knead</w> <w type="IN">on</w> <w type="RB">lightly</w> <w type="VBN">floured</w> <w type="NN">board</w> <w type="CC">and</w> <w type="VB">roll</w> <w type="RP">out</w> <w type="TO">to</w> <w type="VB">form</w> <w type="AT">a</w> <w type="NN">Af-inch</w> <w type="NN">rectangle</w> <c type="pct">.</c> </s>
<s n="155"><w type="VB">Spread</w> <w type="NN">dough</w> <w type="IN">with</w> <w type="AT">a</w> <w type="NN">mixture</w> <w type="IN">of</w> <w type="CD">3</w> <w type="NNS">tablespoons</w> <w type="NN">chili</w> <w type="NN">sauce</w> <c type="pct">,</c> <w type="CD">1</w> <w type="NN">teaspoon</w> <w type="NN">horse-radish</w> <w type="CC">and</w> <w type="CD">2</w> <w type="NNS">teaspoons</w> <w type="NN">mustard</w> <c type="pct">.</c> </s>
<s n="156"><w type="VB">Cut</w> <w type="NN">dough</w> <w type="RB">carefully</w> <w type="IN">into</w> <w type="CD">12</w> <w type="NNS">strips</w> <c type="pct">,</c> <w type="RB">about</w> <w type="CD">3/4</w> <w type="NN">inch</w> <w type="IN">by</w> <w type="AT">a</w> <w type="NN">foot</w> <w type="JJ">long</w> <c type="pct">.</c> </s>
<s n="157"><w type="VB">Twist</w> <w type="CD">one</w> <w type="NN">strip</w> <w type="RB">diagonally</w> <w type="IN">around</w> <w type="DT">each</w> <w type="JJ">skinless</w> <w type="NN">frankfurter</w> <c type="pct">,</c> <w type="VBG">pinching</w> <w type="NN">dough</w> <w type="IN">at</w> <w type="NNS">ends</w> <w type="TO">to</w> <w type="VB">seal</w> <w type="PPO">it</w> <c type="pct">.</c> </s>
<s n="158"><w type="VB">Brush</w> <w type="NN">frankfurter</w> <w type="NNS">twists</w> <w type="IN">with</w> <w type="RB">about</w> <w type="CD">1/2</w> <w type="NN">cup</w> <w type="VBN">melted</w> <w type="NN">butter</w> <w type="CC">and</w> <w type="VB">toast</w> <w type="RB">slowly</w> <w type="IN">over</w> <w type="VBG">glowing</w> <w type="NNS">coals</w> <w type="CS">until</w> <w type="NN">dough</w> <w type="BEZ">is</w> <w type="JJ">golden</w> <w type="NN">brown</w> <c type="pct">.</c> </s>
<s n="159"><w type="VBZ">Serves</w> <w type="CD">12</w> <c type="pct">.</c> </s>
<s n="160"><w type="NN" subtype="HL">Hamburger</w> <w type="NNS" subtype="HL">patties</w> <w type="IN" subtype="HL">with</w> <w type="NNS" subtype="HL">nuts</w> </s>
<s n="161"><w type="CD">1</w> <w type="NN">pound</w> <w type="VBN">ground</w> <w type="NN">beef</w> <w type="CD">2</w> <w type="NNS">teaspoons</w> <w type="VBN">grated</w> <w type="NN">onion</w> <w type="NN">Dash</w> <w type="IN">of</w> <w type="NN">pepper</w> <w type="CD">1/2</w> <w type="NN">teaspoon</w> <w type="NN">salt</w> <w type="CD">1/2</w> <w type="NN">cup</w> <w type="VBN">chopped</w> <w type="NNS">walnuts</w> <w type="CD">1/4</w> <w type="NN">cup</w> <w type="NN">ice</w> <w type="JJ">cold</w> <w type="NN">bourbon</w> </s>
</p>
<p><s n="162"><w type="VB">Combine</w> <w type="NNS">ingredients</w> <c type="pct">;</c> <c type="pct">;</c> </s>
<s n="163"><w type="VB">form</w> <w type="IN">into</w> <w type="NNS">patties</w> <w type="CC">and</w> <w type="VB">barbecue</w> <w type="CD">5</w> <w type="NNS">minutes</w> <w type="IN">on</w> <w type="DT">each</w> <w type="NN">side</w> <c type="pct">.</c> </s>
</p>
<p></p></body></text></TEI>
