<TEI xmlns="http://www.tei-c.org/ns/1.0"><teiHeader><fileDesc><titleStmt><title>Sample E15 from  McCall's Needlework and Crafts, Spring-Summer, 1961
 Used by permission 
</title><title type="sub"> Pp. 70-71, 77 "Pottery from Old Molds" 
 P. 16"Knitting Knacks"
</title></titleStmt><editionStmt><edition>A part  of the XML version of the Brown Corpus</edition></editionStmt><extent>2,002 words 7 (0.3%) quotes 24 symbols 2 formulas</extent><publicationStmt><idno>E15</idno><availability><p/></availability></publicationStmt><sourceDesc><bibl> McCall's Needlework and Crafts, Spring-Summer, 1961
 Used by permission 
</bibl></sourceDesc></fileDesc><encodingDesc><p/></encodingDesc><revisionDesc><change when="2008-04-27">Header auto-generated for TEI version</change></revisionDesc></teiHeader>
<text xml:id="E15" decls="E">
<body><p><s n="1"><w type="VB" subtype="HL">Note</w> <c type="pct">:</c> </s>
<s n="2"><w type="NNS">Directions</w> <w type="BER">are</w> <w type="VBN">written</w> <w type="IN">for</w> <w type="DTS">those</w> <w type="WPS">who</w> <w type="HV">have</w> <w type="HVN">had</w> <w type="JJ">previous</w> <w type="NN">experience</w> <w type="IN">in</w> <w type="VBG">making</w> <w type="NN">pottery</w> <c type="pct">.</c> </s>
<s n="3"><w type="NNS">Instructions</w> <w type="IN">for</w> <w type="VBG">preparing</w> <w type="NN">clay</w> <c type="pct">,</c> <w type="VBG">drying</w> <c type="pct">,</c> <w type="VBG">glazing</w> <w type="CC">and</w> <w type="VBG">firing</w> <w type="BER">are</w> <w type="NEG">not</w> <w type="VBN">given</w> <c type="pct">.</c> </s>
</p>
<p><s n="4"><w type="NN" subtype="HL">Equipment</w> <c type="pct">:</c> </s>
<s n="5"><w type="JJ">Basic</w> <w type="NN">pottery</w> <w type="NN">studio</w> <w type="NN">equipment</w> <c type="pct">.</c> </s>
<s n="6"><w type="JJ">Wooden</w> <w type="NN">butter</w> <w type="NNS">molds</w> <w type="CC">and</w> <w type="NN">cookie</w> <w type="NNS">presses</w> <c type="pct">.</c> </s>
</p>
<p><s n="7"><w type="NNS" subtype="HL">Materials</w> <c type="pct">:</c> </s>
<s n="8"><w type="JJ">Ceramic</w> <w type="VBG">modeling</w> <w type="NN">clay</w> <c type="pct">:</c> <w type="JJ">red</w> <c type="pct">,</c> <w type="JJ">white</w> <w type="CC">or</w> <w type="JJ">buff</w> <c type="pct">.</c> </s>
<s n="9"><w type="NN">Stoneware</w> <w type="NN">clay</w> <w type="IN">for</w> <w type="NNS">tiles</w> <c type="pct">.</c> </s>
<s n="10"><w type="NNS">Glazes</w> <c type="pct">,</c> <w type="NN">one-stroke</w> <w type="JJ">ceramic</w> <w type="NNS">colors</w> <c type="pct">,</c> <w type="NNS">stains</w> <c type="pct">,</c> <w type="NNS">cones</w> <w type="CS">as</w> <w type="VBN">indicated</w> <w type="IN">in</w> <w type="AT">the</w> <w type="JJ">individual</w> <w type="NNS">instructions</w> <c type="pct">.</c> </s>
</p>
<p><s n="11"><w type="JJ" subtype="HL">General</w> <w type="NNS" subtype="HL">directions</w> <c type="pct">:</c> </s>
<s n="12"><w type="VB">Use</w> <w type="JJ">well-wedged</w> <w type="NN">clay</w> <c type="pct">,</c> <w type="JJ">free</w> <w type="IN">of</w> <w type="NN">air</w> <w type="NNS">bubbles</w> <w type="CC">and</w> <w type="JJ">pliable</w> <w type="QLP">enough</w> <w type="TO">to</w> <w type="VB">bend</w> <w type="IN">without</w> <w type="VBG">cracking</w> <c type="pct">.</c> </s>
<s n="13"><w type="JJ">Clean</w> <w type="JJ">wooden</w> <w type="NNS">molds</w> <w type="CC">and</w> <w type="VBZ">presses</w> <w type="RB">thoroughly</w> <c type="pct">;</c> <c type="pct">;</c> </s>
<s n="14"><w type="PPSS">they</w> <w type="MD">must</w> <w type="BE">be</w> <w type="JJ">free</w> <w type="IN">of</w> <w type="NN">oil</w> <c type="pct">,</c> <w type="NN">wax</w> <w type="CC">and</w> <w type="NN">dust</w> <c type="pct">.</c> </s>
<s n="15"><w type="VBG" subtype="HL">Pressing</w> <w type="NNS" subtype="HL">designs</w> <c type="pct">:</c> </s>
<s n="16"><w type="AT">The</w> <w type="NN">size</w> <w type="IN">of</w> <w type="JJ">wooden</w> <w type="NN">mold</w> <w type="MD">will</w> <w type="VB">determine</w> <w type="AT">the</w> <w type="NN">amount</w> <w type="IN">of</w> <w type="NN">clay</w> <w type="VBN">needed</w> <c type="pct">.</c> </s>
<s n="17"><w type="VB">Roll</w> <w type="NN">clay</w> <w type="IN">to</w> <w type="NN">thickness</w> <w type="VBN">indicated</w> <w type="IN">in</w> <w type="JJ">individual</w> <w type="NNS">instructions</w> <c type="pct">.</c> </s>
<s n="18"><w type="WRB">Whenever</w> <w type="JJ">possible</w> <c type="pct">,</c> <w type="VB">use</w> <w type="AT">the</w> <w type="JJ">wooden</w> <w type="NN">mold</w> <w type="CS">as</w> <w type="AT">a</w> <w type="NN">pattern</w> <w type="IN">for</w> <w type="VBG">cutting</w> <w type="NN">clay</w> <c type="pct">.</c> </s>
<s n="19"><w type="WRB">When</w> <w type="NN">mold</w> <w type="HVZ">has</w> <w type="AP">more</w> <w type="IN">than</w> <w type="CD">one</w> <w type="NN">design</w> <w type="NN">cavity</w> <c type="pct">,</c> <w type="VB">make</w> <w type="JJ">individual</w> <w type="NN">paper</w> <w type="NNS">patterns</w> <c type="pct">.</c> </s>
<s n="20"><w type="VB">Place</w> <w type="NN">mold</w> <w type="CC">or</w> <w type="NN">paper</w> <w type="NN">pattern</w> <w type="IN">on</w> <w type="VBN">rolled</w> <w type="NN">clay</w> <w type="CC">and</w> <w type="VB">cut</w> <w type="NN">clay</w> <w type="IN">by</w> <w type="VBG">holding</w> <w type="NN">knife</w> <w type="IN">in</w> <w type="JJ">vertical</w> <w type="NN">position</w> <c type="pct">(</c> <w type="VB">cut</w> <w type="AP">more</w> <w type="NNS">pieces</w> <w type="CS">than</w> <w type="VBN">required</w> <w type="IN">for</w> <w type="NN">project</w> <w type="TO">to</w> <w type="VB">make</w> <w type="NN">allowance</w> <w type="IN">for</w> <w type="NNS">defects</w> <c type="pct">;</c> <c type="pct">;</c> </s>
<s n="21"><w type="VB">experiment</w> <w type="IN">with</w> <w type="NNS">defects</w> <w type="IN">for</w> <w type="NN">decoration</w> <w type="NNS">techniques</w> <w type="IN">of</w> <w type="NNS">glazes</w> <w type="CC">and</w> <w type="NNS">colors</w> <c type="pct">)</c> <c type="pct">.</c> </s>
<s n="22"><w type="VB">Place</w> <w type="AT">the</w> <w type="VBN">cut</w> <w type="NN">clay</w> <w type="NN">piece</w> <w type="RB">loosely</w> <w type="IN">over</w> <w type="AT">the</w> <w type="VBN">carved</w> <w type="NN">cavity</w> <w type="NN">design</w> <w type="NN">side</w> <w type="IN">of</w> <w type="JJ">wooden</w> <w type="NN">mold</w> <c type="pct">.</c> </s>
<s n="23"><w type="TO">To</w> <w type="VB">obtain</w> <w type="JJ">clear</w> <w type="NN">impression</w> <w type="IN">of</w> <w type="NN">mold</w> <c type="pct">,</c> <w type="VB">press</w> <w type="NN">clay</w> <w type="RB">gently</w> <w type="CC">but</w> <w type="RB">firmly</w> <w type="IN">into</w> <w type="NN">mold</w> <w type="NN">cavity</w> <c type="pct">,</c> <w type="VBG">starting</w> <w type="IN">at</w> <w type="NN">center</w> <w type="CC">and</w> <w type="VBG">working</w> <w type="IN">to</w> <w type="JJ">outer</w> <w type="NNS">edges</w> <c type="pct">.</c> </s>
<s n="24"><w type="VB">Trim</w> <w type="JJ">excess</w> <w type="NN">clay</w> <w type="RB">away</w> <w type="IN">from</w> <w type="JJ">outer</w> <w type="NNS">edges</w> <c type="pct">.</c> </s>
<s n="25"><w type="VB">Check</w> <w type="NN">thickness</w> <w type="IN">of</w> <w type="NN">clay</w> <w type="CC">and</w> <w type="VB">build</w> <w type="RP">up</w> <w type="JJ">thin</w> <w type="NNS">areas</w> <w type="IN">by</w> <w type="VBG">moistening</w> <w type="NN">surface</w> <w type="IN">with</w> <w type="AT">a</w> <w type="AP">little</w> <w type="NN">water</w> <w type="CC">and</w> <w type="VBG">adding</w> <w type="JJ">small</w> <w type="NNS">pieces</w> <w type="IN">of</w> <w type="NN">clay</w> <c type="pct">.</c> </s>
<s n="26"><w type="BE">Be</w> <w type="JJ">sure</w> <w type="TO">to</w> <w type="VB">press</w> <w type="AT">the</w> <w type="JJ">additional</w> <w type="NN">clay</w> <w type="RB">firmly</w> <w type="IN">into</w> <w type="NN">place</w> <w type="IN">without</w> <w type="VBG">locking</w> <w type="RP">in</w> <w type="NN">air</w> <w type="NNS">bubbles</w> <c type="pct">.</c> </s>
<s n="27"><w type="VB">Allow</w> <w type="NN">project</w> <w type="TO">to</w> <w type="VB">stand</w> <w type="IN">for</w> <w type="RB">about</w> <w type="CD">five</w> <w type="NNS">minutes</w> <c type="pct">(</c> <w type="CS">if</w> <w type="JJ">wooden</w> <w type="NN">press</w> <w type="NN">mold</w> <w type="BEZ">is</w> <w type="AT">a</w> <w type="JJ">good</w> <w type="NN">antique</w> <c type="pct">,</c> <w type="DO">do</w> <w type="NEG">not</w> <w type="VB">leave</w> <w type="NN">clay</w> <w type="IN">in</w> <w type="QL">too</w> <w type="RB">long</w> <w type="CS">as</w> <w type="AT">the</w> <w type="NN">dampness</w> <w type="MD">may</w> <w type="VB">cause</w> <w type="NN">mold</w> <w type="TO">to</w> <w type="VB">crack</w> <c type="pct">)</c> <c type="pct">.</c> </s>
</p>
<p><s n="28"><w type="TO">To</w> <w type="VB">release</w> <w type="NN">clay</w> <w type="IN">from</w> <w type="NN">mold</w> <c type="pct">,</c> <w type="VB">place</w> <w type="NNS">hands</w> <w type="IN">in</w> <w type="AT">a</w> <w type="VBN">cupped</w> <w type="NN">position</w> <w type="IN">around</w> <w type="NN">project</w> <c type="pct">;</c> <c type="pct">;</c> </s>
<s n="29"><w type="RB">gently</w> <w type="VB">lift</w> <w type="AT">the</w> <w type="NN">edge</w> <w type="IN">on</w> <w type="JJ">far</w> <w type="NN">side</w> <c type="pct">,</c> <w type="RB">then</w> <w type="VB">continue</w> <w type="TO">to</w> <w type="VB">release</w> <w type="NN">edge</w> <w type="RB">completely</w> <w type="IN">around</w> <w type="NN">mold</w> <c type="pct">.</c> </s>
<s n="30"><w type="JJ">Slight</w> <w type="NN">tapping</w> <w type="IN">on</w> <w type="AT">the</w> <w type="NN">underside</w> <w type="IN">of</w> <w type="NN">mold</w> <w type="MD">will</w> <w type="VB">help</w> <w type="VB">release</w> <w type="AT">the</w> <w type="NN">clay</w> <c type="pct">,</c> <w type="CC">but</w> <w type="QL">too</w> <w type="AP">much</w> <w type="NN">agitation</w> <w type="MD">will</w> <w type="VB">cause</w> <w type="AT">the</w> <w type="NN">clay</w> <w type="TO">to</w> <w type="VB">become</w> <w type="JJ">soft</w> <w type="CC">and</w> <w type="MD">will</w> <w type="VB">interfere</w> <w type="IN">with</w> <w type="NN">removal</w> <w type="IN">of</w> <w type="NN">clay</w> <w type="IN">from</w> <w type="NN">mold</w> <c type="pct">.</c> </s>
<s n="31"><w type="VB">Place</w> <w type="AT">a</w> <w type="NN">piece</w> <w type="IN">of</w> <w type="NN">plaster</w> <w type="NN">wall</w> <w type="NN">board</w> <w type="CC">or</w> <w type="NN">plaster</w> <w type="NN">bat</w> <w type="IN">on</w> <w type="NN">clay</w> <w type="CC">and</w> <w type="VB">reverse</w> <w type="NN">bat</w> <c type="pct">,</c> <w type="NN">clay</w> <w type="CC">and</w> <w type="NN">mold</w> <w type="IN">in</w> <w type="CD">one</w> <w type="NN">action</w> <c type="pct">.</c> </s>
<s n="32"><w type="DT">This</w> <w type="MD">will</w> <w type="VB">prevent</w> <w type="AT">the</w> <w type="NN">clay</w> <w type="IN">from</w> <w type="VBG">twisting</w> <w type="CC">or</w> <w type="VBG">bending</w> <c type="pct">,</c> <w type="VBG">causing</w> <w type="VBG">warping</w> <w type="WRB">when</w> <w type="VBN">fired</w> <c type="pct">.</c> </s>
<s n="33"><w type="VB">Place</w> <w type="NN">project</w> <w type="IN">on</w> <w type="NN">table</w> <w type="CC">and</w> <w type="RB">carefully</w> <w type="VB">lift</w> <w type="AT">the</w> <w type="NN">mold</w> <w type="RP">off</w> <c type="pct">.</c> </s>
<s n="34"><w type="VB">Study</w> <w type="NN">surface</w> <w type="IN">of</w> <w type="NN">clay</w> <w type="IN">for</w> <w type="NNS">defects</w> <w type="CC">or</w> <w type="VBN">desired</w> <w type="NNS">corrections</w> <c type="pct">.</c> </s>
<s n="35"><w type="CS">If</w> <w type="NN">clay</w> <w type="BEZ">is</w> <w type="QL">slightly</w> <w type="IN">out</w> <w type="IN">of</w> <w type="NN">shape</w> <c type="pct">,</c> <w type="VB">square</w> <w type="JJ">straight</w> <w type="NNS">sides</w> <w type="IN">with</w> <w type="NN">guide</w> <w type="NNS">sticks</w> <w type="CC">or</w> <w type="NNS">rulers</w> <w type="VBN">pressed</w> <w type="IN">against</w> <w type="JJ">opposite</w> <w type="NNS">sides</w> <c type="pct">,</c> <w type="CC">or</w> <w type="VB">smooth</w> <w type="JJ">round</w> <w type="NNS">pieces</w> <w type="IN">with</w> <w type="JJ">damp</w> <w type="NNS">fingers</w> <c type="pct">.</c> </s>
<s n="36"><w type="CS">If</w> <w type="AT">the</w> <w type="NN">background</w> <w type="IN">of</w> <w type="NN">design</w> <w type="BEZ">is</w> <w type="QL">too</w> <w type="JJ">smooth</w> <c type="pct">,</c> <w type="CC">or</w> <w type="PPSS">you</w> <w type="VB">wish</w> <w type="TO">to</w> <w type="VB">create</w> <w type="AT">a</w> <w type="JJ">wood-grained</w> <w type="NN">effect</w> <c type="pct">,</c> <w type="PPS">it</w> <w type="MD">may</w> <w type="BE">be</w> <w type="VBN">added</w> <w type="IN">at</w> <w type="DT">this</w> <w type="NN">time</w> <w type="IN">with</w> <w type="AT">a</w> <w type="JJ">dull</w> <w type="NN">tool</w> <w type="JJ">such</w> <w type="CS">as</w> <w type="AT">the</w> <w type="NN">handle</w> <w type="IN">of</w> <w type="AT">a</w> <w type="JJ">fine</w> <w type="NN">paintbrush</w> <c type="pct">.</c> </s>
<s n="37"><w type="VB">Make</w> <w type="JJ">slight</w> <c type="pct">,</c> <w type="JJ">smooth</w> <w type="NNS">grooves</w> <w type="IN">rather</w> <w type="IN">than</w> <w type="NNS">cuts</w> <w type="IN">for</w> <w type="AT">the</w> <w type="NN">texture</w> <c type="pct">(</c> <w type="NNS">cuts</w> <w type="MD">could</w> <w type="VB">cause</w> <w type="NN">air</w> <w type="NNS">pockets</w> <w type="IN">under</w> <w type="AT">the</w> <w type="NN">glaze</w> <w type="VBG">creating</w> <w type="NNS">pinholes</w> <w type="CC">or</w> <w type="NNS">craters</w> <w type="IN">in</w> <w type="AT">the</w> <w type="NN">glaze</w> <w type="IN">during</w> <w type="VBG">firing</w> <c type="pct">)</c> <c type="pct">.</c> </s>
<s n="38"><w type="VB">Leave</w> <w type="AT">the</w> <w type="NN">clay</w> <w type="IN">on</w> <w type="NN">plaster</w> <w type="NN">board</w> <w type="TO">to</w> <w type="VB">dry</w> <w type="RB">slowly</w> <c type="pct">,</c> <w type="VBN">covered</w> <w type="RB">lightly</w> <w type="IN">with</w> <w type="AT">a</w> <w type="JJ">loose</w> <w type="NN">piece</w> <w type="IN">of</w> <w type="NN">plastic</w> <w type="CC">or</w> <w type="NN">cloth</w> <w type="TO">to</w> <w type="VB">prevent</w> <w type="VBG">warping</w> <c type="pct">.</c> </s>
</p>
<p><s n="39"><w type="JJ" subtype="HL">Rectangular</w> <w type="NNS" subtype="HL">tiles</w> </s>
<s n="40"><c type="pct">(</c> <w type="IN">opposite</w> <w type="NN">page</w> <c type="pct">,</c> <w type="JJ">right</w> <w type="NN">top</w> <c type="pct">)</c> <c type="pct">:</c> <w type="NN">Stoneware</w> <w type="NN">clay</w> <w type="BEDZ">was</w> <w type="VBN">used</w> <c type="pct">.</c> </s>
<s n="41"><w type="NN">Clay</w> <w type="BEDZ">was</w> <w type="VBN">rolled</w> <w type="IN">to</w> <w type="NN">1/4''</w> <c type="pct">''</c> <w type="NN">thickness</w> <c type="pct">.</c> </s>
<s n="42"><w type="NN">Back</w> <w type="IN">of</w> <w type="NN">clay</w> <w type="VBN">scored</w> <w type="CC">or</w> <w type="VBN">roughened</w> <w type="IN">for</w> <w type="JJ">proper</w> <w type="VBG">gripping</w> <w type="NN">surface</w> <c type="pct">.</c> </s>
<s n="43"><w type="AT">No</w> <w type="NN">bisque</w> <w type="VBG">firing</w> <c type="pct">.</c> </s>
<s n="44"><w type="VBN">Glazed</w> <w type="IN">with</w> <w type="CD">two</w> <w type="NNS">coats</w> <w type="IN">of</w> <w type="NP">Creek-Turn</w> <w type="JJ">white</w> <w type="NN">stoneware</w> <w type="NN">glaze</w> <c type="pct">(</c> <w type="AT">no</w> <w type="NN">glaze</w> <w type="IN">on</w> <w type="NNS">sides</w> <w type="CC">or</w> <w type="NN">bottom</w> <c type="pct">)</c> <c type="pct">.</c> </s>
<s n="45"><w type="VBN">Decorated</w> <w type="IN">on</w> <w type="JJ">unfired</w> <w type="NN">glaze</w> <w type="IN">with</w> <w type="CD">one</w> <w type="NN">coat</w> <w type="IN">of</w> <w type="NN">one-stroke</w> <w type="JJ">ceramic</w> <w type="NNS">colors</w> <c type="pct">;</c> <c type="pct">;</c> </s>
<s n="46"><w type="VBN">raised</w> <w type="NNS">details</w> <w type="IN">of</w> <w type="NNS">designs</w> <w type="BED">were</w> <w type="VBN">colored</w> <w type="IN">in</w> <w type="NNS">shades</w> <w type="IN">of</w> <w type="JJ">yellow-green</w> <c type="pct">,</c> <w type="JJ">blue-green</w> <c type="pct">,</c> <w type="JJ">brown</w> <w type="CC">and</w> <w type="JJ">pink</w> <c type="pct">.</c> </s>
<s n="47"><w type="NNS">Tiles</w> <w type="BED">were</w> <w type="VBN">fired</w> <w type="RB">once</w> <w type="IN">to</w> <w type="NN">cone</w> <w type="CD">05</w> <c type="pct">.</c> </s>
</p>
<p><s n="48"><w type="JJ" subtype="HL">Round</w> <w type="NN" subtype="HL">plaque</w> </s>
<s n="49"><c type="pct">(</c> <w type="IN">opposite</w> <w type="NN">page</w> <c type="pct">,</c> <w type="NN">bottom</w> <c type="pct">)</c> <c type="pct">:</c> <w type="JJ">White</w> <w type="NN">clay</w> <w type="BEDZ">was</w> <w type="VBN">used</w> <c type="pct">,</c> <w type="VBN">rolled</w> <w type="IN">to</w> <w type="NN">1/4''</w> <c type="pct">''</c> <w type="NN">thickness</w> <c type="pct">.</c> </s>
<s n="50"><w type="NN">Bisque</w> <w type="VBN">fired</w> <w type="IN">to</w> <w type="NN">cone</w> <w type="CD">05</w> <c type="pct">.</c> </s>
<s n="51"><w type="VBN">Stained</w> <w type="IN">with</w> <w type="NPg">Jacquelyn's</w> <w type="JJ">ceramic</w> <w type="JJ">unfired</w> <w type="NN">stain</w> <c type="pct">,</c> <w type="VBN">polished</w> <c type="pct">,</c> <w type="VBG">following</w> <w type="NNg">manufacturer's</w> <w type="NNS">directions</w> <c type="pct">.</c> </s>
<s n="52"><w type="JJ">Opaque</w> <w type="NN">cantaloupe</w> <w type="CC">and</w> <w type="JJ">transparent</w> <w type="NN">wood</w> <w type="NN">brown</w> <w type="BED">were</w> <w type="VBN">used</w> <c type="pct">.</c> </s>
<s n="53"><w type="AT">No</w> <w type="AP">further</w> <w type="VBG">firing</w> <c type="pct">.</c> </s>
</p>
<p><s n="54"><w type="NN" subtype="HL">Paperweight</w> </s>
<s n="55"><c type="pct">(</c> <w type="IN">opposite</w> <w type="NN">page</w> <c type="pct">,</c> <w type="NN">top</w> <w type="NR">left</w> <c type="pct">)</c> <c type="pct">:</c> <w type="JJ">Red</w> <w type="NN">clay</w> <w type="BEDZ">was</w> <w type="VBN">used</w> <c type="pct">,</c> <w type="VBN">rolled</w> <w type="NN">1/2''</w> <c type="pct">''</c> <w type="NN">thick</w> <c type="pct">.</c> </s>
<s n="56"><w type="NN">Mold</w> <w type="BEDZ">was</w> <w type="VBN">used</w> <w type="CS">as</w> <w type="NN">pattern</w> <w type="CC">and</w> <w type="NN">clay</w> <w type="VBN">cut</w> <w type="IN">by</w> <w type="VBG">holding</w> <w type="NN">knife</w> <w type="IN">at</w> <w type="RB">about</w> <w type="JJ">45-degree</w> <w type="NN">angle</w> <c type="pct">,</c> <w type="TO">to</w> <w type="VB">form</w> <w type="AT">an</w> <w type="NN">undercut</w> <c type="pct">,</c> <w type="VBG">making</w> <w type="NN">base</w> <w type="JJR">smaller</w> <w type="CS">than</w> <w type="AT">the</w> <w type="NN">pattern</w> <w type="NN">top</w> <c type="pct">.</c> </s>
<s n="57"><w type="CS">While</w> <w type="NN">clay</w> <w type="BEZ">is</w> <w type="RB">still</w> <w type="VBN">pressed</w> <w type="IN">in</w> <w type="NN">mold</w> <c type="pct">,</c> <w type="VB">press</w> <w type="CD">three</w> <w type="RB">equally</w> <w type="VBN">spaced</w> <w type="NNS">holes</w> <w type="NN">1/4''</w> <c type="pct">''</c> <w type="JJ">deep</w> <c type="pct">,</c> <w type="VBG">using</w> <w type="NN">pencil</w> <w type="NN">eraser</w> <c type="pct">,</c> <w type="IN">in</w> <w type="NN">bottom</w> <w type="IN">of</w> <w type="NN">clay</w> <w type="TO">to</w> <w type="VB">allow</w> <w type="IN">for</w> <w type="JJ">proper</w> <w type="NN">drying</w> <w type="CC">and</w> <w type="VBG">firing</w> <c type="pct">.</c> </s>
<s n="58"><w type="NN">Paperweight</w> <w type="MD">may</w> <w type="BE">be</w> <w type="VBN">personalized</w> <w type="IN">on</w> <w type="NN">back</w> <w type="CS">while</w> <w type="NN">clay</w> <w type="BEZ">is</w> <w type="NN">leather</w> <w type="JJ">hard</w> <c type="pct">.</c> </s>
<s n="59"><w type="NN">Bisque</w> <w type="VBN">fired</w> <w type="IN">to</w> <w type="NN">cone</w> <w type="CD">05</w> <c type="pct">.</c> </s>
<s n="60"><w type="JJ">Unglazed</w> <c type="pct">.</c> </s>
</p>
<p><s n="61"><w type="NNS" subtype="HL">Jars</w> <w type="IN" subtype="HL">with</w> <w type="NNS" subtype="HL">lids</w> </s>
<s n="62"><c type="pct">(</c> <w type="IN">opposite</w> <w type="NN">page</w> <c type="pct">,</c> <w type="NN">top</w> <w type="NR">left</w> <c type="pct">)</c> <c type="pct">:</c> <w type="VB">Remove</w> <w type="JJ">wooden</w> <w type="NN">design</w> <w type="NN">head</w> <w type="IN">from</w> <w type="NN">bowl</w> <w type="IN">of</w> <w type="NN">butter</w> <w type="NN">mold</w> <c type="pct">.</c> </s>
<s n="63"><w type="VB">Fill</w> <w type="JJ">small</w> <w type="NN">hole</w> <w type="IN">in</w> <w type="NN">bowl</w> <w type="IN">with</w> <w type="NN">clay</w> <c type="pct">.</c> </s>
<s n="64"><w type="VB">Make</w> <w type="NN">paper</w> <w type="NNS">patterns</w> <w type="IN">for</w> <w type="NNS">sections</w> <w type="IN">of</w> <w type="NN">jar</w> <w type="CC">and</w> <w type="NN">lid</w> <c type="pct">(</c> <w type="VB">see</w> <w type="NN" subtype="TL">Fig.</w> <w type="CD" subtype="TL">1</w> <c type="pct">,</c> <w type="IN">opposite</w> <w type="NN">page</w> <c type="pct">)</c> <c type="pct">.</c> </s>
<s n="65"><w type="NNS">Measurements</w> <w type="IN">for</w> <w type="JJ">rectangular</w> <w type="NN">pattern</w> <w type="NN">piece</w> <w type="NN">A</w> <w type="BER">are</w> <w type="VBN">obtained</w> <w type="IN">by</w> <w type="VBG">measuring</w> <w type="JJ">inside</w> <w type="NN">circumference</w> <w type="CC">and</w> <w type="NN">depth</w> <w type="IN">of</w> <w type="NN">butter</w> <w type="NN">mold</w> <w type="NN">bowl</w> <c type="pct">.</c> </s>
<s n="66"><w type="NN">Pattern</w> <w type="IN">for</w> <w type="JJ">circular</w> <w type="NN">base</w> <w type="NN">piece</w> <w type="NN">B</w> <w type="BEZ">is</w> <w type="NN">diameter</w> <w type="IN">of</w> <w type="NN">Aj</w> <c type="pct">.</c> </s>
<s n="67"><w type="VB">Use</w> <w type="JJ">wooden</w> <w type="NN">design</w> <w type="NN">head</w> <w type="IN">of</w> <w type="NN">mold</w> <w type="IN">for</w> <w type="NN">pattern</w> <w type="NN">C</w> <c type="pct">;</c> <c type="pct">;</c> </s>
<s n="68"><w type="NN">pattern</w> <w type="NN">D</w> <w type="IN">for</w> <w type="NN">lid</w> <w type="VBZ">fits</w> <w type="IN">over</w> <w type="NN">top</w> <w type="NN">diameter</w> <w type="IN">of</w> <w type="NN">Aj</w> <c type="pct">.</c> </s>
<s n="69"><w type="NN">Pattern</w> <w type="IN">for</w> <w type="JJ">inner</w> <w type="NN">lid</w> <w type="NN">piece</w> <w type="NN">E</w> <w type="VBZ">fits</w> <w type="IN">inside</w> <w type="NN">Aj</w> <c type="pct">.</c> </s>
<s n="70"><w type="NNS">Jars</w> <w type="BER">are</w> <w type="VBN">assembled</w> <w type="IN">in</w> <w type="NN">bowl</w> <w type="IN">of</w> <w type="NN">butter</w> <w type="NN">mold</w> <c type="pct">.</c> </s>
</p>
<p><s n="71"><w type="VB">Use</w> <w type="JJ">white</w> <w type="CC">or</w> <w type="JJ">buff</w> <w type="NN">clay</w> <c type="pct">,</c> <w type="VBN">rolled</w> <w type="IN">to</w> <w type="NN">3/16''</w> <c type="pct">''</c> <w type="NN">thickness</w> <c type="pct">.</c> </s>
<s n="72"><w type="VB">Place</w> <w type="NNS">patterns</w> <w type="IN">on</w> <w type="VBN">rolled</w> <w type="NN">clay</w> <w type="CC">and</w> <w type="VB">cut</w> <w type="IN">around</w> <w type="PPO">them</w> <w type="IN">with</w> <w type="NN">knife</w> <w type="IN">in</w> <w type="JJ">vertical</w> <w type="NN">position</w> <c type="pct">.</c> </s>
<s n="73"><w type="VB">Place</w> <w type="NN">clay</w> <w type="NNS">pieces</w> <w type="IN">on</w> <w type="NN">wall</w> <w type="NN">board</w> <c type="pct">.</c> </s>
</p>
<p><s n="74"><w type="TO">To</w> <w type="VB">assemble</w> <w type="NN">jar</w> <c type="pct">,</c> <w type="VB">put</w> <w type="NN">paper</w> <w type="NN">pattern</w> <w type="NN">B</w> <w type="IN">for</w> <w type="NN">base</w> <w type="IN">in</w> <w type="NN">bottom</w> <w type="IN">of</w> <w type="NN">mold</w> <w type="CC">and</w> <w type="NN">clay</w> <w type="NN">disk</w> <w type="NN">B</w> <w type="IN">on</w> <w type="NN">top</w> <c type="pct">.</c> </s>
<s n="75"><w type="VB">Line</w> <w type="NNS">sides</w> <w type="IN">of</w> <w type="NN">mold</w> <w type="IN">with</w> <w type="NN">paper</w> <w type="NN">pattern</w> <w type="NN">Aj</w> <c type="pct">.</c> </s>
<s n="76"><w type="VB">Bevel</w> <w type="CC">and</w> <w type="VB">score</w> <w type="NNS">ends</w> <w type="IN">of</w> <w type="NN">clay</w> <w type="NN">piece</w> <w type="NN">A</w> <w type="CS">so</w> <w type="CS">that</w> <w type="PPSS">they</w> <w type="VB">overlap</w> <w type="RB">about</w> <w type="NN">1/2''</w> <c type="pct">''</c> <w type="CC">and</w> <w type="VB">make</w> <w type="JJ">even</w> <w type="NN">thickness</w> <c type="pct">.</c> </s>
<s n="77"><w type="VB">Place</w> <w type="NN">clay</w> <w type="NN">piece</w> <w type="NN">A</w> <w type="RB">inside</w> <c type="pct">;</c> <c type="pct">;</c> </s>
<s n="78"><w type="VB">use</w> <w type="NN">slip</w> <w type="TO">to</w> <w type="VB">join</w> <w type="VBN">overlapped</w> <w type="NNS">ends</w> <w type="RB">together</w> <c type="pct">.</c> </s>
<s n="79"><w type="VB">Join</w> <w type="NN">B</w> <w type="IN">to</w> <w type="NN">bottom</w> <w type="IN">of</w> <w type="NN">A</w> <c type="pct">,</c> <w type="VBG">scoring</w> <w type="CC">and</w> <w type="VBG">reinforcing</w> <w type="IN">with</w> <w type="NN">clay</w> <w type="NN">coil</w> <c type="pct">.</c> </s>
<s n="80"><w type="VB">Trim</w> <w type="JJ">excess</w> <w type="NN">clay</w> <w type="IN">from</w> <w type="IN">around</w> <w type="NN">lip</w> <w type="IN">of</w> <w type="NN">mold</w> <w type="CC">and</w> <w type="VB">set</w> <w type="RB">aside</w> <w type="CS">while</w> <w type="VBG">assembling</w> <w type="NN">lid</w> <c type="pct">.</c> </s>
</p>
<p><s n="81"><w type="TO">To</w> <w type="VB">assemble</w> <w type="NN">lid</w> <c type="pct">,</c> <w type="VB">press</w> <w type="NN">clay</w> <w type="NN">piece</w> <w type="NN">C</w> <w type="IN">in</w> <w type="NN">cavity</w> <w type="IN">of</w> <w type="JJ">wooden</w> <w type="NN">design</w> <w type="NN">head</w> <c type="pct">.</c> </s>
<s n="82"><w type="VB">Press</w> <w type="NN">clay</w> <w type="IN">into</w> <w type="NN">mold</w> <w type="CS">as</w> <w type="VBN">instructed</w> <w type="IN">in</w> <w type="NN" subtype="TL">General</w> <w type="NNS" subtype="TL">Directions</w> <c type="pct">.</c> </s>
<s n="83"><w type="VB">Score</w> <w type="JJ">plain</w> <w type="NN">side</w> <w type="IN">of</w> <w type="NN">C</w> <w type="CC">and</w> <w type="VB">leave</w> <w type="IN">in</w> <w type="NN">mold</w> <c type="pct">.</c> </s>
<s n="84"><w type="VB">Score</w> <w type="CD">one</w> <w type="NN">side</w> <w type="IN">of</w> <w type="NN">disk</w> <w type="NN">D</w> <c type="pct">,</c> <w type="VB">join</w> <w type="IN">to</w> <w type="NN">C</w> <c type="pct">;</c> <c type="pct">;</c> </s>
<s n="85"><w type="VB">score</w> <w type="AP">other</w> <w type="NN">side</w> <w type="IN">of</w> <w type="NN">D</w> <w type="CC">and</w> <w type="CD">one</w> <w type="NN">side</w> <w type="IN">of</w> <w type="NN">disk</w> <w type="NN">E</w> <w type="CC">and</w> <w type="VB">join</w> <w type="CS">as</w> <w type="RB">before</w> <c type="pct">.</c> </s>
<s n="86"><w type="CS">While</w> <w type="VBN">assembled</w> <w type="NN">lid</w> <w type="BEZ">is</w> <w type="RB">still</w> <w type="IN">on</w> <w type="NN">design</w> <w type="NN">head</w> <c type="pct">,</c> <w type="RB">gently</w> <w type="CC">but</w> <w type="RB">firmly</w> <w type="VB">press</w> <w type="PPO">it</w> <w type="IN">on</w> <w type="NN">plaster</w> <w type="NN">board</w> <c type="pct">.</c> </s>
<s n="87"><w type="CS">If</w> <w type="NN">design</w> <w type="NN">head</w> <w type="HVZ">has</w> <w type="AT">a</w> <w type="JJ">deep</w> <w type="NN">cavity</w> <c type="pct">,</c> <w type="NN">clay</w> <w type="NN">lid</w> <w type="MD">will</w> <w type="BE">be</w> <w type="QL">quite</w> <w type="JJ">thick</w> <w type="IN">at</w> <w type="DT">this</w> <w type="NN">point</w> <c type="pct">;</c> <c type="pct">;</c> </s>
<s n="88"><w type="VB">press</w> <w type="NN">eraser</w> <w type="IN">of</w> <w type="NN">pencil</w> <w type="RB">gently</w> <w type="NN">1/4''</w> <c type="pct">''</c> <w type="JJ">deep</w> <w type="IN">into</w> <w type="JJ">deep</w> <w type="NN">clay</w> <w type="TO">to</w> <w type="VB">allow</w> <w type="NN">vent</w> <w type="IN">for</w> <w type="JJ">proper</w> <w type="NN">drying</w> <w type="CC">and</w> <w type="VBG">firing</w> <c type="pct">.</c> </s>
<s n="89"><w type="VB">Check</w> <w type="NN">fit</w> <w type="IN">of</w> <w type="NN">lid</w> <w type="IN">on</w> <w type="NN">jar</w> <c type="pct">;</c> <c type="pct">;</c> </s>
<s n="90"><w type="CS">if</w> <w type="JJ">inner</w> <w type="NN">lid</w> <w type="BEZ">is</w> <w type="QL">too</w> <w type="JJ">big</w> <c type="pct">,</c> <w type="VB">trim</w> <w type="TO">to</w> <w type="VB">fit</w> <c type="pct">,</c> <w type="VBG">allowing</w> <w type="NN">room</w> <w type="IN">for</w> <w type="NN">thickness</w> <w type="IN">of</w> <w type="NN">glaze</w> <c type="pct">.</c> </s>
<s n="91"><w type="VB">Remove</w> <w type="NN">lid</w> <w type="IN">from</w> <w type="NN">head</w> <w type="IN">of</w> <w type="NN">mold</w> <c type="pct">.</c> </s>
<s n="92"><w type="VB">Remove</w> <w type="NN">jar</w> <w type="IN">from</w> <w type="NN">mold</w> <c type="pct">.</c> </s>
<s n="93"><w type="VB">Place</w> <w type="NN">jar</w> <w type="IN">on</w> <w type="NN">plaster</w> <w type="NN">board</w> <w type="IN">with</w> <w type="NN">lid</w> <w type="IN">in</w> <w type="NN">place</w> <w type="TO">to</w> <w type="VB">dry</w> <w type="RB">slowly</w> <c type="pct">.</c> </s>
<s n="94"><w type="NN">Bisque</w> <w type="NN">fire</w> <w type="IN">to</w> <w type="NN">cone</w> <w type="CD">08</w> <w type="IN">with</w> <w type="NN">lid</w> <w type="IN">on</w> <w type="NN">jar</w> <c type="pct">.</c> </s>
</p>
<p><s n="95"><w type="IN">For</w> <w type="AT">an</w> <w type="NN">antique</w> <w type="NN">effect</w> <w type="IN">on</w> <w type="NNS">jars</w> <c type="pct">,</c> <w type="VB">brush</w> <w type="NP">Creek-Turn</w> <w type="JJ">brown</w> <w type="NN">toner</w> <w type="IN">on</w> <w type="NN">bisque</w> <w type="NN">ware</w> <w type="CC">and</w> <w type="VB">sponge</w> <w type="PPO">it</w> <w type="RP">off</w> <c type="pct">.</c> </s>
<s n="96"><w type="VB">Glaze</w> <w type="IN">with</w> <w type="CD">two</w> <w type="NNS">coats</w> <w type="IN">of</w> <w type="JJ">clear</w> <w type="CC">or</w> <w type="JJ">transparent</w> <w type="NN">matt</w> <w type="NN">glaze</w> <c type="pct">.</c> </s>
<s n="97"><w type="AT">The</w> <w type="JJ">large</w> <w type="NN">jar</w> <w type="BEDZ">was</w> <w type="VBN">brushed</w> <w type="IN">with</w> <w type="NP">Creek-Turn</w> <w type="JJ">green</w> <w type="NN">toner</w> <w type="CC">and</w> <w type="VBN">sponged</w> <w type="RP">off</w> <c type="pct">.</c> </s>
<s n="98"><w type="VB">Glaze</w> <w type="IN">with</w> <w type="CD">two</w> <w type="NNS">coats</w> <w type="IN">of</w> <w type="NN">matt</w> <w type="NNS">glazes</w> <w type="IN">in</w> <w type="JJ">turquoise</w> <w type="IN">with</w> <w type="NNS">touches</w> <w type="IN">of</w> <w type="NN">blossom</w> <w type="JJ">pink</w> <w type="IN">on</w> <w type="NN">lid</w> <c type="pct">.</c> </s>
<s n="99"><w type="WRB">When</w> <w type="JJ">dry</w> <w type="PPSS">they</w> <w type="BED">were</w> <w type="VBN">fired</w> <w type="IN">to</w> <w type="NN">cone</w> <w type="CD">06-05</w> <c type="pct">.</c> </s>
</p>
<p><s n="100"><w type="JJ" subtype="HL">Little</w> <w type="NNS" subtype="HL">folks</w> <w type="NN" subtype="HL">set</w> <c type="pct">:</c> </s>
<s n="101"><c type="pct">(</c> <w type="VBN">Made</w> <w type="IN">from</w> <w type="JJ">modern</w> <w type="JJ">wooden</w> <w type="NNS">molds</w> <w type="NN">Af</w> <c type="pct">.</c> </s>
<s n="102"><c type="pct">)</c> <w type="VB">Roll</w> <w type="JJ">white</w> <w type="NN">clay</w> <w type="IN">to</w> <w type="NN">3/16''</w> <c type="pct">''</c> <w type="NN">thickness</w> <c type="pct">.</c> </s>
<s n="103"><w type="NN" subtype="HL">Salt</w> <w type="CC" subtype="HL">and</w> <w type="NN" subtype="HL">pepper</w> <c type="pct">:</c> </s>
<s n="104"><w type="VB">Use</w> <w type="NN">mold</w> <w type="TO">to</w> <w type="VB">cut</w> <w type="CD">four</w> <w type="NN">side</w> <w type="NNS">pieces</w> <c type="pct">.</c> </s>
<s n="105"><w type="IN">For</w> <w type="NN">top</w> <w type="CC">and</w> <w type="NN">bottom</w> <w type="NNS">pieces</w> <c type="pct">,</c> <w type="VB">use</w> <w type="JJ">short</w> <w type="NN">end</w> <w type="IN">of</w> <w type="NN">mold</w> <w type="CS">as</w> <w type="NN">measurement</w> <w type="NN">guide</w> <c type="pct">.</c> </s>
<s n="106"><w type="VB">Press</w> <w type="AT">the</w> <w type="NN">side</w> <w type="NNS">pieces</w> <w type="IN">of</w> <w type="NN">clay</w> <w type="IN">into</w> <w type="NN">cavity</w> <w type="IN">of</w> <w type="NN">mold</w> <c type="pct">.</c> </s>
<s n="107"><w type="VB">Trim</w> <w type="JJ">excess</w> <w type="NN">clay</w> <w type="IN">from</w> <w type="NN">rim</w> <w type="IN">of</w> <w type="NN">mold</w> <c type="pct">.</c> </s>
<s n="108"><w type="VB">Cut</w> <w type="VBN">beveled</w> <w type="NN">edge</w> <w type="IN">on</w> <w type="AT">the</w> <w type="JJ">long</w> <w type="NNS">sides</w> <w type="IN">of</w> <w type="NN">clay</w> <w type="IN">at</w> <w type="AT">a</w> <w type="JJ">45-degree</w> <w type="NN">angle</w> <w type="TO">to</w> <w type="VB">miter</w> <w type="NNS">corners</w> <c type="pct">.</c> </s>
<s n="109"><w type="VB">Score</w> <w type="VBN">beveled</w> <w type="NNS">edges</w> <w type="CC">and</w> <w type="VB">remove</w> <w type="NNS">pieces</w> <w type="IN">from</w> <w type="NN">mold</w> <c type="pct">;</c> <c type="pct">;</c> </s>
<s n="110"><w type="VB">place</w> <w type="NN">design-side</w> <w type="RP">up</w> <w type="IN">on</w> <w type="NN">plaster</w> <w type="NN">board</w> <c type="pct">.</c> </s>
<s n="111"><w type="VB">Make</w> <w type="ABN">all</w> <w type="CD">four</w> <w type="NNS">sides</w> <c type="pct">.</c> </s>
<s n="112"><w type="VB">Cut</w> <w type="NN">clay</w> <w type="NN">top</w> <w type="CC">and</w> <w type="NN">base</w> <w type="NNS">pieces</w> <c type="pct">;</c> <c type="pct">;</c> </s>
<s n="113"><w type="VB">place</w> <w type="IN">on</w> <w type="NN">plaster</w> <w type="NN">board</w> <c type="pct">.</c> </s>
<s n="114"><w type="VB">Allow</w> <w type="ABN">all</w> <w type="NNS">pieces</w> <w type="TO">to</w> <w type="VB">become</w> <w type="NN">leather</w> <w type="JJ">hard</w> <w type="CS">before</w> <w type="VBG">constructing</w> <w type="NN">shaker</w> <c type="pct">.</c> </s>
<s n="115"><w type="TO" subtype="HL">To</w> <w type="VB" subtype="HL">assemble</w> <c type="pct">:</c> </s>
<s n="116"><w type="VB">Construct</w> <w type="NNS">sides</w> <c type="pct">,</c> <w type="NN">bottom</w> <w type="CC">and</w> <w type="NN">top</w> <w type="CS">as</w> <w type="IN">for</w> <w type="NN">box</w> <c type="pct">,</c> <w type="VBG">using</w> <w type="NN">slip</w> <w type="IN">on</w> <w type="VBN">scored</w> <w type="NNS">edges</w> <w type="CC">and</w> <w type="NNS">coils</w> <w type="IN">of</w> <w type="NN">clay</w> <w type="TO">to</w> <w type="VB">reinforce</w> <w type="NNS">seams</w> <c type="pct">.</c> </s>
<s n="117"><w type="VB">Join</w> <w type="AT">the</w> <w type="CD">four</w> <w type="NNS">sides</w> <w type="RB">together</w> <w type="RB">first</w> <c type="pct">,</c> <w type="RB">then</w> <w type="VB">add</w> <w type="AT">the</w> <w type="NN">base</w> <c type="pct">;</c> <c type="pct">;</c> </s>
<s n="118"><w type="VB">add</w> <w type="NN">top</w> <w type="RB">last</w> <c type="pct">.</c> </s>
<s n="119"><w type="VB">Use</w> <w type="NN">water</w> <w type="IN">on</w> <w type="NN">finger</w> <w type="TO">to</w> <w type="VB">smooth</w> <w type="NNS">seams</w> <w type="CC">and</w> <w type="NNS">edges</w> <c type="pct">.</c> </s>
<s n="120"><w type="VB">Turn</w> <w type="NN">shaker</w> <w type="RB">upside</w> <w type="RP">down</w> <c type="pct">.</c> </s>
<s n="121"><w type="VB">Recess</w> <w type="NN">base</w> <w type="RB">slightly</w> <w type="TO">to</w> <w type="VB">allow</w> <w type="NN">room</w> <w type="IN">for</w> <w type="NN">stopper</w> <c type="pct">.</c> </s>
<s n="122"><w type="VB">Cut</w> <w type="NN">hole</w> <w type="IN">in</w> <w type="NN">base</w> <w type="IN">for</w> <w type="NN">cork</w> <w type="NN">stopper</w> <c type="pct">.</c> </s>
<s n="123"><w type="VB">Add</w> <w type="NNS">holes</w> <w type="IN">in</w> <w type="NN">top</w> <c type="pct">,</c> <w type="VBG">forming</w> <c type="pct">``</c> <w type="NN">S</w> <c type="pct">''</c> <w type="IN">for</w> <w type="NN">salt</w> <w type="CC">and</w> <c type="pct">``</c> <w type="NN">P</w> <c type="pct">''</c> <w type="IN">for</w> <w type="NN">pepper</w> <c type="pct">.</c> </s>
<s n="124"><w type="VB">Set</w> <w type="RB">aside</w> <w type="TO">to</w> <w type="VB">dry</w> <w type="RB">thoroughly</w> <c type="pct">.</c> </s>
<s n="125"><w type="NN" subtype="HL">Sugar</w> <w type="CC" subtype="HL">and</w> <w type="NN" subtype="HL">creamer</w> <c type="pct">:</c> </s>
<s n="126"><w type="VB">Cut</w> <w type="AT">a</w> <w type="NN">strip</w> <w type="IN">of</w> <w type="NN">clay</w> <w type="IN">for</w> <w type="NNS">sides</w> <w type="JJ">long</w> <w type="QLP">enough</w> <w type="CC">and</w> <w type="JJ">wide</w> <w type="QLP">enough</w> <w type="IN">for</w> <w type="CD">three</w> <w type="NNS">impressions</w> <w type="IN">of</w> <w type="NN">mold</w> <w type="NN">design</w> <c type="pct">.</c> </s>
<s n="127"><w type="VB">Press</w> <w type="NN">clay</w> <w type="IN">into</w> <w type="NN">cavity</w> <w type="IN">of</w> <w type="CD">one</w> <w type="NN">mold</w> <w type="CD">three</w> <w type="NNS">times</w> <c type="pct">;</c> <c type="pct">;</c> </s>
<s n="128"><w type="VB">bevel</w> <w type="VBG">overlapping</w> <w type="NNS">ends</w> <w type="IN">for</w> <w type="NN">splice</w> <w type="NN">joint</w> <c type="pct">,</c> <w type="VB">score</w> <w type="VBN">beveled</w> <w type="NNS">edges</w> <c type="pct">.</c> </s>
<s n="129"><w type="VB">Form</w> <w type="NN">clay</w> <w type="NN">strip</w> <w type="IN">into</w> <w type="AT">a</w> <w type="NN">cylinder</w> <c type="pct">;</c> <c type="pct">;</c> </s>
<s n="130"><w type="VB">use</w> <w type="NN">slip</w> <w type="TO">to</w> <w type="VB">join</w> <w type="VBN">scored</w> <w type="NNS">ends</w> <c type="pct">.</c> </s>
<s n="131"><w type="VB">Place</w> <w type="NN">cylinder</w> <w type="IN">on</w> <w type="AT">a</w> <w type="NN">disk</w> <w type="IN">of</w> <w type="NN">clay</w> <w type="QL">slightly</w> <w type="JJR">larger</w> <w type="CS">than</w> <w type="NN">cylinder</w> <c type="pct">.</c> </s>
<s n="132"><w type="VB">Score</w> <w type="NN">bottom</w> <w type="NN">edge</w> <w type="IN">of</w> <w type="NN">cylinder</w> <w type="CC">and</w> <w type="VB">join</w> <w type="IN">to</w> <w type="NN">disk</w> <w type="IN">with</w> <w type="NN">slip</w> <c type="pct">.</c> </s>
<s n="133"><w type="VB">Trim</w> <w type="RB">away</w> <w type="JJ">excess</w> <w type="NN">clay</w> <c type="pct">;</c> <c type="pct">;</c> </s>
<s n="134"><w type="VB">reinforce</w> <w type="NN">seam</w> <w type="IN">with</w> <w type="AT">a</w> <w type="NN">coil</w> <w type="IN">of</w> <w type="NN">clay</w> <c type="pct">.</c> </s>
<s n="135"><w type="DT">This</w> <w type="MD">will</w> <w type="VB">form</w> <w type="AT">the</w> <w type="NN">sugar</w> <w type="NN">bowl</w> <c type="pct">.</c> </s>
<s n="136"><w type="VB">Make</w> <w type="NN">creamer</w> <w type="AT">the</w> <w type="AP">same</w> <c type="pct">.</c> </s>
</p>
<p><s n="137"><w type="NN">Handle</w> <w type="IN">for</w> <w type="NN">creamer</w> <w type="BEZ">is</w> <w type="AT">a</w> <w type="NN">strip</w> <w type="IN">of</w> <w type="NN">clay</w> <w type="NN">1/2''</w> <c type="pct">''</c> <w type="JJ">wide</w> <w type="CC">and</w> <w type="NNS">3-1/2''</w> <c type="pct">''</c> <w type="JJ">long</w> <c type="pct">.</c> </s>
<s n="138"><w type="TO">To</w> <w type="VB">add</w> <w type="NN">handle</w> <c type="pct">,</c> <w type="VB">place</w> <w type="AT">a</w> <w type="JJ">wooden</w> <w type="NN">dowel</w> <w type="IN">against</w> <w type="AT">the</w> <w type="JJ">inside</w> <w type="NN">wall</w> <w type="IN">of</w> <w type="NN">creamer</w> <c type="pct">.</c> </s>
<s n="139"><w type="VB">Score</w> <w type="NN">outside</w> <w type="IN">of</w> <w type="NN">container</w> <w type="WRB">where</w> <w type="NN">handle</w> <w type="NNS">ends</w> <w type="MD">will</w> <w type="BE">be</w> <w type="VBN">joined</w> <c type="pct">.</c> </s>
<s n="140"><w type="VB">Bend</w> <w type="NN">handle</w> <c type="pct">;</c> <c type="pct">;</c> </s>
<s n="141"><w type="VB">press</w> <w type="VBN">scored</w> <w type="NN">handle</w> <w type="NNS">ends</w> <w type="RB">firmly</w> <w type="IN">in</w> <w type="NN">place</w> <w type="VBG">using</w> <w type="NN">dowel</w> <w type="TO">to</w> <w type="VB">reinforce</w> <w type="NN">container</w> <w type="CS">while</w> <w type="VBG">pressing</w> <c type="pct">;</c> <c type="pct">;</c> </s>
<s n="142"><w type="VB">use</w> <w type="NN">slip</w> <w type="TO">to</w> <w type="VB">join</w> <c type="pct">.</c> </s>
<s n="143"><w type="TO">To</w> <w type="VB">form</w> <w type="NN">spout</w> <c type="pct">,</c> <w type="IN">between</w> <w type="CD">two</w> <w type="NNS">designs</w> <c type="pct">,</c> <w type="VB">dampen</w> <w type="NN">area</w> <w type="RB">slightly</w> <w type="CC">and</w> <w type="RB">gently</w> <w type="VB">push</w> <w type="NN">clay</w> <w type="RB">outward</w> <c type="pct">.</c> </s>
<s n="144"><w type="VB">Make</w> <w type="NN">lid</w> <w type="IN">for</w> <w type="NN">sugar</w> <w type="NN">bowl</w> <w type="AT">the</w> <w type="AP">same</w> <w type="CS">as</w> <w type="NN">jar</w> <w type="NNS">lids</w> <c type="pct">,</c> <w type="VBG">omitting</w> <w type="NN">design</w> <w type="NN">disk</w> <c type="pct">.</c> </s>
<s n="145"><w type="VB">Cut</w> <w type="AT">a</w> <w type="NN">notch</w> <w type="IN">in</w> <w type="NN">lid</w> <w type="IN">for</w> <w type="NN">spoon</w> <w type="NN">handle</w> <w type="CS">if</w> <w type="VBN">desired</w> <c type="pct">.</c> </s>
<s n="146"><w type="VB">Set</w> <w type="RB">aside</w> <w type="TO">to</w> <w type="VB">dry</w> <w type="IN">with</w> <w type="NN">lid</w> <w type="IN">on</w> <w type="NN">sugar</w> <w type="NN">bowl</w> <c type="pct">.</c> </s>
<s n="147"><w type="NNS" subtype="HL">Vases</w> <c type="pct">:</c> </s>
<s n="148"><w type="VB">Make</w> <w type="AP">same</w> <w type="CS">as</w> <w type="NN">salt</w> <w type="CC">and</w> <w type="NN">pepper</w> <w type="NNS">shakers</w> <c type="pct">,</c> <w type="VBG">leaving</w> <w type="RP">off</w> <w type="NN">top</w> <w type="NNS">pieces</w> <c type="pct">.</c> </s>
<s n="149"><w type="NNS">Vases</w> <w type="MD">may</w> <w type="BE">be</w> <w type="VBN">made</w> <w type="IN">into</w> <w type="NNS">candles</w> <w type="IN">by</w> <w type="VBG">filling</w> <w type="IN">with</w> <w type="VBN">melted</w> <w type="NN">wax</w> <w type="CC">and</w> <w type="AT">a</w> <w type="NN">wick</w> <c type="pct">.</c> </s>
<s n="150"><w type="NN" subtype="HL">Napkin</w> <w type="NN" subtype="HL">holder</w> <c type="pct">:</c> </s>
<s n="151"><w type="VB">Cut</w> <w type="AT">a</w> <w type="NN">piece</w> <w type="IN">of</w> <w type="NN">clay</w> <w type="IN">for</w> <w type="NN">base</w> <w type="CC">and</w> <w type="CD">two</w> <w type="IN">for</w> <w type="NNS">sides</w> <w type="DT">each</w> <w type="RB">about</w> <w type="NN">Af</w> <c type="pct">(</c> <w type="JJ">long</w> <w type="QLP">enough</w> <w type="IN">for</w> <w type="CD">three</w> <w type="NNS">impressions</w> <w type="IN">of</w> <w type="NN">mold</w> <c type="pct">)</c> <c type="pct">.</c> </s>
<s n="152"><w type="VB">Press</w> <w type="AT">the</w> <w type="CD">two</w> <w type="NNS">sides</w> <w type="IN">into</w> <w type="NN">cavity</w> <w type="IN">of</w> <w type="CD">one</w> <w type="NN">mold</w> <w type="CD">three</w> <w type="NNS">times</w> <c type="pct">.</c> </s>
<s n="153"><w type="VB">Put</w> <w type="VBN">cut</w> <w type="NNS">pieces</w> <w type="IN">on</w> <w type="NN">plaster</w> <w type="NN">board</w> <w type="TO">to</w> <w type="VB">dry</w> <w type="IN">to</w> <w type="JJ">firm</w> <w type="JJ">leather-hard</w> <w type="NN">state</w> <c type="pct">.</c> </s>
<s n="154"><w type="VB">Score</w> <w type="NN">side</w> <w type="NNS">edges</w> <w type="IN">of</w> <w type="NN">base</w> <c type="pct">;</c> <c type="pct">;</c> </s>
<s n="155"><w type="VB">join</w> <w type="NNS">sides</w> <w type="CC">and</w> <w type="NN">base</w> <w type="IN">with</w> <w type="NN">slip</w> <w type="CC">and</w> <w type="VB">reinforce</w> <w type="IN">with</w> <w type="NN">coil</w> <c type="pct">.</c> </s>
<s n="156"><w type="AT">A</w> <w type="NN">cardboard</w> <w type="NN">pattern</w> <w type="VBN">cut</w> <w type="TO">to</w> <w type="VB">fit</w> <w type="IN">inside</w> <w type="NN">holder</w> <w type="MD">will</w> <w type="VB">help</w> <w type="TO">to</w> <w type="VB">prevent</w> <w type="VBG">warping</w> <c type="pct">.</c> </s>
<s n="157"><w type="VB">Place</w> <w type="NN">pattern</w> <w type="IN">inside</w> <w type="NN">holder</w> <c type="pct">;</c> <c type="pct">;</c> </s>
<s n="158"><w type="VB">use</w> <w type="CD">three</w> <w type="NNS">strips</w> <w type="IN">of</w> <w type="NN">clay</w> <w type="TO">to</w> <w type="VB">hold</w> <w type="IN">in</w> <w type="NN">place</w> <c type="pct">(</c> <w type="VB">see</w> <w type="NN" subtype="TL">Fig.</w> <w type="CD" subtype="TL">2</w> <c type="pct">,</c> <w type="NN">page</w> <w type="CD">71</w> <c type="pct">)</c> <c type="pct">.</c> </s>
<s n="159"><w type="DO">Do</w> <w type="NEG">not</w> <w type="VB">use</w> <w type="NN">wood</w> <w type="CS">as</w> <w type="PPS">it</w> <w type="MD">will</w> <w type="NEG">not</w> <w type="VB">shrink</w> <w type="IN">with</w> <w type="AT">the</w> <w type="NN">clay</w> <w type="CC">and</w> <w type="MD">would</w> <w type="VB">cause</w> <w type="NN">breakage</w> <c type="pct">.</c> </s>
</p>
<p><s n="160"><w type="VB">Let</w> <w type="ABN">all</w> <w type="NNS">projects</w> <w type="VB">dry</w> <w type="RB">slowly</w> <w type="IN">for</w> <w type="AP">several</w> <w type="NNS">days</w> <c type="pct">.</c> </s>
<s n="161"><w type="VB">Clean</w> <w type="NN">greenware</w> <c type="pct">.</c> </s>
<s n="162"><w type="NN">Bisque</w> <w type="NN">fire</w> <w type="IN">to</w> <w type="NN">cone</w> <w type="CD">08</w> <c type="pct">.</c> </s>
<s n="163"><w type="NN">Inside</w> <w type="IN">of</w> <w type="NNS">pieces</w> <w type="BEDZ">was</w> <w type="VBN">glazed</w> <w type="IN">with</w> <w type="CD">three</w> <w type="NNS">coats</w> <w type="IN">of</w> <w type="NP">Creek-Turn</w> <w type="NN">bottle</w> <w type="JJ">green</w> <w type="NN">antique</w> <w type="NN">glaze</w> <c type="pct">.</c> </s>
<s n="164"><w type="NN">Outside</w> <w type="BEDZ">was</w> <w type="VBN">finished</w> <w type="IN">with</w> <w type="NP">Creek-Turn</w> <w type="JJ">brown</w> <w type="NN">toner</w> <w type="VBN">brushed</w> <w type="RP">on</w> <w type="CC">and</w> <w type="VBN">sponged</w> <w type="RP">off</w> <w type="TO">to</w> <w type="VB">give</w> <w type="NN">antique</w> <w type="NN">finish</w> <c type="pct">.</c> </s>
<s n="165"><w type="VBN">Fired</w> <w type="IN">to</w> <w type="NN">cone</w> <w type="CD">06-05</w> <c type="pct">.</c> </s>
</p>
<p><s n="166"><w type="VBG" subtype="HL">Changing</w> <w type="NNS" subtype="HL">colors</w> </s>
<s n="167"><w type="TO" subtype="HL">to</w> <w type="VB" subtype="HL">change</w> <w type="IN" subtype="HL">from</w> <w type="CD" subtype="HL">one</w> <w type="NN" subtype="HL">color</w> <w type="NN" subtype="HL">yarn</w> <w type="IN" subtype="HL">to</w> <w type="DT" subtype="HL">another</w> <c type="pct">:</c> </s>
<s n="168"><w type="WRB">When</w> <w type="VBG">changing</w> <w type="IN">from</w> <w type="CD">one</w> <w type="NN">color</w> <w type="IN">to</w> <w type="DT">another</w> <c type="pct">,</c> <w type="CS">whether</w> <w type="VBG">working</w> <w type="IN">on</w> <w type="JJ">right</w> <w type="CC">or</w> <w type="JJ">wrong</w> <w type="NN">side</w> <c type="pct">,</c> <w type="VB">pick</w> <w type="RP">up</w> <w type="AT">the</w> <w type="JJ">new</w> <w type="NN">strand</w> <w type="IN">from</w> <w type="IN">underneath</w> <w type="VBN">dropped</w> <w type="NN">strand</w> <c type="pct">.</c> </s>
<s n="169"><w type="NN">Photograph</w> <w type="VBZ">shows</w> <w type="AT">the</w> <w type="JJ">wrong</w> <w type="NN">side</w> <w type="IN">of</w> <w type="NN">work</w> <w type="IN">with</w> <w type="JJ">light</w> <w type="NN">strand</w> <w type="BEG">being</w> <w type="VBN">picked</w> <w type="RP">up</w> <w type="IN">under</w> <w type="JJ">dark</w> <w type="NN">strand</w> <w type="IN">in</w> <w type="NN">position</w> <w type="TO">to</w> <w type="BE">be</w> <w type="VBN">purled</w> <c type="pct">.</c> </s>
<s n="170"><w type="TO" subtype="HL">To</w> <w type="VB" subtype="HL">measure</w> <w type="NN" subtype="HL">work</w> <c type="pct">:</c> </s>
<s n="171"><w type="VB">Spread</w> <w type="NN">article</w> <w type="IN">on</w> <w type="JJ">flat</w> <w type="NN">surface</w> <w type="IN">to</w> <w type="VBN">required</w> <w type="NN">width</w> <w type="CS">before</w> <w type="VBG">measuring</w> <w type="NN">length</w> <w type="IN">at</w> <w type="NN">center</w> <c type="pct">.</c> </s>
</p>
<p><s n="172"><w type="VBG" subtype="HL">Measuring</w> <w type="NN" subtype="HL">armhole</w> </s>
<s n="173"><w type="TO" subtype="HL">to</w> <w type="VB" subtype="HL">measure</w> <w type="NN" subtype="HL">armhole</w> <c type="pct">:</c> </s>
<s n="174"><w type="VB">Mark</w> <w type="NN">row</w> <w type="IN">on</w> <w type="WDT">which</w> <w type="OD">first</w> <w type="NNS">stitches</w> <w type="HV">have</w> <w type="BEN">been</w> <w type="VBN">bound</w> <w type="RP">off</w> <w type="IN">for</w> <w type="NN">armhole</w> <w type="IN">by</w> <w type="VBG">drawing</w> <w type="AT">a</w> <w type="VBG">contrasting</w> <w type="VBN">colored</w> <w type="NN">thread</w> <w type="IN">through</w> <w type="PPO">it</w> <c type="pct">.</c> </s>
<s n="175"><w type="VB">Place</w> <w type="NN">work</w> <w type="IN">on</w> <w type="AT">a</w> <w type="JJ">flat</w> <w type="NN">surface</w> <w type="CC">and</w> <w type="VB">smooth</w> <w type="RP">out</w> <c type="pct">.</c> </s>
<s n="176"><w type="VB">Measure</w> <w type="RB">straight</w> <w type="RP">up</w> <w type="IN">from</w> <w type="VBN">marked</w> <w type="NN">row</w> <c type="pct">.</c> </s>
<s n="177"><w type="VB">See</w> <w type="NN">illustration</w> <c type="pct">.</c> </s>
<s n="178"><w type="TO" subtype="HL">To</w> <w type="VB" subtype="HL">insert</w> <w type="NNS" subtype="HL">markers</w> <c type="pct">:</c> </s>
<s n="179"><w type="WRB">When</w> <w type="NNS">directions</w> <w type="VB">read</w> <c type="pct">``</c> <w type="NN">sl</w> <w type="AT">a</w> <w type="NN">marker</w> <w type="IN">on</w> <w type="NN">needle</w> <c type="pct">''</c> <c type="pct">,</c> <w type="VB">put</w> <w type="AT">a</w> <w type="JJ">small</w> <w type="NN">safety</w> <w type="NN">pin</w> <c type="pct">,</c> <w type="NN">paper</w> <w type="NN">clip</w> <c type="pct">,</c> <w type="CC">or</w> <w type="JJ">commercial</w> <w type="NN">ring</w> <w type="NN">marker</w> <w type="IN">on</w> <w type="NN">needle</w> <c type="pct">.</c> </s>
<s n="180"><w type="IN">In</w> <w type="VBG">working</w> <c type="pct">,</c> <w type="RB">always</w> <w type="VB">slip</w> <w type="NN">marker</w> <w type="IN">from</w> <w type="CD">one</w> <w type="NN">needle</w> <w type="IN">to</w> <w type="DT">another</w> <c type="pct">.</c> </s>
<s n="181"><w type="TO">To</w> <w type="VB">mark</w> <w type="AT">a</w> <w type="NN">row</w> <w type="CC">or</w> <w type="NN">stitch</w> <c type="pct">,</c> <w type="VB">tie</w> <w type="VBG">contrasting</w> <w type="NN">thread</w> <w type="IN">around</w> <w type="NN">end</w> <w type="IN">of</w> <w type="NN">row</w> <w type="CC">or</w> <w type="NN">stitch</w> <w type="TO">to</w> <w type="BE">be</w> <w type="VBN">marked</w> <c type="pct">.</c> </s>
</p>
<p><s n="182"><w type="VBG" subtype="HL">Backstitching</w> <w type="NN" subtype="HL">seam</w> </s>
<s n="183"><w type="TO" subtype="HL">to</w> <w type="VB" subtype="HL">sew</w> <w type="NNS" subtype="HL">seams</w> <w type="IN" subtype="HL">with</w> <w type="NN" subtype="HL">backstitch</w> <c type="pct">:</c> </s>
<s n="184"><w type="AP">Most</w> <w type="NNS">seams</w> <w type="BER">are</w> <w type="VBN">sewn</w> <w type="IN">with</w> <w type="NN">backstitch</w> <c type="pct">,</c> <w type="RB">especially</w> <w type="IN">on</w> <w type="VBN">curved</w> <c type="pct">,</c> <w type="VBN">slanted</w> <w type="CC">or</w> <w type="JJ">loose</w> <w type="NNS">edges</w> <c type="pct">.</c> </s>
<s n="185"><w type="VB">Pin</w> <w type="JJ">right</w> <w type="NNS">sides</w> <w type="IN">of</w> <w type="NNS">pieces</w> <w type="RB">together</w> <c type="pct">,</c> <w type="VBG">keeping</w> <w type="NNS">edges</w> <w type="JJ">even</w> <w type="CC">and</w> <w type="VBG">matching</w> <w type="NNS">rows</w> <w type="CC">or</w> <w type="NNS">patterns</w> <c type="pct">.</c> </s>
<s n="186"><w type="VB">Thread</w> <w type="VBG">matching</w> <w type="NN">yarn</w> <w type="IN">in</w> <w type="NN">tapestry</w> <w type="NN">needle</w> <c type="pct">.</c> </s>
<s n="187"><w type="VB">Run</w> <w type="NN">end</w> <w type="IN">of</w> <w type="NN">yarn</w> <w type="IN">through</w> <w type="AP">several</w> <w type="NNS">stitches</w> <w type="IN">along</w> <w type="NN">edge</w> <w type="TO">to</w> <w type="VB">secure</w> <c type="pct">;</c> <c type="pct">;</c> </s>
<s n="188"><w type="VB">backstitch</w> <w type="NNS">pieces</w> <w type="RB">together</w> <w type="RB">close</w> <w type="IN">to</w> <w type="NN">edge</w> <c type="pct">.</c> </s>
<s n="189"><w type="DO">Do</w> <w type="NEG">not</w> <w type="VB">draw</w> <w type="NN">yarn</w> <w type="QL">too</w> <w type="JJ">tight</w> <c type="pct">.</c> </s>
<s n="190"><w type="VB">See</w> <w type="NN">illustration</w> <c type="pct">.</c> </s>
<s n="191"><w type="TO" subtype="HL">To</w> <w type="VB" subtype="HL">sew</w> <w type="RP" subtype="HL">in</w> <w type="NNS" subtype="HL">sleeves</w> <c type="pct">:</c> </s>
<s n="192"><w type="VB">Place</w> <w type="NN">sleeve</w> <w type="NN">seam</w> <w type="IN">at</w> <w type="NN">center</w> <w type="NN">underarm</w> <w type="CC">and</w> <w type="NN">center</w> <w type="IN">of</w> <w type="NN">sleeve</w> <w type="NN">cap</w> <w type="IN">at</w> <w type="NN">shoulder</w> <w type="NN">seam</w> <c type="pct">.</c> </s>
<s n="193"><w type="VB">Ease</w> <w type="RP">in</w> <w type="DTI">any</w> <w type="JJ">extra</w> <w type="NN">fullness</w> <w type="RB">evenly</w> <w type="RB">around</w> <c type="pct">.</c> </s>
<s n="194"><w type="VB">Backstitch</w> <w type="NN">seam</w> <c type="pct">.</c> </s>
</p>
<p><s n="195"><w type="VBG" subtype="HL">Weaving</w> <w type="NN" subtype="HL">seam</w> </s>
<s n="196"><w type="TO" subtype="HL">to</w> <w type="VB" subtype="HL">weave</w> <w type="NNS" subtype="HL">seams</w> <w type="RB" subtype="HL">together</w> <c type="pct">:</c> </s>
<s n="197"><w type="JJ">Straight</w> <w type="JJ">vertical</w> <w type="NNS">edges</w> <c type="pct">,</c> <w type="JJ">such</w> <w type="CS">as</w> <w type="DTS">those</w> <w type="IN">at</w> <w type="AT">the</w> <w type="NN">back</w> <w type="NN">seam</w> <w type="IN">of</w> <w type="AT">a</w> <w type="NN">sock</w> <c type="pct">,</c> <w type="MD">can</w> <w type="BE">be</w> <w type="VBN">woven</w> <w type="RB">together</w> <w type="RB">invisibly</w> <c type="pct">.</c> </s>
<s n="198"><w type="VB">Thread</w> <w type="VBG">matching</w> <w type="NN">yarn</w> <w type="IN">in</w> <w type="NN">tapestry</w> <w type="NN">needle</w> <c type="pct">.</c> </s>
<s n="199"><w type="VB">Hold</w> <w type="NNS">edges</w> <w type="RB">together</w> <c type="pct">,</c> <w type="JJ">right</w> <w type="NN">side</w> <w type="RP">up</w> <c type="pct">.</c> </s>
</p>
<p></p></body></text></TEI>
