<TEI xmlns="http://www.tei-c.org/ns/1.0"><teiHeader><fileDesc><titleStmt><title>Sample E26 from  Bern Dibner, "Oerstad and the Discovery of Electromagnetism"
 Electrical Engineering, 80:6 (June, 1961), 426-428
 Used by permission0010-1850
</title></titleStmt><editionStmt><edition>A part  of the XML version of the Brown Corpus</edition></editionStmt><extent>2,012 words 388 (19.3%) quotes</extent><publicationStmt><idno>E26</idno><availability><p/></availability></publicationStmt><sourceDesc><bibl> Bern Dibner, "Oerstad and the Discovery of Electromagnetism"
 Electrical Engineering, 80:6 (June, 1961), 426-428
 Used by permission0010-1850
</bibl></sourceDesc></fileDesc><encodingDesc><p>Typographical Error: Han's [for Hans'] [0470]</p></encodingDesc><revisionDesc><change when="2008-04-27">Header auto-generated for TEI version</change></revisionDesc></teiHeader>
<text xml:id="E26" decls="E">
<body><p><s n="1"><w type="NPg">Oersted's</w> <w type="NN">boyhood</w> <w type="VBD">represented</w> <w type="AT">a</w> <w type="JJ">minimal</w> <w type="NN">chance</w> <w type="IN">of</w> <w type="CC">either</w> <w type="VBG">attaining</w> <w type="NN">greatness</w> <w type="CC">or</w> <w type="VBG">serving</w> <w type="PPg">his</w> <w type="NNS">people</w> <w type="QL">so</w> <w type="RB">well</w> <w type="CC">and</w> <w type="IN">over</w> <w type="QL">so</w> <w type="JJ">long</w> <w type="AT">a</w> <w type="NN">span</w> <w type="IN">of</w> <w type="NN">life</w> <c type="pct">.</c> </s>
<s n="2"><w type="PPS">He</w> <w type="BEDZ">was</w> <w type="VBN">born</w> <w type="IN">in</w> <w type="AT">the</w> <w type="JJ">small</w> <w type="JJ">Danish</w> <w type="NN">town</w> <w type="IN">of</w> <w type="NP">Rudkoebing</w> <w type="IN">on</w> <w type="AT">the</w> <w type="NN">island</w> <w type="IN">of</w> <w type="NP">Langeland</w> <w type="IN">in</w> <w type="AT">the</w> <w type="JJ">south-central</w> <w type="NN">part</w> <w type="IN">of</w> <w type="NP">Denmark</w> <w type="IN">on</w> <w type="NP">August</w> <w type="CD">14</w> <c type="pct">,</c> <w type="CD">1777</w> <c type="pct">.</c> </s>
<s n="3"><w type="PPg">His</w> <w type="NN">father</w> <w type="NP">Soeren</w> <w type="BEDZ">was</w> <w type="AT">the</w> <w type="NN">village</w> <w type="NN">apothecary</w> <w type="WPg">whose</w> <w type="JJ">slender</w> <w type="NN">income</w> <w type="VBD">made</w> <w type="PPO">it</w> <w type="JJ">difficult</w> <w type="TO">to</w> <w type="VB">feed</w> <w type="PPg">his</w> <w type="NN">family</w> <c type="pct">,</c> <w type="VB">let</w> <w type="RB">alone</w> <w type="VB">educate</w> <w type="PPO">them</w> <w type="IN">in</w> <w type="AT">a</w> <w type="NN">town</w> <w type="IN">without</w> <w type="RB">even</w> <w type="AT">a</w> <w type="NN">school</w> <c type="pct">.</c> </s>
<s n="4"><w type="AT">The</w> <w type="CD">two</w> <w type="JJR">older</w> <w type="NNS">boys</w> <c type="pct">,</c> <w type="NP">Hans</w> <w type="CC">and</w> <w type="NP">Anders</w> <c type="pct">,</c> <w type="PPg">his</w> <w type="JJ">junior</w> <w type="IN">by</w> <w type="AT">a</w> <w type="NN">year</w> <c type="pct">,</c> <w type="RB">therefore</w> <w type="VBD">went</w> <w type="RB">daily</w> <w type="IN">to</w> <w type="AT">the</w> <w type="NN">home</w> <w type="IN">of</w> <w type="AT">a</w> <w type="JJ">warm</w> <w type="CC">and</w> <w type="JJ">friendly</w> <w type="NN">wigmaker</w> <w type="RB">nearby</w> <w type="IN">for</w> <w type="NN">instruction</w> <w type="IN">in</w> <w type="NP">German</w> <c type="pct">;</c> <c type="pct">;</c> </s>
<s n="5"><w type="PPg">his</w> <w type="NN">wife</w> <w type="VBD">taught</w> <w type="AT">the</w> <w type="CD">two</w> <w type="NNS">boys</w> <w type="TO">to</w> <w type="VB">read</w> <w type="CC">and</w> <w type="VB">write</w> <w type="JJ">Danish</w> <c type="pct">.</c> </s>
<s n="6"><w type="AP">Other</w> <w type="NNS">brothers</w> <w type="RBR">later</w> <w type="VBD">joined</w> <w type="PPO">them</w> <w type="IN">for</w> <w type="NN">instruction</w> <w type="IN">with</w> <w type="NP">Oldenburg</w> <c type="pct">,</c> <w type="AT">the</w> <w type="NN">wigmaker</w> <c type="pct">,</c> <w type="CC">and</w> <w type="RB">also</w> <w type="NN">arithmetic</w> <w type="BEDZ">was</w> <w type="VBN">added</w> <w type="IN">to</w> <w type="NP">Bible</w> <w type="NN">reading</w> <c type="pct">,</c> <w type="JJ">German</w> <c type="pct">,</c> <w type="CC">and</w> <w type="JJ">Danish</w> <w type="IN">in</w> <w type="AT">the</w> <w type="JJ">informal</w> <w type="NN">curriculum</w> <c type="pct">.</c> </s>
<s n="7"><w type="NPg">Oldenburg's</w> <w type="NNS">contributions</w> <w type="BED">were</w> <w type="RB">soon</w> <w type="VBN">exhausted</w> <w type="CC">and</w> <w type="AT">the</w> <w type="NNS">boys</w> <w type="HVD">had</w> <w type="TO">to</w> <w type="VB">turn</w> <w type="IN">to</w> <w type="AT">a</w> <w type="JJR">wider</w> <w type="NN">circle</w> <w type="IN">of</w> <w type="AT">the</w> <w type="NNg">town's</w> <w type="VBN">learned</w> <c type="pct">,</c> <w type="JJ">such</w> <w type="CS">as</w> <w type="AT">the</w> <w type="NN">pastor</w> <c type="pct">,</c> <w type="TO">to</w> <w type="VB">supplement</w> <w type="AT">the</w> <w type="JJ">simple</w> <w type="NN">teaching</w> <c type="pct">.</c> </s>
<s n="8"><w type="IN">From</w> <w type="AT">the</w> <w type="NN">town</w> <w type="NN">surveyor</w> <c type="pct">,</c> <w type="NP">Hans</w> <w type="VBD">learned</w> <w type="VBG">drawing</w> <w type="CC">and</w> <w type="NN">mathematics</w> <w type="CC">and</w> <c type="pct">,</c> <w type="IN">from</w> <w type="AT">a</w> <w type="NN">university</w> <w type="NN">student</w> <c type="pct">,</c> <w type="DTI">some</w> <w type="JJ">academic</w> <w type="NNS">subjects</w> <c type="pct">.</c> </s>
<s n="9"><w type="AT">The</w> <w type="NN">mayor</w> <w type="IN">of</w> <w type="AT">the</w> <w type="NN">town</w> <w type="VBD">taught</w> <w type="PPO">them</w> <w type="NP">English</w> <w type="CC">and</w> <w type="NP">French</w> <c type="pct">.</c> </s>
<s n="10"><w type="WDT">Whatever</w> <w type="NP">Hans</w> <w type="CC">or</w> <w type="NP">Anders</w> <w type="VBD">learned</w> <w type="RB">separately</w> <w type="PPSS">they</w> <w type="VBD">passed</w> <w type="RP">on</w> <w type="IN">to</w> <w type="DT">each</w> <w type="AP">other</w> <c type="pct">;</c> <c type="pct">;</c> </s>
<s n="11"><w type="PPSS">they</w> <w type="VBD">read</w> <w type="AT">every</w> <w type="NN">book</w> <w type="CS">that</w> <w type="PPSS">they</w> <w type="MD">could</w> <w type="VB">borrow</w> <w type="IN">in</w> <w type="AT">the</w> <w type="NN">village</w> <c type="pct">.</c> </s>
<s n="12"><w type="IN">At</w> <w type="CD">12</w> <c type="pct">,</c> <w type="NP">Hans</w> <w type="BEDZ">was</w> <w type="QL">sufficiently</w> <w type="JJ">mature</w> <w type="TO">to</w> <w type="VB">help</w> <w type="PPg">his</w> <w type="NN">father</w> <w type="IN">in</w> <w type="AT">the</w> <w type="NN">apothecary</w> <w type="NN">shop</w> <c type="pct">,</c> <w type="WDT">which</w> <w type="VBD">helped</w> <w type="VB">stimulate</w> <w type="PPg">his</w> <w type="NN">interest</w> <w type="IN">in</w> <w type="NN">medicine</w> <w type="CC">and</w> <w type="NN">science</w> <c type="pct">.</c> </s>
<s n="13"><w type="PPg">His</w> <w type="JJR">earlier</w> <w type="NN">love</w> <w type="IN">for</w> <w type="NN">literature</w> <w type="CC">and</w> <w type="NN">history</w> <w type="VBD">remained</w> <w type="IN">with</w> <w type="PPO">him</w> <w type="IN">for</w> <w type="PPg">his</w> <w type="JJ">entire</w> <w type="NN">life</w> <c type="pct">.</c> </s>
</p>
<p><s n="14"><w type="IN">In</w> <w type="CD">1793</w> <w type="AT">the</w> <w type="NNS">brothers</w> <w type="VBD">decided</w> <w type="TO">to</w> <w type="VB">enter</w> <w type="AT">the</w> <w type="NN" subtype="TL">University</w> <w type="IN" subtype="TL">of</w> <w type="NP" subtype="TL">Copenhagen</w> <c type="pct">(</c> <w type="VBN">founded</w> <w type="IN">in</w> <w type="CD">1479</w> <c type="pct">)</c> <w type="CC">and</w> <w type="AT">the</w> <w type="VBG">following</w> <w type="NN">spring</w> <w type="VBD">found</w> <w type="PPO">them</w> <w type="IN">at</w> <w type="AT">the</w> <w type="NN">university</w> <w type="VBG">preparing</w> <w type="TO">to</w> <w type="VB">matriculate</w> <w type="IN">for</w> <w type="AT">the</w> <w type="NN">autumn</w> <w type="NN">session</w> <c type="pct">.</c> </s>
<s n="15"><w type="CS">While</w> <w type="NP">Hans</w> <w type="VBD">devoted</w> <w type="PPL">himself</w> <w type="IN">to</w> <w type="AT">the</w> <w type="NNS">sciences</w> <w type="IN">of</w> <w type="NN">medicine</w> <c type="pct">,</c> <w type="NN">physics</w> <c type="pct">,</c> <w type="CC">and</w> <w type="NN">astronomy</w> <c type="pct">,</c> <w type="PPg">his</w> <w type="NN">brother</w> <w type="VBD">studied</w> <w type="NN">law</w> <c type="pct">.</c> </s>
<s n="16"><w type="AT">The</w> <w type="NNS">brothers</w> <w type="VBD">continued</w> <w type="TO">to</w> <w type="VB">help</w> <w type="DT">each</w> <w type="AP">other</w> <w type="IN">during</w> <w type="PPg">their</w> <w type="NNS">studies</w> <c type="pct">,</c> <w type="VBG">sharing</w> <w type="AT">a</w> <w type="JJ">joint</w> <w type="NN">purse</w> <c type="pct">,</c> <w type="VBG">lodging</w> <w type="RB">together</w> <w type="IN">in</w> <w type="AT">the</w> <w type="NN">dormitory</w> <w type="CC">and</w> <w type="VBG">dining</w> <w type="RB">together</w> <w type="IN">at</w> <w type="AT">the</w> <w type="NN">home</w> <w type="IN">of</w> <w type="PPg">their</w> <w type="NN">aunt</w> <c type="pct">.</c> </s>
<s n="17"><w type="PPSS">They</w> <w type="VBD">supplemented</w> <w type="PPg">their</w> <w type="NN">income</w> <w type="IN">by</w> <w type="JJ">small</w> <w type="NN">government</w> <w type="NN">assistance</w> <c type="pct">,</c> <w type="IN">by</w> <w type="VBG">tutoring</w> <w type="CC">and</w> <w type="VBG">economizing</w> <w type="WRB">wherever</w> <w type="PPSS">they</w> <w type="MD">could</w> <c type="pct">.</c> </s>
<s n="18"><w type="QL">So</w> <w type="JJ">impressive</w> <w type="BED">were</w> <w type="DTS">those</w> <w type="JJ">serious</w> <w type="NNS">years</w> <w type="IN">of</w> <w type="NN">study</w> <w type="IN">at</w> <w type="AT">the</w> <w type="NN">university</w> <w type="CS">that</w> <w type="NP">Hans</w> <w type="RBR">later</w> <w type="VBD">wrote</w> <c type="pct">,</c> <c type="pct">``</c> <w type="TO">to</w> <w type="BE">be</w> <w type="QL">perfectly</w> <w type="JJ">free</w> <c type="pct">,</c> <w type="AT">the</w> <w type="JJ">young</w> <w type="NN">man</w> <w type="MD">must</w> <w type="VB">revel</w> <w type="IN">in</w> <w type="AT">the</w> <w type="JJ">great</w> <w type="NN">kingdom</w> <w type="IN">of</w> <w type="NN">thought</w> <w type="CC">and</w> <w type="NN">imagination</w> <c type="pct">;</c> <c type="pct">;</c> </s>
<s n="19"><w type="EX">there</w> <w type="BEZ">is</w> <w type="AT">a</w> <w type="NN">struggle</w> <w type="RB">there</w> <c type="pct">,</c> <w type="IN">in</w> <w type="WDT">which</w> <c type="pct">,</c> <w type="CS">if</w> <w type="PPS">he</w> <w type="VBZ">falls</w> <c type="pct">,</c> <w type="PPS">it</w> <w type="BEZ">is</w> <w type="JJ">easy</w> <w type="IN">for</w> <w type="PPO">him</w> <w type="TO">to</w> <w type="VB">rise</w> <w type="RB">again</w> <c type="pct">,</c> <w type="EX">there</w> <w type="BEZ">is</w> <w type="NN">freedom</w> <w type="IN">of</w> <w type="NN">utterance</w> <w type="RB">there</w> <c type="pct">,</c> <w type="WDT">which</w> <w type="VBZ">draws</w> <w type="IN">after</w> <w type="PPO">it</w> <w type="AT">no</w> <w type="JJ">irreparable</w> <w type="NNS">consequences</w> <w type="IN">on</w> <w type="NN">society</w> <c type="pct">.</c> </s>
<s n="20"><w type="PPSS">I</w> <w type="VBD">lived</w> <w type="IN">in</w> <w type="DT">this</w> <w type="JJ">onward-driving</w> <w type="NN">contest</w> <w type="WRB">where</w> <w type="DT">each</w> <w type="NN">day</w> <w type="VBD">overcame</w> <w type="AT">a</w> <w type="JJ">new</w> <w type="NN">difficulty</w> <c type="pct">,</c> <w type="VBD">gained</w> <w type="AT">a</w> <w type="JJ">new</w> <w type="NN">truth</w> <c type="pct">,</c> <w type="CC">or</w> <w type="VBD">banished</w> <w type="AT">a</w> <w type="JJ">previous</w> <w type="NN">error</w> <c type="pct">''</c> <c type="pct">.</c> </s>
<s n="21"><w type="PPS">He</w> <w type="RB">openly</w> <w type="VBD">proclaimed</w> <w type="PPg">his</w> <w type="NN">pleasure</w> <w type="IN">in</w> <w type="VBG">lecturing</w> <w type="CC">and</w> <w type="VBG">writing</w> <w type="IN">about</w> <w type="NN">science</w> <c type="pct">.</c> </s>
<s n="22"><w type="IN">In</w> <w type="DT">this</w> <w type="OD">third</w> <w type="NN">year</w> <w type="IN">at</w> <w type="AT">the</w> <w type="NN">university</w> <c type="pct">,</c> <w type="NP">Hans</w> <c type="pct">,</c> <w type="IN">in</w> <w type="CD">1797</w> <c type="pct">,</c> <w type="BEDZ">was</w> <w type="VBN">awarded</w> <w type="AT">the</w> <w type="OD">first</w> <w type="JJ">important</w> <w type="NN">token</w> <w type="IN">of</w> <w type="NN">recognition</w> <c type="pct">,</c> <w type="AT">a</w> <w type="NN">gold</w> <w type="NN">medal</w> <w type="IN">for</w> <w type="PPg">his</w> <w type="NN">essay</w> <w type="IN">on</w> <c type="pct">``</c> <w type="NNS" subtype="TL">Limits</w> <w type="IN" subtype="TL">Of</w> <w type="NN" subtype="TL">Poetry</w> <w type="CC" subtype="TL">And</w> <w type="NN" subtype="TL">Prose</w> <c type="pct">''</c> <c type="pct">.</c> </s>
<s n="23"><w type="PPS">He</w> <w type="VBD">completed</w> <w type="PPg">his</w> <w type="NN">training</w> <w type="IN">in</w> <w type="NN">pharmacy</w> <w type="RB">also</w> <c type="pct">,</c> <w type="VBG">taking</w> <w type="PPg">his</w> <w type="NN">degree</w> <w type="IN">with</w> <w type="JJ">high</w> <w type="NNS">honors</w> <w type="IN">in</w> <w type="CD">1797</w> <c type="pct">,</c> <w type="CC">and</w> <w type="IN">in</w> <w type="CD">1799</w> <w type="BEDZ">was</w> <w type="VBN">awarded</w> <w type="AT">the</w> <w type="NN">degree</w> <w type="IN">of</w> <w type="NN" subtype="TL">Doctor</w> <w type="IN" subtype="TL">of</w> <w type="NN" subtype="TL">Philosophy</w> <w type="RB">along</w> <w type="IN">with</w> <w type="AT">a</w> <w type="NN">prize</w> <w type="IN">for</w> <w type="AT">an</w> <w type="NN">essay</w> <w type="IN">in</w> <w type="NN">medicine</w> <c type="pct">.</c> </s>
<s n="24"><w type="PPS">He</w> <w type="VBD">proposed</w> <w type="AT">a</w> <w type="JJ">fresh</w> <w type="NN">theory</w> <w type="IN">of</w> <w type="NNS">alkalis</w> <w type="WDT">which</w> <w type="RBR">later</w> <w type="BEDZ">was</w> <w type="VBN">accepted</w> <w type="IN">in</w> <w type="NN">chemical</w> <w type="NNS">practices</w> <c type="pct">.</c> </s>
</p>
<p><s n="25"><w type="NN" subtype="HL">Ferment</w> <w type="IN" subtype="HL">of</w> <w type="JJ" subtype="HL">scientific</w> <w type="NN" subtype="HL">activity</w> </s>
<s n="26"><w type="NPg">Hans'</w> <w type="NN">student</w> <w type="NNS">days</w> <w type="BED">were</w> <w type="IN">at</w> <w type="AT">a</w> <w type="NN">time</w> <w type="WRB">when</w> <w type="NP">Europe</w> <w type="BEDZ">was</w> <w type="IN">in</w> <w type="AT">a</w> <w type="JJ">new</w> <w type="JJ">intellectual</w> <w type="NN">ferment</w> <w type="VBG">following</w> <w type="AT">the</w> <w type="NNS">revolutions</w> <w type="IN">in</w> <w type="NP">America</w> <w type="CC">and</w> <w type="IN">in</w> <w type="NP">France</w> <c type="pct">,</c> <w type="NP">Germany</w> <w type="CC">and</w> <w type="NP">Italy</w> <w type="BED">were</w> <w type="VBG">rising</w> <w type="IN">from</w> <w type="JJ">divisive</w> <w type="NNS">nationalisms</w> <w type="CC">and</w> <w type="AT">a</w> <w type="JJ">strong</w> <w type="NN">wave</w> <w type="IN">of</w> <w type="JJ">intellectual</w> <w type="NN">awareness</w> <w type="BEDZ">was</w> <w type="VBG">sweeping</w> <w type="AT">the</w> <w type="NN" subtype="TL">Continent</w> <c type="pct">.</c> </s>
</p>
<p><s n="27"><w type="AT">The</w> <w type="JJ">new</w> <w type="NN">century</w> <w type="VBD">opened</w> <w type="IN">with</w> <w type="NP">Oersted</w> <w type="VBG">beginning</w> <w type="PPg">his</w> <w type="JJ">professional</w> <w type="NN">career</w> <w type="IN">in</w> <w type="NN">charge</w> <w type="IN">of</w> <w type="AT">an</w> <w type="NN">apothecary</w> <w type="NN">shop</w> <w type="IN">in</w> <w type="NP">Copenhagen</w> <w type="CC">and</w> <w type="CS">as</w> <w type="NN">lecturer</w> <w type="IN">at</w> <w type="AT">the</w> <w type="NN">university</w> <c type="pct">.</c> </s>
<s n="28"><w type="PPS">He</w> <w type="BEDZ">was</w> <w type="VBN">stirred</w> <w type="IN">by</w> <w type="AT">the</w> <w type="NN">announcement</w> <w type="IN">of</w> <w type="NPg">Volta's</w> <w type="NN">discovery</w> <w type="IN">of</w> <w type="NN">chemical</w> <w type="NN">electricity</w> <w type="CC">and</w> <w type="PPS">he</w> <w type="RB">immediately</w> <w type="VBD">applied</w> <w type="AT">the</w> <w type="JJ">voltaic</w> <w type="NN">pile</w> <w type="IN">to</w> <w type="NNS">experiments</w> <w type="IN">with</w> <w type="NNS">acids</w> <w type="CC">and</w> <w type="NNS">alkalis</w> <c type="pct">.</c> </s>
<s n="29"><w type="AT">The</w> <w type="VBG">following</w> <w type="NN">year</w> <w type="PPS">he</w> <w type="VBD">devoted</w> <w type="IN">to</w> <w type="AT">the</w> <w type="JJ">customary</w> <c type="pct">``</c> <w type="NN" subtype="FW">Wanderjahr</w> <c type="pct">''</c> <c type="pct">,</c> <w type="VBG">traveling</w> <w type="IN">in</w> <w type="NP">Germany</w> <c type="pct">,</c> <w type="NP">France</w> <c type="pct">,</c> <w type="CC">and</w> <w type="AT">the</w> <w type="NP">Netherlands</w> <c type="pct">,</c> <w type="VBG">meeting</w> <w type="AT">the</w> <w type="NNS">philosophers</w> <w type="NP">Schelling</w> <c type="pct">,</c> <w type="NP">Fichte</w> <c type="pct">,</c> <w type="CC">and</w> <w type="NP">Tieck</w> <c type="pct">.</c> </s>
<s n="30"><w type="PPS">He</w> <w type="RB">also</w> <w type="VBD">met</w> <w type="NN" subtype="TL">Count</w> <w type="NP">Rumford</w> <c type="pct">(</c> <w type="VBN">born</w> <w type="NP">Benjamin</w> <w type="NP">Thompson</w> <w type="IN">in</w> <w type="NP">Woburn</w> <c type="pct">,</c> <w type="NP">Mass.</w> <c type="pct">)</c> <w type="WPS">who</w> <w type="BEDZ">was</w> <w type="RB">then</w> <w type="VBG">serving</w> <w type="AT">the</w> <w type="NN" subtype="TL">Elector</w> <w type="IN" subtype="TL">of</w> <w type="NP" subtype="TL">Bavaria</w> <c type="pct">,</c> <w type="CC">and</w> <w type="AT">the</w> <w type="NN">physicist</w> <w type="NP">Ritter</w> <c type="pct">;</c> <c type="pct">;</c> </s>
<s n="31"><w type="DTS">these</w> <w type="BED">were</w> <w type="NPg">Oersted's</w> <w type="JJS">main</w> <w type="NNS">contacts</w> <w type="IN">in</w> <w type="NN">science</w> <c type="pct">.</c> </s>
</p>
<p><s n="32"><w type="IN">From</w> <w type="NP">Gottingen</w> <c type="pct">(</c> <w type="CD">1801</w> <c type="pct">)</c> <w type="WRB">where</w> <w type="PPS">he</w> <w type="VBD">stayed</w> <w type="IN">for</w> <w type="CD">10</w> <w type="NNS">days</w> <c type="pct">,</c> <w type="PPS">he</w> <w type="VBD">wrote</w> <c type="pct">,</c> <c type="pct">``</c> <w type="AT">The</w> <w type="OD">first</w> <w type="NN">question</w> <w type="VBN">asked</w> <w type="RB">everywhere</w> <w type="BEZ">is</w> <w type="IN">about</w> <w type="NN">galvanism</w> <c type="pct">.</c> </s>
<s n="33"><w type="CS">As</w> <w type="PN">everybody</w> <w type="BEZ">is</w> <w type="JJ">curious</w> <w type="TO">to</w> <w type="VB">see</w> <w type="AT">the</w> <w type="NN">battery</w> <w type="IN">of</w> <w type="NN">glass</w> <w type="NNS">tubes</w> <w type="PPSS">I</w> <w type="HV">have</w> <w type="VBN">invented</w> <c type="pct">,</c> <w type="PPSS">I</w> <w type="HV">have</w> <w type="HVN">had</w> <w type="ABL">quite</w> <w type="AT">a</w> <w type="JJ">small</w> <w type="CD">one</w> <w type="VBN">made</w> <w type="RB">here</w> <w type="IN">of</w> <w type="CD">four</w> <w type="NN">glass</w> <w type="NNS">tubes</w> <c type="pct">(</c> <w type="IN">in</w> <w type="NP">Copenhagen</w> <w type="PPSS">I</w> <w type="VBD">used</w> <w type="CD">30</w> <c type="pct">)</c> <w type="CC">and</w> <w type="VB">intend</w> <w type="TO">to</w> <w type="VB">carry</w> <w type="PPO">it</w> <w type="IN">with</w> <w type="PPO">me</w> <c type="pct">''</c> <c type="pct">.</c> </s>
<s n="34"><w type="NP">Oersted</w> <w type="VBD">joined</w> <w type="NP">Ritter</w> <w type="IN">at</w> <w type="NP">Jena</w> <w type="CC">and</w> <w type="VBD">stayed</w> <w type="IN">with</w> <w type="PPO">him</w> <w type="IN">for</w> <w type="CD">3</w> <w type="NNS">weeks</w> <c type="pct">,</c> <w type="VBG">continuing</w> <w type="PPg">their</w> <w type="NN">correspondence</w> <w type="CS">after</w> <w type="PPS">he</w> <w type="VBD">left</w> <c type="pct">.</c> </s>
<s n="35"><w type="IN">With</w> <w type="NP">Ritter</w> <w type="PPS">he</w> <w type="BEDZ">was</w> <w type="VBN">exposed</w> <w type="IN">to</w> <w type="AT">the</w> <w type="JJ">fantastic</w> <w type="NN">profusion</w> <w type="IN">of</w> <w type="NNS">ideas</w> <w type="WPS">that</w> <w type="VBD">stormed</w> <w type="IN">through</w> <w type="PPg">his</w> <w type="NNg">host's</w> <w type="JJ">fertile</w> <w type="CC">but</w> <w type="VBN">disorganized</w> <w type="NN">mind</w> <c type="pct">.</c> </s>
<s n="36"><w type="NP">Oersted</w> <w type="VBD">remodeled</w> <w type="NPg">Ritter's</w> <w type="NNS">notes</w> <w type="IN">into</w> <w type="AT">an</w> <w type="NN">essay</w> <w type="IN">in</w> <w type="NP">French</w> <w type="WDT">which</w> <w type="BEDZ">was</w> <w type="VBN">submitted</w> <w type="IN">to</w> <w type="AT">the</w> <w type="NN" subtype="FW">Institut</w> <w type="IN" subtype="FW">De</w> <w type="NP" subtype="TL">France</w> <w type="IN">for</w> <w type="PPg">its</w> <w type="JJ">annual</w> <w type="NN">prize</w> <w type="IN">of</w> <w type="CD">3,000</w> <w type="NNS">francs</w> <c type="pct">.</c> </s>
<s n="37"><w type="AT">The</w> <w type="JJ">sound</w> <w type="NNS">discoveries</w> <w type="IN">of</w> <w type="DT">this</w> <w type="JJ">quixotic</w> <w type="NN">genius</w> <w type="BED">were</w> <w type="QL">so</w> <w type="VBN">diluted</w> <w type="IN">by</w> <w type="DTS">those</w> <w type="IN">of</w> <w type="NN">fantasy</w> <w type="CS">that</w> <w type="AT">the</w> <w type="NN">prize</w> <w type="BEDZ">was</w> <w type="RB">never</w> <w type="VBN">awarded</w> <w type="IN">to</w> <w type="PPO">him</w> <c type="pct">.</c> </s>
<s n="38"><w type="IN">In</w> <w type="NP">May</w> <c type="pct">,</c> <w type="CD">1803</w> <c type="pct">,</c> <w type="NP">Ritter</w> <c type="pct">,</c> <w type="IN">in</w> <w type="DT">another</w> <w type="NN">flight</w> <w type="IN">of</w> <w type="NN">fancy</w> <c type="pct">,</c> <w type="VBD">wrote</w> <w type="IN">to</w> <w type="NP">Oersted</w> <w type="AT">a</w> <w type="NN">letter</w> <w type="WPS">that</w> <w type="VBD">contained</w> <w type="AT">a</w> <w type="JJ">remarkable</w> <w type="NN">prophecy</w> <c type="pct">.</c> </s>
<s n="39"><w type="PPS">He</w> <w type="VBD">related</w> <w type="NNS">events</w> <w type="IN">on</w> <w type="NN">earth</w> <w type="IN">to</w> <w type="JJ">periodic</w> <w type="JJ">celestial</w> <w type="NNS">phenomena</w> <w type="CC">and</w> <w type="VBD">indicated</w> <w type="CS">that</w> <w type="AT">the</w> <w type="NNS">years</w> <w type="IN">of</w> <w type="JJ">maximum</w> <w type="NN">inclination</w> <w type="IN">of</w> <w type="AT">the</w> <w type="NN">ecliptic</w> <w type="VBD">coincided</w> <w type="IN">with</w> <w type="AT">the</w> <w type="NNS">years</w> <w type="IN">of</w> <w type="JJ">important</w> <w type="JJ">electrical</w> <w type="NNS">discoveries</w> <c type="pct">.</c> </s>
<s n="40"><w type="RB">Thus</w> <c type="pct">,</c> <w type="CD">1745</w> <w type="VBD">corresponded</w> <w type="IN">to</w> <w type="AT">the</w> <w type="NN">invention</w> <w type="IN">of</w> <w type="AT">the</w> <c type="pct">``</c> <w type="NP">Leiden</w> <c type="pct">''</c> <w type="NN">jar</w> <w type="IN">by</w> <w type="NP">Kleist</w> <c type="pct">,</c> <w type="CD">1764</w> <w type="DT">that</w> <w type="IN">of</w> <w type="AT">the</w> <w type="NN">electrophorus</w> <w type="IN">by</w> <w type="NP">Wilcke</w> <c type="pct">,</c> <w type="CD">1782</w> <w type="VBD">produced</w> <w type="AT">the</w> <w type="NN">condenser</w> <w type="IN">of</w> <w type="NP">Volta</w> <c type="pct">,</c> <w type="CC">and</w> <w type="CD">1801</w> <w type="AT">the</w> <w type="JJ">voltaic</w> <w type="NN">pile</w> <c type="pct">.</c> </s>
<s n="41"><w type="NP">Ritter</w> <w type="VBD">proceeded</w> <c type="pct">,</c> <c type="pct">``</c> <w type="PPSS">You</w> <w type="RB">now</w> <w type="VB">emerge</w> <w type="IN">into</w> <w type="AT">a</w> <w type="JJ">new</w> <w type="NN">epoch</w> <w type="IN">in</w> <w type="WDT">which</w> <w type="RB">late</w> <w type="IN">in</w> <w type="AT">the</w> <w type="NN">year</w> <w type="CD">1819</w> <w type="CC">or</w> <w type="CD">1820</w> <c type="pct">,</c> <w type="PPSS">you</w> <w type="MD">will</w> <w type="HV">have</w> <w type="TO">to</w> <w type="VB">reckon</w> <c type="pct">.</c> </s>
<s n="42"><w type="DT">This</w> <w type="PPSS">we</w> <w type="MD">might</w> <w type="RB">well</w> <w type="VB">witness</w> <c type="pct">''</c> <c type="pct">.</c> </s>
<s n="43"><w type="NP">Ritter</w> <w type="VBD">died</w> <w type="IN">in</w> <w type="CD">1810</w> <w type="CC">and</w> <w type="NP">Oersted</w> <w type="NEG">not</w> <w type="RB">only</w> <w type="VBD">lived</w> <w type="TO">to</w> <w type="VB">see</w> <w type="AT">the</w> <w type="NN">event</w> <w type="VB">occur</w> <w type="CC">but</w> <w type="BEDZ">was</w> <w type="AT">the</w> <w type="NN">author</w> <w type="IN">of</w> <w type="PPO">it</w> <c type="pct">.</c> </s>
</p>
<p><s n="44"><w type="IN">In</w> <w type="CD">1803</w> <w type="NP">Oersted</w> <w type="VBD">returned</w> <w type="IN">to</w> <w type="NP">Copenhagen</w> <w type="CC">and</w> <w type="VBD">applied</w> <w type="IN">for</w> <w type="AT">the</w> <w type="NNg">university's</w> <w type="NN">chair</w> <w type="IN">in</w> <w type="NN">physics</w> <w type="CC">but</w> <w type="BEDZ">was</w> <w type="VBN">rejected</w> <w type="CS">because</w> <w type="PPS">he</w> <w type="BEDZ">was</w> <w type="RB">probably</w> <w type="VBN">considered</w> <w type="AP">more</w> <w type="AT">a</w> <w type="NN">philosopher</w> <w type="CS">than</w> <w type="AT">a</w> <w type="NN">physicist</w> <c type="pct">.</c> </s>
<s n="45"><w type="RB">However</w> <c type="pct">,</c> <w type="PPS">he</w> <w type="VBD">continued</w> <w type="VBG">experimenting</w> <w type="CC">and</w> <w type="VBG">lecturing</w> <c type="pct">,</c> <w type="VBG">publishing</w> <w type="AT">the</w> <w type="NNS">results</w> <w type="IN">of</w> <w type="PPg">his</w> <w type="NNS">experiments</w> <w type="IN">in</w> <w type="JJ">German</w> <w type="CC">and</w> <w type="JJ">Danish</w> <w type="NNS">periodicals</w> <c type="pct">.</c> </s>
<s n="46"><w type="IN">In</w> <w type="CD">1806</w> <w type="PPg">his</w> <w type="NN">ambition</w> <w type="BEDZ">was</w> <w type="VBN">realized</w> <w type="CC">and</w> <w type="PPS">he</w> <w type="VBD">became</w> <w type="NN">professor</w> <w type="IN">of</w> <w type="NN">physics</w> <w type="IN">at</w> <w type="AT">the</w> <w type="NP" subtype="TL">Copenhagen</w> <w type="NN" subtype="TL">University</w> <c type="pct">,</c> <w type="CS">though</w> <w type="NEG">not</w> <w type="VBG">realizing</w> <w type="JJ">full</w> <w type="NN">professorship</w> <c type="pct">(</c> <w type="NN" subtype="FW">ordinarius</w> <c type="pct">)</c> <w type="IN">until</w> <w type="CD">1817</w> <c type="pct">.</c> </s>
</p>
<p><s n="47"><w type="IN">During</w> <w type="NPg">Oersted's</w> <w type="NN">attendance</w> <w type="IN">at</w> <w type="AT">the</w> <w type="NN">university</w> <c type="pct">,</c> <w type="PPS">it</w> <w type="BEDZ">was</w> <w type="QL">poorly</w> <w type="VBN">equipped</w> <w type="IN">with</w> <w type="JJ">physical</w> <w type="NN">apparatus</w> <w type="IN">for</w> <w type="VBG">experimenting</w> <w type="IN">in</w> <w type="AT">the</w> <w type="NNS">sciences</w> <c type="pct">.</c> </s>
<s n="48"><w type="PPS">He</w> <w type="BEDZ">was</w> <c type="pct">,</c> <w type="RB">however</w> <c type="pct">,</c> <w type="JJ">fortunate</w> <w type="IN">in</w> <w type="PPg">his</w> <w type="NN">contact</w> <w type="IN">with</w> <w type="NN" subtype="TL">Prof.</w> <w type="NP">J.</w> <w type="NP">G.</w> <w type="NP">L.</w> <w type="NP">Manthey</w> <c type="pct">(</c> <w type="CD">1769-1842</w> <c type="pct">)</c> <c type="pct">,</c> <w type="NN">teacher</w> <w type="IN">of</w> <w type="NN">chemistry</w> <c type="pct">,</c> <w type="WPS">who</w> <c type="pct">,</c> <w type="IN">in</w> <w type="NN">addition</w> <w type="IN">to</w> <w type="PPg">his</w> <w type="JJ">academic</w> <w type="NN">chair</w> <c type="pct">,</c> <w type="BEDZ">was</w> <w type="RB">also</w> <w type="NN">proprietor</w> <w type="IN">of</w> <w type="AT">the</w> <c type="pct">``</c> <w type="NN" subtype="TL">Lion</w> <w type="NN" subtype="TL">Pharmacy</w> <c type="pct">''</c> <w type="IN">in</w> <w type="NP">Copenhagen</w> <w type="WRB">where</w> <w type="NP">Oersted</w> <w type="VBD">assisted</w> <w type="PPO">him</w> <c type="pct">.</c> </s>
<s n="49"><w type="NP">Manthey</w> <w type="VBD">maintained</w> <w type="AT">a</w> <w type="JJ">valuable</w> <w type="NN">collection</w> <w type="IN">of</w> <w type="JJ">physical</w> <w type="CC">and</w> <w type="NN">chemical</w> <w type="NN">apparatus</w> <w type="WDT">which</w> <w type="BEDZ">was</w> <w type="IN">at</w> <w type="NPg">Oersted's</w> <w type="NN">disposal</w> <w type="IN">during</w> <w type="CC">and</w> <w type="IN">after</w> <w type="PPg">his</w> <w type="NN">graduation</w> <c type="pct">.</c> </s>
<s n="50"><w type="IN">In</w> <w type="CD">1800</w> <c type="pct">,</c> <w type="NP">Manthey</w> <w type="VBD">went</w> <w type="RB">abroad</w> <w type="CC">and</w> <w type="NP">Oersted</w> <w type="BEDZ">was</w> <w type="VBN">appointed</w> <w type="NN">manager</w> <w type="IN">of</w> <w type="AT">the</w> <w type="NN" subtype="TL">Lion</w> <w type="NN" subtype="TL">Pharmacy</w> <c type="pct">.</c> </s>
<s n="51"><w type="IN">In</w> <w type="NP">February</w> <w type="CD">1801</w> <c type="pct">,</c> <w type="NP">Oersted</w> <w type="DOD">did</w> <w type="VB">manage</w> <w type="TO">to</w> <w type="VB">experiment</w> <w type="IN">with</w> <w type="JJ">physical</w> <w type="NN">apparatus</w> <w type="CC">and</w> <w type="VBD">reported</w> <w type="NNS">experiments</w> <w type="VBN">made</w> <w type="IN">with</w> <w type="AT">a</w> <w type="JJ">voltaic</w> <w type="NN">battery</w> <w type="IN">of</w> <w type="CD">600</w> <w type="NNS">plates</w> <w type="IN">of</w> <w type="NN">zinc</w> <w type="CC">and</w> <w type="NN">silver</w> <w type="CC">and</w> <w type="IN">of</w> <w type="JJR">later</w> <w type="NNS">experiments</w> <w type="IN">with</w> <w type="AT">a</w> <w type="NN">battery</w> <w type="IN">of</w> <w type="CD">60</w> <w type="NNS">plates</w> <w type="IN">of</w> <w type="NN">zinc</w> <w type="CC">and</w> <w type="NN">lead</w> <c type="pct">.</c> </s>
<s n="52"><w type="IN">In</w> <w type="AT">the</w> <w type="VBG">following</w> <w type="NN">year</w> <c type="pct">,</c> <w type="CD">1803</w> <c type="pct">,</c> <w type="NP">Oersted</w> <c type="pct">,</c> <w type="RB">simultaneously</w> <w type="IN">with</w> <w type="NP">Davy</w> <c type="pct">,</c> <w type="VBD">discovered</w> <w type="CS">that</w> <w type="NNS">acids</w> <w type="VBD">increased</w> <w type="AT">the</w> <w type="NN">strength</w> <w type="IN">of</w> <w type="AT">a</w> <w type="JJ">voltaic</w> <w type="NN">battery</w> <w type="RBR">more</w> <w type="CS">than</w> <w type="DOD">did</w> <w type="NNS">salts</w> <c type="pct">.</c> </s>
<s n="53"><w type="JJ">Eager</w> <w type="CS">as</w> <w type="PPS">he</w> <w type="BEDZ">was</w> <w type="TO">to</w> <w type="VB">pursue</w> <w type="DT">this</w> <w type="JJ">promising</w> <w type="NN">line</w> <c type="pct">,</c> <w type="PPS">he</w> <w type="BEDZ">was</w> <w type="QL">so</w> <w type="VBN">loaded</w> <w type="RP">down</w> <w type="IN">with</w> <w type="AT">the</w> <w type="NN">management</w> <w type="IN">of</w> <w type="AT">the</w> <w type="NN">pharmacy</w> <w type="CC">and</w> <w type="NNS">lectures</w> <w type="IN">in</w> <w type="AT">the</w> <w type="JJ">medical</w> <w type="CC">and</w> <w type="JJ">pharmaceutical</w> <w type="NNS">faculties</w> <w type="IN">at</w> <w type="AT">the</w> <w type="NN">university</w> <w type="CS">that</w> <w type="PPS">he</w> <w type="MD">could</w> <w type="VB">devote</w> <w type="RB">only</w> <w type="NR">Sunday</w> <w type="NNS">afternoons</w> <w type="IN">to</w> <c type="pct">``</c> <w type="VBG">galvanizing</w> <c type="pct">''</c> <c type="pct">.</c> </s>
</p>
<p><s n="54"><w type="PPS">He</w> <w type="VBD">assumed</w> <w type="PPg">his</w> <w type="JJ">academic</w> <w type="NN">career</w> <w type="IN">with</w> <w type="AT">the</w> <w type="AP">same</w> <w type="NN">intensity</w> <w type="CC">and</w> <w type="NN">thoroughness</w> <w type="WPS">that</w> <w type="HVD">had</w> <w type="VBN">marked</w> <w type="AT">every</w> <w type="NN">step</w> <w type="IN">in</w> <w type="PPg">his</w> <w type="NN">rise</w> <w type="IN">from</w> <w type="NN">boyhood</w> <c type="pct">.</c> </s>
<s n="55"><w type="AT">The</w> <w type="NN">university</w> <w type="BEDZ">was</w> <w type="AT">the</w> <w type="AP">only</w> <w type="CD">one</w> <w type="IN">in</w> <w type="NP">Denmark</w> <w type="CC">and</w> <w type="AT">the</w> <w type="NN">status</w> <w type="IN">of</w> <w type="NN">professor</w> <w type="VBD">represented</w> <w type="AT">the</w> <w type="JJ">upper</w> <w type="JJ">social</w> <w type="NN">level</w> <c type="pct">.</c> </s>
<s n="56"><w type="PPg">His</w> <w type="JJ">broad</w> <w type="NN">interest</w> <w type="IN">in</w> <w type="JJ">literary</w> <c type="pct">,</c> <w type="JJ">political</w> <c type="pct">,</c> <w type="CC">and</w> <w type="JJ">philosophical</w> <w type="NNS">movements</w> <w type="VBD">opened</w> <w type="AP">many</w> <w type="NNS">doors</w> <w type="IN">to</w> <w type="PPO">him</w> <c type="pct">.</c> </s>
<s n="57"><w type="PPg">His</w> <w type="NNS">friends</w> <w type="BED">were</w> <w type="JJ">numerous</w> <w type="CC">and</w> <w type="PPg">their</w> <w type="NNS">ties</w> <w type="IN">to</w> <w type="PPO">him</w> <w type="BED">were</w> <w type="JJ">strong</w> <c type="pct">.</c> </s>
</p>
<p><s n="58"><w type="AT">The</w> <w type="NNS">years</w> <w type="CD">1812</w> <w type="CC">and</w> <w type="CD">1813</w> <w type="VBD">saw</w> <w type="PPO">him</w> <w type="IN">in</w> <w type="NP">Germany</w> <w type="CC">and</w> <w type="NP">France</w> <w type="RB">again</w> <c type="pct">,</c> <w type="CC">but</w> <w type="IN">on</w> <w type="DT">this</w> <w type="NN">visit</w> <w type="IN">to</w> <w type="NP">Berlin</w> <w type="PPS">he</w> <w type="DOD">did</w> <w type="NEG">not</w> <w type="VB">seek</w> <w type="RP">out</w> <w type="AT">the</w> <w type="NNS">philosophers</w> <w type="CS">as</w> <w type="PPS">he</w> <w type="HVD">had</w> <w type="IN">on</w> <w type="PPg">his</w> <w type="OD">first</w> <w type="NN">journey</w> <c type="pct">.</c> </s>
<s n="59"><w type="IN">In</w> <w type="NP">Berlin</w> <w type="PPS">he</w> <w type="VBD">published</w> <w type="PPg">his</w> <w type="NNS">views</w> <w type="IN">of</w> <w type="AT">the</w> <w type="NN">chemical</w> <w type="NNS">laws</w> <w type="IN">of</w> <w type="NN">nature</w> <w type="IN">in</w> <w type="NP">German</w> <w type="CC">and</w> <w type="DT">this</w> <w type="BEDZ">was</w> <w type="VBN">issued</w> <w type="IN">in</w> <w type="JJ">French</w> <w type="NN">translation</w> <c type="pct">(</c> <w type="NP">Paris</w> <c type="pct">,</c> <w type="CD">1813</w> <c type="pct">)</c> <w type="IN">under</w> <w type="AT">the</w> <w type="NN">title</w> <w type="NNS" subtype="FW">Recherches</w> <w type="IN" subtype="FW">Sur</w> <mw pos="AT NN" subtype="FW">l'identite </mw><mw pos="IN AT" subtype="FW">Des </mw><w type="NNS" subtype="FW">Forces</w> <w type="JJ" subtype="FW">chimiques</w> <w type="CC" subtype="FW">et</w> <w type="JJ" subtype="FW">electriques</w> <c type="pct">,</c> <w type="AT">a</w> <w type="NN">work</w> <w type="VBN">held</w> <w type="IN">in</w> <w type="QL">very</w> <w type="JJ">high</w> <w type="NN">esteem</w> <w type="IN">by</w> <w type="AT">the</w> <w type="JJ">new</w> <w type="NN">generation</w> <w type="IN">of</w> <w type="NN">research</w> <w type="NNS">chemists</w> <c type="pct">.</c> </s>
<s n="60"><w type="PPg">His</w> <w type="NN">interest</w> <w type="IN">in</w> <w type="VBG">finding</w> <w type="AT">a</w> <w type="NN">relationship</w> <w type="IN">between</w> <w type="JJ">voltaic</w> <w type="NN">electricity</w> <w type="CC">and</w> <w type="NN">magnetism</w> <w type="BEZ">is</w> <w type="RB">here</w> <w type="RB">first</w> <w type="VBN">indicated</w> <c type="pct">.</c> </s>
<s n="61"><w type="NN" subtype="TL">Chapter</w> <w type="CD" subtype="TL">8</w> <c type="pct">,</c> <w type="BEZ">is</w> <w type="VBN">entitled</w> <c type="pct">``</c> <w type="IN" subtype="TL">On</w> <w type="NN" subtype="TL">Magnetism</w> <c type="pct">''</c> <w type="CC">and</w> <w type="IN">in</w> <w type="PPO">it</w> <w type="BER">are</w> <w type="VBN">included</w> <w type="JJ">such</w> <w type="NNS">remarks</w> <w type="CS">as</w> <c type="pct">,</c> <c type="pct">``</c> <w type="PN">One</w> <w type="HVZ">has</w> <w type="RB">always</w> <w type="BEN">been</w> <w type="VBN">tempted</w> <w type="TO">to</w> <w type="VB">compare</w> <w type="AT">the</w> <w type="JJ">magnetic</w> <w type="NNS">forces</w> <w type="IN">with</w> <w type="AT">the</w> <w type="JJ">electrical</w> <w type="NNS">forces</w> <c type="pct">.</c> </s>
<s n="62"><w type="AT">The</w> <w type="JJ">great</w> <w type="NN">resemblance</w> <w type="IN">between</w> <w type="JJ">electrical</w> <w type="CC">and</w> <w type="JJ">magnetic</w> <w type="NNS">attractions</w> <w type="CC">and</w> <w type="NNS">repulsions</w> <w type="CC">and</w> <w type="AT">the</w> <w type="NN">similarity</w> <w type="IN">of</w> <w type="PPg">their</w> <w type="NNS">laws</w> <w type="RB">necessarily</w> <w type="MD">would</w> <w type="VB">bring</w> <w type="RP">about</w> <w type="DT">this</w> <w type="NN">comparison</w> <c type="pct">.</c> </s>
<s n="63"><w type="PPS">It</w> <w type="BEZ">is</w> <w type="JJ">true</w> <c type="pct">,</c> <w type="CS">that</w> <w type="PN">nothing</w> <w type="HVZ">has</w> <w type="BEN">been</w> <w type="VBN">found</w> <w type="JJ">comparable</w> <w type="IN">with</w> <w type="NN">electricity</w> <w type="IN">by</w> <w type="NN">communication</w> <c type="pct">;</c> <c type="pct">;</c> </s>
<s n="64"><w type="CC">but</w> <w type="AT">the</w> <w type="NNS">phenomena</w> <w type="VBN">observed</w> <w type="HVD">had</w> <w type="ABL">such</w> <w type="AT">a</w> <w type="NN">degree</w> <w type="IN">of</w> <w type="NN">analogy</w> <w type="IN">to</w> <w type="DTS">those</w> <w type="VBG">depending</w> <w type="IN">on</w> <w type="JJ">electrical</w> <w type="NN">distribution</w> <w type="CS">that</w> <w type="PN">one</w> <w type="MD">could</w> <w type="NEG">not</w> <w type="VB">find</w> <w type="AT">the</w> <w type="JJT">slightest</w> <w type="NN">difference</w> <c type="pct">.</c> </s>
<s n="65"><w type="AT">The</w> <w type="NN">form</w> <w type="IN">of</w> <w type="JJ">galvanic</w> <w type="NN">activity</w> <w type="BEZ">is</w> <w type="RB">halfway</w> <w type="IN">between</w> <w type="AT">the</w> <w type="JJ">magnetic</w> <w type="NN">form</w> <w type="CC">and</w> <w type="AT">the</w> <w type="JJ">electrical</w> <w type="NN">form</w> <c type="pct">.</c> </s>
<s n="66"><w type="RB">There</w> <c type="pct">,</c> <w type="NNS">forces</w> <w type="BER">are</w> <w type="QL">more</w> <w type="JJ">latent</w> <w type="CS">than</w> <w type="IN">in</w> <w type="NN">electricity</w> <c type="pct">,</c> <w type="CC">and</w> <w type="QL">less</w> <w type="CS">than</w> <w type="IN">in</w> <w type="NN">magnetism</w> <c type="pct">.</c> </s>
<s n="67"><w type="CC">But</w> <w type="IN">in</w> <w type="ABL">such</w> <w type="AT">an</w> <w type="JJ">important</w> <w type="NN">question</w> <c type="pct">,</c> <w type="PPSS">we</w> <w type="MD">would</w> <w type="BE">be</w> <w type="VBN">satisfied</w> <w type="CS">if</w> <w type="AT">the</w> <w type="NN">judgment</w> <w type="BED">were</w> <w type="CS">that</w> <w type="AT">the</w> <w type="JJS">principal</w> <w type="NN">objection</w> <w type="IN">to</w> <w type="AT">the</w> <w type="NN">identity</w> <w type="IN">of</w> <w type="NNS">forces</w> <w type="WDT">which</w> <w type="VB">produce</w> <w type="NN">electricity</w> <w type="CC">and</w> <w type="NN">magnetism</w> <w type="BED">were</w> <w type="RB">only</w> <w type="AT">a</w> <w type="NN">difficulty</w> <c type="pct">,</c> <w type="CC">and</w> <w type="NEG">not</w> <w type="AT">a</w> <w type="NN">thing</w> <w type="WDT">which</w> <w type="BEZ">is</w> <w type="JJ">contrary</w> <w type="IN">to</w> <w type="PPO">it</w> <c type="pct">.</c> </s>
<s n="68"><w type="PN">One</w> <w type="MD">could</w> <w type="RB">also</w> <w type="VB">add</w> <w type="IN">to</w> <w type="DTS">these</w> <w type="NNS">analogies</w> <w type="CS">that</w> <w type="NN">steel</w> <w type="VBZ">loses</w> <w type="PPg">its</w> <w type="NN">magnetism</w> <w type="IN">by</w> <w type="NN">heat</w> <c type="pct">,</c> <w type="WDT">which</w> <w type="VBZ">proves</w> <w type="CS">that</w> <w type="NN">steel</w> <w type="VBZ">becomes</w> <w type="AT">a</w> <w type="JJR">better</w> <w type="NN">conductor</w> <w type="IN">through</w> <w type="AT">a</w> <w type="NN">rise</w> <w type="IN">in</w> <w type="NN">temperature</w> <c type="pct">,</c> <w type="RB">just</w> <w type="CS">as</w> <w type="JJ">electrical</w> <w type="NNS">bodies</w> <w type="DO">do</w> <c type="pct">.</c> </s>
<s n="69"><w type="PPS">It</w> <w type="BEZ">is</w> <w type="RB">also</w> <w type="VBN">found</w> <w type="DT">that</w> <w type="NN">magnetism</w> <w type="VBZ">exists</w> <w type="IN">in</w> <w type="ABN">all</w> <w type="NNS">bodies</w> <w type="IN">of</w> <w type="NN">nature</w> <c type="pct">,</c> <w type="CS">as</w> <w type="VBN">proven</w> <w type="IN">by</w> <w type="NP">Bruckmann</w> <w type="CC">and</w> <w type="NP">Coulomb</w> <c type="pct">.</c> </s>
<s n="70"><w type="IN">By</w> <w type="DT">that</w> <c type="pct">,</c> <w type="PN">one</w> <w type="VBZ">feels</w> <w type="CS">that</w> <w type="JJ">magnetic</w> <w type="NNS">forces</w> <w type="BER">are</w> <w type="QL">as</w> <w type="JJ">general</w> <w type="CS">as</w> <w type="JJ">electrical</w> <w type="NNS">forces</w> <c type="pct">.</c> </s>
<s n="71"><w type="AT">An</w> <w type="NN">attempt</w> <w type="MD">should</w> <w type="BE">be</w> <w type="VBN">made</w> <w type="TO">to</w> <w type="VB">see</w> <w type="CS">if</w> <w type="NN">electricity</w> <c type="pct">,</c> <w type="IN">in</w> <w type="PPg">its</w> <w type="QL">most</w> <w type="JJ">latent</w> <w type="NN">stage</w> <c type="pct">,</c> <w type="HVZ">has</w> <w type="DTI">any</w> <w type="NN">action</w> <w type="IN">on</w> <w type="AT">the</w> <w type="NN">magnet</w> <w type="CS">as</w> <w type="JJ">such</w> <c type="pct">''</c> <c type="pct">.</c> </s>
<s n="72"><w type="PPg">His</w> <w type="NN">plan</w> <w type="CC">and</w> <w type="NN">intent</w> <w type="BED">were</w> <w type="RB">clearly</w> <w type="VBN">charted</w> <c type="pct">.</c> </s>
</p>
<p><s n="73"><w type="NP">Oersted</w> <w type="VBD">returned</w> <w type="IN">in</w> <w type="CD">1814</w> <w type="CC">and</w> <w type="VBD">resumed</w> <w type="AT">an</w> <w type="JJ">active</w> <w type="NN">part</w> <w type="IN">in</w> <w type="NN">university</w> <w type="CC">and</w> <w type="JJ">political</w> <w type="NNS">discussions</w> <c type="pct">.</c> </s>
<s n="74"><w type="IN">In</w> <w type="CD">one</w> <w type="NN">debate</w> <w type="PPS">he</w> <w type="VBD">supported</w> <w type="AT">the</w> <w type="NN">freedom</w> <w type="IN">of</w> <w type="NN">judgment</w> <w type="CS">as</w> <w type="VBN">opposed</w> <w type="IN">to</w> <w type="NN">dogma</w> <c type="pct">,</c> <w type="IN">in</w> <w type="DT">another</w> <w type="PPS">he</w> <w type="VBD">held</w> <w type="CS">that</w> <w type="AT">the</w> <w type="NN">practice</w> <w type="IN">of</w> <w type="NN">science</w> <w type="BEDZ">was</w> <w type="IN">in</w> <w type="NN">fact</w> <w type="AT">an</w> <w type="NN">act</w> <w type="IN">of</w> <w type="JJ">religious</w> <w type="NN">worship</w> <c type="pct">.</c> </s>
<s n="75"><w type="PPS">He</w> <w type="VBD">continued</w> <w type="CS">as</w> <w type="AT">a</w> <w type="JJ">popular</w> <w type="NN">lecturer</w> <c type="pct">.</c> </s>
<s n="76"><w type="PPS">He</w> <w type="VBD">devised</w> <w type="AT">a</w> <w type="VBG">detonating</w> <w type="NN">fuse</w> <w type="IN">in</w> <w type="WDT">which</w> <w type="AT">a</w> <w type="JJ">short</w> <w type="NN">wire</w> <w type="BEDZ">was</w> <w type="VBN">caused</w> <w type="TO">to</w> <w type="VB">glow</w> <w type="IN">by</w> <w type="AT">an</w> <w type="JJ">electric</w> <w type="NN">current</w> <c type="pct">.</c> </s>
</p>
<p><s n="77"><w type="IN">In</w> <w type="CD">1819</w> <w type="IN">under</w> <w type="JJ">royal</w> <w type="NN">command</w> <w type="PPS">he</w> <w type="VBD">undertook</w> <w type="AT">a</w> <w type="QL">very</w> <w type="JJ">successful</w> <w type="JJ">geological</w> <w type="NN">expedition</w> <w type="IN">to</w> <w type="NP">Bornholm</w> <c type="pct">,</c> <w type="CD">one</w> <w type="IN">of</w> <w type="AT">the</w> <w type="JJ">Danish</w> <w type="NNS">islands</w> <c type="pct">,</c> <w type="BEG">being</w> <w type="CD">one</w> <w type="IN">of</w> <w type="CD">three</w> <w type="NNS">scientists</w> <w type="IN">in</w> <w type="AT">the</w> <w type="NN">expedition</w> <c type="pct">.</c> </s>
<s n="78"><w type="PPS">It</w> <w type="BEDZ">was</w> <w type="IN">with</w> <w type="AT">the</w> <w type="NN">assistance</w> <w type="IN">of</w> <w type="CD">one</w> <w type="IN">of</w> <w type="AT">the</w> <w type="NNS">members</w> <w type="IN">of</w> <w type="DT">this</w> <w type="NN">expedition</w> <c type="pct">,</c> <w type="NP">Lauritz</w> <w type="NP">Esmarch</w> <c type="pct">,</c> <w type="CS">that</w> <w type="NP">Oersted</w> <w type="VBD">succeeded</w> <w type="IN">in</w> <w type="VBG">producing</w> <w type="NN">light</w> <w type="IN">by</w> <w type="VBG">creating</w> <w type="AT">an</w> <w type="JJ">electric</w> <w type="NN">discharge</w> <w type="IN">in</w> <w type="NN">mercury</w> <w type="NN">vapor</w> <w type="IN">through</w> <w type="WDT">which</w> <w type="AT">an</w> <w type="JJ">electric</w> <w type="NN">current</w> <w type="BEDZ">was</w> <w type="VBN">made</w> <w type="TO">to</w> <w type="VB">flow</w> <c type="pct">.</c> </s>
<s n="79"><w type="RB">Together</w> <w type="PPSS">they</w> <w type="RB">also</w> <w type="VBD">developed</w> <w type="AT">a</w> <w type="JJ">new</w> <w type="NN">form</w> <w type="IN">of</w> <w type="JJ">voltaic</w> <w type="NN">cell</w> <w type="IN">in</w> <w type="WDT">which</w> <w type="AT">the</w> <w type="JJ">wooden</w> <w type="NN">trough</w> <w type="BEDZ">was</w> <w type="VBN">replaced</w> <w type="IN">by</w> <w type="CD">one</w> <w type="IN">of</w> <w type="NN">copper</w> <c type="pct">,</c> <w type="RB">thereby</w> <w type="VBG">producing</w> <w type="JJR">stronger</w> <w type="NNS">currents</w> <c type="pct">.</c> </s>
<s n="80"><w type="NP">Esmarch</w> <w type="BEDZ">was</w> <w type="IN">among</w> <w type="DTS">those</w> <w type="WPS">who</w> <w type="VBD">witnessed</w> <w type="NPg">Oersted's</w> <w type="OD">first</w> <w type="NN">demonstration</w> <w type="IN">of</w> <w type="PPg">his</w> <w type="NN">discovery</w> <c type="pct">.</c> </s>
</p>
<p><s n="81"><w type="NN" subtype="HL">Discovery</w> <w type="IN" subtype="HL">of</w> <w type="NN" subtype="HL">electromagnetism</w> </s>
<s n="82"><w type="AT">the</w> <w type="NN">association</w> <w type="IN">between</w> <w type="JJ">electric</w> <c type="pct">(</c> <w type="ABX">both</w> <w type="JJ">electrostatic</w> <w type="CC">and</w> <w type="JJ">voltaic</w> <c type="pct">)</c> <w type="NNS">forces</w> <w type="CC">and</w> <w type="JJ">magnetic</w> <w type="NNS">forces</w> <w type="HVD">had</w> <w type="BEN">been</w> <w type="VBN">recognized</w> <w type="IN">by</w> <w type="NNS">investigators</w> <w type="IN">for</w> <w type="AP">many</w> <w type="NNS">decades</w> <c type="pct">.</c> </s>
<s n="83"><w type="JJ">Electrical</w> <w type="NN">literature</w> <w type="VBD">contained</w> <w type="JJ">numerous</w> <w type="NNS">references</w> <w type="IN">to</w> <w type="NN">lightning</w> <w type="WPS">that</w> <w type="HVD">had</w> <w type="VBN">magnetized</w> <w type="NN">iron</w> <w type="CC">and</w> <w type="HVD">had</w> <w type="VBN">altered</w> <w type="AT">the</w> <w type="NN">polarity</w> <w type="IN">of</w> <w type="NN">compass</w> <w type="NNS">needles</w> <c type="pct">.</c> </s>
<s n="84"><w type="IN">In</w> <w type="AT">the</w> <w type="JJ">late</w> <w type="NNS">1700's</w> <w type="NP">Beccaria</w> <w type="CC">and</w> <w type="NP">Van</w> <w type="NP">Marum</w> <c type="pct">,</c> <w type="IN">among</w> <w type="NNS">others</w> <c type="pct">,</c> <w type="HVD">had</w> <w type="VBN">magnetized</w> <w type="NN">iron</w> <w type="IN">by</w> <w type="VBG">sending</w> <w type="AT">an</w> <w type="JJ">electrostatic</w> <w type="NN">charge</w> <w type="IN">through</w> <w type="PPO">it</w> <c type="pct">.</c> </s>
<s n="85"><w type="NP">Beccaria</w> <w type="HVD">had</w> <w type="RB">almost</w> <w type="VBN">stumbled</w> <w type="IN">on</w> <w type="AT">a</w> <w type="NN">lead</w> <w type="IN">to</w> <w type="AT">the</w> <w type="NN">relationship</w> <w type="IN">between</w> <w type="NN">electricity</w> <w type="CC">and</w> <w type="NN">magnetism</w> <w type="WRB">when</w> <w type="AT">a</w> <w type="NN">discharge</w> <w type="IN">from</w> <w type="AT">a</w> <w type="NP">Leyden</w> <w type="NN">jar</w> <w type="BEDZ">was</w> <w type="VBN">sent</w> <w type="RB">transversally</w> <w type="IN">through</w> <w type="AT">a</w> <w type="NN">piece</w> <w type="IN">of</w> <w type="NN">watch-spring</w> <w type="NN">steel</w> <w type="VBG">making</w> <w type="PPg">its</w> <w type="NNS">ends</w> <w type="JJ">magnetic</w> <c type="pct">.</c> </s>
<s n="86"><w type="AT">The</w> <w type="VBG">resulting</w> <w type="JJ">magnetic</w> <w type="NN">effect</w> <w type="VBD">proved</w> <w type="JJR">stronger</w> <w type="CS">than</w> <w type="WRB">when</w> <w type="AT">the</w> <w type="NN">discharge</w> <w type="BEDZ">was</w> <w type="VBN">made</w> <w type="RB">lengthwise</w> <c type="pct">.</c> </s>
<s n="87"><w type="AT">The</w> <w type="NNS">experiments</w> <w type="IN">of</w> <w type="NP">Romagnosi</w> <w type="CC">and</w> <w type="NNS">others</w> <w type="HV">have</w> <w type="RB">already</w> <w type="BEN">been</w> <w type="VBN">noted</w> <w type="CC">but</w> <w type="AT">no</w> <w type="PN">one</w> <w type="HVD">had</w> <w type="VBN">determined</w> <w type="AT">the</w> <w type="JJ">cause-and-effect</w> <w type="NN">relationship</w> <w type="IN">between</w> <w type="DTS">these</w> <w type="CD">two</w> <w type="JJ">primary</w> <w type="NNS">forces</w> <c type="pct">.</c> </s>
<s n="88"><w type="NPg">Oersted's</w> <w type="JJ">own</w> <w type="JJR">earlier</w> <w type="NNS">experiments</w> <w type="BED">were</w> <w type="JJ">unimpressive</w> <c type="pct">,</c> <w type="RB">possibly</w> <w type="CS">because</w> <w type="PPS">he</w> <w type="HVD">had</w> <c type="pct">,</c> <w type="CS">like</w> <w type="AP">other</w> <w type="NNS">experimenters</w> <c type="pct">,</c> <w type="VBN">laid</w> <w type="AT">the</w> <w type="VBG">conducting</w> <w type="NN">wire</w> <w type="IN">across</w> <w type="AT">the</w> <w type="NN">compass</w> <w type="NN">needle</w> <w type="RB">instead</w> <w type="IN">of</w> <w type="RB">parallel</w> <w type="IN">with</w> <w type="PPO">it</w> <c type="pct">.</c> </s>
</p>
<p><s n="89"><w type="AT">The</w> <w type="NN">sequence</w> <w type="IN">of</w> <w type="NNS">events</w> <w type="VBG">leading</w> <w type="IN">to</w> <w type="PPg">his</w> <w type="JJ">important</w> <w type="NN">discovery</w> <w type="RB">still</w> <w type="VBZ">remains</w> <w type="JJ">ambiguous</w> <w type="CC">but</w> <w type="PPS">it</w> <w type="VBZ">seems</w> <w type="CS">that</w> <w type="CD">one</w> <w type="IN">of</w> <w type="AT">the</w> <w type="VBN">advanced</w> <w type="NNS">students</w> <w type="IN">at</w> <w type="AT">the</w> <w type="NN">university</w> <w type="VBD">related</w> <w type="CS">that</w> <w type="AT">the</w> <w type="OD">first</w> <w type="JJ">direct</w> <w type="NN">event</w> <w type="WPS">that</w> <w type="VBD">led</w> <w type="IN">to</w> <w type="AT">the</w> <w type="NN">publication</w> <w type="IN">of</w> <w type="NPg">Oersted's</w> <w type="NN">discovery</w> <w type="VBD">occurred</w> <w type="IN">during</w> <w type="AT">a</w> <w type="JJ">private</w> <w type="NN">lecture</w> <w type="VBN">made</w> <w type="IN">before</w> <w type="AT">a</w> <w type="NN">group</w> <w type="IN">of</w> <w type="AP">other</w> <w type="VBN">advanced</w> <w type="NNS">students</w> <w type="IN">in</w> <w type="AT">the</w> <w type="NN">spring</w> <w type="IN">of</w> <w type="CD">1820</w> <c type="pct">.</c> </s>
<s n="90"><w type="IN">At</w> <w type="DT">this</w> <w type="NN">lecture</w> <w type="NP">Oersted</w> <w type="VBD">happened</w> <w type="TO">to</w> <w type="VB">place</w> <w type="AT">the</w> <w type="VBG">conducting</w> <w type="NN">wire</w> <w type="IN">over</w> <w type="CC">and</w> <w type="RB">parallel</w> <w type="IN">to</w> <w type="AT">a</w> <w type="JJ">magnetic</w> <w type="NN">needle</w> <c type="pct">.</c> </s>
</p>
<p></p></body></text></TEI>
