<TEI xmlns="http://www.tei-c.org/ns/1.0"><teiHeader><fileDesc><titleStmt><title>Sample E28 from  John R. Sargent, "Where To Aim Your Planning for Bigger Profits in
'60s,"
 Food Engineering, 33:2 (February, 1961) 34-37
 Used by permission0010-1970
</title></titleStmt><editionStmt><edition>A part  of the XML version of the Brown Corpus</edition></editionStmt><extent>2,008 words 5 (0.2%) quotes 3 symbols</extent><publicationStmt><idno>E28</idno><availability><p/></availability></publicationStmt><sourceDesc><bibl> John R. Sargent, "Where To Aim Your Planning for Bigger Profits in
'60s,"
 Food Engineering, 33:2 (February, 1961) 34-37
 Used by permission0010-1970
</bibl></sourceDesc></fileDesc><encodingDesc><p>Arbitrary Hyphen: top-notch [1760]</p></encodingDesc><revisionDesc><change when="2008-04-27">Header auto-generated for TEI version</change></revisionDesc></teiHeader>
<text xml:id="E28" decls="E">
<body><p><s n="1"><w type="VBG">Marketing</w> <w type="IN">in</w> <w type="AT">the</w> <w type="JJ">new</w> <w type="NN">decade</w> <w type="MD">will</w> <w type="BE">be</w> <w type="AT">no</w> <w type="NN">picnic</w> <c type="pct">--</c> <w type="CS">for</w> <w type="AT">the</w> <w type="NNS">sixties</w> <w type="MD">will</w> <w type="VB">present</w> <w type="RB">possibly</w> <w type="AT">the</w> <w type="QL">most</w> <w type="JJ">intense</w> <w type="JJ">competitive</w> <w type="NN">activity</w> <w type="CS">that</w> <w type="PPSS">you</w> <w type="HV">have</w> <w type="VBN">experienced</w> <w type="IN">in</w> <w type="AT">the</w> <w type="AP">last</w> <w type="CD">20-25</w> <w type="NNS">yrs.</w> <c type="pct">.</c> </s>
</p>
<p><s n="2"><w type="WRB">Why</w> <c type="pct">?</c> <c type="pct">?</c> </s>
<s n="3"><w type="NNS">Companies</w> <w type="IN">of</w> <w type="ABN">all</w> <w type="NNS">types</w> <w type="HV">have</w> <w type="VBN">made</w> <w type="JJ">great</w> <w type="NNS">advances</w> <w type="IN">in</w> <w type="NN">production</w> <w type="NNS">capabilities</w> <w type="CC">and</w> <w type="NNS">efficiencies</w> <c type="pct">--</c> <w type="IN">in</w> <w type="JJ">modern</w> <w type="NN">equipment</w> <w type="CC">and</w> <w type="JJ">new</w> <w type="NNS">processes</w> <c type="pct">,</c> <w type="VBN">enlarged</w> <w type="NP">R</w> <w type="CC" subtype="TL">&amp;</w> <w type="NP">D</w> <w type="NNS">facilities</w> <c type="pct">,</c> <w type="JJR">faster</w> <w type="JJ">new</w> <w type="NN">product</w> <w type="NN">development</w> <c type="pct">.</c> </s>
<s n="4"><w type="AP">Many</w> <w type="NNS">companies</w> <w type="HV">have</w> <w type="VBN">upgraded</w> <w type="PPg">their</w> <w type="NNS">sales</w> <w type="NN">manpower</w> <w type="CC">and</w> <w type="VBN">tested</w> <w type="JJ">new</w> <w type="VBG">selling</w> <c type="pct">,</c> <w type="NN">distribution</w> <c type="pct">,</c> <w type="CC">and</w> <w type="NN">promotion</w> <w type="NNS">techniques</w> <w type="TO">to</w> <w type="VB">gain</w> <w type="AT">a</w> <w type="JJR">bigger</w> <w type="JJ">competitive</w> <w type="NN">edge</w> <c type="pct">.</c> </s>
</p>
<p><s n="5"><w type="VBN">Given</w> <w type="DT">this</w> <w type="NN">kind</w> <w type="IN">of</w> <w type="NN">business</w> <w type="NN">climate</w> <c type="pct">,</c> <w type="WDT">what</w> <w type="JJ">competitive</w> <w type="VBG">marketing</w> <w type="NNS">problems</w> <w type="MD">will</w> <w type="PPg">your</w> <w type="NN">company</w> <w type="VB">face</w> <w type="IN">in</w> <w type="AT">the</w> <w type="AP">next</w> <w type="CD">10</w> <w type="NNS">yrs.</w> <c type="pct">?</c> <c type="pct">?</c> </s>
<s n="6"><w type="VBN">Based</w> <w type="IN">on</w> <w type="PPg">our</w> <w type="NN">experience</w> <w type="IN">with</w> <w type="NNS">clients</w> <c type="pct">,</c> <c type="pct">,</c> <w type="PPSS">we</w> <w type="VB">see</w> <w type="CD">14</w> <w type="JJ">major</w> <w type="NNS">problems</w> <w type="WDT">which</w> <w type="VB">fall</w> <w type="IN">into</w> <w type="CD">three</w> <w type="JJ">broad</w> <w type="NNS">groups</w> <c type="pct">--</c> <w type="AT">the</w> <w type="NN">market</w> <w type="NN">place</w> <w type="PPL">itself</w> <c type="pct">,</c> <w type="VBG">marketing</w> <w type="NNS">methods</w> <c type="pct">,</c> <w type="CC">and</w> <w type="VBG">marketing</w> <w type="NN">management</w> <c type="pct">.</c> </s>
</p>
<p><s n="7"><w type="CD" subtype="HL">1</w> <c type="pct">.</c> </s>
<s n="8"><w type="NNS" subtype="HL">Problems</w> <w type="IN" subtype="HL">in</w> <w type="AT" subtype="HL">the</w> <w type="NN" subtype="HL">market</w> </s>
<s n="9"><w type="JJR" subtype="HL">greater</w> <w type="NN" subtype="HL">price-consciousness</w> <c type="pct">.</c> </s>
</p>
<p><s n="10"><w type="EX">There</w> <w type="HVZ">has</w> <w type="BEN">been</w> <w type="AT">an</w> <w type="NN">intensification</w> <w type="IN">of</w> <w type="NN">price-consciousness</w> <w type="IN">in</w> <w type="JJ">recent</w> <w type="NNS">years</w> <c type="pct">;</c> <c type="pct">;</c> </s>
<s n="11"><w type="EX">there</w> <w type="BEZ">is</w> <w type="AT">every</w> <w type="NN">indication</w> <w type="PPS">it</w> <w type="MD">will</w> <w type="VB">continue</w> <c type="pct">.</c> </s>
<s n="12"><w type="RB">Frequently</w> <c type="pct">,</c> <w type="RB">wittingly</w> <w type="CC">or</w> <w type="RB">unwittingly</w> <c type="pct">,</c> <w type="NN">price-consciousness</w> <w type="HVZ">has</w> <w type="BEN">been</w> <w type="VBN">fostered</w> <w type="IN">by</w> <w type="NNS">manufacturers</w> <c type="pct">,</c> <w type="NNS">distributors</w> <c type="pct">,</c> <w type="CC">and</w> <w type="NNS">dealers</w> <c type="pct">.</c> </s>
<s n="13"><w type="IN">Despite</w> <w type="RB">generally</w> <w type="JJ">good</w> <w type="NNS">levels</w> <w type="IN">of</w> <w type="NN">income</w> <c type="pct">,</c> <w type="PPSS">we</w> <w type="VB">see</w> <w type="JJR">greater</w> <w type="NN">price</w> <w type="NNS">pressures</w> <w type="CS">than</w> <w type="RB">ever</w> <w type="RB">before</w> <c type="pct">--</c> <w type="VBG">traveling</w> <w type="RB">back</w> <w type="IN">along</w> <w type="AT">the</w> <w type="NN">chain</w> <w type="IN">from</w> <w type="NN">consumer</w> <w type="IN">to</w> <w type="NN">distributor</w> <w type="IN">to</w> <w type="NN">manufacturer</w> <c type="pct">.</c> </s>
</p>
<p><s n="14"><w type="RB">Here</w> <w type="BER">are</w> <w type="DTI">some</w> <w type="JJS">key</w> <w type="NNS">areas</w> <w type="TO">to</w> <w type="VB">examine</w> <w type="TO">to</w> <w type="VB">make</w> <w type="JJ">sure</w> <w type="PPg">your</w> <w type="VBG">pricing</w> <w type="NN">strategy</w> <w type="MD">will</w> <w type="BE">be</w> <w type="IN">on</w> <w type="NN">target</w> <c type="pct">:</c> </s>
</p>
<p><s n="15"><w type="HVZ">Has</w> <w type="AT">the</w> <w type="JJ">probable</w> <w type="NN">price</w> <w type="NN">situation</w> <w type="IN">in</w> <w type="PPg">your</w> <w type="NN">field</w> <w type="BEN">been</w> <w type="VBN">forecast</w> <w type="CS">as</w> <w type="AT">a</w> <w type="NN">basis</w> <w type="IN">for</w> <w type="JJ">future</w> <w type="NN">planning</w> <c type="pct">?</c> <c type="pct">?</c> </s>
<s n="16"><w type="HV">Have</w> <w type="NN">cost</w> <w type="NNS">studies</w> <w type="BEN">been</w> <w type="VBN">made</w> <w type="IN">of</w> <w type="AT">every</w> <w type="NN">phase</w> <w type="IN">of</w> <w type="PPg">your</w> <w type="NN">operation</w> <w type="TO">to</w> <w type="VB">determine</w> <w type="WDT">what</w> <w type="MD">might</w> <w type="BE">be</w> <w type="VBN">done</w> <w type="CS">if</w> <w type="NNS">things</w> <w type="VB">get</w> <w type="JJR">worse</w> <c type="pct">?</c> <c type="pct">?</c> </s>
<s n="17"><w type="HV">Have</w> <w type="PPSS">you</w> <w type="RB">actually</w> <w type="VBN">checked</w> <w type="RP">out</w> <c type="pct">(</c> <w type="NEG">not</w> <w type="RB">just</w> <w type="RB">mentally</w> <w type="VBN">tested</w> <c type="pct">)</c> <w type="JJ">different</w> <w type="VBG">selling</w> <w type="NNS">approaches</w> <w type="VBN">designed</w> <w type="TO">to</w> <w type="VB">counter</w> <w type="AT">the</w> <w type="NN">price</w> <w type="NN">competition</w> <w type="NN">problem</w> <c type="pct">?</c> <c type="pct">?</c> </s>
<s n="18"><w type="VBN" subtype="HL">Increased</w> <w type="NN" subtype="HL">customer</w> <w type="NN" subtype="HL">sophistication</w> <c type="pct">.</c> </s>
</p>
<p><s n="19"><w type="NN">Average</w> <w type="NN">consumer</w> <w type="BEZ">is</w> <w type="VBG">becoming</w> <w type="QL">more</w> <w type="JJ">sophisticated</w> <w type="IN">regarding</w> <w type="NN">product</w> <w type="CC">and</w> <w type="VBG">advertising</w> <w type="NNS">claims</w> <c type="pct">,</c> <w type="RB">partly</w> <w type="RB">because</w> <w type="IN">of</w> <w type="JJ">widespread</w> <w type="NN">criticism</w> <w type="IN">of</w> <w type="JJ">such</w> <w type="NNS">assertions</w> <c type="pct">.</c> </s>
<s n="20"><w type="DT">This</w> <w type="NN">problem</w> <w type="MD">can</w> <w type="VB">force</w> <w type="AT">a</w> <w type="NN">change</w> <w type="IN">in</w> <w type="VBG">marketing</w> <w type="NN">approach</w> <w type="IN">in</w> <w type="AP">many</w> <w type="NNS">kinds</w> <w type="IN">of</w> <w type="NNS">businesses</w> <c type="pct">.</c> </s>
<s n="21"><w type="HV">Have</w> <w type="PPSS">you</w> <w type="VBD">examined</w> <w type="DT">this</w> <w type="NN">problem</w> <w type="IN">of</w> <w type="VBG">increasing</w> <w type="NN">consumer</w> <w type="NN">sophistication</w> <w type="IN">from</w> <w type="AT">the</w> <w type="NN">standpoint</w> <w type="IN">of</w> <w type="PPg">your</w> <w type="JJ">own</w> <w type="NN">company</w> <c type="pct">?</c> <c type="pct">?</c> </s>
<s n="22"><w type="JJR" subtype="HL">Greater</w> <w type="NN" subtype="HL">demand</w> <w type="IN" subtype="HL">for</w> <w type="NNS" subtype="HL">services</w> <c type="pct">.</c> </s>
</p>
<p><s n="23"><w type="NN">Need</w> <w type="IN">for</w> <w type="NN">service</w> <w type="BEZ">is</w> <w type="RB">here</w> <w type="TO">to</w> <w type="VB">stay</w> <c type="pct">--</c> <w type="CC">and</w> <w type="AT">the</w> <w type="NN">problem</w> <w type="BEZ">is</w> <w type="VBG">going</w> <w type="TO">to</w> <w type="BE">be</w> <w type="JJR">tougher</w> <w type="TO">to</w> <w type="VB">solve</w> <w type="IN">in</w> <w type="AT">the</w> <w type="NNS">sixties</w> <c type="pct">.</c> </s>
<s n="24"><w type="EX">There</w> <w type="BER">are</w> <w type="CD">two</w> <w type="NNS">reasons</w> <w type="IN">for</w> <w type="DT">this</w> <c type="pct">.</c> </s>
<s n="25"><w type="OD">First</w> <c type="pct">,</c> <w type="AP">most</w> <w type="NNS">products</w> <w type="VB">tend</w> <w type="TO">to</w> <w type="VB">become</w> <w type="QL">more</w> <w type="JJ">complex</w> <c type="pct">.</c> </s>
<s n="26"><w type="OD">Second</w> <c type="pct">,</c> <w type="IN">in</w> <w type="AT">a</w> <w type="JJ">competitive</w> <w type="NN">market</w> <c type="pct">,</c> <w type="AT">the</w> <w type="NN">customer</w> <w type="VBZ">feels</w> <w type="PPg">his</w> <w type="NN">weight</w> <w type="CC">and</w> <w type="VBZ">throws</w> <w type="PPO">it</w> <w type="RB">around</w> <c type="pct">.</c> </s>
</p>
<p><s n="27"><w type="VBG">Providing</w> <w type="JJ">good</w> <w type="NN">customer</w> <w type="NN">service</w> <w type="VBZ">requires</w> <w type="QL">as</w> <w type="JJ">thorough</w> <w type="AT">a</w> <w type="VBG">marketing</w> <w type="CC">and</w> <w type="JJ">general</w> <w type="NN">management</w> <w type="VBG">planning</w> <w type="NN">job</w> <w type="CS">as</w> <w type="AT">the</w> <w type="JJ">original</w> <w type="VBG">selling</w> <w type="IN">of</w> <w type="AT">the</w> <w type="NN">product</w> <c type="pct">.</c> </s>
<s n="28"><w type="QL">Too</w> <w type="RB">often</w> <w type="PPS">it</w> <w type="BEZ">is</w> <w type="VBN">thought</w> <w type="IN">of</w> <w type="IN">at</w> <w type="AT">the</w> <w type="AP">last</w> <w type="NN">moment</w> <w type="IN">of</w> <w type="JJ">new</w> <w type="NN">product</w> <w type="NN">introduction</w> <c type="pct">.</c> </s>
</p>
<p><s n="29"><w type="JJ">Good</w> <w type="NN">service</w> <w type="VBZ">starts</w> <w type="IN">with</w> <w type="NN">product</w> <w type="NN">design</w> <w type="CC">and</w> <w type="NN">planning</w> <c type="pct">:</c> <w type="AP">Many</w> <w type="NNS">products</w> <w type="VB">seem</w> <w type="TO">to</w> <w type="BE">be</w> <w type="VBN">designed</w> <w type="IN">for</w> <w type="AT">a</w> <w type="NN">production</w> <w type="NN">economy</w> <c type="pct">,</c> <w type="NEG">not</w> <w type="IN">for</w> <w type="AT">a</w> <w type="NN">service</w> <w type="CD">one</w> <c type="pct">.</c> </s>
<s n="30"><w type="JJ">Proper</w> <w type="NN">follow-through</w> <w type="VBZ">requires</w> <w type="VBG">training</w> <w type="PPg">your</w> <w type="JJ">own</w> <w type="NNS">sales</w> <w type="NN">organization</w> <c type="pct">,</c> <w type="CC">and</w> <w type="PPg">your</w> <w type="NN">distributor</w> <w type="NNS">organizations</w> <c type="pct">,</c> <w type="NEG">not</w> <w type="RB">only</w> <w type="IN">in</w> <w type="AT">the</w> <w type="NNS">techniques</w> <w type="CC">but</w> <w type="RB">also</w> <w type="IN">in</w> <w type="JJ">good</w> <w type="NN">customer</w> <w type="NNS">relations</w> <c type="pct">.</c> </s>
</p>
<p><s n="31"><w type="HV">Have</w> <w type="PPSS">you</w> <w type="VBN">assessed</w> <w type="AT">the</w> <w type="NN">importance</w> <w type="IN">of</w> <w type="NN">service</w> <w type="CC">and</w> <w type="VBN">given</w> <w type="PPO">it</w> <w type="JJ">proper</w> <w type="NN">attention</w> <c type="pct">?</c> <c type="pct">?</c> </s>
<s n="32"><w type="JJR" subtype="HL">Wider</w> <w type="JJ" subtype="HL">discretionary</w> <w type="NNS" subtype="HL">choices</w> <w type="IN" subtype="HL">for</w> <w type="NNS" subtype="HL">customers</w> <c type="pct">.</c> </s>
</p>
<p><s n="33"><w type="IN">In</w> <w type="VBG">spending</w> <w type="PPg">his</w> <w type="NN">money</w> <w type="NR">today</w> <c type="pct">,</c> <w type="AT">the</w> <w type="NN">consumer</w> <w type="BEZ">is</w> <w type="VBN">pulled</w> <w type="IN">in</w> <w type="AP">many</w> <w type="NNS">directions</w> <c type="pct">.</c> </s>
<s n="34"><w type="IN">To</w> <w type="AT">the</w> <w type="NN">manufacturer</w> <w type="IN">of</w> <w type="AT">the</w> <w type="QL">more</w> <w type="JJ">convenient-type</w> <w type="NN">product</w> <c type="pct">--</c> <w type="AT">the</w> <w type="NN">purchase</w> <w type="IN">of</w> <w type="WDT">which</w> <w type="MD">can</w> <w type="BE">be</w> <w type="VBN">switched</w> <c type="pct">,</c> <w type="VBN">delayed</w> <c type="pct">,</c> <w type="CC">or</w> <w type="VBN">put</w> <w type="RP">off</w> <w type="RB">entirely</w> <c type="pct">--</c> <w type="AT">the</w> <w type="NNS">implications</w> <w type="BER">are</w> <w type="JJ">important</w> <c type="pct">.</c> </s>
<s n="35"><w type="PPg">Your</w> <w type="NN">competition</w> <w type="BEZ">is</w> <w type="RB">now</w> <w type="RB">proportionately</w> <w type="JJR">greater</w> <c type="pct">--</c> <w type="PPSS">you</w> <w type="BER">are</w> <w type="VBG">competing</w> <w type="NEG">not</w> <w type="RB">only</w> <w type="IN">against</w> <w type="NNS">manufacturers</w> <w type="IN">in</w> <w type="AT">the</w> <w type="AP">same</w> <w type="NN">field</w> <w type="CC">but</w> <w type="RB">also</w> <w type="IN">against</w> <w type="AT">a</w> <w type="JJ">vast</w> <w type="NN">array</w> <w type="IN">of</w> <w type="NNS">manufacturers</w> <w type="IN">of</w> <w type="AP">other</w> <w type="JJ">appealing</w> <w type="NN">consumer</w> <w type="NNS">products</w> <c type="pct">.</c> </s>
</p>
<p><s n="36"><w type="AP">Many</w> <w type="NN">industry</w> <w type="NN">trade</w> <w type="NNS">associations</w> <w type="BER">are</w> <w type="VBG">developing</w> <w type="NNS">campaigns</w> <w type="TO">to</w> <w type="VB">protect</w> <w type="CC">or</w> <w type="VB">enhance</w> <w type="AT">the</w> <w type="NN">share</w> <w type="IN">of</w> <w type="AT">the</w> <w type="NNg">consumer's</w> <w type="NN">dollar</w> <w type="BEG">being</w> <w type="VBN">spent</w> <w type="IN">on</w> <w type="PPg">their</w> <w type="JJ">particular</w> <w type="NNS">products</w> <c type="pct">.</c> </s>
<s n="37"><w type="HVZ">Has</w> <w type="PPg">your</w> <w type="NN">company</w> <w type="VBN">thought</w> <w type="RP">through</w> <w type="PPg">its</w> <w type="NN">strategy</w> <w type="IN">in</w> <w type="DT">this</w> <w type="JJ">whole</w> <c type="pct">``</c> <w type="JJ">discretionary</w> <w type="VBG">buying</w> <c type="pct">''</c> <w type="NN">area</w> <c type="pct">?</c> <c type="pct">?</c> </s>
<s n="38"><w type="JJ" subtype="HL">Geographic</w> <w type="NN" subtype="HL">shift</w> <w type="IN" subtype="HL">of</w> <w type="NNS" subtype="HL">customers</w> <c type="pct">.</c> </s>
</p>
<p><s n="39"><w type="AT">The</w> <w type="NNS">trends</w> <w type="HV">have</w> <w type="BEN">been</w> <w type="IN">in</w> <w type="NN">evidence</w> <w type="IN">for</w> <w type="AP">many</w> <w type="NNS">years</w> <c type="pct">--</c> <w type="NN">population</w> <w type="NNS">shifts</w> <w type="IN">to</w> <w type="AT">the</w> <w type="NR" subtype="TL">Southwest</w> <w type="CC">and</w> <w type="JJ" subtype="TL">Far</w> <w type="NR" subtype="TL">West</w> <c type="pct">,</c> <w type="CC">and</w> <w type="IN">from</w> <w type="NN">city</w> <w type="IN">to</w> <w type="NNS">suburbs</w> <c type="pct">.</c> </s>
<s n="40"><w type="DTS">These</w> <w type="NNS">shifts</w> <w type="MD">will</w> <w type="VB">continue</w> <w type="IN">in</w> <w type="AT">the</w> <w type="AP">next</w> <w type="CD">10</w> <w type="NNS">yrs.</w> <c type="pct">.</c> </s>
<s n="41"><w type="HV">Have</w> <w type="PPSS">you</w> <w type="VBN">considered</w> <w type="AT">the</w> <w type="NNS">implications</w> <w type="IN">of</w> <w type="VBG">continuing</w> <w type="JJ">geographic</w> <w type="NNS">shifts</w> <w type="IN">in</w> <w type="NNS">terms</w> <w type="IN">of</w> <w type="NNS">sales</w> <w type="NN">force</w> <w type="NN">allocation</w> <c type="pct">,</c> <w type="NN">strength</w> <w type="IN">of</w> <w type="NN">distributor</w> <w type="NNS">organizations</w> <c type="pct">,</c> <w type="CC">and</w> <w type="RB">even</w> <w type="NN">plant</w> <w type="NN">location</w> <c type="pct">?</c> <c type="pct">?</c> </s>
<s n="42"><w type="NN" subtype="HL">Market</w> <w type="NN" subtype="HL">concentration</w> <w type="CC" subtype="HL">and</w> <w type="NN" subtype="HL">distribution</w> <w type="IN" subtype="HL">in</w> <w type="AP" subtype="HL">fewer</w> <w type="NNS" subtype="HL">accounts</w> <c type="pct">.</c> </s>
</p>
<p><s n="43"><w type="PPSS">We</w> <w type="HV">have</w> <w type="RB">already</w> <w type="VBN">witnessed</w> <w type="JJ">great</w> <w type="NNS">changes</w> <w type="IN">through</w> <w type="NNS">mergers</w> <w type="CC">and</w> <w type="NNS">acquisitions</w> <w type="IN">in</w> <w type="AT">the</w> <w type="NN">food</w> <w type="NN">industry</w> <c type="pct">--</c> <w type="IN">at</w> <w type="ABX">both</w> <w type="AT">the</w> <w type="VBG">manufacturing</w> <w type="CC">and</w> <w type="JJ">retail</w> <w type="NNS">ends</w> <c type="pct">.</c> </s>
<s n="44"><w type="RB">Instead</w> <w type="IN">of</w> <w type="QL">relatively</w> <w type="JJ">small</w> <w type="NNS">sales</w> <w type="IN">to</w> <w type="AP">many</w> <w type="NNS">accounts</w> <c type="pct">,</c> <w type="EX">there</w> <w type="BER">are</w> <w type="RB">now</w> <w type="JJR">larger</w> <w type="NNS">sales</w> <w type="IN">to</w> <w type="CC">or</w> <w type="IN">through</w> <w type="AP">fewer</w> <w type="NNS">accounts</w> <c type="pct">.</c> </s>
</p>
<p><s n="45"><w type="AT">The</w> <w type="NN">change</w> <w type="MD">may</w> <w type="VB">require</w> <w type="JJ">different</w> <w type="NNS">products</w> <c type="pct">,</c> <w type="VBG">pricing</w> <c type="pct">,</c> <w type="VBG">packaging</w> <c type="pct">,</c> <w type="VBG">warehousing</w> <c type="pct">,</c> <w type="NN">salesmanship</w> <c type="pct">,</c> <w type="VBG">advertising</w> <w type="CC">and</w> <w type="NN">executive</w> <w type="NN">attention</w> <c type="pct">--</c> <w type="RB">practically</w> <w type="AT">every</w> <w type="NN">link</w> <w type="IN">in</w> <w type="AT">the</w> <w type="VBG">marketing</w> <w type="NN">network</w> <w type="MD">may</w> <w type="HV">have</w> <w type="TO">to</w> <w type="BE">be</w> <w type="VBN">adjusted</w> <c type="pct">.</c> </s>
<s n="46"><w type="HV">Have</w> <w type="PPSS">you</w> <w type="VBN">examined</w> <w type="DTS">these</w> <w type="NNS">trends</w> <c type="pct">,</c> <w type="VBN">forecast</w> <w type="AT">the</w> <w type="NNS">effects</w> <c type="pct">,</c> <w type="CC">and</w> <w type="VBN">planned</w> <w type="PPg">your</w> <w type="VBG">marketing</w> <w type="NN">strategy</w> <w type="TO">to</w> <w type="VB">compete</w> <w type="RB">effectively</w> <w type="IN">under</w> <w type="VBG">changing</w> <w type="NNS">circumstances</w> <c type="pct">?</c> <c type="pct">?</c> </s>
</p>
<p><s n="47"><w type="CD" subtype="HL">2</w> <c type="pct">.</c> </s>
<s n="48"><w type="NNS" subtype="HL">Problems</w> <w type="IN" subtype="HL">in</w> <w type="VBG" subtype="HL">marketing</w> <w type="NNS" subtype="HL">methods</w> </s>
<s n="49"><w type="AP" subtype="HL">more</w> <w type="JJ" subtype="HL">private</w> <w type="NN" subtype="HL">label</w> <w type="NN" subtype="HL">competition</w> <c type="pct">.</c> </s>
</p>
<p><s n="50"><w type="IN">In</w> <w type="AT">the</w> <w type="NN">area</w> <w type="IN">of</w> <w type="JJ">private</w> <w type="NN">label</w> <w type="NN">competition</w> <c type="pct">,</c> <w type="PPS">it</w> <w type="BEZ">is</w> <w type="JJ">logical</w> <w type="TO">to</w> <w type="VB">expect</w> <w type="AT">a</w> <w type="NN">continuation</w> <w type="IN">of</w> <w type="NNS">trends</w> <w type="WDT">which</w> <w type="HV">have</w> <w type="BEN">been</w> <w type="IN">under</w> <w type="NN">way</w> <w type="IN">during</w> <w type="AT">the</w> <w type="OD">first</w> <w type="NN">decade</w> <c type="pct">.</c> </s>
<s n="51"><w type="CS">As</w> <w type="NN">mass</w> <w type="NN">dealer</w> <w type="CC">and</w> <w type="NN">distributor</w> <w type="NNS">organizations</w> <w type="VB">grow</w> <w type="IN">in</w> <w type="NN">size</w> <c type="pct">,</c> <w type="EX">there</w> <w type="BEZ">is</w> <w type="AT">every</w> <w type="NN">reason</w> <w type="TO">to</w> <w type="VB">expect</w> <w type="PPO">them</w> <w type="TO">to</w> <w type="VB">try</w> <w type="TO">to</w> <w type="VB">share</w> <w type="IN">in</w> <w type="AT">the</w> <w type="NNg">manufacturer's</w> <w type="QL">as</w> <w type="RB">well</w> <w type="CS">as</w> <w type="AT">the</w> <w type="NNg">distributor's</w> <w type="NNS">profits</w> <c type="pct">--</c> <w type="WDT">which</w> <w type="BEZ">is</w> <c type="pct">,</c> <w type="IN">in</w> <w type="NN">effect</w> <c type="pct">,</c> <w type="WDT">what</w> <w type="AT">the</w> <w type="NN">sale</w> <w type="IN">of</w> <w type="JJ">private</w> <w type="NNS">brands</w> <w type="VBZ">tends</w> <w type="TO">to</w> <w type="DO">do</w> <c type="pct">.</c> </s>
</p>
<p><s n="52"><w type="NN">Average</w> <w type="NN">manufacturer</w> <w type="RB">frequently</w> <w type="HVZ">has</w> <w type="VBN">helped</w> <w type="VB">build</w> <w type="JJ">private</w> <w type="NN">brand</w> <w type="NN">business</w> <c type="pct">,</c> <w type="VBG">delivering</w> <w type="RB">largely</w> <w type="AT">the</w> <w type="AP">same</w> <w type="NNS">qualities</w> <w type="CC">and</w> <w type="NNS">styles</w> <w type="IN">in</w> <w type="JJ">private</w> <w type="NN">brand</w> <w type="NN">merchandise</w> <w type="CS">as</w> <w type="IN">in</w> <w type="VBN">branded</w> <c type="pct">.</c> </s>
<s n="53"><w type="RB">Moreover</w> <c type="pct">,</c> <w type="AT">the</w> <w type="JJR">larger</w> <w type="CC">and</w> <w type="QL">more</w> <w type="JJ">aggressive</w> <w type="NN">mass</w> <w type="NN">distribution</w> <w type="NNS">outlets</w> <w type="CC">and</w> <w type="NN">chain</w> <w type="NNS">stores</w> <w type="HV">have</w> <w type="VBN">insisted</w> <w type="IN">on</w> <w type="JJ">high</w> <w type="NN">quality</w> <c type="pct">--</c> <w type="CC">and</w> <w type="AT">the</w> <w type="NN">customer</w> <w type="VBZ">seems</w> <w type="TO">to</w> <w type="HV">have</w> <w type="VBN">caught</w> <w type="RP">on</w> <c type="pct">.</c> </s>
</p>
<p><s n="54"><w type="CS">If</w> <w type="PPSS">you</w> <w type="BER">are</w> <w type="RP">up</w> <w type="IN">against</w> <w type="JJ">private</w> <w type="NN">brand</w> <w type="NN">competition</w> <c type="pct">,</c> <w type="HV">have</w> <w type="PPSS">you</w> <w type="VBN">formulated</w> <w type="AT">a</w> <w type="NN">long-term</w> <w type="NN">program</w> <w type="IN">for</w> <w type="VBG">researching</w> <w type="CC">and</w> <w type="VBG">strengthening</w> <w type="PPg">your</w> <w type="NN">market</w> <w type="NN">position</w> <c type="pct">?</c> <c type="pct">?</c> </s>
<s n="55"><w type="CS">If</w> <w type="JJ">private</w> <w type="NN">brand</w> <w type="NN">competition</w> <mw pos="HVZ *">hasn't </mw><w type="BEN">been</w> <w type="VBN">felt</w> <w type="IN">in</w> <w type="PPg">your</w> <w type="NN">product</w> <w type="NN">field</w> <w type="QL">as</w> <w type="RB">yet</w> <c type="pct">,</c> <w type="HV">have</w> <w type="PPSS">you</w> <w type="VBN">thought</w> <w type="WRB">how</w> <w type="PPSS">you</w> <w type="MD">will</w> <w type="VB">cope</w> <w type="IN">with</w> <w type="PPO">it</w> <w type="CS">if</w> <w type="CC">and</w> <w type="WRB">when</w> <w type="PPS">it</w> <w type="DOZ">does</w> <w type="VB">appear</w> <c type="pct">?</c> <c type="pct">?</c> </s>
<s n="56"><w type="AP" subtype="HL">Less</w> <w type="JJ" subtype="HL">personal</w> <w type="NN" subtype="HL">salesmanship</w> <c type="pct">.</c> </s>
</p>
<p><s n="57"><w type="NN">Display</w> <w type="VBG">merchandising</w> <c type="pct">,</c> <w type="VBN">backed</w> <w type="IN">by</w> <w type="VBG">pre-selling</w> <w type="IN">through</w> <w type="VBG">advertising</w> <w type="CC">and</w> <w type="NN">promotion</w> <c type="pct">,</c> <w type="MD">will</w> <w type="VB">continue</w> <w type="TO">to</w> <w type="VB">make</w> <w type="NNS">strides</w> <w type="IN">in</w> <w type="AT">the</w> <w type="NNS">sixties</w> <c type="pct">.</c> </s>
<s n="58"><w type="PPS">It</w> <w type="HVZ">has</w> <w type="JJ">multiple</w> <w type="NNS">implications</w> <w type="CC">and</w> <w type="JJ">possible</w> <w type="NNS">headaches</w> <w type="IN">for</w> <w type="PPg">your</w> <w type="VBG">marketing</w> <w type="NN">program</w> <c type="pct">.</c> </s>
</p>
<p><s n="59"><w type="WRB">How</w> <w type="MD">can</w> <w type="PPSS">you</w> <w type="VB">cash</w> <w type="RP">in</w> <w type="IN">on</w> <w type="DT">this</w> <w type="JJ">fast-growing</w> <w type="NN">type</w> <w type="IN">of</w> <w type="NN">outlet</w> <w type="CC">and</w> <w type="RB">still</w> <w type="VB">maintain</w> <w type="NNS">relationships</w> <w type="IN">with</w> <w type="JJR">older</w> <w type="VBG">existing</w> <w type="NNS">outlets</w> <w type="WDT">which</w> <w type="BER">are</w> <w type="RB">still</w> <w type="JJ">important</w> <c type="pct">?</c> <c type="pct">?</c> </s>
<s n="60"><w type="CS">If</w> <w type="PPSS">you</w> <w type="HV">have</w> <w type="AT">a</w> <w type="NN">higher-quality</w> <w type="NN">product</w> <c type="pct">,</c> <w type="WRB">how</w> <w type="MD">can</w> <w type="PPSS">you</w> <w type="VB">make</w> <w type="PPO">it</w> <w type="VB">stand</w> <w type="RP">out</w> <c type="pct">--</c> <w type="VB">justify</w> <w type="PPg">its</w> <w type="NN">premium</w> <w type="NN">price</w> <c type="pct">--</c> <w type="IN">without</w> <w type="AT">the</w> <w type="VBN">spoken</w> <w type="NN">word</w> <c type="pct">?</c> <c type="pct">?</c> </s>
<s n="61"><w type="NN">Salesmanship</w> <w type="BEZ">is</w> <w type="RB">still</w> <w type="JJ">necessary</w> <c type="pct">,</c> <w type="CC">but</w> <mw pos="PPS BEZ">it's </mw><w type="AT">a</w> <w type="JJ">different</w> <w type="NN">brand</w> <w type="IN">of</w> <w type="NN">salesmanship</w> <c type="pct">.</c> </s>
</p>
<p><s n="62"><w type="HV">Have</w> <w type="PPSS">you</w> <w type="RB">carefully</w> <w type="VBN">examined</w> <w type="AT">the</w> <w type="VBG">selling</w> <w type="NNS">techniques</w> <w type="WDT">which</w> <w type="RBT">best</w> <w type="VB">suit</w> <w type="PPg">your</w> <w type="NNS">products</w> <c type="pct">?</c> <c type="pct">?</c> </s>
<s n="63"><w type="HV">Have</w> <w type="PPSS">you</w> <w type="VBN">studied</w> <w type="AT">the</w> <w type="NN">caliber</w> <w type="CC">and</w> <w type="NNS">sales</w> <w type="NNS">approaches</w> <w type="IN">of</w> <w type="PPg">your</w> <w type="NNS">sales</w> <w type="NN">force</w> <w type="IN">in</w> <w type="NN">relation</w> <w type="IN">to</w> <w type="NNS">requirements</w> <w type="IN">for</w> <w type="JJ">effective</w> <w type="NN">marketing</w> <c type="pct">?</c> <c type="pct">?</c> </s>
<s n="64"><w type="BER">Are</w> <w type="PPSS">you</w> <w type="VBG">experimenting</w> <w type="IN">with</w> <w type="JJ">different</w> <w type="VBG">selling</w> <w type="NNS">slants</w> <w type="IN">in</w> <w type="VBG">developing</w> <w type="JJ">new</w> <w type="NNS">customers</w> <c type="pct">?</c> <c type="pct">?</c> </s>
<s n="65"><w type="JJR" subtype="HL">Higher</w> <w type="NNS" subtype="HL">costs</w> <w type="IN" subtype="HL">of</w> <w type="NN" subtype="HL">distribution</w> <w type="RB" subtype="HL">generally</w> <c type="pct">.</c> </s>
</p>
<p><s n="66"><w type="DTI">Some</w> <w type="NN">distribution</w> <w type="NNS">costs</w> <w type="BER">are</w> <w type="VBN">kept</w> <w type="RP">up</w> <w type="IN">by</w> <w type="JJ">competitive</w> <w type="NN">pressure</w> <c type="pct">,</c> <w type="DTI">some</w> <w type="IN">by</w> <w type="AT">the</w> <w type="NN">fact</w> <w type="CS">that</w> <w type="AT">the</w> <w type="NNS">customers</w> <w type="HV">have</w> <w type="VBN">come</w> <w type="TO">to</w> <w type="VB">expect</w> <w type="JJ">certain</w> <w type="NNS">niceties</w> <w type="CC">and</w> <w type="NNS">flourishes</w> <c type="pct">.</c> </s>
<s n="67"><w type="AT">No</w> <w type="NN">manufacturer</w> <w type="HVZ">has</w> <w type="VBN">taken</w> <w type="AT">the</w> <w type="NN">initiative</w> <w type="IN">in</w> <w type="VBG">pointing</w> <w type="RP">out</w> <w type="AT">the</w> <w type="NNS">costs</w> <w type="VBN">involved</w> <c type="pct">.</c> </s>
</p>
<p><s n="68"><w type="AT">The</w> <w type="NN">use</w> <w type="IN">of</w> <w type="NN">bulk</w> <w type="NN">handling</w> <w type="BEZ">is</w> <w type="RB">continuously</w> <w type="VBG">growing</w> <c type="pct">.</c> </s>
<s n="69"><w type="NNS">Computers</w> <w type="BER">are</w> <w type="BEG">being</w> <w type="VBN">used</w> <w type="TO">to</w> <w type="VB">keep</w> <w type="NN">branch</w> <w type="NNS">inventories</w> <w type="IN">at</w> <w type="QL">more</w> <w type="JJ">workable</w> <w type="NNS">levels</w> <c type="pct">.</c> </s>
<s n="70"><c type="pct">``</c> <w type="JJ">Selective</w> <w type="NN">selling</w> <c type="pct">''</c> <c type="pct">--</c> <w type="VBG">concentrating</w> <w type="NNS">sales</w> <w type="IN">on</w> <w type="AT">the</w> <w type="JJR">larger</w> <w type="NNS">accounts</w> <c type="pct">--</c> <w type="HVZ">has</w> <w type="BEN">been</w> <w type="VBN">used</w> <w type="RB">effectively</w> <w type="IN">by</w> <w type="DTI">some</w> <w type="NNS">manufacturers</w> <c type="pct">.</c> </s>
</p>
<p><s n="71"><w type="EX">There</w> <w type="MD">may</w> <w type="BE">be</w> <w type="JJ">possible</w> <w type="NNS">economies</w> <w type="IN">at</w> <w type="DTI">any</w> <w type="CD">one</w> <w type="IN">of</w> <w type="AT">a</w> <w type="NN">number</w> <w type="IN">of</w> <w type="NNS">links</w> <w type="IN">in</w> <w type="PPg">your</w> <w type="VBG">marketing</w> <w type="CC">and</w> <w type="NN">distribution</w> <w type="NN">chain</w> <c type="pct">.</c> </s>
<s n="72"><w type="DO">Do</w> <w type="PPO">you</w> <w type="HV">have</w> <w type="AT">a</w> <w type="NN">program</w> <w type="IN">for</w> <w type="VBG">scrutinizing</w> <w type="ABN">all</w> <w type="DTS">these</w> <w type="NNS">links</w> <w type="RB">regularly</w> <w type="CC">and</w> <w type="RB">carefully</w> <c type="pct">--</c> <w type="CC">and</w> <w type="IN">with</w> <w type="DTI">some</w> <w type="NN">imagination</w> <c type="pct">?</c> <c type="pct">?</c> </s>
<s n="73"><w type="IN">In</w> <w type="PPg">your</w> <w type="NNS">sales</w> <w type="VB">force</w> <c type="pct">,</c> <w type="MD">will</w> <w type="AT">a</w> <w type="JJR">smaller</w> <w type="NN">number</w> <w type="IN">of</w> <w type="JJR">higher-priced</w> <c type="pct">,</c> <w type="NN">high-quality</w> <w type="NNS">salesmen</w> <w type="VB">serve</w> <w type="PPO">you</w> <w type="RBT">best</w> <c type="pct">,</c> <w type="CC">or</w> <w type="MD">can</w> <w type="PPSS">you</w> <w type="VB">make</w> <w type="RP">out</w> <w type="RBR">better</w> <w type="IN">with</w> <w type="AT">a</w> <w type="JJR">larger</w> <w type="NN">number</w> <w type="IN">of</w> <w type="JJR">lower-paid</w> <w type="NNS">salesmen</w> <c type="pct">?</c> <c type="pct">?</c> </s>
</p>
<p><s n="74"><w type="MD">Will</w> <w type="PPg">your</w> <w type="NN">trade</w> <w type="NNS">customers</w> <w type="VB">settle</w> <w type="IN">for</w> <w type="AP">less</w> <w type="NN">attention</w> <w type="CC">and</w> <w type="AP">fewer</w> <w type="NNS">frills</w> <w type="IN">in</w> <w type="NN">return</w> <w type="IN">for</w> <w type="DTI">some</w> <w type="NN">benefit</w> <w type="PPSS">they</w> <w type="MD">can</w> <w type="VB">share</w> <c type="pct">?</c> <c type="pct">?</c> </s>
<s n="75"><w type="IN">In</w> <w type="CD">one</w> <w type="NN">company</w> <w type="VBG">covering</w> <w type="AT">the</w> <w type="NN">country</w> <w type="IN">with</w> <w type="AT">a</w> <w type="NN">high-quality</w> <w type="NNS">sales</w> <w type="NN">force</w> <w type="IN">of</w> <w type="CD">10</w> <w type="NNS">men</w> <c type="pct">,</c> <w type="AT">the</w> <w type="NN">president</w> <w type="RB">personally</w> <w type="VBZ">phones</w> <w type="DT">each</w> <w type="JJ">major</w> <w type="NN">account</w> <w type="AT">every</w> <w type="CD">6</w> <w type="NNS">mos.</w> <c type="pct">.</c> </s>
<s n="76"><w type="CS">As</w> <w type="AT">a</w> <w type="NN">result</w> <c type="pct">,</c> <w type="NN">distribution</w> <w type="NNS">costs</w> <w type="BED">were</w> <w type="VBN">cut</w> <c type="pct">,</c> <w type="NN">customer</w> <w type="NNS">relations</w> <w type="VBN">improved</w> <c type="pct">.</c> </s>
</p>
<p><s n="77"><w type="NN">Distribution</w> <w type="NNS">costs</w> <w type="BER">are</w> <w type="RB">almost</w> <w type="VBN">bound</w> <w type="TO">to</w> <w type="VB">increase</w> <w type="IN">in</w> <w type="AT">the</w> <w type="NNS">sixties</w> <c type="pct">--</c> <w type="CC">and</w> <w type="PPSS">you</w> <w type="MD">will</w> <w type="RB">never</w> <w type="VB">know</w> <w type="WDT">what</w> <w type="PPSS">you</w> <w type="MD">can</w> <w type="DO">do</w> <w type="TO">to</w> <w type="VB">control</w> <w type="PPO">them</w> <w type="CS">unless</w> <w type="PPSS">you</w> <w type="VB">study</w> <w type="DT">each</w> <w type="NN">element</w> <w type="CC">and</w> <w type="VB">experiment</w> <w type="IN">with</w> <w type="JJ">alternative</w> <w type="NNS">ways</w> <w type="IN">of</w> <w type="VBG">doing</w> <w type="AT">the</w> <w type="NN">job</w> <c type="pct">.</c> </s>
<s n="78"><w type="JJR" subtype="HL">Higher</w> <w type="NNS" subtype="HL">costs</w> <w type="IN" subtype="HL">of</w> <w type="VBG" subtype="HL">advertising</w> <w type="CC" subtype="HL">and</w> <w type="NN" subtype="HL">promotion</w> <c type="pct">.</c> </s>
</p>
<p><s n="79"><w type="IN">From</w> <w type="AT">the</w> <w type="NNg">manufacturer's</w> <w type="NN">point</w> <w type="IN">of</w> <w type="NN">view</w> <c type="pct">,</c> <w type="AT">the</w> <w type="VBG">increasing</w> <w type="NN">cost</w> <w type="IN">of</w> <w type="VBG">advertising</w> <w type="CC">and</w> <w type="NN">promotion</w> <w type="BEZ">is</w> <w type="AT">a</w> <w type="QL">very</w> <w type="JJ">real</w> <w type="NN">problem</w> <w type="TO">to</w> <w type="BE">be</w> <w type="VBN">faced</w> <w type="IN">in</w> <w type="AT">the</w> <w type="NNS">sixties</w> <c type="pct">.</c> </s>
<s n="80"><w type="PPS">It</w> <w type="BEZ">is</w> <w type="VBN">accentuated</w> <w type="IN">by</w> <w type="AT">the</w> <w type="MD">need</w> <w type="IN">for</w> <w type="NN">pre-selling</w> <w type="NNS">goods</w> <c type="pct">,</c> <w type="CC">and</w> <w type="JJ">private</w> <w type="NN">label</w> <w type="NN">competition</w> <c type="pct">.</c> </s>
</p>
<p><s n="81"><w type="WQL">How</w> <w type="AP">much</w> <w type="JJ">fundamental</w> <w type="NN">thinking</w> <w type="CC">and</w> <w type="NN">research</w> <w type="HVZ">has</w> <w type="PPg">your</w> <w type="NN">company</w> <w type="VBN">done</w> <w type="IN">on</w> <w type="PPg">its</w> <w type="VBG">advertising</w> <w type="NN">program</w> <c type="pct">?</c> <c type="pct">?</c> </s>
<s n="82"><w type="BER">Are</w> <w type="PPSS">you</w> <w type="VBG">following</w> <w type="NN">competition</w> <w type="RB">willy-nilly</w> <c type="pct">--</c> <w type="VBG">trying</w> <w type="TO">to</w> <w type="VB">match</w> <w type="NN">dollar</w> <w type="IN">for</w> <w type="NN">dollar</w> <c type="pct">--</c> <w type="CC">or</w> <w type="BER">are</w> <w type="PPSS">you</w> <w type="VBG">experimenting</w> <w type="IN">with</w> <w type="JJ">new</w> <w type="NNS">means</w> <w type="IN">for</w> <w type="VBG">reaching</w> <w type="CC">and</w> <w type="VBG">influencing</w> <w type="NNS">consumers</w> <c type="pct">?</c> <c type="pct">?</c> </s>
<s n="83"><w type="HV">Have</w> <w type="PPSS">you</w> <w type="VBN">evaluated</w> <w type="AT">the</w> <w type="JJ">proper</w> <w type="NN">place</w> <w type="IN">of</w> <w type="VBG">advertising</w> <w type="CC">and</w> <w type="ABN">all</w> <w type="NNS">phases</w> <w type="IN">of</w> <w type="NN">promotion</w> <w type="IN">in</w> <w type="PPg">your</w> <w type="NN">total</w> <w type="VBG">marketing</w> <w type="NN">program</w> <c type="pct">--</c> <w type="IN">from</w> <w type="AT">the</w> <w type="NN">standpoint</w> <w type="IN">of</w> <w type="NN">effort</w> <c type="pct">,</c> <w type="NN">money</w> <c type="pct">,</c> <w type="CC">and</w> <w type="NN">effectiveness</w> <c type="pct">?</c> <c type="pct">?</c> </s>
<s n="84"><w type="VBG" subtype="HL">Increasing</w> <w type="NN" subtype="HL">tempo</w> <w type="IN" subtype="HL">of</w> <w type="JJ" subtype="HL">new</w> <w type="NN" subtype="HL">product</w> <w type="NN" subtype="HL">development</w> <c type="pct">.</c> </s>
</p>
<p><s n="85"><w type="QL">Practically</w> <w type="ABN">all</w> <w type="NNS">forecasts</w> <w type="VB">mention</w> <w type="JJ">new</w> <w type="CC">and</w> <w type="JJ">exciting</w> <w type="NNS">products</w> <w type="IN">on</w> <w type="AT">the</w> <w type="NN">horizon</w> <c type="pct">.</c> </s>
<s n="86"><w type="MD">Will</w> <w type="PPSS">you</w> <w type="BE">be</w> <w type="RP">out</w> <w type="IN">in</w> <w type="AT">the</w> <w type="NN">market</w> <w type="NN">place</w> <w type="IN">with</w> <w type="DTI">some</w> <w type="IN">of</w> <w type="DTS">these</w> <w type="JJ">sales-building</w> <w type="JJ">new</w> <w type="NNS">products</w> <c type="pct">?</c> <c type="pct">?</c> </s>
</p>
<p><s n="87"><w type="CS">If</w> <w type="NN">competition</w> <w type="VBZ">beats</w> <w type="PPO">you</w> <w type="IN">to</w> <w type="PPO">it</w> <c type="pct">,</c> <w type="DT">this</w> <w type="JJ">exciting</w> <w type="JJ">new</w> <w type="NN">product</w> <w type="NN">era</w> <w type="MD">can</w> <w type="HV">have</w> <w type="JJ">real</w> <w type="NNS">headaches</w> <w type="IN">in</w> <w type="NN">store</w> <c type="pct">.</c> </s>
<s n="88"><w type="IN">On</w> <w type="AT">the</w> <w type="AP">other</w> <w type="NN">hand</w> <c type="pct">,</c> <w type="AT">the</w> <w type="NN">process</w> <w type="IN">of</w> <w type="VBG">obsoleting</w> <w type="AT">an</w> <w type="JJ">old</w> <w type="NN">product</w> <w type="CC">and</w> <w type="VBG">introducing</w> <w type="AT">the</w> <w type="JJ">new</w> <w type="CD">one</w> <w type="BEZ">is</w> <w type="RB">usually</w> <w type="QL">mighty</w> <w type="JJ">expensive</w> <c type="pct">.</c> </s>
<s n="89"><w type="CS">As</w> <w type="NNS">markets</w> <w type="VB">become</w> <w type="JJR">larger</w> <w type="CC">and</w> <w type="VBG">marketing</w> <w type="QL">more</w> <w type="JJ">complex</w> <c type="pct">,</c> <w type="AT">the</w> <w type="NNS">costs</w> <w type="IN">of</w> <w type="AT">an</w> <w type="NN">error</w> <w type="VB">become</w> <w type="RB">progressively</w> <w type="JJR">larger</w> <c type="pct">.</c> </s>
</p>
<p><s n="90"><w type="BEZ">Is</w> <w type="PPg">your</w> <w type="NP">R</w> <w type="CC" subtype="TL">&amp;</w> <w type="NP">D</w> <w type="CC">or</w> <w type="NN">product</w> <w type="NN">development</w> <w type="NN">program</w> <w type="VBN">tuned</w> <w type="RP">in</w> <w type="IN">to</w> <w type="AT">the</w> <w type="JJ">commercial</w> <w type="NNS">realities</w> <w type="IN">of</w> <w type="AT">the</w> <w type="NN">market</w> <c type="pct">?</c> <c type="pct">?</c> </s>
<s n="91"><w type="BER">Are</w> <w type="EX">there</w> <w type="JJ">regular</w> <w type="NNS">communications</w> <w type="IN">from</w> <w type="AT">the</w> <w type="NN">field</w> <c type="pct">,</c> <w type="CC">or</w> <w type="NNS">meetings</w> <w type="IN">of</w> <w type="NNS">sales</w> <w type="CC">and</w> <w type="VBG">marketing</w> <w type="NNS">personnel</w> <w type="IN">with</w> <w type="NP">R</w> <w type="CC" subtype="TL">&amp;</w> <w type="NP">D</w> <w type="NNS">people</w> <c type="pct">?</c> <c type="pct">?</c> </s>
<s n="92"><w type="JJ">Technical</w> <w type="NN">knowledge</w> <w type="BEZ">is</w> <w type="AT">a</w> <w type="JJ">wonderful</w> <w type="NN">thing</w> <c type="pct">,</c> <w type="CC">but</w> <mw pos="PPS BEZ">it's </mw><w type="JJ">useless</w> <w type="CS">unless</w> <w type="PPS">it</w> <w type="RB">eventually</w> <w type="VBZ">feeds</w> <w type="AT">the</w> <w type="NN">cash</w> <w type="NN">register</w> <c type="pct">.</c> </s>
</p>
<p><s n="93"><w type="BER">Are</w> <w type="EX">there</w> <w type="NNS">individuals</w> <w type="IN">in</w> <w type="PPg">your</w> <w type="NN">organization</w> <w type="WPS">who</w> <w type="MD">can</w> <w type="VB">shepherd</w> <w type="AT">a</w> <w type="JJ">new</w> <w type="NN">product</w> <w type="RP">through</w> <w type="IN">to</w> <w type="NN">commercialization</w> <c type="pct">;</c> <c type="pct">;</c> </s>
<s n="94"><w type="WPS">who</w> <w type="MD">can</w> <w type="VB">develop</w> <w type="JJ">reliable</w> <w type="NNS">estimates</w> <w type="IN">of</w> <w type="NNS">sales</w> <w type="NN">volume</w> <c type="pct">,</c> <w type="NN">production</w> <c type="pct">,</c> <w type="CC">and</w> <w type="NN">distribution</w> <w type="NNS">costs</w> <c type="pct">;</c> <c type="pct">;</c> </s>
<s n="95"><w type="CC">and</w> <w type="VB">translate</w> <w type="AT">the</w> <w type="JJ">whole</w> <w type="IN">into</w> <w type="NN">profit</w> <w type="CC">and</w> <w type="NN">loss</w> <w type="CC">and</w> <w type="VB">balance</w> <w type="NN">sheet</w> <w type="NNS">figures</w> <w type="WDT">which</w> <w type="NN">management</w> <w type="MD">can</w> <w type="VB">act</w> <w type="IN">on</w> <w type="IN">with</w> <w type="DTI">some</w> <w type="NN">assurance</w> <c type="pct">?</c> <c type="pct">?</c> </s>
<s n="96"><w type="PPSS">We</w> <w type="HV">have</w> <w type="VBN">seen</w> <w type="JJ">good</w> <w type="JJ">new</w> <w type="NNS">products</w> <w type="VBN">shelved</w> <w type="CS">because</w> <w type="AT">no</w> <w type="PN">one</w> <w type="HVD">had</w> <w type="AT">the</w> <w type="NN">assignment</w> <w type="TO">to</w> <w type="VB">develop</w> <w type="JJ">such</w> <w type="NNS">facts</w> <w type="CC">and</w> <w type="NNS">plans</w> <c type="pct">--</c> <w type="CC">and</w> <w type="NN">management</w> <mw pos="MD *">couldn't </mw><w type="VB">make</w> <w type="RP">up</w> <w type="PPg">its</w> <w type="NN">mind</w> <c type="pct">.</c> </s>
</p>
<p><s n="97"><w type="CD" subtype="HL">3</w> <c type="pct">.</c> </s>
<s n="98"><w type="NNS" subtype="HL">Problems</w> <w type="IN" subtype="HL">in</w> <w type="VBG" subtype="HL">marketing</w> <w type="NN" subtype="HL">management</w> </s>
<s n="99"><w type="NN" subtype="HL">shortage</w> <w type="IN" subtype="HL">of</w> <w type="JJ" subtype="HL">skilled</w> <w type="NNS" subtype="HL">salesmen</w> <c type="pct">.</c> </s>
</p>
<p><s n="100"><w type="EX">There</w> <w type="BEZ">is</w> <w type="AT">a</w> <w type="NN">shortage</w> <w type="IN">of</w> <w type="NNS">salesmen</w> <w type="NR">today</w> <c type="pct">.</c> </s>
<s n="101"><w type="IN">In</w> <w type="AT">the</w> <w type="NN">future</w> <c type="pct">,</c> <w type="JJ">quantitative</w> <w type="NN">demand</w> <w type="MD">will</w> <w type="BE">be</w> <w type="JJR">greater</w> <w type="RB">because</w> <w type="IN">of</w> <w type="AT">the</w> <w type="NN">expansion</w> <w type="IN">of</w> <w type="AT">the</w> <w type="NN">economy</w> <c type="pct">,</c> <w type="CC">and</w> <w type="AT">the</w> <w type="JJ">qualitative</w> <w type="NN">need</w> <w type="MD">will</w> <w type="BE">be</w> <w type="JJR">greater</w> <w type="QLP">still</w> <c type="pct">.</c> </s>
</p>
<p><s n="102"><w type="CS">While</w> <w type="AP">many</w> <w type="NNS">companies</w> <w type="HV">have</w> <w type="VBN">done</w> <w type="JJ">fine</w> <w type="NN">work</w> <w type="IN">in</w> <w type="VBG">developing</w> <w type="NNS">sales</w> <w type="NNS">personnel</w> <c type="pct">,</c> <w type="AP">much</w> <w type="IN">of</w> <w type="PPO">it</w> <w type="HVZ">has</w> <w type="BEN">been</w> <w type="NN">product</w> <w type="IN">rather</w> <w type="IN">than</w> <w type="NNS">sales</w> <w type="NN">training</w> <c type="pct">.</c> </s>
<s n="103"><w type="CC">Nor</w> <w type="HVZ">has</w> <w type="AT">the</w> <w type="NN">training</w> <w type="BEN">been</w> <w type="AP">enough</w> <w type="IN">in</w> <w type="NN">relation</w> <w type="IN">to</w> <w type="AT">the</w> <w type="NN">need</w> <c type="pct">.</c> </s>
<s n="104"><w type="AP">Most</w> <w type="VBG">marketing</w> <w type="NNS">people</w> <w type="VB">agree</w> <w type="PPS">it</w> <w type="BEZ">is</w> <w type="VBG">going</w> <w type="TO">to</w> <w type="VB">take</w> <w type="VBN">redoubled</w> <w type="NNS">efforts</w> <w type="TO">to</w> <w type="VB">satisfy</w> <w type="JJ">future</w> <w type="NNS">requirements</w> <c type="pct">.</c> </s>
</p>
<p><s n="105"><w type="HV">Have</w> <w type="PPSS">you</w> <w type="VBN">estimated</w> <w type="PPg">your</w> <w type="NNS">sales</w> <w type="NN">manpower</w> <w type="NNS">needs</w> <w type="IN">for</w> <w type="AT">the</w> <w type="NN">future</w> <c type="pct">(</c> <w type="ABX">both</w> <w type="RB">quantitatively</w> <w type="CC">and</w> <w type="RB">qualitatively</w> <c type="pct">)</c> <c type="pct">?</c> <c type="pct">?</c> </s>
<s n="106"><w type="HVZ">Has</w> <w type="PPg">your</w> <w type="NN">company</w> <w type="VBN">developed</w> <w type="NN">selection</w> <w type="CC">and</w> <w type="VBG">training</w> <w type="NNS">processes</w> <w type="WPS">that</w> <w type="BER">are</w> <w type="VBN">geared</w> <w type="IN">to</w> <w type="VBG">providing</w> <w type="AT">the</w> <w type="NN">caliber</w> <w type="IN">of</w> <w type="NNS">salesmen</w> <w type="PPSS">you</w> <w type="MD">will</w> <w type="VB">need</w> <w type="IN">in</w> <w type="AT">the</w> <w type="AP">next</w> <w type="CD">10</w> <w type="NNS">yrs.</w> <c type="pct">?</c> <c type="pct">?</c> </s>
<s n="107"><w type="NN" subtype="HL">Shortage</w> <w type="IN" subtype="HL">of</w> <w type="NNS" subtype="HL">sales</w> <w type="NN" subtype="HL">management</w> <w type="NN" subtype="HL">talent</w> <c type="pct">.</c> </s>
</p>
<p><s n="108"><w type="IN">With</w> <w type="AT">the</w> <w type="VBG">growing</w> <w type="NN">complexity</w> <w type="IN">of</w> <w type="NNS">markets</w> <w type="CC">and</w> <w type="NN">intensity</w> <w type="IN">of</w> <w type="NN">competition</w> <c type="pct">,</c> <w type="NNS">sales</w> <w type="NN">management</w> <c type="pct">,</c> <w type="CS">whether</w> <w type="IN">at</w> <w type="AT">the</w> <w type="NN">district</w> <c type="pct">,</c> <w type="NN">region</w> <w type="CC">or</w> <w type="NN">headquarters</w> <w type="NN">level</w> <c type="pct">,</c> <w type="BEZ">is</w> <w type="AT">a</w> <w type="JJ">tough</w> <w type="NN">job</w> <w type="NR">today</w> <c type="pct">--</c> <w type="CC">and</w> <w type="PPS">it</w> <w type="MD">will</w> <w type="BE">be</w> <w type="JJR">tougher</w> <w type="IN">in</w> <w type="AT">the</w> <w type="NN">future</w> <c type="pct">.</c> </s>
<s n="109"><w type="NNS">Men</w> <w type="VBN">qualified</w> <w type="IN">for</w> <w type="AT">the</w> <w type="JJR">broader</w> <w type="NN">task</w> <w type="IN">of</w> <w type="VBG">marketing</w> <w type="NN">manager</w> <w type="BER">are</w> <w type="QL">even</w> <w type="QL">more</w> <w type="JJ">scarce</w> <w type="RB">due</w> <w type="IN">to</w> <w type="AT">the</w> <w type="VBG">demanding</w> <w type="NN">combination</w> <w type="IN">of</w> <w type="NNS">qualifications</w> <w type="VBN">called</w> <w type="IN">for</w> <w type="IN">by</w> <w type="DT">this</w> <w type="NN">type</w> <w type="IN">of</w> <w type="NN">management</w> <w type="NN">work</w> <c type="pct">.</c> </s>
<s n="110"><w type="AT">The</w> <w type="NN">growth</w> <w type="IN">of</w> <w type="NN">business</w> <w type="HVZ">has</w> <w type="VBN">outdistanced</w> <w type="AT">the</w> <w type="JJ">available</w> <w type="NN">supply</w> <c type="pct">,</c> <w type="CC">and</w> <w type="AT">the</w> <w type="NN">demand</w> <w type="MD">will</w> <w type="VB">continue</w> <w type="TO">to</w> <w type="VB">exceed</w> <w type="AT">the</w> <w type="NN">supply</w> <w type="IN">in</w> <w type="AT">the</w> <w type="NNS">sixties</w> <c type="pct">.</c> </s>
</p>
<p><s n="111"><w type="DOZ">Does</w> <w type="PPg">your</w> <w type="NN">company</w> <w type="HV">have</w> <w type="AT">a</w> <w type="NN">program</w> <w type="IN">for</w> <w type="VBG">selecting</w> <w type="CC">and</w> <w type="VBG">developing</w> <w type="NNS">sales</w> <w type="CC">and</w> <w type="VBG">marketing</w> <w type="NN">management</w> <w type="NNS">personnel</w> <w type="IN">for</w> <w type="AT">the</w> <w type="JJR">longer</w> <w type="NN">term</w> <c type="pct">?</c> <c type="pct">?</c> </s>
<s n="112"><w type="DOZ">Does</w> <w type="PPg">your</w> <w type="NN">management</w> <w type="NN">climate</w> <w type="CC">and</w> <w type="PPg">your</w> <w type="NN">management</w> <w type="NN">compensation</w> <w type="NN">plan</w> <w type="VB">attract</w> <w type="CC">and</w> <w type="VB">keep</w> <w type="NN">top-notch</w> <w type="VBG">marketing</w> <w type="NNS">people</w> <c type="pct">?</c> <c type="pct">?</c> </s>
<s n="113"><w type="NN" subtype="HL">Complexity</w> <w type="IN" subtype="HL">of</w> <w type="JJ" subtype="HL">complete</w> <w type="VBG" subtype="HL">marketing</w> <w type="VBG" subtype="HL">planning</w> <c type="pct">.</c> </s>
</p>
<p><s n="114"><w type="AT">Every</w> <w type="AP">single</w> <w type="NN">problem</w> <w type="VBN">touched</w> <w type="RP">on</w> <w type="QL">thus</w> <w type="RB">far</w> <w type="BEZ">is</w> <w type="VBN">related</w> <w type="IN">to</w> <w type="JJ">good</w> <w type="VBG">marketing</w> <w type="NN">planning</w> <c type="pct">.</c> </s>
<s n="115"><c type="pct">``</c> <w type="NN">Hip-pocket</w> <c type="pct">''</c> <w type="NNS">tactics</w> <w type="BER">are</w> <w type="VBG">going</w> <w type="TO">to</w> <w type="BE">be</w> <w type="JJR">harder</w> <w type="TO">to</w> <w type="VB">apply</w> <c type="pct">.</c> </s>
<s n="116"><w type="AP">Many</w> <w type="NN">food</w> <w type="CC">and</w> <w type="NN">beverage</w> <w type="NNS">companies</w> <w type="BER">are</w> <w type="RB">already</w> <w type="IN">on</w> <w type="AT">a</w> <w type="QL">highly</w> <w type="VBN">planned</w> <w type="NN">basis</w> <c type="pct">.</c> </s>
<s n="117"><w type="PPSS">They</w> <w type="HV">have</w> <w type="TO">to</w> <w type="BE">be</w> <c type="pct">.</c> </s>
<s n="118"><w type="IN">With</w> <w type="JJR">greater</w> <w type="NNS">investments</w> <w type="IN">in</w> <w type="NN">plant</w> <w type="NNS">facilities</w> <c type="pct">,</c> <w type="IN">with</w> <w type="NN">automation</w> <w type="VBG">growing</w> <c type="pct">,</c> <w type="PPSS">you</w> <mw pos="MD *">can't </mw><w type="VB">switch</w> <w type="RB">around</w> <c type="pct">,</c> <w type="CC">either</w> <w type="IN">in</w> <w type="NN">volume</w> <w type="CC">or</w> <w type="IN">in</w> <w type="NN">product</w> <w type="NN">design</w> <c type="pct">,</c> <w type="QL">as</w> <w type="RB">much</w> <w type="CS">as</w> <w type="BEDZ">was</w> <w type="RB">formerly</w> <w type="JJ">possible</w> <c type="pct">--</c> <w type="CC">or</w> <w type="IN">at</w> <w type="AP">least</w> <w type="NEG">not</w> <w type="QL">as</w> <w type="RB">economically</w> <c type="pct">.</c> </s>
</p>
<p><s n="119"><w type="BER">Are</w> <w type="VBG">planning</w> <w type="CC">and</w> <w type="NN">strategy</w> <w type="NN">development</w> <w type="VBN">emphasized</w> <w type="RB">sufficiently</w> <w type="IN">in</w> <w type="PPg">your</w> <w type="NN">company</w> <c type="pct">?</c> <c type="pct">?</c> </s>
<s n="120"><w type="PPSS">We</w> <w type="VB">find</w> <w type="QL">too</w> <w type="AP">many</w> <w type="NNS">sales</w> <w type="CC">and</w> <w type="VBG">marketing</w> <w type="NNS">executives</w> <w type="QL">so</w> <w type="VBN">burdened</w> <w type="IN">with</w> <w type="NN">detail</w> <w type="CS">that</w> <w type="PPSS">they</w> <w type="BER">are</w> <w type="VBG">short-changing</w> <w type="VBG">planning</w> <c type="pct">.</c> </s>
</p>
<p><s n="121"><w type="BER">Are</w> <w type="JJ">annual</w> <w type="VBG">marketing</w> <w type="NNS">plans</w> <w type="VBN">reviewed</w> <w type="IN">throughout</w> <w type="PPg">your</w> <w type="NN">management</w> <w type="NN">group</w> <w type="TO">to</w> <w type="VB">get</w> <w type="AT">the</w> <w type="NN">perspective</w> <w type="IN">of</w> <w type="ABN">all</w> <w type="NNS">individuals</w> <w type="CC">and</w> <w type="VB">get</w> <w type="PN">everyone</w> <w type="IN">on</w> <w type="AT">the</w> <w type="VBG">marketing</w> <w type="NN">team</w> <c type="pct">?</c> <c type="pct">?</c> </s>
<s n="122"><w type="DO">Do</w> <w type="PPO">you</w> <w type="HV">have</w> <w type="AT">a</w> <w type="NN">long-term</w> <c type="pct">(</c> <w type="CD">5-</w> <w type="CC">or</w> <w type="JJ">10-yr.</w> <c type="pct">)</c> <w type="VBG">marketing</w> <w type="NN">program</w> <c type="pct">?</c> <c type="pct">?</c> </s>
</p>
<p><s n="123"><w type="AT">The</w> <w type="NN">key</w> <w type="IN">to</w> <w type="JJ">effective</w> <w type="NN">marketing</w> <w type="BEZ">is</w> <w type="VBN">wrapped</w> <w type="RP">up</w> <w type="IN">in</w> <w type="VBG">defining</w> <w type="PPg">your</w> <w type="NNg">company's</w> <w type="VBG">marketing</w> <w type="NNS">problems</w> <w type="RB">realistically</w> <c type="pct">.</c> </s>
<s n="124"><w type="NNS">Solutions</w> <w type="RB">frequently</w> <w type="VB">suggest</w> <w type="PPLS">themselves</w> <w type="WRB">when</w> <w type="PPSS">you</w> <w type="RB">accurately</w> <w type="VB">pinpoint</w> <w type="PPg">your</w> <w type="NNS">problems</w> <c type="pct">,</c> <w type="CS">whether</w> <w type="PPSS">they</w> <w type="BE">be</w> <w type="IN">in</w> <w type="AT">the</w> <w type="NN">market</w> <c type="pct">,</c> <w type="IN">in</w> <w type="VBG">marketing</w> <w type="NNS">methods</w> <w type="CC">or</w> <w type="IN">in</w> <w type="VBG">marketing</w> <w type="NN">management</w> <c type="pct">.</c> </s>
</p>
<p><s n="125"><w type="CS">If</w> <w type="NNS">companies</w> <w type="MD">will</w> <w type="VB">take</w> <w type="AT">the</w> <w type="NN">time</w> <w type="TO">to</w> <w type="VB">give</w> <w type="JJ">objective</w> <w type="NN">consideration</w> <w type="IN">to</w> <w type="PPg">their</w> <w type="JJ">major</w> <w type="NNS">problems</w> <w type="CC">and</w> <w type="IN">to</w> <w type="AT">the</w> <w type="NNS">questions</w> <w type="PPSS">they</w> <w type="VB">provoke</w> <c type="pct">,</c> <w type="RB">then</w> <w type="AT">a</w> <w type="JJ">long</w> <w type="JJ">constructive</w> <w type="NN">step</w> <w type="MD">will</w> <w type="HV">have</w> <w type="BEN">been</w> <w type="VBN">taken</w> <w type="IN">toward</w> <w type="QL">more</w> <w type="JJ">effective</w> <w type="NN">marketing</w> <w type="IN">in</w> <w type="AP">next</w> <w type="NN">decade</w> <c type="pct">.</c> </s>
</p>
<p></p></body></text></TEI>
