<TEI xmlns="http://www.tei-c.org/ns/1.0"><teiHeader><fileDesc><titleStmt><title>Sample F10 from  Jack Kaplan, "The Health Machine Menace: Therapy by Witchcraft"
 Today's Health, 39:2 (February, 1961), 28-31,81-82
 </title></titleStmt><editionStmt><edition>A part  of the XML version of the Brown Corpus</edition></editionStmt><extent>2,006 words 211 (10.5%) quotes 10 symbols</extent><publicationStmt><idno>F10</idno><availability><p>Used by permission of Today's Health, published by the </p></availability></publicationStmt><sourceDesc><bibl> Jack Kaplan, "The Health Machine Menace: Therapy by Witchcraft"
 Today's Health, 39:2 (February, 1961), 28-31,81-82
 </bibl></sourceDesc></fileDesc><encodingDesc><p/></encodingDesc><revisionDesc><change when="2008-04-27">Header auto-generated for TEI version</change></revisionDesc></teiHeader>
<text xml:id="F10" decls="F">
<body><p><s n="1"><w type="NP">Franklin</w> <w type="NP">D.</w> <w type="NP">Lee</w> <w type="VBD">proved</w> <w type="AT">a</w> <w type="NN">man</w> <w type="IN">of</w> <w type="JJ">prompt</w> <w type="NN">action</w> <w type="WRB">when</w> <w type="NP">Mrs.</w> <w type="NP">Claire</w> <w type="NP">Shaefer</w> <c type="pct">,</c> <w type="VBN">accompanied</w> <w type="IN">by</w> <w type="AT">a</w> <w type="NN">friend</w> <c type="pct">,</c> <w type="VBD">visited</w> <w type="PPO">him</w> <w type="IN">in</w> <w type="NP">Bakersfield</w> <c type="pct">,</c> <w type="NP">California</w> <c type="pct">,</c> <w type="AP">several</w> <w type="NNS">months</w> <w type="RB">ago</w> <w type="CS">as</w> <w type="AT">a</w> <w type="JJ">prospective</w> <w type="NN">patient</w> <c type="pct">.</c> </s>
<s n="2"><c type="pct">``</c> <w type="NN" subtype="TL">Doctor</w> <c type="pct">''</c> <w type="NP">Lee</w> <w type="VBD">asked</w> <w type="PPO">her</w> <w type="TO">to</w> <w type="VB">lie</w> <w type="RP">down</w> <w type="IN">on</w> <w type="AT">a</w> <w type="NN">bed</w> <w type="CC">and</w> <w type="VB">remove</w> <w type="PPg">her</w> <w type="NNS">shoes</w> <c type="pct">.</c> </s>
<s n="3"><w type="RB">Then</w> <c type="pct">,</c> <w type="IN">by</w> <w type="VBG">squeezing</w> <w type="PPg">her</w> <w type="NN">foot</w> <w type="CD">three</w> <w type="NNS">times</w> <c type="pct">,</c> <w type="PPS">he</w> <w type="VBD">came</w> <w type="RP">up</w> <c type="pct">--</c> <w type="UH">presto</w> <c type="pct">--</c> <w type="IN">with</w> <w type="AT">a</w> <w type="JJ">different</w> <w type="NN">diagnosis</w> <w type="IN">with</w> <w type="DT">each</w> <w type="NN">squeeze</w> <c type="pct">.</c> </s>
<s n="4"><w type="PPS">She</w> <w type="HVD">had</w> <c type="pct">--</c> <w type="PPS">he</w> <w type="VBD">informed</w> <w type="PPO">her</w> <c type="pct">--</c> <w type="NN">kidney</w> <w type="NN">trouble</w> <c type="pct">,</c> <w type="NN">liver</w> <w type="NN">trouble</w> <c type="pct">,</c> <w type="CC">and</w> <w type="AT">a</w> <w type="JJ">severe</w> <w type="JJ">female</w> <w type="NN">disorder</w> <c type="pct">.</c> </s>
<s n="5"><c type="pct">(</c> <w type="PPS">He</w> <w type="VBD">explained</w> <w type="CS">that</w> <w type="PPS">he</w> <w type="MD">could</w> <w type="VB">diagnose</w> <w type="DTS">these</w> <w type="NNS">ailments</w> <w type="IN">from</w> <w type="VBG">squeezing</w> <w type="PPg">her</w> <w type="NN">foot</w> <w type="CS">because</w> <w type="ABN">all</w> <w type="IN">of</w> <w type="AT">the</w> <w type="JJ">nervous</w> <w type="NN">system</w> <w type="BEDZ">was</w> <w type="VBN">connected</w> <w type="IN">to</w> <w type="PPO">it</w> <c type="pct">.</c> </s>
<s n="6"><c type="pct">)</c> <w type="PPS">He</w> <w type="VBD">knew</w> <w type="RB">just</w> <w type="AT">the</w> <w type="NN">thing</w> <w type="IN">for</w> <w type="PPO">her</w> <c type="pct">--</c> <w type="AT">a</w> <w type="NN">treatment</w> <w type="IN">from</w> <w type="PPg">his</w> <c type="pct">``</c> <w type="JJ">cosmic</w> <w type="NN">light</w> <w type="NN">ozone</w> <w type="NN">generator</w> <c type="pct">''</c> <w type="NN">machine</w> <c type="pct">.</c> </s>
</p>
<p><s n="7"><w type="CS">As</w> <w type="PPS">he</w> <w type="VBD">applied</w> <w type="AT">the</w> <w type="NN">applicator</w> <w type="VBG">extending</w> <w type="IN">from</w> <w type="AT">the</w> <w type="NN">machine</w> <c type="pct">--</c> <w type="WDT">which</w> <w type="VBD">consisted</w> <w type="IN">of</w> <w type="CD">seven</w> <w type="RB">differently</w> <w type="VBN">colored</w> <w type="NN">neon</w> <w type="NNS">tubes</w> <w type="VBN">superimposed</w> <w type="IN">on</w> <w type="AT">a</w> <w type="JJ">rectangular</w> <w type="NN">base</w> <c type="pct">--</c> <w type="IN">to</w> <w type="AT">the</w> <w type="RB">supposedly</w> <w type="JJ">diseased</w> <w type="NNS">portions</w> <w type="IN">of</w> <w type="NP">Mrs.</w> <w type="NPg">Shaefer's</w> <w type="NN">body</w> <c type="pct">,</c> <w type="NP">Lee</w> <w type="VBD">kept</w> <w type="RP">up</w> <w type="AT">a</w> <w type="JJ">steady</w> <w type="NN">stream</w> <w type="IN">of</w> <w type="JJ">pseudo-scientific</w> <w type="NN">mumbo-jumbo</w> <c type="pct">.</c> </s>
<s n="8"><w type="RB">Yes</w> <c type="pct">,</c> <w type="AT">the</w> <w type="NN">ozone</w> <w type="IN">from</w> <w type="PPg">his</w> <w type="NN">machine</w> <w type="MD">would</w> <w type="VB">cure</w> <w type="RB">practically</w> <w type="PN">everything</w> <c type="pct">,</c> <w type="PPS">he</w> <w type="VBD">assured</w> <w type="PPO">her</w> <c type="pct">.</c> </s>
<s n="9"><w type="DOD">Did</w> <w type="PPS">she</w> <w type="VB">know</w> <c type="pct">,</c> <w type="PPS">he</w> <w type="VBD">asked</w> <c type="pct">,</c> <w type="WRB">why</w> <w type="AT">the</w> <w type="NNS">colors</w> <w type="IN">of</w> <w type="AT">the</w> <w type="NNS">tubes</w> <w type="BED">were</w> <w type="JJ">important</w> <w type="IN">to</w> <w type="NNSg">people's</w> <w type="NN">health</w> <c type="pct">?</c> <c type="pct">?</c> </s>
<s n="10"><w type="AT">The</w> <w type="JJ">human</w> <w type="NN">body</w> <c type="pct">--</c> <w type="PPS">he</w> <w type="VBD">pointed</w> <w type="RP">out</w> <c type="pct">,</c> <w type="IN">for</w> <w type="NN">example</w> <c type="pct">--</c> <w type="VBD">required</w> <w type="CD">33</w> <w type="NNS">units</w> <w type="IN">of</w> <w type="JJ">blue</w> <w type="NN">light</w> <c type="pct">.</c> </s>
<s n="11"><w type="IN">For</w> <w type="DT">that</w> <w type="NN">reason</w> <c type="pct">,</c> <w type="PPS">he</w> <w type="VBD">informed</w> <w type="PPO">her</w> <c type="pct">,</c> <w type="AT">the</w> <w type="NN" subtype="TL">Lord</w> <w type="VBD">made</w> <w type="AT">the</w> <w type="NN">sky</w> <w type="JJ">blue</w> <c type="pct">.</c> </s>
<s n="12"><w type="VBG">Continuing</w> <w type="RB">glibly</w> <w type="IN">in</w> <w type="DT">this</w> <w type="NN">vein</w> <c type="pct">,</c> <w type="PPS">he</w> <w type="VBD">paused</w> <w type="TO">to</w> <w type="VB">comfort</w> <w type="PPO">her</w> <c type="pct">:</c> </s>
</p>
<p><s n="13"><c type="pct">``</c> <mw pos="DO *">Don't </mw><w type="PPSS">you</w> <w type="VB">worry</w> <c type="pct">.</c> </s>
<s n="14"><w type="DT">This</w> <w type="NN">machine</w> <w type="MD">will</w> <w type="VB">cure</w> <w type="PPg">your</w> <w type="JJ">cancer-ridden</w> <w type="NN">body</w> <c type="pct">''</c> <c type="pct">.</c> </s>
</p>
<p><s n="15"><c type="pct">``</c> <w type="NN">Cancer</w> <c type="pct">''</c> <c type="pct">!</c> <c type="pct">!</c> </s>
<s n="16"><w type="NP">Mrs.</w> <w type="NP">Shaefer</w> <w type="RB">practically</w> <w type="VBD">shrieked</w> <c type="pct">.</c> </s>
<s n="17"><c type="pct">``</c> <w type="PPSS">You</w> <mw pos="DOD *">didn't </mw><w type="VB">tell</w> <w type="PPO">me</w> <w type="PPSS">I</w> <w type="HVD">had</w> <w type="NN">cancer</w> <c type="pct">''</c> <c type="pct">.</c> </s>
</p>
<p><s n="18"><c type="pct">``</c> <w type="PPSS">You</w> <w type="HV">have</w> <w type="PPO">it</w> <c type="pct">,</c> <w type="QL">all</w> <w type="RB">right</w> <c type="pct">.</c> </s>
<s n="19"><w type="CC">But</w> <w type="QL">as</w> <w type="RB">long</w> <w type="CS">as</w> <w type="PPSS">you</w> <w type="MD">can</w> <w type="HV">have</w> <w type="NN">treatment</w> <w type="IN">from</w> <w type="PPg">my</w> <w type="NN">machine</w> <w type="PPSS">you</w> <w type="HV">have</w> <w type="PN">nothing</w> <w type="TO">to</w> <w type="VB">worry</w> <w type="IN">about</w> <c type="pct">.</c> </s>
<s n="20"><w type="WRB">Why</w> <c type="pct">,</c> <w type="PPSS">I</w> <w type="RB">once</w> <w type="VBD">used</w> <w type="DT">this</w> <w type="NN">machine</w> <w type="TO">to</w> <w type="VB">cure</w> <w type="AT">a</w> <w type="NN">woman</w> <w type="IN">with</w> <w type="CD">97</w> <w type="NNS">pounds</w> <w type="IN">of</w> <w type="NN">cancer</w> <w type="IN">in</w> <w type="PPg">her</w> <w type="NN">body</w> <c type="pct">''</c> <c type="pct">.</c> </s>
</p>
<p><s n="21"><w type="PPS">He</w> <w type="VBD">urged</w> <w type="PPO">her</w> <w type="TO">to</w> <w type="VB">buy</w> <w type="CD">one</w> <w type="IN">of</w> <w type="PPg">his</w> <w type="NNS">machines</w> <c type="pct">--</c> <w type="IN">for</w> <w type="NNS">$300</w> <c type="pct">.</c> </s>
<s n="22"><w type="WRB">When</w> <w type="PPS">she</w> <w type="VBD">said</w> <w type="CS">that</w> <w type="PPS">she</w> <mw pos="DOD *">didn't </mw><w type="HV">have</w> <w type="AT">the</w> <w type="NN">money</w> <c type="pct">,</c> <w type="PPS">he</w> <w type="VBD">said</w> <w type="CS">that</w> <w type="PPS">she</w> <w type="MD">could</w> <w type="VB">come</w> <w type="RP">in</w> <w type="IN">for</w> <w type="NN">treatment</w> <w type="IN">with</w> <w type="PPg">his</w> <w type="NN">office</w> <w type="NN">model</w> <w type="CS">until</w> <w type="PPS">she</w> <w type="BEDZ">was</w> <w type="JJ">ready</w> <w type="TO">to</w> <w type="VB">buy</w> <w type="CD">one</w> <c type="pct">.</c> </s>
<s n="23"><w type="PPS">He</w> <w type="RB">then</w> <w type="VBD">sold</w> <w type="PPO">her</w> <w type="NNS">minerals</w> <w type="TO">to</w> <w type="VB">cure</w> <w type="PPg">her</w> <w type="NN">kidney</w> <w type="NN">ailment</w> <c type="pct">,</c> <w type="AT">a</w> <w type="NN">can</w> <w type="IN">of</w> <w type="NN">sage</w> <c type="pct">``</c> <w type="TO">to</w> <w type="VB">make</w> <w type="PPO">her</w> <w type="VB">look</w> <w type="CS">like</w> <w type="AT">a</w> <w type="NN">girl</w> <w type="RB">again</w> <c type="pct">''</c> <c type="pct">,</c> <w type="CC">and</w> <w type="AT">an</w> <w type="NN">application</w> <w type="IN">of</w> <w type="JJ">plain</w> <w type="NN">mud</w> <w type="TO">to</w> <w type="VB">take</w> <w type="PPg">her</w> <w type="NNS">wrinkles</w> <w type="RB">away</w> <c type="pct">.</c> </s>
</p>
<p><s n="24"><w type="NP">Lee</w> <w type="VBD">renewed</w> <w type="PPg">his</w> <w type="NN">pressure</w> <w type="IN">on</w> <w type="NP">Mrs.</w> <w type="NP">Shaefer</w> <w type="TO">to</w> <w type="VB">buy</w> <w type="PPg">his</w> <w type="NN">machine</w> <w type="WRB">when</w> <w type="PPS">she</w> <w type="VBD">visited</w> <w type="PPO">him</w> <w type="AT">the</w> <w type="AP">next</w> <w type="NN">day</w> <c type="pct">.</c> </s>
<s n="25"><w type="IN">After</w> <w type="DT">another</w> <w type="NN">treatment</w> <w type="IN">with</w> <w type="AT">the</w> <w type="NN">machine</w> <c type="pct">,</c> <w type="PPS">he</w> <w type="VBD">told</w> <w type="PPO">her</w> <w type="CS">that</w> <c type="pct">``</c> <w type="PPg">her</w> <w type="JJ">entire</w> <w type="NN">body</w> <w type="BEDZ">was</w> <w type="VBN">shot</w> <w type="RP">through</w> <w type="IN">with</w> <w type="NNS">tumors</w> <w type="CC">and</w> <w type="NNS">cysts</w> <c type="pct">''</c> <c type="pct">.</c> </s>
<s n="26"><w type="PPS">He</w> <w type="RB">then</w> <w type="VBD">sold</w> <w type="PPO">her</w> <w type="DTI">some</w> <w type="NNS">capsules</w> <w type="WPS">that</w> <w type="PPS">he</w> <w type="VBD">asserted</w> <w type="MD">would</w> <w type="VB">take</w> <w type="NN">care</w> <w type="IN">of</w> <w type="AT">the</w> <w type="NNS">tumors</w> <w type="CC">and</w> <w type="NNS">cysts</w> <w type="CS">until</w> <w type="PPS">she</w> <w type="MD">could</w> <w type="VB">collect</w> <w type="AT">the</w> <w type="NN">money</w> <w type="IN">for</w> <w type="VBG">buying</w> <w type="PPg">his</w> <w type="NN">machine</w> <c type="pct">.</c> </s>
</p>
<p><s n="27"><w type="WRB">When</w> <w type="PPS">she</w> <w type="VBD">submitted</w> <w type="IN">to</w> <w type="PPg">his</w> <w type="NN">treatment</w> <w type="IN">with</w> <w type="AT">the</w> <w type="NNS">capsules</w> <c type="pct">,</c> <w type="NP">Mrs.</w> <w type="NP">Shaefer</w> <w type="VBD">felt</w> <w type="JJ">intense</w> <w type="NN">pain</w> <c type="pct">.</c> </s>
<s n="28"><w type="VBG">Leaving</w> <w type="NPg">Lee's</w> <w type="NN">office</w> <c type="pct">,</c> <w type="NP">Mrs.</w> <w type="NP">Shaefer</w> <w type="VBD">hurried</w> <w type="RP">over</w> <w type="IN">to</w> <w type="PPg">her</w> <w type="NN">family</w> <w type="NN">physician</w> <c type="pct">,</c> <w type="WPS">who</w> <w type="VBD">treated</w> <w type="PPO">her</w> <w type="IN">for</w> <w type="VBN">burned</w> <w type="NN">tissue</w> <c type="pct">.</c> </s>
<s n="29"><w type="IN">For</w> <w type="AP">several</w> <w type="NNS">days</w> <c type="pct">,</c> <w type="PPS">she</w> <w type="BEDZ">was</w> <w type="JJ">ill</w> <w type="CS">as</w> <w type="AT">a</w> <w type="NN">result</w> <w type="IN">of</w> <w type="NPg">Lee's</w> <w type="NN">treatment</w> <c type="pct">.</c> </s>
</p>
<p><s n="30"><w type="NP">Mrs.</w> <w type="NP">Shaefer</w> <w type="RB">never</w> <w type="VBD">got</w> <w type="RB">around</w> <w type="IN">to</w> <w type="VBG">joining</w> <w type="AT">the</w> <w type="CD">thousand</w> <w type="CC">or</w> <w type="RB">so</w> <w type="NNS">people</w> <w type="WPS">who</w> <w type="VBD">paid</w> <w type="NP">Lee</w> <w type="DTI">some</w> <w type="NNS">$30,000</w> <w type="IN">for</w> <w type="PPg">his</w> <w type="NN">ozone</w> <w type="NNS">machines</w> <c type="pct">.</c> </s>
<s n="31"><w type="CS">For</w> <w type="NP">Mrs.</w> <w type="NP">Shaefer</w> <c type="pct">--</c> <w type="WPS">who</w> <w type="HVD">had</w> <w type="BEN">been</w> <w type="VBN">given</w> <w type="AT">a</w> <w type="JJ">clean</w> <w type="NN">bill</w> <w type="IN">of</w> <w type="NN">health</w> <w type="IN">by</w> <w type="PPg">her</w> <w type="JJ">own</w> <w type="NN">physician</w> <w type="IN">at</w> <w type="AT">the</w> <w type="NN">time</w> <w type="PPS">she</w> <w type="VBD">visited</w> <w type="NP">Lee</w> <c type="pct">--</c> <w type="CC">and</w> <w type="PPg">her</w> <w type="NN">friend</w> <w type="BED">were</w> <w type="NNS">agents</w> <w type="IN">for</w> <w type="AT">the</w> <w type="NP" subtype="TL">California</w> <w type="JJ" subtype="TL">Pure</w> <w type="NN" subtype="TL">Food</w> <w type="CC" subtype="TL">and</w> <w type="NN" subtype="TL">Drug</w> <w type="NN" subtype="TL">Inspection</w> <w type="NN" subtype="TL">Bureau</w> <c type="pct">.</c> </s>
<s n="32"><w type="CC">And</w> <w type="PPS">she</w> <w type="VBD">felt</w> <w type="QL">amply</w> <w type="VBN">rewarded</w> <w type="IN">for</w> <w type="PPg">her</w> <w type="NN">suffering</w> <w type="WRB">when</w> <w type="AT">the</w> <w type="NN">evidence</w> <w type="IN">of</w> <w type="NPg">Lee's</w> <w type="NN">quack</w> <w type="NNS">shenanigans</w> <c type="pct">,</c> <w type="VBN">gathered</w> <w type="IN">by</w> <w type="AT">the</w> <w type="NN">tape</w> <w type="NN">recorder</w> <w type="IN">under</w> <w type="PPg">her</w> <w type="NNg">friend's</w> <w type="NN">clothing</w> <c type="pct">,</c> <w type="VBD">proved</w> <w type="JJ">adequate</w> <w type="IN">in</w> <w type="NN">court</w> <w type="IN">for</w> <w type="VBG">convicting</w> <w type="NP">Franklin</w> <w type="NP">D.</w> <w type="NP">Lee</w> <c type="pct">.</c> </s>
<s n="33"><w type="AT">The</w> <w type="NN">charge</w> <c type="pct">:</c> <w type="NN">violation</w> <w type="IN">of</w> <w type="AT">the</w> <w type="NP" subtype="TL">California</w> <w type="JJ" subtype="TL">Medical</w> <w type="NNS" subtype="TL">Practices</w> <w type="NN" subtype="TL">Act</w> <w type="IN">by</w> <w type="VBG">practicing</w> <w type="NN">medicine</w> <w type="IN">without</w> <w type="AT">a</w> <w type="NN">license</w> <w type="CC">and</w> <w type="VBG">selling</w> <w type="VBN">misbranded</w> <w type="NNS">drugs</w> <c type="pct">.</c> </s>
<s n="34"><w type="AT">The</w> <w type="NN">sentence</w> <c type="pct">:</c> <w type="CD">360</w> <w type="NNSg">days'</w> <w type="NN">confinement</w> <w type="IN">in</w> <w type="AT">the</w> <w type="NN">county</w> <w type="NN">jail</w> <c type="pct">.</c> </s>
</p>
<p><s n="35"><w type="AT">An</w> <w type="VBN">isolated</w> <w type="NN">case</w> <w type="IN">of</w> <w type="NN">quackery</w> <c type="pct">?</c> <c type="pct">?</c> </s>
<s n="36"><w type="IN">By</w> <w type="AT">no</w> <w type="NNS">means</w> <c type="pct">.</c> </s>
<s n="37"><w type="RB">Rather</w> <c type="pct">,</c> <w type="PPS">it</w> <w type="BEZ">is</w> <w type="JJ">typical</w> <w type="IN">of</w> <w type="AT">the</w> <w type="NNS">thousands</w> <w type="IN">of</w> <w type="NNS">quacks</w> <w type="WPS">who</w> <w type="VB">use</w> <w type="JJ">phony</w> <w type="JJ">therapeutic</w> <w type="NNS">devices</w> <w type="TO">to</w> <w type="VB">fatten</w> <w type="PPLS">themselves</w> <w type="IN">on</w> <w type="AT">the</w> <w type="NNS">miseries</w> <w type="IN">of</w> <w type="NNS">hundreds</w> <w type="IN">of</w> <w type="NNS">thousands</w> <w type="IN">of</w> <w type="NPS">Americans</w> <w type="IN">by</w> <w type="VBG">robbing</w> <w type="PPO">them</w> <w type="IN">of</w> <w type="NNS">millions</w> <w type="IN">of</w> <w type="NNS">dollars</w> <w type="CC">and</w> <w type="VBG">luring</w> <w type="PPO">them</w> <w type="RB">away</w> <w type="IN">from</w> <w type="JJ">legitimate</w> <c type="pct">,</c> <w type="JJ">ethical</w> <w type="JJ">medical</w> <w type="NN">treatment</w> <w type="IN">of</w> <w type="JJ">serious</w> <w type="NNS">diseases</w> <c type="pct">.</c> </s>
<s n="38"><w type="AT">The</w> <w type="NN">machine</w> <w type="NN">quack</w> <w type="VBZ">makes</w> <w type="PPg">his</w> <w type="NP">Rube</w> <w type="NP">Goldberg</w> <w type="NNS">devices</w> <w type="IN">out</w> <w type="IN">of</w> <w type="NNS">odds</w> <w type="CC">and</w> <w type="NNS">ends</w> <w type="IN">of</w> <w type="NNS">metals</w> <c type="pct">,</c> <w type="NNS">wires</w> <c type="pct">,</c> <w type="CC">and</w> <w type="NN">radio</w> <w type="NNS">parts</w> <c type="pct">.</c> </s>
</p>
<p><s n="39"><w type="IN">With</w> <w type="DTS">these</w> <w type="NNS">gadgets</w> <c type="pct">--</c> <w type="JJ">impressive</w> <w type="IN">to</w> <w type="AT">the</w> <w type="JJ">gullible</w> <w type="RB">because</w> <w type="IN">of</w> <w type="PPg">their</w> <w type="VBG">flashing</w> <w type="NN">light</w> <w type="NNS">bulbs</w> <c type="pct">,</c> <w type="NNS">ticks</w> <c type="pct">,</c> <w type="CC">and</w> <w type="NNS">buzzes</w> <c type="pct">--</c> <w type="PPS">he</w> <w type="RB">then</w> <w type="VBZ">carries</w> <w type="RP">out</w> <w type="AT">a</w> <w type="JJ">vicious</w> <w type="JJ">medical</w> <w type="NN">con</w> <w type="NN">game</w> <c type="pct">,</c> <w type="VBG">capitalizing</w> <w type="IN">on</w> <w type="NNSg">people's</w> <w type="NN">respect</w> <w type="IN">for</w> <w type="AT">the</w> <w type="JJ">electrical</w> <w type="CC">and</w> <w type="JJ">atomic</w> <w type="NNS">wonders</w> <w type="IN">of</w> <w type="PPg">our</w> <w type="JJ">scientific</w> <w type="NN">age</w> <c type="pct">.</c> </s>
<s n="40"><w type="PPS">He</w> <w type="VBZ">milks</w> <w type="AT">the</w> <w type="JJT">latest</w> <w type="JJ">scientific</w> <w type="NNS">advances</w> <c type="pct">,</c> <w type="VBG">translating</w> <w type="PPO">them</w> <w type="IN">into</w> <w type="PPg">his</w> <w type="JJ">own</w> <w type="JJ">special</w> <w type="NP">Buck</w> <w type="NP">Rogers</w> <w type="NN">vocabulary</w> <w type="TO">to</w> <w type="VB">huckster</w> <w type="PPg">his</w> <w type="JJ">fake</w> <w type="NNS">machines</w> <w type="CS">as</w> <w type="AT">a</w> <w type="NN">cure-all</w> <w type="IN">for</w> <w type="PN">everything</w> <w type="IN">from</w> <w type="NN">hay</w> <w type="NN">fever</w> <w type="IN">to</w> <w type="JJ">sexual</w> <w type="NN">impotence</w> <w type="CC">and</w> <w type="NN">cancer</w> <c type="pct">.</c> </s>
</p>
<p><s n="41"><w type="AT">The</w> <w type="NN">gadget</w> <w type="NN">faker</w> <w type="VBZ">operates</w> <w type="CC">or</w> <w type="VBZ">sells</w> <w type="PPg">his</w> <w type="JJ">phony</w> <w type="NNS">machines</w> <w type="IN">for</w> <w type="NNS">$5</w> <w type="IN">to</w> <w type="NNS">$10,000</w> <c type="pct">--</c> <w type="PN">anything</w> <w type="AT">the</w> <w type="NN">traffic</w> <w type="MD">will</w> <w type="VB">bear</w> <c type="pct">.</c> </s>
<s n="42"><w type="PPS">He</w> <w type="MD">may</w> <w type="VB">call</w> <w type="PPL">himself</w> <w type="AT">a</w> <w type="NN">anaprapath</w> <c type="pct">,</c> <w type="AT">a</w> <w type="NN">physiotherapist</w> <c type="pct">,</c> <w type="AT">an</w> <w type="NN">electrotherapist</w> <c type="pct">,</c> <w type="AT">a</w> <w type="NN">naturopath</w> <c type="pct">,</c> <w type="AT">a</w> <w type="NN">sanipractor</w> <c type="pct">,</c> <w type="AT">a</w> <w type="JJ">medical</w> <w type="NN">cultist</w> <c type="pct">,</c> <w type="AT">a</w> <w type="NN">masseur</w> <c type="pct">,</c> <w type="AT">a</w> <c type="pct">``</c> <w type="NN">doctor</w> <c type="pct">''</c> <c type="pct">--</c> <w type="CC">or</w> <w type="WDT">what</w> <w type="HV">have</w> <w type="PPSS">you</w> <c type="pct">.</c> </s>
<s n="43"><w type="NEG">Not</w> <w type="RB">only</w> <w type="DO">do</w> <w type="DTS">these</w> <w type="NNS">quacks</w> <w type="VB">assume</w> <w type="JJ">impressive</w> <w type="NNS">titles</w> <c type="pct">,</c> <w type="CC">but</w> <w type="VB">represent</w> <w type="PPLS">themselves</w> <w type="CS">as</w> <w type="BEG">being</w> <w type="VBN">associated</w> <w type="IN">with</w> <w type="JJ">various</w> <w type="JJ">scientific</w> <w type="CC">or</w> <w type="JJ">impressive</w> <w type="NNS">foundations</w> <c type="pct">--</c> <w type="NNS">foundations</w> <w type="WDT">which</w> <w type="RB">often</w> <w type="HV">have</w> <w type="QL">little</w> <w type="AP">more</w> <w type="CS">than</w> <w type="AT">a</w> <w type="NN">letterhead</w> <w type="NN">existence</w> <c type="pct">.</c> </s>
</p>
<p><s n="44"><w type="AT">The</w> <w type="JJ">medical</w> <w type="NN">device</w> <w type="NN">pirate</w> <w type="IN">of</w> <w type="NR">today</w> <c type="pct">,</c> <w type="IN">of</w> <w type="NN">course</w> <c type="pct">,</c> <w type="BEZ">is</w> <w type="AT">a</w> <w type="QL">far</w> <w type="QL">more</w> <w type="JJ">sophisticated</w> <w type="NN">operator</w> <w type="CS">than</w> <w type="PPg">his</w> <w type="NN">predecessor</w> <w type="IN">of</w> <w type="NN">yesteryear</w> <c type="pct">--</c> <w type="AT">the</w> <w type="JJ">gallus-snapping</w> <w type="NN">hawker</w> <w type="IN">of</w> <w type="NN">snake</w> <w type="NN">oil</w> <w type="CC">and</w> <w type="AP">other</w> <w type="NN">patent</w> <w type="NNS">medicines</w> <c type="pct">.</c> </s>
<s n="45"><w type="PPg">His</w> <w type="NN">plunder</w> <w type="BEZ">is</w> <w type="RB">therefore</w> <w type="QL">far</w> <w type="JJR">higher</w> <c type="pct">--</c> <w type="VBG">running</w> <w type="IN">into</w> <w type="NNS">hundreds</w> <w type="IN">of</w> <w type="NNS">millions</w> <c type="pct">.</c> </s>
</p>
<p><s n="46"><w type="IN">According</w> <w type="IN">to</w> <w type="AT">the</w> <w type="NN" subtype="TL">Food</w> <w type="CC" subtype="TL">And</w> <w type="NN" subtype="TL">Drug</w> <w type="NN" subtype="TL">Administration</w> <c type="pct">(</c> <w type="NP">FDA</w> <c type="pct">)</c> <c type="pct">,</c> <c type="pct">``</c> <w type="NN" subtype="TL">Doctor</w> <c type="pct">''</c> <w type="NP">Ghadiali</w> <c type="pct">,</c> <w type="NN" subtype="TL">Dr.</w> <w type="NP">Albert</w> <w type="NP">Abrams</w> <w type="CC">and</w> <w type="PPg">his</w> <w type="NN">clique</w> <c type="pct">,</c> <w type="CC">and</w> <w type="NN" subtype="TL">Dr.</w> <w type="NP">Wilhelm</w> <w type="NP">Reich</w> <c type="pct">--</c> <w type="TO">to</w> <w type="VB">name</w> <w type="CD">three</w> <w type="JJ">notorious</w> <w type="NN">device</w> <w type="NNS">quacks</w> <c type="pct">--</c> <w type="VBD">succeeded</w> <c type="pct">,</c> <w type="RB">respectively</w> <c type="pct">,</c> <w type="IN">in</w> <w type="VBG">distributing</w> <w type="CD">10,000</w> <c type="pct">,</c> <w type="CD">5000</w> <c type="pct">,</c> <w type="CC">and</w> <w type="CD">2000</w> <w type="JJ">fake</w> <w type="NN">health</w> <w type="NNS">machines</w> <c type="pct">.</c> </s>
</p>
<p><s n="47"><w type="NNS">Authorities</w> <w type="VB">believe</w> <w type="CS">that</w> <w type="AP">many</w> <w type="IN">of</w> <w type="AT">the</w> <w type="NN" subtype="TL">Doctor</w> <w type="NNS" subtype="TL">Frauds</w> <w type="VBG">using</w> <w type="DTS">these</w> <w type="JJ">false</w> <w type="NN">health</w> <w type="NNS">gadgets</w> <w type="BER">are</w> <w type="RB">still</w> <w type="IN">in</w> <w type="NN">business</w> <c type="pct">.</c> </s>
<s n="48"><w type="VB">Look</w> <w type="IN">at</w> <w type="AT">the</w> <w type="NNS">sums</w> <w type="VBN">paid</w> <w type="IN">by</w> <w type="CD">two</w> <w type="NN">device</w> <w type="NN">quack</w> <w type="NNS">victims</w> <w type="IN">in</w> <w type="NP">Cleveland</w> <c type="pct">.</c> </s>
<s n="49"><w type="NP">Sarah</w> <w type="NP">Gross</w> <c type="pct">,</c> <w type="AT">a</w> <w type="NN">dress</w> <w type="NN">shop</w> <w type="NN">proprietor</w> <c type="pct">,</c> <w type="VBD">paid</w> <w type="NNS">$1020</w> <w type="IN">to</w> <w type="AT">a</w> <w type="NN">masseur</w> <c type="pct">,</c> <w type="CC">and</w> <w type="NP">Mr.</w> <w type="NP">A.</w> <c type="pct">,</c> <w type="AT">a</w> <w type="NN">laborer</w> <c type="pct">,</c> <w type="VBD">paid</w> <w type="NNS">$4200</w> <w type="IN">to</w> <w type="AT">a</w> <w type="NN">chiropractor</w> <w type="IN">for</w> <w type="NN">treatment</w> <w type="IN">with</w> <w type="CD">two</w> <w type="JJ">fake</w> <w type="NN">health</w> <w type="NNS">machines</w> <c type="pct">--</c> <w type="AT">the</w> <c type="pct">``</c> <w type="NN">radioclast</w> <c type="pct">''</c> <w type="CC">and</w> <w type="AT">the</w> <c type="pct">``</c> <w type="NN">diagnometer</w> <c type="pct">''</c> <c type="pct">.</c> </s>
<s n="50"><w type="VB">Multiply</w> <w type="DTS">these</w> <w type="NNS">figures</w> <w type="IN">by</w> <w type="AT">the</w> <w type="NNS">millions</w> <w type="IN">of</w> <w type="NNS">people</w> <w type="VBN">known</w> <w type="TO">to</w> <w type="BE">be</w> <w type="VBN">conned</w> <w type="IN">by</w> <w type="JJ">medical</w> <w type="NNS">pirates</w> <w type="RB">annually</w> <c type="pct">.</c> </s>
<s n="51"><w type="PPSS">You</w> <w type="MD">will</w> <w type="VB">come</w> <w type="RP">up</w> <w type="IN">with</w> <w type="AT">a</w> <w type="VBG">frightening</w> <w type="NN">total</w> <c type="pct">.</c> </s>
</p>
<p><s n="52"><mw pos="DT BEZ">That's </mw><w type="WRB">why</w> <w type="AT">the</w> <w type="NN">FDA</w> <c type="pct">,</c> <w type="AT">the</w> <w type="JJ" subtype="TL">American</w> <w type="JJ" subtype="TL">Medical</w> <w type="NN" subtype="TL">Association</w> <c type="pct">(</c> <w type="NP">AMA</w> <c type="pct">)</c> <c type="pct">,</c> <w type="CC">and</w> <w type="AT">the</w> <w type="JJ" subtype="TL">National</w> <w type="JJR" subtype="TL">Better</w> <w type="NN" subtype="TL">Business</w> <w type="NN" subtype="TL">Bureau</w> <c type="pct">(</c> <w type="NP">BBB</w> <c type="pct">)</c> <w type="HV">have</w> <w type="VBN">estimated</w> <w type="AT">the</w> <w type="NN">toll</w> <w type="IN">of</w> <w type="JJ">mechanical</w> <w type="NN">quackery</w> <w type="TO">to</w> <w type="BE">be</w> <w type="AT">a</w> <w type="JJ">substantial</w> <w type="NN">portion</w> <w type="IN">of</w> <w type="AT">the</w> <w type="NNS">$610</w> <w type="CD">million</w> <w type="CC">or</w> <w type="RB">so</w> <w type="VBN">paid</w> <w type="IN">to</w> <w type="JJ">medical</w> <w type="NNS">charlatans</w> <w type="RB">annually</w> <c type="pct">.</c> </s>
</p>
<p><s n="53"><w type="AT">The</w> <w type="NN" subtype="TL">Postmaster</w> <w type="JJ" subtype="TL">General</w> <w type="RB">recently</w> <w type="VBD">reported</w> <w type="CS">that</w> <w type="NN">mail</w> <w type="NN">order</w> <w type="NNS">frauds</w> <c type="pct">--</c> <w type="IN">among</w> <w type="WDT">which</w> <w type="JJ">fake</w> <w type="JJ">therapeutic</w> <w type="NNS">devices</w> <w type="VB">figure</w> <w type="RB">prominently</w> <c type="pct">--</c> <w type="BER">are</w> <w type="IN">at</w> <w type="AT">the</w> <w type="JJT">highest</w> <w type="NN">level</w> <w type="IN">in</w> <w type="NN">history</w> <c type="pct">.</c> </s>
<s n="54"><w type="RB">Similarly</w> <c type="pct">,</c> <w type="AT">the</w> <w type="JJ" subtype="TL">American</w> <w type="NN" subtype="TL">Cancer</w> <w type="NN" subtype="TL">Society</w> <c type="pct">(</c> <w type="NP">ACS</w> <c type="pct">)</c> <c type="pct">,</c> <w type="AT">the</w> <w type="NN" subtype="TL">Arthritis</w> <w type="CC" subtype="TL">and</w> <w type="NN" subtype="TL">Rheumatism</w> <w type="NN" subtype="TL">Foundation</w> <c type="pct">,</c> <w type="CC">and</w> <w type="AT">the</w> <w type="NN">BBB</w> <w type="HV">have</w> <w type="DT">each</w> <w type="VBN">stated</w> <w type="RB">lately</w> <w type="CS">that</w> <w type="JJ">medical</w> <w type="NN">quackery</w> <w type="BEZ">is</w> <w type="IN">at</w> <w type="AT">a</w> <w type="JJ">new</w> <w type="NN">high</w> <c type="pct">.</c> </s>
<s n="55"><w type="IN">For</w> <w type="NN">example</w> <c type="pct">,</c> <w type="AT">the</w> <w type="NN">BBB</w> <w type="HVZ">has</w> <w type="VBN">reported</w> <w type="PPS">it</w> <w type="BEDZ">was</w> <w type="VBG">receiving</w> <w type="CD">four</w> <w type="NNS">times</w> <w type="QL">as</w> <w type="AP">many</w> <w type="NNS">inquiries</w> <w type="IN">about</w> <w type="NN">quack</w> <w type="NNS">devices</w> <w type="CC">and</w> <w type="CD">10</w> <w type="NNS">times</w> <w type="QL">as</w> <w type="AP">many</w> <w type="NNS">complaints</w> <w type="VBN">compared</w> <w type="IN">with</w> <w type="CD">two</w> <w type="NNS">years</w> <w type="RB">ago</w> <c type="pct">.</c> </s>
</p>
<p><s n="56"><w type="NNS">Authorities</w> <w type="VB">hesitate</w> <w type="TO">to</w> <w type="VB">quote</w> <w type="JJ">exact</w> <w type="NNS">figures</w> <c type="pct">,</c> <w type="RB">however</w> <c type="pct">,</c> <w type="VBG">believing</w> <w type="CS">that</w> <w type="DTI">any</w> <w type="NN">sum</w> <w type="PPSS">they</w> <w type="VB">come</w> <w type="RP">up</w> <w type="IN">with</w> <w type="BEZ">is</w> <w type="RB">only</w> <w type="AT">a</w> <w type="NN">surface</w> <w type="NN">manifestation</w> <c type="pct">--</c> <w type="VBN">turned</w> <w type="RP">up</w> <w type="IN">by</w> <w type="PPg">their</w> <w type="RB">inevitably</w> <w type="VBN">limited</w> <w type="NN">policing</w> <c type="pct">--</c> <w type="IN">of</w> <w type="AT">the</w> <w type="JJ">real</w> <w type="NN">loot</w> <w type="IN">of</w> <w type="AT">the</w> <w type="JJ">medical</w> <w type="NN">racketeer</w> <c type="pct">.</c> </s>
<s n="57"><w type="IN">In</w> <w type="DT">this</w> <w type="NN">sense</w> <c type="pct">,</c> <w type="NNS">authorities</w> <w type="VB">believe</w> <w type="CS">that</w> <w type="ABN">all</w> <w type="NNS">estimates</w> <w type="IN">of</w> <w type="JJ">phony</w> <w type="NN">device</w> <w type="NN">quackery</w> <w type="BER">are</w> <w type="JJ">conservative</w> <c type="pct">.</c> </s>
</p>
<p><s n="58"><w type="AT">The</w> <w type="JJ">economic</w> <w type="NN">toll</w> <w type="WPO">that</w> <w type="AT">the</w> <w type="NN">device</w> <w type="NN">quack</w> <w type="VBZ">extracts</w> <w type="BEZ">is</w> <w type="JJ">important</w> <c type="pct">,</c> <w type="IN">of</w> <w type="NN">course</w> <c type="pct">.</c> </s>
<s n="59"><w type="CC">But</w> <w type="PPS">it</w> <w type="BEZ">is</w> <w type="PPg">our</w> <w type="NN">health</w> <c type="pct">--</c> <w type="QL">more</w> <w type="JJ">precious</w> <w type="CS">than</w> <w type="ABN">all</w> <w type="AT">the</w> <w type="NN">money</w> <w type="IN">in</w> <w type="AT">the</w> <w type="NN">world</w> <c type="pct">--</c> <w type="WPO">that</w> <w type="DTS">these</w> <w type="JJ">modern</w> <w type="NN">witch</w> <w type="NNS">doctors</w> <w type="IN">with</w> <w type="PPg">their</w> <w type="JJ">fake</w> <w type="JJ">therapeutic</w> <w type="NNS">gadgets</w> <w type="BER">are</w> <w type="VBG">gambling</w> <w type="RB">away</w> <c type="pct">.</c> </s>
<s n="60"><w type="IN">By</w> <w type="VBG">preying</w> <w type="IN">on</w> <w type="AT">the</w> <w type="JJ">sick</w> <c type="pct">,</c> <w type="IN">by</w> <w type="VBG">playing</w> <w type="RB">callously</w> <w type="IN">on</w> <w type="AT">the</w> <w type="NNS">hopes</w> <w type="IN">of</w> <w type="AT">the</w> <w type="JJ">desperate</w> <c type="pct">,</c> <w type="IN">by</w> <w type="VBG">causing</w> <w type="AT">the</w> <w type="NN">sufferer</w> <w type="TO">to</w> <w type="VB">delay</w> <w type="JJ">proper</w> <w type="JJ">medical</w> <w type="NN">care</w> <c type="pct">,</c> <w type="DTS">these</w> <w type="JJ">medical</w> <w type="NNS">ghouls</w> <w type="VB">create</w> <w type="NN">pain</w> <w type="CC">and</w> <w type="NN">misery</w> <w type="IN">by</w> <w type="PPg">their</w> <w type="AP">very</w> <w type="NN">activity</w> <c type="pct">.</c> </s>
</p>
<p><s n="61"><w type="RB">Typically</w> <c type="pct">,</c> <w type="NP">Sarah</w> <w type="NP">Gross</w> <w type="CC">and</w> <w type="NP">Mr.</w> <w type="NP" subtype="TL">A</w> <w type="ABX">both</w> <w type="VBD">lost</w> <w type="AP">more</w> <w type="CS">than</w> <w type="PPg">their</w> <w type="NN">money</w> <w type="CS">as</w> <w type="AT">the</w> <w type="NN">result</w> <w type="IN">of</w> <w type="PPg">their</w> <w type="NNS">experiences</w> <w type="IN">with</w> <w type="PPg">their</w> <w type="NP">Cleveland</w> <w type="NNS">quacks</w> <c type="pct">.</c> </s>
<s n="62"><w type="NP">Sarah</w> <w type="NP">Gross</w> <w type="VBD">found</w> <w type="CS">that</w> <w type="AT">the</w> <w type="NNS">treatments</w> <w type="VBN">given</w> <w type="PPO">her</w> <w type="IN">for</w> <w type="AT">a</w> <w type="JJ">nervous</w> <w type="NN">ailment</w> <w type="IN">by</w> <w type="AT">the</w> <w type="NN">masseur</w> <w type="BED">were</w> <w type="NEG">not</w> <w type="VBG">helping</w> <w type="PPO">her</w> <c type="pct">.</c> </s>
<s n="63"><w type="CS">As</w> <w type="AT">a</w> <w type="NN">result</w> <c type="pct">,</c> <w type="PPS">she</w> <w type="VBD">consulted</w> <w type="JJ">medical</w> <w type="NNS">authorities</w> <w type="CC">and</w> <w type="VBD">learned</w> <w type="CS">that</w> <w type="AT">the</w> <w type="NNS">devices</w> <w type="PPg">her</w> <w type="NN">quack</w> <c type="pct">``</c> <w type="NN">doctor</w> <c type="pct">''</c> <w type="BEDZ">was</w> <w type="VBG">using</w> <w type="BED">were</w> <w type="JJ">phony</w> <c type="pct">.</c> </s>
<s n="64"><w type="PPS">She</w> <w type="VBD">suffered</w> <w type="AT">a</w> <w type="JJ">nervous</w> <w type="NN">breakdown</w> <w type="CC">and</w> <w type="HVD">had</w> <w type="TO">to</w> <w type="BE">be</w> <w type="VBN">institutionalized</w> <c type="pct">.</c> </s>
</p>
<p><s n="65"><w type="NP">Mr.</w> <w type="NP">A.</w> <c type="pct">,</c> <w type="PPg">her</w> <w type="NN">fellow</w> <w type="NN">townsman</w> <c type="pct">,</c> <w type="RB">also</w> <w type="VBD">experienced</w> <w type="AT">a</w> <w type="JJ">nervous</w> <w type="NN">breakdown</w> <w type="QL">just</w> <w type="QL">as</w> <w type="RB">soon</w> <w type="CS">as</w> <w type="PPS">he</w> <w type="VBD">discovered</w> <w type="CS">that</w> <w type="PPS">he</w> <w type="HVD">had</w> <w type="BEN">been</w> <w type="VBN">bilked</w> <w type="IN">of</w> <w type="PPg">his</w> <w type="NN">life</w> <w type="NNS">savings</w> <w type="IN">by</w> <w type="AT">the</w> <w type="VBN">limited</w> <w type="NN">practitioner</w> <w type="WPS">who</w> <w type="HVD">had</w> <w type="BEN">been</w> <w type="VBG">treating</w> <w type="PPg">his</w> <w type="NN">wife</w> <c type="pct">--</c> <w type="AT">a</w> <w type="NN">woman</w> <w type="VBG">suffering</w> <w type="IN">from</w> <w type="AT">an</w> <w type="JJ">incurable</w> <w type="NN">disease</w> <c type="pct">,</c> <w type="JJ">multiple</w> <w type="NN">sclerosis</w> <c type="pct">--</c> <w type="CC">and</w> <w type="PPL">himself</w> <c type="pct">.</c> </s>
<s n="66"><w type="NP">Mr.</w> <w type="NP" subtype="TL">A</w> <w type="HVZ">has</w> <w type="VBN">recovered</w> <c type="pct">,</c> <w type="CC">but</w> <w type="PPS">he</w> <w type="BEZ">is</w> <c type="pct">,</c> <w type="RB">justifiably</w> <c type="pct">,</c> <w type="AT">a</w> <w type="JJ">bitter</w> <w type="NN">man</w> <c type="pct">.</c> </s>
<s n="67"><c type="pct">``</c> <mw pos="DT BEZ">That's </mw><w type="AT">a</w> <w type="NN">lot</w> <w type="IN">of</w> <w type="JJ">hard-earned</w> <w type="NN">money</w> <w type="TO">to</w> <w type="VB">lose</w> <c type="pct">''</c> <c type="pct">,</c> <w type="PPS">he</w> <w type="VBZ">says</w> <w type="NR">today</w> <c type="pct">.</c> </s>
<s n="68"><c type="pct">``</c> <w type="CC">Neither</w> <w type="PPO">me</w> <w type="CC">nor</w> <w type="PPg">my</w> <w type="NN">wife</w> <w type="BED">were</w> <w type="VBN">helped</w> <w type="IN">by</w> <w type="DT">that</w> <w type="NNg">chiropractor's</w> <w type="NNS">treatments</w> <c type="pct">''</c> <c type="pct">.</c> </s>
</p>
<p><s n="69"><w type="CC">And</w> <w type="EX">there</w> <w type="BEDZ">was</w> <w type="AT">the</w> <w type="NN">case</w> <w type="IN">of</w> <w type="NP">Tom</w> <w type="NP">Hepker</w> <c type="pct">,</c> <w type="AT">a</w> <w type="NN">machinist</w> <c type="pct">,</c> <w type="WPS">who</w> <w type="BEDZ">was</w> <w type="VBN">referred</w> <w type="IN">by</w> <w type="AT">a</w> <w type="NN">friend</w> <w type="IN">to</w> <w type="AT">a</w> <w type="NN">health</w> <w type="NN">machine</w> <w type="NN">quack</w> <w type="WPS">who</w> <w type="VBD">treated</w> <w type="PPO">him</w> <w type="IN">with</w> <w type="AT">a</w> <w type="JJ">so-called</w> <w type="JJ">diagnostic</w> <w type="NN">machine</w> <w type="IN">for</w> <w type="WDT">what</w> <w type="NN" subtype="TL">Doctor</w> <w type="NN" subtype="TL">Fraud</w> <w type="VBD">said</w> <w type="BEDZ">was</w> <w type="AT">a</w> <w type="NN">system</w> <w type="JJ">full</w> <w type="IN">of</w> <w type="NN">arsenic</w> <w type="CC">and</w> <w type="NN">strychnine</w> <c type="pct">.</c> </s>
<s n="70"><w type="CS">After</w> <w type="PPg">his</w> <w type="NNS">pains</w> <w type="VBD">got</w> <w type="JJR">worse</w> <c type="pct">,</c> <w type="NP">Tom</w> <w type="VBD">decided</w> <w type="TO">to</w> <w type="VB">see</w> <w type="AT">a</w> <w type="JJ">real</w> <w type="NN">doctor</w> <c type="pct">,</c> <w type="IN">from</w> <w type="WPO">whom</w> <w type="PPS">he</w> <w type="VBD">learned</w> <w type="PPS">he</w> <w type="BEDZ">was</w> <w type="VBG">suffering</w> <w type="IN">from</w> <w type="NN">cancer</w> <w type="IN">of</w> <w type="AT">the</w> <w type="NN">lung</w> <c type="pct">.</c> </s>
<s n="71"><w type="RB">Yes</w> <c type="pct">,</c> <w type="NP">Tom</w> <w type="VBD">caught</w> <w type="PPO">it</w> <w type="IN">in</w> <w type="NN">time</w> <w type="TO">to</w> <w type="VB">stay</w> <w type="JJ">alive</w> <c type="pct">.</c> </s>
<s n="72"><w type="CC">But</w> <mw pos="PPS BEZ">he's </mw><w type="AT">a</w> <w type="NN">welfare</w> <w type="NN">case</w> <w type="RB">now</w> <c type="pct">--</c> <w type="AT">a</w> <w type="JJ">human</w> <w type="NN">wreck</w> <c type="pct">--</c> <w type="NNS">thanks</w> <w type="IN">to</w> <w type="DT">this</w> <w type="JJ">modern</w> <w type="NN">witch</w> <w type="NN">doctor</w> <c type="pct">.</c> </s>
</p>
<p><s n="73"><w type="CC">But</w> <w type="AT">the</w> <w type="NN">machine</w> <w type="NN">quack</w> <w type="MD">can</w> <w type="VB">cause</w> <w type="QL">far</w> <w type="AP">more</w> <w type="CS">than</w> <w type="RB">just</w> <w type="VBG">suffering</w> <c type="pct">.</c> </s>
<s n="74"><w type="IN">In</w> <w type="JJ">such</w> <w type="NNS">diseases</w> <w type="CS">as</w> <w type="NN">cancer</w> <c type="pct">,</c> <w type="NN">tuberculosis</w> <c type="pct">,</c> <w type="CC">and</w> <w type="NN">heart</w> <w type="NN">disease</w> <c type="pct">,</c> <w type="JJ">early</w> <w type="NN">diagnosis</w> <w type="CC">and</w> <w type="NN">treatment</w> <w type="BER">are</w> <w type="QL">so</w> <w type="JJ">vital</w> <w type="CS">that</w> <w type="AT">the</w> <w type="NN">waste</w> <w type="IN">of</w> <w type="NN">time</w> <w type="IN">by</w> <w type="AT">the</w> <w type="NN">patient</w> <w type="IN">with</w> <w type="NN" subtype="TL">Doctor</w> <w type="NPg">Fraud's</w> <w type="NN">cure-all</w> <w type="NN">gadget</w> <w type="MD">can</w> <w type="VB">prove</w> <w type="JJ">fatal</w> <c type="pct">.</c> </s>
<s n="75"><w type="RB">Moreover</w> <c type="pct">,</c> <w type="AT">the</w> <w type="JJ">diabetic</w> <w type="NN">patient</w> <w type="WPS">who</w> <w type="VBZ">relies</w> <w type="IN">on</w> <w type="NN">cure</w> <w type="IN">by</w> <w type="AT">the</w> <w type="NN">quack</w> <w type="NN">device</w> <w type="CC">and</w> <w type="RB">therefore</w> <w type="VBZ">cuts</w> <w type="RP">off</w> <w type="PPg">his</w> <w type="NN">insulin</w> <w type="NN">intake</w> <w type="MD">can</w> <w type="BE">be</w> <w type="VBG">committing</w> <w type="NN">suicide</w> <c type="pct">.</c> </s>
<s n="76"><w type="IN">For</w> <w type="NN">instance</w> <c type="pct">:</c> </s>
</p>
<p><s n="77"><w type="IN">In</w> <w type="NP">Chicago</w> <c type="pct">,</c> <w type="DTI">some</w> <w type="NN">time</w> <w type="RB">ago</w> <c type="pct">,</c> <w type="NP">Mr.</w> <w type="NP">H.</w> <c type="pct">,</c> <w type="NN">age</w> <w type="CD">27</w> <c type="pct">,</c> <w type="AT">a</w> <w type="JJ">diabetic</w> <w type="CS">since</w> <w type="PPS">he</w> <w type="BEDZ">was</w> <w type="CD">six</w> <c type="pct">,</c> <w type="VBD">stopped</w> <w type="VBG">using</w> <w type="NN">insulin</w> <w type="CS">because</w> <w type="PPS">he</w> <w type="HVD">had</w> <w type="VBN">bought</w> <w type="AT">a</w> <c type="pct">``</c> <w type="JJ">magic</w> <w type="NN">spike</w> <c type="pct">''</c> <c type="pct">--</c> <w type="AT">a</w> <w type="NN">glass</w> <w type="NN">tube</w> <w type="RB">about</w> <w type="AT">the</w> <w type="NN">size</w> <w type="IN">of</w> <w type="AT">a</w> <w type="NN">pencil</w> <w type="VBN">filled</w> <w type="IN">with</w> <w type="NN">barium</w> <w type="NN">chloride</w> <w type="JJ">worth</w> <w type="AT">a</w> <w type="JJ">small</w> <w type="NN">fraction</w> <w type="IN">of</w> <w type="AT">a</w> <w type="NN">cent</w> <c type="pct">--</c> <w type="VBN">sold</w> <w type="IN">by</w> <w type="AT">the</w> <w type="NP" subtype="TL">Vrilium</w> <w type="NN" subtype="TL">Company</w> <w type="IN">of</w> <w type="NP">Chicago</w> <w type="IN">for</w> <w type="NNS">$306</w> <w type="CS">as</w> <w type="AT">a</w> <w type="NN">cure-all</w> <c type="pct">.</c> </s>
<s n="78"><c type="pct">``</c> <w type="VB">Hang</w> <w type="DT">this</w> <w type="IN">around</w> <w type="PPg">your</w> <w type="NN">neck</w> <w type="CC">or</w> <w type="VB">attach</w> <w type="PPO">it</w> <w type="IN">to</w> <w type="AP">other</w> <w type="NNS">parts</w> <w type="IN">of</w> <w type="PPg">your</w> <w type="NN">anatomy</w> <c type="pct">,</c> <w type="CC">and</w> <w type="PPg">its</w> <w type="NNS">rays</w> <w type="MD">will</w> <w type="VB">cure</w> <w type="DTI">any</w> <w type="NN">disease</w> <w type="PPSS">you</w> <w type="HV">have</w> <c type="pct">''</c> <c type="pct">,</c> <w type="VBD">said</w> <w type="AT">the</w> <w type="NN">company</w> <c type="pct">.</c> </s>
<s n="79"><w type="NP">Mr.</w> <w type="NP">H.</w> <w type="BEZ">is</w> <w type="JJ">dead</w> <w type="NR">today</w> <w type="CS">because</w> <w type="PPS">he</w> <w type="VBD">followed</w> <w type="DT">this</w> <w type="NN">advice</w> <c type="pct">.</c> </s>
</p>
<p><s n="80"><w type="NP">Doris</w> <w type="NP">Hull</w> <c type="pct">,</c> <w type="VBG">suffering</w> <w type="IN">from</w> <w type="NN">tuberculosis</w> <c type="pct">,</c> <w type="BEDZ">was</w> <w type="VBN">taken</w> <w type="IN">by</w> <w type="PPg">her</w> <w type="NN">husband</w> <w type="TO">to</w> <w type="VB">see</w> <w type="NP">Otis</w> <w type="NP">G.</w> <w type="NP">Carroll</w> <c type="pct">,</c> <w type="AT">a</w> <w type="NN">sanipractor</w> <c type="pct">--</c> <w type="AT">a</w> <w type="VBN">licensed</w> <w type="JJ">drugless</w> <w type="NN">healer</w> <c type="pct">--</c> <w type="IN">in</w> <w type="NP">Spokane</w> <c type="pct">.</c> </s>
<s n="81"><w type="NP">Carroll</w> <w type="VBD">diagnosed</w> <w type="NP">Mrs.</w> <w type="NP">Hull</w> <w type="IN">by</w> <w type="VBG">taking</w> <w type="AT">a</w> <w type="NN">drop</w> <w type="IN">of</w> <w type="NN">blood</w> <w type="IN">from</w> <w type="PPg">her</w> <w type="NN">ear</w> <w type="CC">and</w> <w type="VBG">putting</w> <w type="PPO">it</w> <w type="IN">on</w> <w type="PPg">his</w> <c type="pct">``</c> <w type="JJ">radionic</w> <c type="pct">''</c> <w type="NN">machine</w> <w type="CC">and</w> <w type="VBG">twirling</w> <w type="DTI">some</w> <w type="NNS">knobs</w> <c type="pct">(</c> <w type="NN">fee</w> <w type="CD">$50</w> <c type="pct">)</c> <c type="pct">.</c> </s>
</p>
<p><s n="82"><w type="PPg">His</w> <w type="NN">prescription</w> <c type="pct">:</c> <w type="JJ">hot</w> <w type="CC">and</w> <w type="JJ">cold</w> <w type="NNS">compresses</w> <w type="TO">to</w> <w type="VB">increase</w> <w type="PPg">her</w> <w type="NN">absorption</w> <w type="IN">of</w> <w type="NN">water</w> <c type="pct">.</c> </s>
<s n="83"><w type="CS">Although</w> <w type="PPS">she</w> <w type="VBD">weighed</w> <w type="RB">only</w> <w type="CD">108</w> <w type="NNS">pounds</w> <w type="WRB">when</w> <w type="PPS">she</w> <w type="VBD">visited</w> <w type="PPO">him</w> <c type="pct">,</c> <w type="NP">Carroll</w> <w type="VBD">permitted</w> <w type="PPO">her</w> <w type="TO">to</w> <w type="VB">go</w> <w type="IN">on</w> <w type="AT">a</w> <w type="JJ">10-day</w> <w type="NN">fast</w> <w type="IN">in</w> <w type="WDT">which</w> <w type="PPS">she</w> <w type="VBD">took</w> <w type="PN">nothing</w> <w type="IN">but</w> <w type="NN">water</w> <c type="pct">.</c> </s>
<s n="84"><w type="RB">Inevitably</w> <c type="pct">,</c> <w type="NP">Mrs.</w> <w type="NP">Hull</w> <w type="VBD">died</w> <w type="IN">of</w> <w type="NN">starvation</w> <w type="CC">and</w> <w type="NN">tuberculosis</w> <c type="pct">,</c> <w type="VBG">weighing</w> <w type="CD">60</w> <w type="NNS">pounds</w> <c type="pct">.</c> </s>
<s n="85"><w type="RB">Moreover</w> <c type="pct">,</c> <w type="PPg">her</w> <w type="NN">husband</w> <w type="CC">and</w> <w type="NN">child</w> <w type="VBD">contracted</w> <w type="NP">T.B.</w> <w type="IN">from</w> <w type="PPO">her</w> <c type="pct">.</c> </s>
<s n="86"><c type="pct">(</c> <w type="JJ">Small</w> <w type="NN">wonder</w> <w type="AT">a</w> <w type="NP">Spokane</w> <w type="NN">jury</w> <w type="VBD">awarded</w> <w type="AT">the</w> <w type="NN">husband</w> <w type="NNS">$35,823</w> <w type="IN">for</w> <w type="PPg">his</w> <w type="NNg">wife's</w> <w type="NN">death</w> <c type="pct">.</c> </s>
</p>
<p><s n="87"><w type="IN">In</w> <w type="NP">California</w> <c type="pct">,</c> <w type="AT">a</w> <w type="AP">few</w> <w type="NNS">years</w> <w type="RB">ago</w> <c type="pct">,</c> <w type="AT">a</w> <w type="NN">ghoul</w> <w type="IN">by</w> <w type="AT">the</w> <w type="NN">name</w> <w type="IN">of</w> <w type="NP">H.</w> <w type="NP">F.</w> <w type="NP">Bell</w> <w type="VBD">sold</w> <w type="JJ">electric</w> <w type="NNS">blankets</w> <w type="CS">as</w> <w type="AT">a</w> <w type="NN">cure</w> <w type="IN">for</w> <w type="NN">cancer</w> <c type="pct">.</c> </s>
<s n="88"><w type="PPS">He</w> <w type="DOD">did</w> <w type="DT">this</w> <w type="IN">by</w> <w type="AT">the</w> <w type="JJ">charming</w> <w type="NN">practice</w> <w type="IN">of</w> <w type="VBG">buying</w> <w type="RP">up</w> <w type="VBN">used</w> <w type="JJ">electric</w> <w type="NNS">blankets</w> <w type="IN">for</w> <w type="NNS">$5</w> <w type="IN">to</w> <w type="NNS">$10</w> <w type="IN">from</w> <w type="NNS">survivors</w> <w type="IN">of</w> <w type="NNS">patients</w> <w type="WPS">who</w> <w type="HVD">had</w> <w type="VBN">died</w> <c type="pct">,</c> <w type="VBG">reconditioning</w> <w type="PPO">them</w> <c type="pct">,</c> <w type="CC">and</w> <w type="VBG">selling</w> <w type="PPO">them</w> <w type="IN">at</w> <w type="NNS">$185</w> <w type="DT">each</w> <c type="pct">.</c> </s>
<s n="89"><w type="WRB">When</w> <w type="NNS">authorities</w> <w type="VBD">convicted</w> <w type="PPO">him</w> <w type="IN">of</w> <w type="VBG">practicing</w> <w type="NN">medicine</w> <w type="IN">without</w> <w type="AT">a</w> <w type="NN">license</w> <c type="pct">(</c> <w type="PPS">he</w> <w type="VBD">got</w> <w type="RP">off</w> <w type="IN">with</w> <w type="AT">a</w> <w type="VBN">suspended</w> <w type="NN">sentence</w> <w type="IN">of</w> <w type="CD">three</w> <w type="NNS">years</w> <w type="RB">because</w> <w type="IN">of</w> <w type="PPg">his</w> <w type="VBN">advanced</w> <w type="NN">age</w> <w type="IN">of</w> <w type="CD">77</w> <c type="pct">)</c> <c type="pct">,</c> <w type="CD">one</w> <w type="IN">of</w> <w type="PPg">his</w> <w type="NNS">victims</w> <w type="BEDZ">was</w> <w type="NEG">not</w> <w type="RB">around</w> <w type="TO">to</w> <w type="VB">testify</w> <c type="pct">:</c> <w type="PPS">He</w> <w type="BEDZ">was</w> <w type="JJ">dead</w> <w type="IN">of</w> <w type="NN">cancer</w> <c type="pct">.</c> </s>
</p>
<p><s n="90"><w type="IN">By</w> <w type="AT">no</w> <w type="NNS">means</w> <w type="BER">are</w> <w type="DTS">these</w> <w type="VBN">isolated</w> <w type="NNS">cases</w> <c type="pct">.</c> </s>
<s n="91"><c type="pct">``</c> <w type="RB">Unfortunately</w> <c type="pct">''</c> <c type="pct">,</c> <w type="VBZ">says</w> <w type="JJS" subtype="TL">Chief</w> <w type="JJ" subtype="TL">Postal</w> <w type="NN" subtype="TL">Inspector</w> <w type="NP">David</w> <w type="NP">H.</w> <w type="NP">Stephens</w> <c type="pct">,</c> <w type="WPS">who</w> <w type="HVZ">has</w> <w type="VBN">prosecuted</w> <w type="AP">many</w> <w type="NN">device</w> <w type="NNS">quacks</w> <c type="pct">,</c> <c type="pct">``</c> <w type="AT">the</w> <w type="NNS">ghouls</w> <w type="WPS">who</w> <w type="VB">trade</w> <w type="IN">on</w> <w type="AT">the</w> <w type="NNS">hopes</w> <w type="IN">of</w> <w type="AT">the</w> <w type="QL">desperately</w> <w type="JJ">ill</w> <w type="RB">often</w> <mw pos="MD *">cannot </mw><w type="BE">be</w> <w type="RB">successfully</w> <w type="VBN">prosecuted</w> <w type="CS">because</w> <w type="AT">the</w> <w type="NNS">patients</w> <w type="WPS">who</w> <w type="BER">are</w> <w type="AT">the</w> <w type="JJS">chief</w> <w type="NNS">witnesses</w> <w type="VB">die</w> <w type="CS">before</w> <w type="AT">the</w> <w type="NN">case</w> <w type="BEZ">is</w> <w type="VBN">called</w> <w type="RP">up</w> <w type="IN">in</w> <w type="NN">court</w> <c type="pct">''</c> <c type="pct">.</c> </s>
</p>
<p><s n="92"><w type="NN">Death</w> <c type="pct">!</c> <c type="pct">!</c> </s>
<s n="93"><w type="HV">Have</w> <w type="AT">no</w> <w type="NN">doubt</w> <w type="IN">about</w> <w type="PPO">it</w> <c type="pct">.</c> </s>
<s n="94"><mw pos="DT BEZ">That's </mw><w type="WRB">where</w> <w type="NN">device</w> <w type="NN">quackery</w> <w type="MD">can</w> <w type="VB">lead</w> <c type="pct">.</c> </s>
<s n="95"><w type="AT">The</w> <w type="NN">evidence</w> <w type="VBZ">shows</w> <w type="CS">that</w> <w type="JJ">fake</w> <w type="JJ">therapeutic</w> <w type="NNS">machines</w> <c type="pct">,</c> <w type="VBN">substituted</w> <w type="IN">for</w> <w type="JJ">valid</w> <w type="JJ">medical</w> <w type="NNS">cures</w> <c type="pct">,</c> <w type="HV">have</w> <w type="VBN">hastened</w> <w type="AT">the</w> <w type="NNS">deaths</w> <w type="IN">of</w> <w type="NNS">thousands</w> <c type="pct">.</c> </s>
</p>
<p><s n="96"><w type="WPS">Who</w> <w type="BER">are</w> <w type="AT">the</w> <w type="NNS">victims</w> <w type="IN">of</w> <w type="AT">the</w> <w type="NN">device</w> <w type="NNS">quacks</w> <c type="pct">?</c> <c type="pct">?</c> </s>
<s n="97"><w type="NNS">Authorities</w> <w type="VB">say</w> <w type="CS">that</w> <w type="NNS">oldsters</w> <w type="BER">are</w> <w type="AT">a</w> <w type="JJ">prime</w> <w type="NN">target</w> <c type="pct">.</c> </s>
<s n="98"><w type="VBZ">Says</w> <w type="NP">Wallace</w> <w type="NP">F.</w> <w type="NP">Jannsen</w> <c type="pct">,</c> <w type="NN">director</w> <w type="IN">of</w> <w type="AT">the</w> <w type="NN">FDA's</w> <w type="NN" subtype="TL">Division</w> <w type="IN" subtype="TL">of</w> <w type="JJ" subtype="TL">Public</w> <w type="NN" subtype="TL">Information</w> <c type="pct">:</c> <c type="pct">``</c> <w type="NNS">Quacks</w> <w type="BER">are</w> <w type="JJ">apt</w> <w type="TO">to</w> <w type="VB">direct</w> <w type="PPg">their</w> <w type="NN">appeal</w> <w type="RB">directly</w> <w type="IN">to</w> <w type="JJR">older</w> <w type="NNS">people</w> <c type="pct">,</c> <w type="CC">or</w> <w type="IN">to</w> <w type="NNS">sufferers</w> <w type="IN">from</w> <w type="JJ">chronic</w> <w type="NNS">ailments</w> <w type="JJ">such</w> <w type="CS">as</w> <w type="NN">arthritis</w> <c type="pct">,</c> <w type="NN">rheumatism</w> <c type="pct">,</c> <w type="NN">diabetes</w> <c type="pct">,</c> <w type="CC">and</w> <w type="NN">cancer</w> <c type="pct">.</c> </s>
<s n="99"><w type="NNS">People</w> <w type="WPS">who</w> <w type="HV">have</w> <w type="NEG">not</w> <w type="BEN">been</w> <w type="JJ">able</w> <w type="TO">to</w> <w type="VB">get</w> <w type="NN">relief</w> <w type="IN">from</w> <w type="JJ">regular</w> <w type="JJ">medical</w> <w type="NNS">doctors</w> <w type="BER">are</w> <w type="RB">especially</w> <w type="JJ">apt</w> <w type="TO">to</w> <w type="BE">be</w> <w type="VBN">taken</w> <w type="RP">in</w> <w type="IN">by</w> <w type="NNS">quacks</w> <c type="pct">''</c> <c type="pct">.</c> </s>
<s n="100"><w type="AT">The</w> <w type="NNS">victims</w> <w type="IN">of</w> <w type="AT">the</w> <w type="NNS">quacks</w> <w type="BER">are</w> <w type="RB">frequently</w> <w type="JJ">poor</w> <w type="NNS">people</w> <c type="pct">,</c> <w type="CS">like</w> <w type="NP">Mr.</w> <w type="NP">A.</w> <c type="pct">,</c> <w type="WPS">who</w> <w type="VB">scrape</w> <w type="RP">up</w> <w type="PPg">their</w> <w type="NN">life</w> <w type="NNS">savings</w> <w type="TO">to</w> <w type="VB">offer</w> <w type="CS">as</w> <w type="AT">a</w> <w type="NN">sacrifice</w> <w type="IN">to</w> <w type="NN" subtype="TL">Doctor</w> <w type="NPg">Fraud's</w> <w type="NN">avarice</w> <c type="pct">.</c> </s>
<s n="101"><w type="PPSS">They</w> <w type="BER">are</w> <w type="RB">often</w> <w type="JJ">ignorant</w> <w type="QL">as</w> <w type="RB">well</w> <w type="CS">as</w> <w type="JJ">underprivileged</w> <c type="pct">.</c> </s>
</p>
<p></p></body></text></TEI>
