<TEI xmlns="http://www.tei-c.org/ns/1.0"><teiHeader><fileDesc><titleStmt><title>Sample F15 from  The Rev. John A. O'Brien, "Let's Take Birth Control Out of Politics,"
 Look Magazine, 25:21 (October 10, 1961), 67-70
 </title></titleStmt><editionStmt><edition>A part  of the XML version of the Brown Corpus</edition></editionStmt><extent>2,007 words 236 (11.8%) quotes 1 symbol</extent><publicationStmt><idno>F15</idno><availability><p>Copyright 1961 by Cowles Magazines and Broadcasting, Inc.</p></availability></publicationStmt><sourceDesc><bibl> The Rev. John A. O'Brien, "Let's Take Birth Control Out of Politics,"
 Look Magazine, 25:21 (October 10, 1961), 67-70
 </bibl></sourceDesc></fileDesc><encodingDesc><p/></encodingDesc><revisionDesc><change when="2008-04-27">Header auto-generated for TEI version</change></revisionDesc></teiHeader>
<text xml:id="F15" decls="F">
<body><p><s n="1"><w type="IN">In</w> <w type="NP">Poughkeepsie</w> <c type="pct">,</c> <w type="NP">N.Y.</w> <c type="pct">,</c> <c type="pct">,</c> <w type="IN">in</w> <w type="CD">1952</w> <c type="pct">,</c> <w type="AT">a</w> <w type="JJ">Roman</w> <w type="JJ">Catholic</w> <w type="NN">hospital</w> <w type="VBD">presented</w> <w type="CD">seven</w> <w type="JJ">Protestant</w> <w type="NNS">physicians</w> <w type="IN">with</w> <w type="AT">an</w> <w type="NN">ultimatum</w> <w type="TO">to</w> <w type="VB">quit</w> <w type="AT">the</w> <w type="VBN" subtype="TL">Planned</w> <w type="NN" subtype="TL">Parenthood</w> <w type="NN" subtype="TL">Federation</w> <w type="CC">or</w> <w type="TO">to</w> <w type="VB">resign</w> <w type="IN">from</w> <w type="AT">the</w> <w type="NN">hospital</w> <w type="NN">staff</w> <c type="pct">.</c> </s>
<s n="2"><w type="CD">Three</w> <w type="VBD">agreed</w> <c type="pct">,</c> <w type="CC">but</w> <w type="CD">four</w> <w type="VBD">declined</w> <w type="CC">and</w> <w type="BED">were</w> <w type="VBN">suspended</w> <c type="pct">.</c> </s>
<s n="3"><w type="IN">After</w> <w type="AT">a</w> <w type="NN">flood</w> <w type="IN">of</w> <w type="NNS">protests</w> <c type="pct">,</c> <w type="PPSS">they</w> <w type="BED">were</w> <w type="VBN">reinstated</w> <w type="IN">at</w> <w type="AT">the</w> <w type="NN">beginning</w> <w type="IN">of</w> <w type="CD">1953</w> <c type="pct">.</c> </s>
<s n="4"><w type="AT">The</w> <w type="NN">peace</w> <w type="IN">of</w> <w type="AT">the</w> <w type="NN">community</w> <w type="BEDZ">was</w> <w type="QL">badly</w> <w type="VBN">disturbed</w> <c type="pct">,</c> <w type="CC">and</w> <w type="NNS">people</w> <w type="IN">across</w> <w type="AT">the</w> <w type="NN">nation</w> <c type="pct">,</c> <w type="VBG">reading</w> <w type="IN">of</w> <w type="AT">the</w> <w type="NN">incident</w> <c type="pct">,</c> <w type="VBD">felt</w> <w type="JJ">uneasy</w> <c type="pct">.</c> </s>
</p>
<p><s n="5"><w type="IN">In</w> <w type="JJ" subtype="TL">New</w> <w type="NP" subtype="TL">York</w> <w type="NN" subtype="TL">City</w> <w type="IN">in</w> <w type="CD">1958</w> <c type="pct">,</c> <w type="AT">the</w> <w type="NNg">city's</w> <w type="NN" subtype="TL">Commissioner</w> <w type="IN" subtype="TL">of</w> <w type="NNS" subtype="TL">Hospitals</w> <w type="VBD">refused</w> <w type="TO">to</w> <w type="VB">permit</w> <w type="AT">a</w> <w type="NN">physician</w> <w type="TO">to</w> <w type="VB">provide</w> <w type="AT">a</w> <w type="JJ">Protestant</w> <w type="NN">mother</w> <w type="IN">with</w> <w type="AT">a</w> <w type="JJ">contraceptive</w> <w type="NN">device</w> <c type="pct">.</c> </s>
<s n="6"><w type="PPS">He</w> <w type="RB">thereby</w> <w type="VBD">precipitated</w> <w type="AT">a</w> <w type="JJ">bitter</w> <w type="NN">controversy</w> <w type="VBG">involving</w> <w type="NPS">Protestants</w> <c type="pct">,</c> <w type="NPS">Jews</w> <w type="CC">and</w> <w type="JJ" subtype="TL">Roman</w> <w type="NPS">Catholics</w> <w type="WPS">that</w> <w type="VBD">continued</w> <w type="IN">for</w> <w type="CD">two</w> <w type="NNS">months</w> <c type="pct">,</c> <w type="CS">until</w> <w type="AT">the</w> <w type="NNg">city's</w> <w type="NN" subtype="TL">Board</w> <w type="IN" subtype="TL">of</w> <w type="NNS" subtype="TL">Hospitals</w> <w type="VBD">lifted</w> <w type="AT">the</w> <w type="NN">ban</w> <w type="IN">on</w> <w type="NN">birth-control</w> <w type="NN">therapy</w> <c type="pct">.</c> </s>
</p>
<p><s n="7"><w type="AT">A</w> <w type="NN">year</w> <w type="RBR">later</w> <w type="IN">in</w> <w type="NP">Albany</w> <c type="pct">,</c> <w type="NP">N.Y.</w> <c type="pct">,</c> <w type="AT">a</w> <w type="JJ">Roman</w> <w type="JJ">Catholic</w> <w type="NN">hospital</w> <w type="VBD">barred</w> <w type="AT">an</w> <w type="JJ">orthopedic</w> <w type="NN">surgeon</w> <w type="CS">because</w> <w type="IN">of</w> <w type="PPg">his</w> <w type="NN">connection</w> <w type="IN">with</w> <w type="AT">the</w> <w type="VBN" subtype="TL">Planned</w> <w type="NN" subtype="TL">Parenthood</w> <w type="NN" subtype="TL">Association</w> <c type="pct">.</c> </s>
<s n="8"><w type="RB">Immediately</w> <c type="pct">,</c> <w type="AT">the</w> <w type="JJ">religious</w> <w type="NNS">groups</w> <w type="IN">of</w> <w type="AT">the</w> <w type="NN">city</w> <w type="BED">were</w> <w type="VBN">embroiled</w> <w type="IN">in</w> <w type="AT">an</w> <w type="JJ">angry</w> <w type="NN">dispute</w> <w type="IN">over</w> <w type="AT">the</w> <w type="VBN">alleged</w> <w type="NN">invasion</w> <w type="IN">of</w> <w type="AT">a</w> <w type="NNg">man's</w> <w type="NN">right</w> <w type="IN">to</w> <w type="NN">freedom</w> <w type="IN">of</w> <w type="JJ">religious</w> <w type="NN">belief</w> <w type="CC">and</w> <w type="NN">conscience</w> <c type="pct">.</c> </s>
</p>
<p><s n="9"><w type="DTS">These</w> <w type="NNS">incidents</w> <c type="pct">,</c> <w type="JJ">typical</w> <w type="IN">of</w> <w type="AP">many</w> <w type="NNS">others</w> <c type="pct">,</c> <w type="VB">dramatize</w> <w type="AT">the</w> <w type="JJ">distressing</w> <w type="NN">fact</w> <w type="WPS">that</w> <w type="AT">no</w> <w type="NN">controversy</w> <w type="IN">during</w> <w type="AT">the</w> <w type="AP">last</w> <w type="AP">several</w> <w type="NNS">decades</w> <w type="HVZ">has</w> <w type="VBN">caused</w> <w type="AP">more</w> <w type="NN">tension</w> <c type="pct">,</c> <w type="NN">rancor</w> <w type="CC">and</w> <w type="NN">strife</w> <w type="IN">among</w> <w type="JJ">religious</w> <w type="NNS">groups</w> <w type="IN">in</w> <w type="DT">this</w> <w type="NN">country</w> <w type="CS">than</w> <w type="AT">the</w> <w type="NN">birth-control</w> <w type="NN">issue</w> <c type="pct">.</c> </s>
<s n="10"><w type="PPS">It</w> <w type="HVZ">has</w> <w type="VBN">flared</w> <w type="RP">up</w> <w type="RB">periodically</w> <w type="IN">on</w> <w type="AT">the</w> <w type="JJ">front</w> <w type="NNS">pages</w> <w type="IN">of</w> <w type="NNS">newspapers</w> <w type="IN">in</w> <w type="NNS">communities</w> <w type="VBN">divided</w> <w type="IN">over</w> <w type="NN">birth-prevention</w> <w type="NNS">regulations</w> <w type="IN">in</w> <w type="JJ">municipal</w> <w type="NNS">hospitals</w> <w type="CC">and</w> <w type="NN">health</w> <w type="CC">and</w> <w type="NN">family-welfare</w> <w type="NNS">agencies</w> <c type="pct">.</c> </s>
<s n="11"><w type="PPS">It</w> <w type="HVZ">has</w> <w type="VBN">erupted</w> <w type="IN">on</w> <w type="AT">the</w> <w type="JJ">national</w> <w type="NN">level</w> <w type="IN">in</w> <w type="AT">the</w> <w type="NN">matter</w> <w type="IN">of</w> <w type="VBG">including</w> <w type="NN">birth-control</w> <w type="NN">information</w> <w type="CC">and</w> <w type="NN">material</w> <w type="IN">in</w> <w type="JJ">foreign</w> <w type="NN">aid</w> <w type="IN">to</w> <w type="JJ">underdeveloped</w> <w type="NNS">countries</w> <c type="pct">.</c> </s>
<s n="12"><w type="WRB">Where</w> <w type="PPS">it</w> <w type="BEZ">is</w> <w type="NEG">not</w> <w type="RB">actually</w> <w type="VBG">erupting</w> <c type="pct">,</c> <w type="PPS">it</w> <w type="VBZ">rumbles</w> <w type="CC">and</w> <w type="VBZ">smolders</w> <w type="IN">in</w> <w type="JJ">sullen</w> <w type="NN">resentment</w> <w type="CS">like</w> <w type="AT">a</w> <w type="NN">volcano</w> <c type="pct">,</c> <w type="JJ">ready</w> <w type="TO">to</w> <w type="VB">explode</w> <w type="IN">at</w> <w type="DTI">any</w> <w type="NN">moment</w> <c type="pct">.</c> </s>
</p>
<p><s n="13"><w type="AT">The</w> <w type="NN">time</w> <w type="HVZ">has</w> <w type="VBN">come</w> <w type="IN">for</w> <w type="NNS">citizens</w> <w type="IN">of</w> <w type="ABN">all</w> <w type="NNS">faiths</w> <w type="TO">to</w> <w type="VB">unite</w> <w type="IN">in</w> <w type="AT">an</w> <w type="NN">effort</w> <w type="TO">to</w> <w type="VB">remove</w> <w type="DT">this</w> <w type="JJ">divisive</w> <w type="CC">and</w> <w type="JJ">nettlesome</w> <w type="NN">issue</w> <w type="IN">from</w> <w type="AT">the</w> <w type="JJ">political</w> <w type="CC">and</w> <w type="JJ">social</w> <w type="NN">life</w> <w type="IN">of</w> <w type="PPg">our</w> <w type="NN">nation</w> <c type="pct">.</c> </s>
</p>
<p><s n="14"><w type="AT">The</w> <w type="OD">first</w> <w type="NN">step</w> <w type="IN">toward</w> <w type="AT">the</w> <w type="NN">goal</w> <w type="BEZ">is</w> <w type="AT">the</w> <w type="NN">establishment</w> <w type="IN">of</w> <w type="AT">a</w> <w type="JJ">new</w> <w type="NN">atmosphere</w> <w type="IN">of</w> <w type="JJ">mutual</w> <w type="JJ">good</w> <w type="NN">will</w> <w type="CC">and</w> <w type="JJ">friendly</w> <w type="NN">communication</w> <w type="IN">on</w> <w type="AP">other</w> <w type="CS">than</w> <w type="AT">the</w> <w type="JJ">polemical</w> <w type="NN">level</w> <c type="pct">.</c> </s>
<s n="15"><w type="RB">Instead</w> <w type="IN">of</w> <w type="JJ">emotional</w> <w type="NN">recrimination</w> <c type="pct">,</c> <w type="VBN">loaded</w> <w type="NNS">phrases</w> <w type="CC">and</w> <w type="VBG">sloganeering</w> <c type="pct">,</c> <w type="PPSS">we</w> <w type="MD">need</w> <w type="AT">a</w> <w type="JJ">dispassionate</w> <w type="NN">study</w> <w type="IN">of</w> <w type="AT">the</w> <w type="NNS">facts</w> <c type="pct">,</c> <w type="AT">a</w> <w type="JJR">better</w> <w type="NN">understanding</w> <w type="IN">of</w> <w type="AT">the</w> <w type="JJ">opposite</w> <w type="NN">viewpoint</w> <w type="CC">and</w> <w type="AT">a</w> <w type="QL">more</w> <w type="JJ">serious</w> <w type="NN">effort</w> <w type="TO">to</w> <w type="VB">extend</w> <w type="AT">the</w> <w type="NNS">areas</w> <w type="IN">of</w> <w type="NN">agreement</w> <w type="CS">until</w> <w type="AT">a</w> <w type="NN">solution</w> <w type="BEZ">is</w> <w type="VBN">reached</w> <c type="pct">.</c> </s>
</p>
<p><s n="16"><c type="pct">``</c> <w type="QL">All</w> <w type="QL">too</w> <w type="RB">frequently</w> <c type="pct">''</c> <c type="pct">,</c> <w type="VBZ">points</w> <w type="RP">out</w> <w type="NP">James</w> <w type="NP">O'Gara</w> <c type="pct">,</c> <w type="VBG">managing</w> <w type="NN">editor</w> <w type="IN">of</w> <w type="NP">Commonweal</w> <c type="pct">,</c> <c type="pct">``</c> <w type="NPS">Catholics</w> <w type="VB">run</w> <w type="JJ">roughshod</w> <w type="IN">over</w> <w type="JJ">Protestant</w> <w type="NNS">sensibilities</w> <w type="IN">in</w> <w type="DT">this</w> <w type="NN">matter</w> <c type="pct">,</c> <w type="IN">by</w> <w type="NN">failure</w> <w type="TO">to</w> <w type="VB">consider</w> <w type="AT">the</w> <w type="NN">reasoning</w> <w type="IN">behind</w> <w type="AT">the</w> <w type="JJ">Protestant</w> <w type="NN">position</w> <w type="CC">and</w> <c type="pct">,</c> <w type="RB">particularly</w> <c type="pct">,</c> <w type="IN">by</w> <w type="PPg">their</w> <w type="NNS">jibes</w> <w type="IN">at</w> <w type="AT">the</w> <w type="NN">fact</w> <w type="CS">that</w> <w type="JJ">Protestant</w> <w type="NN">opinion</w> <w type="IN">on</w> <w type="NN">birth</w> <w type="NN">control</w> <w type="HVZ">has</w> <w type="VBN">changed</w> <w type="IN">in</w> <w type="JJ">recent</w> <w type="NNS">decades</w> <c type="pct">''</c> <c type="pct">.</c> </s>
<s n="17"><w type="QL">All</w> <w type="QL">too</w> <w type="RB">often</w> <w type="PPg">our</w> <w type="NN">language</w> <w type="BEZ">is</w> <w type="QL">unduly</w> <w type="JJ">harsh</w> <c type="pct">.</c> </s>
</p>
<p><s n="18"><w type="AT">The</w> <w type="OD">second</w> <w type="NN">step</w> <w type="BEZ">is</w> <w type="TO">to</w> <w type="VB">recognize</w> <w type="AT">the</w> <w type="JJ">substantial</w> <w type="NN">agreement</w> <c type="pct">--</c> <w type="RB">frequently</w> <w type="VBN">blurred</w> <w type="IN">by</w> <w type="NN">emotionalism</w> <w type="CC">and</w> <w type="JJ">inaccurate</w> <w type="NN">newspaper</w> <w type="NN">reporting</w> <c type="pct">--</c> <w type="RB">already</w> <w type="VBG">existing</w> <w type="IN">between</w> <w type="NPS">Catholics</w> <w type="CC">and</w> <w type="NPS">Non-Catholics</w> <w type="IN">concerning</w> <w type="AT">the</w> <w type="JJ">over-all</w> <w type="NNS">objectives</w> <w type="IN">of</w> <w type="NN">family</w> <w type="NN">planning</w> <c type="pct">.</c> </s>
<s n="19"><w type="RB">Instead</w> <w type="IN">of</w> <w type="NPSg">Catholics'</w> <w type="BEG">being</w> <w type="VBN">obliged</w> <w type="CC">or</w> <w type="RB">even</w> <w type="VBN">encouraged</w> <w type="TO">to</w> <w type="VB">beget</w> <w type="AT">the</w> <w type="JJT">greatest</w> <w type="JJ">possible</w> <w type="NN">number</w> <w type="IN">of</w> <w type="NN">offspring</w> <c type="pct">,</c> <w type="CS">as</w> <w type="AP">many</w> <w type="NPS">Non-Catholics</w> <w type="VB">imagine</w> <c type="pct">,</c> <w type="AT">the</w> <w type="NN">ideal</w> <w type="IN">of</w> <w type="JJ">responsible</w> <w type="NN">parenthood</w> <w type="BEZ">is</w> <w type="VBN">stressed</w> <c type="pct">.</c> </s>
<s n="20"><w type="NN">Family</w> <w type="NN">planning</w> <w type="BEZ">is</w> <w type="VBN">encouraged</w> <c type="pct">,</c> <w type="CS">so</w> <w type="CS">that</w> <w type="NNS">parents</w> <w type="MD">will</w> <w type="BE">be</w> <w type="JJ">able</w> <w type="TO">to</w> <w type="VB">provide</w> <w type="RB">properly</w> <w type="IN">for</w> <w type="PPg">their</w> <w type="NN">offspring</w> <c type="pct">.</c> </s>
</p>
<p><s n="21"><w type="NN" subtype="TL">Pope</w> <w type="NP">Pius</w> <w type="CD" subtype="TL">12</w> <c type="pct">,</c> <w type="VBD">declared</w> <w type="IN">in</w> <w type="CD">1951</w> <w type="CS">that</w> <w type="PPS">it</w> <w type="BEZ">is</w> <w type="JJ">possible</w> <w type="TO">to</w> <w type="BE">be</w> <w type="JJ">exempt</w> <w type="IN">from</w> <w type="AT">the</w> <w type="JJ">normal</w> <w type="NN">obligation</w> <w type="IN">of</w> <w type="NN">parenthood</w> <w type="IN">for</w> <w type="AT">a</w> <w type="JJ">long</w> <w type="NN">time</w> <w type="CC">and</w> <w type="RB">even</w> <w type="IN">for</w> <w type="AT">the</w> <w type="JJ">whole</w> <w type="NN">duration</w> <w type="IN">of</w> <w type="VBN">married</w> <w type="NN">life</w> <c type="pct">,</c> <w type="CS">if</w> <w type="EX">there</w> <w type="BER">are</w> <w type="JJ">serious</w> <w type="NNS">reasons</w> <c type="pct">,</c> <w type="JJ">such</w> <w type="CS">as</w> <w type="DTS">those</w> <w type="RB">often</w> <w type="VBN">mentioned</w> <w type="IN">in</w> <w type="AT">the</w> <w type="JJ">so-called</w> <w type="JJ">medical</w> <c type="pct">,</c> <w type="JJ">eugenic</w> <c type="pct">,</c> <w type="JJ">economic</w> <w type="CC">and</w> <w type="JJ">social</w> <c type="pct">``</c> <w type="NNS">indications</w> <c type="pct">''</c> <c type="pct">.</c> </s>
<s n="22"><w type="DT">This</w> <w type="VBZ">means</w> <w type="CS">that</w> <w type="JJ">such</w> <w type="NNS">factors</w> <w type="CS">as</w> <w type="AT">the</w> <w type="NN">health</w> <w type="IN">of</w> <w type="AT">the</w> <w type="NNS">parents</w> <c type="pct">,</c> <w type="RB">particularly</w> <w type="AT">the</w> <w type="NN">mother</w> <c type="pct">,</c> <w type="PPg">their</w> <w type="NN">ability</w> <w type="TO">to</w> <w type="VB">provide</w> <w type="PPg">their</w> <w type="NNS">children</w> <w type="IN">with</w> <w type="AT">the</w> <w type="NNS">necessities</w> <w type="IN">of</w> <w type="NN">life</w> <c type="pct">,</c> <w type="AT">the</w> <w type="NN">degree</w> <w type="IN">of</w> <w type="NN">population</w> <w type="NN">density</w> <w type="IN">of</w> <w type="AT">a</w> <w type="NN">country</w> <w type="CC">and</w> <w type="AT">the</w> <w type="NN">shortage</w> <w type="IN">of</w> <w type="VBG">housing</w> <w type="NNS">facilities</w> <w type="MD">may</w> <w type="RB">legitimately</w> <w type="BE">be</w> <w type="VBN">taken</w> <w type="IN">into</w> <w type="NN">consideration</w> <w type="IN">in</w> <w type="VBG">determining</w> <w type="AT">the</w> <w type="NN">number</w> <w type="IN">of</w> <w type="NN">offspring</w> <c type="pct">.</c> </s>
</p>
<p><s n="23"><w type="DTS">These</w> <w type="BER">are</w> <w type="RB">substantially</w> <w type="AT">the</w> <w type="AP">same</w> <w type="NNS">factors</w> <w type="VBN">considered</w> <w type="IN">by</w> <w type="NPS">Non-Catholics</w> <w type="IN">in</w> <w type="NN">family</w> <w type="NN">planning</w> <c type="pct">.</c> </s>
<s n="24"><w type="AT">The</w> <w type="NNS">laws</w> <w type="IN">of</w> <w type="AP">many</w> <w type="NNS">states</w> <w type="VB">permit</w> <w type="NN">birth</w> <w type="NN">control</w> <w type="RB">only</w> <w type="IN">for</w> <w type="JJ">medical</w> <w type="NNS">reasons</w> <c type="pct">.</c> </s>
<s n="25"><w type="AT">The</w> <w type="JJ">Roman</w> <w type="JJ" subtype="TL">Catholic</w> <w type="NN" subtype="TL">Church</w> <c type="pct">,</c> <w type="RB">however</w> <c type="pct">,</c> <w type="VBZ">sanctions</w> <w type="AT">a</w> <w type="QL">much</w> <w type="QL">more</w> <w type="JJ">liberal</w> <w type="NN">policy</w> <w type="IN">on</w> <w type="NN">family</w> <w type="NN">planning</w> <c type="pct">.</c> </s>
</p>
<p><s n="26"><w type="NPS">Catholics</w> <c type="pct">,</c> <w type="NPS">Protestants</w> <w type="CC">and</w> <w type="NPS">Jews</w> <w type="BER">are</w> <w type="IN">in</w> <w type="NN">agreement</w> <w type="IN">over</w> <w type="AT">the</w> <w type="NNS">objectives</w> <w type="IN">of</w> <w type="NN">family</w> <w type="NN">planning</w> <c type="pct">,</c> <w type="CC">but</w> <w type="VB">disagree</w> <w type="IN">over</w> <w type="AT">the</w> <w type="NNS">methods</w> <w type="TO">to</w> <w type="BE">be</w> <w type="VBN">used</w> <c type="pct">.</c> </s>
<s n="27"><w type="AT">The</w> <w type="JJ">Roman</w> <w type="JJ" subtype="TL">Catholic</w> <w type="NN" subtype="TL">Church</w> <w type="VBZ">sanctions</w> <w type="RB">only</w> <w type="NN">abstention</w> <w type="CC">or</w> <w type="AT">the</w> <w type="NN">rhythm</w> <w type="NN">method</w> <c type="pct">,</c> <w type="RB">also</w> <w type="VBN">known</w> <w type="CS">as</w> <w type="AT">the</w> <w type="NN">use</w> <w type="IN">of</w> <w type="AT">the</w> <w type="JJ">infertile</w> <w type="CC">or</w> <w type="JJ">safe</w> <w type="NN">period</w> <c type="pct">.</c> </s>
<s n="28"><w type="AT">The</w> <w type="NN" subtype="TL">Church</w> <w type="VBZ">considers</w> <w type="DT">this</w> <w type="TO">to</w> <w type="BE">be</w> <w type="AT">the</w> <w type="NN">method</w> <w type="VBN">provided</w> <w type="IN">by</w> <w type="NN">nature</w> <w type="CC">and</w> <w type="PPg">its</w> <w type="JJ">divine</w> <w type="NN" subtype="TL">Author</w> <c type="pct">:</c> <w type="PPS">It</w> <w type="VBZ">involves</w> <w type="AT">no</w> <w type="NN">frustration</w> <w type="IN">of</w> <w type="NNg">nature's</w> <w type="NNS">laws</w> <c type="pct">,</c> <w type="CC">but</w> <w type="RB">simply</w> <w type="AT">an</w> <w type="JJ">intelligent</w> <w type="CC">and</w> <w type="VBN">disciplined</w> <w type="NN">use</w> <w type="IN">of</w> <w type="PPO">them</w> <c type="pct">.</c> </s>
<s n="29"><w type="IN">With</w> <w type="AT">the</w> <w type="NN">exception</w> <w type="IN">of</w> <w type="AT">the</w> <w type="JJ">Roman</w> <w type="JJ">Catholic</w> <w type="CC">and</w> <w type="AT">the</w> <w type="JJ" subtype="TL">Orthodox</w> <w type="JJ" subtype="TL">Catholic</w> <w type="NNS" subtype="TL">Churches</w> <c type="pct">,</c> <w type="AP">most</w> <w type="NNS">churches</w> <w type="VB">make</w> <w type="AT">no</w> <w type="JJ">moral</w> <w type="NN">distinction</w> <w type="IN">between</w> <w type="NN">rhythm</w> <w type="CC">and</w> <w type="JJ">mechanical</w> <w type="CC">or</w> <w type="NN">chemical</w> <w type="NNS">contraceptives</w> <c type="pct">,</c> <w type="VBG">allowing</w> <w type="AT">the</w> <w type="NN">couple</w> <w type="JJ">free</w> <w type="NN">choice</w> <c type="pct">.</c> </s>
</p>
<p><s n="30"><w type="EX">There</w> <w type="BEZ">is</w> <w type="AT">a</w> <w type="NN">difference</w> <w type="IN">in</w> <w type="JJ">theological</w> <w type="NN">belief</w> <w type="WRB">where</w> <w type="EX">there</w> <w type="VBZ">seems</w> <w type="AP">little</w> <w type="NN">chance</w> <w type="IN">of</w> <w type="NN">agreement</w> <c type="pct">.</c> </s>
<s n="31"><w type="AT">The</w> <w type="NNS">grounds</w> <w type="IN">for</w> <w type="AT">the</w> <w type="NNg" subtype="TL">Church's</w> <w type="NN">position</w> <w type="BER">are</w> <w type="JJ" subtype="TL">Scriptural</w> <c type="pct">(</c> <w type="JJ" subtype="TL">Old</w> <w type="NN" subtype="TL">Testament</w> <c type="pct">)</c> <c type="pct">,</c> <w type="AT">the</w> <w type="NNS">teachings</w> <w type="IN">of</w> <w type="AT">the</w> <w type="NNS">fathers</w> <w type="CC">and</w> <w type="NNS">doctors</w> <w type="IN">of</w> <w type="AT">the</w> <w type="JJ">early</w> <w type="NN" subtype="TL">Church</w> <c type="pct">,</c> <w type="AT">the</w> <w type="JJ">unbroken</w> <w type="NN">tradition</w> <w type="IN">of</w> <w type="CD">nineteen</w> <w type="NNS">centuries</w> <c type="pct">,</c> <w type="AT">the</w> <w type="NNS">decisions</w> <w type="IN">of</w> <w type="AT">the</w> <w type="JJT">highest</w> <w type="JJ">ecclesiastical</w> <w type="NN">authority</w> <w type="CC">and</w> <w type="AT">the</w> <w type="JJ">natural</w> <w type="NN">law</w> <c type="pct">.</c> </s>
<s n="32"><w type="AT">The</w> <w type="AP">latter</w> <w type="VBZ">plays</w> <w type="AT">a</w> <w type="JJ">prominent</w> <w type="NN">role</w> <w type="IN">in</w> <w type="JJ">Roman</w> <w type="JJ">Catholic</w> <w type="NN">theology</w> <w type="CC">and</w> <w type="BEZ">is</w> <w type="VBN">considered</w> <w type="JJ">decisive</w> <c type="pct">,</c> <w type="QL">entirely</w> <w type="RB">apart</w> <w type="IN">from</w> <w type="NN" subtype="TL">Scripture</w> <c type="pct">,</c> <w type="IN">in</w> <w type="VBG">determining</w> <w type="AT">the</w> <w type="JJ">ethical</w> <w type="NN">character</w> <w type="IN">of</w> <w type="NN">birth-prevention</w> <w type="NNS">methods</w> <c type="pct">.</c> </s>
</p>
<p><s n="33"><w type="AT">The</w> <w type="JJ">Roman</w> <w type="JJ">Catholic</w> <w type="NN">natural-law</w> <w type="NN">tradition</w> <w type="VBZ">regards</w> <w type="CS">as</w> <w type="JJ">self-evident</w> <w type="CS">that</w> <w type="AT">the</w> <w type="JJ">primary</w> <w type="JJ">objective</w> <w type="NN">purpose</w> <w type="IN">of</w> <w type="AT">the</w> <w type="JJ">conjugal</w> <w type="NN">act</w> <w type="BEZ">is</w> <w type="NN">procreation</w> <w type="CC">and</w> <w type="CS">that</w> <w type="AT">the</w> <w type="NN">fostering</w> <w type="IN">of</w> <w type="AT">the</w> <w type="JJ">mutual</w> <w type="NN">love</w> <w type="IN">of</w> <w type="AT">the</w> <w type="NNS">spouses</w> <w type="BEZ">is</w> <w type="AT">the</w> <w type="JJ">secondary</w> <w type="CC">and</w> <w type="JJ">subjective</w> <w type="NN">end</w> <c type="pct">.</c> </s>
<s n="34"><w type="DT">This</w> <w type="NN">conclusion</w> <w type="BEZ">is</w> <w type="VBN">based</w> <w type="IN">on</w> <w type="CD">two</w> <w type="NNS">propositions</w> <c type="pct">:</c> <w type="CS">that</w> <w type="NN">man</w> <w type="IN">by</w> <w type="AT">the</w> <w type="NN">use</w> <w type="IN">of</w> <w type="PPg">his</w> <w type="NN">reason</w> <w type="MD">can</w> <w type="VB">ascertain</w> <w type="NPg">God's</w> <w type="NN">purpose</w> <w type="IN">in</w> <w type="AT">the</w> <w type="NN">universe</w> <w type="CC">and</w> <w type="CS">that</w> <w type="NP">God</w> <w type="VBZ">makes</w> <w type="VBN">known</w> <w type="PPg">His</w> <w type="NN">purpose</w> <w type="IN">by</w> <w type="JJ">certain</w> <c type="pct">``</c> <w type="VBN">given</w> <c type="pct">''</c> <w type="JJ">physical</w> <w type="NNS">arrangements</w> <c type="pct">.</c> </s>
</p>
<p><s n="35"><w type="RB">Thus</w> <c type="pct">,</c> <w type="NN">man</w> <w type="MD">can</w> <w type="RB">readily</w> <w type="VB">deduce</w> <w type="CS">that</w> <w type="AT">the</w> <w type="JJ">primary</w> <w type="JJ">objective</w> <w type="NN">end</w> <w type="IN">of</w> <w type="AT">the</w> <w type="JJ">conjugal</w> <w type="NN">act</w> <w type="BEZ">is</w> <w type="NN">procreation</w> <c type="pct">,</c> <w type="AT">the</w> <w type="NN">propagation</w> <w type="IN">of</w> <w type="AT">the</w> <w type="NN">race</w> <c type="pct">.</c> </s>
<s n="36"><w type="RB">Moreover</w> <c type="pct">,</c> <w type="NN">man</w> <w type="MD">may</w> <w type="NEG">not</w> <w type="VB">supplant</w> <w type="CC">or</w> <w type="VB">frustrate</w> <w type="AT">the</w> <w type="JJ">physical</w> <w type="NNS">arrangements</w> <w type="VBN">established</w> <w type="IN">by</w> <w type="NP">God</w> <c type="pct">,</c> <w type="WPS">who</w> <w type="IN">through</w> <w type="AT">the</w> <w type="NN">law</w> <w type="IN">of</w> <w type="NN">rhythm</w> <w type="HVZ">has</w> <w type="VBN">provided</w> <w type="AT">a</w> <w type="JJ">natural</w> <w type="NN">method</w> <w type="IN">for</w> <w type="AT">the</w> <w type="NN">control</w> <w type="IN">of</w> <w type="NN">conception</w> <c type="pct">.</c> </s>
<s n="37"><w type="VBG">Believing</w> <w type="CS">that</w> <w type="NP">God</w> <w type="BEZ">is</w> <w type="AT">the</w> <w type="NN" subtype="TL">Author</w> <w type="IN">of</w> <w type="DT">this</w> <w type="NN">law</w> <w type="CC">and</w> <w type="IN">of</w> <w type="ABN">all</w> <w type="NNS">laws</w> <w type="IN">of</w> <w type="NN">nature</w> <c type="pct">,</c> <w type="JJ" subtype="TL">Roman</w> <w type="NPS">Catholics</w> <w type="VB">believe</w> <w type="CS">that</w> <w type="PPSS">they</w> <w type="BER">are</w> <w type="VBN">obliged</w> <w type="TO">to</w> <w type="VB">obey</w> <w type="DTS">those</w> <w type="NNS">laws</w> <c type="pct">,</c> <w type="NEG">not</w> <w type="VB">frustrate</w> <w type="CC">or</w> <w type="VB">mock</w> <w type="PPO">them</w> <c type="pct">.</c> </s>
</p>
<p><s n="38"><w type="VB">Let</w> <w type="PPS">it</w> <w type="BE">be</w> <w type="VBN">granted</w> <w type="RB">then</w> <w type="CS">that</w> <w type="AT">the</w> <w type="JJ">theological</w> <w type="NNS">differences</w> <w type="IN">in</w> <w type="DT">this</w> <w type="NN">area</w> <w type="IN">between</w> <w type="NPS">Protestants</w> <w type="CC">and</w> <w type="JJ" subtype="TL">Roman</w> <w type="NPS">Catholics</w> <w type="VB">appear</w> <w type="TO">to</w> <w type="BE">be</w> <w type="JJ">irreconcilable</w> <c type="pct">.</c> </s>
<s n="39"><w type="CC">But</w> <w type="NNS">people</w> <w type="VB">differ</w> <w type="IN">in</w> <w type="PPg">their</w> <w type="JJ">religious</w> <w type="NNS">beliefs</w> <w type="IN">on</w> <w type="NNS">scores</w> <w type="IN">of</w> <w type="NNS">doctrines</w> <c type="pct">,</c> <w type="IN">without</w> <w type="VBG">taking</w> <w type="RP">up</w> <w type="NNS">arms</w> <w type="IN">against</w> <w type="DTS">those</w> <w type="WPS">who</w> <w type="VB">disagree</w> <w type="IN">with</w> <w type="PPO">them</w> <c type="pct">.</c> </s>
<s n="40"><w type="WRB">Why</w> <w type="BEZ">is</w> <w type="PPS">it</w> <w type="QL">so</w> <w type="JJ">different</w> <w type="IN">in</w> <w type="NN">regard</w> <w type="IN">to</w> <w type="NN">birth</w> <w type="NN">control</w> <c type="pct">?</c> <c type="pct">?</c> </s>
<s n="41"><w type="PPS">It</w> <w type="BEZ">is</w> <w type="CS">because</w> <w type="DT">each</w> <w type="NN">side</w> <w type="HVZ">has</w> <w type="VBN">sought</w> <w type="IN">to</w> <w type="VB">implement</w> <w type="PPg">its</w> <w type="JJ">distinctive</w> <w type="JJ">theological</w> <w type="NN">belief</w> <w type="IN">through</w> <w type="NN">legislation</w> <w type="CC">and</w> <w type="RB">thus</w> <w type="RB">indirectly</w> <w type="VB">force</w> <w type="PPg">its</w> <w type="NN">belief</w> <c type="pct">,</c> <w type="CC">or</w> <w type="IN">at</w> <w type="AP">least</w> <w type="AT">the</w> <w type="JJ">practical</w> <w type="NNS">consequences</w> <w type="RB">thereof</w> <c type="pct">,</c> <w type="IN">upon</w> <w type="NNS">others</w> <c type="pct">.</c> </s>
</p>
<p><s n="42"><w type="PPS">It</w> <w type="BEZ">is</w> <w type="RB">always</w> <w type="AT">a</w> <w type="NN">temptation</w> <w type="IN">for</w> <w type="AT">a</w> <w type="JJ">religious</w> <w type="NN">organization</w> <c type="pct">,</c> <w type="RB">especially</w> <w type="AT">a</w> <w type="JJ">powerful</w> <w type="CC">or</w> <w type="JJ">dominant</w> <w type="CD">one</w> <c type="pct">,</c> <w type="TO">to</w> <w type="VB">impose</w> <w type="IN">through</w> <w type="AT">the</w> <w type="VBN">clenched</w> <w type="NN">fist</w> <w type="IN">of</w> <w type="AT">the</w> <w type="NN">law</w> <w type="PPg">its</w> <w type="JJ">creedal</w> <w type="NN">viewpoint</w> <w type="IN">upon</w> <w type="NNS">others</w> <c type="pct">.</c> </s>
<s n="43"><w type="ABX">Both</w> <w type="JJ" subtype="TL">Roman</w> <w type="NPS">Catholics</w> <w type="CC">and</w> <w type="NPS">Protestants</w> <w type="HV">have</w> <w type="VBN">succumbed</w> <w type="IN">to</w> <w type="DT">this</w> <w type="NN">temptation</w> <w type="IN">in</w> <w type="AT">the</w> <w type="NN">past</w> <c type="pct">.</c> </s>
</p>
<p><s n="44"><w type="VB">Consider</w> <w type="WDT">what</w> <w type="VBD">happened</w> <w type="IN">during</w> <w type="NN" subtype="TL">World</w> <w type="NN" subtype="TL">War</w> <w type="CD" subtype="TL">1</w> <c type="pct">,</c> <c type="pct">,</c> <w type="WRB">when</w> <w type="AT">the</w> <w type="JJ">Protestant</w> <w type="NNS">churches</w> <w type="VBD">united</w> <w type="TO">to</w> <w type="VB">push</w> <w type="AT">the</w> <w type="NN" subtype="TL">Prohibition</w> <w type="NN">law</w> <w type="IN">through</w> <w type="NP">Congress</w> <c type="pct">.</c> </s>
<s n="45"><w type="AP">Many</w> <w type="IN">of</w> <w type="PPO">them</w> <w type="RB">sincerely</w> <w type="VB">believe</w> <w type="CS">that</w> <w type="AT">the</w> <w type="NN">use</w> <w type="IN">of</w> <w type="NN">liquor</w> <w type="IN">in</w> <w type="DTI">any</w> <w type="NN">form</w> <w type="CC">or</w> <w type="IN">in</w> <w type="DTI">any</w> <w type="NN">degree</w> <w type="BEZ">is</w> <w type="RB">intrinsically</w> <w type="JJ">evil</w> <w type="CC">and</w> <w type="JJ">sinful</w> <c type="pct">.</c> </s>
<s n="46"><w type="IN">With</w> <w type="RP">over</w> <w type="CD">four</w> <w type="CD">million</w> <w type="JJ">American</w> <w type="NNS">men</w> <w type="RB">away</w> <w type="IN">at</w> <w type="NN">war</w> <c type="pct">,</c> <w type="NPS">Protestants</w> <w type="VBD">forced</w> <w type="PPg">their</w> <w type="JJ">distinctive</w> <w type="JJ">theological</w> <w type="NN">belief</w> <w type="IN">upon</w> <w type="AT">the</w> <w type="JJ">general</w> <w type="NN">public</w> <c type="pct">.</c> </s>
<s n="47"><w type="IN">With</w> <w type="AT">the</w> <w type="NN">return</w> <w type="IN">of</w> <w type="PPg">our</w> <w type="NNS">soldiers</w> <c type="pct">,</c> <w type="PPS">it</w> <w type="RB">soon</w> <w type="VBD">became</w> <w type="JJ">apparent</w> <w type="CS">that</w> <w type="AT">the</w> <w type="NN">belief</w> <w type="BEDZ">was</w> <w type="NEG">not</w> <w type="VBN">shared</w> <w type="IN">by</w> <w type="AT">the</w> <w type="JJ">great</w> <w type="NN">majority</w> <w type="IN">of</w> <w type="NNS">citizens</w> <c type="pct">.</c> </s>
<s n="48"><w type="AT">The</w> <w type="NN">attempt</w> <w type="TO">to</w> <w type="VB">enforce</w> <w type="DT">that</w> <w type="NN">belief</w> <w type="VBD">ushered</w> <w type="RP">in</w> <w type="AT">a</w> <w type="NN">reign</w> <w type="IN">of</w> <w type="NNS">bootleggers</w> <c type="pct">,</c> <w type="NNS">racketeers</w> <c type="pct">,</c> <w type="NNS">hijackers</w> <w type="CC">and</w> <w type="NNS">gangsters</w> <w type="WPS">that</w> <w type="VBD">led</w> <w type="IN">to</w> <w type="AT">a</w> <w type="NN">breakdown</w> <w type="IN">of</w> <w type="NN">law</w> <w type="JJ">unparalleled</w> <w type="IN">in</w> <w type="PPg">our</w> <w type="NN">history</w> <c type="pct">.</c> </s>
<s n="49"><w type="AT">The</w> <w type="JJ">so-called</w> <c type="pct">``</c> <w type="JJ">noble</w> <w type="NN">experiment</w> <c type="pct">''</c> <w type="VBD">came</w> <w type="IN">to</w> <w type="AT">an</w> <w type="JJ">inglorious</w> <w type="NN">end</w> <c type="pct">.</c> </s>
</p>
<p><s n="50"><w type="DT">That</w> <w type="JJ">tumultuous</w> <c type="pct">,</c> <w type="JJ">painful</w> <w type="CC">and</w> <w type="JJ">costly</w> <w type="NN">experience</w> <w type="VBZ">shows</w> <w type="RB">clearly</w> <w type="CS">that</w> <w type="AT">a</w> <w type="NN">law</w> <w type="VBG">expressing</w> <w type="AT">a</w> <w type="JJ">moral</w> <w type="NN">judgment</w> <mw pos="MD *">cannot </mw><w type="BE">be</w> <w type="VBN">enforced</w> <w type="WRB">when</w> <w type="PPS">it</w> <w type="HVZ">has</w> <w type="AP">little</w> <w type="NN">correspondence</w> <w type="IN">with</w> <w type="AT">the</w> <w type="JJ">general</w> <w type="NN">view</w> <w type="IN">of</w> <w type="NN">society</w> <c type="pct">.</c> </s>
<s n="51"><w type="DT">That</w> <w type="NN">experience</w> <w type="VBZ">holds</w> <w type="AT">a</w> <w type="NN">lesson</w> <w type="IN">for</w> <w type="PPO">us</w> <w type="ABN">all</w> <w type="IN">in</w> <w type="NN">regard</w> <w type="IN">to</w> <w type="NN">birth</w> <w type="NN">control</w> <w type="NR">today</w> <c type="pct">.</c> </s>
</p>
<p><s n="52"><w type="IN">Up</w> <w type="IN">to</w> <w type="AT">the</w> <w type="NN">turn</w> <w type="IN">of</w> <w type="AT">the</w> <w type="NN">century</w> <c type="pct">,</c> <w type="NN">contraception</w> <w type="BEDZ">was</w> <w type="VBN">condemned</w> <w type="IN">by</w> <w type="ABN">all</w> <w type="JJ">Christian</w> <w type="NNS">churches</w> <w type="CS">as</w> <w type="JJ">immoral</w> <c type="pct">,</c> <w type="JJ">unnatural</w> <w type="CC">and</w> <w type="JJ">contrary</w> <w type="IN">to</w> <w type="JJ">divine</w> <w type="NN">law</w> <c type="pct">.</c> </s>
<s n="53"><w type="DT">This</w> <w type="BEDZ">was</w> <w type="RB">generally</w> <w type="VBN">reflected</w> <w type="IN">in</w> <w type="AT">the</w> <w type="JJ">civil</w> <w type="NNS">laws</w> <w type="IN">of</w> <w type="JJ">Christian</w> <w type="NNS">countries</w> <c type="pct">.</c> </s>
<s n="54"><w type="NR">Today</w> <c type="pct">,</c> <w type="AT">the</w> <w type="JJ">Roman</w> <w type="JJ">Catholic</w> <w type="CC">and</w> <w type="JJ" subtype="TL">Orthodox</w> <w type="NNS" subtype="TL">Churches</w> <w type="VB">stand</w> <w type="QL">virtually</w> <w type="RB">alone</w> <w type="IN">in</w> <w type="VBG">holding</w> <w type="DT">that</w> <w type="NN">conviction</w> <c type="pct">.</c> </s>
<s n="55"><w type="AT">The</w> <w type="JJ">various</w> <w type="NP" subtype="TL">Lambeth</w> <w type="NNS" subtype="TL">Conferences</w> <c type="pct">,</c> <w type="VBG">expressing</w> <w type="AT">the</w> <w type="JJ">Anglican</w> <w type="NN">viewpoint</w> <c type="pct">,</c> <w type="VB">mirror</w> <w type="AT">the</w> <w type="JJ">gradual</w> <w type="NN">change</w> <w type="WPS">that</w> <w type="HVZ">has</w> <w type="VBN">taken</w> <w type="NN">place</w> <w type="IN">among</w> <w type="NPS">Protestants</w> <w type="RB">generally</w> <c type="pct">.</c> </s>
</p>
<p><s n="56"><w type="IN">In</w> <w type="CD">1920</w> <c type="pct">,</c> <w type="AT">the</w> <w type="NP" subtype="TL">Lambeth</w> <w type="NN" subtype="TL">Conference</w> <w type="VBD">repeated</w> <w type="PPg">its</w> <w type="CD">1908</w> <w type="NN">condemnation</w> <w type="IN">of</w> <w type="NN">contraception</w> <w type="CC">and</w> <w type="VBD">issued</w> <c type="pct">``</c> <w type="AT">an</w> <w type="JJ">emphatic</w> <w type="NN">warning</w> <w type="IN">against</w> <w type="AT">the</w> <w type="NN">use</w> <w type="IN">of</w> <w type="JJ">unnatural</w> <w type="NNS">means</w> <w type="IN">for</w> <w type="AT">the</w> <w type="NN">avoidance</w> <w type="IN">of</w> <w type="NN">conception</w> <c type="pct">,</c> <w type="RB">together</w> <w type="IN">with</w> <w type="AT">the</w> <w type="JJ">grave</w> <w type="NNS">dangers</w> <c type="pct">--</c> <w type="JJ">physical</w> <c type="pct">,</c> <w type="JJ">moral</w> <c type="pct">,</c> <w type="CC">and</w> <w type="JJ">religious</w> <c type="pct">--</c> <w type="RB">thereby</w> <w type="VBN">incurred</w> <c type="pct">,</c> <w type="CC">and</w> <w type="IN">against</w> <w type="AT">the</w> <w type="NNS">evils</w> <w type="WDT">which</w> <w type="AT">the</w> <w type="NN">extension</w> <w type="IN">of</w> <w type="JJ">such</w> <w type="NN">use</w> <w type="VB">threaten</w> <w type="AT">the</w> <w type="NN">race</w> <c type="pct">''</c> <c type="pct">.</c> </s>
<s n="57"><w type="VBG">Denouncing</w> <w type="AT">the</w> <w type="NN">view</w> <w type="CS">that</w> <w type="AT">the</w> <w type="JJ">sexual</w> <w type="NN">union</w> <w type="BEZ">is</w> <w type="AT">an</w> <w type="NN">end</w> <w type="IN">in</w> <w type="PPL">itself</w> <c type="pct">,</c> <w type="AT">the</w> <w type="NN" subtype="TL">Conference</w> <w type="VBD">declared</w> <c type="pct">:</c> <c type="pct">``</c> <w type="PPSS">We</w> <w type="RB">steadfastly</w> <w type="VB">uphold</w> <w type="WDT">what</w> <w type="MD">must</w> <w type="RB">always</w> <w type="BE">be</w> <w type="VBN">regarded</w> <w type="CS">as</w> <w type="AT">the</w> <w type="VBG">governing</w> <w type="NNS">considerations</w> <w type="IN">of</w> <w type="JJ">Christian</w> <w type="NN">marriage</w> <c type="pct">.</c> </s>
<s n="58"><w type="CD">One</w> <w type="BEZ">is</w> <w type="AT">the</w> <w type="JJ">primary</w> <w type="NN">purpose</w> <w type="IN">for</w> <w type="WDT">which</w> <w type="NN">marriage</w> <w type="VBZ">exists</w> <c type="pct">,</c> <w type="RB">namely</w> <c type="pct">,</c> <w type="AT">the</w> <w type="NN">continuance</w> <w type="IN">of</w> <w type="AT">the</w> <w type="NN">race</w> <w type="IN">through</w> <w type="AT">the</w> <w type="NN">gift</w> <w type="CC">and</w> <w type="NN">heritage</w> <w type="IN">of</w> <w type="NNS">children</w> <c type="pct">;</c> <c type="pct">;</c> </s>
<s n="59"><w type="AT">the</w> <w type="AP">other</w> <w type="BEZ">is</w> <w type="AT">the</w> <w type="JJS">paramount</w> <w type="NN">importance</w> <w type="IN">in</w> <w type="VBN">married</w> <w type="NN">life</w> <w type="IN">of</w> <w type="JJ">deliberate</w> <w type="CC">and</w> <w type="JJ">thoughtful</w> <w type="NN">self-control</w> <c type="pct">''</c> <c type="pct">.</c> </s>
<s n="60"><w type="AT">The</w> <w type="NN" subtype="TL">Conference</w> <w type="VBD">called</w> <w type="IN">for</w> <w type="AT">a</w> <w type="JJ">vigorous</w> <w type="NN">campaign</w> <w type="IN">against</w> <w type="AT">the</w> <w type="JJ">open</w> <w type="CC">or</w> <w type="JJ">secret</w> <w type="NN">sale</w> <w type="IN">of</w> <w type="NNS">contraceptives</w> <c type="pct">.</c> </s>
</p>
<p><s n="61"><w type="IN">In</w> <w type="CD">1930</w> <c type="pct">,</c> <w type="AT">the</w> <w type="NP" subtype="TL">Lambeth</w> <w type="NN" subtype="TL">Conference</w> <w type="RB">again</w> <w type="VBD">affirmed</w> <w type="AT">the</w> <w type="JJ">primary</w> <w type="NN">purpose</w> <w type="IN">of</w> <w type="NN">marriage</w> <w type="TO">to</w> <w type="BE">be</w> <w type="AT">the</w> <w type="NN">procreation</w> <w type="IN">of</w> <w type="NNS">children</w> <c type="pct">,</c> <w type="CC">but</w> <w type="VBD">conceded</w> <w type="CS">that</w> <c type="pct">,</c> <w type="IN">in</w> <w type="JJ">certain</w> <w type="VBN">limited</w> <w type="NNS">circumstances</w> <c type="pct">,</c> <w type="NN">contraception</w> <w type="MD">might</w> <w type="BE">be</w> <w type="RB">morally</w> <w type="JJ">legitimate</w> <c type="pct">.</c> </s>
</p>
<p><s n="62"><w type="IN">In</w> <w type="CD">1958</w> <c type="pct">,</c> <w type="AT">the</w> <w type="NN" subtype="TL">Conference</w> <w type="VBD">endorsed</w> <w type="NN">birth</w> <w type="NN">control</w> <w type="CS">as</w> <w type="AT">the</w> <w type="NN">responsibility</w> <w type="VBN">laid</w> <w type="IN">by</w> <w type="NP">God</w> <w type="IN">on</w> <w type="NNS">parents</w> <w type="RB">everywhere</w> <c type="pct">.</c> </s>
</p>
<p><s n="63"><w type="AP">Many</w> <w type="AP">other</w> <w type="JJ">Protestant</w> <w type="NNS">denominations</w> <w type="VBD">preceded</w> <w type="AT">the</w> <w type="NPS">Anglicans</w> <w type="IN">in</w> <w type="JJ">such</w> <w type="NN">action</w> <c type="pct">.</c> </s>
<s n="64"><w type="IN">In</w> <w type="NP">March</w> <c type="pct">,</c> <w type="CD">1931</w> <c type="pct">,</c> <w type="CD">22</w> <w type="IN">out</w> <w type="IN">of</w> <w type="CD">28</w> <w type="NNS">members</w> <w type="IN">of</w> <w type="AT">a</w> <w type="NN">committee</w> <w type="IN">of</w> <w type="AT">the</w> <w type="JJ" subtype="TL">Federal</w> <w type="NN" subtype="TL">Council</w> <w type="IN" subtype="TL">of</w> <w type="NNS" subtype="TL">Churches</w> <w type="VBD">ratified</w> <w type="JJ">artificial</w> <w type="NNS">methods</w> <w type="IN">of</w> <w type="NN">birth</w> <w type="NN">control</w> <c type="pct">.</c> </s>
<s n="65"><c type="pct">``</c> <w type="IN">As</w> <w type="IN">to</w> <w type="AT">the</w> <w type="NN">necessity</w> <c type="pct">''</c> <c type="pct">,</c> <w type="AT">the</w> <w type="NN">committee</w> <w type="VBD">declared</w> <c type="pct">,</c> <c type="pct">``</c> <w type="IN">for</w> <w type="DTI">some</w> <w type="NN">form</w> <w type="IN">of</w> <w type="JJ">effective</w> <w type="NN">control</w> <w type="IN">of</w> <w type="AT">the</w> <w type="NN">size</w> <w type="IN">of</w> <w type="AT">the</w> <w type="NN">family</w> <w type="CC">and</w> <w type="AT">the</w> <w type="NN">spacing</w> <w type="IN">of</w> <w type="NNS">children</w> <c type="pct">,</c> <w type="CC">and</w> <w type="RB">consequently</w> <w type="IN">of</w> <w type="NN">control</w> <w type="IN">of</w> <w type="NN">conception</w> <c type="pct">,</c> <w type="EX">there</w> <w type="MD">can</w> <w type="BE">be</w> <w type="AT">no</w> <w type="NN">question</w> <c type="pct">.</c> </s>
<s n="66"><w type="EX">There</w> <w type="BEZ">is</w> <w type="JJ">general</w> <w type="NN">agreement</w> <w type="RB">also</w> <w type="CS">that</w> <w type="NN">sex</w> <w type="NN">union</w> <w type="IN">between</w> <w type="NNS">husbands</w> <w type="CC">and</w> <w type="NNS">wives</w> <w type="CS">as</w> <w type="AT">an</w> <w type="NN">expression</w> <w type="IN">of</w> <w type="JJ">mutual</w> <w type="NN">affection</w> <w type="IN">without</w> <w type="NN">relation</w> <w type="IN">to</w> <w type="NN">procreation</w> <w type="BEZ">is</w> <w type="JJ">right</w> <c type="pct">''</c> <c type="pct">.</c> </s>
</p>
<p><s n="67"><w type="IN">Since</w> <w type="RB">then</w> <c type="pct">,</c> <w type="AP">many</w> <w type="JJ">Protestant</w> <w type="NNS">denominations</w> <w type="HV">have</w> <w type="VBN">made</w> <w type="JJ">separate</w> <w type="NNS">pronouncements</w> <c type="pct">,</c> <w type="IN">in</w> <w type="WDT">which</w> <w type="PPSS">they</w> <w type="NEG">not</w> <w type="RB">only</w> <w type="VBD">approved</w> <w type="NN">birth</w> <w type="NN">control</w> <c type="pct">,</c> <w type="CC">but</w> <w type="VBD">declared</w> <w type="PPO">it</w> <w type="IN">at</w> <w type="NNS">times</w> <w type="TO">to</w> <w type="BE">be</w> <w type="AT">a</w> <w type="JJ">religious</w> <w type="NN">duty</w> <c type="pct">.</c> </s>
<s n="68"><w type="WDT">What</w> <w type="VBZ">determines</w> <w type="AT">the</w> <w type="NN">morality</w> <c type="pct">,</c> <w type="PPSS">they</w> <w type="VB">state</w> <c type="pct">,</c> <w type="BEZ">is</w> <w type="NEG">not</w> <w type="AT">the</w> <w type="NNS">means</w> <w type="VBN">used</w> <c type="pct">,</c> <w type="CC">but</w> <w type="AT">the</w> <w type="NN">motive</w> <w type="IN">In</w> <w type="JJ">general</w> <c type="pct">,</c> <w type="AT">the</w> <w type="NNS">means</w> <c type="pct">(</c> <w type="VBG">excluding</w> <w type="NN">abortion</w> <c type="pct">)</c> <w type="WPS">that</w> <w type="VB">prove</w> <w type="QL">most</w> <w type="JJ">effective</w> <w type="BER">are</w> <w type="VBN">considered</w> <w type="AT">the</w> <w type="QL">most</w> <w type="JJ">ethical</w> <c type="pct">.</c> </s>
</p>
<p><s n="69"><w type="DT">This</w> <w type="NN">development</w> <w type="BEZ">is</w> <w type="VBN">reflected</w> <w type="IN">in</w> <w type="AT">the</w> <w type="NN">action</w> <w type="VBN">taken</w> <w type="IN">in</w> <w type="NP">February</w> <c type="pct">,</c> <w type="CD">1961</w> <c type="pct">,</c> <w type="IN">by</w> <w type="AT">the</w> <w type="JJ">general</w> <w type="NN">board</w> <w type="IN">of</w> <w type="AT">the</w> <w type="JJ" subtype="TL">National</w> <w type="NN" subtype="TL">Council</w> <w type="IN" subtype="TL">of</w> <w type="NNS" subtype="TL">Churches</w> <c type="pct">,</c> <w type="AT">the</w> <w type="JJT">largest</w> <w type="JJ">Protestant</w> <w type="NN">organization</w> <w type="IN">in</w> <w type="AT">the</w> <w type="NN">Aj</w> <c type="pct">.</c> </s>
<s n="70"><w type="AT">The</w> <w type="NN">board</w> <w type="VBD">approved</w> <w type="CC">and</w> <w type="VBD">commended</w> <w type="AT">the</w> <w type="NN">use</w> <w type="IN">of</w> <w type="NN">birth-control</w> <w type="NNS">devices</w> <w type="CS">as</w> <w type="AT">a</w> <w type="NN">part</w> <w type="IN">of</w> <w type="JJ">Christian</w> <w type="NN">responsibility</w> <w type="IN">in</w> <w type="NN">family</w> <w type="NN">planning</w> <c type="pct">.</c> </s>
<s n="71"><w type="PPS">It</w> <w type="VBD">called</w> <w type="IN">for</w> <w type="NN">opposition</w> <w type="IN">to</w> <w type="NNS">laws</w> <w type="CC">and</w> <w type="JJ">institutional</w> <w type="NNS">practices</w> <w type="VBG">restricting</w> <w type="AT">the</w> <w type="NN">information</w> <w type="CC">or</w> <w type="NN">availability</w> <w type="IN">of</w> <w type="NNS">contraceptives</w> <c type="pct">.</c> </s>
</p>
<p><s n="72"><w type="AT">The</w> <w type="JJ">general</w> <w type="NN">board</w> <w type="VBD">declared</w> <c type="pct">:</c> <c type="pct">``</c> <w type="AP">Most</w> <w type="IN">of</w> <w type="AT">the</w> <w type="JJ">Protestant</w> <w type="NNS">churches</w> <w type="VB">hold</w> <w type="NN">contraception</w> <w type="CC">and</w> <w type="JJ">periodic</w> <w type="NN">continence</w> <w type="TO">to</w> <w type="BE">be</w> <w type="RB">morally</w> <w type="JJ">right</w> <w type="WRB">when</w> <w type="AT">the</w> <w type="NNS">motives</w> <w type="BER">are</w> <w type="JJ">right</w> <c type="pct">.</c> </s>
<s n="73"><w type="AT">The</w> <w type="JJ">general</w> <w type="JJ">Protestant</w> <w type="NN">conviction</w> <w type="BEZ">is</w> <w type="CS">that</w> <w type="NNS">motives</w> <c type="pct">,</c> <w type="IN">rather</w> <w type="IN">than</w> <w type="NNS">methods</w> <c type="pct">,</c> <w type="VB">form</w> <w type="AT">the</w> <w type="JJ">primary</w> <w type="JJ">moral</w> <w type="NN">issue</w> <c type="pct">,</c> <w type="VBN">provided</w> <w type="AT">the</w> <w type="NNS">methods</w> <w type="BER">are</w> <w type="VBN">limited</w> <w type="IN">to</w> <w type="AT">the</w> <w type="NN">prevention</w> <w type="IN">of</w> <w type="NN">conception</w> <c type="pct">''</c> <c type="pct">.</c> </s>
</p>
<p><s n="74"><w type="AT">An</w> <w type="NN">action</w> <w type="RB">once</w> <w type="RB">universally</w> <w type="VBN">condemned</w> <w type="IN">by</w> <w type="ABN">all</w> <w type="JJ">Christian</w> <w type="NNS">churches</w> <w type="CC">and</w> <w type="VBN">forbidden</w> <w type="IN">by</w> <w type="AT">the</w> <w type="JJ">civil</w> <w type="NN">law</w> <w type="BEZ">is</w> <w type="RB">now</w> <w type="NEG">not</w> <w type="RB">only</w> <w type="VBN">approved</w> <w type="IN">by</w> <w type="AT">the</w> <w type="JJ">overwhelming</w> <w type="NN">majority</w> <w type="IN">of</w> <w type="JJ">Protestant</w> <w type="NNS">denominations</w> <c type="pct">,</c> <w type="CC">but</w> <w type="RB">also</w> <w type="VBN">deemed</w> <c type="pct">,</c> <w type="IN">at</w> <w type="JJ">certain</w> <w type="NNS">times</w> <c type="pct">,</c> <w type="TO">to</w> <w type="BE">be</w> <w type="AT">a</w> <w type="JJ">positive</w> <w type="JJ">religious</w> <w type="NN">duty</w> <c type="pct">.</c> </s>
<s n="75"><w type="DT">This</w> <w type="NN">viewpoint</w> <w type="HVZ">has</w> <w type="RB">now</w> <w type="BEN">been</w> <w type="VBN">translated</w> <w type="IN">into</w> <w type="NN">action</w> <w type="IN">by</w> <w type="AT">the</w> <w type="NN">majority</w> <w type="IN">of</w> <w type="NNS">people</w> <w type="IN">in</w> <w type="DT">this</w> <w type="NN">country</w> <c type="pct">.</c> </s>
<s n="76"><w type="VBN">Repeated</w> <w type="NNS">polls</w> <w type="HV">have</w> <w type="VBN">disclosed</w> <w type="CS">that</w> <w type="AP">most</w> <w type="VBN">married</w> <w type="NNS">couples</w> <w type="BER">are</w> <w type="RB">now</w> <w type="VBG">using</w> <w type="NNS">contraceptives</w> <w type="IN">in</w> <w type="AT">the</w> <w type="NN">practice</w> <w type="IN">of</w> <w type="NN">birth</w> <w type="NN">control</w> <c type="pct">.</c> </s>
</p>
<p><s n="77"><w type="IN">For</w> <w type="ABN">all</w> <w type="VBN">concerned</w> <w type="IN">with</w> <w type="NN">social-welfare</w> <w type="NN">legislation</w> <c type="pct">,</c> <w type="AT">the</w> <w type="NN">significance</w> <w type="IN">of</w> <w type="DT">this</w> <w type="NN">radical</w> <w type="CC">and</w> <w type="JJ">revolutionary</w> <w type="NN">change</w> <w type="IN">in</w> <w type="AT">the</w> <w type="NN">thought</w> <w type="CC">and</w> <w type="NNS">habits</w> <w type="IN">of</w> <w type="AT">the</w> <w type="JJ">vast</w> <w type="NN">majority</w> <w type="IN">of</w> <w type="AT">the</w> <w type="JJ">American</w> <w type="NNS">people</w> <w type="BEZ">is</w> <w type="JJ">clear</w> <c type="pct">,</c> <w type="JJ">profound</w> <w type="CC">and</w> <w type="JJ">far-reaching</w> <c type="pct">.</c> </s>
<s n="78"><w type="TO">To</w> <w type="VB">try</w> <w type="TO">to</w> <w type="VB">oppose</w> <w type="AT">the</w> <w type="JJ">general</w> <w type="JJ">religious</w> <w type="CC">and</w> <w type="JJ">moral</w> <w type="NN">conviction</w> <w type="IN">of</w> <w type="ABL">such</w> <w type="AT">a</w> <w type="NN">majority</w> <w type="IN">by</w> <w type="AT">a</w> <w type="JJ">legislative</w> <w type="NN">fiat</w> <w type="MD">would</w> <w type="BE">be</w> <w type="TO">to</w> <w type="VB">invite</w> <w type="AT">the</w> <w type="AP">same</w> <w type="NN">breakdown</w> <w type="IN">of</w> <w type="NN">law</w> <w type="CC">and</w> <w type="NN">order</w> <w type="WPS">that</w> <w type="BEDZ">was</w> <w type="VBN">occasioned</w> <w type="IN">by</w> <w type="AT">the</w> <w type="JJ">ill-starred</w> <w type="NN" subtype="TL">Prohibition</w> <w type="NN">experiment</w> <c type="pct">.</c> </s>
</p>
<p><s n="79"><w type="DT">This</w> <w type="VBZ">brings</w> <w type="PPO">us</w> <w type="IN">to</w> <w type="AT">the</w> <w type="NN">fact</w> <w type="CS">that</w> <w type="AT">the</w> <w type="NNS">realities</w> <w type="PPSS">we</w> <w type="BER">are</w> <w type="VBG">dealing</w> <w type="IN">with</w> <w type="VB">lie</w> <w type="NEG">not</w> <w type="IN">in</w> <w type="AT">the</w> <w type="NN">field</w> <w type="IN">of</w> <w type="JJ">civil</w> <w type="NN">legislation</w> <c type="pct">,</c> <w type="CC">but</w> <w type="IN">in</w> <w type="AT">the</w> <w type="NN">realm</w> <w type="IN">of</w> <w type="NN">conscience</w> <w type="CC">and</w> <w type="NN">religion</w> <c type="pct">:</c> <w type="PPSS">They</w> <w type="BER">are</w> <w type="JJ">moral</w> <w type="NNS">judgments</w> <w type="CC">and</w> <w type="NNS">matters</w> <w type="IN">of</w> <w type="JJ">theological</w> <w type="NN">belief</w> <c type="pct">.</c> </s>
<s n="80"><w type="NN">Conscience</w> <w type="CC">and</w> <w type="NN">religion</w> <w type="BER">are</w> <w type="VBN">concerned</w> <w type="IN">with</w> <w type="JJ">private</w> <w type="NN">sin</w> <c type="pct">:</c> <w type="AT">The</w> <w type="JJ">civil</w> <w type="NN">law</w> <w type="BEZ">is</w> <w type="VBN">concerned</w> <w type="IN">with</w> <w type="JJ">public</w> <w type="NNS">crimes</w> <c type="pct">.</c> </s>
<s n="81"><w type="RB">Only</w> <w type="NN">confusion</w> <c type="pct">,</c> <w type="NN">failure</w> <w type="CC">and</w> <w type="NN">anarchy</w> <w type="VB">result</w> <w type="WRB">when</w> <w type="AT">the</w> <w type="NN">effort</w> <w type="BEZ">is</w> <w type="VBN">made</w> <w type="TO">to</w> <w type="VB">impose</w> <w type="IN">upon</w> <w type="AT">the</w> <w type="JJ">civil</w> <w type="NN">authority</w> <w type="AT">the</w> <w type="JJ">impossible</w> <w type="NN">task</w> <w type="IN">of</w> <w type="VBG">policing</w> <w type="JJ">private</w> <w type="NNS">homes</w> <w type="TO">to</w> <w type="VB">preclude</w> <w type="AT">the</w> <w type="NN">possibility</w> <w type="IN">of</w> <w type="NN">sin</w> <c type="pct">.</c> </s>
<s n="82"><w type="IN">Among</w> <w type="AT">the</w> <w type="JJS">chief</w> <w type="NNS">victims</w> <w type="IN">of</w> <w type="ABL">such</w> <w type="AT">an</w> <w type="JJ">ill-conceived</w> <w type="NN">imposition</w> <w type="MD">would</w> <w type="BE">be</w> <w type="NN">religion</w> <w type="PPL">itself</w> <c type="pct">.</c> </s>
</p>
<p></p></body></text></TEI>
