<TEI xmlns="http://www.tei-c.org/ns/1.0"><teiHeader><fileDesc><titleStmt><title>Sample F17 from  John Harnsberger and Robert P. Wilkins,
 "Transportation on the Northern Plains,"
 The North Dakota Quarterly, 28:1 (Winter, 1961), 20-23
 </title></titleStmt><editionStmt><edition>A part  of the XML version of the Brown Corpus</edition></editionStmt><extent>2,023 words 67 (3.3%) quotes</extent><publicationStmt><idno>F17</idno><availability><p>Used by permission0010-1780</p></availability></publicationStmt><sourceDesc><bibl> John Harnsberger and Robert P. Wilkins,
 "Transportation on the Northern Plains,"
 The North Dakota Quarterly, 28:1 (Winter, 1961), 20-23
 </bibl></sourceDesc></fileDesc><encodingDesc><p>Typographical Errors: Comany's [0060] prohibiton [1600]United State [0880]Note: Hudson Bay [0110]</p></encodingDesc><revisionDesc><change when="2008-04-27">Header auto-generated for TEI version</change></revisionDesc></teiHeader>
<text xml:id="F17" decls="F">
<body><p><s n="1"><w type="NP">Thomas</w> <w type="NP">Douglas</w> <c type="pct">,</c> <w type="OD">fifth</w> <w type="NN" subtype="TL">Earl</w> <w type="IN" subtype="TL">of</w> <w type="NP" subtype="TL">Selkirk</w> <c type="pct">,</c> <w type="AT">a</w> <w type="JJ">noble</w> <w type="NN">humanitarian</w> <w type="NP">Scot</w> <w type="VBN">concerned</w> <w type="IN">with</w> <w type="AT">the</w> <w type="NN">plight</w> <w type="IN">of</w> <w type="AT">the</w> <w type="NNS">crofters</w> <w type="IN">of</w> <w type="PPg">his</w> <w type="JJ">native</w> <w type="NNS" subtype="TL">Highlands</w> <c type="pct">,</c> <w type="VBD">conceived</w> <w type="AT">a</w> <w type="NN">plan</w> <w type="TO">to</w> <w type="VB">settle</w> <w type="PPO">them</w> <w type="IN">in</w> <w type="AT">the</w> <w type="NN">valley</w> <w type="IN">of</w> <w type="AT">the</w> <w type="JJ" subtype="TL">Red</w> <w type="NN" subtype="TL">River</w> <w type="IN" subtype="TL">of</w> <w type="AT" subtype="TL">the</w> <w type="NR" subtype="TL">North</w> <c type="pct">.</c> </s>
<s n="2"><w type="CS">Since</w> <w type="AT">the</w> <w type="NN">land</w> <w type="PPS">he</w> <w type="VBD">desired</w> <w type="VBD">lay</w> <w type="IN">within</w> <w type="AT">the</w> <w type="JJ">great</w> <w type="JJ">northern</w> <w type="NN">empire</w> <w type="IN">of</w> <w type="AT">the</w> <w type="NPg" subtype="TL">Hudson's</w> <w type="NN" subtype="TL">Bay</w> <w type="NN" subtype="TL">Company</w> <c type="pct">,</c> <w type="PPS">he</w> <w type="VBD">purchased</w> <w type="JJ">great</w> <w type="NNS">blocks</w> <w type="IN">of</w> <w type="AT">the</w> <w type="NNg" subtype="TL">Comany's</w> <w type="NN">stock</w> <w type="IN">with</w> <w type="AT">the</w> <w type="NN">view</w> <w type="IN">to</w> <w type="VBG">controlling</w> <w type="PPg">its</w> <w type="NNS">policies</w> <c type="pct">.</c> </s>
<s n="3"><w type="HVG">Having</w> <w type="VBN">achieved</w> <w type="DT">this</w> <w type="NN">end</w> <c type="pct">,</c> <w type="PPS">he</w> <w type="BEDZ">was</w> <w type="JJ">able</w> <w type="TO">to</w> <w type="VB">buy</w> <w type="CD">116,000</w> <w type="JJ">square</w> <w type="NNS">miles</w> <w type="IN">in</w> <w type="AT">the</w> <w type="NNS">valleys</w> <w type="IN">of</w> <w type="AT">the</w> <w type="JJ" subtype="TL">Red</w> <w type="CC">and</w> <w type="NP">Assiniboine</w> <w type="NNS">rivers</w> <c type="pct">.</c> </s>
<s n="4"><w type="AT">The</w> <w type="NN">grant</w> <c type="pct">,</c> <w type="WDT">which</w> <w type="VBD">stretched</w> <w type="RB">southward</w> <w type="IN">to</w> <w type="NN" subtype="TL">Lake</w> <w type="VB" subtype="TL">Traverse</w> <c type="pct">--</c> <w type="AT">the</w> <w type="NNS">headwaters</w> <w type="IN">of</w> <w type="AT">the</w> <w type="JJ" subtype="TL">Red</w> <c type="pct">--</c> <w type="BEDZ">was</w> <w type="VBN">made</w> <w type="IN">in</w> <w type="NP">May</w> <c type="pct">,</c> <w type="CD">1811</w> <c type="pct">,</c> <w type="CC">and</w> <w type="IN">by</w> <w type="NP">October</w> <w type="IN">of</w> <w type="DT">that</w> <w type="NN">year</w> <w type="AT">a</w> <w type="JJ">small</w> <w type="NN">group</w> <w type="IN">of</w> <w type="NPS">Scots</w> <w type="BEDZ">was</w> <w type="VBG">settling</w> <w type="IN">for</w> <w type="AT">the</w> <w type="NN">winter</w> <w type="IN">at</w> <w type="NP" subtype="TL">York</w> <w type="NN" subtype="TL">Factory</w> <w type="IN">on</w> <w type="NP" subtype="TL">Hudson</w> <w type="NN" subtype="TL">Bay</w> <c type="pct">.</c> </s>
<s n="5"><w type="RB">Thus</w> <w type="IN">at</w> <w type="AT">the</w> <w type="AP">same</w> <w type="NN">time</w> <w type="CS">that</w> <w type="NP">William</w> <w type="NP">Henry</w> <w type="NP">Harrison</w> <w type="BEDZ">was</w> <w type="VBG">preparing</w> <w type="TO">to</w> <w type="VB">pacify</w> <w type="AT">the</w> <w type="NNS">aborigines</w> <w type="IN">of</w> <w type="NP" subtype="TL">Indiana</w> <w type="NN" subtype="TL">Territory</w> <w type="CC">and</w> <w type="VBG">winning</w> <w type="NN">fame</w> <w type="IN">at</w> <w type="AT">the</w> <w type="NN">battle</w> <w type="IN">of</w> <w type="NP">Tippecanoe</w> <c type="pct">,</c> <w type="JJ">Anglo-Saxon</w> <w type="NN">settlement</w> <w type="VBD">made</w> <w type="AT">a</w> <w type="JJ">great</w> <w type="NN">leap</w> <w type="IN">into</w> <w type="AT">the</w> <w type="NN">center</w> <w type="IN">of</w> <w type="AT">the</w> <w type="JJ" subtype="TL">North</w> <w type="JJ">American</w> <w type="NN">continent</w> <w type="IN">to</w> <w type="AT">the</w> <w type="NR">west</w> <w type="IN">of</w> <w type="AT">the</w> <w type="JJ">American</w> <w type="JJ">agricultural</w> <w type="NN">frontier</w> <c type="pct">.</c> </s>
</p>
<p><s n="6"><w type="CD">Seven</w> <w type="CD">hundred</w> <w type="NNS">miles</w> <w type="NR">south</w> <w type="IN">of</w> <w type="NP" subtype="TL">York</w> <w type="NN" subtype="TL">Factory</w> <c type="pct">,</c> <w type="IN">at</w> <c type="pct">``</c> <w type="AT">the</w> <w type="NNS" subtype="TL">Forks</w> <c type="pct">''</c> <w type="IN">of</w> <w type="AT">the</w> <w type="NP">Red</w> <w type="CC">and</w> <w type="AT">the</w> <w type="NP">Assiniboine</w> <c type="pct">,</c> <w type="CD">twenty-three</w> <w type="NNS">men</w> <w type="VBD">located</w> <w type="AT">a</w> <w type="NN">settlement</w> <w type="IN">in</w> <w type="NP">August</w> <w type="CD">1812</w> <c type="pct">.</c> </s>
<s n="7"><w type="IN">By</w> <w type="NP">October</w> <w type="AT">the</w> <w type="JJ">little</w> <w type="NN">colony</w> <w type="IN">about</w> <w type="NN" subtype="TL">Fort</w> <w type="NP" subtype="TL">Douglas</w> <c type="pct">(</c> <w type="JJ">present-day</w> <w type="NP">Winnipeg</w> <c type="pct">)</c> <w type="VBD">numbered</w> <w type="CD">100</w> <c type="pct">.</c> </s>
<s n="8"><w type="IN">Within</w> <w type="AT">a</w> <w type="AP">few</w> <w type="NNS">years</w> <w type="AT">the</w> <w type="NPS">Scots</w> <c type="pct">,</c> <w type="VBN">engaged</w> <w type="IN">in</w> <w type="VBG">breaking</w> <w type="AT">the</w> <w type="JJ">thick</w> <w type="NN">sod</w> <w type="CC">and</w> <w type="VBG">stirring</w> <w type="AT">the</w> <w type="JJ">rich</w> <w type="NN">soil</w> <w type="IN">of</w> <w type="AT">the</w> <w type="NN">valley</w> <c type="pct">,</c> <w type="BED">were</w> <w type="VBN">joined</w> <w type="IN">by</w> <w type="AT">a</w> <w type="NN">group</w> <w type="VBN">called</w> <w type="NPS">Meurons</w> <c type="pct">.</c> </s>
<s n="9"><w type="AT">The</w> <w type="AP">latter</w> <c type="pct">,</c> <w type="NNS">members</w> <w type="IN">of</w> <w type="CD">two</w> <w type="NNS">regiments</w> <w type="IN">of</w> <w type="JJ">Swiss</w> <w type="NNS">mercenaries</w> <w type="VBN">transported</w> <w type="IN">by</w> <w type="JJ" subtype="TL">Great</w> <w type="NP" subtype="TL">Britain</w> <w type="IN">to</w> <w type="NP">Canada</w> <w type="TO">to</w> <w type="VB">fight</w> <w type="AT">the</w> <w type="NPS">Americans</w> <w type="IN">in</w> <w type="AT">the</w> <w type="NN" subtype="TL">War</w> <w type="IN" subtype="TL">of</w> <w type="CD" subtype="TL">1812</w> <c type="pct">,</c> <w type="HVD">had</w> <w type="VBN">settled</w> <w type="IN">in</w> <w type="NP">Montreal</w> <w type="CC">and</w> <w type="NP">Kingston</w> <w type="IN">at</w> <w type="AT">the</w> <w type="NN">close</w> <w type="IN">of</w> <w type="AT">the</w> <w type="NN">war</w> <w type="IN">in</w> <w type="CD">1815</w> <c type="pct">.</c> </s>
<s n="10"><w type="NP">Selkirk</w> <w type="VBD">persuaded</w> <w type="CD">eighty</w> <w type="NNS">men</w> <w type="CC">and</w> <w type="CD">four</w> <w type="NNS">officers</w> <w type="TO">to</w> <w type="VB">go</w> <w type="IN">to</w> <w type="JJ" subtype="TL">Red</w> <w type="NN" subtype="TL">River</w> <w type="WRB">where</w> <w type="PPSS">they</w> <w type="BED">were</w> <w type="TO">to</w> <w type="VB">serve</w> <w type="CS">as</w> <w type="AT">a</w> <w type="JJ">military</w> <w type="NN">force</w> <w type="TO">to</w> <w type="VB">protect</w> <w type="PPg">his</w> <w type="NNS">settlers</w> <w type="IN">from</w> <w type="AT">the</w> <w type="JJ">hostile</w> <w type="NN" subtype="TL">Northwest</w> <w type="NN" subtype="TL">Company</w> <w type="WDT">which</w> <w type="VBD">resented</w> <w type="AT">the</w> <w type="NN">intrusion</w> <w type="IN">of</w> <w type="NNS">farmers</w> <w type="IN">into</w> <w type="AT">the</w> <w type="NN">fur</w> <w type="NNSg">traders'</w> <w type="NN">empire</w> <c type="pct">.</c> </s>
<s n="11"><w type="AT">The</w> <w type="NNS">mercenaries</w> <w type="BED">were</w> <w type="QL">little</w> <w type="VBN">interested</w> <w type="IN">in</w> <w type="VBG">farming</w> <w type="CC">and</w> <w type="VBD">added</w> <w type="PN">nothing</w> <w type="IN">to</w> <w type="AT">the</w> <w type="NN">output</w> <w type="IN">of</w> <w type="AT">the</w> <w type="NN">farm</w> <w type="NNS">plots</w> <w type="IN">on</w> <w type="WDT">which</w> <w type="ABN">all</w> <w type="NN">work</w> <w type="BEDZ">was</w> <w type="RB">still</w> <w type="VBN">done</w> <w type="IN">with</w> <w type="NNS">hoes</w> <w type="QL">as</w> <w type="RB">late</w> <w type="CS">as</w> <w type="CD">1818</w> <c type="pct">.</c> </s>
</p>
<p><s n="12"><w type="PPS">It</w> <w type="BEDZ">was</w> <w type="AT">the</w> <w type="JJ">low</w> <w type="NN">yield</w> <w type="IN">of</w> <w type="AT">the</w> <w type="NP">Selkirk</w> <w type="NNS">plots</w> <w type="CC">and</w> <w type="AT">the</w> <w type="NNS">ravages</w> <w type="IN">of</w> <w type="NNS">grasshoppers</w> <w type="IN">in</w> <w type="CD">1818</w> <w type="WPS">that</w> <w type="VBD">led</w> <w type="IN">to</w> <w type="AT">the</w> <w type="NN">dispersal</w> <w type="IN">of</w> <w type="AT">the</w> <w type="NN">settlement</w> <w type="RB">southward</w> <c type="pct">.</c> </s>
<s n="13"><w type="WRB">When</w> <w type="RB">late</w> <w type="IN">in</w> <w type="AT">the</w> <w type="NN">summer</w> <w type="AT">the</w> <w type="JJ">full</w> <w type="NN">extent</w> <w type="IN">of</w> <w type="AT">the</w> <w type="NN">damage</w> <w type="BEDZ">was</w> <w type="VBN">assessed</w> <c type="pct">,</c> <w type="ABN">all</w> <w type="IN">but</w> <w type="CD">fifty</w> <w type="IN">of</w> <w type="AT">the</w> <w type="NPS">Scots</w> <c type="pct">,</c> <w type="NPS">Swiss</w> <w type="CC">and</w> <w type="NNS" subtype="FW">metis</w> <w type="VBD">moved</w> <w type="IN">up</w> <w type="AT">the</w> <w type="NP">Red</w> <w type="IN">to</w> <w type="AT">the</w> <w type="NN">mouth</w> <w type="IN">of</w> <w type="AT">the</w> <w type="NP" subtype="TL">Pembina</w> <w type="NN">river</w> <c type="pct">.</c> </s>
<s n="14"><w type="RB">Here</w> <w type="PPSS">they</w> <w type="VBD">built</w> <w type="NNS">huts</w> <w type="CC">and</w> <w type="AT">a</w> <w type="NN">stockade</w> <w type="VBN">named</w> <w type="NN" subtype="TL">Fort</w> <w type="NP" subtype="TL">Daer</w> <w type="IN">after</w> <w type="NPg">Selkirk's</w> <w type="NN">barony</w> <w type="IN">in</w> <w type="NP">Scotland</w> <c type="pct">.</c> </s>
<s n="15"><w type="AT">The</w> <w type="JJ">new</w> <w type="NN">site</w> <w type="BEDZ">was</w> <w type="QL">somewhat</w> <w type="JJR">warmer</w> <w type="CS">than</w> <w type="NN" subtype="TL">Fort</w> <w type="NP" subtype="TL">Douglas</w> <w type="CC">and</w> <w type="QL">much</w> <w type="RBR">closer</w> <w type="IN">to</w> <w type="AT">the</w> <w type="JJ">great</w> <w type="NNS">herds</w> <w type="IN">of</w> <w type="NNS">buffalo</w> <w type="IN">on</w> <w type="WDT">which</w> <w type="AT">the</w> <w type="NN">settlement</w> <w type="MD">must</w> <w type="VB">depend</w> <w type="IN">for</w> <w type="NN">food</w> <c type="pct">.</c> </s>
</p>
<p><s n="16"><w type="AT">The</w> <w type="NP">Selkirk</w> <w type="NNS">settlers</w> <w type="HVD">had</w> <w type="BEN">been</w> <w type="VBN">anticipated</w> <w type="IN">in</w> <w type="PPg">their</w> <w type="NN">move</w> <w type="RB">southward</w> <w type="IN">by</w> <w type="JJ">British</w> <w type="NN">fur</w> <w type="NNS">traders</w> <c type="pct">.</c> </s>
<s n="17"><w type="IN">For</w> <w type="AP">many</w> <w type="NNS">years</w> <w type="AT">the</w> <w type="NN" subtype="TL">Northwest</w> <w type="NN" subtype="TL">Company</w> <w type="HVD">had</w> <w type="PPg">its</w> <w type="JJ">southern</w> <w type="NNS">headquarters</w> <w type="IN">at</w> <w type="NP">Prairie</w> <w type="NP">Du</w> <w type="NP">Chien</w> <w type="IN">on</w> <w type="AT">the</w> <w type="NP" subtype="TL">Mississippi</w> <w type="NN" subtype="TL">River</w> <c type="pct">,</c> <w type="DTI">some</w> <w type="CD">300</w> <w type="NNS">miles</w> <w type="NR">southeast</w> <w type="IN">of</w> <w type="JJ">present-day</w> <w type="NP">St.</w> <w type="NP">Paul</w> <c type="pct">,</c> <w type="NP">Minnesota</w> <c type="pct">.</c> </s>
<s n="18"><w type="WRB">When</w> <w type="IN">in</w> <w type="CD">1816</w> <w type="AT">an</w> <w type="NN">act</w> <w type="IN">of</w> <w type="NP">Congress</w> <w type="VBD">forced</w> <w type="AT">the</w> <w type="JJ">foreign</w> <w type="NN">firm</w> <w type="IN">out</w> <w type="IN">of</w> <w type="AT">the</w> <w type="VBN" subtype="TL">United</w> <w type="NNS" subtype="TL">States</w> <c type="pct">,</c> <w type="PPg">its</w> <w type="JJ">British-born</w> <w type="NNS">employees</w> <c type="pct">,</c> <w type="RB">now</w> <w type="VBN">become</w> <w type="JJ">American</w> <w type="NNS">citizens</w> <c type="pct">--</c> <w type="NP">Joseph</w> <w type="NP">Rolette</w> <c type="pct">,</c> <w type="NP">Joseph</w> <w type="NP">Renville</w> <w type="CC">and</w> <w type="NP">Alexis</w> <w type="NP">Bailly</w> <c type="pct">--</c> <w type="VBD">continued</w> <w type="IN">in</w> <w type="AT">the</w> <w type="NN">fur</w> <w type="NN">business</w> <c type="pct">.</c> </s>
<s n="19"><w type="IN">On</w> <w type="JJ" subtype="TL">Big</w> <w type="NN" subtype="TL">Stone</w> <w type="NN" subtype="TL">Lake</w> <w type="IN">near</w> <w type="AT">the</w> <w type="NNS">headwaters</w> <w type="IN">of</w> <w type="AT">the</w> <w type="JJ" subtype="TL">Red</w> <w type="NN" subtype="TL">River</w> <c type="pct">,</c> <w type="NP">Robert</w> <w type="NP">Dickson</w> <c type="pct">,</c> <w type="NN" subtype="TL">Superintendent</w> <w type="IN" subtype="TL">of</w> <w type="AT" subtype="TL">the</w> <w type="JJ" subtype="TL">Western</w> <w type="NP" subtype="TL">Indian</w> <w type="NN" subtype="TL">Department</w> <w type="IN" subtype="TL">of</w> <w type="NP">Canada</w> <c type="pct">,</c> <w type="HVD">had</w> <w type="AT">a</w> <w type="VBG">trading</w> <w type="NN">post</w> <w type="CC">and</w> <w type="VBD">planned</w> <w type="IN">in</w> <w type="CD">1818</w> <w type="TO">to</w> <w type="VB">build</w> <w type="AT">a</w> <w type="NN">fort</w> <w type="TO">to</w> <w type="BE">be</w> <w type="VBN">defended</w> <w type="IN">by</w> <w type="CD">twenty</w> <w type="NNS">men</w> <w type="CC">and</w> <w type="CD">two</w> <w type="JJ">small</w> <w type="NN">artillery</w> <w type="NNS">pieces</w> <c type="pct">.</c> </s>
<s n="20"><w type="PPg">His</w> <w type="VBG">trading</w> <w type="NNS">goods</w> <w type="VBD">came</w> <w type="IN">from</w> <w type="NP">Canada</w> <w type="IN">to</w> <w type="AT">the</w> <w type="NNS" subtype="TL">Forks</w> <w type="IN" subtype="TL">of</w> <w type="JJ" subtype="TL">Red</w> <w type="NN" subtype="TL">River</w> <w type="CC">and</w> <w type="IN">from</w> <w type="NPg">Selkirk's</w> <w type="NN">settlement</w> <w type="PPS">he</w> <w type="VBD">brought</w> <w type="PPO">them</w> <w type="NR">south</w> <w type="IN">in</w> <w type="NNS">carts</w> <c type="pct">.</c> </s>
<s n="21"><w type="DTS">These</w> <w type="NNS">carts</w> <w type="BED">were</w> <w type="IN">of</w> <w type="AT">a</w> <w type="NN">type</w> <w type="VBN">devised</w> <w type="IN">in</w> <w type="NP">Pembina</w> <w type="IN">in</w> <w type="AT">the</w> <w type="NNS">days</w> <w type="IN">of</w> <w type="NP">Alexander</w> <w type="NP">Henry</w> <w type="AT" subtype="TL">the</w> <w type="JJR" subtype="TL">Younger</w> <w type="RB">about</w> <w type="AT">a</w> <w type="NN">decade</w> <w type="CS">before</w> <w type="AT">the</w> <w type="NP">Selkirk</w> <w type="NN">colony</w> <w type="BEDZ">was</w> <w type="VBN">begun</w> <c type="pct">.</c> </s>
<s n="22"><w type="IN">In</w> <w type="CD">1802</w> <w type="NP">Henry</w> <w type="VBD">referred</w> <w type="IN">to</w> <c type="pct">``</c> <w type="PPg">our</w> <w type="JJ">new</w> <w type="NNS">carts</w> <c type="pct">''</c> <w type="CS">as</w> <w type="BEG">being</w> <w type="RB">about</w> <w type="CD">four</w> <w type="NNS">feet</w> <w type="IN">off</w> <w type="AT">the</w> <w type="NN">ground</w> <w type="CC">and</w> <w type="VBG">carrying</w> <w type="CD">five</w> <w type="NNS">times</w> <w type="QL">as</w> <w type="AP">much</w> <w type="CS">as</w> <w type="AT">a</w> <w type="NN">horse</w> <w type="MD">could</w> <w type="VB">pack</w> <c type="pct">.</c> </s>
<s n="23"><w type="PPSS">They</w> <w type="BED">were</w> <w type="VBN">held</w> <w type="RB">together</w> <w type="IN">by</w> <w type="NNS">pegs</w> <w type="CC">and</w> <w type="NNS">withes</w> <w type="CC">and</w> <w type="IN">in</w> <w type="JJR">later</w> <w type="NNS">times</w> <w type="VBN">drawn</w> <w type="IN">by</w> <w type="AT">a</w> <w type="AP">single</w> <w type="NN">ox</w> <w type="IN">in</w> <w type="NNS">thills</w> <c type="pct">.</c> </s>
</p>
<p><s n="24"><w type="PPS">It</w> <w type="BEDZ">was</w> <w type="NP">Dickson</w> <w type="WPS">who</w> <w type="VBD">suggested</w> <w type="IN">to</w> <w type="NN" subtype="TL">Lord</w> <w type="NP">Selkirk</w> <w type="CS">that</w> <w type="PPS">he</w> <w type="VB">return</w> <w type="IN">to</w> <w type="AT">the</w> <w type="JJ">Atlantic</w> <w type="NN">coast</w> <w type="IN">by</w> <w type="NN">way</w> <w type="IN">of</w> <w type="AT">the</w> <w type="VBN" subtype="TL">United</w> <w type="NNS" subtype="TL">States</w> <c type="pct">.</c> </s>
<s n="25"><w type="IN">In</w> <w type="NP">September</w> <w type="CD">1817</w> <w type="IN">at</w> <w type="NN" subtype="TL">Fort</w> <w type="NP" subtype="TL">Daer</w> <c type="pct">(</c> <w type="NP">Pembina</w> <c type="pct">)</c> <w type="NP">Dickson</w> <w type="VBD">met</w> <w type="AT">the</w> <w type="JJ">noble</w> <w type="NN">lord</w> <w type="WPO">whom</w> <c type="pct">,</c> <w type="IN">with</w> <w type="AT">the</w> <w type="NN">help</w> <w type="IN">of</w> <w type="AT">a</w> <w type="NN">band</w> <w type="IN">of</w> <w type="NPS">Sioux</w> <c type="pct">,</c> <w type="PPS">he</w> <w type="VBD">escorted</w> <w type="IN">to</w> <w type="NP">Prairie</w> <w type="NP">Du</w> <w type="NP">Chien</w> <c type="pct">.</c> </s>
<s n="26"><w type="IN">During</w> <w type="AT">the</w> <w type="NN">trip</w> <w type="NP">Selkirk</w> <w type="VBD">decided</w> <w type="CS">that</w> <w type="AT">the</w> <w type="NN">route</w> <w type="IN">through</w> <w type="NP">Illinois</w> <w type="NN">territory</w> <w type="IN">to</w> <w type="NP">Indiana</w> <w type="CC">and</w> <w type="AT">the</w> <w type="JJ">eastern</w> <w type="VBN" subtype="TL">United</w> <w type="NNS" subtype="TL">States</w> <w type="BEDZ">was</w> <w type="AT">the</w> <w type="JJT">best</w> <w type="NN">route</w> <w type="IN">for</w> <w type="NNS">goods</w> <w type="IN">from</w> <w type="NP">England</w> <w type="TO">to</w> <w type="VB">reach</w> <w type="JJ" subtype="TL">Red</w> <w type="NN" subtype="TL">River</w> <w type="CC">and</w> <w type="CS">that</w> <w type="AT">the</w> <w type="VBN" subtype="TL">United</w> <w type="NNS" subtype="TL">States</w> <w type="BEDZ">was</w> <w type="AT">a</w> <w type="JJR">better</w> <w type="NN">source</w> <w type="IN">of</w> <w type="NN">supply</w> <w type="IN">for</w> <w type="AP">many</w> <w type="NNS">goods</w> <w type="CS">than</w> <w type="CC">either</w> <w type="NP">Canada</w> <w type="CC">or</w> <w type="NP">England</w> <c type="pct">.</c> </s>
<s n="27"><w type="IN">Upon</w> <w type="VBG">arriving</w> <w type="IN">at</w> <w type="NP">Baltimore</w> <c type="pct">,</c> <w type="NP">Selkirk</w> <w type="IN">on</w> <w type="NP">December</w> <w type="CD">22</w> <w type="VBD">wrote</w> <w type="IN">to</w> <w type="NP">John</w> <w type="NP">Quincy</w> <w type="NP">Adams</w> <c type="pct">,</c> <w type="NN" subtype="TL">Secretary</w> <w type="IN" subtype="TL">of</w> <w type="NN" subtype="TL">State</w> <w type="IN">at</w> <w type="NP">Washington</w> <c type="pct">,</c> <w type="VBG">inquiring</w> <w type="IN">about</w> <w type="NNS">laws</w> <w type="VBG">covering</w> <w type="NN">trade</w> <w type="IN">with</w> <c type="pct">``</c> <w type="NP">Missouri</w> <w type="CC">and</w> <w type="NP" subtype="TL">Illinois</w> <w type="NNS" subtype="TL">Territories</w> <c type="pct">''</c> <c type="pct">.</c> </s>
<s n="28"><w type="DT">This</w> <w type="NN">traffic</w> <c type="pct">,</c> <w type="PPS">he</w> <w type="VBD">declared</w> <w type="RB">prophetically</w> <c type="pct">,</c> <c type="pct">``</c> <w type="CS">tho'</w> <w type="PPS">it</w> <w type="MD">might</w> <w type="BE">be</w> <w type="IN">of</w> <w type="JJ">small</w> <w type="NN">account</w> <w type="IN">at</w> <w type="RB">first</w> <c type="pct">,</c> <w type="MD">would</w> <w type="VB">increase</w> <w type="IN">with</w> <w type="AT">the</w> <w type="NN">progress</w> <w type="IN">of</w> <w type="PPg">our</w> <w type="NNS" subtype="TL">Settlements</w> <c type="pct">.</c> </s>
</p>
<p><s n="29"><w type="AT">The</w> <w type="NN">route</w> <w type="WDT">which</w> <w type="PPS">he</w> <w type="HVD">had</w> <w type="VBN">traveled</w> <w type="CC">and</w> <w type="WDT">which</w> <w type="PPS">he</w> <w type="VBD">believed</w> <w type="MD">might</w> <w type="VB">develop</w> <w type="IN">into</w> <w type="AT">a</w> <w type="NN">trade</w> <w type="NN">route</w> <w type="BEDZ">was</w> <w type="VBN">followed</w> <w type="IN">by</w> <w type="PPg">his</w> <w type="NNS">settlers</w> <w type="RBR">earlier</w> <w type="CS">than</w> <w type="PPS">he</w> <w type="MD">might</w> <w type="HV">have</w> <w type="VBN">expected</w> <c type="pct">.</c> </s>
<s n="30"><w type="IN">In</w> <w type="CD">1819</w> <w type="NNS">grasshoppers</w> <w type="RB">again</w> <w type="VBD">destroyed</w> <w type="AT">the</w> <w type="NN">crop</w> <w type="IN">at</w> <c type="pct">``</c> <w type="AT">the</w> <w type="NNS" subtype="TL">Forks</w> <c type="pct">''</c> <c type="pct">(</c> <w type="NN" subtype="TL">Fort</w> <w type="NP" subtype="TL">Douglas</w> <c type="pct">)</c> <w type="CC">and</w> <w type="IN">in</w> <w type="NP">December</w> <w type="CD">1819</w> <c type="pct">,</c> <w type="CD">twenty</w> <w type="NNS">men</w> <w type="VBD">left</w> <w type="NN" subtype="TL">Fort</w> <w type="NP" subtype="TL">Daer</w> <w type="IN">for</w> <w type="AT">the</w> <w type="QL">most</w> <w type="JJ">northerly</w> <w type="JJ">American</w> <w type="NN">outpost</w> <w type="IN">at</w> <w type="NP">Prairie</w> <w type="NP">Du</w> <w type="NP">Chien</w> <c type="pct">.</c> </s>
<s n="31"><w type="PPS">It</w> <w type="BEDZ">was</w> <w type="AT">a</w> <w type="JJ">three-month</w> <w type="NN">journey</w> <w type="IN">in</w> <w type="AT">the</w> <w type="JJ">dead</w> <w type="IN">of</w> <w type="NN">winter</w> <w type="VBN">followed</w> <w type="IN">by</w> <w type="CD">three</w> <w type="NNS">months</w> <w type="IN">of</w> <w type="NN">labor</w> <w type="IN">on</w> <w type="NP">Mackinac</w> <w type="NNS">boats</w> <c type="pct">.</c> </s>
<s n="32"><w type="IN">With</w> <w type="DTS">these</w> <w type="VBN">completed</w> <w type="CC">and</w> <w type="NN">ice</w> <w type="VBN">gone</w> <w type="IN">from</w> <w type="AT">the</w> <w type="NN" subtype="TL">St.</w> <w type="NPg" subtype="TL">Peter's</w> <w type="NN" subtype="TL">River</w> <c type="pct">(</c> <w type="JJ">present-day</w> <w type="NP" subtype="TL">Minnesota</w> <w type="NN">river</w> <c type="pct">)</c> <w type="PPg">their</w> <w type="CD">250</w> <w type="NNS">bushels</w> <w type="IN">of</w> <w type="NN">wheat</w> <c type="pct">,</c> <w type="CD">100</w> <w type="NNS">bushels</w> <w type="IN">of</w> <w type="NN">oats</w> <w type="CC">and</w> <w type="NN">barley</w> <w type="CC">and</w> <w type="CD">30</w> <w type="NNS">bushels</w> <w type="IN">of</w> <w type="NNS">peas</w> <w type="CC">and</w> <w type="DTI">some</w> <w type="NNS">chickens</w> <w type="BED">were</w> <w type="VBN">loaded</w> <w type="IN">onto</w> <w type="AT">the</w> <w type="JJ">flat-bottomed</w> <w type="NNS">boats</w> <w type="CC">and</w> <w type="VBN">rowed</w> <w type="IN">up</w> <w type="AT">the</w> <w type="NN">river</w> <w type="IN">to</w> <w type="JJ" subtype="TL">Big</w> <w type="NN" subtype="TL">Stone</w> <w type="NN" subtype="TL">Lake</w> <c type="pct">,</c> <w type="RP">across</w> <w type="IN">into</w> <w type="NN" subtype="TL">Lake</w> <w type="VB" subtype="TL">Traverse</w> <c type="pct">,</c> <w type="CC">and</w> <w type="IN">down</w> <w type="AT">the</w> <w type="NP">Red</w> <c type="pct">.</c> </s>
<s n="33"><w type="PPSS">They</w> <w type="VBD">reached</w> <w type="NN" subtype="TL">Fort</w> <w type="NP" subtype="TL">Douglas</w> <w type="IN">in</w> <w type="NP">June</w> <w type="CD">1820</w> <c type="pct">.</c> </s>
<s n="34"><w type="DT">This</w> <w type="JJ">epic</w> <w type="NN">effort</w> <w type="TO">to</w> <w type="VB">secure</w> <w type="NN">seed</w> <w type="IN">for</w> <w type="AT">the</w> <w type="NN">colony</w> <w type="VBD">cost</w> <w type="NP">Selkirk</w> <w type="CD">Ab1,040</w> <c type="pct">.</c> </s>
<s n="35"><w type="RB">Nevertheless</w> <w type="QL">so</w> <w type="JJ">short</w> <w type="BEDZ">was</w> <w type="AT">the</w> <w type="NN">supply</w> <w type="IN">of</w> <w type="NN">seed</w> <w type="CS">that</w> <w type="AT">the</w> <w type="NNS">settlers</w> <w type="BED">were</w> <w type="VBN">forced</w> <w type="TO">to</w> <w type="VB">retreat</w> <w type="IN">to</w> <w type="NN" subtype="TL">Fort</w> <w type="NP" subtype="TL">Daer</w> <w type="IN">for</w> <w type="NN">food</w> <c type="pct">.</c> </s>
<s n="36"><w type="RB">Thereafter</w> <w type="NN">seed</w> <w type="CC">and</w> <w type="NN">food</w> <w type="VBD">became</w> <w type="QL">more</w> <w type="JJ">plentiful</w> <w type="CC">and</w> <w type="AT">the</w> <w type="NN">colony</w> <w type="VBD">remained</w> <w type="IN">in</w> <w type="AT">the</w> <w type="NR">north</w> <w type="AT">the</w> <w type="NN">year</w> <w type="RB">round</w> <c type="pct">.</c> </s>
</p>
<p><s n="37"><w type="NN">Activity</w> <w type="IN">by</w> <w type="JJ">British</w> <w type="NNS">traders</w> <w type="CC">and</w> <w type="AT">the</w> <w type="NN">presence</w> <w type="IN">of</w> <w type="AT">a</w> <w type="NN">colony</w> <w type="IN">on</w> <w type="AT">the</w> <w type="NP">Red</w> <w type="VBD">prompted</w> <w type="AT">the</w> <w type="VBN" subtype="TL">United</w> <w type="NN" subtype="TL">State</w> <w type="NN" subtype="TL">War</w> <w type="NN" subtype="TL">Department</w> <w type="IN">in</w> <w type="CD">1819</w> <w type="TO">to</w> <w type="VB">send</w> <w type="NN" subtype="TL">Lieutenant-Colonel</w> <w type="NP">Henry</w> <w type="NP">Leavenworth</w> <w type="IN">from</w> <w type="NP">Detroit</w> <w type="TO">to</w> <w type="VB">put</w> <w type="AT">a</w> <w type="NN">post</w> <w type="CD">300</w> <w type="NNS">miles</w> <w type="NR">northwest</w> <w type="IN">of</w> <w type="NP">Prairie</w> <w type="NP">Du</w> <w type="NP">Chien</w> <c type="pct">,</c> <w type="IN">until</w> <w type="RB">then</w> <w type="AT">the</w> <w type="QL">most</w> <w type="VBN">advanced</w> <w type="VBN" subtype="TL">United</w> <w type="NNS" subtype="TL">States</w> <w type="NN">post</w> <c type="pct">.</c> </s>
<s n="38"><w type="IN">In</w> <w type="NP">September</w> <w type="CD">1822</w> <w type="CD">two</w> <w type="NNS">companies</w> <w type="IN">of</w> <w type="NN">infantry</w> <w type="VBD">arrived</w> <w type="IN">at</w> <w type="AT">the</w> <w type="NN">mouth</w> <w type="IN">of</w> <w type="AT">the</w> <w type="NN" subtype="TL">St.</w> <w type="NPg" subtype="TL">Peter's</w> <w type="NN" subtype="TL">River</w> <c type="pct">,</c> <w type="AT">the</w> <w type="NN">head</w> <w type="IN">of</w> <w type="NN">navigation</w> <w type="IN">on</w> <w type="AT">the</w> <w type="NP">Mississippi</w> <c type="pct">,</c> <w type="CC">and</w> <w type="VBD">began</w> <w type="NN">construction</w> <w type="IN">of</w> <w type="NN" subtype="TL">Fort</w> <w type="NN" subtype="TL">St.</w> <w type="NP" subtype="TL">Anthony</w> <w type="WDT">which</w> <c type="pct">,</c> <w type="IN">upon</w> <w type="NN">completion</w> <c type="pct">,</c> <w type="BEDZ">was</w> <w type="VBN">renamed</w> <w type="IN">in</w> <w type="NN">honor</w> <w type="IN">of</w> <w type="PPg">its</w> <w type="NN">commander</w> <c type="pct">,</c> <w type="NN" subtype="TL">Colonel</w> <w type="NP">Josiah</w> <w type="NP">Snelling</w> <c type="pct">.</c> </s>
</p>
<p><s n="39"><w type="PPS">It</w> <w type="BEDZ">was</w> <w type="IN">from</w> <w type="AT">the</w> <w type="JJ">American</w> <w type="NNS">outposts</w> <w type="CS">that</w> <w type="JJ" subtype="TL">Red</w> <w type="NN" subtype="TL">River</w> <w type="NNS">shortages</w> <w type="IN">of</w> <w type="NN">livestock</w> <w type="BED">were</w> <w type="TO">to</w> <w type="BE">be</w> <w type="VBN">made</w> <w type="JJ">good</w> <c type="pct">.</c> </s>
<s n="40"><w type="NP">Hercules</w> <w type="NP">L.</w> <w type="NP">Dousman</w> <c type="pct">,</c> <w type="NN">fur</w> <w type="NN">trader</w> <w type="CC">and</w> <w type="NN">merchant</w> <w type="IN">at</w> <w type="NP">Prairie</w> <w type="NP">Du</w> <w type="NP">Chien</w> <c type="pct">,</c> <w type="VBD">contracted</w> <w type="TO">to</w> <w type="VB">supply</w> <w type="NPg">Selkirk's</w> <w type="NNS">people</w> <w type="IN">with</w> <w type="DTI">some</w> <w type="CD">300</w> <w type="NNS">head</w> <w type="IN">of</w> <w type="NNS">cattle</w> <c type="pct">,</c> <w type="CC">and</w> <w type="NP">Alexis</w> <w type="NP">Bailly</w> <w type="CC">and</w> <w type="NP">Francois</w> <w type="NP">Labothe</w> <w type="BED">were</w> <w type="VBN">hired</w> <w type="CS">as</w> <w type="NNS">drovers</w> <c type="pct">.</c> </s>
<s n="41"><w type="NP">Bailly</w> <c type="pct">,</c> <w type="IN">after</w> <w type="VBG">leaving</w> <w type="NN" subtype="TL">Fort</w> <w type="NP">Snelling</w> <w type="IN">in</w> <w type="NP">August</w> <w type="CD">1821</w> <c type="pct">,</c> <w type="BEDZ">was</w> <w type="VBN">forced</w> <w type="TO">to</w> <w type="VB">leave</w> <w type="DTI">some</w> <w type="IN">of</w> <w type="AT">the</w> <w type="NNS">cattle</w> <w type="IN">at</w> <w type="AT">the</w> <w type="NPg" subtype="TL">Hudson's</w> <w type="NN" subtype="TL">Bay</w> <w type="NNg" subtype="TL">Company's</w> <w type="NN">post</w> <w type="IN">on</w> <w type="NN" subtype="TL">Lake</w> <w type="VB" subtype="TL">Traverse</w> <c type="pct">``</c> <w type="IN">in</w> <w type="AT">the</w> <w type="NPS" subtype="TL">Sieux</w> <w type="NN" subtype="TL">Country</w> <c type="pct">''</c> <w type="CC">and</w> <w type="VBD">reached</w> <w type="NN" subtype="TL">Fort</w> <w type="NP" subtype="TL">Garry</w> <c type="pct">,</c> <w type="CS">as</w> <w type="AT">the</w> <w type="NP">Selkirk</w> <w type="NPg" subtype="TL">Hudson's</w> <w type="NN" subtype="TL">Bay</w> <w type="NN" subtype="TL">Company</w> <w type="NN">center</w> <w type="BEDZ">was</w> <w type="RB">now</w> <w type="VBN">called</w> <c type="pct">,</c> <w type="RB">late</w> <w type="IN">in</w> <w type="AT">the</w> <w type="NN">fall</w> <c type="pct">.</c> </s>
<s n="42"><w type="PPS">He</w> <w type="VBD">set</w> <w type="RP">out</w> <w type="IN">on</w> <w type="PPg">his</w> <w type="JJ">700-mile</w> <w type="JJ">return</w> <w type="NN">journey</w> <w type="IN">with</w> <w type="CD">five</w> <w type="NNS">families</w> <w type="IN">of</w> <w type="JJ">discontented</w> <w type="CC">and</w> <w type="VBN">disappointed</w> <w type="NPS">Swiss</w> <w type="WPS">who</w> <w type="VBD">turned</w> <w type="PPg">their</w> <w type="NNS">eyes</w> <w type="IN">toward</w> <w type="AT">the</w> <w type="VBN" subtype="TL">United</w> <w type="NNS" subtype="TL">States</w> <c type="pct">.</c> </s>
<s n="43"><w type="VBG">Observing</w> <w type="PPg">their</w> <w type="JJ">distressing</w> <w type="NN">condition</w> <c type="pct">,</c> <w type="NN" subtype="TL">Colonel</w> <w type="NP">Snelling</w> <w type="VBD">allowed</w> <w type="DTS">these</w> <w type="JJ">half-starved</w> <w type="NNS">immigrants</w> <w type="TO">to</w> <w type="VB">settle</w> <w type="IN">on</w> <w type="AT">the</w> <w type="JJ">military</w> <w type="NN">reservation</w> <c type="pct">.</c> </s>
</p>
<p><s n="44"><w type="CS">As</w> <w type="DTS">these</w> <w type="NPS">Swiss</w> <w type="BED">were</w> <w type="VBG">moving</w> <w type="IN">from</w> <w type="AT">the</w> <w type="NP">Selkirk</w> <w type="NN">settlement</w> <w type="TO">to</w> <w type="VB">become</w> <w type="AT">the</w> <w type="OD">first</w> <w type="JJ">civilian</w> <w type="NNS">residents</w> <w type="IN">of</w> <w type="NP">Minnesota</w> <c type="pct">,</c> <w type="NP">Dousman</w> <w type="IN">of</w> <w type="NP">Michilimackinac</w> <c type="pct">,</c> <w type="NP">Michigan</w> <c type="pct">,</c> <w type="CC">and</w> <w type="NP">Prairie</w> <w type="NP">Du</w> <w type="NP">Chien</w> <w type="BEDZ">was</w> <w type="VBG">traveling</w> <w type="IN">to</w> <w type="JJ" subtype="TL">Red</w> <w type="NN" subtype="TL">River</w> <w type="TO">to</w> <w type="VB">open</w> <w type="AT">a</w> <w type="NN">trade</w> <w type="IN">in</w> <w type="NN">merchandise</w> <c type="pct">.</c> </s>
<s n="45"><w type="RB">Early</w> <w type="IN">in</w> <w type="CD">1822</w> <w type="PPS">he</w> <w type="BEDZ">was</w> <w type="IN">at</w> <w type="NN" subtype="TL">Fort</w> <w type="NP" subtype="TL">Garry</w> <w type="VBG">offering</w> <w type="TO">to</w> <w type="VB">bring</w> <w type="RP">in</w> <w type="NN">pork</w> <c type="pct">,</c> <w type="NN">flour</w> <c type="pct">,</c> <w type="NN">liquor</w> <w type="CC">and</w> <w type="NN">tobacco</w> <c type="pct">.</c> </s>
<s n="46"><w type="NP">Alexander</w> <w type="NP">McDonnell</w> <c type="pct">,</c> <w type="NN">governor</w> <w type="IN">of</w> <w type="JJ" subtype="TL">Red</w> <w type="NN" subtype="TL">River</w> <c type="pct">,</c> <w type="CC">and</w> <w type="NP">James</w> <w type="NP">Bird</w> <c type="pct">,</c> <w type="AT">a</w> <w type="JJS">chief</w> <w type="NN">factor</w> <w type="IN">of</w> <w type="AT">the</w> <w type="NPg" subtype="TL">Hudson's</w> <w type="NN" subtype="TL">Bay</w> <w type="NN" subtype="TL">Company</w> <c type="pct">,</c> <w type="VBD">ordered</w> <w type="JJ">such</w> <c type="pct">``</c> <w type="JJ">sundry</w> <w type="NNS">articles</w> <c type="pct">''</c> <w type="IN">to</w> <w type="AT">a</w> <w type="NN">value</w> <w type="IN">of</w> <w type="CD">Ab4,500</w> <c type="pct">.</c> </s>
</p>
<p><s n="47"><w type="IN">For</w> <w type="PPg">its</w> <w type="NN">part</w> <w type="AT">the</w> <w type="NPg" subtype="TL">Hudson's</w> <w type="NN" subtype="TL">Bay</w> <w type="NN" subtype="TL">Company</w> <w type="BEDZ">was</w> <w type="VBN">troubled</w> <w type="IN">by</w> <w type="AT">the</w> <w type="NN">approach</w> <w type="IN">of</w> <w type="JJ">American</w> <w type="NN">settlement</w> <c type="pct">.</c> </s>
<s n="48"><w type="CS">As</w> <w type="AT">the</w> <w type="NN">time</w> <w type="VBD">drew</w> <w type="RB">near</w> <w type="IN">for</w> <w type="AT">the</w> <w type="NN">drawing</w> <w type="IN">of</w> <w type="AT">the</w> <w type="JJ">British-American</w> <w type="NN">frontier</w> <w type="IN">by</w> <w type="NNS">terms</w> <w type="IN">of</w> <w type="AT">the</w> <w type="NN">agreement</w> <w type="IN">of</w> <w type="CD">1818</w> <c type="pct">,</c> <w type="AT">the</w> <w type="NN">company</w> <w type="VBD">suspected</w> <w type="CS">that</w> <w type="AT">the</w> <w type="NP">Pembina</w> <w type="NN">colony</w> <c type="pct">--</c> <w type="PPg">its</w> <w type="JJ">own</w> <w type="NN">post</w> <w type="CC">and</w> <w type="NN" subtype="TL">Fort</w> <w type="NP" subtype="TL">Daer</w> <c type="pct">--</c> <w type="BEDZ">was</w> <w type="IN">on</w> <w type="JJ">American</w> <w type="NN">territory</w> <c type="pct">.</c> </s>
<s n="49"><w type="RB">Accordingly</w> <w type="NPg">Selkirk's</w> <w type="NNS">agents</w> <w type="VBD">ordered</w> <w type="AT">the</w> <w type="NNS">settlers</w> <w type="TO">to</w> <w type="VB">move</w> <w type="NR">north</w> <c type="pct">,</c> <w type="CC">and</w> <w type="IN">by</w> <w type="NP">October</w> <c type="pct">,</c> <w type="NP">John</w> <w type="NP">Halkett</w> <w type="HVD">had</w> <w type="VBN">torn</w> <w type="RP">down</w> <w type="ABX">both</w> <w type="NNS">posts</w> <c type="pct">,</c> <w type="VBG">floating</w> <w type="AT">the</w> <w type="NN">timber</w> <w type="IN">to</w> <c type="pct">``</c> <w type="AT">the</w> <w type="NNS" subtype="TL">Forks</w> <c type="pct">''</c> <w type="IN">in</w> <w type="NNS">rafts</w> <c type="pct">.</c> </s>
<s n="50"><c type="pct">``</c> <w type="PPSS">I</w> <w type="HV">have</w> <w type="VBN">done</w> <w type="PN">everything</w> <c type="pct">''</c> <c type="pct">,</c> <w type="PPS">he</w> <w type="VBD">wrote</w> <c type="pct">,</c> <c type="pct">``</c> <w type="TO">to</w> <w type="VB">break</w> <w type="RP">up</w> <w type="AT">the</w> <w type="NN">whole</w> <w type="IN">of</w> <w type="DT">that</w> <w type="JJ">unfortunate</w> <w type="NN">establishment</w> <c type="pct">.</c> </s>
<s n="51"><c type="pct">''</c> <w type="IN">Despite</w> <w type="NN" subtype="TL">Company</w> <w type="NNS">threats</w> <c type="pct">,</c> <w type="RB">duly</w> <w type="VBN">carried</w> <w type="RP">through</w> <c type="pct">,</c> <w type="TO">to</w> <w type="VB">cut</w> <w type="RP">off</w> <w type="NNS">supplies</w> <w type="IN">of</w> <w type="NN">powder</w> <c type="pct">,</c> <w type="NN">ball</w> <c type="pct">,</c> <w type="CC">and</w> <w type="NN">thread</w> <w type="IN">for</w> <w type="VBG">fishing</w> <w type="NNS">nets</w> <c type="pct">,</c> <w type="RB">about</w> <w type="CD">350</w> <w type="NNS">persons</w> <w type="VBD">stayed</w> <w type="IN">in</w> <w type="AT">the</w> <w type="NN">village</w> <c type="pct">.</c> </s>
<s n="52"><w type="PPSS">They</w> <w type="MD">would</w> <w type="VB">attempt</w> <w type="TO">to</w> <w type="VB">bring</w> <w type="NNS">supplies</w> <w type="IN">from</w> <w type="NP">St.</w> <w type="NP">Louis</w> <w type="CC">or</w> <w type="NP">Prairie</w> <w type="NP">Du</w> <w type="NP">Chien</w> <w type="IN">at</w> <c type="pct">``</c> <w type="JJ">great</w> <w type="NN">expense</w> <w type="QL">as</w> <w type="RB">well</w> <w type="CS">as</w> <w type="NN">danger</w> <c type="pct">''</c> <c type="pct">.</c> </s>
</p>
<p><s n="53"><w type="IN">At</w> <w type="NN" subtype="TL">Fort</w> <w type="NP" subtype="TL">Garry</w> <w type="DTI">some</w> <w type="IN">of</w> <w type="AT">the</w> <w type="JJ">Swiss</w> <w type="RB">also</w> <w type="VBD">decided</w> <w type="TO">to</w> <w type="VB">cast</w> <w type="PPg">their</w> <w type="NN">lot</w> <w type="IN">with</w> <w type="AT">the</w> <w type="VBN" subtype="TL">United</w> <w type="NNS" subtype="TL">States</w> <c type="pct">,</c> <w type="CC">and</w> <w type="IN">in</w> <w type="CD">1823</w> <w type="AP">several</w> <w type="NNS">families</w> <w type="VBD">paid</w> <w type="NNS">guides</w> <w type="TO">to</w> <w type="VB">take</w> <w type="PPO">them</w> <w type="IN">to</w> <w type="NN" subtype="TL">Fort</w> <w type="NP" subtype="TL">Snelling</w> <c type="pct">.</c> </s>
<s n="54"><w type="AT">The</w> <w type="NNS">disasters</w> <w type="IN">of</w> <w type="CD">1825-1826</w> <w type="VBD">caused</w> <w type="AP">more</w> <w type="TO">to</w> <w type="VB">leave</w> <c type="pct">.</c> </s>
<s n="55"><w type="IN">After</w> <w type="JJ">heavy</w> <w type="NNS">rains</w> <w type="CC">and</w> <w type="AT">an</w> <w type="NN">onslaught</w> <w type="IN">of</w> <w type="NNS">mice</w> <c type="pct">,</c> <w type="NN">snow</w> <w type="VBD">fell</w> <w type="IN">on</w> <w type="NP">October</w> <w type="CD">15</w> <c type="pct">,</c> <w type="CD">1825</w> <c type="pct">,</c> <w type="CC">and</w> <w type="VBD">remained</w> <w type="IN">on</w> <w type="AT">the</w> <w type="NN">ground</w> <w type="IN">through</w> <w type="AT">a</w> <w type="NN">winter</w> <w type="QL">so</w> <w type="JJ">cold</w> <w type="CS">that</w> <w type="AT">the</w> <w type="NN">ice</w> <w type="IN">on</w> <w type="AT">the</w> <w type="NP">Red</w> <w type="BEDZ">was</w> <w type="CD">five</w> <w type="NNS">feet</w> <w type="JJ">thick</w> <c type="pct">.</c> </s>
<s n="56"><w type="IN">In</w> <w type="NP">April</w> <w type="VBD">came</w> <w type="AT">a</w> <w type="JJ">rapid</w> <w type="NN">thaw</w> <w type="WPS">that</w> <w type="VBD">produced</w> <w type="JJ">high</w> <w type="NNS">waters</w> <w type="WDT">which</w> <w type="DOD">did</w> <w type="NEG">not</w> <w type="VB">recede</w> <w type="IN">until</w> <w type="NP">mid-June</w> <c type="pct">.</c> </s>
<s n="57"><w type="IN">On</w> <w type="NP">June</w> <w type="CD">24</w> <w type="AP">more</w> <w type="IN">than</w> <w type="CD">400</w> <w type="NNS">families</w> <w type="VBD">started</w> <w type="AT">the</w> <w type="JJ">three-month</w> <w type="NN">trip</w> <w type="IN">across</w> <w type="AT">the</w> <w type="NNS">plains</w> <w type="IN">to</w> <w type="AT">the</w> <w type="NP">Mississippi</w> <c type="pct">.</c> </s>
<s n="58"><w type="IN">By</w> <w type="NN">fall</w> <c type="pct">,</c> <w type="CD">443</w> <w type="NNS">survivors</w> <w type="IN">of</w> <w type="DT">this</w> <w type="JJ">arduous</w> <w type="NN">journey</w> <w type="BED">were</w> <w type="VBN">clustered</w> <w type="IN">about</w> <w type="NN" subtype="TL">Fort</w> <w type="NP" subtype="TL">Snelling</w> <c type="pct">,</c> <w type="CC">but</w> <w type="AP">most</w> <w type="IN">of</w> <w type="PPO">them</w> <w type="BED">were</w> <w type="VBN">sent</w> <w type="RP">on</w> <w type="IN">to</w> <w type="NP">Galena</w> <w type="CC">and</w> <w type="NP">St.</w> <w type="NP">Louis</w> <c type="pct">,</c> <w type="IN">with</w> <w type="AT">a</w> <w type="AP">few</w> <w type="VBG">going</w> <w type="QL">as</w> <w type="RB">far</w> <w type="CS">as</w> <w type="NP">Vevay</w> <c type="pct">,</c> <w type="NP">Indiana</w> <c type="pct">,</c> <w type="AT">a</w> <w type="JJ">notable</w> <w type="JJ">Swiss</w> <w type="NN">center</w> <w type="IN">in</w> <w type="AT">the</w> <w type="VBN" subtype="TL">United</w> <w type="NNS" subtype="TL">States</w> <c type="pct">.</c> </s>
<s n="59"><w type="IN">In</w> <w type="CD">1837</w> <c type="pct">,</c> <w type="CD">157</w> <w type="JJ" subtype="TL">Red</w> <w type="NN" subtype="TL">River</w> <w type="NNS">people</w> <w type="IN">with</w> <w type="AP">more</w> <w type="IN">than</w> <w type="CD">200</w> <w type="NNS">cattle</w> <w type="BED">were</w> <w type="VBG">living</w> <w type="IN">on</w> <w type="AT">the</w> <w type="NN">reservation</w> <w type="IN">at</w> <w type="NN" subtype="TL">Fort</w> <w type="NP" subtype="TL">Snelling</w> <c type="pct">.</c> </s>
</p>
<p><s n="60"><w type="IN">Below</w> <w type="AT">the</w> <w type="NN">fort</w> <c type="pct">,</c> <w type="JJ">high</w> <w type="NNS">bluffs</w> <w type="VBD">extended</w> <w type="RB">uninterruptedly</w> <w type="IN">for</w> <w type="CD">six</w> <w type="NNS">miles</w> <w type="IN">along</w> <w type="AT">the</w> <w type="NP" subtype="TL">Mississippi</w> <w type="NN" subtype="TL">River</w> <c type="pct">.</c> </s>
<s n="61"><w type="IN">At</w> <w type="AT">the</w> <w type="NN">point</w> <w type="WRB">where</w> <w type="PPSS">they</w> <w type="VBD">ended</w> <c type="pct">,</c> <w type="DT">another</w> <w type="NN">settlement</w> <w type="VBD">grew</w> <w type="RP">up</w> <w type="IN">around</w> <w type="AT">a</w> <w type="NN">chapel</w> <w type="VBN">built</w> <w type="IN">at</w> <w type="AT">the</w> <w type="NN">boat</w> <w type="NN">landing</w> <w type="IN">by</w> <w type="NN" subtype="TL">Father</w> <w type="NP">Lucian</w> <w type="NP">Galtier</w> <w type="IN">in</w> <w type="CD">1840</w> <c type="pct">.</c> </s>
<s n="62"><w type="PPg">Its</w> <w type="NNS">people</w> <c type="pct">,</c> <w type="IN">including</w> <w type="NP">Pierre</w> <w type="NP">Bottineau</w> <w type="CC">and</w> <w type="AP">other</w> <w type="JJ" subtype="TL">American</w> <w type="NN" subtype="TL">Fur</w> <w type="NN" subtype="TL">Company</w> <w type="NNS">employees</w> <w type="CC">and</w> <w type="AT">the</w> <w type="NNS">refugees</w> <w type="IN">from</w> <w type="NN" subtype="TL">Fort</w> <w type="NP" subtype="TL">Garry</w> <c type="pct">,</c> <w type="BED">were</w> <w type="VBN">joined</w> <w type="IN">by</w> <w type="AT">the</w> <w type="VBG">remaining</w> <w type="NPS">Scots</w> <w type="CC">and</w> <w type="NPS">Swiss</w> <w type="IN">from</w> <w type="NN" subtype="TL">Fort</w> <w type="NP" subtype="TL">Snelling</w> <w type="WRB">when</w> <w type="NN" subtype="TL">Major</w> <w type="NP">Joseph</w> <w type="NP">Plympton</w> <w type="VBD">expelled</w> <w type="PPO">them</w> <w type="IN">from</w> <w type="AT">the</w> <w type="NN">reservation</w> <w type="IN">in</w> <w type="NP">May</w> <w type="CD">1840</w> <c type="pct">.</c> </s>
<s n="63"><w type="AT">The</w> <w type="JJ">resultant</w> <w type="NN">town</w> <c type="pct">,</c> <w type="VBN">platted</w> <w type="IN">in</w> <w type="CD">1847</w> <w type="CC">and</w> <w type="VBN">named</w> <w type="IN">for</w> <w type="AT">the</w> <w type="NN">patron</w> <w type="IN">of</w> <w type="NN" subtype="TL">Father</w> <w type="NPg">Galtier's</w> <w type="NN">mission</w> <c type="pct">,</c> <w type="NP">St.</w> <w type="NP">Paul</w> <c type="pct">,</c> <w type="BEDZ">was</w> <w type="TO">to</w> <w type="VB">become</w> <w type="AT">an</w> <w type="JJ">important</w> <w type="NN">center</w> <w type="IN">of</w> <w type="AT">the</w> <w type="NN">fur</w> <w type="NN">trade</w> <w type="CC">and</w> <w type="BEDZ">was</w> <w type="TO">to</w> <w type="VB">take</w> <w type="RP">on</w> <w type="AT">a</w> <w type="JJ">new</w> <w type="NN">interest</w> <w type="IN">for</w> <w type="DTS">those</w> <w type="NPS">Selkirkers</w> <w type="WPS">who</w> <w type="VBD">remained</w> <w type="IN">at</w> <w type="JJ" subtype="TL">Red</w> <w type="NN" subtype="TL">River</w> <c type="pct">.</c> </s>
</p>
<p><s n="64"><w type="CS">While</w> <w type="NN">population</w> <w type="IN">at</w> <w type="NN" subtype="TL">Fort</w> <w type="NP" subtype="TL">Garry</w> <w type="VBD">increased</w> <w type="RB">rapidly</w> <c type="pct">,</c> <w type="IN">from</w> <w type="CD">2,417</w> <w type="IN">in</w> <w type="CD">1831</w> <w type="IN">to</w> <w type="CD">4,369</w> <w type="IN">in</w> <w type="CD">1840</w> <c type="pct">,</c> <w type="JJ">economic</w> <w type="NNS">opportunities</w> <w type="DOD">did</w> <w type="NEG">not</w> <w type="VB">increase</w> <w type="IN">at</w> <w type="AT">a</w> <w type="JJ">similar</w> <w type="NN">rate</w> <c type="pct">.</c> </s>
<s n="65"><w type="RB">Accordingly</w> <c type="pct">,</c> <w type="CS">though</w> <w type="AT">the</w> <w type="NN">practice</w> <w type="VBD">violated</w> <w type="AT">the</w> <w type="JJ">no-trading</w> <w type="NN">provision</w> <w type="IN">of</w> <w type="AT">the</w> <w type="NP">Selkirk</w> <w type="NN">charter</w> <w type="WDT">which</w> <w type="VBD">reserved</w> <w type="ABN">all</w> <w type="JJ">such</w> <w type="NN">activity</w> <w type="IN">in</w> <w type="NN">merchandise</w> <w type="CC">and</w> <w type="NNS">furs</w> <w type="IN">to</w> <w type="AT">the</w> <w type="NPg" subtype="TL">Hudson's</w> <w type="NN" subtype="TL">Bay</w> <w type="NN" subtype="TL">Company</w> <c type="pct">,</c> <w type="DTI">some</w> <w type="NNS">settlers</w> <w type="VBD">went</w> <w type="IN">into</w> <w type="NN">trade</w> <c type="pct">.</c> </s>
<s n="66"><w type="AT">The</w> <w type="NN" subtype="TL">Company</w> <w type="VBD">maintained</w> <w type="AT">a</w> <w type="NN">store</w> <w type="IN">at</w> <w type="WDT">which</w> <w type="NNS">products</w> <w type="IN">of</w> <w type="NP">England</w> <w type="MD">could</w> <w type="BE">be</w> <w type="VBN">purchased</w> <w type="CC">and</w> <w type="VBN">brought</w> <w type="IN">in</w> <w type="NNS">goods</w> <w type="IN">for</w> <w type="AT">the</w> <w type="JJ">new</w> <w type="NNS">merchants</w> <w type="IN">on</w> <w type="AT">the</w> <w type="NN">understanding</w> <w type="CS">that</w> <w type="PPSS">they</w> <w type="VB">refrain</w> <w type="IN">from</w> <w type="VBG">trading</w> <w type="IN">in</w> <w type="NNS">furs</w> <c type="pct">.</c> </s>
<s n="67"><w type="IN">Despite</w> <w type="DT">this</w> <w type="NN">prohibiton</w> <c type="pct">,</c> <w type="IN">by</w> <w type="CD">1844</w> <w type="DTI">some</w> <w type="IN">of</w> <w type="AT">the</w> <w type="NN" subtype="TL">Fort</w> <w type="NP" subtype="TL">Garry</w> <w type="NNS">merchants</w> <w type="BED">were</w> <w type="VBG">trading</w> <w type="IN">with</w> <w type="AT">the</w> <w type="NPS">Indians</w> <w type="IN">for</w> <w type="NNS">furs</w> <c type="pct">.</c> </s>
<s n="68"><w type="IN">In</w> <w type="NP">June</w> <w type="CD">1845</w> <c type="pct">,</c> <w type="AT">the</w> <w type="NN" subtype="TL">Governor</w> <w type="CC" subtype="TL">and</w> <w type="NN" subtype="TL">Council</w> <w type="IN" subtype="TL">of</w> <w type="NP">Assiniboia</w> <w type="VBD">imposed</w> <w type="AT">a</w> <w type="CD">20</w> <w type="IN">per</w> <w type="NN">cent</w> <w type="NN">duty</w> <w type="IN">on</w> <w type="NNS">imports</w> <w type="IN">via</w> <w type="NPg" subtype="TL">Hudson's</w> <w type="NN" subtype="TL">Bay</w> <w type="WDT">which</w> <w type="BED">were</w> <w type="VBN">viewed</w> <w type="CS">as</w> <w type="VBN">aimed</w> <w type="IN">at</w> <w type="AT">the</w> <c type="pct">``</c> <w type="AP">very</w> <w type="NNS">vitals</w> <w type="IN">of</w> <w type="AT">the</w> <w type="NNg" subtype="TL">Company's</w> <w type="NN">trade</w> <w type="CC">and</w> <w type="NN">power</w> <c type="pct">''</c> <c type="pct">.</c> </s>
<s n="69"><w type="TO">To</w> <w type="VB">reduce</w> <w type="RBR">further</w> <w type="AT">the</w> <w type="NN">flow</w> <w type="IN">of</w> <w type="NNS">goods</w> <w type="IN">from</w> <w type="NP">England</w> <c type="pct">,</c> <w type="AT">the</w> <w type="NNg" subtype="TL">Company's</w> <w type="JJ">local</w> <w type="NNS">officials</w> <w type="VBD">asked</w> <w type="CS">that</w> <w type="PPg">its</w> <w type="NP">London</w> <w type="NNS">authorities</w> <w type="VB">refrain</w> <w type="IN">from</w> <w type="VBG">forwarding</w> <w type="DTI">any</w> <w type="AP">more</w> <w type="NN">trade</w> <w type="NNS">goods</w> <w type="IN">to</w> <w type="DTS">these</w> <w type="NNS">men</w> <c type="pct">.</c> </s>
</p>
<p><s n="70"><w type="IN">With</w> <w type="PPg">their</w> <w type="JJ">customary</w> <w type="NN">source</w> <w type="IN">of</w> <w type="NN">supply</w> <w type="VBN">cut</w> <w type="RP">off</w> <c type="pct">,</c> <w type="AT">the</w> <w type="NN" subtype="TL">Fort</w> <w type="NP" subtype="TL">Garry</w> <w type="JJ">free</w> <w type="NNS">traders</w> <w type="VBD">engaged</w> <w type="CD">three</w> <w type="NNS">men</w> <w type="TO">to</w> <w type="VB">cart</w> <w type="NNS">goods</w> <w type="IN">to</w> <w type="PPO">them</w> <w type="IN">from</w> <w type="AT">the</w> <w type="NP">Mississippi</w> <w type="NN">country</w> <c type="pct">.</c> </s>
<s n="71"><w type="NNS">Others</w> <w type="VBD">carried</w> <w type="NN">pemmican</w> <w type="IN">from</w> <c type="pct">``</c> <w type="AT">the</w> <w type="NNS" subtype="TL">Forks</w> <c type="pct">''</c> <w type="IN">to</w> <w type="NP">St.</w> <w type="NP">Paul</w> <w type="CC">and</w> <w type="NNS">goods</w> <w type="IN">from</w> <w type="NP">St.</w> <w type="NP">Paul</w> <w type="IN">to</w> <w type="JJ" subtype="TL">Red</w> <w type="NN" subtype="TL">River</w> <c type="pct">,</c> <w type="CS">as</w> <w type="IN">in</w> <w type="AT">the</w> <w type="NN">summer</w> <w type="IN">of</w> <w type="CD">1847</w> <w type="WRB">when</w> <w type="CD">one</w> <w type="NN">trader</w> <c type="pct">,</c> <w type="NP">Wells</w> <c type="pct">,</c> <w type="VBD">transported</w> <w type="CD">twenty</w> <w type="NNS">barrels</w> <w type="IN">of</w> <w type="NN">whisky</w> <w type="IN">to</w> <w type="AT">the</w> <w type="JJ">British</w> <w type="NN">settlement</w> <c type="pct">.</c> </s>
<s n="72"><w type="DT">This</w> <w type="NN">trade</w> <w type="BEDZ">was</w> <w type="JJ">subject</w> <w type="IN">to</w> <w type="AT">a</w> <w type="NN">tariff</w> <w type="IN">of</w> <w type="CD">7.5</w> <w type="IN">per</w> <w type="NN">cent</w> <w type="IN">after</w> <w type="NP">February</w> <w type="CD">1835</w> <c type="pct">,</c> <w type="CC">but</w> <w type="AP">much</w> <w type="BEDZ">was</w> <w type="VBN">smuggled</w> <w type="IN">into</w> <w type="NP">Assiniboia</w> <w type="IN">with</w> <w type="AT">the</w> <w type="NN">result</w> <w type="CS">that</w> <w type="AT">the</w> <w type="NN">duty</w> <w type="BEDZ">was</w> <w type="VBN">reduced</w> <w type="IN">by</w> <w type="CD">1841</w> <w type="IN">to</w> <w type="CD">4</w> <w type="IN">per</w> <w type="NN">cent</w> <w type="IN">on</w> <w type="AT">the</w> <w type="NN">initiative</w> <w type="IN">of</w> <w type="AT">the</w> <w type="NP">London</w> <w type="NN">committee</w> <c type="pct">.</c> </s>
</p>
<p><s n="73"><w type="AT">The</w> <w type="NN">trade</w> <w type="IN">in</w> <w type="AT">a</w> <w type="AP">few</w> <w type="NNS">commodities</w> <w type="VBN">noted</w> <w type="RB">above</w> <w type="BEDZ">was</w> <w type="TO">to</w> <w type="VB">grow</w> <w type="IN">in</w> <w type="NN">volume</w> <w type="CS">as</w> <w type="AT">a</w> <w type="NN">result</w> <w type="IN">of</w> <w type="NNS">changes</w> <w type="ABX">both</w> <w type="NR">north</w> <w type="CC">and</w> <w type="NR">south</w> <w type="IN">of</w> <w type="AT">the</w> <w type="OD">49th</w> <w type="NN">parallel</w> <c type="pct">.</c> </s>
</p>
<p></p></body></text></TEI>
