<TEI xmlns="http://www.tei-c.org/ns/1.0"><teiHeader><fileDesc><titleStmt><title>Sample F18 from  Bell I. Wiley, "Home Letters of Johnny Reb and Billy Yank,"
 The Centennial Review, V (1961), 56-61
 </title></titleStmt><editionStmt><edition>A part  of the XML version of the Brown Corpus</edition></editionStmt><extent>2,042 words 1022 (50.0%) quotes</extent><publicationStmt><idno>F18</idno><availability><p>Used by permission of0010-1760</p></availability></publicationStmt><sourceDesc><bibl> Bell I. Wiley, "Home Letters of Johnny Reb and Billy Yank,"
 The Centennial Review, V (1961), 56-61
 </bibl></sourceDesc></fileDesc><encodingDesc><p>Arbitrary Hyphen: cross-writing [0690]Typographical Error: extra " [0380]Note: illiterate spelling in quotations</p></encodingDesc><revisionDesc><change when="2008-04-27">Header auto-generated for TEI version</change></revisionDesc></teiHeader>
<text xml:id="F18" decls="F">
<body><p><s n="1"><w type="AT">The</w> <w type="NNS">letters</w> <w type="IN">of</w> <w type="AT">the</w> <w type="JJ">common</w> <w type="NNS">soldiers</w> <w type="BER">are</w> <w type="JJ">rich</w> <w type="IN">in</w> <w type="NN">humor</w> <c type="pct">.</c> </s>
<s n="2"><w type="RB">Indeed</w> <c type="pct">,</c> <w type="AT">no</w> <w type="JJR">richer</w> <w type="NN">humor</w> <w type="BEZ">is</w> <w type="TO">to</w> <w type="BE">be</w> <w type="VBN">found</w> <w type="IN">in</w> <w type="AT">the</w> <w type="NN">whole</w> <w type="IN">of</w> <w type="JJ">American</w> <w type="NN">literature</w> <w type="CS">than</w> <w type="IN">in</w> <w type="AT">the</w> <w type="NNS">letters</w> <w type="IN">of</w> <w type="AT">the</w> <w type="JJ">semi-literate</w> <w type="NNS">men</w> <w type="WPS">who</w> <w type="VBD">wore</w> <w type="AT">the</w> <w type="JJ">blue</w> <w type="CC">and</w> <w type="AT">the</w> <w type="JJ">gray</w> <c type="pct">.</c> </s>
<s n="3"><w type="DTI">Some</w> <w type="IN">of</w> <w type="PPg">their</w> <w type="NNS">figures</w> <w type="IN">of</w> <w type="NN">speech</w> <w type="BED">were</w> <w type="JJ">colorful</w> <w type="CC">and</w> <w type="JJ">expressive</w> <c type="pct">.</c> </s>
<s n="4"><w type="AT">A</w> <w type="NN" subtype="TL">Confederate</w> <w type="VBD">observed</w> <w type="CS">that</w> <w type="AT">the</w> <w type="NPS">Yankees</w> <w type="BED">were</w> <c type="pct">:</c> <c type="pct">``</c> <w type="JJR">thicker</w> <w type="CS">than</w> <w type="NNS">lise</w> <w type="IN">on</w> <w type="AT">a</w> <w type="NN">hen</w> <w type="CC">and</w> <w type="AT">a</w> <w type="JJ">dam</w> <w type="NN">site</w> <w type="JJR">ornraier</w> <c type="pct">''</c> <c type="pct">.</c> </s>
<s n="5"><w type="DT">Another</w> <w type="VBD">reported</w> <w type="CS">that</w> <w type="PPg">his</w> <w type="NNS">comrades</w> <w type="BED">were</w> <c type="pct">``</c> <w type="IN">in</w> <w type="JJ">fine</w> <w type="NNS">spirits</w> <w type="VBG">pitching</w> <w type="RB">around</w> <w type="CS">like</w> <w type="AT">a</w> <w type="JJ">blind</w> <w type="NN">dog</w> <w type="IN">in</w> <w type="AT">a</w> <w type="NN">meat</w> <w type="NN">house</w> <c type="pct">''</c> <c type="pct">.</c> </s>
<s n="6"><w type="AT">A</w> <w type="OD">third</w> <w type="VBD">wrote</w> <w type="CS">that</w> <w type="PPS">it</w> <w type="BEDZ">was</w> <c type="pct">``</c> <w type="VBG">raining</w> <w type="CS">like</w> <w type="VBG">poring</w> <w type="NNS">peas</w> <w type="IN">on</w> <w type="AT">a</w> <w type="NN">rawhide</w> <c type="pct">''</c> <c type="pct">.</c> </s>
<s n="7"><w type="NPS">Yanks</w> <w type="BED">were</w> <w type="QL">equally</w> <w type="JJ">adept</w> <w type="IN">at</w> <w type="JJ">figurative</w> <w type="NN">expression</w> <c type="pct">.</c> </s>
<s n="8"><w type="CD">One</w> <w type="VBD">wrote</w> <c type="pct">:</c> <c type="pct">``</c> <c type="pct">(</c> <w type="PPSS">I</w> <w type="BEM">am</w> <w type="QL">so</w> <w type="JJ">hungry</w> <c type="pct">)</c> <w type="PPSS">I</w> <w type="MD">could</w> <w type="VB">eat</w> <w type="AT">a</w> <w type="NN">rider</w> <w type="IN">off</w> <w type="PPg">his</w> <w type="NN">horse</w> <w type="CC">&amp;</w> <w type="VB">snap</w> <w type="IN">at</w> <w type="AT">the</w> <w type="NNS">stirups</w> <c type="pct">''</c> <c type="pct">.</c> </s>
<s n="9"><w type="AT">A</w> <w type="OD">second</w> <w type="VBD">reported</w> <w type="CS">that</w> <w type="AT">the</w> <w type="VBN">dilapidated</w> <w type="NNS">houses</w> <w type="IN">in</w> <w type="NP">Virginia</w> <c type="pct">``</c> <w type="VB">look</w> <w type="CS">like</w> <w type="AT">the</w> <w type="AP">latter</w> <w type="NN">end</w> <w type="IN">of</w> <w type="JJ">original</w> <w type="NN">sin</w> <w type="CC">and</w> <w type="JJ">hard</w> <w type="NNS">times</w> <c type="pct">''</c> <c type="pct">.</c> </s>
<s n="10"><w type="AT">A</w> <w type="OD">third</w> <w type="VBD">remarked</w> <w type="IN">of</w> <w type="NN">slowness</w> <w type="IN">of</w> <w type="NNS" subtype="TL">Southerners</w> <c type="pct">:</c> <c type="pct">``</c> <w type="PPSS">they</w> <w type="VBD">moved</w> <w type="RB">about</w> <w type="IN">from</w> <w type="NN">corner</w> <w type="IN">to</w> <w type="NN">corner</w> <c type="pct">,</c> <w type="QL">as</w> <w type="JJ">uneasy</w> <w type="CS">as</w> <w type="AT">a</w> <w type="NN">litter</w> <w type="IN">of</w> <w type="JJ">hungry</w> <w type="NNS">leaches</w> <w type="IN">on</w> <w type="AT">the</w> <w type="NN">neck</w> <w type="IN">of</w> <w type="AT">a</w> <w type="JJ">wooden</w> <w type="NN">god</w> <c type="pct">''</c> <c type="pct">.</c> </s>
<s n="11"><w type="RB">Still</w> <w type="DT">another</w> <c type="pct">,</c> <w type="VBN">annoyed</w> <w type="IN">by</w> <w type="AT">the</w> <w type="NN">brevity</w> <w type="IN">of</w> <w type="AT">a</w> <w type="RB">recently</w> <w type="VBN">received</w> <w type="NN">missive</w> <c type="pct">,</c> <w type="VBD">wrote</w> <c type="pct">:</c> <c type="pct">``</c> <w type="PPg">yore</w> <w type="NN">letter</w> <w type="BEDZ">was</w> <w type="JJ">short</w> <w type="CC">and</w> <w type="JJ">sweet</w> <c type="pct">,</c> <w type="RB">jist</w> <w type="CS">like</w> <w type="AT">a</w> <w type="VBN">roasted</w> <w type="NN">maget</w> <c type="pct">''</c> <c type="pct">.</c> </s>
<s n="12"><w type="AT">A</w> <w type="JJ">Yankee</w> <w type="NN">sergeant</w> <w type="VBD">gave</w> <w type="AT">the</w> <w type="VBG">following</w> <w type="NN">description</w> <w type="IN">of</w> <w type="PPg">his</w> <w type="NN">sweetheart</w> <c type="pct">:</c> <c type="pct">``</c> <w type="PPg">my</w> <w type="NN">girl</w> <w type="BEZ">is</w> <w type="PN">none</w> <w type="IN">of</w> <w type="PPg">your</w> <w type="NN">one-horse</w> <w type="NNS">girls</w> <c type="pct">.</c> </s>
<s n="13"><w type="PPS">She</w> <w type="BEZ">is</w> <w type="AT">a</w> <w type="JJ">regular</w> <w type="NN">stub</w> <w type="CC">and</w> <w type="NN">twister</w> <c type="pct">,</c> <w type="RB">double</w> <w type="VBN">geered</w> <c type="pct">.</c> </s>
<s n="14"><w type="PPS">She</w> <w type="BEZ">is</w> <w type="JJ">well-educated</w> <w type="CC">and</w> <w type="VBN">refined</w> <c type="pct">,</c> <w type="ABN">all</w> <w type="NN">wildcat</w> <w type="CC">and</w> <w type="NN">fur</w> <c type="pct">,</c> <w type="CC">and</w> <w type="NN" subtype="TL">Union</w> <w type="IN">from</w> <w type="AT">the</w> <w type="NN">muzzle</w> <w type="IN">to</w> <w type="AT">the</w> <w type="NN">crupper</w> <c type="pct">''</c> <c type="pct">.</c> </s>
<s n="15"><w type="NN">Humor</w> <w type="VBD">found</w> <w type="AP">many</w> <w type="NNS">modes</w> <w type="IN">of</w> <w type="NN">expression</w> <c type="pct">.</c> </s>
<s n="16"><w type="AT">A</w> <w type="NP">Texan</w> <w type="VBD">wrote</w> <w type="IN">to</w> <w type="AT">a</w> <w type="JJ">male</w> <w type="NN">companion</w> <w type="IN">at</w> <w type="NN">home</w> <c type="pct">:</c> <c type="pct">``</c> <w type="WDT">what</w> <w type="HVZ">has</w> <w type="VBN">become</w> <w type="IN">of</w> <w type="NP">Halda</w> <w type="CC">and</w> <w type="NP">Laura</w> <c type="pct">?</c> <c type="pct">?</c> </s>
<s n="17"><w type="WRB">When</w> <w type="PPSS">you</w> <w type="VB">see</w> <w type="PPO">them</w> <w type="RB">again</w> <w type="VB">give</w> <w type="PPO">them</w> <w type="PPg">my</w> <w type="NN">love</w> <c type="pct">--</c> <w type="NEG">not</w> <w type="JJT">best</w> <w type="NNS">respects</w> <w type="RB">now</w> <c type="pct">,</c> <w type="CC">but</w> <w type="NN">love</w> <w type="IN">by</w> <w type="NP">God</w> <c type="pct">''</c> <c type="pct">.</c> </s>
<s n="18"><w type="NP">William</w> <w type="NP">R.</w> <w type="NP">Stillwell</w> <c type="pct">,</c> <w type="AT">an</w> <w type="JJ">admirable</w> <w type="NP">Georgian</w> <w type="WPg">whose</w> <w type="JJ">delightful</w> <w type="NN">correspondence</w> <w type="BEZ">is</w> <w type="VBN">preserved</w> <w type="IN">in</w> <w type="AT">the</w> <w type="NP" subtype="TL">Georgia</w> <w type="NN" subtype="TL">Department</w> <w type="IN" subtype="TL">of</w> <w type="NNS" subtype="TL">Archives</w> <w type="CC" subtype="TL">and</w> <w type="NN" subtype="TL">History</w> <c type="pct">,</c> <w type="VBD">liked</w> <w type="TO">to</w> <w type="VB">tease</w> <w type="PPg">his</w> <w type="NN">wife</w> <w type="IN">in</w> <w type="PPg">his</w> <w type="NNS">letters</w> <c type="pct">.</c> </s>
<s n="19"><w type="CS">After</w> <w type="PPS">he</w> <w type="HVD">had</w> <w type="BEN">been</w> <w type="RB">away</w> <w type="IN">from</w> <w type="NN">home</w> <w type="RB">about</w> <w type="AT">a</w> <w type="NN">year</w> <w type="PPS">he</w> <w type="VBD">wrote</w> <c type="pct">:</c> <c type="pct">``</c> <c type="pct">(</c> <w type="JJ">dear</w> <w type="NN" subtype="TL">Wife</w> <c type="pct">)</c> <w type="CS">if</w> <w type="PPSS">I</w> <w type="DOD">did</w> <w type="NEG">not</w> <w type="VB">write</w> <w type="CC">and</w> <w type="VB">receive</w> <w type="NNS">letters</w> <w type="IN">from</w> <w type="PPO">you</w> <w type="PPSS">I</w> <w type="VB">believe</w> <w type="CS">that</w> <w type="PPSS">I</w> <w type="MD">would</w> <w type="VB">forgit</w> <w type="CS">that</w> <w type="PPSS">I</w> <w type="BEDZ">was</w> <w type="VBN">married</w> <c type="pct">.</c> </s>
<s n="20"><w type="PPSS">I</w> <mw pos="DO *">don't </mw><w type="VB">feel</w> <w type="RB">much</w> <w type="CS">like</w> <w type="AT">a</w> <w type="VBN">maryed</w> <w type="NN">man</w> <w type="CC">but</w> <w type="PPSS">I</w> <w type="RB">never</w> <w type="VB">forgit</w> <w type="PPO">it</w> <w type="RB">sofar</w> <w type="CS">as</w> <w type="TO">to</w> <w type="VB">court</w> <w type="DTI">enny</w> <w type="AP">other</w> <w type="NN">lady</w> <w type="CC">but</w> <w type="CS">if</w> <w type="PPSS">I</w> <w type="MD">should</w> <w type="PPSS">you</w> <w type="MD">must</w> <w type="VB">forgive</w> <w type="PPO">me</w> <w type="CS">as</w> <w type="PPSS">I</w> <w type="BEM">am</w> <w type="QL">so</w> <w type="JJ">forgitful</w> <c type="pct">''</c> <c type="pct">.</c> </s>
<s n="21"><w type="AT">A</w> <w type="NP">Yank</w> <c type="pct">,</c> <w type="VBN">disturbed</w> <w type="IN">by</w> <w type="PPg">his</w> <w type="VBG">increasing</w> <w type="NN">corpulence</w> <c type="pct">,</c> <w type="VBD">wrote</w> <c type="pct">:</c> <c type="pct">``</c> <w type="PPSS">I</w> <w type="BEM">am</w> <w type="VBG">growing</w> <w type="QL">so</w> <w type="JJ">fat</w> <w type="PPSS">I</w> <w type="BEM">am</w> <w type="AT">a</w> <w type="NN">burden</w> <w type="IN">2</w> <w type="PPL">myself</w> <c type="pct">''</c> <c type="pct">.</c> </s>
<s n="22"><w type="DT">Another</w> <w type="NP">Yank</w> <w type="VBD">parodied</w> <w type="AT">the</w> <w type="JJ">familiar</w> <w type="NN">bedtime</w> <w type="NN">prayer</w> <c type="pct">:</c> <c type="pct">``</c> <w type="RB">now</w> <w type="PPSS">I</w> <w type="VB">lay</w> <w type="PPO">me</w> <w type="RP">down</w> <w type="TO">to</w> <w type="VB">sleep</w> <c type="pct">,</c> <w type="AT">the</w> <w type="NNS">gray-backs</w> <w type="IN">o'er</w> <w type="PPg">my</w> <w type="NN">body</w> <w type="VB">creep</w> <c type="pct">;</c> <c type="pct">;</c> </s>
<s n="23"><w type="CS">if</w> <w type="PPSS">they</w> <w type="MD">should</w> <w type="VB">bite</w> <w type="CS">before</w> <w type="PPSS">I</w> <w type="VB">wake</w> <c type="pct">,</c> <w type="PPSS">I</w> <w type="VB">pray</w> <w type="AT">the</w> <w type="NN" subtype="TL">Lord</w> <w type="PPg">their</w> <w type="NNS">jaws</w> <w type="TO">to</w> <w type="VB">break</w> <c type="pct">''</c> <c type="pct">.</c> </s>
<s n="24"><w type="NP">Charles</w> <w type="NP">Thiot</w> <c type="pct">,</c> <w type="AT">a</w> <w type="JJ">splendid</w> <w type="NP">Georgia</w> <w type="NN">soldier</w> <c type="pct">,</c> <w type="VBD">differed</w> <w type="IN">from</w> <w type="AP">most</w> <w type="IN">of</w> <w type="PPg">his</w> <w type="NNS">comrades</w> <w type="IN">in</w> <w type="AT">the</w> <w type="NNS">ranks</w> <w type="IN">in</w> <w type="CS">that</w> <w type="PPS">he</w> <w type="BEDZ">was</w> <w type="AT">the</w> <w type="NN">owner</w> <w type="IN">of</w> <w type="AT">a</w> <w type="JJ">large</w> <w type="NN">plantation</w> <c type="pct">,</c> <w type="JJ">well-educated</w> <c type="pct">,</c> <w type="CC">and</w> <w type="RB">nearly</w> <w type="CD">fifty</w> <w type="NNS">years</w> <w type="IN">of</w> <w type="NN">age</w> <c type="pct">.</c> </s>
<s n="25"><w type="CC">But</w> <w type="PPS">he</w> <w type="BEDZ">was</w> <w type="QL">very</w> <w type="RB">much</w> <w type="CS">like</w> <w type="PPg">his</w> <w type="NNS">associates</w> <w type="IN">in</w> <w type="PPg">his</w> <w type="NN">hatred</w> <w type="IN">of</w> <w type="NN">camp</w> <w type="NN">routine</w> <c type="pct">.</c> </s>
<s n="26"><w type="IN">Near</w> <w type="AT">the</w> <w type="NN">end</w> <w type="IN">of</w> <w type="PPg">his</w> <w type="NN">service</w> <w type="PPS">he</w> <w type="VBD">wrote</w> <w type="CS">that</w> <w type="WRB">when</w> <w type="AT">the</w> <w type="NN">war</w> <w type="BEDZ">was</w> <w type="RP">over</w> <w type="PPS">he</w> <w type="BEDZ">was</w> <w type="VBG">going</w> <w type="TO">to</w> <w type="VB">buy</w> <w type="CD">two</w> <w type="NNS">pups</w> <c type="pct">,</c> <w type="VB">name</w> <w type="CD">one</w> <w type="IN">of</w> <w type="PPO">them</w> <c type="pct">``</c> <w type="NP">Fall-in</w> <c type="pct">''</c> <w type="CC">and</w> <w type="AT">the</w> <w type="AP">other</w> <c type="pct">``</c> <w type="NP">Close-up</w> <c type="pct">''</c> <c type="pct">,</c> <w type="CC">and</w> <w type="RB">then</w> <w type="VB">shoot</w> <w type="PPO">them</w> <w type="ABX">both</w> <c type="pct">,</c> <c type="pct">``</c> <w type="CC">and</w> <w type="DT">that</w> <w type="MD">will</w> <w type="BE">be</w> <w type="AT">the</w> <w type="NN">end</w> <w type="IN">of</w> <w type="NP">Fall-in</w> <w type="CC">and</w> <w type="NP">Close-up</w> <c type="pct">''</c> <c type="pct">.</c> </s>
<s n="27"><w type="AT">The</w> <w type="NNS">soldiers</w> <w type="WPS">who</w> <w type="VBD">comprised</w> <w type="AT">the</w> <w type="NN">rank</w> <w type="CC">and</w> <w type="NN">file</w> <w type="IN">of</w> <w type="AT">the</w> <w type="JJ" subtype="TL">Civil</w> <w type="NN" subtype="TL">War</w> <w type="NNS">armies</w> <w type="BED">were</w> <w type="AT">an</w> <w type="JJ">earthy</w> <w type="NNS">people</w> <c type="pct">.</c> </s>
<s n="28"><w type="PPSS">They</w> <w type="VBD">talked</w> <w type="CC">and</w> <w type="VBD">wrote</w> <w type="RB">much</w> <w type="IN">about</w> <w type="AT">the</w> <w type="JJ">elemental</w> <w type="NNS">functions</w> <w type="IN">of</w> <w type="AT">the</w> <w type="NN">body</w> <c type="pct">.</c> </s>
<s n="29"><w type="CD">One</w> <w type="IN">of</w> <w type="AT">the</w> <w type="QL">most</w> <w type="JJ">common</w> <w type="IN">of</w> <w type="NN">camp</w> <w type="NNS">maladies</w> <w type="BEDZ">was</w> <w type="NN">diarrhoea</w> <c type="pct">.</c> </s>
<s n="30"><w type="NNS">Men</w> <w type="IN">of</w> <w type="QL">more</w> <w type="JJ">delicate</w> <w type="NNS">sensibilities</w> <w type="VBD">referred</w> <w type="IN">to</w> <w type="DT">this</w> <w type="NN">condition</w> <w type="CS">as</w> <c type="pct">``</c> <w type="NN">looseness</w> <w type="IN">of</w> <w type="AT">the</w> <w type="NNS">bowels</w> <c type="pct">''</c> <c type="pct">;</c> <c type="pct">;</c> </s>
<s n="31"><w type="CC">but</w> <w type="AT">a</w> <w type="QL">much</w> <w type="QL">more</w> <w type="JJ">common</w> <w type="NN">designation</w> <w type="BEDZ">was</w> <c type="pct">``</c> <w type="AT">the</w> <w type="NNS">sh-ts</w> <c type="pct">''</c> <c type="pct">.</c> </s>
<s n="32"><w type="AT">A</w> <w type="NP">Michigan</w> <w type="NN">soldier</w> <w type="VBN">stationed</w> <w type="IN">in</w> <w type="NP">Georgia</w> <w type="VBD">wrote</w> <w type="IN">in</w> <w type="CD">1864</w> <c type="pct">:</c> <c type="pct">:</c> </s>
<s n="33"><c type="pct">``</c> <w type="PPSS">I</w> <w type="VB">expect</w> <w type="TO">to</w> <w type="BE">be</w> <w type="JJ">tough</w> <w type="CS">as</w> <w type="AT">a</w> <w type="NN">knott</w> <w type="QL">as</w> <w type="RB">soon</w> <w type="CS">as</w> <w type="PPSS">I</w> <w type="VB">get</w> <w type="RP">over</w> <w type="AT">the</w> <w type="NP" subtype="TL">Georgia</w> <w type="NNS" subtype="TL">Shitts</w> <c type="pct">''</c> <c type="pct">.</c> </s>
<s n="34"><w type="NP">Johnny</w> <w type="NPS">Rebs</w> <w type="IN">from</w> <w type="AT">the</w> <w type="JJ">deep</w> <w type="NR" subtype="TL">South</w> <w type="WPS">who</w> <w type="BED">were</w> <w type="VBN">plagued</w> <w type="IN">with</w> <w type="NN">diarrhoea</w> <w type="IN">after</w> <w type="NN">transfer</w> <w type="IN">to</w> <w type="AT">the</w> <w type="NP">Virginia</w> <w type="NN">front</w> <w type="RB">often</w> <w type="VBD">informed</w> <w type="PPg">their</w> <w type="NNS">families</w> <w type="CS">that</w> <w type="PPSS">they</w> <w type="BED">were</w> <w type="VBG">suffering</w> <w type="IN">from</w> <w type="AT">the</w> <c type="pct">``</c> <w type="AT">the</w> <w type="NP">Virginia</w> <w type="NN">quickstep</w> <c type="pct">''</c> <c type="pct">.</c> </s>
<s n="35"><w type="AT">A</w> <w type="NP">Georgia</w> <w type="NN">soldier</w> <w type="VBD">gave</w> <w type="PPg">his</w> <w type="NN">wife</w> <w type="AT">the</w> <w type="VBG">following</w> <w type="NN">description</w> <w type="IN">of</w> <w type="AT">the</w> <w type="NN">cause</w> <w type="CC">and</w> <w type="NN">consequence</w> <w type="IN">of</w> <w type="NN">diarrhoea</w> <c type="pct">:</c> <c type="pct">``</c> <w type="PPSS">I</w> <w type="HV">have</w> <w type="NN">bin</w> <w type="AT">a</w> <w type="QL">little</w> <w type="JJ">sick</w> <w type="IN">with</w> <w type="NN">diorah</w> <w type="CD">two</w> <w type="CC">or</w> <w type="CD">three</w> <w type="NNS">days</w> <c type="pct">.</c> </s>
<s n="36"><w type="PPSS">I</w> <w type="VB">eat</w> <w type="QL">too</w> <w type="AP">much</w> <w type="NNS">eggs</w> <w type="CC">and</w> <w type="NN">poark</w> <c type="pct">.</c> </s>
<s n="37"><w type="PPS">It</w> <w type="VBD">sowered</w> <c type="pct">(</c> <w type="IN">on</w> <c type="pct">)</c> <w type="PPg">my</w> <w type="NN">stomack</w> <w type="CC">and</w> <w type="VB">turn</w> <w type="RB">loose</w> <w type="IN">on</w> <w type="PPO">me</w> <c type="pct">''</c> <c type="pct">.</c> </s>
<s n="38"><w type="AT">A</w> <w type="NP">Michigan</w> <w type="NN">soldier</w> <w type="VBD">wrote</w> <w type="PPg">his</w> <w type="NN">brother</w> <c type="pct">:</c> <c type="pct">``</c> <w type="PPSS">I</w> <w type="BEM">am</w> <w type="JJ">well</w> <w type="IN">at</w> <w type="NN">present</w> <w type="IN">with</w> <w type="AT">the</w> <w type="NN">exception</w> <w type="PPSS">I</w> <w type="HV">have</w> <w type="VBN">got</w> <w type="AT">the</w> <w type="NN">Dyerear</w> <w type="CC">and</w> <w type="PPSS">I</w> <w type="VB">hope</w> <w type="DTS">thease</w> <w type="AP">few</w> <w type="NNS">lines</w> <w type="VB">find</w> <w type="PPO">you</w> <w type="AT">the</w> <w type="AP">same</w> <c type="pct">''</c> <c type="pct">.</c> </s>
<s n="39"><w type="AT">The</w> <w type="NNS">letters</w> <w type="WDT">which</w> <w type="VBD">poured</w> <w type="RB">forth</w> <w type="IN">from</w> <w type="NNS">camps</w> <w type="BED">were</w> <w type="RB">usually</w> <w type="VBN">written</w> <w type="IN">under</w> <w type="JJ">adverse</w> <w type="NNS">circumstances</w> <c type="pct">.</c> </s>
<s n="40"><w type="IN">Save</w> <w type="IN">for</w> <w type="JJ">brief</w> <w type="NNS">periods</w> <w type="IN">in</w> <w type="NN">garrison</w> <w type="CC">or</w> <w type="NN">winter</w> <w type="NNS">quarters</w> <c type="pct">,</c> <w type="NNS">soldiers</w> <w type="RB">rarely</w> <w type="VBD">enjoyed</w> <w type="AT">the</w> <w type="NN">luxury</w> <w type="IN">of</w> <w type="AT">a</w> <w type="VBG">writing</w> <w type="NN">desk</w> <w type="CC">or</w> <w type="NN">table</w> <c type="pct">.</c> </s>
<s n="41"><w type="AP">Most</w> <w type="IN">of</w> <w type="AT">the</w> <w type="NNS">letters</w> <w type="BED">were</w> <w type="VBN">written</w> <w type="IN">in</w> <w type="AT">the</w> <w type="NN">hubbub</w> <w type="IN">of</w> <w type="NN">camp</w> <c type="pct">,</c> <w type="IN">on</w> <w type="NNS">stumps</w> <c type="pct">,</c> <w type="NNS">pieces</w> <w type="IN">of</w> <w type="NN">bark</w> <c type="pct">,</c> <w type="NN">drum</w> <w type="NNS">heads</w> <c type="pct">,</c> <w type="CC">or</w> <w type="AT">the</w> <w type="NN">knee</w> <c type="pct">.</c> </s>
<s n="42"><w type="IN">In</w> <w type="AT">the</w> <w type="NR" subtype="TL">South</w> <c type="pct">,</c> <w type="IN">after</w> <w type="AT">the</w> <w type="OD">first</w> <w type="NN">year</w> <w type="IN">of</w> <w type="AT">the</w> <w type="NN">war</w> <c type="pct">,</c> <w type="NN">paper</w> <w type="CC">and</w> <w type="NN">ink</w> <w type="BED">were</w> <w type="QL">very</w> <w type="JJ">poor</w> <c type="pct">.</c> </s>
<s n="43"><w type="NN">Scarcity</w> <w type="IN">of</w> <w type="NN">paper</w> <w type="VBD">caused</w> <w type="AP">many</w> <w type="NNS" subtype="TL">Southerners</w> <w type="TO">to</w> <w type="VB">adopt</w> <w type="AT">the</w> <w type="NN">practice</w> <w type="IN">of</w> <w type="NN">cross-writing</w> <c type="pct">,</c> <w type="RB">i.e.</w> <c type="pct">,</c> <w type="CS">after</w> <w type="VBG">writing</w> <w type="IN">from</w> <w type="NR">left</w> <w type="IN">to</w> <w type="NR">right</w> <w type="IN">of</w> <w type="AT">the</w> <w type="NN">page</w> <w type="IN">in</w> <w type="AT">the</w> <w type="JJ">usual</w> <w type="NN">manner</w> <c type="pct">,</c> <w type="PPSS">they</w> <w type="VBD">gave</w> <w type="AT">the</w> <w type="NN">sheet</w> <w type="AT">a</w> <w type="ABN">half</w> <w type="NN">turn</w> <w type="CC">and</w> <w type="VBD">wrote</w> <w type="IN">from</w> <w type="NN">end</w> <w type="IN">to</w> <w type="NN">end</w> <w type="IN">across</w> <w type="AT">the</w> <w type="NNS">lines</w> <w type="RB">previously</w> <w type="VBN">written</w> <c type="pct">.</c> </s>
<s n="44"><w type="RB">Sometimes</w> <w type="NNS">soldiers</w> <w type="VBD">wrote</w> <w type="NNS">letters</w> <w type="CS">while</w> <w type="NNS">bullets</w> <w type="BED">were</w> <w type="VBG">whizzing</w> <w type="IN">about</w> <w type="PPg">their</w> <w type="NNS">heads</w> <c type="pct">.</c> </s>
<s n="45"><w type="AT">A</w> <w type="NP">Yank</w> <w type="VBG">writing</w> <w type="IN">from</w> <w type="NP">Vicksburg</w> <c type="pct">,</c> <w type="NP">May</w> <w type="CD">28</w> <c type="pct">,</c> <w type="CD">1863</w> <c type="pct">,</c> <w type="VBD">stated</w> <c type="pct">:</c> <c type="pct">``</c> <w type="NEG">not</w> <w type="AP">less</w> <w type="IN">than</w> <w type="CD">50</w> <w type="NNS">balls</w> <w type="HV">have</w> <w type="VBN">passed</w> <w type="IN">over</w> <w type="PPO">me</w> <w type="CS">since</w> <w type="PPSS">I</w> <w type="VBD">commenced</w> <w type="VBG">writing</w> <c type="pct">.</c> </s>
<s n="46"><w type="PPSS">I</w> <w type="MD">could</w> <w type="VB">tell</w> <w type="PPO">you</w> <w type="IN">of</w> <w type="NN">plenty</w> <w type="JJ">narrow</w> <w type="NNS">escapes</w> <c type="pct">,</c> <w type="CC">but</w> <w type="PPSS">we</w> <w type="VB">take</w> <w type="AT">no</w> <w type="NN">notice</w> <w type="IN">of</w> <w type="PPO">them</w> <w type="RB">now</w> <c type="pct">''</c> <c type="pct">.</c> </s>
<s n="47"><w type="AT">A</w> <w type="NP">Reb</w> <w type="VBN">stationed</w> <w type="IN">near</w> <w type="NP">Petersburg</w> <w type="VBD">informed</w> <w type="PPg">his</w> <w type="NN">mother</w> <c type="pct">:</c> <c type="pct">``</c> <w type="PPSS">I</w> <w type="VB">need</w> <w type="NEG">not</w> <w type="VB">tell</w> <w type="PPO">you</w> <w type="CS">that</w> <w type="PPSS">I</w> <w type="VB">dodge</w> <w type="QL">pretty</w> <w type="RB">often</w> <w type="CS">for</w> <w type="PPSS">you</w> <w type="MD">can</w> <w type="VB">see</w> <w type="DT">that</w> <w type="QL">very</w> <w type="RB">plainly</w> <w type="IN">by</w> <w type="AT">the</w> <w type="NNS">blots</w> <w type="IN">in</w> <w type="DT">this</w> <w type="NN">letter</w> <c type="pct">.</c> </s>
<s n="48"><w type="RB">Just</w> <w type="VB">count</w> <w type="DT">each</w> <w type="NN">blot</w> <w type="AT">a</w> <w type="NN">dodge</w> <w type="CC">and</w> <w type="VB">add</w> <w type="RP">in</w> <w type="AT">a</w> <w type="AP">few</w> <w type="CS">for</w> <w type="PPSS">I</w> <mw pos="DO *">don't </mw><w type="VB">dodge</w> <w type="AT">every</w> <w type="NN">time</w> <c type="pct">''</c> <c type="pct">.</c> </s>
<s n="49"><w type="DT">Another</w> <w type="NP">Reb</w> <w type="VBG">writing</w> <w type="IN">under</w> <w type="JJ">similar</w> <w type="NNS">circumstances</w> <w type="IN">before</w> <w type="NP">Atlanta</w> <w type="VBD">reported</w> <c type="pct">:</c> <c type="pct">``</c> <w type="AT">the</w> <w type="NPS">Yankees</w> <w type="VB">keep</w> <w type="VBG">shooting</w> <w type="RB">so</w> <w type="PPSS">I</w> <w type="BEM">am</w> <w type="JJ">afraid</w> <w type="PPSS">they</w> <w type="MD">will</w> <w type="VB">knock</w> <w type="RP">over</w> <w type="PPg">my</w> <w type="NN">ink</w> <c type="pct">,</c> <w type="RB">so</w> <w type="PPSS">I</w> <w type="MD">will</w> <w type="VB">close</w> <c type="pct">''</c> <c type="pct">.</c> </s>
</p>
<p><s n="50"><w type="CD" subtype="HL">3</w> <c type="pct">,</c> </s>
<s n="51"><w type="AT">the</w> <w type="QL">most</w> <w type="JJ">common</w> <w type="NN">type</w> <w type="IN">of</w> <w type="NN">letter</w> <w type="BEDZ">was</w> <w type="DT">that</w> <w type="IN">of</w> <w type="NN">soldier</w> <w type="NNS">husbands</w> <w type="IN">to</w> <w type="PPg">their</w> <w type="NNS">wives</w> <c type="pct">.</c> </s>
<s n="52"><w type="CC">But</w> <w type="NNS">fathers</w> <w type="RB">often</w> <w type="VBD">addressed</w> <w type="NNS">communications</w> <w type="IN">to</w> <w type="PPg">their</w> <w type="JJ">small</w> <w type="NNS">children</w> <c type="pct">;</c> <c type="pct">;</c> </s>
<s n="53"><w type="CC">and</w> <w type="DTS">these</w> <c type="pct">,</c> <w type="JJ">full</w> <w type="IN">of</w> <w type="JJ">homely</w> <w type="NN">advice</w> <c type="pct">,</c> <w type="BER">are</w> <w type="IN">among</w> <w type="AT">the</w> <w type="QL">most</w> <w type="JJ">human</w> <w type="CC">and</w> <w type="JJ">revealing</w> <w type="IN">of</w> <w type="JJ" subtype="TL">Civil</w> <w type="NN" subtype="TL">War</w> <w type="NNS">letters</w> <c type="pct">.</c> </s>
<s n="54"><w type="NPS">Rebs</w> <w type="WPS">who</w> <w type="VBD">owned</w> <w type="NNS">slaves</w> <w type="RB">occasionally</w> <w type="MD">would</w> <w type="VB">include</w> <w type="IN">in</w> <w type="PPg">their</w> <w type="NNS">letters</w> <w type="NNS">admonitions</w> <w type="CC">or</w> <w type="NNS">greetings</w> <w type="IN">to</w> <w type="NNS">members</w> <w type="IN">of</w> <w type="AT">the</w> <w type="NP">Negro</w> <w type="NN">community</w> <c type="pct">.</c> </s>
<s n="55"><w type="RB">Occasionally</w> <w type="PPSS">they</w> <w type="MD">would</w> <w type="VB">write</w> <w type="IN">to</w> <w type="AT">the</w> <w type="NNS">slaves</w> <c type="pct">.</c> </s>
<s n="56"><w type="RB">Early</w> <w type="IN">in</w> <w type="AT">the</w> <w type="NN">war</w> <w type="PPS">it</w> <w type="BEDZ">was</w> <w type="NEG">not</w> <w type="JJ">uncommon</w> <w type="CS">for</w> <w type="NNSg">planters'</w> <w type="NNS">sons</w> <w type="TO">to</w> <w type="VB">retain</w> <w type="IN">in</w> <w type="NN">camp</w> <w type="NP">Negro</w> <c type="pct">``</c> <w type="NN">body</w> <w type="NNS">servants</w> <c type="pct">''</c> <w type="TO">to</w> <w type="VB">perform</w> <w type="AT">the</w> <w type="JJ">menial</w> <w type="NNS">chores</w> <w type="JJ">such</w> <w type="CS">as</w> <w type="VBG">cooking</w> <c type="pct">,</c> <w type="VBG">foraging</w> <c type="pct">,</c> <w type="VBG">cleaning</w> <w type="AT">the</w> <w type="NNS">quarters</w> <c type="pct">,</c> <w type="VBG">shining</w> <w type="NNS">shoes</w> <c type="pct">,</c> <w type="CC">and</w> <w type="VBG">laundering</w> <w type="NNS">clothes</w> <c type="pct">.</c> </s>
<s n="57"><w type="RB">Sometimes</w> <w type="DTS">these</w> <w type="NNS">servants</w> <w type="VBD">wrote</w> <w type="CC">or</w> <w type="VBD">dictated</w> <w type="IN">for</w> <w type="NN">enclosure</w> <w type="IN">with</w> <w type="AT">the</w> <w type="NNS">letters</w> <w type="IN">of</w> <w type="PPg">their</w> <w type="NNS">soldier-masters</w> <w type="NNS">messages</w> <w type="IN">to</w> <w type="PPg">their</w> <w type="NNS">relatives</w> <w type="CC">and</w> <w type="IN">to</w> <w type="NNS">members</w> <w type="IN">of</w> <w type="PPg">their</w> <w type="NNSg">owners'</w> <w type="NNS">families</w> <c type="pct">.</c> </s>
<s n="58"><w type="JJ">Unmarried</w> <w type="NNS">soldiers</w> <w type="VBD">carried</w> <w type="RP">on</w> <w type="NN">correspondence</w> <w type="IN">with</w> <w type="NNS">sweethearts</w> <w type="IN">at</w> <w type="NN">home</w> <c type="pct">.</c> </s>
<s n="59"><w type="VBG">Owing</w> <w type="IN">to</w> <w type="AT">the</w> <w type="VBN">restrained</w> <w type="NNS">usages</w> <w type="JJ">characteristic</w> <w type="IN">of</w> <w type="NN">19th-century</w> <w type="NP">America</w> <c type="pct">,</c> <w type="DTS">these</w> <w type="NNS">letters</w> <w type="RB">usually</w> <w type="BED">were</w> <w type="VBN">stereotyped</w> <w type="CC">and</w> <w type="VBD">revealed</w> <w type="AP">little</w> <w type="NN">depth</w> <w type="IN">of</w> <w type="VBG">feeling</w> <c type="pct">.</c> </s>
<s n="60"><w type="RB">Occasionally</w> <w type="JJ">gay</w> <w type="JJ">young</w> <w type="NNS">blades</w> <w type="MD">would</w> <w type="VB">write</w> <w type="RB">vividly</w> <w type="IN">to</w> <w type="JJ">boon</w> <w type="NNS">companions</w> <w type="IN">at</w> <w type="NN">home</w> <w type="IN">about</w> <w type="PPg">their</w> <w type="JJ">amorous</w> <w type="NNS">exploits</w> <w type="IN">in</w> <w type="NP">Richmond</w> <c type="pct">,</c> <w type="NP">Petersburg</w> <c type="pct">,</c> <w type="NP">Washington</w> <c type="pct">,</c> <w type="CC">or</w> <w type="NP">Nashville</w> <c type="pct">.</c> </s>
<s n="61"><w type="CC">But</w> <w type="DTS">these</w> <w type="NNS">comments</w> <w type="BER">are</w> <w type="RB">hardly</w> <w type="JJ">printable</w> <c type="pct">.</c> </s>
<s n="62"><w type="AT">An</w> <w type="NP">Alabama</w> <w type="NN">soldier</w> <w type="WPg">whose</w> <w type="JJ">feminine</w> <w type="NNS">associations</w> <w type="BED">were</w> <w type="IN">of</w> <w type="AT">the</w> <w type="QL">more</w> <w type="JJ">admirable</w> <w type="NN">type</w> <w type="VBD">wrote</w> <w type="RB">boastfully</w> <w type="IN">of</w> <w type="PPg">his</w> <w type="NNS">achievements</w> <w type="IN">among</w> <w type="AT">the</w> <w type="NP">Virginia</w> <w type="NNS">belles</w> <c type="pct">:</c> <c type="pct">``</c> <w type="PPSS">they</w> <w type="VBD">thout</w> <w type="PPSS">I</w> <w type="BEDZ">was</w> <w type="AT">a</w> <w type="NN">saint</w> <c type="pct">.</c> </s>
<s n="63"><w type="PPSS">I</w> <w type="VBD">told</w> <w type="PPO">them</w> <w type="DTI">some</w> <w type="JJ">sweet</w> <w type="NNS">lies</w> <w type="CC">and</w> <w type="PPSS">they</w> <w type="VBD">believed</w> <w type="PPO">it</w> <w type="ABN">all</w> <c type="pct">.</c> </s>
<s n="64"><w type="PPSS">I</w> <w type="MD">would</w> <w type="VB">tell</w> <w type="PPO">them</w> <w type="PPSS">I</w> <w type="VBD">got</w> <w type="AT">a</w> <w type="NN">letter</w> <w type="IN">from</w> <w type="NN">home</w> <w type="VBG">stating</w> <w type="CS">that</w> <w type="CD">five</w> <w type="IN">of</w> <w type="PPg">my</w> <w type="NPS">Negroes</w> <w type="HVD">had</w> <w type="VBN">runaway</w> <w type="CC">and</w> <w type="CD">ten</w> <w type="IN">of</w> <w type="NPg">Pappy's</w> <c type="pct">.</c> </s>
<s n="65"><w type="CC">But</w> <w type="PPSS">I</w> <w type="MD">wold</w> <w type="VB">say</w> <w type="PPSS">I</w> <w type="VBD">recond</w> <w type="PPS">he</w> <w type="DOD">did</w> <w type="NEG">not</w> <w type="VB">mind</w> <w type="PPO">it</w> <w type="CS">for</w> <w type="PPS">he</w> <w type="HVD">had</w> <w type="AT">a</w> <w type="NN">plenty</w> <w type="AP">more</w> <w type="VBN">left</w> <w type="CC">and</w> <w type="RB">then</w> <w type="PPSS">they</w> <w type="MD">would</w> <w type="VB">lean</w> <w type="IN">to</w> <w type="PPO">me</w> <w type="CS">like</w> <w type="AT">a</w> <w type="JJ">sore</w> <w type="JJ">eyd</w> <w type="NN">kitten</w> <w type="IN">to</w> <w type="AT">a</w> <w type="NN">basin</w> <w type="IN">of</w> <w type="NN">milk</w> <c type="pct">''</c> <c type="pct">.</c> </s>
<s n="66"><w type="DTI">Some</w> <w type="IN">of</w> <w type="AT">the</w> <w type="NNS">letters</w> <w type="BED">were</w> <w type="QL">pungently</w> <w type="JJ">expressive</w> <c type="pct">.</c> </s>
<s n="67"><w type="AT">An</w> <w type="NP">Ohio</w> <w type="NN">soldier</w> <w type="WPS">who</w> <c type="pct">,</c> <w type="IN">from</w> <w type="AT">a</w> <w type="NN">comrade</w> <w type="RB">just</w> <w type="VBN">returned</w> <w type="IN">from</w> <w type="NN">leave</w> <c type="pct">,</c> <w type="VBD">received</w> <w type="AT">an</w> <w type="JJ">unfavorable</w> <w type="NN">comment</w> <w type="IN">on</w> <w type="AT">the</w> <w type="NN">conduct</w> <w type="IN">of</w> <w type="PPg">his</w> <w type="NN">sister</w> <c type="pct">,</c> <w type="VBD">took</w> <w type="NN">pen</w> <w type="IN">in</w> <w type="NN">hand</w> <w type="CC">and</w> <w type="VBD">delivered</w> <w type="PPL">himself</w> <w type="RB">thus</w> <c type="pct">:</c> <c type="pct">``</c> <w type="JJ">dear</w> <w type="NP">Sis</w> <c type="pct">.</c> </s>
<s n="68"><w type="NP">Alf</w> <w type="VBD">sed</w> <w type="PPS">he</w> <w type="VBD">heard</w> <w type="CS">that</w> <w type="PPSS">you</w> <w type="CC">and</w> <w type="NP">Hardy</w> <w type="BEDZ">was</w> <w type="AT">a</w> <w type="VBG">runing</w> <w type="RB">together</w> <w type="ABN">all</w> <w type="AT">the</w> <w type="NN">time</w> <w type="CC">and</w> <w type="PPS">he</w> <w type="VBD">though</w> <w type="PPS">he</w> <w type="MD">wod</w> <w type="RB">gust</w> <w type="VB">quit</w> <w type="HVG">having</w> <w type="DTI">any</w> <w type="NN">thing</w> <w type="AP">mor</w> <w type="TO">to</w> <w type="DO">doo</w> <w type="IN">with</w> <w type="PPO">you</w> <w type="CS">for</w> <w type="PPS">he</w> <w type="VBD">thought</w> <w type="PPS">it</w> <w type="BEDZ">was</w> <w type="AT">no</w> <w type="AP">more</w> <w type="NN">yuse</w> <c type="pct">.</c> </s>
<s n="69"><w type="PPSS">I</w> <w type="VB">think</w> <w type="PPSS">you</w> <w type="VBD">made</w> <w type="AT">a</w> <w type="VBN">dam</w> <w type="JJ">good</w> <w type="NN">chouise</w> <w type="TO">to</w> <w type="VB">turn</w> <w type="RP">off</w> <w type="QL">as</w> <w type="JJ">nise</w> <w type="AT">a</w> <w type="NN">feler</w> <w type="CS">as</w> <w type="NP">Alf</w> <w type="NP">Dyer</w> <w type="CC">and</w> <w type="VB">let</w> <w type="DT">that</w> <w type="JJ">orney</w> <w type="VBG">thefin</w> <c type="pct">,</c> <w type="NN">drunkard</w> <c type="pct">,</c> <w type="VBN">damed</w> <w type="NN">card</w> <w type="VBG">playing</w> <w type="NN">sun</w> <w type="IN">of</w> <w type="AT">a</w> <w type="NN">bich</w> <w type="VB">com</w> <w type="TO">to</w> <w type="VB">sea</w> <w type="PPO">you</w> <c type="pct">,</c> <w type="AT">the</w> <w type="NN">god</w> <w type="VBN">damed</w> <w type="NN">theaf</w> <w type="CC">and</w> <w type="JJ">lop</w> <w type="VBN">yeard</w> <w type="NN">pigen</w> <w type="JJ">tode</w> <w type="NN">helion</w> <c type="pct">,</c> <w type="PPS">he</w> <w type="BEZ">is</w> <w type="QL">too</w> <w type="JJ">orney</w> <w type="IN">for</w> <w type="NN">hel</w> <c type="pct">.</c> </s>
<s n="70"><w type="PPSS">I</w> <w type="MD">will</w> <w type="VB">shute</w> <w type="PPO">him</w> <w type="QL">as</w> <w type="RB">shore</w> <w type="CS">as</w> <w type="PPSS">I</w> <w type="VB">sea</w> <w type="PPO">him</w> <c type="pct">''</c> <c type="pct">.</c> </s>
</p>
<p><s n="71"><w type="NN">Initiation</w> <w type="IN">into</w> <w type="NN">combat</w> <w type="RB">sometimes</w> <w type="VBD">elicited</w> <w type="IN">from</w> <w type="NN">soldier</w> <w type="NNS">correspondents</w> <w type="JJ">choice</w> <w type="NNS">comments</w> <w type="IN">about</w> <w type="PPg">their</w> <w type="NNS">experiences</w> <w type="CC">and</w> <w type="NNS">reactions</w> <c type="pct">.</c> </s>
<s n="72"><w type="AT">A</w> <w type="JJ" subtype="TL">Federal</w> <w type="NN">infantryman</w> <w type="VBD">wrote</w> <w type="IN">to</w> <w type="PPg">his</w> <w type="NN">father</w> <w type="RB">shortly</w> <w type="IN">after</w> <w type="PPg">his</w> <w type="OD">first</w> <w type="NN">skirmish</w> <w type="IN">in</w> <w type="NP">Virginia</w> <c type="pct">:</c> <c type="pct">``</c> <w type="JJ">dear</w> <w type="NN" subtype="TL">Pa</w> <c type="pct">.</c> </s>
<s n="73"><w type="VBD">Went</w> <w type="RP">out</w> <w type="AT">a</w> <w type="VBG">skouting</w> <w type="NR">yesterday</w> <c type="pct">.</c> </s>
<s n="74"><w type="PPSS">We</w> <w type="VBD">got</w> <w type="IN">to</w> <w type="CD">one</w> <w type="NN">house</w> <w type="WRB">where</w> <w type="EX">there</w> <w type="BED">were</w> <w type="CD">five</w> <w type="NNS">secessionists</w> <c type="pct">.</c> </s>
<s n="75"><w type="PPSS">They</w> <w type="VBD">brok</w> <w type="CC">&amp;</w> <w type="VBD">run</w> <w type="CC">and</w> <w type="NP">Arch</w> <w type="VBD">holored</w> <w type="RP">out</w> <w type="TO">to</w> <w type="VB">shoot</w> <w type="AT">the</w> <w type="JJ">ornery</w> <w type="NNS">suns</w> <w type="IN">of</w> <w type="NNS">biches</w> <w type="CC">and</w> <w type="PPSS">we</w> <w type="ABN">all</w> <w type="VB">let</w> <w type="VB">go</w> <w type="IN">at</w> <w type="PPO">them</w> <c type="pct">.</c> </s>
<s n="76"><w type="PPSS">Thay</w> <w type="MD">may</w> <w type="VB">say</w> <w type="WDT">what</w> <w type="PPSS">they</w> <w type="VB">please</w> <w type="CC">but</w> <w type="UH">godamit</w> <w type="NN" subtype="TL">Pa</w> <w type="PPS">it</w> <w type="BEZ">is</w> <w type="NN">fun</w> <c type="pct">''</c> <c type="pct">.</c> </s>
</p>
<p><s n="77"><w type="DTI">Some</w> <w type="IN">of</w> <w type="AT">the</w> <w type="JJT">choicest</w> <w type="NNS">remarks</w> <w type="VBN">made</w> <w type="IN">by</w> <w type="NNS">soldiers</w> <w type="IN">in</w> <w type="PPg">their</w> <w type="NNS">letters</w> <w type="BED">were</w> <w type="IN">in</w> <w type="NN">disparagement</w> <w type="IN">of</w> <w type="JJ">unpopular</w> <w type="NNS">officers</w> <c type="pct">.</c> </s>
<s n="78"><w type="AT">A</w> <w type="NP">Mississippi</w> <w type="NN">soldier</w> <w type="VBD">wrote</w> <c type="pct">:</c> <c type="pct">``</c> <w type="PPg">our</w> <w type="NN" subtype="TL">General</w> <w type="NP">Reub</w> <w type="NP">Davis</w> <w type="BEZ">is</w> <w type="AT">a</w> <w type="JJ">vain</w> <c type="pct">,</c> <w type="JJ">stuck-up</w> <c type="pct">,</c> <w type="JJ">illiterate</w> <w type="NN">ass</w> <c type="pct">''</c> <c type="pct">.</c> </s>
<s n="79"><w type="AT">An</w> <w type="NP">Alabamian</w> <w type="VBD">wrote</w> <c type="pct">:</c> <c type="pct">``</c> <w type="NN" subtype="TL">Col.</w> <w type="NP">Henry</w> <w type="BEZ">is</w> <c type="pct">(</c> <w type="AT">an</w> <w type="NN">ignoramus</w> <c type="pct">)</c> <w type="JJ">fit</w> <w type="IN">for</w> <w type="PN">nothing</w> <w type="RBR">higher</w> <w type="CS">than</w> <w type="AT">the</w> <w type="NN">cultivation</w> <w type="IN">of</w> <w type="NN">corn</w> <c type="pct">''</c> <c type="pct">.</c> </s>
<s n="80"><w type="AT">A</w> <w type="NP">Floridian</w> <w type="VBD">stated</w> <w type="CS">that</w> <w type="PPg">his</w> <w type="NNS">officers</w> <w type="BED">were</w> <c type="pct">``</c> <w type="NEG">not</w> <w type="JJ">fit</w> <w type="TO">to</w> <w type="VB">tote</w> <w type="NNS">guts</w> <w type="IN">to</w> <w type="AT">a</w> <w type="NN">bear</w> <c type="pct">''</c> <c type="pct">.</c> </s>
<s n="81"><w type="IN">On</w> <w type="NP">December</w> <w type="CD">9</w> <c type="pct">,</c> <w type="CD">1862</w> <c type="pct">,</c> <w type="NN" subtype="TL">Sergeant</w> <w type="NP">Edwin</w> <w type="NP">H.</w> <w type="NP">Fay</w> <c type="pct">,</c> <w type="AT">an</w> <w type="JJ">unusual</w> <w type="NP">Louisianan</w> <w type="WPS">who</w> <w type="VBD">held</w> <w type="NP">A.B.</w> <w type="CC">and</w> <w type="NP">M.A.</w> <w type="NNS">degrees</w> <w type="IN">from</w> <w type="NP" subtype="TL">Harvard</w> <w type="NN" subtype="TL">University</w> <w type="CC">and</w> <w type="WPS">who</w> <w type="IN">before</w> <w type="AT">the</w> <w type="NN">war</w> <w type="BEDZ">was</w> <w type="NN">headmaster</w> <w type="IN">of</w> <w type="AT">a</w> <w type="JJ">private</w> <w type="NN">school</w> <w type="IN">for</w> <w type="NNS">boys</w> <w type="IN">in</w> <w type="NP">Louisiana</w> <c type="pct">,</c> <w type="VBD">wrote</w> <w type="PPg">his</w> <w type="NN">wife</w> <c type="pct">:</c> <c type="pct">``</c> <w type="PPSS">I</w> <w type="VBD">saw</w> <w type="NP">Pemberton</w> <w type="CC">and</w> <w type="PPS">he</w> <w type="BEZ">is</w> <w type="AT">the</w> <w type="QL">most</w> <w type="JJ">insignificant</w> <w type="NN">puke</w> <w type="PPSS">I</w> <w type="RB">ever</w> <w type="VBD">saw</w> <c type="pct">.</c> </s>
<s n="82"><w type="PPg">His</w> <w type="NN">head</w> <mw pos="MD *">cannot </mw><w type="VB">contain</w> <w type="AP">enough</w> <w type="NN">sense</w> <w type="TO">to</w> <w type="VB">command</w> <w type="AT">a</w> <w type="NN">regiment</w> <c type="pct">,</c> <w type="QL">much</w> <w type="AP">less</w> <w type="AT">a</w> <w type="NN">corps</w> <c type="pct">.</c> </s>
<s n="83"><w type="NP">Jackson</w> <w type="VBZ">runs</w> <w type="RB">first</w> <w type="CC">and</w> <w type="PPg">his</w> <w type="NN" subtype="TL">Cavalry</w> <w type="BER">are</w> <w type="QL">well</w> <w type="VBN">drilled</w> <w type="TO">to</w> <w type="VB">follow</w> <w type="PPg">their</w> <w type="NN">leader</w> <c type="pct">.</c> </s>
<s n="84"><w type="PPS">He</w> <w type="BEZ">is</w> <w type="NEG">not</w> <w type="JJ">worth</w> <w type="NNS">shucks</w> <c type="pct">.</c> </s>
<s n="85"><w type="CC">But</w> <w type="PPS">he</w> <w type="BEZ">is</w> <w type="AT">a</w> <w type="JJ" subtype="TL">West</w> <w type="NN" subtype="TL">Point</w> <w type="NN">graduate</w> <w type="CC">and</w> <w type="RB">therefore</w> <w type="MD">must</w> <w type="BE">be</w> <w type="VBN">born</w> <w type="TO">to</w> <w type="VB">command</w> <c type="pct">''</c> <c type="pct">.</c> </s>
</p>
<p><s n="86"><w type="JJ">Similar</w> <w type="NNS">comments</w> <w type="IN">about</w> <w type="NNS">officers</w> <w type="BER">are</w> <w type="TO">to</w> <w type="BE">be</w> <w type="VBN">found</w> <w type="IN">in</w> <w type="AT">the</w> <w type="NNS">letters</w> <w type="IN">of</w> <w type="JJ" subtype="TL">Northern</w> <w type="NNS">soldiers</w> <c type="pct">.</c> </s>
<s n="87"><w type="AT">A</w> <w type="NP">Massachusetts</w> <w type="NN">soldier</w> <c type="pct">,</c> <w type="WPS">who</w> <w type="VBZ">seems</w> <w type="TO">to</w> <w type="HV">have</w> <w type="BEN">been</w> <w type="AT">a</w> <w type="JJ" subtype="TL">Civil</w> <w type="NN" subtype="TL">War</w> <w type="NN">version</w> <w type="IN">of</w> <w type="NP">Bill</w> <w type="NP">Mauldin</w> <c type="pct">,</c> <w type="VBD">wrote</w> <c type="pct">:</c> <c type="pct">``</c> <w type="AT">the</w> <w type="NNS">officers</w> <w type="VB">consider</w> <w type="PPLS">themselves</w> <w type="CS">as</w> <w type="VBN">made</w> <w type="IN">of</w> <w type="AT">a</w> <w type="JJ">different</w> <w type="NN">material</w> <w type="IN">from</w> <w type="AT">the</w> <w type="JJ">low</w> <w type="NNS">fellows</w> <w type="IN">in</w> <w type="AT">the</w> <w type="NNS">ranks</w> <c type="pct">.</c> </s>
<s n="88"><w type="PPSS">They</w> <w type="VB">get</w> <w type="ABN">all</w> <w type="AT">the</w> <w type="NN">glory</w> <w type="CC">and</w> <w type="AP">most</w> <w type="IN">of</w> <w type="AT">the</w> <w type="NN">pay</w> <w type="CC">and</w> <mw pos="DO *">don't </mw><w type="VB">earn</w> <w type="CD">ten</w> <w type="NNS">cents</w> <w type="RB">apiece</w> <w type="IN">on</w> <w type="AT">the</w> <w type="NN">average</w> <c type="pct">,</c> <w type="AT">the</w> <w type="JJ">drunken</w> <w type="NNS">rascals</w> <c type="pct">''</c> <c type="pct">.</c> </s>
<s n="89"><w type="NN" subtype="TL">Private</w> <w type="NP">George</w> <w type="NP">Gray</w> <w type="NP">Hunter</w> <w type="IN">of</w> <w type="NP">Pennsylvania</w> <w type="VBD">wrote</w> <c type="pct">:</c> <c type="pct">``</c> <w type="PPSS">I</w> <w type="BEM">am</w> <w type="QL">well</w> <w type="VBN">convinced</w> <w type="IN">in</w> <w type="PPg">my</w> <w type="JJ">own</w> <w type="NN">mind</w> <w type="CS">that</w> <w type="HVD">had</w> <w type="PPS">it</w> <w type="NEG">not</w> <w type="BEN">been</w> <w type="IN">for</w> <w type="NNS">officers</w> <w type="DT">this</w> <w type="NN">war</w> <w type="MD">would</w> <w type="HV">have</w> <w type="VBN">ended</w> <w type="QL">long</w> <w type="RB">ago</w> <c type="pct">''</c> <c type="pct">.</c> </s>
<s n="90"><w type="DT">Another</w> <w type="NP">Yankee</w> <w type="VBD">became</w> <w type="QL">so</w> <w type="VBN">disgusted</w> <w type="CS">as</w> <w type="TO">to</w> <w type="VB">state</w> <c type="pct">:</c> <c type="pct">``</c> <w type="PPSS">I</w> <w type="VB">wish</w> <w type="IN">to</w> <w type="NP">God</w> <w type="CD">one</w> <w type="ABN">half</w> <w type="IN">of</w> <w type="PPg">our</w> <w type="NNS">officers</w> <w type="BED">were</w> <w type="VBN">knocked</w> <w type="IN">in</w> <w type="AT">the</w> <w type="NN">head</w> <w type="IN">by</w> <w type="VBG">slinging</w> <w type="PPO">them</w> <w type="IN">against</w> <c type="pct">(</c> <w type="AT">the</w> <w type="AP">other</w> <w type="ABN">half</w> <c type="pct">)</c> <c type="pct">''</c> <c type="pct">.</c> </s>
</p>
<p><s n="91"><w type="AT">No</w> <w type="NN">group</w> <w type="IN">of</w> <w type="NNS">officers</w> <w type="VBD">came</w> <w type="RP">in</w> <w type="IN">for</w> <w type="QL">more</w> <w type="VBN">spirited</w> <w type="NN">denunciation</w> <w type="CS">than</w> <w type="AT">the</w> <w type="NNS">doctors</w> <c type="pct">.</c> </s>
<s n="92"><w type="CD">One</w> <w type="JJ" subtype="TL">Federal</w> <w type="NN">soldier</w> <w type="VBD">wrote</w> <c type="pct">:</c> <c type="pct">``</c> <w type="AT">the</w> <w type="NNS">docters</w> <w type="BEZ">is</w> <w type="AT">no</w> <w type="NN">aconte</w> <c type="pct">--</c> <w type="NN">hell</w> <w type="MD">will</w> <w type="BE">be</w> <w type="VBN">filde</w> <w type="IN">with</w> <w type="NNS">do(c)ters</w> <w type="CC">and</w> <w type="NNS">offersey</w> <w type="WRB">when</w> <w type="DT">this</w> <w type="NN">war</w> <w type="BEZ">is</w> <w type="RP">over</w> <c type="pct">''</c> <c type="pct">.</c> </s>
<s n="93"><w type="RB">Shortly</w> <w type="IN">after</w> <w type="AT">the</w> <w type="NN">beginning</w> <w type="IN">of</w> <w type="NPg">Sherman's</w> <w type="NP">Georgia</w> <w type="NN">campaign</w> <c type="pct">,</c> <w type="AT">an</w> <w type="VBG">ailing</w> <w type="NP">Yank</w> <w type="VBD">wrote</w> <w type="PPg">his</w> <w type="NNS">homefolk</w> <c type="pct">:</c> <c type="pct">``</c> <w type="AT">the</w> <w type="NN">surgeon</w> <w type="VBD">insisted</w> <w type="IN">on</w> <w type="VBG">sending</w> <w type="PPO">me</w> <w type="IN">to</w> <w type="AT">the</w> <w type="NN">hospital</w> <w type="IN">for</w> <w type="NN">treatment</w> <c type="pct">.</c> </s>
<s n="94"><w type="PPSS">I</w> <w type="VBD">insisted</w> <w type="IN">on</w> <w type="NN">takeing</w> <w type="AT">the</w> <w type="NN">field</w> <w type="CC">and</w> <w type="VBD">prevailed</w> <c type="pct">--</c> <w type="VBG">thinking</w> <w type="CS">that</w> <w type="PPSS">I</w> <w type="HVD">had</w> <w type="RBR">better</w> <w type="VB">die</w> <w type="IN">by</w> <w type="NN">rebel</w> <w type="NNS">bullets</w> <w type="CS">than</w> <c type="pct">(</c> <w type="IN">by</w> <c type="pct">)</c> <w type="NN" subtype="TL">Union</w> <w type="NN">quackery</w> <c type="pct">''</c> <c type="pct">.</c> </s>
</p>
<p><s n="95"><w type="AT">The</w> <w type="NNS">attitudes</w> <w type="WDT">which</w> <w type="AT">the</w> <w type="NPS">Rebs</w> <w type="CC">and</w> <w type="NPS">Yanks</w> <w type="VBD">took</w> <w type="IN">toward</w> <w type="DT">each</w> <w type="AP">other</w> <w type="BED">were</w> <w type="QL">very</w> <w type="AP">much</w> <w type="AT">the</w> <w type="AP">same</w> <w type="CC">and</w> <w type="VBD">ranged</w> <w type="IN">over</w> <w type="AT">the</w> <w type="AP">same</w> <w type="NN">gamut</w> <w type="IN">of</w> <w type="VBG">feeling</w> <c type="pct">,</c> <w type="IN">from</w> <w type="NN">friendliness</w> <w type="IN">to</w> <w type="JJ">extreme</w> <w type="NN">hatred</w> <c type="pct">.</c> </s>
<s n="96"><w type="AT">The</w> <w type="NPS">Rebs</w> <w type="BED">were</w> <c type="pct">,</c> <w type="IN">to</w> <w type="AT">a</w> <w type="NP">Massachusetts</w> <w type="NN">corporal</w> <c type="pct">,</c> <c type="pct">``</c> <w type="VBG">fighting</w> <w type="NNS">madmen</w> <w type="CC">or</w> <w type="NEG">not</w> <w type="NNS">men</w> <w type="IN">at</w> <w type="ABN">all</w> <w type="CC">but</w> <w type="NN">whiskey</w> <w type="CC">&amp;</w> <w type="NN">gunpowder</w> <w type="VBN">put</w> <w type="IN">into</w> <w type="AT">a</w> <w type="JJ">human</w> <w type="NN">frame</w> <c type="pct">''</c> <c type="pct">.</c> </s>
<s n="97"><w type="AT">A</w> <w type="NP">Pennsylvania</w> <w type="NN">soldier</w> <w type="VBD">wrote</w> <w type="CS">that</w> <c type="pct">``</c> <w type="PPSS">they</w> <w type="BED">were</w> <w type="AT">the</w> <w type="JJT">hardest</w> <w type="JJ">looking</w> <w type="NN">set</w> <w type="IN">of</w> <w type="NNS">men</w> <w type="CS">that</w> <w type="RB">ever</w> <w type="PPSS">I</w> <w type="VB">saw</w> <c type="pct">.</c> </s>
<s n="98"><w type="PPSS">They</w> <w type="VBD">looked</w> <w type="CS">as</w> <w type="CS">if</w> <w type="PPSS">they</w> <w type="HVD">had</w> <w type="BEN">been</w> <w type="VBN">fed</w> <w type="IN">on</w> <w type="NN">vinegar</w> <w type="CC">and</w> <w type="NNS">shavings</w> <c type="pct">.</c> </s>
<s n="99"><c type="pct">''</c> <w type="NN" subtype="TL">Private</w> <w type="NP">Jenkins</w> <w type="NP">Lloyd</w> <w type="NP">Jones</w> <w type="IN">of</w> <w type="AT">the</w> <w type="NP" subtype="TL">Wisconsin</w> <w type="JJ" subtype="TL">Light</w> <w type="NN" subtype="TL">Artillery</w> <w type="VBD">wrote</w> <w type="IN">in</w> <w type="PPg">his</w> <w type="NN">diary</w> <c type="pct">:</c> <c type="pct">``</c> <w type="PPSS">I</w> <w type="VBD">strolled</w> <w type="IN">among</w> <w type="AT">the</w> <w type="NPS">Alabamans</w> <w type="IN">on</w> <w type="AT">the</w> <w type="NR">right</w> <c type="pct">,</c> <w type="VBD">found</w> <w type="DTI">some</w> <w type="IN">of</w> <w type="AT">the</w> <w type="JJT">greenest</w> <w type="NNS">specimens</w> <w type="IN">of</w> <w type="NN">humanity</w> <w type="PPSS">I</w> <w type="VB">think</w> <w type="IN">in</w> <w type="AT">the</w> <w type="NN">universe</w> <c type="pct">,</c> <w type="PPg">their</w> <w type="NN">ignorance</w> <w type="BEG">being</w> <w type="QL">little</w> <w type="AP">less</w> <w type="IN">than</w> <w type="AT">the</w> <w type="NN">slave</w> <w type="PPSS">they</w> <w type="VB">despise</w> <w type="IN">with</w> <w type="CS">as</w> <w type="JJ">imperfect</w> <w type="AT">a</w> <w type="NN">dialect</w> <c type="pct">.</c> </s>
<s n="100"><w type="PPSS">They</w> <w type="VBD">recooned</w> <w type="CS">as</w> <w type="WRB">how</w> <w type="PPSS">you'uns</w> <w type="ABN">all</w> <w type="MD">would</w> <w type="BE">be</w> <w type="AT">a</w> <w type="NN">heap</w> <w type="JJR">wus</w> <w type="IN">to</w> <w type="PPO">we'uns</w> <w type="ABN">all</w> <c type="pct">'</c> <c type="pct">''</c> <c type="pct">.</c> </s>
<s n="101"><w type="IN">In</w> <w type="AT">a</w> <w type="JJ">similar</w> <w type="NN">vein</w> <c type="pct">,</c> <w type="CC">but</w> <w type="VBG">writing</w> <w type="IN">from</w> <w type="AT">the</w> <w type="JJ">opposite</w> <w type="NN">side</w> <c type="pct">,</c> <w type="NP">Thomas</w> <w type="NP">Taylor</w> <c type="pct">,</c> <w type="AT">a</w> <w type="NN">private</w> <w type="IN">in</w> <w type="AT">the</w> <w type="OD" subtype="TL">6th</w> <w type="NP" subtype="TL">Alabama</w> <w type="NNS" subtype="TL">Volunteers</w> <c type="pct">,</c> <w type="IN">in</w> <w type="AT">a</w> <w type="NN">letter</w> <w type="IN">to</w> <w type="PPg">his</w> <w type="NN">wife</w> <c type="pct">,</c> <w type="VBD">stated</w> <c type="pct">:</c> <c type="pct">``</c> <w type="PPSS">you</w> <w type="VB">know</w> <w type="CS">that</w> <w type="PPg">my</w> <w type="NN">heart</w> <w type="BEZ">is</w> <w type="IN">with</w> <w type="PPO">you</w> <w type="CC">but</w> <w type="PPSS">I</w> <w type="RB">never</w> <w type="MD">could</w> <w type="HV">have</w> <w type="BEN">been</w> <w type="VBN">satisfied</w> <w type="TO">to</w> <w type="HV">have</w> <w type="VBN">staid</w> <w type="IN">at</w> <w type="NN">home</w> <w type="WRB">when</w> <w type="PPg">my</w> <w type="NN">country</w> <w type="BEZ">is</w> <w type="VBN">invaded</w> <w type="IN">by</w> <w type="AT">a</w> <w type="VBG">thievin</w> <w type="NN">foe</w> <c type="pct">,</c> <w type="IN">by</w> <w type="AT">a</w> <w type="NN">set</w> <w type="IN">of</w> <w type="JJ">cowardly</w> <w type="NNS">skunks</w> <w type="WPg">whose</w> <w type="NN">motto</w> <w type="BEZ">is</w> <w type="NN">Booty</w> <c type="pct">.</c> </s>
</p>
<p></p></body></text></TEI>
