<TEI xmlns="http://www.tei-c.org/ns/1.0"><teiHeader><fileDesc><titleStmt><title>Sample F25 from  David Boroff, "Jewish Teen-Age Culture"
 The Annals of the American Academy of Political and Social Science
 338 (November, 1961) 82-85
 </title></titleStmt><editionStmt><edition>A part  of the XML version of the Brown Corpus</edition></editionStmt><extent>2,014 words 262 (13.0%) quotes</extent><publicationStmt><idno>F25</idno><availability><p>Used by permission0010-1880</p></availability></publicationStmt><sourceDesc><bibl> David Boroff, "Jewish Teen-Age Culture"
 The Annals of the American Academy of Political and Social Science
 338 (November, 1961) 82-85
 </bibl></sourceDesc></fileDesc><encodingDesc><p/></encodingDesc><revisionDesc><change when="2008-04-27">Header auto-generated for TEI version</change></revisionDesc></teiHeader>
<text xml:id="F25" decls="F">
<body><p><s n="1"><w type="PPg">My</w> <w type="NNS">interviews</w> <w type="IN">with</w> <w type="NNS">teen-agers</w> <w type="VBD">confirmed</w> <w type="DT">this</w> <w type="NN">portrait</w> <w type="IN">of</w> <w type="AT">the</w> <w type="NN">weakening</w> <w type="IN">of</w> <w type="JJ">religious</w> <w type="CC">and</w> <w type="JJ">ethnic</w> <w type="NNS">bonds</w> <c type="pct">.</c> </s>
<s n="2"><w type="JJ">Jewish</w> <w type="NN">identity</w> <w type="BEDZ">was</w> <w type="RB">often</w> <w type="VBN">confused</w> <w type="IN">with</w> <w type="JJ">social</w> <w type="CC">and</w> <w type="JJ">economic</w> <w type="NNS">strivings</w> <c type="pct">.</c> </s>
<s n="3"><c type="pct">``</c> <w type="BEG">Being</w> <w type="JJ">Jewish</w> <w type="VBZ">gives</w> <w type="PPO">you</w> <w type="JJ">tremendous</w> <w type="NN">drive</w> <c type="pct">''</c> <c type="pct">,</c> <w type="AT">a</w> <w type="NN">boy</w> <w type="VBD">remarked</w> <c type="pct">.</c> </s>
<s n="4"><c type="pct">``</c> <w type="PPS">It</w> <w type="VBZ">means</w> <w type="CS">that</w> <w type="PPSS">you</w> <w type="HV">have</w> <w type="TO">to</w> <w type="VB">get</w> <w type="RB">ahead</w> <c type="pct">''</c> <c type="pct">.</c> </s>
<s n="5"><w type="WRB">When</w> <w type="PPSS">I</w> <w type="VBD">pressed</w> <w type="IN">for</w> <w type="AT">a</w> <w type="QL">purely</w> <w type="JJ">religious</w> <w type="NN">definition</w> <c type="pct">,</c> <w type="PPSS">I</w> <w type="VBD">encountered</w> <w type="AT">the</w> <w type="JJ">familiar</w> <w type="NN">blend</w> <w type="IN">of</w> <w type="JJ">liberal</w> <w type="NN">piety</w> <c type="pct">,</c> <w type="JJ">interfaith</w> <w type="JJ">good</w> <w type="NN">will</w> <c type="pct">,</c> <w type="CC">and</w> <w type="AT">a</w> <w type="JJ">small</w> <w type="NN">residue</w> <w type="IN">of</w> <w type="JJ">ethnic</w> <w type="NN">loyalty</w> <c type="pct">.</c> </s>
</p>
<p><s n="6"><c type="pct">``</c> <w type="PPSS">I</w> <w type="VB">like</w> <w type="AT">the</w> <w type="NN">tradition</w> <c type="pct">''</c> <c type="pct">,</c> <w type="AT">a</w> <w type="NN">girl</w> <w type="VBD">said</w> <c type="pct">.</c> </s>
<s n="7"><c type="pct">``</c> <w type="PPSS">I</w> <w type="VB">like</w> <w type="TO">to</w> <w type="VB">follow</w> <w type="AT">the</w> <w type="NNS">holidays</w> <w type="WRB">when</w> <w type="PPSS">they</w> <w type="VB">come</w> <w type="RB">along</w> <c type="pct">.</c> </s>
<s n="8"><w type="CC">But</w> <w type="PPSS">you</w> <mw pos="DO *">don't </mw><w type="HV">have</w> <w type="TO">to</w> <w type="VB">worship</w> <w type="IN">in</w> <w type="AT">the</w> <w type="JJ">traditional</w> <w type="NN">way</w> <c type="pct">.</c> </s>
<s n="9"><w type="PPSS">You</w> <w type="MD">can</w> <w type="VB">communicate</w> <w type="IN">in</w> <w type="PPg">your</w> <w type="JJ">own</w> <w type="NN">way</w> <c type="pct">.</c> </s>
<s n="10"><w type="CS">As</w> <w type="PPSS">I</w> <w type="VB">see</w> <w type="PPO">it</w> <c type="pct">,</c> <mw pos="EX BEZ">there's </mw><w type="AT">no</w> <w type="JJ">real</w> <w type="NN">difference</w> <w type="IN">between</w> <w type="BEG">being</w> <w type="JJ">Jewish</w> <c type="pct">,</c> <w type="JJ">Catholic</w> <c type="pct">,</c> <w type="CC">or</w> <w type="JJ">Protestant</w> <c type="pct">''</c> <c type="pct">.</c> </s>
</p>
<p><s n="11"><w type="DT">Another</w> <w type="NN">teen-ager</w> <w type="VBD">remarked</w> <c type="pct">:</c> <c type="pct">``</c> <w type="AP">Most</w> <w type="NPS">Jews</w> <mw pos="DO *">don't </mw><w type="VB">believe</w> <w type="IN">in</w> <w type="NP">God</w> <c type="pct">,</c> <w type="CC">but</w> <w type="PPSS">they</w> <w type="VB">believe</w> <w type="IN">in</w> <w type="NNS">people</w> <c type="pct">--</c> <w type="IN">in</w> <w type="VBG">helping</w> <w type="NNS">people</w> <c type="pct">''</c> <c type="pct">.</c> </s>
<s n="12"><w type="RB">Still</w> <w type="DT">another</w> <w type="NN">boy</w> <w type="VBD">asserted</w> <c type="pct">:</c> <c type="pct">``</c> <w type="TO">To</w> <w type="BE">be</w> <w type="AT">a</w> <w type="JJ">good</w> <w type="NP">Jew</w> <w type="BEZ">is</w> <w type="TO">to</w> <w type="DO">do</w> <w type="AT">no</w> <w type="NN">wrong</w> <c type="pct">;</c> <c type="pct">;</c> </s>
<s n="13"><mw pos="PPS BEZ">it's </mw><w type="TO">to</w> <w type="BE">be</w> <w type="AT">a</w> <w type="JJ">good</w> <w type="NN">person</w> <c type="pct">''</c> <c type="pct">.</c> </s>
<s n="14"><w type="WRB">When</w> <w type="VBN">asked</w> <w type="WRB">how</w> <w type="DT">this</w> <w type="BEDZ">was</w> <w type="JJ">different</w> <w type="IN">from</w> <w type="BEG">being</w> <w type="AT">a</w> <w type="JJ">good</w> <w type="NP">Protestant</w> <c type="pct">,</c> <w type="AT">the</w> <w type="NN">boy</w> <w type="VBD">answered</w> <c type="pct">,</c> <c type="pct">``</c> <mw pos="PPS BEZ">It's </mw><w type="AT">the</w> <w type="AP">same</w> <w type="NN">thing</w> <c type="pct">''</c> <c type="pct">.</c> </s>
</p>
<p><s n="15"><w type="DT">This</w> <w type="VBZ">accords</w> <w type="IN">with</w> <w type="AT">the</w> <w type="NN">study</w> <w type="IN">by</w> <w type="NP">Maier</w> <w type="CC">and</w> <w type="NP">Spinrad</w> <c type="pct">.</c> </s>
<s n="16"><w type="PPSS">They</w> <w type="VBD">discovered</w> <w type="CS">that</w> <c type="pct">,</c> <w type="CS">although</w> <w type="CD">42</w> <w type="IN">per</w> <w type="NN">cent</w> <w type="IN">of</w> <w type="AT">a</w> <w type="NN">sample</w> <w type="IN">of</w> <w type="JJ">Catholic</w> <w type="NNS">students</w> <w type="CC">and</w> <w type="CD">15</w> <w type="IN">per</w> <w type="NN">cent</w> <w type="IN">of</w> <w type="AT">the</w> <w type="NPS">Protestants</w> <w type="VBD">believed</w> <w type="PPO">it</w> <w type="JJ">important</w> <w type="TO">to</w> <w type="VB">live</w> <w type="IN">in</w> <w type="NN">accordance</w> <w type="IN">with</w> <w type="AT">the</w> <w type="NNS">teachings</w> <w type="IN">of</w> <w type="PPg">their</w> <w type="NN">religion</w> <c type="pct">,</c> <w type="RB">only</w> <w type="CD">8</w> <w type="IN">per</w> <w type="NN">cent</w> <w type="IN">of</w> <w type="AT">the</w> <w type="JJ">Jewish</w> <w type="NNS">students</w> <w type="HVD">had</w> <w type="DT">this</w> <w type="NN">conviction</w> <c type="pct">.</c> </s>
<s n="17"><w type="AT">The</w> <w type="QL">most</w> <w type="JJ">important</w> <w type="NNS">aims</w> <w type="IN">of</w> <w type="AT">the</w> <w type="JJ">Jewish</w> <w type="NNS">students</w> <w type="BED">were</w> <w type="CS">as</w> <w type="VBZ">follows</w> <c type="pct">:</c> <w type="TO">to</w> <w type="VB">make</w> <w type="AT">the</w> <w type="NN">world</w> <w type="AT">a</w> <w type="JJR">better</w> <w type="NN">place</w> <w type="TO">to</w> <w type="VB">live</w> <w type="IN">in</w> <c type="pct">--</c> <w type="CD">30</w> <w type="IN">per</w> <w type="NN">cent</w> <c type="pct">;</c> <c type="pct">;</c> </s>
<s n="18"><w type="TO">to</w> <w type="VB">get</w> <w type="NN">happiness</w> <w type="IN">for</w> <w type="PPL">yourself</w> <c type="pct">--</c> <w type="CD">28</w> <w type="IN">per</w> <w type="NN">cent</w> <c type="pct">;</c> <c type="pct">;</c> </s>
<s n="19"><w type="CC">and</w> <w type="JJ">financial</w> <w type="NN">independence</w> <c type="pct">--</c> <w type="CD">21</w> <w type="IN">per</w> <w type="NN">cent</w> <c type="pct">.</c> </s>
</p>
<p><s n="20"><w type="RB">Nevertheless</w> <c type="pct">,</c> <w type="AP">most</w> <w type="IN">of</w> <w type="AT">the</w> <w type="NNS">teen-agers</w> <w type="PPSS">I</w> <w type="VBD">interviewed</w> <w type="VBD">believed</w> <w type="IN">in</w> <w type="VBG">maintaining</w> <w type="PPg">their</w> <w type="JJ">Jewish</w> <w type="NN">identity</w> <w type="CC">and</w> <w type="RB">even</w> <w type="VBD">envisioned</w> <w type="VBG">joining</w> <w type="AT">a</w> <w type="NN">synagogue</w> <w type="CC">or</w> <w type="NN">temple</w> <c type="pct">.</c> </s>
<s n="21"><w type="RB">However</w> <c type="pct">,</c> <w type="PPSS">they</w> <w type="BED">were</w> <w type="JJ">hostile</w> <w type="IN">to</w> <w type="JJ" subtype="TL">Jewish</w> <w type="NN" subtype="TL">Orthodoxy</w> <c type="pct">,</c> <w type="VBG">professing</w> <w type="TO">to</w> <w type="VB">believe</w> <w type="IN">in</w> <w type="NP">Judaism</w> <c type="pct">``</c> <w type="CC">but</w> <w type="IN">in</w> <w type="AT">a</w> <w type="JJ">moderate</w> <w type="NN">way</w> <c type="pct">''</c> <c type="pct">.</c> </s>
<s n="22"><w type="CD">One</w> <w type="NN">boy</w> <w type="VBD">said</w> <w type="RB">querulously</w> <w type="IN">about</w> <w type="JJ" subtype="TL">Orthodox</w> <w type="NPS">Jews</w> <c type="pct">:</c> <c type="pct">``</c> <mw pos="PPS BEZ">It's </mw><w type="AT">the</w> <w type="OD">twentieth</w> <w type="NN">century</w> <c type="pct">,</c> <w type="CC">and</w> <w type="PPSS">they</w> <mw pos="DO *">don't </mw><w type="HV">have</w> <w type="TO">to</w> <w type="VB">wear</w> <w type="NNS">beards</w> <c type="pct">''</c> <c type="pct">.</c> </s>
</p>
<p><s n="23"><w type="AT">The</w> <w type="NN">reason</w> <w type="VBN">offered</w> <w type="IN">for</w> <w type="VBG">clinging</w> <w type="IN">to</w> <w type="AT">the</w> <w type="JJ">ancestral</w> <w type="NN">faith</w> <w type="VBD">lacked</w> <w type="NN">force</w> <w type="CC">and</w> <w type="NN">authority</w> <w type="RB">even</w> <w type="IN">in</w> <w type="AT">the</w> <w type="NNSg">teen-agers'</w> <w type="NNS">minds</w> <c type="pct">.</c> </s>
<s n="24"><c type="pct">``</c> <w type="PPSS">We</w> <w type="BED">were</w> <w type="VBN">brought</w> <w type="RP">up</w> <w type="DT">that</w> <w type="NN">way</w> <c type="pct">''</c> <w type="BEDZ">was</w> <w type="CD">one</w> <w type="NN">statement</w> <w type="WDT">which</w> <w type="VBD">won</w> <w type="JJ">general</w> <w type="NN">assent</w> <c type="pct">.</c> </s>
<s n="25"><c type="pct">``</c> <w type="PPSS">I</w> <w type="VB">want</w> <w type="TO">to</w> <w type="VB">show</w> <w type="NN">respect</w> <w type="IN">for</w> <w type="PPg">my</w> <w type="NNSg">parents'</w> <w type="NN">religion</w> <c type="pct">''</c> <w type="BEDZ">was</w> <w type="AT">the</w> <w type="NN">way</w> <w type="IN">in</w> <w type="WDT">which</w> <w type="AT">a</w> <w type="NN">boy</w> <w type="VBD">justified</w> <w type="PPg">his</w> <w type="VBG">inhabiting</w> <w type="AT">a</w> <w type="JJ">halfway</w> <w type="NN">house</w> <w type="IN">of</w> <w type="NP">Judaism</w> <c type="pct">.</c> </s>
<s n="26"><w type="RB">Still</w> <w type="DT">another</w> <w type="VBD">suggested</w> <w type="CS">that</w> <w type="PPS">he</w> <w type="MD">would</w> <w type="VB">join</w> <w type="AT">a</w> <w type="NN">temple</w> <c type="pct">``</c> <w type="IN">for</w> <w type="JJ">social</w> <w type="NNS">reasons</w> <c type="pct">,</c> <w type="CS">since</w> <mw pos="PPSS MD">I'll </mw><w type="BE">be</w> <w type="VBG">living</w> <w type="IN">in</w> <w type="AT">a</w> <w type="NN">suburb</w> <c type="pct">''</c> <c type="pct">.</c> </s>
</p>
<p><s n="27"><w type="NN">Intermarriage</w> <c type="pct">,</c> <w type="WDT">which</w> <w type="BEZ">is</w> <w type="RB">generally</w> <w type="VBN">regarded</w> <w type="CS">as</w> <w type="AT">a</w> <w type="NN">threat</w> <w type="IN">to</w> <w type="JJ">Jewish</w> <w type="NN">survival</w> <c type="pct">,</c> <w type="BEDZ">was</w> <w type="VBN">regarded</w> <w type="NEG">not</w> <w type="IN">with</w> <w type="NN">horror</w> <w type="CC">or</w> <w type="NN">apprehension</w> <w type="CC">but</w> <w type="IN">with</w> <w type="AT">a</w> <w type="NN">kind</w> <w type="IN">of</w> <w type="JJ">mild</w> <c type="pct">,</c> <w type="JJ">clinical</w> <w type="NN">disapproval</w> <c type="pct">.</c> </s>
<s n="28"><w type="AP">Most</w> <w type="IN">of</w> <w type="AT">the</w> <w type="NNS">teen-agers</w> <w type="PPSS">I</w> <w type="VBD">interviewed</w> <w type="VBN">rejected</w> <w type="PPO">it</w> <w type="IN">on</w> <w type="JJ">pragmatic</w> <w type="NNS">grounds</w> <c type="pct">.</c> </s>
<s n="29"><c type="pct">``</c> <w type="WRB">When</w> <w type="PPSS">you</w> <w type="VB">marry</w> <c type="pct">,</c> <w type="PPSS">you</w> <w type="VB">want</w> <w type="TO">to</w> <w type="HV">have</w> <w type="NNS">things</w> <w type="IN">in</w> <w type="JJ">common</w> <c type="pct">''</c> <c type="pct">,</c> <w type="AT">a</w> <w type="NN">girl</w> <w type="VBD">said</w> <c type="pct">,</c> <c type="pct">``</c> <w type="CC">and</w> <mw pos="PPS BEZ">it's </mw><w type="JJ">hard</w> <w type="WRB">when</w> <w type="PPSS">you</w> <mw pos="DO *">don't </mw><w type="VB">marry</w> <w type="PN">someone</w> <w type="IN">with</w> <w type="PPg">your</w> <w type="JJ">own</w> <w type="NN">background</w> <c type="pct">''</c> <c type="pct">.</c> </s>
</p>
<p><s n="30"><w type="AT">A</w> <w type="JJ">fourteen-year-old</w> <w type="NN">girl</w> <w type="IN">from</w> <w type="AT">the</w> <w type="JJ" subtype="TL">Middle</w> <w type="NR" subtype="TL">West</w> <w type="VBD">observed</w> <w type="RB">wryly</w> <w type="CS">that</w> <c type="pct">,</c> <w type="IN">in</w> <w type="PPg">her</w> <w type="NN">community</w> <c type="pct">,</c> <w type="NN">religion</w> <w type="RB">inconveniently</w> <w type="VBD">interfered</w> <w type="IN">with</w> <w type="JJ">religious</w> <w type="NNS">activities</w> <c type="pct">--</c> <w type="IN">at</w> <w type="AP">least</w> <w type="IN">with</w> <w type="AT">the</w> <w type="JJ">peripheral</w> <w type="NNS">activities</w> <w type="WPS">that</w> <w type="AP">many</w> <w type="JJ">middle</w> <w type="NN">class</w> <w type="NPS">Jews</w> <w type="RB">now</w> <w type="VB">regard</w> <w type="CS">as</w> <w type="JJ">religious</w> <c type="pct">.</c> </s>
<s n="31"><w type="PPS">It</w> <w type="VBZ">appears</w> <w type="CS">that</w> <w type="AT">an</w> <w type="JJ" subtype="TL">Orthodox</w> <w type="NN">girl</w> <w type="IN">in</w> <w type="AT">the</w> <w type="NN">community</w> <w type="VBD">disrupted</w> <w type="NNS">plans</w> <w type="IN">for</w> <w type="AT">an</w> <w type="NN">outing</w> <w type="VBN">sponsored</w> <w type="IN">by</w> <w type="CD">one</w> <w type="IN">of</w> <w type="AT">the</w> <w type="JJ">Jewish</w> <w type="NN">service</w> <w type="NNS">groups</w> <w type="CS">because</w> <w type="PPS">she</w> <w type="MD">would</w> <w type="NEG">not</w> <w type="VB">travel</w> <w type="IN">on</w> <w type="NR">Saturday</w> <w type="CC">and</w> <c type="pct">,</c> <w type="IN">in</w> <w type="NN">addition</w> <c type="pct">,</c> <w type="VBD">required</w> <w type="JJ">kosher</w> <w type="NN">food</w> <c type="pct">.</c> </s>
<s n="32"><w type="DT">Another</w> <w type="NN">girl</w> <w type="IN">from</w> <w type="AT">a</w> <w type="QL">relatively</w> <w type="JJ">large</w> <w type="JJ">midwestern</w> <w type="NN">city</w> <w type="VBD">described</w> <w type="PPL">herself</w> <w type="CS">as</w> <c type="pct">``</c> <w type="AT">the</w> <w type="AP">only</w> <w type="JJ" subtype="TL">Orthodox</w> <w type="NN">girl</w> <w type="IN">in</w> <w type="NN">town</w> <c type="pct">''</c> <c type="pct">.</c> </s>
<s n="33"><w type="DT">This</w> <w type="BEZ">is</w> <c type="pct">,</c> <w type="AT">no</w> <w type="NN">doubt</w> <c type="pct">,</c> <w type="JJ">inaccurate</w> <c type="pct">,</c> <w type="CC">but</w> <w type="PPS">it</w> <w type="DOZ">does</w> <w type="VB">convey</w> <w type="WQL">how</w> <w type="VBN">isolated</w> <w type="PPS">she</w> <w type="VBZ">feels</w> <w type="IN">among</w> <w type="AT">the</w> <w type="JJ">vast</w> <w type="NN">army</w> <w type="IN">of</w> <w type="AT">the</w> <w type="JJ">nonobservant</w> <c type="pct">.</c> </s>
</p>
<p><s n="34"><w type="AT" subtype="HL">The</w> <w type="JJR" subtype="HL">older</w> <w type="NNS" subtype="HL">teens</w> </s>
<s n="35"><w type="CD">One</w> <w type="IN">of</w> <w type="AT">the</w> <w type="JJ">significant</w> <w type="NNS">things</w> <w type="IN">about</w> <w type="JJ">Jewish</w> <w type="NN">culture</w> <w type="IN">in</w> <w type="AT">the</w> <w type="JJR">older</w> <w type="NN">teen</w> <w type="NNS">years</w> <w type="BEZ">is</w> <w type="CS">that</w> <w type="PPS">it</w> <w type="BEZ">is</w> <w type="QL">largely</w> <w type="JJ">college-oriented</w> <c type="pct">.</c> </s>
<s n="36"><w type="CD">Sixty-five</w> <w type="IN">per</w> <w type="NN">cent</w> <w type="IN">of</w> <w type="AT">the</w> <w type="JJ">Jewish</w> <w type="NNS">teen-agers</w> <w type="IN">of</w> <w type="NN">college</w> <w type="NN">age</w> <w type="VB">attend</w> <w type="NNS">institutions</w> <w type="IN">of</w> <w type="JJR">higher</w> <w type="NN">learning</w> <c type="pct">.</c> </s>
<s n="37"><w type="DT">This</w> <w type="BEZ">is</w> <w type="QL">substantially</w> <w type="JJR">higher</w> <w type="CS">than</w> <w type="AT">the</w> <w type="NNS">figures</w> <w type="IN">for</w> <w type="AT">the</w> <w type="JJ">American</w> <w type="NN">population</w> <w type="IN">at</w> <w type="JJ">large</w> <c type="pct">--</c> <w type="CD">45.6</w> <w type="IN">per</w> <w type="NN">cent</w> <w type="IN">for</w> <w type="NNS">males</w> <w type="CC">and</w> <w type="CD">29.2</w> <w type="IN">per</w> <w type="NN">cent</w> <w type="IN">for</w> <w type="NNS">females</w> <c type="pct">.</c> </s>
<s n="38"><w type="DT">This</w> <w type="MD">may</w> <w type="VB">help</w> <w type="VB">explain</w> <w type="AT">a</w> <w type="NN">phenomenon</w> <w type="VBN">described</w> <w type="IN">by</w> <w type="AT">a</w> <w type="NN">small-town</w> <w type="JJ">Jewish</w> <w type="NN">boy</w> <c type="pct">.</c> </s>
<s n="39"><w type="IN">In</w> <w type="PPg">their</w> <w type="OD">first</w> <w type="CD">two</w> <w type="NNS">years</w> <w type="IN">in</w> <w type="JJ">high</w> <w type="NN">school</w> <c type="pct">,</c> <w type="JJ">Jewish</w> <w type="NNS">boys</w> <w type="IN">in</w> <w type="DT">this</w> <w type="NN">town</w> <w type="VB">make</w> <w type="JJ">strenuous</w> <w type="NNS">exertions</w> <w type="TO">to</w> <w type="VB">win</w> <w type="NNS">positions</w> <w type="IN">on</w> <w type="AT">the</w> <w type="NN">school</w> <w type="NNS">teams</w> <c type="pct">.</c> </s>
<s n="40"><w type="RB">However</w> <c type="pct">,</c> <w type="IN">in</w> <w type="PPg">their</w> <w type="JJ">junior</w> <w type="CC">and</w> <w type="JJ">senior</w> <w type="NNS">years</w> <c type="pct">,</c> <w type="PPSS">they</w> <w type="RB">generally</w> <w type="VB">forego</w> <w type="PPg">their</w> <w type="JJ">athletic</w> <w type="NNS">pursuits</w> <c type="pct">,</c> <w type="RB">presumably</w> <w type="IN">in</w> <w type="AT">the</w> <w type="NN">interest</w> <w type="IN">of</w> <w type="JJR">better</w> <w type="JJ">academic</w> <w type="NN">achievement</w> <c type="pct">.</c> </s>
<s n="41"><w type="PPS">It</w> <w type="BEZ">is</w> <w type="JJ">significant</w> <c type="pct">,</c> <w type="RB">too</w> <c type="pct">,</c> <w type="CS">that</w> <w type="AT">the</w> <w type="JJR">older</w> <w type="NNS">teen-agers</w> <w type="PPSS">I</w> <w type="VBD">interviewed</w> <w type="VBD">believed</w> <c type="pct">,</c> <w type="IN">unlike</w> <w type="AT">the</w> <w type="JJR">younger</w> <w type="NNS">ones</w> <c type="pct">,</c> <w type="CS">that</w> <w type="JJ">Jewish</w> <w type="NNS">students</w> <w type="VB">tend</w> <w type="TO">to</w> <w type="DO">do</w> <w type="RBR">better</w> <w type="RB">academically</w> <w type="CS">than</w> <w type="PPg">their</w> <w type="JJ">gentile</w> <w type="NNS">counterparts</w> <c type="pct">.</c> </s>
</p>
<p><s n="42"><w type="AT">The</w> <w type="NN">percentage</w> <w type="IN">of</w> <w type="JJ">Jewish</w> <w type="NNS">girls</w> <w type="WPS">who</w> <w type="VB">attend</w> <w type="NN">college</w> <w type="BEZ">is</w> <w type="QL">almost</w> <w type="QL">as</w> <w type="JJ">high</w> <w type="CS">as</w> <w type="DT">that</w> <w type="IN">of</w> <w type="NNS">boys</w> <c type="pct">.</c> </s>
<s n="43"><w type="AT">The</w> <w type="NNS">motivations</w> <w type="IN">for</w> <w type="ABX">both</w> <w type="NNS">sexes</w> <c type="pct">,</c> <w type="TO">to</w> <w type="BE">be</w> <w type="JJ">sure</w> <c type="pct">,</c> <w type="BER">are</w> <w type="JJ">different</w> <c type="pct">.</c> </s>
<s n="44"><w type="AT">The</w> <w type="JJ">vocational</w> <w type="NN">motive</w> <w type="BEZ">is</w> <w type="AT">the</w> <w type="JJ">dominant</w> <w type="CD">one</w> <w type="IN">for</w> <w type="NNS">boys</w> <c type="pct">,</c> <w type="CS">while</w> <w type="JJ">Jewish</w> <w type="NNS">girls</w> <w type="VB">attend</w> <w type="NN">college</w> <w type="IN">for</w> <w type="JJ">social</w> <w type="NNS">reasons</w> <w type="CC">and</w> <w type="TO">to</w> <w type="VB">become</w> <w type="RB">culturally</w> <w type="VBN">developed</w> <c type="pct">.</c> </s>
<s n="45"><w type="CD">One</w> <w type="IN">of</w> <w type="AT">the</w> <w type="JJ">significant</w> <w type="NNS">developments</w> <w type="IN">in</w> <w type="JJ">American-Jewish</w> <w type="NN">life</w> <w type="BEZ">is</w> <w type="CS">that</w> <w type="AT">the</w> <w type="JJ">cultural</w> <w type="NNS">consumers</w> <w type="BER">are</w> <w type="RB">largely</w> <w type="AT">the</w> <w type="NNS">women</w> <c type="pct">.</c> </s>
<s n="46"><w type="PPS">It</w> <w type="BEZ">is</w> <w type="PPSS">they</w> <w type="WPS">who</w> <w type="VB">read</w> <c type="pct">--</c> <w type="CC">and</w> <w type="VB">make</w> <c type="pct">--</c> <w type="JJ">Jewish</w> <w type="NNS">best-sellers</w> <w type="CC">and</w> <w type="RB">then</w> <w type="VB">persuade</w> <w type="PPg">their</w> <w type="NNS">husbands</w> <w type="TO">to</w> <w type="VB">read</w> <w type="PPO">them</w> <c type="pct">.</c> </s>
</p>
<p><s n="47"><w type="IN">In</w> <w type="JJ">upper</w> <w type="NN">teen</w> <w type="JJ">Jewish</w> <w type="NN">life</w> <c type="pct">,</c> <w type="AT">the</w> <w type="NN">non-college</w> <w type="NN">group</w> <w type="VBZ">tends</w> <w type="TO">to</w> <w type="HV">have</w> <w type="AT">a</w> <w type="NN">sense</w> <w type="IN">of</w> <w type="NN">marginality</w> <c type="pct">.</c> </s>
<s n="48"><c type="pct">``</c> <w type="NNS">People</w> <w type="RB">automatically</w> <w type="VB">assume</w> <w type="CS">that</w> <mw pos="PPSS BEM">I'm </mw><w type="IN">in</w> <w type="NN">college</w> <c type="pct">''</c> <c type="pct">,</c> <w type="AT">a</w> <w type="JJ">nineteen-year-old</w> <w type="NN">machinist</w> <w type="VBD">observed</w> <w type="RB">irritably</w> <c type="pct">.</c> </s>
<s n="49"><w type="RB">However</w> <c type="pct">,</c> <w type="IN">among</w> <w type="AT">the</w> <w type="NNS">girls</w> <c type="pct">,</c> <w type="EX">there</w> <w type="BER">are</w> <w type="DTI">some</w> <w type="JJ">morale-enhancing</w> <w type="NNS">compensations</w> <w type="IN">for</w> <w type="NEG">not</w> <w type="VBG">going</w> <w type="IN">to</w> <w type="NN">college</w> <c type="pct">.</c> </s>
<s n="50"><w type="AT">The</w> <w type="JJ">Jewish</w> <w type="VBG">working</w> <w type="NN">girl</w> <w type="QL">almost</w> <w type="RB">invariably</w> <w type="VBZ">works</w> <w type="IN">in</w> <w type="AT">an</w> <w type="NN">office</w> <c type="pct">--</c> <w type="IN">in</w> <w type="NN">contradistinction</w> <w type="IN">to</w> <w type="JJ">gentile</w> <w type="NN">factory</w> <w type="NNS">workers</w> <c type="pct">--</c> <w type="CC">and</w> <c type="pct">,</c> <w type="VBN">buttressed</w> <w type="IN">by</w> <w type="AT">a</w> <w type="JJ">respectable</w> <w type="NN">income</w> <c type="pct">,</c> <w type="PPS">she</w> <w type="BEZ">is</w> <w type="JJ">likely</w> <w type="TO">to</w> <w type="VB">dress</w> <w type="RBR">better</w> <w type="CC">and</w> <w type="VB">live</w> <w type="QL">more</w> <w type="RB">expansively</w> <w type="CS">than</w> <w type="AT">the</w> <w type="NN">college</w> <w type="NN">student</w> <c type="pct">.</c> </s>
<s n="51"><w type="PPS">She</w> <w type="BEZ">is</w> <w type="RB">even</w> <w type="JJ">prone</w> <w type="TO">to</w> <w type="VB">regard</w> <w type="AT">the</w> <w type="NN">college</w> <w type="NN">girl</w> <w type="CS">as</w> <w type="JJ">immature</w> <c type="pct">.</c> </s>
</p>
<p><s n="52"><w type="AT" subtype="HL">The</w> <w type="JJ" subtype="HL">lower-middle</w> <w type="NN" subtype="HL">class</w> <w type="NN" subtype="HL">college</w> <w type="NN" subtype="HL">student</w> </s>
<s n="53"><w type="CD">One</w> <w type="IN">of</w> <w type="AT">the</w> <w type="NNS">reasons</w> <w type="IN">for</w> <w type="AT">the</w> <w type="JJ">high</w> <w type="NN">percentage</w> <w type="IN">of</w> <w type="JJ">Jewish</w> <w type="NNS">teen-agers</w> <w type="IN">in</w> <w type="NN">college</w> <w type="BEZ">is</w> <w type="CS">that</w> <w type="AT">a</w> <w type="JJ">great</w> <w type="AP">many</w> <w type="JJ">urban</w> <w type="NPS">Jews</w> <w type="BER">are</w> <w type="VBN">enabled</w> <w type="TO">to</w> <w type="VB">attend</w> <w type="JJ">local</w> <w type="NNS">colleges</w> <w type="IN">at</w> <w type="JJ">modest</w> <w type="NN">cost</w> <c type="pct">.</c> </s>
<s n="54"><w type="DT">This</w> <w type="BEZ">is</w> <w type="QL">particularly</w> <w type="JJ">true</w> <w type="IN">in</w> <w type="JJ">large</w> <w type="NNS">centers</w> <w type="IN">of</w> <w type="JJ">Jewish</w> <w type="NN">population</w> <w type="CS">like</w> <w type="JJ" subtype="TL">New</w> <w type="NP" subtype="TL">York</w> <c type="pct">,</c> <w type="NP">Chicago</w> <c type="pct">,</c> <w type="CC">and</w> <w type="NP">Philadelphia</w> <c type="pct">.</c> </s>
</p>
<p><s n="55"><w type="WDT">What</w> <w type="BEZ">is</w> <w type="JJ">noteworthy</w> <w type="IN">about</w> <w type="DT">this</w> <w type="JJ">large</w> <w type="NN">group</w> <w type="IN">of</w> <w type="NNS">teen-agers</w> <w type="BEZ">is</w> <w type="CS">that</w> <c type="pct">,</c> <w type="CS">although</w> <w type="PPg">their</w> <w type="NNS">attitudes</w> <w type="RB">hardly</w> <w type="VB">differentiate</w> <w type="PPO">them</w> <w type="IN">from</w> <w type="PPg">their</w> <w type="JJ">gentile</w> <w type="NNS">counterparts</w> <c type="pct">,</c> <w type="PPSS">they</w> <w type="RB">actually</w> <w type="VB">lead</w> <w type="PPg">their</w> <w type="NNS">lives</w> <w type="IN">in</w> <w type="AT">a</w> <w type="JJ">vast</w> <w type="JJ">self-enclosed</w> <w type="JJ">Jewish</w> <w type="NN">cosmos</w> <w type="IN">with</w> <w type="QL">relatively</w> <w type="AP">little</w> <w type="NN">contact</w> <w type="IN">with</w> <w type="AT">the</w> <w type="JJ">non-Jewish</w> <w type="NN">world</w> <c type="pct">.</c> </s>
</p>
<p><s n="56"><w type="RB">Perhaps</w> <w type="AT">the</w> <w type="JJ">Jewish</w> <w type="NNS">students</w> <w type="IN">at</w> <w type="NP" subtype="TL">Brooklyn</w> <w type="NN" subtype="TL">College</w> <c type="pct">--</c> <w type="VBG">constituting</w> <w type="CD">85</w> <w type="IN">per</w> <w type="NN">cent</w> <w type="IN">of</w> <w type="DTS">those</w> <w type="WPS">who</w> <w type="VB">attend</w> <w type="AT">the</w> <w type="NN">day</w> <w type="NN">session</w> <c type="pct">--</c> <w type="MD">can</w> <w type="VB">serve</w> <w type="CS">as</w> <w type="AT">a</w> <w type="NN">paradigm</w> <w type="IN">of</w> <w type="AT">the</w> <w type="JJ">urban</w> <c type="pct">,</c> <w type="JJ">lower-middle</w> <w type="NN">class</w> <w type="JJ">Jewish</w> <w type="NN">student</w> <c type="pct">.</c> </s>
</p>
<p><s n="57"><w type="EX">There</w> <w type="BEZ">is</w> <c type="pct">,</c> <w type="TO">to</w> <w type="VB">begin</w> <c type="pct">,</c> <w type="AT">an</w> <w type="JJ">important</w> <w type="NN">sex</w> <w type="NN">difference</w> <c type="pct">.</c> </s>
<s n="58"><w type="RB">Typically</w> <c type="pct">,</c> <w type="IN">in</w> <w type="AT">a</w> <w type="JJ">lower-middle</w> <w type="NN">class</w> <w type="JJ">Jewish</w> <w type="NN">family</w> <c type="pct">,</c> <w type="AT">a</w> <w type="NN">son</w> <w type="MD">will</w> <w type="BE">be</w> <w type="VBN">sent</w> <w type="IN">to</w> <w type="AT">an</w> <w type="JJ">out-of-town</w> <w type="NN">school</w> <c type="pct">,</c> <w type="CS">if</w> <w type="JJ">financial</w> <w type="NNS">resources</w> <w type="VB">warrant</w> <w type="PPO">it</w> <c type="pct">,</c> <w type="CS">while</w> <w type="AT">the</w> <w type="NN">daughter</w> <w type="MD">will</w> <w type="VB">attend</w> <w type="AT">the</w> <w type="JJ">local</w> <w type="NN">college</w> <c type="pct">.</c> </s>
<s n="59"><w type="EX">There</w> <w type="BER">are</w> <w type="CD">two</w> <w type="NNS">reasons</w> <w type="IN">for</w> <w type="DT">this</w> <c type="pct">.</c> </s>
<s n="60"><w type="OD">First</w> <c type="pct">,</c> <w type="AT">the</w> <w type="NNg">girl's</w> <w type="NN">education</w> <w type="HVZ">has</w> <w type="AT">a</w> <w type="JJR">lower</w> <w type="NN">priority</w> <w type="CS">than</w> <w type="AT">the</w> <w type="NNg">son's</w> <c type="pct">.</c> </s>
<s n="61"><w type="OD">Second</w> <c type="pct">,</c> <w type="AT">the</w> <w type="NN">attitude</w> <w type="IN">in</w> <w type="JJ">Jewish</w> <w type="NNS">families</w> <w type="BEZ">is</w> <w type="QL">far</w> <w type="RBR">more</w> <w type="JJ">protective</w> <w type="IN">toward</w> <w type="AT">the</w> <w type="NN">daughter</w> <w type="CS">than</w> <w type="IN">toward</w> <w type="AT">the</w> <w type="NN">son</w> <c type="pct">.</c> </s>
<s n="62"><w type="AP">Most</w> <w type="JJ">Jewish</w> <w type="NNS">mothers</w> <w type="BER">are</w> <w type="VBN">determined</w> <w type="TO">to</w> <w type="VB">exercise</w> <w type="NN">vigilance</w> <w type="IN">over</w> <w type="AT">the</w> <w type="JJ">social</w> <w type="CC">and</w> <w type="JJ">sexual</w> <w type="NNS">lives</w> <w type="IN">of</w> <w type="PPg">their</w> <w type="NNS">daughters</w> <w type="IN">by</w> <w type="VBG">keeping</w> <w type="PPO">them</w> <w type="NR">home</w> <c type="pct">.</c> </s>
<s n="63"><w type="AT">The</w> <w type="NN">consequence</w> <w type="IN">of</w> <w type="DT">this</w> <w type="BEZ">is</w> <w type="CS">that</w> <w type="AT">the</w> <w type="NNS">girls</w> <w type="IN">at</w> <w type="NP" subtype="TL">Brooklyn</w> <w type="NN" subtype="TL">College</w> <w type="VB">outnumber</w> <w type="AT">the</w> <w type="NNS">boys</w> <w type="CC">and</w> <w type="DO">do</w> <w type="QL">somewhat</w> <w type="RBR">better</w> <w type="RB">academically</w> <c type="pct">.</c> </s>
<s n="64"><w type="PN">One</w> <w type="MD">can</w> <w type="VB">assume</w> <w type="CS">that</w> <w type="DTI">some</w> <w type="IN">of</w> <w type="AT">the</w> <w type="JJT">brightest</w> <w type="NNS">boys</w> <w type="BER">are</w> <w type="IN">out</w> <w type="IN">of</w> <w type="NN">town</w> <c type="pct">.</c> </s>
</p>
<p><s n="65"><w type="NP" subtype="TL">Brooklyn</w> <w type="NN" subtype="TL">College</w> <w type="NNS">students</w> <w type="HV">have</w> <w type="AT">an</w> <w type="JJ">ambivalent</w> <w type="NN">attitude</w> <w type="IN">toward</w> <w type="PPg">their</w> <w type="NN">school</w> <c type="pct">.</c> </s>
<s n="66"><w type="IN">On</w> <w type="AT">the</w> <w type="CD">one</w> <w type="NN">hand</w> <c type="pct">,</c> <w type="EX">there</w> <w type="BEZ">is</w> <w type="AT">a</w> <w type="NN">sense</w> <w type="IN">of</w> <w type="NEG">not</w> <w type="HVG">having</w> <w type="VBN">moved</w> <w type="IN">beyond</w> <w type="AT">the</w> <w type="NN">ambiance</w> <w type="IN">of</w> <w type="PPg">their</w> <w type="JJ">high</w> <w type="NN">school</w> <c type="pct">.</c> </s>
<s n="67"><w type="DT">This</w> <w type="BEZ">is</w> <w type="QL">particularly</w> <w type="JJ">acute</w> <w type="IN">for</w> <w type="DTS">those</w> <w type="WPS">who</w> <w type="VBD">attended</w> <w type="NP" subtype="TL">Midwood</w> <w type="JJ" subtype="TL">High</w> <w type="NN" subtype="TL">School</w> <w type="RB">directly</w> <w type="IN">across</w> <w type="AT">the</w> <w type="NN">street</w> <w type="IN">from</w> <w type="NP" subtype="TL">Brooklyn</w> <w type="NN" subtype="TL">College</w> <c type="pct">.</c> </s>
<s n="68"><w type="PPSS">They</w> <w type="HV">have</w> <w type="AT">a</w> <w type="NN">sense</w> <w type="IN">of</w> <w type="NN">marginality</w> <w type="IN">at</w> <w type="BEG">being</w> <w type="VBN">denied</w> <w type="DT">that</w> <w type="JJ">special</w> <w type="NN">badge</w> <w type="IN">of</w> <w type="NN">status</w> <c type="pct">,</c> <w type="AT">the</w> <w type="JJ">out-of-town</w> <w type="NN">school</w> <c type="pct">.</c> </s>
<s n="69"><w type="IN">At</w> <w type="AT">the</w> <w type="AP">same</w> <w type="NN">time</w> <c type="pct">,</c> <w type="EX">there</w> <w type="BEZ">is</w> <w type="AT">a</w> <w type="JJ">good</w> <w type="NN">deal</w> <w type="IN">of</w> <w type="NN">self-congratulation</w> <w type="IN">at</w> <w type="VBG">attending</w> <w type="AT">a</w> <w type="JJ">good</w> <w type="NN">college</w> <c type="pct">--</c> <w type="PPSS">they</w> <w type="BER">are</w> <w type="RB">even</w> <w type="VBN">inclined</w> <w type="TO">to</w> <w type="VB">exaggerate</w> <w type="PPg">its</w> <w type="NEG">not</w> <w type="JJ">inconsiderable</w> <w type="NNS">virtues</w> <c type="pct">--</c> <w type="CC">and</w> <w type="PPSS">they</w> <w type="VB">express</w> <w type="NN">pleasure</w> <w type="IN">at</w> <w type="AT">the</w> <w type="JJ">cozy</w> <w type="NN">in-group</w> <w type="NN">feeling</w> <w type="CS">that</w> <w type="AT">the</w> <w type="NN">college</w> <w type="VBZ">generates</w> <c type="pct">.</c> </s>
<s n="70"><c type="pct">``</c> <mw pos="PPS BEZ">It's </mw><w type="NNS">people</w> <w type="IN">of</w> <w type="PPg">your</w> <w type="JJ">own</w> <w type="NN">kind</w> <c type="pct">''</c> <c type="pct">,</c> <w type="AT">a</w> <w type="NN">girl</w> <w type="VBD">remarked</w> <c type="pct">.</c> </s>
<s n="71"><c type="pct">``</c> <w type="PPSS">You</w> <mw pos="DO *">don't </mw><w type="HV">have</w> <w type="TO">to</w> <w type="VB">watch</w> <w type="WDT">what</w> <w type="PPSS">you</w> <w type="VB">say</w> <c type="pct">.</c> </s>
<s n="72"><w type="IN">Of</w> <w type="NN">course</w> <c type="pct">,</c> <w type="PPSS">I</w> <w type="MD">would</w> <w type="VB">like</w> <w type="TO">to</w> <w type="VB">go</w> <w type="IN">to</w> <w type="AT">an</w> <w type="JJ">out-of-town</w> <w type="NN">school</w> <w type="WRB">where</w> <w type="EX">there</w> <w type="BER">are</w> <w type="ABN">all</w> <w type="NNS">kinds</w> <w type="IN">of</w> <w type="NNS">people</w> <c type="pct">,</c> <w type="CC">but</w> <w type="PPSS">I</w> <w type="MD">would</w> <w type="VB">want</w> <w type="NNS">lots</w> <w type="IN">of</w> <w type="JJ">Jewish</w> <w type="NNS">kids</w> <w type="RB">there</w> <c type="pct">''</c> <c type="pct">.</c> </s>
</p>
<p><s n="73"><w type="IN">For</w> <w type="AP">most</w> <w type="NP" subtype="TL">Brooklyn</w> <w type="NN" subtype="TL">College</w> <w type="NNS">students</w> <c type="pct">,</c> <w type="NN">college</w> <w type="BEZ">is</w> <w type="IN">at</w> <w type="CS">once</w> <w type="AT">a</w> <w type="NN">perpetuation</w> <w type="IN">of</w> <w type="PPg">their</w> <w type="JJ">ethnic</w> <w type="NNS">attachments</w> <w type="CC">and</w> <w type="AT">a</w> <w type="NN">breaking</w> <w type="RB">away</w> <w type="IN">from</w> <w type="AT">the</w> <w type="NN">cage</w> <w type="IN">of</w> <w type="NN">neighborhood</w> <w type="CC">and</w> <w type="NN">family</w> <c type="pct">.</c> </s>
<s n="74"><w type="NP" subtype="TL">Brooklyn</w> <w type="NN" subtype="TL">College</w> <w type="BEZ">is</w> <w type="QL">unequivocally</w> <w type="JJ">Jewish</w> <w type="IN">in</w> <w type="NN">tone</w> <c type="pct">,</c> <w type="CC">and</w> <w type="NNS">efforts</w> <w type="TO">to</w> <w type="VB">detribalize</w> <w type="AT">the</w> <w type="NN">college</w> <w type="IN">by</w> <w type="VBG">bringing</w> <w type="RP">in</w> <w type="QL">unimpeachably</w> <w type="JJ">midwestern</w> <w type="NNS">types</w> <w type="IN">on</w> <w type="AT">the</w> <w type="NN">faculty</w> <w type="HV">have</w> <w type="BEN">been</w> <w type="JJ">unavailing</w> <c type="pct">.</c> </s>
<s n="75"><w type="RB">However</w> <c type="pct">,</c> <w type="AT">a</w> <w type="VBG">growing</w> <w type="JJ">intellectual</w> <w type="NN">sophistication</w> <w type="CC">and</w> <w type="AT">the</w> <w type="JJ">new</w> <w type="NNS">certitudes</w> <w type="VBN">imparted</w> <w type="IN">by</w> <w type="NNS">courses</w> <w type="IN">in</w> <w type="NN">psychology</w> <w type="CC">and</w> <w type="NN">anthropology</w> <w type="VB">make</w> <w type="AT">the</w> <w type="NNS">students</w> <w type="QL">increasingly</w> <w type="JJ">critical</w> <w type="IN">of</w> <w type="PPg">their</w> <w type="QL">somewhat</w> <w type="JJ">provincial</w> <w type="CC">and</w> <w type="JJ">overprotective</w> <w type="NNS">parents</w> <c type="pct">.</c> </s>
<s n="76"><w type="CC">And</w> <w type="AT">the</w> <w type="NN">rebellion</w> <w type="IN">of</w> <w type="DTS">these</w> <w type="OD">third</w> <w type="NN">generation</w> <w type="NPS">Jews</w> <w type="BEZ">is</w> <w type="NEG">not</w> <w type="AT">the</w> <w type="JJ">traditional</w> <w type="NN">conflict</w> <w type="IN">of</w> <w type="NN">culture</w> <w type="CC">but</w> <c type="pct">,</c> <w type="RB">rather</w> <c type="pct">,</c> <w type="AT">a</w> <w type="NN">protest</w> <w type="IN">against</w> <w type="AT">a</w> <w type="NN">culture</w> <w type="CS">that</w> <w type="PPSS">they</w> <w type="VB">view</w> <w type="CS">as</w> <w type="QL">softly</w> <w type="CC">and</w> <w type="QL">insidiously</w> <w type="VBG">enveloping</w> <c type="pct">.</c> </s>
<s n="77"><c type="pct">``</c> <w type="QL">As</w> <w type="RB">long</w> <w type="CS">as</w> <mw pos="PPSS BEM">I'm </mw><w type="NR">home</w> <c type="pct">,</c> <mw pos="PPSS MD">I'll </mw><w type="RB">never</w> <w type="VB">grow</w> <w type="RP">up</w> <c type="pct">''</c> <c type="pct">,</c> <w type="AT">a</w> <w type="JJ">nineteen-year-old</w> <w type="NN">boy</w> <w type="VBD">observed</w> <w type="RB">sadly</w> <c type="pct">.</c> </s>
<s n="78"><c type="pct">``</c> <w type="PPSS">They</w> <mw pos="DO *">don't </mw><w type="VB">like</w> <w type="PPO">it</w> <w type="CS">if</w> <w type="PPSS">I</w> <w type="DO">do</w> <w type="PN">anything</w> <w type="RB">away</w> <w type="IN">from</w> <w type="NR">home</w> <c type="pct">.</c> </s>
<s n="79"><mw pos="PPS BEZ">It's </mw><w type="QL">so</w> <w type="AP">much</w> <w type="NN">trouble</w> <c type="pct">,</c> <w type="PPSS">I</w> <mw pos="DO *">don't </mw><w type="RB">usually</w> <w type="VB">bother</w> <c type="pct">''</c> <c type="pct">.</c> </s>
</p>
<p><s n="80"><w type="IN">For</w> <w type="NNS">girls</w> <c type="pct">,</c> <w type="AT">the</w> <w type="NN">overprotection</w> <w type="BEZ">is</w> <w type="QL">far</w> <w type="QL">more</w> <w type="JJ">pervasive</w> <c type="pct">.</c> </s>
<s n="81"><w type="NNS">Parents</w> <w type="MD">will</w> <w type="VB">drive</w> <w type="IN">on</w> <w type="NR">Friday</w> <w type="NN">night</w> <w type="TO">to</w> <w type="VB">pick</w> <w type="RP">up</w> <w type="PPg">their</w> <w type="NNS">daughters</w> <w type="IN">after</w> <w type="AT">a</w> <w type="NN">sorority</w> <w type="CC">or</w> <w type="NN" subtype="TL">House</w> <w type="NN" subtype="TL">Plan</w> <w type="NN">meeting</w> <c type="pct">.</c> </s>
<s n="82"><w type="AT">A</w> <w type="NN">freshman</w> <w type="NNg">girl's</w> <w type="NN">father</w> <w type="NEG">not</w> <w type="QL">too</w> <w type="RB">long</w> <w type="RB">ago</w> <w type="VBD">called</w> <w type="AT">a</w> <w type="NN">dean</w> <w type="IN">at</w> <w type="NP" subtype="TL">Brooklyn</w> <w type="NN" subtype="TL">College</w> <w type="CC">and</w> <w type="VBD">demanded</w> <w type="AT">the</w> <c type="pct">``</c> <w type="NN">low-down</w> <c type="pct">''</c> <w type="IN">on</w> <w type="AT">a</w> <w type="NN">boy</w> <w type="WPS">who</w> <w type="BEDZ">was</w> <w type="VBG">going</w> <w type="RP">out</w> <w type="IN">with</w> <w type="PPg">his</w> <w type="NN">daughter</w> <c type="pct">.</c> </s>
<s n="83"><w type="AT">The</w> <w type="JJ">domestic</w> <w type="NNS">tentacles</w> <w type="RB">even</w> <w type="VB">extend</w> <w type="IN">to</w> <w type="AT">the</w> <w type="NN">choice</w> <w type="IN">of</w> <w type="AT">a</w> <w type="JJ">major</w> <w type="NN">field</w> <c type="pct">.</c> </s>
<s n="84"><w type="IN">Under</w> <w type="NN">pressure</w> <w type="IN">from</w> <w type="NNS">parents</w> <c type="pct">,</c> <w type="AT">the</w> <w type="NN">majority</w> <w type="IN">of</w> <w type="NP" subtype="TL">Brooklyn</w> <w type="NN" subtype="TL">College</w> <w type="NNS">girls</w> <w type="VB">major</w> <w type="IN">in</w> <w type="NN">education</w> <w type="CS">since</w> <w type="DT">that</w> <w type="VBZ">co-ordinates</w> <w type="RBT">best</w> <w type="IN">with</w> <w type="NN">marriage</w> <w type="NNS">plans</w> <c type="pct">--</c> <w type="VBN">limited</w> <w type="JJ">graduate</w> <w type="NN">study</w> <w type="NN">requirement</w> <w type="CC">and</w> <w type="JJ">convenient</w> <w type="VBG">working</w> <w type="NNS">hours</w> <c type="pct">.</c> </s>
<s n="85"><w type="DT">This</w> <w type="VBZ">means</w> <w type="CS">that</w> <w type="AT">a</w> <w type="QL">great</w> <w type="AP">many</w> <w type="RB">academically</w> <w type="JJ">talented</w> <w type="NNS">girls</w> <w type="BER">are</w> <w type="VBN">discouraged</w> <w type="IN">from</w> <w type="VBG">pursuing</w> <w type="JJ">graduate</w> <w type="NN">work</w> <w type="IN">of</w> <w type="AT">a</w> <w type="QL">more</w> <w type="JJ">demanding</w> <w type="NN">nature</w> <c type="pct">.</c> </s>
<s n="86"><w type="AT">A</w> <w type="NN">kind</w> <w type="IN">of</w> <w type="JJ">double</w> <w type="NN">standard</w> <w type="VBZ">exists</w> <w type="RB">here</w> <w type="IN">for</w> <w type="JJ">Jewish</w> <w type="NNS">boys</w> <w type="CC">and</w> <w type="NNS">girls</w> <w type="CS">as</w> <w type="PPS">it</w> <w type="DOZ">does</w> <w type="IN">in</w> <w type="AT">the</w> <w type="NN">realm</w> <w type="IN">of</w> <w type="NN">sex</w> <c type="pct">.</c> </s>
</p>
<p><s n="87"><w type="AT">The</w> <w type="NN">breaking</w> <w type="RB">away</w> <w type="IN">from</w> <w type="AT">the</w> <w type="NN">prison</w> <w type="NN">house</w> <w type="IN">of</w> <w type="NP">Brooklyn</w> <w type="BEZ">is</w> <w type="JJ">gradual</w> <c type="pct">.</c> </s>
<s n="88"><w type="RB">First</w> <c type="pct">,</c> <w type="AT">the</w> <w type="NN">student</w> <w type="VBZ">trains</w> <w type="IN">on</w> <w type="PPg">his</w> <w type="JJ">hapless</w> <w type="NNS">parents</w> <w type="AT">the</w> <w type="JJ">heavy</w> <w type="NN">artillery</w> <w type="IN">of</w> <w type="PPg">his</w> <w type="JJ">newly</w> <w type="VBN">acquired</w> <w type="JJ">psychological</w> <w type="CC">and</w> <w type="JJ">sociological</w> <w type="NNS">insights</w> <c type="pct">.</c> </s>
<s n="89"><w type="RB">Then</w> <c type="pct">,</c> <w type="IN">with</w> <w type="AT">the</w> <w type="JJ">new</w> <w type="NN">affluence</w> <c type="pct">,</c> <w type="EX">there</w> <w type="BEZ">is</w> <w type="RB">actually</w> <w type="AT">a</w> <w type="NN">sallying</w> <w type="RB">forth</w> <w type="IN">into</w> <w type="AT">the</w> <w type="JJ">wide</w> <c type="pct">,</c> <w type="JJ">wide</w> <w type="NN">world</w> <w type="IN">beyond</w> <w type="AT">the</w> <w type="NNS">precincts</w> <w type="IN">of</w> <w type="JJ" subtype="TL">New</w> <w type="NP" subtype="TL">York</w> <c type="pct">.</c> </s>
<s n="90"><w type="PPS">It</w> <w type="BEZ">is</w> <w type="JJ">significant</w> <w type="CS">that</w> <w type="AT">the</w> <w type="NPS">Catskills</w> <c type="pct">,</c> <w type="WDT">which</w> <w type="VBD">used</w> <w type="TO">to</w> <w type="BE">be</w> <w type="AT">the</w> <w type="NN">summer</w> <w type="NN">playground</w> <w type="IN">for</w> <w type="JJR">older</w> <w type="NNS">teen-agers</w> <c type="pct">,</c> <w type="AT">a</w> <w type="NN">kind</w> <w type="IN">of</w> <w type="NN">summer</w> <w type="NN">suburb</w> <w type="IN">of</w> <w type="JJ" subtype="TL">New</w> <w type="NP" subtype="TL">York</w> <c type="pct">,</c> <w type="QL">no</w> <w type="RBR">longer</w> <w type="VBZ">attracts</w> <w type="PPO">them</w> <w type="IN">in</w> <w type="JJ">great</w> <w type="NNS">numbers</w> <c type="pct">--</c> <w type="IN">except</w> <w type="IN">for</w> <w type="DTS">those</w> <w type="WPS">who</w> <w type="VB">work</w> <w type="RB">there</w> <w type="CS">as</w> <w type="NNS">waiters</w> <c type="pct">,</c> <w type="NN">bus</w> <w type="NNS">boys</w> <c type="pct">,</c> <w type="CC">or</w> <w type="NNS">counselors</w> <w type="IN">in</w> <w type="AT">the</w> <w type="NN">day</w> <w type="NNS">camps</w> <c type="pct">.</c> </s>
<s n="91"><w type="AT">The</w> <w type="JJ">great</w> <w type="NN">world</w> <w type="IN">beyond</w> <w type="VBZ">beckons</w> <c type="pct">.</c> </s>
<s n="92"><w type="CC">But</w> <w type="PPS">it</w> <w type="MD">should</w> <w type="BE">be</w> <w type="VBN">pointed</w> <w type="RP">out</w> <w type="CS">that</w> <w type="DTI">some</w> <w type="IN">of</w> <w type="AT">the</w> <w type="JJ">new</w> <w type="VBG">watering</w> <w type="NNS">places</w> <c type="pct">--</c> <w type="NN" subtype="TL">Fire</w> <w type="NN" subtype="TL">Island</w> <c type="pct">,</c> <w type="NP">Nantucket</w> <c type="pct">,</c> <w type="NP">Westhampton</w> <c type="pct">,</c> <w type="JJ" subtype="TL">Long</w> <w type="NN" subtype="TL">Island</w> <c type="pct">,</c> <w type="IN">for</w> <w type="NN">example</w> <c type="pct">--</c> <w type="VB">tend</w> <w type="TO">to</w> <w type="BE">be</w> <w type="QL">homogeneously</w> <w type="JJ">Jewish</w> <c type="pct">.</c> </s>
<s n="93"><w type="CS">Although</w> <w type="NP" subtype="TL">Brooklyn</w> <w type="NN" subtype="TL">College</w> <w type="DOZ">does</w> <w type="NEG">not</w> <w type="RB">yet</w> <w type="HV">have</w> <w type="AT">a</w> <w type="JJ">junior-year-abroad</w> <w type="NN">program</w> <c type="pct">,</c> <w type="AT">a</w> <w type="JJ">good</w> <w type="NN">number</w> <w type="IN">of</w> <w type="NNS">students</w> <w type="VB">spend</w> <w type="NNS">summers</w> <w type="IN">in</w> <w type="NP">Europe</w> <c type="pct">.</c> </s>
<s n="94"><w type="IN">In</w> <w type="JJ">general</w> <c type="pct">,</c> <w type="RB">however</w> <c type="pct">,</c> <w type="AT">the</w> <w type="NN">timetable</w> <w type="IN">of</w> <w type="NN">travel</w> <w type="VBZ">lags</w> <w type="QL">considerably</w> <w type="IN">behind</w> <w type="DT">that</w> <w type="IN">of</w> <w type="AT">the</w> <w type="NN">student</w> <w type="IN">at</w> <w type="NP">Harvard</w> <w type="CC">or</w> <w type="NP">Smith</w> <c type="pct">.</c> </s>
<s n="95"><w type="CC">And</w> <w type="NN">acculturation</w> <w type="IN">into</w> <w type="AT">the</w> <w type="NN">world</w> <w type="IN">at</w> <w type="JJ">large</w> <w type="BEZ">is</w> <w type="JJ">likely</w> <w type="TO">to</w> <w type="VB">occur</w> <w type="IN">for</w> <w type="AT">the</w> <w type="NP" subtype="TL">Brooklyn</w> <w type="NN" subtype="TL">College</w> <w type="NN">student</w> <w type="IN">after</w> <w type="NN">college</w> <w type="IN">rather</w> <w type="IN">than</w> <w type="IN">during</w> <w type="AT">the</w> <w type="CD">four</w> <w type="NN">school</w> <w type="NNS">years</w> <c type="pct">.</c> </s>
</p>
<p><s n="96"><w type="NP" subtype="TL">Brooklyn</w> <w type="NN" subtype="TL">College</w> <w type="BEZ">is</w> <w type="NP">Marjorie</w> <w type="NP">Morningstar</w> <w type="NN">territory</w> <c type="pct">,</c> <w type="QL">as</w> <w type="RB">much</w> <w type="CS">as</w> <w type="AT">the</w> <w type="NP">Bronx</w> <w type="CC">or</w> <w type="JJ" subtype="TL">Central</w> <w type="NN" subtype="TL">Park</w> <w type="JJ" subtype="TL">West</w> <c type="pct">.</c> </s>
<s n="97"><w type="EX">There</w> <w type="BER">are</w> <w type="NNS">hordes</w> <w type="IN">of</w> <w type="JJ">nubile</w> <w type="JJ">young</w> <w type="NNS">women</w> <w type="RB">there</w> <w type="WPS">who</w> <c type="pct">,</c> <w type="VBN">prodded</w> <w type="IN">by</w> <w type="PPg">their</w> <w type="JJ">impatient</w> <w type="NNS">mothers</w> <c type="pct">,</c> <w type="BER">are</w> <w type="VBN">determined</w> <w type="TO">to</w> <w type="VB">marry</w> <c type="pct">.</c> </s>
<s n="98"><w type="PPS">It</w> <w type="BEZ">is</w> <w type="JJ">interesting</w> <w type="CS">that</w> <c type="pct">,</c> <w type="CS">although</w> <w type="AT">the</w> <w type="NN">percentage</w> <w type="IN">of</w> <w type="VBN">married</w> <w type="NNS">students</w> <w type="BEZ">is</w> <w type="NEG">not</w> <w type="QL">appreciably</w> <w type="JJR">higher</w> <w type="IN">at</w> <w type="NP">Brooklyn</w> <w type="CS">than</w> <w type="RB">elsewhere</w> <c type="pct">--</c> <w type="RB">about</w> <w type="CD">30</w> <w type="IN">per</w> <w type="NN">cent</w> <w type="IN">of</w> <w type="AT">the</w> <w type="NNS">women</w> <w type="CC">and</w> <w type="CD">25</w> <w type="IN">per</w> <w type="NN">cent</w> <w type="IN">of</w> <w type="AT">the</w> <w type="NNS">men</w> <w type="IN">in</w> <w type="AT">the</w> <w type="VBG">graduating</w> <w type="NN">class</w> <c type="pct">--</c> <w type="AT">the</w> <w type="NN">anxiety</w> <w type="IN">of</w> <w type="AT">the</w> <w type="JJ">unmarried</w> <w type="HVZ">has</w> <w type="VBN">puffed</w> <w type="RP">up</w> <w type="AT">the</w> <w type="NN">estimate</w> <c type="pct">.</c> </s>
<s n="99"><c type="pct">``</c> <w type="RB">Almost</w> <w type="PN">everybody</w> <w type="IN">in</w> <w type="AT">the</w> <w type="JJ">senior</w> <w type="NN">class</w> <w type="BEZ">is</w> <w type="VBN">married</w> <c type="pct">''</c> <c type="pct">,</c> <w type="NNS">students</w> <w type="VB">say</w> <w type="RB">dogmatically</w> <c type="pct">.</c> </s>
<s n="100"><w type="CC">And</w> <w type="AT">the</w> <w type="NN">school</w> <w type="NN">newspaper</w> <w type="VBZ">sells</w> <w type="NN">space</w> <w type="IN">to</w> <w type="JJ">jubilant</w> <w type="NNS">fraternities</w> <c type="pct">,</c> <w type="NNS">sororities</w> <c type="pct">,</c> <w type="CC">and</w> <w type="NNS">houses</w> <c type="pct">(</c> <w type="IN">in</w> <w type="AT">the</w> <w type="NN" subtype="TL">House</w> <w type="NN" subtype="TL">Plan</w> <w type="NN" subtype="TL">Association</w> <c type="pct">)</c> <w type="WPS">that</w> <w type="HV">have</w> <w type="JJ">good</w> <w type="NN">news</w> <w type="TO">to</w> <w type="VB">impart</w> <c type="pct">.</c> </s>
<s n="101"><w type="DTS">These</w> <w type="NNS">announcements</w> <w type="BER">are</w> <c type="pct">,</c> <w type="IN">in</w> <w type="NN">effect</w> <c type="pct">,</c> <w type="NNS">advertisements</w> <w type="IN">for</w> <w type="PPLS">themselves</w> <w type="CS">as</w> <w type="VBG">thriving</w> <w type="NN">marriage</w> <w type="NNS">marts</w> <c type="pct">.</c> </s>
<s n="102"><w type="EX">There</w> <w type="BER">are</w> <w type="VBN">boxed</w> <w type="NNS">proclamations</w> <w type="IN">in</w> <w type="AT">the</w> <w type="NN">newspaper</w> <w type="IN">of</w> <w type="NNS">watchings</w> <c type="pct">,</c> <w type="NNS">pinnings</w> <c type="pct">,</c> <w type="NNS">ringings</w> <c type="pct">,</c> <w type="NNS">engagements</w> <c type="pct">,</c> <w type="CC">and</w> <w type="NNS">marriages</w> <w type="IN">in</w> <w type="AT">a</w> <w type="QL">scrupulously</w> <w type="VBN">graded</w> <w type="NN">hierarchy</w> <w type="IN">of</w> <w type="NN">felicity</w> <c type="pct">.</c> </s>
<s n="103"><c type="pct">``</c> <w type="NP" subtype="TL">Witt</w> <w type="NN" subtype="TL">House</w> <w type="RB">happily</w> <w type="VBZ">announces</w> <w type="AT">the</w> <w type="NN">engagement</w> <w type="IN">of</w> <w type="NP">Fran</w> <w type="NP">Horowitz</w> <w type="IN">to</w> <w type="NP">Erwin</w> <w type="NP">Schwartz</w> <w type="IN">of</w> <w type="NP" subtype="TL">Fife</w> <w type="NN" subtype="TL">House</w> <c type="pct">''</c> <c type="pct">.</c> </s>
</p>
<p><s n="104"><w type="AT">The</w> <w type="NP" subtype="TL">Brooklyn</w> <w type="NN" subtype="TL">College</w> <w type="NN">student</w> <w type="VBZ">shows</w> <w type="DTI">some</w> <w type="JJ">striking</w> <w type="NNS">departures</w> <w type="IN">from</w> <w type="VBG">prevailing</w> <w type="JJ">collegiate</w> <w type="NNS">models</w> <c type="pct">.</c> </s>
<s n="105"><w type="AT">The</w> <w type="NN" subtype="TL">Ivy</w> <w type="NN" subtype="TL">League</w> <w type="VBZ">enjoys</w> <w type="AT">no</w> <w type="JJ">easy</w> <w type="NN">dominion</w> <w type="RB">here</w> <c type="pct">,</c> <w type="CC">and</w> <w type="AT">the</w> <w type="NNS">boys</w> <w type="BER">are</w> <w type="QL">as</w> <w type="JJ">likely</w> <w type="TO">to</w> <w type="VB">dress</w> <w type="IN">in</w> <w type="QL">rather</w> <w type="JJ">foppish</w> <w type="JJ" subtype="TL">Continental</w> <w type="NN">fashion</w> <c type="pct">,</c> <w type="CC">or</w> <w type="RB">even</w> <w type="IN">in</w> <w type="JJ">nondescript</w> <w type="VBG">working</w> <w type="NN">class</w> <w type="NN">manner</w> <c type="pct">,</c> <w type="CS">as</w> <w type="PPSS">they</w> <w type="BER">are</w> <w type="IN">in</w> <w type="AT">the</w> <w type="VBN">restrained</w> <c type="pct">,</c> <w type="JJ">button-down</w> <w type="NN" subtype="TL">Ivy</w> <w type="NN">way</w> <c type="pct">.</c> </s>
<s n="106"><w type="AT">The</w> <w type="NNS">girls</w> <w type="BER">are</w> <w type="JJ">prone</w> <w type="TO">to</w> <w type="VB">dress</w> <w type="QL">far</w> <w type="QL">more</w> <w type="RB">flamboyantly</w> <w type="CS">than</w> <w type="PPg">their</w> <w type="NNS">counterparts</w> <w type="IN">out</w> <w type="IN">of</w> <w type="NN">town</w> <c type="pct">,</c> <w type="CC">and</w> <w type="NN">eye</w> <w type="NN">shadow</w> <c type="pct">,</c> <w type="NN">mascara</w> <c type="pct">,</c> <w type="CC">and</w> <w type="JJ">elaborate</w> <w type="JJ">bouffant</w> <w type="NNS">hairdos</w> <c type="pct">--</c> <w type="IN">despite</w> <w type="AT">the</w> <w type="NNS">admonitions</w> <w type="IN">of</w> <w type="JJ">cautious</w> <w type="NN">guidance</w> <w type="NNS">personnel</w> <c type="pct">--</c> <w type="BER">are</w> <w type="NEG">not</w> <w type="JJ">unknown</w> <w type="RB">even</w> <w type="IN">in</w> <w type="JJ">early</w> <w type="NN">morning</w> <w type="NNS">classes</w> <c type="pct">.</c> </s>
</p>
<p><s n="107"><w type="IN">Among</w> <w type="AT">the</w> <w type="NNS">boys</w> <c type="pct">,</c> <w type="EX">there</w> <w type="BEZ">is</w> <w type="QL">very</w> <w type="AP">little</w> <w type="NN">bravado</w> <w type="IN">about</w> <w type="VBG">drinking</w> <c type="pct">.</c> </s>
<s n="108"><w type="NP" subtype="TL">Brooklyn</w> <w type="NN" subtype="TL">College</w> <w type="BEZ">is</w> <w type="JJ">distinctive</w> <w type="IN">for</w> <w type="NEG">not</w> <w type="HVG">having</w> <w type="AT">an</w> <w type="JJ">official</w> <w type="VBG">drinking</w> <w type="NN">place</w> <c type="pct">.</c> </s>
<s n="109"><w type="AT">The</w> <w type="NN" subtype="TL">Fort</w> <w type="NP" subtype="TL">Lauderdale</w> <w type="NN">encampment</w> <w type="IN">for</w> <w type="VBG">drinking</w> <w type="BEZ">is</w> <w type="JJ">foreign</w> <w type="IN">to</w> <w type="AP">most</w> <w type="NP" subtype="TL">Brooklyn</w> <w type="NN" subtype="TL">College</w> <w type="NNS">boys</w> <c type="pct">.</c> </s>
</p>
<p></p></body></text></TEI>
