<TEI xmlns="http://www.tei-c.org/ns/1.0"><teiHeader><fileDesc><titleStmt><title>Sample F26 from  Amy Lathrop, "Pioneer Remedies from Western Kansas"
 Western Folklore, 20:3 (July, 1961), 6-10
 </title></titleStmt><editionStmt><edition>A part  of the XML version of the Brown Corpus</edition></editionStmt><extent>2,011 words 22 (1.1%) quotes</extent><publicationStmt><idno>F26</idno><availability><p>Used by permission0010-1650</p></availability></publicationStmt><sourceDesc><bibl> Amy Lathrop, "Pioneer Remedies from Western Kansas"
 Western Folklore, 20:3 (July, 1961), 6-10
 </bibl></sourceDesc></fileDesc><encodingDesc><p/></encodingDesc><revisionDesc><change when="2008-04-27">Header auto-generated for TEI version</change></revisionDesc></teiHeader>
<text xml:id="F26" decls="F">
<body><p><s n="1"><w type="DT">This</w> <w type="MD">should</w> <w type="BE">be</w> <w type="VBN">used</w> <w type="RB">frequently</w> <c type="pct">(</c> <w type="CC">but</w> <w type="VBN">shaken</w> <w type="IN">before</w> <w type="VBG">using</w> <c type="pct">)</c> <c type="pct">.</c> </s>
<s n="2"><w type="IN">For</w> <w type="VBN">galled</w> <w type="NNS">breasts</w> <c type="pct">,</c> <w type="AT">the</w> <w type="NN">mother</w> <w type="MD">should</w> <w type="VB">shave</w> <w type="IN">into</w> <w type="ABN">half</w> <w type="AT">a</w> <w type="NN">cup</w> <w type="IN">of</w> <w type="JJ">fresh</w> <w type="JJ">unsalted</w> <w type="NN">lard</w> <w type="AP">enough</w> <w type="JJ">white</w> <w type="NN">chalk</w> <w type="TO">to</w> <w type="VB">make</w> <w type="AT">a</w> <w type="NN">paste</w> <c type="pct">.</c> </s>
<s n="3"><w type="DT">This</w> <w type="MD">could</w> <w type="RB">also</w> <w type="BE">be</w> <w type="VBN">used</w> <w type="IN">for</w> <w type="DTI">any</w> <w type="AP">other</w> <w type="NN">skin</w> <w type="NN">irritation</w> <c type="pct">.</c> </s>
<s n="4"><w type="CC">Or</w> <w type="PPS">she</w> <w type="MD">might</w> <w type="VB">place</w> <w type="NN">cornstarch</w> <w type="IN">in</w> <w type="AT">the</w> <w type="NN">oven</w> <w type="IN">for</w> <w type="AT">a</w> <w type="JJ">short</w> <w type="NN">time</w> <w type="CC">and</w> <w type="RB">then</w> <w type="VB">apply</w> <w type="DT">this</w> <w type="IN">under</w> <w type="PPg">her</w> <w type="NNS">breasts</w> <c type="pct">.</c> </s>
</p>
<p><s n="5"><c type="pct">``</c> <w type="JJ">Female</w> <w type="NNS">troubles</w> <c type="pct">''</c> <w type="IN">of</w> <w type="JJ">various</w> <w type="NNS">kinds</w> <w type="DO">do</w> <w type="NEG">not</w> <w type="VB">seem</w> <w type="TO">to</w> <w type="HV">have</w> <w type="BEN">been</w> <w type="JJ">common</w> <w type="IN">on</w> <w type="AT">the</w> <w type="NN">frontier</w> <c type="pct">;</c> <c type="pct">;</c> </s>
<s n="6"><w type="IN">at</w> <w type="AP">least</w> <w type="PPSS">I</w> <w type="HV">have</w> <w type="RB">only</w> <w type="CD">one</w> <w type="NN">remedy</w> <w type="IN">for</w> <w type="PN">anything</w> <w type="IN">of</w> <w type="DT">this</w> <w type="NN">kind</w> <w type="IN">in</w> <w type="PPg">my</w> <w type="NN">collection</w> <c type="pct">,</c> <w type="CD">one</w> <w type="IN">for</w> <w type="VBG">hastening</w> <w type="VBN">delayed</w> <w type="NN">menstruation</w> <c type="pct">.</c> </s>
<s n="7"><w type="AT">The</w> <w type="NN">sufferer</w> <w type="VBZ">drinks</w> <w type="NN">tansy</w> <w type="NN">tea</w> <c type="pct">.</c> </s>
</p>
<p><s n="8"><w type="NNS">Bruises</w> <c type="pct">,</c> <w type="NNS">burns</w> <c type="pct">,</c> <w type="NNS">cuts</w> <c type="pct">,</c> <w type="RB">etc.</w> <c type="pct">,</c> <w type="VBD">occurred</w> <w type="RB">frequently</w> <w type="IN">on</w> <w type="AT">the</w> <w type="NN">frontier</w> <c type="pct">,</c> <w type="CC">and</w> <w type="NN">folk</w> <w type="NN">medicine</w> <w type="VBD">gave</w> <w type="AT">the</w> <w type="NNS">answers</w> <w type="IN">to</w> <w type="DTS">these</w> <w type="NNS">problems</w> <w type="RB">too</w> <c type="pct">.</c> </s>
<s n="9"><w type="NNS">Bruises</w> <w type="CC">and</w> <w type="JJ">black</w> <w type="NNS">eyes</w> <w type="BED">were</w> <w type="VBN">relieved</w> <w type="IN">by</w> <w type="NN">application</w> <w type="IN">of</w> <w type="JJ">raw</w> <w type="NN">beefsteak</w> <c type="pct">.</c> </s>
<s n="10"><c type="pct">(</c> <w type="NNS">Doctors</w> <w type="RB">now</w> <w type="VB">say</w> <w type="CS">that</w> <w type="PPS">it</w> <w type="BEDZ">was</w> <w type="NEG">not</w> <w type="AT">the</w> <w type="NN">meat</w> <w type="CC">but</w> <w type="AT">the</w> <w type="NN">coolness</w> <w type="IN">of</w> <w type="AT">the</w> <w type="NNS">applications</w> <w type="WDT">which</w> <w type="VBD">relieved</w> <w type="AT">the</w> <w type="NN">pain</w> <c type="pct">.</c> </s>
<s n="11"><c type="pct">)</c> <w type="VBN">Salted</w> <w type="NN">butter</w> <w type="BEDZ">was</w> <w type="DT">another</w> <w type="NN">cure</w> <w type="IN">for</w> <w type="NNS">bruises</w> <c type="pct">.</c> </s>
<s n="12"><w type="AP">Many</w> <w type="NNS">people</w> <w type="VBD">agreed</w> <w type="CS">that</w> <w type="NNS">burns</w> <w type="MD">should</w> <w type="BE">be</w> <w type="VBN">treated</w> <w type="IN">with</w> <w type="JJ">bland</w> <w type="JJ">oily</w> <w type="NNS">salves</w> <w type="CC">or</w> <w type="JJ">unsalted</w> <w type="NN">butter</w> <w type="CC">or</w> <w type="NN">lard</w> <c type="pct">,</c> <w type="CC">but</w> <w type="CD">one</w> <w type="NN">informant</w> <w type="VBD">told</w> <w type="PPO">me</w> <w type="CS">that</w> <w type="AT">a</w> <w type="NN">burn</w> <w type="MD">should</w> <w type="BE">be</w> <w type="VBN">bathed</w> <w type="IN">in</w> <w type="NN">salt</w> <w type="NN">water</w> <c type="pct">;</c> <c type="pct">;</c> </s>
<s n="13"><w type="AT">the</w> <w type="NN">burn</w> <w type="VBD">oozed</w> <w type="JJ">watery</w> <w type="NN">fluid</w> <w type="IN">for</w> <w type="AP">many</w> <w type="NNS">days</w> <c type="pct">,</c> <w type="CC">and</w> <w type="RB">finally</w> <w type="AT">the</w> <w type="NN">healing</w> <w type="BEDZ">was</w> <w type="VBN">completed</w> <w type="IN">by</w> <w type="VBG">bathing</w> <w type="PPO">it</w> <w type="IN">with</w> <w type="NN">epsom</w> <w type="NNS">salts</w> <c type="pct">.</c> </s>
<s n="14"><w type="DT">Another</w> <w type="VBD">swore</w> <w type="IN">by</w> <w type="NN">vinegar</w> <w type="NNS">baths</w> <w type="IN">for</w> <w type="NNS">burns</w> <c type="pct">,</c> <w type="CC">and</w> <w type="RB">still</w> <w type="DT">another</w> <w type="VBD">recommended</w> <w type="VBN">salted</w> <w type="NN">butter</w> <c type="pct">.</c> </s>
<s n="15"><c type="pct">``</c> <w type="NN">Butter</w> <w type="NN">salve</w> <c type="pct">''</c> <w type="CC">or</w> <c type="pct">``</c> <w type="NN">butter</w> <w type="NN">ointment</w> <c type="pct">''</c> <w type="BEDZ">was</w> <w type="VBN">used</w> <w type="IN">for</w> <w type="NNS">burns</w> <c type="pct">,</c> <w type="CC">and</w> <w type="IN">for</w> <w type="NNS">bruises</w> <w type="QL">as</w> <w type="RB">well</w> <c type="pct">.</c> </s>
<s n="16"><w type="DT">This</w> <w type="BEDZ">was</w> <w type="VBN">made</w> <w type="IN">by</w> <w type="VBG">putting</w> <w type="NN">butter</w> <w type="IN">in</w> <w type="AT">a</w> <w type="NN">pan</w> <w type="IN">of</w> <w type="NN">water</w> <w type="CC">and</w> <w type="VBG">allowing</w> <w type="PPO">it</w> <w type="TO">to</w> <w type="VB">boil</w> <c type="pct">;</c> <c type="pct">;</c> </s>
<s n="17"><w type="WRB">when</w> <w type="PPS">it</w> <w type="BEDZ">was</w> <w type="JJ">cool</w> <c type="pct">,</c> <w type="AT">the</w> <w type="NN">fat</w> <w type="BEDZ">was</w> <w type="VBN">skimmed</w> <w type="RP">off</w> <w type="CC">and</w> <w type="VBN">bottled</w> <c type="pct">.</c> </s>
<s n="18"><w type="NNg">Cow's</w> <w type="NN">milk</w> <w type="BEDZ">was</w> <w type="DT">another</w> <w type="NN">cure</w> <w type="IN">for</w> <w type="NNS">burns</w> <c type="pct">,</c> <w type="CC">and</w> <w type="NNS">burns</w> <w type="VBN">covered</w> <w type="IN">with</w> <w type="NN">gum</w> <w type="JJ">arabic</w> <w type="CC">or</w> <w type="JJ">plain</w> <w type="NN">mucilage</w> <w type="VBD">healed</w> <w type="RB">quickly</w> <c type="pct">.</c> </s>
<s n="19"><w type="CD">One</w> <w type="NN">man</w> <c type="pct">,</c> <w type="RB">badly</w> <w type="VBN">burned</w> <w type="IN">about</w> <w type="AT">the</w> <w type="NN">face</w> <w type="CC">and</w> <w type="NNS">eyes</w> <w type="IN">by</w> <w type="AT">an</w> <w type="NN">arc</w> <w type="NN">welding</w> <w type="NN">torch</w> <c type="pct">,</c> <w type="BEDZ">was</w> <w type="VBN">blinded</w> <w type="CC">and</w> <w type="MD">could</w> <w type="NEG">not</w> <w type="VB">find</w> <w type="AT">a</w> <w type="NN">doctor</w> <w type="IN">at</w> <w type="AT">the</w> <w type="NN">time</w> <c type="pct">.</c> </s>
<s n="20"><w type="AT">A</w> <w type="JJ">sympathetic</w> <w type="NN">friend</w> <w type="VBD">made</w> <w type="NNS">poultices</w> <w type="IN">of</w> <w type="JJ">raw</w> <w type="NN">potato</w> <w type="NNS">parings</w> <c type="pct">,</c> <w type="WDT">which</w> <w type="PPS">she</w> <w type="VBD">said</w> <w type="BEDZ">was</w> <w type="AT">the</w> <w type="JJT">best</w> <w type="CC">and</w> <w type="JJT">quickest</w> <w type="NN">way</w> <w type="TO">to</w> <w type="VB">draw</w> <w type="RP">out</w> <w type="AT">the</w> <c type="pct">``</c> <w type="NN">heat</w> <c type="pct">''</c> <c type="pct">.</c> </s>
<s n="21"><w type="RBR">Later</w> <w type="AT">the</w> <w type="NN">doctor</w> <w type="VBD">used</w> <w type="NN">mineral</w> <w type="NN">oil</w> <w type="IN">on</w> <w type="AT">the</w> <w type="NNS">burns</w> <c type="pct">.</c> </s>
<s n="22"><w type="AT">The</w> <w type="NNS">results</w> <w type="BED">were</w> <w type="JJ">good</w> <c type="pct">,</c> <w type="CC">but</w> <w type="WDT">which</w> <w type="NN">treatment</w> <w type="VBN">helped</w> <w type="BEZ">is</w> <w type="RB">still</w> <w type="NEG">not</w> <w type="VBN">known</w> <c type="pct">.</c> </s>
</p>
<p><s n="23"><w type="TO">To</w> <w type="VB">stop</w> <w type="VBG">bleeding</w> <c type="pct">,</c> <w type="NNS">cobwebs</w> <w type="BED">were</w> <w type="VBN">applied</w> <w type="IN">to</w> <w type="NNS">cuts</w> <w type="CC">and</w> <w type="NNS">wounds</w> <c type="pct">.</c> </s>
<s n="24"><w type="CD">One</w> <w type="NN">old-timer</w> <w type="VBD">said</w> <w type="TO">to</w> <w type="VB">sprinkle</w> <w type="NN">sugar</w> <w type="IN">on</w> <w type="AT">a</w> <w type="VBG">bleeding</w> <w type="NN">cut</w> <c type="pct">,</c> <w type="RB">even</w> <w type="WRB">when</w> <w type="IN">on</w> <w type="AT">a</w> <w type="NN">knuckle</w> <c type="pct">,</c> <w type="CS">if</w> <w type="PPS">it</w> <w type="BEDZ">was</w> <w type="VBN">made</w> <w type="IN">by</w> <w type="AT">a</w> <w type="JJ">rusty</w> <w type="NN">tool</w> <c type="pct">;</c> <c type="pct">;</c> </s>
<s n="25"><w type="DT">this</w> <w type="MD">would</w> <w type="VB">stop</w> <w type="AT">the</w> <w type="NN">flow</w> <w type="CC">and</w> <w type="RB">also</w> <w type="VB">prevent</w> <w type="NN">infection</w> <c type="pct">.</c> </s>
<s n="26"><w type="PPg">My</w> <w type="NN">lawyer</w> <w type="VBD">told</w> <w type="PPO">me</w> <w type="CS">that</w> <w type="PPg">his</w> <w type="NN">mother</w> <w type="VBD">used</w> <w type="AT">a</w> <w type="JJ">similar</w> <w type="NN">remedy</w> <w type="IN">for</w> <w type="NNS">cuts</w> <w type="CC">and</w> <w type="NNS">wounds</w> <c type="pct">;</c> <c type="pct">;</c> </s>
<s n="27"><w type="PPS">she</w> <w type="VBD">sprinkled</w> <w type="JJ">common</w> <w type="NN">sugar</w> <w type="RB">directly</w> <w type="IN">on</w> <w type="AT">the</w> <w type="NN">injury</w> <w type="CC">and</w> <w type="RB">then</w> <w type="VBD">bound</w> <w type="PPO">it</w> <w type="RB">loosely</w> <w type="IN">with</w> <w type="NN">cotton</w> <w type="NN">cloth</w> <c type="pct">,</c> <w type="IN">over</w> <w type="WDT">which</w> <w type="PPS">she</w> <w type="VBD">poured</w> <w type="NN">turpentine</w> <c type="pct">.</c> </s>
<s n="28"><w type="PPS">He</w> <w type="VBD">showed</w> <w type="PPO">me</w> <w type="CD">one</w> <w type="IN">of</w> <w type="PPg">his</w> <w type="NNS">fingers</w> <w type="WDT">which</w> <w type="HVD">had</w> <w type="BEN">been</w> <w type="QL">practically</w> <w type="VBN">amputated</w> <w type="CC">and</w> <w type="WDT">which</w> <w type="PPg">his</w> <w type="NN">mother</w> <w type="HVD">had</w> <w type="VBN">treated</w> <c type="pct">;</c> <c type="pct">;</c> </s>
<s n="29"><w type="EX">there</w> <w type="BEZ">is</w> <w type="RB">scarcely</w> <w type="AT">a</w> <w type="NN">scar</w> <w type="VBG">showing</w> <c type="pct">.</c> </s>
<s n="30"><w type="NN">Tobacco</w> <w type="BEDZ">was</w> <w type="JJ">common</w> <w type="OD">first</w> <w type="NN">aid</w> <c type="pct">.</c> </s>
<s n="31"><w type="AT">A</w> <c type="pct">``</c> <w type="NN">chaw</w> <c type="pct">''</c> <w type="IN">of</w> <w type="NN">tobacco</w> <w type="VBN">put</w> <w type="IN">on</w> <w type="AT">an</w> <w type="JJ">open</w> <w type="NN">wound</w> <w type="BEDZ">was</w> <w type="ABX">both</w> <w type="JJ">antiseptic</w> <w type="CC">and</w> <w type="VBG">healing</w> <c type="pct">.</c> </s>
<s n="32"><w type="CC">Or</w> <w type="AT">a</w> <w type="JJ">thin</w> <w type="NN">slice</w> <w type="IN">of</w> <w type="NN">plug</w> <w type="NN">tobacco</w> <w type="MD">might</w> <w type="BE">be</w> <w type="VBN">laid</w> <w type="IN">on</w> <w type="AT">the</w> <w type="JJ">open</w> <w type="NN">wound</w> <w type="IN">without</w> <w type="VBG">chewing</w> <c type="pct">.</c> </s>
<s n="33"><w type="CD">One</w> <w type="JJ">old</w> <w type="NN">man</w> <w type="VBD">told</w> <w type="PPO">me</w> <w type="CS">that</w> <w type="WRB">when</w> <w type="PPS">he</w> <w type="BEDZ">was</w> <w type="AT">a</w> <w type="NN">boy</w> <w type="PPS">he</w> <w type="BEDZ">was</w> <w type="VBN">kicked</w> <w type="IN">in</w> <w type="AT">the</w> <w type="NN">head</w> <w type="IN">by</w> <w type="AT">a</w> <w type="JJ">fractious</w> <w type="NN">mule</w> <w type="CC">and</w> <w type="HVD">had</w> <w type="PPg">his</w> <w type="NN">scalp</w> <w type="VBN">laid</w> <w type="RB">back</w> <w type="IN">from</w> <w type="AT">the</w> <w type="JJ">entire</w> <w type="NN">front</w> <w type="IN">of</w> <w type="PPg">his</w> <w type="NN">head</w> <c type="pct">.</c> </s>
<s n="34"><w type="PPg">His</w> <w type="NN">brother</w> <w type="VBD">ran</w> <w type="AT">a</w> <w type="NN">mile</w> <w type="TO">to</w> <w type="VB">get</w> <w type="AT">the</w> <w type="NN">father</w> <c type="pct">;</c> <c type="pct">;</c> </s>
<s n="35"><w type="WRB">when</w> <w type="PPSS">they</w> <w type="VBD">reached</w> <w type="AT">the</w> <w type="NN">boy</w> <c type="pct">,</c> <w type="AT">the</w> <w type="NN">father</w> <w type="VBD">sliced</w> <w type="AT">a</w> <w type="JJ">new</w> <w type="NN">plug</w> <w type="IN">of</w> <w type="NN">tobacco</w> <c type="pct">,</c> <w type="VBD">put</w> <w type="AT">the</w> <w type="NN">scalp</w> <w type="RB">back</w> <w type="IN">in</w> <w type="NN">place</w> <c type="pct">,</c> <w type="CC">and</w> <w type="VBD">covered</w> <w type="AT">the</w> <w type="JJ">raw</w> <w type="NNS">edges</w> <w type="IN">with</w> <w type="AT">the</w> <w type="NNS">slices</w> <c type="pct">.</c> </s>
<s n="36"><w type="RB">Then</w> <w type="PPS">he</w> <w type="VBD">put</w> <w type="AT">a</w> <w type="NN">rag</w> <w type="IN">around</w> <w type="AT">the</w> <w type="NN">dressing</w> <w type="TO">to</w> <w type="VB">keep</w> <w type="PPO">it</w> <w type="IN">in</w> <w type="NN">place</w> <c type="pct">.</c> </s>
<s n="37"><w type="EX">There</w> <w type="BEDZ">was</w> <w type="AT">no</w> <w type="NN">cleaning</w> <w type="CC">or</w> <w type="JJR">further</w> <w type="NN">care</w> <c type="pct">,</c> <w type="CC">but</w> <w type="AT">the</w> <w type="NN">wound</w> <w type="VBD">healed</w> <w type="IN">in</w> <w type="AP">less</w> <w type="IN">than</w> <w type="CD">two</w> <w type="NNS">weeks</w> <w type="CC">and</w> <w type="VBD">showed</w> <w type="AT">no</w> <w type="NN">scar</w> <c type="pct">.</c> </s>
<s n="38"><w type="NN">Veronica</w> <w type="IN">from</w> <w type="AT">the</w> <w type="NN">herb</w> <w type="NN">garden</w> <w type="BEDZ">was</w> <w type="RB">also</w> <w type="VBN">used</w> <w type="TO">to</w> <w type="VB">stop</w> <w type="VBG">bleeding</w> <c type="pct">,</c> <w type="CC">and</w> <w type="NN">rue</w> <w type="BEDZ">was</w> <w type="AT">an</w> <w type="NN">antiseptic</w> <c type="pct">.</c> </s>
<s n="39"><w type="IN">Until</w> <w type="QL">quite</w> <w type="RB">recently</w> <c type="pct">,</c> <c type="pct">``</c> <w type="JJ">sterile</w> <c type="pct">''</c> <w type="NNS">maggots</w> <w type="MD">could</w> <w type="BE">be</w> <w type="VBN">bought</w> <w type="TO">to</w> <w type="VB">apply</w> <w type="IN">to</w> <w type="AT">a</w> <w type="NN">wound</w> <c type="pct">;</c> <c type="pct">;</c> </s>
<s n="40"><w type="PPSS">they</w> <w type="MD">would</w> <w type="VB">feed</w> <w type="IN">on</w> <w type="PPg">its</w> <w type="NN">surface</w> <c type="pct">,</c> <w type="VBG">leaving</w> <w type="PPO">it</w> <w type="JJ">clean</w> <w type="CS">so</w> <w type="CS">that</w> <w type="PPS">it</w> <w type="MD">could</w> <w type="BE">be</w> <w type="RB">medically</w> <w type="VBN">treated</w> <c type="pct">.</c> </s>
</p>
<p><s n="41"><w type="NN">Tetanus</w> <w type="MD">could</w> <w type="BE">be</w> <w type="VBN">avoided</w> <w type="IN">by</w> <w type="VBG">pouring</w> <w type="JJ">warm</w> <w type="NN">turpentine</w> <w type="IN">over</w> <w type="AT">a</w> <w type="NN">wound</w> <c type="pct">.</c> </s>
<s n="42"><w type="CD">One</w> <w type="NN">family</w> <w type="VBD">bound</w> <w type="NNS">wounds</w> <w type="IN">with</w> <w type="NN">bacon</w> <w type="CC">or</w> <w type="NN">salt</w> <w type="NN">pork</w> <w type="NNS">strips</w> <c type="pct">,</c> <w type="CC">or</w> <c type="pct">,</c> <w type="CS">if</w> <w type="DTS">these</w> <w type="BED">were</w> <w type="NEG">not</w> <w type="JJ">handy</w> <c type="pct">,</c> <w type="JJ">plain</w> <w type="NN">lard</w> <c type="pct">.</c> </s>
<s n="43"><w type="DT">Another</w> <w type="VBD">sprinkled</w> <w type="NN">sugar</w> <w type="IN">on</w> <w type="JJ">hot</w> <w type="NNS">coals</w> <w type="CC">and</w> <w type="VBD">held</w> <w type="AT">the</w> <w type="VBN">wounded</w> <w type="NN">foot</w> <w type="CC">or</w> <w type="NN">hand</w> <w type="IN">in</w> <w type="AT">the</w> <w type="NN">smoke</w> <c type="pct">.</c> </s>
<s n="44"><w type="NN">Rabies</w> <w type="BED">were</w> <w type="VBN">cured</w> <w type="CC">or</w> <w type="VBN">prevented</w> <w type="IN">by</w> <c type="pct">``</c> <w type="NNS">madstones</w> <c type="pct">''</c> <w type="WDT">which</w> <w type="AT">the</w> <w type="NN">pioneer</w> <w type="VBD">wore</w> <w type="CC">or</w> <w type="VBD">carried</w> <c type="pct">.</c> </s>
<s n="45"><w type="IN">In</w> <w type="CD">1872</w> <w type="EX">there</w> <w type="BED">were</w> <w type="VBN">known</w> <w type="TO">to</w> <w type="BE">be</w> <w type="CD">twenty-two</w> <w type="IN">in</w> <w type="NP" subtype="TL">Norton</w> <w type="NN" subtype="TL">County</w> <c type="pct">,</c> <w type="CC">and</w> <w type="CD">one</w> <w type="HVD">had</w> <w type="BEN">been</w> <w type="IN">in</w> <w type="AT">the</w> <w type="NN">family</w> <w type="IN">for</w> <w type="CD">200</w> <w type="NNS">years</w> <c type="pct">.</c> </s>
<s n="46"><w type="DT">Another</w> <w type="NN">cure</w> <w type="IN">for</w> <w type="NN">hydrophobia</w> <w type="BEDZ">was</w> <w type="TO">to</w> <w type="VB">suck</w> <w type="AT">the</w> <w type="NNS">wounds</w> <c type="pct">,</c> <w type="RB">then</w> <w type="VB">cauterize</w> <w type="PPO">them</w> <w type="IN">with</w> <w type="AT">a</w> <w type="JJ">hot</w> <w type="NN">knife</w> <w type="CC">or</w> <w type="NN">poker</w> <c type="pct">.</c> </s>
</p>
<p><s n="47"><w type="CS">While</w> <w type="RB">nowadays</w> <w type="PPSS">we</w> <w type="VB">recognize</w> <w type="AT">the</w> <w type="NN">fact</w> <w type="CS">that</w> <w type="EX">there</w> <w type="BER">are</w> <w type="AP">many</w> <w type="NNS">causes</w> <w type="IN">for</w> <w type="VBG">bleeding</w> <w type="IN">at</w> <w type="AT">the</w> <w type="NN">nose</w> <c type="pct">,</c> <w type="NEG">not</w> <w type="RB">long</w> <w type="RB">ago</w> <w type="AT">a</w> <w type="NN">nosebleed</w> <w type="BEDZ">was</w> <w type="RB">simply</w> <w type="DT">that</w> <c type="pct">,</c> <w type="CC">and</w> <w type="NN">treatment</w> <w type="HVD">had</w> <w type="AP">little</w> <w type="NN">variation</w> <c type="pct">.</c> </s>
<s n="48"><w type="CS">Since</w> <w type="AT">a</w> <w type="NN">fall</w> <w type="CC">or</w> <w type="NN">blow</w> <w type="MD">might</w> <w type="HV">have</w> <w type="VBN">caused</w> <w type="PPO">it</w> <c type="pct">,</c> <w type="AT">a</w> <w type="JJ">cold</w> <w type="NN">pack</w> <w type="BEDZ">was</w> <w type="RB">usually</w> <w type="OD">first</w> <w type="NN">aid</w> <c type="pct">.</c> </s>
<s n="49"><w type="DT">This</w> <w type="NN">might</w> <w type="BE">be</w> <w type="VBN">applied</w> <w type="IN">to</w> <w type="AT">the</w> <w type="NN">top</w> <w type="IN">of</w> <w type="AT">the</w> <w type="NN">nose</w> <w type="CC">or</w> <w type="AT">the</w> <w type="NN">back</w> <w type="IN">of</w> <w type="AT">the</w> <w type="NN">neck</w> <c type="pct">,</c> <w type="VBD">pressed</w> <w type="IN">on</w> <w type="AT">the</w> <w type="JJ">upper</w> <w type="NN">lip</w> <c type="pct">,</c> <w type="CC">or</w> <w type="VBD">inserted</w> <w type="IN">into</w> <w type="AT">the</w> <w type="NN">nostril</w> <c type="pct">(</c> <w type="NN">cotton</w> <w type="BEDZ">was</w> <w type="RB">usually</w> <w type="VBN">used</w> <w type="IN">in</w> <w type="DT">this</w> <w type="AP">last</w> <c type="pct">)</c> <c type="pct">.</c> </s>
<s n="50"><w type="NN">Nosebleed</w> <w type="MD">could</w> <w type="BE">be</w> <w type="VBN">stopped</w> <w type="IN">by</w> <w type="VBG">wrapping</w> <w type="AT">a</w> <w type="JJ">red</w> <w type="JJ">woolen</w> <w type="NN">string</w> <w type="IN">about</w> <w type="AT">the</w> <w type="NNg">patient's</w> <w type="NN">neck</w> <w type="CC">and</w> <w type="VBG">tying</w> <w type="PPO">it</w> <w type="IN">in</w> <w type="AT">a</w> <w type="NN">knot</w> <w type="IN">for</w> <w type="DT">each</w> <w type="NN">year</w> <w type="IN">of</w> <w type="PPg">his</w> <w type="NN">life</w> <c type="pct">.</c> </s>
<s n="51"><w type="CC">Or</w> <w type="AT">the</w> <w type="NN">victim</w> <w type="MD">could</w> <w type="VB">chew</w> <w type="RB">hard</w> <w type="IN">on</w> <w type="AT">a</w> <w type="NN">piece</w> <w type="IN">of</w> <w type="NN">paper</w> <c type="pct">,</c> <w type="RB">meanwhile</w> <w type="VBG">pressing</w> <w type="PPg">his</w> <w type="NNS">fingers</w> <w type="RB">tight</w> <w type="IN">in</w> <w type="PPg">his</w> <w type="NNS">ears</w> <c type="pct">.</c> </s>
</p>
<p><s n="52"><w type="JJ">Old</w> <w type="NNS">sores</w> <w type="MD">could</w> <w type="BE">be</w> <w type="VBN">healed</w> <w type="IN">by</w> <w type="AT">the</w> <w type="JJ">constant</w> <w type="NN">application</w> <w type="IN">of</w> <w type="AT">a</w> <w type="NN">wash</w> <w type="VBN">made</w> <w type="IN">of</w> <w type="JJ">equal</w> <w type="NNS">parts</w> <w type="NN">vinegar</w> <w type="CC">and</w> <w type="NN">water</w> <c type="pct">.</c> </s>
<s n="53"><w type="NN">Blood</w> <w type="NNS">blisters</w> <w type="MD">could</w> <w type="BE">be</w> <w type="VBN">prevented</w> <w type="IN">from</w> <w type="VBG">forming</w> <w type="IN">by</w> <w type="VBG">rubbing</w> <w type="AT">a</w> <w type="NN">work</w> <w type="NN">blister</w> <w type="RB">immediately</w> <w type="IN">with</w> <w type="DTI">any</w> <w type="JJ">hard</w> <w type="JJ">nonpoisonous</w> <w type="NN">substance</w> <c type="pct">.</c> </s>
<s n="54"><w type="NNS">Felons</w> <w type="BED">were</w> <w type="VBN">cured</w> <w type="IN">by</w> <w type="VBG">taking</w> <w type="JJ">common</w> <w type="NN">salt</w> <w type="CC">and</w> <w type="VBG">drying</w> <w type="PPO">it</w> <w type="IN">in</w> <w type="AT">the</w> <w type="NN">oven</w> <c type="pct">,</c> <w type="VBG">pounding</w> <w type="PPO">it</w> <w type="JJ">fine</w> <c type="pct">,</c> <w type="CC">and</w> <w type="VBG">mixing</w> <w type="PPO">it</w> <w type="IN">with</w> <w type="JJ">equal</w> <w type="NNS">parts</w> <w type="IN">of</w> <w type="NNS">spirits</w> <w type="IN">of</w> <w type="NN">turpentine</w> <c type="pct">;</c> <c type="pct">;</c> </s>
<s n="55"><w type="DT">this</w> <w type="NN">mixture</w> <w type="BEDZ">was</w> <w type="RB">then</w> <w type="VBN">spread</w> <w type="IN">on</w> <w type="AT">a</w> <w type="NN">cloth</w> <w type="CC">and</w> <w type="VBN">wrapped</w> <w type="IN">around</w> <w type="AT">the</w> <w type="VBN">affected</w> <w type="NN">part</w> <c type="pct">.</c> </s>
<s n="56"><w type="CS">As</w> <w type="AT">the</w> <w type="NN">cloth</w> <w type="VBD">dried</w> <c type="pct">,</c> <w type="AP">more</w> <w type="IN">of</w> <w type="AT">the</w> <w type="NN">mixture</w> <w type="BEDZ">was</w> <w type="VBN">applied</w> <c type="pct">,</c> <w type="CC">and</w> <w type="IN">after</w> <w type="CD">twenty-four</w> <w type="NNS">hours</w> <w type="AT">the</w> <w type="NN">felon</w> <w type="BEDZ">was</w> <w type="VBN">supposed</w> <w type="TO">to</w> <w type="BE">be</w> <c type="pct">``</c> <w type="VBN">killed</w> <c type="pct">''</c> <c type="pct">.</c> </s>
</p>
<p><s n="57"><w type="NN">Insect</w> <w type="NNS">bites</w> <w type="BED">were</w> <w type="VBN">cured</w> <w type="IN">in</w> <w type="AP">many</w> <w type="NNS">ways</w> <c type="pct">.</c> </s>
<s n="58"><w type="ABN">Many</w> <w type="AT">an</w> <w type="NN">old-timer</w> <w type="VBD">swore</w> <w type="IN">by</w> <w type="AT">the</w> <w type="NN">saliva</w> <w type="NN">method</w> <c type="pct">;</c> <c type="pct">;</c> </s>
<s n="59"><c type="pct">``</c> <w type="VB">get</w> <w type="AT">a</w> <w type="NN">bite</w> <c type="pct">,</c> <w type="VB">spit</w> <w type="IN">on</w> <w type="PPO">it</w> <c type="pct">''</c> <w type="BEDZ">was</w> <w type="AT">a</w> <w type="NN">proverb</w> <c type="pct">.</c> </s>
<s n="60"><w type="DT">This</w> <w type="BEDZ">was</w> <w type="VBN">used</w> <w type="RB">also</w> <w type="IN">for</w> <w type="NNS">bruises</w> <c type="pct">.</c> </s>
<s n="61"><w type="JJ">Yellow</w> <w type="NN">clay</w> <w type="BEDZ">was</w> <w type="VBN">used</w> <w type="CS">as</w> <w type="AT">a</w> <w type="NN">poultice</w> <w type="IN">for</w> <w type="NN">insect</w> <w type="NNS">bites</w> <w type="CC">and</w> <w type="RB">also</w> <w type="IN">for</w> <w type="NNS">swellings</w> <c type="pct">;</c> <c type="pct">;</c> </s>
<s n="62"><w type="NEG">not</w> <w type="RB">long</w> <w type="RB">ago</w> <c type="pct">``</c> <w type="NP" subtype="TL">Denver</w> <w type="NN" subtype="TL">Mud</w> <c type="pct">''</c> <w type="BEDZ">was</w> <w type="QL">most</w> <w type="JJ">popular</w> <c type="pct">.</c> </s>
<s n="63"><w type="NNS">Chiggers</w> <w type="BED">were</w> <w type="AT">a</w> <w type="JJ">common</w> <w type="NN">pest</w> <w type="IN">along</w> <w type="NNS">streams</w> <w type="CC">and</w> <w type="WRB">where</w> <w type="NNS">gardens</w> <w type="CC">and</w> <w type="NNS">berries</w> <w type="VBD">thrived</w> <c type="pct">;</c> <c type="pct">;</c> </s>
<s n="64"><w type="QL">so</w> <w type="JJ">small</w> <w type="CS">as</w> <w type="TO">to</w> <w type="BE">be</w> <w type="QL">scarcely</w> <w type="JJ">visible</w> <w type="IN">to</w> <w type="AT">the</w> <w type="NN">eye</w> <c type="pct">,</c> <w type="PPSS">they</w> <w type="VBD">buried</w> <w type="PPLS">themselves</w> <w type="IN">in</w> <w type="AT">the</w> <w type="NNg">victim's</w> <w type="NN">flesh</w> <c type="pct">.</c> </s>
<s n="65"><w type="VBG">Bathing</w> <w type="AT">the</w> <w type="VBG">itching</w> <w type="NNS">parts</w> <w type="IN">with</w> <w type="NN">kerosene</w> <w type="VBD">gave</w> <w type="NN">relief</w> <w type="CC">and</w> <w type="RB">also</w> <w type="VBD">killed</w> <w type="AT">the</w> <w type="NNS">pests</w> <c type="pct">.</c> </s>
<s n="66"><w type="NN">Ant</w> <w type="NNS">bites</w> <w type="BED">were</w> <w type="VBN">eased</w> <w type="IN">by</w> <w type="VBG">applying</w> <w type="JJ">liquid</w> <w type="NN">bluing</w> <c type="pct">.</c> </s>
<s n="67"><w type="IN">For</w> <w type="NN">mosquito</w> <w type="NNS">bites</w> <w type="AT">a</w> <w type="NN">paste</w> <w type="IN">of</w> <w type="ABN">half</w> <w type="AT">a</w> <w type="NN">glass</w> <w type="IN">of</w> <w type="NN">salt</w> <w type="CC">and</w> <w type="ABN">half</w> <w type="AT">a</w> <w type="NN">glass</w> <w type="IN">of</w> <w type="NN">soda</w> <w type="BEDZ">was</w> <w type="VBN">made</w> <c type="pct">.</c> </s>
<s n="68"><w type="IN">For</w> <w type="NN">wasp</w> <w type="NNS">stings</w> <w type="NN">onion</w> <w type="NN">juice</w> <c type="pct">,</c> <w type="VBN">obtained</w> <w type="IN">by</w> <w type="VBG">scraping</w> <w type="AT">an</w> <w type="NN">onion</w> <c type="pct">,</c> <w type="VBD">gave</w> <w type="JJ">quick</w> <w type="NN">relief</w> <c type="pct">.</c> </s>
<s n="69"><w type="AT">A</w> <w type="JJR">handier</w> <w type="NN">remedy</w> <w type="BEDZ">was</w> <w type="TO">to</w> <w type="VB">bathe</w> <w type="AT">the</w> <w type="JJ">painful</w> <w type="NN">part</w> <w type="IN">in</w> <w type="JJ">strong</w> <w type="JJ">soapy</w> <w type="NN">water</w> <c type="pct">;</c> <c type="pct">;</c> </s>
<s n="70"><w type="NN">mud</w> <w type="BEDZ">was</w> <w type="RB">sometimes</w> <w type="VBN">used</w> <w type="QL">as</w> <w type="RB">well</w> <w type="CS">as</w> <w type="NN">soap</w> <c type="pct">.</c> </s>
<s n="71"><w type="RB">Just</w> <w type="JJ">plain</w> <w type="JJ">old</w> <w type="JJ">black</w> <w type="NN">dirt</w> <w type="BEDZ">was</w> <w type="RB">also</w> <w type="VBN">used</w> <w type="CS">as</w> <w type="AT">a</w> <w type="NN">pack</w> <w type="TO">to</w> <w type="VB">relieve</w> <w type="NN">wasp</w> <w type="CC">or</w> <w type="NN">bee</w> <w type="NNS">stings</w> <c type="pct">.</c> </s>
</p>
<p><s n="72"><w type="NNS">Bedbugs</w> <w type="BED">were</w> <w type="AT">a</w> <w type="JJ">common</w> <w type="NN">pest</w> <w type="IN">in</w> <w type="NN">pioneer</w> <w type="NNS">days</w> <c type="pct">;</c> <c type="pct">;</c> </s>
<s n="73"><w type="TO">to</w> <w type="VB">keep</w> <w type="PPO">them</w> <w type="IN">out</w> <w type="IN">of</w> <w type="NNS">homes</w> <c type="pct">,</c> <w type="RB">even</w> <w type="IN">in</w> <w type="AT">the</w> <w type="NNS">1900's</w> <c type="pct">,</c> <w type="BEDZ">was</w> <w type="AT">a</w> <w type="NN">chore</w> <c type="pct">.</c> </s>
<s n="74"><w type="NN">Bed</w> <w type="NNS">slats</w> <w type="BED">were</w> <w type="VBN">washed</w> <w type="IN">in</w> <w type="NN">alum</w> <w type="NN">water</w> <c type="pct">,</c> <w type="NNS">legs</w> <w type="IN">of</w> <w type="NNS">beds</w> <w type="BED">were</w> <w type="VBN">placed</w> <w type="IN">in</w> <w type="NNS">cups</w> <w type="IN">of</w> <w type="NN">kerosene</w> <c type="pct">,</c> <w type="CC">and</w> <w type="ABN">all</w> <w type="NN">woodwork</w> <w type="BEDZ">was</w> <w type="VBN">treated</w> <w type="RB">liberally</w> <w type="IN">with</w> <w type="JJ">corrosive</w> <w type="NN">sublimate</w> <c type="pct">,</c> <w type="VBN">applied</w> <w type="IN">with</w> <w type="AT">a</w> <w type="NN">feather</w> <c type="pct">.</c> </s>
<s n="75"><w type="NN">Kerosene</w> <w type="BEDZ">was</w> <w type="QL">very</w> <w type="JJ">effective</w> <w type="IN">in</w> <w type="VBG">ridding</w> <w type="NN">pioneer</w> <w type="NNS">homes</w> <w type="IN">of</w> <w type="AT">the</w> <w type="NNS">pests</w> <c type="pct">.</c> </s>
<s n="76"><w type="IN">At</w> <w type="NNS">times</w> <w type="NN">pioneer</w> <w type="NNS">children</w> <w type="VBD">got</w> <w type="NNS">lice</w> <w type="IN">in</w> <w type="PPg">their</w> <w type="NN">hair</w> <c type="pct">.</c> </s>
<s n="77"><w type="AT">A</w> <w type="NN">kerosene</w> <w type="NN">shampoo</w> <w type="VBZ">seems</w> <w type="AT">a</w> <w type="JJ">heroic</w> <w type="NN">treatment</w> <c type="pct">,</c> <w type="CC">but</w> <w type="PPS">it</w> <w type="DOD">did</w> <w type="AT">the</w> <w type="NN">job</w> <c type="pct">.</c> </s>
</p>
<p><s n="78"><w type="TO">To</w> <w type="VB">remove</w> <w type="AT">an</w> <w type="NN">insect</w> <w type="IN">from</w> <w type="PNg">one's</w> <w type="NN">ear</w> <w type="JJ">warm</w> <w type="NN">water</w> <w type="MD">should</w> <w type="BE">be</w> <w type="VBN">inserted</w> <c type="pct">.</c> </s>
<s n="79"><w type="AT">A</w> <w type="NN">cinder</w> <w type="CC">or</w> <w type="AP">other</w> <w type="JJ">small</w> <w type="NN">object</w> <w type="MD">could</w> <w type="BE">be</w> <w type="VBN">removed</w> <w type="IN">from</w> <w type="AT">the</w> <w type="NN">eye</w> <w type="IN">by</w> <w type="VBG">placing</w> <w type="AT">a</w> <w type="NN">flaxseed</w> <w type="IN">in</w> <w type="AT">the</w> <w type="NN">eye</w> <c type="pct">.</c> </s>
<s n="80"><w type="CS">As</w> <w type="AT">the</w> <w type="NN">seed</w> <w type="VBD">swelled</w> <w type="PPg">its</w> <w type="JJ">glutinous</w> <w type="NN">covering</w> <w type="VBD">protected</w> <w type="AT">the</w> <w type="NN">eyeball</w> <w type="IN">from</w> <w type="NN">irritation</w> <c type="pct">,</c> <w type="CC">and</w> <w type="ABX">both</w> <w type="AT">the</w> <w type="NN">cinder</w> <w type="CC">and</w> <w type="AT">the</w> <w type="NN">seed</w> <w type="MD">could</w> <w type="RB">soon</w> <w type="BE">be</w> <w type="VBN">washed</w> <w type="RP">out</w> <c type="pct">.</c> </s>
<s n="81"><w type="DT">Another</w> <w type="NN">way</w> <w type="TO">to</w> <w type="VB">remove</w> <w type="JJ">small</w> <w type="NNS">objects</w> <w type="IN">from</w> <w type="AT">the</w> <w type="NN">eye</w> <w type="BEDZ">was</w> <w type="TO">to</w> <w type="HV">have</w> <w type="AT">the</w> <w type="NN">person</w> <w type="NN">look</w> <w type="JJ">cross-eyed</w> <c type="pct">;</c> <c type="pct">;</c> </s>
<s n="82"><w type="AT">the</w> <w type="NN">particle</w> <w type="MD">would</w> <w type="RB">then</w> <w type="VB">move</w> <w type="IN">toward</w> <w type="AT">the</w> <w type="NN">nose</w> <c type="pct">,</c> <w type="WRB">where</w> <w type="PPS">it</w> <w type="MD">could</w> <w type="BE">be</w> <w type="VBN">wiped</w> <w type="RP">out</w> <w type="IN">with</w> <w type="AT">a</w> <w type="NN">wisp</w> <w type="IN">of</w> <w type="NN">cotton</w> <c type="pct">.</c> </s>
</p>
<p><s n="83"><w type="NNS">Shingles</w> <w type="BED">were</w> <w type="VBN">cured</w> <w type="IN">by</w> <w type="NN">gentian</w> <c type="pct">,</c> <w type="AT">an</w> <w type="JJ">old</w> <w type="NN">drug</w> <c type="pct">,</c> <w type="VBN">used</w> <w type="IN">in</w> <w type="NNS">combinations</w> <c type="pct">.</c> </s>
<s n="84"><w type="IN">For</w> <w type="NN">erysipelas</w> <w type="AT">a</w> <w type="NN">mixture</w> <w type="IN">of</w> <w type="CD">one</w> <w type="NN">dram</w> <w type="NN">borax</w> <w type="CC">and</w> <w type="CD">one</w> <w type="NN">ounce</w> <w type="NN">glycerine</w> <w type="BEDZ">was</w> <w type="VBN">applied</w> <w type="IN">to</w> <w type="AT">the</w> <w type="VBN">afflicted</w> <w type="NN">part</w> <w type="IN">on</w> <w type="NN">linen</w> <w type="NN">cloth</w> <c type="pct">.</c> </s>
<s n="85"><w type="VBG">Itching</w> <w type="NN">skin</w> <c type="pct">,</c> <w type="VBN">considered</w> <c type="pct">``</c> <w type="RB">just</w> <w type="NNS">nerves</w> <c type="pct">''</c> <c type="pct">,</c> <w type="BEDZ">was</w> <w type="VBN">eased</w> <w type="IN">by</w> <w type="VBG">treating</w> <w type="IN">with</w> <w type="NN">whiskey</w> <w type="CC">and</w> <w type="NN">salt</w> <c type="pct">.</c> </s>
<s n="86"><w type="NN">Winter</w> <w type="NN">itch</w> <w type="BEDZ">was</w> <w type="VBN">treated</w> <w type="IN">by</w> <w type="VBG">applying</w> <w type="JJ">strong</w> <w type="NN">apple</w> <w type="NN">cider</w> <w type="IN">in</w> <w type="WDT">which</w> <w type="VBD">pulverized</w> <w type="NN">bloodroot</w> <w type="HVD">had</w> <w type="BEN">been</w> <w type="VBN">steeped</w> <c type="pct">.</c> </s>
<s n="87"><w type="TO">To</w> <w type="VB">cure</w> <w type="NN">fungus</w> <w type="NNS">growths</w> <w type="IN">on</w> <w type="NN">mouth</w> <w type="CC">or</w> <w type="NNS">hands</w> <w type="NNS">people</w> <w type="VBD">made</w> <w type="AT">a</w> <w type="JJ">strong</w> <w type="NN">tea</w> <w type="IN">by</w> <w type="VBG">using</w> <w type="AT">a</w> <w type="NN">handful</w> <w type="IN">of</w> <w type="NN">sassafras</w> <w type="NN">bark</w> <w type="IN">in</w> <w type="AT">a</w> <w type="NN">quart</w> <w type="IN">of</w> <w type="NN">water</w> <c type="pct">.</c> </s>
<s n="88"><w type="PPSS">They</w> <w type="VBD">drank</w> <w type="ABN">half</w> <w type="AT">a</w> <w type="NN">cup</w> <w type="IN">of</w> <w type="DT">this</w> <w type="NN">morning</w> <w type="CC">and</w> <w type="NN">night</w> <c type="pct">,</c> <w type="CC">and</w> <w type="PPSS">they</w> <w type="RB">also</w> <w type="VBD">washed</w> <w type="CC">and</w> <w type="VBD">soaked</w> <w type="PPg">their</w> <w type="NNS">hands</w> <w type="IN">in</w> <w type="AT">the</w> <w type="AP">same</w> <w type="NN">solution</w> <c type="pct">.</c> </s>
<s n="89"><w type="CD">Six</w> <w type="NNS">treatments</w> <w type="VBD">cured</w> <w type="CD">one</w> <w type="NN">case</w> <w type="WDT">which</w> <w type="VBD">lasted</w> <w type="AT">a</w> <w type="NN">month</w> <w type="CC">and</w> <w type="HVD">had</w> <w type="VBN">defied</w> <w type="AP">other</w> <w type="NNS">remedies</w> <c type="pct">.</c> </s>
<s n="90"><w type="NN">Frostbite</w> <w type="BEDZ">was</w> <w type="VBN">treated</w> <w type="IN">by</w> <w type="VBG">putting</w> <w type="AT">the</w> <w type="NNS">feet</w> <w type="CC">and</w> <w type="NNS">hands</w> <w type="IN">in</w> <w type="NN">ice</w> <w type="NN">water</w> <w type="CC">or</w> <w type="IN">by</w> <w type="VBG">rubbing</w> <w type="PPO">them</w> <w type="IN">with</w> <w type="NN">snow</w> <c type="pct">.</c> </s>
<s n="91"><w type="RB">Now</w> <w type="CD">one</w> <w type="VBZ">hears</w> <w type="CS">that</w> <w type="NN">heat</w> <w type="CC">and</w> <w type="JJ">hot</w> <w type="NN">water</w> <w type="BER">are</w> <w type="VBN">used</w> <w type="RB">instead</w> <c type="pct">.</c> </s>
<s n="92"><w type="DT">Another</w> <w type="NN">remedy</w> <w type="BEDZ">was</w> <w type="NN">oil</w> <w type="IN">of</w> <w type="NN">eucalyptus</w> <c type="pct">,</c> <w type="VBN">used</w> <w type="QL">as</w> <w type="RB">well</w> <w type="IN">for</w> <w type="NNS">chilblains</w> <c type="pct">.</c> </s>
<s n="93"><w type="NNS">Chilblains</w> <w type="BED">were</w> <w type="RB">also</w> <w type="VBN">treated</w> <w type="IN">with</w> <w type="NN">tincture</w> <w type="IN">of</w> <w type="NN">capsicum</w> <w type="CC">or</w> <w type="NN">cabbage</w> <w type="NNS">leaves</w> <c type="pct">.</c> </s>
</p>
<p><s n="94"><w type="NNS">Boils</w> <w type="HV">have</w> <w type="RB">always</w> <w type="BEN">been</w> <w type="AT">a</w> <w type="NN">source</w> <w type="IN">of</w> <w type="AP">much</w> <w type="NN">trouble</w> <c type="pct">.</c> </s>
<s n="95"><w type="AT">A</w> <w type="JJ">German</w> <w type="NN">informant</w> <w type="VBD">gave</w> <w type="PPO">me</w> <w type="AT">a</w> <w type="JJ">sure</w> <w type="NN">cure</w> <w type="VBN">made</w> <w type="IN">by</w> <w type="VBG">combining</w> <w type="NN">rye</w> <w type="NN">flour</w> <w type="CC">and</w> <w type="NN">molasses</w> <w type="IN">into</w> <w type="AT">a</w> <w type="NN">poultice</w> <c type="pct">.</c> </s>
<s n="96"><w type="DT">Another</w> <w type="NN">poultice</w> <w type="BEDZ">was</w> <w type="VBN">made</w> <w type="IN">from</w> <w type="AT">the</w> <w type="JJ">inner</w> <w type="NN">bark</w> <w type="IN">of</w> <w type="AT">the</w> <w type="NN">elm</w> <w type="NN">tree</w> <c type="pct">,</c> <w type="VBN">steeped</w> <w type="IN">in</w> <w type="NN">water</w> <w type="CS">until</w> <w type="PPS">it</w> <w type="VBD">formed</w> <w type="AT">a</w> <w type="JJ">sticky</w> <c type="pct">,</c> <w type="JJ">gummy</w> <w type="NN">solution</w> <c type="pct">.</c> </s>
<s n="97"><w type="DT">This</w> <w type="BEDZ">was</w> <w type="RB">also</w> <w type="VBD">used</w> <w type="IN">for</w> <w type="NNS">sores</w> <c type="pct">.</c> </s>
<s n="98"><w type="DT">Another</w> <w type="JJ">frequent</w> <w type="NN">pioneer</w> <w type="NN">difficulty</w> <c type="pct">,</c> <w type="VBN">caused</w> <w type="IN">by</w> <w type="VBG">wearing</w> <w type="JJ">rough</w> <w type="CC">and</w> <w type="JJ">heavy</w> <w type="NNS">shoes</w> <w type="CC">and</w> <w type="NNS">boots</w> <c type="pct">,</c> <w type="BEDZ">was</w> <w type="NNS">corns</w> <c type="pct">.</c> </s>
<s n="99"><w type="CD">One</w> <w type="JJ">veracious</w> <w type="NN">woman</w> <w type="VBZ">tells</w> <w type="PPO">me</w> <w type="PPS">she</w> <w type="HVZ">has</w> <w type="VBN">used</w> <w type="JJ">thin</w> <w type="NN">potato</w> <w type="NNS">parings</w> <w type="IN">for</w> <w type="ABX">both</w> <w type="NNS">corns</w> <w type="CC">and</w> <w type="NNS">calluses</w> <w type="IN">on</w> <w type="PPg">her</w> <w type="NNS">feet</w> <w type="CC">and</w> <w type="PPSS">they</w> <w type="VB">remove</w> <w type="AT">the</w> <w type="NN">pain</w> <w type="CC">or</w> <c type="pct">``</c> <w type="NN">fire</w> <c type="pct">''</c> <c type="pct">.</c> </s>
<s n="100"><w type="DT">Another</w> <w type="JJ">common</w> <w type="NN">cure</w> <w type="BEDZ">was</w> <w type="TO">to</w> <w type="VB">soak</w> <w type="AT">the</w> <w type="NNS">feet</w> <w type="CD">five</w> <w type="CC">or</w> <w type="CD">ten</w> <w type="NNS">minutes</w> <w type="IN">in</w> <w type="JJ">warm</w> <w type="NN">water</w> <c type="pct">,</c> <w type="RB">then</w> <w type="TO">to</w> <w type="VB">apply</w> <w type="AT">a</w> <w type="NN">solution</w> <w type="IN">of</w> <w type="JJ">equal</w> <w type="NNS">parts</w> <w type="IN">of</w> <w type="NN">soda</w> <w type="CC">and</w> <w type="JJ">common</w> <w type="JJ">brown</w> <w type="NN">soap</w> <w type="IN">on</w> <w type="AT">a</w> <w type="NN">kid</w> <w type="NN">bandage</w> <w type="RB">overnight</w> <c type="pct">.</c> </s>
<s n="101"><w type="DT">This</w> <w type="VBD">softened</w> <w type="AT">the</w> <w type="NN">skin</w> <w type="CS">so</w> <w type="CS">that</w> <w type="IN">in</w> <w type="AT">the</w> <w type="NN">morning</w> <w type="WRB">when</w> <w type="AT">the</w> <w type="NN">bandage</w> <w type="BEDZ">was</w> <w type="VBN">removed</w> <w type="AT">the</w> <w type="NN">corn</w> <w type="MD">could</w> <w type="BE">be</w> <w type="VBN">scraped</w> <w type="RP">off</w> <w type="CC">and</w> <w type="AT">a</w> <w type="NN">bit</w> <w type="IN">of</w> <w type="NN">corn</w> <w type="NN">plaster</w> <w type="VBN">put</w> <w type="RP">on</w> <c type="pct">.</c> </s>
</p>
<p><s n="102"><w type="EX">There</w> <w type="BED">were</w> <w type="AP">many</w> <w type="NNS">cures</w> <w type="IN">for</w> <w type="NNS">warts</w> <c type="pct">.</c> </s>
<s n="103"><w type="CD">One</w> <w type="JJ">young</w> <w type="NN">girl</w> <w type="VBD">told</w> <w type="PPO">me</w> <w type="WRB">how</w> <w type="PPg">her</w> <w type="NN">mother</w> <w type="VBD">removed</w> <w type="AT">a</w> <w type="NN">wart</w> <w type="IN">from</w> <w type="PPg">her</w> <w type="NN">finger</w> <w type="IN">by</w> <w type="VBG">soaking</w> <w type="AT">a</w> <w type="NN">copper</w> <w type="NN">penny</w> <w type="IN">in</w> <w type="NN">vinegar</w> <w type="IN">for</w> <w type="CD">three</w> <w type="NNS">days</w> <w type="CC">and</w> <w type="RB">then</w> <w type="VBG">painting</w> <w type="AT">the</w> <w type="NN">finger</w> <w type="IN">with</w> <w type="AT">the</w> <w type="NN">liquid</w> <w type="AP">several</w> <w type="NNS">times</w> <c type="pct">.</c> </s>
<s n="104"><w type="DT">Another</w> <w type="NN">wart</w> <w type="NN">removal</w> <w type="NN">method</w> <w type="BEDZ">was</w> <w type="TO">to</w> <w type="VB">rub</w> <w type="DT">each</w> <w type="NN">wart</w> <w type="IN">with</w> <w type="AT">a</w> <w type="NN">bean</w> <w type="VBN">split</w> <w type="JJ">open</w> <w type="CC">and</w> <w type="RB">then</w> <w type="TO">to</w> <w type="VB">bury</w> <w type="AT">the</w> <w type="NN">bean</w> <w type="NNS">halves</w> <w type="IN">under</w> <w type="AT">the</w> <w type="NN">drip</w> <w type="IN">of</w> <w type="AT">the</w> <w type="NN">house</w> <w type="IN">for</w> <w type="CD">seven</w> <w type="NNS">days</w> <c type="pct">.</c> </s>
<s n="105"><w type="NN">Saliva</w> <w type="VBD">gathered</w> <w type="IN">in</w> <w type="AT">the</w> <w type="NN">mouth</w> <w type="IN">after</w> <w type="AT">a</w> <w type="NNg">night's</w> <w type="NN">sleep</w> <w type="BEDZ">was</w> <w type="VBN">considered</w> <w type="JJ">poisonous</w> <c type="pct">;</c> <c type="pct">;</c> </s>
<s n="106"><w type="VBG">wetting</w> <w type="AT">a</w> <w type="NN">wart</w> <w type="IN">with</w> <w type="DT">this</w> <w type="NN">saliva</w> <w type="IN">on</w> <w type="VBG">wakening</w> <w type="AT">the</w> <w type="OD">first</w> <w type="NN">thing</w> <w type="IN">in</w> <w type="AT">the</w> <w type="NN">morning</w> <w type="BEDZ">was</w> <w type="VBN">supposed</w> <w type="TO">to</w> <w type="VB">cause</w> <w type="PPO">it</w> <w type="TO">to</w> <w type="VB">disappear</w> <w type="IN">after</w> <w type="AP">only</w> <w type="AT">a</w> <w type="AP">few</w> <w type="NNS">treatments</w> <c type="pct">,</c> <w type="CC">and</w> <w type="RB">strangely</w> <w type="QLP">enough</w> <w type="AP">many</w> <w type="NNS">warts</w> <w type="DOD">did</w> <w type="RB">just</w> <w type="DT">that</w> <c type="pct">.</c> </s>
<s n="107"><w type="CD">One</w> <w type="NN">wart</w> <w type="NN">cure</w> <w type="BEDZ">was</w> <w type="TO">to</w> <w type="VB">wrap</w> <w type="PPO">it</w> <w type="IN">in</w> <w type="AT">a</w> <w type="NN">hair</w> <w type="IN">from</w> <w type="AT">a</w> <w type="JJ">blonde</w> <w type="NN">gypsy</w> <c type="pct">.</c> </s>
<s n="108"><w type="DT">Another</w> <w type="BEDZ">was</w> <w type="TO">to</w> <w type="VB">soak</w> <w type="JJ">raw</w> <w type="NN">beef</w> <w type="IN">in</w> <w type="NN">vinegar</w> <w type="IN">for</w> <w type="CD">twenty-four</w> <w type="NNS">hours</w> <c type="pct">,</c> <w type="VB">tie</w> <w type="PPO">it</w> <w type="IN">on</w> <w type="AT">the</w> <w type="NN">wart</w> <c type="pct">,</c> <w type="CC">and</w> <w type="VB">wear</w> <w type="PPO">it</w> <w type="IN">for</w> <w type="AT">a</w> <w type="NN">week</w> <c type="pct">.</c> </s>
<s n="109"><w type="AT">A</w> <w type="JJR">simpler</w> <w type="NN">method</w> <w type="BEDZ">was</w> <w type="TO">to</w> <w type="VB">tie</w> <w type="AT">a</w> <w type="NN">thread</w> <w type="RB">tightly</w> <w type="IN">around</w> <w type="AT">the</w> <w type="NN">wart</w> <w type="IN">at</w> <w type="PPg">its</w> <w type="NN">base</w> <w type="CC">and</w> <w type="VB">wear</w> <w type="PPO">it</w> <w type="DT">this</w> <w type="NN">way</w> <c type="pct">.</c> </s>
<s n="110"><w type="PPSS">I</w> <w type="VB">know</w> <w type="DT">this</w> <w type="VBD">worked</w> <c type="pct">.</c> </s>
<s n="111"><w type="CD">One</w> <w type="NN">person</w> <w type="VBD">recommended</w> <w type="IN">to</w> <w type="PPO">me</w> <w type="VBG">washing</w> <w type="AT">the</w> <w type="NN">wart</w> <w type="IN">with</w> <w type="NN">sulphur</w> <w type="NN">water</w> <c type="pct">;</c> <c type="pct">;</c> </s>
<s n="112"><w type="DT">another</w> <w type="VBD">said</w> <w type="PPS">it</w> <w type="MD">should</w> <w type="BE">be</w> <w type="VBN">rubbed</w> <w type="IN">with</w> <w type="AT">a</w> <w type="VBN">cut</w> <w type="NN">potato</w> <w type="CD">three</w> <w type="NNS">times</w> <w type="RB">daily</w> <c type="pct">.</c> </s>
<s n="113"><w type="DT">Another</w> <w type="NN">common</w> <w type="NN">method</w> <w type="BEDZ">was</w> <w type="TO">to</w> <w type="VB">cut</w> <w type="AT">an</w> <w type="NN">onion</w> <w type="IN">in</w> <w type="CD">two</w> <w type="CC">and</w> <w type="VB">place</w> <w type="DT">each</w> <w type="ABN">half</w> <w type="IN">on</w> <w type="AT">the</w> <w type="NN">wart</w> <w type="IN">for</w> <w type="AT">a</w> <w type="NN">moment</w> <c type="pct">;</c> <c type="pct">;</c> </s>
<s n="114"><w type="AT">the</w> <w type="NN">onion</w> <w type="BEDZ">was</w> <w type="RB">then</w> <w type="VBN">fastened</w> <w type="RB">together</w> <w type="IN">with</w> <w type="NN">string</w> <w type="CC">and</w> <w type="VBN">placed</w> <w type="IN">beneath</w> <w type="AT">a</w> <w type="VBG">dripping</w> <w type="NN">eave</w> <c type="pct">.</c> </s>
<s n="115"><w type="CS">As</w> <w type="AT">the</w> <w type="NN">onion</w> <w type="VBD">decayed</w> <c type="pct">,</c> <w type="RB">so</w> <w type="DOD">did</w> <w type="AT">the</w> <w type="NN">wart</w> <c type="pct">.</c> </s>
</p>
<p><s n="116"><w type="JJ">Sore</w> <w type="NNS">muscles</w> <w type="BED">were</w> <w type="VBN">relieved</w> <w type="IN">by</w> <w type="AT">an</w> <w type="NN">arnica</w> <w type="NN">rub</w> <c type="pct">;</c> <c type="pct">;</c> </s>
<s n="117"><w type="JJ">sore</w> <w type="NNS">feet</w> <w type="IN">by</w> <w type="NN">calf's-foot</w> <c type="pct">,</c> <w type="AT">an</w> <w type="NN">herb</w> <w type="IN">from</w> <w type="AT">the</w> <w type="NNg">pioneer's</w> <w type="JJ">ubiquitous</w> <w type="NN">herb</w> <w type="NN">garden</w> <c type="pct">,</c> <w type="CC">or</w> <w type="IN">by</w> <w type="VBG">soaking</w> <w type="AT">the</w> <w type="NNS">feet</w> <w type="IN">in</w> <w type="AT">a</w> <w type="NN">pan</w> <w type="IN">of</w> <w type="JJ">hot</w> <w type="NN">water</w> <w type="IN">in</w> <w type="WDT">which</w> <w type="CD">two</w> <w type="NNS">cups</w> <w type="IN">of</w> <w type="NN">salt</w> <w type="HVD">had</w> <w type="BEN">been</w> <w type="VBN">dissolved</w> <c type="pct">.</c> </s>
<s n="118"><w type="NN">Leg</w> <w type="NNS">cramps</w> <c type="pct">,</c> <w type="CD">one</w> <w type="NN">person</w> <w type="VBZ">tells</w> <w type="PPO">me</w> <c type="pct">,</c> <w type="BED">were</w> <w type="VBN">relieved</w> <w type="IN">by</w> <w type="VBG">standing</w> <w type="JJ">barefoot</w> <w type="IN">with</w> <w type="AT">the</w> <w type="NN">weight</w> <w type="IN">of</w> <w type="AT">the</w> <w type="NN">body</w> <w type="IN">on</w> <w type="AT">the</w> <w type="NN">heel</w> <w type="CC">and</w> <w type="VBG">pressing</w> <w type="RP">down</w> <w type="RB">hard</w> <c type="pct">.</c> </s>
<s n="119"><w type="DT">This</w> <w type="DOZ">does</w> <w type="VB">give</w> <w type="NN">relief</w> <c type="pct">,</c> <w type="CS">as</w> <w type="PPSS">I</w> <w type="MD">can</w> <w type="VB">testify</w> <c type="pct">.</c> </s>
<s n="120"><w type="CD">One</w> <w type="NN">doctor</w> <w type="VBD">prescribed</w> <w type="AT">a</w> <w type="NN">tablespoon</w> <w type="IN">of</w> <w type="NN">whiskey</w> <w type="CC">or</w> <w type="NN">brandy</w> <w type="IN">before</w> <w type="DT">each</w> <w type="NN">meal</w> <w type="IN">for</w> <w type="NN">leg</w> <w type="NNS">cramps</w> <c type="pct">.</c> </s>
<s n="121"><w type="NNS">Pains</w> <w type="IN">in</w> <w type="AT">the</w> <w type="NN">back</w> <w type="IN">of</w> <w type="AT">the</w> <w type="NN">leg</w> <w type="CC">and</w> <w type="IN">in</w> <w type="AT">the</w> <w type="NN">abdomen</w> <w type="BED">were</w> <w type="VBN">prevented</w> <w type="IN">from</w> <w type="VBG">reaching</w> <w type="AT">the</w> <w type="JJ">upper</w> <w type="NN">body</w> <w type="IN">by</w> <w type="VBG">tying</w> <w type="AT">a</w> <w type="NN">rope</w> <w type="IN">about</w> <w type="AT">the</w> <w type="NNg">patient's</w> <w type="NN">waist</w> <c type="pct">.</c> </s>
</p>
<p><s n="122"><w type="IN">For</w> <w type="NNS">sprains</w> <w type="CC">and</w> <w type="NNS">swellings</w> <c type="pct">,</c> <w type="CD">one</w> <w type="NN">pint</w> <w type="IN">of</w> <w type="NN">cider</w> <w type="NN">vinegar</w> <w type="CC">and</w> <w type="ABN">half</w> <w type="AT">a</w> <w type="NN">pint</w> <w type="IN">of</w> <w type="NNS">spirits</w> <w type="IN">of</w> <w type="NN">turpentine</w> <w type="VBN">added</w> <w type="IN">to</w> <w type="CD">three</w> <w type="QL">well</w> <w type="VBN">beaten</w> <w type="NNS">eggs</w> <w type="BEDZ">was</w> <w type="VBN">said</w> <w type="TO">to</w> <w type="VB">give</w> <w type="JJ">speedy</w> <w type="NN">relief</w> <c type="pct">.</c> </s>
</p>
<p></p></body></text></TEI>
