<TEI xmlns="http://www.tei-c.org/ns/1.0"><teiHeader><fileDesc><titleStmt><title>Sample F27 from  Creighton Churchill, A Notebook for the Wines of France
 New York: Alfred A. Knopf, 1961. Pp. 124-129
 </title></titleStmt><editionStmt><edition>A part  of the XML version of the Brown Corpus</edition></editionStmt><extent>2,017 words 38 (1.9%) quotes</extent><publicationStmt><idno>F27</idno><availability><p>Used by permission0010-1680</p></availability></publicationStmt><sourceDesc><bibl> Creighton Churchill, A Notebook for the Wines of France
 New York: Alfred A. Knopf, 1961. Pp. 124-129
 </bibl></sourceDesc></fileDesc><encodingDesc><p/></encodingDesc><revisionDesc><change when="2008-04-27">Header auto-generated for TEI version</change></revisionDesc></teiHeader>
<text xml:id="F27" decls="F">
<body><p><s n="1"><w type="IN">Except</w> <w type="IN">for</w> <w type="AT">the</w> <w type="NN">wine</w> <w type="NN">waiter</w> <w type="IN">in</w> <w type="AT">a</w> <w type="NN">restaurant</w> <c type="pct">--</c> <w type="RB">always</w> <w type="AT">an</w> <w type="JJ">inscrutable</w> <w type="NN">plenipotentiary</w> <w type="IN">unto</w> <w type="PPL">himself</w> <c type="pct">,</c> <w type="AT">the</w> <w type="NN">genii</w> <w type="IN">with</w> <w type="AT">the</w> <w type="NNS">keys</w> <w type="TO">to</w> <w type="VB">unlock</w> <w type="AT">the</w> <w type="NNS">gates</w> <w type="IN">of</w> <w type="AT">the</w> <w type="NN">wine</w> <w type="NN">world</w> <w type="BER">are</w> <w type="PNg">one's</w> <w type="NN">dealer</w> <c type="pct">,</c> <w type="CC">and</w> <w type="AT">the</w> <w type="JJ">foreign</w> <w type="NN">shipper</w> <w type="CC">or</w> <w type="NN" subtype="FW">negociant</w> <w type="WPS">who</w> <w type="IN">in</w> <w type="NN">turn</w> <w type="VBZ">supplies</w> <w type="PPO">him</w> <c type="pct">.</c> </s>
<s n="2"><w type="IN">In</w> <w type="NNS">instances</w> <w type="WRB">where</w> <w type="ABX">both</w> <w type="IN">of</w> <w type="DTS">these</w> <w type="BER">are</w> <w type="NNS">persons</w> <w type="CC">or</w> <w type="NNS">firms</w> <w type="IN">with</w> <w type="NN">integrity</w> <c type="pct">,</c> <w type="AT">the</w> <w type="NN">situation</w> <w type="BEZ">is</w> <w type="JJ">ideal</w> <c type="pct">.</c> </s>
<s n="3"><w type="PPS">It</w> <w type="MD">may</w> <c type="pct">,</c> <w type="IN">on</w> <w type="NN">occasion</w> <c type="pct">,</c> <w type="BE">be</w> <w type="PN">anything</w> <w type="IN">but</w> <w type="DT">that</w> <c type="pct">.</c> </s>
<s n="4"><w type="WRB">However</w> <c type="pct">,</c> <w type="IN">by</w> <w type="VBG">cultivating</w> <w type="AT">a</w> <w type="NN">wine</w> <w type="NN">dealer</w> <w type="CC">and</w> <w type="VBG">accepting</w> <w type="PPg">his</w> <w type="NN">advice</w> <c type="pct">,</c> <w type="PN">one</w> <w type="MD">will</w> <w type="RB">soon</w> <w type="QLP">enough</w> <w type="VB">ascertain</w> <w type="CS">whether</w> <w type="PPS">he</w> <w type="HVZ">has</w> <w type="DTI">any</w> <w type="NN">knowledge</w> <w type="IN">of</w> <w type="NNS">wines</w> <c type="pct">(</c> <w type="CS">as</w> <w type="VBN">opposed</w> <w type="IN">to</w> <w type="WDT">what</w> <w type="PPS">he</w> <w type="MD">may</w> <w type="HV">have</w> <w type="BEN">been</w> <w type="VBN">told</w> <w type="IN">by</w> <w type="NNS">salesmen</w> <w type="CC">and</w> <w type="NNS">promoters</w> <c type="pct">)</c> <w type="CC">and</w> <c type="pct">,</c> <w type="JJR">better</w> <w type="QL">yet</w> <c type="pct">,</c> <w type="CS">whether</w> <w type="PPS">he</w> <w type="HVZ">has</w> <w type="AT">a</w> <w type="NN">taste</w> <w type="IN">for</w> <w type="NN">wine</w> <c type="pct">.</c> </s>
<s n="5"><w type="RB">Again</w> <c type="pct">,</c> <w type="IN">by</w> <w type="VBG">spreading</w> <w type="PNg">one's</w> <w type="NNS">purchases</w> <w type="IN">over</w> <w type="AP">several</w> <w type="NN">wine</w> <w type="NNS">dealers</w> <c type="pct">,</c> <w type="CD">one</w> <w type="VBZ">becomes</w> <w type="JJ">familiar</w> <w type="IN">with</w> <w type="AT">the</w> <w type="NNS">names</w> <w type="CC">and</w> <w type="NNS">specialties</w> <w type="IN">of</w> <w type="JJ">reputable</w> <w type="NN">wine</w> <w type="NNS">dealers</w> <w type="CC">and</w> <w type="NNS">shippers</w> <w type="RB">abroad</w> <c type="pct">.</c> </s>
<s n="6"><w type="DT">This</w> <w type="BEZ">is</w> <w type="JJ">important</w> <w type="CS">because</w> <c type="pct">,</c> <w type="IN">despite</w> <w type="ABN">all</w> <w type="AT">the</w> <w type="NNS">efforts</w> <w type="IN">of</w> <w type="AT">the</w> <w type="JJ">French</w> <w type="NN">government</w> <c type="pct">,</c> <w type="AT">an</w> <w type="JJ">appreciable</w> <w type="NN">segment</w> <w type="IN">of</w> <w type="NPg">France's</w> <w type="NN">export</w> <w type="NN">trade</w> <w type="IN">in</w> <w type="NNS">wines</w> <w type="BEZ">is</w> <w type="RB">still</w> <w type="VBN">tainted</w> <w type="IN">with</w> <w type="AT">a</w> <w type="NN">misrepresentation</w> <w type="VBG">approaching</w> <w type="JJ">downright</w> <w type="NN">dishonesty</w> <c type="pct">,</c> <w type="CC">and</w> <w type="EX">there</w> <w type="BER">are</w> <w type="AP">many</w> <w type="QL">too</w> <w type="AP">many</w> <w type="NNS" subtype="FW">negociants</w> <w type="WPS">who</w> <w type="MD">would</w> <w type="RB">rather</w> <w type="VB">turn</w> <w type="AT">a</w> <w type="NN" subtype="FW">sou</w> <w type="CS">than</w> <w type="VB">amass</w> <w type="AT">a</w> <w type="JJ">creditable</w> <w type="NN">reputation</w> <w type="RB">overseas</w> <c type="pct">.</c> </s>
</p>
<p><s n="7"><w type="AT">A</w> <w type="JJ">good</w> <w type="NN" subtype="FW">negociant</w> <w type="CC">or</w> <w type="NN">shipper</w> <w type="MD">will</w> <w type="NEG">not</w> <w type="RB">only</w> <w type="BE">be</w> <w type="AT">the</w> <w type="NN">man</w> <w type="CC">or</w> <w type="AT">the</w> <w type="NN">firm</w> <w type="WDT">which</w> <w type="HVZ">has</w> <w type="VBN">cornered</w> <w type="AT">the</w> <w type="NNS">wines</w> <w type="IN">from</w> <w type="AT">the</w> <w type="JJT">best</w> <w type="NNS">vineyards</w> <c type="pct">,</c> <w type="CC">or</w> <w type="AT">the</w> <w type="JJT">best</w> <w type="NNS">parts</w> <w type="IN">of</w> <w type="PPO">them</w> <c type="pct">;</c> <c type="pct">;</c> </s>
<s n="8"><w type="PPS">he</w> <w type="MD">may</w> <w type="RB">also</w> <w type="BE">be</w> <w type="AT">the</w> <w type="CD">one</w> <w type="WPS">who</w> <w type="VBZ">makes</w> <w type="CC">and</w> <w type="VBZ">bottles</w> <w type="AT">the</w> <w type="JJT">best</w> <w type="NNS">blends</w> <c type="pct">--</c> <w type="JJ">sound</w> <w type="NNS">wines</w> <w type="IN">from</w> <w type="NNS">vineyards</w> <w type="RB">generally</w> <w type="IN">in</w> <w type="PPg">his</w> <w type="JJ">own</w> <w type="NN">district</w> <c type="pct">.</c> </s>
<s n="9"><w type="DTS">These</w> <w type="BER">are</w> <w type="AT">the</w> <w type="NNS">wines</w> <w type="AT">the</w> <w type="NPS">French</w> <w type="PPLS">themselves</w> <w type="VB">use</w> <w type="IN">for</w> <w type="JJ">everyday</w> <w type="NN">drinking</w> <c type="pct">,</c> <w type="CS">for</w> <w type="RB">even</w> <w type="IN">in</w> <w type="NP">France</w> <w type="RB">virtually</w> <w type="AT">no</w> <w type="PN">one</w> <w type="VBZ">drinks</w> <w type="AT">the</w> <w type="JJ" subtype="FW">Grands</w> <w type="NNS" subtype="FW">Crus</w> <w type="IN">on</w> <w type="AT">a</w> <w type="JJ">meal-to-meal</w> <w type="NN">basis</w> <c type="pct">.</c> </s>
<s n="10"><w type="AT">The</w> <w type="JJ" subtype="FW">Grands</w> <w type="NNS" subtype="FW">Crus</w> <w type="BER">are</w> <w type="JJ">expensive</w> <c type="pct">,</c> <w type="CC">and</w> <w type="RB">even</w> <w type="VBG">doting</w> <w type="NNS">palates</w> <w type="VB">tire</w> <w type="IN">of</w> <w type="PPO">them</w> <c type="pct">.</c> </s>
<s n="11"><w type="CC">And</w> <w type="RB">certainly</w> <c type="pct">,</c> <w type="IN">in</w> <w type="AT">the</w> <w type="NN">case</w> <w type="IN">of</w> <w type="AT">the</w> <w type="NN">beginner</w> <w type="CC">or</w> <w type="AT">the</w> <w type="QL">comparatively</w> <w type="JJ">uninitiated</w> <w type="NN">wine</w> <w type="NN">drinker</w> <c type="pct">,</c> <w type="AT">the</w> <w type="NN">palate</w> <w type="CC">and</w> <w type="AT">the</w> <w type="NN">capacity</w> <w type="IN">for</w> <w type="NN">appreciation</w> <w type="MD">will</w> <w type="NEG">not</w> <w type="BE">be</w> <w type="JJ">ready</w> <w type="IN">for</w> <w type="AT">the</w> <w type="JJ" subtype="FW">Grands</w> <w type="NNS" subtype="FW">Crus</w> <w type="CS">as</w> <w type="AT">a</w> <w type="JJ">steady</w> <w type="NN">diet</w> <w type="IN">without</w> <w type="JJ">frequent</w> <w type="NN">recourse</w> <w type="IN">to</w> <w type="NNS" subtype="FW">crus</w> <w type="IN">of</w> <w type="AP">less</w> <w type="NN">renown</w> <c type="pct">.</c> </s>
<s n="12"><w type="EX">There</w> <w type="BEZ">is</w> <w type="PN">nothing</w> <w type="IN">infra</w> <w type="NN">dig</w> <w type="IN">about</w> <w type="AT">a</w> <w type="JJ">good</w> <w type="NN">blend</w> <w type="IN">from</w> <w type="AT">a</w> <w type="JJ">good</w> <w type="NN">shipper</w> <c type="pct">.</c> </s>
<s n="13"><w type="DTI">Some</w> <w type="IN">of</w> <w type="PPO">them</w> <w type="BER">are</w> <w type="QL">very</w> <w type="JJ">delicious</w> <w type="QLP">indeed</w> <c type="pct">,</c> <w type="CC">and</w> <w type="EX">there</w> <w type="BER">are</w> <w type="AP">many</w> <w type="JJ">good</w> <w type="NNS">ones</w> <w type="VBN">exported</w> <c type="pct">--</c> <w type="RB">unfortunately</w> <c type="pct">,</c> <w type="RB">along</w> <w type="IN">with</w> <w type="NNS">others</w> <w type="NEG">not</w> <w type="QL">so</w> <w type="JJ">good</w> <c type="pct">,</c> <w type="CC">and</w> <w type="JJR">worse</w> <c type="pct">.</c> </s>
<s n="14"><w type="NN">Consultation</w> <w type="IN">with</w> <w type="AT">a</w> <w type="JJ">reputable</w> <w type="NN">wine</w> <w type="NN">dealer</w> <w type="CC">and</w> <w type="JJ">constant</w> <w type="NN">experimentation</w> <c type="pct">--</c> <c type="pct">``</c> <w type="VBG">steering</w> <w type="RB">ever</w> <w type="IN">from</w> <w type="AT">the</w> <w type="VBN">known</w> <w type="IN">to</w> <w type="AT">the</w> <w type="JJ">unknown</w> <c type="pct">''</c> <c type="pct">--</c> <w type="BER">are</w> <w type="AT">the</w> <w type="NNS">requisites</w> <c type="pct">.</c> </s>
</p>
<p><s n="15"><w type="NN">Wine</w> <w type="NNS">waiters</w> <w type="BER">are</w> <w type="PN">something</w> <w type="RB">else</w> <w type="RB">again</w> <c type="pct">;</c> <c type="pct">;</c> </s>
<s n="16"><w type="RB">especially</w> <w type="CS">if</w> <w type="CD">one</w> <w type="BEZ">is</w> <w type="VBG">travelling</w> <w type="CC">or</w> <w type="VBG">dining</w> <w type="RP">out</w> <w type="AT">a</w> <w type="JJ">great</w> <w type="NN">deal</w> <c type="pct">,</c> <w type="PPg">their</w> <w type="NN">importance</w> <w type="VBZ">mounts</w> <c type="pct">.</c> </s>
<s n="17"><w type="AP">Most</w> <w type="IN">of</w> <w type="PPO">them</w> <c type="pct">,</c> <w type="AT">the</w> <w type="NN">world</w> <w type="RP">over</w> <c type="pct">,</c> <w type="VB">operate</w> <w type="IN">on</w> <w type="AT">the</w> <w type="AP">same</w> <w type="NN">principle</w> <w type="IN">by</w> <w type="WDT">which</w> <w type="NN">justice</w> <w type="BEZ">is</w> <w type="VBN">administered</w> <w type="IN">in</w> <w type="NP">France</w> <w type="CC">and</w> <w type="DTI">some</w> <w type="AP">other</w> <w type="JJ">Latin</w> <w type="NNS">countries</w> <c type="pct">:</c> <w type="AT">the</w> <w type="NN">customer</w> <w type="BEZ">is</w> <w type="TO">to</w> <w type="BE">be</w> <w type="VBN">considered</w> <w type="JJ">guilty</w> <w type="IN">of</w> <w type="JJ">abysmal</w> <w type="NN">ignorance</w> <w type="CS">until</w> <w type="VBN">proven</w> <w type="RB">otherwise</w> <c type="pct">,</c> <w type="IN">with</w> <w type="AT">the</w> <w type="NN">burden</w> <w type="IN">of</w> <w type="NN">proof</w> <w type="IN">on</w> <w type="AT">the</w> <w type="NN">customer</w> <w type="PPL">himself</w> <c type="pct">.</c> </s>
<s n="18"><w type="RB">Now</w> <w type="AT">the</w> <w type="NN">drinking</w> <w type="IN">of</w> <w type="NN">wine</w> <c type="pct">(</c> <w type="CC">and</w> <w type="RB">happily</w> <w type="RB">so</w> <c type="pct">!</c> <c type="pct">!</c> </s>
<s n="19"><c type="pct">)</c> <w type="BEZ">is</w> <w type="IN">for</w> <w type="AT">the</w> <w type="AP">most</w> <w type="NN">part</w> <w type="AT">a</w> <w type="JJ">recondite</w> <w type="NN">affair</w> <c type="pct">,</c> <w type="CS">for</w> <w type="RB">manifestly</w> <c type="pct">,</c> <w type="CS">if</w> <w type="PN">everyone</w> <w type="IN">in</w> <w type="AT">the</w> <w type="NN">world</w> <w type="WPS">who</w> <w type="MD">could</w> <w type="VB">afford</w> <w type="AT">the</w> <w type="JJT">best</w> <w type="NNS">wines</w> <w type="RB">also</w> <w type="VBD">liked</w> <w type="PPO">them</w> <c type="pct">,</c> <w type="AT">the</w> <w type="NN">supply</w> <w type="MD">would</w> <w type="VB">dry</w> <w type="RP">up</w> <w type="IN">in</w> <w type="AT">no</w> <w type="NN">time</w> <w type="IN">at</w> <w type="ABN">all</w> <c type="pct">.</c> </s>
<s n="20"><w type="DT">This</w> <w type="BEZ">is</w> <w type="AT">the</w> <w type="AP">only</w> <w type="JJ">valid</w> <c type="pct">,</c> <w type="CC">and</w> <w type="VBG">extenuating</w> <c type="pct">,</c> <w type="NN">argument</w> <w type="WPS">that</w> <w type="MD">may</w> <w type="BE">be</w> <w type="VBN">advanced</w> <w type="IN">in</w> <w type="NN">defense</w> <w type="IN">of</w> <w type="AT">the</w> <w type="JJ">reprehensible</w> <w type="NN">attitude</w> <w type="IN">of</w> <w type="AT">the</w> <w type="JJ">common</w> <w type="NN">wine</w> <w type="NN">waiter</w> <c type="pct">.</c> </s>
<s n="21"><w type="AT">A</w> <w type="QL">really</w> <w type="JJ">good</w> <w type="NN">wine</w> <w type="NN">waiter</w> <w type="BEZ">is</w> <c type="pct">,</c> <w type="RB">paradoxically</w> <c type="pct">,</c> <w type="AT">the</w> <w type="NN">guardian</w> <c type="pct">(</c> <w type="CC">and</w> <w type="NEG">not</w> <w type="AT">the</w> <w type="NN">purveyor</w> <c type="pct">)</c> <w type="IN">of</w> <w type="PPg">his</w> <w type="NN">cellar</w> <w type="IN">against</w> <w type="AT">the</w> <w type="NPS">Visigoths</w> <c type="pct">.</c> </s>
<s n="22"><w type="VBN">Faced</w> <c type="pct">,</c> <w type="IN">on</w> <w type="AT">the</w> <w type="CD">one</w> <w type="NN">hand</w> <c type="pct">,</c> <w type="IN">with</w> <w type="AT">an</w> <w type="QL">always</w> <w type="JJ">exhaustible</w> <w type="NN">supply</w> <w type="IN">of</w> <w type="PPg">his</w> <w type="JJT">best</w> <w type="NNS">wines</w> <c type="pct">,</c> <w type="CC">and</w> <w type="IN">on</w> <w type="AT">the</w> <w type="AP">other</w> <w type="IN">by</w> <w type="AT">a</w> <w type="NN">clientele</w> <w type="RB">usually</w> <w type="VBN">equipped</w> <w type="IN">with</w> <w type="JJ">inexhaustible</w> <w type="NNS">pocketbooks</w> <c type="pct">,</c> <w type="PPS">it</w> <w type="BEZ">is</w> <w type="AT">a</w> <w type="NN">wonder</w> <w type="RB">indeed</w> <w type="CS">that</w> <w type="ABN">all</w> <w type="NN">wine</w> <w type="NNS">waiters</w> <w type="BER">are</w> <w type="NEG">not</w> <w type="VBN">afflicted</w> <w type="IN">with</w> <w type="JJ">chronic</w> <w type="NN">ambivalence</w> <c type="pct">.</c> </s>
<s n="23"><w type="AT">The</w> <w type="CD">one</w> <w type="NN">way</w> <w type="TO">to</w> <w type="VB">get</w> <w type="IN">around</w> <w type="PPO">them</w> <c type="pct">--</c> <w type="JJ">short</w> <w type="IN">of</w> <w type="VBG">knowing</w> <w type="RB">exactly</w> <w type="WDT">what</w> <w type="PN">one</w> <w type="VBZ">wants</w> <w type="CC">and</w> <w type="VBG">sticking</w> <w type="IN">to</w> <w type="PPO">it</w> <c type="pct">--</c> <w type="BEZ">is</w> <w type="TO">to</w> <w type="VB">frequent</w> <w type="AT">a</w> <w type="AP">single</w> <w type="NN">establishment</w> <w type="CS">until</w> <w type="PPg">its</w> <w type="NN">wine</w> <w type="NN">waiter</w> <w type="BEZ">is</w> <w type="VBN">persuaded</w> <w type="CS">that</w> <w type="PN">one</w> <w type="BEZ">is</w> <w type="IN">at</w> <w type="AP">least</w> <w type="QL">as</w> <w type="VBN">interested</w> <w type="IN">in</w> <w type="NN">wine</w> <w type="CS">as</w> <w type="IN">in</w> <w type="VBG">spending</w> <w type="NN">money</w> <c type="pct">.</c> </s>
<s n="24"><w type="QL">Only</w> <w type="RB">then</w> <c type="pct">,</c> <w type="RB">perhaps</w> <c type="pct">,</c> <w type="MD">will</w> <w type="PPS">he</w> <w type="VB">reveal</w> <w type="PPg">his</w> <w type="NNS">jewels</w> <w type="CC">and</w> <w type="PPg">his</w> <w type="NNS">bargains</w> <c type="pct">.</c> </s>
</p>
<p><s n="25"><w type="NN">Wine</w> <w type="VBN">bought</w> <w type="IN">from</w> <w type="AT">a</w> <w type="NN">dealer</w> <w type="MD">should</w> <w type="RB">ideally</w> <w type="BE">be</w> <w type="VBN">allowed</w> <w type="TO">to</w> <w type="VB">rest</w> <w type="IN">for</w> <w type="AP">several</w> <w type="NNS">weeks</w> <w type="CS">before</w> <w type="PPS">it</w> <w type="BEZ">is</w> <w type="VBN">served</w> <c type="pct">.</c> </s>
<s n="26"><w type="DT">This</w> <w type="BEZ">is</w> <w type="RB">especially</w> <w type="JJ">true</w> <w type="IN">of</w> <w type="JJ">red</w> <w type="NNS">wines</w> <c type="pct">,</c> <w type="CC">and</w> <w type="AT">a</w> <w type="NN">practice</w> <w type="WDT">which</w> <c type="pct">,</c> <w type="CS">though</w> <w type="NEG">not</w> <w type="RB">always</w> <w type="JJ">practicable</w> <c type="pct">,</c> <w type="BEZ">is</w> <w type="QL">well</w> <w type="JJ">worth</w> <w type="AT">the</w> <w type="NN">effort</w> <c type="pct">.</c> </s>
<s n="27"><w type="PPS">It</w> <w type="DOZ">does</w> <w type="AT">no</w> <w type="NN">harm</w> <w type="IN">for</w> <w type="NN">wine</w> <w type="TO">to</w> <w type="VB">stand</w> <w type="IN">on</w> <w type="NN">end</w> <w type="IN">for</w> <w type="AT">a</w> <w type="NN">matter</w> <w type="IN">of</w> <w type="NNS">days</w> <c type="pct">,</c> <w type="CC">but</w> <w type="IN">in</w> <w type="NNS">terms</w> <w type="IN">of</w> <w type="NNS">months</w> <w type="CC">and</w> <w type="NNS">years</w> <w type="PPS">it</w> <w type="BEZ">is</w> <w type="JJ">fatal</w> <c type="pct">.</c> </s>
<s n="28"><w type="NN">Wine</w> <w type="VBN">stored</w> <w type="IN">for</w> <w type="AT">a</w> <w type="JJ">long</w> <w type="NN">time</w> <w type="MD">should</w> <w type="BE">be</w> <w type="IN">on</w> <w type="PPg">its</w> <w type="NN">side</w> <c type="pct">;</c> <c type="pct">;</c> </s>
<s n="29"><w type="RB">otherwise</w> <c type="pct">,</c> <w type="AT">the</w> <w type="NN">cork</w> <w type="VBZ">dries</w> <w type="CC">and</w> <w type="NN">air</w> <w type="VBZ">enters</w> <w type="TO">to</w> <w type="VB">spoil</w> <w type="PPO">it</w> <c type="pct">.</c> </s>
<s n="30"><w type="WRB">When</w> <w type="VBG">stacking</w> <w type="NN">wine</w> <w type="IN">on</w> <w type="PPg">its</w> <w type="NN">side</w> <w type="IN">in</w> <w type="AT">a</w> <w type="NN">bin</w> <c type="pct">,</c> <w type="NN">care</w> <w type="MD">should</w> <w type="RB">always</w> <w type="BE">be</w> <w type="VBN">taken</w> <w type="TO">to</w> <w type="BE">be</w> <w type="JJ">sure</w> <w type="EX">there</w> <w type="BEZ">is</w> <w type="AT">no</w> <w type="NN">air</w> <w type="NN">bubble</w> <w type="VBN">left</w> <w type="IN">next</w> <w type="IN">to</w> <w type="AT">the</w> <w type="NN">cork</w> <c type="pct">.</c> </s>
<s n="31"><w type="JJ">Fat</w> <w type="NNS">bottles</w> <c type="pct">,</c> <w type="JJ">such</w> <w type="CS">as</w> <w type="NPS">Burgundies</w> <c type="pct">,</c> <w type="HV">have</w> <w type="AT">a</w> <w type="NN">way</w> <w type="IN">of</w> <w type="VBG">rolling</w> <w type="RB">around</w> <w type="IN">in</w> <w type="AT">the</w> <w type="NN">bin</w> <w type="CC">and</w> <w type="RB">often</w> <w type="VB">need</w> <w type="AP">little</w> <w type="NNS">props</w> <c type="pct">,</c> <w type="JJ">such</w> <w type="CS">as</w> <w type="AT">a</w> <w type="NN">bit</w> <w type="IN">of</w> <w type="NN">cardboard</w> <w type="CC">or</w> <w type="AT">a</w> <w type="NN">chip</w> <w type="IN">of</w> <w type="NN">wood</w> <c type="pct">,</c> <w type="TO">to</w> <w type="VB">hold</w> <w type="PPO">them</w> <w type="IN">in</w> <w type="AT">the</w> <w type="JJ">proper</w> <w type="VBG">reclining</w> <w type="NN">posture</w> <c type="pct">.</c> </s>
<s n="32"><w type="QL">Too</w> <w type="AP">much</w> <w type="NN">dampness</w> <w type="IN">in</w> <w type="AT">the</w> <w type="NN">cellar</w> <w type="VBZ">rots</w> <w type="AT">the</w> <w type="NNS">corks</w> <c type="pct">,</c> <w type="RB">again</w> <w type="IN">with</w> <w type="JJ">ill</w> <w type="NNS">effects</w> <c type="pct">.</c> </s>
<s n="33"><w type="AT">The</w> <w type="JJT">best</w> <w type="NN">rule</w> <w type="IN">of</w> <w type="NN">thumb</w> <w type="IN">for</w> <w type="VBG">detecting</w> <w type="VBN">corked</w> <w type="NN">wine</w> <c type="pct">(</c> <w type="VBN">provided</w> <w type="AT">the</w> <w type="NN">eye</w> <w type="HVZ">has</w> <w type="NEG">not</w> <w type="RB">already</w> <w type="VBN">spotted</w> <w type="PPO">it</w> <c type="pct">)</c> <w type="BEZ">is</w> <w type="TO">to</w> <w type="VB">smell</w> <w type="AT">the</w> <w type="JJ">wet</w> <w type="NN">end</w> <w type="IN">of</w> <w type="AT">the</w> <w type="NN">cork</w> <w type="CS">after</w> <w type="VBG">pulling</w> <w type="PPO">it</w> <c type="pct">:</c> <w type="CS">if</w> <w type="PPS">it</w> <w type="VBZ">smells</w> <w type="IN">of</w> <w type="NN">wine</w> <c type="pct">,</c> <w type="AT">the</w> <w type="NN">bottle</w> <w type="BEZ">is</w> <w type="RB">probably</w> <w type="QL">all</w> <w type="JJ">right</w> <c type="pct">;</c> <c type="pct">;</c> </s>
<s n="34"><w type="CS">if</w> <w type="PPS">it</w> <w type="VBZ">smells</w> <w type="IN">of</w> <w type="NN">cork</w> <c type="pct">,</c> <w type="PN">one</w> <w type="HVZ">has</w> <w type="NNS">grounds</w> <w type="IN">for</w> <w type="NN">suspicion</w> <c type="pct">.</c> </s>
</p>
<p><s n="35"><w type="JJ">Seasonal</w> <w type="NNS">rises</w> <w type="CC">or</w> <w type="NNS">drops</w> <w type="IN">in</w> <w type="NN">temperature</w> <w type="BER">are</w> <w type="JJ">bad</w> <w type="IN">for</w> <w type="NN">wine</w> <c type="pct">:</c> <w type="PPSS">they</w> <w type="VB">age</w> <w type="PPO">it</w> <w type="RB">prematurely</w> <c type="pct">.</c> </s>
<s n="36"><w type="AT">The</w> <w type="JJ">ideal</w> <w type="NN">storage</w> <w type="NN">temperature</w> <w type="IN">for</w> <w type="JJ">long</w> <w type="NNS">periods</w> <w type="BEZ">is</w> <w type="RB">about</w> <w type="CD">fifty-five</w> <w type="NNS">degrees</w> <c type="pct">,</c> <w type="IN">with</w> <w type="AT">an</w> <w type="JJ">allowable</w> <w type="NN">range</w> <w type="IN">of</w> <w type="CD">five</w> <w type="NNS">degrees</w> <w type="IN">above</w> <w type="CC">or</w> <w type="IN">below</w> <w type="DT">this</w> <c type="pct">,</c> <w type="VBN">provided</w> <w type="EX">there</w> <w type="BER">are</w> <w type="AT">no</w> <w type="JJ">sudden</w> <w type="CC">or</w> <w type="JJ">frequent</w> <w type="NNS">changes</w> <c type="pct">.</c> </s>
<s n="37"><w type="VBN">Prolonged</w> <w type="NN">vibration</w> <w type="BEZ">is</w> <w type="RB">also</w> <w type="JJ">undesirable</w> <c type="pct">;</c> <c type="pct">;</c> </s>
<s n="38"><w type="RB">consequently</w> <c type="pct">,</c> <w type="PNg">one's</w> <w type="NN">wine</w> <w type="NN">closet</w> <w type="CC">or</w> <w type="NN">cellar</w> <w type="MD">should</w> <w type="BE">be</w> <w type="RB">away</w> <w type="IN">from</w> <w type="NNS">machines</w> <w type="CC">or</w> <w type="RB">electrically</w> <w type="VBN">driven</w> <w type="NNS">furnaces</w> <c type="pct">.</c> </s>
<s n="39"><w type="CS">If</w> <w type="PN">one</w> <w type="VBZ">lives</w> <w type="IN">near</w> <w type="AT">a</w> <w type="NN">subway</w> <w type="CC">or</w> <w type="AT">an</w> <w type="NN">express</w> <w type="NN">parkway</w> <c type="pct">,</c> <w type="AT">the</w> <w type="NN">solution</w> <w type="BEZ">is</w> <w type="TO">to</w> <w type="HV">have</w> <w type="PNg">one's</w> <w type="NNS">wines</w> <w type="VBN">stored</w> <w type="IN">with</w> <w type="AT">a</w> <w type="NN">dealer</w> <w type="CC">and</w> <w type="VBN">brought</w> <w type="NR">home</w> <w type="AT">a</w> <w type="AP">few</w> <w type="IN">at</w> <w type="AT">a</w> <w type="NN">time</w> <c type="pct">.</c> </s>
<s n="40"><w type="NN">Light</w> <c type="pct">,</c> <w type="RB">especially</w> <w type="NN">daylight</w> <c type="pct">,</c> <w type="BEZ">is</w> <w type="RB">always</w> <w type="JJ">bad</w> <w type="IN">for</w> <w type="NN">wine</w> <c type="pct">.</c> </s>
</p>
<p><s n="41"><w type="ABN">All</w> <w type="IN">in</w> <w type="ABN">all</w> <c type="pct">,</c> <w type="RB">though</w> <c type="pct">,</c> <w type="EX">there</w> <w type="BEZ">is</w> <w type="AT">a</w> <w type="JJ">good</w> <w type="NN">deal</w> <w type="IN">of</w> <w type="NN">nonsense</w> <w type="VBN">expended</w> <w type="IN">over</w> <w type="AT">the</w> <w type="NNS">preparations</w> <w type="VBN">thought</w> <w type="JJ">necessary</w> <w type="IN">for</w> <w type="JJ">ordinary</w> <w type="NN">wine</w> <w type="NN">drinking</w> <c type="pct">;</c> <c type="pct">;</c> </s>
<s n="42"><w type="AP">many</w> <w type="NNS">people</w> <w type="VB">go</w> <w type="IN">to</w> <w type="JJ">extreme</w> <w type="NNS">lengths</w> <w type="IN">in</w> <w type="VBG">decanting</w> <c type="pct">,</c> <w type="VBG">chilling</w> <w type="CC">or</w> <w type="VBG">warming</w> <c type="pct">,</c> <w type="CC">or</w> <w type="VBG">banishing</w> <w type="IN">without</w> <w type="JJR">further</w> <w type="NN">investigation</w> <w type="DTI">any</w> <w type="NN">bottle</w> <w type="IN">with</w> <w type="QL">so</w> <w type="AP">much</w> <w type="CS">as</w> <w type="AT">a</w> <w type="QL">slightly</w> <w type="JJ">suspicious</w> <w type="NN">cork</w> <c type="pct">.</c> </s>
<s n="43"><w type="AT">No</w> <w type="PN">one</w> <w type="MD">should</w> <w type="VB">wish</w> <w type="TO">to</w> <w type="VB">deny</w> <w type="DTS">these</w> <w type="NNS">purists</w> <w type="AT">the</w> <w type="JJ">obvious</w> <w type="NN">pleasure</w> <w type="PPSS">they</w> <w type="VB">derive</w> <w type="IN">from</w> <w type="ABN">all</w> <w type="DT">this</w> <c type="pct">,</c> <w type="CC">and</w> <w type="TO">to</w> <w type="VB">give</w> <w type="JJ">fair</w> <w type="NN">warning</w> <w type="WRB">where</w> <w type="VBG">warning</w> <w type="BEZ">is</w> <w type="JJ">due</w> <c type="pct">,</c> <w type="AT">no</w> <w type="PN">one</w> <w type="WPS">who</w> <w type="VBZ">becomes</w> <w type="JJ">fond</w> <w type="IN">of</w> <w type="NNS">wines</w> <w type="RB">ever</w> <w type="VBZ">avoids</w> <w type="VBG">acquiring</w> <w type="DTI">some</w> <w type="NN">degree</w> <w type="IN">of</w> <w type="NN">purism</w> <c type="pct">!</c> <c type="pct">!</c> </s>
<s n="44"><w type="CC">But</w> <w type="AT">the</w> <w type="NN">fact</w> <w type="VBZ">remains</w> <w type="CS">that</w> <w type="IN">in</w> <w type="AP">most</w> <w type="NNS">restaurants</w> <c type="pct">,</c> <w type="IN">including</w> <w type="DTI">some</w> <w type="IN">of</w> <w type="AT">the</w> <w type="JJT">best</w> <w type="IN">of</w> <w type="NP">Paris</w> <w type="CC">and</w> <w type="NP">Bordeaux</w> <w type="CC">and</w> <w type="NP">Dijon</w> <c type="pct">,</c> <w type="AT">the</w> <w type="NN">bottle</w> <w type="BEZ">is</w> <w type="RB">frankly</w> <w type="CC">and</w> <w type="RB">simply</w> <w type="VBN">brought</w> <w type="IN">from</w> <w type="AT">the</w> <w type="NN">cellar</w> <w type="IN">to</w> <w type="AT">the</w> <w type="NN">table</w> <w type="WRB">when</w> <w type="VBN">ordered</w> <c type="pct">,</c> <w type="CC">and</w> <w type="ABN">all</w> <w type="AT">the</w> <w type="NN">conditioning</w> <w type="CC">or</w> <w type="NN">preparation</w> <w type="PPS">it</w> <w type="RB">ever</w> <w type="VBZ">receives</w> <w type="VBZ">takes</w> <w type="NN">place</w> <w type="CS">while</w> <w type="AT">the</w> <w type="NN">chef</w> <w type="BEZ">is</w> <w type="VBG">preparing</w> <w type="AT">the</w> <w type="NN">meal</w> <c type="pct">.</c> </s>
<s n="45"><w type="AT">A</w> <w type="JJ">white</w> <w type="NN">wine</w> <c type="pct">,</c> <w type="RB">already</w> <w type="IN">at</w> <w type="JJ">cool</w> <w type="NN">cellar</w> <w type="NN">temperature</w> <c type="pct">,</c> <w type="MD">may</w> <w type="BE">be</w> <w type="RB">adequately</w> <w type="VBN">chilled</w> <w type="IN">in</w> <w type="AT">a</w> <w type="NN">bucket</w> <w type="IN">of</w> <w type="NN">ice</w> <w type="CC">and</w> <w type="NN">water</w> <w type="CC">or</w> <w type="AT">the</w> <w type="VBG">freezing</w> <w type="NN">compartment</w> <w type="IN">of</w> <w type="AT">a</w> <w type="NN">refrigerator</w> <c type="pct">(</c> <w type="AT">the</w> <w type="AP">former</w> <w type="BEZ">is</w> <w type="QL">far</w> <w type="JJ">preferable</w> <c type="pct">)</c> <w type="IN">in</w> <w type="RB">about</w> <w type="CD">fifteen</w> <w type="NNS">minutes</w> <c type="pct">;</c> <c type="pct">;</c> </s>
<s n="46"><w type="IN">for</w> <w type="DTS">those</w> <w type="WPS">who</w> <w type="VB">live</w> <w type="IN">in</w> <w type="AT">a</w> <w type="NN">winter</w> <w type="NN">climate</w> <c type="pct">,</c> <w type="EX">there</w> <w type="BEZ">is</w> <w type="PN">nothing</w> <w type="JJR">better</w> <w type="CS">than</w> <w type="AT">a</w> <w type="NN">bucket</w> <w type="IN">of</w> <w type="NN">water</w> <w type="CC">and</w> <w type="NN">snow</w> <c type="pct">.</c> </s>
<s n="47"><w type="CS">Though</w> <w type="IN">by</w> <w type="AT">no</w> <w type="NNS">means</w> <w type="AT">an</w> <w type="JJ">ideal</w> <w type="NN">procedure</w> <c type="pct">,</c> <w type="AT">a</w> <w type="JJ">red</w> <w type="NN">wine</w> <w type="MD">may</w> <w type="RB">similarly</w> <w type="BE">be</w> <w type="VBN">brought</w> <w type="IN">from</w> <w type="AT">the</w> <w type="NN">cellar</w> <w type="IN">to</w> <w type="AT">the</w> <w type="VBG">dining</w> <w type="NN">room</w> <w type="CC">and</w> <w type="VBN">opened</w> <w type="CD">twenty</w> <w type="NNS">minutes</w> <w type="CC">or</w> <w type="RB">so</w> <w type="IN">before</w> <w type="VBG">serving</w> <w type="NN">time</w> <c type="pct">.</c> </s>
<s n="48"><w type="PPS">It</w> <w type="MD">may</w> <w type="BE">be</w> <w type="AT">a</w> <w type="NN">bit</w> <w type="JJ">cold</w> <w type="WRB">when</w> <w type="VBN">poured</w> <c type="pct">;</c> <c type="pct">;</c> </s>
<s n="49"><w type="CC">but</w> <w type="RB">again</w> <c type="pct">,</c> <w type="CS">as</w> <w type="PN">one</w> <w type="MD">will</w> <w type="HV">have</w> <w type="VBN">observed</w> <w type="IN">at</w> <w type="DTI">any</w> <w type="NN">restaurant</w> <w type="JJ">worth</w> <w type="PPg">its</w> <w type="NN">salt</w> <c type="pct">,</c> <w type="NN">wine</w> <w type="MD">should</w> <w type="BE">be</w> <w type="VBN">served</w> <w type="IN">in</w> <w type="AT">a</w> <w type="JJ">large</w> <c type="pct">,</c> <w type="JJ">tulip-shaped</w> <w type="NN">glass</w> <c type="pct">,</c> <w type="WDT">which</w> <w type="BEZ">is</w> <w type="RB">never</w> <w type="VBN">filled</w> <w type="AP">more</w> <w type="IN">than</w> <w type="ABN">half</w> <w type="JJ">full</w> <c type="pct">.</c> </s>
<s n="50"><w type="IN">In</w> <w type="DT">this</w> <w type="NN">way</w> <c type="pct">,</c> <w type="JJ">red</w> <w type="NN">wine</w> <w type="VBZ">warms</w> <w type="IN">of</w> <w type="PPL">itself</w> <w type="QL">quite</w> <w type="RB">rapidly</w> <c type="pct">--</c> <w type="CC">and</w> <w type="CS">though</w> <w type="PPS">it</w> <w type="BEZ">is</w> <w type="JJ">true</w> <w type="CS">that</w> <w type="PPS">it</w> <w type="MD">may</w> <w type="NEG">not</w> <w type="VB">attain</w> <w type="PPg">its</w> <w type="NN">potential</w> <w type="IN">of</w> <w type="NN">taste</w> <w type="CC">and</w> <w type="NN">fragrance</w> <w type="IN">until</w> <w type="IN">after</w> <w type="AT">the</w> <w type="NN">middle</w> <w type="IN">of</w> <w type="AT">the</w> <w type="NN">meal</w> <c type="pct">(</c> <w type="CC">or</w> <w type="AT">the</w> <w type="NN">course</w> <c type="pct">)</c> <c type="pct">,</c> <w type="IN">in</w> <w type="AT">the</w> <w type="NN">meantime</w> <w type="PPS">it</w> <w type="MD">will</w> <w type="HV">have</w> <w type="VBN">run</w> <w type="AT">the</w> <w type="NN">gamut</w> <w type="IN">of</w> <w type="AP">many</w> <w type="JJ">beguiling</w> <w type="CC">and</w> <w type="JJ">interesting</w> <w type="NNS">stages</w> <c type="pct">.</c> </s>
<s n="51"><w type="AT">The</w> <w type="AP">only</w> <w type="JJ">cardinal</w> <w type="NN">sin</w> <w type="WDT">which</w> <w type="MD">may</w> <w type="BE">be</w> <w type="VBN">committed</w> <w type="IN">in</w> <w type="VBG">warming</w> <w type="AT">a</w> <w type="NN">wine</w> <w type="BEZ">is</w> <w type="TO">to</w> <w type="VB">force</w> <w type="PPO">it</w> <w type="IN">by</w> <w type="VBG">putting</w> <w type="PPO">it</w> <w type="RB">next</w> <w type="IN">to</w> <w type="AT">the</w> <w type="NN">stove</w> <w type="CC">or</w> <w type="IN">in</w> <w type="NN">front</w> <w type="IN">of</w> <w type="AT">an</w> <w type="JJ">open</w> <w type="NN">fire</w> <c type="pct">.</c> </s>
<s n="52"><w type="DT">This</w> <w type="RB">invariably</w> <w type="VBZ">effaces</w> <w type="DTI">any</w> <w type="NNg">wine's</w> <w type="NN">character</w> <c type="pct">,</c> <w type="CC">and</w> <w type="VBZ">drives</w> <w type="PPg">its</w> <w type="NN">fragrance</w> <w type="RB">underground</w> <c type="pct">.</c> </s>
</p>
<p><s n="53"><w type="PPS">It</w> <w type="MD">should</w> <w type="NEG">not</w> <w type="BE">be</w> <w type="VBN">forgotten</w> <w type="CS">that</w> <w type="NNS">wines</w> <w type="VB">mature</w> <w type="RBT">fastest</w> <w type="IN">in</w> <w type="NNS">half-bottles</w> <c type="pct">,</c> <w type="QL">less</w> <w type="RB">fast</w> <w type="IN">in</w> <w type="JJ">full</w> <w type="NNS">bottles</w> <c type="pct">,</c> <w type="RB">slowly</w> <w type="IN">in</w> <w type="NNS">Magnums</w> <c type="pct">--</c> <w type="CC">and</w> <w type="RBR">slower</w> <w type="QL">yet</w> <w type="IN">in</w> <w type="NPS">Tregnums</w> <c type="pct">,</c> <w type="JJ">double</w> <w type="NNS">Magnums</w> <c type="pct">,</c> <w type="NPS">Jeroboams</w> <c type="pct">,</c> <w type="NPS">Methuselahs</w> <c type="pct">,</c> <w type="CC">and</w> <w type="NPS">Imperiales</w> <c type="pct">,</c> <w type="RB">respectively</w> <c type="pct">.</c> </s>
<s n="54"><w type="QL">Very</w> <w type="JJ">old</w> <w type="JJ">red</w> <w type="NNS">wines</w> <w type="RB">often</w> <w type="VB">require</w> <w type="AP">several</w> <w type="NNS">hours</w> <w type="IN">of</w> <w type="NN">aeration</w> <c type="pct">,</c> <w type="CC">and</w> <w type="DTI">any</w> <w type="JJ">red</w> <w type="NN">wine</w> <c type="pct">,</c> <w type="VBN">brought</w> <w type="IN">from</w> <w type="AT">the</w> <w type="NN">cellar</w> <w type="IN">within</w> <w type="ABN">half</w> <w type="AT">an</w> <w type="NN">hour</w> <w type="IN">of</w> <w type="NN">mealtime</w> <c type="pct">,</c> <w type="MD">should</w> <w type="BE">be</w> <w type="VBN">uncorked</w> <w type="CC">and</w> <w type="VBN">allowed</w> <w type="DTI">some</w> <w type="NN">air</w> <c type="pct">.</c> </s>
<s n="55"><w type="CC">But</w> <w type="JJ">white</w> <w type="NNS">wines</w> <w type="RB">never</w> <c type="pct">!</c> <c type="pct">!</c> </s>
<s n="56"><w type="JJ">White</w> <w type="NNS">wines</w> <w type="MD">should</w> <w type="BE">be</w> <w type="VBN">opened</w> <w type="WRB">when</w> <w type="VBN">served</w> <c type="pct">,</c> <w type="HVG">having</w> <w type="BEN">been</w> <w type="RB">previously</w> <w type="VBN">chilled</w> <w type="IN">in</w> <w type="NN">proportion</w> <w type="IN">to</w> <w type="PPg">their</w> <w type="NN">sweetness</w> <c type="pct">.</c> </s>
<s n="57"><w type="RB">Thus</w> <c type="pct">,</c> <w type="NPS">Sauternes</w> <w type="CC">or</w> <w type="NPS">Barsacs</w> <w type="MD">should</w> <w type="BE">be</w> <w type="QL">very</w> <w type="JJ">cold</w> <c type="pct">;</c> <c type="pct">;</c> </s>
<s n="58"><w type="AT">a</w> <w type="NP">Pouilly-Fuisse</w> <w type="CC">or</w> <w type="AT">a</w> <w type="NP">Chablis</w> <w type="QL">somewhat</w> <w type="QL">less</w> <w type="JJ">cold</w> <c type="pct">.</c> </s>
<s n="59"><w type="NN">Over-chilling</w> <w type="BEZ">is</w> <w type="AT">an</w> <w type="VBN">accepted</w> <w type="NN">method</w> <w type="IN">for</w> <w type="VBG">covering</w> <w type="RP">up</w> <w type="AT">the</w> <w type="NNS">faults</w> <w type="IN">of</w> <w type="ABN">many</w> <w type="AT">a</w> <w type="JJ">cheap</w> <w type="CC">or</w> <w type="JJ">poor</w> <w type="JJ">white</w> <w type="NN">wine</w> <c type="pct">,</c> <w type="RB">especially</w> <w type="AT">a</w> <w type="JJ">dry</w> <w type="NN">wine</w> <c type="pct">--</c> <w type="CC">and</w> <w type="RB">certainly</w> <w type="AP">less</w> <w type="IN">of</w> <w type="AT">a</w> <w type="NN">crime</w> <w type="CS">than</w> <w type="VBG">serving</w> <w type="AT">a</w> <w type="NN">wine</w> <w type="IN">at</w> <w type="AT">a</w> <w type="NN">temperature</w> <w type="WDT">which</w> <w type="VBZ">reveals</w> <w type="PPO">it</w> <w type="CS">as</w> <w type="JJ">unattractive</w> <c type="pct">.</c> </s>
</p>
<p><s n="60"><w type="AT">The</w> <w type="NN">fragrance</w> <w type="CC">and</w> <w type="NN">taste</w> <w type="IN">of</w> <w type="DTI">any</w> <w type="JJ">white</w> <w type="NN">wine</w> <w type="MD">will</w> <w type="VB">die</w> <w type="AT">a</w> <w type="VBG">lingering</w> <w type="NN">death</w> <w type="WRB">when</w> <w type="PPS">it</w> <w type="BEZ">is</w> <w type="VBN">allowed</w> <w type="TO">to</w> <w type="VB">warm</w> <w type="CC">or</w> <w type="BEZ">is</w> <w type="VBN">exposed</w> <w type="IN">for</w> <w type="RB">long</w> <w type="IN">to</w> <w type="AT">the</w> <w type="NN">air</w> <c type="pct">.</c> </s>
<s n="61"><w type="TO">To</w> <w type="VB">quote</w> <w type="NN" subtype="TL">Professor</w> <w type="NP">Saintsbury</w> <c type="pct">:</c> <c type="pct">``</c> <w type="AT">The</w> <w type="AP">last</w> <w type="NN">glass</w> <w type="IN">of</w> <w type="NN">claret</w> <w type="CC">or</w> <w type="NP">Burgundy</w> <w type="BEZ">is</w> <w type="QL">as</w> <w type="JJ">good</w> <w type="CS">as</w> <w type="AT">the</w> <w type="OD">first</w> <c type="pct">;</c> <c type="pct">;</c> </s>
<s n="62"><w type="CC">but</w> <w type="AT">the</w> <w type="OD">first</w> <w type="NN">glass</w> <w type="IN">of</w> <w type="NN" subtype="FW">Chateau</w> <mw pos="IN NP" subtype="FW">d'Yquem </mw><w type="CC">or</w> <w type="NP">Montrachet</w> <w type="BEZ">is</w> <w type="AT">a</w> <w type="JJ">great</w> <w type="NN">deal</w> <w type="JJR">better</w> <w type="CS">than</w> <w type="AT">the</w> <w type="AP">last</w> <c type="pct">''</c> <c type="pct">!</c> <c type="pct">!</c> </s>
<s n="63"><w type="DT">This</w> <w type="DOZ">does</w> <w type="NEG">not</w> <w type="VB">mean</w> <c type="pct">,</c> <w type="CS">though</w> <c type="pct">,</c> <w type="CS">that</w> <w type="AT">a</w> <w type="JJ">red</w> <w type="NN">wine</w> <w type="VBZ">improves</w> <w type="IN">with</w> <w type="VBN">prolonged</w> <w type="NN">aeration</w> <c type="pct">:</c> <w type="EX">there</w> <w type="BEZ">is</w> <w type="AT">a</w> <w type="JJ">reasonable</w> <w type="NN">limit</w> <c type="pct">--</c> <w type="CC">and</w> <w type="NNS">wines</w> <w type="VBN">kept</w> <w type="RP">over</w> <w type="IN">to</w> <w type="AT">the</w> <w type="AP">next</w> <w type="NN">meal</w> <w type="CC">or</w> <w type="AT">the</w> <w type="AP">next</w> <w type="NN">day</w> <c type="pct">,</c> <w type="CS">after</w> <w type="PPSS">they</w> <w type="HV">have</w> <w type="RB">once</w> <w type="BEN">been</w> <w type="VBN">opened</w> <c type="pct">,</c> <w type="BER">are</w> <w type="RB">never</w> <w type="CS">as</w> <w type="JJ">good</w> <c type="pct">.</c> </s>
<s n="64"><w type="CS">If</w> <w type="DT">this</w> <w type="MD">must</w> <w type="BE">be</w> <w type="VBN">done</w> <c type="pct">,</c> <w type="PPSS">they</w> <w type="MD">should</w> <w type="RB">always</w> <w type="BE">be</w> <w type="VBN">corked</w> <w type="CC">and</w> <w type="VBN">kept</w> <w type="IN">in</w> <w type="AT">a</w> <w type="JJ">cool</w> <w type="NN">place</w> <c type="pct">;</c> <c type="pct">;</c> </s>
<s n="65"><w type="PPS">it</w> <w type="MD">should</w> <w type="BE">be</w> <w type="VBN">remembered</w> <w type="CS">that</w> <w type="PPg">their</w> <w type="VBG">lasting</w> <w type="NNS">qualities</w> <w type="BER">are</w> <w type="QL">appreciably</w> <w type="JJR">shorter</w> <w type="CS">than</w> <w type="DTS">those</w> <w type="IN">of</w> <w type="NN">milk</w> <c type="pct">.</c> </s>
</p>
<p><s n="66"><w type="AT">A</w> <w type="AP">few</w> <w type="JJ">red</w> <w type="NNS">wines</w> <c type="pct">,</c> <w type="RB">notably</w> <w type="DTS">those</w> <w type="IN">of</w> <w type="AT">the</w> <w type="NP">Beaujolais</w> <c type="pct">,</c> <w type="BER">are</w> <w type="JJR">better</w> <w type="VBN">consumed</w> <w type="IN">at</w> <w type="NN">cellar</w> <w type="NN">temperature</w> <c type="pct">.</c> </s>
<s n="67"><w type="IN">By</w> <w type="NN">tradition</w> <c type="pct">,</c> <w type="AT">a</w> <w type="JJ">red</w> <w type="NN">wine</w> <w type="MD">should</w> <w type="BE">be</w> <w type="VBN">served</w> <w type="IN">at</w> <w type="RB">approximately</w> <w type="NN">room</w> <w type="NN">temperature</w> <c type="pct">--</c> <w type="CS">if</w> <w type="PN">anything</w> <w type="AT">a</w> <w type="QL">little</w> <w type="JJR">cooler</w> <c type="pct">--</c> <w type="CC">and</w> <w type="BE">be</w> <w type="VBN">aged</w> <w type="QLP">enough</w> <w type="IN">for</w> <w type="AT">the</w> <w type="NN">tannin</w> <w type="CC">and</w> <w type="NNS">acids</w> <w type="TO">to</w> <w type="HV">have</w> <w type="VBN">worked</w> <w type="RP">out</w> <w type="CC">and</w> <w type="AT">the</w> <w type="NN">sediment</w> <w type="HV">have</w> <w type="VBN">settled</w> <w type="RB">well</w> <c type="pct">.</c> </s>
<s n="68"><w type="RB">Thus</w> <c type="pct">,</c> <w type="JJ">red</w> <w type="NN">wine</w> <w type="MD">must</w> <c type="pct">,</c> <w type="CS">if</w> <w type="JJ">possible</w> <c type="pct">,</c> <w type="RB">never</w> <w type="BE">be</w> <w type="VBN">disturbed</w> <w type="CC">or</w> <w type="VBN">shaken</w> <c type="pct">;</c> <c type="pct">;</c> </s>
<s n="69"><w type="QL">very</w> <w type="JJ">old</w> <w type="JJ">red</w> <w type="NN">wine</w> <w type="BEZ">is</w> <w type="RB">often</w> <w type="VBN">decanted</w> <w type="CS">so</w> <w type="CS">that</w> <w type="AT">the</w> <w type="VBG">puckering</w> <c type="pct">,</c> <w type="JJ">bitter</w> <w type="NNS">elements</w> <w type="WDT">which</w> <w type="HV">have</w> <w type="VBN">settled</w> <w type="IN">to</w> <w type="AT">the</w> <w type="NN">bottom</w> <w type="MD">will</w> <w type="NEG">not</w> <w type="BE">be</w> <w type="VBN">mingled</w> <w type="IN">with</w> <w type="AT">the</w> <w type="NN">wine</w> <w type="PPL">itself</w> <c type="pct">.</c> </s>
<s n="70"><w type="AT">A</w> <w type="NN">tug-of-war</w> <w type="IN">between</w> <w type="AT">an</w> <w type="JJ">old</w> <w type="NN">bottle</w> <w type="CC">and</w> <w type="AT">an</w> <w type="JJ">inefficient</w> <w type="NN">corkscrew</w> <w type="MD">may</w> <w type="DO">do</w> <w type="QL">as</w> <w type="AP">much</w> <w type="NN">harm</w> <w type="CS">as</w> <w type="AT">a</w> <w type="NN">week</w> <w type="IN">at</w> <w type="NN">sea</w> <c type="pct">.</c> </s>
<s n="71"><w type="AT">The</w> <w type="NN">cork</w> <w type="MD">should</w> <w type="BE">be</w> <w type="VBN">pulled</w> <w type="RB">gradually</w> <w type="CC">and</w> <w type="RB">smoothly</w> <c type="pct">,</c> <w type="CC">and</w> <w type="AT">the</w> <w type="NN">lip</w> <w type="IN">of</w> <w type="AT">the</w> <w type="NN">bottle</w> <w type="VBN">wiped</w> <w type="RB">afterward</w> <c type="pct">.</c> </s>
</p>
<p><s n="72"><w type="AP">Many</w> <w type="NNS">people</w> <w type="VB">use</w> <w type="NN">wicker</w> <w type="NNS">cradles</w> <w type="IN">for</w> <w type="JJ">old</w> <w type="JJ">red</w> <w type="NN">wine</w> <c type="pct">,</c> <w type="VBG">lifting</w> <w type="AT">the</w> <w type="NN">bottle</w> <w type="RB">carefully</w> <w type="IN">from</w> <w type="AT">the</w> <w type="NN">bin</w> <w type="IN">into</w> <w type="AT">the</w> <w type="NN">cradle</w> <w type="CC">and</w> <w type="RB">eventually</w> <w type="IN">to</w> <w type="AT">the</w> <w type="NN">table</w> <c type="pct">,</c> <w type="IN">without</w> <w type="VBG">disturbing</w> <w type="AT">the</w> <w type="NN">sediment</w> <c type="pct">.</c> </s>
<s n="73"><w type="DT">Another</w> <w type="NN">school</w> <w type="VBZ">frowns</w> <w type="IN">on</w> <w type="ABL">such</w> <w type="AT">a</w> <w type="NN">shortcut</w> <c type="pct">,</c> <w type="CC">and</w> <w type="VBZ">insists</w> <w type="CS">that</w> <w type="IN">after</w> <w type="VBG">leaving</w> <w type="AT">the</w> <w type="NN">bin</w> <w type="AT">an</w> <w type="JJ">old</w> <w type="JJ">red</w> <w type="NN">wine</w> <w type="MD">should</w> <w type="RB">first</w> <w type="VB">stand</w> <w type="IN">on</w> <w type="NN">end</w> <w type="IN">for</w> <w type="AP">several</w> <w type="NNS">days</w> <w type="TO">to</w> <w type="VB">allow</w> <w type="AT">the</w> <w type="NN">sediment</w> <w type="TO">to</w> <w type="VB">roll</w> <w type="IN">to</w> <w type="AT">the</w> <w type="AP">very</w> <w type="NN">bottom</w> <c type="pct">,</c> <w type="IN">after</w> <w type="WDT">which</w> <w type="AT">the</w> <w type="NN">bottle</w> <w type="MD">may</w> <w type="BE">be</w> <w type="RB">gently</w> <w type="VBN">eased</w> <w type="IN">to</w> <w type="AT">a</w> <w type="VBN">tilted</w> <w type="NN">position</w> <w type="IN">on</w> <w type="PPg">its</w> <w type="NN">side</w> <w type="IN">in</w> <w type="AT">the</w> <w type="NN">cradle</w> <c type="pct">.</c> </s>
</p>
<p><s n="74"><w type="IN">In</w> <w type="NP">France</w> <c type="pct">,</c> <w type="WRB">when</w> <w type="PN">one</w> <w type="VBZ">wishes</w> <w type="TO">to</w> <w type="VB">entertain</w> <w type="IN">at</w> <w type="AT">a</w> <w type="NN">restaurant</w> <w type="CC">and</w> <w type="VB">serve</w> <w type="QL">truly</w> <w type="JJ">fine</w> <w type="JJ">old</w> <w type="JJ">red</w> <w type="NNS">wines</w> <c type="pct">,</c> <w type="PN">one</w> <w type="VBZ">visits</w> <w type="AT">the</w> <w type="NN">restaurant</w> <w type="QL">well</w> <w type="RB">ahead</w> <w type="IN">of</w> <w type="NN">time</w> <c type="pct">,</c> <w type="VBZ">chooses</w> <w type="AT">the</w> <w type="NNS">wines</w> <w type="CC">and</w> <c type="pct">,</c> <w type="IN">with</w> <w type="AT">the</w> <w type="NN">advice</w> <w type="IN">of</w> <w type="AT">the</w> <w type="NN">manager</w> <w type="CC">and</w> <w type="PPg">his</w> <w type="NN">chef</w> <c type="pct">,</c> <w type="VBZ">builds</w> <w type="AT">the</w> <w type="NN">menu</w> <w type="IN">around</w> <w type="PPO">them</w> <c type="pct">.</c> </s>
<s n="75"><w type="AT">The</w> <w type="NN">wine</w> <w type="NN">waiter</w> <w type="MD">will</w> <w type="VB">see</w> <w type="IN">to</w> <w type="PPO">it</w> <w type="CS">that</w> <w type="AT">the</w> <w type="NNS">bottles</w> <w type="BER">are</w> <w type="VBN">taken</w> <w type="IN">from</w> <w type="AT">the</w> <w type="NN">bin</w> <w type="CC">and</w> <w type="VBN">opened</w> <w type="IN">at</w> <w type="AP">least</w> <w type="IN">in</w> <w type="NN">time</w> <w type="TO">to</w> <w type="VB">warm</w> <w type="CC">and</w> <w type="VB">aerate</w> <c type="pct">,</c> <w type="RB">preferably</w> <w type="VBN">allowed</w> <w type="TO">to</w> <w type="VB">stand</w> <w type="IN">on</w> <w type="NN">end</w> <w type="IN">for</w> <w type="QL">as</w> <w type="RB">long</w> <w type="CS">as</w> <w type="JJ">possible</w> <w type="CC">and</w> <c type="pct">,</c> <w type="RB">perhaps</w> <w type="IN">in</w> <w type="AT">the</w> <w type="NN">case</w> <w type="IN">of</w> <w type="QL">very</w> <w type="JJ">old</w> <w type="NNS">wines</w> <c type="pct">,</c> <w type="BE">be</w> <w type="VBN">decanted</w> <c type="pct">.</c> </s>
<s n="76"><w type="VBG">Decanting</w> <w type="JJ">old</w> <w type="NN">wine</w> <w type="VBZ">aerates</w> <w type="PPO">it</w> <w type="RB">fully</w> <c type="pct">;</c> <c type="pct">;</c> </s>
<s n="77"><w type="PPS">it</w> <w type="MD">may</w> <w type="RB">also</w> <w type="BE">be</w> <c type="pct">--</c> <w type="RB">practically</w> <w type="VBG">speaking</w> <c type="pct">--</c> <w type="AT">a</w> <w type="NN">matter</w> <w type="IN">of</w> <w type="JJ">good</w> <w type="NN">economy</w> <c type="pct">.</c> </s>
<s n="78"><w type="CS">For</w> <c type="pct">,</c> <w type="IN">in</w> <w type="AT">the</w> <w type="NN">process</w> <w type="IN">of</w> <w type="VBG">decanting</w> <c type="pct">,</c> <w type="AT">the</w> <w type="NN">bottle</w> <w type="BEZ">is</w> <w type="RB">only</w> <w type="VBN">tilted</w> <w type="RB">once</w> <w type="RB">instead</w> <w type="IN">of</w> <w type="AP">several</w> <w type="CC">or</w> <w type="AP">more</w> <w type="NNS">times</w> <w type="IN">at</w> <w type="AT">the</w> <w type="NN">table</w> <c type="pct">:</c> <w type="RB">hence</w> <c type="pct">,</c> <w type="AT">a</w> <w type="NN">minimum</w> <w type="IN">of</w> <w type="AT">the</w> <w type="JJ">undesirable</w> <w type="NN">mixture</w> <w type="IN">of</w> <w type="NN">wine</w> <w type="CC">and</w> <w type="NNS">dregs</w> <c type="pct">.</c> </s>
</p>
<p><s n="79"><w type="CS">Though</w> <w type="EX">there</w> <w type="BER">are</w> <w type="AP">many</w> <w type="NNS">exceptions</w> <c type="pct">,</c> <w type="WDT">which</w> <w type="PPSS">we</w> <w type="HV">have</w> <w type="VBN">noted</w> <w type="IN">in</w> <w type="VBG">preceding</w> <w type="NNS">pages</w> <c type="pct">,</c> <w type="JJ">white</w> <w type="NN">wine</w> <w type="BEZ">is</w> <w type="CS">as</w> <w type="AT">a</w> <w type="NN">rule</w> <w type="JJT">best</w> <w type="VBN">consumed</w> <w type="IN">between</w> <w type="CD">two</w> <w type="CC">and</w> <w type="CD">six</w> <w type="NNS">years</w> <w type="JJ">old</w> <c type="pct">,</c> <w type="CC">and</w> <w type="JJ">red</w> <w type="NNS">wines</w> <c type="pct">,</c> <w type="RB">nowadays</w> <c type="pct">,</c> <w type="IN">between</w> <w type="CD">three</w> <w type="CC">and</w> <w type="CD">ten</w> <c type="pct">.</c> </s>
<s n="80"><w type="JJ">Red</w> <w type="NNS">wines</w> <w type="IN">of</w> <w type="JJ">good</w> <w type="NNS">years</w> <w type="VB">tend</w> <w type="IN">to</w> <w type="VB">mature</w> <w type="RBR">later</w> <w type="CC">and</w> <w type="TO">to</w> <w type="VB">keep</w> <w type="JJR">longer</w> <c type="pct">;</c> <c type="pct">;</c> </s>
<s n="81"><w type="AT">the</w> <w type="JJ">average</w> <w type="NN">claret</w> <w type="BEZ">is</w> <w type="QL">notably</w> <w type="JJR">longer-lived</w> <w type="CS">than</w> <w type="PPg">its</w> <w type="JJ">opposite</w> <w type="NN">number</w> <c type="pct">,</c> <w type="JJ">red</w> <w type="NP">Burgundy</w> <c type="pct">.</c> </s>
<s n="82"><w type="DTI">Some</w> <w type="NNS">clarets</w> <w type="DO">do</w> <w type="NEG">not</w> <w type="VB">come</w> <w type="IN">into</w> <w type="PPg">their</w> <w type="JJ">own</w> <w type="CS">until</w> <w type="PPSS">they</w> <w type="BER">are</w> <w type="CD">ten</w> <w type="CC">or</w> <w type="CD">fifteen</w> <w type="NNS">years</w> <w type="IN">of</w> <w type="NN">age</w> <c type="pct">,</c> <w type="CC">or</w> <w type="QL">even</w> <w type="AP">more</w> <c type="pct">.</c> </s>
<s n="83"><w type="CS">If</w> <w type="AT">a</w> <w type="JJ">red</w> <w type="NP">Bordeaux</w> <w type="IN">of</w> <w type="AT">a</w> <w type="JJ">good</w> <w type="NN">name</w> <w type="CC">and</w> <w type="NN">year</w> <w type="BEZ">is</w> <w type="JJ">bitter</w> <w type="CC">or</w> <w type="JJ">acid</w> <c type="pct">,</c> <w type="CC">or</w> <w type="VBG">cloying</w> <w type="CC">and</w> <w type="JJ">muddy-tasting</w> <c type="pct">,</c> <w type="VB">leave</w> <w type="PPO">it</w> <w type="RB">alone</w> <w type="IN">for</w> <w type="AT">a</w> <w type="NN">while</w> <c type="pct">.</c> </s>
<s n="84"><w type="AP">Most</w> <w type="IN">of</w> <w type="AT">the</w> <w type="NNS">wines</w> <w type="IN">of</w> <w type="NP">Beaujolais</w> <c type="pct">,</c> <w type="IN">on</w> <w type="AT">the</w> <w type="AP">other</w> <w type="NN">hand</w> <c type="pct">,</c> <w type="MD">should</w> <w type="BE">be</w> <w type="JJ">drunk</w> <w type="CS">while</w> <w type="QL">very</w> <w type="JJ">young</w> <c type="pct">;</c> <c type="pct">;</c> </s>
<s n="85"><w type="CC">and</w> <w type="NPS">Alsatians</w> <w type="MD">may</w> <w type="BE">be</w> <c type="pct">.</c> </s>
</p>
<p></p></body></text></TEI>
