<TEI xmlns="http://www.tei-c.org/ns/1.0"><teiHeader><fileDesc><titleStmt><title>Sample F32 from  Florence Matilda Read, The Story of Spelman College
 Princeton: Princeton University Press, 1961. Pp. 166-171
 </title></titleStmt><editionStmt><edition>A part  of the XML version of the Brown Corpus</edition></editionStmt><extent>2,005 words 356 (17.8%) quotes</extent><publicationStmt><idno>F32</idno><availability><p>Used by permission0010-1800</p></availability></publicationStmt><sourceDesc><bibl> Florence Matilda Read, The Story of Spelman College
 Princeton: Princeton University Press, 1961. Pp. 166-171
 </bibl></sourceDesc></fileDesc><encodingDesc><p/></encodingDesc><revisionDesc><change when="2008-04-27">Header auto-generated for TEI version</change></revisionDesc></teiHeader>
<text xml:id="F32" decls="F">
<body><p><s n="1"><w type="PPg">Her</w> <w type="NN">father</w> <c type="pct">,</c> <w type="NP">James</w> <w type="NP">Upton</w> <c type="pct">,</c> <w type="BEDZ">was</w> <w type="AT">the</w> <w type="NP">Upton</w> <w type="VBN">mentioned</w> <w type="IN">by</w> <w type="NP">Hawthorne</w> <w type="IN">in</w> <w type="AT">the</w> <w type="JJ">famous</w> <w type="NN">introduction</w> <w type="IN">to</w> <w type="AT">the</w> <w type="JJ" subtype="TL">Scarlet</w> <w type="NN" subtype="TL">Letter</w> <w type="CS">as</w> <w type="CD">one</w> <w type="IN">of</w> <w type="DTS">those</w> <w type="WPS">who</w> <w type="VBD">came</w> <w type="IN">into</w> <w type="AT">the</w> <w type="JJ">old</w> <w type="NN">custom</w> <w type="NN">house</w> <w type="TO">to</w> <w type="DO">do</w> <w type="NN">business</w> <w type="IN">with</w> <w type="PPO">him</w> <w type="CS">as</w> <w type="AT">the</w> <w type="NN">surveyor</w> <w type="IN">of</w> <w type="AT">the</w> <w type="NN">port</w> <c type="pct">.</c> </s>
<s n="2"><w type="AT">A</w> <w type="NN">gentleman</w> <w type="IN">of</w> <w type="AT">the</w> <w type="JJ">old</w> <w type="NN">school</w> <c type="pct">,</c> <w type="NP">Mr.</w> <w type="NP">Upton</w> <w type="VBD">possessed</w> <w type="JJ">intellectual</w> <w type="NN">power</w> <c type="pct">,</c> <w type="JJ">ample</w> <w type="NNS">means</w> <c type="pct">,</c> <w type="CC">and</w> <w type="RB">withal</w> <c type="pct">,</c> <w type="BEDZ">was</w> <w type="AT">a</w> <w type="VBN">devoted</w> <w type="NP">Christian</w> <c type="pct">.</c> </s>
<s n="3"><w type="AT">The</w> <w type="NN">daughter</w> <w type="VBD">profited</w> <w type="IN">from</w> <w type="PPg">his</w> <w type="NN">interest</w> <w type="IN">in</w> <w type="JJ">scientific</w> <w type="CC">and</w> <w type="JJ">philosophical</w> <w type="NNS">subjects</w> <c type="pct">.</c> </s>
<s n="4"><w type="PPg">Her</w> <w type="NN">mother</w> <w type="RB">also</w> <w type="BEDZ">was</w> <w type="AT">a</w> <w type="NN">person</w> <w type="IN">of</w> <w type="JJ">superior</w> <w type="NN">mind</w> <w type="CC">and</w> <w type="JJ">broad</w> <w type="NNS">interests</w> <c type="pct">.</c> </s>
</p>
<p><s n="5"><w type="EX">There</w> <w type="BEZ">is</w> <w type="JJ">clear</w> <w type="NN">evidence</w> <w type="CS">that</w> <w type="NP">Lucy</w> <w type="IN">from</w> <w type="NN">childhood</w> <w type="HVD">had</w> <w type="AT">an</w> <w type="JJ">unusual</w> <w type="NN">mind</w> <c type="pct">.</c> </s>
<s n="6"><w type="PPS">She</w> <w type="VBD">possessed</w> <w type="AT">an</w> <w type="JJ">observant</w> <w type="NN">eye</w> <c type="pct">,</c> <w type="AT">a</w> <w type="JJ">retentive</w> <w type="NN">memory</w> <c type="pct">,</c> <w type="CC">and</w> <w type="AT">a</w> <w type="JJ">critical</w> <w type="NN">faculty</w> <c type="pct">.</c> </s>
<s n="7"><w type="WRB">When</w> <w type="PPS">she</w> <w type="BEDZ">was</w> <w type="CD">nine</w> <w type="NNS">years</w> <w type="JJ">old</w> <c type="pct">,</c> <w type="PPS">she</w> <w type="VBD">wrote</w> <w type="AT">a</w> <w type="NN">description</w> <w type="IN">of</w> <w type="AT">a</w> <w type="NN">store</w> <w type="PPS">she</w> <w type="HVD">had</w> <w type="VBN">visited</w> <c type="pct">.</c> </s>
<s n="8"><w type="PPS">She</w> <w type="VBD">named</w> <w type="CD">48</w> <w type="NNS">items</w> <c type="pct">,</c> <w type="CC">and</w> <w type="VBD">said</w> <w type="EX">there</w> <w type="BED">were</w> <c type="pct">``</c> <w type="AP">many</w> <w type="AP">more</w> <w type="NNS">things</w> <w type="WDT">which</w> <w type="PPS">it</w> <w type="MD">would</w> <w type="VB">take</w> <w type="QL">too</w> <w type="RB">long</w> <w type="TO">to</w> <w type="VB">write</w> <c type="pct">''</c> <c type="pct">.</c> </s>
<s n="9"><w type="AT">An</w> <w type="NN">essay</w> <w type="IN">on</w> <c type="pct">``</c> <w type="NN" subtype="TL">Freedom</w> <c type="pct">''</c> <w type="VBN">written</w> <w type="IN">at</w> <w type="CD">10</w> <w type="NNS">years</w> <w type="IN">of</w> <w type="NN">age</w> <w type="VBD">quoted</w> <w type="AT">the</w> <w type="NN" subtype="TL">Declaration</w> <w type="IN" subtype="TL">of</w> <w type="NN" subtype="TL">Independence</w> <c type="pct">,</c> <w type="AT">the</w> <w type="NN">freedom</w> <w type="VBN">given</w> <w type="IN">to</w> <w type="NNS">slaves</w> <w type="IN">in</w> <w type="NP">Canada</w> <c type="pct">,</c> <w type="CC">and</w> <w type="AT">the</w> <w type="NNS">views</w> <w type="IN">of</w> <w type="NP">George</w> <w type="NP">Washington</w> <c type="pct">.</c> </s>
</p>
<p><s n="10"><w type="NP">Lucy</w> <w type="NP">Upton</w> <w type="BEDZ">was</w> <w type="VBN">graduated</w> <w type="IN">from</w> <w type="AT">the</w> <w type="NP">Salem</w> <w type="JJ" subtype="TL">High</w> <w type="NN" subtype="TL">School</w> <w type="WRB">when</w> <w type="AP">few</w> <w type="NNS">colleges</w> <c type="pct">,</c> <w type="AP">only</w> <w type="NP">Oberlin</w> <w type="CC">and</w> <w type="NP">Elmira</w> <c type="pct">,</c> <w type="BED">were</w> <w type="JJ">open</w> <w type="IN">to</w> <w type="NNS">women</w> <c type="pct">;</c> <c type="pct">;</c> </s>
<s n="11"><w type="CC">and</w> <w type="PPS">she</w> <w type="HVD">had</w> <w type="AT">an</w> <w type="NN">appetite</w> <w type="IN">for</w> <w type="VBG">learning</w> <w type="WPO">that</w> <w type="MD">could</w> <w type="NEG">not</w> <w type="BE">be</w> <w type="VBN">denied</w> <c type="pct">.</c> </s>
</p>
<p><s n="12"><w type="AT">A</w> <w type="NN">picture</w> <w type="IN">of</w> <w type="PPO">her</w> <w type="IN">in</w> <w type="JJ">high</w> <w type="NN">school</w> <w type="VBZ">comes</w> <w type="IN">from</w> <w type="AT">a</w> <w type="JJR">younger</w> <w type="NN">schoolmate</w> <c type="pct">,</c> <w type="NP">Albert</w> <w type="NP">S.</w> <w type="NP">Flint</w> <c type="pct">,</c> <w type="NN">friend</w> <w type="IN">of</w> <w type="PPg">her</w> <w type="NN">brother</w> <w type="NP">Winslow</w> <c type="pct">,</c> <w type="CC">and</w> <w type="RBR">later</w> <c type="pct">,</c> <w type="CS">like</w> <w type="NP">Winslow</w> <c type="pct">,</c> <w type="AT">a</w> <w type="VBN">noted</w> <w type="NN">astronomer</w> <c type="pct">.</c> </s>
<s n="13"><w type="PPS">He</w> <w type="VBD">recalled</w> <w type="NP">Lucy</w> <c type="pct">,</c> <w type="CS">as</w> <c type="pct">``</c> <w type="AT">a</w> <w type="JJ">bright-looking</w> <w type="JJ">black-eyed</w> <w type="JJ">young</w> <w type="NN">lady</w> <w type="WPS">who</w> <w type="VBD">came</w> <w type="RB">regularly</w> <w type="IN">through</w> <w type="AT">the</w> <w type="NNSg">boys'</w> <w type="NN">study</w> <w type="NN">hall</w> <w type="TO">to</w> <w type="VB">join</w> <w type="AT">the</w> <w type="NN">class</w> <w type="IN">in</w> <w type="NP">Greek</w> <w type="IN">in</w> <w type="AT">the</w> <w type="JJ">little</w> <w type="NN">recitation</w> <w type="NN">room</w> <w type="RB">beyond</w> <c type="pct">''</c> <c type="pct">.</c> </s>
<s n="14"><w type="AT">The</w> <w type="NN">study</w> <w type="IN">of</w> <w type="NP">Greek</w> <w type="BEDZ">was</w> <w type="AT">the</w> <w type="JJ">distinctive</w> <w type="NN">mark</w> <w type="IN">of</w> <w type="NNS">boys</w> <w type="VBN">destined</w> <w type="TO">to</w> <w type="VB">go</w> <w type="IN">to</w> <w type="NN">college</w> <c type="pct">,</c> <w type="CC">and</w> <w type="NP">Lucy</w> <w type="NP">Upton</w> <w type="RB">too</w> <w type="VBD">expected</w> <w type="TO">to</w> <w type="VB">go</w> <w type="IN">to</w> <w type="NN">college</w> <w type="CC">and</w> <w type="VB">take</w> <w type="AT">the</w> <w type="JJ">full</w> <w type="JJ">classical</w> <w type="NN">course</w> <w type="VBN">offered</w> <w type="IN">to</w> <w type="NNS">men</w> <c type="pct">.</c> </s>
<s n="15"><w type="AT">The</w> <w type="NN">death</w> <w type="IN">of</w> <w type="PPg">her</w> <w type="NN">mother</w> <w type="IN">in</w> <w type="CD">1865</w> <w type="VBD">prevented</w> <w type="DT">this</w> <c type="pct">.</c> </s>
<s n="16"><w type="IN">With</w> <w type="CD">four</w> <w type="JJR">younger</w> <w type="NNS">children</w> <w type="IN">at</w> <w type="NN">home</w> <c type="pct">,</c> <w type="NP">Lucy</w> <w type="VBD">stepped</w> <w type="IN">into</w> <w type="PPg">her</w> <w type="NNg">mother's</w> <w type="NN">role</w> <c type="pct">,</c> <w type="CC">and</w> <w type="RB">even</w> <w type="CS">after</w> <w type="AT">the</w> <w type="NNS">brothers</w> <w type="CC">and</w> <w type="NNS">sisters</w> <w type="BED">were</w> <w type="VBN">grown</w> <c type="pct">,</c> <w type="PPS">she</w> <w type="BEDZ">was</w> <w type="PPg">her</w> <w type="NNg">father's</w> <w type="NN">comfort</w> <w type="CC">and</w> <w type="NN">stay</w> <w type="CS">until</w> <w type="PPS">he</w> <w type="VBD">died</w> <w type="IN">in</w> <w type="CD">1879</w> <c type="pct">.</c> </s>
<s n="17"><w type="CC">But</w> <w type="RB">even</w> <w type="RB">so</w> <w type="NP">Lucy</w> <w type="MD">could</w> <w type="NEG">not</w> <w type="VB">give</w> <w type="RP">up</w> <w type="PPg">her</w> <w type="JJ">intellectual</w> <w type="NNS">pursuits</w> <c type="pct">.</c> </s>
<s n="18"><w type="WRB">When</w> <w type="PPg">her</w> <w type="NN">brother</w> <w type="NP">Winslow</w> <w type="VBD">became</w> <w type="AT">a</w> <w type="NN">student</w> <w type="IN">at</w> <w type="NP" subtype="TL">Brown</w> <w type="NN" subtype="TL">University</w> <w type="IN">in</w> <w type="CD">1874</w> <c type="pct">,</c> <w type="PPS">she</w> <w type="VBD">wrote</w> <w type="PPO">him</w> <w type="IN">about</w> <w type="AT">a</w> <w type="NN">course</w> <w type="IN">in</w> <w type="NN">history</w> <w type="PPS">he</w> <w type="BEDZ">was</w> <w type="VBG">taking</w> <w type="IN">under</w> <w type="NN" subtype="TL">Professor</w> <w type="NP">Diman</w> <c type="pct">:</c> <c type="pct">``</c> <w type="WDT">What</w> <w type="BEZ">is</w> <w type="NN" subtype="TL">Prof.</w> <w type="NPg">Diman's</w> <w type="NN">definition</w> <w type="IN">of</w> <w type="NN">civilization</w> <c type="pct">,</c> <w type="CC">and</w> <w type="VB">take</w> <w type="AT">the</w> <w type="NN">world</w> <w type="RP">through</w> <c type="pct">,</c> <w type="BEZ">is</w> <w type="PPg">its</w> <w type="NN">progress</w> <w type="RB">ever</w> <w type="RB">onward</w> <c type="pct">,</c> <w type="CC">or</w> <w type="DOZ">does</w> <w type="PPS">it</w> <w type="VB">retrograde</w> <w type="IN">at</w> <w type="NNS">times</w> <c type="pct">?</c> <c type="pct">?</c> </s>
<s n="19"><w type="DO">Do</w> <w type="PPO">you</w> <w type="VB">think</w> <w type="PPSS">I</w> <w type="MD">might</w> <w type="RB">profitably</w> <w type="VB">study</w> <w type="DTI">some</w> <w type="IN">of</w> <w type="AT">the</w> <w type="NN">history</w> <w type="PPSS">you</w> <w type="DO">do</w> <c type="pct">,</c> <w type="RB">perhaps</w> <w type="CD">two</w> <w type="NNS">weeks</w> <w type="IN">behind</w> <w type="PPO">you</w> <c type="pct">.</c> </s>
<s n="20"><c type="pct">''</c> <w type="CC">And</w> <w type="CS">that</w> <w type="PPS">she</w> <w type="VBD">proceeded</w> <w type="TO">to</w> <w type="DO">do</w> <c type="pct">.</c> </s>
</p>
<p><s n="21"><w type="AP">Many</w> <w type="NNS">years</w> <w type="RBR">later</w> <c type="pct">(</c> <w type="IN">on</w> <w type="NP">August</w> <w type="CD">3</w> <c type="pct">,</c> <w type="CD">1915</w> <c type="pct">)</c> <c type="pct">,</c> <w type="NP">Lucy</w> <w type="NP">Upton</w> <w type="VBD">wrote</w> <w type="NPg">Winslow's</w> <w type="NN">daughter</w> <w type="RB">soon</w> <w type="TO">to</w> <w type="BE">be</w> <w type="VBN">graduated</w> <w type="IN">from</w> <w type="NP" subtype="TL">Smith</w> <w type="NN" subtype="TL">College</w> <c type="pct">:</c> <c type="pct">``</c> <w type="CS">While</w> <w type="PPSS">I</w> <w type="VB">love</w> <w type="NN">botany</w> <w type="WDT">which</w> <c type="pct">,</c> <w type="CS">after</w> <w type="VBG">dabbling</w> <w type="RP">in</w> <w type="IN">for</w> <w type="NNS">years</w> <c type="pct">,</c> <w type="PPSS">I</w> <w type="VBD">studied</w> <w type="IN">according</w> <w type="IN">to</w> <w type="AT">the</w> <w type="NNS">methods</w> <w type="IN">of</w> <w type="DT">that</w> <w type="NN">day</w> <w type="RB">exactly</w> <w type="CD">forty</w> <w type="NNS">years</w> <w type="RB">ago</w> <w type="IN">in</w> <w type="AT">a</w> <w type="NN">summer</w> <w type="NN">school</w> <c type="pct">,</c> <w type="PPS">it</w> <w type="MD">must</w> <w type="BE">be</w> <w type="JJ">fascinating</w> <w type="TO">to</w> <w type="VB">take</w> <w type="RP">up</w> <w type="NN">zoology</w> <w type="IN">in</w> <w type="AT">the</w> <w type="NN">way</w> <w type="PPSS">you</w> <w type="BER">are</w> <w type="VBG">doing</w> <c type="pct">.</c> </s>
<s n="22"><w type="WDT">Whatever</w> <w type="BEDZ">was</w> <w type="AT">the</w> <w type="NN">science</w> <w type="IN">in</w> <w type="AT">the</w> <w type="JJ">high</w> <w type="NN">school</w> <w type="NN">course</w> <w type="IN">for</w> <w type="AT">the</w> <w type="NN">time</w> <w type="BEG">being</w> <c type="pct">,</c> <w type="DT">that</w> <w type="BEDZ">was</w> <w type="PPg">my</w> <w type="JJ">favorite</w> <w type="NN">study</w> <c type="pct">.</c> </s>
<s n="23"><w type="NN">Mathematics</w> <w type="VBD">came</w> <w type="RB">next</w> <c type="pct">''</c> <c type="pct">.</c> </s>
</p>
<p><s n="24"><w type="PPg">Her</w> <w type="NN">study</w> <w type="IN">of</w> <w type="NN">history</w> <w type="BEDZ">was</w> <w type="RB">persistently</w> <w type="VBN">pursued</w> <c type="pct">.</c> </s>
<s n="25"><w type="PPS">She</w> <w type="VBD">read</w> <w type="NPg">Maitland's</w> <w type="JJ" subtype="TL">Dark</w> <w type="NNS" subtype="TL">Ages</w> <c type="pct">,</c> <c type="pct">``</c> <w type="WDT">which</w> <w type="PPSS">I</w> <w type="VBD">enjoyed</w> <w type="QL">very</w> <w type="RB">much</w> <c type="pct">''</c> <c type="pct">;</c> <c type="pct">;</c> </s>
<s n="26"><w type="NP">La</w> <w type="NP">Croix</w> <w type="IN">on</w> <w type="AT">the</w> <w type="NNS" subtype="TL">Customs</w> <w type="IN" subtype="TL">of</w> <w type="AT" subtype="TL">the</w> <w type="JJ" subtype="TL">Middle</w> <w type="NNS" subtype="TL">Ages</w> <c type="pct">,</c> <w type="CD">16</w> <w type="NNS">chapters</w> <w type="IN">of</w> <w type="NP">Bryce</w> <c type="pct">``</c> <w type="CC">and</w> <w type="VBD">liked</w> <w type="PPO">it</w> <w type="RBR">more</w> <w type="CC">and</w> <w type="RBR">more</w> <c type="pct">''</c> <c type="pct">;</c> <c type="pct">;</c> </s>
<s n="27"><w type="AP">more</w> <w type="NNS">chapters</w> <w type="IN">of</w> <w type="NP">Guizot</w> <c type="pct">;</c> <c type="pct">;</c> </s>
<s n="28"><w type="NP">Lecky</w> <w type="CC">and</w> <w type="NPg">Stanley's</w> <w type="JJ" subtype="TL">Eastern</w> <w type="NN" subtype="TL">Church</w> <c type="pct">.</c> </s>
<s n="29"><w type="PPS">She</w> <w type="VBD">discussed</w> <w type="IN">in</w> <w type="PPg">her</w> <w type="NNS">letters</w> <w type="IN">to</w> <w type="NP">Winslow</w> <w type="DTI">some</w> <w type="IN">of</w> <w type="AT">the</w> <w type="NNS">questions</w> <w type="WPS">that</w> <w type="VBD">came</w> <w type="TO">to</w> <w type="PPO">her</w> <w type="CS">as</w> <w type="PPS">she</w> <w type="VBD">studied</w> <w type="RB">alone</w> <c type="pct">.</c> </s>
</p>
<p><s n="30"><w type="NPg">Lucy's</w> <w type="NN">correspondence</w> <w type="IN">with</w> <w type="NN">brother</w> <w type="NP">Winslow</w> <w type="IN">during</w> <w type="PPg">his</w> <w type="NN">college</w> <w type="NNS">days</w> <w type="BEDZ">was</w> <w type="NEG">not</w> <w type="RB">entirely</w> <w type="VBN">taken</w> <w type="RP">up</w> <w type="IN">with</w> <w type="JJ">academic</w> <w type="NNS">studies</w> <c type="pct">.</c> </s>
<s n="31"><w type="PPS">She</w> <w type="VBD">played</w> <w type="NN">chess</w> <w type="IN">with</w> <w type="PPO">him</w> <w type="IN">by</w> <w type="NN">postcard</w> <c type="pct">.</c> </s>
<s n="32"><w type="RB">Also</w> <w type="NP">Lucy</w> <w type="CC">and</w> <w type="NP">Winslow</w> <w type="HVD">had</w> <w type="AT">a</w> <w type="JJ">private</w> <w type="NN">contest</w> <w type="TO">to</w> <w type="VB">see</w> <w type="WDT">which</w> <w type="CD">one</w> <w type="MD">could</w> <w type="VB">make</w> <w type="AT">the</w> <w type="AP">most</w> <w type="NNS">words</w> <w type="IN">from</w> <w type="AT">the</w> <w type="NNS">letters</w> <w type="IN">in</w> <c type="pct">``</c> <w type="RB" subtype="NC">importunately</w> <c type="pct">''</c> <c type="pct">.</c> </s>
<s n="33"><w type="WPS">Who</w> <w type="VBD">won</w> <w type="BEZ">is</w> <w type="NEG">not</w> <w type="VBN">revealed</w> <c type="pct">,</c> <w type="CC">but</w> <w type="NPg">Winslow's</w> <w type="NN">daughter</w> <w type="NP">Eleanor</w> <w type="VBZ">says</w> <w type="PPSS">they</w> <w type="VBD">got</w> <w type="IN">up</w> <w type="IN">to</w> <w type="CD">1,212</w> <w type="NNS">words</w> <c type="pct">.</c> </s>
</p>
<p><s n="34"><w type="EX">There</w> <w type="BEDZ">was</w> <w type="DT">another</w> <w type="NN">family</w> <w type="NN">interest</w> <w type="RB">also</w> <c type="pct">.</c> </s>
<s n="35"><w type="NP">Winslow</w> <w type="HVD">had</w> <w type="JJ">musical</w> <w type="NNS">talents</w> <c type="pct">,</c> <w type="CS">as</w> <w type="HVD">had</w> <w type="PPg">his</w> <w type="NN">father</w> <w type="IN">before</w> <w type="PPO">him</w> <c type="pct">.</c> </s>
<s n="36"><w type="IN">At</w> <w type="JJ">different</w> <w type="NNS">times</w> <w type="PPS">he</w> <w type="VBD">served</w> <w type="CS">as</w> <w type="NN">glee-club</w> <w type="CC">and</w> <w type="NN">choir</w> <w type="NN">leader</w> <w type="CC">and</w> <w type="CS">as</w> <w type="NN">organist</w> <c type="pct">.</c> </s>
<s n="37"><w type="CC">And</w> <w type="PPS">it</w> <w type="BEDZ">was</w> <w type="NP">Lucy</w> <w type="NP">Upton</w> <w type="WPS">who</w> <w type="RB">first</w> <w type="VBD">started</w> <w type="AT">the</w> <w type="NN">idea</w> <w type="IN">of</w> <w type="AT">a</w> <w type="JJ">regular</w> <w type="NN">course</w> <w type="IN">in</w> <w type="NN" subtype="TL">Music</w> <w type="IN">at</w> <w type="NP" subtype="TL">Spelman</w> <w type="NN" subtype="TL">College</w> <c type="pct">.</c> </s>
</p>
<p><s n="38"><w type="NP">Winslow</w> <w type="NP">Upton</w> <w type="IN">after</w> <w type="NN">graduation</w> <w type="IN">from</w> <w type="NP" subtype="TL">Brown</w> <w type="NN" subtype="TL">University</w> <w type="CC">and</w> <w type="CD">two</w> <w type="NNS">years</w> <w type="IN">of</w> <w type="JJ">graduate</w> <w type="NN">study</w> <c type="pct">,</c> <w type="VBD">accepted</w> <w type="AT">a</w> <w type="NN">position</w> <w type="IN">at</w> <w type="AT">the</w> <w type="NP" subtype="TL">Harvard</w> <w type="NN" subtype="TL">Observatory</w> <c type="pct">.</c> </s>
<s n="39"><w type="IN">For</w> <w type="CD">three</w> <w type="NNS">years</w> <w type="PPS">he</w> <w type="BEDZ">was</w> <w type="VBN">connected</w> <w type="IN">with</w> <w type="AT">the</w> <w type="NP" subtype="TL">U.S.</w> <w type="JJ" subtype="TL">Naval</w> <w type="NN" subtype="TL">Observatory</w> <w type="CC">and</w> <w type="IN">with</w> <w type="AT">the</w> <w type="NP" subtype="TL">U.S.</w> <w type="NN" subtype="TL">Signal</w> <w type="NN" subtype="TL">Corps</w> <c type="pct">;</c> <c type="pct">;</c> </s>
<s n="40"><w type="CC">and</w> <w type="IN">after</w> <w type="CD">1883</w> <c type="pct">,</c> <w type="BEDZ">was</w> <w type="NN">professor</w> <w type="IN">of</w> <w type="NN">astronomy</w> <w type="IN">at</w> <w type="NP" subtype="TL">Brown</w> <w type="NN" subtype="TL">University</w> <c type="pct">.</c> </s>
<s n="41"><w type="AT">The</w> <w type="CD">six</w> <w type="NNS">expeditions</w> <w type="TO">to</w> <w type="VB">study</w> <w type="NNS">eclipses</w> <w type="IN">of</w> <w type="AT">the</w> <w type="NN">sun</w> <c type="pct">,</c> <w type="IN">of</w> <w type="WDT">which</w> <w type="PPS">he</w> <w type="BEDZ">was</w> <w type="AT">a</w> <w type="NN">member</w> <c type="pct">,</c> <w type="VBD">took</w> <w type="PPO">him</w> <w type="IN">to</w> <w type="NP">Colorado</w> <c type="pct">,</c> <w type="NP">Virginia</w> <c type="pct">,</c> <w type="CC">and</w> <w type="NP">California</w> <w type="QL">as</w> <w type="RB">well</w> <w type="CS">as</w> <w type="IN">to</w> <w type="AT">the</w> <w type="JJ" subtype="TL">South</w> <w type="JJ" subtype="TL">Pacific</w> <w type="CC">and</w> <w type="IN">to</w> <w type="NP">Russia</w> <c type="pct">.</c> </s>
<s n="42"><w type="IN">After</w> <w type="PPg">her</w> <w type="NNg">father's</w> <w type="NN">death</w> <c type="pct">,</c> <w type="NP">Lucy</w> <w type="CC">and</w> <w type="PPg">her</w> <w type="JJT">youngest</w> <w type="NN">sister</w> <w type="VBD">lived</w> <w type="IN">for</w> <w type="AT">a</w> <w type="AP">few</w> <w type="NNS">years</w> <w type="IN">with</w> <w type="NP">Winslow</w> <w type="IN">in</w> <w type="NP">Washington</w> <c type="pct">,</c> <w type="NP">D.C.</w> <c type="pct">.</c> </s>
<s n="43"><c type="pct">``</c> <w type="PPg">Their</w> <w type="NN">house</w> <c type="pct">''</c> <c type="pct">,</c> <w type="VBZ">writes</w> <w type="NP">Albert</w> <w type="NP">S.</w> <w type="NP">Flint</w> <c type="pct">,</c> <c type="pct">``</c> <w type="BEDZ">was</w> <w type="RB">always</w> <w type="AT">a</w> <w type="NN">haven</w> <w type="IN">of</w> <w type="NN">hospitality</w> <w type="CC">and</w> <w type="JJ">good</w> <w type="NN">cheer</w> <c type="pct">,</c> <w type="RB">especially</w> <w type="JJ">grateful</w> <w type="IN">to</w> <w type="PN">one</w> <w type="CS">like</w> <w type="PPL">myself</w> <w type="RB">far</w> <w type="IN">from</w> <w type="NN">home</w> <c type="pct">''</c> <c type="pct">.</c> </s>
<s n="44"><w type="NP">Lucy</w> <w type="BEDZ">was</w> <w type="AT">a</w> <w type="JJ">lively</w> <w type="NN">part</w> <w type="IN">of</w> <w type="AT">the</w> <w type="NN">household</w> <c type="pct">.</c> </s>
<s n="45"><w type="RB">Moreover</w> <c type="pct">,</c> <w type="PPS">she</w> <w type="HVD">had</w> <w type="JJ">physical</w> <w type="QL">as</w> <w type="RB">well</w> <w type="CS">as</w> <w type="JJ">mental</w> <w type="NN">vigor</w> <c type="pct">.</c> </s>
<s n="46"><w type="NP">Winslow</w> <c type="pct">,</c> <w type="CS">as</w> <w type="PPg">his</w> <w type="NNS">daughters</w> <w type="NP">Eleanor</w> <w type="CC">and</w> <w type="NP">Margaret</w> <w type="VB">recall</w> <c type="pct">,</c> <w type="VBD">used</w> <w type="TO">to</w> <w type="VB">characterize</w> <w type="PPO">her</w> <w type="CS">as</w> <c type="pct">``</c> <w type="PPg">our</w> <w type="NN">iron</w> <w type="NN">sister</w> <c type="pct">''</c> <c type="pct">.</c> </s>
<s n="47"><w type="EX">There</w> <w type="BEZ">is</w> <w type="NN">reason</w> <w type="TO">to</w> <w type="VB">suppose</w> <w type="CS">that</w> <w type="NP">Lucy</w> <w type="MD">would</w> <w type="HV">have</w> <w type="VBN">made</w> <w type="AT">a</w> <w type="NN">record</w> <w type="QL">as</w> <w type="RB">publicly</w> <w type="VBN">distinguished</w> <w type="CS">as</w> <w type="PPg">her</w> <w type="NN">brother</w> <w type="HVD">had</w> <w type="PPS">it</w> <w type="NEG">not</w> <w type="BEN">been</w> <w type="CS">that</w> <w type="PPg">her</w> <w type="NNg">mother's</w> <w type="NN">death</w> <w type="VBD">occurred</w> <w type="RB">just</w> <w type="CS">as</w> <w type="PPS">she</w> <w type="BEDZ">was</w> <w type="RB">about</w> <w type="TO">to</w> <w type="VB">enter</w> <w type="NN">college</w> <c type="pct">.</c> </s>
<s n="48"><w type="CS">As</w> <w type="AT">a</w> <w type="NN">matter</w> <w type="IN">of</w> <w type="NN">fact</w> <c type="pct">,</c> <w type="NP">Albert</w> <w type="NP">S.</w> <w type="NP">Flint</w> <w type="VBD">expressed</w> <w type="PPg">his</w> <w type="NN">conviction</w> <w type="CS">that</w> <c type="pct">``</c> <w type="PPg">her</w> <w type="JJ">physical</w> <w type="NN">strength</w> <c type="pct">,</c> <w type="PPg">her</w> <w type="JJ">mental</w> <w type="NN">power</w> <c type="pct">,</c> <w type="PPg">her</w> <w type="JJ">lively</w> <w type="NN">interest</w> <w type="IN">in</w> <w type="ABN">all</w> <w type="NNS">objects</w> <w type="IN">about</w> <w type="PPO">her</w> <w type="CC">and</w> <w type="PPg">her</w> <w type="NN">readiness</w> <w type="TO">to</w> <w type="VB">serve</w> <w type="PPg">her</w> <w type="NN">fellow</w> <w type="NNS">beings</w> <c type="pct">''</c> <w type="MD">would</w> <w type="HV">have</w> <w type="VBN">led</w> <w type="PPO">her</w> <c type="pct">``</c> <w type="IN">to</w> <w type="AT">a</w> <w type="VBN">distinguished</w> <w type="NN">career</w> <w type="IN">amongst</w> <w type="AT">the</w> <w type="VBN">noted</w> <w type="NNS">women</w> <w type="IN">of</w> <w type="DT">this</w> <w type="NN">country</w> <c type="pct">''</c> <c type="pct">.</c> </s>
</p>
<p><s n="49"><w type="CS">While</w> <w type="IN">in</w> <w type="NP">Washington</w> <c type="pct">,</c> <w type="NP">D.C.</w> <c type="pct">,</c> <w type="NP">Lucy</w> <w type="NP">Upton</w> <w type="VBD">held</w> <w type="NNS">positions</w> <w type="IN">in</w> <w type="AT">the</w> <w type="NP" subtype="TL">U.S.</w> <w type="NN" subtype="TL">Census</w> <w type="NN" subtype="TL">Office</w> <c type="pct">,</c> <w type="CC">and</w> <w type="IN">in</w> <w type="AT">the</w> <w type="NN" subtype="TL">Pension</w> <w type="NN" subtype="TL">Bureau</w> <c type="pct">.</c> </s>
<s n="50"><w type="PPSS">They</w> <w type="BED">were</w> <w type="NEG">not</w> <w type="QL">sufficiently</w> <w type="JJ">challenging</w> <w type="WRB">however</w> <c type="pct">,</c> <w type="CC">and</w> <w type="PPS">she</w> <w type="VBD">resigned</w> <w type="IN">in</w> <w type="CD">1887</w> <c type="pct">,</c> <w type="TO">to</w> <w type="VB">go</w> <w type="IN">to</w> <w type="NP">Germany</w> <w type="IN">with</w> <w type="PPg">her</w> <w type="NN">brother</w> <w type="NP">Winslow</w> <w type="CC">and</w> <w type="PPg">his</w> <w type="NN">family</w> <w type="CS">while</w> <w type="PPS">he</w> <w type="BEDZ">was</w> <w type="RB">there</w> <w type="IN">on</w> <w type="NN">study</w> <c type="pct">.</c> </s>
<s n="51"><w type="IN">After</w> <w type="AT">the</w> <w type="NNS">months</w> <w type="IN">in</w> <w type="NP">Europe</w> <c type="pct">,</c> <w type="PPS">she</w> <w type="VBD">returned</w> <w type="IN">to</w> <w type="NP">Boston</w> <w type="CC">and</w> <w type="VBD">became</w> <w type="JJ">active</w> <w type="IN">in</w> <w type="NN">church</w> <w type="CC">and</w> <w type="NN">community</w> <w type="NN">life</w> <c type="pct">.</c> </s>
</p>
<p><s n="52"><w type="WDT">What</w> <w type="BEDZ">was</w> <w type="VBN">called</w> <w type="AT">an</w> <c type="pct">``</c> <w type="JJ">accidental</w> <w type="NN">meeting</w> <c type="pct">''</c> <w type="IN">with</w> <w type="NP">Miss</w> <w type="NP">Packard</w> <w type="IN">in</w> <w type="NP">Washington</w> <w type="VBD">turned</w> <w type="PPg">her</w> <w type="NN">attention</w> <w type="IN">to</w> <w type="NP">Spelman</w> <c type="pct">.</c> </s>
<s n="53"><w type="RB">Here</w> <w type="BEDZ">was</w> <w type="AT">a</w> <w type="NN">cause</w> <w type="PPS">she</w> <w type="VBD">believed</w> <w type="IN">in</w> <c type="pct">.</c> </s>
<s n="54"><w type="IN">After</w> <w type="NN">correspondence</w> <w type="IN">with</w> <w type="NP">Miss</w> <w type="NP">Packard</w> <w type="CC">and</w> <w type="IN">to</w> <w type="AT">the</w> <w type="NN">joy</w> <w type="IN">of</w> <w type="NP">Miss</w> <w type="NP">Packard</w> <w type="CC">and</w> <w type="NP">Miss</w> <w type="NP">Giles</w> <c type="pct">,</c> <w type="PPS">she</w> <w type="VBD">came</w> <w type="IN">to</w> <w type="NP">Atlanta</w> <c type="pct">,</c> <w type="IN">in</w> <w type="AT">the</w> <w type="NN">fall</w> <w type="IN">of</w> <w type="CD">1888</w> <c type="pct">,</c> <w type="TO">to</w> <w type="VB">help</w> <w type="WRB">wherever</w> <w type="VBN">needed</w> <c type="pct">,</c> <w type="CS">although</w> <w type="EX">there</w> <w type="BEDZ">was</w> <w type="RB">then</w> <w type="AT">no</w> <w type="NN">money</w> <w type="JJ">available</w> <w type="TO">to</w> <w type="VB">pay</w> <w type="PPO">her</w> <w type="AT">a</w> <w type="NN">salary</w> <c type="pct">.</c> </s>
<s n="55"><w type="PPS">She</w> <w type="VBD">served</w> <w type="IN">for</w> <w type="AT">a</w> <w type="NN">number</w> <w type="IN">of</w> <w type="NNS">years</w> <w type="IN">without</w> <w type="NN">pay</w> <w type="IN">beyond</w> <w type="PPg">her</w> <w type="NN">travel</w> <w type="CC">and</w> <w type="NN">maintenance</w> <c type="pct">.</c> </s>
</p>
<p><s n="56"><w type="PPg">Her</w> <w type="NNS">students</w> <w type="HV">have</w> <w type="VBN">spoken</w> <w type="IN">of</w> <w type="AT">the</w> <w type="VBG">exacting</w> <w type="NNS">standards</w> <w type="IN">of</w> <w type="NN">scholarship</w> <w type="CC">and</w> <w type="IN">of</w> <w type="NNS">manners</w> <w type="CC">and</w> <w type="NN">conduct</w> <w type="PPS">she</w> <w type="VBD">expected</w> <w type="CC">and</w> <w type="VBD">achieved</w> <w type="IN">from</w> <w type="AT">the</w> <w type="NNS">students</w> <c type="pct">;</c> <c type="pct">;</c> </s>
<s n="57"><w type="IN">of</w> <w type="PPg">her</w> <c type="pct">``</c> <w type="JJ">great</w> <w type="NN">power</w> <w type="IN">of</w> <w type="NN">discernment</w> <c type="pct">''</c> <c type="pct">;</c> <c type="pct">;</c> </s>
<s n="58"><w type="IN">of</w> <c type="pct">``</c> <w type="PPg">her</w> <w type="NN">exquisiteness</w> <w type="IN">of</w> <w type="NN">dress</w> <c type="pct">''</c> <c type="pct">,</c> <c type="pct">``</c> <w type="PPg">her</w> <w type="JJ">well-modulated</w> <w type="NN">voice</w> <w type="WPS">that</w> <w type="VBD">went</w> <w type="RB">straight</w> <w type="IN">to</w> <w type="AT">the</w> <w type="NNS">hearts</w> <w type="IN">of</w> <w type="AT">the</w> <w type="NNS">hearers</w> <c type="pct">''</c> <c type="pct">;</c> <c type="pct">;</c> </s>
<s n="59"><w type="PPg">her</w> <w type="JJ">great</w> <w type="NN">love</w> <w type="IN">of</w> <w type="NNS">flowers</w> <w type="CC">and</w> <w type="NNS">plants</w> <w type="CC">and</w> <w type="NNS">birds</w> <c type="pct">;</c> <c type="pct">;</c> </s>
<s n="60"><w type="CC">and</w> <w type="PPg">her</w> <w type="JJ">close</w> <w type="NN">knowledge</w> <w type="IN">of</w> <w type="JJ">individual</w> <w type="NNS">students</w> <c type="pct">.</c> </s>
</p>
<p><s n="61"><w type="PPS">She</w> <w type="VBD">drew</w> <w type="IN">on</w> <w type="ABN">all</w> <w type="PPg">her</w> <w type="NNS">resources</w> <w type="IN">of</w> <w type="NN">mind</w> <w type="CC">and</w> <w type="NN">heart</w> <w type="TO">to</w> <w type="VB">help</w> <w type="PPO">them</w> <c type="pct">--</c> <w type="TO">to</w> <w type="VB">make</w> <w type="PPO">them</w> <w type="IN">at</w> <w type="NN">home</w> <w type="IN">in</w> <w type="AT">the</w> <w type="NN">world</w> <c type="pct">;</c> <c type="pct">;</c> </s>
<s n="62"><w type="CC">and</w> <w type="CS">as</w> <w type="NNS">graduates</w> <w type="RB">gratefully</w> <w type="VB">recall</w> <c type="pct">,</c> <w type="PPS">she</w> <w type="VBD">drew</w> <w type="IN">on</w> <w type="PPg">her</w> <w type="NN">purse</w> <w type="QL">as</w> <w type="RB">well</w> <c type="pct">.</c> </s>
<s n="63"><w type="ABN">Many</w> <w type="AT">a</w> <w type="NN">student</w> <w type="BEDZ">was</w> <w type="JJ">able</w> <w type="TO">to</w> <w type="VB">remain</w> <w type="IN">at</w> <w type="NP">Spelman</w> <c type="pct">,</c> <w type="RB">only</w> <w type="RB">because</w> <w type="IN">of</w> <w type="PPg">her</w> <w type="JJ">unobtrusive</w> <w type="NN">help</w> <c type="pct">.</c> </s>
</p>
<p><s n="64"><w type="IN">Under</w> <w type="NP">Miss</w> <w type="NP">Upton</w> <c type="pct">,</c> <w type="AT">the</w> <w type="NN">work</w> <w type="IN">of</w> <w type="AT">the</w> <w type="NN">year</w> <w type="CD">1909-10</w> <w type="VBD">went</w> <w type="RB">forward</w> <w type="IN">without</w> <w type="NN">interruption</w> <c type="pct">.</c> </s>
<s n="65"><w type="IN">After</w> <w type="ABN">all</w> <c type="pct">,</c> <w type="PPS">she</w> <w type="HVD">had</w> <w type="VBN">come</w> <w type="IN">to</w> <w type="NP" subtype="TL">Spelman</w> <w type="NN" subtype="TL">Seminary</w> <w type="IN">in</w> <w type="CD">1888</w> <c type="pct">,</c> <w type="CC">and</w> <w type="HVD">had</w> <w type="BEN">been</w> <w type="IN">since</w> <w type="CD">1891</w> <w type="IN">except</w> <w type="IN">for</w> <w type="CD">one</w> <w type="NN">year</w> <c type="pct">,</c> <w type="NN" subtype="TL">Associate</w> <w type="NN" subtype="TL">Principal</w> <w type="CC">or</w> <w type="NN" subtype="TL">Dean</w> <c type="pct">.</c> </s>
<s n="66"><w type="PPS">She</w> <w type="HVD">had</w> <w type="VBN">taught</w> <w type="NNS">classes</w> <w type="IN">in</w> <w type="NN">botany</w> <c type="pct">,</c> <w type="NN">astronomy</w> <c type="pct">(</c> <w type="IN">with</w> <w type="AT">the</w> <w type="NN">aid</w> <w type="IN">of</w> <w type="AT">a</w> <w type="NN">telescope</w> <c type="pct">)</c> <c type="pct">,</c> <w type="NN">geometry</w> <c type="pct">,</c> <w type="CC">and</w> <w type="NN">psychology</w> <c type="pct">.</c> </s>
</p>
<p><s n="67"><w type="NP">Miss</w> <w type="NP">Upton</w> <w type="CC">and</w> <w type="NP">Miss</w> <w type="NP">Packard</w> <c type="pct">,</c> <w type="CS">as</w> <w type="AT">a</w> <w type="NN">matter</w> <w type="IN">of</w> <w type="NN">fact</w> <c type="pct">,</c> <w type="HVD">had</w> <w type="AP">many</w> <w type="NNS">tastes</w> <w type="IN">in</w> <w type="JJ">common</w> <c type="pct">.</c> </s>
<s n="68"><w type="ABX">Both</w> <w type="HVD">had</w> <w type="JJ">eager</w> <w type="CC">and</w> <w type="VBG">inquiring</w> <w type="NNS">minds</w> <c type="pct">;</c> <c type="pct">;</c> </s>
<s n="69"><w type="CC">and</w> <w type="ABX">both</w> <w type="VBD">believed</w> <w type="CS">that</w> <w type="JJ">intellectual</w> <w type="NN">growth</w> <w type="MD">must</w> <w type="VB">go</w> <w type="NN">hand</w> <w type="IN">in</w> <w type="NN">hand</w> <w type="IN">with</w> <w type="AT">the</w> <w type="NN">development</w> <w type="IN">of</w> <w type="JJ">sturdy</w> <w type="NN">character</w> <w type="CC">and</w> <w type="JJ">Christian</w> <w type="NN">zeal</w> <c type="pct">.</c> </s>
<s n="70"><w type="ABX">Both</w> <w type="VBD">loved</w> <w type="AT">the</w> <w type="NN">out-of-doors</w> <c type="pct">,</c> <w type="IN">including</w> <w type="NN">mountain</w> <w type="NN">climbing</w> <w type="CC">and</w> <w type="NN">horseback</w> <w type="NN">riding</w> <c type="pct">.</c> </s>
<s n="71"><w type="IN">In</w> <w type="CD">1890</w> <w type="WRB">when</w> <w type="AT">the</w> <w type="NN">trip</w> <w type="IN">to</w> <w type="NP">Europe</w> <w type="CC">and</w> <w type="AT">the</w> <w type="JJ" subtype="TL">Holy</w> <w type="NN" subtype="TL">Land</w> <w type="BEDZ">was</w> <w type="VBN">arranged</w> <w type="IN">for</w> <w type="NP">Miss</w> <w type="NP">Packard</w> <c type="pct">,</c> <w type="PPS">it</w> <w type="BEDZ">was</w> <w type="NP">Miss</w> <w type="NP">Upton</w> <w type="WPS">who</w> <w type="VBD">planned</w> <w type="AT">the</w> <w type="NN">trip</w> <c type="pct">,</c> <w type="CC">and</w> <c type="pct">``</c> <w type="IN">with</w> <w type="JJ">rare</w> <w type="JJ">executive</w> <w type="NN">ability</w> <c type="pct">''</c> <w type="VBD">bore</w> <w type="AT">the</w> <w type="NN">brunt</w> <w type="IN">of</w> <c type="pct">``</c> <w type="AT">the</w> <w type="JJ">entire</w> <w type="NN">pilgrimage</w> <w type="IN">from</w> <w type="NN">beginning</w> <w type="IN">to</w> <w type="NN">end</w> <c type="pct">''</c> <c type="pct">.</c> </s>
<s n="72"><w type="QL">So</w> <w type="JJ">strenuous</w> <w type="PPS">it</w> <w type="BEDZ">was</w> <w type="RB">physically</w> <c type="pct">,</c> <w type="IN">with</w> <w type="PPg">its</w> <w type="NNS">days</w> <w type="IN">of</w> <w type="NN">horseback</w> <w type="NN">riding</w> <w type="IN">over</w> <w type="JJ">rough</w> <w type="NNS">roads</w> <w type="CS">that</w> <w type="PPS">it</w> <w type="VBZ">seems</w> <w type="AT">an</w> <w type="JJ">amazing</w> <w type="NN">feat</w> <w type="IN">of</w> <w type="NN">endurance</w> <w type="IN">for</w> <w type="ABX">both</w> <w type="NP">Miss</w> <w type="NP">Packard</w> <w type="CC">and</w> <w type="NP">Miss</w> <w type="NP">Upton</w> <c type="pct">.</c> </s>
<s n="73"><w type="CC">Yet</w> <w type="PPSS">they</w> <w type="VBD">thrived</w> <w type="IN">on</w> <w type="PPO">it</w> <c type="pct">.</c> </s>
</p>
<p><s n="74"><w type="IN">At</w> <w type="AT">the</w> <w type="OD" subtype="TL">Fifteenth</w> <w type="NN" subtype="TL">Anniversary</w> <c type="pct">(</c> <w type="CD">1896</w> <c type="pct">)</c> <w type="CS">as</w> <w type="RB">already</w> <w type="VBN">quoted</w> <c type="pct">,</c> <w type="NP">Miss</w> <w type="NP">Upton</w> <w type="VBD">projected</w> <w type="IN">with</w> <w type="NN">force</w> <w type="CC">and</w> <w type="NN">eloquence</w> <w type="AT">the</w> <w type="NP">Spelman</w> <w type="IN">of</w> <w type="AT">the</w> <w type="NN" subtype="TL">Future</w> <w type="CS">as</w> <w type="AT">a</w> <w type="NN">college</w> <w type="IN">of</w> <w type="OD">first</w> <w type="NN">rank</w> <c type="pct">,</c> <w type="IN">with</w> <w type="VBG">expanding</w> <w type="CC">and</w> <w type="JJ">unlimited</w> <w type="NNS">horizons</w> <c type="pct">.</c> </s>
<s n="75"><w type="WRB">When</w> <w type="NN" subtype="TL">Dr.</w> <w type="NP">Wallace</w> <w type="NP">Buttrick</w> <c type="pct">,</c> <w type="JJ">wise</w> <w type="IN">in</w> <w type="PPg">his</w> <w type="NN">judgment</w> <w type="IN">of</w> <w type="NNS">people</w> <c type="pct">,</c> <w type="VBD">declined</w> <w type="TO">to</w> <w type="HV">have</w> <w type="AT">the</w> <w type="NN" subtype="TL">Science</w> <w type="NN" subtype="TL">Building</w> <w type="VBN">named</w> <w type="IN">for</w> <w type="PPO">him</w> <c type="pct">,</c> <w type="PPS">he</w> <w type="VBD">wrote</w> <w type="NP">Miss</w> <w type="NP">Tapley</w> <c type="pct">(</c> <w type="NP">April</w> <w type="CD">7</w> <c type="pct">,</c> <w type="CD">1923</w> <c type="pct">)</c> <c type="pct">``</c> <w type="CS">If</w> <w type="PPSS">you</w> <w type="HVD">had</w> <w type="VBN">asked</w> <w type="PPO">me</w> <c type="pct">,</c> <w type="PPSS">I</w> <w type="VB">think</w> <w type="PPSS">I</w> <w type="MD">would</w> <w type="HV">have</w> <w type="VBN">suggested</w> <w type="CS">that</w> <w type="PPSS">you</w> <w type="VB">name</w> <w type="AT">the</w> <w type="NN">building</w> <w type="IN">for</w> <w type="NP">Miss</w> <w type="NP">Upton</w> <c type="pct">.</c> </s>
<s n="76"><w type="PPg">Her</w> <w type="NNS">services</w> <w type="IN">to</w> <w type="AT">the</w> <w type="NN" subtype="TL">School</w> <w type="IN">for</w> <w type="AP">many</w> <w type="NNS">years</w> <w type="BED">were</w> <w type="IN">of</w> <w type="AT">a</w> <w type="QL">very</w> <w type="JJ">high</w> <w type="NN">character</w> <c type="pct">,</c> <w type="CC">and</w> <w type="PPSS">I</w> <w type="HV">have</w> <w type="RB">often</w> <w type="VBN">thought</w> <w type="CS">that</w> <w type="CD">one</w> <w type="IN">of</w> <w type="AT">the</w> <w type="NNS">buildings</w> <w type="MD">should</w> <w type="BE">be</w> <w type="VBN">named</w> <w type="IN">for</w> <w type="PPO">her</w> <c type="pct">''</c> <c type="pct">.</c> </s>
</p>
<p><s n="77"><w type="JJ">Such</w> <w type="BED">were</w> <w type="AT">the</w> <w type="NNS">qualities</w> <w type="IN">of</w> <w type="AT">the</w> <w type="NN" subtype="TL">Acting-President</w> <w type="IN">of</w> <w type="AT">the</w> <w type="NN" subtype="TL">Seminary</w> <w type="IN">after</w> <w type="AT">the</w> <w type="NN">death</w> <w type="IN">of</w> <w type="NP">Miss</w> <w type="NP">Giles</w> <c type="pct">.</c> </s>
</p>
<p><s n="78"><w type="IN">At</w> <w type="AT">the</w> <w type="NN">meeting</w> <w type="IN">of</w> <w type="AT">the</w> <w type="NN" subtype="TL">Board</w> <w type="IN">of</w> <w type="NNS" subtype="TL">Trustees</w> <c type="pct">,</c> <w type="IN">on</w> <w type="NP">March</w> <w type="CD">3</w> <c type="pct">,</c> <w type="CD">1910</w> <c type="pct">,</c> <w type="NP">Miss</w> <w type="NP">Upton</w> <w type="VBD">presented</w> <w type="AT">the</w> <w type="JJ">annual</w> <w type="NN">report</w> <w type="IN">of</w> <w type="AT">the</w> <w type="NN" subtype="TL">President</w> <c type="pct">.</c> </s>
<s n="79"><w type="PPS">She</w> <w type="VBD">noted</w> <w type="CS">that</w> <w type="AT">no</w> <w type="NN">student</w> <w type="HVD">had</w> <w type="BEN">been</w> <w type="VBN">withdrawn</w> <w type="IN">through</w> <w type="NN">loss</w> <w type="IN">of</w> <w type="NN">confidence</w> <c type="pct">;</c> <c type="pct">;</c> </s>
<s n="80"><w type="CS">that</w> <w type="AT">the</w> <w type="NN">enrollment</w> <w type="VBD">showed</w> <w type="AT">an</w> <w type="NN">increase</w> <w type="IN">of</w> <w type="VBG">boarding</w> <w type="NNS">students</w> <w type="CS">as</w> <w type="BEDZ">was</w> <w type="VBN">desired</w> <c type="pct">;</c> <c type="pct">;</c> </s>
<s n="81"><w type="CC">and</w> <w type="CS">that</w> <w type="AT">the</w> <w type="NNg">year's</w> <w type="NN">work</w> <w type="HVD">had</w> <w type="VBN">gone</w> <w type="RB">forward</w> <w type="RB">smoothly</w> <c type="pct">.</c> </s>
<s n="82"><w type="PPS">She</w> <w type="VBD">urged</w> <w type="AT">the</w> <w type="NN">importance</w> <w type="IN">of</w> <w type="QL">more</w> <w type="JJ">thorough</w> <w type="NN">preparation</w> <w type="IN">for</w> <w type="NN">admission</w> <c type="pct">.</c> </s>
<s n="83"><w type="AT">The</w> <w type="NN">raising</w> <w type="IN">of</w> <w type="AT">the</w> <w type="NNS">$25,000</w> <w type="NN" subtype="TL">Improvement</w> <w type="NN" subtype="TL">Fund</w> <w type="CD">two</w> <w type="NNS">days</w> <w type="IN">before</w> <w type="AT">the</w> <w type="NN">time</w> <w type="NN">limit</w> <w type="VBD">expired</w> <c type="pct">,</c> <w type="CC">and</w> <w type="AT">the</w> <w type="JJ">spontaneous</w> <c type="pct">``</c> <w type="NN">praise</w> <w type="NN">demonstration</w> <c type="pct">''</c> <w type="VBN">held</w> <w type="RB">afterward</w> <w type="IN">on</w> <w type="AT">the</w> <w type="NN">campus</w> <c type="pct">,</c> <w type="BED">were</w> <w type="VBN">reported</w> <w type="CS">as</w> <w type="NNS">events</w> <w type="WDT">which</w> <w type="HVD">had</w> <w type="VBN">brought</w> <w type="NN">happiness</w> <w type="IN">to</w> <w type="NP">Miss</w> <w type="NP">Giles</w> <c type="pct">.</c> </s>
<s n="84"><w type="IN">With</w> <w type="AT">the</w> <w type="NN" subtype="TL">Fund</w> <w type="IN">in</w> <w type="NN">hand</w> <c type="pct">,</c> <w type="AT">the</w> <w type="NN">debt</w> <w type="IN">on</w> <w type="AT">the</w> <w type="NNS">boilers</w> <w type="HVD">had</w> <w type="BEN">been</w> <w type="VBN">paid</w> <c type="pct">;</c> <c type="pct">;</c> </s>
<s n="85"><w type="NP">Rockefeller</w> <w type="CC">and</w> <w type="NP" subtype="TL">Packard</w> <w type="NNS" subtype="TL">Halls</w> <w type="HVD">had</w> <w type="BEN">been</w> <w type="VBN">renovated</w> <c type="pct">;</c> <c type="pct">;</c> </s>
<s n="86"><w type="NNS">walks</w> <w type="VBN">laid</w> <c type="pct">;</c> <c type="pct">;</c> </s>
<s n="87"><w type="CC">and</w> <w type="NN">ground</w> <w type="HVD">had</w> <w type="BEN">been</w> <w type="VBN">broken</w> <w type="IN">for</w> <w type="AT">the</w> <w type="NNg">superintendent's</w> <w type="NN">home</w> <c type="pct">.</c> </s>
<s n="88"><w type="NP">Miss</w> <w type="NP">Upton</w> <w type="VBD">spoke</w> <w type="RB">gratefully</w> <w type="IN">of</w> <w type="AT">the</w> <w type="NN">response</w> <w type="IN">of</w> <w type="NP">Spelman</w> <w type="NNS">graduates</w> <w type="CC">and</w> <w type="NP">Negro</w> <w type="NNS">friends</w> <w type="IN">in</w> <w type="VBG">helping</w> <w type="TO">to</w> <w type="VB">raise</w> <w type="AT">the</w> <w type="NN" subtype="TL">Fund</w> <c type="pct">,</c> <w type="CC">and</w> <w type="PPg">their</w> <w type="VBG">continuing</w> <w type="NNS">efforts</w> <w type="TO">to</w> <w type="VB">raise</w> <w type="NN">money</w> <w type="IN">for</w> <w type="RB">greatly</w> <w type="VBN">needed</w> <w type="JJ">current</w> <w type="NNS">expenses</w> <c type="pct">.</c> </s>
<s n="89"><w type="PPS">She</w> <w type="VBD">spoke</w> <w type="RB">also</w> <w type="IN">with</w> <w type="JJ">deep</w> <w type="NN">thankfulness</w> <w type="IN">of</w> <w type="AT">the</w> <w type="AP">many</w> <w type="NNS">individuals</w> <w type="CC">and</w> <w type="NNS">agencies</w> <w type="WPg">whose</w> <w type="NN">interest</w> <w type="CC">and</w> <w type="NNS">efforts</w> <w type="IN">through</w> <w type="AT">the</w> <w type="NNS">years</w> <w type="HVD">had</w> <w type="VBN">made</w> <w type="AT">the</w> <w type="NN">work</w> <w type="QL">so</w> <w type="JJ">fruitful</w> <w type="IN">in</w> <w type="NNS">results</w> <c type="pct">.</c> </s>
</p>
<p><s n="90"><w type="CD">Two</w> <w type="NNS">bequests</w> <w type="BED">were</w> <w type="VBN">recorded</w> <c type="pct">:</c> <w type="CD">one</w> <w type="IN">of</w> <w type="NNS">$200</w> <w type="IN">under</w> <w type="AT">the</w> <w type="NN">will</w> <w type="IN">of</w> <w type="NP">Mrs.</w> <w type="NP">Harriet</w> <w type="NP">A.</w> <w type="NP">Copp</w> <w type="IN">of</w> <w type="NP">Los</w> <w type="NP">Angeles</w> <c type="pct">;</c> <c type="pct">;</c> </s>
<s n="91"><w type="CC">and</w> <w type="CD">one</w> <w type="IN">of</w> <w type="NNS">$2,000</w> <w type="IN">under</w> <w type="AT">the</w> <w type="NN">will</w> <w type="IN">of</w> <w type="NP">Miss</w> <w type="NP">Celia</w> <w type="NP">L.</w> <w type="NP">Brett</w> <w type="IN">of</w> <w type="NP">Hamilton</w> <c type="pct">,</c> <w type="JJ" subtype="TL">New</w> <w type="NP" subtype="TL">York</w> <c type="pct">,</c> <w type="AT">a</w> <w type="NN">friend</w> <w type="IN">from</w> <w type="AT">the</w> <w type="JJ">early</w> <w type="NNS">days</w> <c type="pct">.</c> </s>
</p>
<p><s n="92"><w type="NP">Miss</w> <w type="NP">Upton</w> <w type="VBD">told</w> <w type="AT">the</w> <w type="NNS" subtype="TL">Trustees</w> <w type="CS">that</w> <w type="AT">the</w> <w type="NN">death</w> <w type="IN">of</w> <w type="NP">Miss</w> <w type="NP">Giles</w> <w type="BEDZ">was</w> <c type="pct">``</c> <w type="AT">the</w> <w type="JJT">sorest</w> <w type="NN">grief</w> <c type="pct">''</c> <w type="AT">the</w> <w type="NN" subtype="TL">Seminary</w> <w type="HVD">had</w> <w type="RB">ever</w> <w type="BEN">been</w> <w type="VBN">called</w> <w type="RB">upon</w> <w type="TO">to</w> <w type="VB">bear</w> <c type="pct">.</c> </s>
<s n="93"><w type="AT">The</w> <w type="NNS">daughters</w> <w type="IN">of</w> <w type="NP">Spelman</w> <c type="pct">,</c> <w type="PPS">she</w> <w type="VBD">said</w> <c type="pct">,</c> <w type="HVD">had</w> <w type="RB">never</w> <w type="VBN">known</w> <w type="CC">or</w> <w type="VBN">thought</w> <w type="IN">of</w> <w type="NP">Spelman</w> <w type="IN">without</w> <w type="PPO">her</w> <c type="pct">.</c> </s>
<s n="94"><w type="AT">The</w> <w type="NN">removal</w> <w type="IN">of</w> <w type="NP">Miss</w> <w type="NP">Packard</w> <w type="CD">18</w> <w type="NNS">years</w> <w type="RBR">earlier</w> <w type="HVD">had</w> <w type="VBN">caused</w> <w type="PPO">them</w> <w type="JJ">great</w> <w type="NN">sorrow</w> <c type="pct">,</c> <w type="CC">but</w> <w type="PPSS">they</w> <w type="RB">still</w> <w type="HVD">had</w> <w type="NP">Miss</w> <w type="NP">Giles</w> <c type="pct">.</c> </s>
<s n="95"><w type="RB">Now</w> <w type="AT">the</w> <w type="NN">school</w> <w type="BEDZ">was</w> <w type="RB">indeed</w> <w type="JJ">bereft</w> <c type="pct">.</c> </s>
<s n="96"><c type="pct">``</c> <w type="CC">Yet</w> <w type="NP">Spelman</w> <w type="HVZ">has</w> <w type="JJ">strong</w> <c type="pct">,</c> <w type="JJ">deep</w> <w type="NNS">roots</w> <c type="pct">,</c> <w type="CC">and</w> <w type="MD">will</w> <w type="VB">live</w> <w type="IN">for</w> <w type="AT">the</w> <w type="NN">blessing</w> <w type="IN">of</w> <w type="NNS">generations</w> <w type="TO">to</w> <w type="VB">come</w> <c type="pct">''</c> <c type="pct">.</c> </s>
</p>
<p><s n="97"><w type="NP">Miss</w> <w type="NP">Mary</w> <w type="NP">Jane</w> <w type="NP">Packard</w> <c type="pct">,</c> <w type="NPg">Sophia's</w> <w type="NN">half-sister</w> <c type="pct">,</c> <w type="VBD">became</w> <w type="JJ">ill</w> <w type="IN">in</w> <w type="NP">March</w> <c type="pct">,</c> <w type="CD">1910</w> <c type="pct">;</c> <c type="pct">;</c> </s>
<s n="98"><w type="CC">and</w> <w type="WRB">when</w> <w type="NN">school</w> <w type="VBD">closed</w> <c type="pct">,</c> <w type="PPS">she</w> <w type="BEDZ">was</w> <w type="JJ">unable</w> <w type="TO">to</w> <w type="VB">travel</w> <w type="IN">to</w> <w type="NP">Massachusetts</w> <c type="pct">.</c> </s>
<s n="99"><w type="PPS">She</w> <w type="VBD">remained</w> <w type="IN">in</w> <w type="NP">Atlanta</w> <w type="IN">through</w> <w type="NP">June</w> <w type="CC">and</w> <w type="NP">July</w> <c type="pct">;</c> <c type="pct">;</c> </s>
<s n="100"><w type="PPS">she</w> <w type="VBD">died</w> <w type="IN">on</w> <w type="NP">August</w> <w type="OD">sixth</w> <c type="pct">.</c> </s>
</p>
<p><s n="101"><w type="CS">Before</w> <w type="VBG">coming</w> <w type="IN">on</w> <w type="AT">a</w> <w type="NN">visit</w> <w type="IN">to</w> <w type="NP">Spelman</w> <w type="IN">in</w> <w type="CD">1885</w> <c type="pct">,</c> <w type="NP">Miss</w> <w type="NP">Mary</w> <w type="HVD">had</w> <w type="BEN">been</w> <w type="AT">a</w> <w type="JJ">successful</w> <w type="NN">teacher</w> <w type="IN">in</w> <w type="NP">Worcester</w> <c type="pct">,</c> <w type="CC">and</w> <w type="PPg">her</w> <w type="NN">position</w> <w type="RB">there</w> <w type="BEDZ">was</w> <w type="VBN">held</w> <w type="JJ">open</w> <w type="IN">for</w> <w type="PPO">her</w> <w type="IN">for</w> <w type="AT">a</w> <w type="JJ">considerable</w> <w type="NN">period</w> <c type="pct">.</c> </s>
<s n="102"><w type="CC">But</w> <w type="PPS">she</w> <w type="VBD">decided</w> <w type="TO">to</w> <w type="VB">stay</w> <w type="IN">at</w> <w type="NP">Spelman</w> <c type="pct">.</c> </s>
<s n="103"><w type="PPS">She</w> <w type="VBD">helped</w> <w type="IN">with</w> <w type="VBG">teaching</w> <w type="QL">as</w> <w type="RB">well</w> <w type="CS">as</w> <w type="NN">office</w> <w type="NN">work</w> <w type="IN">for</w> <w type="AT">a</w> <w type="AP">few</w> <w type="NNS">years</w> <c type="pct">--</c> <w type="AT">the</w> <w type="NNS">catalogues</w> <w type="VB">show</w> <w type="CS">that</w> <w type="PPS">she</w> <w type="HVD">had</w> <w type="NNS">classes</w> <w type="IN">in</w> <w type="NN">geography</w> <c type="pct">,</c> <w type="NN">rhetoric</w> <w type="CC">and</w> <w type="NN">bookkeeping</w> <c type="pct">.</c> </s>
<s n="104"><w type="RB">Soon</w> <w type="AT">the</w> <w type="NN">office</w> <w type="NN">work</w> <w type="VBD">claimed</w> <w type="ABN">all</w> <w type="PPg">her</w> <w type="NN">time</w> <c type="pct">.</c> </s>
<s n="105"><w type="PPS">She</w> <w type="BEDZ">was</w> <w type="RB">closely</w> <w type="VBN">associated</w> <w type="IN">with</w> <w type="AT">the</w> <w type="NNS" subtype="TL">Founders</w> <w type="IN">in</w> <w type="ABN">all</w> <w type="PPg">their</w> <w type="NNS">trials</w> <w type="CC">and</w> <w type="NNS">hardships</w> <c type="pct">.</c> </s>
<s n="106"><w type="JJ">Quiet</w> <w type="CC">and</w> <w type="JJ">energetic</w> <c type="pct">,</c> <w type="JJ">cheerful</w> <w type="CC">and</w> <w type="JJ">calm</w> <c type="pct">,</c> <w type="PPS">she</w> <w type="RB">too</w> <w type="BEDZ">was</w> <w type="AT">a</w> <w type="NN">power</w> <w type="IN">in</w> <w type="AT">the</w> <w type="NN">development</w> <w type="IN">of</w> <w type="AT">the</w> <w type="NN">seminary</w> <c type="pct">.</c> </s>
<s n="107"><w type="NP">Miss</w> <w type="NP">Giles</w> <w type="RB">always</w> <w type="VBD">used</w> <w type="TO">to</w> <w type="VB">refer</w> <w type="IN">to</w> <w type="PPO">her</w> <w type="CS">as</w> <c type="pct">``</c> <w type="NN" subtype="TL">Sister</w> <c type="pct">''</c> <c type="pct">.</c> </s>
<s n="108"><w type="PPS">She</w> <w type="VBD">served</w> <w type="CS">as</w> <w type="NN">secretary</w> <w type="IN">in</w> <w type="AT">the</w> <w type="NN" subtype="TL">Seminary</w> <w type="NN">office</w> <w type="IN">for</w> <w type="CD">25</w> <w type="NNS">years</w> <c type="pct">,</c> <w type="CC">and</w> <w type="BEDZ">was</w> <w type="IN">in</w> <w type="NN">charge</w> <w type="IN">of</w> <w type="NN">correspondence</w> <c type="pct">,</c> <w type="NNS">records</w> <c type="pct">,</c> <w type="CC">and</w> <w type="NN">bookkeeping</w> <c type="pct">.</c> </s>
<s n="109"><w type="AT">The</w> <w type="NNS">books</w> <w type="IN">of</w> <w type="AT">the</w> <w type="NN">school</w> <w type="VB">hold</w> <w type="AT">a</w> <w type="NN">memorial</w> <w type="IN">to</w> <w type="PPO">her</w> <c type="pct">;</c> <c type="pct">;</c> </s>
<s n="110"><w type="CC">and</w> <w type="RB">so</w> <w type="DO">do</w> <w type="AT">the</w> <w type="NNS">hearts</w> <w type="IN">of</w> <w type="NNS">students</w> <w type="CC">and</w> <w type="IN">of</w> <w type="NNS">teachers</w> <c type="pct">.</c> </s>
</p>
<p><s n="111"><w type="NP">Mary</w> <w type="NP">J.</w> <w type="NP">Packard</w> <c type="pct">,</c> <w type="VBZ">states</w> <w type="AT">a</w> <w type="NN" subtype="TL">Messenger</w> <w type="NN">editorial</w> <c type="pct">,</c> <w type="BEDZ">was</w> <c type="pct">``</c> <w type="JJ">efficient</w> <c type="pct">,</c> <w type="JJ">pains-taking</w> <c type="pct">,</c> <w type="JJ">self-effacing</w> <c type="pct">,</c> <w type="VBG">loving</w> <c type="pct">,</c> <w type="VBG">radiating</w> <w type="AT">the</w> <w type="NN">spirit</w> <w type="IN">of</w> <w type="PPg">her</w> <w type="NN" subtype="TL">Master</w> <c type="pct">.</c> </s>
<s n="112"><w type="IN">With</w> <w type="JJ">infinite</w> <w type="NN">patience</w> <w type="PPS">she</w> <w type="VBD">responded</w> <w type="IN">to</w> <w type="AT">every</w> <w type="NN">call</w> <c type="pct">,</c> <w type="AT">no</w> <w type="NN">matter</w> <w type="IN">at</w> <w type="WDT">what</w> <w type="NN">cost</w> <w type="IN">to</w> <w type="PPL">herself</w> <c type="pct">,</c> <w type="CC">and</w> <w type="IN">to</w> <w type="PPO">her</w> <w type="ABN">all</w> <w type="VBD">went</w> <c type="pct">,</c> <w type="CS">for</w> <w type="PPS">she</w> <w type="BEDZ">was</w> <w type="JJ">sure</w> <w type="TO">to</w> <w type="HV">have</w> <w type="AT">the</w> <w type="VBN">needed</w> <w type="NN">information</w> <w type="CC">or</w> <w type="NN">word</w> <w type="IN">of</w> <w type="NN">cheer</w> <c type="pct">.</c> </s>
</p>
<p></p></body></text></TEI>
