<TEI xmlns="http://www.tei-c.org/ns/1.0"><teiHeader><fileDesc><titleStmt><title>Sample F33 from  James Bryant Conant, Slums and Suburbs
 New York: McGraw-Hill Book Company, Inc., 1961. Pp.42-47
 </title></titleStmt><editionStmt><edition>A part  of the XML version of the Brown Corpus</edition></editionStmt><extent>2,017 words 51 (2.5%) quotes</extent><publicationStmt><idno>F33</idno><availability><p>Used by permission0010-1760</p></availability></publicationStmt><sourceDesc><bibl> James Bryant Conant, Slums and Suburbs
 New York: McGraw-Hill Book Company, Inc., 1961. Pp.42-47
 </bibl></sourceDesc></fileDesc><encodingDesc><p/></encodingDesc><revisionDesc><change when="2008-04-27">Header auto-generated for TEI version</change></revisionDesc></teiHeader>
<text xml:id="F33" decls="F">
<body><p><s n="1"><w type="IN">In</w> <w type="AT">a</w> <w type="AP">few</w> <w type="NN">school</w> <w type="NNS">districts</w> <w type="PN">one</w> <w type="VBZ">finds</w> <w type="AT">a</w> <w type="NN">link</w> <w type="IN">between</w> <w type="NN">school</w> <w type="CC">and</w> <w type="NN">job</w> <c type="pct">.</c> </s>
<s n="2"><w type="IN">In</w> <w type="DTS">those</w> <w type="JJ">vocational</w> <w type="NNS">programs</w> <w type="VBN">organized</w> <w type="IN">with</w> <w type="NP">Smith-Hughes</w> <w type="NN">money</w> <c type="pct">,</c> <w type="EX">there</w> <w type="MD">may</w> <w type="BE">be</w> <w type="AT">a</w> <w type="JJ">close</w> <w type="NN">tie</w> <w type="IN">between</w> <w type="AT">the</w> <w type="NN">labor</w> <w type="NN">union</w> <w type="CC">and</w> <w type="AT">a</w> <w type="JJ">local</w> <w type="NN">employer</w> <w type="IN">on</w> <w type="AT">the</w> <w type="CD">one</w> <w type="NN">hand</w> <w type="CC">and</w> <w type="AT">the</w> <w type="JJ">vocational</w> <w type="NN">teacher</w> <w type="IN">on</w> <w type="AT">the</w> <w type="AP">other</w> <c type="pct">.</c> </s>
<s n="3"><w type="IN">In</w> <w type="DTS">these</w> <w type="NNS">cases</w> <w type="AT">a</w> <w type="NN">graduate</w> <w type="MD">may</w> <w type="VB">enter</w> <w type="RB">directly</w> <w type="IN">into</w> <w type="AT">an</w> <w type="NN">apprentice</w> <w type="NN">program</w> <c type="pct">,</c> <w type="VBG">saving</w> <w type="AT">a</w> <w type="NN">year</w> <w type="RB">because</w> <w type="IN">of</w> <w type="PPg">his</w> <w type="JJ">vocational</w> <w type="NNS">courses</w> <w type="IN">in</w> <w type="NNS">grades</w> <w type="CD">11</w> <w type="CC">and</w> <w type="CD">12</w> <c type="pct">.</c> </s>
<s n="4"><w type="AT">The</w> <w type="NN">apprentice</w> <w type="NN">program</w> <w type="MD">will</w> <w type="VB">involve</w> <w type="JJR">further</w> <w type="NN">education</w> <w type="IN">on</w> <w type="AT">a</w> <w type="JJ">part-time</w> <w type="NN">basis</w> <c type="pct">,</c> <w type="RB">usually</w> <w type="IN">at</w> <w type="NN">night</w> <c type="pct">,</c> <w type="RB">perhaps</w> <w type="VBG">using</w> <w type="DTI">some</w> <w type="IN">of</w> <w type="AT">the</w> <w type="AP">same</w> <w type="NN">equipment</w> <w type="IN">of</w> <w type="AT">the</w> <w type="JJ">high</w> <w type="NN">school</w> <c type="pct">.</c> </s>
<s n="5"><w type="DTS">These</w> <w type="NNS">opportunities</w> <w type="BER">are</w> <w type="TO">to</w> <w type="BE">be</w> <w type="VBN">found</w> <w type="IN">in</w> <w type="JJ">certain</w> <w type="NNS">cities</w> <w type="IN">in</w> <w type="JJ">such</w> <w type="NNS">crafts</w> <w type="CS">as</w> <w type="NN">auto</w> <w type="NNS">mechanics</w> <c type="pct">,</c> <w type="NN">carpentry</w> <c type="pct">,</c> <w type="VBG">drafting</w> <c type="pct">,</c> <w type="JJ">electrical</w> <w type="NN">work</w> <c type="pct">,</c> <w type="NN">tool-and-die</w> <w type="NN">work</w> <c type="pct">,</c> <w type="CC">and</w> <w type="NN">sheet-metal</w> <w type="NN">work</w> <c type="pct">.</c> </s>
</p>
<p><s n="6"><w type="RB">Formally</w> <w type="VBN">organized</w> <w type="JJ">vocational</w> <w type="NNS">programs</w> <w type="VBN">supported</w> <w type="IN">by</w> <w type="JJ">federal</w> <w type="NNS">funds</w> <w type="VB">allow</w> <w type="JJ">high</w> <w type="NN">school</w> <w type="NNS">students</w> <w type="TO">to</w> <w type="VB">gain</w> <w type="NN">experience</w> <w type="IN">in</w> <w type="AT">a</w> <w type="NN">field</w> <w type="IN">of</w> <w type="NN">work</w> <w type="WDT">which</w> <w type="BEZ">is</w> <w type="JJ">likely</w> <w type="TO">to</w> <w type="VB">lead</w> <w type="IN">to</w> <w type="AT">a</w> <w type="JJ">full-time</w> <w type="NN">job</w> <w type="IN">on</w> <w type="NN">graduation</w> <c type="pct">.</c> </s>
<s n="7"><w type="AT">The</w> <c type="pct">``</c> <w type="VBN">diversified</w> <w type="NNS">occupations</w> <c type="pct">''</c> <w type="VB">program</w> <w type="BEZ">is</w> <w type="AT">a</w> <w type="JJ">part-time</w> <w type="JJ">trade-preparatory</w> <w type="NN">program</w> <w type="VBN">conducted</w> <w type="IN">over</w> <w type="CD">two</w> <w type="NN">school</w> <w type="NNS">years</w> <w type="IN">on</w> <w type="AT">a</w> <w type="JJ">cooperative</w> <w type="NN">basis</w> <w type="IN">between</w> <w type="AT">the</w> <w type="NN">school</w> <w type="CC">and</w> <w type="JJ">local</w> <w type="JJ">industrial</w> <w type="CC">and</w> <w type="NN">business</w> <w type="NNS">employers</w> <c type="pct">.</c> </s>
<s n="8"><w type="AT">The</w> <c type="pct">``</c> <w type="JJ">distributive</w> <w type="NN">education</w> <c type="pct">''</c> <w type="NN">program</w> <w type="VBZ">operates</w> <w type="IN">in</w> <w type="AT">a</w> <w type="JJ">similar</w> <w type="NN">way</w> <c type="pct">,</c> <w type="IN">with</w> <w type="NNS">arrangements</w> <w type="IN">between</w> <w type="AT">the</w> <w type="NN">school</w> <w type="CC">and</w> <w type="NNS">employers</w> <w type="IN">in</w> <w type="VBG">merchandising</w> <w type="NNS">fields</w> <c type="pct">.</c> </s>
<s n="9"><w type="IN">In</w> <w type="ABX">both</w> <w type="NNS">cases</w> <w type="AT">the</w> <w type="NN">student</w> <w type="VBZ">attends</w> <w type="NN">school</w> <w type="RB">half-time</w> <w type="CC">and</w> <w type="VBZ">works</w> <w type="IN">in</w> <w type="AT">a</w> <w type="JJ">regular</w> <w type="NN">job</w> <w type="AT">the</w> <w type="AP">other</w> <w type="ABN">half</w> <c type="pct">.</c> </s>
<s n="10"><w type="PPS">He</w> <w type="VBZ">receives</w> <w type="NN">remuneration</w> <w type="IN">for</w> <w type="PPg">his</w> <w type="NN">work</w> <c type="pct">.</c> </s>
<s n="11"><w type="IN">In</w> <w type="AT">a</w> <w type="AP">few</w> <w type="NNS">places</w> <w type="JJ">cooperative</w> <w type="NNS">programs</w> <w type="IN">between</w> <w type="NNS">schools</w> <w type="CC">and</w> <w type="NNS">employers</w> <w type="IN">in</w> <w type="JJ">clerical</w> <w type="NN">work</w> <w type="HV">have</w> <w type="VBN">shown</w> <w type="AT">the</w> <w type="AP">same</w> <w type="NNS">possibilities</w> <w type="IN">for</w> <w type="VBG">allowing</w> <w type="AT">the</w> <w type="NN">student</w> <c type="pct">,</c> <w type="CS">while</w> <w type="RB">still</w> <w type="IN">in</w> <w type="NN">school</w> <c type="pct">,</c> <w type="TO">to</w> <w type="VB">develop</w> <w type="NNS">skills</w> <w type="WDT">which</w> <w type="BER">are</w> <w type="RB">immediately</w> <w type="JJ">marketable</w> <w type="IN">upon</w> <w type="NN">graduation</w> <c type="pct">.</c> </s>
</p>
<p><s n="12"><w type="NN">Adult</w> <w type="NN">education</w> <w type="NNS">courses</w> <c type="pct">,</c> <w type="NN">work-study</w> <w type="NNS">programs</w> <w type="IN">of</w> <w type="JJ">various</w> <w type="NNS">sorts</w> <c type="pct">--</c> <w type="DTS">these</w> <w type="BER">are</w> <w type="ABN">all</w> <w type="NN">evidence</w> <w type="IN">of</w> <w type="AT">a</w> <w type="VBG">continuing</w> <w type="NN">interest</w> <w type="IN">of</w> <w type="AT">the</w> <w type="NNS">schools</w> <w type="IN">in</w> <w type="VBG">furthering</w> <w type="JJ">educational</w> <w type="NNS">opportunities</w> <w type="IN">for</w> <w type="JJ">out-of-school</w> <w type="NN">youth</w> <c type="pct">.</c> </s>
<s n="13"><w type="IN">In</w> <w type="JJ">general</w> <c type="pct">,</c> <w type="RB">however</w> <c type="pct">,</c> <w type="PPS">it</w> <w type="MD">may</w> <w type="BE">be</w> <w type="VBN">said</w> <w type="CS">that</w> <w type="WRB">when</w> <w type="AT">a</w> <w type="NN">boy</w> <w type="CC">or</w> <w type="AT">a</w> <w type="NN">girl</w> <w type="VBZ">leaves</w> <w type="AT">the</w> <w type="JJ">high</w> <w type="NN">school</w> <c type="pct">,</c> <w type="AT">the</w> <w type="NN">school</w> <w type="NNS">authorities</w> <w type="VB">play</w> <w type="AP">little</w> <w type="CC">or</w> <w type="AT">no</w> <w type="NN">part</w> <w type="IN">in</w> <w type="AT">the</w> <w type="NN">decision</w> <w type="IN">of</w> <w type="WDT">what</w> <w type="VBZ">happens</w> <w type="RB">next</w> <c type="pct">.</c> </s>
<s n="14"><w type="CS">If</w> <w type="AT">the</w> <w type="NN">student</w> <w type="VBZ">drops</w> <w type="IN">out</w> <w type="IN">of</w> <w type="JJ">high</w> <w type="NN">school</w> <c type="pct">,</c> <w type="AT">the</w> <w type="NN">break</w> <w type="IN">with</w> <w type="AT">the</w> <w type="NN">school</w> <w type="BEZ">is</w> <w type="QL">even</w> <w type="QL">more</w> <w type="JJ">complete</w> <c type="pct">.</c> </s>
<s n="15"><w type="WRB">When</w> <w type="EX">there</w> <w type="BEZ">is</w> <w type="NN">employment</w> <w type="NN">opportunity</w> <w type="IN">for</w> <w type="NN">youth</w> <c type="pct">,</c> <w type="DT">this</w> <w type="NN">arrangement</w> <c type="pct">--</c> <w type="CC">or</w> <w type="NN">lack</w> <w type="IN">of</w> <w type="NN">arrangement</w> <c type="pct">--</c> <w type="VBZ">works</w> <w type="RP">out</w> <w type="QL">quite</w> <w type="RB">well</w> <c type="pct">.</c> </s>
<s n="16"><w type="UH">Indeed</w> <c type="pct">,</c> <w type="IN">in</w> <w type="DTI">some</w> <w type="NNS">periods</w> <w type="IN">of</w> <w type="PPg">our</w> <w type="NN">history</w> <w type="CC">and</w> <w type="IN">in</w> <w type="DTI">some</w> <w type="NNS">neighborhoods</w> <w type="AT">the</w> <w type="NN">job</w> <w type="NNS">opportunities</w> <w type="HV">have</w> <w type="BEN">been</w> <w type="QL">so</w> <w type="JJ">good</w> <w type="CS">that</w> <w type="RB">undoubtedly</w> <w type="AT">a</w> <w type="QL">great</w> <w type="AP">many</w> <w type="NNS">boys</w> <w type="WPS">who</w> <w type="BED">were</w> <w type="JJ">potential</w> <w type="NNS">members</w> <w type="IN">of</w> <w type="AT">the</w> <w type="NNS">professions</w> <w type="VB">quit</w> <w type="NN">school</w> <w type="IN">at</w> <w type="AT">an</w> <w type="JJ">early</w> <w type="NN">age</w> <w type="CC">and</w> <w type="VBD">went</w> <w type="IN">to</w> <w type="NN">work</w> <c type="pct">.</c> </s>
<s n="17"><w type="RB">Statistically</w> <w type="DT">this</w> <w type="HVZ">has</w> <w type="VBN">represented</w> <w type="AT">a</w> <w type="NN">loss</w> <w type="IN">to</w> <w type="AT">the</w> <w type="NN">nation</w> <c type="pct">,</c> <w type="CS">although</w> <w type="PN">one</w> <w type="MD">must</w> <w type="VB">admit</w> <w type="CS">that</w> <w type="IN">in</w> <w type="AT">an</w> <w type="JJ">individual</w> <w type="NN">case</w> <w type="AT">the</w> <w type="NN">decision</w> <w type="IN">in</w> <w type="NN">retrospect</w> <w type="MD">may</w> <w type="HV">have</w> <w type="BEN">been</w> <w type="AT">a</w> <w type="JJ">wise</w> <w type="CD">one</w> <c type="pct">.</c> </s>
<s n="18"><w type="PPSS">I</w> <w type="VB">make</w> <w type="AT">no</w> <w type="NN">attempt</w> <w type="TO">to</w> <w type="VB">measure</w> <w type="AT">the</w> <w type="VBG">enduring</w> <w type="NN">satisfaction</w> <w type="CC">and</w> <w type="NN">material</w> <w type="NN">well-being</w> <w type="IN">of</w> <w type="AT">a</w> <w type="NN">man</w> <w type="WPS">who</w> <w type="VBD">went</w> <w type="IN">to</w> <w type="NN">work</w> <w type="IN">on</w> <w type="NN">graduation</w> <w type="IN">from</w> <w type="JJ">high</w> <w type="NN">school</w> <w type="CC">and</w> <w type="BEDZ">was</w> <w type="QL">highly</w> <w type="JJ">successful</w> <w type="IN">in</w> <w type="AT">the</w> <w type="NN">business</w> <w type="WDT">which</w> <w type="PPS">he</w> <w type="VBD">entered</w> <c type="pct">.</c> </s>
<s n="19"><w type="PPS">He</w> <w type="MD">may</w> <w type="CC">or</w> <w type="MD">may</w> <w type="NEG">not</w> <w type="BE">be</w> <c type="pct">``</c> <w type="QL">better</w> <w type="RP">off</w> <c type="pct">''</c> <w type="CS">than</w> <w type="PPg">his</w> <w type="NN">classmate</w> <w type="WPS">who</w> <w type="VBD">went</w> <w type="RP">on</w> <w type="IN">to</w> <w type="AT">a</w> <w type="NN">college</w> <w type="CC">and</w> <w type="JJ">professional</w> <w type="NN">school</w> <c type="pct">.</c> </s>
<s n="20"><w type="CC">But</w> <w type="IN">in</w> <w type="AT">the</w> <w type="AP">next</w> <w type="NNS">decades</w> <w type="AT">the</w> <w type="NN">nation</w> <w type="VBZ">needs</w> <w type="TO">to</w> <w type="VB">educate</w> <w type="IN">for</w> <w type="AT">the</w> <w type="NNS">professions</w> <w type="ABN">all</w> <w type="AT">the</w> <w type="JJ">potential</w> <w type="JJ">professional</w> <w type="NN">talent</w> <c type="pct">.</c> </s>
</p>
<p><s n="21"><w type="IN">In</w> <w type="AT">a</w> <w type="JJR">later</w> <w type="NN">chapter</w> <w type="VBG">dealing</w> <w type="IN">with</w> <w type="AT">the</w> <w type="JJ">suburban</w> <w type="NN">school</w> <c type="pct">,</c> <w type="PPSS">I</w> <w type="MD">shall</w> <w type="VB">discuss</w> <w type="AT">the</w> <w type="NN">importance</w> <w type="IN">of</w> <w type="VBG">arranging</w> <w type="AT">a</w> <w type="NN">program</w> <w type="IN">for</w> <w type="AT">the</w> <w type="RB">academically</w> <w type="JJ">talented</w> <w type="CC">and</w> <w type="QL">highly</w> <w type="JJ">gifted</w> <w type="NN">youth</w> <w type="IN">in</w> <w type="DTI">any</w> <w type="JJ">high</w> <w type="NN">school</w> <w type="WRB">where</w> <w type="PPS">he</w> <w type="BEZ">is</w> <w type="VBN">found</w> <c type="pct">.</c> </s>
<s n="22"><w type="IN">In</w> <w type="AT">the</w> <w type="NP">Negro</w> <w type="NNS">neighborhoods</w> <w type="CC">and</w> <w type="RB">also</w> <w type="IN">to</w> <w type="DTI">some</w> <w type="NN">extent</w> <w type="IN">in</w> <w type="AT">the</w> <w type="VBN">mixed</w> <w type="NNS">neighborhoods</w> <w type="AT">the</w> <w type="NN">problem</w> <w type="MD">may</w> <w type="BE">be</w> <w type="CD">one</w> <w type="IN">of</w> <w type="NN">identification</w> <w type="CC">and</w> <w type="NN">motivation</w> <c type="pct">.</c> </s>
<s n="23"><w type="JJ">High</w> <w type="NN">motivation</w> <w type="IN">towards</w> <w type="JJR">higher</w> <w type="NN">education</w> <w type="MD">must</w> <w type="VB">start</w> <w type="RB">early</w> <w type="QLP">enough</w> <w type="CS">so</w> <w type="CS">that</w> <w type="IN">by</w> <w type="AT">the</w> <w type="NN">time</w> <w type="AT">the</w> <w type="NN">boy</w> <w type="CC">or</w> <w type="NN">girl</w> <w type="VBZ">reaches</w> <w type="NN">grade</w> <w type="CD">9</w> <w type="PPS">he</w> <w type="CC">or</w> <w type="PPS">she</w> <w type="HVZ">has</w> <w type="IN">at</w> <w type="AP">least</w> <w type="VBN">developed</w> <w type="DTS">those</w> <w type="JJ">basic</w> <w type="NNS">skills</w> <w type="WDT">which</w> <w type="BER">are</w> <w type="JJ">essential</w> <w type="IN">for</w> <w type="JJ">academic</w> <w type="NN">work</w> <c type="pct">.</c> </s>
<s n="24"><w type="RB">Undoubtedly</w> <w type="QL">far</w> <w type="AP">more</w> <w type="MD">can</w> <w type="BE">be</w> <w type="VBN">done</w> <w type="IN">in</w> <w type="AT">the</w> <w type="JJR">lower</w> <w type="NNS">grades</w> <w type="IN">in</w> <w type="DT">this</w> <w type="NN">regard</w> <w type="IN">in</w> <w type="AT">the</w> <w type="NP">Negro</w> <w type="NNS">schools</w> <c type="pct">.</c> </s>
<s n="25"><w type="RB">However</w> <c type="pct">,</c> <w type="AT">the</w> <w type="NN">teacher</w> <w type="MD">can</w> <w type="RB">only</w> <w type="VB">go</w> <w type="QL">so</w> <w type="RB">far</w> <w type="CS">if</w> <w type="AT">the</w> <w type="NN">attitude</w> <w type="IN">of</w> <w type="AT">the</w> <w type="NN">community</w> <w type="CC">and</w> <w type="AT">the</w> <w type="NN">family</w> <w type="BEZ">is</w> <w type="JJ">anti-intellectual</w> <c type="pct">.</c> </s>
<s n="26"><w type="CC">And</w> <w type="AT">the</w> <w type="NN">fact</w> <w type="VBZ">remains</w> <w type="CS">that</w> <w type="EX">there</w> <w type="BER">are</w> <w type="NR">today</w> <w type="AP">few</w> <w type="VBG">shining</w> <w type="NNS">examples</w> <w type="IN">of</w> <w type="NPS">Negroes</w> <w type="IN">in</w> <w type="NNS">positions</w> <w type="IN">of</w> <w type="JJ">intellectual</w> <w type="NN">leadership</w> <c type="pct">.</c> </s>
<s n="27"><w type="DT">This</w> <w type="BEZ">is</w> <w type="NEG">not</w> <w type="JJ">due</w> <w type="IN">to</w> <w type="DTI">any</w> <w type="NN">policy</w> <w type="IN">of</w> <w type="NN">discrimination</w> <w type="IN">on</w> <w type="AT">the</w> <w type="NN">part</w> <w type="IN">of</w> <w type="AT">the</w> <w type="JJ" subtype="TL">Northern</w> <w type="NNS">universities</w> <c type="pct">.</c> </s>
<s n="28"><w type="ABL">Quite</w> <w type="AT">the</w> <w type="JJ">contrary</w> <c type="pct">,</c> <w type="CS">as</w> <w type="PPSS">I</w> <w type="MD">can</w> <w type="VB">testify</w> <w type="IN">from</w> <w type="JJ">personal</w> <w type="NN">experience</w> <w type="CS">as</w> <w type="AT">a</w> <w type="AP">former</w> <w type="NN">university</w> <w type="NN">president</w> <c type="pct">.</c> </s>
<s n="29"><w type="RB">Rather</w> <w type="PPSS">we</w> <w type="VB">see</w> <w type="RB">here</w> <w type="DT">another</w> <w type="JJ">vicious</w> <w type="NN">circle</w> <c type="pct">.</c> </s>
<s n="30"><w type="AT">The</w> <w type="NN">absence</w> <w type="IN">of</w> <w type="JJ">successful</w> <w type="NPS">Negroes</w> <w type="IN">in</w> <w type="AT">the</w> <w type="NN">world</w> <w type="IN">of</w> <w type="NN">scholarship</w> <w type="CC">and</w> <w type="NN">science</w> <w type="HVZ">has</w> <w type="VBN">tended</w> <w type="TO">to</w> <w type="VB">tamp</w> <w type="RP">down</w> <w type="NN">enthusiasm</w> <w type="IN">among</w> <w type="NP">Negro</w> <w type="NN">youth</w> <w type="IN">for</w> <w type="JJ">academic</w> <w type="NNS">careers</w> <c type="pct">.</c> </s>
<s n="31"><w type="PPSS">I</w> <w type="VB">believe</w> <w type="AT">the</w> <w type="NN">situation</w> <w type="BEZ">is</w> <w type="VBG">improving</w> <c type="pct">,</c> <w type="CC">but</w> <w type="AT">the</w> <w type="NN">success</w> <w type="NNS">stories</w> <w type="VB">need</w> <w type="TO">to</w> <w type="BE">be</w> <w type="RB">heavily</w> <w type="VBN">publicized</w> <c type="pct">.</c> </s>
<s n="32"><w type="RB">Here</w> <w type="RB">again</w> <w type="PPSS">we</w> <w type="VB">run</w> <w type="IN">into</w> <w type="AT">the</w> <w type="NN">roadblock</w> <w type="CS">that</w> <w type="NPS">Negroes</w> <w type="DO">do</w> <w type="NEG">not</w> <w type="VB">like</w> <w type="TO">to</w> <w type="BE">be</w> <w type="VBN">designated</w> <w type="CS">as</w> <w type="NPS">Negroes</w> <w type="IN">in</w> <w type="AT">the</w> <w type="NN">press</w> <c type="pct">.</c> </s>
<s n="33"><w type="WRB">How</w> <w type="MD">can</w> <w type="AT">the</w> <w type="JJ">vicious</w> <w type="NN">circle</w> <w type="BE">be</w> <w type="VBN">broken</w> <c type="pct">?</c> <c type="pct">?</c> </s>
<s n="34"><w type="DT">This</w> <w type="BEZ">is</w> <w type="AT">a</w> <w type="NN">problem</w> <w type="IN">to</w> <w type="WDT">which</w> <w type="NNS">leaders</w> <w type="IN">of</w> <w type="NN">opinion</w> <c type="pct">,</c> <w type="ABX">both</w> <w type="NP">Negro</w> <w type="CC">and</w> <w type="JJ">white</w> <c type="pct">,</c> <w type="MD">should</w> <w type="VB">devote</w> <w type="QL">far</w> <w type="AP">more</w> <w type="NN">attention</w> <c type="pct">.</c> </s>
<s n="35"><w type="PPS">It</w> <w type="BEZ">is</w> <w type="IN">at</w> <w type="AP">least</w> <w type="QL">as</w> <w type="JJ">important</w> <w type="CS">as</w> <w type="AT">the</w> <w type="QL">more</w> <w type="JJ">dramatic</w> <w type="NNS">attempts</w> <w type="TO">to</w> <w type="VB">break</w> <w type="RP">down</w> <w type="NNS">barriers</w> <w type="IN">of</w> <w type="NN">inequality</w> <w type="IN">in</w> <w type="AT">the</w> <w type="NR" subtype="TL">South</w> <c type="pct">.</c> </s>
</p>
<p><s n="36"><w type="JJ" subtype="HL">Vocational</w> <w type="NN" subtype="HL">education</w> </s>
<s n="37"><w type="PPSS">I</w> <w type="MD">should</w> <w type="VB">like</w> <w type="TO">to</w> <w type="VB">underline</w> <w type="CD">four</w> <w type="NNS">points</w> <w type="PPSS">I</w> <w type="VBD">made</w> <w type="IN">in</w> <w type="PPg">my</w> <w type="OD">first</w> <w type="NN">report</w> <w type="IN">with</w> <w type="NN">respect</w> <w type="IN">to</w> <w type="JJ">vocational</w> <w type="NN">education</w> <c type="pct">.</c> </s>
<s n="38"><w type="OD">First</w> <w type="CC">and</w> <w type="RB">foremost</w> <c type="pct">,</c> <w type="JJ">vocational</w> <w type="NNS">courses</w> <w type="MD">should</w> <w type="NEG">not</w> <w type="VB">replace</w> <w type="NNS">courses</w> <w type="WDT">which</w> <w type="BER">are</w> <w type="JJ">essential</w> <w type="NNS">parts</w> <w type="IN">of</w> <w type="AT">the</w> <w type="VBN">required</w> <w type="JJ">academic</w> <w type="NN">program</w> <w type="IN">for</w> <w type="NN">graduation</w> <c type="pct">.</c> </s>
<s n="39"><w type="OD">Second</w> <c type="pct">,</c> <w type="JJ">vocational</w> <w type="NNS">courses</w> <w type="MD">should</w> <w type="BE">be</w> <w type="VBN">provided</w> <w type="IN">in</w> <w type="NNS">grades</w> <w type="CD">11</w> <w type="CC">and</w> <w type="CD">12</w> <w type="CC">and</w> <w type="NEG">not</w> <w type="VB">require</w> <w type="AP">more</w> <w type="IN">than</w> <w type="ABN">half</w> <w type="AT">the</w> <w type="NNg">student's</w> <w type="NN">time</w> <w type="IN">in</w> <w type="DTS">those</w> <w type="NNS">years</w> <c type="pct">;</c> <c type="pct">;</c> </s>
<s n="40"><w type="RB">however</w> <c type="pct">,</c> <w type="IN">for</w> <w type="JJ">slow</w> <w type="NNS">learners</w> <w type="CC">and</w> <w type="JJ">prospective</w> <w type="NNS">dropouts</w> <w type="DTS">these</w> <w type="NNS">courses</w> <w type="MD">ought</w> <w type="TO">to</w> <w type="VB">begin</w> <w type="RBR">earlier</w> <c type="pct">.</c> </s>
<s n="41"><w type="OD">Third</w> <c type="pct">,</c> <w type="AT">the</w> <w type="NN">significance</w> <w type="IN">of</w> <w type="AT">the</w> <w type="JJ">vocational</w> <w type="NNS">courses</w> <w type="BEZ">is</w> <w type="CS">that</w> <w type="DTS">those</w> <w type="VBN">enrolled</w> <w type="BER">are</w> <w type="RB">keenly</w> <w type="VBN">interested</w> <w type="IN">in</w> <w type="AT">the</w> <w type="NN">work</w> <c type="pct">;</c> <c type="pct">;</c> </s>
<s n="42"><w type="PPSS">they</w> <w type="VB">realize</w> <w type="AT">the</w> <w type="NN">relevance</w> <w type="IN">of</w> <w type="WDT">what</w> <w type="PPSS">they</w> <w type="BER">are</w> <w type="VBG">learning</w> <w type="IN">to</w> <w type="PPg">their</w> <w type="JJ">future</w> <w type="NNS">careers</w> <c type="pct">,</c> <w type="CC">and</w> <w type="DT">this</w> <w type="NN">sense</w> <w type="IN">of</w> <w type="NN">purpose</w> <w type="BEZ">is</w> <w type="VBN">carried</w> <w type="RP">over</w> <w type="IN">to</w> <w type="AT">the</w> <w type="JJ">academic</w> <w type="NNS">courses</w> <w type="WDT">which</w> <w type="PPSS">they</w> <w type="BER">are</w> <w type="VBG">studying</w> <w type="IN">at</w> <w type="AT">the</w> <w type="AP">same</w> <w type="NN">time</w> <c type="pct">.</c> </s>
<s n="43"><w type="OD">Fourth</w> <c type="pct">,</c> <w type="AT">the</w> <w type="NN">type</w> <w type="IN">of</w> <w type="JJ">vocational</w> <w type="VBG">training</w> <w type="NNS">programs</w> <w type="MD">should</w> <w type="BE">be</w> <w type="VBN">related</w> <w type="IN">to</w> <w type="AT">the</w> <w type="NN">employment</w> <w type="NNS">opportunities</w> <w type="IN">in</w> <w type="AT">the</w> <w type="JJ">general</w> <w type="NN">locality</w> <c type="pct">.</c> </s>
<s n="44"><w type="DT">This</w> <w type="AP">last</w> <w type="NN">point</w> <w type="BEZ">is</w> <w type="JJ">important</w> <w type="CS">because</w> <w type="CS">if</w> <w type="JJ">high</w> <w type="NN">school</w> <w type="NNS">pupils</w> <w type="BER">are</w> <w type="JJ">aware</w> <w type="CS">that</w> <w type="AP">few</w> <c type="pct">,</c> <w type="CS">if</w> <w type="DTI">any</w> <c type="pct">,</c> <w type="NNS">graduates</w> <w type="WPS">who</w> <w type="HV">have</w> <w type="VBN">chosen</w> <w type="AT">a</w> <w type="JJ">certain</w> <w type="JJ">vocational</w> <w type="NN">program</w> <w type="HV">have</w> <w type="VBN">obtained</w> <w type="AT">a</w> <w type="NN">job</w> <w type="CS">as</w> <w type="AT">a</w> <w type="NN">consequence</w> <w type="IN">of</w> <w type="AT">the</w> <w type="NN">training</w> <c type="pct">,</c> <w type="AT">the</w> <w type="JJ">whole</w> <w type="NN">idea</w> <w type="IN">of</w> <w type="NN">relevance</w> <w type="VBZ">disappears</w> <c type="pct">.</c> </s>
<s n="45"><w type="JJ">Vocational</w> <w type="NN">training</w> <w type="WDT">which</w> <w type="VBZ">holds</w> <w type="AT">no</w> <w type="NN">hope</w> <w type="CS">that</w> <w type="AT">the</w> <w type="NN">skill</w> <w type="VBN">developed</w> <w type="MD">will</w> <w type="BE">be</w> <w type="IN">in</w> <w type="NN">fact</w> <w type="AT">a</w> <w type="JJ">marketable</w> <w type="NN">skill</w> <w type="VBZ">becomes</w> <w type="RB">just</w> <w type="DT">another</w> <w type="NN">school</w> <c type="pct">``</c> <w type="NN">chore</w> <c type="pct">''</c> <w type="IN">for</w> <w type="DTS">those</w> <w type="WPg">whose</w> <w type="NN">interest</w> <w type="IN">in</w> <w type="PPg">their</w> <w type="NNS">studies</w> <w type="HVZ">has</w> <w type="VBN">begun</w> <w type="TO">to</w> <w type="VB">falter</w> <c type="pct">.</c> </s>
<s n="46"><w type="DTS">Those</w> <w type="WPS">who</w> <c type="pct">,</c> <w type="RB">because</w> <w type="IN">of</w> <w type="NN">population</w> <w type="NN">mobility</w> <w type="CC">and</w> <w type="AT">the</w> <w type="VBN">reputed</w> <w type="NN">desire</w> <w type="IN">of</w> <w type="NNS">employers</w> <w type="TO">to</w> <w type="VB">train</w> <w type="PPg">their</w> <w type="JJ">own</w> <w type="NNS">employees</w> <c type="pct">,</c> <w type="MD">would</w> <w type="VB">limit</w> <w type="JJ">vocational</w> <w type="NN">education</w> <w type="IN">to</w> <w type="JJ">general</w> <w type="IN">rather</w> <w type="IN">than</w> <w type="JJ">specific</w> <w type="NNS">skills</w> <w type="MD">ought</w> <w type="TO">to</w> <w type="VB">bear</w> <w type="IN">in</w> <w type="NN">mind</w> <w type="AT">the</w> <w type="NN">importance</w> <w type="IN">of</w> <w type="NN">motivation</w> <w type="IN">in</w> <w type="DTI">any</w> <w type="NN">kind</w> <w type="IN">of</w> <w type="NN">school</w> <w type="NN">experience</w> <c type="pct">.</c> </s>
</p>
<p><s n="47"><w type="PPSS">I</w> <w type="HV">have</w> <w type="BEN">been</w> <w type="JJ" subtype="NC">using</w> <w type="AT">the</w> <w type="NN">word</w> <c type="pct">``</c> <w type="NN">vocational</w> <c type="pct">''</c> <w type="CS">as</w> <w type="AT">a</w> <w type="NN">layman</w> <w type="MD">would</w> <w type="IN">at</w> <w type="OD">first</w> <w type="NN">sight</w> <w type="VB">think</w> <w type="PPS">it</w> <w type="MD">should</w> <w type="BE">be</w> <w type="VBN">used</w> <c type="pct">.</c> </s>
<s n="48"><w type="PPSS">I</w> <w type="VB">intend</w> <w type="TO">to</w> <w type="VB">include</w> <w type="IN">under</w> <w type="AT">the</w> <w type="NN">term</w> <w type="ABN">all</w> <w type="AT">the</w> <w type="JJ">practical</w> <w type="NNS">courses</w> <w type="JJ">open</w> <w type="IN">to</w> <w type="NNS">boys</w> <w type="CC">and</w> <w type="NNS">girls</w> <c type="pct">.</c> </s>
<s n="49"><w type="DTS">These</w> <w type="NNS">courses</w> <w type="VB">develop</w> <w type="NNS">skills</w> <w type="AP">other</w> <w type="IN">than</w> <w type="DTS">those</w> <w type="PPSS">we</w> <w type="VB">think</w> <w type="IN">of</w> <w type="WRB">when</w> <w type="PPSS">we</w> <w type="VB">use</w> <w type="AT">the</w> <w type="NN">adjective</w> <c type="pct">``</c> <w type="NN">academic</w> <c type="pct">''</c> <c type="pct">.</c> </s>
<s n="50"><w type="RB">Practically</w> <w type="ABN">all</w> <w type="IN">of</w> <w type="DTS">these</w> <w type="JJ">practical</w> <w type="NNS">skills</w> <w type="BER">are</w> <w type="IN">of</w> <w type="ABL">such</w> <w type="AT">a</w> <w type="NN">nature</w> <w type="CS">that</w> <w type="AT">a</w> <w type="NN">degree</w> <w type="IN">of</w> <w type="NN">mastery</w> <w type="MD">can</w> <w type="BE">be</w> <w type="VBN">obtained</w> <w type="IN">in</w> <w type="JJ">high</w> <w type="NN">school</w> <w type="JJ">sufficient</w> <w type="TO">to</w> <w type="VB">enable</w> <w type="AT">the</w> <w type="NN">youth</w> <w type="TO">to</w> <w type="VB">get</w> <w type="AT">a</w> <w type="NN">job</w> <w type="IN">at</w> <w type="RB">once</w> <w type="IN">on</w> <w type="AT">the</w> <w type="NN">basis</w> <w type="IN">of</w> <w type="AT">the</w> <w type="NN">skill</w> <c type="pct">.</c> </s>
<s n="51"><w type="PPSS">They</w> <w type="BER">are</w> <w type="IN">in</w> <w type="DT">this</w> <w type="NN">sense</w> <w type="NNS">skills</w> <w type="JJ">marketable</w> <w type="RB">immediately</w> <w type="IN">on</w> <w type="NN">graduation</w> <w type="IN">from</w> <w type="JJ">high</w> <w type="NN">school</w> <c type="pct">.</c> </s>
<s n="52"><w type="TO">To</w> <w type="BE">be</w> <w type="JJ">sure</w> <c type="pct">,</c> <w type="IN">in</w> <w type="NN">tool-and-die</w> <w type="NN">work</w> <w type="CC">and</w> <w type="IN">in</w> <w type="AT">the</w> <w type="VBG">building</w> <w type="NNS">trades</w> <c type="pct">,</c> <w type="AT">the</w> <w type="OD">first</w> <w type="NN">job</w> <w type="MD">must</w> <w type="BE">be</w> <w type="RB">often</w> <w type="IN">on</w> <w type="AT">an</w> <w type="NN">apprentice</w> <w type="NN">basis</w> <c type="pct">,</c> <w type="CC">but</w> <w type="CD">two</w> <w type="NNS">years</w> <w type="IN">of</w> <w type="NN">half-time</w> <w type="JJ">vocational</w> <w type="NN">training</w> <w type="VBZ">enables</w> <w type="AT">the</w> <w type="JJ">young</w> <w type="NN">man</w> <w type="RB">thus</w> <w type="TO">to</w> <w type="VB">anticipate</w> <w type="CD">one</w> <w type="NN">year</w> <w type="IN">of</w> <w type="NN">apprentice</w> <w type="NN">status</w> <c type="pct">.</c> </s>
<s n="53"><w type="RB">Similarly</w> <c type="pct">,</c> <w type="AT">a</w> <w type="NN">girl</w> <w type="WPS">who</w> <w type="VBZ">graduates</w> <w type="IN">with</w> <w type="AT">a</w> <w type="JJ">good</w> <w type="VBG">working</w> <w type="NN">knowledge</w> <w type="IN">of</w> <w type="NN">stenography</w> <w type="CC">and</w> <w type="AT">the</w> <w type="NN">use</w> <w type="IN">of</w> <w type="JJ">clerical</w> <w type="NNS">machines</w> <w type="CC">and</w> <w type="WPS">who</w> <w type="BEZ">is</w> <w type="JJ">able</w> <w type="TO">to</w> <w type="VB">get</w> <w type="AT">a</w> <w type="NN">job</w> <w type="IN">at</w> <w type="RB">once</w> <w type="MD">may</w> <w type="VB">wish</w> <w type="TO">to</w> <w type="VB">improve</w> <w type="PPg">her</w> <w type="NN">skill</w> <w type="CC">and</w> <w type="NN">knowledge</w> <w type="IN">by</w> <w type="AT">a</w> <w type="NN">year</w> <w type="CC">or</w> <w type="CD">two</w> <w type="IN">of</w> <w type="JJR">further</w> <w type="NN">study</w> <w type="IN">in</w> <w type="AT">a</w> <w type="NN">community</w> <w type="NN">college</w> <w type="CC">or</w> <w type="JJ">secretarial</w> <w type="NN">school</w> <c type="pct">.</c> </s>
<s n="54"><w type="IN">Of</w> <w type="NN">course</w> <c type="pct">,</c> <w type="PPS">it</w> <w type="MD">can</w> <w type="BE">be</w> <w type="VBN">argued</w> <w type="CS">that</w> <w type="AT">an</w> <w type="NN">ability</w> <w type="TO">to</w> <w type="VB">write</w> <w type="NP">English</w> <w type="RB">correctly</w> <w type="CC">and</w> <w type="IN">with</w> <w type="DTI">some</w> <w type="NN">degree</w> <w type="IN">of</w> <w type="NN">elegance</w> <w type="BEZ">is</w> <w type="AT">a</w> <w type="JJ">marketable</w> <w type="NN">skill</w> <c type="pct">.</c> </s>
<s n="55"><w type="RB">So</w> <c type="pct">,</c> <w type="RB">too</w> <c type="pct">,</c> <w type="BEZ">is</w> <w type="AT">the</w> <w type="JJ">mathematical</w> <w type="NN">competence</w> <w type="IN">of</w> <w type="AT">a</w> <w type="NN">college</w> <w type="NN">graduate</w> <w type="WPS">who</w> <w type="HVZ">has</w> <w type="VBN">majored</w> <w type="IN">in</w> <w type="NN">mathematics</w> <c type="pct">.</c> </s>
<s n="56"><w type="IN">In</w> <w type="AT">a</w> <w type="NN">sense</w> <w type="RB">almost</w> <w type="ABN">all</w> <w type="JJ">high</w> <w type="NN">school</w> <w type="CC">and</w> <w type="NN">college</w> <w type="NNS">courses</w> <w type="MD">could</w> <w type="BE">be</w> <w type="VBN">considered</w> <w type="CS">as</w> <w type="JJ">vocational</w> <w type="IN">to</w> <w type="AT">the</w> <w type="NN">extent</w> <w type="CS">that</w> <w type="RBR">later</w> <w type="IN">in</w> <w type="NN">life</w> <w type="AT">the</w> <w type="NN">student</w> <w type="IN">in</w> <w type="PPg">his</w> <w type="NN">vocation</w> <c type="pct">(</c> <w type="WDT">which</w> <w type="MD">may</w> <w type="BE">be</w> <w type="AT">a</w> <w type="NN">profession</w> <c type="pct">)</c> <w type="MD">will</w> <w type="BE">be</w> <w type="VBN">called</w> <w type="RB">upon</w> <w type="TO">to</w> <w type="VB">use</w> <w type="DTI">some</w> <w type="IN">of</w> <w type="AT">the</w> <w type="NNS">skills</w> <w type="VBN">developed</w> <w type="CC">and</w> <w type="AT">the</w> <w type="NN">competence</w> <w type="VBN">obtained</w> <c type="pct">.</c> </s>
<s n="57"><w type="IN">In</w> <w type="NN">spite</w> <w type="IN">of</w> <w type="AT">the</w> <w type="NN">shading</w> <w type="IN">of</w> <w type="CD">one</w> <w type="NN">type</w> <w type="IN">of</w> <w type="NN">course</w> <w type="IN">into</w> <w type="DT">another</w> <c type="pct">,</c> <w type="PPSS">I</w> <w type="VB">believe</w> <w type="PPS">it</w> <w type="BEZ">is</w> <w type="JJ">useful</w> <w type="TO">to</w> <w type="VB">talk</w> <w type="IN">about</w> <w type="JJ">vocational</w> <w type="NNS">courses</w> <w type="CS">as</w> <w type="RB">apart</w> <w type="IN">from</w> <w type="JJ">academic</w> <w type="NNS">courses</w> <c type="pct">.</c> </s>
<s n="58"><w type="RB">Perhaps</w> <w type="AT">a</w> <w type="NN">course</w> <w type="IN">in</w> <w type="NN">typewriting</w> <w type="MD">might</w> <w type="BE">be</w> <w type="VBN">regarded</w> <w type="CS">as</w> <w type="AT">the</w> <w type="NN">exception</w> <w type="WDT">which</w> <w type="VBZ">proves</w> <w type="AT">the</w> <w type="NN">rule</w> <c type="pct">.</c> </s>
<s n="59"><w type="NR">Today</w> <w type="AP">many</w> <w type="NN">college</w> <w type="VBN">bound</w> <w type="NNS">students</w> <w type="VB">try</w> <w type="TO">to</w> <w type="VB">take</w> <w type="AT">a</w> <w type="NN">course</w> <w type="IN">in</w> <w type="JJ">personal</w> <w type="VBG">typing</w> <c type="pct">,</c> <w type="CS">as</w> <w type="PPSS">they</w> <w type="VB">feel</w> <w type="AT">a</w> <w type="JJ">certain</w> <w type="NN">degree</w> <w type="IN">of</w> <w type="NN">mastery</w> <w type="IN">of</w> <w type="DT">this</w> <w type="NN">skill</w> <w type="BEZ">is</w> <w type="QL">almost</w> <w type="JJ">essential</w> <w type="IN">for</w> <w type="PN">one</w> <w type="WPS">who</w> <w type="VBZ">proposes</w> <w type="TO">to</w> <w type="DO">do</w> <w type="JJ">academic</w> <w type="NN">work</w> <w type="IN">in</w> <w type="NN">college</w> <w type="CC">and</w> <w type="AT">a</w> <w type="JJ">professional</w> <w type="NN">school</w> <c type="pct">.</c> </s>
</p>
<p><s n="60"><w type="AP">Most</w> <w type="IN">of</w> <w type="PPg">our</w> <w type="JJT">largest</w> <w type="NNS">cities</w> <w type="HV">have</w> <w type="CD">one</w> <w type="CC">or</w> <w type="AP">more</w> <w type="JJ">separate</w> <w type="JJ">vocational</w> <w type="CC">or</w> <w type="JJ">technical</w> <w type="JJ">high</w> <w type="NNS">schools</w> <c type="pct">.</c> </s>
<s n="61"><w type="IN">In</w> <w type="DT">this</w> <w type="NN">respect</w> <c type="pct">,</c> <w type="JJ">public</w> <w type="NN">education</w> <w type="IN">in</w> <w type="AT">the</w> <w type="JJ">large</w> <w type="NNS">cities</w> <w type="VBZ">differs</w> <w type="IN">from</w> <w type="NN">education</w> <w type="IN">in</w> <w type="AT">the</w> <w type="JJR">smaller</w> <w type="NNS">cities</w> <w type="CC">and</w> <w type="VBN">consolidated</w> <w type="NN">school</w> <w type="NNS">districts</w> <c type="pct">.</c> </s>
<s n="62"><w type="AT">The</w> <w type="NN">neighborhood</w> <w type="JJ">high</w> <w type="NNS">schools</w> <w type="BER">are</w> <w type="NEG">not</w> <c type="pct">,</c> <w type="RB">strictly</w> <w type="VBG">speaking</w> <c type="pct">,</c> <w type="JJ">comprehensive</w> <w type="NNS">schools</w> <c type="pct">,</c> <w type="CS">because</w> <w type="DTI">some</w> <w type="IN">of</w> <w type="AT">the</w> <w type="NNS">boys</w> <w type="CC">and</w> <w type="NNS">girls</w> <w type="MD">may</w> <w type="BE">be</w> <w type="VBG">attending</w> <w type="AT">a</w> <w type="JJ">vocational</w> <w type="CC">or</w> <w type="JJ">technical</w> <w type="JJ">high</w> <w type="NN">school</w> <w type="RB">instead</w> <w type="IN">of</w> <w type="AT">the</w> <w type="JJ">local</w> <w type="NN">school</w> <c type="pct">.</c> </s>
<s n="63"><w type="UH">Indeed</w> <c type="pct">,</c> <w type="CD">one</w> <w type="NN">school</w> <w type="NN">superintendent</w> <w type="IN">in</w> <w type="AT">a</w> <w type="JJ">large</w> <w type="NN">city</w> <w type="VBZ">objects</w> <w type="IN">to</w> <w type="AT">the</w> <w type="NN">use</w> <w type="IN">of</w> <w type="AT">the</w> <w type="NN">term</w> <w type="JJ">comprehensive</w> <w type="JJ">high</w> <w type="NN">school</w> <w type="IN">for</w> <w type="AT">the</w> <w type="JJ">senior</w> <w type="JJ">high</w> <w type="NNS">schools</w> <w type="IN">in</w> <w type="PPg">his</w> <w type="NN">city</w> <c type="pct">,</c> <w type="CS">because</w> <w type="DTS">these</w> <w type="NNS">schools</w> <w type="DO">do</w> <w type="NEG">not</w> <w type="VB">offer</w> <w type="RB">strictly</w> <w type="JJ">vocational</w> <w type="NNS">programs</w> <c type="pct">.</c> </s>
<s n="64"><w type="PPS">He</w> <w type="VBZ">prefers</w> <w type="TO">to</w> <w type="VB">designate</w> <w type="JJ">such</w> <w type="NNS">schools</w> <w type="CS">as</w> <c type="pct">``</c> <w type="JJ">general</w> <c type="pct">''</c> <w type="JJ">high</w> <w type="NNS">schools</w> <c type="pct">.</c> </s>
<s n="65"><w type="AT">The</w> <w type="JJ">suburban</w> <w type="JJ">high</w> <w type="NN">school</w> <c type="pct">,</c> <w type="PPS">it</w> <w type="BEZ">is</w> <w type="JJ">worth</w> <w type="VBG">noting</w> <c type="pct">,</c> <w type="RB">also</w> <w type="BEZ">is</w> <w type="NEG">not</w> <w type="AT">a</w> <w type="RB">widely</w> <w type="JJ">comprehensive</w> <w type="JJ">high</w> <w type="NN">school</w> <w type="CS">because</w> <w type="IN">of</w> <w type="AT">the</w> <w type="NN">absence</w> <w type="IN">of</w> <w type="JJ">vocational</w> <w type="NNS">programs</w> <c type="pct">.</c> </s>
<s n="66"><w type="AT">The</w> <w type="NN">reason</w> <w type="BEZ">is</w> <w type="CS">that</w> <w type="EX">there</w> <w type="BEZ">is</w> <w type="AT">a</w> <w type="NN">lack</w> <w type="IN">of</w> <w type="NN">interest</w> <w type="IN">on</w> <w type="AT">the</w> <w type="NN">part</w> <w type="IN">of</w> <w type="AT">the</w> <w type="NN">community</w> <c type="pct">.</c> </s>
<s n="67"><w type="RB">Therefore</w> <w type="NN">employment</w> <w type="CC">and</w> <w type="NN">education</w> <w type="IN">in</w> <w type="ABN">all</w> <w type="AT">the</w> <w type="NNS">schools</w> <w type="IN">in</w> <w type="AT">a</w> <w type="JJ">metropolitan</w> <w type="NN">area</w> <w type="BER">are</w> <w type="VBN">related</w> <w type="IN">in</w> <w type="JJ">different</w> <w type="NNS">ways</w> <w type="IN">from</w> <w type="DTS">those</w> <w type="WDT">which</w> <w type="BER">are</w> <w type="JJ">characteristic</w> <w type="IN">of</w> <w type="AT">the</w> <w type="JJ">comprehensive</w> <w type="JJ">high</w> <w type="NN">school</w> <w type="VBN">described</w> <w type="IN">in</w> <w type="PPg">my</w> <w type="OD">first</w> <w type="NN">report</w> <c type="pct">.</c> </s>
</p>
<p><s n="68"><w type="AT">The</w> <w type="JJ">separate</w> <w type="JJ">vocational</w> <w type="CC">or</w> <w type="JJ">technical</w> <w type="JJ">high</w> <w type="NNS">schools</w> <w type="IN">in</w> <w type="AT">the</w> <w type="JJ">large</w> <w type="NNS">cities</w> <w type="MD">must</w> <w type="BE">be</w> <w type="VBN">reckoned</w> <w type="CS">as</w> <w type="JJ">permanent</w> <w type="NNS">institutions</w> <c type="pct">.</c> </s>
<s n="69"><w type="RB">By</w> <w type="CC">and</w> <w type="RB">large</w> <w type="PPg">their</w> <w type="NNS">programs</w> <w type="BER">are</w> <w type="RB">satisfactorily</w> <w type="VBN">connected</w> <w type="ABX">both</w> <w type="IN">to</w> <w type="AT">the</w> <w type="NN">employment</w> <w type="NN">situation</w> <w type="CC">and</w> <w type="IN">to</w> <w type="AT">the</w> <w type="NNS">realities</w> <w type="IN">of</w> <w type="AT">the</w> <w type="NN">apprentice</w> <w type="NN">system</w> <c type="pct">.</c> </s>
<s n="70"><w type="PPS">It</w> <w type="BEZ">is</w> <w type="NEG">not</w> <w type="RB">often</w> <w type="VBN">realized</w> <w type="IN">to</w> <w type="WDT">what</w> <w type="NN">degree</w> <w type="JJ">certain</w> <w type="NNS">trades</w> <w type="BER">are</w> <w type="IN">in</w> <w type="AP">many</w> <w type="NNS">communities</w> <w type="VBN">closed</w> <w type="NNS">areas</w> <w type="IN">of</w> <w type="NN">employment</w> <c type="pct">,</c> <w type="IN">except</w> <w type="IN">for</w> <w type="AT">a</w> <w type="JJ">lucky</w> <w type="AP">few</w> <c type="pct">.</c> </s>
<s n="71"><w type="PN">One</w> <w type="HVZ">has</w> <w type="TO">to</w> <w type="VB">talk</w> <w type="RB">confidentially</w> <w type="IN">with</w> <w type="DTI">some</w> <w type="IN">of</w> <w type="AT">the</w> <w type="NNS">directors</w> <w type="IN">of</w> <w type="JJ">vocational</w> <w type="JJ">high</w> <w type="NNS">schools</w> <w type="TO">to</w> <w type="VB">realize</w> <w type="CS">that</w> <w type="AT">a</w> <w type="NN">boy</w> <mw pos="MD *">cannot </mw><w type="RB">just</w> <w type="VB">say</w> <c type="pct">,</c> <c type="pct">``</c> <w type="PPSS">I</w> <w type="VB">want</w> <w type="TO">to</w> <w type="BE">be</w> <w type="AT">a</w> <w type="NN">plumber</w> <c type="pct">''</c> <c type="pct">,</c> <w type="CC">and</w> <w type="RB">then</w> <c type="pct">,</c> <w type="IN">by</w> <w type="VBG">doing</w> <w type="JJ">good</w> <w type="NN">work</w> <c type="pct">,</c> <w type="VB">find</w> <w type="AT">a</w> <w type="NN">job</w> <c type="pct">.</c> </s>
<s n="72"><w type="PPS">It</w> <w type="BEZ">is</w> <w type="QL">far</w> <w type="QL">more</w> <w type="JJ">difficult</w> <w type="IN">in</w> <w type="AP">many</w> <w type="NNS">communities</w> <w type="TO">to</w> <w type="VB">obtain</w> <w type="NN">admission</w> <w type="IN">to</w> <w type="AT">an</w> <w type="NN">apprentice</w> <w type="NN">program</w> <w type="WDT">which</w> <w type="VBZ">involves</w> <w type="NN">union</w> <w type="NN">approval</w> <w type="CS">than</w> <w type="TO">to</w> <w type="VB">get</w> <w type="IN">into</w> <w type="AT">the</w> <w type="QL">most</w> <w type="JJ">selective</w> <w type="JJ">medical</w> <w type="NN">school</w> <w type="IN">in</w> <w type="AT">the</w> <w type="NN">nation</w> <c type="pct">.</c> </s>
<s n="73"><w type="CD">Two</w> <w type="NNS">stories</w> <w type="MD">will</w> <w type="VB">illustrate</w> <w type="WDT">what</w> <w type="PPSS">I</w> <w type="HV">have</w> <w type="IN">in</w> <w type="NN">mind</w> <c type="pct">.</c> </s>
<s n="74"><w type="CD">One</w> <w type="JJ">vocational</w> <w type="NN">instructor</w> <w type="IN">in</w> <w type="AT">a</w> <w type="NN">city</w> <w type="JJ">vocational</w> <w type="NN">school</w> <c type="pct">,</c> <w type="VBG">speaking</w> <w type="IN">of</w> <w type="PPg">his</w> <w type="NN">course</w> <w type="IN">in</w> <w type="AT">a</w> <w type="JJ">certain</w> <w type="NN">field</w> <c type="pct">,</c> <w type="VBD">said</w> <w type="PPS">he</w> <w type="HVD">had</w> <w type="AT">no</w> <w type="NN">difficulty</w> <w type="VBG">placing</w> <w type="ABN">all</w> <w type="NNS">students</w> <w type="IN">in</w> <w type="NNS">jobs</w> <w type="RB">outside</w> <w type="IN">of</w> <w type="AT">the</w> <w type="NN">city</w> <c type="pct">.</c> </s>
<s n="75"><w type="IN">In</w> <w type="AT">the</w> <w type="NN">city</w> <c type="pct">,</c> <w type="PPS">he</w> <w type="VBD">said</w> <c type="pct">,</c> <w type="AT">the</w> <w type="VBG">waiting</w> <w type="NN">list</w> <w type="IN">for</w> <w type="DTS">those</w> <w type="WPS">who</w> <w type="VB">want</w> <w type="TO">to</w> <w type="VB">join</w> <w type="AT">the</w> <w type="NN">union</w> <w type="BEZ">is</w> <w type="QL">so</w> <w type="JJ">long</w> <w type="CS">that</w> <w type="CS">unless</w> <w type="AT">a</w> <w type="NN">boy</w> <w type="HVZ">has</w> <w type="AT">an</w> <w type="JJ">inside</w> <w type="NN">track</w> <w type="PPS">he</w> <mw pos="MD *">can't </mw><w type="VB">get</w> <w type="RP">in</w> <c type="pct">.</c> </s>
<s n="76"><w type="IN">In</w> <w type="AT">a</w> <w type="QL">far</w> <w type="JJ">distant</w> <w type="NN">part</w> <w type="IN">of</w> <w type="AT">the</w> <w type="VBN" subtype="TL">United</w> <w type="NNS" subtype="TL">States</w> <c type="pct">,</c> <w type="PPSS">I</w> <w type="BEDZ">was</w> <w type="VBG">talking</w> <w type="IN">to</w> <w type="AT">an</w> <w type="NN">instructor</w> <w type="IN">about</w> <w type="AT">a</w> <w type="NN">boy</w> <w type="WPS">who</w> <w type="IN">in</w> <w type="AT">the</w> <w type="OD">twelfth</w> <w type="NN">grade</w> <w type="BEDZ">was</w> <w type="VBG">doing</w> <w type="JJ">special</w> <w type="NN">work</w> <c type="pct">.</c> </s>
<s n="77"><c type="pct">``</c> <w type="WDT">What</w> <w type="DOZ">does</w> <w type="PPS">he</w> <w type="HV">have</w> <w type="IN">in</w> <w type="NN">mind</w> <w type="TO">to</w> <w type="DO">do</w> <w type="WRB">when</w> <w type="PPS">he</w> <w type="VBZ">graduates</w> <c type="pct">''</c> <c type="pct">?</c> <c type="pct">?</c> </s>
<s n="78"><c type="pct">``</c> <w type="UH">Oh</w> <c type="pct">,</c> <mw pos="PPS MD">he'll </mw><w type="BE">be</w> <w type="AT">a</w> <w type="NN">plumber</w> <c type="pct">''</c> <c type="pct">,</c> <w type="VBD">came</w> <w type="AT">the</w> <w type="NN">answer</w> <c type="pct">.</c> </s>
<s n="79"><c type="pct">``</c> <w type="CC">But</w> <mw pos="BEZ *">isn't </mw><w type="PPS">it</w> <w type="RB">almost</w> <w type="JJ">impossible</w> <w type="TO">to</w> <w type="VB">get</w> <w type="IN">into</w> <w type="AT">the</w> <w type="NN">union</w> <c type="pct">''</c> <c type="pct">?</c> <c type="pct">?</c> </s>
<s n="80"><w type="PPSS">I</w> <w type="VBD">asked</w> <c type="pct">.</c> </s>
<s n="81"><c type="pct">``</c> <mw pos="PPS MD">He'll </mw><w type="HV">have</w> <w type="AT">no</w> <w type="NN">difficulty</w> <c type="pct">''</c> <c type="pct">,</c> <w type="PPSS">I</w> <w type="BEDZ">was</w> <w type="VBN">told</w> <c type="pct">.</c> </s>
<s n="82"><c type="pct">``</c> <w type="PPS">He</w> <w type="HVZ">has</w> <w type="QL">very</w> <w type="JJ">good</w> <w type="NNS">connections</w> <c type="pct">''</c> <c type="pct">.</c> </s>
</p>
<p><s n="83"><w type="IN">In</w> <w type="PPg">my</w> <w type="NN">view</w> <c type="pct">,</c> <w type="EX">there</w> <w type="MD">should</w> <w type="BE">be</w> <w type="AT">a</w> <w type="NN">school</w> <w type="WDT">which</w> <w type="VBZ">offers</w> <w type="JJ">significant</w> <w type="JJ">vocational</w> <w type="NNS">programs</w> <w type="IN">for</w> <w type="NNS">boys</w> <w type="IN">within</w> <w type="JJ">easy</w> <w type="NN">reach</w> <w type="IN">of</w> <w type="AT">every</w> <w type="NN">family</w> <w type="IN">in</w> <w type="AT">a</w> <w type="NN">city</w> <c type="pct">.</c> </s>
<s n="84"><w type="RB">Ideally</w> <w type="DTS">these</w> <w type="NNS">schools</w> <w type="MD">should</w> <w type="BE">be</w> <w type="RB">so</w> <w type="VBN">located</w> <w type="CS">that</w> <w type="CD">one</w> <w type="CC">or</w> <w type="AP">more</w> <w type="MD">should</w> <w type="BE">be</w> <w type="IN">in</w> <w type="AT">the</w> <w type="NN">area</w> <w type="WRB">where</w> <w type="NN">demand</w> <w type="IN">for</w> <w type="JJ">practical</w> <w type="NNS">courses</w> <w type="BEZ">is</w> <w type="IN">at</w> <w type="AT">the</w> <w type="JJT">highest</w> <c type="pct">.</c> </s>
</p>
<p><s n="85"><w type="AT">An</w> <w type="JJ">excellent</w> <w type="NN">example</w> <w type="IN">of</w> <w type="AT">a</w> <w type="JJ">successful</w> <w type="NN">location</w> <w type="IN">of</w> <w type="AT">a</w> <w type="JJ">new</w> <w type="JJ">vocational</w> <w type="JJ">high</w> <w type="NN">school</w> <w type="BEZ">is</w> <w type="AT">the</w> <w type="NP" subtype="TL">Dunbar</w> <w type="JJ" subtype="TL">Vocational</w> <w type="JJ" subtype="TL">High</w> <w type="NN" subtype="TL">School</w> <w type="IN">in</w> <w type="NP">Chicago</w> <c type="pct">.</c> </s>
<s n="86"><w type="VBN">Located</w> <w type="IN">in</w> <w type="AT">a</w> <w type="JJ">bad</w> <w type="NN">slum</w> <w type="NN">area</w> <w type="RB">now</w> <w type="VBG">undergoing</w> <w type="NN">redevelopment</w> <c type="pct">,</c> <w type="DT">this</w> <w type="NN">school</w> <w type="CC">and</w> <w type="PPg">its</w> <w type="NN">program</w> <w type="BER">are</w> <w type="RB">especially</w> <w type="VBN">tailored</w> <w type="IN">to</w> <w type="AT">the</w> <w type="JJ">vocational</w> <w type="NNS">aims</w> <w type="IN">of</w> <w type="PPg">its</w> <w type="NNS">students</w> <c type="pct">.</c> </s>
<s n="87"><w type="RB">Hardly</w> <w type="AT">a</w> <w type="NN">window</w> <w type="HVZ">has</w> <w type="BEN">been</w> <w type="VBN">broken</w> <w type="CS">since</w> <w type="NP">Dunbar</w> <w type="RB">first</w> <w type="BEDZ">was</w> <w type="VBN">opened</w> <c type="pct">(</c> <w type="CC">and</w> <w type="NN">vandalism</w> <w type="IN">in</w> <w type="NNS">schools</w> <w type="BEZ">is</w> <w type="AT">a</w> <w type="JJ">major</w> <w type="NN">problem</w> <w type="IN">in</w> <w type="AP">many</w> <w type="NN">slum</w> <w type="NNS">areas</w> <c type="pct">)</c> <c type="pct">.</c> </s>
<s n="88"><w type="PPSS">I</w> <w type="VBD">discovered</w> <w type="IN">in</w> <w type="AT">the</w> <w type="NN">course</w> <w type="IN">of</w> <w type="AT">a</w> <w type="NN">visit</w> <w type="RB">there</w> <w type="CS">that</w> <w type="RB">almost</w> <w type="ABN">all</w> <w type="AT">the</w> <w type="NNS">pupils</w> <w type="BED">were</w> <w type="NPS">Negroes</w> <c type="pct">.</c> </s>
<s n="89"><w type="PPSS">They</w> <w type="BED">were</w> <w type="VBG">learning</w> <w type="NNS">trades</w> <w type="QL">as</w> <w type="JJ">diverse</w> <w type="CS">as</w> <w type="NN">shoe</w> <w type="NN">repairing</w> <c type="pct">,</c> <w type="NN">bricklaying</w> <c type="pct">,</c> <w type="NN">carpentry</w> <c type="pct">,</c> <w type="NN">cabinet</w> <w type="NN">making</w> <c type="pct">,</c> <w type="NN">auto</w> <w type="NNS">mechanics</w> <c type="pct">,</c> <w type="CC">and</w> <w type="NN">airplane</w> <w type="NNS">mechanics</w> <c type="pct">.</c> </s>
<s n="90"><w type="AT">The</w> <w type="JJ">physical</w> <w type="NNS">facilities</w> <w type="IN">at</w> <w type="NP">Dunbar</w> <w type="BER">are</w> <w type="JJ">impressive</w> <c type="pct">,</c> <w type="CC">but</w> <w type="QL">more</w> <w type="JJ">impressive</w> <w type="BEZ">is</w> <w type="AT">the</w> <w type="NN">attitude</w> <w type="IN">of</w> <w type="AT">the</w> <w type="NNS">pupils</w> <c type="pct">.</c> </s>
</p>
<p></p></body></text></TEI>
