<TEI xmlns="http://www.tei-c.org/ns/1.0"><teiHeader><fileDesc><titleStmt><title>Sample F36 from  Robert Easton and Mackenzie Brown, Lord of Beasts
 Tucson: University of Arizona Press, 1961. Pp. 188-194
 </title></titleStmt><editionStmt><edition>A part  of the XML version of the Brown Corpus</edition></editionStmt><extent>2,029 words 166 (8.2%) quotes</extent><publicationStmt><idno>F36</idno><availability><p>Used by permission0010.1700</p></availability></publicationStmt><sourceDesc><bibl> Robert Easton and Mackenzie Brown, Lord of Beasts
 Tucson: University of Arizona Press, 1961. Pp. 188-194
 </bibl></sourceDesc></fileDesc><encodingDesc><p/></encodingDesc><revisionDesc><change when="2008-04-27">Header auto-generated for TEI version</change></revisionDesc></teiHeader>
<text xml:id="F36" decls="F">
<body><p><s n="1"><w type="PPS">It</w> <w type="BEDZ">was</w> <w type="NP">John</w> <w type="WPS">who</w> <w type="VBD">found</w> <w type="AT">the</w> <w type="NN">lion</w> <w type="NNS">tracks</w> <c type="pct">.</c> </s>
<s n="2"><w type="PPS">He</w> <w type="VBD">found</w> <w type="PPO">them</w> <w type="IN">near</w> <w type="AT">the</w> <w type="NN">carcass</w> <w type="IN">of</w> <w type="AT">a</w> <w type="NN">zebra</w> <w type="WPS">that</w> <w type="HVD">had</w> <w type="BEN">been</w> <w type="VBN">killed</w> <w type="AT">the</w> <w type="NN">night</w> <w type="RB">before</w> <c type="pct">,</c> <w type="CC">and</w> <w type="PPS">he</w> <w type="VBD">circled</w> <w type="RB">once</w> <c type="pct">,</c> <w type="NN">nose</w> <w type="IN">to</w> <w type="AT">the</w> <w type="NN">ground</w> <c type="pct">,</c> <w type="NN">hair</w> <w type="VBG">shooting</w> <w type="RP">up</w> <w type="IN">along</w> <w type="PPg">his</w> <w type="NN">back</w> <c type="pct">,</c> <w type="CS">as</w> <w type="PPS">it</w> <w type="DOD">did</w> <w type="WRB">when</w> <w type="PPS">he</w> <w type="BEDZ">was</w> <w type="IN">after</w> <w type="NN">lion</w> <w type="CC">or</w> <w type="NN">bear</w> <c type="pct">,</c> <w type="CC">and</w> <w type="RB">then</w> <w type="PPS">he</w> <w type="VBD">lifted</w> <w type="PPg">his</w> <w type="NN">head</w> <w type="CC">and</w> <w type="VBD">bayed</w> <c type="pct">,</c> <w type="CC">and</w> <w type="AT">the</w> <w type="NN">pack</w> <w type="VBD">joined</w> <w type="RP">in</w> <c type="pct">,</c> <w type="ABN">all</w> <w type="NNS">heads</w> <w type="JJ">high</w> <c type="pct">,</c> <w type="CC">and</w> <w type="NP">Jones</w> <w type="VBD">knew</w> <w type="PPS">it</w> <w type="BEDZ">was</w> <w type="AT">a</w> <w type="JJ">hot</w> <w type="NN">trail</w> <c type="pct">.</c> </s>
</p>
<p><s n="3"><w type="PPS">He</w> <w type="VBD">stifled</w> <w type="AT">the</w> <w type="NP">Comanche</w> <w type="NN">yell</w> <w type="CC">and</w> <w type="VBD">let</w> <w type="NP">John</w> <w type="VB">lead</w> <w type="PPO">him</w> <w type="RB">straight</w> <w type="IN">toward</w> <w type="AT">the</w> <w type="JJ">nearby</w> <w type="JJ">black</w> <w type="JJ">volcanic</w> <w type="NN">mountain</w> <c type="pct">.</c> </s>
<s n="4"><w type="DT">This</w> <w type="NN">mountain</w> <w type="BEDZ">was</w> <w type="VBN">known</w> <w type="CS">as</w> <w type="AT" subtype="TL">The</w> <w type="JJ" subtype="TL">Black</w> <w type="NN" subtype="TL">Reef</w> <w type="CC">and</w> <w type="PPS">it</w> <w type="VBD">rose</w> <w type="RB">almost</w> <w type="RB">perpendicularly</w> <w type="IN">for</w> <w type="RB">about</w> <w type="CD">two</w> <w type="CD">hundred</w> <w type="NNS">feet</w> <c type="pct">,</c> <w type="VBN">honeycombed</w> <w type="IN">with</w> <w type="NNS">caves</w> <c type="pct">,</c> <w type="NN">top</w> <w type="VBN">covered</w> <w type="IN">with</w> <w type="JJ">dense</w> <w type="NN">scrub</w> <w type="CC">and</w> <w type="NNS">creepers</w> <w type="CC">and</w> <w type="JJ">tall</w> <w type="NN">grass</w> <c type="pct">.</c> </s>
<s n="5"><w type="IN">On</w> <w type="AT">the</w> <w type="NR">south</w> <w type="PPS">it</w> <w type="VBD">ended</w> <w type="RB">sharply</w> <w type="CS">as</w> <w type="CS">though</w> <w type="AT">the</w> <w type="NN">lava</w> <w type="HVD">had</w> <w type="BEN">been</w> <w type="VBN">cut</w> <w type="RP">off</w> <w type="RB">there</w> <w type="RB">suddenly</w> <c type="pct">.</c> </s>
</p>
<p><s n="6"><w type="NP">Kearton</w> <w type="CC">and</w> <w type="NP">Ulyate</w> <w type="HVD">had</w> <w type="VBN">started</w> <w type="AT">the</w> <w type="NN">day</w> <w type="RB">together</w> <w type="CS">while</w> <w type="NP">Jones</w> <w type="VBD">followed</w> <w type="AT">the</w> <w type="NNS">dogs</w> <c type="pct">,</c> <w type="CC">and</w> <w type="NP">Means</w> <w type="CC">and</w> <w type="NP">Loveless</w> <w type="HVD">had</w> <w type="VBN">taken</w> <w type="DT">another</w> <w type="NN">route</w> <c type="pct">,</c> <w type="CC">and</w> <w type="RB">now</w> <c type="pct">,</c> <w type="IN">with</w> <w type="AT">the</w> <w type="NN">discovery</w> <w type="IN">of</w> <w type="AT">the</w> <w type="JJ">fresh</w> <w type="NN">trail</w> <w type="RB">still</w> <w type="JJ">unknown</w> <w type="IN">to</w> <w type="PPO">him</w> <c type="pct">,</c> <w type="NP">Ulyate</w> <w type="VBD">reined</w> <w type="RP">in</w> <c type="pct">,</c> <w type="IN">in</w> <w type="AT">the</w> <w type="NN">shadow</w> <w type="IN">of</w> <w type="AT">the</w> <w type="NN" subtype="TL">Reef</w> <w type="CC">and</w> <w type="VBD">pointed</w> <c type="pct">.</c> </s>
<s n="7"><w type="NP">Kearton</w> <w type="VBD">focussed</w> <w type="PPg">his</w> <w type="NN">field</w> <w type="NNS">glasses</w> <c type="pct">.</c> </s>
</p>
<p><s n="8"><c type="pct">``</c> <mw pos="DT BEZ">That's </mw><w type="AT">the</w> <w type="NN" subtype="TL">Colonel</w> <c type="pct">''</c> <c type="pct">,</c> <w type="PPS">he</w> <w type="VBD">said</w> <c type="pct">,</c> <c type="pct">``</c> <w type="CC">But</w> <w type="PPSS">I</w> <mw pos="MD *">can't </mw><w type="VB">see</w> <w type="AT">the</w> <w type="NNS">dogs</w> <c type="pct">''</c> <c type="pct">.</c> </s>
</p>
<p><s n="9"><w type="CS">As</w> <w type="PPSS">they</w> <w type="VBD">watched</w> <c type="pct">,</c> <w type="NP">Jones</w> <w type="VBD">rode</w> <w type="RB">straight</w> <w type="IN">for</w> <w type="AT">the</w> <w type="NN" subtype="TL">Reef</w> <c type="pct">.</c> </s>
<s n="10"><w type="RB">Then</w> <w type="PPSS">they</w> <w type="VBD">picked</w> <w type="RP">up</w> <w type="AT">the</w> <w type="JJR">smaller</w> <w type="JJ">black</w> <w type="NNS">specks</w> <w type="IN">on</w> <w type="AT">the</w> <w type="NN">plain</w> <w type="IN">in</w> <w type="NN">front</w> <w type="IN">of</w> <w type="PPO">him</w> <c type="pct">.</c> </s>
<s n="11"><w type="AT">The</w> <w type="NNS">dogs</w> <w type="BED">were</w> <w type="VBG">working</w> <w type="AT">a</w> <w type="NN">trail</w> <c type="pct">--</c> <w type="NN">lion</w> <c type="pct">?</c> <c type="pct">?</c> </s>
<s n="12"><w type="NN">Hyena</w> <c type="pct">?</c> <c type="pct">?</c> </s>
<s n="13"><w type="AT">The</w> <w type="NN">pack</w> <w type="HVD">had</w> <w type="VBN">made</w> <w type="AT">a</w> <w type="NN">bend</w> <w type="IN">to</w> <w type="AT">the</w> <w type="NR">north</w> <c type="pct">,</c> <w type="VBG">swinging</w> <w type="RB">back</w> <w type="IN">toward</w> <w type="AT">the</w> <w type="NN" subtype="TL">Reef</w> <c type="pct">,</c> <w type="CC">and</w> <w type="NP">Kearton</w> <w type="CC">and</w> <w type="NP">Ulyate</w> <w type="MD">could</w> <w type="VB">hear</w> <w type="PPO">them</w> <w type="RB">faintly</w> <c type="pct">.</c> </s>
</p>
<p><s n="14"><w type="NP">Kearton</w> <w type="VBD">got</w> <w type="RP">off</w> <w type="CC">and</w> <w type="VBD">tore</w> <w type="RP">up</w> <w type="DTI">some</w> <w type="JJ">dry</w> <w type="NN">grass</w> <w type="WPS">that</w> <w type="VBD">grew</w> <w type="IN">in</w> <w type="NNS">cracks</w> <w type="IN">between</w> <w type="AT">the</w> <w type="NNS">rocks</w> <w type="CC">and</w> <w type="VBD">piled</w> <w type="PPO">it</w> <w type="IN">in</w> <w type="AT">a</w> <w type="NN">heap</w> <w type="CC">and</w> <w type="VBD">wanted</w> <w type="TO">to</w> <w type="VB">make</w> <w type="AT">the</w> <w type="NN">smoke</w> <w type="NN">signal</w> <w type="WPS">that</w> <w type="MD">would</w> <w type="VB">bring</w> <w type="NP">Loveless</w> <w type="CC">and</w> <w type="NP">Means</w> <w type="CC">and</w> <w type="AT">the</w> <w type="NN">rest</w> <w type="IN">of</w> <w type="AT">the</w> <w type="NN">party</w> <c type="pct">.</c> </s>
</p>
<p><s n="15"><c type="pct">``</c> <w type="NEG">Not</w> <w type="RB">yet</w> <c type="pct">''</c> <c type="pct">,</c> <w type="VBD">cautioned</w> <w type="NP">Ulyate</w> <c type="pct">.</c> </s>
</p>
<p><s n="16"><w type="NP">Jones</w> <w type="VBD">came</w> <w type="IN">toward</w> <w type="PPO">them</w> <w type="RB">fast</w> <c type="pct">,</c> <w type="RB">now</w> <c type="pct">,</c> <w type="IN">along</w> <w type="AT">the</w> <w type="JJ">southern</w> <w type="NN">toe</w> <w type="IN">of</w> <w type="AT">the</w> <w type="NN" subtype="TL">Reef</w> <c type="pct">,</c> <w type="CC">and</w> <w type="AT">the</w> <w type="NNS">dogs</w> <w type="MD">could</w> <w type="BE">be</w> <w type="VBN">heard</w> <w type="RB">plainly</w> <c type="pct">,</c> <w type="JJ" subtype="TL">Old</w> <w type="NP">John</w> <w type="IN">with</w> <w type="PPg">his</w> <w type="JJ" subtype="TL">Grand</w> <w type="NN" subtype="TL">Canyon</w> <w type="NN">voice</w> <w type="JJ">outstanding</w> <w type="IN">above</w> <w type="AT">the</w> <w type="NNS">others</w> <c type="pct">.</c> </s>
<s n="17"><w type="EX">There</w> <w type="BEDZ">was</w> <w type="NP">Sounder</w> <c type="pct">,</c> <w type="RB">too</w> <c type="pct">,</c> <w type="RB">also</w> <w type="AT">a</w> <w type="NN">veteran</w> <w type="IN">of</w> <w type="AT">the</w> <w type="JJ" subtype="TL">North</w> <w type="NN" subtype="TL">Rim</w> <c type="pct">,</c> <w type="CC">and</w> <w type="NP">Rastus</w> <w type="CC">and</w> <w type="AT">the</w> <w type="NP">Rake</w> <w type="IN">from</w> <w type="AT">a</w> <w type="NN">pack</w> <w type="IN">of</w> <w type="JJ">English</w> <w type="NNS">fox-hounds</w> <c type="pct">,</c> <w type="CC">and</w> <w type="AT">a</w> <w type="NN">collie</w> <w type="IN">from</w> <w type="AT">a</w> <w type="NP">London</w> <w type="NN">pound</w> <c type="pct">,</c> <w type="CC">and</w> <w type="NP">Simba</w> <c type="pct">,</c> <w type="AT">a</w> <w type="NN">terrier</w> <c type="pct">.</c> </s>
<s n="18"><w type="AT">A</w> <w type="JJ">motley</w> <w type="NN">pack</w> <c type="pct">,</c> <w type="VBN">chosen</w> <w type="IN">for</w> <w type="NN">effectiveness</w> <c type="pct">,</c> <w type="NEG">not</w> <w type="NN">beauty</w> <c type="pct">.</c> </s>
<s n="19"><w type="NP">Jones</w> <w type="BEDZ">was</w> <w type="VBG">galloping</w> <w type="RB">close</w> <w type="IN">behind</w> <w type="PPO">them</w> <w type="VBG">leaning</w> <w type="RP">down</w> <c type="pct">,</c> <w type="VBG">cheering</w> <w type="PPO">them</w> <w type="RP">on</w> <c type="pct">.</c> </s>
</p>
<p><s n="20"><c type="pct">``</c> <w type="VB">Light</w> <w type="PPO">it</w> <c type="pct">''</c> <c type="pct">!</c> <c type="pct">!</c> </s>
<s n="21"><w type="NP">Ulyate</w> <w type="VBD">said</w> <c type="pct">,</c> <w type="CC">and</w> <w type="NP">Kearton</w> <w type="VBD">touched</w> <w type="AT">a</w> <w type="NN">match</w> <w type="IN">to</w> <w type="AT">the</w> <w type="NN">pile</w> <w type="IN">of</w> <w type="NN">grass</w> <c type="pct">,</c> <w type="VBD">blew</w> <w type="IN">on</w> <w type="PPO">it</w> <w type="CC">and</w> <w type="NN">flame</w> <w type="VBD">licked</w> <w type="RP">out</w> <c type="pct">.</c> </s>
<s n="22"><w type="PPS">He</w> <w type="VBD">threw</w> <w type="JJ">green</w> <w type="NN">stuff</w> <w type="IN">on</w> <w type="PPO">it</w> <c type="pct">,</c> <w type="CC">and</w> <w type="AT">a</w> <w type="JJ">thin</w> <w type="JJ">blue</w> <w type="NN">column</w> <w type="IN">of</w> <w type="NN">smoke</w> <w type="VBD">rose</w> <c type="pct">.</c> </s>
</p>
<p><s n="23"><c type="pct">``</c> <w type="DT">That</w> <w type="MD">will</w> <w type="VB">fetch</w> <w type="AT">the</w> <w type="NN">gang</w> <w type="CC">and</w> <w type="VB">tell</w> <w type="AT">the</w> <w type="NN" subtype="TL">Colonel</w> <w type="WRB">where</w> <w type="PPSS">we</w> <w type="BER">are</w> <c type="pct">''</c> <c type="pct">.</c> </s>
</p>
<p><s n="24"><w type="CD">Two</w> <w type="JJ">quick</w> <w type="NNS">shots</w> <w type="VBD">sounded</w> <c type="pct">.</c> </s>
<s n="25"><w type="RB">Then</w> <w type="EX">there</w> <w type="BEDZ">was</w> <w type="AT">a</w> <w type="NN">chorus</w> <w type="IN">of</w> <w type="JJ">wild</w> <w type="NN">barking</w> <w type="CC">and</w> <w type="NN">baying</w> <c type="pct">.</c> </s>
<s n="26"><w type="RB">Then</w> <w type="AT">the</w> <w type="JJ">heavy</w> <w type="NN">roar</w> <w type="IN">of</w> <w type="AT">a</w> <w type="NN">lion</w> <c type="pct">.</c> </s>
</p>
<p><s n="27"><w type="NP">Kearton</w> <w type="CC">and</w> <w type="NP">Ulyate</w> <w type="VBD">looked</w> <w type="IN">at</w> <w type="DT">each</w> <w type="AP">other</w> <w type="CC">and</w> <w type="VBD">began</w> <w type="TO">to</w> <w type="VB">gallop</w> <w type="IN">toward</w> <w type="AT">the</w> <w type="NN">sound</w> <c type="pct">.</c> </s>
<s n="28"><w type="PPS">It</w> <w type="VBD">came</w> <w type="IN">from</w> <w type="AT">the</w> <w type="NN">top</w> <w type="IN">of</w> <w type="AT">the</w> <w type="NN" subtype="TL">Reef</w> <w type="NEG">not</w> <w type="ABN">half</w> <w type="AT">a</w> <w type="NN">mile</w> <w type="RB">away</w> <c type="pct">.</c> </s>
<s n="29"><w type="IN">At</w> <w type="AT">the</w> <w type="NN">base</w> <w type="IN">of</w> <w type="AT">the</w> <w type="JJ">rocky</w> <w type="NN">hillside</w> <c type="pct">,</c> <w type="PPSS">they</w> <w type="VBD">left</w> <w type="PPg">their</w> <w type="NNS">horses</w> <w type="CC">and</w> <w type="VBD">climbed</w> <w type="IN">on</w> <w type="NN">foot</w> <c type="pct">.</c> </s>
<s n="30"><w type="AT">The</w> <w type="NN">route</w> <w type="BEDZ">was</w> <w type="VBN">choked</w> <w type="IN">with</w> <w type="JJ">rugged</w> <w type="NNS">lava-rocks</w> <c type="pct">,</c> <w type="NNS">creepers</w> <w type="CC">and</w> <w type="NNS">bushes</w> <c type="pct">,</c> <w type="QL">so</w> <w type="RB">thickly</w> <w type="VBN">overgrown</w> <w type="CS">that</w> <w type="WRB">when</w> <w type="NP">Kearton</w> <w type="VBD">lost</w> <w type="NN">sight</w> <w type="IN">of</w> <w type="NP">Ulyate</w> <w type="CC">and</w> <w type="VBD">called</w> <c type="pct">,</c> <w type="NP">Ulyate</w> <w type="VBD">answered</w> <w type="IN">from</w> <w type="CD">ten</w> <w type="NNS">feet</w> <w type="RB">away</w> <c type="pct">.</c> </s>
<s n="31"><w type="JJ">Nice</w> <w type="NN">country</w> <w type="TO">to</w> <w type="VB">meet</w> <w type="AT">a</w> <w type="NN">lion</w> <w type="IN">in</w> <w type="NN">face</w> <w type="IN">to</w> <w type="NN">face</w> <c type="pct">.</c> </s>
<s n="32"><w type="NP">Ulyate</w> <w type="CC">and</w> <w type="NP">Kearton</w> <w type="VBD">climbed</w> <w type="RP">on</w> <w type="IN">toward</w> <w type="AT">the</w> <w type="NN">sound</w> <w type="IN">of</w> <w type="AT">the</w> <w type="NN">barking</w> <w type="IN">of</w> <w type="AT">the</w> <w type="NNS">dogs</w> <w type="CC">and</w> <w type="AT">the</w> <w type="JJ">sporadic</w> <w type="NN">roaring</w> <w type="IN">of</w> <w type="AT">the</w> <w type="NN">lion</w> <c type="pct">,</c> <w type="CS">till</w> <w type="PPSS">they</w> <w type="VBD">came</w> <c type="pct">,</c> <w type="RP">out</w> <w type="IN">of</w> <w type="NN">breath</w> <c type="pct">,</c> <w type="IN">to</w> <w type="AT">the</w> <w type="NN">crest</w> <c type="pct">,</c> <w type="CC">and</w> <w type="VBG">peering</w> <w type="IN">through</w> <w type="AT">the</w> <w type="NNS">branches</w> <w type="IN">of</w> <w type="AT">a</w> <w type="NN">bush</w> <c type="pct">,</c> <w type="DT">this</w> <w type="BEZ">is</w> <w type="WDT">what</w> <w type="NP">Ulyate</w> <w type="VBD">saw</w> <c type="pct">:</c> <w type="NP">Jones</w> <w type="WPS">who</w> <w type="HVD">had</w> <w type="RB">apparently</w> <c type="pct">(</c> <w type="CC">and</w> <w type="RB">actually</w> <w type="HVD">had</w> <c type="pct">)</c> <w type="VBN">ridden</w> <w type="IN">up</w> <w type="AT">the</w> <w type="QL">nearly</w> <w type="JJ">impassable</w> <w type="NN">hillside</w> <c type="pct">,</c> <w type="VBG">sitting</w> <w type="RB">calmly</w> <w type="IN">on</w> <w type="PPg">his</w> <w type="NN">horse</w> <w type="IN">within</w> <w type="CD">forty</w> <w type="NNS">feet</w> <w type="IN">of</w> <w type="AT">a</w> <w type="JJ">full-grown</w> <w type="JJ">young</w> <w type="NN">lioness</w> <c type="pct">,</c> <w type="WPS">who</w> <w type="BEDZ">was</w> <w type="VBN">crouched</w> <w type="IN">on</w> <w type="AT">a</w> <w type="JJ">flat</w> <w type="NN">rock</w> <w type="CC">and</w> <w type="VBD">seemed</w> <w type="QL">just</w> <w type="RB">about</w> <w type="TO">to</w> <w type="VB">charge</w> <w type="PPO">him</w> <c type="pct">,</c> <w type="CS">while</w> <w type="AT">the</w> <w type="NNS">dogs</w> <w type="VBD">whirled</w> <w type="IN">around</w> <w type="PPO">her</w> <c type="pct">.</c> </s>
</p>
<p><s n="33"><w type="NP">Ulyate</w> <w type="VBD">drew</w> <w type="RB">back</w> <w type="IN">with</w> <w type="AT">a</w> <w type="NN">start</w> <c type="pct">,</c> <w type="CC">and</w> <w type="VBD">put</w> <w type="NN">finger</w> <w type="IN">to</w> <w type="NNS">lips</w> <c type="pct">,</c> <w type="QL">almost</w> <w type="JJ">afraid</w> <w type="TO">to</w> <w type="VB">move</w> <w type="CC">or</w> <w type="VB">whisper</w> <w type="CS">lest</w> <w type="PPS">it</w> <w type="VB">set</w> <w type="PPO">her</w> <w type="RP">off</w> <c type="pct">,</c> <c type="pct">``</c> <w type="AT">The</w> <w type="NNS">dogs</w> <w type="HV">have</w> <w type="VBN">got</w> <w type="PPO">her</w> <w type="VBN">bayed</w> <c type="pct">.</c> </s>
<s n="34"><mw pos="PPS BEZ">She's </mw><w type="RB">just</w> <w type="AT">the</w> <w type="AP">other</w> <w type="NN">side</w> <w type="IN">of</w> <w type="DT">that</w> <w type="NN">bush</w> <c type="pct">''</c> <c type="pct">!</c> <c type="pct">!</c> </s>
<s n="35"><w type="CC">And</w> <w type="WRB">when</w> <w type="PPSS">they</w> <w type="HVD">had</w> <w type="VBN">drawn</w> <w type="RB">back</w> <w type="AT">a</w> <w type="NN">step</w> <w type="PPS">he</w> <w type="VBD">added</w> <c type="pct">:</c> <c type="pct">``</c> <w type="NP">Jones</w> <w type="BEZ">is</w> <w type="VBG">sitting</w> <w type="IN">on</w> <w type="PPg">his</w> <w type="NN">horse</w> <w type="QL">right</w> <w type="IN">in</w> <w type="NN">front</w> <w type="IN">of</w> <w type="PPO">her</w> <c type="pct">.</c> </s>
<s n="36"><w type="WRB">Why</w> <w type="PPS">she</w> <mw pos="DOZ *">doesn't </mw><w type="VB">charge</w> <w type="PPO">him</w> <c type="pct">,</c> <w type="PPSS">I</w> <mw pos="DO *">don't </mw><w type="VB">know</w> <c type="pct">.</c> </s>
<s n="37"><w type="CC">And</w> <w type="PPS">he</w> <mw pos="HVZ *">hasn't </mw><w type="RB">even</w> <w type="VBN">got</w> <w type="AT">a</w> <w type="NN">knife</w> <w type="IN">on</w> <w type="PPO">him</w> <c type="pct">.</c> </s>
<s n="38"><w type="PPS">He</w> <mw pos="MD *">couldn't </mw><w type="VB">get</w> <w type="RB">away</w> <w type="IN">from</w> <w type="PPO">her</w> <w type="IN">in</w> <w type="DT">this</w> <w type="NN">kind</w> <w type="IN">of</w> <w type="NN">ground</w> <c type="pct">.</c> </s>
<s n="39"><w type="JJ">Careful</w> <c type="pct">,</c> <mw pos="DO *">don't </mw><w type="VB">disturb</w> <w type="PPO">her</w> <c type="pct">''</c> <c type="pct">.</c> </s>
</p>
<p><s n="40"><w type="NP">Jones</w> <w type="HVD">had</w> <w type="BEN">been</w> <w type="RB">about</w> <w type="AT">a</w> <w type="CD">hundred</w> <w type="CC">and</w> <w type="CD">fifty</w> <w type="NNS">feet</w> <w type="IN">from</w> <w type="PPO">her</w> <w type="WRB">when</w> <w type="PPS">he</w> <w type="RB">first</w> <w type="VBD">broke</w> <w type="RP">through</w> <w type="IN">to</w> <w type="AT">the</w> <w type="NN">top</w> <w type="IN">of</w> <w type="AT">the</w> <w type="NN" subtype="TL">Reef</w> <c type="pct">.</c> </s>
<s n="41"><w type="PPS">She</w> <w type="BEDZ">was</w> <w type="VBG">standing</w> <w type="IN">on</w> <w type="AT">a</w> <w type="JJ">flat</w> <w type="NN">rock</w> <w type="CD">three</w> <w type="NNS">feet</w> <w type="IN">above</w> <w type="NN">ground</w> <w type="CC">and</w> <w type="WRB">when</w> <w type="PPS">she</w> <w type="VBD">saw</w> <w type="PPO">him</w> <w type="PPS">she</w> <w type="VBD">rose</w> <w type="IN">to</w> <w type="JJ">full</w> <w type="NN">height</w> <w type="CC">and</w> <w type="VBD">roared</w> <c type="pct">,</c> <w type="VBG">opening</w> <w type="PPg">her</w> <w type="NN">mouth</w> <w type="RB">wide</w> <c type="pct">,</c> <w type="VBG">lashing</w> <w type="PPg">her</w> <w type="NN">tail</w> <c type="pct">,</c> <w type="CC">and</w> <w type="VBG">stamping</w> <w type="IN">at</w> <w type="AT">the</w> <w type="NN">rock</w> <w type="IN">with</w> <w type="ABX">both</w> <w type="NNS">forefeet</w> <w type="IN">in</w> <w type="NN">irritation</w> <c type="pct">,</c> <w type="QL">as</w> <w type="RB">much</w> <w type="CS">as</w> <w type="TO">to</w> <w type="VB">say</w> <c type="pct">:</c> <c type="pct">``</c> <w type="WRB">How</w> <w type="MD">dare</w> <w type="PPSS">you</w> <w type="VB">disturb</w> <w type="PPO">me</w> <w type="IN">in</w> <w type="PPg">my</w> <w type="JJ">sacred</w> <w type="NN">precinct</w> <c type="pct">''</c> <c type="pct">?</c> <c type="pct">?</c> </s>
</p>
<p><s n="42"><w type="NN">Intuition</w> <w type="VBD">told</w> <w type="PPO">him</w> <c type="pct">,</c> <w type="RB">however</w> <c type="pct">,</c> <w type="CS">that</w> <w type="PPS">she</w> <w type="BEDZ">was</w> <w type="VBN">tired</w> <w type="CC">and</w> <w type="VBN">winded</w> <w type="IN">from</w> <w type="AT">the</w> <w type="NN">run</w> <w type="IN">up</w> <w type="AT">the</w> <w type="NN" subtype="TL">Reef</w> <w type="CC">and</w> <w type="MD">would</w> <w type="NEG">not</w> <w type="VB">charge</w> <c type="pct">,</c> <w type="RB">yet</w> <c type="pct">.</c> </s>
<s n="43"><w type="PPS">He</w> <w type="VBD">moved</w> <w type="RB">forward</w> <w type="IN">to</w> <w type="IN">within</w> <w type="CD">thirty-five</w> <w type="NNS">feet</w> <w type="IN">of</w> <w type="PPO">her</w> <c type="pct">,</c> <w type="BEG">being</w> <w type="JJ">careful</w> <c type="pct">,</c> <w type="CS">because</w> <w type="PPS">he</w> <w type="VBD">knew</w> <w type="AT">the</w> <w type="JJ">female</w> <w type="BEZ">is</w> <w type="QL">less</w> <w type="JJ">predictable</w> <w type="CS">than</w> <w type="AT">the</w> <w type="JJ">male</w> <c type="pct">.</c> </s>
<s n="44"><c type="pct">(</c> <w type="IN">In</w> <w type="AT">the</w> <w type="NN">graveyard</w> <w type="IN">at</w> <w type="NP">Nairobi</w> <w type="PPS">he</w> <w type="HVD">had</w> <w type="BEN">been</w> <w type="VBN">shown</w> <w type="AT">the</w> <w type="NNS">graves</w> <w type="IN">of</w> <w type="CD">thirty-four</w> <w type="JJ">big</w> <w type="NN">game</w> <w type="NNS">hunters</w> <w type="VBN">killed</w> <w type="VBG">hunting</w> <w type="AT">the</w> <w type="NNS">animals</w> <w type="PPS">he</w> <w type="BEDZ">was</w> <w type="VBG">attempting</w> <w type="TO">to</w> <w type="VB">lasso</w> <c type="pct">.</c> </s>
<s n="45"><w type="IN">Of</w> <w type="AT">the</w> <w type="CD">thirty-four</w> <c type="pct">,</c> <w type="CD">seventeen</w> <w type="HVD">had</w> <w type="BEN">been</w> <w type="VBN">killed</w> <w type="IN">by</w> <w type="NNS">lions</w> <c type="pct">,</c> <w type="CC">and</w> <w type="CD">eleven</w> <w type="IN">out</w> <w type="IN">of</w> <w type="AT">the</w> <w type="CD">seventeen</w> <w type="IN">by</w> <w type="NNS">lionesses</w> <c type="pct">.</c> </s>
<s n="46"><c type="pct">)</c> <w type="PPS">She</w> <w type="VBD">snarled</w> <w type="RB">terribly</w> <w type="CC">but</w> <w type="NN">intuition</w> <w type="VBD">told</w> <w type="PPO">him</w> <c type="pct">,</c> <w type="RB">again</w> <c type="pct">,</c> <w type="CS">that</w> <w type="PPS">she</w> <w type="BEDZ">was</w> <w type="VBG">bluffing</w> <c type="pct">,</c> <w type="CC">and</w> <w type="PPS">he</w> <w type="MD">could</w> <w type="VB">see</w> <w type="CS">that</w> <w type="ABN">half</w> <w type="PPg">her</w> <w type="NN">attention</w> <w type="BEDZ">was</w> <w type="VBN">distracted</w> <w type="IN">by</w> <w type="AT">the</w> <w type="NNS">dogs</w> <c type="pct">.</c> </s>
<s n="47"><w type="PPS">He</w> <w type="VBD">threw</w> <w type="AT">the</w> <w type="NN">lasso</w> <c type="pct">.</c> </s>
<s n="48"><w type="PPS">It</w> <w type="BEDZ">was</w> <w type="VBG">falling</w> <w type="IN">over</w> <w type="PPg">her</w> <w type="NN">head</w> <w type="WRB">when</w> <w type="AT">a</w> <w type="NN">branch</w> <w type="IN">of</w> <w type="AT">a</w> <w type="NN">bush</w> <w type="VBD">caught</w> <w type="PPO">it</w> <w type="CC">and</w> <w type="PPS">it</w> <w type="VBD">fell</w> <w type="IN">in</w> <w type="NN">front</w> <w type="IN">of</w> <w type="PPO">her</w> <w type="IN">on</w> <w type="AT">the</w> <w type="NN">rock</w> <c type="pct">.</c> </s>
<s n="49"><w type="RB">Even</w> <w type="RB">then</w> <c type="pct">,</c> <w type="CS">if</w> <w type="PPS">she</w> <w type="VBD">took</w> <w type="CD">one</w> <w type="NN">step</w> <w type="RB">forward</w> <w type="PPS">he</w> <w type="MD">could</w> <w type="VB">catch</w> <w type="PPO">her</w> <c type="pct">.</c> </s>
<s n="50"><w type="CC">But</w> <w type="NP">John</w> <w type="VBD">nipped</w> <w type="PPg">her</w> <w type="JJ">rear</w> <w type="NN">end</w> <c type="pct">--</c> <w type="CD">one</w> <w type="NNg">lion's</w> <w type="JJ">rear</w> <w type="NN">end</w> <w type="BEDZ">was</w> <w type="QL">as</w> <w type="JJ">good</w> <w type="CS">as</w> <w type="DT">another</w> <w type="IN">to</w> <w type="NP">John</w> <c type="pct">,</c> <w type="NP">Africa</w> <c type="pct">,</c> <w type="NP">Arizona</w> <w type="AT">no</w> <w type="NN">matter</w> <c type="pct">--</c> <w type="CC">and</w> <w type="PPS">she</w> <w type="VBD">changed</w> <w type="NNS">ends</w> <w type="CC">and</w> <w type="VBD">took</w> <w type="AT">a</w> <w type="NN">swipe</w> <w type="IN">at</w> <w type="NP">John</w> <c type="pct">,</c> <w type="CC">but</w> <w type="PPS">he</w> <w type="VBD">ducked</w> <w type="RB">back</w> <c type="pct">.</c> </s>
</p>
<p><s n="51"><w type="NP">Jones</w> <w type="RB">then</w> <w type="VBD">recoiled</w> <w type="PPg">his</w> <w type="NN">rope</w> <w type="CC">and</w> <w type="VBD">threw</w> <w type="RB">again</w> <c type="pct">,</c> <w type="DT">this</w> <w type="NN">time</w> <w type="VBG">hitting</w> <w type="PPO">her</w> <w type="IN">on</w> <w type="AT">the</w> <w type="NN">back</w> <w type="CC">but</w> <w type="VBG">failing</w> <w type="TO">to</w> <w type="VB">encircle</w> <w type="PPO">her</w> <c type="pct">.</c> </s>
<s n="52"><w type="PPS">She</w> <w type="VBD">whirled</w> <w type="CC">and</w> <w type="VBD">faced</w> <w type="PPO">him</w> <c type="pct">,</c> <w type="VBG">roaring</w> <w type="RB">terribly</w> <c type="pct">,</c> <w type="CC">and</w> <w type="NP">Ulyate</w> <c type="pct">,</c> <w type="VBG">watching</w> <w type="IN">through</w> <w type="AT">the</w> <w type="NNS">leaves</w> <c type="pct">,</c> <w type="MD">could</w> <w type="NEG">not</w> <w type="VB">understand</w> <w type="WRB">why</w> <w type="PPS">she</w> <w type="DOD">did</w> <w type="NEG">not</w> <w type="VB">charge</w> <w type="CC">and</w> <w type="VB">obliterate</w> <w type="PPO">him</w> <c type="pct">,</c> <w type="CS">because</w> <w type="PPS">he</w> <mw pos="MD *">wouldn't </mw><w type="HV">have</w> <w type="AP">much</w> <w type="IN">of</w> <w type="AT">a</w> <w type="NN">chance</w> <w type="IN">of</w> <w type="VBG">getting</w> <w type="RB">away</w> <c type="pct">,</c> <w type="IN">in</w> <w type="DT">that</w> <w type="JJ">thick</w> <w type="NN">growth</w> <c type="pct">,</c> <w type="CC">but</w> <w type="PPS">she</w> <w type="VBD">seemed</w> <w type="RB">just</w> <w type="AT">a</w> <w type="NN">trace</w> <w type="JJ">uncertain</w> <c type="pct">;</c> <c type="pct">;</c> </s>
<s n="53"><w type="CS">while</w> <w type="NP">Jones</w> <c type="pct">,</c> <w type="IN">on</w> <w type="AT">the</w> <w type="AP">other</w> <w type="NN">hand</w> <c type="pct">,</c> <w type="VBD">appeared</w> <w type="QL">perfectly</w> <w type="JJ">confident</w> <w type="CC">and</w> <w type="NP">Ulyate</w> <w type="VBD">decided</w> <w type="RB">perhaps</w> <w type="DT">that</w> <w type="BEDZ">was</w> <w type="AT">the</w> <w type="NN">answer</w> <c type="pct">.</c> </s>
</p>
<p><s n="54"><w type="IN">From</w> <w type="AT">the</w> <w type="NNg">lioness'</w> <w type="NN">point</w> <w type="IN">of</w> <w type="NN">view</w> <c type="pct">,</c> <w type="DT">this</w> <w type="JJ">strange</w> <w type="NN">creature</w> <w type="IN">on</w> <w type="AT">the</w> <w type="NN">back</w> <w type="IN">of</w> <w type="DT">another</w> <w type="NN">creature</w> <c type="pct">,</c> <w type="VBG">lashing</w> <w type="RP">out</w> <w type="IN">with</w> <w type="PPg">its</w> <w type="JJ">long</w> <w type="JJ">thin</w> <w type="NN">paw</w> <c type="pct">,</c> <w type="QL">very</w> <w type="RB">likely</w> <w type="VBD">appeared</w> <w type="CS">as</w> <w type="PN">something</w> <w type="PPS">she</w> <w type="MD">could</w> <w type="NEG">not</w> <w type="IN">at</w> <w type="RB">first</w> <w type="VB">cope</w> <w type="IN">with</w> <c type="pct">.</c> </s>
<s n="55"><w type="CC">But</w> <w type="RB">now</w> <w type="PPS">she</w> <w type="VBD">sank</w> <w type="RBR">lower</w> <w type="IN">to</w> <w type="AT">the</w> <w type="NN">rock</w> <c type="pct">.</c> </s>
<s n="56"><w type="PPg">Her</w> <w type="NN">roar</w> <w type="VBD">changed</w> <w type="IN">to</w> <w type="AT">a</w> <w type="NN">growl</w> <c type="pct">.</c> </s>
<s n="57"><w type="PPg">Her</w> <w type="NN">tail</w> <w type="QL">no</w> <w type="RBR">longer</w> <w type="VBD">lashed</w> <c type="pct">.</c> </s>
<s n="58"><w type="CS">Although</w> <w type="PPS">she</w> <w type="VBD">appeared</w> <w type="QL">more</w> <w type="VBN">subdued</w> <w type="CC">and</w> <w type="VBN">defeated</w> <c type="pct">,</c> <w type="NP">Jones</w> <w type="VBD">knew</w> <w type="PPS">she</w> <w type="BEDZ">was</w> <w type="VBG">growing</w> <w type="QL">more</w> <w type="JJ">dangerous</w> <c type="pct">.</c> </s>
<s n="59"><w type="PPS">She</w> <w type="BEDZ">was</w> <w type="VBN">rested</w> <w type="CC">and</w> <w type="MD">could</w> <w type="VB">mount</w> <w type="AT">a</w> <w type="NN">charge</w> <c type="pct">.</c> </s>
<s n="60"><w type="RB">Just</w> <w type="AT">the</w> <w type="NN">tip</w> <w type="IN">of</w> <w type="PPg">her</w> <w type="NN">tail</w> <w type="BEDZ">was</w> <w type="VBG">moving</w> <w type="CS">as</w> <w type="PPS">she</w> <w type="VBD">crouched</w> <c type="pct">,</c> <w type="CC">and</w> <w type="PPS">she</w> <w type="BEDZ">was</w> <w type="VBG">treading</w> <w type="RB">lightly</w> <w type="RP">up</w> <w type="CC">and</w> <w type="RP">down</w> <w type="IN">with</w> <w type="PPg">her</w> <w type="JJ">hind</w> <w type="NNS">feet</w> <c type="pct">.</c> </s>
</p>
<p><s n="61"><w type="IN">At</w> <w type="DT">this</w> <w type="NN">moment</w> <c type="pct">,</c> <w type="NP">Loveless</w> <w type="CC">and</w> <w type="NP">Means</w> <w type="VBD">arrived</w> <c type="pct">,</c> <w type="VBG">crashing</w> <w type="IN">through</w> <w type="AT">the</w> <w type="NN">undergrowth</w> <w type="IN">with</w> <w type="PPg">their</w> <w type="NNS">horses</w> <c type="pct">,</c> <w type="CC">and</w> <w type="VBD">distracted</w> <w type="PPO">her</w> <c type="pct">,</c> <w type="CC">and</w> <w type="PPS">she</w> <w type="VBD">ran</w> <w type="RP">off</w> <w type="AT">a</w> <w type="JJ">short</w> <w type="NN">distance</w> <w type="CC">and</w> <w type="VBD">jumped</w> <w type="IN">into</w> <w type="AT">a</w> <w type="NN">crevice</w> <w type="IN">between</w> <w type="CD">two</w> <w type="NNS">rocks</w> <c type="pct">.</c> </s>
<s n="62"><w type="AT">The</w> <w type="NNS">dogs</w> <w type="VBD">followed</w> <w type="PPO">her</w> <w type="CC">and</w> <w type="PPS">she</w> <w type="VBD">killed</w> <w type="CD">three</w> <w type="CC">and</w> <w type="RB">badly</w> <w type="VBD">wounded</w> <w type="JJ" subtype="TL">Old</w> <w type="NP">John</w> <c type="pct">.</c> </s>
</p>
<p><s n="63"><c type="pct">``</c> <mw pos="PPSS HV">We've </mw><w type="VBN">got</w> <w type="TO">to</w> <w type="VB">get</w> <w type="PPO">her</w> <w type="IN">out</w> <w type="IN">of</w> <w type="RB">there</w> <c type="pct">''</c> <c type="pct">!</c> <c type="pct">!</c> </s>
<s n="64"><w type="NP">Jones</w> <w type="VBD">yelled</w> <c type="pct">,</c> <c type="pct">``</c> <w type="CC">or</w> <mw pos="PPS MD">she'll </mw><w type="VB">kill</w> <w type="PPO">'em</w> <w type="ABN">all</w> <c type="pct">.</c> </s>
<s n="65"><w type="VB">Bring</w> <w type="PPO">me</w> <w type="AT">the</w> <w type="NNS">firecrackers</w> <c type="pct">''</c> <c type="pct">.</c> </s>
</p>
<p><s n="66"><w type="IN">For</w> <w type="ABL">such</w> <w type="AT">an</w> <w type="NN">emergency</w> <w type="PPS">he</w> <w type="HVD">had</w> <w type="VBN">included</w> <w type="NP">Fourth-of-July</w> <w type="NN">cannon</w> <w type="NNS">crackers</w> <w type="CS">as</w> <w type="NN">part</w> <w type="IN">of</w> <w type="PPg">their</w> <w type="NN">equipment</w> <c type="pct">.</c> </s>
<s n="67"><w type="VBG">Lighting</w> <w type="CD">one</w> <w type="PPS">he</w> <w type="VBD">pitched</w> <w type="PPO">it</w> <w type="IN">into</w> <w type="AT">the</w> <w type="NN">crevice</w> <c type="pct">,</c> <w type="CC">and</w> <w type="AT">the</w> <w type="NN">lioness</w> <w type="VBD">left</w> <w type="RP">off</w> <w type="VBG">mauling</w> <w type="AT">the</w> <w type="NNS">dogs</w> <w type="CC">and</w> <w type="VBD">departed</w> <c type="pct">.</c> </s>
</p>
<p><s n="68"><c type="pct">``</c> <mw pos="BEZ *">Ain't </mw><w type="PPS">she</w> <w type="AT">a</w> <w type="NN">beauty</w> <c type="pct">,</c> <w type="RB">though</w> <c type="pct">''</c> <c type="pct">?</c> <c type="pct">?</c> </s>
<s n="69"><w type="VBD">Called</w> <w type="RP">out</w> <w type="NP">Means</w> <w type="CS">as</w> <w type="PPS">she</w> <w type="VBD">ran</w> <c type="pct">.</c> </s>
</p>
<p><s n="70"><c type="pct">``</c> <mw pos="DO *">Don't </mw><w type="PPO">you</w> <w type="VB">go</w> <w type="AT">a</w> <w type="NN">step</w> <w type="IN">nearer</w> <w type="PPO">her</w> <w type="CS">than</w> <w type="PPSS">I</w> <w type="DO">do</w> <c type="pct">''</c> <c type="pct">,</c> <w type="NP">Jones</w> <w type="VBD">warned</w> <c type="pct">,</c> <c type="pct">``</c> <w type="CC">and</w> <w type="CS">if</w> <w type="PPSS">you</w> <w type="DO">do</w> <c type="pct">,</c> <w type="VB">go</w> <w type="IN">at</w> <w type="AT">a</w> <w type="NN">run</w> <w type="CS">so</w> <mw pos="PPSS MD">you'll </mw><w type="HV">have</w> <w type="NN">momentum</w> <c type="pct">''</c> <c type="pct">!</c> <c type="pct">!</c> </s>
</p>
<p><s n="71"><w type="IN">For</w> <w type="CD">two</w> <w type="NNS">hours</w> <w type="PPSS">they</w> <w type="VBD">drove</w> <w type="PPO">her</w> <w type="IN">from</w> <w type="CD">one</w> <w type="JJ">strong</w> <w type="NN">point</w> <w type="IN">to</w> <w type="DT">another</w> <w type="IN">along</w> <w type="AT">the</w> <w type="NN">side</w> <w type="IN">of</w> <w type="AT">the</w> <w type="NN" subtype="TL">Reef</w> <c type="pct">,</c> <w type="VBG">trying</w> <w type="TO">to</w> <w type="VB">maneuver</w> <w type="PPO">her</w> <w type="IN">onto</w> <w type="AT">the</w> <w type="NN">plain</w> <w type="WRB">where</w> <w type="PPSS">they</w> <w type="MD">could</w> <w type="VB">get</w> <w type="AT">a</w> <w type="JJ">good</w> <w type="NN">throw</w> <c type="pct">.</c> </s>
<s n="72"><w type="CC">But</w> <w type="PPS">she</w> <w type="VBD">clung</w> <w type="IN">to</w> <w type="AT">the</w> <w type="NNS">rocks</w> <w type="CC">and</w> <w type="NN">brush</w> <c type="pct">,</c> <w type="CC">and</w> <w type="AT">the</w> <w type="NN">day</w> <w type="VBD">wore</w> <w type="RB">away</w> <c type="pct">.</c> </s>
<s n="73"><w type="PPS">It</w> <w type="BEDZ">was</w> <w type="JJ">hot</w> <c type="pct">.</c> </s>
<s n="74"><w type="AT">The</w> <w type="NNS">dogs</w> <w type="BED">were</w> <w type="VBN">tired</w> <c type="pct">.</c> </s>
<s n="75"><w type="AT">The</w> <w type="NNS">men</w> <w type="BED">were</w> <w type="VBN">tired</w> <w type="RB">too</w> <c type="pct">.</c> </s>
<s n="76"><w type="PPS">It</w> <w type="BEDZ">was</w> <w type="AT">the</w> <w type="NN">story</w> <w type="IN">of</w> <w type="AT">the</w> <w type="NN">rhinoceros</w> <w type="NN">fight</w> <w type="QL">all</w> <w type="IN">over</w> <w type="RB">again</w> <c type="pct">.</c> </s>
<s n="77"><w type="CC">And</w> <w type="AT">the</w> <w type="NN">sun</w> <w type="BEDZ">was</w> <w type="VBG">beginning</w> <w type="TO">to</w> <w type="VB">go</w> <w type="RP">down</w> <c type="pct">.</c> </s>
<s n="78"><w type="CS">If</w> <w type="NN">dark</w> <w type="VBD">came</w> <w type="PPSS">they</w> <w type="MD">would</w> <w type="VB">lose</w> <w type="PPO">her</w> <c type="pct">.</c> </s>
</p>
<p><s n="79"><c type="pct">``</c> <mw pos="PPSS MD">I'll </mw><w type="VB">get</w> <w type="AT">a</w> <w type="NN">pole</w> <c type="pct">''</c> <c type="pct">,</c> <w type="NP">Jones</w> <w type="VBD">said</w> <w type="RB">finally</w> <c type="pct">,</c> <c type="pct">``</c> <w type="CC">and</w> <mw pos="PPSS MD">I'll </mw><w type="VB">poke</w> <w type="AT">a</w> <w type="NN">noose</w> <w type="IN">over</w> <w type="PPg">her</w> <w type="NN">head</w> <c type="pct">''</c> <c type="pct">!</c> <c type="pct">!</c> </s>
</p>
<p><s n="80"><w type="IN">At</w> <w type="DT">this</w> <w type="NN">moment</w> <w type="PPS">she</w> <w type="BEDZ">was</w> <w type="VBN">crouched</w> <w type="IN">in</w> <w type="AT">a</w> <w type="JJ">cave-like</w> <w type="NN">aperture</w> <w type="RB">halfway</w> <w type="IN">down</w> <w type="AT">the</w> <w type="NN" subtype="TL">Reef</w> <c type="pct">.</c> </s>
<s n="81"><w type="NP">Ulyate</w> <w type="VBD">made</w> <w type="AT">no</w> <w type="NN">comment</w> <w type="CC">but</w> <w type="PPg">his</w> <w type="NN">face</w> <w type="VBD">showed</w> <w type="WDT">what</w> <w type="PPS">he</w> <w type="VBD">thought</w> <w type="IN">of</w> <w type="VBG">poking</w> <w type="NNS">ropes</w> <w type="IN">over</w> <w type="NNSg">lions'</w> <w type="NNS">heads</w> <w type="IN">with</w> <w type="NNS">poles</w> <c type="pct">,</c> <w type="CC">and</w> <w type="IN">of</w> <w type="NN">course</w> <w type="DTS">these</w> <w type="BED">were</w> <w type="AT">the</w> <w type="NNS">lions</w> <w type="IN">of</w> <w type="CD">fifty</w> <w type="NNS">years</w> <w type="RB">ago</w> <c type="pct">,</c> <w type="NEG">not</w> <w type="AT">the</w> <w type="JJR">gentler</w> <w type="NNS">ones</w> <w type="IN">of</w> <w type="NR">today</w> <c type="pct">,</c> <w type="CC">and</w> <w type="DT">this</w> <w type="CD">one</w> <w type="BEDZ">was</w> <w type="JJ">angry</w> <c type="pct">,</c> <w type="IN">with</w> <w type="JJ">good</w> <w type="NN">reason</w> <c type="pct">.</c> </s>
<s n="82"><w type="NP">Loveless</w> <c type="pct">,</c> <w type="RB">too</w> <c type="pct">,</c> <w type="VBD">objected</w> <c type="pct">.</c> </s>
<s n="83"><c type="pct">``</c> <w type="PPS">It</w> <mw pos="MD *">won't </mw><w type="VB">work</w> <c type="pct">,</c> <w type="NN" subtype="TL">Colonel</w> <c type="pct">''</c> <c type="pct">.</c> </s>
</p>
<p><s n="84"><c type="pct">``</c> <w type="RB">Just</w> <w type="AT">the</w> <w type="AP">same</w> <mw pos="PPSS MD">we'll </mw><w type="VB">try</w> <w type="PPO">it</w> <c type="pct">''</c> <c type="pct">.</c> </s>
</p>
<p><s n="85"><w type="CC">But</w> <w type="IN">without</w> <w type="VBG">waiting</w> <w type="IN">for</w> <w type="PPO">them</w> <w type="TO">to</w> <w type="VB">try</w> <w type="PPO">it</w> <c type="pct">,</c> <w type="PPS">she</w> <w type="VBD">scattered</w> <w type="AT">the</w> <w type="NNS">dogs</w> <w type="CC">and</w> <w type="VBD">shot</w> <w type="IN">down</w> <w type="AT">the</w> <w type="NN" subtype="TL">Reef</w> <w type="CC">and</w> <w type="RP">out</w> <w type="IN">across</w> <w type="AT">the</w> <w type="NN">plain</w> <c type="pct">.</c> </s>
</p>
<p><s n="86"><w type="NP">John</w> <w type="VBD">led</w> <w type="AT">the</w> <w type="NN">chase</w> <w type="IN">after</w> <w type="PPO">her</w> <w type="CC">and</w> <w type="AT">the</w> <w type="AP">other</w> <w type="NNS">dogs</w> <w type="VBD">strung</w> <w type="RP">out</w> <w type="RB">behind</w> <c type="pct">,</c> <w type="AP">many</w> <w type="IN">of</w> <w type="PPO">them</w> <w type="VBG">trailing</w> <w type="NN">blood</w> <c type="pct">.</c> </s>
<s n="87"><w type="NP">John</w> <w type="PPL">himself</w> <w type="BEDZ">was</w> <w type="VBN">bruised</w> <w type="CC">and</w> <w type="VBN">clawed</w> <w type="IN">from</w> <w type="NN">head</w> <w type="IN">to</w> <w type="NN">tail</w> <c type="pct">,</c> <w type="CC">but</w> <w type="PPS">he</w> <w type="BEDZ">was</w> <w type="IN">in</w> <w type="DT">this</w> <w type="NN">fight</w> <w type="IN">to</w> <w type="AT">the</w> <w type="NN">finish</w> <c type="pct">,</c> <w type="VBG">running</w> <w type="RB">almost</w> <w type="QL">as</w> <w type="RB">strongly</w> <w type="RB">now</w> <w type="CS">as</w> <w type="IN">in</w> <w type="AT">the</w> <w type="NN">morning</w> <c type="pct">.</c> </s>
</p>
<p><s n="88"><w type="PPS">She</w> <w type="VBD">took</w> <w type="NN">refuge</w> <w type="IN">on</w> <w type="AT">a</w> <w type="NN">tongue</w> <w type="IN">of</w> <w type="NN">land</w> <w type="VBG">extending</w> <w type="IN">into</w> <w type="AT">a</w> <w type="NN">gully</w> <c type="pct">,</c> <w type="VBN">crouched</w> <w type="IN">at</w> <w type="AT">the</w> <w type="NN">base</w> <w type="IN">of</w> <w type="AT">a</w> <w type="NN">thorn</w> <w type="NN">tree</w> <c type="pct">,</c> <w type="CC">and</w> <w type="VBD">waited</w> <w type="IN">for</w> <w type="PPO">them</w> <w type="TO">to</w> <w type="VB">come</w> <w type="RP">up</w> <c type="pct">.</c> </s>
<s n="89"><w type="PPS">She</w> <w type="HVD">had</w> <w type="VBN">chosen</w> <w type="AT">the</w> <w type="NN">spot</w> <w type="RB">well</w> <c type="pct">.</c> </s>
<s n="90"><w type="IN">With</w> <w type="AT">the</w> <w type="NN">gully</w> <w type="IN">on</w> <w type="CD">three</w> <w type="NNS">sides</w> <c type="pct">,</c> <w type="PPS">she</w> <w type="MD">could</w> <w type="BE">be</w> <w type="VBN">approached</w> <w type="RB">only</w> <w type="IN">along</w> <w type="AT">the</w> <w type="NN">tongue</w> <w type="IN">of</w> <w type="NN">land</w> <c type="pct">.</c> </s>
<s n="91"><c type="pct">``</c> <w type="JJ">Careful</w> <c type="pct">,</c> <w type="RB">now</w> <c type="pct">''</c> <c type="pct">,</c> <w type="NP">Jones</w> <w type="VBD">warned</w> <c type="pct">.</c> </s>
</p>
<p><s n="92"><w type="NP">Means</w> <w type="VBD">tried</w> <w type="PPO">her</w> <w type="RB">first</w> <c type="pct">.</c> </s>
<s n="93"><w type="QL">Very</w> <w type="RB">slowly</w> <w type="PPS">he</w> <w type="VBD">maneuvered</w> <w type="PPg">his</w> <w type="JJ">rawboned</w> <w type="NN">bay</w> <w type="NN">gelding</w> <c type="pct">,</c> <w type="VBG">edging</w> <w type="RBR">closer</w> <c type="pct">,</c> <w type="VBG">watching</w> <w type="IN">for</w> <w type="AT">a</w> <w type="NN">chance</w> <w type="TO">to</w> <w type="VB">throw</w> <c type="pct">,</c> <w type="CC">but</w> <w type="JJ">ready</w> <w type="TO">to</w> <w type="VB">spin</w> <w type="CC">and</w> <w type="VB">run</w> <c type="pct">,</c> <w type="NN">rope</w> <w type="VBG">whining</w> <w type="IN">about</w> <w type="PPg">his</w> <w type="NN">head</w> <c type="pct">,</c> <w type="NN">horse</w> <w type="VBG">edging</w> <w type="RB">tensely</w> <w type="IN">under</w> <w type="PPO">him</w> <c type="pct">,</c> <w type="CC">but</w> <w type="AT">the</w> <w type="NN">gelding</w> <w type="BEDZ">was</w> <w type="JJ">obedient</w> <w type="CC">and</w> <w type="VBD">responded</w> <w type="CC">and</w> <w type="BEDZ">was</w> <w type="NEG">not</w> <w type="VBN">paralyzed</w> <w type="IN">by</w> <w type="AT">the</w> <w type="JJ">close</w> <w type="NN">proximity</w> <w type="IN">of</w> <w type="AT">the</w> <w type="NN">lion</w> <c type="pct">.</c> </s>
<s n="94"><w type="PPSS">They</w> <w type="VB">tell</w> <w type="PPO">you</w> <w type="NNS">horses</w> <w type="VB">go</w> <w type="JJ">crazy</w> <w type="IN">at</w> <w type="AT">the</w> <w type="NN">sight</w> <w type="CC">or</w> <w type="NN">smell</w> <w type="IN">of</w> <w type="AT">a</w> <w type="NN">bear</w> <w type="CC">or</w> <w type="AT">a</w> <w type="NN">lion</w> <c type="pct">,</c> <w type="CC">but</w> <w type="DTS">these</w> <mw pos="DOD *">didn't </mw><c type="pct">.</c> </s>
</p>
<p><s n="95"><w type="NP">Means</w> <w type="VBD">edged</w> <w type="RBR">closer</w> <c type="pct">.</c> </s>
<s n="96"><w type="PPS">She</w> <w type="VBD">snarled</w> <w type="RB">warningly</w> <c type="pct">.</c> </s>
<s n="97"><w type="NNS">Means</w> <w type="VBD">spit</w> <w type="CC">and</w> <w type="VBD">edged</w> <w type="RP">on</w> <c type="pct">.</c> </s>
<s n="98"><w type="RB">Again</w> <w type="PPS">she</w> <w type="VBD">snarled</w> <c type="pct">,</c> <w type="CC">and</w> <w type="RB">again</w> <w type="PPS">he</w> <w type="VBD">edged</w> <c type="pct">.</c> </s>
<s n="99"><w type="AT">The</w> <w type="NN">pony</w> <w type="BEDZ">was</w> <w type="RB">sidewise</w> <w type="IN">to</w> <w type="PPO">her</w> <c type="pct">.</c> </s>
<s n="100"><w type="IN">With</w> <w type="AT">a</w> <w type="VBG">whirling</w> <w type="NN">jump</w> <c type="pct">,</c> <w type="PPS">it</w> <w type="MD">could</w> <w type="VB">get</w> <w type="IN">into</w> <w type="NN">gear</w> <c type="pct">.</c> </s>
<s n="101"><w type="RB">However</w> <w type="PN">nothing</w> <w type="IN">on</w> <w type="CD">four</w> <w type="NNS">legs</w> <w type="BEDZ">was</w> <w type="VBN">supposed</w> <w type="TO">to</w> <w type="BE">be</w> <w type="RBR">faster</w> <w type="CS">than</w> <w type="AT">a</w> <w type="NN">lion</w> <w type="IN">over</w> <w type="AT">a</w> <w type="JJ">short</w> <w type="NN">distance</w> <c type="pct">,</c> <w type="CS">unless</w> <w type="PPS">it</w> <w type="BEDZ">was</w> <w type="AT">a</w> <w type="NN">cheetah</w> <c type="pct">.</c> </s>
</p>
<p><s n="102"><w type="PPS">She</w> <w type="VBD">charged</w> <c type="pct">.</c> </s>
<s n="103"><w type="NP">Means</w> <w type="VBD">spun</w> <w type="CC">and</w> <w type="VBD">spurred</w> <c type="pct">.</c> </s>
<s n="104"><w type="IN">For</w> <w type="CD">thirty</w> <w type="NNS">yards</w> <w type="PPS">she</w> <w type="VBD">gained</w> <w type="RB">rapidly</w> <c type="pct">.</c> </s>
<s n="105"><w type="PPS">She</w> <w type="BEDZ">was</w> <w type="VBG">closing</w> <w type="CC">and</w> <w type="IN">within</w> <w type="CD">one</w> <w type="AP">more</w> <w type="NN">bound</w> <w type="MD">would</w> <w type="HV">have</w> <w type="BEN">been</w> <w type="JJ">able</w> <w type="TO">to</w> <w type="VB">reach</w> <w type="AT">the</w> <w type="JJ">rear</w> <w type="NN">end</w> <w type="IN">of</w> <w type="AT">the</w> <w type="NN">bay</w> <c type="pct">,</c> <w type="CC">but</w> <c type="pct">--</c> <w type="CC">and</w> <w type="RB">here</w> <w type="NP">Jones</w> <w type="CC">and</w> <w type="NP">Loveless</w> <w type="CC">and</w> <w type="NP">Ulyate</w> <w type="BED">were</w> <w type="VBG">holding</w> <w type="NN">breath</w> <w type="IN">for</w> <w type="ABN">all</w> <w type="PPSS">they</w> <w type="BED">were</w> <w type="JJ">worth</w> <c type="pct">--</c> <w type="PPS">she</w> <w type="RB">never</w> <w type="QL">quite</w> <w type="VBD">caught</w> <w type="RP">up</w> <w type="DT">that</w> <w type="AP">last</w> <w type="NN">bound</w> <c type="pct">.</c> </s>
<s n="106"><w type="NP">Means</w> <w type="VBD">held</w> <w type="RB">steady</w> <w type="CD">one</w> <w type="NN">jump</w> <w type="RB">ahead</w> <w type="IN">of</w> <w type="PPO">her</w> <c type="pct">.</c> </s>
<s n="107"><w type="RB">Then</w> <w type="RB">gradually</w> <w type="PPS">he</w> <w type="VBD">began</w> <w type="TO">to</w> <w type="VB">pull</w> <w type="RB">away</w> <c type="pct">.</c> </s>
<s n="108"><w type="AT">A</w> <w type="JJ" subtype="TL">Western</w> <w type="NN">cowpony</w> <w type="HVD">had</w> <w type="VBN">outrun</w> <w type="AT">an</w> <w type="JJ">African</w> <w type="NN">lion</w> <c type="pct">,</c> <w type="IN">from</w> <w type="AT">a</w> <w type="VBG">standing</w> <w type="NN">start</w> <c type="pct">.</c> </s>
<s n="109"><w type="NNS">Photos</w> <w type="VBD">showed</w> <w type="RBR">later</w> <w type="CS">that</w> <mw pos="PPS HVD">she'd </mw><w type="BEN">been</w> <w type="RB">about</w> <w type="CD">six</w> <w type="NNS">feet</w> <w type="IN">from</w> <w type="NP">Means</w> <c type="pct">.</c> </s>
<s n="110"><w type="IN">Of</w> <w type="NN">course</w> <w type="AT">the</w> <w type="NN">factor</w> <w type="IN">of</w> <w type="NN">head</w> <w type="NN">start</w> <w type="VBD">made</w> <w type="ABN">all</w> <w type="AT">the</w> <w type="NN">difference</w> <c type="pct">.</c> </s>
<s n="111"><w type="WQL">How</w> <w type="AP">much</w> <w type="NN">head</w> <w type="NN">start</w> <c type="pct">?</c> <c type="pct">?</c> </s>
<s n="112"><w type="AT">No</w> <w type="PN">one</w> <w type="VBD">knew</w> <w type="RB">exactly</w> <c type="pct">.</c> </s>
<s n="113"><w type="DT">That</w> <w type="BEDZ">was</w> <w type="AT">the</w> <w type="JJ">whole</w> <w type="NN">question</w> <c type="pct">.</c> </s>
<s n="114"><w type="AP">Enough</w> <c type="pct">,</c> <w type="BEDZ">was</w> <w type="AT">the</w> <w type="NN">answer</w> <c type="pct">.</c> </s>
</p>
<p><s n="115"><w type="AT">The</w> <w type="NN">lioness</w> <w type="RB">quickly</w> <w type="VBD">changed</w> <w type="NN">front</w> <c type="pct">,</c> <w type="WRB">when</w> <w type="PPS">she</w> <w type="VBD">saw</w> <w type="PPS">she</w> <mw pos="MD *">couldn't </mw><w type="VB">catch</w> <w type="NP">Means</w> <c type="pct">,</c> <w type="CC">and</w> <w type="VBD">made</w> <w type="IN">for</w> <w type="NP">Jones</w> <c type="pct">.</c> </s>
<s n="116"><w type="CS">As</w> <w type="PPS">she</w> <w type="HVD">had</w> <w type="VBN">done</w> <w type="IN">with</w> <w type="NP">Means</w> <c type="pct">,</c> <w type="PPS">she</w> <w type="VBD">gained</w> <w type="RB">rapidly</w> <w type="IN">at</w> <w type="RB">first</w> <c type="pct">,</c> <w type="CC">but</w> <w type="RB">then</w> <w type="NP">Baldy</w> <w type="VBD">began</w> <w type="TO">to</w> <w type="VB">draw</w> <w type="RB">away</w> <c type="pct">.</c> </s>
<s n="117"><w type="NN">Somewhere</w> <w type="IN">in</w> <w type="AT">the</w> <w type="AP">few</w> <w type="JJ">scant</w> <w type="NNS">yards</w> <w type="IN">of</w> <w type="NN">head</w> <w type="NN">start</w> <w type="BEDZ">was</w> <w type="AT">the</w> <w type="VBG">determining</w> <w type="NN">point</w> <c type="pct">.</c> </s>
</p>
<p><s n="118"><w type="WRB">When</w> <w type="NP">Jones</w> <w type="RB">too</w> <w type="VBD">drew</w> <w type="RB">away</w> <c type="pct">,</c> <w type="PPS">she</w> <w type="VBD">returned</w> <w type="IN">to</w> <w type="AT">a</w> <w type="NN">thorn</w> <w type="NN">bush</w> <w type="IN">in</w> <w type="AT">the</w> <w type="NN">neck</w> <w type="IN">of</w> <w type="NN">land</w> <w type="VBG">running</w> <w type="IN">into</w> <w type="AT">the</w> <w type="NN">gully</w> <c type="pct">,</c> <w type="VBD">crouched</w> <w type="RB">low</w> <w type="CC">and</w> <w type="VBD">waited</w> <w type="CS">as</w> <w type="RB">before</w> <c type="pct">.</c> </s>
<s n="119"><w type="DT">This</w> <w type="JJ">new</w> <w type="NN">position</w> <c type="pct">,</c> <w type="RB">however</w> <c type="pct">,</c> <w type="VBD">gave</w> <w type="AT">the</w> <w type="NNS">ropers</w> <w type="AT">a</w> <w type="JJR">better</w> <w type="NN">chance</w> <c type="pct">.</c> </s>
<s n="120"><w type="EX">There</w> <w type="BEDZ">was</w> <w type="NN">room</w> <w type="TO">to</w> <w type="VB">make</w> <w type="AT">a</w> <w type="JJ">quick</w> <w type="NN">dash</w> <w type="IN">past</w> <w type="AT">the</w> <w type="NN">bush</w> <w type="CC">and</w> <w type="VB">throw</w> <w type="CS">as</w> <w type="PPSS">you</w> <w type="VBD">went</w> <c type="pct">.</c> </s>
<s n="121"><w type="RB">So</w> <c type="pct">:</c> <w type="NP">Means</w> <w type="VBD">edged</w> <w type="RB">around</w> <w type="IN">on</w> <w type="AT">the</w> <w type="NR">north</w> <w type="NN">side</w> <w type="IN">of</w> <w type="PPO">her</w> <c type="pct">,</c> <w type="NP">Jones</w> <w type="VBD">moved</w> <w type="RP">in</w> <w type="IN">from</w> <w type="AT">the</w> <w type="NR">south</w> <c type="pct">.</c> </s>
<s n="122"><w type="VBG">Tossing</w> <w type="PPg">his</w> <w type="NN">rope</w> <w type="CC">and</w> <w type="VBG">shouting</w> <w type="PPS">he</w> <w type="VBD">attracted</w> <w type="PPg">her</w> <w type="NN">attention</w> <c type="pct">.</c> </s>
<s n="123"><w type="PPS">He</w> <w type="VBD">succeeded</w> <w type="QL">almost</w> <w type="QL">too</w> <w type="RB">well</w> <c type="pct">,</c> <w type="CS">because</w> <w type="CS">once</w> <w type="PPS">she</w> <w type="VBD">rose</w> <w type="CS">as</w> <w type="CS">if</w> <w type="TO">to</w> <w type="VB">charge</w> <c type="pct">,</c> <w type="CC">and</w> <w type="PPS">he</w> <w type="QL">half</w> <w type="VBD">wheeled</w> <w type="PPg">his</w> <w type="NN">horse</w> <c type="pct">--</c> <w type="PPS">he</w> <w type="BEDZ">was</w> <w type="IN">within</w> <w type="CD">fifty</w> <w type="NNS">feet</w> <c type="pct">--</c> <w type="CC">but</w> <w type="PPS">she</w> <w type="VBD">sank</w> <w type="RB">back</w> <c type="pct">.</c> </s>
</p>
<p><s n="124"><w type="IN">From</w> <w type="IN">behind</w> <w type="PPO">her</w> <w type="NP">Means</w> <w type="VBD">shot</w> <w type="RB">forward</w> <w type="IN">at</w> <w type="AT">a</w> <w type="NN">run</w> <c type="pct">.</c> </s>
<s n="125"><w type="NP">Kearton</w> <w type="VBD">began</w> <w type="VBG">shouting</w> <c type="pct">,</c> <c type="pct">``</c> <w type="VB">Wait</w> <c type="pct">,</c> <w type="VB">wait</w> <c type="pct">--</c> <w type="AT">the</w> <mw pos="NN BEZ">camera's </mw><w type="VBN">jammed</w> <c type="pct">''</c> <c type="pct">!</c> <c type="pct">!</c> </s>
<s n="126"><w type="CC">But</w> <w type="NP">Means</w> <w type="VBD">kept</w> <w type="RP">on</w> <c type="pct">.</c> </s>
<s n="127"><w type="PPS">He</w> <w type="VBD">raced</w> <w type="RB">by</w> <w type="IN">within</w> <w type="CD">twenty</w> <w type="NNS">feet</w> <w type="IN">of</w> <w type="PPO">her</w> <c type="pct">,</c> <w type="VBD">roped</w> <w type="PPO">her</w> <w type="IN">around</w> <w type="AT">the</w> <w type="NN">neck</w> <c type="pct">,</c> <w type="CC">but</w> <w type="AT">a</w> <w type="NNg">lioness'</w> <w type="NN">neck</w> <w type="BEZ">is</w> <w type="JJ">short</w> <w type="CC">and</w> <w type="JJ">thick</w> <w type="CC">and</w> <w type="IN">with</w> <w type="AT">a</w> <w type="JJ">quick</w> <w type="NN">twist</w> <w type="PPS">she</w> <w type="VBD">slipped</w> <w type="AT">the</w> <w type="NN">noose</w> <w type="RP">off</w> <c type="pct">.</c> </s>
</p>
<p></p></body></text></TEI>
