<TEI xmlns="http://www.tei-c.org/ns/1.0"><teiHeader><fileDesc><titleStmt><title>Sample F40 from  William Greenleaf, Monopoly on Wheels
 Detroit: Wayne State University Press, 1961. Pp. 240-245
 </title></titleStmt><editionStmt><edition>A part  of the XML version of the Brown Corpus</edition></editionStmt><extent>2,005 words 457 (22.8%) quotes 1 symbol</extent><publicationStmt><idno>F40</idno><availability><p>Used by permission 0010-1910</p></availability></publicationStmt><sourceDesc><bibl> William Greenleaf, Monopoly on Wheels
 Detroit: Wayne State University Press, 1961. Pp. 240-245
 </bibl></sourceDesc></fileDesc><encodingDesc><p>Typographical Error (within quotation): beneficient [1410-1420]</p></encodingDesc><revisionDesc><change when="2008-04-27">Header auto-generated for TEI version</change></revisionDesc></teiHeader>
<text xml:id="F40" decls="F">
<body><p><s n="1"><w type="IN">In</w> <w type="AT">the</w> <w type="JJ">final</w> <w type="NN">accounting</w> <c type="pct">,</c> <w type="DTS">these</w> <w type="MD">would</w> <w type="HV">have</w> <w type="VBN">augmented</w> <w type="AT">the</w> <w type="NN">bill</w> <w type="IN">for</w> <w type="ABX">both</w> <w type="NNS">sides</w> <c type="pct">.</c> </s>
<s n="2"><w type="AT">An</w> <w type="NN">estimate</w> <w type="IN">of</w> <w type="CD">one</w> <w type="CD">million</w> <w type="NNS">dollars</w> <w type="BEZ">is</w> <w type="RB">probably</w> <w type="NEG">not</w> <w type="JJ">excessive</w> <c type="pct">.</c> </s>
</p>
<p><s n="3"><w type="CC">Yet</w> <w type="AT">the</w> <w type="JJ">huge</w> <w type="NN">amount</w> <w type="IN">of</w> <w type="NN">money</w> <w type="VBN">consumed</w> <w type="IN">by</w> <w type="AT">the</w> <w type="NP">Selden</w> <w type="NN">litigation</w> <c type="pct">,</c> <w type="WDT">which</w> <w type="AP">many</w> <w type="VBN">regarded</w> <w type="CS">as</w> <w type="JJ">wasteful</w> <c type="pct">,</c> <w type="RB">indirectly</w> <w type="VBN">contributed</w> <w type="IN">to</w> <w type="JJ">constructive</w> <w type="NNS">changes</w> <w type="IN">in</w> <w type="JJ">legal</w> <w type="NN">procedure</w> <c type="pct">.</c> </s>
<s n="4"><w type="AT">The</w> <w type="NN">duration</w> <w type="CC">and</w> <w type="AP">other</w> <w type="NNS">circumstances</w> <w type="IN">of</w> <w type="AT">the</w> <w type="NP">Selden</w> <w type="NN">case</w> <w type="VBD">made</w> <w type="PPO">it</w> <w type="AT">a</w> <w type="JJ">flagrant</w> <w type="NN">example</w> <w type="IN">of</w> <w type="AT">the</w> <w type="JJ">gross</w> <w type="NNS">abuses</w> <w type="IN">of</w> <w type="NN">patent</w> <w type="NN">infringement</w> <w type="NNS">actions</w> <c type="pct">.</c> </s>
<s n="5"><w type="AT">The</w> <w type="NN">suit</w> <c type="pct">,</c> <w type="CS">as</w> <w type="PPSS">we</w> <w type="HV">have</w> <w type="VBN">seen</w> <c type="pct">,</c> <w type="VBD">came</w> <w type="IN">before</w> <w type="AT">the</w> <w type="NNS">courts</w> <w type="WRB">when</w> <w type="NN">patent</w> <w type="NNS">attorneys</w> <c type="pct">,</c> <w type="NNS">inventors</w> <c type="pct">,</c> <w type="CC">and</w> <w type="NNS">laymen</w> <w type="BED">were</w> <w type="VBG">making</w> <w type="VBG">mounting</w> <w type="NNS">demands</w> <w type="IN">for</w> <w type="NNS">reforms</w> <w type="IN">in</w> <w type="AT">the</w> <w type="JJ">American</w> <w type="NN">patent</w> <w type="NN">system</w> <c type="pct">.</c> </s>
<s n="6"><w type="JJS">Chief</w> <w type="IN">among</w> <w type="AT">the</w> <w type="NNS">defects</w> <w type="PPSS">they</w> <w type="VBD">singled</w> <w type="RP">out</w> <w type="BED">were</w> <w type="AT">the</w> <w type="VBN">complicated</w> <w type="CC">and</w> <w type="JJ">wearisome</w> <w type="NNS">procedures</w> <w type="IN">in</w> <w type="NN">equity</w> <c type="pct">.</c> </s>
</p>
<p><s n="7"><w type="IN">In</w> <w type="AT">a</w> <w type="JJ">long</w> <w type="CC">and</w> <w type="JJ">angry</w> <w type="NN">footnote</w> <w type="IN">to</w> <w type="PPg">his</w> <w type="NN">opinion</w> <c type="pct">,</c> <w type="NN" subtype="TL">Judge</w> <w type="NP">Hough</w> <w type="HVD">had</w> <w type="VBN">lent</w> <w type="AT">the</w> <w type="NN">weight</w> <w type="IN">of</w> <w type="JJ">judicial</w> <w type="NN">condemnation</w> <w type="IN">to</w> <w type="JJ">such</w> <w type="NN">criticism</w> <c type="pct">.</c> </s>
<s n="8"><c type="pct">``</c> <w type="PPS">It</w> <w type="BEZ">is</w> <w type="AT">a</w> <w type="NN">duty</w> <c type="pct">''</c> <c type="pct">,</c> <w type="VBD">said</w> <w type="NP">Hough</w> <c type="pct">,</c> <c type="pct">``</c> <w type="NEG">not</w> <w type="TO">to</w> <w type="VB">let</w> <w type="VB">pass</w> <w type="DT">this</w> <w type="NN">opportunity</w> <w type="IN">of</w> <w type="VBG">protesting</w> <w type="IN">against</w> <w type="AT">the</w> <w type="NNS">methods</w> <w type="IN">of</w> <w type="VBG">taking</w> <w type="CC">and</w> <w type="VBG">printing</w> <w type="NN">testimony</w> <w type="IN">in</w> <w type="NN" subtype="TL">Equity</w> <c type="pct">,</c> <w type="JJ">current</w> <w type="IN">in</w> <w type="DT">this</w> <w type="NN">circuit</w> <c type="pct">(</c> <w type="CC">and</w> <w type="RB">probably</w> <w type="NNS">others</w> <c type="pct">)</c> <c type="pct">,</c> <w type="VBN">excused</w> <w type="CS">if</w> <w type="NEG">not</w> <w type="VBN">justified</w> <w type="IN">by</w> <w type="AT">the</w> <w type="NNS">rules</w> <w type="IN">of</w> <w type="AT">the</w> <w type="JJ" subtype="TL">Supreme</w> <w type="NN" subtype="TL">Court</w> <c type="pct">,</c> <w type="RB">especially</w> <w type="TO">to</w> <w type="BE">be</w> <w type="VBN">found</w> <w type="IN">in</w> <w type="NN">patent</w> <w type="NNS">causes</w> <c type="pct">,</c> <w type="CC">and</w> <w type="RB">flagrantly</w> <w type="VBN">exemplified</w> <w type="IN">in</w> <w type="DT">this</w> <w type="NN">litigation</w> <c type="pct">.</c> </s>
<s n="9"><w type="QL">As</w> <w type="RB">long</w> <w type="CS">as</w> <w type="AT">the</w> <w type="NN">bar</w> <w type="VBZ">prefers</w> <w type="TO">to</w> <w type="VB">adduce</w> <w type="NN">evidence</w> <w type="IN">by</w> <w type="VBN">written</w> <w type="NN">deposition</w> <c type="pct">,</c> <w type="IN">rather</w> <w type="IN">than</w> <w type="JJ" subtype="FW">viva</w> <w type="NN" subtype="FW">voce</w> <w type="IN">before</w> <w type="AT">an</w> <w type="JJ">authoritative</w> <w type="JJ">judicial</w> <w type="NN">officer</w> <c type="pct">,</c> <w type="PPSS">I</w> <w type="VB">fear</w> <w type="CS">that</w> <w type="AT">the</w> <w type="VBN">antiquated</w> <w type="NNS">rules</w> <w type="MD">will</w> <w type="VB">remain</w> <w type="JJ">unchanged</w> <c type="pct">,</c> <w type="CC">and</w> <w type="JJ">expensive</w> <w type="NN">prolixity</w> <w type="VB">remain</w> <w type="AT">the</w> <w type="JJT">best</w> <w type="VBN">known</w> <w type="NN">characteristic</w> <w type="IN">of</w> <w type="NN" subtype="TL">Equity</w> <c type="pct">''</c> <c type="pct">.</c> </s>
<s n="10"><w type="VBG">Observing</w> <w type="CS">that</w> <c type="pct">``</c> <w type="NNS">reforms</w> <w type="RB">sometimes</w> <w type="VB">begin</w> <w type="IN">with</w> <w type="AT">the</w> <w type="NN">contemplation</w> <w type="IN">of</w> <w type="JJ">horrible</w> <w type="NNS">examples</w> <c type="pct">''</c> <c type="pct">,</c> <w type="NP">Hough</w> <w type="VBD">catalogued</w> <w type="AT">the</w> <w type="AP">many</w> <w type="NNS">abuses</w> <w type="VBN">encouraged</w> <w type="IN">by</w> <w type="VBG">existing</w> <w type="NNS">procedures</w> <c type="pct">.</c> </s>
<s n="11"><w type="PPS">He</w> <w type="VBD">cited</w> <w type="AT">the</w> <w type="JJ">elephantine</w> <w type="NNS">dimensions</w> <w type="IN">of</w> <w type="AT">the</w> <w type="NP">Selden</w> <w type="NN">case</w> <w type="NN">record</w> <c type="pct">;</c> <c type="pct">;</c> </s>
<s n="12"><w type="AT">the</w> <w type="NN">duplication</w> <w type="IN">of</w> <w type="NN">testimony</w> <w type="CC">and</w> <w type="NNS">exhibits</w> <c type="pct">;</c> <c type="pct">;</c> </s>
<s n="13"><w type="AT">the</w> <w type="JJ">numerous</w> <w type="NNS">squabbles</w> <w type="IN">over</w> <w type="JJ">minor</w> <w type="NNS">matters</w> <c type="pct">;</c> <c type="pct">;</c> </s>
<s n="14"><w type="AT">the</w> <c type="pct">``</c> <w type="NNS">objections</w> <w type="VBN">stated</w> <w type="IN">at</w> <w type="JJ">outrageous</w> <w type="NN">length</w> <c type="pct">''</c> <c type="pct">;</c> <c type="pct">;</c> </s>
<s n="15"><w type="CC">and</w> <w type="AT">the</w> <w type="JJ">frequent</w> <w type="CC">and</w> <w type="JJ">rancorous</w> <w type="JJ">verbal</w> <w type="NNS">bouts</w> <c type="pct">,</c> <c type="pct">``</c> <w type="JJ">uncalled</w> <w type="RB">for</w> <w type="CC">and</w> <w type="JJ">unjustifiable</w> <c type="pct">,</c> <w type="IN">from</w> <w type="AT">the</w> <w type="NN">retort</w> <w type="JJ">discourteous</w> <w type="IN">to</w> <w type="AT">the</w> <w type="NN">lie</w> <w type="JJ">direct</w> <c type="pct">''</c> <c type="pct">.</c> </s>
</p>
<p><s n="16"><w type="AT">The</w> <w type="JJ">fundamental</w> <w type="NN">difficulty</w> <w type="IN">of</w> <w type="WDT">which</w> <w type="AT">the</w> <w type="NP">Selden</w> <w type="NN">case</w> <w type="BEDZ">was</w> <c type="pct">``</c> <w type="AT">a</w> <w type="JJ">striking</w> <c type="pct">(</c> <w type="CS">though</w> <w type="NEG">not</w> <w type="JJ">singular</w> <c type="pct">)</c> <w type="NN">example</w> <c type="pct">''</c> <c type="pct">,</c> <w type="VBD">concluded</w> <w type="NP">Hough</w> <c type="pct">,</c> <c type="pct">``</c> <w type="MD">will</w> <w type="VB">remain</w> <w type="QL">as</w> <w type="RB">long</w> <w type="CS">as</w> <w type="NN">testimony</w> <w type="BEZ">is</w> <w type="VBN">taken</w> <w type="IN">without</w> <w type="DTI">any</w> <w type="JJ">authoritative</w> <w type="JJ">judicial</w> <w type="NN">officer</w> <w type="RB">present</w> <c type="pct">,</c> <w type="CC">and</w> <w type="JJ">responsible</w> <w type="IN">for</w> <w type="AT">the</w> <w type="NN">maintenance</w> <w type="IN">of</w> <w type="NN">discipline</w> <c type="pct">,</c> <w type="CC">and</w> <w type="AT">the</w> <w type="NN">reception</w> <w type="CC">or</w> <w type="NN">exclusion</w> <w type="IN">of</w> <w type="NN">testimony</w> <c type="pct">''</c> <c type="pct">.</c> </s>
</p>
<p><s n="17"><w type="NEG">Not</w> <w type="AP">least</w> <w type="IN">among</w> <w type="AT">the</w> <w type="NNS">members</w> <w type="IN">of</w> <w type="AT">the</w> <w type="NN">patent</w> <w type="NN">bar</w> <w type="WPS">who</w> <w type="VBD">echoed</w> <w type="DT">this</w> <w type="JJ">powerful</w> <w type="NN">indictment</w> <w type="BED">were</w> <w type="DTS">those</w> <w type="WPS">who</w> <w type="HVD">had</w> <w type="VBN">participated</w> <w type="IN">in</w> <w type="AT">the</w> <w type="NP">Selden</w> <w type="NN">suit</w> <c type="pct">.</c> </s>
<s n="18"><w type="NP">William</w> <w type="NP">A.</w> <w type="NP">Redding</w> <w type="VBD">asserted</w> <w type="CS">that</w> <w type="CS">if</w> <w type="AT">the</w> <w type="NN">case</w> <w type="HVD">had</w> <w type="BEN">been</w> <w type="VBN">heard</w> <w type="IN">in</w> <w type="JJ">open</w> <w type="NN">court</w> <w type="IN">under</w> <w type="NNS">rules</w> <w type="IN">of</w> <w type="NN">evidence</w> <c type="pct">,</c> <w type="AT">the</w> <w type="NN">testimony</w> <w type="MD">would</w> <w type="HV">have</w> <w type="BEN">been</w> <w type="VBN">completed</w> <w type="IN">in</w> <w type="CD">sixty</w> <w type="NNS">days</w> <w type="RB">instead</w> <w type="IN">of</w> <w type="CD">five</w> <w type="NNS">years</w> <c type="pct">.</c> </s>
<s n="19"><w type="NNS">Inventors</w> <w type="VBD">joined</w> <w type="NNS">lawyers</w> <w type="IN">in</w> <w type="AT">the</w> <w type="NN">clamor</w> <w type="IN">for</w> <w type="NN">reform</w> <c type="pct">,</c> <w type="RB">inevitably</w> <w type="VBG">centering</w> <w type="IN">upon</w> <w type="AT">the</w> <w type="NP">Selden</w> <w type="NN">litigation</w> <w type="CS">as</w> <w type="AT">a</w> <c type="pct">``</c> <w type="JJ">horrible</w> <w type="NN">example</w> <c type="pct">''</c> <c type="pct">.</c> </s>
<s n="20"><w type="PPg">Its</w> <w type="JJ">costive</w> <w type="NNS">deliberations</w> <w type="BED">were</w> <w type="VBN">likened</w> <w type="IN">to</w> <w type="DTS">those</w> <w type="IN">of</w> <w type="AT">the</w> <w type="JJ">British</w> <w type="NNS">courts</w> <w type="IN">of</w> <w type="NN">chancery</w> <w type="RB">mercilessly</w> <w type="VBN">caricatured</w> <w type="IN">by</w> <w type="NP">Dickens</w> <w type="IN">in</w> <w type="JJ" subtype="TL">Bleak</w> <w type="NN" subtype="TL">House</w> <c type="pct">.</c> </s>
</p>
<p><s n="21"><w type="NP">Parker</w> <c type="pct">,</c> <w type="WPS">who</w> <w type="VBD">agreed</w> <w type="IN">with</w> <w type="AP">much</w> <w type="IN">of</w> <w type="DT">this</w> <w type="NN">criticism</w> <c type="pct">,</c> <w type="DOD">did</w> <w type="NEG">not</w> <w type="VB">conceal</w> <w type="PPg">his</w> <w type="NN">dissatisfaction</w> <w type="IN">with</w> <w type="JJ">procedural</w> <w type="NNS">defects</w> <c type="pct">.</c> </s>
<s n="22"><w type="CC">But</w> <w type="PPS">he</w> <w type="VBD">felt</w> <w type="CS">that</w> <w type="AT">the</w> <w type="NP">Selden</w> <w type="NN">case</w> <w type="BEDZ">was</w> <w type="BEG">being</w> <w type="RB">unfairly</w> <w type="VBN">pilloried</w> <c type="pct">.</c> </s>
<s n="23"><w type="IN">In</w> <w type="AT">a</w> <w type="VBN">detailed</w> <w type="NN">letter</w> <w type="VBN">published</w> <w type="IN">in</w> <w type="AT">the</w> <w type="JJ" subtype="TL">Scientific</w> <w type="NP" subtype="TL">American</w> <w type="IN">in</w> <w type="CD">1912</w> <c type="pct">,</c> <w type="PPS">he</w> <w type="VBD">remarked</w> <w type="CS">that</w> <c type="pct">``</c> <w type="JJ">loose</w> <w type="NNS">statements</w> <c type="pct">''</c> <w type="IN">about</w> <w type="AT">the</w> <w type="NN">case</w> <w type="VBD">showed</w> <w type="JJ">scant</w> <w type="NN">understanding</w> <w type="IN">of</w> <w type="AT">the</w> <w type="NNS">facts</w> <c type="pct">.</c> </s>
<s n="24"><w type="AT">The</w> <w type="NN">suit</w> <c type="pct">,</c> <w type="CS">although</w> <w type="RB">commonly</w> <w type="VBN">designated</w> <w type="CS">as</w> <w type="AT">a</w> <w type="AP">single</w> <w type="NN">action</w> <c type="pct">,</c> <w type="RB">actually</w> <w type="VBD">embraced</w> <w type="CD">five</w> <w type="NNS">cases</w> <c type="pct">.</c> </s>
<s n="25"><w type="NP">Parker</w> <w type="VBD">insisted</w> <w type="CS">that</w> <w type="AT">the</w> <w type="NN">size</w> <w type="IN">of</w> <w type="AT">the</w> <w type="NN">record</w> <w type="MD">would</w> <w type="HV">have</w> <w type="BEN">been</w> <w type="RB">drastically</w> <w type="VBN">reduced</w> <w type="CC">but</w> <w type="IN">for</w> <w type="AT">an</w> <w type="JJ">unavoidable</w> <w type="NN">duplication</w> <w type="IN">of</w> <w type="NN">testimony</w> <c type="pct">.</c> </s>
</p>
<p><s n="26"><w type="IN">In</w> <w type="AT">a</w> <w type="JJ">private</w> <w type="NN">communication</w> <w type="VBN">written</w> <w type="IN">in</w> <w type="CD">1911</w> <c type="pct">,</c> <w type="NP">Parker</w> <w type="HVD">had</w> <w type="BEN">been</w> <w type="RBR">more</w> <w type="IN">to</w> <w type="AT">the</w> <w type="NN">point</w> <c type="pct">.</c> </s>
<s n="27"><w type="VBG">Noting</w> <w type="AT">the</w> <w type="NNS">complaints</w> <w type="IN">of</w> <w type="NNS">inventors</w> <w type="CC">and</w> <w type="NNS">members</w> <w type="IN">of</w> <w type="AT">the</w> <w type="NN">patent</w> <w type="NN">bar</w> <c type="pct">,</c> <w type="PPS">he</w> <w type="VBD">admitted</w> <w type="CS">that</w> <w type="DTI">some</w> <w type="IN">of</w> <w type="AT">the</w> <w type="NNS">strictures</w> <c type="pct">``</c> <w type="BED">were</w> <w type="QL">fairly</w> <w type="RB">well</w> <w type="VBN">founded</w> <c type="pct">''</c> <c type="pct">,</c> <w type="CC">but</w> <w type="PPS">he</w> <w type="VBD">added</w> <w type="CS">that</w> <w type="IN">under</w> <w type="VBG">existing</w> <w type="NNS">rules</w> <w type="AT">the</w> <w type="NNS">courts</w> <w type="MD">could</w> <w type="NEG">not</w> <w type="VB">consolidate</w> <w type="NN">testimony</w> <w type="IN">in</w> <w type="AT">a</w> <w type="NN">group</w> <w type="IN">of</w> <w type="NNS">suits</w> <w type="VBG">involving</w> <w type="JJ">separate</w> <w type="NNS">infringements</w> <w type="IN">of</w> <w type="AT">the</w> <w type="AP">same</w> <w type="NN">patent</w> <c type="pct">.</c> </s>
<s n="28"><w type="AT">The</w> <w type="JJ">vast</w> <w type="JJ">industrial</w> <w type="NNS">interests</w> <w type="VBN">caught</w> <w type="RP">up</w> <w type="IN">in</w> <w type="AT">the</w> <w type="NP">Selden</w> <w type="NN">suit</w> <c type="pct">,</c> <w type="QL">as</w> <w type="RB">well</w> <w type="CS">as</w> <w type="AT">the</w> <w type="JJ">complex</w> <w type="NN">character</w> <w type="IN">of</w> <w type="AT">the</w> <w type="JJ">automotive</w> <w type="NN">art</w> <c type="pct">,</c> <w type="VBD">encouraged</w> <w type="ABX">both</w> <w type="NNS">sides</w> <w type="TO">to</w> <w type="VB">exploit</w> <c type="pct">``</c> <w type="AT">every</w> <w type="JJ">possible</w> <w type="NN">chance</w> <c type="pct">''</c> <w type="IN">for</w> <w type="CC">or</w> <w type="IN">against</w> <w type="AT">the</w> <w type="NN">patent</w> <c type="pct">,</c> <w type="VBD">said</w> <w type="NP">Parker</w> <c type="pct">.</c> </s>
<s n="29"><c type="pct">``</c> <w type="DT">This</w> <w type="QL">very</w> <w type="RB">seldom</w> <w type="VBZ">happens</w> <w type="IN">in</w> <w type="DT">this</w> <w type="NN">class</w> <w type="CC">or</w> <w type="IN">in</w> <w type="AP">other</w> <w type="NNS">cases</w> <c type="pct">,</c> <w type="CC">and</w> <w type="IN">of</w> <w type="NN">course</w> <w type="ABN">all</w> <w type="IN">of</w> <w type="DTS">these</w> <w type="NNS">matters</w> <w type="VBD">led</w> <w type="IN">to</w> <w type="AT">a</w> <w type="NN">volume</w> <w type="CC">and</w> <w type="AT">an</w> <w type="NN">expense</w> <w type="IN">of</w> <w type="AT">the</w> <w type="NN">record</w> <w type="IN">beyond</w> <w type="WDT">what</w> <w type="RB">ordinarily</w> <w type="MD">would</w> <w type="VB">occur</w> <c type="pct">''</c> <c type="pct">.</c> </s>
</p>
<p><s n="30"><w type="NP">Parker</w> <w type="VBD">listed</w> <w type="AT">the</w> <w type="NNS">remedies</w> <w type="PPS">he</w> <w type="VBD">deemed</w> <w type="JJ">essential</w> <w type="IN">for</w> <w type="VBG">reducing</w> <w type="AT">the</w> <w type="NN">cost</w> <w type="CC">and</w> <w type="NN">mass</w> <w type="IN">of</w> <w type="NN">testimony</w> <c type="pct">.</c> </s>
<s n="31"><w type="AT">The</w> <w type="QL">most</w> <w type="JJ">important</w> <w type="IN">of</w> <w type="DTS">these</w> <w type="VBD">found</w> <w type="PPO">him</w> <w type="IN">in</w> <w type="NN">agreement</w> <w type="IN">with</w> <w type="NPg">Hough's</w> <w type="NN">plea</w> <w type="IN">for</w> <w type="NN">reform</w> <c type="pct">.</c> </s>
<s n="32"><w type="NP">Parker</w> <w type="VBD">called</w> <w type="IN">for</w> <w type="NN">abolition</w> <w type="IN">of</w> <w type="AT">the</w> <w type="JJ">indiscriminate</w> <w type="CC">or</w> <w type="JJ">uncontrolled</w> <w type="NN">right</w> <w type="IN">of</w> <w type="VBG">taking</w> <w type="NNS">depositions</w> <w type="IN">before</w> <w type="NNS">officers</w> <w type="IN">of</w> <w type="AT">the</w> <w type="NN">court</w> <w type="WPS">who</w> <w type="HVD">had</w> <w type="AT">no</w> <w type="NN">authority</w> <w type="TO">to</w> <w type="VB">limit</w> <w type="NN">testimony</w> <c type="pct">.</c> </s>
<s n="33"><w type="AT">The</w> <w type="NN">taking</w> <w type="IN">of</w> <w type="NNS">depositions</w> <c type="pct">,</c> <w type="PPS">he</w> <w type="VBD">suggested</w> <c type="pct">,</c> <w type="MD">should</w> <w type="BE">be</w> <w type="VBN">placed</w> <w type="IN">under</w> <w type="AT">a</w> <w type="JJ">special</w> <w type="NN">court</w> <w type="NN">examiner</w> <w type="VBN">empowered</w> <w type="TO">to</w> <w type="VB">compel</w> <w type="JJ">responsive</w> <w type="CC">and</w> <w type="JJ">relevant</w> <w type="NNS">answers</w> <w type="CC">and</w> <w type="TO">to</w> <w type="VB">exclude</w> <w type="JJ">immaterial</w> <w type="NN">testimony</w> <c type="pct">.</c> </s>
<s n="34"><c type="pct">``</c> <w type="PPSS">I</w> <w type="BEM">am</w> <w type="VBN">satisfied</w> <w type="CS">that</w> <w type="IN">in</w> <w type="AT">the</w> <w type="NP">Selden</w> <w type="NN">case</w> <w type="HVD">had</w> <w type="DT">this</w> <w type="NN">power</w> <w type="VBN">existed</w> <w type="CC">and</w> <w type="DT">this</w> <w type="NN">course</w> <c type="pct">(</c> <w type="BEN">been</w> <c type="pct">)</c> <w type="VBN">pursued</w> <c type="pct">,</c> <w type="PPS">it</w> <w type="MD">would</w> <w type="HV">have</w> <w type="VBN">shortened</w> <w type="AT">the</w> <w type="NNS">depositions</w> <w type="IN">of</w> <w type="DTI">some</w> <w type="IN">of</w> <w type="AT">the</w> <w type="NNS">experts</w> <w type="RB">nearly</w> <w type="NN">one-half</w> <w type="CC">and</w> <w type="IN">of</w> <w type="DTI">some</w> <w type="IN">of</w> <w type="AT">the</w> <w type="AP">other</w> <w type="NNS">witnesses</w> <w type="RB">thereto</w> <w type="AP">more</w> <w type="CS">than</w> <w type="CS">that</w> <c type="pct">''</c> <c type="pct">.</c> </s>
</p>
<p><s n="35"><w type="IN">In</w> <w type="AT">the</w> <w type="NN">end</w> <w type="NPg">Hough's</w> <w type="JJ">acidulous</w> <w type="NN">protest</w> <c type="pct">,</c> <w type="WDT">which</w> <w type="NP">Parker</w> <w type="VBD">called</w> <w type="AT">the</w> <c type="pct">``</c> <w type="RB">now</w> <w type="QL">somewhat</w> <w type="JJ">famous</w> <w type="NN">note</w> <w type="IN">on</w> <w type="DT">this</w> <c type="pct">'</c> <w type="NP">Selden</w> <c type="pct">'</c> <w type="NN">case</w> <c type="pct">''</c> <c type="pct">,</c> <w type="DOD">did</w> <w type="NEG">not</w> <w type="VB">go</w> <w type="JJ">unheeded</w> <c type="pct">.</c> </s>
<s n="36"><w type="IN">In</w> <w type="CD">1912</w> <w type="AT">the</w> <w type="VBN" subtype="TL">United</w> <w type="NNS" subtype="TL">States</w> <w type="JJ" subtype="TL">Supreme</w> <w type="NN" subtype="TL">Court</w> <w type="VBD">adopted</w> <w type="AT">a</w> <w type="JJ">new</w> <w type="NN">set</w> <w type="IN">of</w> <w type="NNS">rules</w> <w type="IN">of</w> <w type="NN">equity</w> <w type="WDT">which</w> <w type="VBD">became</w> <w type="JJ">effective</w> <w type="IN">on</w> <w type="NP">February</w> <w type="CD">1</w> <c type="pct">,</c> <w type="CD">1913</w> <c type="pct">.</c> </s>
<s n="37"><w type="AT">The</w> <w type="VBN">revised</w> <w type="NN">procedure</w> <w type="BEDZ">was</w> <w type="VBN">acclaimed</w> <w type="CS">as</w> <w type="AT">a</w> <w type="JJ">long-overdue</w> <w type="NN">reform</w> <c type="pct">.</c> </s>
<s n="38"><w type="IN">Under</w> <w type="AT">the</w> <w type="JJ">new</w> <w type="NNS">rules</w> <c type="pct">,</c> <w type="NN">testimony</w> <w type="BEZ">is</w> <w type="VBN">taken</w> <w type="RB">orally</w> <w type="IN">in</w> <w type="JJ">open</w> <w type="NN">court</w> <w type="IN">in</w> <w type="ABN">all</w> <w type="NNS">cases</w> <w type="IN">except</w> <w type="DTS">those</w> <w type="IN">of</w> <w type="AT">an</w> <w type="JJ">extraordinary</w> <w type="NN">character</w> <c type="pct">.</c> </s>
<s n="39"><w type="AP">Other</w> <w type="JJ">expeditious</w> <w type="NNS">methods</w> <w type="BER">are</w> <w type="VBN">designed</w> <w type="TO">to</w> <w type="VB">prevent</w> <w type="NN">prolixity</w> <c type="pct">,</c> <w type="VB">limit</w> <w type="NNS">delays</w> <c type="pct">,</c> <w type="CC">and</w> <w type="VB">reduce</w> <w type="AT">the</w> <w type="NN">expense</w> <w type="IN">of</w> <w type="NN">infringement</w> <w type="NNS">suits</w> <c type="pct">.</c> </s>
<s n="40"><w type="CD">One</w> <w type="IN">of</w> <w type="AT">the</w> <w type="NP">A.L.A.M.</w> <w type="NNS">lawyers</w> <w type="VBD">observed</w> <w type="CS">that</w> <w type="CS">if</w> <w type="AT">the</w> <w type="NP">Selden</w> <w type="NN">case</w> <w type="HVD">had</w> <w type="BEN">been</w> <w type="VBN">tried</w> <w type="IN">under</w> <w type="DT">this</w> <w type="VBN">simplified</w> <w type="NN">procedure</w> <c type="pct">,</c> <w type="AT">the</w> <w type="NN">testimony</w> <w type="WDT">which</w> <w type="VBD">filled</w> <w type="AP">more</w> <w type="IN">than</w> <w type="AT">a</w> <w type="NN">score</w> <w type="IN">of</w> <w type="NNS">volumes</w> <c type="pct">,</c> <c type="pct">``</c> <w type="IN">at</w> <w type="AT">a</w> <w type="NN">minimum</w> <w type="NN">cost</w> <w type="IN">of</w> <w type="NNS">$1</w> <w type="AT">a</w> <w type="NN">page</w> <w type="IN">for</w> <w type="NN">publication</w> <w type="RB">alone</w> <c type="pct">,</c> <w type="MD">could</w> <w type="HV">have</w> <w type="BEN">been</w> <w type="VBN">contained</w> <w type="IN">in</w> <w type="CD">one</w> <w type="NN">volume</w> <c type="pct">''</c> <c type="pct">.</c> </s>
<s n="41"><w type="CS">While</w> <w type="NN">patent</w> <w type="NNS">suits</w> <w type="BER">are</w> <w type="RB">still</w> <w type="IN">among</w> <w type="AT">the</w> <w type="QL">most</w> <w type="JJ">complex</w> <w type="CC">and</w> <w type="JJ">expensive</w> <w type="NNS">forms</w> <w type="IN">of</w> <w type="NN">litigation</w> <c type="pct">,</c> <w type="DTS">these</w> <w type="NNS">rules</w> <w type="HV">have</w> <w type="VBN">saved</w> <w type="NNS">litigants</w> <w type="JJ">uncounted</w> <w type="NNS">sums</w> <w type="IN">of</w> <w type="NN">money</w> <c type="pct">.</c> </s>
<s n="42"><w type="EX">There</w> <w type="BEZ">is</w> <w type="AP">little</w> <w type="NN">doubt</w> <w type="CS">that</w> <w type="PPSS">they</w> <w type="BED">were</w> <w type="VBN">promulgated</w> <w type="IN">by</w> <w type="AT">the</w> <w type="JJ" subtype="TL">Supreme</w> <w type="NN" subtype="TL">Court</w> <w type="CS">as</w> <w type="AT">a</w> <w type="JJ">direct</w> <w type="NN">result</w> <w type="IN">of</w> <w type="AT">the</w> <w type="NP">Selden</w> <w type="NN">patent</w> <w type="NN">suit</w> <c type="pct">.</c> </s>
</p>
<p><s n="43"><w type="CD" subtype="HL">3</w> </s>
<s n="44"><c type="pct">.</c> </s>
<s n="45"><w type="RB">Even</w> <w type="CS">before</w> <w type="PPS">it</w> <w type="BEDZ">was</w> <w type="RB">formally</w> <w type="VBN">dissolved</w> <w type="IN">in</w> <w type="CD">1912</w> <c type="pct">,</c> <w type="AT">the</w> <w type="NP">A.L.A.M.</w> <w type="BEDZ">was</w> <w type="VBN">succeeded</w> <w type="IN">by</w> <w type="AT">the</w> <w type="NN" subtype="TL">Automobile</w> <w type="NN" subtype="TL">Board</w> <w type="IN" subtype="TL">of</w> <w type="NN" subtype="TL">Trade</w> <c type="pct">,</c> <w type="AT">the</w> <w type="JJ">direct</w> <w type="JJ">lineal</w> <w type="NN">ancestor</w> <w type="IN">of</w> <w type="AT">the</w> <w type="JJ">present-day</w> <w type="NN" subtype="TL">Automobile</w> <w type="NNS" subtype="TL">Manufacturers</w> <w type="NN" subtype="TL">Association</w> <c type="pct">.</c> </s>
<s n="46"><w type="AT">The</w> <w type="NN">trade</w> <w type="NNS">bodies</w> <w type="WDT">which</w> <w type="VBD">came</w> <w type="IN">in</w> <w type="AT">the</w> <w type="NN">wake</w> <w type="IN">of</w> <w type="AT">the</w> <w type="NP">A.L.A.M.</w> <w type="BED">were</w> <w type="QL">more</w> <w type="JJ">representative</w> <c type="pct">,</c> <w type="CS">for</w> <w type="PPSS">they</w> <w type="RB">never</w> <w type="VBD">adopted</w> <w type="AT">a</w> <w type="NN">policy</w> <w type="IN">of</w> <w type="NN">exclusion</w> <c type="pct">.</c> </s>
<s n="47"><w type="RB">Nevertheless</w> <c type="pct">,</c> <w type="PPS">it</w> <w type="BEZ">is</w> <w type="IN">from</w> <w type="AT">the</w> <w type="NP">Selden</w> <w type="NN">organization</w> <w type="CS">that</w> <w type="AT">the</w> <w type="NN">industry</w> <w type="VBD">inherited</w> <w type="PPg">its</w> <w type="JJ">institutional</w> <w type="NN">machinery</w> <w type="IN">for</w> <w type="VBG">furthering</w> <w type="AT">the</w> <w type="JJR">broader</w> <w type="NNS">interests</w> <w type="IN">of</w> <w type="AT">the</w> <w type="NN">trade</w> <c type="pct">.</c> </s>
<s n="48"><w type="CD">One</w> <w type="IN">of</w> <w type="AT">the</w> <w type="JJS">chief</w> <w type="NNS">features</w> <w type="IN">of</w> <w type="DT">this</w> <w type="NN">community</w> <w type="IN">of</w> <w type="NN">interest</w> <w type="BEZ">is</w> <w type="AT">the</w> <w type="JJ">automotive</w> <w type="NNS">patents</w> <w type="JJ">cross-licensing</w> <w type="NN">agreement</w> <c type="pct">,</c> <w type="AT">a</w> <w type="NN">milestone</w> <w type="IN">in</w> <w type="AT">the</w> <w type="NN">development</w> <w type="IN">of</w> <w type="JJ">American</w> <w type="JJ">industrial</w> <w type="NN">cooperation</w> <c type="pct">.</c> </s>
<s n="49"><w type="PPg">Its</w> <w type="NN">origin</w> <w type="VBZ">lies</w> <w type="IN">in</w> <w type="AT">the</w> <w type="NP">Selden</w> <w type="NN">patent</w> <w type="NN">controversy</w> <w type="CC">and</w> <w type="PPg">its</w> <w type="NN">aftermath</w> <c type="pct">.</c> </s>
</p>
<p><s n="50"><w type="IN">From</w> <w type="AT">the</w> <w type="JJT">earliest</w> <w type="NNS">days</w> <w type="IN">of</w> <w type="AT">the</w> <w type="NN">motor</w> <w type="NN">car</w> <w type="NN">industry</w> <c type="pct">,</c> <w type="CS">before</w> <w type="AT">the</w> <w type="NP">A.L.A.M.</w> <w type="BEDZ">was</w> <w type="VBN">established</w> <c type="pct">,</c> <w type="NN">patent</w> <w type="NN">infringement</w> <w type="VBD">loomed</w> <w type="CS">as</w> <w type="AT">a</w> <w type="JJ">serious</w> <w type="CC">and</w> <w type="VBG">vexing</w> <w type="NN">problem</w> <c type="pct">.</c> </s>
<s n="51"><w type="AP">Many</w> <w type="NN">patent</w> <w type="NNS">contests</w> <w type="BED">were</w> <w type="VBN">waged</w> <w type="IN">over</w> <w type="NN">automobile</w> <w type="NNS">components</w> <w type="CC">and</w> <w type="NNS">accessories</w> <c type="pct">,</c> <w type="IN">among</w> <w type="PPO">them</w> <w type="NNS">tires</w> <c type="pct">,</c> <w type="JJ">detachable</w> <w type="NNS">rims</w> <c type="pct">,</c> <w type="NN">ball</w> <w type="NNS">bearings</w> <c type="pct">,</c> <w type="NN">license</w> <w type="NNS">brackets</w> <c type="pct">,</c> <w type="CC">and</w> <w type="JJ">electric</w> <w type="NNS">horns</w> <c type="pct">.</c> </s>
<s n="52"><w type="AT">The</w> <w type="NN">fluidity</w> <w type="CC">and</w> <w type="NN">momentum</w> <w type="IN">of</w> <w type="AT">the</w> <w type="JJ">young</w> <w type="NN">industry</w> <w type="VBD">abetted</w> <w type="AT">a</w> <w type="JJ">general</w> <w type="NN">disregard</w> <w type="IN">of</w> <w type="NN">patent</w> <w type="NNS">claims</w> <c type="pct">.</c> </s>
<s n="53"><w type="QL">As</w> <w type="RB">early</w> <w type="CS">as</w> <w type="CD">1900</w> <w type="AT">a</w> <w type="NN" subtype="TL">Wall</w> <w type="NN" subtype="TL">Street</w> <w type="NN">combination</w> <w type="VBD">acquired</w> <w type="NN">detail</w> <w type="NNS">patents</w> <w type="IN">with</w> <w type="AT">the</w> <w type="NN">intention</w> <w type="IN">of</w> <w type="VBG">exacting</w> <w type="JJ">heavy</w> <w type="NN">tribute</w> <w type="IN">from</w> <w type="NN">automobile</w> <w type="NNS">manufacturers</w> <c type="pct">.</c> </s>
<s n="54"><w type="DT">This</w> <w type="NN">scheme</w> <w type="VBD">failed</w> <c type="pct">,</c> <w type="CC">and</w> <w type="AT">the</w> <w type="VBG">following</w> <w type="NN">decade</w> <w type="VBD">brought</w> <w type="AT">a</w> <w type="NN">deluge</w> <w type="IN">of</w> <w type="NN">infringement</w> <w type="NNS">suits</w> <w type="IN">among</w> <w type="JJ">individual</w> <w type="NNS">manufacturers</w> <w type="WPS">that</w> <w type="VBD">reached</w> <w type="PPg">its</w> <w type="NN">crest</w> <w type="IN">in</w> <w type="CD">1912</w> <c type="pct">.</c> </s>
</p>
<p><s n="55"><w type="IN">In</w> <w type="DT">this</w> <w type="NN">tangle</w> <w type="IN">of</w> <w type="VBG">conflicting</w> <w type="NNS">claims</w> <c type="pct">,</c> <w type="AT">the</w> <w type="JJ">patent-sharing</w> <w type="NN">scheme</w> <w type="VBN">adopted</w> <w type="IN">by</w> <w type="AT">the</w> <w type="NP">A.L.A.M.</w> <w type="IN">at</w> <w type="PPg">its</w> <w type="VBG">founding</w> <w type="VBD">proved</w> <w type="TO">to</w> <w type="BE">be</w> <w type="AT">the</w> <w type="JJT">best</w> <w type="NN">device</w> <w type="IN">for</w> <w type="VBG">avoiding</w> <w type="CC">or</w> <w type="VBG">mitigating</w> <w type="AT">the</w> <w type="NNS">burdens</w> <w type="IN">of</w> <w type="JJ">incessant</w> <w type="NN">litigation</w> <c type="pct">.</c> </s>
<s n="56"><w type="AT">The</w> <w type="NN">interchange</w> <w type="IN">of</w> <w type="NN">shop</w> <w type="NNS">licenses</w> <w type="IN">for</w> <w type="AT">a</w> <w type="JJ">nominal</w> <w type="NN">royalty</w> <w type="VBD">eliminated</w> <w type="NN">infringement</w> <w type="NNS">suits</w> <w type="IN">among</w> <w type="AT">the</w> <w type="NNS">members</w> <w type="IN">of</w> <w type="AT">the</w> <w type="NP">A.L.A.M.</w> <w type="NN">patent</w> <w type="NN">pool</w> <c type="pct">(</c> <w type="CS">although</w> <w type="PPS">it</w> <w type="DOD">did</w> <w type="NEG">not</w> <w type="VB">protect</w> <w type="PPO">them</w> <w type="IN">against</w> <w type="JJ">outside</w> <w type="NNS">actions</w> <c type="pct">)</c> <w type="CC">and</w> <w type="VBD">kept</w> <w type="JJ">open</w> <w type="NNS">channels</w> <w type="IN">for</w> <w type="AT">the</w> <w type="NN">cross-fertilization</w> <w type="IN">of</w> <w type="JJ">automotive</w> <w type="NN">technology</w> <c type="pct">.</c> </s>
<s n="57"><w type="CD">One</w> <w type="IN">of</w> <w type="AT">the</w> <w type="NNS">conditions</w> <w type="IN">of</w> <w type="AT">the</w> <w type="NN">pool</w> <w type="BEDZ">was</w> <w type="AT">a</w> <w type="NN">prohibition</w> <w type="IN">upon</w> <w type="AT">the</w> <w type="NN">withholding</w> <w type="IN">of</w> <w type="NN">patent</w> <w type="NNS">rights</w> <w type="IN">among</w> <w type="NP">A.L.A.M.</w> <w type="NNS">members</w> <c type="pct">.</c> </s>
<s n="58"><w type="IN">Within</w> <w type="PPg">its</w> <w type="NNS">limits</w> <c type="pct">,</c> <w type="DT">this</w> <w type="NN">arrangement</w> <w type="HVD">had</w> <w type="AT">the</w> <w type="JJ">actual</w> <w type="CC">or</w> <w type="JJ">potential</w> <w type="NNS">characteristics</w> <w type="IN">of</w> <w type="AT">a</w> <w type="JJ">cross-licensing</w> <w type="NN">agreement</w> <c type="pct">.</c> </s>
<s n="59"><w type="PPg">Its</w> <w type="JJ">positive</w> <w type="NNS">features</w> <w type="VBD">outweighed</w> <w type="AT">the</w> <w type="NN">fact</w> <w type="CS">that</w> <w type="AT">the</w> <w type="NN">pool</w> <w type="BEDZ">was</w> <w type="AT">an</w> <w type="NN">adjunct</w> <w type="IN">of</w> <w type="AT">a</w> <w type="JJ">wouldbe</w> <w type="NN">monopoly</w> <c type="pct">.</c> </s>
<s n="60"><w type="CS">Since</w> <w type="AT">the</w> <w type="NP">A.L.A.M.</w> <w type="NNS">holdings</w> <w type="VBD">embraced</w> <w type="RB">only</w> <w type="RB">about</w> <w type="CD">twenty-five</w> <w type="IN">per</w> <w type="NN">cent</w> <w type="IN">of</w> <w type="NN">motor</w> <w type="NN">vehicle</w> <w type="NNS">patents</w> <c type="pct">,</c> <w type="AT">the</w> <w type="NN">denial</w> <w type="IN">of</w> <w type="NNS">rights</w> <w type="IN">to</w> <w type="JJ">independent</w> <w type="NNS">companies</w> <w type="DOD">did</w> <w type="NEG">not</w> <w type="VB">retard</w> <w type="JJ">technical</w> <w type="NN">progress</w> <w type="IN">in</w> <w type="JJ">unlicensed</w> <w type="NNS">sectors</w> <w type="IN">of</w> <w type="AT">the</w> <w type="NN">industry</w> <c type="pct">.</c> </s>
<s n="61"><w type="AT">The</w> <w type="QL">highly</w> <w type="JJ">important</w> <w type="NP">Dyer</w> <w type="NNS">patents</w> <w type="IN">on</w> <w type="AT">the</w> <w type="VBG">sliding</w> <w type="NN">gear</w> <w type="NN">transmission</w> <w type="BED">were</w> <w type="VBN">held</w> <w type="IN">by</w> <w type="AT">the</w> <w type="NP">A.L.A.M.</w> <w type="NN">pool</w> <c type="pct">.</c> </s>
<s n="62"><w type="CC">But</w> <w type="NP">Henry</w> <w type="NP">Ford</w> <w type="VBD">used</w> <w type="AT">the</w> <w type="JJ">planetary</w> <w type="NN">transmission</w> <w type="IN">in</w> <w type="PPg">his</w> <w type="NN" subtype="TL">Model</w> <w type="NN" subtype="TL">T</w> <w type="CC">and</w> <w type="JJR">earlier</w> <w type="NNS">cars</w> <w type="CC">and</w> <c type="pct">,</c> <w type="IN">in</w> <w type="CD">1905</w> <c type="pct">,</c> <w type="CS">as</w> <w type="AT">a</w> <w type="JJ">precautionary</w> <w type="NN">measure</w> <c type="pct">,</c> <w type="VBD">took</w> <w type="RP">out</w> <w type="AT">a</w> <w type="NN">license</w> <w type="IN">from</w> <w type="AT">the</w> <w type="NN">man</w> <w type="WPS">who</w> <w type="VBD">claimed</w> <w type="TO">to</w> <w type="BE">be</w> <w type="PPg">its</w> <w type="NN">inventor</w> <c type="pct">.</c> </s>
</p>
<p><s n="63"><w type="IN">For</w> <w type="DTS">those</w> <w type="VBN">affiliated</w> <w type="IN">with</w> <w type="PPO">it</w> <c type="pct">,</c> <w type="AT">the</w> <w type="NP">A.L.A.M.</w> <w type="NN">pool</w> <w type="BEDZ">was</w> <w type="AT">a</w> <w type="NN">haven</w> <w type="IN">from</w> <w type="AT">the</w> <w type="NN">infringement</w> <w type="NNS">actions</w> <w type="VBG">involving</w> <w type="NN">detail</w> <w type="NNS">patents</w> <w type="WPS">that</w> <w type="VBD">beset</w> <w type="AT">the</w> <w type="NN">industry</w> <w type="IN">with</w> <w type="VBG">mounting</w> <w type="NN">intensity</w> <w type="IN">after</w> <w type="CD">1900</w> <c type="pct">.</c> </s>
<s n="64"><w type="IN">By</w> <w type="CD">1910</w> <w type="AT">the</w> <w type="NNS">courts</w> <w type="BED">were</w> <w type="VBN">crowded</w> <w type="IN">with</w> <w type="NNS">cases</w> <c type="pct">,</c> <w type="AP">many</w> <w type="IN">of</w> <w type="PPO">them</w> <w type="VBN">brought</w> <w type="IN">by</w> <w type="NNS">freebooters</w> <w type="WPS">who</w> <w type="VBD">trafficked</w> <w type="IN">in</w> <w type="VBN">disputed</w> <w type="NNS">inventions</w> <c type="pct">.</c> </s>
<s n="65"><w type="PPS">It</w> <w type="BEDZ">was</w> <w type="JJ">commonplace</w> <w type="IN">for</w> <w type="NN">auto</w> <w type="NNS">makers</w> <c type="pct">,</c> <w type="NNS">parts-suppliers</w> <c type="pct">,</c> <w type="CC">and</w> <w type="NNS">dealers</w> <w type="TO">to</w> <w type="VB">find</w> <w type="VBG">warning</w> <w type="NNS">notices</w> <w type="CC">and</w> <w type="NNS">threats</w> <w type="IN">of</w> <w type="NN">infringement</w> <w type="NNS">suits</w> <w type="IN">in</w> <w type="PPg">their</w> <w type="JJ">daily</w> <w type="NN">mail</w> <c type="pct">.</c> </s>
<s n="66"><c type="pct">``</c> <w type="RB">Purely</w> <w type="IN">from</w> <w type="AT">the</w> <w type="NN">business</w> <w type="NNg">man's</w> <w type="NN">standpoint</w> <w type="CC">and</w> <w type="IN">without</w> <w type="NN">regard</w> <w type="IN">to</w> <w type="AT">the</w> <w type="NNg">lawyer's</w> <w type="NN">view</w> <c type="pct">''</c> <c type="pct">,</c> <w type="VBD">commented</w> <w type="AT">a</w> <w type="NN">trade</w> <w type="NN">journal</w> <c type="pct">,</c> <c type="pct">``</c> <w type="AT">the</w> <w type="NN">matter</w> <w type="IN">of</w> <w type="NNS">patents</w> <w type="IN">in</w> <w type="AT">the</w> <w type="NN">automobile</w> <w type="CC">and</w> <w type="NN">accessory</w> <w type="NN">trade</w> <w type="BEZ">is</w> <w type="VBG">developing</w> <w type="DTI">some</w> <w type="NNS">phases</w> <w type="CC">and</w> <w type="NNS">results</w> <w type="WPS">that</w> <w type="VB">challenge</w> <w type="NN">thought</w> <w type="IN">as</w> <w type="IN">to</w> <w type="WQL">how</w> <w type="RB">far</w> <w type="NNS">patents</w> <w type="BER">are</w> <w type="TO">to</w> <w type="VB">become</w> <w type="NNS">weapons</w> <w type="IN">of</w> <w type="NN">warfare</w> <w type="IN">in</w> <w type="NN">business</w> <c type="pct">,</c> <w type="RB">instead</w> <w type="IN">of</w> <w type="JJ">simple</w> <w type="JJ">beneficient</w> <w type="NN">protection</w> <w type="NNS">devices</w> <w type="IN">for</w> <w type="VBG">encouraging</w> <w type="JJ">inventive</w> <w type="NN">creation</w> <c type="pct">''</c> <c type="pct">.</c> </s>
</p>
<p><s n="67"><w type="RB">Occasionally</w> <w type="JJ">new</w> <w type="NN">enterprise</w> <w type="BEDZ">was</w> <w type="VBN">discouraged</w> <w type="IN">by</w> <w type="AT">the</w> <w type="QL">almost</w> <w type="JJ">certain</w> <w type="NN">prospect</w> <w type="IN">of</w> <w type="JJ">legal</w> <w type="NNS">complications</w> <c type="pct">.</c> </s>
<s n="68"><w type="CD">One</w> <w type="NN">manufacturer</w> <w type="WPS">who</w> <w type="VBD">held</w> <w type="AT">an</w> <w type="QL">allegedly</w> <w type="JJ">basic</w> <w type="NN">patent</w> <w type="VBD">said</w> <c type="pct">:</c> <c type="pct">``</c> <w type="PPSS">I</w> <w type="MD">would</w> <w type="RB">readily</w> <w type="VB">put</w> <w type="RP">over</w> <w type="NNS">$50,000</w> <w type="IN">into</w> <w type="AT">the</w> <w type="NN">manufacture</w> <w type="IN">of</w> <w type="AT">the</w> <w type="NN">device</w> <c type="pct">,</c> <w type="CC">but</w> <w type="PPS">it</w> <w type="BEZ">is</w> <w type="QL">so</w> <w type="JJ">easy</w> <w type="TO">to</w> <w type="VB">make</w> <w type="CS">that</w> <w type="PPSS">we</w> <w type="MD">would</w> <w type="VB">enter</w> <w type="RB">immediately</w> <w type="IN">into</w> <w type="AT">a</w> <w type="VBN">prolonged</w> <w type="NN">ordeal</w> <w type="IN">of</w> <w type="NN">patent</w> <w type="NN">litigation</w> <w type="WDT">which</w> <w type="MD">would</w> <w type="VB">eat</w> <w type="RP">up</w> <w type="ABN">all</w> <w type="PPg">our</w> <w type="NNS">profits</w> <c type="pct">''</c> <c type="pct">.</c> </s>
<s n="69"><w type="AT">The</w> <w type="VBG">prevailing</w> <w type="NN">view</w> <w type="IN">in</w> <w type="AT">the</w> <w type="NN">industry</w> <w type="BEDZ">was</w> <w type="VBN">summed</w> <w type="RP">up</w> <w type="IN">in</w> <w type="CD">1912</w> <w type="IN">by</w> <w type="AT">a</w> <w type="NN">group</w> <w type="IN">of</w> <w type="NN">auto</w> <w type="NNS">makers</w> <w type="WPS">who</w> <w type="VBD">told</w> <w type="AT">a</w> <w type="NN" subtype="TL">Senate</w> <w type="NN">committee</w> <c type="pct">:</c> <c type="pct">``</c> <w type="AT">The</w> <w type="QL">exceedingly</w> <w type="JJ">unsatisfactory</w> <w type="CC">and</w> <w type="QL">uselessly</w> <w type="JJ">expensive</w> <w type="NNS">conditions</w> <c type="pct">,</c> <w type="IN">including</w> <w type="NNS">delays</w> <w type="VBG">surrounding</w> <w type="JJ">legal</w> <w type="NNS">disputes</w> <c type="pct">,</c> <w type="RB">particularly</w> <w type="IN">in</w> <w type="NN">patent</w> <w type="NN">litigation</w> <c type="pct">,</c> <w type="BER">are</w> <w type="NNS">items</w> <w type="IN">of</w> <w type="JJ">industrial</w> <w type="NN">burden</w> <w type="WDT">which</w> <w type="MD">must</w> <w type="BE">be</w> <w type="VBN">written</w> <w type="RB">large</w> <w type="IN">in</w> <w type="NNS">figures</w> <w type="IN">of</w> <w type="AP">many</w> <w type="NNS">millions</w> <w type="IN">of</w> <w type="NNS">dollars</w> <w type="IN">of</w> <w type="JJ">industrial</w> <w type="NN">waste</w> <c type="pct">''</c> <c type="pct">.</c> </s>
</p>
<p><s n="70"><w type="IN">By</w> <w type="DT">that</w> <w type="NN">time</w> <w type="PPS">it</w> <w type="BEDZ">was</w> <w type="RB">commonly</w> <w type="VBN">agreed</w> <w type="CS">that</w> <w type="NN">patent</w> <w type="NN">warfare</w> <w type="BEDZ">was</w> <w type="VBG">sapping</w> <w type="JJ">constructive</w> <w type="NN">achievement</w> <w type="CC">and</w> <w type="VBG">blocking</w> <w type="AT">the</w> <w type="JJ">free</w> <w type="NN">exchange</w> <w type="IN">of</w> <w type="JJ">technical</w> <w type="NN">information</w> <c type="pct">.</c> </s>
<s n="71"><w type="IN">At</w> <w type="DT">this</w> <w type="NN">point</w> <w type="NP">Charles</w> <w type="NP">C.</w> <w type="NP">Hanch</w> <c type="pct">,</c> <w type="RB">long</w> <w type="AT">an</w> <w type="NN">advocate</w> <w type="IN">of</w> <w type="NN">patent</w> <w type="NN">peace</w> <w type="IN">in</w> <w type="AT">the</w> <w type="NN">industry</w> <c type="pct">,</c> <w type="VBD">became</w> <w type="NN">chairman</w> <w type="IN">of</w> <w type="AT">the</w> <w type="NNS">patents</w> <w type="NN">committee</w> <w type="IN">of</w> <w type="AT">the</w> <w type="JJ" subtype="TL">National</w> <w type="NN" subtype="TL">Automobile</w> <w type="NN" subtype="TL">Chamber</w> <w type="IN" subtype="TL">of</w> <w type="NN" subtype="TL">Commerce</w> <c type="pct">,</c> <w type="NN">successor</w> <w type="IN">to</w> <w type="AT">the</w> <w type="NN" subtype="TL">Automobile</w> <w type="NN" subtype="TL">Board</w> <w type="IN" subtype="TL">of</w> <w type="NN" subtype="TL">Trade</w> <c type="pct">.</c> </s>
<s n="72"><w type="NP">Hanch</w> <w type="BEDZ">was</w> <w type="NN">treasurer</w> <w type="IN">of</w> <w type="AT">the</w> <w type="NP" subtype="TL">Nordyke</w> <w type="CC" subtype="TL">&amp;</w> <w type="NP" subtype="TL">Marmon</w> <w type="NN" subtype="TL">Company</w> <c type="pct">,</c> <w type="AT">an</w> <w type="NP">Indianapolis</w> <w type="NN">firm</w> <w type="WDT">which</w> <w type="HVD">had</w> <w type="VBN">manufactured</w> <w type="JJ">flour-milling</w> <w type="NN">machinery</w> <w type="IN">before</w> <w type="VBG">producing</w> <w type="AT">the</w> <w type="NP">Marmon</w> <w type="NN">car</w> <w type="IN">in</w> <w type="CD">1904</w> <c type="pct">.</c> </s>
<s n="73"><w type="PPS">He</w> <w type="HVD">had</w> <w type="JJ">first-hand</w> <w type="NN">knowledge</w> <w type="IN">of</w> <w type="AT">the</w> <w type="NN">patent</w> <w type="NNS">wars</w> <w type="WDT">which</w> <w type="HVD">had</w> <w type="VBN">driven</w> <w type="RB">about</w> <w type="CD">ninety</w> <w type="IN">per</w> <w type="NN">cent</w> <w type="IN">of</w> <w type="AT">the</w> <w type="VBG">milling</w> <w type="NN">equipment</w> <w type="NNS">makers</w> <w type="IN">out</w> <w type="IN">of</w> <w type="NN">business</w> <w type="IN">in</w> <w type="AT">the</w> <w type="NNS">mid-1890's</w> <c type="pct">.</c> </s>
<s n="74"><w type="JJ">Anxious</w> <w type="TO">to</w> <w type="VB">avoid</w> <w type="AT">a</w> <w type="JJ">similar</w> <w type="NN">debacle</w> <w type="IN">in</w> <w type="AT">the</w> <w type="NN">motor</w> <w type="NN">car</w> <w type="NN">industry</w> <c type="pct">,</c> <w type="NP">Hanch</w> <w type="VBD">went</w> <w type="IN">to</w> <w type="NP">Detroit</w> <w type="IN">in</w> <w type="CD">1909</w> <w type="TO">to</w> <w type="VB">enlist</w> <w type="AT">the</w> <w type="NN">support</w> <w type="IN">of</w> <w type="VBG">leading</w> <w type="NP">A.L.A.M.</w> <w type="NNS">members</w> <w type="IN">for</w> <w type="AT">an</w> <w type="JJ">industry-wide</w> <w type="JJ">patent-sharing</w> <w type="NN">plan</w> <c type="pct">.</c> </s>
<s n="75"><w type="AT">The</w> <w type="NN">breach</w> <w type="VBN">created</w> <w type="IN">by</w> <w type="AT">the</w> <w type="NP">Selden</w> <w type="NN">patent</w> <w type="VBD">doomed</w> <w type="PPg">his</w> <w type="NN">proposal</w> <c type="pct">,</c> <w type="CC">but</w> <w type="NP">Hanch</w> <w type="DOD">did</w> <w type="NEG">not</w> <w type="VB">abandon</w> <w type="PPg">his</w> <w type="NN">scheme</w> <c type="pct">.</c> </s>
</p>
<p><s n="76"><w type="IN">After</w> <w type="AT">the</w> <w type="NN">demise</w> <w type="IN">of</w> <w type="AT">the</w> <w type="NP">A.L.A.M.</w> <c type="pct">,</c> <w type="AT">the</w> <w type="NN">time</w> <w type="BEDZ">was</w> <w type="JJ">propitious</w> <w type="IN">for</w> <w type="VBG">establishing</w> <w type="ABL">such</w> <w type="AT">a</w> <w type="NN">pool</w> <c type="pct">.</c> </s>
<s n="77"><w type="AP">Most</w> <w type="NNS">manufacturers</w> <w type="BED">were</w> <w type="RB">now</w> <w type="VBN">disposed</w> <w type="TO">to</w> <w type="VB">heed</w> <w type="AT">a</w> <w type="NN">proposal</w> <w type="IN">for</w> <w type="AT">the</w> <w type="JJ">formal</w> <w type="NN">interchange</w> <w type="IN">of</w> <w type="NNS">patents</w> <c type="pct">.</c> </s>
<s n="78"><c type="pct">``</c> <w type="PPS">It</w> <w type="BEZ">is</w> <w type="AT">a</w> <w type="QL">much</w> <w type="JJR">easier</w> <w type="NN">course</w> <w type="TO">to</w> <w type="VB">agree</w> <w type="TO">to</w> <w type="VB">let</w> <w type="CD">one</w> <w type="DT">another</w> <w type="RB">alone</w> <w type="QL">so</w> <w type="RB">far</w> <w type="CS">as</w> <w type="JJ">ordinary</w> <w type="NNS">patents</w> <w type="BER">are</w> <w type="VBN">concerned</w> <c type="pct">''</c> <c type="pct">,</c> <w type="VBD">said</w> <w type="AT">a</w> <w type="NN">trade</w> <w type="NN">authority</w> <c type="pct">,</c> <c type="pct">``</c> <w type="CS">than</w> <w type="TO">to</w> <w type="VB">continue</w> <w type="AT">the</w> <w type="JJ">costly</w> <w type="NN">effort</w> <w type="IN">of</w> <w type="VBG">straightening</w> <w type="AT">the</w> <w type="NN">tangle</w> <w type="IN">in</w> <w type="AT">the</w> <w type="NNS">courts</w> <w type="CC">or</w> <w type="VBG">seeking</w> <w type="TO">to</w> <w type="VB">reform</w> <w type="AT">the</w> <w type="NN">patent</w> <w type="NN">system</w> <c type="pct">,</c> <w type="WDT">which</w> <w type="VBZ">appears</w> <w type="TO">to</w> <w type="BE">be</w> <w type="VBG">getting</w> <w type="IN">into</w> <w type="JJR">deeper</w> <w type="NN">confusion</w> <w type="AT">every</w> <w type="NN">day</w> <c type="pct">''</c> <c type="pct">.</c> </s>
</p>
<p><s n="79"><w type="IN">With</w> <w type="AT">the</w> <w type="AP">other</w> <w type="NNS">members</w> <w type="IN">of</w> <w type="AT">the</w> <w type="NNS">patents</w> <w type="NN">committee</w> <c type="pct">--</c> <w type="NP">Wilfred</w> <w type="NP">C.</w> <w type="NP">Leland</w> <c type="pct">,</c> <w type="NP">Howard</w> <w type="NP">E.</w> <w type="NP">Coffin</w> <c type="pct">,</c> <w type="NP">Windsor</w> <w type="NP">T.</w> <w type="NP">White</w> <c type="pct">,</c> <w type="CC">and</w> <w type="NP">W.</w> <w type="NP">H.</w> <w type="NP">Vandervoort</w> <c type="pct">--</c> <w type="NP">Hanch</w> <w type="VBD">drafted</w> <w type="AT">a</w> <w type="JJ">cross-licensing</w> <w type="NN">agreement</w> <w type="WPg">whose</w> <w type="JJ">essential</w> <w type="NN">feature</w> <w type="IN">of</w> <w type="JJ">royalty-free</w> <w type="VBG">licensing</w> <w type="BEDZ">was</w> <w type="PPg">his</w> <w type="JJ">own</w> <w type="NN">contribution</w> <c type="pct">.</c> </s>
<s n="80"><w type="AT">The</w> <w type="NN">plan</w> <w type="BEDZ">was</w> <w type="VBN">supported</w> <w type="IN">by</w> <w type="NP">Frederick</w> <w type="NP">P.</w> <w type="NP">Fish</w> <c type="pct">,</c> <w type="NN">counsel</w> <w type="IN">for</w> <w type="AT">the</w> <w type="JJ" subtype="TL">National</w> <w type="NN" subtype="TL">Automobile</w> <w type="NN" subtype="TL">Chamber</w> <w type="IN" subtype="TL">of</w> <w type="NN" subtype="TL">Commerce</w> <c type="pct">.</c> </s>
<s n="81"><w type="PPS">It</w> <w type="MD">will</w> <w type="BE">be</w> <w type="VBN">recalled</w> <w type="CS">that</w> <w type="IN">in</w> <w type="PPg">his</w> <w type="NN">summation</w> <w type="IN">for</w> <w type="AT">the</w> <w type="NP">A.L.A.M.</w> <w type="IN">before</w> <w type="NN" subtype="TL">Judge</w> <w type="NP">Hough</w> <c type="pct">,</c> <w type="NP">Fish</w> <w type="HVD">had</w> <w type="VBN">condemned</w> <w type="NN">patent</w> <w type="NN">litigation</w> <w type="CS">as</w> <w type="AT">the</w> <w type="NN">curse</w> <w type="IN">of</w> <w type="AT">the</w> <w type="JJ">American</w> <w type="JJ">industrial</w> <w type="NN">community</w> <c type="pct">.</c> </s>
<s n="82"><w type="PPS">He</w> <w type="BEDZ">was</w> <w type="QL">well</w> <w type="JJ">aware</w> <w type="CS">that</w> <w type="DTI">some</w> <w type="NNS">inventors</w> <w type="CC">and</w> <w type="PPg">their</w> <w type="NNS">allies</w> <w type="VBD">used</w> <w type="PPg">their</w> <w type="NNS">patents</w> <w type="RB">solely</w> <w type="IN">for</w> <w type="NN">nuisance</w> <w type="NN">value</w> <c type="pct">.</c> </s>
<s n="83"><c type="pct">``</c> <w type="PPg">My</w> <w type="JJ">personal</w> <w type="NN">view</w> <w type="BEZ">is</w> <w type="CS">that</w> <w type="NEG">not</w> <w type="CD">one</w> <w type="VBN">patented</w> <w type="NN">invention</w> <w type="IN">in</w> <w type="CD">ten</w> <w type="BEZ">is</w> <w type="JJ">worth</w> <w type="VBG">making</w> <c type="pct">''</c> <c type="pct">,</c> <w type="PPS">he</w> <w type="RBR">later</w> <w type="VBD">told</w> <w type="AT">a</w> <w type="JJ" subtype="TL">Congressional</w> <w type="NN">committee</w> <c type="pct">.</c> </s>
<s n="84"><w type="AT">The</w> <w type="JJ">eloquent</w> <w type="NNS">persuasions</w> <w type="IN">of</w> <w type="NP">Fish</w> <w type="VBD">guaranteed</w> <w type="AT">the</w> <w type="NN">adoption</w> <w type="IN">of</w> <w type="AT">the</w> <w type="NN">plan</w> <w type="IN">by</w> <w type="AT">the</w> <w type="NNS">members</w> <w type="IN">of</w> <w type="AT">the</w> <w type="JJ">automotive</w> <w type="NN">trade</w> <w type="NN">association</w> <c type="pct">.</c> </s>
</p>
<p><s n="85"><w type="VBN">Drawn</w> <w type="RP">up</w> <w type="IN">in</w> <w type="CD">1914</w> <c type="pct">,</c> <w type="AT">the</w> <w type="JJ">cross-licensing</w> <w type="NN">agreement</w> <w type="VBD">became</w> <w type="JJ">effective</w> <w type="IN">in</w> <w type="CD">1915</w> <c type="pct">.</c> </s>
<s n="86"><w type="PPS">It</w> <w type="VBD">remained</w> <w type="IN">in</w> <w type="NN">force</w> <w type="IN">for</w> <w type="CD">ten</w> <w type="NNS">years</w> <w type="CC">and</w> <w type="HVZ">has</w> <w type="BEN">been</w> <w type="VBN">renewed</w> <w type="IN">at</w> <w type="JJ">five-year</w> <w type="NNS">intervals</w> <w type="IN">since</w> <w type="CD">1925</w> <c type="pct">.</c> </s>
</p>
<p></p></body></text></TEI>
