<TEI xmlns="http://www.tei-c.org/ns/1.0"><teiHeader><fileDesc><titleStmt><title>Sample F45 from  Paul Chrisler Phillips, The Fur Trade
 Norman: The University of Oklahoma Press, 1961. Volume 1, pp. 466-472
 </title></titleStmt><editionStmt><edition>A part  of the XML version of the Brown Corpus</edition></editionStmt><extent>2,023 words 18 (0.9%) quotes</extent><publicationStmt><idno>F45</idno><availability><p>Copyright 1961 by The University of Oklahoma Press. Used by permission.</p></availability></publicationStmt><sourceDesc><bibl> Paul Chrisler Phillips, The Fur Trade
 Norman: The University of Oklahoma Press, 1961. Volume 1, pp. 466-472
 </bibl></sourceDesc></fileDesc><encodingDesc><p/></encodingDesc><revisionDesc><change when="2008-04-27">Header auto-generated for TEI version</change></revisionDesc></teiHeader>
<text xml:id="F45" decls="F">
<body><p><s n="1"><w type="IN">With</w> <w type="NN">capital</w> <w type="RB">largely</w> <w type="VBN">squandered</w> <c type="pct">,</c> <w type="EX">there</w> <w type="VBD">seemed</w> <w type="IN">to</w> <w type="PPO">them</w> <w type="AT">no</w> <w type="AP">other</w> <w type="NN">course</w> <w type="TO">to</w> <w type="VB">pursue</w> <c type="pct">.</c> </s>
</p>
<p><s n="2"><w type="AT">The</w> <w type="NNS">directors</w> <w type="VBD">sold</w> <w type="RB">directly</w> <w type="IN">to</w> <w type="NNS">concessionaires</w> <c type="pct">,</c> <w type="WPS">who</w> <w type="HVD">had</w> <w type="TO">to</w> <w type="VB">make</w> <w type="PPg">their</w> <w type="NNS">profits</w> <w type="IN">above</w> <w type="AT">the</w> <w type="JJ">high</w> <w type="NNS">prices</w> <w type="VBN">asked</w> <w type="IN">by</w> <w type="AT">the</w> <w type="NN">company</w> <c type="pct">.</c> </s>
<s n="3"><w type="DTS">These</w> <w type="NNS">concessionaires</w> <w type="VBD">traded</w> <w type="WRB">where</w> <w type="PPSS">they</w> <w type="VBD">wished</w> <w type="CC">and</w> <w type="RB">generally</w> <w type="VBD">dealt</w> <w type="IN">with</w> <w type="AT">the</w> <w type="NPS">Indians</w> <w type="IN">through</w> <w type="NNS" subtype="FW">engages</w> <c type="pct">,</c> <w type="WPS">who</w> <w type="MD">might</w> <w type="BE">be</w> <w type="NNS">habitants</w> <c type="pct">,</c> <w type="NNS" subtype="FW">voyageurs</w> <c type="pct">,</c> <w type="CC">or</w> <w type="RB">even</w> <w type="NNS">soldiers</w> <c type="pct">.</c> </s>
<s n="4"><w type="AT">The</w> <w type="NNS">concessionaires</w> <w type="RB">also</w> <w type="HVD">had</w> <w type="TO">to</w> <w type="VB">pay</w> <w type="AT">a</w> <w type="NN">tax</w> <w type="IN">of</w> <w type="NN">one-tenth</w> <w type="IN">on</w> <w type="AT">the</w> <w type="NNS">goods</w> <w type="PPSS">they</w> <w type="VBD">traded</w> <c type="pct">,</c> <w type="CC">and</w> <w type="ABN">all</w> <w type="NNS">pelts</w> <w type="BED">were</w> <w type="TO">to</w> <w type="BE">be</w> <w type="VBN">taken</w> <w type="IN">to</w> <w type="NN">company</w> <w type="NNS">stores</w> <w type="CC">and</w> <w type="VBN">shipped</w> <w type="IN">to</w> <w type="NP">France</w> <w type="IN">in</w> <w type="NN">company</w> <w type="NNS">ships</w> <c type="pct">.</c> </s>
<s n="5"><w type="AT">The</w> <w type="NN">company</w> <w type="VBD">disposed</w> <w type="IN">of</w> <w type="AT">the</w> <w type="NNS">pelts</w> <c type="pct">,</c> <w type="CC">but</w> <w type="IN">with</w> <w type="WDT">what</w> <w type="NN">profit</w> <c type="pct">,</c> <w type="AT">the</w> <w type="NNS">records</w> <w type="DO">do</w> <w type="NEG">not</w> <w type="VB">show</w> <c type="pct">.</c> </s>
</p>
<p><s n="6"><w type="IN">In</w> <w type="NN">accord</w> <w type="IN">with</w> <w type="PPg">its</w> <w type="JJ">penurious</w> <w type="NN">policy</w> <c type="pct">,</c> <w type="AT">the</w> <w type="NN">company</w> <w type="VBD">failed</w> <w type="TO">to</w> <w type="VB">furnish</w> <w type="NNS">presents</w> <w type="TO">to</w> <w type="VB">hold</w> <w type="AT">the</w> <w type="NN">loyalty</w> <w type="IN">of</w> <w type="AT">the</w> <w type="JJS">principal</w> <w type="NPS">Indians</w> <c type="pct">.</c> </s>
<s n="7"><w type="AT">The</w> <w type="JJ">lavish</w> <w type="NN">use</w> <w type="IN">of</w> <w type="NNS">presents</w> <w type="HVD">had</w> <w type="BEN">been</w> <w type="JJ">effective</w> <w type="IN">in</w> <w type="VBG">expanding</w> <w type="AT">the</w> <w type="JJ">Indian</w> <w type="NN">trade</w> <w type="IN">of</w> <w type="JJ" subtype="TL">New</w> <w type="NP" subtype="TL">France</w> <w type="CC">and</w> <w type="NP">Louisiana</w> <w type="IN">in</w> <w type="AT">the</w> <w type="JJ">previous</w> <w type="NN">century</w> <c type="pct">,</c> <w type="CC">and</w> <w type="AT">the</w> <w type="NN">change</w> <w type="IN">in</w> <w type="NN">liberality</w> <w type="VBD">aroused</w> <w type="NN">resentment</w> <w type="IN">in</w> <w type="AT">the</w> <w type="NNS">minds</w> <w type="IN">of</w> <w type="AT">the</w> <w type="JJ">red</w> <w type="NNS">men</w> <c type="pct">.</c> </s>
<s n="8"><w type="NNS">Traders</w> <w type="IN">from</w> <w type="AT">the</w> <w type="JJ">English</w> <w type="NNS">colonies</w> <w type="BED">were</w> <w type="QL">far</w> <w type="QL">more</w> <w type="JJ">generous</w> <c type="pct">,</c> <w type="CC">and</w> <w type="JJ">Indian</w> <w type="NN">loyalty</w> <w type="VBD">turned</w> <w type="IN">to</w> <w type="PPO">them</w> <c type="pct">.</c> </s>
<s n="9"><w type="NNS">Protests</w> <w type="IN">from</w> <w type="NNS">governors</w> <w type="CC">and</w> <w type="NNS">intendants</w> <w type="VBD">passed</w> <w type="JJ">unheeded</w> <c type="pct">,</c> <w type="CC">and</w> <w type="AT">the</w> <w type="JJ">parsimonious</w> <w type="NN">policy</w> <w type="IN">of</w> <w type="AT">the</w> <w type="NN">company</w> <w type="RB">probably</w> <w type="VB">let</w> <w type="RB">loose</w> <w type="JJ">Indian</w> <w type="NNS">insurrections</w> <w type="WPS">that</w> <w type="VBD">brought</w> <w type="NN">ruin</w> <w type="IN">to</w> <w type="AT">the</w> <w type="NN">company</w> <c type="pct">.</c> </s>
</p>
<p><s n="10"><w type="IN">In</w> <w type="CD">1721</w> <w type="AT">the</w> <w type="NN" subtype="TL">King</w> <w type="VBD">sent</w> <w type="CD">three</w> <w type="NNS">commissioners</w> <w type="IN">to</w> <w type="NP">Louisiana</w> <w type="IN">with</w> <w type="JJ">full</w> <w type="NNS">powers</w> <w type="TO">to</w> <w type="DO">do</w> <w type="ABN">all</w> <w type="WPS">that</w> <w type="BEDZ">was</w> <w type="JJ">necessary</w> <w type="TO">to</w> <w type="VB">protect</w> <w type="AT">the</w> <w type="NN">colony</w> <c type="pct">.</c> </s>
<s n="11"><w type="PPSS">They</w> <w type="VBD">ordered</w> <w type="AT">the</w> <w type="NN">raising</w> <w type="IN">of</w> <w type="NNS">troops</w> <w type="CC">and</w> <w type="VBD">obtained</w> <w type="CD">75,000</w> <w type="NNS">livres</w> <w type="IN">with</w> <w type="WDT">which</w> <w type="TO">to</w> <w type="VB">build</w> <w type="NNS">forts</w> <c type="pct">.</c> </s>
<s n="12"><w type="PPSS">They</w> <w type="VBD">adopted</w> <w type="AT">a</w> <w type="NN">program</w> <w type="IN">by</w> <w type="WDT">which</w> <w type="NP">Louisiana</w> <w type="BEDZ">was</w> <w type="VBN">divided</w> <w type="IN">into</w> <w type="CD">five</w> <w type="NNS">districts</w> <c type="pct">.</c> </s>
<s n="13"><w type="IN">In</w> <w type="DT">each</w> <w type="IN">of</w> <w type="DTS">these</w> <w type="EX">there</w> <w type="BEDZ">was</w> <w type="TO">to</w> <w type="BE">be</w> <w type="AT">a</w> <w type="JJ">strong</w> <w type="JJ">military</w> <w type="NN">post</w> <c type="pct">,</c> <w type="CC">and</w> <w type="AT">a</w> <w type="VBG">trading</w> <w type="NN">depot</w> <w type="TO">to</w> <w type="VB">supply</w> <w type="AT">the</w> <w type="JJR">smaller</w> <w type="VBG">trading</w> <w type="NNS">houses</w> <c type="pct">.</c> </s>
<s n="14"><w type="IN">For</w> <w type="JJ">southeastern</w> <w type="NP">Louisiana</w> <c type="pct">,</c> <w type="NP">Mobile</w> <w type="BEDZ">was</w> <w type="AT">the</w> <w type="JJS">principal</w> <w type="NN">post</w> <c type="pct">,</c> <w type="CC">and</w> <w type="PPS">it</w> <w type="BEDZ">was</w> <w type="TO">to</w> <w type="VB">furnish</w> <w type="NNS">supplies</w> <w type="IN">for</w> <w type="NN">trade</w> <w type="IN">to</w> <w type="AT">the</w> <w type="NR">north</w> <w type="CC">and</w> <w type="NR">east</w> <c type="pct">,</c> <w type="IN">in</w> <w type="AT">the</w> <w type="NN">region</w> <w type="VBN">threatened</w> <w type="IN">by</w> <w type="JJ">British</w> <w type="NNS">traders</w> <c type="pct">.</c> </s>
<s n="15"><w type="NP">Mobile</w> <w type="BEDZ">was</w> <w type="TO">to</w> <w type="BE">be</w> <w type="AT">the</w> <w type="NN">anchor</w> <w type="IN">of</w> <w type="AT">a</w> <w type="NN">chain</w> <w type="IN">of</w> <w type="NNS">posts</w> <w type="VBG">extending</w> <w type="RB">northward</w> <w type="IN">to</w> <w type="AT">the</w> <w type="NNS">sources</w> <w type="IN">of</w> <w type="AT">the</w> <w type="NP" subtype="TL">Tennessee</w> <w type="NN" subtype="TL">River</w> <c type="pct">.</c> </s>
<s n="16"><w type="NN" subtype="TL">Fort</w> <w type="NP" subtype="TL">Toulouse</w> <c type="pct">,</c> <w type="IN">on</w> <w type="AT">the</w> <w type="NP" subtype="TL">Alabama</w> <w type="NN" subtype="TL">River</w> <c type="pct">,</c> <w type="HVD">had</w> <w type="BEN">been</w> <w type="VBN">erected</w> <w type="IN">in</w> <w type="CD">1714</w> <w type="IN">for</w> <w type="NN">trade</w> <w type="IN">with</w> <w type="AT">the</w> <w type="NPS">Alabamas</w> <w type="CC">and</w> <w type="NPS">Choctaws</w> <c type="pct">,</c> <w type="CC">but</w> <w type="NN">money</w> <w type="BEDZ">was</w> <w type="JJ">available</w> <w type="IN">for</w> <w type="RB">only</w> <w type="CD">one</w> <w type="AP">other</w> <w type="JJ">new</w> <w type="NN">post</w> <c type="pct">,</c> <w type="IN">near</w> <w type="AT">the</w> <w type="JJ">present</w> <w type="NP">Nashville</w> <c type="pct">,</c> <w type="NP">Tennessee</w> <c type="pct">,</c> <w type="CC">and</w> <w type="DT">this</w> <w type="BEDZ">was</w> <w type="RB">soon</w> <w type="VBN">abandoned</w> <c type="pct">.</c> </s>
</p>
<p><s n="17"><w type="NR">West</w> <w type="IN">of</w> <w type="AT">the</w> <w type="NP">Mobile</w> <w type="NN">district</w> <w type="BEDZ">was</w> <w type="AT">the</w> <w type="JJR">lower</w> <w type="NP">Mississippi</w> <w type="NN">district</w> <c type="pct">,</c> <w type="IN">of</w> <w type="WDT">which</w> <w type="JJ" subtype="TL">New</w> <w type="NP" subtype="TL">Orleans</w> <w type="BEDZ">was</w> <w type="NN">headquarters</w> <c type="pct">.</c> </s>
<s n="18"><w type="JJ">Dependent</w> <w type="IN">upon</w> <w type="PPO">it</w> <w type="BED">were</w> <w type="NNS">posts</w> <w type="IN">on</w> <w type="AT">the</w> <w type="JJR">lower</w> <w type="NP">Mississippi</w> <w type="CC">and</w> <w type="AT">the</w> <w type="NN">region</w> <w type="RB">westward</w> <w type="IN">to</w> <w type="AT">the</w> <w type="NNS">frontiers</w> <w type="IN">of</w> <w type="JJ" subtype="TL">New</w> <w type="NP" subtype="TL">Spain</w> <c type="pct">.</c> </s>
</p>
<p><s n="19"><w type="IN">On</w> <w type="AT">the</w> <w type="JJ">middle</w> <w type="NP">Mississippi</w> <w type="AT">a</w> <w type="JJS">principal</w> <w type="NN">post</w> <w type="BEDZ">was</w> <w type="TO">to</w> <w type="BE">be</w> <w type="VBN">located</w> <w type="IN">near</w> <w type="AT">the</w> <w type="NN">mouth</w> <w type="IN">of</w> <w type="AT">the</w> <w type="NP">Arkansas</w> <c type="pct">.</c> </s>
<s n="20"><w type="PPS">It</w> <w type="BEDZ">was</w> <w type="VBN">hoped</w> <w type="CS">that</w> <w type="IN">to</w> <w type="DT">this</w> <w type="NN">post</w> <w type="MD">would</w> <w type="VB">flow</w> <w type="AT">a</w> <w type="JJ">large</w> <w type="NN">quantity</w> <w type="IN">of</w> <w type="NNS">furs</w> <w type="IN">from</w> <w type="AT">the</w> <w type="NR">west</w> <c type="pct">,</c> <w type="RB">principally</w> <w type="IN">down</w> <w type="AT">the</w> <w type="NP" subtype="TL">Arkansas</w> <w type="NN" subtype="TL">River</w> <c type="pct">.</c> </s>
<s n="21"><w type="IN">On</w> <w type="AT">the</w> <w type="NP">Ohio</w> <w type="CC">or</w> <w type="NP">Wabash</w> <w type="BEDZ">was</w> <w type="TO">to</w> <w type="BE">be</w> <w type="VBN">built</w> <w type="DT">another</w> <w type="NN">post</w> <c type="pct">``</c> <w type="IN">at</w> <w type="AT">the</w> <w type="NN">fork</w> <w type="IN">of</w> <w type="CD">two</w> <w type="JJ">great</w> <w type="NNS">rivers</w> <c type="pct">''</c> <c type="pct">.</c> </s>
<s n="22"><w type="AP">Other</w> <w type="NNS">posts</w> <w type="MD">would</w> <w type="BE">be</w> <w type="VBN">established</w> <w type="IN">up</w> <w type="AT">the</w> <w type="NP">Ohio</w> <w type="CC">and</w> <w type="NP">Wabash</w> <w type="TO">to</w> <w type="VB">protect</w> <w type="NN">communication</w> <w type="IN">with</w> <w type="NP">Canada</w> <c type="pct">.</c> </s>
<s n="23"><w type="IN">On</w> <w type="AT">the</w> <w type="JJ">upper</w> <w type="NP">Mississippi</w> <w type="AT">the</w> <w type="NP">Illinois</w> <w type="NN">post</w> <w type="BEDZ">was</w> <w type="TO">to</w> <w type="BE">be</w> <w type="VBN">established</w> <w type="IN">near</w> <w type="NP">Kaskaskia</w> <c type="pct">,</c> <w type="CC">and</w> <w type="JJ">dependent</w> <w type="NNS">posts</w> <w type="BED">were</w> <w type="TO">to</w> <w type="BE">be</w> <w type="VBN">built</w> <w type="IN">on</w> <w type="AT">the</w> <w type="NP">Missouri</w> <c type="pct">,</c> <c type="pct">``</c> <w type="WRB">where</w> <w type="EX">there</w> <w type="BER">are</w> <w type="NNS">mines</w> <w type="IN">in</w> <w type="NN">abundance</w> <c type="pct">''</c> <c type="pct">.</c> </s>
</p>
<p><s n="24"><w type="DT">Each</w> <w type="IN">of</w> <w type="AT">the</w> <w type="CD">five</w> <w type="JJS">principal</w> <w type="NNS">posts</w> <w type="BEDZ">was</w> <w type="TO">to</w> <w type="HV">have</w> <w type="AT">a</w> <w type="NN">director</w> <c type="pct">,</c> <w type="JJ">responsible</w> <w type="IN">to</w> <w type="AT">a</w> <w type="NN">director-general</w> <w type="IN">at</w> <w type="JJ" subtype="TL">New</w> <w type="NP" subtype="TL">Orleans</w> <c type="pct">.</c> </s>
<s n="25"><w type="AT">An</w> <w type="JJ">elaborate</w> <w type="NN">system</w> <w type="IN">of</w> <w type="VBG">accounting</w> <w type="CC">and</w> <w type="NNS">reports</w> <w type="BEDZ">was</w> <w type="VBN">worked</w> <w type="RP">out</w> <c type="pct">,</c> <w type="CC">and</w> <w type="AT">the</w> <w type="NN">trade</w> <w type="BEDZ">was</w> <w type="TO">to</w> <w type="BE">be</w> <w type="VBN">managed</w> <w type="IN">in</w> <w type="AT">the</w> <w type="QL">most</w> <w type="JJ">scientific</w> <w type="NN">way</w> <c type="pct">.</c> </s>
<s n="26"><w type="NNS">Concessionaires</w> <w type="BED">were</w> <w type="TO">to</w> <w type="BE">be</w> <w type="IN">under</w> <w type="AT">the</w> <w type="NN">supervision</w> <w type="IN">of</w> <w type="AT">the</w> <w type="NNS">directors</w> <c type="pct">.</c> </s>
<s n="27"><w type="NNS" subtype="FW">Engages</w> <w type="MD">must</w> <w type="BE">be</w> <w type="JJ">loyal</w> <w type="IN">to</w> <w type="AT">the</w> <w type="NNS">concessionaires</w> <c type="pct">,</c> <w type="CC">and</w> <w type="MD">must</w> <w type="VB">serve</w> <w type="CS">until</w> <w type="AT">the</w> <w type="NN">term</w> <w type="VBN">provided</w> <w type="IN">in</w> <w type="AT">the</w> <w type="NN">engagement</w> <w type="BEDZ">was</w> <w type="VBN">ended</w> <c type="pct">.</c> </s>
<s n="28"><w type="AT">The</w> <w type="NNS">habitants</w> <w type="BED">were</w> <w type="TO">to</w> <w type="BE">be</w> <w type="VBN">encouraged</w> <w type="TO">to</w> <w type="VB">trade</w> <w type="CC">and</w> <w type="BED">were</w> <w type="TO">to</w> <w type="VB">dispose</w> <w type="IN">of</w> <w type="PPg">their</w> <w type="NNS">pelts</w> <w type="IN">to</w> <w type="AT">the</w> <w type="NNS">concessionaires</w> <c type="pct">.</c> </s>
</p>
<p><s n="29"><w type="RB">Only</w> <w type="CD">two</w> <w type="JJS">principal</w> <w type="NNS">storehouses</w> <w type="BED">were</w> <w type="RB">actually</w> <w type="VBN">established</w> <c type="pct">--</c> <w type="CD">one</w> <w type="IN">at</w> <w type="NP">Mobile</w> <c type="pct">,</c> <w type="AT">the</w> <w type="AP">other</w> <w type="IN">at</w> <w type="JJ" subtype="TL">New</w> <w type="NP" subtype="TL">Orleans</w> <c type="pct">.</c> </s>
<s n="30"><w type="JJ" subtype="TL">New</w> <w type="NP" subtype="TL">Orleans</w> <w type="VBD">supplied</w> <w type="AT">the</w> <w type="NNS">goods</w> <w type="IN">for</w> <w type="AT">the</w> <w type="NN">trade</w> <w type="IN">on</w> <w type="AT">the</w> <w type="NP">Mississippi</w> <c type="pct">,</c> <w type="CC">and</w> <w type="NR">west</w> <w type="IN">of</w> <w type="DT">that</w> <w type="NN">river</w> <c type="pct">,</c> <w type="CC">and</w> <w type="IN">on</w> <w type="AT">the</w> <w type="NP">Ohio</w> <w type="CC">and</w> <w type="NP">Wabash</w> <c type="pct">.</c> </s>
<s n="31"><w type="NP">Mobile</w> <w type="BEDZ">was</w> <w type="RB">also</w> <w type="VBN">supplied</w> <w type="IN">by</w> <w type="JJ" subtype="TL">New</w> <w type="NP" subtype="TL">Orleans</w> <w type="IN">with</w> <w type="NNS">goods</w> <w type="IN">for</w> <w type="AT">the</w> <w type="NP">Mobile</w> <w type="NN">district</w> <c type="pct">.</c> </s>
</p>
<p><s n="32"><w type="AT">The</w> <w type="NN">power</w> <w type="CS">that</w> <w type="NP">Bienville</w> <w type="VBD">exercised</w> <w type="IN">during</w> <w type="PPg">his</w> <w type="OD">first</w> <w type="NN">administration</w> <mw pos="MD *">cannot </mw><w type="BE">be</w> <w type="VBN">determined</w> <c type="pct">.</c> </s>
<s n="33"><w type="NNS">Regulations</w> <w type="IN">for</w> <w type="AT">the</w> <w type="JJ">Indian</w> <w type="NN">trade</w> <w type="BED">were</w> <w type="VBN">made</w> <w type="IN">by</w> <w type="AT">the</w> <w type="NN" subtype="FW">Conseil</w> <w type="JJ" subtype="FW">superieure</w> <w type="IN" subtype="FW">de</w> <w type="AT" subtype="FW">la</w> <w type="NP" subtype="TL">Louisiane</w> <c type="pct">,</c> <w type="CC">and</w> <w type="NP">Bienville</w> <w type="RB">apparently</w> <w type="DOD">did</w> <w type="NEG">not</w> <w type="HV">have</w> <w type="NN">control</w> <w type="IN">of</w> <w type="DT">that</w> <w type="NN">body</w> <c type="pct">.</c> </s>
<s n="34"><w type="AT">The</w> <w type="NN" subtype="FW">Conseil</w> <w type="RB">even</w> <w type="VBD">treated</w> <w type="AT">the</w> <w type="JJ">serious</w> <w type="NN">matter</w> <w type="IN">of</w> <w type="JJ">British</w> <w type="NN">aggression</w> <w type="CS">as</w> <w type="PPg">its</w> <w type="NN">business</w> <w type="CC">and</w> <c type="pct">,</c> <w type="IN">on</w> <w type="PPg">its</w> <w type="JJ">own</w> <w type="NN">authority</w> <c type="pct">,</c> <w type="VBD">sent</w> <w type="IN">to</w> <w type="VBN">disaffected</w> <w type="NNS">savages</w> <w type="NN">merchandise</w> <c type="pct">``</c> <w type="JJ">suitable</w> <w type="IN">for</w> <w type="AT">the</w> <w type="NN">peltry</w> <w type="NN">trade</w> <c type="pct">''</c> <c type="pct">.</c> </s>
<s n="35"><w type="PPS">It</w> <w type="VBD">decided</w> <c type="pct">,</c> <w type="RB">also</w> <c type="pct">,</c> <w type="CS">that</w> <w type="AT">the</w> <w type="QL">purely</w> <w type="JJ">secular</w> <w type="NNS">efforts</w> <w type="IN">of</w> <w type="NP">Bienville</w> <w type="BED">were</w> <w type="JJ">insufficient</w> <c type="pct">,</c> <w type="CC">and</w> <w type="VBD">sent</w> <w type="NNS">missionaries</w> <w type="TO">to</w> <w type="VB">win</w> <w type="AT">the</w> <w type="NNS">savages</w> <w type="IN">from</w> <w type="AT">the</w> <w type="JJ">heathen</w> <w type="NPS">Carolinians</w> <c type="pct">.</c> </s>
</p>
<p><s n="36"><w type="IN">During</w> <w type="AT">the</w> <w type="OD">first</w> <w type="NN">administration</w> <w type="IN">of</w> <w type="NP">Bienville</w> <c type="pct">,</c> <w type="AT">the</w> <w type="NN">peltry</w> <w type="NN">trade</w> <w type="IN">of</w> <w type="AT">the</w> <w type="NP">Mobile</w> <w type="NN">district</w> <w type="BEDZ">was</w> <w type="AT">a</w> <w type="JJ">lucrative</w> <w type="NN">source</w> <w type="IN">of</w> <w type="NN">revenue</w> <c type="pct">.</c> </s>
<s n="37"><w type="AT">The</w> <w type="NPS">Alabamas</w> <w type="VBD">brought</w> <w type="RP">in</w> <w type="RB">annually</w> <w type="CD">15,000</w> <w type="IN">to</w> <w type="CD">20,000</w> <w type="NNS">deerskins</w> <c type="pct">,</c> <w type="CC">and</w> <w type="AT">the</w> <w type="NPS">Choctaws</w> <w type="CC">and</w> <w type="NPS">Chickasaws</w> <w type="VBD">brought</w> <w type="AT">the</w> <w type="NN">total</w> <w type="RP">up</w> <w type="IN">to</w> <w type="CD">50,000</w> <w type="NNS">pelts</w> <c type="pct">.</c> </s>
<s n="38"><w type="DTS">These</w> <w type="NNS">deerskins</w> <w type="BED">were</w> <w type="AT">the</w> <w type="JJ">raw</w> <w type="NN">material</w> <w type="IN">for</w> <w type="AT">the</w> <w type="NN">manufacture</w> <w type="IN">of</w> <w type="NN">leather</w> <c type="pct">,</c> <w type="CC">and</w> <w type="BED">were</w> <w type="AT">the</w> <w type="AP">only</w> <w type="NNS">articles</w> <w type="WDT">which</w> <w type="AT">the</w> <w type="NNS">tribes</w> <w type="IN">of</w> <w type="DT">this</w> <w type="NN">district</w> <w type="HVD">had</w> <w type="TO">to</w> <w type="VB">exchange</w> <w type="IN">for</w> <w type="JJ">European</w> <w type="NNS">goods</w> <c type="pct">.</c> </s>
</p>
<p><s n="39"><w type="IN">During</w> <w type="PPg">his</w> <w type="OD">first</w> <w type="NN">administration</w> <c type="pct">,</c> <w type="NP">Bienville</w> <w type="VBD">succeeded</w> <w type="IN">in</w> <w type="VBG">keeping</w> <w type="NP">Carolina</w> <w type="NNS">traders</w> <w type="IN">out</w> <w type="IN">of</w> <w type="AT">the</w> <w type="NP">Alabama</w> <w type="NN">country</w> <w type="CC">and</w> <w type="AT">the</w> <w type="JJ">Choctaw</w> <w type="NN">country</w> <c type="pct">.</c> </s>
<s n="40"><w type="AT">The</w> <w type="NN">director</w> <w type="IN">of</w> <w type="AT">the</w> <w type="NN">post</w> <w type="IN">at</w> <w type="NP">Mobile</w> <w type="VBD">kept</w> <w type="AT">an</w> <w type="JJ">adequate</w> <w type="VB">amount</w> <w type="IN">of</w> <w type="JJ">French</w> <w type="NNS">goods</w> <c type="pct">,</c> <w type="IN">of</w> <w type="AT">a</w> <w type="NN">kind</w> <w type="IN">to</w> <w type="WDT">which</w> <w type="PPSS">they</w> <w type="BED">were</w> <w type="VBN">accustomed</w> <c type="pct">,</c> <w type="TO">to</w> <w type="VB">supply</w> <w type="AT">the</w> <w type="JJ">Indian</w> <w type="NNS">needs</w> <c type="pct">.</c> </s>
<s n="41"><w type="AT">The</w> <w type="NP">Alabama</w> <w type="CC">and</w> <w type="NP">Tombigbee</w> <w type="NNS">rivers</w> <w type="VBD">furnished</w> <w type="AT">a</w> <w type="NN">highway</w> <w type="IN">by</w> <w type="WDT">which</w> <w type="NNS">goods</w> <w type="MD">could</w> <w type="BE">be</w> <w type="VBN">moved</w> <w type="RB">quickly</w> <w type="CC">and</w> <w type="RB">cheaply</w> <c type="pct">.</c> </s>
<s n="42"><w type="NP">De</w> <w type="NP">La</w> <w type="NP">Laude</w> <c type="pct">,</c> <w type="NN">commander</w> <w type="IN">of</w> <w type="AT">the</w> <w type="NP">Alabama</w> <w type="NN">post</w> <c type="pct">,</c> <w type="HVD">had</w> <w type="AT">the</w> <w type="NN">friendship</w> <w type="IN">of</w> <w type="AT">the</w> <w type="NNS">natives</w> <c type="pct">,</c> <w type="CC">and</w> <w type="BEDZ">was</w> <w type="JJ">able</w> <w type="TO">to</w> <w type="VB">make</w> <w type="PPO">them</w> <w type="VB">look</w> <w type="RB">upon</w> <w type="AT">the</w> <w type="NPS">British</w> <w type="QL">as</w> <w type="JJ">poor</w> <w type="NNS">competitors</w> <c type="pct">.</c> </s>
<s n="43"><w type="NP">Diron</w> <w type="NP">D'Artaguette</w> <c type="pct">,</c> <w type="AT">the</w> <w type="QL">most</w> <w type="JJ">prominent</w> <w type="NN">trader</w> <w type="IN">in</w> <w type="AT">the</w> <w type="NN">district</w> <c type="pct">,</c> <w type="BEDZ">was</w> <w type="JJ">energetic</w> <w type="CC">and</w> <w type="JJ">resourceful</w> <c type="pct">,</c> <w type="CC">but</w> <w type="PPg">his</w> <w type="NNS">methods</w> <w type="RB">often</w> <w type="VBD">aroused</w> <w type="AT">the</w> <w type="NN">ire</w> <w type="IN">of</w> <w type="AT">the</w> <w type="JJ">French</w> <w type="NNS">governors</w> <c type="pct">.</c> </s>
<s n="44"><w type="PPS">He</w> <w type="VBD">became</w> <c type="pct">,</c> <w type="IN">after</w> <w type="AT">a</w> <w type="NN">time</w> <c type="pct">,</c> <w type="NN">commander</w> <w type="IN">of</w> <w type="AT">a</w> <w type="NN">post</w> <w type="IN">on</w> <w type="AT">the</w> <w type="NP" subtype="TL">Alabama</w> <w type="NN" subtype="TL">River</w> <c type="pct">,</c> <w type="CC">but</w> <w type="PPg">his</w> <w type="NNS">operations</w> <w type="VBD">extended</w> <w type="IN">from</w> <w type="NP">Mobile</w> <w type="IN">throughout</w> <w type="AT">the</w> <w type="NN">district</w> <c type="pct">,</c> <w type="CC">and</w> <w type="PPS">he</w> <w type="RB">finally</w> <w type="VBD">obtained</w> <w type="AT">a</w> <w type="NN">monopoly</w> <w type="IN">of</w> <w type="AT">the</w> <w type="JJ">Indian</w> <w type="NN">trade</w> <c type="pct">.</c> </s>
</p>
<p><s n="45"><w type="AT">The</w> <w type="NPS">Chickasaws</w> <w type="BED">were</w> <w type="AT">the</w> <w type="JJS">principal</w> <w type="NN">source</w> <w type="IN">of</w> <w type="NN">trouble</w> <w type="IN">in</w> <w type="AT">the</w> <w type="NP">Mobile</w> <w type="NN">district</w> <c type="pct">.</c> </s>
<s n="46"><w type="PPg">Their</w> <w type="NN">territory</w> <w type="VBD">lay</w> <w type="IN">to</w> <w type="AT">the</w> <w type="NR">north</w> <c type="pct">,</c> <w type="IN">near</w> <w type="AT">the</w> <w type="NNS">sources</w> <w type="IN">of</w> <w type="AT">the</w> <w type="NP">Alabama</w> <c type="pct">,</c> <w type="AT">the</w> <w type="NP">Tombigbee</w> <c type="pct">,</c> <w type="AT">the</w> <w type="NP">Tennessee</w> <c type="pct">,</c> <w type="CC">and</w> <w type="NP">Cumberland</w> <w type="NNS">rivers</w> <c type="pct">,</c> <w type="CC">and</w> <w type="BEDZ">was</w> <w type="RB">easily</w> <w type="JJ">accessible</w> <w type="IN">to</w> <w type="NNS">traders</w> <w type="IN">among</w> <w type="AT">the</w> <w type="JJ">near-by</w> <w type="NPS">Cherokees</w> <c type="pct">.</c> </s>
<s n="47"><w type="IN">In</w> <w type="CD">1720</w> <w type="DTI">some</w> <w type="NPS">Chickasaws</w> <w type="VBD">massacred</w> <w type="AT">the</w> <w type="JJ">French</w> <w type="NNS">traders</w> <w type="IN">among</w> <w type="PPO">them</w> <c type="pct">,</c> <w type="CC">and</w> <w type="DOD">did</w> <w type="NEG">not</w> <w type="VB">make</w> <w type="NN">peace</w> <w type="IN">for</w> <w type="CD">four</w> <w type="NNS">years</w> <c type="pct">.</c> </s>
<s n="48"><w type="JJ">Venturesome</w> <w type="NNS">traders</w> <c type="pct">,</c> <w type="RB">however</w> <c type="pct">,</c> <w type="VBD">continued</w> <w type="TO">to</w> <w type="VB">come</w> <w type="IN">to</w> <w type="PPO">them</w> <w type="IN">from</w> <w type="NP">Mobile</w> <c type="pct">,</c> <w type="CC">and</w> <w type="TO">to</w> <w type="VB">obtain</w> <w type="AT">a</w> <w type="JJ">considerable</w> <w type="NN">number</w> <w type="IN">of</w> <w type="NNS">pelts</w> <w type="IN">for</w> <w type="AT">the</w> <w type="JJ">French</w> <w type="NNS">markets</w> <c type="pct">.</c> </s>
<s n="49"><w type="JJ">British</w> <w type="NNS">traders</w> <w type="IN">from</w> <w type="JJ" subtype="TL">South</w> <w type="NP" subtype="TL">Carolina</w> <w type="VBD">incited</w> <w type="AT">the</w> <w type="NPS">Indians</w> <w type="IN">against</w> <w type="AT">the</w> <w type="NPS">French</w> <c type="pct">,</c> <w type="CC">and</w> <w type="EX">there</w> <w type="VBD">developed</w> <w type="JJ">French</w> <w type="CC">and</w> <w type="JJ">British</w> <w type="NNS" subtype="TL">Factions</w> <w type="IN">in</w> <w type="AT">the</w> <w type="NN">tribe</w> <c type="pct">.</c> </s>
<s n="50"><w type="AT">The</w> <w type="NPS">Chickasaws</w> <w type="RB">finally</w> <w type="BED">were</w> <w type="AT">the</w> <w type="NN">occasion</w> <w type="IN">for</w> <w type="AT">the</w> <w type="QL">most</w> <w type="JJ">disastrous</w> <w type="NNS">wars</w> <w type="IN">during</w> <w type="AT">the</w> <w type="JJ">French</w> <w type="NN">control</w> <w type="IN">of</w> <w type="NP">Louisiana</w> <c type="pct">.</c> </s>
<s n="51"><w type="TO">To</w> <w type="VB">hold</w> <w type="PPO">them</w> <w type="BEDZ">was</w> <w type="AT">an</w> <w type="JJ">essential</w> <w type="NN">part</w> <w type="IN">of</w> <w type="JJ">French</w> <w type="NN">policy</w> <c type="pct">,</c> <w type="CS">for</w> <w type="PPSS">they</w> <w type="VBD">controlled</w> <w type="AT">the</w> <w type="JJ">upper</w> <w type="NNS">termini</w> <w type="IN">of</w> <w type="AT">the</w> <w type="NNS">routes</w> <w type="IN">from</w> <w type="AT">the</w> <w type="NR">north</w> <w type="IN">to</w> <w type="NP">Mobile</w> <c type="pct">.</c> </s>
<s n="52"><w type="PPSS">They</w> <w type="VBD">threatened</w> <w type="RB">constantly</w> <w type="TO">to</w> <w type="VB">give</w> <w type="AT">the</w> <w type="NPS">British</w> <w type="AT">a</w> <w type="NN">hold</w> <w type="IN">on</w> <w type="DT">this</w> <w type="NN">region</w> <c type="pct">,</c> <w type="IN">from</w> <w type="WRB">whence</w> <w type="PPSS">they</w> <w type="MD">could</w> <w type="VB">move</w> <w type="RB">easily</w> <w type="IN">down</w> <w type="AT">the</w> <w type="NNS">rivers</w> <w type="IN">to</w> <w type="AT">the</w> <w type="JJ">French</w> <w type="NNS">settlements</w> <w type="IN">near</w> <w type="AT">the</w> <w type="NN" subtype="TL">Gulf</w> <c type="pct">.</c> </s>
</p>
<p><s n="53"><w type="NP">Bienville</w> <w type="VBD">realized</w> <w type="CS">that</w> <w type="CS">if</w> <w type="AT">the</w> <w type="NPS">French</w> <w type="BED">were</w> <w type="TO">to</w> <w type="VB">hold</w> <w type="AT">the</w> <w type="JJ">southeastern</w> <w type="NNS">tribes</w> <w type="IN">against</w> <w type="AT">the</w> <w type="NNS">enticements</w> <w type="IN">of</w> <w type="JJ">British</w> <w type="NNS">goods</w> <c type="pct">,</c> <w type="JJ">French</w> <w type="NNS">traders</w> <w type="MD">must</w> <w type="BE">be</w> <w type="JJ">able</w> <w type="TO">to</w> <w type="VB">offer</w> <w type="AT">a</w> <w type="NN">supply</w> <w type="QL">as</w> <w type="JJ">abundant</w> <w type="CS">as</w> <w type="AT">the</w> <w type="NPS">Carolinians</w> <w type="CC">and</w> <w type="IN">at</w> <w type="JJ">reasonable</w> <w type="NNS">prices</w> <c type="pct">.</c> </s>
<s n="54"><w type="PPg">His</w> <w type="NNS">urgings</w> <w type="VBD">brought</w> <w type="DTI">some</w> <w type="NNS">results</w> <c type="pct">.</c> </s>
<s n="55"><w type="AT">The</w> <w type="NN" subtype="TL">Company</w> <w type="IN" subtype="TL">of</w> <w type="AT" subtype="TL">the</w> <w type="NPS">Indies</w> <w type="VBD">promised</w> <w type="TO">to</w> <w type="VB">send</w> <w type="RP">over</w> <w type="AT">a</w> <w type="NN">supply</w> <w type="IN">of</w> <w type="JJ">Indian</w> <w type="VBG">trading</w> <w type="NNS">goods</w> <c type="pct">,</c> <w type="CC">and</w> <w type="TO">to</w> <w type="VB">price</w> <w type="PPO">them</w> <w type="QL">more</w> <w type="RB">cheaply</w> <w type="IN">in</w> <w type="NNS">terms</w> <w type="IN">of</w> <w type="NNS">deerskins</w> <c type="pct">.</c> </s>
<s n="56"><w type="CC">But</w> <w type="PPS">it</w> <w type="VBD">coupled</w> <w type="IN">with</w> <w type="DT">this</w> <w type="AT">a</w> <w type="NN">requirement</w> <w type="CS">that</w> <w type="NPS">Indians</w> <w type="MD">must</w> <w type="VB">bring</w> <w type="PPg">their</w> <w type="NNS">pelts</w> <w type="IN">to</w> <w type="NP">Mobile</w> <w type="CC">and</w> <w type="RB">thus</w> <w type="VB">save</w> <w type="ABN">all</w> <w type="NNS">costs</w> <w type="IN">of</w> <w type="NN">transportation</w> <w type="IN">into</w> <w type="CC">and</w> <w type="IN">out</w> <w type="IN">of</w> <w type="AT">the</w> <w type="JJ">Indian</w> <w type="NN">country</w> <c type="pct">.</c> </s>
</p>
<p><s n="57"><w type="AT">The</w> <w type="NN">insistence</w> <w type="IN">of</w> <w type="NP">Bienville</w> <w type="IN">upon</w> <w type="VBG">giving</w> <w type="JJ">liberal</w> <w type="NNS">prices</w> <w type="IN">to</w> <w type="AT">the</w> <w type="NPS">Indians</w> <c type="pct">,</c> <w type="IN">in</w> <w type="NN">order</w> <w type="TO">to</w> <w type="VB">drive</w> <w type="RB">back</w> <w type="AT">the</w> <w type="NP">Carolina</w> <w type="NNS">traders</w> <c type="pct">,</c> <w type="BEDZ">was</w> <w type="RB">probably</w> <w type="AT">a</w> <w type="NN">factor</w> <w type="WPS">that</w> <w type="VBD">led</w> <w type="IN">to</w> <w type="PPg">his</w> <w type="NN">recall</w> <w type="IN">in</w> <w type="CD">1724</w> <c type="pct">.</c> </s>
<s n="58"><w type="IN">For</w> <w type="CD">two</w> <w type="NNS">years</w> <w type="PPg">his</w> <w type="NN">friend</w> <w type="CC">and</w> <w type="NN">cousin</w> <c type="pct">,</c> <w type="NP">Boisbriant</w> <c type="pct">,</c> <w type="VBD">remained</w> <w type="CS">as</w> <w type="VBG">acting</w> <w type="NN">governor</w> <w type="CC">and</w> <w type="MD">could</w> <w type="DO">do</w> <w type="AP">little</w> <w type="TO">to</w> <w type="VB">stem</w> <w type="AT">the</w> <w type="JJ">Anglican</w> <w type="NN">advance</w> <c type="pct">.</c> </s>
<s n="59"><w type="CS">Although</w> <w type="PPS">he</w> <w type="VBD">incited</w> <w type="AT">a</w> <w type="AP">few</w> <w type="JJ">friendly</w> <w type="NPS">Indians</w> <w type="TO">to</w> <w type="VB">pillage</w> <w type="AT">the</w> <w type="NNS">invaders</w> <c type="pct">,</c> <w type="CC">and</w> <w type="RB">even</w> <w type="VB">kill</w> <w type="DTI">some</w> <w type="IN">of</w> <w type="PPO">them</w> <c type="pct">,</c> <w type="AT">the</w> <w type="NP">Carolina</w> <w type="NN">advance</w> <w type="VBD">continued</w> <c type="pct">.</c> </s>
</p>
<p><s n="60"><w type="AT">The</w> <w type="NN">company</w> <w type="BEDZ">was</w> <w type="VBN">impressed</w> <w type="IN">with</w> <w type="DTI">some</w> <w type="NNS">ideas</w> <w type="IN">of</w> <w type="AT">the</w> <w type="NN">danger</w> <w type="IN">from</w> <w type="NP">Carolina</w> <c type="pct">,</c> <w type="CC">and</w> <w type="WRB">when</w> <w type="NP">Perier</w> <w type="VBD">came</w> <w type="RP">over</w> <w type="CS">as</w> <w type="NN">governor</w> <w type="IN">in</w> <w type="CD">1727</w> <c type="pct">,</c> <w type="PPS">he</w> <w type="BEDZ">was</w> <w type="VBN">given</w> <w type="JJ">special</w> <w type="NNS">instructions</w> <w type="IN">regarding</w> <w type="AT">the</w> <w type="NN">trade</w> <w type="IN">of</w> <w type="AT">the</w> <w type="NP">Mobile</w> <w type="NN">district</w> <c type="pct">.</c> </s>
<s n="61"><w type="CC">But</w> <w type="AT">the</w> <w type="NN" subtype="TL">Company</w> <w type="IN">of</w> <w type="AT">the</w> <w type="NPS">Indies</w> <c type="pct">,</c> <w type="VBG">holding</w> <w type="IN">to</w> <w type="PPg">its</w> <w type="NN">program</w> <w type="IN">of</w> <w type="NN">economy</w> <c type="pct">,</c> <w type="VBD">made</w> <w type="AT">no</w> <w type="NNS">arrangements</w> <w type="TO">to</w> <w type="VB">furnish</w> <w type="JJR">better</w> <w type="NNS">goods</w> <w type="IN">at</w> <w type="JJ">attractive</w> <w type="NNS">prices</w> <c type="pct">.</c> </s>
<s n="62"><w type="IN">To</w> <w type="AT">the</w> <w type="NNS">directors</w> <w type="AT">the</w> <w type="NN">problem</w> <w type="VBD">appeared</w> <w type="AT">a</w> <w type="NN">matter</w> <w type="IN">of</w> <w type="NN">intrigue</w> <w type="CC">or</w> <w type="NN">diplomacy</w> <c type="pct">.</c> </s>
<s n="63"><w type="NP">Perier</w> <w type="VBD">attempted</w> <w type="TO">to</w> <w type="VB">understand</w> <w type="AT">the</w> <w type="NN">problem</w> <w type="IN">by</w> <w type="VBG">sending</w> <w type="NNS">agents</w> <w type="TO">to</w> <w type="VB">inquire</w> <w type="IN">among</w> <w type="AT">the</w> <w type="NPS">Indians</w> <c type="pct">.</c> </s>
<s n="64"><w type="DTS">These</w> <w type="NNS">agents</w> <w type="BED">were</w> <w type="TO">to</w> <w type="VB">ascertain</w> <w type="AT">the</w> <w type="NN">difference</w> <w type="IN">between</w> <w type="JJ">English</w> <w type="CC">and</w> <w type="JJ">French</w> <w type="NNS">goods</w> <c type="pct">,</c> <w type="CC">and</w> <w type="AT">the</w> <w type="NNS">prices</w> <w type="VBN">charged</w> <w type="AT">the</w> <w type="NPS">Indians</w> <c type="pct">.</c> </s>
<s n="65"><w type="PPSS">They</w> <w type="BED">were</w> <w type="TO">to</w> <w type="VB">conciliate</w> <w type="AT">the</w> <w type="JJ">unfriendly</w> <w type="NNS">savages</w> <c type="pct">,</c> <w type="CC">and</w> <c type="pct">,</c> <w type="WRB">wherever</w> <w type="JJ">possible</w> <c type="pct">,</c> <w type="TO">to</w> <w type="VB">incite</w> <w type="AT">the</w> <w type="NNS">natives</w> <w type="TO">to</w> <w type="VB">pillage</w> <w type="AT">the</w> <w type="NNS">traders</w> <w type="IN">from</w> <w type="NP">Carolina</w> <c type="pct">.</c> </s>
<s n="66"><w type="PPSS">They</w> <w type="BED">were</w> <w type="TO">to</w> <w type="VB">promise</w> <w type="JJ">fine</w> <w type="NNS">presents</w> <w type="IN">to</w> <w type="AT">the</w> <w type="JJ">loyal</w> <w type="JJ">red</w> <w type="NNS">men</w> <c type="pct">,</c> <w type="QL">as</w> <w type="RB">well</w> <w type="CS">as</w> <w type="AT">an</w> <w type="JJ">abundant</w> <w type="NN">supply</w> <w type="IN">of</w> <w type="VBG">trading</w> <w type="NNS">goods</w> <w type="IN">at</w> <w type="JJR">better</w> <w type="NNS">prices</w> <w type="CS">than</w> <w type="AT">the</w> <w type="NN">opposition</w> <w type="BEDZ">was</w> <w type="VBG">offering</w> <c type="pct">.</c> </s>
<s n="67"><w type="NPg">Perier's</w> <w type="NNS">intrigues</w> <w type="VBD">gained</w> <w type="DTI">some</w> <w type="NNS">successes</w> <c type="pct">.</c> </s>
<s n="68"><w type="AT">The</w> <w type="NNS">savages</w> <w type="VBD">divided</w> <w type="IN">into</w> <w type="CD">two</w> <w type="NNS">factions</w> <c type="pct">;</c> <c type="pct">;</c> </s>
<s n="69"><w type="CD">one</w> <w type="BEDZ">was</w> <w type="JJ">British</w> <w type="CC">and</w> <w type="AT">the</w> <w type="AP">other</w> <c type="pct">,</c> <w type="JJ">French</w> <c type="pct">.</c> </s>
<s n="70"><w type="QL">So</w> <w type="JJ">hostile</w> <w type="DOD">did</w> <w type="DTS">these</w> <w type="NNS">factions</w> <w type="VB">become</w> <w type="CS">that</w> <c type="pct">,</c> <w type="IN">among</w> <w type="AT">the</w> <w type="NPS">Choctaws</w> <c type="pct">,</c> <w type="JJ">civil</w> <w type="NN">war</w> <w type="VBD">broke</w> <w type="RP">out</w> <c type="pct">.</c> </s>
</p>
<p><s n="71"><w type="NPg">Perier's</w> <w type="NNS">efforts</w> <c type="pct">,</c> <w type="RB">however</w> <c type="pct">,</c> <w type="BED">were</w> <w type="IN">on</w> <w type="AT">the</w> <w type="NN">whole</w> <w type="JJ">ineffective</w> <w type="IN">in</w> <w type="VBG">winning</w> <w type="RB">back</w> <w type="AT">the</w> <w type="NNS">tribes</w> <w type="IN">of</w> <w type="AT">the</w> <w type="NP">Mobile</w> <w type="NN">district</w> <c type="pct">,</c> <w type="CC">and</w> <w type="PPS">he</w> <w type="VBD">decided</w> <w type="TO">to</w> <w type="VB">send</w> <w type="NNS">troops</w> <w type="IN">into</w> <w type="AT">the</w> <w type="VBN">troubled</w> <w type="NN">country</w> <c type="pct">.</c> </s>
<s n="72"><w type="PPS">He</w> <w type="VBD">asked</w> <w type="AT">the</w> <w type="NN">government</w> <w type="IN">for</w> <w type="CD">two</w> <w type="CD">hundred</w> <w type="NNS">soldiers</w> <c type="pct">,</c> <w type="WPS">who</w> <w type="BED">were</w> <w type="TO">to</w> <w type="BE">be</w> <w type="RB">specifically</w> <w type="VBN">assigned</w> <w type="TO">to</w> <w type="VB">arrest</w> <w type="JJ">English</w> <w type="NNS">traders</w> <w type="CC">and</w> <w type="JJ">disloyal</w> <w type="NPS">Indians</w> <c type="pct">.</c> </s>
<s n="73"><w type="IN">In</w> <w type="NN">spite</w> <w type="IN">of</w> <w type="AT">the</w> <w type="NNg">company's</w> <w type="NNS">restrictions</w> <c type="pct">,</c> <w type="PPS">he</w> <w type="VBD">planned</w> <w type="TO">to</w> <w type="VB">build</w> <w type="JJ">new</w> <w type="NNS">posts</w> <w type="IN">in</w> <w type="AT">the</w> <w type="NN">territory</w> <c type="pct">.</c> </s>
<s n="74"><w type="PPS">He</w> <w type="VBD">asked</w> <w type="RB">also</w> <w type="IN">for</w> <w type="AP">more</w> <w type="NNS">supplies</w> <w type="TO">to</w> <w type="VB">trade</w> <w type="IN">at</w> <w type="AT">a</w> <w type="JJ">low</w> <w type="NN">price</w> <w type="IN">for</w> <w type="AT">the</w> <w type="NPSg">Indians'</w> <w type="NNS">pelts</w> <c type="pct">.</c> </s>
</p>
<p><s n="75"><w type="AT">No</w> <w type="NN">help</w> <w type="VBD">came</w> <w type="IN">from</w> <w type="AT">the</w> <w type="NN">crown</w> <c type="pct">,</c> <w type="CC">and</w> <w type="NP">Perier</w> <c type="pct">,</c> <w type="IN">in</w> <w type="NN">desperation</w> <c type="pct">,</c> <w type="VBD">gave</w> <w type="AT">a</w> <w type="NN">monopoly</w> <w type="IN">of</w> <w type="AT">the</w> <w type="JJ">Indian</w> <w type="NN">trade</w> <w type="IN">in</w> <w type="AT">the</w> <w type="NN">district</w> <w type="IN">to</w> <w type="NP">D'Artaguette</w> <c type="pct">.</c> </s>
<s n="76"><w type="NP">D'Artaguette</w> <w type="VBD">went</w> <w type="RB">vigorously</w> <w type="IN">to</w> <w type="NN">work</w> <c type="pct">,</c> <w type="CC">and</w> <w type="VBD">gave</w> <w type="NN">credit</w> <w type="IN">to</w> <w type="AP">many</w> <w type="NNS">hunters</w> <c type="pct">.</c> </s>
<s n="77"><w type="CC">But</w> <w type="PPSS">they</w> <w type="VBD">brought</w> <w type="RB">back</w> <w type="AP">few</w> <w type="NNS">pelts</w> <w type="TO">to</w> <w type="VB">pay</w> <w type="PPg">their</w> <w type="NNS">debts</w> <c type="pct">,</c> <w type="CC">and</w> <w type="RB">soon</w> <w type="JJ">French</w> <w type="NN">trade</w> <w type="IN">in</w> <w type="AT">the</w> <w type="NN">region</w> <w type="BEDZ">was</w> <w type="IN">at</w> <w type="AT">an</w> <w type="NN">end</w> <c type="pct">.</c> </s>
<s n="78"><w type="NP">Perier</w> <w type="RB">finally</w> <c type="pct">,</c> <w type="IN">in</w> <w type="CD">one</w> <w type="AP">last</w> <w type="NN">bid</w> <w type="IN">in</w> <w type="CD">1730</w> <c type="pct">,</c> <w type="VBD">cut</w> <w type="AT">the</w> <w type="NN">price</w> <w type="IN">of</w> <w type="NNS">goods</w> <w type="IN">to</w> <w type="AT">an</w> <w type="NN">advance</w> <w type="IN">of</w> <w type="CD">40</w> <w type="IN">per</w> <w type="NN">cent</w> <w type="IN">above</w> <w type="AT">the</w> <w type="NN">cost</w> <w type="IN">in</w> <w type="NP">France</w> <c type="pct">.</c> </s>
<s n="79"><w type="AT">The</w> <w type="NPS">Indians</w> <w type="BED">were</w> <w type="NEG">not</w> <w type="VBN">impressed</w> <w type="CC">and</w> <w type="VBD">held</w> <w type="IN">to</w> <w type="AT">the</w> <w type="NP">Carolina</w> <w type="NNS">traders</w> <c type="pct">,</c> <w type="WPS">who</w> <w type="VBD">swarmed</w> <w type="IN">over</w> <w type="AT">the</w> <w type="NN">country</w> <c type="pct">,</c> <w type="RB">almost</w> <w type="IN">to</w> <w type="AT">the</w> <w type="NP">Mississippi</w> <c type="pct">.</c> </s>
</p>
<p><s n="80"><w type="IN">With</w> <w type="AT">the</w> <w type="NN">loss</w> <w type="IN">of</w> <w type="AT">the</w> <w type="NP">Mobile</w> <w type="NN">trade</w> <c type="pct">,</c> <w type="WDT">which</w> <w type="VBD">ended</w> <w type="ABN">all</w> <w type="NNS">profits</w> <w type="IN">from</w> <w type="NP">Louisiana</w> <c type="pct">,</c> <w type="AT">the</w> <w type="NP">Natchez</w> <w type="NPS">Indians</w> <w type="VBD">revolted</w> <c type="pct">.</c> </s>
<s n="81"><w type="PPSS">They</w> <w type="VBD">destroyed</w> <w type="AT">a</w> <w type="VBG">trading</w> <w type="NN">house</w> <w type="CC">and</w> <w type="VBD">pillaged</w> <w type="AT">the</w> <w type="NNS">goods</w> <c type="pct">,</c> <w type="CC">and</w> <w type="VBD">harassed</w> <w type="JJ">French</w> <w type="NN">shipping</w> <w type="IN">on</w> <w type="AT">the</w> <w type="NP">Mississippi</w> <c type="pct">.</c> </s>
<s n="82"><w type="AT">The</w> <w type="NN">war</w> <w type="TO">to</w> <w type="VB">subdue</w> <w type="PPO">them</w> <w type="VBD">taxed</w> <w type="AT">the</w> <w type="NNS">resources</w> <w type="IN">of</w> <w type="AT">the</w> <w type="NN">colony</w> <w type="CC">and</w> <w type="VBD">piled</w> <w type="RP">up</w> <w type="JJ">enormous</w> <w type="NNS">debts</w> <c type="pct">.</c> </s>
<s n="83"><w type="IN">In</w> <w type="NP">January</w> <c type="pct">,</c> <w type="CD">1731</w> <c type="pct">,</c> <w type="AT">the</w> <w type="NN">company</w> <w type="VBD">asked</w> <w type="AT">the</w> <w type="NN">crown</w> <w type="TO">to</w> <w type="VB">relieve</w> <w type="PPO">it</w> <w type="IN">of</w> <w type="AT">the</w> <w type="NN">government</w> <w type="IN">of</w> <w type="AT">the</w> <w type="NN">colony</w> <c type="pct">.</c> </s>
<s n="84"><w type="PPS">It</w> <w type="VBD">stated</w> <w type="CS">that</w> <w type="PPS">it</w> <w type="HVD">had</w> <w type="VBN">lost</w> <w type="CD">20,000,000</w> <w type="NNS">livres</w> <w type="IN">in</w> <w type="PPg">its</w> <w type="NNS">operations</w> <c type="pct">,</c> <w type="CC">and</w> <w type="RB">apparently</w> <w type="VBD">blamed</w> <w type="PPg">its</w> <w type="JJ">poor</w> <w type="NN">success</w> <w type="RB">largely</w> <w type="IN">on</w> <w type="AT">the</w> <w type="JJ">Indian</w> <w type="NN">trade</w> <c type="pct">.</c> </s>
<s n="85"><w type="PPS">It</w> <w type="VBD">offered</w> <w type="TO">to</w> <w type="VB">surrender</w> <w type="PPg">its</w> <w type="NN">right</w> <w type="IN">to</w> <w type="JJ">exclusive</w> <w type="NN">trade</w> <c type="pct">,</c> <w type="CC">but</w> <w type="VBD">asked</w> <w type="AT">an</w> <w type="NN">indemnity</w> <c type="pct">.</c> </s>
<s n="86"><w type="AT">The</w> <w type="NN" subtype="TL">King</w> <w type="VBD">accepted</w> <w type="AT">the</w> <w type="NN">surrender</w> <w type="CC">and</w> <w type="VBD">fixed</w> <w type="AT">the</w> <w type="NN">compensation</w> <w type="IN">of</w> <w type="AT">the</w> <w type="NN">company</w> <w type="IN">at</w> <w type="CD">1,450,000</w> <w type="NNS">livres</w> <c type="pct">.</c> </s>
<s n="87"><w type="RB">Thenceforth</w> <c type="pct">,</c> <w type="AT">the</w> <w type="NN">commerce</w> <w type="IN">of</w> <w type="NP">Louisiana</w> <w type="BEDZ">was</w> <w type="JJ">free</w> <w type="IN">to</w> <w type="ABN">all</w> <w type="NPS">Frenchmen</w> <c type="pct">.</c> </s>
</p>
<p><s n="88"><w type="NN">Company</w> <w type="NN">rule</w> <w type="IN">in</w> <w type="NP">Louisiana</w> <w type="VBD">left</w> <w type="AT">the</w> <w type="NN">colony</w> <w type="IN">without</w> <w type="NNS">fortifications</w> <c type="pct">,</c> <w type="NNS">arms</w> <c type="pct">,</c> <w type="NNS">munitions</w> <c type="pct">,</c> <w type="CC">or</w> <w type="NNS">supplies</w> <c type="pct">.</c> </s>
<s n="89"><w type="AT">The</w> <w type="NNS">difficulties</w> <w type="IN">of</w> <w type="NN">trade</w> <w type="HVD">had</w> <w type="VBN">ruined</w> <w type="AP">many</w> <w type="NNS" subtype="FW">voyageurs</w> <c type="pct">,</c> <w type="CC">and</w> <w type="NNS">numbers</w> <w type="IN">of</w> <w type="PPO">them</w> <w type="HVD">had</w> <w type="VBN">gone</w> <w type="TO">to</w> <w type="VB">live</w> <w type="IN">with</w> <w type="AT">the</w> <w type="NNS">natives</w> <w type="CC">and</w> <w type="VB">rear</w> <w type="JJ">half-blood</w> <w type="NNS">families</w> <c type="pct">.</c> </s>
<s n="90"><w type="NNS">Others</w> <w type="VBD">left</w> <w type="AT">the</w> <w type="NN">country</w> <c type="pct">,</c> <w type="CC">and</w> <w type="EX">there</w> <w type="BEDZ">was</w> <w type="AT">no</w> <w type="PN">one</w> <w type="JJ">familiar</w> <w type="IN">with</w> <w type="AT">the</w> <w type="JJ">Indian</w> <w type="NN">trade</w> <c type="pct">.</c> </s>
<s n="91"><w type="CS">If</w> <w type="DT">this</w> <w type="NN">trade</w> <w type="MD">should</w> <w type="BE">be</w> <w type="VBN">resumed</w> <c type="pct">,</c> <w type="AT">the</w> <w type="NNS">habitants</w> <w type="WPS">who</w> <w type="HVD">had</w> <w type="VBN">come</w> <w type="TO">to</w> <w type="BE">be</w> <w type="NNS">farmers</w> <w type="CC">or</w> <w type="NNS">artisans</w> <c type="pct">,</c> <w type="CC">and</w> <w type="NNS">soldiers</w> <w type="VBN">discharged</w> <w type="IN">from</w> <w type="AT">the</w> <w type="NN">army</w> <c type="pct">,</c> <w type="MD">must</w> <w type="BE">be</w> <w type="VBN">hardened</w> <w type="IN">to</w> <w type="AT">the</w> <w type="JJ">severe</w> <w type="NN">life</w> <w type="IN">of</w> <w type="NNS" subtype="FW">coureurs</w> <w type="IN" subtype="FW">de</w> <w type="NN" subtype="FW">bois</w> <c type="pct">.</c> </s>
<s n="92"><w type="DT">This</w> <w type="BEDZ">was</w> <w type="AT">a</w> <w type="JJ">slow</w> <w type="CC">and</w> <w type="JJ">difficult</w> <w type="NN">course</w> <c type="pct">,</c> <w type="CC">and</w> <w type="JJ">French</w> <w type="NN">trade</w> <w type="VBD">suffered</w> <w type="IN">from</w> <w type="AT">the</w> <w type="AP">many</w> <w type="NNS">mistakes</w> <w type="IN">of</w> <w type="AT">the</w> <w type="JJ">new</w> <w type="NN">group</w> <w type="IN">of</w> <w type="NNS">traders</w> <c type="pct">.</c> </s>
<s n="93"><w type="DTS">These</w> <w type="NNS">men</w> <w type="BED">were</w> <w type="IN">without</w> <w type="NN">capital</w> <w type="CC">or</w> <w type="NN">experience</w> <c type="pct">.</c> </s>
</p>
<p><s n="94"><w type="NP">Perier</w> <w type="CC">and</w> <w type="NP">Salmon</w> <c type="pct">,</c> <w type="AT">the</w> <w type="NN">intendant</w> <c type="pct">,</c> <w type="VBD">wished</w> <w type="CC">either</w> <w type="TO">to</w> <w type="VB">entrust</w> <w type="AT">the</w> <w type="NN">trade</w> <w type="IN">to</w> <w type="AT">an</w> <w type="NN">association</w> <w type="IN">of</w> <w type="NNS">merchants</w> <w type="CC">or</w> <w type="TO">to</w> <w type="HV">have</w> <w type="AT">the</w> <w type="NN">crown</w> <w type="VB">furnish</w> <w type="NNS">goods</w> <w type="IN">on</w> <w type="NN">credit</w> <w type="IN">to</w> <w type="NNS">individuals</w> <w type="WPS">who</w> <w type="MD">would</w> <w type="VB">repay</w> <w type="PPg">their</w> <w type="NNS">debts</w> <w type="IN">with</w> <w type="NNS">pelts</w> <c type="pct">.</c> </s>
<s n="95"><w type="NP">Bienville</w> <c type="pct">,</c> <w type="WPS">who</w> <w type="VBD">returned</w> <w type="TO">to</w> <w type="VB">succeed</w> <w type="NP">Perier</w> <w type="IN">in</w> <w type="CD">1732</w> <c type="pct">,</c> <w type="VBD">objected</w> <w type="CS">that</w> <w type="AT">the</w> <w type="NNS">merchants</w> <w type="MD">would</w> <w type="NEG">not</w> <w type="VB">accept</w> <w type="AT">the</w> <w type="NN">responsibility</w> <w type="IN">of</w> <w type="VBG">managing</w> <w type="AT">a</w> <w type="NN">trade</w> <w type="IN">in</w> <w type="WDT">which</w> <w type="PPSS">they</w> <w type="MD">could</w> <w type="VB">see</w> <w type="AT">no</w> <w type="NN">hope</w> <w type="IN">of</w> <w type="NNS">profits</w> <c type="pct">.</c> </s>
<s n="96"><w type="PPS">He</w> <w type="VBD">reported</w> <c type="pct">,</c> <w type="RB">too</w> <c type="pct">,</c> <w type="CS">that</w> <w type="IN">among</w> <w type="AT">the</w> <w type="NNS">habitants</w> <w type="EX">there</w> <w type="BED">were</w> <w type="PN">none</w> <w type="IN">of</w> <w type="NN">probity</w> <w type="CC">and</w> <w type="NN">ability</w> <w type="JJ">sufficient</w> <w type="TO">to</w> <w type="VB">justify</w> <w type="VBG">entrusting</w> <w type="PPO">them</w> <w type="IN">with</w> <w type="AT">the</w> <w type="NNg" subtype="TL">King's</w> <w type="NNS">goods</w> <c type="pct">.</c> </s>
<s n="97"><w type="PPS">He</w> <w type="DOD">did</w> <w type="VB">find</w> <w type="DTI">some</w> <w type="TO">to</w> <w type="VB">trust</w> <c type="pct">,</c> <w type="RB">however</w> <c type="pct">,</c> <w type="CC">and</w> <w type="PPS">he</w> <w type="VBD">employed</w> <w type="AT">the</w> <w type="NNg" subtype="TL">King's</w> <w type="NNS">soldiers</w> <w type="TO">to</w> <w type="VB">trade</w> <c type="pct">.</c> </s>
<s n="98"><w type="IN">With</w> <w type="AT">no</w> <w type="NN">company</w> <w type="TO">to</w> <w type="VB">interfere</w> <c type="pct">,</c> <w type="PPS">he</w> <w type="VBD">kept</w> <w type="JJ">close</w> <w type="NN">control</w> <w type="IN">over</w> <w type="ABN">all</w> <w type="AT">the</w> <w type="NNS">traders</w> <c type="pct">.</c> </s>
</p>
<p><s n="99"><w type="IN">In</w> <w type="NN">order</w> <w type="TO">to</w> <w type="VB">compete</w> <w type="IN">with</w> <w type="JJ">English</w> <w type="NNS">traders</w> <c type="pct">,</c> <w type="NP">Bienville</w> <w type="RB">radically</w> <w type="VBD">changed</w> <w type="AT">the</w> <w type="NN">price</w> <w type="NN">schedule</w> <c type="pct">.</c> </s>
<s n="100"><w type="AT">The</w> <w type="NN" subtype="TL">King</w> <w type="MD">should</w> <w type="VB">expect</w> <w type="AT">no</w> <w type="NN">profit</w> <c type="pct">,</c> <w type="CC">and</w> <w type="AT">an</w> <w type="NN">advance</w> <w type="IN">of</w> <w type="RB">only</w> <w type="CD">20</w> <w type="IN">per</w> <w type="NN">cent</w> <w type="IN">above</w> <w type="AT">the</w> <w type="NN">cost</w> <w type="IN">in</w> <w type="NP">France</w> <c type="pct">,</c> <w type="WDT">which</w> <w type="MD">would</w> <w type="VB">cover</w> <w type="AT">the</w> <w type="NN">expense</w> <w type="IN">of</w> <w type="NN">transportation</w> <w type="CC">and</w> <w type="VBG">handling</w> <c type="pct">,</c> <w type="BEDZ">was</w> <w type="ABN">all</w> <w type="PPS">he</w> <w type="VBD">charged</w> <w type="AT">the</w> <w type="NNS">traders</w> <c type="pct">.</c> </s>
</p>
<p></p></body></text></TEI>
