<TEI xmlns="http://www.tei-c.org/ns/1.0"><teiHeader><fileDesc><titleStmt><title>Sample G12 from  Tom F. Driver, "Beckett by the Madeleine,"
 Columbia University Forum, 4:3 (Summer, 1961), 21-24
 </title></titleStmt><editionStmt><edition>A part  of the XML version of the Brown Corpus</edition></editionStmt><extent>2,027 words 878 (43.3%) quotes</extent><publicationStmt><idno>G12</idno><availability><p>Used by permission0010-1690</p></availability></publicationStmt><sourceDesc><bibl> Tom F. Driver, "Beckett by the Madeleine,"
 Columbia University Forum, 4:3 (Summer, 1961), 21-24
 </bibl></sourceDesc></fileDesc><encodingDesc><p/></encodingDesc><revisionDesc><change when="2008-04-27">Header auto-generated for TEI version</change></revisionDesc></teiHeader>
<text xml:id="G12" decls="G">
<body><p><s n="1"><w type="PN">Nothing</w> <w type="CS">like</w> <w type="NP">Godot</w> <c type="pct">,</c> <w type="PPS">he</w> <w type="VBD">arrived</w> <w type="IN">before</w> <w type="AT">the</w> <w type="NN">hour</w> <c type="pct">.</c> </s>
<s n="2"><w type="PPg">His</w> <w type="NN">letter</w> <w type="HVD">had</w> <w type="VBN">suggested</w> <w type="PPSS">we</w> <w type="VB">meet</w> <w type="IN">at</w> <w type="PPg">my</w> <w type="NN">hotel</w> <w type="IN">at</w> <w type="NN">noon</w> <w type="IN">on</w> <w type="NR">Sunday</w> <c type="pct">,</c> <w type="CC">and</w> <w type="PPSS">I</w> <w type="VBD">came</w> <w type="IN">into</w> <w type="AT">the</w> <w type="NN">lobby</w> <w type="CS">as</w> <w type="AT">the</w> <w type="NN">clock</w> <w type="VBD">struck</w> <w type="CD">twelve</w> <c type="pct">.</c> </s>
<s n="3"><w type="PPS">He</w> <w type="BEDZ">was</w> <w type="VBG">waiting</w> <c type="pct">.</c> </s>
</p>
<p><s n="4"><w type="PPg">My</w> <w type="NN">wish</w> <w type="TO">to</w> <w type="VB">meet</w> <w type="NP">Samuel</w> <w type="NP">Beckett</w> <w type="HVD">had</w> <w type="BEN">been</w> <w type="VBN">prompted</w> <w type="IN">by</w> <w type="JJ">simple</w> <w type="NN">curiosity</w> <w type="CC">and</w> <w type="NN">interest</w> <w type="IN">in</w> <w type="PPg">his</w> <w type="NN">work</w> <c type="pct">.</c> </s>
<s n="5"><w type="JJ">American</w> <w type="NN">newspaper</w> <w type="NNS">reviewers</w> <w type="VB">like</w> <w type="TO">to</w> <w type="VB">call</w> <w type="PPg">his</w> <w type="NNS">plays</w> <w type="JJ">nihilistic</w> <c type="pct">.</c> </s>
<s n="6"><w type="PPSS">They</w> <w type="VB">find</w> <w type="JJ">deep</w> <w type="NN">pessimism</w> <w type="IN">in</w> <w type="PPO">them</w> <c type="pct">.</c> </s>
<s n="7"><w type="RB">Even</w> <w type="QL">so</w> <w type="JJ">astute</w> <w type="AT">a</w> <w type="NN">commentator</w> <w type="CS">as</w> <w type="NP">Harold</w> <w type="NP">Clurman</w> <w type="IN">of</w> <w type="AT" subtype="TL">The</w> <w type="NN" subtype="TL">Nation</w> <w type="HVZ">has</w> <w type="VBN">said</w> <w type="CS">that</w> <c type="pct">``</c> <w type="VBG" subtype="TL">Waiting</w> <w type="IN" subtype="TL">For</w> <w type="NP" subtype="TL">Godot</w> <c type="pct">''</c> <w type="BEZ">is</w> <c type="pct">``</c> <w type="AT">the</w> <w type="NN">concentrate</w> <w type="IN">of</w> <w type="AT">the</w> <w type="JJ">contemporary</w> <w type="JJ">European</w> <w type="NN">mood</w> <w type="IN">of</w> <w type="NN">despair</w> <c type="pct">''</c> <c type="pct">.</c> </s>
<s n="8"><w type="CC">But</w> <w type="IN">to</w> <w type="PPO">me</w> <w type="NPg">Beckett's</w> <w type="NN">writing</w> <w type="HVD">had</w> <w type="VBN">seemed</w> <w type="VBN">permeated</w> <w type="IN">with</w> <w type="NN">love</w> <w type="IN">for</w> <w type="JJ">human</w> <w type="NNS">beings</w> <w type="CC">and</w> <w type="IN">with</w> <w type="AT">a</w> <w type="NN">kind</w> <w type="IN">of</w> <w type="NN">humor</w> <w type="WPS">that</w> <w type="PPSS">I</w> <w type="MD">could</w> <w type="VB">reconcile</w> <w type="CC">neither</w> <w type="IN">with</w> <w type="NN">despair</w> <w type="CC">nor</w> <w type="IN">with</w> <w type="NN">nihilism</w> <c type="pct">.</c> </s>
<s n="9"><w type="MD">Could</w> <w type="PPO">it</w> <w type="BE">be</w> <w type="CS">that</w> <w type="PPg">my</w> <w type="JJ">own</w> <w type="NNS">eyes</w> <w type="CC">and</w> <w type="NNS">ears</w> <w type="HVD">had</w> <w type="VBN">deceived</w> <w type="PPO">me</w> <c type="pct">?</c> <c type="pct">?</c> </s>
<s n="10"><w type="BEZ">Is</w> <w type="PPg">his</w> <w type="AT">a</w> <w type="NN">literature</w> <w type="IN">of</w> <w type="NN">defeat</w> <c type="pct">,</c> <w type="JJ">irrelevant</w> <w type="IN">to</w> <w type="AT">the</w> <w type="JJ">social</w> <w type="NNS">crises</w> <w type="PPSS">we</w> <w type="VB">face</w> <c type="pct">?</c> <c type="pct">?</c> </s>
<s n="11"><w type="CC">Or</w> <w type="BEZ">is</w> <w type="PPS">it</w> <w type="JJ">relevant</w> <w type="CS">because</w> <w type="PPS">it</w> <w type="VBZ">teaches</w> <w type="PPO">us</w> <w type="PN">something</w> <w type="JJ">useful</w> <w type="TO">to</w> <w type="VB">know</w> <w type="IN">about</w> <w type="PPLS">ourselves</w> <c type="pct">?</c> <c type="pct">?</c> </s>
</p>
<p><s n="12"><w type="PPSS">I</w> <w type="VBD">knew</w> <w type="CS">that</w> <w type="AT">a</w> <w type="NN">conversation</w> <w type="IN">with</w> <w type="AT">the</w> <w type="NN">author</w> <w type="MD">would</w> <w type="NEG">not</w> <w type="VB">settle</w> <w type="JJ">such</w> <w type="NNS">questions</w> <c type="pct">,</c> <w type="CS">because</w> <w type="AT">a</w> <w type="NN">man</w> <w type="BEZ">is</w> <w type="NEG">not</w> <w type="AT">the</w> <w type="AP">same</w> <w type="CS">as</w> <w type="PPg">his</w> <w type="NN">writing</w> <c type="pct">:</c> <w type="IN">in</w> <w type="AT">the</w> <w type="AP">last</w> <w type="NN">analysis</w> <c type="pct">,</c> <w type="AT">the</w> <w type="NNS">questions</w> <w type="HVD">had</w> <w type="TO">to</w> <w type="BE">be</w> <w type="VBN">settled</w> <w type="IN">by</w> <w type="AT">the</w> <w type="NN">work</w> <w type="PPL">itself</w> <c type="pct">.</c> </s>
<s n="13"><w type="RB">Nevertheless</w> <w type="PPSS">I</w> <w type="BEDZ">was</w> <w type="JJ">curious</w> <c type="pct">.</c> </s>
</p>
<p><s n="14"><w type="PPg">My</w> <w type="NN">curiosity</w> <w type="BEDZ">was</w> <w type="VBN">sharpened</w> <w type="AT">a</w> <w type="NN">day</w> <w type="CC">or</w> <w type="CD">two</w> <w type="IN">before</w> <w type="AT">the</w> <w type="NN">interview</w> <w type="IN">by</w> <w type="AT">a</w> <w type="NN">conversation</w> <w type="PPSS">I</w> <w type="HVD">had</w> <w type="IN">with</w> <w type="AT">a</w> <w type="JJ">well-informed</w> <w type="NN">teacher</w> <w type="IN">of</w> <w type="NN">literature</w> <c type="pct">,</c> <w type="AT">a</w> <w type="NP">Jesuit</w> <w type="NN">father</w> <c type="pct">,</c> <w type="IN">at</w> <w type="AT">a</w> <w type="NN">conference</w> <w type="IN">on</w> <w type="JJ">religious</w> <w type="NN">drama</w> <w type="IN">near</w> <w type="NP">Paris</w> <c type="pct">.</c> </s>
<s n="15"><w type="WRB">When</w> <w type="NPg">Beckett's</w> <w type="NN">name</w> <w type="VBD">came</w> <w type="IN">into</w> <w type="AT">the</w> <w type="NN">discussion</w> <c type="pct">,</c> <w type="AT">the</w> <w type="NN">priest</w> <w type="VBD">grew</w> <w type="JJ">loud</w> <w type="CC">and</w> <w type="VBD">told</w> <w type="PPO">me</w> <w type="CS">that</w> <w type="NP">Beckett</w> <c type="pct">``</c> <w type="VBZ">hates</w> <w type="NN">life</w> <c type="pct">''</c> <c type="pct">.</c> </s>
<s n="16"><w type="WPS">That</w> <c type="pct">,</c> <w type="PPSS">I</w> <w type="VBD">thought</w> <c type="pct">,</c> <w type="BEZ">is</w> <w type="IN">at</w> <w type="AP">least</w> <w type="CD">one</w> <w type="NN">thing</w> <w type="PPSS">I</w> <w type="MD">can</w> <w type="VB">find</w> <w type="RP">out</w> <w type="WRB">when</w> <w type="PPSS">we</w> <w type="VB">meet</w> <c type="pct">.</c> </s>
</p>
<p><s n="17"><w type="NPg">Beckett's</w> <w type="NN">appearance</w> <w type="BEZ">is</w> <w type="JJ">rough-hewn</w> <w type="JJ">Irish</w> <c type="pct">.</c> </s>
<s n="18"><w type="AT">The</w> <w type="NNS">features</w> <w type="IN">of</w> <w type="PPg">his</w> <w type="NN">face</w> <w type="BER">are</w> <w type="JJ">distinct</w> <c type="pct">,</c> <w type="CC">but</w> <w type="NEG">not</w> <w type="JJ">fine</w> <c type="pct">.</c> </s>
<s n="19"><w type="PPSS">They</w> <w type="VB">look</w> <w type="CS">as</w> <w type="CS">if</w> <w type="PPSS">they</w> <w type="HVD">had</w> <w type="BEN">been</w> <w type="VBN">sculptured</w> <w type="IN">with</w> <w type="AT">an</w> <w type="JJ">unsharpened</w> <w type="NN">chisel</w> <c type="pct">.</c> </s>
<s n="20"><w type="JJ">Unruly</w> <w type="NN">hair</w> <w type="VBZ">goes</w> <w type="QL">straight</w> <w type="RP">up</w> <w type="IN">from</w> <w type="PPg">his</w> <w type="NN">forehead</w> <c type="pct">,</c> <w type="VBG">standing</w> <w type="QL">so</w> <w type="JJ">high</w> <w type="CS">that</w> <w type="AT">the</w> <w type="NN">top</w> <w type="VBZ">falls</w> <w type="RB">gently</w> <w type="RP">over</w> <c type="pct">,</c> <w type="CS">as</w> <w type="CS">if</w> <w type="TO">to</w> <w type="VB">show</w> <w type="CS">that</w> <w type="PPS">it</w> <w type="RB">really</w> <w type="BEZ">is</w> <w type="NN">hair</w> <w type="CC">and</w> <w type="NEG">not</w> <w type="NN">bristle</w> <c type="pct">.</c> </s>
<s n="21"><w type="PN">One</w> <w type="MD">might</w> <w type="VB">say</w> <w type="PPS">it</w> <w type="VBZ">combines</w> <w type="AT">the</w> <w type="NN">man</w> <c type="pct">;</c> <c type="pct">;</c> </s>
<s n="22"><w type="JJ">own</w> <w type="NN">pride</w> <w type="CC">and</w> <w type="NN">humility</w> <c type="pct">.</c> </s>
<s n="23"><w type="CS">For</w> <w type="PPS">he</w> <w type="HVZ">has</w> <w type="AT">the</w> <w type="NN">pride</w> <w type="WPS">that</w> <w type="VBZ">comes</w> <w type="IN">of</w> <w type="NN">self-acceptance</w> <w type="CC">and</w> <w type="AT">the</w> <w type="NN">humility</w> <c type="pct">,</c> <w type="RB">perhaps</w> <w type="IN">of</w> <w type="AT">the</w> <w type="AP">same</w> <w type="NN">genesis</w> <c type="pct">,</c> <w type="NEG">not</w> <w type="TO">to</w> <w type="VB">impose</w> <w type="PPL">himself</w> <w type="IN">upon</w> <w type="DT">another</w> <c type="pct">.</c> </s>
<s n="24"><w type="PPg">His</w> <w type="JJ">light</w> <w type="JJ">blue</w> <w type="NNS">eyes</w> <c type="pct">,</c> <w type="VBN">set</w> <w type="RB">deep</w> <w type="IN">within</w> <w type="AT">the</w> <w type="NN">face</w> <c type="pct">,</c> <w type="BER">are</w> <w type="RB">actively</w> <w type="CC">and</w> <w type="RB">continually</w> <w type="VBG">looking</w> <c type="pct">.</c> </s>
<s n="25"><w type="PPS">He</w> <w type="VBZ">seems</w> <c type="pct">,</c> <w type="IN">by</w> <w type="DTI">some</w> <w type="JJ">unconscious</w> <w type="NN">division</w> <w type="IN">of</w> <w type="NN">labor</w> <c type="pct">,</c> <w type="TO">to</w> <w type="HV">have</w> <w type="VBN">given</w> <w type="PPO">them</w> <w type="DT">that</w> <w type="CD">one</w> <w type="NN">function</w> <w type="CC">and</w> <w type="AT">no</w> <w type="AP">other</w> <c type="pct">,</c> <w type="VBG">leaving</w> <w type="NN">communication</w> <w type="IN">to</w> <w type="AT">the</w> <w type="NN">rest</w> <w type="IN">of</w> <w type="AT">the</w> <w type="NN">face</w> <c type="pct">.</c> </s>
<s n="26"><w type="AT">The</w> <w type="NN">mouth</w> <w type="RB">frequently</w> <w type="VBZ">breaks</w> <w type="IN">into</w> <w type="AT">a</w> <w type="VBG">disarming</w> <w type="NN">smile</w> <c type="pct">.</c> </s>
<s n="27"><w type="AT">The</w> <w type="NN">voice</w> <w type="BEZ">is</w> <w type="JJ">light</w> <w type="IN">in</w> <w type="NN">timbre</w> <c type="pct">,</c> <w type="IN">with</w> <w type="AT">a</w> <w type="JJ">rough</w> <w type="NN">edge</w> <w type="WPS">that</w> <w type="VBZ">corresponds</w> <w type="IN">to</w> <w type="PPg">his</w> <w type="NN">visage</w> <c type="pct">.</c> </s>
<s n="28"><w type="AT">The</w> <w type="JJ">Irish</w> <w type="NN">accent</w> <w type="BEZ">is</w> <c type="pct">,</c> <w type="CS">as</w> <w type="PN">one</w> <w type="MD">would</w> <w type="VB">expect</w> <c type="pct">,</c> <w type="VBN">combined</w> <w type="IN">with</w> <w type="JJ">slight</w> <w type="NNS">inflections</w> <w type="IN">from</w> <w type="AT">the</w> <w type="NP">French</w> <c type="pct">.</c> </s>
<s n="29"><w type="PPg">His</w> <w type="NN">tweed</w> <w type="NN">suit</w> <w type="BEDZ">was</w> <w type="AT">a</w> <w type="JJ">baggy</w> <w type="JJ">gray</w> <w type="CC">and</w> <w type="JJ">green</w> <c type="pct">.</c> </s>
<s n="30"><w type="PPS">He</w> <w type="VBD">wore</w> <w type="AT">a</w> <w type="JJ">brown</w> <w type="VBN">knit</w> <w type="NNS">sports</w> <w type="NN">shirt</w> <w type="IN">with</w> <w type="AT">no</w> <w type="NN">tie</w> <c type="pct">.</c> </s>
</p>
<p><s n="31"><w type="PPSS">We</w> <w type="VBD">walked</w> <w type="IN">down</w> <w type="AT">the</w> <w type="NN" subtype="FW">Rue</w> <w type="IN" subtype="FW">De</w> <mw pos="AT NN" subtype="FW">L'Arcade </mw><c type="pct">,</c> <w type="RB">thence</w> <w type="RB">along</w> <w type="IN">beside</w> <w type="AT">the</w> <w type="NP">Madeleine</w> <w type="CC">and</w> <w type="RP">across</w> <w type="IN">to</w> <w type="AT">a</w> <w type="NN">sidewalk</w> <w type="NN">cafe</w> <w type="IN">opposite</w> <w type="DT">that</w> <w type="NN">church</w> <c type="pct">.</c> </s>
<s n="32"><w type="AT">The</w> <w type="NN">conversation</w> <w type="WPS">that</w> <w type="VBD">ensued</w> <w type="MD">may</w> <w type="HV">have</w> <w type="BEN">been</w> <w type="JJ">engrossing</w> <w type="CC">but</w> <w type="PPS">it</w> <w type="MD">could</w> <w type="RB">hardly</w> <w type="BE">be</w> <w type="VBN">called</w> <w type="JJ">world-shattering</w> <c type="pct">.</c> </s>
<s n="33"><w type="CS">For</w> <w type="CD">one</w> <w type="NN">thing</w> <c type="pct">,</c> <w type="AT">the</w> <w type="NN">world</w> <w type="WPO">that</w> <w type="NP">Beckett</w> <w type="VBZ">sees</w> <w type="BEZ">is</w> <w type="RB">already</w> <w type="VBN">shattered</w> <c type="pct">.</c> </s>
<s n="34"><w type="PPg">His</w> <w type="NN">talk</w> <w type="VBZ">turns</w> <w type="IN">to</w> <w type="WDT">what</w> <w type="PPS">he</w> <w type="VBZ">calls</w> <c type="pct">``</c> <w type="AT">the</w> <w type="NN">mess</w> <c type="pct">''</c> <c type="pct">,</c> <w type="CC">or</w> <w type="RB">sometimes</w> <c type="pct">``</c> <w type="DT">this</w> <w type="VBG">buzzing</w> <w type="NN">confusion</w> <c type="pct">''</c> <c type="pct">.</c> </s>
<s n="35"><w type="PPSS">I</w> <w type="VB">reconstruct</w> <w type="PPg">his</w> <w type="NNS">sentences</w> <w type="IN">from</w> <w type="NNS">notes</w> <w type="VBN">made</w> <w type="RB">immediately</w> <w type="IN">after</w> <w type="PPg">our</w> <w type="NN">conversation</w> <c type="pct">.</c> </s>
<s n="36"><w type="WDT">What</w> <w type="VBZ">appears</w> <w type="RB">here</w> <w type="BEZ">is</w> <w type="JJR">shorter</w> <w type="CS">than</w> <w type="WDT">what</w> <w type="PPS">he</w> <w type="RB">actually</w> <w type="VBD">said</w> <w type="CC">but</w> <w type="QL">very</w> <w type="RB">close</w> <w type="IN">to</w> <w type="PPg">his</w> <w type="JJ">own</w> <w type="NNS">words</w> <c type="pct">.</c> </s>
</p>
<p><s n="37"><c type="pct">``</c> <w type="AT">The</w> <w type="NN">confusion</w> <w type="BEZ">is</w> <w type="NEG">not</w> <w type="PPg">my</w> <w type="NN">invention</w> <c type="pct">.</c> </s>
<s n="38"><w type="PPSS">We</w> <mw pos="MD *">cannot </mw><w type="VB">listen</w> <w type="IN">to</w> <w type="AT">a</w> <w type="NN">conversation</w> <w type="IN">for</w> <w type="CD">five</w> <w type="NNS">minutes</w> <w type="IN">without</w> <w type="BEG">being</w> <w type="QL">acutely</w> <w type="JJ">aware</w> <w type="IN">of</w> <w type="AT">the</w> <w type="NN">confusion</w> <c type="pct">.</c> </s>
<s n="39"><w type="PPS">It</w> <w type="BEZ">is</w> <w type="ABN">all</w> <w type="IN">around</w> <w type="PPO">us</w> <w type="CC">and</w> <w type="PPg">our</w> <w type="AP">only</w> <w type="NN">chance</w> <w type="RB">now</w> <w type="BEZ">is</w> <w type="TO">to</w> <w type="VB">let</w> <w type="PPO">it</w> <w type="RP">in</w> <c type="pct">.</c> </s>
<s n="40"><w type="AT">The</w> <w type="AP">only</w> <w type="NN">chance</w> <w type="IN">of</w> <w type="NN">renovation</w> <w type="BEZ">is</w> <w type="TO">to</w> <w type="VB">open</w> <w type="PPg">our</w> <w type="NNS">eyes</w> <w type="CC">and</w> <w type="VB">see</w> <w type="AT">the</w> <w type="NN">mess</w> <c type="pct">.</c> </s>
<s n="41"><w type="PPS">It</w> <w type="BEZ">is</w> <w type="NEG">not</w> <w type="AT">a</w> <w type="NN">mess</w> <w type="PPSS">you</w> <w type="MD">can</w> <w type="VB">make</w> <w type="NN">sense</w> <w type="IN">of</w> <c type="pct">''</c> <c type="pct">.</c> </s>
</p>
<p><s n="42"><w type="PPSS">I</w> <w type="VBD">suggested</w> <w type="CS">that</w> <w type="PN">one</w> <w type="MD">must</w> <w type="VB">let</w> <w type="PPO">it</w> <w type="RP">in</w> <w type="CS">because</w> <w type="PPS">it</w> <w type="BEZ">is</w> <w type="AT">the</w> <w type="NN">truth</w> <c type="pct">,</c> <w type="CC">but</w> <w type="NP">Beckett</w> <w type="DOD">did</w> <w type="NEG">not</w> <w type="VB">take</w> <w type="IN">to</w> <w type="AT">the</w> <w type="NN">word</w> <w type="NN">truth</w> <c type="pct">.</c> </s>
</p>
<p><s n="43"><c type="pct">``</c> <w type="WDT">What</w> <w type="BEZ">is</w> <w type="QL">more</w> <w type="JJ">true</w> <w type="CS">than</w> <w type="PN">anything</w> <w type="RB">else</w> <c type="pct">?</c> <c type="pct">?</c> </s>
<s n="44"><w type="TO">To</w> <w type="VB">swim</w> <w type="BEZ">is</w> <w type="JJ">true</w> <c type="pct">,</c> <w type="CC">and</w> <w type="TO">to</w> <w type="VB">sink</w> <w type="BEZ">is</w> <w type="JJ">true</w> <c type="pct">.</c> </s>
<s n="45"><w type="CD">One</w> <w type="BEZ">is</w> <w type="NEG">not</w> <w type="QL">more</w> <w type="JJ">true</w> <w type="CS">than</w> <w type="AT">the</w> <w type="AP">other</w> <c type="pct">.</c> </s>
<s n="46"><w type="PN">One</w> <mw pos="MD *">cannot </mw><w type="VB">speak</w> <w type="RB">anymore</w> <w type="IN">of</w> <w type="BEG">being</w> <c type="pct">,</c> <w type="PN">one</w> <w type="MD">must</w> <w type="VB">speak</w> <w type="RB">only</w> <w type="IN">of</w> <w type="AT">the</w> <w type="NN">mess</w> <c type="pct">.</c> </s>
<s n="47"><w type="WRB">When</w> <w type="NP">Heidegger</w> <w type="CC">and</w> <w type="NP">Sartre</w> <w type="VB">speak</w> <w type="IN">of</w> <w type="AT">a</w> <w type="NN">contrast</w> <w type="IN">between</w> <w type="BEG">being</w> <w type="CC">and</w> <w type="NN">existence</w> <c type="pct">,</c> <w type="PPSS">they</w> <w type="MD">may</w> <w type="BE">be</w> <w type="JJ">right</w> <c type="pct">,</c> <w type="PPSS">I</w> <mw pos="DO *">don't </mw><w type="VB">know</w> <c type="pct">,</c> <w type="CC">but</w> <w type="PPg">their</w> <w type="NN">language</w> <w type="BEZ">is</w> <w type="QL">too</w> <w type="JJ">philosophical</w> <w type="IN">for</w> <w type="PPO">me</w> <c type="pct">.</c> </s>
<s n="48"><w type="PPSS">I</w> <w type="BEM">am</w> <w type="NEG">not</w> <w type="AT">a</w> <w type="NN">philosopher</w> <c type="pct">.</c> </s>
<s n="49"><w type="PN">One</w> <w type="MD">can</w> <w type="RB">only</w> <w type="VB">speak</w> <w type="IN">of</w> <w type="WDT">what</w> <w type="BEZ">is</w> <w type="IN">in</w> <w type="NN">front</w> <w type="IN">of</w> <w type="PPO">him</w> <c type="pct">,</c> <w type="CC">and</w> <w type="DT">that</w> <w type="RB">now</w> <w type="BEZ">is</w> <w type="RB">simply</w> <w type="AT">the</w> <w type="NN">mess</w> <c type="pct">''</c> <c type="pct">.</c> </s>
</p>
<p><s n="50"><w type="RB">Then</w> <w type="PPS">he</w> <w type="VBD">began</w> <w type="TO">to</w> <w type="VB">speak</w> <w type="IN">about</w> <w type="AT">the</w> <w type="NN">tension</w> <w type="IN">in</w> <w type="NN">art</w> <w type="IN">between</w> <w type="AT">the</w> <w type="NN">mess</w> <w type="CC">and</w> <w type="NN">form</w> <c type="pct">.</c> </s>
<s n="51"><w type="IN">Until</w> <w type="RB">recently</w> <c type="pct">,</c> <w type="NN">art</w> <w type="HVZ">has</w> <w type="VBN">withstood</w> <w type="AT">the</w> <w type="NN">pressure</w> <w type="IN">of</w> <w type="JJ">chaotic</w> <w type="NNS">things</w> <c type="pct">.</c> </s>
<s n="52"><w type="PPS">It</w> <w type="HVZ">has</w> <w type="VBN">held</w> <w type="PPO">them</w> <w type="IN">at</w> <w type="NN">bay</w> <c type="pct">.</c> </s>
<s n="53"><w type="PPS">It</w> <w type="VBD">realized</w> <w type="CS">that</w> <w type="TO">to</w> <w type="VB">admit</w> <w type="PPO">them</w> <w type="BEDZ">was</w> <w type="TO">to</w> <w type="VB">jeopardize</w> <w type="NN">form</w> <c type="pct">.</c> </s>
<s n="54"><c type="pct">``</c> <w type="WRB">How</w> <w type="MD">could</w> <w type="AT">the</w> <w type="NN">mess</w> <w type="BE">be</w> <w type="VBN">admitted</w> <c type="pct">,</c> <w type="CS">because</w> <w type="PPS">it</w> <w type="VBZ">appears</w> <w type="TO">to</w> <w type="BE">be</w> <w type="AT">the</w> <w type="QL">very</w> <w type="JJ">opposite</w> <w type="IN">of</w> <w type="NN">form</w> <w type="CC">and</w> <w type="RB">therefore</w> <w type="JJ">destructive</w> <w type="IN">of</w> <w type="AT">the</w> <w type="AP">very</w> <w type="NN">thing</w> <w type="DT">that</w> <w type="NN">art</w> <w type="VBZ">holds</w> <w type="PPL">itself</w> <w type="TO">to</w> <w type="BE">be</w> <c type="pct">''</c> <c type="pct">?</c> <c type="pct">?</c> </s>
<s n="55"><w type="CC">But</w> <w type="RB">now</w> <w type="PPSS">we</w> <w type="MD">can</w> <w type="VB">keep</w> <w type="PPO">it</w> <w type="RP">out</w> <w type="QL">no</w> <w type="RBR">longer</w> <c type="pct">,</c> <w type="CS">because</w> <w type="PPSS">we</w> <w type="HV">have</w> <w type="VBN">come</w> <w type="IN">into</w> <w type="AT">a</w> <w type="NN">time</w> <w type="WRB">when</w> <c type="pct">``</c> <w type="PPS">it</w> <w type="VBZ">invades</w> <w type="PPg">our</w> <w type="NN">experience</w> <w type="IN">at</w> <w type="AT">every</w> <w type="NN">moment</w> <c type="pct">.</c> </s>
<s n="56"><w type="PPS">It</w> <w type="BEZ">is</w> <w type="RB">there</w> <w type="CC">and</w> <w type="PPS">it</w> <w type="MD">must</w> <w type="BE">be</w> <w type="VBN">allowed</w> <w type="RP">in</w> <c type="pct">''</c> <c type="pct">.</c> </s>
</p>
<p><s n="57"><w type="PPSS">I</w> <w type="VBD">granted</w> <w type="DT">this</w> <w type="MD">might</w> <w type="BE">be</w> <w type="RB">so</w> <c type="pct">,</c> <w type="CC">but</w> <w type="VBD">found</w> <w type="AT">the</w> <w type="NN">result</w> <w type="TO">to</w> <w type="BE">be</w> <w type="QL">even</w> <w type="RBR">more</w> <w type="NN">attention</w> <w type="IN">to</w> <w type="NN">form</w> <w type="CS">than</w> <w type="BEDZ">was</w> <w type="AT">the</w> <w type="NN">case</w> <w type="RB">previously</w> <c type="pct">.</c> </s>
<s n="58"><w type="CC">And</w> <w type="WRB">why</w> <w type="NEG">not</w> <c type="pct">?</c> <c type="pct">?</c> </s>
<s n="59"><w type="WRB">How</w> <c type="pct">,</c> <w type="PPSS">I</w> <w type="VBD">asked</w> <c type="pct">,</c> <w type="MD">could</w> <w type="NN">chaos</w> <w type="BE">be</w> <w type="VBN">admitted</w> <w type="IN">to</w> <w type="NN">chaos</w> <c type="pct">?</c> <c type="pct">?</c> </s>
<s n="60"><w type="MD">Would</w> <w type="NEG">not</w> <w type="DT">that</w> <w type="BE">be</w> <w type="AT">the</w> <w type="NN">end</w> <w type="IN">of</w> <w type="VBG">thinking</w> <w type="CC">and</w> <w type="AT">the</w> <w type="NN">end</w> <w type="IN">of</w> <w type="NN">art</w> <c type="pct">?</c> <c type="pct">?</c> </s>
<s n="61"><w type="CS">If</w> <w type="PPSS">we</w> <w type="VB">look</w> <w type="IN">at</w> <w type="JJ">recent</w> <w type="NN">art</w> <w type="PPSS">we</w> <w type="VB">find</w> <w type="PPO">it</w> <w type="VBN">preoccupied</w> <w type="IN">with</w> <w type="NN">form</w> <c type="pct">.</c> </s>
<s n="62"><w type="NPg">Beckett's</w> <w type="JJ">own</w> <w type="NN">work</w> <w type="BEZ">is</w> <w type="AT">an</w> <w type="NN">example</w> <c type="pct">.</c> </s>
<s n="63"><w type="NNS">Plays</w> <w type="QL">more</w> <w type="QL">highly</w> <w type="VBN">formalized</w> <w type="CS">than</w> <c type="pct">``</c> <w type="VBG" subtype="TL">Waiting</w> <w type="IN" subtype="TL">For</w> <w type="NP" subtype="TL">Godot</w> <c type="pct">''</c> <c type="pct">,</c> <c type="pct">``</c> <w type="NN" subtype="TL">Endgame</w> <c type="pct">''</c> <c type="pct">,</c> <w type="CC">and</w> <c type="pct">``</c> <w type="NPg" subtype="TL">Krapp's</w> <w type="AP" subtype="TL">Last</w> <w type="NN" subtype="TL">Tape</w> <c type="pct">''</c> <w type="MD">would</w> <w type="BE">be</w> <w type="JJ">hard</w> <w type="TO">to</w> <w type="VB">find</w> <c type="pct">.</c> </s>
</p>
<p><s n="64"><c type="pct">``</c> <w type="WDT">What</w> <w type="PPSS">I</w> <w type="BEM">am</w> <w type="VBG">saying</w> <w type="DOZ">does</w> <w type="NEG">not</w> <w type="VB">mean</w> <w type="CS">that</w> <w type="EX">there</w> <w type="MD">will</w> <w type="RB">henceforth</w> <w type="BE">be</w> <w type="AT">no</w> <w type="NN">form</w> <w type="IN">in</w> <w type="NN">art</w> <c type="pct">.</c> </s>
<s n="65"><w type="PPS">It</w> <w type="RB">only</w> <w type="VBZ">means</w> <w type="CS">that</w> <w type="EX">there</w> <w type="MD">will</w> <w type="BE">be</w> <w type="JJ">new</w> <w type="NN">form</w> <c type="pct">,</c> <w type="CC">and</w> <w type="CS">that</w> <w type="DT">this</w> <w type="NN">form</w> <w type="MD">will</w> <w type="BE">be</w> <w type="IN">of</w> <w type="ABL">such</w> <w type="AT">a</w> <w type="NN">type</w> <w type="CS">that</w> <w type="PPS">it</w> <w type="VBZ">admits</w> <w type="AT">the</w> <w type="NN">chaos</w> <w type="CC">and</w> <w type="DOZ">does</w> <w type="NEG">not</w> <w type="VB">try</w> <w type="TO">to</w> <w type="VB">say</w> <w type="CS">that</w> <w type="AT">the</w> <w type="NN">chaos</w> <w type="BEZ">is</w> <w type="RB">really</w> <w type="PN">something</w> <w type="RB">else</w> <c type="pct">.</c> </s>
<s n="66"><w type="AT">The</w> <w type="NN">form</w> <w type="CC">and</w> <w type="AT">the</w> <w type="NN">chaos</w> <w type="VB">remain</w> <w type="JJ">separate</w> <c type="pct">.</c> </s>
<s n="67"><w type="AT">The</w> <w type="AP">latter</w> <w type="BEZ">is</w> <w type="NEG">not</w> <w type="VBN">reduced</w> <w type="IN">to</w> <w type="AT">the</w> <w type="AP">former</w> <c type="pct">.</c> </s>
<s n="68"><w type="DT">That</w> <w type="BEZ">is</w> <w type="WRB">why</w> <w type="AT">the</w> <w type="NN">form</w> <w type="PPL">itself</w> <w type="VBZ">becomes</w> <w type="AT">a</w> <w type="NN">preoccupation</w> <c type="pct">,</c> <w type="CS">because</w> <w type="PPS">it</w> <w type="VBZ">exists</w> <w type="CS">as</w> <w type="AT">a</w> <w type="NN">problem</w> <w type="JJ">separate</w> <w type="IN">from</w> <w type="AT">the</w> <w type="NN">material</w> <w type="PPS">it</w> <w type="VBZ">accommodates</w> <c type="pct">.</c> </s>
<s n="69"><w type="TO">To</w> <w type="VB">find</w> <w type="AT">a</w> <w type="NN">form</w> <w type="WPS">that</w> <w type="VBZ">accommodates</w> <w type="AT">the</w> <w type="NN">mess</w> <c type="pct">,</c> <w type="DT">that</w> <w type="BEZ">is</w> <w type="AT">the</w> <w type="NN">task</w> <w type="IN">of</w> <w type="AT">the</w> <w type="NN">artist</w> <w type="RB">now</w> <c type="pct">''</c> <c type="pct">.</c> </s>
</p>
<p><s n="70"><w type="RB">Yet</w> <c type="pct">,</c> <w type="PPSS">I</w> <w type="VBD">responded</w> <c type="pct">,</c> <w type="MD">could</w> <w type="NEG">not</w> <w type="JJ">similar</w> <w type="NNS">things</w> <w type="BE">be</w> <w type="VBN">said</w> <w type="IN">about</w> <w type="AT">the</w> <w type="NN">art</w> <w type="IN">of</w> <w type="AT">the</w> <w type="NN">past</w> <c type="pct">?</c> <c type="pct">?</c> </s>
<s n="71"><w type="BEZ">Is</w> <w type="PPS">it</w> <w type="NEG">not</w> <w type="JJ">characteristic</w> <w type="IN">of</w> <w type="AT">the</w> <w type="JJT">greatest</w> <w type="NN">art</w> <w type="CS">that</w> <w type="PPS">it</w> <w type="VBZ">confronts</w> <w type="PPO">us</w> <w type="IN">with</w> <w type="PN">something</w> <w type="PPSS">we</w> <mw pos="MD *">cannot </mw><w type="VB">clarify</w> <c type="pct">,</c> <w type="VBG">demanding</w> <w type="CS">that</w> <w type="AT">the</w> <w type="NN">viewer</w> <w type="VB">respond</w> <w type="TO">to</w> <w type="PPO">it</w> <w type="IN">in</w> <w type="PPg">his</w> <w type="JJ">own</w> <w type="JJ">never-predictable</w> <w type="NN">way</w> <c type="pct">?</c> <c type="pct">?</c> </s>
<s n="72"><w type="WDT">What</w> <w type="BEZ">is</w> <w type="AT">the</w> <w type="NN">history</w> <w type="IN">of</w> <w type="NN">criticism</w> <w type="CC">but</w> <w type="AT">the</w> <w type="NN">history</w> <w type="IN">of</w> <w type="NNS">men</w> <w type="VBG">attempting</w> <w type="TO">to</w> <w type="VB">make</w> <w type="NN">sense</w> <w type="IN">of</w> <w type="AT">the</w> <w type="JJ">manifold</w> <w type="NNS">elements</w> <w type="IN">in</w> <w type="NN">art</w> <w type="WPS">that</w> <w type="MD">will</w> <w type="NEG">not</w> <w type="VB">allow</w> <w type="PPLS">themselves</w> <w type="TO">to</w> <w type="BE">be</w> <w type="VBN">reduced</w> <w type="IN">to</w> <w type="AT">a</w> <w type="AP">single</w> <w type="NN">philosophy</w> <w type="CC">or</w> <w type="AT">a</w> <w type="AP">single</w> <w type="JJ">aesthetic</w> <w type="NN">theory</w> <c type="pct">?</c> <c type="pct">?</c> </s>
<s n="73"><mw pos="BEZ *">Isn't </mw><w type="ABN">all</w> <w type="NN">art</w> <w type="JJ">ambiguous</w> <c type="pct">?</c> <c type="pct">?</c> </s>
</p>
<p><s n="74"><c type="pct">``</c> <w type="NEG">Not</w> <w type="DT">this</w> <c type="pct">''</c> <c type="pct">,</c> <w type="PPS">he</w> <w type="VBD">said</w> <c type="pct">,</c> <w type="CC">and</w> <w type="VBD">gestured</w> <w type="IN">toward</w> <w type="AT">the</w> <w type="NP">Madeleine</w> <c type="pct">.</c> </s>
<s n="75"><w type="AT">The</w> <w type="JJ">classical</w> <w type="NNS">lines</w> <w type="IN">of</w> <w type="AT">the</w> <w type="NN">church</w> <w type="WDT">which</w> <w type="NP">Napoleon</w> <w type="VBD">thought</w> <w type="IN">of</w> <w type="CS">as</w> <w type="AT">a</w> <w type="NN" subtype="TL">Temple</w> <w type="IN" subtype="TL">of</w> <w type="NN" subtype="TL">Glory</w> <c type="pct">,</c> <w type="VBD">dominated</w> <w type="ABN">all</w> <w type="AT">the</w> <w type="NN">scene</w> <w type="WRB">where</w> <w type="PPSS">we</w> <w type="VBD">sat</w> <c type="pct">.</c> </s>
<s n="76"><w type="AT">The</w> <w type="NP">Boulevard</w> <w type="NP">De</w> <w type="NP">La</w> <w type="NP">Madeleine</w> <c type="pct">,</c> <w type="AT">the</w> <w type="NP">Boulevard</w> <w type="NP">Malesherbes</w> <c type="pct">,</c> <w type="CC">and</w> <w type="AT">the</w> <w type="NN" subtype="FW">Rue</w> <w type="JJ" subtype="FW">Royale</w> <w type="VBD">ran</w> <w type="IN">to</w> <w type="PPO">it</w> <w type="IN">with</w> <w type="JJ">graceful</w> <w type="NN">flattery</w> <c type="pct">,</c> <w type="VBG">bearing</w> <w type="NNS">tidings</w> <w type="IN">of</w> <w type="AT">the</w> <w type="NN" subtype="TL">Age</w> <w type="IN" subtype="TL">of</w> <w type="NN" subtype="TL">Reason</w> <c type="pct">.</c> </s>
<s n="77"><c type="pct">``</c> <w type="NEG">Not</w> <w type="DT">this</w> <c type="pct">.</c> </s>
<s n="78"><w type="DT">This</w> <w type="BEZ">is</w> <w type="JJ">clear</w> <c type="pct">.</c> </s>
<s n="79"><w type="DT">This</w> <w type="DOZ">does</w> <w type="NEG">not</w> <w type="VB">allow</w> <w type="AT">the</w> <w type="NN">mystery</w> <w type="TO">to</w> <w type="VB">invade</w> <w type="PPO">us</w> <c type="pct">.</c> </s>
<s n="80"><w type="IN">With</w> <w type="JJ">classical</w> <w type="NN">art</w> <c type="pct">,</c> <w type="ABN">all</w> <w type="BEZ">is</w> <w type="VBN">settled</w> <c type="pct">.</c> </s>
<s n="81"><w type="CC">But</w> <w type="PPS">it</w> <w type="BEZ">is</w> <w type="JJ">different</w> <w type="IN">at</w> <w type="NP">Chartres</w> <c type="pct">.</c> </s>
<s n="82"><w type="EX">There</w> <w type="BEZ">is</w> <w type="AT">the</w> <w type="JJ">unexplainable</w> <c type="pct">,</c> <w type="CC">and</w> <w type="RB">there</w> <w type="NN">art</w> <w type="VBZ">raises</w> <w type="NNS">questions</w> <w type="CS">that</w> <w type="PPS">it</w> <w type="DOZ">does</w> <w type="NEG">not</w> <w type="VB">attempt</w> <w type="TO">to</w> <w type="VB">answer</w> <c type="pct">''</c> <c type="pct">.</c> </s>
</p>
<p><s n="83"><w type="PPSS">I</w> <w type="VBD">asked</w> <w type="IN">about</w> <w type="AT">the</w> <w type="NN">battle</w> <w type="IN">between</w> <w type="NN">life</w> <w type="CC">and</w> <w type="NN">death</w> <w type="IN">in</w> <w type="PPg">his</w> <w type="NNS">plays</w> <c type="pct">.</c> </s>
<s n="84"><w type="NP">Didi</w> <w type="CC">and</w> <w type="NP">Gogo</w> <w type="VB">hover</w> <w type="IN">on</w> <w type="AT">the</w> <w type="NN">edge</w> <w type="IN">of</w> <w type="NN">suicide</w> <c type="pct">;</c> <c type="pct">;</c> </s>
<s n="85"><w type="NPg">Hamm's</w> <w type="NN">world</w> <w type="BEZ">is</w> <w type="NN">death</w> <w type="CC">and</w> <w type="NP">Clov</w> <w type="MD">may</w> <w type="CC">or</w> <w type="MD">may</w> <w type="NEG">not</w> <w type="VB">get</w> <w type="IN">out</w> <w type="IN">of</w> <w type="PPO">it</w> <w type="TO">to</w> <w type="VB">join</w> <w type="AT">the</w> <w type="VBG">living</w> <w type="NN">child</w> <w type="RB">outside</w> <c type="pct">.</c> </s>
<s n="86"><w type="BEZ">Is</w> <w type="DT">this</w> <w type="JJ">life-death</w> <w type="NN">question</w> <w type="AT">a</w> <w type="NN">part</w> <w type="IN">of</w> <w type="AT">the</w> <w type="NN">chaos</w> <c type="pct">?</c> <c type="pct">?</c> </s>
</p>
<p><s n="87"><c type="pct">``</c> <w type="RB">Yes</w> <c type="pct">.</c> </s>
<s n="88"><w type="CS">If</w> <w type="NN">life</w> <w type="CC">and</w> <w type="NN">death</w> <w type="DOD">did</w> <w type="NEG">not</w> <w type="ABX">both</w> <w type="VB">present</w> <w type="PPLS">themselves</w> <w type="IN">to</w> <w type="PPO">us</w> <c type="pct">,</c> <w type="EX">there</w> <w type="MD">would</w> <w type="BE">be</w> <w type="AT">no</w> <w type="NN">inscrutability</w> <c type="pct">.</c> </s>
<s n="89"><w type="CS">If</w> <w type="EX">there</w> <w type="BED">were</w> <w type="RB">only</w> <w type="NN">darkness</w> <c type="pct">,</c> <w type="ABN">all</w> <w type="MD">would</w> <w type="BE">be</w> <w type="JJ">clear</w> <c type="pct">.</c> </s>
<s n="90"><w type="PPS">It</w> <w type="BEZ">is</w> <w type="CS">because</w> <w type="EX">there</w> <w type="BEZ">is</w> <w type="NEG">not</w> <w type="RB">only</w> <w type="NN">darkness</w> <w type="CC">but</w> <w type="RB">also</w> <w type="NN">light</w> <w type="CS">that</w> <w type="PPg">our</w> <w type="NN">situation</w> <w type="VBZ">becomes</w> <w type="JJ">inexplicable</w> <c type="pct">.</c> </s>
<s n="91"><w type="VB">Take</w> <w type="NPg">Augustine's</w> <w type="NN">doctrine</w> <w type="IN">of</w> <w type="NN">grace</w> <w type="VBN">given</w> <w type="CC">and</w> <w type="NN">grace</w> <w type="VBN">withheld</w> <c type="pct">:</c> <w type="HV">have</w> <w type="PPSS">you</w> <w type="VBN">pondered</w> <w type="AT">the</w> <w type="JJ">dramatic</w> <w type="NNS">qualities</w> <w type="IN">in</w> <w type="DT">this</w> <w type="NN">theology</w> <c type="pct">?</c> <c type="pct">?</c> </s>
<s n="92"><w type="CD">Two</w> <w type="NNS">thieves</w> <w type="BER">are</w> <w type="VBN">crucified</w> <w type="IN">with</w> <w type="NP">Christ</w> <c type="pct">,</c> <w type="CD">one</w> <w type="VBN">saved</w> <w type="CC">and</w> <w type="AT">the</w> <w type="AP">other</w> <w type="VBN">damned</w> <c type="pct">.</c> </s>
<s n="93"><w type="WRB">How</w> <w type="MD">can</w> <w type="PPSS">we</w> <w type="VB">make</w> <w type="NN">sense</w> <w type="IN">of</w> <w type="DT">this</w> <w type="NN">division</w> <c type="pct">?</c> <c type="pct">?</c> </s>
<s n="94"><w type="IN">In</w> <w type="JJ">classical</w> <w type="NN">drama</w> <c type="pct">,</c> <w type="JJ">such</w> <w type="NNS">problems</w> <w type="DO">do</w> <w type="NEG">not</w> <w type="VB">arise</w> <c type="pct">.</c> </s>
<s n="95"><w type="AT">The</w> <w type="NN">destiny</w> <w type="IN">of</w> <w type="NPg">Racine's</w> <w type="NP">Phedre</w> <w type="BEZ">is</w> <w type="VBN">sealed</w> <w type="IN">from</w> <w type="AT">the</w> <w type="NN">beginning</w> <c type="pct">:</c> <w type="PPS">she</w> <w type="MD">will</w> <w type="VB">proceed</w> <w type="IN">into</w> <w type="AT">the</w> <w type="NN">dark</w> <c type="pct">.</c> </s>
<s n="96"><w type="CS">As</w> <w type="PPS">she</w> <w type="VBZ">goes</w> <c type="pct">,</c> <w type="PPS">she</w> <w type="PPL">herself</w> <w type="MD">will</w> <w type="BE">be</w> <w type="VBN">illuminated</w> <c type="pct">.</c> </s>
<s n="97"><w type="IN">At</w> <w type="AT">the</w> <w type="NN">beginning</w> <w type="IN">of</w> <w type="AT">the</w> <w type="NN">play</w> <w type="PPS">she</w> <w type="HVZ">has</w> <w type="JJ">partial</w> <w type="NN">illumination</w> <w type="CC">and</w> <w type="IN">at</w> <w type="AT">the</w> <w type="NN">end</w> <w type="PPS">she</w> <w type="HVZ">has</w> <w type="JJ">complete</w> <w type="NN">illumination</w> <c type="pct">,</c> <w type="CC">but</w> <w type="EX">there</w> <w type="HVZ">has</w> <w type="BEN">been</w> <w type="AT">no</w> <w type="NN">question</w> <w type="CC">but</w> <w type="CS">that</w> <w type="PPS">she</w> <w type="VBZ">moves</w> <w type="IN">toward</w> <w type="AT">the</w> <w type="NN">dark</w> <c type="pct">.</c> </s>
<s n="98"><w type="DT">That</w> <w type="BEZ">is</w> <w type="AT">the</w> <w type="NN">play</w> <c type="pct">.</c> </s>
<s n="99"><w type="IN">Within</w> <w type="DT">this</w> <w type="NN">notion</w> <w type="NN">clarity</w> <w type="BEZ">is</w> <w type="JJ">possible</w> <c type="pct">,</c> <w type="CC">but</w> <w type="IN">for</w> <w type="PPO">us</w> <w type="WPS">who</w> <w type="BER">are</w> <w type="CC">neither</w> <w type="JJ">Greek</w> <w type="CC">nor</w> <w type="JJ">Jansenist</w> <w type="EX">there</w> <w type="BEZ">is</w> <w type="NEG">not</w> <w type="JJ">such</w> <w type="NN">clarity</w> <c type="pct">.</c> </s>
<s n="100"><w type="AT">The</w> <w type="NN">question</w> <w type="MD">would</w> <w type="RB">also</w> <w type="BE">be</w> <w type="VBN">removed</w> <w type="CS">if</w> <w type="PPSS">we</w> <w type="VBD">believed</w> <w type="IN">in</w> <w type="AT">the</w> <w type="JJ">contrary</w> <c type="pct">--</c> <w type="JJ">total</w> <w type="NN">salvation</w> <c type="pct">.</c> </s>
<s n="101"><w type="CC">But</w> <w type="WRB">where</w> <w type="PPSS">we</w> <w type="HV">have</w> <w type="ABX">both</w> <w type="NN">dark</w> <w type="CC">and</w> <w type="NN">light</w> <w type="PPSS">we</w> <w type="HV">have</w> <w type="RB">also</w> <w type="AT">the</w> <w type="JJ">inexplicable</w> <c type="pct">.</c> </s>
<s n="102"><w type="AT">The</w> <w type="JJS">key</w> <w type="NN">word</w> <w type="IN">in</w> <w type="PPg">my</w> <w type="NNS">plays</w> <w type="BEZ">is</w> <c type="pct">'</c> <w type="RB" subtype="NC">perhaps</w> <c type="pct">'</c> <c type="pct">''</c> <c type="pct">.</c> </s>
</p>
<p><s n="103"><w type="VBN">Given</w> <w type="AT">a</w> <w type="JJ">theological</w> <w type="NN">lead</w> <c type="pct">,</c> <w type="PPSS">I</w> <w type="VBD">asked</w> <w type="WDT">what</w> <w type="PPS">he</w> <w type="VBZ">thinks</w> <w type="IN">about</w> <w type="DTS">those</w> <w type="WPS">who</w> <w type="VB">find</w> <w type="AT">a</w> <w type="JJ">religious</w> <w type="NN">significance</w> <w type="IN">to</w> <w type="PPg">his</w> <w type="NNS">plays</w> <c type="pct">.</c> </s>
</p>
<p><s n="104"><c type="pct">``</c> <w type="UH">Well</w> <c type="pct">,</c> <w type="RB">really</w> <w type="EX">there</w> <w type="BEZ">is</w> <w type="PN">none</w> <w type="IN">at</w> <w type="ABN">all</w> <c type="pct">.</c> </s>
<s n="105"><w type="PPSS">I</w> <w type="HV">have</w> <w type="RB">no</w> <w type="JJ">religious</w> <w type="NN">feeling</w> <c type="pct">.</c> </s>
<s n="106"><w type="CS">Once</w> <w type="PPSS">I</w> <w type="HVD">had</w> <w type="AT">a</w> <w type="JJ">religious</w> <w type="NN">emotion</w> <c type="pct">.</c> </s>
<s n="107"><w type="PPS">It</w> <w type="BEDZ">was</w> <w type="IN">at</w> <w type="PPg">my</w> <w type="OD">first</w> <w type="NN" subtype="TL">Communion</w> <c type="pct">.</c> </s>
<s n="108"><w type="QL">No</w> <w type="RBR">more</w> <c type="pct">.</c> </s>
<s n="109"><w type="PPg">My</w> <w type="NN">mother</w> <w type="BEDZ">was</w> <w type="QL">deeply</w> <w type="JJ">religious</w> <c type="pct">.</c> </s>
<s n="110"><w type="RB">So</w> <w type="BEDZ">was</w> <w type="PPg">my</w> <w type="NN">brother</w> <c type="pct">.</c> </s>
<s n="111"><w type="PPS">He</w> <w type="VBD">knelt</w> <w type="RP">down</w> <w type="IN">at</w> <w type="PPg">his</w> <w type="NN">bed</w> <w type="QL">as</w> <w type="RB">long</w> <w type="CS">as</w> <w type="PPS">he</w> <w type="MD">could</w> <w type="VB">kneel</w> <c type="pct">.</c> </s>
<s n="112"><w type="PPg">My</w> <w type="NN">father</w> <w type="HVD">had</w> <w type="PN">none</w> <c type="pct">.</c> </s>
<s n="113"><w type="AT">The</w> <w type="NN">family</w> <w type="BEDZ">was</w> <w type="JJ">Protestant</w> <c type="pct">,</c> <w type="IN">but</w> <w type="IN">for</w> <w type="PPO">me</w> <w type="PPS">it</w> <w type="BEDZ">was</w> <w type="RB">only</w> <w type="JJ">irksome</w> <w type="CC">and</w> <w type="PPSS">I</w> <w type="VB">let</w> <w type="PPO">it</w> <w type="VB">go</w> <c type="pct">.</c> </s>
<s n="114"><w type="PPg">My</w> <w type="NN">brother</w> <w type="CC">and</w> <w type="NN">mother</w> <w type="VBD">got</w> <w type="AT">no</w> <w type="NN">value</w> <w type="IN">from</w> <w type="PPg">their</w> <w type="NN">religion</w> <w type="WRB">when</w> <w type="PPSS">they</w> <w type="VBD">died</w> <c type="pct">.</c> </s>
<s n="115"><w type="IN">At</w> <w type="AT">the</w> <w type="NN">moment</w> <w type="IN">of</w> <w type="NN">crisis</w> <w type="PPS">it</w> <w type="HVD">had</w> <w type="AT">no</w> <w type="AP">more</w> <w type="NN">depth</w> <w type="CS">than</w> <w type="AT">an</w> <w type="JJ">old</w> <w type="NN">school</w> <w type="NN">tie</w> <c type="pct">.</c> </s>
<s n="116"><w type="JJ">Irish</w> <w type="NN" subtype="TL">Catholicism</w> <w type="BEZ">is</w> <w type="NEG">not</w> <w type="JJ">attractive</w> <c type="pct">,</c> <w type="CC">but</w> <w type="PPS">it</w> <w type="BEZ">is</w> <w type="JJR">deeper</w> <c type="pct">.</c> </s>
<s n="117"><w type="WRB">When</w> <w type="PPSS">you</w> <w type="VB">pass</w> <w type="AT">a</w> <w type="NN">church</w> <w type="IN">on</w> <w type="AT">an</w> <w type="JJ">Irish</w> <w type="NN">bus</w> <c type="pct">,</c> <w type="ABN">all</w> <w type="AT">the</w> <w type="NNS">hands</w> <w type="VB">flurry</w> <w type="IN">in</w> <w type="AT">the</w> <w type="NN">sign</w> <w type="IN">of</w> <w type="AT">the</w> <w type="NN">cross</w> <c type="pct">.</c> </s>
<s n="118"><w type="CD">One</w> <w type="NN">day</w> <w type="AT">the</w> <w type="NNS">dogs</w> <w type="IN">of</w> <w type="NP">Ireland</w> <w type="MD">will</w> <w type="DO">do</w> <w type="DT">that</w> <w type="RB">too</w> <w type="CC">and</w> <w type="RB">perhaps</w> <w type="RB">also</w> <w type="AT">the</w> <w type="NNS">pigs</w> <c type="pct">''</c> <c type="pct">.</c> </s>
</p>
<p><s n="119"><w type="CC">But</w> <w type="DO">do</w> <w type="AT">the</w> <w type="NNS">plays</w> <w type="VB">deal</w> <w type="IN">with</w> <w type="AT">the</w> <w type="AP">same</w> <w type="NNS">facets</w> <w type="IN">of</w> <w type="NN">experience</w> <w type="NN">religion</w> <w type="MD">must</w> <w type="RB">also</w> <w type="VB">deal</w> <w type="IN">with</w> <c type="pct">?</c> <c type="pct">?</c> </s>
</p>
<p><s n="120"><c type="pct">``</c> <w type="RB">Yes</w> <c type="pct">,</c> <w type="CS">for</w> <w type="PPSS">they</w> <w type="VB">deal</w> <w type="IN">with</w> <w type="NN">distress</w> <c type="pct">.</c> </s>
<s n="121"><w type="DTI">Some</w> <w type="NNS">people</w> <w type="VB">object</w> <w type="IN">to</w> <w type="DT">this</w> <w type="IN">in</w> <w type="PPg">my</w> <w type="NN">writing</w> <c type="pct">.</c> </s>
<s n="122"><w type="IN">At</w> <w type="AT">a</w> <w type="NN">party</w> <w type="AT">an</w> <w type="JJ">English</w> <w type="NN">intellectual</w> <c type="pct">--</c> <w type="JJ">so-called</w> <c type="pct">--</c> <w type="VBD">asked</w> <w type="PPO">me</w> <w type="WRB">why</w> <w type="PPSS">I</w> <w type="VB">write</w> <w type="RB">always</w> <w type="IN">about</w> <w type="NN">distress</w> <c type="pct">.</c> </s>
<s n="123"><w type="CS">As</w> <w type="CS">if</w> <w type="PPS">it</w> <w type="BED">were</w> <w type="JJ">perverse</w> <w type="TO">to</w> <w type="DO">do</w> <w type="RB">so</w> <c type="pct">!</c> <c type="pct">!</c> </s>
<s n="124"><w type="PPS">He</w> <w type="VBD">wanted</w> <w type="TO">to</w> <w type="VB">know</w> <w type="CS">if</w> <w type="PPg">my</w> <w type="NN">father</w> <w type="HVD">had</w> <w type="VBN">beaten</w> <w type="PPO">me</w> <w type="CC">or</w> <w type="PPg">my</w> <w type="NN">mother</w> <w type="HVD">had</w> <w type="VBN">run</w> <w type="RB">away</w> <w type="IN">from</w> <w type="NR">home</w> <w type="TO">to</w> <w type="VB">give</w> <w type="PPO">me</w> <w type="AT">an</w> <w type="JJ">unhappy</w> <w type="NN">childhood</w> <c type="pct">.</c> </s>
<s n="125"><w type="PPSS">I</w> <w type="VBD">told</w> <w type="PPO">him</w> <w type="RB">no</w> <c type="pct">,</c> <w type="CS">that</w> <w type="PPSS">I</w> <w type="HVD">had</w> <w type="HVN">had</w> <w type="AT">a</w> <w type="QL">very</w> <w type="JJ">happy</w> <w type="NN">childhood</w> <c type="pct">.</c> </s>
<s n="126"><w type="RB">Then</w> <w type="PPS">he</w> <w type="VBD">thought</w> <w type="PPO">me</w> <w type="QL">more</w> <w type="JJ">perverse</w> <w type="CS">than</w> <w type="RB">ever</w> <c type="pct">.</c> </s>
<s n="127"><w type="PPSS">I</w> <w type="VBD">left</w> <w type="AT">the</w> <w type="NN">party</w> <w type="QL">as</w> <w type="RB">soon</w> <w type="CS">as</w> <w type="JJ">possible</w> <w type="CC">and</w> <w type="VBD">got</w> <w type="IN">into</w> <w type="AT">a</w> <w type="NN">taxi</w> <c type="pct">.</c> </s>
<s n="128"><w type="IN">On</w> <w type="AT">the</w> <w type="NN">glass</w> <w type="NN">partition</w> <w type="IN">between</w> <w type="PPO">me</w> <w type="CC">and</w> <w type="AT">the</w> <w type="NN">driver</w> <w type="BED">were</w> <w type="CD">three</w> <w type="NNS">signs</w> <c type="pct">:</c> <w type="CD">one</w> <w type="VBD">asked</w> <w type="IN">for</w> <w type="NN">help</w> <w type="IN">for</w> <w type="AT">the</w> <w type="JJ">blind</w> <c type="pct">,</c> <w type="DT">another</w> <w type="NN">help</w> <w type="IN">for</w> <w type="NNS">orphans</w> <c type="pct">,</c> <w type="CC">and</w> <w type="AT">the</w> <w type="OD">third</w> <w type="IN">for</w> <w type="NN">relief</w> <w type="IN">for</w> <w type="AT">the</w> <w type="NN">war</w> <w type="NNS">refugees</w> <c type="pct">.</c> </s>
<s n="129"><w type="PN">One</w> <w type="DOZ">does</w> <w type="NEG">not</w> <w type="HV">have</w> <w type="TO">to</w> <w type="VB">look</w> <w type="IN">for</w> <w type="NN">distress</w> <c type="pct">.</c> </s>
<s n="130"><w type="PPS">It</w> <w type="BEZ">is</w> <w type="VBG">screaming</w> <w type="IN">at</w> <w type="PPO">you</w> <w type="RB">even</w> <w type="IN">in</w> <w type="AT">the</w> <w type="NNS">taxis</w> <w type="IN">of</w> <w type="NP">London</w> <c type="pct">''</c> <c type="pct">.</c> </s>
</p>
<p><s n="131"><w type="NN">Lunch</w> <w type="BEDZ">was</w> <w type="RP">over</w> <c type="pct">,</c> <w type="CC">and</w> <w type="PPSS">we</w> <w type="VBD">walked</w> <w type="RB">back</w> <w type="IN">to</w> <w type="AT">the</w> <w type="NN">hotel</w> <w type="IN">with</w> <w type="AT">the</w> <w type="NN">light</w> <w type="CC">and</w> <w type="NN">dark</w> <w type="IN">of</w> <w type="NP">Paris</w> <w type="VBG">screaming</w> <w type="IN">at</w> <w type="PPO">us</w> <c type="pct">.</c> </s>
</p>
<p><s n="132"><w type="AT">The</w> <w type="JJ">personal</w> <w type="NN">quality</w> <w type="IN">of</w> <w type="NP">Samuel</w> <w type="NP">Beckett</w> <w type="BEZ">is</w> <w type="JJ">similar</w> <w type="IN">to</w> <w type="NNS">qualities</w> <w type="PPSS">I</w> <w type="HVD">had</w> <w type="VBN">found</w> <w type="IN">in</w> <w type="AT">the</w> <w type="NNS">plays</w> <c type="pct">.</c> </s>
<s n="133"><w type="PPS">He</w> <w type="VBZ">says</w> <w type="PN">nothing</w> <w type="WPS">that</w> <w type="VBZ">compresses</w> <w type="NN">experience</w> <w type="IN">within</w> <w type="AT">a</w> <w type="VBN">closed</w> <w type="NN">pattern</w> <c type="pct">.</c> </s>
<s n="134"><c type="pct">``</c> <w type="RB">Perhaps</w> <c type="pct">''</c> <w type="VBZ">stands</w> <w type="IN">in</w> <w type="NN">place</w> <w type="IN">of</w> <w type="NN">commitment</w> <c type="pct">.</c> </s>
<s n="135"><w type="IN">At</w> <w type="AT">the</w> <w type="AP">same</w> <w type="NN">time</w> <c type="pct">,</c> <w type="PPS">he</w> <w type="BEZ">is</w> <w type="QL">plainly</w> <w type="JJ">sympathetic</w> <c type="pct">,</c> <w type="QL">clearly</w> <w type="JJ">friendly</w> <c type="pct">.</c> </s>
<s n="136"><w type="CS">If</w> <w type="EX">there</w> <w type="BED">were</w> <w type="RB">only</w> <w type="AT">the</w> <w type="NN">mess</w> <c type="pct">,</c> <w type="ABN">all</w> <w type="MD">would</w> <w type="BE">be</w> <w type="JJ">clear</w> <c type="pct">;</c> <c type="pct">;</c> </s>
<s n="137"><w type="CC">but</w> <w type="EX">there</w> <w type="BEZ">is</w> <w type="RB">also</w> <w type="NN">compassion</w> <c type="pct">.</c> </s>
</p>
<p><s n="138"><w type="CS">As</w> <w type="AT">a</w> <w type="NP">Christian</w> <c type="pct">,</c> <w type="PPSS">I</w> <w type="VB">know</w> <w type="PPSS">I</w> <w type="DO">do</w> <w type="NEG">not</w> <w type="VB">stand</w> <w type="WRB">where</w> <w type="NP">Beckett</w> <w type="VBZ">stands</w> <c type="pct">,</c> <w type="CC">but</w> <w type="PPSS">I</w> <w type="DO">do</w> <w type="VB">see</w> <w type="AP">much</w> <w type="IN">of</w> <w type="WDT">what</w> <w type="PPS">he</w> <w type="VBZ">sees</w> <c type="pct">.</c> </s>
<s n="139"><w type="CS">As</w> <w type="AT">a</w> <w type="NN">writer</w> <w type="IN">on</w> <w type="AT">the</w> <w type="NN">theater</w> <c type="pct">,</c> <w type="PPSS">I</w> <w type="HV">have</w> <w type="VBN">paid</w> <w type="JJ">close</w> <w type="NN">attention</w> <w type="IN">to</w> <w type="AT">the</w> <w type="NNS">plays</w> <c type="pct">.</c> </s>
<s n="140"><w type="NP">Harold</w> <w type="NP">Clurman</w> <w type="BEZ">is</w> <w type="JJ">right</w> <w type="TO">to</w> <w type="VB">say</w> <w type="CS">that</w> <c type="pct">``</c> <w type="VBG" subtype="TL">Waiting</w> <w type="IN" subtype="TL">For</w> <w type="NP" subtype="TL">Godot</w> <c type="pct">''</c> <w type="BEZ">is</w> <w type="AT">a</w> <w type="NN">reflection</w> <c type="pct">(</c> <w type="PPS">he</w> <w type="VBZ">calls</w> <w type="PPO">it</w> <w type="AT">a</w> <w type="VBN">distorted</w> <w type="NN">reflection</w> <c type="pct">)</c> <c type="pct">``</c> <w type="IN">of</w> <w type="AT">the</w> <w type="NN">impasse</w> <w type="CC">and</w> <w type="NN">disarray</w> <w type="IN">of</w> <w type="NPg">Europe's</w> <w type="JJ">present</w> <w type="NN">politics</w> <c type="pct">,</c> <w type="NN">ethic</w> <c type="pct">,</c> <w type="CC">and</w> <w type="JJ">common</w> <w type="NN">way</w> <w type="IN">of</w> <w type="NN">life</w> <c type="pct">''</c> <c type="pct">.</c> </s>
<s n="141"><w type="CC">Yet</w> <w type="PPS">it</w> <w type="BEZ">is</w> <w type="NEG">not</w> <w type="RB">only</w> <w type="NP">Europe</w> <w type="AT">the</w> <w type="NN">play</w> <w type="VBZ">refers</w> <w type="IN">to</w> <c type="pct">.</c> </s>
<s n="142"><c type="pct">``</c> <w type="VBG" subtype="TL">Waiting</w> <w type="IN" subtype="TL">For</w> <w type="NP" subtype="TL">Godot</w> <c type="pct">''</c> <w type="VBZ">sells</w> <w type="QL">even</w> <w type="RBR">better</w> <w type="IN">in</w> <w type="NP">America</w> <w type="CS">than</w> <w type="IN">in</w> <w type="NP">France</w> <c type="pct">.</c> </s>
<s n="143"><w type="AT">The</w> <w type="NN">consciousness</w> <w type="PPS">it</w> <w type="VBZ">mirrors</w> <w type="MD">may</w> <w type="HV">have</w> <w type="VBN">come</w> <w type="RBR">earlier</w> <w type="IN">to</w> <w type="NP">Europe</w> <w type="CS">than</w> <w type="IN">to</w> <w type="NP">America</w> <c type="pct">,</c> <w type="CC">but</w> <w type="PPS">it</w> <w type="BEZ">is</w> <w type="AT">the</w> <w type="NN">consciousness</w> <w type="WPS">that</w> <w type="AP">most</w> <c type="pct">``</c> <w type="JJ">mature</w> <c type="pct">''</c> <w type="NNS">societies</w> <w type="VB">arrive</w> <w type="IN">at</w> <w type="WRB">when</w> <w type="PPg">their</w> <w type="NNS">successes</w> <w type="IN">in</w> <w type="JJ">technological</w> <w type="CC">and</w> <w type="JJ">economic</w> <w type="NN">systematization</w> <w type="VB">propel</w> <w type="PPO">them</w> <w type="IN">into</w> <w type="AT">a</w> <w type="NN">time</w> <w type="IN">of</w> <w type="VBG">examining</w> <w type="AT">the</w> <w type="JJ">not-strictly-practical</w> <w type="NNS">ends</w> <w type="IN">of</w> <w type="NN">culture</w> <c type="pct">.</c> </s>
<s n="144"><w type="NP">America</w> <w type="BEZ">is</w> <w type="RB">now</w> <w type="VBG">joining</w> <w type="NP">Europe</w> <w type="IN">in</w> <w type="DT">this</w> <c type="pct">``</c> <w type="JJ">mature</w> <c type="pct">''</c> <w type="NN">phase</w> <w type="IN">of</w> <w type="NN">development</w> <c type="pct">.</c> </s>
<s n="145"><w type="CS">Whether</w> <w type="DTI">any</w> <w type="IN">of</w> <w type="PPO">us</w> <w type="VB">remain</w> <w type="IN">in</w> <w type="PPO">it</w> <w type="RB">long</w> <w type="MD">will</w> <w type="VB">depend</w> <w type="IN">on</w> <w type="WDT">what</w> <w type="VBZ">happens</w> <w type="CS">as</w> <w type="AT">a</w> <w type="NN">result</w> <w type="IN">of</w> <w type="AT">the</w> <w type="JJ">technological</w> <w type="CC">and</w> <w type="JJ">economic</w> <w type="NNS">revolutions</w> <w type="RB">now</w> <w type="VBG">going</w> <w type="RP">on</w> <w type="IN">in</w> <w type="AT">the</w> <w type="NNS">countries</w> <w type="IN">of</w> <w type="NP">Asia</w> <w type="CC">and</w> <w type="NP">Africa</w> <c type="pct">,</c> <w type="CC">and</w> <w type="RB">also</w> <w type="IN">of</w> <w type="NN">course</w> <w type="IN">on</w> <w type="WRB">how</w> <w type="RB">long</w> <w type="AT">the</w> <w type="JJ">cold</w> <w type="NN">war</w> <w type="VBZ">remains</w> <w type="JJ">cold</w> <c type="pct">.</c> </s>
</p>
<p></p></body></text></TEI>
