<TEI xmlns="http://www.tei-c.org/ns/1.0"><teiHeader><fileDesc><titleStmt><title>Sample G13 from  Charles Glicksberg, "Sex in Contemporary Literature"
 The Colorado Quarterly, 9: 3 (Winter, 1961), 278-282
 </title></titleStmt><editionStmt><edition>A part  of the XML version of the Brown Corpus</edition></editionStmt><extent>2,005 words 110 (5.5%) quotes</extent><publicationStmt><idno>G13</idno><availability><p>Used by permission. 0010-1780</p></availability></publicationStmt><sourceDesc><bibl> Charles Glicksberg, "Sex in Contemporary Literature"
 The Colorado Quarterly, 9: 3 (Winter, 1961), 278-282
 </bibl></sourceDesc></fileDesc><encodingDesc><p>Arbitrary Hyphen: self-analysis [1440]Typographical Error: pyschiatrist [1160]</p></encodingDesc><revisionDesc><change when="2008-04-27">Header auto-generated for TEI version</change></revisionDesc></teiHeader>
<text xml:id="G13" decls="G">
<body><p><s n="1"><w type="RB">Even</w> <w type="NP">Hemingway</w> <c type="pct">,</c> <w type="IN">for</w> <w type="ABN">all</w> <w type="PPg">his</w> <w type="NNS">efforts</w> <w type="TO">to</w> <w type="VB">formulate</w> <w type="AT">a</w> <w type="JJ">naturalistic</w> <w type="NN">morality</w> <w type="IN">in</w> <w type="AT" subtype="TL">The</w> <w type="NN" subtype="TL">Sun</w> <w type="RB" subtype="TL">Also</w> <w type="VBZ" subtype="TL">Rises</w> <w type="CC">and</w> <w type="AT" subtype="TL">A</w> <w type="NN" subtype="TL">Farewell</w> <w type="IN" subtype="TL">To</w> <w type="NNS" subtype="TL">Arms</w> <w type="RB">never</w> <w type="VBD">maintained</w> <w type="CS">that</w> <w type="NN">sex</w> <w type="BEDZ">was</w> <w type="ABN">all</w> <c type="pct">.</c> </s>
<s n="2"><w type="NPg">Hemingway's</w> <w type="NN">fiction</w> <w type="BEZ">is</w> <w type="VBN">supported</w> <w type="IN">by</w> <w type="AT">a</w> <c type="pct">``</c> <w type="JJ">moral</w> <c type="pct">''</c> <w type="NN">backbone</w> <w type="CC">and</w> <w type="IN">in</w> <w type="PPg">its</w> <w type="NN">search</w> <w type="IN">for</w> <w type="JJ">ultimate</w> <w type="NN">meaning</w> <w type="VBZ">hints</w> <w type="IN">at</w> <w type="AT">a</w> <w type="JJ">religious</w> <w type="NN">dimension</w> <c type="pct">.</c> </s>
<s n="3"><w type="CC">And</w> <w type="NP">D.</w> <w type="NP">H.</w> <w type="NP">Lawrence</w> <c type="pct">,</c> <w type="IN">in</w> <w type="NN" subtype="TL">Fantasia</w> <w type="IN" subtype="TL">Of</w> <w type="AT" subtype="TL">The</w> <w type="NN" subtype="TL">Unconscious</w> <c type="pct">,</c> <w type="VBD">protested</w> <w type="RB">vehemently</w> <w type="IN">against</w> <w type="AT">the</w> <w type="NN">overestimation</w> <w type="IN">of</w> <w type="AT">the</w> <w type="JJ">sexual</w> <w type="NN">motive</w> <c type="pct">.</c> </s>
<s n="4"><w type="CS">Though</w> <w type="NN">sex</w> <w type="IN">in</w> <w type="DTI">some</w> <w type="NN">form</w> <w type="CC">or</w> <w type="AP">other</w> <w type="VBZ">enters</w> <w type="IN">into</w> <w type="ABN">all</w> <w type="JJ">human</w> <w type="NN">activity</w> <w type="CC">and</w> <w type="PPS">it</w> <w type="BEDZ">was</w> <w type="AT">a</w> <w type="JJ">good</w> <w type="NN">thing</w> <w type="CS">that</w> <w type="NP">Freud</w> <w type="VBD">emphasized</w> <w type="DT">this</w> <w type="NN">aspect</w> <w type="IN">of</w> <w type="JJ">human</w> <w type="NN">nature</w> <c type="pct">,</c> <w type="PPS">it</w> <w type="BEZ">is</w> <w type="JJ">fantastic</w> <w type="TO">to</w> <w type="VB">explain</w> <w type="PN">everything</w> <w type="IN">in</w> <w type="NNS">terms</w> <w type="IN">of</w> <w type="NN">sex</w> <c type="pct">.</c> </s>
<s n="5"><c type="pct">``</c> <w type="ABN">All</w> <w type="BEZ">is</w> <w type="NEG">not</w> <w type="NN">sex</w> <c type="pct">''</c> <c type="pct">,</c> <w type="VBD">declared</w> <w type="NP">Lawrence</w> <c type="pct">.</c> </s>
<s n="6"><w type="NN">Man</w> <w type="BEZ">is</w> <w type="NEG">not</w> <w type="VBN">confined</w> <w type="IN">to</w> <w type="CD">one</w> <w type="NN">outlet</w> <w type="IN">for</w> <w type="PPg">his</w> <w type="JJ">vital</w> <w type="NN">energy</w> <c type="pct">.</c> </s>
<s n="7"><w type="AT">The</w> <w type="JJ">creative</w> <w type="NN">urge</w> <c type="pct">,</c> <w type="IN">for</w> <w type="NN">example</w> <c type="pct">,</c> <w type="VBZ">transcends</w> <w type="AT">the</w> <w type="NN">body</w> <w type="CC">and</w> <w type="AT">the</w> <w type="NN">self</w> <c type="pct">.</c> </s>
</p>
<p><s n="8"><w type="CC">But</w> <w type="IN">for</w> <w type="AT">the</w> <w type="NN">beat</w> <w type="NN">generation</w> <w type="ABN">all</w> <w type="BEZ">is</w> <w type="NN">sex</w> <c type="pct">.</c> </s>
<s n="9"><w type="PN">Nothing</w> <w type="BEZ">is</w> <w type="QL">more</w> <w type="JJ">revealing</w> <w type="IN">of</w> <w type="AT">the</w> <w type="NN">way</w> <w type="IN">of</w> <w type="NN">life</w> <w type="CC">and</w> <w type="JJ">literary</w> <w type="NNS">aspirations</w> <w type="IN">of</w> <w type="DT">this</w> <w type="NN">group</w> <w type="CS">than</w> <w type="PPg">their</w> <w type="NN">attitude</w> <w type="IN">toward</w> <w type="NN">sex</w> <c type="pct">.</c> </s>
<s n="10"><w type="CS">For</w> <w type="AT">the</w> <w type="NN">beatnik</w> <c type="pct">,</c> <w type="CS">like</w> <w type="AT">the</w> <w type="NN">hipster</w> <c type="pct">,</c> <w type="BEZ">is</w> <w type="IN">in</w> <w type="NN">opposition</w> <w type="IN">to</w> <w type="AT">a</w> <w type="NN">society</w> <w type="WPS">that</w> <w type="BEZ">is</w> <w type="VBN">based</w> <w type="IN">on</w> <w type="AT">the</w> <w type="NN">repression</w> <w type="IN">of</w> <w type="AT">the</w> <w type="NN">sex</w> <w type="NN">instinct</w> <c type="pct">.</c> </s>
<s n="11"><w type="PPS">He</w> <w type="HVZ">has</w> <w type="VBN">elevated</w> <w type="NN">sex</w> <c type="pct">--</c> <w type="NEG">not</w> <w type="NP">Eros</w> <w type="CC">or</w> <w type="NN">libido</w> <w type="CC">but</w> <w type="JJ">pure</w> <c type="pct">,</c> <w type="JJ">spontaneous</w> <c type="pct">,</c> <w type="JJ">uninhibited</w> <w type="NN">sex</w> <c type="pct">--</c> <w type="IN">to</w> <w type="AT">the</w> <w type="NN">rank</w> <w type="IN">of</w> <w type="AT">the</w> <w type="NN">godhead</w> <c type="pct">;</c> <c type="pct">;</c> </s>
<s n="12"><w type="PPS">it</w> <w type="BEZ">is</w> <w type="NP">Astarte</w> <c type="pct">,</c> <w type="NP">Ishtar</w> <c type="pct">,</c> <w type="NP">Venus</w> <c type="pct">,</c> <w type="NP">Yahwe</w> <c type="pct">,</c> <w type="NP">Dionysus</w> <c type="pct">,</c> <w type="NP">Christ</w> <c type="pct">,</c> <w type="AT">the</w> <w type="JJ">mysterious</w> <w type="CC">and</w> <w type="JJ">divine</w> <w type="NN">orgone</w> <w type="NN">energy</w> <w type="VBG">flowing</w> <w type="IN">through</w> <w type="AT">the</w> <w type="NN">body</w> <w type="IN">of</w> <w type="AT">the</w> <w type="NN">universe</w> <c type="pct">.</c> </s>
<s n="13"><w type="NN">Jazz</w> <w type="BEZ">is</w> <w type="NN">sex</w> <c type="pct">,</c> <w type="NN">marijuana</w> <w type="BEZ">is</w> <w type="AT">a</w> <w type="NN">stimulus</w> <w type="IN">to</w> <w type="NN">sex</w> <c type="pct">,</c> <w type="AT">the</w> <w type="NN">beat</w> <w type="NN">tempo</w> <w type="BEZ">is</w> <w type="VBN">adjusted</w> <w type="IN">to</w> <w type="AT">the</w> <w type="JJ">orgiastic</w> <w type="NN">release</w> <w type="IN">of</w> <w type="AT">the</w> <w type="JJ">sexual</w> <w type="NN">impulse</w> <c type="pct">.</c> </s>
<s n="14"><w type="NP">Lawrence</w> <w type="NP">Lipton</w> <c type="pct">,</c> <w type="IN">in</w> <w type="AT" subtype="TL">The</w> <w type="JJ" subtype="TL">Holy</w> <w type="NNS" subtype="TL">Barbarians</w> <c type="pct">,</c> <w type="VBZ">stresses</w> <w type="CS">that</w> <w type="IN">for</w> <w type="AT">the</w> <w type="NN">beat</w> <w type="NN">generation</w> <w type="NN">sex</w> <w type="BEZ">is</w> <w type="AP">more</w> <w type="CS">than</w> <w type="AT">a</w> <w type="NN">source</w> <w type="IN">of</w> <w type="NN">pleasure</w> <c type="pct">;</c> <c type="pct">;</c> </s>
<s n="15"><w type="PPS">it</w> <w type="BEZ">is</w> <w type="AT">a</w> <w type="NN">mystique</w> <c type="pct">,</c> <w type="CC">and</w> <w type="PPg">their</w> <w type="JJ">private</w> <w type="NN">language</w> <w type="BEZ">is</w> <w type="JJ">rich</w> <w type="IN">in</w> <w type="AT">the</w> <w type="JJ">multivalent</w> <w type="NNS">ambiguities</w> <w type="IN">of</w> <w type="JJ">sexual</w> <w type="NN">reference</w> <w type="CS">so</w> <w type="CS">that</w> <w type="PPSS">they</w> <w type="VB">dwell</w> <w type="IN">in</w> <w type="AT">a</w> <w type="VBN">sexualized</w> <w type="NN">universe</w> <w type="IN">of</w> <w type="NN">discourse</w> <c type="pct">.</c> </s>
<s n="16"><w type="AT">The</w> <w type="JJ">singular</w> <w type="JJ">uncompromising</w> <w type="NN">force</w> <w type="IN">of</w> <w type="PPg">their</w> <w type="NN">revolt</w> <w type="IN">against</w> <w type="AT">the</w> <w type="NN">cult</w> <w type="IN">of</w> <w type="NN">restraint</w> <w type="BEZ">is</w> <w type="VBN">illustrated</w> <w type="IN">by</w> <w type="PPg">their</w> <w type="NN">refusal</w> <w type="TO">to</w> <w type="VB">dance</w> <w type="IN">in</w> <w type="AT">a</w> <w type="JJ">public</w> <w type="NN">place</w> <c type="pct">.</c> </s>
<s n="17"><w type="AT">The</w> <w type="NN">dance</w> <w type="BEZ">is</w> <w type="RB">but</w> <w type="AT">a</w> <w type="VBN">disguised</w> <w type="NN">ritual</w> <w type="IN">for</w> <w type="AT">the</w> <w type="NN">expression</w> <w type="IN">of</w> <w type="JJ">ungratified</w> <w type="JJ">sexual</w> <w type="NN">desire</w> <c type="pct">.</c> </s>
<s n="18"><w type="IN">For</w> <w type="DT">this</w> <w type="NN">reason</w> <c type="pct">,</c> <w type="RB">too</w> <c type="pct">,</c> <w type="PPg">their</w> <w type="NN">language</w> <w type="BEZ">is</w> <w type="QL">more</w> <w type="JJ">forthright</w> <w type="CC">and</w> <w type="JJ">earthy</w> <c type="pct">.</c> </s>
<s n="19"><w type="AT">The</w> <w type="NNS">beatniks</w> <w type="VB">crave</w> <w type="AT">a</w> <w type="JJ">sexual</w> <w type="NN">experience</w> <w type="IN">in</w> <w type="WDT">which</w> <w type="PPg">their</w> <w type="JJ">whole</w> <w type="BEG">being</w> <w type="VBZ">participates</w> <c type="pct">.</c> </s>
</p>
<p><s n="20"><w type="PPS">It</w> <w type="BEZ">is</w> <w type="RB">therefore</w> <w type="NEG">not</w> <w type="JJ">surprising</w> <w type="CS">that</w> <w type="PPSS">they</w> <w type="VB">resist</w> <w type="AT">the</w> <w type="NN">lure</w> <w type="IN">of</w> <w type="NN">marriage</w> <w type="CC">and</w> <w type="AT">the</w> <w type="NN">trap</w> <w type="IN">of</w> <w type="NN">domesticity</w> <c type="pct">,</c> <w type="CS">for</w> <w type="CS">like</w> <w type="NNS">cats</w> <w type="PPSS">they</w> <w type="BER">are</w> <w type="VBN">determined</w> <w type="NEG">not</w> <w type="TO">to</w> <w type="VB">tame</w> <w type="PPg">their</w> <w type="JJ">sexual</w> <w type="NN">energy</w> <c type="pct">.</c> </s>
<s n="21"><w type="PPSS">They</w> <w type="VB">withdraw</w> <w type="IN">to</w> <w type="AT">the</w> <w type="NN">underground</w> <w type="IN">of</w> <w type="AT">the</w> <w type="NNS">slums</w> <w type="WRB">where</w> <w type="PPSS">they</w> <w type="MD">can</w> <w type="VB">defy</w> <w type="AT">the</w> <w type="NNS">precepts</w> <w type="IN">of</w> <w type="VBN">legalized</w> <w type="NN">propriety</w> <c type="pct">.</c> </s>
<s n="22"><w type="IN">Unlike</w> <w type="AT">the</w> <w type="NNS">heroes</w> <w type="CC">and</w> <w type="NNS">flappers</w> <w type="IN">of</w> <w type="AT">the</w> <w type="VBN">lost</w> <w type="NN">generation</w> <c type="pct">,</c> <w type="PPSS">they</w> <w type="VB">disdain</w> <w type="AT">the</w> <w type="NN">art</w> <w type="IN">of</w> <c type="pct">``</c> <w type="VBG">necking</w> <c type="pct">''</c> <w type="CC">and</w> <c type="pct">``</c> <w type="VBG">petting</w> <c type="pct">''</c> <c type="pct">.</c> </s>
<s n="23"><w type="DT">That</w> <w type="BEZ">is</w> <w type="VBN">reserved</w> <w type="IN">for</w> <w type="AT">the</w> <w type="NNS">squares</w> <c type="pct">.</c> </s>
<s n="24"><w type="CS">If</w> <w type="PPSS">they</w> <w type="VB">avoid</w> <w type="AT">the</w> <w type="NN">use</w> <w type="IN">of</w> <w type="AT">the</w> <w type="JJ">pungent</w> <c type="pct">,</c> <w type="VBN">outlawed</w> <w type="JJ">four-letter</w> <w type="NN">word</w> <w type="PPS">it</w> <w type="BEZ">is</w> <w type="CS">because</w> <w type="PPS">it</w> <w type="BEZ">is</w> <w type="JJ">taboo</w> <c type="pct">;</c> <c type="pct">;</c> </s>
<s n="25"><w type="PPS">it</w> <w type="BEZ">is</w> <w type="JJ">sacred</w> <c type="pct">.</c> </s>
<s n="26"><w type="CS">As</w> <w type="NP">Lipton</w> <c type="pct">,</c> <w type="AT">the</w> <w type="NN">prophet</w> <w type="IN">of</w> <w type="AT">the</w> <w type="NN">beat</w> <w type="NN">generation</w> <c type="pct">,</c> <w type="VBZ">declares</w> <c type="pct">:</c> <c type="pct">``</c> <w type="IN">In</w> <w type="AT">the</w> <w type="JJ">sexual</w> <w type="NN">act</w> <c type="pct">,</c> <w type="AT">the</w> <w type="NNS">beat</w> <w type="BER">are</w> <w type="VBN">filled</w> <w type="IN">with</w> <w type="NN">mana</w> <c type="pct">,</c> <w type="AT">the</w> <w type="JJ">divine</w> <w type="NN">power</w> <c type="pct">.</c> </s>
<s n="27"><w type="DT">This</w> <w type="BEZ">is</w> <w type="QL">far</w> <w type="IN">from</w> <w type="AT">the</w> <w type="JJ">vulgar</w> <c type="pct">,</c> <w type="VBG">leering</w> <w type="NN">sexuality</w> <w type="IN">of</w> <w type="AT">the</w> <w type="NN">middle-class</w> <w type="NN">square</w> <w type="IN">in</w> <w type="NN">heat</w> <c type="pct">''</c> <c type="pct">.</c> </s>
<s n="28"><w type="DT">This</w> <w type="BEZ">is</w> <w type="AT">the</w> <w type="JJ" subtype="TL">Holy</w> <w type="NN" subtype="TL">Grail</w> <w type="DTS">these</w> <w type="NNS">knights</w> <w type="IN">of</w> <w type="AT">the</w> <w type="NN">orgasm</w> <w type="VB">pursue</w> <c type="pct">,</c> <w type="DT">this</w> <w type="BEZ">is</w> <w type="AT">the</w> <w type="JJ">irresistible</w> <w type="JJ">cosmic</w> <w type="NN">urge</w> <w type="IN">to</w> <w type="WDT">which</w> <w type="PPSS">they</w> <w type="VB">respond</w> <c type="pct">.</c> </s>
</p>
<p><s n="29"><w type="CS">If</w> <w type="NP">Wilhelm</w> <w type="NP">Reich</w> <w type="BEZ">is</w> <w type="AT">the</w> <w type="NP">Moses</w> <w type="WPS">who</w> <w type="HVZ">has</w> <w type="VBN">led</w> <w type="PPO">them</w> <w type="IN">out</w> <w type="IN">of</w> <w type="AT">the</w> <w type="NP">Egypt</w> <w type="IN">of</w> <w type="JJ">sexual</w> <w type="NN">slavery</w> <c type="pct">,</c> <w type="NP">Dylan</w> <w type="NP">Thomas</w> <w type="BEZ">is</w> <w type="AT">the</w> <w type="NN">poet</w> <w type="WPS">who</w> <w type="VBZ">offers</w> <w type="PPO">them</w> <w type="AT">the</w> <w type="JJ">Dionysian</w> <w type="NN">dialectic</w> <w type="IN">of</w> <w type="NN">justification</w> <w type="IN">for</w> <w type="PPg">their</w> <w type="NN">indulgence</w> <w type="IN">in</w> <w type="NN">liquor</w> <c type="pct">,</c> <w type="NN">marijuana</w> <c type="pct">,</c> <w type="NN">sex</w> <c type="pct">,</c> <w type="CC">and</w> <w type="NN">jazz</w> <c type="pct">.</c> </s>
<s n="30"><w type="IN">In</w> <w type="NN">addition</w> <c type="pct">,</c> <w type="PPSS">they</w> <w type="HV">have</w> <w type="BEN">been</w> <w type="VBN">converted</w> <w type="IN">to</w> <w type="NP">Zen</w> <w type="NP">Buddhism</w> <c type="pct">,</c> <w type="IN">with</w> <w type="PPg">its</w> <w type="NN">glorification</w> <w type="IN">of</w> <w type="ABN">all</w> <w type="DT">that</w> <w type="BEZ">is</w> <c type="pct">``</c> <w type="JJ">natural</w> <c type="pct">''</c> <w type="CC">and</w> <w type="RB">mysteriously</w> <w type="JJ">alive</w> <c type="pct">,</c> <w type="AT">the</w> <w type="NN">sense</w> <w type="CS">that</w> <w type="PN">everything</w> <w type="IN">in</w> <w type="AT">the</w> <w type="NN">world</w> <w type="BEZ">is</w> <w type="VBG">flowing</w> <c type="pct">.</c> </s>
<s n="31"><w type="RB">Thus</w> <c type="pct">,</c> <w type="RB">paradoxically</w> <c type="pct">,</c> <w type="AT">the</w> <w type="NN">beat</w> <w type="NNS">writers</w> <w type="VB">resort</w> <w type="IN">to</w> <c type="pct">``</c> <w type="JJ">religious</w> <c type="pct">''</c> <w type="NNS">metaphors</w> <c type="pct">:</c> <w type="PPSS">they</w> <w type="BER">are</w> <w type="IN">in</w> <w type="NN">search</w> <w type="IN">of</w> <w type="NN">mana</w> <c type="pct">,</c> <w type="AT">the</w> <w type="JJ">spiritual</w> <c type="pct">,</c> <w type="AT">the</w> <w type="JJ">numinous</w> <c type="pct">,</c> <w type="CC">but</w> <w type="NEG">not</w> <w type="PN">anything</w> <w type="VBN">connected</w> <w type="IN">with</w> <w type="JJ">formal</w> <w type="NN">religion</w> <c type="pct">.</c> </s>
<s n="32"><w type="WDT">What</w> <w type="PPSS">they</w> <w type="BER">are</w> <w type="RB">after</w> <w type="BEZ">is</w> <w type="AT">the</w> <w type="JJ">beatific</w> <w type="NN">vision</w> <c type="pct">.</c> </s>
<s n="33"><w type="CC">And</w> <w type="NP">Zen</w> <w type="NP">Buddhism</w> <c type="pct">,</c> <w type="CS">though</w> <w type="PPS">it</w> <w type="BEZ">is</w> <w type="QL">extremely</w> <w type="JJ">difficult</w> <w type="TO">to</w> <w type="VB">understand</w> <w type="WRB">how</w> <w type="DTS">these</w> <w type="JJ">internal</w> <w type="NNS">contradictions</w> <w type="BER">are</w> <w type="VBN">reconciled</w> <c type="pct">,</c> <w type="VBZ">helps</w> <w type="PPO">them</w> <w type="IN">in</w> <w type="PPg">their</w> <w type="NN">struggle</w> <w type="TO">to</w> <w type="VB">achieve</w> <w type="JJ">personal</w> <w type="NN">salvation</w> <w type="IN">through</w> <w type="JJ">sexual</w> <w type="NN">release</w> <c type="pct">.</c> </s>
</p>
<p><s n="34"><w type="AT">The</w> <w type="NN">style</w> <w type="IN">of</w> <w type="NN">life</w> <w type="VBN">chosen</w> <w type="IN">by</w> <w type="AT">the</w> <w type="NN">beat</w> <w type="NN">generation</w> <c type="pct">,</c> <w type="AT">the</w> <w type="NN">rhythm</w> <w type="CC">and</w> <w type="NN">ritual</w> <w type="PPSS">they</w> <w type="HV">have</w> <w type="VBN">adopted</w> <w type="CS">as</w> <w type="RB">uniquely</w> <w type="PPg">their</w> <w type="JJ">own</w> <c type="pct">,</c> <w type="BEZ">is</w> <w type="VBN">designed</w> <w type="TO">to</w> <w type="VB">enhance</w> <w type="AT">the</w> <w type="NN">value</w> <w type="IN">of</w> <w type="AT">the</w> <w type="JJ">sexual</w> <w type="NN">experience</w> <c type="pct">.</c> </s>
<s n="35"><w type="NN">Jazz</w> <w type="BEZ">is</w> <w type="JJ">good</w> <w type="NEG">not</w> <w type="RB">only</w> <w type="CS">because</w> <w type="PPS">it</w> <w type="VBZ">promotes</w> <w type="NN">wholeness</w> <w type="CC">but</w> <w type="CS">because</w> <w type="IN">of</w> <w type="PPg">its</w> <w type="VBN">decided</w> <w type="JJ">sexual</w> <w type="NN">effect</w> <c type="pct">.</c> </s>
<s n="36"><w type="NN">Jazz</w> <w type="BEZ">is</w> <w type="AT">the</w> <w type="JJ">musical</w> <w type="NN">language</w> <w type="IN">of</w> <w type="NN">sex</w> <c type="pct">,</c> <w type="AT">the</w> <w type="NN">vocabulary</w> <w type="IN">of</w> <w type="AT">the</w> <w type="NN">orgasm</w> <c type="pct">;</c> <c type="pct">;</c> </s>
<s n="37"><w type="RB">indeed</w> <c type="pct">,</c> <w type="PPS">it</w> <w type="BEZ">is</w> <w type="VBN">maintained</w> <w type="CS">that</w> <w type="AT">the</w> <w type="JJ">sexual</w> <w type="NN">element</w> <w type="IN">in</w> <w type="NN">jazz</w> <c type="pct">,</c> <w type="IN">by</w> <w type="VBG">freeing</w> <w type="AT">the</w> <w type="NN">listener</w> <w type="IN">of</w> <w type="PPg">his</w> <w type="NNS">inhibitions</w> <c type="pct">,</c> <w type="MD">can</w> <w type="HV">have</w> <w type="JJ">therapeutic</w> <w type="NN">value</w> <c type="pct">.</c> </s>
<s n="38"><w type="DT">That</w> <w type="BEZ">is</w> <w type="WRB">why</w> <c type="pct">,</c> <w type="AT">the</w> <w type="NN">argument</w> <w type="VBZ">runs</w> <c type="pct">,</c> <w type="AT">the</w> <w type="NNS">squares</w> <w type="BER">are</w> <w type="QL">so</w> <w type="JJ">fearful</w> <w type="IN">of</w> <w type="NN">jazz</w> <w type="CC">and</w> <w type="RB">yet</w> <w type="RB">perversely</w> <w type="VBN">fascinated</w> <w type="IN">by</w> <w type="PPO">it</w> <c type="pct">.</c> </s>
<s n="39"><w type="RB">Instead</w> <w type="IN">of</w> <w type="VBG">giving</w> <w type="PPLS">themselves</w> <w type="RB">spontaneously</w> <w type="IN">to</w> <w type="AT">the</w> <w type="JJ">orgiastic</w> <w type="NN">release</w> <w type="WPS">that</w> <w type="NN">jazz</w> <w type="MD">can</w> <w type="VB">give</w> <w type="PPO">them</w> <c type="pct">,</c> <w type="PPSS">they</w> <w type="VB">undergo</w> <w type="NN">psychoanalysis</w> <w type="CC">or</w> <w type="VB">flirt</w> <w type="IN">with</w> <w type="NN">mysticism</w> <w type="CC">or</w> <w type="VB">turn</w> <w type="IN">to</w> <w type="NNS">prostitutes</w> <w type="IN">for</w> <w type="NN">satisfaction</w> <c type="pct">.</c> </s>
<s n="40"><w type="RB">Thus</w> <w type="NN">jazz</w> <w type="BEZ">is</w> <w type="VBN">transmuted</w> <w type="IN">into</w> <w type="PN">something</w> <w type="JJ">holy</w> <c type="pct">,</c> <w type="AT">the</w> <w type="JJ">sacred</w> <w type="NN">road</w> <w type="IN">to</w> <w type="NN">integration</w> <w type="IN">of</w> <w type="BEG">being</w> <c type="pct">.</c> </s>
<s n="41"><w type="NN">Jazz</w> <c type="pct">,</c> <w type="CS">like</w> <w type="NN">sex</w> <c type="pct">,</c> <w type="BEZ">is</w> <w type="AT">a</w> <w type="NN">mystique</w> <c type="pct">.</c> </s>
<s n="42"><w type="PPS">It</w> <w type="BEZ">is</w> <w type="NEG">not</w> <w type="AT">a</w> <w type="JJ">substitute</w> <w type="IN">for</w> <w type="NN">sex</w> <w type="CC">but</w> <w type="AT">a</w> <w type="JJ">dynamic</w> <w type="NN">expression</w> <w type="IN">of</w> <w type="AT">the</w> <w type="JJ">creative</w> <w type="NN">impulse</w> <w type="IN">in</w> <w type="JJ">unfettered</w> <w type="NN">man</w> <c type="pct">.</c> </s>
</p>
<p><s n="43"><w type="AT">The</w> <w type="NN">mystique</w> <w type="IN">of</w> <w type="NN">sex</w> <c type="pct">,</c> <w type="VBN">combined</w> <w type="IN">with</w> <w type="NN">marijuana</w> <w type="CC">and</w> <w type="NN">jazz</w> <c type="pct">,</c> <w type="BEZ">is</w> <w type="VBN">intended</w> <w type="TO">to</w> <w type="VB">provide</w> <w type="AT">a</w> <w type="NN">design</w> <w type="IN">for</w> <w type="VBG">living</w> <c type="pct">.</c> </s>
<s n="44"><w type="DTS">Those</w> <w type="WPS">who</w> <w type="BER">are</w> <w type="RB">sexually</w> <w type="VBN">liberated</w> <w type="MD">can</w> <w type="VB">become</w> <w type="RB">creatively</w> <w type="JJ">alive</w> <w type="CC">and</w> <w type="JJ">free</w> <c type="pct">,</c> <w type="PPg">their</w> <w type="NNS">instincts</w> <w type="VB">put</w> <w type="IN">at</w> <w type="AT">the</w> <w type="NN">service</w> <w type="IN">of</w> <w type="AT">the</w> <w type="NN">imagination</w> <c type="pct">.</c> </s>
<s n="45"><w type="JJ">Righteous</w> <w type="IN">in</w> <w type="PPg">their</w> <w type="NN">denunciation</w> <w type="IN">of</w> <w type="ABN">all</w> <w type="WPS">that</w> <w type="VBZ">makes</w> <w type="IN">for</w> <w type="NN">death</w> <c type="pct">,</c> <w type="AT">the</w> <w type="NN">beat</w> <w type="NNS">prophets</w> <w type="VB">bid</w> <w type="ABN">all</w> <w type="NNS">men</w> <w type="VB">become</w> <w type="JJ">cool</w> <w type="NNS">cats</w> <c type="pct">;</c> <c type="pct">;</c> </s>
<s n="46"><w type="VB">let</w> <w type="PPO">them</w> <w type="VB">learn</w> <w type="TO">to</w> <c type="pct">``</c> <w type="VB">swing</w> <c type="pct">''</c> <w type="RB">freely</w> <c type="pct">,</c> <w type="TO">to</w> <w type="VB">let</w> <w type="VB">go</w> <c type="pct">,</c> <w type="TO">to</w> <w type="VB">become</w> <w type="RB">authentically</w> <w type="PPLS">themselves</w> <c type="pct">,</c> <w type="CC">and</w> <w type="RB">then</w> <w type="RB">perhaps</w> <w type="NN">civilization</w> <w type="MD">will</w> <w type="BE">be</w> <w type="VBN">saved</w> <c type="pct">.</c> </s>
<s n="47"><w type="AT">The</w> <w type="NN">beatnik</w> <c type="pct">,</c> <w type="VBG">seceding</w> <w type="IN">from</w> <w type="AT">a</w> <w type="NN">society</w> <w type="WPS">that</w> <w type="BEZ">is</w> <w type="RB">fatally</w> <w type="VBN">afflicted</w> <w type="IN">with</w> <w type="AT">a</w> <w type="JJ">deathward</w> <w type="VB">drive</w> <c type="pct">,</c> <w type="BEZ">is</w> <w type="VBN">concerned</w> <w type="IN">with</w> <w type="PPg">his</w> <w type="JJ">personal</w> <w type="NN">salvation</w> <w type="IN">in</w> <w type="AT">the</w> <w type="VBG">living</w> <w type="NN">present</w> <c type="pct">.</c> </s>
<s n="48"><w type="CS">If</w> <w type="PPS">he</w> <w type="BEZ">is</w> <w type="AT">the</w> <w type="NN">child</w> <w type="IN">of</w> <w type="NN">nothingness</w> <c type="pct">,</c> <w type="CS">if</w> <w type="PPS">he</w> <w type="BEZ">is</w> <w type="AT">the</w> <w type="VBN">predestined</w> <w type="NN">victim</w> <w type="IN">of</w> <w type="AT">an</w> <w type="NN">age</w> <w type="IN">of</w> <w type="JJ">atomic</w> <w type="NNS">wars</w> <c type="pct">,</c> <w type="RB">then</w> <w type="PPS">he</w> <w type="MD">will</w> <w type="VB">consult</w> <w type="RB">only</w> <w type="PPg">his</w> <w type="JJ">own</w> <w type="JJ">organic</w> <w type="NNS">needs</w> <w type="CC">and</w> <w type="VB">go</w> <w type="IN">beyond</w> <w type="NN">good</w> <w type="CC">and</w> <w type="NN">evil</w> <c type="pct">.</c> </s>
<s n="49"><w type="PPS">He</w> <w type="MD">will</w> <w type="NEG">not</w> <w type="VB">curb</w> <w type="PPg">his</w> <w type="JJ">instinctual</w> <w type="NNS">desires</w> <w type="CC">but</w> <w type="VB">release</w> <w type="AT">the</w> <w type="NN">energy</w> <w type="IN">within</w> <w type="PPO">him</w> <w type="WPS">that</w> <w type="VBZ">makes</w> <w type="PPO">him</w> <w type="VB">feel</w> <w type="QL">truly</w> <w type="CC">and</w> <w type="QL">fully</w> <w type="JJ">alive</w> <c type="pct">,</c> <w type="RB">even</w> <w type="CS">if</w> <w type="PPS">it</w> <w type="BEZ">is</w> <w type="RB">only</w> <w type="IN">for</w> <w type="DT">this</w> <w type="JJ">brief</w> <w type="NN">moment</w> <w type="CS">before</w> <w type="AT">the</w> <w type="NN">apocalypse</w> <w type="IN">of</w> <w type="NN">annihilation</w> <w type="VBZ">explodes</w> <w type="IN">on</w> <w type="NN">earth</w> <c type="pct">.</c> </s>
</p>
<p><s n="50"><w type="DT">That</w> <w type="BEZ">is</w> <w type="WRB">why</w> <w type="AT">the</w> <w type="NNS">members</w> <w type="IN">of</w> <w type="AT">the</w> <w type="NN">beat</w> <w type="NN">generation</w> <w type="RB">proudly</w> <w type="VB">assume</w> <w type="AT">the</w> <w type="NN">title</w> <w type="IN">of</w> <w type="AT">the</w> <w type="JJ">holy</w> <w type="NNS">barbarians</w> <c type="pct">;</c> <c type="pct">;</c> </s>
<s n="51"><w type="PPSS">they</w> <w type="MD">will</w> <w type="VB">destroy</w> <w type="AT">the</w> <w type="NNS">shrines</w> <c type="pct">,</c> <w type="NNS">temples</w> <c type="pct">,</c> <w type="NNS">museums</w> <c type="pct">,</c> <w type="CC">and</w> <w type="NNS">churches</w> <w type="IN">of</w> <w type="AT">the</w> <w type="NN">state</w> <w type="WPS">that</w> <w type="BEZ">is</w> <w type="AT">the</w> <w type="JJ">implacable</w> <w type="NN">enemy</w> <w type="IN">of</w> <w type="AT">the</w> <w type="NN">life</w> <w type="PPSS">they</w> <w type="VB">believe</w> <w type="IN">in</w> <c type="pct">.</c> </s>
<s n="52"><w type="RB">Apart</w> <w type="IN">from</w> <w type="AT">the</w> <w type="JJ">categorical</w> <w type="NN">imperative</w> <w type="PPSS">they</w> <w type="VB">derive</w> <w type="IN">from</w> <w type="AT">the</w> <w type="NN">metaphysics</w> <w type="IN">of</w> <w type="AT">the</w> <w type="NN">orgasm</w> <c type="pct">,</c> <w type="AT">the</w> <w type="AP">only</w> <w type="NN">affirmation</w> <w type="PPSS">they</w> <w type="BER">are</w> <w type="JJ">capable</w> <w type="IN">of</w> <w type="VBG">making</w> <w type="BEZ">is</w> <w type="CS">that</w> <w type="NN">art</w> <w type="BEZ">is</w> <w type="PPg">their</w> <w type="AP">only</w> <w type="NN">refuge</w> <c type="pct">.</c> </s>
<s n="53"><w type="PPg">Their</w> <w type="NN">writing</w> <c type="pct">,</c> <w type="VBN">born</w> <w type="IN">of</w> <w type="PPg">their</w> <w type="NNS">experiments</w> <w type="IN">in</w> <w type="NN">marijuana</w> <w type="CC">and</w> <w type="JJ">untrammeled</w> <w type="NN">sexuality</w> <c type="pct">,</c> <w type="VBZ">reflects</w> <w type="AT">the</w> <w type="NN">extremity</w> <w type="IN">of</w> <w type="PPg">their</w> <w type="JJ">existential</w> <w type="NN">alienation</w> <c type="pct">.</c> </s>
<s n="54"><w type="AT">The</w> <w type="NN">mind</w> <w type="HVZ">has</w> <w type="VBN">betrayed</w> <w type="PPO">them</w> <c type="pct">,</c> <w type="NN">reason</w> <w type="BEZ">is</w> <w type="AT">the</w> <w type="NN">foe</w> <w type="IN">of</w> <w type="NN">life</w> <c type="pct">;</c> <c type="pct">;</c> </s>
<s n="55"><w type="PPSS">they</w> <w type="MD">will</w> <w type="VB">trust</w> <w type="RB">only</w> <w type="PPg">their</w> <w type="JJ">physical</w> <w type="NNS">sensations</w> <c type="pct">,</c> <w type="AT">the</w> <w type="NN">wisdom</w> <w type="IN">of</w> <w type="AT">the</w> <w type="NN">body</w> <c type="pct">,</c> <w type="AT">the</w> <w type="JJ">holy</w> <w type="NNS">promptings</w> <w type="IN">of</w> <w type="AT">the</w> <w type="NN">unconscious</w> <c type="pct">.</c> </s>
<s n="56"><w type="IN">With</w> <w type="JJ">lyrical</w> <w type="NN">intensity</w> <w type="PPSS">they</w> <w type="VB">reveal</w> <w type="WDT">what</w> <w type="PPSS">they</w> <w type="VB">hate</w> <c type="pct">,</c> <w type="CC">but</w> <w type="PPg">their</w> <w type="NN">faith</w> <w type="IN">in</w> <w type="NN">love</w> <c type="pct">,</c> <w type="VBN">inspired</w> <w type="IN">by</w> <w type="AT">the</w> <w type="JJ">revolutionary</w> <w type="NNS">rhythms</w> <w type="IN">of</w> <w type="NN">jazz</w> <c type="pct">,</c> <w type="VBZ">culminates</w> <w type="IN">in</w> <w type="AT">the</w> <w type="NN">climax</w> <w type="IN">of</w> <w type="AT">the</w> <w type="NN">orgasm</w> <c type="pct">.</c> </s>
<s n="57"><w type="PPg">Their</w> <w type="NN">work</w> <w type="VBZ">mirrors</w> <w type="AT">the</w> <w type="NN">mentality</w> <w type="IN">of</w> <w type="AT">the</w> <w type="NN">psychopath</w> <c type="pct">,</c> <w type="JJ">rootless</w> <w type="CC">and</w> <w type="JJ">irresponsible</w> <c type="pct">.</c> </s>
<s n="58"><w type="PPg">Their</w> <w type="NN">rebellion</w> <w type="IN">against</w> <w type="JJ">authoritarian</w> <w type="NN">society</w> <w type="BEZ">is</w> <w type="NEG">not</w> <w type="QL">far</w> <w type="VBN">removed</w> <w type="IN">from</w> <w type="AT">the</w> <w type="NN">violence</w> <w type="IN">of</w> <w type="NN">revolt</w> <w type="JJ">characteristic</w> <w type="IN">of</w> <w type="AT">the</w> <w type="JJ">juvenile</w> <w type="NN">delinquent</w> <c type="pct">.</c> </s>
</p>
<p><s n="59"><w type="CC">And</w> <w type="AT">the</w> <w type="NN">life</w> <w type="PPSS">they</w> <w type="VB">lead</w> <w type="BEZ">is</w> <w type="JJ">undisciplined</w> <w type="CC">and</w> <w type="IN">for</w> <w type="AT">the</w> <w type="AP">most</w> <w type="NN">part</w> <w type="JJ">unproductive</w> <c type="pct">,</c> <w type="RB">even</w> <w type="CS">though</w> <w type="PPSS">they</w> <w type="VB">make</w> <w type="AT">a</w> <w type="NN">fetish</w> <w type="IN">of</w> <w type="VBG">devoting</w> <w type="PPLS">themselves</w> <w type="IN">to</w> <w type="DTI">some</w> <w type="JJ">creative</w> <w type="NN">pursuit</w> <c type="pct">--</c> <w type="VBG">writing</w> <c type="pct">,</c> <w type="VBG">painting</w> <c type="pct">,</c> <w type="NN">music</w> <c type="pct">.</c> </s>
<s n="60"><w type="PPSS">They</w> <w type="BER">are</w> <w type="NNS">non-conformists</w> <w type="IN">on</w> <w type="NN">principle</w> <c type="pct">.</c> </s>
<s n="61"><w type="WRB">When</w> <w type="PPSS">they</w> <w type="VB">express</w> <w type="PPLS">themselves</w> <w type="PPS">it</w> <w type="BEZ">is</w> <w type="JJ">incandescent</w> <w type="NN">hatred</w> <w type="WPS">that</w> <w type="VBZ">shines</w> <w type="RB">forth</w> <c type="pct">,</c> <w type="AT">the</w> <w type="NN">rage</w> <w type="IN">of</w> <w type="NN">repudiation</w> <c type="pct">,</c> <w type="AT">the</w> <w type="NN">ecstasy</w> <w type="IN">of</w> <w type="NN">negation</w> <c type="pct">.</c> </s>
<s n="62"><w type="PPS">It</w> <w type="BEZ">is</w> <w type="NN">sex</w> <w type="WPS">that</w> <w type="VBZ">obsesses</w> <w type="PPO">them</w> <c type="pct">,</c> <w type="NN">sex</w> <w type="WPS">that</w> <w type="BEZ">is</w> <w type="IN">at</w> <w type="AT">the</w> <w type="NN">basis</w> <w type="IN">of</w> <w type="PPg">their</w> <w type="JJ">aesthetic</w> <w type="NN">creed</w> <c type="pct">.</c> </s>
<s n="63"><w type="WDT">What</w> <w type="PPSS">they</w> <w type="VB">discuss</w> <w type="IN">with</w> <w type="JJ">dialectical</w> <w type="NN">seriousness</w> <w type="BEZ">is</w> <w type="AT">the</w> <w type="NN">degree</w> <w type="IN">to</w> <w type="WDT">which</w> <w type="NN">sex</w> <w type="MD">can</w> <w type="VB">inspire</w> <w type="AT">the</w> <w type="NN" subtype="TL">Muse</w> <c type="pct">.</c> </s>
<s n="64"><w type="NN">Monogamy</w> <w type="BEZ">is</w> <w type="AT">the</w> <w type="NN">vice</w> <w type="IN">from</w> <w type="WDT">which</w> <w type="AT">the</w> <w type="QL">abjectly</w> <w type="JJ">fearful</w> <w type="JJ">middle</w> <w type="NN">class</w> <w type="VB">continue</w> <w type="TO">to</w> <w type="VB">suffer</w> <c type="pct">,</c> <w type="CS">whereas</w> <w type="AT">the</w> <w type="NN">beatnik</w> <w type="HVZ">has</w> <w type="AT">the</w> <w type="NN">courage</w> <w type="TO">to</w> <w type="VB">break</w> <w type="RP">out</w> <w type="IN">of</w> <w type="DT">that</w> <w type="NN">prison</w> <w type="IN">of</w> <w type="NN">respectability</w> <c type="pct">.</c> </s>
<s n="65"><w type="CD">One</w> <w type="NN">girl</w> <w type="VBZ">describes</w> <w type="PPg">her</w> <w type="NN">past</w> <c type="pct">,</c> <w type="PPg">her</w> <w type="NN">succession</w> <w type="IN">of</w> <w type="VBN">broken</w> <w type="NNS">marriages</w> <c type="pct">,</c> <w type="AT">the</w> <w type="NNS">abortions</w> <w type="PPS">she</w> <w type="HVZ">has</w> <w type="HVN">had</w> <w type="CC">and</w> <w type="RB">finally</w> <w type="VBZ">confesses</w> <w type="CS">that</w> <w type="PPS">she</w> <w type="VBZ">loves</w> <w type="NN">sex</w> <w type="CC">and</w> <w type="VBZ">sees</w> <w type="AT">no</w> <w type="NN">reason</w> <w type="WRB">why</w> <w type="PPS">she</w> <w type="MD">must</w> <w type="VB">justify</w> <w type="PPg">her</w> <w type="NN">passion</w> <c type="pct">.</c> </s>
<s n="66"><w type="CS">If</w> <w type="PPS">it</w> <w type="BEZ">is</w> <w type="AT">an</w> <w type="JJ">honest</w> <w type="NN">feeling</w> <c type="pct">,</c> <w type="RB">then</w> <w type="WRB">why</w> <w type="MD">should</w> <w type="PPS">she</w> <w type="NEG">not</w> <w type="VB">yield</w> <w type="IN">to</w> <w type="PPO">it</w> <c type="pct">?</c> <c type="pct">?</c> </s>
<s n="67"><c type="pct">``</c> <w type="QL">Most</w> <w type="RB">often</w> <c type="pct">''</c> <c type="pct">,</c> <w type="PPS">she</w> <w type="VBZ">says</w> <c type="pct">,</c> <c type="pct">``</c> <mw pos="PPS BEZ">it's </mw><w type="AT">the</w> <w type="JJ">monogamous</w> <w type="NN">relationship</w> <w type="WPS">that</w> <w type="BEZ">is</w> <w type="JJ">dishonest</w> <c type="pct">''</c> <c type="pct">.</c> </s>
<s n="68"><w type="EX">There</w> <w type="BEZ">is</w> <w type="PN">nothing</w> <w type="JJ">holy</w> <w type="IN">in</w> <w type="NN">wedlock</w> <c type="pct">.</c> </s>
<s n="69"><w type="DT">This</w> <w type="NN">girl</w> <w type="RB">soon</w> <w type="VBZ">drops</w> <w type="AT">the</w> <w type="NN">bourgeois</w> <w type="NN">pyschiatrist</w> <w type="WPS">who</w> <w type="VBZ">disapproves</w> <w type="IN">of</w> <w type="PPg">her</w> <w type="NN">life</w> <c type="pct">.</c> </s>
<s n="70"><w type="PPS">She</w> <w type="VBZ">finds</w> <w type="VBN">married</w> <w type="NN">life</w> <w type="VBG">stifling</w> <w type="CC">and</w> <w type="AT">every</w> <w type="VBN">prolonged</w> <w type="NN">sex</w> <w type="NN">relationship</w> <w type="QL">unbearably</w> <w type="JJ">monotonous</w> <c type="pct">.</c> </s>
</p>
<p><s n="71"><w type="DT">This</w> <w type="NN">confession</w> <w type="VBZ">serves</w> <w type="TO">to</w> <w type="VB">make</w> <w type="JJ">clear</w> <w type="IN">in</w> <w type="NN">part</w> <w type="WDT">what</w> <w type="BEZ">is</w> <w type="IN">behind</w> <w type="DT">this</w> <w type="JJ">sexual</w> <w type="NN">revolution</w> <c type="pct">:</c> <w type="AT">the</w> <w type="NN">craving</w> <w type="IN">for</w> <w type="NN">sensation</w> <w type="IN">for</w> <w type="PPg">its</w> <w type="JJ">own</w> <w type="NN">sake</w> <c type="pct">,</c> <w type="AT">the</w> <w type="NN">need</w> <w type="IN">for</w> <w type="NN">change</w> <c type="pct">,</c> <w type="IN">for</w> <w type="JJ">new</w> <w type="NNS">experiences</w> <c type="pct">.</c> </s>
<s n="72"><w type="NN">Boredom</w> <w type="BEZ">is</w> <w type="NN">death</w> <c type="pct">.</c> </s>
<s n="73"><w type="IN">In</w> <w type="AT">the</w> <w type="NN">realm</w> <w type="IN">of</w> <w type="JJ">physical</w> <w type="NNS">sensations</w> <c type="pct">,</c> <w type="NN">sex</w> <w type="VBZ">reigns</w> <w type="JJ">supreme</w> <c type="pct">.</c> </s>
<s n="74"><w type="RB">Hence</w> <w type="AT">the</w> <w type="NNS">beatniks</w> <w type="VB">sustain</w> <w type="PPLS">themselves</w> <w type="IN">on</w> <w type="NN">marijuana</w> <c type="pct">,</c> <w type="NN">jazz</w> <c type="pct">,</c> <w type="JJ">free</w> <w type="VBG">swinging</w> <w type="NN">poetry</w> <c type="pct">,</c> <w type="VBG">exhausting</w> <w type="PPLS">themselves</w> <w type="IN">in</w> <w type="NNS">orgies</w> <w type="IN">of</w> <w type="NN">sex</w> <c type="pct">;</c> <c type="pct">;</c> </s>
<s n="75"><w type="DTI">some</w> <w type="IN">of</w> <w type="PPO">them</w> <w type="BER">are</w> <w type="VBN">driven</w> <w type="IN">over</w> <w type="AT">the</w> <w type="NN">borderline</w> <w type="IN">of</w> <w type="NN">sanity</w> <w type="CC">and</w> <w type="VB">lose</w> <w type="NN">contact</w> <w type="IN">with</w> <w type="NN">reality</w> <c type="pct">.</c> </s>
<s n="76"><w type="CD">One</w> <w type="NN">beat</w> <w type="NN">poet</w> <w type="VBZ">composes</w> <w type="AT">a</w> <w type="NN">poem</w> <c type="pct">,</c> <c type="pct">``</c> <w type="NNS" subtype="TL">Lines</w> <w type="IN" subtype="TL">On</w> <w type="AT" subtype="TL">A</w> <w type="NP" subtype="TL">Tijuana</w> <w type="NN" subtype="TL">John</w> <c type="pct">''</c> <c type="pct">,</c> <w type="WDT">which</w> <w type="VBZ">contains</w> <w type="AT">a</w> <w type="AP">few</w> <w type="JJ">happy</w> <w type="NNS">hints</w> <w type="IN">for</w> <w type="NN">survival</w> <c type="pct">.</c> </s>
<s n="77"><w type="AT">The</w> <w type="JJ">new</w> <w type="NN">fact</w> <w type="AT">the</w> <w type="NNS">initiates</w> <w type="IN">of</w> <w type="DT">this</w> <w type="NN">cult</w> <w type="HV">have</w> <w type="TO">to</w> <w type="VB">learn</w> <w type="BEZ">is</w> <w type="CS">that</w> <w type="PPSS">they</w> <w type="MD">must</w> <w type="VB">move</w> <w type="IN">toward</w> <w type="NN">simplicity</w> <c type="pct">.</c> </s>
<s n="78"><w type="AT">The</w> <w type="VBN">professed</w> <w type="NN">mission</w> <w type="IN">of</w> <w type="DT">this</w> <w type="JJ">disaffiliated</w> <w type="NN">generation</w> <w type="BEZ">is</w> <w type="TO">to</w> <w type="VB">find</w> <w type="AT">a</w> <w type="JJ">new</w> <w type="NN">way</w> <w type="IN">of</w> <w type="NN">life</w> <w type="WDT">which</w> <w type="PPSS">they</w> <w type="MD">can</w> <w type="VB">express</w> <w type="IN">in</w> <w type="NN">poetry</w> <w type="CC">and</w> <w type="NN">fiction</w> <c type="pct">,</c> <w type="CC">but</w> <w type="WDT">what</w> <w type="PPSS">they</w> <w type="VB">produce</w> <w type="BEZ">is</w> <w type="RB">unfortunately</w> <w type="VBN">disordered</w> <c type="pct">,</c> <w type="VBN">nourished</w> <w type="RB">solely</w> <w type="IN">on</w> <w type="AT">the</w> <w type="NN">hysteria</w> <w type="IN">of</w> <w type="NN">negation</w> <c type="pct">.</c> </s>
</p>
<p><s n="79"><w type="WPS">Who</w> <w type="BER">are</w> <w type="AT">the</w> <w type="JJ">creative</w> <w type="NNS">representatives</w> <w type="IN">of</w> <w type="DT">this</w> <w type="NN">movement</w> <c type="pct">?</c> <c type="pct">?</c> </s>
<s n="80"><w type="NNS">Nymphomaniacs</w> <c type="pct">,</c> <w type="NNS">junkies</w> <c type="pct">,</c> <w type="NNS">homosexuals</w> <c type="pct">,</c> <w type="NN">drug</w> <w type="NNS">addicts</w> <c type="pct">,</c> <w type="NNS">lesbians</w> <c type="pct">,</c> <w type="NNS">alcoholics</w> <c type="pct">,</c> <w type="AT">the</w> <w type="JJ">weak</w> <c type="pct">,</c> <w type="AT">the</w> <w type="VBN">frustrated</w> <c type="pct">,</c> <w type="AT">the</w> <w type="JJ">irresolute</w> <c type="pct">,</c> <w type="AT">the</w> <w type="NN">despairing</w> <c type="pct">,</c> <w type="AT">the</w> <w type="NNS">derelicts</w> <w type="CC">and</w> <w type="NNS">outcasts</w> <w type="IN">of</w> <w type="NN">society</w> <c type="pct">.</c> </s>
<s n="81"><w type="PPSS">They</w> <w type="VB">embrace</w> <w type="JJ">independent</w> <w type="NN">poverty</w> <c type="pct">,</c> <w type="RB">usually</w> <w type="IN">with</w> <w type="AT">a</w> <c type="pct">``</c> <w type="JJ">shack-up</w> <c type="pct">''</c> <w type="NN">partner</w> <w type="WPS">who</w> <w type="MD">will</w> <w type="VB">help</w> <w type="VB">support</w> <w type="PPO">them</w> <c type="pct">.</c> </s>
<s n="82"><w type="PPSS">They</w> <w type="BER">are</w> <w type="JJ">full</w> <w type="IN">of</w> <w type="NN">contempt</w> <w type="IN">for</w> <w type="AT">the</w> <w type="NN">institution</w> <w type="IN">of</w> <w type="NN">matrimony</w> <c type="pct">.</c> </s>
<s n="83"><w type="PPg">Their</w> <w type="JJ">previous</w> <w type="VBN">legalized</w> <w type="NNS">marriages</w> <w type="DO">do</w> <w type="NEG">not</w> <w type="VB">count</w> <c type="pct">,</c> <w type="CS">for</w> <w type="PPSS">they</w> <w type="VB">hold</w> <w type="AT">the</w> <w type="NNS">laws</w> <w type="IN">of</w> <w type="AT">the</w> <w type="NN">state</w> <w type="JJ">null</w> <w type="CC">and</w> <w type="JJ">void</w> <c type="pct">.</c> </s>
<s n="84"><w type="PPSS">They</w> <w type="VB">feel</w> <w type="PPSS">they</w> <w type="BER">are</w> <w type="VBN">leagued</w> <w type="IN">against</w> <w type="AT">a</w> <w type="JJ">hostile</w> <c type="pct">,</c> <w type="JJ">persecutory</w> <w type="NN">world</w> <c type="pct">,</c> <w type="VBN">faced</w> <w type="IN">with</w> <w type="AT">the</w> <w type="JJ">concerted</w> <w type="JJ">malevolent</w> <w type="NN">opposition</w> <w type="IN">of</w> <w type="NNS">squares</w> <w type="CC">and</w> <w type="PPg">their</w> <w type="NNS">hirelings</w> <c type="pct">,</c> <w type="AT">the</w> <w type="NN">police</w> <c type="pct">.</c> </s>
<s n="85"><w type="DT">This</w> <w type="BEZ">is</w> <w type="AT">the</w> <w type="NN">rhetoric</w> <w type="IN">of</w> <w type="NN">righteousness</w> <w type="AT">the</w> <w type="NNS">beatniks</w> <w type="VB">use</w> <w type="IN">in</w> <w type="VBG">defending</w> <w type="PPg">their</w> <w type="NN">way</w> <w type="IN">of</w> <w type="NN">life</w> <c type="pct">,</c> <w type="PPg">their</w> <w type="NN">search</w> <w type="IN">for</w> <w type="NN">wholeness</w> <c type="pct">,</c> <w type="CS">though</w> <w type="PPg">their</w> <w type="JJ">actual</w> <w type="NN">existence</w> <w type="VBZ">fails</w> <w type="TO">to</w> <w type="VB">reach</w> <w type="DTS">these</w> <c type="pct">``</c> <w type="JJ">religious</w> <c type="pct">''</c> <w type="NNS">heights</w> <c type="pct">.</c> </s>
<s n="86"><w type="CD">One</w> <w type="NN">beatnik</w> <w type="VBD">got</w> <w type="AT">the</w> <w type="NN">woman</w> <w type="PPS">he</w> <w type="BEDZ">was</w> <w type="VBG">living</w> <w type="IN">with</w> <w type="QL">so</w> <w type="VBN">involved</w> <w type="IN">in</w> <w type="NNS">drugs</w> <w type="CC">and</w> <w type="NN">self-analysis</w> <w type="CC">and</w> <w type="JJ">all-night</w> <w type="NNS">sessions</w> <w type="IN">of</w> <w type="NN">sex</w> <w type="CS">that</w> <w type="PPS">she</w> <w type="BEDZ">was</w> <w type="VBG">beginning</w> <w type="TO">to</w> <w type="VB">crack</w> <w type="RP">up</w> <c type="pct">.</c> </s>
<s n="87"><w type="WDT">What</w> <w type="NNS">obsessions</w> <w type="HVD">had</w> <w type="PPS">she</w> <w type="VBN">picked</w> <w type="RP">up</w> <w type="IN">during</w> <w type="DTS">these</w> <w type="JJ">long</w> <w type="NNS">nights</w> <w type="IN">of</w> <w type="NN">talk</w> <c type="pct">?</c> <c type="pct">?</c> </s>
<s n="88"><w type="NN">Sex</w> <w type="CS">as</w> <w type="AT">the</w> <w type="JJ">creative</w> <w type="NN">principle</w> <w type="IN">of</w> <w type="AT">the</w> <w type="NN">universe</w> <c type="pct">,</c> <w type="AT">the</w> <w type="NN">secret</w> <w type="IN">of</w> <w type="JJ">primitive</w> <w type="NN">religion</w> <c type="pct">,</c> <w type="AT">the</w> <w type="NN">life</w> <w type="IN">of</w> <w type="NN">myth</w> <c type="pct">.</c> </s>
<s n="89"><w type="PN">Everything</w> <w type="IN">in</w> <w type="AT">the</w> <w type="JJ">final</w> <w type="NN">analysis</w> <w type="VBD">reduced</w> <w type="PPL">itself</w> <w type="IN">to</w> <w type="JJ">sexual</w> <w type="NN">symbolism</w> <c type="pct">.</c> </s>
<s n="90"><w type="IN">In</w> <w type="PPg">his</w> <w type="NN">chapter</w> <w type="IN">on</w> <c type="pct">``</c> <w type="AT" subtype="TL">The</w> <w type="NNS" subtype="TL">Loveways</w> <w type="IN" subtype="TL">Of</w> <w type="AT" subtype="TL">The</w> <w type="JJ" subtype="TL">Beat</w> <w type="NN" subtype="TL">Generation</w> <c type="pct">''</c> <c type="pct">,</c> <w type="NP">Lipton</w> <w type="VBZ">spares</w> <w type="AT">the</w> <w type="NN">reader</w> <w type="PN">none</w> <w type="IN">of</w> <w type="AT">the</w> <w type="JJ">sordid</w> <w type="NNS">details</w> <c type="pct">.</c> </s>
<s n="91"><w type="AT">No</w> <w type="PN">one</w> <w type="VBZ">asks</w> <w type="NNS">questions</w> <w type="IN">about</w> <w type="AT">the</w> <w type="JJ">free</w> <w type="NN">union</w> <w type="IN">of</w> <w type="AT">the</w> <w type="NNS">sexes</w> <w type="IN">in</w> <w type="JJ" subtype="TL">West</w> <w type="NP" subtype="TL">Venice</w> <w type="QL">so</w> <w type="RB">long</w> <w type="CS">as</w> <w type="AT">the</w> <w type="NNS">partners</w> <w type="VB">share</w> <w type="AT">the</w> <w type="JJ">negative</w> <w type="NNS">attitudes</w> <w type="IN">of</w> <w type="AT">the</w> <w type="NN">group</w> <c type="pct">.</c> </s>
</p>
<p><s n="92"><w type="AT">The</w> <w type="NNS">women</w> <w type="WPS">who</w> <w type="VB">come</w> <w type="IN">to</w> <w type="JJ" subtype="TL">West</w> <w type="NP" subtype="TL">Venice</w> <c type="pct">,</c> <w type="HVG">having</w> <w type="VBN">forsaken</w> <w type="NN">radicalism</w> <c type="pct">,</c> <w type="BER">are</w> <w type="VBN">interested</w> <w type="IN">in</w> <w type="VBG">living</w> <w type="RB">only</w> <w type="IN">for</w> <w type="AT">the</w> <w type="NN">moment</w> <c type="pct">,</c> <w type="IN">in</w> <w type="BEG">being</w> <w type="RB">constantly</w> <w type="IN">on</w> <w type="AT">the</w> <w type="NN">move</w> <c type="pct">.</c> </s>
<s n="93"><w type="NNS">Others</w> <w type="WPS">who</w> <w type="BER">are</w> <w type="VBN">attracted</w> <w type="IN">to</w> <w type="DT">this</w> <w type="NP">Mecca</w> <w type="IN">of</w> <w type="AT">the</w> <w type="NN">beat</w> <w type="NN">generation</w> <w type="BER">are</w> <w type="NNS">homosexuals</w> <c type="pct">,</c> <w type="NN">heroin</w> <w type="NNS">addicts</w> <c type="pct">,</c> <w type="CC">and</w> <w type="NN">smalltime</w> <w type="NNS">hoodlums</w> <c type="pct">.</c> </s>
<s n="94"><w type="DTS">Those</w> <w type="WPS">who</w> <w type="BER">are</w> <w type="JJ">sexual</w> <w type="NNS">deviants</w> <w type="BER">are</w> <w type="RB">naturally</w> <w type="VBN">drawn</w> <w type="TO">to</w> <w type="VB">join</w> <w type="AT">the</w> <w type="NNS">beatniks</w> <c type="pct">.</c> </s>
<s n="95"><w type="CS">Since</w> <w type="AT">the</w> <w type="NNS">homosexuals</w> <w type="RB">widely</w> <w type="VB">use</w> <w type="NN">marijuana</w> <c type="pct">,</c> <w type="PPSS">they</w> <w type="DO">do</w> <w type="NEG">not</w> <w type="HV">have</w> <w type="TO">to</w> <w type="BE">be</w> <w type="VBN">initiated</w> <c type="pct">.</c> </s>
<s n="96"><w type="NN">Part</w> <w type="IN">of</w> <w type="AT">the</w> <w type="NN">ritual</w> <w type="IN">of</w> <w type="NN">sex</w> <w type="BEZ">is</w> <w type="AT">the</w> <w type="NN">use</w> <w type="IN">of</w> <w type="NN">marijuana</w> <c type="pct">.</c> </s>
<s n="97"><w type="CS">As</w> <w type="NP">Lipton</w> <w type="VBZ">puts</w> <w type="PPO">it</w> <c type="pct">:</c> <c type="pct">``</c> <w type="AT" subtype="TL">The</w> <w type="NP" subtype="TL">Eros</w> <w type="BEZ">is</w> <w type="VBN">felt</w> <w type="IN">in</w> <w type="AT">the</w> <w type="JJ">magic</w> <w type="NN">circle</w> <w type="IN">of</w> <w type="NN">marijuana</w> <w type="IN">with</w> <w type="QL">far</w> <w type="JJR">greater</w> <w type="NN">force</w> <c type="pct">,</c> <w type="CS">as</w> <w type="AT">a</w> <w type="VBG">unifying</w> <w type="NN">principle</w> <w type="IN">in</w> <w type="JJ">human</w> <w type="NNS">relationships</w> <c type="pct">,</c> <w type="CS">than</w> <w type="IN">at</w> <w type="DTI">any</w> <w type="AP">other</w> <w type="NN">time</w> <w type="IN">except</w> <c type="pct">,</c> <w type="RB">perhaps</w> <c type="pct">,</c> <w type="IN">in</w> <w type="AT">the</w> <w type="JJ">mutual</w> <w type="JJ">metaphysical</w> <w type="NNS">orgasms</w> <c type="pct">.</c> </s>
<s n="98"><w type="AT">The</w> <w type="JJ">magic</w> <w type="NN">circle</w> <w type="BEZ">is</w> <c type="pct">,</c> <w type="IN">in</w> <w type="NN">fact</w> <c type="pct">,</c> <w type="AT">a</w> <w type="NN">symbol</w> <w type="IN">of</w> <w type="CC">and</w> <w type="NN">preparation</w> <w type="IN">for</w> <w type="AT">the</w> <w type="JJ">metaphysical</w> <w type="NN">orgasm</w> <c type="pct">''</c> <c type="pct">.</c> </s>
<s n="99"><w type="IN">Under</w> <w type="AT">the</w> <w type="NN">influence</w> <w type="IN">of</w> <w type="NN">marijuana</w> <w type="AT">the</w> <w type="NN">beatnik</w> <w type="VBZ">comes</w> <w type="JJ">alive</w> <w type="IN">within</w> <w type="CC">and</w> <w type="VBZ">experiences</w> <w type="AT">a</w> <w type="QL">wonderfully</w> <w type="VBN">enhanced</w> <w type="NN">sense</w> <w type="IN">of</w> <w type="NN">self</w> <w type="CS">as</w> <w type="CS">if</w> <w type="PPS">he</w> <w type="HVD">had</w> <w type="VBN">discovered</w> <w type="AT">the</w> <w type="JJ">open</w> <w type="NN">sesame</w> <w type="IN">to</w> <w type="AT">the</w> <w type="NN">universe</w> <w type="IN">of</w> <w type="BEG">being</w> <c type="pct">.</c> </s>
<s n="100"><w type="VBN">Carried</w> <w type="RB">high</w> <w type="IN">on</w> <w type="DT">this</w> <c type="pct">``</c> <w type="NN">charge</w> <c type="pct">''</c> <c type="pct">,</c> <w type="PPS">he</w> <w type="VBZ">composes</w> <c type="pct">``</c> <w type="JJ">magical</w> <c type="pct">''</c> <w type="NN">poetry</w> <w type="WPS">that</w> <w type="VBZ">captures</w> <w type="AT">the</w> <w type="JJ">organic</w> <w type="NNS">rhythms</w> <w type="IN">of</w> <w type="NN">life</w> <w type="IN">in</w> <w type="NNS">words</w> <c type="pct">.</c> </s>
<s n="101"><w type="CS">If</w> <w type="PPS">he</w> <w type="RB">thus</w> <w type="VBZ">achieves</w> <w type="AT">a</w> <w type="JJ">lyrical</w> <c type="pct">,</c> <w type="JJ">dreamlike</w> <c type="pct">,</c> <w type="VBN">drugged</w> <w type="NN">intensity</w> <c type="pct">,</c> <w type="PPS">he</w> <w type="VBZ">pays</w> <w type="AT">the</w> <w type="NN">price</w> <w type="IN">for</w> <w type="PPg">his</w> <w type="NN">indulgence</w> <w type="IN">by</w> <w type="VBG">producing</w> <w type="NN">work</w> <c type="pct">--</c> <w type="NP">Allen</w> <w type="NPg">Ginsberg's</w> <c type="pct">``</c> <w type="NN" subtype="TL">Howl</w> <c type="pct">''</c> <w type="BEZ">is</w> <w type="AT">a</w> <w type="JJ">striking</w> <w type="NN">example</w> <w type="IN">of</w> <w type="DT">this</w> <w type="NN">tendency</w> <c type="pct">--</c> <w type="WPS">that</w> <w type="BEZ">is</w> <w type="VBN">disoriented</w> <c type="pct">,</c> <w type="JJ">Dionysian</w> <w type="CC">but</w> <w type="IN">without</w> <w type="NN">depth</w> <w type="CC">and</w> <w type="IN">without</w> <w type="JJ">Apollonian</w> <w type="NN">control</w> <c type="pct">.</c> </s>
<s n="102"><w type="CS">For</w> <w type="NNS">drugs</w> <w type="BER">are</w> <w type="IN">in</w> <w type="PPLS">themselves</w> <w type="AT">no</w> <w type="JJ">royal</w> <w type="NN">road</w> <w type="IN">to</w> <w type="NN">creativity</w> <c type="pct">.</c> </s>
<s n="103"><w type="WRB">How</w> <w type="BEZ">is</w> <w type="AT">the</w> <w type="NN">beat</w> <w type="NN">poet</w> <w type="TO">to</w> <w type="VB">achieve</w> <w type="NN">unity</w> <w type="IN">of</w> <w type="NN">form</w> <w type="WRB">when</w> <w type="PPS">he</w> <w type="BEZ">is</w> <w type="IN">at</w> <w type="AT">the</w> <w type="AP">same</w> <w type="NN">time</w> <w type="VBN">engaged</w> <w type="IN">in</w> <w type="AT">a</w> <w type="JJ">systematic</w> <w type="NN">derangement</w> <w type="IN">of</w> <w type="NNS">senses</w> <c type="pct">.</c> </s>
</p>
<p><s n="104"><w type="CS">If</w> <w type="NN">love</w> <w type="VBZ">reflects</w> <w type="AT">the</w> <w type="NN">nature</w> <w type="IN">of</w> <w type="NN">man</w> <c type="pct">,</c> <w type="CS">as</w> <w type="NP">Ortega</w> <w type="NP">Y</w> <w type="NP">Gasset</w> <w type="VBZ">believes</w> <c type="pct">,</c> <w type="CS">if</w> <w type="AT">the</w> <w type="NN">person</w> <w type="IN">in</w> <w type="NN">love</w> <w type="VBZ">betrays</w> <w type="RB">decisively</w> <w type="WDT">what</w> <w type="PPS">he</w> <w type="BEZ">is</w> <w type="IN">by</w> <w type="PPg">his</w> <w type="NN">behavior</w> <w type="IN">in</w> <w type="NN">love</w> <c type="pct">,</c> <w type="RB">then</w> <w type="AT">the</w> <w type="NNS">writers</w> <w type="IN">of</w> <w type="AT">the</w> <w type="NN">beat</w> <w type="NN">generation</w> <w type="BER">are</w> <w type="VBG">creating</w> <w type="AT">a</w> <w type="JJ">new</w> <w type="JJ">literary</w> <w type="NN">genre</w> <c type="pct">.</c> </s>
</p>
<p></p></body></text></TEI>
