<TEI xmlns="http://www.tei-c.org/ns/1.0"><teiHeader><fileDesc><titleStmt><title>Sample G18 from  Charles Wharton Stork, "Verner von Heidenstam"
 American-Scandinavian Review, 49: 1 (March, 1961), 39-43
 </title></titleStmt><editionStmt><edition>A part  of the XML version of the Brown Corpus</edition></editionStmt><extent>2,001 words 297 (14.8%) quotes</extent><publicationStmt><idno>G18</idno><availability><p>Used by permission. 0010-1730</p></availability></publicationStmt><sourceDesc><bibl> Charles Wharton Stork, "Verner von Heidenstam"
 American-Scandinavian Review, 49: 1 (March, 1961), 39-43
 </bibl></sourceDesc></fileDesc><encodingDesc><p>Note: the short poems...is [0610]</p></encodingDesc><revisionDesc><change when="2008-04-27">Header auto-generated for TEI version</change></revisionDesc></teiHeader>
<text xml:id="G18" decls="G">
<body><p><s n="1"><w type="IN">Among</w> <w type="AT">the</w> <w type="NNS">recipients</w> <w type="IN">of</w> <w type="AT">the</w> <w type="NP" subtype="TL">Nobel</w> <w type="NN" subtype="TL">Prize</w> <w type="IN" subtype="TL">for</w> <w type="NN" subtype="TL">Literature</w> <w type="AP">more</w> <w type="IN">than</w> <w type="ABN">half</w> <w type="BER">are</w> <w type="QL">practically</w> <w type="JJ">unknown</w> <w type="IN">to</w> <w type="NNS">readers</w> <w type="IN">of</w> <w type="NP">English</w> <c type="pct">.</c> </s>
<s n="2"><w type="IN">Of</w> <w type="DTS">these</w> <w type="EX">there</w> <w type="BER">are</w> <w type="RB">surely</w> <w type="AP">few</w> <w type="WPS">that</w> <w type="MD">would</w> <w type="BE">be</w> <w type="QL">more</w> <w type="JJ">rewarding</w> <w type="NNS">discoveries</w> <w type="CS">than</w> <w type="NP">Verner</w> <w type="NP">Von</w> <w type="NP">Heidenstam</w> <c type="pct">,</c> <w type="AT">the</w> <w type="JJ">Swedish</w> <w type="NN">poet</w> <w type="CC">and</w> <w type="NN">novelist</w> <w type="WPS">who</w> <w type="VBD">received</w> <w type="AT">the</w> <w type="NN">award</w> <w type="IN">in</w> <w type="CD">1916</w> <w type="CC">and</w> <w type="WPg">whose</w> <w type="NN">centennial</w> <w type="BEDZ">was</w> <w type="VBN">celebrated</w> <w type="CD">two</w> <w type="NNS">years</w> <w type="RB">ago</w> <c type="pct">.</c> </s>
<s n="3"><w type="RB">Equally</w> <w type="AT">a</w> <w type="NN">master</w> <w type="IN">of</w> <w type="NN">prose</w> <w type="CC">and</w> <w type="NN">verse</w> <c type="pct">,</c> <w type="PPS">he</w> <w type="VBZ">recreates</w> <w type="AT">the</w> <w type="NN">glory</w> <w type="IN">of</w> <w type="NP">Sweden</w> <w type="IN">in</w> <w type="AT">the</w> <w type="NN">past</w> <w type="CC">and</w> <w type="VBZ">continues</w> <w type="PPO">it</w> <w type="IN">into</w> <w type="AT">the</w> <w type="NN">present</w> <c type="pct">.</c> </s>
<s n="4"><w type="IN">In</w> <w type="AT">the</w> <w type="VBG">following</w> <w type="NN">sketch</w> <w type="PPSS">we</w> <w type="MD">shall</w> <w type="VB">present</w> <w type="AT">a</w> <w type="JJ">brief</w> <w type="NN">outline</w> <w type="IN">of</w> <w type="PPg">his</w> <w type="NN">life</w> <w type="CC">and</w> <w type="VB">let</w> <w type="PPO">him</w> <w type="QL">as</w> <w type="RB">much</w> <w type="CS">as</w> <w type="JJ">possible</w> <w type="VB">speak</w> <w type="IN">for</w> <w type="PPL">himself</w> <c type="pct">.</c> </s>
</p>
<p><s n="5"><w type="NP">Heidenstam</w> <w type="BEDZ">was</w> <w type="VBN">born</w> <w type="IN">in</w> <w type="CD">1859</w> <c type="pct">,</c> <w type="IN">of</w> <w type="AT">a</w> <w type="JJ">prosperous</w> <w type="NN">family</w> <c type="pct">.</c> </s>
<s n="6"><w type="IN">On</w> <w type="PPg">his</w> <w type="NNg">father's</w> <w type="NN">side</w> <w type="PPS">he</w> <w type="BEDZ">was</w> <w type="IN">of</w> <w type="JJ">German</w> <w type="NN">descent</w> <c type="pct">,</c> <w type="IN">on</w> <w type="PPg">his</w> <w type="NNg">mother's</w> <w type="PPS">he</w> <w type="VBD">came</w> <w type="IN">of</w> <w type="AT">the</w> <w type="JJ">old</w> <w type="JJ">Swedish</w> <w type="NN">nobility</w> <c type="pct">.</c> </s>
<s n="7"><w type="AT">The</w> <w type="NN">family</w> <w type="NN">estate</w> <w type="BEDZ">was</w> <w type="VBN">situated</w> <w type="IN">near</w> <w type="NP">Vadstena</w> <w type="IN">on</w> <w type="NN" subtype="TL">Lake</w> <w type="NP" subtype="TL">Vattern</w> <w type="IN">in</w> <w type="JJ">south</w> <w type="JJ">central</w> <w type="NP">Sweden</w> <c type="pct">.</c> </s>
<s n="8"><w type="PPS">It</w> <w type="BEZ">is</w> <w type="AT">a</w> <w type="JJ">lonely</w> <c type="pct">,</c> <w type="QL">rather</w> <w type="JJ">desolate</w> <w type="NN">region</w> <c type="pct">,</c> <w type="CC">but</w> <w type="JJ">full</w> <w type="IN">of</w> <w type="JJ">legendary</w> <w type="CC">and</w> <w type="JJ">historic</w> <w type="NNS">associations</w> <c type="pct">.</c> </s>
<s n="9"><w type="CS">As</w> <w type="AT">a</w> <w type="NN">boy</w> <w type="IN">in</w> <w type="AT">a</w> <w type="JJ">local</w> <w type="NN">school</w> <w type="PPS">he</w> <w type="BEDZ">was</w> <w type="JJ">shy</w> <w type="CC">and</w> <w type="JJ">solitary</w> <c type="pct">,</c> <w type="VBN">absorbed</w> <w type="IN">in</w> <w type="PPg">his</w> <w type="NN">fondness</w> <w type="IN">for</w> <w type="NN">nature</w> <w type="CC">and</w> <w type="PPg">his</w> <w type="NNS">visions</w> <w type="IN">of</w> <w type="NPg">Sweden's</w> <w type="JJ">ancient</w> <w type="NN">glory</w> <c type="pct">.</c> </s>
<s n="10"><w type="PPS">He</w> <w type="VBD">liked</w> <w type="TO">to</w> <w type="VB">fancy</w> <w type="PPL">himself</w> <w type="CS">as</w> <w type="AT">a</w> <w type="NN">chieftain</w> <w type="CC">and</w> <w type="TO">to</w> <w type="VB">dress</w> <w type="IN">for</w> <w type="AT">the</w> <w type="NN">part</w> <c type="pct">.</c> </s>
<s n="11"><w type="BEG">Being</w> <w type="QL">somewhat</w> <w type="JJ">delicate</w> <w type="IN">in</w> <w type="NN">health</w> <c type="pct">,</c> <w type="IN">at</w> <w type="AT">the</w> <w type="NN">age</w> <w type="IN">of</w> <w type="CD">sixteen</w> <w type="PPS">he</w> <w type="BEDZ">was</w> <w type="VBN">sent</w> <w type="IN">to</w> <w type="JJ" subtype="TL">Southern</w> <w type="NP" subtype="TL">Europe</w> <c type="pct">,</c> <w type="IN">for</w> <w type="WDT">which</w> <w type="PPS">he</w> <w type="IN">at</w> <w type="RB">once</w> <w type="VBD">developed</w> <w type="AT">a</w> <w type="NN">passion</w> <c type="pct">,</c> <w type="CS">so</w> <w type="CS">that</w> <w type="PPS">he</w> <w type="VBD">spent</w> <w type="QL">nearly</w> <w type="ABN">all</w> <w type="IN">of</w> <w type="AT">the</w> <w type="VBG">following</w> <w type="CD">ten</w> <w type="NNS">years</w> <w type="RB">abroad</w> <c type="pct">,</c> <w type="IN">at</w> <w type="RB">first</w> <w type="IN">in</w> <w type="NP">Italy</w> <c type="pct">,</c> <w type="RB">then</w> <w type="IN">in</w> <w type="NP">Greece</w> <c type="pct">,</c> <w type="NP">Egypt</w> <c type="pct">,</c> <w type="NP" subtype="TL">Asia</w> <w type="JJ" subtype="TL">Minor</w> <c type="pct">,</c> <w type="CC">and</w> <w type="NP">Palestine</w> <c type="pct">.</c> </s>
<s n="12"><w type="IN">In</w> <w type="CD">one</w> <w type="IN">of</w> <w type="PPg">his</w> <w type="NNS">summers</w> <w type="IN">at</w> <w type="NN">home</w> <w type="PPS">he</w> <w type="VBD">married</w> <c type="pct">,</c> <w type="IN">to</w> <w type="AT">the</w> <w type="JJ">great</w> <w type="NN">disapproval</w> <w type="IN">of</w> <w type="PPg">his</w> <w type="NN">father</w> <c type="pct">,</c> <w type="WPS">who</w> <w type="VBD">objected</w> <w type="CS">because</w> <w type="IN">of</w> <w type="PPg">his</w> <w type="JJ">extreme</w> <w type="NN">youth</w> <c type="pct">.</c> </s>
</p>
<p><s n="13"><w type="VBG">Deciding</w> <w type="TO">to</w> <w type="VB">become</w> <w type="AT">a</w> <w type="NN">painter</w> <c type="pct">,</c> <w type="PPS">he</w> <w type="VBD">entered</w> <w type="AT">the</w> <w type="NN">studio</w> <w type="IN">of</w> <w type="NP">Gerome</w> <w type="IN">in</w> <w type="NP">Paris</w> <c type="pct">,</c> <w type="WRB">where</w> <w type="PPS">he</w> <w type="VBD">enjoyed</w> <w type="AT">the</w> <w type="NN">life</w> <w type="IN">of</w> <w type="AT">the</w> <w type="NNS">artists</w> <c type="pct">,</c> <w type="CC">but</w> <w type="RB">soon</w> <w type="VBD">found</w> <w type="CS">that</w> <w type="WDT">whatever</w> <w type="NN">talent</w> <w type="PPS">he</w> <w type="MD">might</w> <w type="HV">have</w> <w type="DOD">did</w> <w type="NEG">not</w> <w type="VB">lie</w> <w type="IN">in</w> <w type="DT">that</w> <w type="NN">direction</w> <c type="pct">.</c> </s>
<s n="14"><w type="PPS">He</w> <w type="VBZ">gives</w> <w type="PPO">us</w> <w type="AT">an</w> <w type="NN">account</w> <w type="IN">of</w> <w type="DT">this</w> <w type="IN">in</w> <w type="PPg">his</w> <w type="JJ">lively</w> <w type="CC">and</w> <w type="JJ">humorous</w> <w type="NN">poem</w> <c type="pct">,</c> <c type="pct">``</c> <w type="AT" subtype="TL">The</w> <w type="JJ" subtype="TL">Happy</w> <w type="NNS" subtype="TL">Artists</w> <c type="pct">''</c> <c type="pct">.</c> </s>
<s n="15"><c type="pct">``</c> <w type="PPSS">I</w> <w type="VBD">scanned</w> <w type="AT">the</w> <w type="NN">world</w> <w type="IN">through</w> <w type="VBN">printed</w> <w type="NN">symbol</w> <w type="JJ">swart</w> <c type="pct">,</c> <w type="CC">And</w> <w type="IN">through</w> <w type="AT">the</w> <w type="NNg">beggar's</w> <w type="NNS">rags</w> <w type="PPSS">I</w> <w type="VBD">strove</w> <w type="TO">to</w> <w type="VB">see</w> <w type="AT">The</w> <w type="JJ">inner</w> <w type="NN">man</w> <c type="pct">.</c> </s>
<s n="16"><w type="PPSS">I</w> <w type="VBD">looked</w> <w type="RB">unceasingly</w> <w type="IN">With</w> <w type="PPg">my</w> <w type="JJ">cold</w> <w type="NN">mind</w> <w type="CC">and</w> <w type="IN">with</w> <w type="PPg">my</w> <w type="VBG">burning</w> <w type="NN">heart</w> <c type="pct">''</c> <c type="pct">.</c> </s>
<s n="17"><w type="IN">In</w> <w type="DT">this</w> <w type="JJ">final</w> <w type="NN">line</w> <c type="pct">,</c> <w type="PPSS">we</w> <w type="HV">have</w> <w type="AT">the</w> <w type="NN">key</w> <w type="IN">to</w> <w type="PPg">his</w> <w type="NN">nature</w> <c type="pct">.</c> </s>
<s n="18"><w type="AP">Few</w> <w type="NNS">writers</w> <w type="HV">have</w> <w type="RBR">better</w> <w type="VBN">understood</w> <w type="PPg">their</w> <w type="JJT">deepest</w> <w type="NNS">selves</w> <c type="pct">.</c> </s>
<s n="19"><w type="NP">Heidenstam</w> <w type="MD">could</w> <w type="RB">never</w> <w type="BE">be</w> <w type="VBN">satisfied</w> <w type="IN">by</w> <w type="NN">surface</w> <c type="pct">.</c> </s>
<s n="20"><w type="PPS">It</w> <w type="MD">may</w> <c type="pct">,</c> <w type="RB">however</w> <c type="pct">,</c> <w type="BE">be</w> <w type="VBN">noted</w> <w type="CS">that</w> <w type="PPg">his</w> <w type="NN">gift</w> <w type="IN">for</w> <w type="NN">color</w> <w type="CC">and</w> <w type="NN">imagery</w> <w type="MD">must</w> <w type="HV">have</w> <w type="BEN">been</w> <w type="RB">greatly</w> <w type="VBN">stimulated</w> <w type="IN">by</w> <w type="PPg">his</w> <w type="NN">stay</w> <w type="IN">in</w> <w type="NP">Paris</w> <c type="pct">.</c> </s>
</p>
<p><s n="21"><w type="AT">The</w> <w type="OD">first</w> <w type="NN">result</w> <w type="IN">of</w> <w type="NPg">Heidenstam's</w> <w type="JJ">long</w> <w type="NN">sojourn</w> <w type="RB">abroad</w> <w type="BEDZ">was</w> <w type="AT">a</w> <w type="NN">volume</w> <w type="IN">of</w> <w type="NNS">poems</w> <c type="pct">,</c> <w type="NN" subtype="TL">Pilgrimage</w> <w type="CC" subtype="TL">And</w> <w type="NNS" subtype="TL">Wander-Years</w> <c type="pct">(</c> <w type="NN" subtype="FW">Vallfart</w> <w type="CC" subtype="FW">och</w> <w type="NNS" subtype="FW">Vandringsar</w> <c type="pct">)</c> <c type="pct">,</c> <w type="VBN">published</w> <w type="IN">in</w> <w type="CD">1888</w> <c type="pct">.</c> </s>
<s n="22"><w type="PPS">It</w> <w type="BEDZ">was</w> <w type="AT">a</w> <w type="JJ">brilliant</w> <w type="NN">debut</w> <c type="pct">,</c> <w type="QL">so</w> <w type="RB">much</w> <w type="RB">so</w> <w type="RB">indeed</w> <w type="CS">that</w> <w type="PPS">it</w> <w type="VBD">aroused</w> <w type="AT">a</w> <w type="JJ">new</w> <w type="NN">vitality</w> <w type="IN">in</w> <w type="AT">the</w> <w type="JJR">younger</w> <w type="NNS">poets</w> <c type="pct">,</c> <w type="CS">as</w> <w type="DOD">did</w> <w type="NPg">Byron's</w> <w type="NP">Childe</w> <w type="NP">Harold</w> <c type="pct">.</c> </s>
<s n="23"><w type="NN">Professor</w> <w type="NP">Fredrik</w> <w type="NP">Book</w> <c type="pct">,</c> <w type="NPg">Sweden's</w> <w type="JJS">foremost</w> <w type="NN">critic</w> <w type="IN">of</w> <w type="AT">the</w> <w type="NN">period</w> <c type="pct">,</c> <w type="VBZ">acclaims</w> <w type="PPO">it</w> <w type="CS">as</w> <w type="VBZ">follows</w> <c type="pct">:</c> <c type="pct">``</c> <w type="IN">In</w> <w type="DT">this</w> <w type="PPSS">we</w> <w type="HV">have</w> <w type="AT">the</w> <w type="NN">verse</w> <w type="IN">of</w> <w type="AT">a</w> <w type="NN">painter</w> <c type="pct">;</c> <c type="pct">;</c> </s>
<s n="24"><w type="QL">strongly</w> <w type="JJ">colorful</w> <c type="pct">,</c> <w type="JJ">plastic</w> <c type="pct">,</c> <w type="JJ">racy</w> <c type="pct">,</c> <w type="JJ">vivid</w> <c type="pct">.</c> </s>
<s n="25"><w type="IN">In</w> <w type="AT">a</w> <w type="JJ">bold</w> <c type="pct">,</c> <w type="RB">sometimes</w> <w type="JJ">careless</w> <c type="pct">,</c> <w type="NN">form</w> <w type="EX">there</w> <w type="BEZ">is</w> <w type="PN">nothing</w> <w type="JJ">academic</w> <c type="pct">;</c> <c type="pct">;</c> </s>
<s n="26"><w type="ABN">all</w> <w type="BEZ">is</w> <w type="VBN">seen</w> <w type="CC">and</w> <w type="VBN">felt</w> <w type="CC">and</w> <w type="VBN">experienced</w> <c type="pct">,</c> <w type="AT">the</w> <w type="NN">observation</w> <w type="BEZ">is</w> <w type="JJ">sharp</w> <w type="CC">and</w> <w type="AT">the</w> <w type="NN">imagination</w> <w type="JJ">lively</w> <c type="pct">.</c> </s>
<s n="27"><w type="AT">The</w> <w type="JJ">young</w> <w type="NN">poet-painter</w> <w type="VBZ">reproduces</w> <w type="AT">the</w> <w type="JJ">French</w> <w type="NN">life</w> <w type="IN">of</w> <w type="AT">the</w> <w type="NNS">streets</w> <c type="pct">;</c> <c type="pct">;</c> </s>
<s n="28"><w type="PPS">he</w> <w type="VBZ">tells</w> <w type="NNS">stories</w> <w type="IN">of</w> <w type="AT">the</w> <w type="CD" subtype="TL">Thousand</w> <w type="CC" subtype="TL">and</w> <w type="CD" subtype="TL">One</w> <w type="NNS" subtype="TL">Nights</w> <c type="pct">,</c> <w type="CC">and</w> <w type="VBZ">conjures</w> <w type="RP">up</w> <w type="IN">before</w> <w type="PPO">us</w> <w type="AT">the</w> <w type="NNS">bazaars</w> <w type="IN">of</w> <w type="NP">Damascus</w> <c type="pct">.</c> </s>
<s n="29"><w type="IN">In</w> <w type="AT">the</w> <w type="JJ">care-free</w> <w type="NN">indolence</w> <w type="IN">of</w> <w type="AT">the</w> <w type="NR" subtype="TL">East</w> <w type="PPS">he</w> <w type="VBZ">sees</w> <w type="AT">the</w> <w type="AP">last</w> <w type="NN">reflection</w> <w type="IN">of</w> <w type="AT">the</w> <w type="JJ">old</w> <w type="JJ">happy</w> <w type="NN">existence</w> <c type="pct">,</c> <w type="CC">and</w> <w type="IN">for</w> <w type="DT">that</w> <w type="NN">reason</w> <w type="PPS">he</w> <w type="VBZ">loves</w> <w type="PPO">it</w> <c type="pct">.</c> </s>
<s n="30"><w type="CC">And</w> <w type="RB">yet</w> <w type="IN">amid</w> <w type="ABN">all</w> <w type="AT">the</w> <w type="JJ">gay</w> <w type="NN">hedonism</w> <w type="IN">in</w> <w type="NN" subtype="TL">Pilgrimage</w> <w type="CC" subtype="TL">And</w> <w type="NNS" subtype="TL">Wander-Years</w> <w type="BEZ">is</w> <w type="AT">a</w> <w type="NN">cycle</w> <w type="IN">of</w> <w type="JJ">short</w> <w type="NNS">poems</w> <c type="pct">,</c> <c type="pct">``</c> <w type="NNS" subtype="TL">Thoughts</w> <w type="IN" subtype="TL">In</w> <w type="NN" subtype="TL">Loneliness</w> <c type="pct">''</c> <c type="pct">,</c> <w type="VBN">filled</w> <w type="IN">with</w> <w type="VBG">brooding</w> <c type="pct">,</c> <w type="JJ">melancholy</w> <c type="pct">,</c> <w type="CC">and</w> <w type="JJ">sombre</w> <w type="NN">longing</w> <c type="pct">''</c> <c type="pct">.</c> </s>
</p>
<p><s n="31"><w type="IN">Of</w> <w type="AT">the</w> <w type="JJR">longer</w> <w type="NNS">pieces</w> <w type="IN">of</w> <w type="AT">the</w> <w type="NN">volume</w> <w type="PN">none</w> <w type="BEZ">is</w> <w type="QL">so</w> <w type="JJ">memorable</w> <w type="CS">as</w> <c type="pct">``</c> <w type="JJ" subtype="TL">Nameless</w> <w type="CC" subtype="TL">And</w> <w type="JJ" subtype="TL">Immortal</w> <c type="pct">''</c> <c type="pct">,</c> <w type="WDT">which</w> <w type="IN">at</w> <w type="RB">once</w> <w type="VBD">took</w> <w type="NN">rank</w> <w type="IN">among</w> <w type="AT">the</w> <w type="JJT">finest</w> <w type="NNS">poems</w> <w type="RB">ever</w> <w type="VBN">written</w> <w type="IN">in</w> <w type="AT">the</w> <w type="JJ">Swedish</w> <w type="NN">language</w> <c type="pct">.</c> </s>
<s n="32"><w type="PPS">It</w> <w type="VBZ">celebrates</w> <w type="AT">the</w> <w type="JJ">unknown</w> <w type="NN">architect</w> <w type="WPS">who</w> <w type="VBD">designed</w> <w type="AT">the</w> <w type="NN">temple</w> <w type="IN">of</w> <w type="NP">Neptune</w> <w type="IN">at</w> <w type="NP">Paestum</w> <c type="pct">,</c> <w type="RB">next</w> <w type="IN">to</w> <w type="AT">the</w> <w type="NP">Parthenon</w> <w type="AT">the</w> <w type="JJT">noblest</w> <w type="NN">example</w> <w type="IN">of</w> <w type="JJ">Grecian</w> <w type="JJ">classic</w> <w type="NN">style</w> <w type="RB">now</w> <w type="IN">in</w> <w type="NN">existence</w> <c type="pct">.</c> </s>
<s n="33"><w type="IN">On</w> <w type="AT">the</w> <w type="NN">eve</w> <w type="IN">of</w> <w type="PPg">his</w> <w type="NN">return</w> <w type="IN">to</w> <w type="PPg">their</w> <w type="JJ">native</w> <w type="NP">Naxos</w> <w type="PPS">he</w> <w type="VBZ">speaks</w> <w type="IN">with</w> <w type="PPg">his</w> <w type="NN">wife</w> <w type="IN">of</w> <w type="AT">the</w> <w type="NN">masterpiece</w> <w type="WDT">which</w> <w type="VBZ">rises</w> <w type="IN">before</w> <w type="PPO">them</w> <w type="IN">in</w> <w type="PPg">its</w> <w type="VBN">completed</w> <w type="NN">perfection</w> <c type="pct">.</c> </s>
<s n="34"><w type="AT">The</w> <w type="JJ">supreme</w> <w type="NN">object</w> <w type="IN">of</w> <w type="PPg">their</w> <w type="NNS">lives</w> <w type="BEZ">is</w> <w type="RB">now</w> <w type="VBN">fulfilled</w> <c type="pct">,</c> <w type="VBZ">says</w> <w type="AT">the</w> <w type="NN">wife</w> <c type="pct">,</c> <w type="PPg">her</w> <w type="NN">husband</w> <w type="HVZ">has</w> <w type="VBN">achieved</w> <w type="NN">immortality</w> <c type="pct">.</c> </s>
<s n="35"><w type="NEG">Not</w> <w type="RB">so</w> <c type="pct">,</c> <w type="PPS">he</w> <w type="VBZ">answers</w> <c type="pct">,</c> <w type="PPS">it</w> <w type="BEZ">is</w> <w type="NEG">not</w> <w type="AT">the</w> <w type="NN">architect</w> <w type="CC">but</w> <w type="AT">the</w> <w type="NN">temple</w> <w type="WPS">that</w> <w type="BEZ">is</w> <w type="JJ">immortal</w> <c type="pct">.</c> </s>
<s n="36"><c type="pct">``</c> <w type="AT">The</w> <w type="NNg">man's</w> <w type="JJ">true</w> <w type="NN">reputation</w> <w type="BEZ">is</w> <w type="PPg">his</w> <w type="NN">work</w> <c type="pct">''</c> <c type="pct">.</c> </s>
</p>
<p><s n="37"><w type="AT">The</w> <w type="JJ">short</w> <w type="NNS">poems</w> <w type="VBN">grouped</w> <w type="IN">at</w> <w type="AT">the</w> <w type="NN">end</w> <w type="IN">of</w> <w type="AT">the</w> <w type="NN">volume</w> <w type="CS">as</w> <c type="pct">``</c> <w type="NNS" subtype="TL">Thoughts</w> <w type="IN" subtype="TL">in</w> <w type="NN" subtype="TL">Loneliness</w> <c type="pct">''</c> <w type="BEZ">is</w> <c type="pct">,</c> <w type="CS">as</w> <w type="NN" subtype="TL">Professor</w> <w type="NP">Book</w> <w type="VBD">indicated</w> <c type="pct">,</c> <w type="IN">in</w> <w type="JJ">sharp</w> <w type="NN">contrast</w> <w type="IN">with</w> <w type="AT">the</w> <w type="NNS">others</w> <c type="pct">.</c> </s>
<s n="38"><w type="PPS">It</w> <w type="VBZ">consists</w> <w type="IN">of</w> <w type="JJ">fragmentary</w> <w type="JJ">personal</w> <w type="NNS">revelations</w> <c type="pct">,</c> <w type="JJ">such</w> <w type="CS">as</w> <c type="pct">``</c> <w type="AT" subtype="TL">The</w> <w type="NN" subtype="TL">Spark</w> <c type="pct">''</c> <c type="pct">:</c> <c type="pct">``</c> <w type="EX">There</w> <w type="BEZ">is</w> <w type="AT">a</w> <w type="NN">spark</w> <w type="VBZ">dwells</w> <w type="RB">deep</w> <w type="IN">within</w> <w type="PPg">my</w> <w type="NN">soul</w> <c type="pct">.</c> </s>
<s n="39"><w type="TO">To</w> <w type="VB">get</w> <w type="PPO">it</w> <w type="RP">out</w> <w type="IN">into</w> <w type="AT">the</w> <w type="NNg">daylight's</w> <w type="NN">glow</w> <w type="BEZ">Is</w> <w type="PPg">my</w> <w type="NNg">life's</w> <w type="NN">aim</w> <w type="ABX">both</w> <w type="RB">first</w> <w type="CC">and</w> <w type="RB">last</w> <c type="pct">,</c> <w type="AT">the</w> <w type="NN">whole</w> <c type="pct">.</c> </s>
<s n="40"><w type="PPS">It</w> <w type="VBZ">slips</w> <w type="RB">away</w> <c type="pct">,</c> <w type="PPS">it</w> <w type="VBZ">burns</w> <w type="CC">and</w> <w type="VBZ">tortures</w> <w type="PPO">me</w> <c type="pct">.</c> </s>
<s n="41"><w type="DT">That</w> <w type="JJ">little</w> <w type="NN">spark</w> <w type="BEZ">is</w> <w type="ABN">all</w> <w type="AT">the</w> <w type="NN">wealth</w> <w type="PPSS">I</w> <w type="VB">know</w> <c type="pct">,</c> <w type="DT">That</w> <w type="JJ">little</w> <w type="NN">spark</w> <w type="BEZ">is</w> <w type="PPg">my</w> <w type="NNg">life's</w> <w type="NN">misery</w> <c type="pct">''</c> <c type="pct">.</c> </s>
<s n="42"><w type="AT">A</w> <w type="JJ">dominant</w> <w type="NN">motive</w> <w type="BEZ">is</w> <w type="AT">the</w> <w type="NNg">poet's</w> <w type="NN">longing</w> <w type="IN">for</w> <w type="PPg">his</w> <w type="NN">homeland</w> <w type="CC">and</w> <w type="PPg">its</w> <w type="NN">boyhood</w> <w type="NNS">associations</w> <c type="pct">:</c> <c type="pct">``</c> <w type="NEG">Not</w> <w type="NNS">men-folk</w> <c type="pct">,</c> <w type="CC">but</w> <w type="AT">the</w> <w type="NNS">fields</w> <w type="WRB">where</w> <w type="PPSS">I</w> <w type="MD">would</w> <w type="VB">stray</w> <c type="pct">,</c> <w type="AT">The</w> <w type="NNS">stones</w> <w type="WRB">where</w> <w type="CS">as</w> <w type="AT">a</w> <w type="NN">child</w> <w type="PPSS">I</w> <w type="VBD">used</w> <w type="TO">to</w> <w type="VB">play</w> <c type="pct">''</c> <c type="pct">.</c> </s>
<s n="43"><w type="PPS">He</w> <w type="BEZ">is</w> <w type="QL">utterly</w> <w type="VBN">disappointed</w> <w type="IN">in</w> <w type="PPL">himself</w> <w type="CC">and</w> <w type="IN">in</w> <w type="AT">the</w> <w type="JJ">desultory</w> <w type="NN">life</w> <w type="PPS">he</w> <w type="HVZ">has</w> <w type="BEN">been</w> <w type="VBG">leading</w> <c type="pct">.</c> </s>
<s n="44"><w type="WDT">What</w> <w type="PPS">he</w> <w type="RB">really</w> <w type="NNS">wants</w> <w type="BEZ">is</w> <w type="TO">to</w> <w type="VB">find</w> <c type="pct">``</c> <w type="AT">a</w> <w type="JJ">sacred</w> <w type="NN">cause</w> <c type="pct">''</c> <w type="IN">to</w> <w type="WDT">which</w> <w type="PPS">he</w> <w type="MD">can</w> <w type="RB">honestly</w> <w type="VB">devote</w> <w type="PPL">himself</w> <c type="pct">.</c> </s>
<s n="45"><w type="DT">This</w> <w type="JJ">restless</w> <w type="NN">individualism</w> <w type="VBD">found</w> <w type="PPg">its</w> <w type="NN">answer</w> <w type="WRB">when</w> <w type="PPS">he</w> <w type="VBD">returned</w> <w type="TO">to</w> <w type="VB">live</w> <w type="QL">nearly</w> <w type="ABN">all</w> <w type="AT">the</w> <w type="NN">rest</w> <w type="IN">of</w> <w type="PPg">his</w> <w type="NN">life</w> <w type="IN">in</w> <w type="NP">Sweden</w> <c type="pct">.</c> </s>
<s n="46"><w type="PPg">His</w> <w type="NN">cause</w> <w type="BEDZ">was</w> <w type="TO">to</w> <w type="VB">commemorate</w> <w type="AT">the</w> <w type="NN">glory</w> <w type="IN">of</w> <w type="PPg">her</w> <w type="AP">past</w> <w type="CC">and</w> <w type="TO">to</w> <w type="VB">incite</w> <w type="PPg">her</w> <w type="NNS">people</w> <w type="TO">to</w> <w type="VB">perpetuate</w> <w type="PPO">it</w> <w type="IN">in</w> <w type="AT">the</w> <w type="NN">present</w> <c type="pct">.</c> </s>
</p>
<p><s n="47"><w type="PPS">He</w> <w type="DOD">did</w> <w type="NEG">not</w> <c type="pct">,</c> <w type="RB">however</w> <c type="pct">,</c> <w type="VB">find</w> <w type="PPL">himself</w> <w type="IN">at</w> <w type="RB">once</w> <c type="pct">.</c> </s>
<s n="48"><w type="PPg">His</w> <w type="AP">next</w> <w type="JJ">major</w> <w type="NN">work</w> <c type="pct">,</c> <w type="VBN">completed</w> <w type="IN">in</w> <w type="CD">1892</w> <c type="pct">,</c> <w type="BEDZ">was</w> <w type="AT">a</w> <w type="JJ">long</w> <w type="JJ">fantastic</w> <w type="NN">epic</w> <w type="IN">in</w> <w type="NN">prose</w> <c type="pct">,</c> <w type="VBN">entitled</w> <w type="NP" subtype="TL">Hans</w> <w type="NP" subtype="TL">Alienus</w> <c type="pct">,</c> <w type="WDT">which</w> <w type="NN" subtype="TL">Professor</w> <w type="NP">Book</w> <w type="VBZ">describes</w> <w type="CS">as</w> <w type="AT">a</w> <w type="NN">monument</w> <w type="IN">on</w> <w type="AT">the</w> <w type="NN">grave</w> <w type="IN">of</w> <w type="PPg">his</w> <w type="JJ">carefree</w> <w type="CC">and</w> <w type="JJ">indolent</w> <w type="NN">youth</w> <c type="pct">.</c> </s>
<s n="49"><w type="AT">The</w> <w type="NN">hero</w> <c type="pct">,</c> <w type="WPS">who</w> <w type="BEZ">is</w> <w type="PPL">himself</w> <c type="pct">,</c> <w type="BEZ">is</w> <w type="VBN">represented</w> <w type="CS">as</w> <w type="AT">a</w> <w type="NN">pilgrim</w> <w type="IN">in</w> <w type="AT">the</w> <w type="JJ">storied</w> <w type="NNS">lands</w> <w type="IN">of</w> <w type="AT">the</w> <w type="NR" subtype="TL">East</w> <c type="pct">,</c> <w type="AT">a</w> <w type="NN">sort</w> <w type="IN">of</w> <w type="NP">Faustus</w> <w type="NN">type</w> <c type="pct">,</c> <w type="WPS">who</w> <c type="pct">,</c> <w type="TO">to</w> <w type="VB">quote</w> <w type="IN">from</w> <w type="NN" subtype="TL">Professor</w> <w type="NP">Book</w> <w type="RB">again</w> <c type="pct">,</c> <c type="pct">``</c> <w type="RB">even</w> <w type="IN">in</w> <w type="AT">the</w> <w type="NN">pleasure</w> <w type="NNS">gardens</w> <w type="IN">of</w> <w type="NP">Sardanapalus</w> <w type="MD">can</w> <w type="NEG">not</w> <w type="VB">cease</w> <w type="IN">from</w> <w type="PPg">his</w> <w type="JJ">painful</w> <w type="NN">search</w> <w type="IN">after</w> <w type="AT">the</w> <w type="NN">meaning</w> <w type="IN">of</w> <w type="NN">life</w> <c type="pct">.</c> </s>
<s n="50"><w type="PPS">He</w> <w type="BEZ">is</w> <w type="VBN">driven</w> <w type="RB">back</w> <w type="IN">by</w> <w type="PPg">his</w> <w type="NN">yearning</w> <w type="IN">to</w> <w type="AT">the</w> <w type="JJ">wintry</w> <w type="NN">homeland</w> <w type="IN">of</w> <w type="PPg">his</w> <w type="NNS">fathers</w> <w type="IN">in</w> <w type="AT">the</w> <w type="NN">forest</w> <w type="IN">of</w> <w type="NP">Tiveden</w> <c type="pct">''</c> <c type="pct">.</c> </s>
</p>
<p><s n="51"><w type="IN">From</w> <w type="DT">this</w> <w type="NN">time</w> <w type="RP">on</w> <w type="NP">Heidenstam</w> <w type="VBD">proceeded</w> <w type="TO">to</w> <w type="VB">find</w> <w type="PPg">his</w> <w type="JJR">deeper</w> <w type="NN">self</w> <c type="pct">.</c> </s>
<s n="52"><w type="IN">By</w> <w type="AT">the</w> <w type="NN">death</w> <w type="IN">of</w> <w type="PPg">his</w> <w type="NN">father</w> <w type="IN">in</w> <w type="CD">1888</w> <w type="PPS">he</w> <w type="HVD">had</w> <w type="VBN">come</w> <w type="IN">into</w> <w type="NN">possession</w> <w type="IN">of</w> <w type="AT">the</w> <w type="NN">family</w> <w type="NN">estate</w> <w type="CC">and</w> <w type="HVD">had</w> <w type="VBN">re-assumed</w> <w type="PPg">its</w> <w type="NNS">traditions</w> <c type="pct">.</c> </s>
<s n="53"><w type="PPS">He</w> <w type="DOD">did</w> <w type="NEG">not</w> <c type="pct">,</c> <w type="RB">however</w> <c type="pct">,</c> <w type="VB">settle</w> <w type="RB">back</w> <w type="IN">into</w> <w type="NN">acquiescence</w> <w type="IN">with</w> <w type="NNS">things</w> <w type="CS">as</w> <w type="PPSS">they</w> <w type="BED">were</w> <c type="pct">.</c> </s>
<s n="54"><w type="CS">Like</w> <w type="PPg">his</w> <w type="NN">friend</w> <w type="CC">and</w> <w type="NN">contemporary</w> <w type="NP">August</w> <w type="NP">Strindberg</w> <w type="PPS">he</w> <w type="HVD">had</w> <w type="AP">little</w> <w type="NN">patience</w> <w type="IN">with</w> <w type="JJ">collective</w> <w type="NN">mediocrity</w> <c type="pct">.</c> </s>
<s n="55"><w type="PPS">He</w> <w type="VBD">saw</w> <w type="NP">Sweden</w> <w type="CS">as</w> <w type="AT">a</w> <w type="NN">country</w> <w type="IN">of</w> <w type="JJ">smug</w> <w type="CC">and</w> <w type="JJ">narrow</w> <w type="NN">provincialism</w> <c type="pct">,</c> <w type="JJ">indifferent</w> <w type="IN">to</w> <w type="AT">the</w> <w type="JJ">heroic</w> <w type="NN">spirit</w> <w type="IN">of</w> <w type="PPg">its</w> <w type="AP">former</w> <w type="NN">glory</w> <c type="pct">.</c> </s>
<s n="56"><w type="NPg">Strindberg's</w> <w type="NN">remedy</w> <w type="IN">for</w> <w type="DT">this</w> <w type="NN">condition</w> <w type="BEDZ">was</w> <w type="TO">to</w> <w type="VB">tear</w> <w type="RP">down</w> <w type="AT">the</w> <w type="JJ">old</w> <w type="NNS">structures</w> <w type="CC">and</w> <w type="VB">build</w> <w type="RB">anew</w> <w type="IN">from</w> <w type="AT">the</w> <w type="NN">ground</w> <w type="RP">up</w> <c type="pct">.</c> </s>
<s n="57"><w type="NPg">Heidenstam's</w> <w type="NN">conception</w> <c type="pct">,</c> <w type="IN">on</w> <w type="AT">the</w> <w type="JJ">contrary</w> <c type="pct">,</c> <w type="BEDZ">was</w> <w type="TO">to</w> <w type="VB">revive</w> <w type="AT">the</w> <w type="NN">present</w> <w type="IN">by</w> <w type="AT">the</w> <w type="NNS">memories</w> <w type="IN">of</w> <w type="AT">the</w> <w type="NN">past</w> <c type="pct">.</c> </s>
</p>
<p><s n="58"><w type="CS">Whether</w> <w type="IN">in</w> <w type="NN">prose</w> <w type="CC">or</w> <w type="NN">poetry</w> <c type="pct">,</c> <w type="ABN">all</w> <w type="IN">of</w> <w type="NPg">Heidenstam's</w> <w type="JJR">later</w> <w type="NN">work</w> <w type="BEDZ">was</w> <w type="VBN">concerned</w> <w type="IN">with</w> <w type="NP">Sweden</w> <c type="pct">.</c> </s>
<s n="59"><w type="IN">With</w> <w type="AT">the</w> <w type="OD">first</w> <w type="IN">of</w> <w type="AT">a</w> <w type="NN">group</w> <w type="IN">of</w> <w type="JJ">historical</w> <w type="NNS">novels</w> <c type="pct">,</c> <w type="AT">The</w> <w type="NP" subtype="TL">Charles</w> <w type="NNS" subtype="TL">Men</w> <c type="pct">(</c> <w type="NP">Karolinerna</w> <c type="pct">)</c> <c type="pct">,</c> <w type="VBN">published</w> <w type="IN">in</w> <w type="CD">1897-8</w> <c type="pct">,</c> <w type="PPS">he</w> <w type="VBD">achieved</w> <w type="AT">the</w> <w type="NN">masterpiece</w> <w type="IN">of</w> <w type="PPg">his</w> <w type="NN">career</w> <c type="pct">.</c> </s>
<s n="60"><w type="IN">In</w> <w type="NN">scope</w> <w type="CC">and</w> <w type="NN">power</w> <w type="PPS">it</w> <w type="MD">can</w> <w type="RB">only</w> <w type="BE">be</w> <w type="VBN">compared</w> <w type="IN">to</w> <w type="NPg">Tolstoy's</w> <w type="NN" subtype="TL">War</w> <w type="CC" subtype="TL">And</w> <w type="NN" subtype="TL">Peace</w> <c type="pct">.</c> </s>
<s n="61"><w type="RB">About</w> <w type="NN">one-third</w> <w type="QL">as</w> <w type="JJ">long</w> <c type="pct">,</c> <w type="PPS">it</w> <w type="BEZ">is</w> <w type="QL">less</w> <w type="JJ">intimate</w> <w type="CC">and</w> <w type="VBN">detailed</w> <c type="pct">,</c> <w type="CC">but</w> <w type="RBR">better</w> <w type="VBN">coordinated</w> <c type="pct">,</c> <w type="QL">more</w> <w type="JJ">concise</w> <w type="CC">and</w> <w type="QL">more</w> <w type="JJ">dramatic</w> <c type="pct">.</c> </s>
<s n="62"><w type="CS">Though</w> <w type="PPS">it</w> <w type="VBZ">centers</w> <w type="IN">around</w> <w type="AT">the</w> <w type="JJ">brilliant</w> <w type="CC">and</w> <w type="JJ">enigmatic</w> <w type="NN">figure</w> <w type="IN">of</w> <w type="NP">Charles</w> <w type="CD" subtype="TL">12</w> <c type="pct">,</c> <c type="pct">,</c> <w type="AT">the</w> <w type="JJ">true</w> <w type="NN">hero</w> <w type="BEZ">is</w> <w type="NEG">not</w> <w type="RB">finally</w> <w type="AT">the</w> <w type="NN">king</w> <w type="PPL">himself</w> <c type="pct">.</c> </s>
<s n="63"><w type="RB">Hence</w> <w type="AT">the</w> <w type="NN">title</w> <w type="IN">of</w> <w type="AT">the</w> <w type="NN">book</w> <c type="pct">,</c> <w type="VBG">referring</w> <w type="IN">to</w> <w type="AT">the</w> <w type="NNS">soldiers</w> <w type="CC">and</w> <w type="NNS">subjects</w> <w type="IN">of</w> <w type="AT">the</w> <w type="NN">king</w> <c type="pct">;</c> <c type="pct">;</c> </s>
<s n="64"><w type="IN">on</w> <w type="AT">the</w> <w type="JJ">fatal</w> <w type="NN">battlefield</w> <w type="IN">of</w> <w type="NP">Poltava</w> <c type="pct">,</c> <w type="TO">to</w> <w type="VB">quote</w> <w type="IN">from</w> <w type="AT">the</w> <w type="NN">novel</w> <c type="pct">,</c> <c type="pct">``</c> <w type="AT">the</w> <w type="NN">wreath</w> <w type="PPS">he</w> <w type="VBD">twined</w> <w type="IN">for</w> <w type="PPL">himself</w> <w type="VBD">slipped</w> <w type="RP">down</w> <w type="IN">upon</w> <w type="PPg">his</w> <w type="NNS">people</w> <c type="pct">''</c> <c type="pct">.</c> </s>
</p>
<p><s n="65"><w type="AT" subtype="TL">The</w> <w type="NP" subtype="TL">Charles</w> <w type="NNS" subtype="TL">Men</w> <w type="VBZ">consists</w> <w type="NEG">not</w> <w type="IN">of</w> <w type="AT">a</w> <w type="VBN">connected</w> <w type="NN">narrative</w> <w type="CC">but</w> <w type="IN">of</w> <w type="AT">a</w> <w type="NN">group</w> <w type="IN">of</w> <w type="JJ">short</w> <w type="NNS">stories</w> <c type="pct">,</c> <w type="DT">each</w> <w type="VBG">depicting</w> <w type="AT">a</w> <w type="JJ">special</w> <w type="NN">phase</w> <w type="IN">of</w> <w type="AT">the</w> <w type="JJ">general</w> <w type="NN">subject</w> <c type="pct">.</c> </s>
<s n="66"><w type="QL">Somewhat</w> <w type="JJ">uneven</w> <w type="IN">in</w> <w type="NN">interest</w> <w type="IN">for</w> <w type="AT">an</w> <w type="JJ">average</w> <w type="NN">reader</w> <c type="pct">,</c> <w type="CD">eight</w> <w type="CC">or</w> <w type="CD">ten</w> <w type="IN">of</w> <w type="DTS">these</w> <w type="BER">are</w> <w type="IN">among</w> <w type="AT">the</w> <w type="JJT">finest</w> <w type="IN">of</w> <w type="PPg">their</w> <w type="NN">kind</w> <w type="IN">in</w> <w type="NN">literature</w> <c type="pct">.</c> </s>
<s n="67"><w type="PPSS">They</w> <w type="VB">comprise</w> <w type="AT">a</w> <w type="JJ">great</w> <w type="NN">variety</w> <w type="IN">of</w> <w type="NN">scene</w> <w type="CC">and</w> <w type="NN">interest</w> <c type="pct">:</c> <w type="JJ">grim</w> <w type="NNS">episodes</w> <w type="IN">of</w> <w type="NN">war</w> <c type="pct">,</c> <w type="JJ">idyllic</w> <w type="NNS">interludes</w> <c type="pct">,</c> <w type="JJ">superb</w> <w type="NNS">canvases</w> <w type="IN">of</w> <w type="JJ">world-shaking</w> <w type="NNS">events</w> <c type="pct">,</c> <w type="CC">and</w> <w type="QL">delightfully</w> <w type="JJ">humorous</w> <w type="NNS">sketches</w> <w type="IN">of</w> <w type="JJ">odd</w> <w type="NNS">characters</w> <c type="pct">.</c> </s>
<s n="68"><w type="AT">The</w> <w type="JJ">general</w> <w type="NN">effect</w> <w type="BEZ">is</w> <w type="JJ">tragic</w> <c type="pct">.</c> </s>
<s n="69"><w type="RB">Almost</w> <w type="PN">nothing</w> <w type="BEZ">is</w> <w type="VBN">said</w> <w type="IN">of</w> <w type="NPg">Charles'</w> <w type="JJ">spectacular</w> <w type="NNS">victories</w> <c type="pct">,</c> <w type="AT">the</w> <w type="JJ">central</w> <w type="NN">theme</w> <w type="BEG">being</w> <w type="AT">the</w> <w type="JJ">heroic</w> <w type="NN">loyalty</w> <w type="IN">of</w> <w type="AT">the</w> <w type="JJ">Swedish</w> <w type="NNS">people</w> <w type="IN">to</w> <w type="PPg">their</w> <w type="VBN">idolized</w> <w type="NN">king</w> <w type="IN">in</w> <w type="NN">misfortune</w> <w type="CC">and</w> <w type="NN">defeat</w> <c type="pct">.</c> </s>
</p>
<p><s n="70"><w type="TO">To</w> <w type="VB">carry</w> <w type="RP">out</w> <w type="DT">this</w> <w type="VBN">exalted</w> <w type="NN">conception</w> <w type="AT">the</w> <w type="NN">author</w> <w type="HVZ">has</w> <w type="VBN">combined</w> <w type="AT">the</w> <w type="JJ">vivid</w> <w type="NN">realism</w> <w type="CC">and</w> <w type="JJ">imaginative</w> <w type="NN">power</w> <w type="PPSS">we</w> <w type="HV">have</w> <w type="VBN">noticed</w> <w type="IN">in</w> <w type="PPg">his</w> <w type="JJ">early</w> <w type="NN">poetry</w> <w type="CC">and</w> <w type="VBD">carried</w> <w type="PPO">them</w> <w type="RP">out</w> <w type="IN">on</w> <w type="AT">a</w> <w type="JJ">grand</w> <w type="NN">scale</w> <c type="pct">.</c> </s>
<s n="71"><w type="PPg">His</w> <w type="JJ">peculiar</w> <w type="NN">gift</w> <c type="pct">,</c> <w type="CS">as</w> <w type="HVD">had</w> <w type="BEN">been</w> <w type="VBN">suggested</w> <w type="RB">before</w> <c type="pct">,</c> <w type="BEZ">is</w> <w type="PPg">his</w> <w type="NN">intensity</w> <c type="pct">.</c> </s>
<s n="72"><w type="NP">George</w> <w type="NP">Meredith</w> <w type="HVZ">has</w> <w type="VBN">said</w> <w type="CS">that</w> <w type="NN">fervor</w> <w type="BEZ">is</w> <w type="AT">the</w> <w type="NN">core</w> <w type="IN">of</w> <w type="NN">style</w> <c type="pct">.</c> </s>
<s n="73"><w type="IN">Of</w> <w type="AP">few</w> <w type="NNS">authors</w> <w type="BEZ">is</w> <w type="DT">this</w> <w type="QL">more</w> <w type="JJ">true</w> <w type="CS">than</w> <w type="IN">of</w> <w type="NP">Heidenstam</w> <c type="pct">.</c> </s>
<s n="74"><w type="AT" subtype="TL">The</w> <w type="NP" subtype="TL">Charles</w> <w type="NNS" subtype="TL">Men</w> <w type="HVZ">has</w> <w type="AT">a</w> <w type="JJ">tremendous</w> <w type="NN">range</w> <w type="IN">of</w> <w type="NNS">characters</w> <c type="pct">,</c> <w type="IN">of</w> <w type="JJ">common</w> <w type="NN">folk</w> <w type="RB">even</w> <w type="AP">more</w> <w type="CS">than</w> <w type="IN">of</w> <w type="JJ">major</w> <w type="NNS">figures</w> <c type="pct">.</c> </s>
<s n="75"><w type="AT">The</w> <w type="NN">career</w> <w type="IN">of</w> <w type="NP">Charles</w> <w type="CD" subtype="TL">12</w> <c type="pct">,</c> <w type="BEZ">is</w> <w type="RB">obviously</w> <w type="QL">very</w> <w type="JJ">similar</w> <w type="IN">to</w> <w type="DT">that</w> <w type="IN">of</w> <w type="NP">Napoleon</w> <c type="pct">.</c> </s>
<s n="76"><w type="PPg">His</w> <w type="NN">ideal</w> <w type="BEDZ">was</w> <w type="NP">Alexander</w> <w type="IN">of</w> <w type="NP">Macedon</w> <c type="pct">,</c> <w type="CS">as</w> <w type="NPg">Napoleon's</w> <w type="BEDZ">was</w> <w type="NP">Julius</w> <w type="NP">Caesar</w> <c type="pct">.</c> </s>
<s n="77"><w type="PPg">His</w> <w type="NN">purpose</w> <c type="pct">,</c> <w type="RB">however</w> <c type="pct">,</c> <w type="BEDZ">was</w> <w type="NEG">not</w> <w type="TO">to</w> <w type="VB">establish</w> <w type="AT">an</w> <w type="NN">empire</w> <c type="pct">,</c> <w type="CC">but</w> <w type="TO">to</w> <w type="VB">assert</w> <w type="AT">the</w> <w type="NN">principle</w> <w type="IN">of</w> <w type="JJ">divine</w> <w type="NN">justice</w> <c type="pct">.</c> </s>
<s n="78"><w type="DT">Each</w> <w type="VBD">aspired</w> <w type="TO">to</w> <w type="BE">be</w> <w type="AT">a</w> <w type="NN">god</w> <w type="IN">in</w> <w type="JJ">human</w> <w type="NN">form</w> <c type="pct">,</c> <w type="CC">but</w> <w type="IN">with</w> <w type="DT">each</w> <w type="PPS">it</w> <w type="BEDZ">was</w> <w type="AT">a</w> <w type="JJ">different</w> <w type="NN">kind</w> <w type="IN">of</w> <w type="NN">god</w> <c type="pct">.</c> </s>
<s n="79"><w type="DT">Each</w> <w type="VBD">failed</w> <w type="RB">catastrophically</w> <w type="IN">in</w> <w type="AT">an</w> <w type="NN">invasion</w> <w type="IN">of</w> <w type="NP">Russia</w> <w type="CC">and</w> <w type="DT">each</w> <w type="VBD">brought</w> <w type="NN">ruin</w> <w type="IN">on</w> <w type="AT">the</w> <w type="NN">country</w> <w type="WPS">that</w> <w type="VBD">worshipped</w> <w type="PPO">him</w> <c type="pct">.</c> </s>
<s n="80"><w type="DT">Each</w> <w type="BEZ">is</w> <w type="RB">still</w> <w type="VBN">glorified</w> <w type="CS">as</w> <w type="AT">a</w> <w type="JJ">national</w> <w type="NN">hero</w> <c type="pct">.</c> </s>
</p>
<p><s n="81"><w type="AT">The</w> <w type="OD">first</w> <w type="ABN">half</w> <w type="IN">of</w> <w type="AT" subtype="TL">The</w> <w type="NP" subtype="TL">Charles</w> <w type="NNS" subtype="TL">Men</w> <c type="pct">,</c> <w type="VBG">ending</w> <w type="IN">on</w> <w type="AT">the</w> <w type="NN">climax</w> <w type="IN">of</w> <w type="AT">the</w> <w type="NN">battle</w> <w type="IN">of</w> <w type="NP">Poltava</w> <w type="IN">in</w> <w type="CD">1709</w> <c type="pct">,</c> <w type="BEZ">is</w> <w type="QL">more</w> <w type="RB">dramatically</w> <w type="JJ">coherent</w> <w type="CS">than</w> <w type="AT">the</w> <w type="OD">second</w> <c type="pct">.</c> </s>
<s n="82"><w type="IN">After</w> <w type="AT">the</w> <w type="NN">collapse</w> <w type="IN">of</w> <w type="DT">that</w> <w type="JJ">desperate</w> <w type="CC">and</w> <w type="JJ">ill-fated</w> <w type="NN">campaign</w> <w type="AT">the</w> <w type="NN">character</w> <w type="IN">of</w> <w type="AT">the</w> <w type="NN">king</w> <w type="VBD">degenerated</w> <w type="IN">for</w> <w type="AT">a</w> <w type="NN">time</w> <w type="IN">into</w> <w type="AT">a</w> <w type="NN">futility</w> <w type="WPS">that</w> <w type="BEDZ">was</w> <w type="NEG">not</w> <w type="RB">merely</w> <w type="JJ">pitiable</w> <w type="CC">but</w> <w type="RB">often</w> <w type="JJ">ridiculous</w> <c type="pct">.</c> </s>
<s n="83"><w type="CS">Like</w> <w type="NP">Napoleon</w> <c type="pct">,</c> <w type="PPS">he</w> <w type="BEDZ">was</w> <w type="AT">the</w> <w type="JJT">worst</w> <w type="IN">of</w> <w type="NNS">losers</w> <c type="pct">.</c> </s>
<s n="84"><w type="EX">There</w> <w type="BER">are</w> <c type="pct">,</c> <w type="RB">however</w> <c type="pct">,</c> <w type="DTI">some</w> <w type="JJ">wonderful</w> <w type="NNS">chapters</w> <w type="IN">at</w> <w type="AT">the</w> <w type="NN">beginning</w> <w type="IN">of</w> <w type="AT">the</w> <w type="OD">second</w> <w type="NN">part</w> <c type="pct">,</c> <w type="IN">concerning</w> <w type="AT">the</w> <w type="NNS">reactions</w> <w type="IN">of</w> <w type="AT">the</w> <w type="NPS">Swedes</w> <w type="IN">in</w> <w type="NN">adversity</w> <c type="pct">.</c> </s>
<s n="85"><w type="RB">Then</w> <w type="RBR">more</w> <w type="IN">than</w> <w type="RB">ever</w> <w type="RB">before</w> <w type="DOD">did</w> <w type="PPSS">they</w> <w type="VB">show</w> <w type="PPg">their</w> <w type="NN">fortitude</w> <w type="CC">and</w> <w type="JJ">patient</w> <w type="NN">cheerfulness</w> <c type="pct">.</c> </s>
<s n="86"><w type="DT">This</w> <w type="VBZ">comes</w> <w type="RP">out</w> <w type="IN">in</w> <c type="pct">``</c> <w type="WRB" subtype="TL">When</w> <w type="AT" subtype="TL">The</w> <w type="NNS" subtype="TL">Bells</w> <w type="VB" subtype="TL">Ring</w> <c type="pct">''</c> <c type="pct">,</c> <w type="WDT">which</w> <w type="VBZ">describes</w> <w type="AT">the</w> <w type="NN">rallying</w> <w type="IN">of</w> <w type="AT">the</w> <w type="NNS">peasants</w> <w type="IN">in</w> <w type="JJ">southern</w> <w type="NP">Sweden</w> <w type="TO">to</w> <w type="VB">repel</w> <w type="AT">an</w> <w type="NN">invasion</w> <w type="IN">by</w> <w type="AT">the</w> <w type="NPS">Danes</w> <c type="pct">.</c> </s>
</p>
<p><s n="87"><w type="IN">In</w> <c type="pct">``</c> <w type="AT" subtype="TL">The</w> <w type="NNg" subtype="TL">King's</w> <w type="NN" subtype="TL">Ride</w> <c type="pct">''</c> <c type="pct">,</c> <w type="NP">Charles</w> <w type="VBZ">breaks</w> <w type="RP">out</w> <w type="IN">of</w> <w type="AT">a</w> <w type="JJ">long</w> <w type="NN">period</w> <w type="IN">of</w> <w type="NN">petulance</w> <w type="CC">and</w> <w type="NN">inertia</w> <c type="pct">,</c> <w type="VBZ">regains</w> <w type="PPg">his</w> <w type="JJ">old</w> <w type="NN">self</w> <c type="pct">,</c> <w type="VBZ">escapes</w> <w type="IN">from</w> <w type="NP">Turkey</w> <c type="pct">,</c> <w type="CC">and</w> <w type="RB">finally</w> <w type="VBZ">reaches</w> <w type="PPg">his</w> <w type="JJ">own</w> <w type="NN">land</w> <w type="IN">after</w> <w type="AT">an</w> <w type="NN">absence</w> <w type="IN">of</w> <w type="CD">eighteen</w> <w type="NNS">years</w> <c type="pct">.</c> </s>
<s n="88"><w type="PPS">He</w> <w type="VBZ">finds</w> <w type="PPO">it</w> <w type="IN">in</w> <w type="JJ">utter</w> <w type="NN">misery</w> <w type="CC">and</w> <w type="NN">desolation</w> <c type="pct">.</c> </s>
<s n="89"><w type="ABN">All</w> <w type="PPg">his</w> <w type="NNS">people</w> <w type="VB">ask</w> <w type="IN">for</w> <w type="BEZ">is</w> <w type="AT">no</w> <w type="AP">more</w> <w type="NN">war</w> <c type="pct">.</c> </s>
<s n="90"><w type="CC">But</w> <w type="PPS">he</w> <w type="VBZ">plunges</w> <w type="IN">into</w> <w type="RB">yet</w> <w type="DT">another</w> <c type="pct">,</c> <w type="DT">this</w> <w type="NN">time</w> <w type="IN">with</w> <w type="NP">Norway</w> <c type="pct">,</c> <w type="CC">and</w> <w type="BEZ">is</w> <w type="VBN">killed</w> <w type="IN">in</w> <w type="AT">an</w> <w type="NN">assault</w> <w type="IN">on</w> <w type="AT">the</w> <w type="NN">fortress</w> <w type="IN">of</w> <w type="NP">Fredrikshall</w> <c type="pct">,</c> <w type="BEG">being</w> <w type="RB">only</w> <w type="CD">thirty-six</w> <w type="NNS">years</w> <w type="IN">of</w> <w type="NN">age</w> <w type="WRB">when</w> <w type="PPS">he</w> <w type="VBD">died</w> <c type="pct">.</c> </s>
<s n="91"><w type="PPS">He</w> <w type="HVD">had</w> <w type="VBN">become</w> <w type="NN">king</w> <w type="IN">at</w> <w type="CD">fifteen</w> <c type="pct">.</c> </s>
</p>
<p><s n="92"><w type="RB">Then</w> <w type="RB">suddenly</w> <w type="EX">there</w> <w type="BEDZ">was</w> <w type="AT">a</w> <w type="JJ">tremendous</w> <w type="NN">revulsion</w> <w type="IN">of</w> <w type="JJ">popular</w> <w type="NN">feeling</w> <c type="pct">.</c> </s>
<s n="93"><w type="IN">From</w> <w type="BEG">being</w> <w type="AT">a</w> <w type="VBN">hated</w> <w type="NN">tyrant</w> <w type="CC">and</w> <w type="NN">madman</w> <w type="PPS">he</w> <w type="BEDZ">was</w> <w type="RB">now</w> <w type="AT">the</w> <w type="NN">symbol</w> <w type="IN">of</w> <w type="ABN">all</w> <w type="WPS">that</w> <w type="BEDZ">was</w> <w type="JJT">noblest</w> <w type="CC">and</w> <w type="JJT">best</w> <w type="IN">in</w> <w type="AT">the</w> <w type="NN">history</w> <w type="IN">of</w> <w type="NP">Sweden</w> <c type="pct">.</c> </s>
<s n="94"><w type="DT">This</w> <w type="BEZ">is</w> <w type="VBN">brought</w> <w type="RP">out</w> <w type="IN">in</w> <w type="AT">the</w> <w type="AP">next</w> <w type="IN">to</w> <w type="AP">last</w> <w type="NN">chapter</w> <w type="IN">of</w> <w type="AT">the</w> <w type="NN">book</w> <c type="pct">,</c> <c type="pct">``</c> <w type="AT" subtype="TL">A</w> <w type="NNg" subtype="TL">Hero's</w> <w type="NN" subtype="TL">Funeral</w> <c type="pct">''</c> <c type="pct">,</c> <w type="VBN">written</w> <w type="IN">in</w> <w type="AT">the</w> <w type="NN">form</w> <w type="IN">of</w> <w type="AT">an</w> <w type="JJ">impassioned</w> <w type="NN">prose</w> <w type="NN">poem</w> <c type="pct">.</c> </s>
<s n="95"><w type="RB">Slowly</w> <w type="AT">the</w> <w type="NN">procession</w> <w type="IN">of</w> <w type="NNS">warriors</w> <w type="CC">and</w> <w type="NNS">statesmen</w> <w type="NNS">passes</w> <w type="IN">through</w> <w type="AT">the</w> <w type="NN">snow</w> <w type="IN">beside</w> <w type="AT">the</w> <w type="JJ">black</w> <w type="NN">water</w> <w type="CC">and</w> <w type="IN">into</w> <w type="AT">the</w> <w type="QL">brilliantly</w> <w type="VBN">lighted</w> <w type="NN">cathedral</w> <c type="pct">,</c> <w type="AT">the</w> <w type="NN">shrine</w> <w type="IN">of</w> <w type="QL">so</w> <w type="AP">many</w> <w type="JJ">precious</w> <w type="NNS">memories</w> <c type="pct">.</c> </s>
<s n="96"><w type="AT">The</w> <w type="NNS">guns</w> <w type="BER">are</w> <w type="VBN">fired</w> <c type="pct">,</c> <w type="AT">the</w> <w type="NNS">hymns</w> <w type="BER">are</w> <w type="VBN">sung</w> <c type="pct">,</c> <w type="CC">and</w> <w type="AT">the</w> <w type="NN">body</w> <w type="IN">of</w> <w type="NP">Charles</w> <w type="BEZ">is</w> <w type="VBN">carried</w> <w type="RP">down</w> <w type="IN">to</w> <w type="AT">the</w> <w type="NN">vault</w> <w type="CC">and</w> <w type="VBN">laid</w> <w type="IN">beside</w> <w type="AT">the</w> <w type="NNS">tombs</w> <w type="IN">of</w> <w type="PPg">his</w> <w type="NNS">ancestors</w> <c type="pct">.</c> </s>
<s n="97"><w type="CS">As</w> <w type="PPS">he</w> <w type="HVD">had</w> <w type="VBN">longed</w> <w type="TO">to</w> <w type="BE">be</w> <c type="pct">,</c> <w type="PPS">he</w> <w type="VBD">became</w> <w type="AT">the</w> <w type="NN">echo</w> <w type="IN">of</w> <w type="AT">a</w> <w type="NN">saga</w> <c type="pct">.</c> </s>
</p>
<p><s n="98"><w type="NP">Heidenstam</w> <w type="VBD">wrote</w> <w type="CD">four</w> <w type="AP">other</w> <w type="NNS">works</w> <w type="IN">of</w> <w type="NN">fiction</w> <w type="IN">about</w> <w type="JJR">earlier</w> <w type="NNS">figures</w> <w type="VBN">revered</w> <w type="IN">in</w> <w type="JJ">Swedish</w> <w type="NN">memory</w> <c type="pct">.</c> </s>
<s n="99"><w type="JJ">Excellent</w> <w type="IN">in</w> <w type="PPg">their</w> <w type="NN">way</w> <c type="pct">,</c> <w type="PPSS">they</w> <w type="VB">lack</w> <w type="AT">the</w> <w type="JJ">wide</w> <w type="NN">appeal</w> <w type="IN">of</w> <w type="AT" subtype="TL">The</w> <w type="NP" subtype="TL">Charles</w> <w type="NNS" subtype="TL">Men</w> <c type="pct">,</c> <w type="CC">and</w> <w type="VB">need</w> <w type="NEG">not</w> <w type="VB">detain</w> <w type="PPO">us</w> <w type="RB">here</w> <c type="pct">.</c> </s>
<s n="100"><w type="PPS">It</w> <w type="BEZ">is</w> <w type="JJ">different</w> <w type="IN">with</w> <w type="PPg">his</w> <w type="NN">volume</w> <w type="AT" subtype="TL">The</w> <w type="NPS">Swedes</w> <w type="CC" subtype="TL">And</w> <w type="PPg" subtype="TL">Their</w> <w type="NNS" subtype="TL">Chieftains</w> <c type="pct">(</c> <w type="NPS" subtype="FW">Svenskarna</w> <w type="CC" subtype="FW">och</w> <w type="PPg" subtype="FW">deras</w> <w type="NNS" subtype="FW">Hovdingar</w> <c type="pct">)</c> <c type="pct">,</c> <w type="AT">a</w> <w type="NN">history</w> <w type="VBN">intended</w> <w type="IN">for</w> <w type="AT">the</w> <w type="JJ">general</w> <w type="NN">reader</w> <w type="CC">and</w> <w type="RB">particularly</w> <w type="VBN">suited</w> <w type="IN">for</w> <w type="JJ">high</w> <w type="NN">school</w> <w type="NNS">students</w> <c type="pct">.</c> </s>
<s n="101"><w type="RB">Admirably</w> <w type="VBN">written</w> <c type="pct">,</c> <w type="PPS">it</w> <w type="BEZ">is</w> <w type="AT">a</w> <w type="JJ">perfect</w> <w type="NN">introduction</w> <w type="IN">to</w> <w type="JJ">Swedish</w> <w type="NN">history</w> <w type="IN">for</w> <w type="NNS">readers</w> <w type="IN">of</w> <w type="AP">other</w> <w type="NNS">countries</w> <c type="pct">.</c> </s>
<s n="102"><w type="DTI">Some</w> <w type="IN">of</w> <w type="AT">the</w> <w type="JJR">earlier</w> <w type="NNS">episodes</w> <w type="HV">have</w> <w type="NNS">touches</w> <w type="IN">of</w> <w type="AT">the</w> <w type="JJ">supernatural</w> <c type="pct">,</c> <w type="CS">as</w> <w type="VBN">suited</w> <w type="IN">to</w> <w type="AT">the</w> <w type="JJ">legendary</w> <w type="NN">background</w> <c type="pct">.</c> </s>
<s n="103"><w type="DTS">These</w> <w type="BER">are</w> <w type="JJ">suggestive</w> <w type="IN">of</w> <w type="NP">Selma</w> <w type="NP">Lagerlof</w> <c type="pct">.</c> </s>
<s n="104"><w type="RB">Especially</w> <w type="JJ">touching</w> <w type="BEZ">is</w> <w type="AT">the</w> <w type="NN">chapter</w> <c type="pct">,</c> <c type="pct">``</c> <w type="AT" subtype="TL">The</w> <w type="JJ" subtype="TL">Little</w> <w type="NN" subtype="TL">Sister</w> <c type="pct">''</c> <c type="pct">,</c> <w type="IN">about</w> <w type="AT">a</w> <w type="NNg">king's</w> <w type="NN">daughter</w> <w type="WPS">who</w> <w type="VBD">became</w> <w type="AT">a</w> <w type="NN">nun</w> <w type="IN">in</w> <w type="AT">the</w> <w type="NN">convent</w> <w type="IN">of</w> <w type="NN" subtype="TL">St.</w> <w type="NP">Birgitta</w> <c type="pct">.</c> </s>
<s n="105"><w type="AT">The</w> <w type="NN">record</w> <w type="VBZ">teems</w> <w type="IN">with</w> <w type="NN">romance</w> <w type="CC">and</w> <w type="NN">adventure</w> <c type="pct">.</c> </s>
<s n="106"><w type="NP">Gustaf</w> <w type="NP">Vasa</w> <w type="BEZ">is</w> <w type="AT">a</w> <w type="JJ">superb</w> <w type="NN">example</w> <c type="pct">,</c> <w type="CC">and</w> <w type="NP">Charles</w> <w type="CD" subtype="TL">10</w> <c type="pct">,</c> <c type="pct">,</c> <w type="AT">the</w> <w type="NN">conqueror</w> <w type="IN">of</w> <w type="NP">Denmark</w> <c type="pct">,</c> <w type="QL">hardly</w> <w type="QL">less</w> <w type="RB">so</w> <c type="pct">.</c> </s>
<s n="107"><w type="IN">Of</w> <w type="NP">Gustavus</w> <w type="NP">Adolphus</w> <w type="CC">and</w> <w type="NP">Charles</w> <w type="CD" subtype="TL">12</w> <c type="pct">,</c> <w type="PPS">it</w> <w type="BEZ">is</w> <w type="JJ">unnecessary</w> <w type="TO">to</w> <w type="VB">speak</w> <c type="pct">.</c> </s>
</p>
<p></p></body></text></TEI>
