<TEI xmlns="http://www.tei-c.org/ns/1.0"><teiHeader><fileDesc><titleStmt><title>Sample G32 from  Finis Farr, Frank Lloyd Wright.
 New York: Charles Scribner's Sons, 1961. Pp. 182-188.
 </title></titleStmt><editionStmt><edition>A part  of the XML version of the Brown Corpus</edition></editionStmt><extent/><publicationStmt><idno>G32</idno><availability><p>Copyright 1961 Finis Farr. Used by permission of Charles Scribner's</p></availability></publicationStmt><sourceDesc><bibl> Finis Farr, Frank Lloyd Wright.
 New York: Charles Scribner's Sons, 1961. Pp. 182-188.
 </bibl></sourceDesc></fileDesc><encodingDesc><p>Typographical Error: harrassment [1510]</p></encodingDesc><revisionDesc><change when="2008-04-27">Header auto-generated for TEI version</change></revisionDesc></teiHeader>
<text xml:id="G32" decls="G">
<body><p><s n="1"><w type="DT">This</w> <w type="NN">time</w> <w type="PPS">he</w> <w type="BEDZ">was</w> <w type="VBG">making</w> <w type="AT">no</w> <w type="NN">mistake</w> <c type="pct">.</c> </s>
<s n="2"><w type="NP">Olgivanna</w> <c type="pct">--</c> <w type="IN">in</w> <w type="PPg">her</w> <w type="NN">country</w> <w type="AT">the</w> <w type="NN">nickname</w> <w type="BEDZ">was</w> <w type="AT">a</w> <w type="JJ">respectful</w> <w type="NN">form</w> <w type="IN">of</w> <w type="NN">address</w> <c type="pct">--</c> <w type="BEDZ">was</w> <w type="NEG">not</w> <w type="RB">only</w> <w type="JJ">attractive</w> <w type="CC">but</w> <w type="JJ">shrewd</w> <c type="pct">,</c> <w type="JJ">durable</w> <c type="pct">,</c> <w type="JJ">sensible</w> <c type="pct">,</c> <w type="CC">and</w> <w type="JJ">smart</w> <c type="pct">.</c> </s>
<s n="3"><w type="AT">No</w> <w type="NN">wonder</w> <w type="NP">Wright</w> <w type="BEDZ">was</w> <w type="VBN">enchanted</w> <c type="pct">--</c> <w type="AT">no</w> <w type="CD">two</w> <w type="RBR">better</w> <w type="VBN">suited</w> <w type="NNS">people</w> <w type="RB">ever</w> <w type="VBD">met</w> <c type="pct">.</c> </s>
<s n="4"><w type="RB">Almost</w> <w type="IN">from</w> <w type="DT">that</w> <w type="NN">day</w> <c type="pct">,</c> <w type="IN">until</w> <w type="PPg">his</w> <w type="NN">death</w> <c type="pct">,</c> <w type="NP">Olgivanna</w> <w type="BEDZ">was</w> <w type="TO">to</w> <w type="VB">stay</w> <w type="IN">at</w> <w type="PPg">his</w> <w type="NN">side</w> <c type="pct">;</c> <c type="pct">;</c> </s>
<s n="5"><w type="CC">but</w> <w type="AT">the</w> <w type="NNS">years</w> <w type="WPS">that</w> <w type="RB">immediately</w> <w type="VBN">followed</w> <w type="BED">were</w> <w type="TO">to</w> <w type="BE">be</w> <w type="RB">extraordinarily</w> <w type="JJ">trying</w> <c type="pct">,</c> <w type="ABX">both</w> <w type="IN">for</w> <w type="NP">Wright</w> <w type="CC">and</w> <w type="PPg">his</w> <w type="JJ">Montenegrin</w> <w type="NN">lady</w> <c type="pct">.</c> </s>
</p>
<p><s n="6"><w type="PPS">It</w> <w type="MD">must</w> <w type="BE">be</w> <w type="VBN">granted</w> <w type="CS">that</w> <w type="AT">the</w> <w type="NN">flouting</w> <w type="IN">of</w> <w type="NN">convention</w> <c type="pct">,</c> <w type="AT">no</w> <w type="NN">matter</w> <w type="WQL">how</w> <w type="QL">well</w> <w type="JJ">intentioned</w> <w type="PN">one</w> <w type="MD">may</w> <w type="BE">be</w> <c type="pct">,</c> <w type="BEZ">is</w> <w type="JJ">sure</w> <w type="TO">to</w> <w type="VB">lead</w> <w type="IN">to</w> <w type="NN">trouble</w> <c type="pct">,</c> <w type="CC">or</w> <w type="IN">at</w> <w type="AP">least</w> <w type="IN">to</w> <w type="AT">the</w> <w type="NN">discomfort</w> <w type="WPS">that</w> <w type="VBZ">goes</w> <w type="IN">with</w> <w type="JJ">social</w> <w type="NN">disapproval</w> <c type="pct">.</c> </s>
<s n="7"><w type="RB">Even</w> <w type="RB">so</w> <c type="pct">,</c> <w type="AP">many</w> <w type="IN">of</w> <w type="AT">the</w> <w type="NNS">things</w> <w type="WPS">that</w> <w type="VBD">happened</w> <w type="IN">to</w> <w type="NP">Wright</w> <w type="CC">and</w> <w type="NP">Olgivanna</w> <w type="VB">seem</w> <w type="QL">inordinately</w> <w type="JJ">severe</w> <c type="pct">.</c> </s>
<s n="8"><w type="PPg">Their</w> <w type="NNS">afflictions</w> <w type="VBD">centered</w> <w type="IN">on</w> <w type="CD">one</w> <w type="VBG">maddening</w> <w type="NN">difficulty</w> <c type="pct">:</c> <w type="NP">Miriam</w> <w type="VBD">held</w> <w type="RP">up</w> <w type="AT">the</w> <w type="NN">divorce</w> <w type="NNS">proceedings</w> <w type="WPO">that</w> <w type="PPS">she</w> <w type="PPL">herself</w> <w type="HVD">had</w> <w type="VBN">asked</w> <w type="IN">for</w> <c type="pct">.</c> </s>
<s n="9"><w type="NNS">Reporters</w> <w type="VBD">began</w> <w type="TO">to</w> <w type="VB">trail</w> <w type="NP">Miriam</w> <w type="RB">everywhere</w> <c type="pct">,</c> <w type="CC">and</w> <w type="TO">to</w> <w type="VB">encourage</w> <w type="PPO">her</w> <w type="TO">to</w> <w type="VB">make</w> <w type="JJ">appalling</w> <w type="NNS">statements</w> <w type="IN">about</w> <w type="NP">Wright</w> <w type="CC">and</w> <w type="PPg">his</w> <w type="NNS">doings</w> <c type="pct">.</c> </s>
<s n="10"><w type="NNS">Flocks</w> <w type="IN">of</w> <w type="NNS">writs</w> <c type="pct">,</c> <w type="NNS">attachments</w> <c type="pct">,</c> <w type="CC">and</w> <w type="JJ">unpleasant</w> <w type="JJ">legal</w> <w type="NNS">papers</w> <w type="IN">of</w> <w type="AT">every</w> <w type="NN">sort</w> <w type="VBD">began</w> <w type="TO">to</w> <w type="VB">fly</w> <w type="IN">through</w> <w type="AT">the</w> <w type="NN">air</w> <c type="pct">.</c> </s>
<s n="11"><w type="AT">The</w> <w type="VBN">distracted</w> <w type="NP">Miriam</w> <w type="MD">would</w> <w type="VB">agree</w> <w type="IN">to</w> <w type="AT">a</w> <w type="NN">settlement</w> <w type="IN">through</w> <w type="PPg">her</w> <w type="JJ">legal</w> <w type="NN">representative</w> <c type="pct">,</c> <w type="RB">then</w> <w type="VB">change</w> <w type="PPg">her</w> <w type="NN">mind</w> <w type="CC">and</w> <w type="VB">make</w> <w type="DT">another</w> <w type="NN">attack</w> <w type="IN">on</w> <w type="NP">Wright</w> <w type="CS">as</w> <w type="AT">a</w> <w type="NN">person</w> <c type="pct">.</c> </s>
<s n="12"><w type="IN">At</w> <w type="RB">last</w> <w type="PPg">her</w> <w type="NN">lawyer</w> <c type="pct">,</c> <w type="NP">Arthur</w> <w type="NP">D.</w> <w type="NP">Cloud</w> <c type="pct">,</c> <w type="VBD">gave</w> <w type="RP">up</w> <w type="AT">the</w> <w type="NN">case</w> <w type="CS">because</w> <w type="PPS">she</w> <w type="VBD">turned</w> <w type="RP">down</w> <w type="CD">three</w> <w type="JJ">successive</w> <w type="NNS">settlements</w> <w type="PPS">he</w> <w type="VBD">arranged</w> <c type="pct">.</c> </s>
<s n="13"><w type="NN" subtype="TL">Cloud</w> <w type="VBD">made</w> <w type="AT">an</w> <w type="JJ">interesting</w> <w type="NN">statement</w> <w type="IN">in</w> <w type="VBG">parting</w> <w type="IN">from</w> <w type="PPg">his</w> <w type="NN">client</w> <c type="pct">:</c> <c type="pct">``</c> <w type="PPSS">I</w> <w type="VBD">wanted</w> <w type="TO">to</w> <w type="BE">be</w> <w type="AT">a</w> <w type="NN">lawyer</w> <c type="pct">,</c> <w type="CC">and</w> <w type="NP">Mrs.</w> <w type="NP">Wright</w> <w type="VBD">wanted</w> <w type="PPO">me</w> <w type="TO">to</w> <w type="BE">be</w> <w type="AT">an</w> <w type="VBG">avenging</w> <w type="NN">angel</w> <c type="pct">.</c> </s>
<s n="14"><w type="CS">So</w> <w type="PPSS">I</w> <w type="VBD">got</w> <w type="RP">out</w> <c type="pct">.</c> </s>
<s n="15"><w type="NP">Mrs.</w> <w type="NP">Wright</w> <w type="BEZ">is</w> <w type="IN">without</w> <w type="NNS">funds</w> <c type="pct">.</c> </s>
<s n="16"><w type="AT">The</w> <w type="OD">first</w> <w type="NN">thing</w> <w type="TO">to</w> <w type="DO">do</w> <w type="BEZ">is</w> <w type="VB">get</w> <w type="PPO">her</w> <w type="DTI">some</w> <w type="NN">money</w> <w type="IN">by</w> <w type="AT">a</w> <w type="JJ">temporary</w> <w type="CC">but</w> <w type="JJ">definite</w> <w type="NN">adjustment</w> <w type="IN">pending</w> <w type="AT">a</w> <w type="JJ">final</w> <w type="NN">disposition</w> <w type="IN">of</w> <w type="AT">the</w> <w type="NN">case</w> <c type="pct">.</c> </s>
<s n="17"><w type="CC">But</w> <w type="AT">every</w> <w type="NN">time</w> <w type="PPSS">I</w> <w type="VBD">suggested</w> <w type="DT">this</w> <w type="IN">to</w> <w type="PPO">her</w> <c type="pct">,</c> <w type="NP">Mrs.</w> <w type="NP">Wright</w> <w type="VBD">turned</w> <w type="PPO">it</w> <w type="RP">down</w> <w type="CC">and</w> <w type="VBD">demanded</w> <w type="CS">that</w> <w type="PPSS">I</w> <w type="VB">go</w> <w type="RP">out</w> <w type="CC">and</w> <w type="VB">punish</w> <w type="NP">Mr.</w> <w type="NP">Wright</w> <c type="pct">.</c> </s>
<s n="18"><w type="PPSS">I</w> <w type="BEM">am</w> <w type="AT">an</w> <w type="NN">attorney</w> <c type="pct">,</c> <w type="NEG">not</w> <w type="AT">an</w> <w type="NN">instrument</w> <w type="IN">of</w> <w type="NN">vengeance</w> <c type="pct">''</c> <c type="pct">.</c> </s>
<s n="19"><w type="NP">Miriam</w> <w type="NP">Noel</w> <w type="VBD">disregarded</w> <w type="AT">the</w> <w type="JJ">free</w> <w type="NN">advice</w> <w type="IN">of</w> <w type="PPg">her</w> <w type="VBG">departing</w> <w type="NN">counselor</w> <c type="pct">,</c> <w type="CC">and</w> <w type="VBD">appointed</w> <w type="AT">a</w> <w type="JJ">heavy-faced</w> <w type="JJ">young</w> <w type="NN">man</w> <w type="VBN">named</w> <w type="NP">Harold</w> <w type="NP">Jackson</w> <w type="TO">to</w> <w type="VB">take</w> <w type="PPg">his</w> <w type="NN">place</w> <c type="pct">.</c> </s>
</p>
<p><s n="20"><w type="EX">There</w> <w type="BED">were</w> <w type="CD">three</w> <w type="NNS">years</w> <w type="IN">of</w> <w type="DT">this</w> <w type="JJ">strange</w> <w type="NN">warfare</w> <c type="pct">;</c> <c type="pct">;</c> </s>
<s n="21"><w type="CC">and</w> <w type="IN">during</w> <w type="AT">the</w> <w type="JJ">unhappy</w> <w type="NN">time</w> <c type="pct">,</c> <w type="NP">Miriam</w> <w type="RB">often</w> <w type="MD">would</w> <w type="VB">charge</w> <w type="CS">that</w> <w type="NP">Wright</w> <w type="CC">and</w> <w type="NP">Olgivanna</w> <w type="BED">were</w> <w type="NNS">misdemeanants</w> <w type="IN">against</w> <w type="AT">the</w> <w type="JJ">public</w> <w type="NN">order</w> <w type="IN">of</w> <w type="NP">Wisconsin</w> <c type="pct">.</c> </s>
<s n="22"><w type="CC">Yet</w> <w type="RB">somehow</w> <c type="pct">,</c> <w type="WRB">when</w> <w type="NNS">officers</w> <w type="BED">were</w> <w type="VBN">prodded</w> <w type="IN">into</w> <w type="VBG">visiting</w> <w type="NP">Taliesin</w> <w type="TO">to</w> <w type="VB">execute</w> <w type="AT">the</w> <w type="NNS">warrants</w> <c type="pct">,</c> <w type="PPSS">they</w> <w type="MD">would</w> <w type="VB">find</w> <w type="CC">neither</w> <w type="NP">Wright</w> <w type="CC">nor</w> <w type="NP">Olgivanna</w> <w type="IN">at</w> <w type="NN">home</w> <c type="pct">.</c> </s>
<s n="23"><w type="DT">This</w> <w type="VBD">showed</w> <w type="CS">that</w> <w type="JJ">common</w> <w type="NN">sense</w> <w type="HVD">had</w> <w type="NEG">not</w> <w type="VBN">died</w> <w type="RP">out</w> <w type="IN">at</w> <w type="AT">the</w> <w type="NN">county</w> <w type="CC">and</w> <w type="NN">village</w> <w type="NN">level</w> <c type="pct">--</c> <w type="CS">though</w> <w type="WRB">why</w> <w type="AT">the</w> <w type="JJ">unhappy</w> <w type="CC">and</w> <w type="QL">obviously</w> <w type="VBN">unbalanced</w> <w type="NN">woman</w> <w type="BEDZ">was</w> <w type="NEG">not</w> <w type="VBN">restrained</w> <w type="VBZ">remains</w> <w type="AT">a</w> <w type="NN">puzzle</w> <c type="pct">.</c> </s>
<s n="24"><w type="AT">The</w> <w type="NN">misery</w> <w type="IN">of</w> <w type="NPg">Miriam's</w> <w type="NN">bitterness</w> <w type="MD">can</w> <w type="BE">be</w> <w type="VBN">felt</w> <w type="NR">today</w> <w type="IN">by</w> <w type="PN">anyone</w> <w type="WPS">who</w> <w type="VBZ">studies</w> <w type="AT">the</w> <w type="NN">case</w> <c type="pct">--</c> <w type="PPS">it</w> <w type="BEDZ">was</w> <w type="JJ">hopeless</w> <c type="pct">,</c> <w type="JJ">agonizing</w> <c type="pct">,</c> <w type="CC">and</w> <w type="JJ">destructive</w> <c type="pct">,</c> <w type="IN">with</w> <w type="NP">Miriam</w> <w type="PPL">herself</w> <w type="VBG">bearing</w> <w type="AT">the</w> <w type="JJT">heaviest</w> <w type="NN">burden</w> <w type="IN">of</w> <w type="NN">shame</w> <w type="CC">and</w> <w type="NN">pain</w> <c type="pct">.</c> </s>
</p>
<p><s n="25"><w type="TO">To</w> <w type="VB">get</w> <w type="AT">an</w> <w type="NN">idea</w> <w type="IN">of</w> <w type="AT">the</w> <w type="NN">embarrassment</w> <w type="CC">and</w> <w type="NN">chagrin</w> <w type="WPS">that</w> <w type="BEDZ">was</w> <w type="VBN">heaped</w> <w type="IN">upon</w> <w type="NP">Wright</w> <w type="CC">and</w> <w type="NP">Olgivanna</w> <c type="pct">,</c> <w type="PPSS">we</w> <w type="MD">should</w> <w type="VB">bear</w> <w type="IN">in</w> <w type="NN">mind</w> <w type="CS">that</w> <w type="AT">the</w> <w type="NNS">raids</w> <w type="BED">were</w> <w type="RB">sometimes</w> <w type="VBN">led</w> <w type="IN">by</w> <w type="NP">Miriam</w> <w type="IN">in</w> <w type="NN">person</w> <c type="pct">.</c> </s>
<s n="26"><w type="CD">One</w> <w type="IN">of</w> <w type="AT">the</w> <w type="QL">most</w> <w type="JJ">distressing</w> <w type="IN">of</w> <w type="DTS">these</w> <w type="NNS">scenes</w> <w type="VBD">occurred</w> <w type="IN">at</w> <w type="NN" subtype="TL">Spring</w> <w type="NN" subtype="TL">Green</w> <w type="IN">toward</w> <w type="AT">the</w> <w type="NN">end</w> <w type="IN">of</w> <w type="AT">the</w> <w type="JJ">open</w> <w type="NN">warfare</w> <c type="pct">,</c> <w type="IN">on</w> <w type="AT">a</w> <w type="JJ">beautiful</w> <w type="NN">day</w> <w type="IN">in</w> <w type="NP">June</w> <c type="pct">.</c> </s>
<s n="27"><w type="IN">At</w> <w type="DT">this</w> <w type="NN">time</w> <w type="NP">Miriam</w> <w type="NP">Noel</w> <w type="VBD">appeared</w> <c type="pct">,</c> <w type="VBG">urging</w> <w type="RP">on</w> <w type="NN" subtype="TL">Constable</w> <w type="NP">Henry</w> <w type="NP">Pengally</w> <c type="pct">,</c> <w type="WPg">whose</w> <w type="NN">name</w> <w type="VBD">showed</w> <w type="PPO">him</w> <w type="TO">to</w> <w type="BE">be</w> <w type="AT">a</w> <w type="NN">descendant</w> <w type="IN">of</w> <w type="AT">the</w> <w type="JJ">Welsh</w> <w type="NNS">settlers</w> <w type="IN">in</w> <w type="AT">the</w> <w type="NN">neighborhood</w> <c type="pct">.</c> </s>
<s n="28"><w type="AT">A</w> <w type="NN">troop</w> <w type="IN">of</w> <w type="NNS">reporters</w> <w type="VBD">brought</w> <w type="RP">up</w> <w type="AT">the</w> <w type="NN">rear</w> <c type="pct">.</c> </s>
<s n="29"><w type="NP">Miriam</w> <w type="BEDZ">was</w> <w type="VBN">stopped</w> <w type="IN">at</w> <w type="AT">the</w> <w type="NP">Taliesin</w> <w type="NN">gate</w> <c type="pct">,</c> <w type="CC">and</w> <w type="NP">William</w> <w type="NP">Weston</w> <c type="pct">,</c> <w type="RB">now</w> <w type="AT">the</w> <w type="NN">estate</w> <w type="NN">foreman</w> <c type="pct">,</c> <w type="VBD">came</w> <w type="RP">out</w> <w type="IN">to</w> <w type="VB">parley</w> <c type="pct">.</c> </s>
<s n="30"><w type="PPS">He</w> <w type="VBD">said</w> <w type="CS">that</w> <w type="NP">Mr.</w> <w type="NP">Wright</w> <w type="BEDZ">was</w> <w type="NEG">not</w> <w type="RP">in</w> <c type="pct">,</c> <w type="CC">and</w> <w type="RB">so</w> <w type="MD">could</w> <w type="NEG">not</w> <w type="BE">be</w> <w type="VBN">arrested</w> <w type="IN">on</w> <w type="PN">something</w> <w type="VBN">called</w> <w type="AT">a</w> <w type="NN">peace</w> <w type="NN">warrant</w> <w type="WPO">that</w> <w type="NP">Miriam</w> <w type="BEDZ">was</w> <w type="VBG">waving</w> <w type="IN">in</w> <w type="AT">the</w> <w type="NN">air</w> <c type="pct">.</c> </s>
<s n="31"><w type="NP">Miriam</w> <w type="RB">now</w> <w type="VBD">ordered</w> <w type="NP">Pengally</w> <w type="TO">to</w> <w type="VB">break</w> <w type="RP">down</w> <w type="AT">the</w> <w type="NN">gate</w> <c type="pct">,</c> <w type="CC">but</w> <w type="PPS">he</w> <w type="VBD">said</w> <w type="PPS">he</w> <w type="RB">really</w> <mw pos="MD *">couldn't </mw><w type="VB">go</w> <w type="QL">that</w> <w type="RB">far</w> <c type="pct">.</c> </s>
<s n="32"><w type="IN">At</w> <w type="DT">this</w> <w type="NN">point</w> <w type="NP">Mrs.</w> <w type="NP">Frances</w> <w type="NP">Cupply</w> <c type="pct">,</c> <w type="CD">one</w> <w type="IN">of</w> <w type="NPg">Wright's</w> <w type="JJ">handsome</w> <w type="NNS">daughters</w> <w type="IN">by</w> <w type="PPg">his</w> <w type="OD">first</w> <w type="NN">wife</w> <c type="pct">,</c> <w type="VBD">came</w> <w type="IN">from</w> <w type="AT">the</w> <w type="NN">house</w> <w type="CC">and</w> <w type="VBD">tried</w> <w type="TO">to</w> <w type="VB">calm</w> <w type="NP">Miriam</w> <w type="CS">as</w> <w type="PPS">she</w> <w type="VBD">tore</w> <w type="RP">down</w> <w type="AT">a</w> <w type="AT">no</w> <w type="NNS">visitors</w> <w type="VB">sign</w> <w type="CC">and</w> <w type="VBD">smashed</w> <w type="AT">the</w> <w type="NN">glass</w> <w type="NN">pane</w> <w type="IN">on</w> <w type="DT">another</w> <w type="NN">sign</w> <w type="IN">with</w> <w type="AT">a</w> <w type="NN">rock</w> <c type="pct">.</c> </s>
</p>
<p><s n="33"><w type="NP">Miriam</w> <w type="NP">Noel</w> <w type="NP">Wright</w> <w type="VBD">said</w> <c type="pct">,</c> <c type="pct">``</c> <w type="RB">Here</w> <w type="PPSS">I</w> <w type="BEM">am</w> <w type="IN">at</w> <w type="PPg">my</w> <w type="JJ">own</w> <w type="NR">home</w> <c type="pct">,</c> <w type="VBN">locked</w> <w type="RP">out</w> <w type="CS">so</w> <w type="PPSS">I</w> <w type="MD">must</w> <w type="VB">stand</w> <w type="IN">in</w> <w type="AT">the</w> <w type="NN">road</w> <c type="pct">''</c> <c type="pct">!</c> <c type="pct">!</c> </s>
<s n="34"><w type="RB">Then</w> <w type="PPS">she</w> <w type="VBD">rounded</w> <w type="IN">on</w> <w type="NP">Weston</w> <w type="CC">and</w> <w type="VBD">cried</w> <c type="pct">,</c> <c type="pct">``</c> <w type="PPSS">You</w> <w type="RB">always</w> <w type="DOD">did</w> <w type="NPg">Wright's</w> <w type="JJ">dirty</w> <w type="NN">work</w> <c type="pct">!</c> <c type="pct">!</c> </s>
<s n="35"><w type="WRB">When</w> <w type="PPSS">I</w> <w type="VB">take</w> <w type="RP">over</w> <w type="NP">Taliesin</w> <c type="pct">,</c> <w type="AT">the</w> <w type="OD">first</w> <w type="NN">thing</w> <mw pos="PPSS MD">I'll </mw><w type="DO">do</w> <w type="BEZ">is</w> <w type="VB">fire</w> <w type="PPO">you</w> <c type="pct">''</c> <c type="pct">.</c> </s>
</p>
<p><s n="36"><c type="pct">``</c> <w type="NP">Madame</w> <w type="NP">Noel</w> <c type="pct">,</c> <w type="PPSS">I</w> <w type="VB">think</w> <w type="PPO">you</w> <w type="HVN">had</w> <w type="RBR">better</w> <w type="VB">go</w> <c type="pct">''</c> <c type="pct">,</c> <w type="VBD">said</w> <w type="NP">Mrs.</w> <w type="NP">Cupply</w> <c type="pct">.</c> </s>
</p>
<p><s n="37"><c type="pct">``</c> <w type="CC">And</w> <w type="PPSS">I</w> <w type="VB">think</w> <w type="PPSS">you</w> <w type="HVD">had</w> <w type="RBR">better</w> <w type="VB">leave</w> <c type="pct">''</c> <c type="pct">,</c> <w type="VBD">replied</w> <w type="NP">Miriam</w> <c type="pct">.</c> </s>
<s n="38"><w type="VBG">Turning</w> <w type="IN">to</w> <w type="AT">the</w> <w type="NNS">reporters</w> <c type="pct">,</c> <w type="PPS">she</w> <w type="VBD">asked</w> <c type="pct">,</c> <c type="pct">``</c> <w type="DOD">Did</w> <w type="PPSS">you</w> <w type="VB">hear</w> <w type="PPO">her</w> <c type="pct">?</c> <c type="pct">?</c> </s>
<s n="39"><c type="pct">'</c> <w type="PPSS">I</w> <w type="VB">think</w> <w type="PPSS">you</w> <w type="HVD">had</w> <w type="RBR">better</w> <w type="VB">leave</w> <c type="pct">'</c> <c type="pct">!</c> <c type="pct">!</c> </s>
<s n="40"><w type="CC">And</w> <w type="DT">this</w> <w type="BEZ">is</w> <w type="PPg">my</w> <w type="JJ">own</w> <w type="NN">home</w> <c type="pct">''</c> <c type="pct">.</c> </s>
<s n="41"><w type="IN">In</w> <w type="AT">the</w> <w type="NN">silence</w> <w type="WPS">that</w> <w type="VBD">followed</w> <c type="pct">,</c> <w type="NP">Miriam</w> <w type="VBD">walked</w> <w type="RB">close</w> <w type="IN">to</w> <w type="NP">Mrs.</w> <w type="NP">Cupply</w> <c type="pct">,</c> <w type="WPS">who</w> <w type="VBD">drew</w> <w type="RB">back</w> <w type="AT">a</w> <w type="NN">step</w> <w type="IN">on</w> <w type="PPg">her</w> <w type="NN">side</w> <w type="IN">of</w> <w type="AT">the</w> <w type="NN">gate</w> <c type="pct">.</c> </s>
<s n="42"><w type="RB">Then</w> <c type="pct">,</c> <w type="IN">with</w> <w type="VBG">staring</w> <w type="NNS">eyes</w> <w type="CC">and</w> <w type="NNS">lips</w> <w type="VBN">drawn</w> <w type="JJ">thin</w> <c type="pct">,</c> <w type="NP">Miriam</w> <w type="VBD">said</w> <w type="IN">to</w> <w type="AT">the</w> <w type="JJ">young</w> <w type="NN">woman</w> <c type="pct">,</c> <c type="pct">``</c> <w type="PPSS">You</w> <w type="BER">are</w> <w type="JJ">ugly</w> <c type="pct">--</c> <w type="JJR">uglier</w> <w type="CS">than</w> <w type="PPSS">you</w> <w type="VBD">used</w> <w type="TO">to</w> <w type="BE">be</w> <c type="pct">,</c> <w type="CC">and</w> <w type="PPSS">you</w> <w type="BED">were</w> <w type="RB">always</w> <w type="QL">very</w> <w type="JJ">ugly</w> <c type="pct">.</c> </s>
<s n="43"><w type="PPSS">You</w> <w type="BER">are</w> <w type="QL">even</w> <w type="JJR">uglier</w> <w type="CS">than</w> <w type="NP">Mr.</w> <w type="NP">Wright</w> <c type="pct">''</c> <c type="pct">.</c> </s>
</p>
<p><s n="44"><w type="AT">The</w> <w type="NN">animosity</w> <w type="VBN">expressed</w> <w type="IN">by</w> <w type="ABL">such</w> <w type="AT">a</w> <w type="NN">scene</w> <w type="HVD">had</w> <w type="AT">the</w> <w type="JJ">penetrating</w> <w type="NN">quality</w> <w type="IN">of</w> <w type="AT">a</w> <w type="JJ">natural</w> <w type="NN">force</w> <c type="pct">;</c> <c type="pct">;</c> </s>
<s n="45"><w type="CC">and</w> <w type="PPS">it</w> <w type="VBD">gave</w> <w type="NP">Miriam</w> <w type="NP">Noel</w> <w type="AT">a</w> <w type="NN">fund</w> <w type="IN">of</w> <w type="NN">energy</w> <w type="CS">like</w> <w type="DT">that</w> <w type="IN">of</w> <w type="AT">a</w> <w type="NN">person</w> <w type="VBN">inspired</w> <w type="TO">to</w> <w type="VB">complete</w> <w type="DTI">some</w> <w type="JJ">great</w> <w type="CC">and</w> <w type="JJ">universal</w> <w type="NN">work</w> <w type="IN">of</w> <w type="NN">art</w> <c type="pct">.</c> </s>
<s n="46"><w type="CS">As</w> <w type="CS">if</w> <w type="TO">to</w> <w type="VB">make</w> <w type="JJ">certain</w> <w type="CS">that</w> <w type="NP">Wright</w> <w type="MD">would</w> <w type="BE">be</w> <w type="JJ">unable</w> <w type="TO">to</w> <w type="VB">pay</w> <w type="DTI">any</w> <w type="NN">settlement</w> <w type="IN">at</w> <w type="ABN">all</w> <c type="pct">,</c> <w type="NP">Miriam</w> <w type="VBD">wrote</w> <w type="IN">to</w> <w type="JJ">prospective</w> <w type="NNS">clients</w> <w type="VBG">denouncing</w> <w type="PPO">him</w> <c type="pct">;</c> <c type="pct">;</c> </s>
<s n="47"><w type="PPS">she</w> <w type="RB">also</w> <w type="VBD">went</w> <w type="IN">to</w> <w type="NP">Washington</w> <w type="CC">and</w> <w type="VBD">appealed</w> <w type="IN">to</w> <w type="NN" subtype="TL">Senator</w> <w type="NP">George</w> <w type="NP">William</w> <w type="NP">Norris</w> <w type="IN">of</w> <w type="NP">Nebraska</w> <c type="pct">,</c> <w type="AT">the</w> <w type="VBG" subtype="TL">Fighting</w> <w type="NN" subtype="TL">Liberal</w> <c type="pct">,</c> <w type="IN">from</w> <w type="WPg">whose</w> <w type="NN">office</w> <w type="AT">a</w> <w type="JJ">sympathetic</w> <w type="CC">but</w> <w type="JJ">cautious</w> <w type="NN">harrumphing</w> <w type="BEDZ">was</w> <w type="VBN">heard</w> <c type="pct">.</c> </s>
<s n="48"><w type="RB">Then</w> <c type="pct">,</c> <w type="IN">after</w> <w type="NNS">overtures</w> <w type="TO">to</w> <w type="VB">accept</w> <w type="AT">a</w> <w type="NN">settlement</w> <w type="CC">and</w> <w type="VB">go</w> <w type="RP">through</w> <w type="IN">with</w> <w type="AT">a</w> <w type="NN">divorce</w> <c type="pct">,</c> <w type="NP">Miriam</w> <w type="VBD">gave</w> <w type="AT">a</w> <w type="JJ">ghastly</w> <w type="NN">echo</w> <w type="IN">of</w> <w type="NP">Mrs.</w> <w type="NP">Micawber</w> <w type="IN">by</w> <w type="RB">suddenly</w> <w type="VBG">stating</w> <c type="pct">,</c> <c type="pct">``</c> <w type="PPSS">I</w> <w type="MD">will</w> <w type="RB">never</w> <w type="VB">leave</w> <w type="NP">Mr.</w> <w type="NP">Wright</w> <c type="pct">''</c> <c type="pct">.</c> </s>
</p>
<p><s n="49"><w type="IN">Under</w> <w type="DT">this</w> <w type="NN">kind</w> <w type="IN">of</w> <w type="NN">pressure</w> <c type="pct">,</c> <w type="PPS">it</w> <w type="BEZ">is</w> <w type="NEG">not</w> <w type="JJ">surprising</w> <w type="CS">that</w> <w type="NP">Wright</w> <w type="MD">would</w> <w type="VB">make</w> <w type="VBG">sweeping</w> <w type="NNS">statements</w> <w type="IN">to</w> <w type="AT">the</w> <w type="NNS">newspapers</w> <c type="pct">.</c> </s>
<s n="50"><w type="NP">Miriam</w> <w type="HVD">had</w> <w type="NEG">not</w> <w type="RB">yet</w> <w type="VBN">goaded</w> <w type="PPO">him</w> <w type="IN">into</w> <w type="VBG">mentioning</w> <w type="PPO">her</w> <w type="RB">directly</w> <c type="pct">,</c> <w type="CC">but</w> <w type="PN">one</w> <w type="MD">can</w> <w type="VB">feel</w> <w type="AT">the</w> <w type="VBN">generalized</w> <w type="NN">anger</w> <w type="IN">in</w> <w type="NPg">Wright's</w> <w type="NNS">remarks</w> <w type="IN">to</w> <w type="NNS">reporters</w> <w type="WRB">when</w> <w type="PPS">he</w> <w type="BEDZ">was</w> <w type="VBN">asked</w> <c type="pct">,</c> <w type="CD">one</w> <w type="NN">morning</w> <w type="IN">on</w> <w type="NN">arrival</w> <w type="IN">in</w> <w type="NP">Chicago</w> <c type="pct">,</c> <w type="WDT">what</w> <w type="PPS">he</w> <w type="VBD">thought</w> <w type="IN">of</w> <w type="AT">the</w> <w type="NN">city</w> <w type="CS">as</w> <w type="AT">a</w> <w type="NN">whole</w> <c type="pct">.</c> </s>
<s n="51"><w type="RB">First</w> <c type="pct">,</c> <w type="NP">Wright</w> <w type="VBD">said</w> <c type="pct">,</c> <w type="PPS">he</w> <w type="BEDZ">was</w> <w type="VBN">choked</w> <w type="IN">by</w> <w type="AT">the</w> <w type="NN">smoke</w> <c type="pct">,</c> <w type="WDT">which</w> <w type="RB">fortunately</w> <w type="VBD">kept</w> <w type="PPO">him</w> <w type="IN">from</w> <w type="VBG">seeing</w> <w type="AT">the</w> <w type="JJ">dreadful</w> <w type="NN">town</w> <c type="pct">.</c> </s>
<s n="52"><w type="CC">But</w> <w type="RB">surely</w> <w type="NP" subtype="TL">Michigan</w> <w type="NN" subtype="TL">Avenue</w> <w type="BEDZ">was</w> <w type="JJ">handsome</w> <c type="pct">?</c> <c type="pct">?</c> </s>
<s n="53"><c type="pct">``</c> <w type="DT">That</w> <mw pos="BEZ *">isn't </mw><w type="AT">a</w> <w type="NN">boulevard</w> <c type="pct">,</c> <mw pos="PPS BEZ">it's </mw><w type="AT">a</w> <w type="NN">racetrack</w> <c type="pct">''</c> <c type="pct">!</c> <c type="pct">!</c> </s>
<s n="54"><w type="VBD">Cried</w> <w type="NP">Wright</w> <c type="pct">,</c> <w type="VBG">showing</w> <w type="CS">that</w> <w type="NNS">automobiles</w> <w type="BED">were</w> <w type="VBN">considered</w> <w type="TO">to</w> <w type="BE">be</w> <w type="AT">a</w> <w type="NN">danger</w> <w type="QL">as</w> <w type="RB">early</w> <w type="CS">as</w> <w type="AT">the</w> <w type="NNS">1920's</w> <c type="pct">.</c> </s>
<s n="55"><c type="pct">``</c> <w type="DT">This</w> <w type="BEZ">is</w> <w type="AT">a</w> <w type="JJ">horrible</w> <w type="NN">way</w> <w type="TO">to</w> <w type="VB">live</w> <c type="pct">''</c> <c type="pct">,</c> <w type="NP">Wright</w> <w type="VBD">went</w> <w type="RP">on</w> <c type="pct">.</c> </s>
<s n="56"><c type="pct">``</c> <w type="PPSS">You</w> <w type="BER">are</w> <w type="BEG">being</w> <w type="VBN">strangled</w> <w type="IN">by</w> <w type="NN">traffic</w> <c type="pct">''</c> <c type="pct">.</c> </s>
<s n="57"><w type="PPS">He</w> <w type="BEDZ">was</w> <w type="RB">then</w> <w type="VBN">asked</w> <w type="IN">for</w> <w type="AT">a</w> <w type="NN">solution</w> <w type="IN">of</w> <w type="AT">the</w> <w type="NN">difficulty</w> <c type="pct">,</c> <w type="CC">and</w> <w type="VBD">began</w> <w type="TO">to</w> <w type="VB">talk</w> <w type="JJ">trenchant</w> <w type="NN">sense</w> <c type="pct">,</c> <w type="CS">though</w> <w type="JJ">private</w> <w type="NN">anguish</w> <w type="VBD">showed</w> <w type="RP">through</w> <w type="IN">in</w> <w type="AT">the</w> <w type="NN">vehemence</w> <w type="IN">of</w> <w type="PPg">his</w> <w type="NN">manner</w> <c type="pct">.</c> </s>
<s n="58"><c type="pct">``</c> <w type="VB">Take</w> <w type="AT">a</w> <w type="JJ">gigantic</w> <w type="NN">knife</w> <w type="CC">and</w> <w type="VB">sweep</w> <w type="PPO">it</w> <w type="IN">over</w> <w type="AT">the</w> <w type="NN" subtype="TL">Loop</w> <c type="pct">''</c> <c type="pct">,</c> <w type="NP">Wright</w> <w type="VBD">said</w> <c type="pct">.</c> </s>
<s n="59"><c type="pct">``</c> <w type="VB">Cut</w> <w type="RP">off</w> <w type="AT">every</w> <w type="NN">building</w> <w type="IN">at</w> <w type="AT">the</w> <w type="OD">seventh</w> <w type="NN">floor</w> <c type="pct">.</c> </s>
<s n="60"><w type="VB">Spread</w> <w type="PN">everything</w> <w type="RP">out</w> <c type="pct">.</c> </s>
<s n="61"><w type="PPSS">You</w> <mw pos="DO *">don't </mw><w type="VB">need</w> <w type="NN">concentration</w> <c type="pct">.</c> </s>
<s n="62"><w type="CS">If</w> <w type="PPSS">you</w> <w type="VB">cut</w> <w type="RP">down</w> <w type="DTS">these</w> <w type="JJ">horrible</w> <w type="NNS">buildings</w> <mw pos="PPSS MD">you'll </mw><w type="HV">have</w> <w type="QL">no</w> <w type="AP">more</w> <w type="NN">traffic</w> <w type="NNS">jams</w> <c type="pct">.</c> </s>
<s n="63"><mw pos="PPSS MD">You'll </mw><w type="HV">have</w> <w type="NNS">trees</w> <w type="RB">again</w> <c type="pct">.</c> </s>
<s n="64"><mw pos="PPSS MD">You'll </mw><w type="HV">have</w> <w type="DTI">some</w> <w type="NN">joy</w> <w type="IN">in</w> <w type="AT">the</w> <w type="NN">life</w> <w type="IN">of</w> <w type="DT">this</w> <w type="NN">city</w> <c type="pct">.</c> </s>
<s n="65"><w type="IN">After</w> <w type="ABN">all</w> <c type="pct">,</c> <mw pos="DT BEZ">that's </mw><w type="AT">the</w> <w type="NN">job</w> <w type="IN">of</w> <w type="AT">the</w> <w type="NN">architect</w> <c type="pct">--</c> <w type="TO">to</w> <w type="VB">give</w> <w type="AT">the</w> <w type="NN">world</w> <w type="AT">a</w> <w type="AP">little</w> <w type="NN">joy</w> <c type="pct">''</c> <c type="pct">.</c> </s>
</p>
<p><s n="66"><w type="AP">Little</w> <w type="QLP">enough</w> <w type="NN">joy</w> <w type="BEDZ">was</w> <w type="VBN">afforded</w> <w type="NP">Wright</w> <w type="IN">in</w> <w type="AT">the</w> <w type="NN">spring</w> <w type="IN">of</w> <w type="CD">1925</w> <c type="pct">,</c> <w type="WRB">when</w> <w type="DT">another</w> <w type="JJ">destructive</w> <w type="NN">fire</w> <w type="VBD">broke</w> <w type="RP">out</w> <w type="IN">at</w> <w type="NP">Taliesin</w> <c type="pct">.</c> </s>
<s n="67"><w type="AT">The</w> <w type="OD">first</w> <w type="NN">news</w> <w type="NNS">stories</w> <w type="HVD">had</w> <w type="PPO">it</w> <w type="CS">that</w> <w type="DT">this</w> <w type="NN">blaze</w> <w type="BEDZ">was</w> <w type="VBN">started</w> <w type="IN">by</w> <w type="AT">a</w> <w type="NN">bolt</w> <w type="IN">of</w> <w type="NN">lightning</w> <c type="pct">,</c> <w type="CS">as</w> <w type="CS">though</w> <w type="NP">Miriam</w> <w type="MD">could</w> <w type="VB">call</w> <w type="RP">down</w> <w type="NN">fire</w> <w type="IN">from</w> <w type="NN">heaven</w> <w type="CS">like</w> <w type="AT">a</w> <w type="NN">prophet</w> <w type="IN">of</w> <w type="AT">the</w> <w type="JJ" subtype="TL">Old</w> <w type="NN" subtype="TL">Testament</w> <c type="pct">.</c> </s>
<s n="68"><w type="AT">A</w> <w type="NN">storm</w> <w type="DOD">did</w> <w type="VB">take</w> <w type="NN">place</w> <w type="DT">that</w> <w type="NN">night</w> <c type="pct">,</c> <w type="CC">and</w> <w type="RB">fortunately</w> <w type="QLP">enough</w> <c type="pct">,</c> <w type="PPS">it</w> <w type="VBD">included</w> <w type="AT">a</w> <w type="NN">cloudburst</w> <w type="WPS">that</w> <w type="VBD">helped</w> <w type="VB">put</w> <w type="RP">out</w> <w type="AT">the</w> <w type="NNS">flames</w> <c type="pct">.</c> </s>
<s n="69"><w type="JJR">Later</w> <w type="NNS">accounts</w> <w type="VBD">blamed</w> <w type="JJ">defective</w> <w type="NN">wiring</w> <w type="IN">for</w> <w type="VBG">starting</w> <w type="AT">the</w> <w type="NN">fire</w> <c type="pct">;</c> <c type="pct">;</c> </s>
<s n="70"><w type="IN">at</w> <w type="DTI">any</w> <w type="NN">rate</w> <c type="pct">,</c> <w type="NN">heat</w> <w type="VBD">grew</w> <w type="QL">so</w> <w type="JJ">intense</w> <w type="IN">in</w> <w type="AT">the</w> <w type="JJS">main</w> <w type="NN">part</w> <w type="IN">of</w> <w type="AT">the</w> <w type="NN">house</w> <w type="CS">that</w> <w type="PPS">it</w> <w type="VBD">melted</w> <w type="AT">the</w> <w type="NN">window</w> <w type="NNS">panes</w> <c type="pct">,</c> <w type="CC">and</w> <w type="VBD">fused</w> <w type="AT">the</w> <w type="NP">K'ang-si</w> <w type="NN">pottery</w> <w type="IN">to</w> <w type="NNS">cinders</w> <c type="pct">.</c> </s>
<s n="71"><w type="NP">Wright</w> <w type="VBD">set</w> <w type="PPg">his</w> <w type="NN">loss</w> <w type="IN">at</w> <w type="NNS">$200,000</w> <c type="pct">,</c> <w type="AT">a</w> <w type="NN">figure</w> <w type="RB">perhaps</w> <w type="VBN">justified</w> <w type="IN">by</w> <w type="AT">the</w> <w type="JJ">unique</w> <w type="NN">character</w> <w type="IN">of</w> <w type="AT">the</w> <w type="NN">house</w> <w type="WPS">that</w> <w type="HVD">had</w> <w type="BEN">been</w> <w type="VBN">ruined</w> <c type="pct">,</c> <w type="CC">and</w> <w type="AT">the</w> <w type="JJ">faultless</w> <w type="NN">taste</w> <w type="WPS">that</w> <w type="HVD">had</w> <w type="VBN">gone</w> <w type="IN">into</w> <w type="AT">the</w> <w type="NN">selection</w> <w type="IN">of</w> <w type="AT">the</w> <w type="NNS">prints</w> <w type="CC">and</w> <w type="AP">other</w> <w type="NNS">things</w> <w type="WPS">that</w> <w type="BED">were</w> <w type="VBN">destroyed</w> <c type="pct">.</c> </s>
<s n="72"><w type="IN">In</w> <w type="NN">spite</w> <w type="IN">of</w> <w type="AT">the</w> <w type="NN">disaster</w> <c type="pct">,</c> <w type="NP">Wright</w> <w type="VBD">completed</w> <w type="IN">during</w> <w type="DT">this</w> <w type="NN">period</w> <w type="NNS">plans</w> <w type="IN">for</w> <w type="AT">the</w> <w type="NN" subtype="TL">Lake</w> <w type="NP" subtype="TL">Tahoe</w> <w type="NN">resort</w> <c type="pct">,</c> <w type="IN">in</w> <w type="WDT">which</w> <w type="PPS">he</w> <w type="VBD">suggested</w> <w type="AT">the</w> <w type="NNS">shapes</w> <w type="IN">of</w> <w type="JJ" subtype="TL">American</w> <w type="JJ" subtype="TL">Indian</w> <w type="NNS">tepees</w> <c type="pct">--</c> <w type="AT">a</w> <w type="NN">project</w> <w type="IN">of</w> <w type="JJ">great</w> <w type="CC">and</w> <w type="JJ">appropriate</w> <w type="NN">charm</w> <c type="pct">,</c> <w type="DT">that</w> <w type="VBD">came</w> <w type="IN">to</w> <w type="PN">nothing</w> <c type="pct">.</c> </s>
<s n="73"><w type="IN">Amid</w> <w type="AT">a</w> <w type="NN">shortage</w> <w type="IN">of</w> <w type="JJ">profitable</w> <w type="NN">work</w> <c type="pct">,</c> <w type="AT">the</w> <w type="NN">memory</w> <w type="IN">of</w> <w type="NP">Albert</w> <w type="NPg">Johnson's</w> <w type="NNS">$20,000</w> <w type="VBD">stood</w> <w type="RP">out</w> <w type="IN">in</w> <w type="JJ">lonely</w> <w type="NN">grandeur</w> <c type="pct">--</c> <w type="AT">the</w> <w type="NN">money</w> <w type="HVD">had</w> <w type="RB">quickly</w> <w type="VBN">melted</w> <w type="RB">away</w> <c type="pct">.</c> </s>
<s n="74"><w type="AT">A</w> <w type="NN">series</w> <w type="IN">of</w> <w type="NNS">conferences</w> <w type="IN">with</w> <w type="NNS">friends</w> <w type="CC">and</w> <w type="NNS">bankers</w> <w type="VBD">began</w> <w type="RB">about</w> <w type="DT">this</w> <w type="NN">time</w> <c type="pct">;</c> <c type="pct">;</c> </s>
<s n="75"><w type="CC">and</w> <w type="AT">the</w> <w type="NN">question</w> <w type="IN">before</w> <w type="DTS">these</w> <w type="NNS">meetings</w> <w type="BEDZ">was</w> <c type="pct">,</c> <w type="RB">here</w> <w type="BEZ">is</w> <w type="AT">a</w> <w type="NN">man</w> <w type="IN">of</w> <w type="JJ">international</w> <w type="NN">reputation</w> <w type="CC">and</w> <w type="VBN">proved</w> <w type="VBG">earning</w> <w type="NN">power</w> <c type="pct">;</c> <c type="pct">;</c> </s>
<s n="76"><w type="WRB">how</w> <w type="MD">can</w> <w type="PPS">he</w> <w type="BE">be</w> <w type="VBN">financed</w> <w type="CS">so</w> <w type="CS">that</w> <w type="PPS">he</w> <w type="MD">can</w> <w type="VB">find</w> <w type="AT">the</w> <w type="NN">work</w> <w type="PPS">he</w> <w type="MD">ought</w> <w type="TO">to</w> <w type="DO">do</w> <c type="pct">?</c> <c type="pct">?</c> </s>
<s n="77"><w type="CS">While</w> <w type="DT">this</w> <w type="BEDZ">was</w> <w type="IN">under</w> <w type="NN">consideration</w> <c type="pct">,</c> <w type="JJ">dauntless</w> <w type="CS">as</w> <w type="RB">ever</w> <w type="NP">Wright</w> <w type="VBD">set</w> <w type="IN">about</w> <w type="AT">the</w> <w type="NN">building</w> <w type="IN">of</w> <w type="NP">Taliesin</w> <w type="CD">3</w> <c type="pct">.</c> </s>
</p>
<p><s n="78"><w type="CS">As</w> <w type="PPS">he</w> <w type="VBD">made</w> <w type="NNS">plans</w> <w type="IN">for</w> <w type="AT">the</w> <w type="JJ">new</w> <w type="NP">Taliesin</w> <c type="pct">,</c> <w type="NP">Wright</w> <w type="RB">also</w> <w type="VBD">got</w> <w type="IN">on</w> <w type="NN">paper</w> <w type="PPg">his</w> <w type="NN">conception</w> <w type="IN">of</w> <w type="AT">a</w> <w type="NN">cathedral</w> <w type="IN">of</w> <w type="NN">steel</w> <w type="CC">and</w> <w type="NN">glass</w> <w type="TO">to</w> <w type="VB">house</w> <w type="AT">a</w> <w type="NN">congregation</w> <w type="IN">of</w> <w type="ABN">all</w> <w type="NNS">faiths</w> <c type="pct">,</c> <w type="CC">and</w> <w type="AT">the</w> <w type="NN">idea</w> <w type="IN">for</w> <w type="AT">a</w> <w type="NN">planetarium</w> <w type="IN">with</w> <w type="AT">a</w> <w type="VBG">sloping</w> <w type="NN">ramp</w> <c type="pct">.</c> </s>
<s n="79"><w type="NNS">Years</w> <w type="BED">were</w> <w type="TO">to</w> <w type="VB">pass</w> <w type="CS">before</w> <w type="DTS">these</w> <w type="NNS">plans</w> <w type="VBD">came</w> <w type="IN">off</w> <w type="AT">the</w> <w type="NN">paper</w> <c type="pct">,</c> <w type="CC">and</w> <w type="NP">Wright</w> <w type="BEDZ">was</w> <w type="VBN">justified</w> <w type="IN">in</w> <w type="VBG">thinking</w> <c type="pct">,</c> <w type="CS">as</w> <w type="AT">the</w> <w type="NNS">projects</w> <w type="VBD">failed</w> <c type="pct">,</c> <w type="CS">that</w> <w type="AP">much</w> <w type="IN">of</w> <w type="WDT">what</w> <w type="PPS">he</w> <w type="HVD">had</w> <w type="TO">to</w> <w type="VB">show</w> <w type="PPg">his</w> <w type="NN">country</w> <w type="CC">and</w> <w type="AT">the</w> <w type="NN">world</w> <w type="MD">would</w> <w type="RB">never</w> <w type="BE">be</w> <w type="VBN">seen</w> <w type="RB">except</w> <w type="IN">by</w> <w type="NNS">visitors</w> <w type="IN">to</w> <w type="NP">Taliesin</w> <c type="pct">.</c> </s>
<s n="80"><w type="CC">And</w> <w type="RB">now</w> <w type="EX">there</w> <w type="BEDZ">was</w> <w type="DTI">some</w> <w type="NN">question</w> <w type="IN">as</w> <w type="IN">to</w> <w type="PPg">his</w> <w type="VBN">continued</w> <w type="NN">residence</w> <w type="RB">there</w> <c type="pct">.</c> </s>
<s n="81"><w type="NP">Billy</w> <w type="NP">Koch</w> <c type="pct">,</c> <w type="WPS">who</w> <w type="HVD">had</w> <w type="RB">once</w> <w type="VBN">worked</w> <w type="IN">for</w> <w type="NP">Wright</w> <w type="CS">as</w> <w type="AT">a</w> <w type="NN">chauffeur</w> <c type="pct">,</c> <w type="VBD">gave</w> <w type="AT">a</w> <w type="NN">deposition</w> <w type="IN">for</w> <w type="NPg">Miriam's</w> <w type="NN">use</w> <w type="WPO">that</w> <w type="PPS">he</w> <w type="HVD">had</w> <w type="VBN">seen</w> <w type="NP">Olgivanna</w> <w type="VBG">living</w> <w type="IN">at</w> <w type="NP">Taliesin</w> <c type="pct">.</c> </s>
<s n="82"><w type="DT">This</w> <w type="MD">might</w> <w type="VB">put</w> <w type="NP">Wright</w> <w type="IN">in</w> <w type="ABL">such</w> <w type="AT">a</w> <w type="JJ">bad</w> <w type="NN">light</w> <w type="IN">before</w> <w type="AT">a</w> <w type="NN">court</w> <w type="CS">that</w> <w type="NP">Miriam</w> <w type="MD">would</w> <w type="BE">be</w> <w type="VBN">awarded</w> <w type="NP">Taliesin</w> <c type="pct">;</c> <c type="pct">;</c> </s>
<s n="83"><w type="CC">nor</w> <w type="BEDZ">was</w> <w type="PPS">she</w> <w type="VBD">moved</w> <w type="IN">by</w> <w type="AT">a</w> <w type="NN">letter</w> <w type="IN">from</w> <w type="NP">Wright</w> <w type="VBG">pointing</w> <w type="RP">out</w> <w type="CS">that</w> <w type="CS">if</w> <w type="PPS">he</w> <w type="BEDZ">was</w> <w type="NEG">not</w> <c type="pct">``</c> <w type="VBN">compelled</w> <w type="TO">to</w> <w type="VB">spend</w> <w type="NN">money</w> <w type="IN">on</w> <w type="JJ">useless</w> <w type="NNg">lawyer's</w> <w type="NNS">bills</w> <c type="pct">,</c> <w type="JJ">useless</w> <w type="NN">hotel</w> <w type="NNS">bills</w> <c type="pct">,</c> <w type="CC">and</w> <w type="JJ">useless</w> <w type="NNg">doctor's</w> <w type="NNS">bills</w> <c type="pct">''</c> <c type="pct">,</c> <w type="PPS">he</w> <w type="MD">could</w> <w type="QL">more</w> <w type="RB">quickly</w> <w type="VB">provide</w> <w type="NP">Miriam</w> <w type="IN">with</w> <w type="AT">a</w> <w type="JJ">suitable</w> <w type="NN">home</w> <w type="CC">either</w> <w type="IN">in</w> <w type="NP">Los</w> <w type="NP">Angeles</w> <w type="CC">or</w> <w type="NP">Paris</w> <c type="pct">,</c> <w type="CS">as</w> <w type="PPS">she</w> <w type="VBD">preferred</w> <c type="pct">.</c> </s>
<s n="84"><w type="NP">Miriam</w> <w type="VBD">sniffed</w> <w type="IN">at</w> <w type="DT">this</w> <c type="pct">,</c> <w type="CC">and</w> <w type="VBD">complained</w> <w type="CS">that</w> <w type="NP">Wright</w> <w type="HVD">had</w> <w type="VBN">said</w> <w type="JJ">unkind</w> <w type="NNS">things</w> <w type="IN">about</w> <w type="PPO">her</w> <w type="IN">to</w> <w type="NNS">reporters</w> <c type="pct">.</c> </s>
<s n="85"><w type="PPg">His</w> <w type="NN">reply</w> <w type="BEDZ">was</w> <c type="pct">,</c> <c type="pct">``</c> <w type="PN">Everything</w> <w type="WPS">that</w> <w type="HVZ">has</w> <w type="BEN">been</w> <w type="VBN">printed</w> <w type="JJ">derogatory</w> <w type="IN">to</w> <w type="PPO">you</w> <c type="pct">,</c> <w type="VBG">purporting</w> <w type="TO">to</w> <w type="HV">have</w> <w type="VBN">come</w> <w type="IN">from</w> <w type="PPO">me</w> <c type="pct">,</c> <w type="BEDZ">was</w> <w type="AT">a</w> <w type="NN">betrayal</w> <c type="pct">,</c> <w type="CC">and</w> <w type="PN">nothing</w> <w type="RB">yet</w> <w type="HVZ">has</w> <w type="BEN">been</w> <w type="VBN">printed</w> <w type="WDT">which</w> <w type="PPSS">I</w> <w type="HV">have</w> <w type="VBN">sanctioned</w> <c type="pct">''</c> <c type="pct">.</c> </s>
<s n="86"><w type="WDT">What</w> <w type="VBD">irritated</w> <w type="NP">Miriam</w> <w type="BEDZ">was</w> <w type="CS">that</w> <w type="NP">Wright</w> <w type="HVD">had</w> <w type="VBN">told</w> <w type="AT">the</w> <w type="NNS">papers</w> <w type="IN">about</w> <w type="AT">a</w> <w type="JJ">reasonable</w> <w type="NN">offer</w> <w type="PPS">he</w> <w type="HVD">had</w> <w type="VBN">made</w> <c type="pct">,</c> <w type="WDT">which</w> <w type="PPS">he</w> <w type="VBD">considered</w> <w type="PPS">she</w> <w type="MD">would</w> <w type="VB">accept</w> <c type="pct">``</c> <w type="WRB">when</w> <w type="PPS">she</w> <w type="VBZ">tires</w> <w type="IN">of</w> <w type="NN">publicity</w> <c type="pct">''</c> <c type="pct">.</c> </s>
<s n="87"><w type="IN">From</w> <w type="PPg">her</w> <w type="NP">California</w> <w type="NN">headquarters</w> <c type="pct">,</c> <w type="NP">Miriam</w> <w type="VBD">fired</w> <w type="RB">back</w> <c type="pct">,</c> <c type="pct">``</c> <w type="PPSS">I</w> <w type="MD">shall</w> <w type="RB">never</w> <w type="VB">divorce</w> <w type="NP">Mr.</w> <w type="NP">Wright</w> <c type="pct">,</c> <w type="TO">to</w> <w type="VB">permit</w> <w type="PPO">him</w> <w type="TO">to</w> <w type="VB">marry</w> <w type="NP">Olga</w> <w type="NP">Milanoff</w> <c type="pct">''</c> <c type="pct">.</c> </s>
</p>
<p><s n="88"><w type="RB">Then</w> <w type="NP">Miriam</w> <w type="VBD">varied</w> <w type="AT">the</w> <w type="JJ">senseless</w> <w type="JJ">psychological</w> <w type="NN">warfare</w> <w type="IN">by</w> <w type="RB">suddenly</w> <w type="VBG">withdrawing</w> <w type="AT">a</w> <w type="NN">suit</w> <w type="IN">for</w> <w type="JJ">separate</w> <w type="NN">maintenance</w> <w type="WPS">that</w> <w type="HVD">had</w> <w type="BEN">been</w> <w type="JJ">pending</w> <c type="pct">,</c> <w type="CC">and</w> <w type="VBG">asking</w> <w type="IN">for</w> <w type="NN">divorce</w> <w type="IN">on</w> <w type="AT">the</w> <w type="NNS">grounds</w> <w type="IN">of</w> <w type="NN">cruelty</w> <c type="pct">,</c> <w type="IN">with</w> <w type="AT">the</w> <w type="NN">understanding</w> <w type="CS">that</w> <w type="NP">Wright</w> <w type="MD">would</w> <w type="NEG">not</w> <w type="VB">contest</w> <w type="PPO">it</w> <c type="pct">.</c> </s>
<s n="89"><w type="AT">The</w> <w type="NN" subtype="TL">Bank</w> <w type="IN" subtype="TL">of</w> <w type="NP" subtype="TL">Wisconsin</w> <w type="VBD">sent</w> <w type="AT">a</w> <w type="NN">representative</w> <w type="IN">to</w> <w type="AT">the</w> <w type="NNg">judge's</w> <w type="NNS">chambers</w> <w type="IN">in</w> <w type="NP">Madison</w> <w type="TO">to</w> <w type="VB">give</w> <w type="NN">information</w> <w type="IN">on</w> <w type="NPg">Wright's</w> <w type="NN">ability</w> <w type="TO">to</w> <w type="VB">meet</w> <w type="AT">the</w> <w type="NNS">terms</w> <c type="pct">.</c> </s>
<s n="90"><w type="PPS">He</w> <w type="VBD">said</w> <w type="CS">that</w> <w type="AT">the</w> <w type="NN">architect</w> <w type="MD">might</w> <w type="RB">reasonably</w> <w type="BE">be</w> <w type="VBN">expected</w> <w type="TO">to</w> <w type="VB">carry</w> <w type="PPg">his</w> <w type="JJ">financial</w> <w type="NNS">burdens</w> <w type="CS">if</w> <w type="ABN">all</w> <w type="NN">harrassment</w> <w type="MD">could</w> <w type="BE">be</w> <w type="VBN">brought</w> <w type="IN">to</w> <w type="AT">an</w> <w type="NN">end</w> <c type="pct">,</c> <w type="CC">and</w> <w type="CS">that</w> <w type="AT">the</w> <w type="NN">bank</w> <w type="MD">would</w> <w type="VB">accept</w> <w type="AT">a</w> <w type="NN">mortgage</w> <w type="IN">on</w> <w type="NP">Taliesin</w> <w type="TO">to</w> <w type="VB">help</w> <w type="VB">bring</w> <w type="DT">this</w> <w type="RP">about</w> <c type="pct">.</c> </s>
<s n="91"><w type="NP">Miriam</w> <w type="VBD">said</w> <w type="CS">that</w> <w type="PPS">she</w> <w type="MD">must</w> <w type="BE">be</w> <w type="VBN">assured</w> <w type="CS">that</w> <c type="pct">``</c> <w type="DT">that</w> <w type="AP">other</w> <w type="NN">woman</w> <c type="pct">,</c> <w type="NP">Olga</w> <c type="pct">,</c> <w type="MD">will</w> <w type="NEG">not</w> <w type="BE">be</w> <w type="IN">in</w> <w type="NN">luxury</w> <w type="CS">while</w> <w type="PPSS">I</w> <w type="BEM">am</w> <w type="VBG">scraping</w> <w type="RB">along</w> <c type="pct">''</c> <c type="pct">.</c> </s>
<s n="92"><w type="DT">This</w> <w type="VBD">exhausted</w> <w type="NPg">Wright's</w> <w type="NN">patience</w> <c type="pct">,</c> <w type="CC">and</w> <w type="IN">in</w> <w type="NN">consequence</w> <w type="PPS">he</w> <w type="VBD">talked</w> <w type="RB">freely</w> <w type="IN">to</w> <w type="NNS">reporters</w> <w type="IN">in</w> <w type="AT">a</w> <w type="NP">Madison</w> <w type="NN">hotel</w> <w type="NN">suite</w> <c type="pct">.</c> </s>
<s n="93"><c type="pct">``</c> <w type="NP">Volstead</w> <w type="NNS">laws</w> <c type="pct">,</c> <w type="NN">speed</w> <w type="NNS">laws</w> <c type="pct">,</c> <w type="NN">divorce</w> <w type="NNS">laws</w> <c type="pct">''</c> <c type="pct">,</c> <w type="PPS">he</w> <w type="VBD">said</w> <c type="pct">,</c> <c type="pct">``</c> <w type="CS">as</w> <w type="PPSS">they</w> <w type="RB">now</w> <w type="VB">stand</w> <c type="pct">,</c> <w type="VB">demoralize</w> <w type="AT">the</w> <w type="NN">individual</w> <c type="pct">,</c> <w type="VB">make</w> <w type="NNS">liars</w> <w type="CC">and</w> <w type="NN">law</w> <w type="NNS">breakers</w> <w type="IN">of</w> <w type="PPO">us</w> <w type="IN">in</w> <w type="CD">one</w> <w type="NN">way</w> <w type="CC">or</w> <w type="DT">another</w> <c type="pct">,</c> <w type="CC">and</w> <w type="VB">tend</w> <w type="TO">to</w> <w type="VB">make</w> <w type="PPg">our</w> <w type="NN">experiment</w> <w type="IN">in</w> <w type="NN">democracy</w> <w type="JJ">absurd</w> <c type="pct">.</c> </s>
<s n="94"><w type="CS">If</w> <w type="NP">Mrs.</w> <w type="NP">Wright</w> <mw pos="DOZ *">doesn't </mw><w type="VB">accept</w> <w type="AT">the</w> <w type="NNS">terms</w> <w type="IN">in</w> <w type="AT">the</w> <w type="NN">morning</w> <c type="pct">,</c> <mw pos="PPSS MD">I'll </mw><w type="VB">go</w> <w type="CC">either</w> <w type="IN">to</w> <w type="NP">Tokyo</w> <w type="CC">or</w> <w type="IN">to</w> <w type="NP">Holland</w> <c type="pct">,</c> <w type="TO">to</w> <w type="DO">do</w> <w type="WDT">what</w> <w type="PPSS">I</w> <w type="MD">can</w> <c type="pct">.</c> </s>
<s n="95"><w type="PPSS">I</w> <w type="VB">realize</w> <c type="pct">,</c> <w type="IN">in</w> <w type="VBG">taking</w> <w type="DT">this</w> <w type="NN">stand</w> <c type="pct">,</c> <w type="RB">just</w> <w type="WDT">what</w> <w type="PPS">it</w> <w type="VBZ">means</w> <w type="IN">to</w> <w type="PPO">me</w> <w type="CC">and</w> <w type="PPgg">mine</w> <c type="pct">''</c> <c type="pct">.</c> </s>
<s n="96"><w type="RB">Here</w> <w type="NP">Wright</w> <w type="VBD">gave</w> <w type="AT">a</w> <w type="JJ">slight</w> <w type="NN">sigh</w> <w type="IN">of</w> <w type="NN">weariness</w> <c type="pct">,</c> <w type="CC">and</w> <w type="VBD">continued</w> <c type="pct">,</c> <c type="pct">``</c> <w type="PPS">It</w> <w type="VBZ">means</w> <w type="AP">more</w> <w type="JJ">long</w> <w type="NNS">years</w> <w type="VBN">lived</w> <w type="IN">across</w> <w type="AT">the</w> <w type="JJ">social</w> <w type="NN">grain</w> <w type="IN">of</w> <w type="AT">the</w> <w type="NN">life</w> <w type="IN">of</w> <w type="PPg">our</w> <w type="NNS">people</w> <c type="pct">,</c> <w type="VBG">making</w> <w type="NN">shift</w> <w type="TO">to</w> <w type="VB">live</w> <w type="IN">in</w> <w type="AT">the</w> <w type="NN">face</w> <w type="IN">of</w> <w type="JJ">popular</w> <w type="NN">disrespect</w> <w type="CC">and</w> <w type="VBG">misunderstanding</w> <w type="CS">as</w> <w type="PPSS">I</w> <w type="RBT">best</w> <w type="MD">can</w> <w type="IN">for</w> <w type="PPL">myself</w> <w type="CC">and</w> <w type="DTS">those</w> <w type="JJ">dependent</w> <w type="IN">upon</w> <w type="PPO">me</w> <c type="pct">''</c> <c type="pct">.</c> </s>
<s n="97"><w type="AP">Next</w> <w type="NN">day</w> <c type="pct">,</c> <w type="NN">word</w> <w type="VBD">came</w> <w type="CS">that</w> <w type="NP">Miriam</w> <w type="BEDZ">was</w> <w type="NEG">not</w> <w type="VBG">going</w> <w type="RP">through</w> <w type="IN">with</w> <w type="AT">the</w> <w type="NN">divorce</w> <c type="pct">;</c> <c type="pct">;</c> </s>
<s n="98"><w type="CC">but</w> <w type="NP">Wright</w> <w type="VBD">stayed</w> <w type="IN">in</w> <w type="AT">the</w> <w type="VBN" subtype="TL">United</w> <w type="NNS" subtype="TL">States</w> <c type="pct">.</c> </s>
<s n="99"><w type="PPg">His</w> <w type="NN">mentioning</w> <w type="IN">of</w> <w type="NP">Japan</w> <w type="CC">and</w> <w type="NP">Holland</w> <w type="HVD">had</w> <w type="BEN">been</w> <w type="RB">merely</w> <w type="AT">the</w> <w type="NN">expression</w> <w type="IN">of</w> <w type="JJ">wishful</w> <w type="NN">thinking</w> <c type="pct">.</c> </s>
<s n="100"><w type="AT">No</w> <w type="NN">matter</w> <w type="WDT">what</w> <w type="NNS">troubles</w> <w type="MD">might</w> <w type="VB">betide</w> <w type="PPO">him</w> <c type="pct">,</c> <w type="DT">this</w> <w type="QL">most</w> <w type="JJ">American</w> <w type="IN">of</w> <w type="NNS">artists</w> <w type="VBD">knew</w> <w type="IN">in</w> <w type="PPg">his</w> <w type="NN">heart</w> <w type="PPS">he</w> <w type="MD">could</w> <w type="NEG">not</w> <w type="VB">function</w> <w type="RB">properly</w> <w type="IN">outside</w> <w type="PPg">his</w> <w type="JJ">native</w> <w type="NN">land</w> <c type="pct">.</c> </s>
</p>
<p><s n="101"><w type="IN">In</w> <w type="AT">a</w> <w type="AP">few</w> <w type="NNS">weeks</w> <w type="NP">Miriam</w> <w type="VBD">made</w> <w type="DT">another</w> <w type="NN">sortie</w> <w type="IN">at</w> <w type="NP">Taliesin</w> <c type="pct">,</c> <w type="CC">but</w> <w type="BEDZ">was</w> <w type="VBN">repulsed</w> <w type="IN">at</w> <w type="AT">the</w> <w type="VBN">locked</w> <w type="CC">and</w> <w type="VBN">guarded</w> <w type="NNS">gates</w> <c type="pct">.</c> </s>
</p>
<p></p></body></text></TEI>
