<TEI xmlns="http://www.tei-c.org/ns/1.0"><teiHeader><fileDesc><titleStmt><title>Sample G36 from  DeWitt Copp and Marshall Peck, Betrayal at the UN: the story of
 Paul Bang-Jensen. New York: The Devin-Adair Company, 1961.
 Pp. 208-215.
 </title></titleStmt><editionStmt><edition>A part  of the XML version of the Brown Corpus</edition></editionStmt><extent>2,012 words 1271 (63.2%) quotes</extent><publicationStmt><idno>G36</idno><availability><p>Used by permission. 0010-1880</p></availability></publicationStmt><sourceDesc><bibl> DeWitt Copp and Marshall Peck, Betrayal at the UN: the story of
 Paul Bang-Jensen. New York: The Devin-Adair Company, 1961.
 Pp. 208-215.
 </bibl></sourceDesc></fileDesc><encodingDesc><p>Arbitrary Hyphen: wind-swept [0180]</p></encodingDesc><revisionDesc><change when="2008-04-27">Header auto-generated for TEI version</change></revisionDesc></teiHeader>
<text xml:id="G36" decls="G">
<body><p><s n="1"><w type="AT">The</w> <w type="NN">group</w> <c type="pct">,</c> <w type="IN">upon</w> <w type="AT">the</w> <w type="NN">issuance</w> <w type="IN">of</w> <w type="PPg">its</w> <w type="OD">first</w> <w type="NN">press</w> <w type="NN">release</w> <w type="IN">on</w> <w type="NP">December</w> <w type="CD">21</w> <c type="pct">,</c> <w type="CD">1957</w> <c type="pct">,</c> <w type="VBD">designated</w> <w type="PPL">itself</w> <w type="AT">a</w> <c type="pct">``</c> <w type="NN" subtype="TL">Committee</w> <w type="IN" subtype="TL">of</w> <w type="NN" subtype="TL">Investigation</w> <c type="pct">''</c> <c type="pct">.</c> </s>
<s n="2"><w type="IN">In</w> <w type="AT">the</w> <w type="NN">course</w> <w type="IN">of</w> <w type="PPg">its</w> <w type="NN">inquiry</w> <c type="pct">,</c> <w type="PPS">it</w> <w type="VBD">took</w> <w type="NN">testimony</w> <w type="IN">from</w> <w type="RB">only</w> <w type="CD">seven</w> <w type="NNS">witnesses</w> <c type="pct">.</c> </s>
<s n="3"><w type="PPS">It</w> <w type="VBD">heard</w> <w type="NP">Bang-Jensen</w> <w type="RB">twice</w> <w type="CC">and</w> <w type="PPg">his</w> <w type="NN">lawyer</w> <c type="pct">,</c> <w type="NP">Adolf</w> <w type="NP">A.</w> <w type="NP">Berle</w> <c type="pct">,</c> <w type="NP">Jr.</w> <c type="pct">,</c> <w type="RB">once</w> <c type="pct">.</c> </s>
</p>
<p><s n="4"><w type="PPg">Its</w> <w type="OD">second</w> <w type="NN">press</w> <w type="NN">release</w> <w type="BEDZ">was</w> <w type="IN">on</w> <w type="NP">January</w> <w type="CD">15</w> <c type="pct">,</c> <w type="CD">1958</w> <c type="pct">,</c> <w type="CC">and</w> <w type="PPS">it</w> <w type="VBD">recommended</w> <w type="CS">that</w> <w type="AT">the</w> <w type="JJ">secret</w> <w type="NNS">papers</w> <w type="BE">be</w> <w type="VBN">destroyed</w> <c type="pct">.</c> </s>
<s n="5"><w type="PPS">It</w> <w type="RB">also</w> <w type="VBD">implied</w> <w type="CS">that</w> <w type="NP">Paul</w> <w type="NP">Bang-Jensen</w> <w type="HVD">had</w> <w type="BEN">been</w> <w type="JJ">irresponsible</w> <c type="pct">.</c> </s>
</p>
<p><s n="6"><w type="IN">On</w> <w type="NP">January</w> <w type="CD">18</w> <c type="pct">,</c> <w type="NP">Ernest</w> <w type="NP">Gross</w> <w type="VBD">conducted</w> <w type="AT">a</w> <w type="NN">press</w> <w type="NN">conference</w> <w type="IN">at</w> <w type="AT">the</w> <w type="NP">U.N.</w> <w type="VBG">lasting</w> <w type="AT">an</w> <w type="NN">hour</w> <c type="pct">.</c> </s>
<s n="7"><w type="RB">Here</w> <c type="pct">,</c> <w type="PPS">he</w> <w type="RB">openly</w> <w type="VBD">attacked</w> <w type="NP">Bang-Jensen</w> <w type="CC">and</w> <w type="VBD">referred</w> <w type="IN">to</w> <w type="PPg">his</w> <c type="pct">``</c> <w type="JJ">aberrant</w> <w type="NN">conduct</w> <c type="pct">''</c> <c type="pct">.</c> </s>
<s n="8"><w type="DT">This</w> <w type="NN">conference</w> <w type="BEDZ">was</w> <w type="VBN">held</w> <w type="IN">despite</w> <w type="NPg">Stavropoulos'</w> <w type="NN">assurance</w> <w type="IN">to</w> <w type="NP">Adolf</w> <w type="NP">Berle</w> <c type="pct">,</c> <w type="WPS">who</w> <w type="BEDZ">was</w> <w type="VBG">leaving</w> <w type="AT">the</w> <w type="AP">same</w> <w type="NN">day</w> <w type="IN">for</w> <w type="NP">Puerto</w> <w type="NP">Rico</w> <c type="pct">,</c> <w type="CS">that</w> <w type="PN">nothing</w> <w type="MD">would</w> <w type="BE">be</w> <w type="VBN">done</w> <w type="IN">until</w> <w type="PPg">his</w> <w type="NN">return</w> <w type="IN">on</w> <w type="NP">January</w> <w type="CD">22</w> <c type="pct">,</c> <w type="IN">except</w> <w type="CS">that</w> <w type="AT">the</w> <w type="NN" subtype="TL">Secretary</w> <w type="JJ" subtype="TL">General</w> <w type="MD">would</w> <w type="RB">probably</w> <w type="VB">order</w> <w type="AT">the</w> <w type="NN">list</w> <w type="VBN">destroyed</w> <c type="pct">.</c> </s>
</p>
<p><s n="9"><w type="IN">On</w> <w type="NP">January</w> <w type="CD">24</w> <w type="NP">Paul</w> <w type="NP">Bang-Jensen</w> <c type="pct">,</c> <w type="VBN">accompanied</w> <w type="IN">by</w> <w type="NP">Adolf</w> <w type="NP">Berle</w> <c type="pct">,</c> <w type="BEDZ">was</w> <w type="VBN">met</w> <w type="IN">by</w> <w type="NP">Dragoslav</w> <w type="NP">Protitch</w> <w type="CC">and</w> <w type="NN" subtype="TL">Colonel</w> <w type="NP">Frank</w> <w type="NP">Begley</w> <c type="pct">,</c> <w type="AP">former</w> <w type="NNS" subtype="TL">Police</w> <w type="NN" subtype="TL">Chief</w> <w type="IN">of</w> <w type="NP">Farmington</w> <c type="pct">,</c> <w type="NP">Conn.</w> <c type="pct">,</c> <w type="CC">and</w> <w type="RB">now</w> <w type="NN">head</w> <w type="IN">of</w> <w type="NP">U.N.</w> <w type="JJ">special</w> <w type="NN">police</w> <c type="pct">.</c> </s>
</p>
<p><s n="10"><w type="AT">The</w> <w type="CD">four</w> <c type="pct">,</c> <w type="VBN">bundled</w> <w type="IN">in</w> <w type="NNS">overcoats</w> <c type="pct">,</c> <w type="VBD">mounted</w> <w type="IN">to</w> <w type="AT">the</w> <w type="JJ">wind-swept</w> <w type="NN">roof</w> <w type="IN">of</w> <w type="AT">the</w> <w type="NP">U.N.</w> </s>
</p>
<p><s n="11"><w type="RB">There</w> <c type="pct">,</c> <w type="NP">Begley</w> <w type="VBD">lit</w> <w type="AT">a</w> <w type="NN">fire</w> <w type="IN">in</w> <w type="AT">a</w> <w type="NN">wire</w> <w type="NN">basket</w> <c type="pct">,</c> <w type="CC">and</w> <w type="NP">Bang-Jensen</w> <w type="VBD">dropped</w> <w type="CD">four</w> <w type="VBN">sealed</w> <w type="NNS">envelopes</w> <w type="IN">into</w> <w type="AT">the</w> <w type="NNS">flames</w> <c type="pct">.</c> </s>
<s n="12"><w type="IN">In</w> <w type="CD">one</w> <w type="IN">of</w> <w type="DTS">these</w> <w type="PPS">he</w> <w type="VBD">said</w> <w type="BED">were</w> <w type="NNS">notes</w> <w type="IN">on</w> <w type="AT">the</w> <w type="NNS">identities</w> <w type="IN">of</w> <w type="AT">the</w> <w type="CD">eighty-one</w> <w type="NNS">refugees</w> <c type="pct">.</c> </s>
</p>
<p><s n="13"><w type="AT">The</w> <w type="NN">method</w> <w type="IN">of</w> <w type="VBG">destroying</w> <w type="AT">the</w> <w type="NN">evidence</w> <w type="VBD">embarrassed</w> <w type="NP">Paul</w> <w type="NP">Bang-Jensen</w> <c type="pct">.</c> </s>
<s n="14"><w type="PPS">He</w> <w type="VBD">knew</w> <w type="PPS">it</w> <w type="MD">would</w> <w type="BE">be</w> <w type="VBN">implied</w> <w type="CS">that</w> <w type="PPS">it</w> <w type="BEDZ">was</w> <w type="VBN">done</w> <w type="IN">in</w> <w type="DT">this</w> <w type="NN">way</w> <w type="IN">at</w> <w type="PPg">his</w> <w type="NN">insistence</w> <c type="pct">.</c> </s>
<s n="15"><w type="PPS">He</w> <w type="BEDZ">was</w> <w type="JJ">right</w> <c type="pct">,</c> <w type="CC">and</w> <w type="NP">Peter</w> <w type="NP">Marshall</w> <w type="MD">could</w> <w type="NEG">not</w> <w type="VB">help</w> <w type="CC">but</w> <w type="VB">recall</w> <w type="NP">Andrew</w> <w type="NPg">Cordier's</w> <w type="NNS">words</w> <w type="IN">on</w> <w type="AT">the</w> <w type="NN">subject</w> <c type="pct">,</c> <c type="pct">``</c> <w type="UH">Well</w> <c type="pct">,</c> <w type="PPS">it</w> <w type="VBD">seemed</w> <w type="QL">as</w> <w type="JJ">good</w> <w type="AT">a</w> <w type="NN">place</w> <w type="CS">as</w> <w type="DTI">any</w> <w type="TO">to</w> <w type="DO">do</w> <w type="AT">the</w> <w type="NN">job</w> <c type="pct">''</c> <c type="pct">.</c> </s>
</p>
<p><s n="16"><w type="AT">The</w> <w type="NP">Gross</w> <w type="NN">group</w> <w type="HVD">had</w> <w type="BEN">been</w> <w type="VBN">formed</w> <w type="IN">for</w> <w type="AT">the</w> <w type="JJ">express</w> <w type="NN">purpose</w> <w type="IN">of</w> <w type="VBG">advising</w> <w type="AT">the</w> <w type="NN" subtype="TL">Secretary</w> <w type="JJ" subtype="TL">General</w> <c type="pct">.</c> </s>
<s n="17"><w type="NPg">Hammarskjold's</w> <w type="VBN">supposed</w> <w type="NN">desire</w> <w type="TO">to</w> <w type="VB">seek</w> <w type="JJ">outside</w> <w type="JJ">legal</w> <w type="NN">advice</w> <w type="IN">in</w> <w type="AT">the</w> <w type="NN">guise</w> <w type="IN">of</w> <w type="NP">Ernest</w> <w type="NP">Gross</w> <w type="BEZ">is</w> <w type="NN">illusion</w> <c type="pct">,</c> <w type="IN">at</w> <w type="JJT">best</w> <c type="pct">.</c> </s>
<s n="18"><w type="NPg">Gross's</w> <c type="pct">,</c> <w type="BEG">being</w> <c type="pct">``</c> <w type="IN">outside</w> <c type="pct">''</c> <w type="AT">the</w> <w type="NP">U.N.</w> <w type="VBD">applied</w> <w type="RB">only</w> <w type="IN">to</w> <w type="AT">a</w> <w type="JJ">physical</w> <w type="NN">state</w> <c type="pct">,</c> <w type="NEG">not</w> <w type="AT">an</w> <w type="JJ">objective</w> <w type="CD">one</w> <c type="pct">.</c> </s>
<s n="19"><w type="CC">But</w> <w type="IN">by</w> <w type="AT">the</w> <w type="NN">time</w> <w type="AT">the</w> <w type="NNS">papers</w> <w type="BED">were</w> <w type="RB">finally</w> <w type="VBN">disposed</w> <w type="IN">of</w> <c type="pct">,</c> <w type="AT">the</w> <w type="NN">group</w> <w type="HVD">had</w> <w type="VBN">informed</w> <w type="AT">the</w> <w type="NN">world</w> <w type="IN">of</w> <w type="PPg">its</w> <w type="NN">purpose</w> <c type="pct">,</c> <w type="PPg">its</w> <w type="NNS">recommendations</w> <c type="pct">,</c> <w type="CC">and</w> <w type="PPg">its</w> <w type="NN">belief</w> <w type="CS">that</w> <w type="NP">Paul</w> <w type="NP">Bang-Jensen</w> <w type="BEDZ">was</w> <w type="NEG">not</w> <w type="IN">of</w> <w type="JJ">sound</w> <w type="NN">mind</w> <c type="pct">.</c> </s>
</p>
<p><s n="20"><w type="RB">Shortly</w> <w type="AT">the</w> <w type="NN">group</w> <w type="MD">would</w> <w type="VB">issue</w> <w type="PPg">its</w> <w type="NN">report</w> <w type="IN">to</w> <w type="AT">the</w> <w type="NN" subtype="TL">Secretary</w> <w type="JJ" subtype="TL">General</w> <c type="pct">,</c> <w type="VBG">recommending</w> <w type="NP">Paul</w> <w type="NPg">Bang-Jensen's</w> <w type="NN">dismissal</w> <w type="IN">from</w> <w type="AT">the</w> <w type="VBN" subtype="TL">United</w> <w type="NNS" subtype="TL">Nations</w> <c type="pct">.</c> </s>
<s n="21"><w type="AT">The</w> <w type="NNS">contents</w> <w type="IN">of</w> <w type="DT">this</w> <w type="JJ">195-page</w> <w type="NN">document</w> <w type="MD">would</w> <w type="VB">become</w> <w type="VBN">known</w> <w type="IN">to</w> <w type="AP">many</w> <w type="CS">before</w> <w type="PPS">it</w> <w type="MD">would</w> <w type="VB">become</w> <w type="VBN">known</w> <w type="IN">to</w> <w type="AT">the</w> <w type="NN">man</w> <w type="PPS">it</w> <w type="BEDZ">was</w> <w type="VBN">written</w> <w type="IN">about</w> <c type="pct">.</c> </s>
</p>
<p><s n="22"><c type="pct">``</c> <w type="CS">Until</w> <w type="DT">this</w> <w type="JJ" subtype="TL">Hungarian</w> <w type="NN" subtype="TL">Committee</w> <w type="NN">matter</w> <w type="VBD">came</w> <w type="RP">up</w> <c type="pct">,</c> <w type="NP">Bang-Jensen</w> <w type="BEDZ">was</w> <w type="AT">a</w> <w type="JJ">fine</w> <w type="CC">and</w> <w type="VBN">devoted</w> <w type="NN">individual</w> <c type="pct">.</c> </s>
<s n="23"><w type="PPSS">I</w> <w type="HVD">had</w> <w type="VBN">known</w> <w type="PPO">him</w> <w type="IN">for</w> <w type="DTI">some</w> <w type="NNS">years</w> <c type="pct">,</c> <w type="WRB">when</w> <w type="PPSS">I</w> <w type="BEDZ">was</w> <w type="AT">a</w> <w type="NN">delegate</w> <w type="CC">and</w> <w type="RB">before</w> <c type="pct">,</c> <w type="CC">and</w> <w type="DT">this</w> <w type="NN">manner</w> <w type="HVD">had</w> <w type="RB">never</w> <w type="BEN">been</w> <w type="PPgg">his</w> <c type="pct">''</c> <c type="pct">.</c> </s>
</p>
<p><s n="24"><w type="NP">Ernest</w> <w type="NP">A.</w> <w type="NP">Gross</w> <w type="VBD">leaned</w> <w type="RB">back</w> <w type="IN">in</w> <w type="PPg">his</w> <w type="NN">chair</w> <w type="CC">and</w> <w type="VBD">told</w> <w type="NP">Peter</w> <w type="NP">Marshall</w> <w type="WRB">how</w> <w type="NN" subtype="TL">Secretary</w> <w type="JJ" subtype="TL">General</w> <w type="NP">Dag</w> <w type="NP">Hammarskjold</w> <w type="HVD">had</w> <c type="pct">,</c> <w type="IN">on</w> <w type="NP">December</w> <w type="CD">4</w> <c type="pct">,</c> <w type="CD">1957</w> <c type="pct">,</c> <w type="VBN">called</w> <w type="PPO">him</w> <w type="RP">in</w> <w type="CS">as</w> <w type="AT">a</w> <w type="JJ">private</w> <w type="NN">lawyer</w> <w type="TO">to</w> <w type="VB">review</w> <w type="NPg">Bang-Jensen's</w> <w type="NN">conduct</w> <c type="pct">``</c> <w type="VBG">relating</w> <w type="IN">to</w> <w type="PPg">his</w> <w type="NN">association</w> <w type="IN">with</w> <w type="AT">the</w> <w type="JJ" subtype="TL">Special</w> <w type="NN" subtype="TL">Committee</w> <w type="IN">on</w> <w type="AT">the</w> <w type="NN">problem</w> <w type="IN">of</w> <w type="NP">Hungary</w> <c type="pct">''</c> <c type="pct">.</c> </s>
<s n="25"><w type="AT">The</w> <w type="NN">result</w> <w type="BEDZ">was</w> <w type="AT">the</w> <c type="pct">``</c> <w type="NP" subtype="TL">Gross</w> <w type="NN" subtype="TL">Report</w> <c type="pct">''</c> <c type="pct">,</c> <w type="VBN">prepared</w> <w type="IN">by</w> <w type="NP">Gross</w> <c type="pct">,</c> <w type="CS">as</w> <w type="NN">chairman</w> <c type="pct">,</c> <w type="IN">with</w> <w type="AT">the</w> <w type="NN">assistance</w> <w type="IN">of</w> <w type="CD">two</w> <w type="NP" subtype="TL">U.N.</w> <w type="JJ" subtype="TL">Under</w> <w type="NNS" subtype="TL">Secretaries</w> <c type="pct">,</c> <w type="NP">Constantin</w> <w type="NP">Stavropoulos</w> <w type="CC">and</w> <w type="NP">Philippe</w> <w type="NP">De</w> <w type="NP">Seynes</w> <c type="pct">.</c> </s>
</p>
<p><s n="26"><c type="pct">``</c> <w type="RB">Yes</w> <c type="pct">''</c> <c type="pct">,</c> <w type="NP">Gross</w> <w type="VBD">went</w> <w type="RP">on</w> <c type="pct">,</c> <c type="pct">``</c> <w type="NP">Bang-Jensen</w> <w type="BEDZ">was</w> <w type="AT">an</w> <w type="JJ">up-and-coming</w> <w type="JJ">young</w> <w type="NN">man</w> <c type="pct">.</c> </s>
<s n="27"><w type="PPS">He</w> <w type="HVD">had</w> <w type="RB">always</w> <w type="VBN">done</w> <w type="RB">well</w> <c type="pct">.</c> </s>
<s n="28"><w type="RB">Never</w> <w type="QL">well</w> <w type="VBN">known</w> <c type="pct">,</c> <w type="CC">but</w> <w type="PPS">he</w> <w type="HVD">had</w> <w type="VBN">done</w> <w type="PPg">his</w> <w type="NN">work</w> <w type="RB">competently</w> <c type="pct">.</c> </s>
</p>
<p><s n="29"><w type="NP">Gross</w> <w type="HVD">had</w> <w type="VBN">received</w> <w type="NP">Marshall</w> <w type="RB">courteously</w> <w type="CC">and</w> <w type="PPSS">they</w> <w type="BED">were</w> <w type="VBG">discussing</w> <w type="AT">the</w> <w type="NN">case</w> <c type="pct">.</c> </s>
<s n="30"><c type="pct">``</c> <w type="PPSS">You</w> <w type="VB">know</w> <c type="pct">''</c> <c type="pct">,</c> <w type="AT">the</w> <w type="NN">lawyer</w> <w type="VBD">said</w> <c type="pct">,</c> <c type="pct">``</c> <mw pos="PPS BEZ">it's </mw><w type="JJ">difficult</w> <w type="TO">to</w> <w type="VB">talk</w> <w type="CS">like</w> <w type="DT">this</w> <w type="IN">about</w> <w type="AT">a</w> <w type="NN">man</w> <w type="WPS">who</w> <mw pos="MD *">can't </mw><w type="VB">answer</w> <w type="RB">back</w> <c type="pct">''</c> <c type="pct">.</c> </s>
</p>
<p><s n="31"><w type="NP">Gross</w> <w type="BEDZ">was</w> <w type="IN">behind</w> <w type="AT">a</w> <w type="JJ">clean-top</w> <w type="NN">desk</w> <c type="pct">,</c> <w type="RB">only</w> <w type="AT">a</w> <w type="NN">manila</w> <w type="NN">folder</w> <w type="IN">before</w> <w type="PPO">him</w> <c type="pct">.</c> </s>
<s n="32"><w type="NP">Marshall</w> <w type="VBD">sat</w> <w type="IN">in</w> <w type="CD">one</w> <w type="IN">of</w> <w type="AT">the</w> <w type="AP">several</w> <w type="NN">leather</w> <w type="NNS">chairs</w> <c type="pct">.</c> </s>
<s n="33"><w type="IN">Outside</w> <w type="AT">the</w> <w type="NN">office</w> <w type="NNS">windows</w> <c type="pct">,</c> <w type="CD">twenty-four</w> <w type="NNS">stories</w> <w type="IN">above</w> <w type="NN" subtype="TL">Wall</w> <w type="NN" subtype="TL">Street</w> <c type="pct">,</c> <w type="AT">a</w> <w type="JJ">light</w> <w type="NN">rain</w> <w type="BEDZ">was</w> <w type="VBG">falling</w> <c type="pct">.</c> </s>
</p>
<p><s n="34"><c type="pct">``</c> <w type="NP">Mr.</w> <w type="NP">Gross</w> <c type="pct">,</c> <w type="PPg">your</w> <w type="NN">report</w> <w type="VBZ">says</w> <w type="CS">that</w> <c type="pct">'</c> <w type="PPg">our</w> <w type="NN">function</w> <w type="BEZ">is</w> <w type="JJ">investigative</w> <w type="CC">and</w> <w type="JJ">advisory</w> <w type="CC">and</w> <w type="DOZ">does</w> <w type="NEG">not</w> <w type="IN">in</w> <w type="DTI">any</w> <w type="NN">way</w> <w type="VB">derogate</w> <w type="IN">from</w> <w type="CC">or</w> <w type="VB">prejudice</w> <w type="NP">Mr.</w> <w type="NPg">Bang-Jensen's</w> <w type="NNS">rights</w> <w type="CS">as</w> <w type="AT">a</w> <w type="NN">staff</w> <w type="NN">member</w> <c type="pct">.</c> </s>
<s n="35"><w type="PPSS">You</w> <w type="VB">know</w> <c type="pct">,</c> <w type="NP">Bang-Jensen</w> <w type="VBD">characterized</w> <w type="PPg">your</w> <w type="NN" subtype="TL">Committee</w> <w type="CS">as</w> <w type="HVG">having</w> <w type="VBN">prejudged</w> <w type="PPg">his</w> <w type="NN">case</w> <c type="pct">''</c> <c type="pct">.</c> </s>
</p>
<p><s n="36"><w type="NP">Gross</w> <w type="VBD">swung</w> <w type="PPg">his</w> <w type="NN">swivel</w> <w type="NN">chair</w> <c type="pct">.</c> </s>
<s n="37"><c type="pct">``</c> <w type="RB">Well</w> <c type="pct">,</c> <w type="WRB">how</w> <w type="MD">could</w> <w type="DT">that</w> <w type="HV">have</w> <w type="BEN">been</w> <c type="pct">?</c> <c type="pct">?</c> </s>
<s n="38"><w type="PPSS">I</w> <mw pos="DO *">don't </mw><w type="VB">consider</w> <w type="CS">that</w> <w type="PPS">he</w> <w type="BEDZ">was</w> <w type="VBN">prejudged</w> <c type="pct">.</c> </s>
<s n="39"><w type="PPSS">We</w> <w type="BED">were</w> <w type="VBN">given</w> <w type="AT">a</w> <w type="NN">job</w> <w type="CC">and</w> <w type="PPSS">we</w> <w type="VBD">carried</w> <w type="PPO">it</w> <w type="RP">out</w> <c type="pct">,</c> <w type="CC">and</w> <w type="RBR">later</w> <c type="pct">,</c> <w type="PPg">his</w> <w type="NN">case</w> <w type="BEDZ">was</w> <w type="VBN">taken</w> <w type="RP">up</w> <w type="IN">by</w> <w type="AT">the</w> <w type="JJ" subtype="TL">Disciplinary</w> <w type="NN" subtype="TL">Committee</w> <c type="pct">.</c> </s>
</p>
<p><s n="40"><c type="pct">``</c> <w type="PPSS">We</w> <w type="HV">have</w> <w type="PN">nothing</w> <w type="TO">to</w> <w type="VB">hide</w> <w type="IN">under</w> <w type="AT">a</w> <w type="NN">bushel</w> <c type="pct">.</c> </s>
<s n="41"><w type="PPSS">We</w> <w type="DOD">did</w> <w type="PPg">our</w> <w type="NN">job</w> <c type="pct">,</c> <w type="NP">Mr.</w> <w type="NP">Stavropoulos</w> <w type="CC">and</w> <w type="NP">Mr.</w> <w type="NP">De</w> <w type="NP">Seynes</w> <w type="CC">and</w> <w type="PPL">myself</w> <c type="pct">,</c> <w type="VBG">taking</w> <w type="NN">evidence</w> <w type="IN">from</w> <w type="AT">a</w> <w type="NN">number</w> <w type="IN">of</w> <w type="NNS">people</w> <c type="pct">''</c> <c type="pct">.</c> </s>
</p>
<p><s n="42"><c type="pct">``</c> <w type="WDT">What</w> <w type="DOD">did</w> <w type="PPSS">you</w> <w type="VB">think</w> <w type="IN">about</w> <w type="PPg">his</w> <w type="JJ">mental</w> <w type="NN">state</w> <c type="pct">''</c> <c type="pct">?</c> <c type="pct">?</c> </s>
</p>
<p><s n="43"><c type="pct">``</c> <w type="PPSS">I</w> <w type="VB">think</w> <w type="PPg">our</w> <w type="NN">report</w> <w type="VBZ">sums</w> <w type="RP">up</w> <w type="PPg">our</w> <w type="NN">finding</w> <c type="pct">''</c> <c type="pct">,</c> <w type="NP">Gross</w> <w type="VBD">answered</w> <c type="pct">.</c> </s>
<s n="44"><c type="pct">``</c> <mw pos="DO *">Don't </mw><w type="VB">forget</w> <c type="pct">,</c> <w type="RB">here</w> <w type="BEDZ">was</w> <w type="AT">a</w> <w type="NN">man</w> <w type="WPS">who</w> <w type="HVD">had</w> <w type="BEN">been</w> <w type="VBG">accusing</w> <w type="PPg">his</w> <w type="NNS">colleagues</w> <w type="IN">for</w> <w type="RB">almost</w> <w type="AT">a</w> <w type="NN">year</w> <w type="IN">of</w> <w type="RB">willfully</w> <w type="VBG">attempting</w> <w type="TO">to</w> <w type="VB">present</w> <w type="AT">an</w> <w type="JJ">incorrect</w> <w type="NN">report</w> <c type="pct">.</c> </s>
</p>
<p><s n="45"><c type="pct">``</c> <w type="DT">This</w> <w type="BEDZ">was</w> <w type="NEG">not</w> <w type="RB">merely</w> <w type="VBG">alleging</w> <w type="NNS">errors</w> <c type="pct">,</c> <w type="CC">but</w> <w type="BEDZ">was</w> <w type="VBN">carried</w> <w type="RP">out</w> <w type="IN">by</w> <w type="JJ">day-after-day</w> <w type="NNS">allegations</w> <w type="IN">in</w> <w type="NNS">memos</w> <c type="pct">,</c> <w type="VBN">written</w> <w type="NNS">charges</w> <w type="IN">of</w> <w type="JJ">serious</w> <w type="NN">consequence</w> <c type="pct">.</c> </s>
</p>
<p><s n="46"><c type="pct">``</c> <w type="DT">This</w> <w type="BEZ">is</w> <w type="AT">a</w> <w type="JJ">distressing</w> <w type="NN">thing</w> <c type="pct">.</c> </s>
<s n="47"><w type="CS">Supposing</w> <w type="PPSS">you</w> <w type="CC">or</w> <w type="PPSS">I</w> <w type="BED">were</w> <w type="BEG">being</w> <w type="VBN">accused</w> <w type="IN">in</w> <w type="DT">this</w> <w type="NN">manner</w> <c type="pct">,</c> <w type="CC">and</w> <w type="RB">yet</w> <w type="PPSS">we</w> <w type="BED">were</w> <w type="VBG">doing</w> <w type="PPg">our</w> <w type="JJ">level</w> <w type="JJT">best</w> <w type="TO">to</w> <w type="VB">carry</w> <w type="RP">on</w> <w type="PPg">our</w> <w type="NN">work</w> <c type="pct">.</c> </s>
<s n="48"><w type="AT">No</w> <w type="NN">organization</w> <w type="MD">can</w> <w type="VB">carry</w> <w type="RP">on</w> <w type="CS">like</w> <w type="DT">that</w> <c type="pct">.</c> </s>
</p>
<p><s n="49"><c type="pct">``</c> <mw pos="PPSS HV">I've </mw><w type="BEN">been</w> <w type="IN">in</w> <w type="NN">government</w> <w type="CC">and</w> <w type="PPSS">I</w> <w type="MD">can</w> <w type="VB">tell</w> <w type="DTI">some</w> <w type="QL">pretty</w> <w type="JJ">hairy</w> <w type="NNS">stories</w> <w type="IN">about</w> <w type="NNS">personnel</w> <w type="NNS">difficulties</w> <c type="pct">,</c> <w type="RB">so</w> <w type="PPSS">I</w> <w type="VB">know</w> <w type="WDT">what</w> <w type="AT">a</w> <w type="NN">problem</w> <w type="PPS">he</w> <w type="BEDZ">was</w> <c type="pct">''</c> <c type="pct">.</c> </s>
</p>
<p><s n="50"><c type="pct">``</c> <w type="WDT">What</w> <mw pos="PPSS MD">I'd </mw><w type="VB">like</w> <w type="PPSS">you</w> <w type="TO">to</w> <w type="VB">comment</w> <w type="IN">on</w> <w type="BEZ">is</w> <w type="AT">the</w> <w type="NN">criticism</w> <w type="VBN">leveled</w> <w type="IN">at</w> <w type="PPg">your</w> <w type="NN" subtype="TL">Committee</w> <c type="pct">''</c> <c type="pct">.</c> </s>
</p>
<p><s n="51"><c type="pct">``</c> <w type="WDT">What</w> <w type="DO">do</w> <w type="PPSS">you</w> <w type="VB">mean</w> <c type="pct">''</c> <c type="pct">?</c> <c type="pct">?</c> </s>
</p>
<p><s n="52"><c type="pct">``</c> <w type="IN">For</w> <w type="NN">instance</w> <c type="pct">,</c> <w type="IN">regarding</w> <w type="AT">the</w> <w type="NN">fact</w> <w type="CS">that</w> <w type="AT">the</w> <w type="NP" subtype="TL">Gross</w> <w type="NN" subtype="TL">Committee</w> <w type="VBD">issued</w> <w type="CD">two</w> <w type="JJ">interim</w> <w type="NNS">announcements</w> <w type="IN">to</w> <w type="AT">the</w> <w type="NN">press</w> <w type="IN">during</w> <w type="PPg">its</w> <w type="NN">investigation</w> <c type="pct">.</c> </s>
<s n="53"><w type="PPSS">You</w> <w type="VB">know</w> <w type="NP">Bang-Jensen</w> <w type="BEDZ">was</w> <w type="VBN">told</w> <w type="AT">the</w> <w type="NN" subtype="TL">Committee</w> <w type="BEDZ">was</w> <c type="pct">'</c> <w type="TO">to</w> <w type="VB">convey</w> <w type="PPg">its</w> <w type="NNS">views</w> <c type="pct">,</c> <w type="NNS">suggestions</w> <w type="CC">and</w> <w type="NNS">recommendations</w> <w type="IN">to</w> <w type="AT">the</w> <w type="NN" subtype="TL">Secretary</w> <w type="JJ" subtype="TL">General</w> <c type="pct">.</c> </s>
<s n="54"><w type="IN">In</w> <w type="PPg">his</w> <w type="JJ">own</w> <w type="NNS">words</w> <c type="pct">,</c> <w type="NP">Bang-Jensen</w> <c type="pct">'</c> <w type="VBD">took</w> <w type="PPO">it</w> <w type="IN">for</w> <w type="VBN">granted</w> <w type="CS">that</w> <w type="AT">the</w> <w type="NN" subtype="TL">Group</w> <w type="MD">would</w> <w type="VB">report</w> <w type="IN">to</w> <w type="AT">the</w> <w type="NN" subtype="TL">Secretary</w> <w type="JJ" subtype="TL">General</w> <w type="RB">privately</w> <w type="CC">and</w> <w type="NEG">not</w> <w type="IN">in</w> <w type="NN">public</w> <c type="pct">.</c> </s>
<s n="55"><w type="PPS">He</w> <w type="VBD">claimed</w> <w type="CS">that</w> <w type="AT">the</w> <w type="NN">release</w> <w type="IN">of</w> <w type="AT">the</w> <w type="JJ">preliminary</w> <w type="NNS">findings</w> <w type="BEDZ">was</w> <c type="pct">'</c> <w type="JJ">prejudicial</w> <w type="IN">to</w> <w type="PPg">his</w> <w type="NN">position</w> <c type="pct">'</c> <c type="pct">''</c> <c type="pct">.</c> </s>
</p>
<p><s n="56"><w type="NP">Gross</w> <w type="VBD">bristled</w> <c type="pct">.</c> </s>
<s n="57"><w type="IN">For</w> <w type="AT">an</w> <w type="NN">instant</w> <w type="PPS">he</w> <w type="VBD">glared</w> <w type="JJ">speechless</w> <w type="IN">at</w> <w type="NP">Marshall</w> <c type="pct">.</c> </s>
<s n="58"><c type="pct">``</c> <w type="VB">Listen</w> <c type="pct">''</c> <c type="pct">,</c> <w type="PPS">he</w> <w type="VBD">said</w> <c type="pct">.</c> </s>
<s n="59"><c type="pct">``</c> <w type="PPSS">I</w> <w type="VBD">thought</w> <w type="AT">the</w> <w type="JJ">entire</w> <w type="NN">report</w> <w type="BEDZ">was</w> <w type="VBG">going</w> <w type="TO">to</w> <w type="BE">be</w> <w type="JJ">confidential</w> <w type="IN">from</w> <w type="NN">beginning</w> <w type="IN">to</w> <w type="NN">end</w> <c type="pct">.</c> </s>
<s n="60"><w type="CC">But</w> <w type="PPSS">you</w> <w type="VB">know</w> <w type="NP">Bang-Jensen</w> <w type="VBD">launched</w> <w type="AT">an</w> <w type="JJ">active</w> <w type="NN">campaign</w> <w type="IN">against</w> <w type="PPO">us</w> <w type="IN">in</w> <w type="AT">the</w> <w type="NN">press</w> <c type="pct">.</c> </s>
<s n="61"><w type="PPS">It</w> <w type="BEDZ">was</w> <w type="VBG">getting</w> <w type="RB">so</w> <w type="CS">that</w> <w type="PPSS">we</w> <c type="pct">,</c> <w type="AT">the</w> <w type="NN" subtype="TL">Committee</w> <c type="pct">,</c> <w type="BED">were</w> <w type="BEG">being</w> <w type="VBN">tried</w> <c type="pct">.</c> </s>
<s n="62"><w type="PPSS">You</w> <w type="MD">can</w> <w type="VB">find</w> <w type="PPO">it</w> <w type="IN">in</w> <w type="AT">the</w> <w type="NNS">papers</w> <c type="pct">''</c> <c type="pct">.</c> </s>
</p>
<p><s n="63"><c type="pct">``</c> <w type="UH">Well</w> <c type="pct">,</c> <w type="CS">as</w> <w type="AT">a</w> <w type="NN">matter</w> <w type="IN">of</w> <w type="NN">fact</w> <c type="pct">,</c> <mw pos="PPSS HV">I've </mw><w type="VBN">looked</w> <w type="IN">through</w> <w type="NN">back-issue</w> <w type="NNS">files</w> <w type="IN">of</w> <w type="JJ" subtype="TL">New</w> <w type="NP" subtype="TL">York</w> <w type="NNS">papers</w> <w type="IN">for</w> <w type="NP">December</w> <c type="pct">,</c> <w type="CD">1957</w> <c type="pct">,</c> <w type="CC">and</w> <mw pos="HV *">haven't </mw><w type="VBN">found</w> <w type="AT">a</w> <w type="JJ">great</w> <w type="NN">deal</w> <c type="pct">''</c> <c type="pct">--</c> </s>
</p>
<p><s n="64"><w type="NP">Gross</w> <w type="VBD">shot</w> <w type="DT">another</w> <w type="NN">look</w> <w type="IN">at</w> <w type="NP">Marshall</w> <c type="pct">.</c> </s>
<s n="65"><c type="pct">``</c> <w type="PPS">It</w> <mw pos="BEDZ *">wasn't </mw><w type="RB">necessarily</w> <w type="ABN">all</w> <w type="RB">here</w> <w type="IN">in</w> <w type="JJ" subtype="TL">New</w> <w type="NP" subtype="TL">York</w> <c type="pct">.</c> </s>
<s n="66"><mw pos="DO *">Don't </mw><w type="VB">forget</w> <w type="AT">the</w> <w type="JJ">foreign</w> <w type="NN">press</w> <c type="pct">''</c> <c type="pct">.</c> </s>
</p>
<p><s n="67"><c type="pct">``</c> <w type="RB">Then</w> <w type="WDT">what</w> <w type="IN">about</w> <w type="AT">the</w> <w type="OD">second</w> <w type="JJ">interim</w> <w type="JJ">public</w> <w type="NN">announcement</w> <c type="pct">?</c> <c type="pct">?</c> </s>
<s n="68"><w type="DT">This</w> <w type="VBD">cited</w> <w type="NPg">Bang-Jensen's</w> <c type="pct">'</c> <w type="JJ">aberrant</w> <w type="NN">conduct</w> <c type="pct">'</c> <c type="pct">''</c> <c type="pct">.</c> </s>
</p>
<p><s n="69"><c type="pct">``</c> <w type="AT">The</w> <w type="NN">reason</w> <w type="IN">for</w> <w type="DT">that</w> <w type="NN">report</w> <w type="BEDZ">was</w> <w type="TO">to</w> <w type="VB">settle</w> <w type="AT">the</w> <w type="NN">matter</w> <w type="IN">of</w> <w type="AT">the</w> <w type="NN">list</w> <c type="pct">.</c> </s>
<s n="70"><w type="QL">As</w> <w type="RB">far</w> <w type="CS">as</w> <mw pos="PPSS BEM">I'm </mw><w type="VBN">concerned</w> <c type="pct">,</c> <w type="PPS">it</w> <w type="BEDZ">was</w> <w type="AT">a</w> <w type="JJ">separate</w> <w type="NN">matter</w> <w type="IN">from</w> <w type="AT">the</w> <w type="JJ">general</w> <w type="NN" subtype="TL">Committee</w> <w type="NN">study</w> <w type="IN">of</w> <w type="NPg">Bang-Jensen's</w> <w type="NN">conduct</w> <c type="pct">.</c> </s>
<s n="71"><w type="AT">The</w> <w type="NP">January</w> <w type="CD">fifteen</w> <w type="NN">report</w> <w type="VBD">recommended</w> <w type="CS">that</w> <w type="NP">Bang-Jensen</w> <w type="BE">be</w> <w type="VBN">instructed</w> <w type="TO">to</w> <w type="VB">burn</w> <w type="AT">the</w> <w type="NN">list</w> <c type="pct">--</c> <w type="AT">the</w> <w type="NNS">papers</w> <c type="pct">--</c> <w type="IN">in</w> <w type="AT">the</w> <w type="NN">presence</w> <w type="IN">of</w> <w type="AT">a</w> <w type="NP" subtype="TL">U.N.</w> <w type="NN" subtype="TL">Security</w> <w type="NN" subtype="TL">Officer</w> <c type="pct">''</c> <c type="pct">.</c> </s>
</p>
<p><s n="72"><c type="pct">``</c> <w type="WRB">How</w> <w type="IN">about</w> <w type="PPg">your</w> <w type="NN">press</w> <w type="NN">conference</w> <w type="CD">three</w> <w type="NNS">days</w> <w type="RBR">later</w> <c type="pct">--</c> <w type="WDT">what</w> <w type="BEDZ">was</w> <w type="AT">the</w> <w type="NN">reason</w> <w type="IN">for</w> <w type="DT">that</w> <c type="pct">?</c> <c type="pct">?</c> </s>
<s n="73"><w type="NP">Bang-Jensen</w> <w type="VBD">said</w> <w type="PPSS">you</w> <w type="VBD">told</w> <w type="NNS">correspondents</w> <w type="CS">that</w> <w type="PPSS">you</w> <w type="HVD">had</w> <w type="VBN">checked</w> <w type="IN">in</w> <w type="NN">advance</w> <w type="TO">to</w> <w type="VB">make</w> <w type="JJ">sure</w> <w type="AT">the</w> <w type="NN">term</w> <c type="pct">'</c> <w type="JJ">aberrant</w> <w type="NN">conduct</w> <c type="pct">'</c> <w type="BEDZ">was</w> <w type="NEG">not</w> <w type="JJ">libelous</w> <c type="pct">.</c> </s>
<s n="74"><w type="PPS">He</w> <w type="VBD">claimed</w> <w type="PPSS">you</w> <w type="VBN">made</w> <w type="AP">other</w> <w type="JJ">slanderous</w> <w type="NNS">allegations</w> <c type="pct">''</c> <c type="pct">.</c> </s>
</p>
<p><s n="75"><w type="NP">Gross</w> <w type="VBD">paused</w> <w type="CC">and</w> <w type="VBD">repeated</w> <w type="PPL">himself</w> <c type="pct">.</c> </s>
<s n="76"><c type="pct">``</c> <w type="AT">The</w> <w type="JJ">entire</w> <w type="NN">object</w> <w type="IN">of</w> <w type="AT">the</w> <w type="NN">press</w> <w type="NN">conference</w> <w type="BEDZ">was</w> <w type="TO">to</w> <w type="VB">clarify</w> <w type="AT">the</w> <w type="NN">problem</w> <w type="IN">of</w> <w type="AT">the</w> <w type="NN">list</w> <c type="pct">,</c> <w type="CS">since</w> <w type="AP">many</w> <w type="IN">in</w> <w type="AT">the</w> <w type="NN">press</w> <w type="BED">were</w> <w type="VBG">querying</w> <w type="AT">the</w> <w type="NP">U.N.</w> <w type="IN">about</w> <w type="PPO">it</w> <c type="pct">.</c> </s>
<s n="77"><w type="WDT">What</w> <w type="BEDZ">was</w> <w type="AT">the</w> <w type="NN">list</w> <c type="pct">?</c> <c type="pct">?</c> </s>
<s n="78"><w type="PPSS">I</w> <mw pos="DO *">don't </mw><w type="VB">know</w> <c type="pct">.</c> </s>
<s n="79"><w type="NP">Bang-Jensen</w> <w type="RB">never</w> <w type="VBD">explained</w> <w type="WDT">what</w> <w type="AT">the</w> <w type="NNS">documents</w> <w type="CC">or</w> <w type="NNS">papers</w> <w type="BED">were</w> <w type="WPO">that</w> <w type="PPS">he</w> <w type="HVD">had</w> <w type="IN">in</w> <w type="PPg">his</w> <w type="NN">possession</w> <c type="pct">.</c> </s>
</p>
<p><s n="80"><c type="pct">``</c> <w type="PPS">It</w> <w type="BEDZ">was</w> <w type="JJ">foolish</w> <w type="IN">of</w> <w type="PPO">him</w> <w type="TO">to</w> <w type="VB">keep</w> <w type="PPO">them</w> <c type="pct">,</c> <w type="WDT">whatever</w> <w type="PPSS">they</w> <w type="BED">were</w> <c type="pct">.</c> </s>
<s n="81"><w type="PPS">He</w> <w type="MD">could</w> <w type="HV">have</w> <w type="BEN">been</w> <w type="VBN">blackmailed</w> <c type="pct">,</c> <w type="CC">or</w> <w type="PPg">his</w> <w type="NN">family</w> <w type="MD">might</w> <w type="HV">have</w> <w type="BEN">been</w> <w type="VBN">threatened</w> <c type="pct">.</c> </s>
<s n="82"><w type="IN">Of</w> <w type="NN">course</w> <w type="AT">the</w> <w type="NN">matter</w> <w type="VBD">caught</w> <w type="AT">the</w> <w type="NNg">public's</w> <w type="NN">attention</w> <c type="pct">.</c> </s>
<s n="83"><w type="PPSS">We</w> <w type="VBD">attempted</w> <w type="TO">to</w> <w type="VB">conclude</w> <w type="DT">this</w> <c type="pct">,</c> <w type="CC">and</w> <w type="DOD">did</w> <w type="RB">so</w> <w type="IN">by</w> <w type="HVG">having</w> <w type="AT">the</w> <w type="NNS">papers</w> <w type="VBN">burned</w> <c type="pct">.</c> </s>
</p>
<p><s n="84"><w type="NP">Hammarskjold</w> <mw pos="DOD *">didn't </mw><w type="VB">like</w> <w type="AT">the</w> <w type="NN">way</w> <w type="PPS">it</w> <w type="BEDZ">was</w> <w type="VBN">carried</w> <w type="RP">out</w> <c type="pct">.</c> </s>
<s n="85"><w type="PPS">It</w> <w type="BEDZ">was</w> <w type="AT">a</w> <w type="NN">sort</w> <w type="IN">of</w> <w type="NP">Gotterdammerung</w> <w type="NN">affair</w> <c type="pct">.</c> </s>
<s n="86"><w type="NP">Hammarskjold</w> <w type="VBZ">believes</w> <w type="AT">the</w> <w type="NP">U.N.</w> <w type="BEZ">is</w> <w type="AT">an</w> <w type="NN">organization</w> <w type="WPS">that</w> <w type="VBZ">settles</w> <w type="NNS">matters</w> <w type="IN">in</w> <w type="AT">a</w> <w type="JJ">procedural</w> <w type="NN">way</w> <c type="pct">.</c> </s>
</p>
<p><s n="87"><w type="NP">Peter</w> <w type="NP">Marshall</w> <w type="VBD">reflected</w> <c type="pct">.</c> </s>
<s n="88"><w type="CS">If</w> <w type="NP">Hammarskjold</w> <w type="HVD">had</w> <w type="NEG">not</w> <w type="VBN">wanted</w> <w type="AT">the</w> <w type="NN">list</w> <w type="VBN">disposed</w> <w type="IN">of</w> <w type="IN">in</w> <w type="DT">this</w> <w type="NN">manner</w> <c type="pct">,</c> <w type="CC">and</w> <w type="CS">if</w> <w type="NP">Bang-Jensen</w> <w type="HVD">had</w> <w type="NEG">not</w> <w type="VBN">wanted</w> <w type="PPO">it</w> <c type="pct">--</c> <w type="WPS">who</w> <w type="HVD">had</w> <w type="VBN">ordered</w> <w type="PPO">it</w> <c type="pct">?</c> <c type="pct">?</c> </s>
</p>
<p><s n="89"><c type="pct">``</c> <w type="NP">Mr.</w> <w type="NP">Gross</w> <c type="pct">,</c> <w type="IN">concerning</w> <w type="AT">the</w> <w type="NN">formation</w> <w type="IN">of</w> <w type="PPg">your</w> <w type="NN" subtype="TL">Committee</w> <c type="pct">,</c> <mw pos="EX BEZ">there's </mw><w type="AT">the</w> <w type="NN">fact</w> <w type="CS">that</w> <w type="PPSS">you</w> <w type="HV">have</w> <w type="BEN">been</w> <w type="AT">a</w> <w type="JJ">legal</w> <w type="NN">adviser</w> <w type="IN">to</w> <w type="AT">the</w> <w type="NP">U.N.</w> <w type="IN">in</w> <w type="AT">the</w> <w type="NN">past</w> <c type="pct">;</c> <c type="pct">;</c> </s>
<s n="90"><w type="CS">as</w> <w type="PPSS">I</w> <w type="VB">understand</w> <w type="PPO">it</w> <c type="pct">,</c> <w type="NP">Mr.</w> <w type="NP">Hammarskjold</w> <w type="VBD">wanted</w> <w type="JJ">outside</w> <w type="NN">advice</w> <c type="pct">.</c> </s>
<s n="91"><w type="MD">Could</w> <w type="PPSS">you</w> <w type="VB">comment</w> <w type="IN">on</w> <w type="DT">that</w> <c type="pct">''</c> <c type="pct">?</c> <c type="pct">?</c> </s>
</p>
<p><s n="92"><c type="pct">``</c> <mw pos="PPSS HV">I've </mw><w type="VBN">served</w> <w type="CS">as</w> <w type="AT">a</w> <w type="NN">counsel</w> <w type="IN">for</w> <w type="AT">the</w> <w type="NP">U.N.</w> <w type="IN">for</w> <w type="DTI">some</w> <w type="NNS">years</w> <c type="pct">,</c> <w type="VBG">specializing</w> <w type="RB">particularly</w> <w type="IN">in</w> <w type="JJ">real</w> <w type="NN">estate</w> <w type="NNS">matters</w> <w type="CC">or</w> <w type="AP">other</w> <w type="NNS">problems</w> <w type="CS">that</w> <w type="AT">the</w> <w type="JJ">regular</w> <w type="NP">U.N.</w> <w type="JJ">legal</w> <w type="NN">staff</w> <w type="MD">might</w> <w type="NEG">not</w> <w type="BE">be</w> <w type="VBN">equipped</w> <w type="TO">to</w> <w type="VB">handle</w> <c type="pct">.</c> </s>
<s n="93"><w type="NP">Mr.</w> <w type="NP">Stavropoulos</w> <w type="BEZ">is</w> <w type="AT">the</w> <w type="NP">U.N.</w> <w type="JJ">legal</w> <w type="NN">chief</w> <w type="CC">and</w> <w type="AT">a</w> <w type="QL">very</w> <w type="JJ">good</w> <w type="NN">man</w> <c type="pct">,</c> <w type="CC">but</w> <w type="PPS">he</w> <w type="BEZ">is</w> <w type="NEG">not</w> <w type="RB">fully</w> <w type="JJ">versed</w> <w type="IN">on</w> <w type="DTI">some</w> <w type="JJ">technical</w> <w type="NNS">points</w> <w type="IN">of</w> <w type="JJ">American</w> <w type="NN">law</w> <c type="pct">''</c> <c type="pct">.</c> </s>
</p>
<p><s n="94"><c type="pct">``</c> <w type="WDT">What</w> <w type="DOD">did</w> <w type="PPO">you</w> <w type="VB">think</w> <w type="IN">about</w> <w type="NPg">Bang-Jensen's</w> <w type="NN">contention</w> <w type="IN">of</w> <w type="NNS">errors</w> <w type="CC">and</w> <w type="NNS">omissions</w> <w type="IN">in</w> <w type="AT">the</w> <w type="JJ">Hungarian</w> <w type="NN">report</w> <c type="pct">''</c> <c type="pct">?</c> <c type="pct">?</c> </s>
<s n="95"><w type="NP">Marshall</w> <w type="VBD">asked</w> <c type="pct">.</c> </s>
</p>
<p><s n="96"><c type="pct">``</c> <w type="DTS">Those</w> <c type="pct">''</c> <c type="pct">!</c> <c type="pct">!</c> </s>
<s n="97"><w type="NP">Gross</w> <w type="VBD">answered</w> <c type="pct">.</c> </s>
<s n="98"><c type="pct">``</c> <w type="WRB">Why</w> <c type="pct">,</c> <w type="NP">Mick</w> <w type="NP">Shann</w> <w type="VBD">went</w> <w type="IN">over</w> <w type="CC">and</w> <w type="IN">over</w> <w type="AT">the</w> <w type="NN">report</w> <w type="IN">with</w> <w type="NP">Alsing</w> <w type="NP">Andersen</w> <c type="pct">,</c> <w type="VBG">trying</w> <w type="TO">to</w> <w type="VB">check</w> <w type="PPO">them</w> <w type="RP">out</w> <c type="pct">.</c> </s>
<s n="99"><w type="RB">Even</w> <w type="IN">after</w> <w type="AT">the</w> <w type="NN">incident</w> <w type="IN">between</w> <w type="NP">Bang-Jensen</w> <w type="CC">and</w> <w type="NP">Shann</w> <w type="IN">in</w> <w type="AT">the</w> <w type="NNSg" subtype="TL">Delegates'</w> <w type="NN" subtype="TL">Lounge</w> <w type="CC">and</w> <w type="DT">this</w> <w type="BEDZ">was</w> <w type="NEG">not</w> <w type="AT">the</w> <w type="NN">way</w> <w type="AT">the</w> <w type="NP" subtype="TL">Chicago</w> <w type="NN" subtype="TL">Tribune</w> <w type="VBD">presented</w> <w type="PPO">it</w> <c type="pct">''</c> <c type="pct">.</c> </s>
</p>
<p><s n="100"><w type="NP">Gross</w> <w type="VBD">reached</w> <w type="IN">in</w> <w type="PPg">his</w> <w type="NN">desk</w> <w type="CC">and</w> <w type="VBD">pulled</w> <w type="RP">out</w> <w type="CD">two</w> <w type="NN">newspaper</w> <w type="NNS">clippings</w> <c type="pct">.</c> </s>
<s n="101"><w type="CD">One</w> <w type="BEDZ">was</w> <w type="AT">an</w> <w type="NN">article</w> <w type="IN">on</w> <w type="AT">the</w> <w type="NP">U.N.</w> <w type="IN">by</w> <w type="NP">Alice</w> <w type="NP">Widener</w> <w type="IN">from</w> <w type="AT">the</w> <w type="NP">Cincinnati</w> <w type="NP">Enquirer</w> <c type="pct">.</c> </s>
<s n="102"><w type="AT">The</w> <w type="AP">other</w> <w type="BEDZ">was</w> <w type="IN">by</w> <w type="NP">Chesly</w> <w type="NP">Manley</w> <w type="IN">in</w> <w type="AT">the</w> <w type="NP" subtype="TL">Chicago</w> <w type="JJ" subtype="TL">Daily</w> <w type="NN" subtype="TL">Tribune</w> <c type="pct">.</c> </s>
</p>
<p><s n="103"><w type="NP">Gross</w> <w type="VBD">pointed</w> <w type="IN">to</w> <w type="AT">the</w> <w type="NP">Manley</w> <w type="NN">story</w> <c type="pct">.</c> </s>
<s n="104"><c type="pct">``</c> <w type="PPSS">I</w> <w type="VB">know</w> <w type="NP">Ches</w> <c type="pct">,</c> <mw pos="PPS BEZ">he's </mw><w type="AT">a</w> <w type="NN">friend</w> <w type="IN">of</w> <w type="PPgg">mine</w> <c type="pct">.</c> </s>
<s n="105"><w type="PPS">He</w> <w type="RB">probably</w> <mw pos="DOD *">didn't </mw><w type="VB">mean</w> <w type="TO">to</w> <w type="VB">write</w> <w type="PPO">it</w> <w type="DT">this</w> <w type="NN">way</w> <c type="pct">,</c> <w type="CC">or</w> <w type="RB">maybe</w> <w type="PPS">he</w> <w type="DOD">did</w> <c type="pct">.</c> </s>
<s n="106"><w type="EX">There</w> <mw pos="BEDZ *">wasn't </mw><w type="DTI">any</w> <c type="pct">'</c> <w type="JJ">violent</w> <w type="NN">argument</w> <c type="pct">'</c> <w type="IN">between</w> <w type="NP">Bang-Jensen</w> <w type="CC">and</w> <w type="NP">Shann</w> <c type="pct">,</c> <w type="CS">as</w> <w type="AT">the</w> <w type="NN" subtype="TL">Tribune</w> <w type="VBZ">puts</w> <w type="PPO">it</w> <c type="pct">.</c> </s>
<s n="107"><w type="DT">That</w> <w type="VBZ">implies</w> <w type="CS">that</w> <w type="NP">Shann</w> <w type="BEDZ">was</w> <w type="IN">on</w> <w type="AT">the</w> <w type="NN">enemy</w> <w type="NN">side</w> <c type="pct">.</c> </s>
<s n="108"><w type="PPSS">You</w> <w type="VB">see</w> <w type="WDT">what</w> <w type="PPSS">I</w> <w type="VB">mean</w> <c type="pct">?</c> <c type="pct">?</c> </s>
<s n="109"><w type="WRB">How</w> <mw pos="PPS BEZ">it's </mw><w type="VBN">phrased</w> <w type="RB">there</w> <c type="pct">--</c> <w type="AT">the</w> <w type="NN">word</w> <w type="JJ" subtype="NC">violent</w> <c type="pct">.</c> </s>
</p>
<p><s n="110"><c type="pct">``</c> <w type="AT">The</w> <w type="NN">case</w> <w type="BEDZ">was</w> <w type="CS">that</w> <w type="NP">Bang-Jensen</w> <w type="VBD">came</w> <w type="IN">up</w> <w type="IN">to</w> <w type="NP">Shann</w> <w type="VBG">claiming</w> <w type="PPS">he</w> <w type="HVD">had</w> <w type="VBN">found</w> <w type="JJR">further</w> <w type="NNS">errors</w> <w type="IN">in</w> <w type="AT">the</w> <w type="NN">report</w> <c type="pct">.</c> </s>
<s n="111"><c type="pct">'</c> <mw pos="PPSS HV">I've </mw><w type="VBN">found</w> <w type="NNS">errors</w> <w type="CC">and</w> <w type="PPSS">I</w> <w type="VB">want</w> <w type="PPO">you</w> <w type="TO">to</w> <w type="VB">look</w> <w type="PPO">them</w> <w type="RP">over</w> <c type="pct">.</c> </s>
<s n="112"><w type="RB">So</w> <w type="RB">once</w> <w type="RB">again</w> <w type="NP">Shann</w> <w type="HVD">had</w> <w type="TO">to</w> <w type="VB">argue</w> <w type="IN">with</w> <w type="PPO">him</w> <w type="IN">about</w> <w type="DT">this</w> <c type="pct">.</c> </s>
<s n="113"><w type="CC">But</w> <w type="PPS">it</w> <mw pos="BEDZ *">wasn't </mw><w type="AT">a</w> <w type="JJ">violent</w> <w type="NN">discussion</w> <c type="pct">.</c> </s>
<s n="114"><w type="CC">And</w> <w type="IN">after</w> <w type="ABN">all</w> <w type="DT">this</w> <c type="pct">,</c> <w type="NP">Shann</w> <w type="VBD">went</w> <w type="RP">over</w> <w type="ABN">all</w> <w type="WPO">that</w> <w type="NP">Bang-Jensen</w> <w type="HVD">had</w> <w type="VBN">brought</w> <w type="RP">up</w> <c type="pct">''</c> <c type="pct">.</c> </s>
</p>
<p><s n="115"><c type="pct">(</c> <w type="NPg">Shann's</w> <w type="JJ">own</w> <w type="NN">report</w> <c type="pct">,</c> <w type="NP">Peter</w> <w type="NP">Marshall</w> <w type="VBD">reflected</w> <c type="pct">,</c> <w type="VBZ">describes</w> <w type="AT">the</w> <w type="NN">encounter</w> <w type="CS">as</w> <c type="pct">``</c> <w type="JJ">immoderate</w> <c type="pct">''</c> <c type="pct">.</c> </s>
<s n="116"><w type="NP">Bang-Jensen</w> <w type="BEDZ">was</w> <w type="IN">in</w> <c type="pct">``</c> <w type="JJ">hysterical</w> <w type="NN">condition</w> <c type="pct">''</c> <c type="pct">.</c> </s>
</p>
<p><s n="117"><w type="NP">Gross</w> <w type="VBD">stopped</w> <w type="RB">briefly</w> <c type="pct">,</c> <w type="RB">then</w> <w type="VBD">went</w> <w type="RP">on</w> <c type="pct">.</c> </s>
<s n="118"><c type="pct">``</c> <w type="NP">Shann</w> <w type="BEDZ">was</w> <w type="JJ">responsible</w> <w type="IN">for</w> <w type="AT">the</w> <w type="NN">report</w> <c type="pct">.</c> </s>
<s n="119"><w type="PPS">He</w> <w type="HVZ">has</w> <w type="VBN">felt</w> <w type="JJ">terrible</w> <w type="IN">about</w> <w type="ABN">all</w> <w type="DT">this</w> <c type="pct">.</c> </s>
<s n="120"><w type="PPS">It</w> <w type="BEDZ">was</w> <w type="AT">a</w> <w type="JJ">good</w> <w type="NN">report</w> <c type="pct">,</c> <w type="PPS">he</w> <w type="DOD">did</w> <w type="ABN">all</w> <w type="PPS">he</w> <w type="MD">could</w> <w type="TO">to</w> <w type="VB">make</w> <w type="PPO">it</w> <w type="AT">a</w> <w type="JJ">good</w> <w type="NN">report</w> <c type="pct">.</c> </s>
<s n="121"><w type="WRB">When</w> <w type="PPSS">I</w> <w type="VB">speak</w> <w type="IN">of</w> <w type="WRB">how</w> <w type="NP">Shann</w> <w type="VBD">felt</w> <c type="pct">,</c> <w type="PPSS">I</w> <w type="VB">know</w> <w type="RB">well</w> <c type="pct">.</c> </s>
<s n="122"><mw pos="DO *">Don't </mw><w type="VB">forget</w> <c type="pct">,</c> <w type="PPSS">I</w> <w type="BEM">am</w> <w type="AT">an</w> <w type="JJ">old</w> <w type="NN">member</w> <w type="IN">of</w> <w type="AT">the</w> <w type="NN">club</w> <c type="pct">,</c> <w type="AT">a</w> <w type="AP">former</w> <w type="NN">delegate</w> <c type="pct">.</c> </s>
<s n="123"><w type="PPSS">I</w> <w type="VB">think</w> <w type="PPSS">you</w> <w type="BER">are</w> <w type="BEG">being</w> <w type="JJ">unfair</w> <w type="TO">to</w> <w type="VB">take</w> <w type="DTS">these</w> <w type="NNS">things</w> <w type="RP">up</w> <w type="RB">now</w> <c type="pct">.</c> </s>
</p>
<p><s n="124"><c type="pct">``</c> <w type="PPSS">You</w> <w type="VB">know</w> <c type="pct">,</c> <w type="DT">this</w> <w type="VBZ">hits</w> <w type="IN">in</w> <w type="AP">many</w> <w type="NNS">areas</w> <c type="pct">.</c> </s>
<s n="125"><w type="PPS">It</w> <w type="VBZ">appeals</w> <w type="IN">to</w> <w type="DTS">those</w> <w type="WPS">who</w> <w type="BED">were</w> <w type="VBN">frustrated</w> <w type="IN">in</w> <w type="AT">the</w> <w type="NN">outcome</w> <w type="IN">of</w> <w type="AT">the</w> <w type="JJ">Hungarian</w> <w type="NN">situation</w> <c type="pct">.</c> </s>
<s n="126"><mw pos="DO *">Don't </mw><w type="VB">forget</w> <c type="pct">,</c> <w type="AT">the</w> <w type="NP">U.N.</w> <w type="DOD">did</w> <w type="QL">no</w> <w type="RBR">more</w> <w type="CS">than</w> <w type="AT">the</w> <w type="VBN" subtype="TL">United</w> <w type="NNS" subtype="TL">States</w> <w type="DOD">did</w> <c type="pct">.</c> </s>
<s n="127"><w type="PPS">It</w> <w type="VBZ">takes</w> <w type="AT">a</w> <w type="JJ">great</w> <w type="NN">deal</w> <w type="IN">of</w> <w type="JJ">sophisticated</w> <w type="NN">thought</w> <w type="TO">to</w> <w type="VB">get</w> <w type="AT">the</w> <w type="NN">impact</w> <w type="IN">of</w> <w type="DT">this</w> <w type="NN">fact</w> <c type="pct">''</c> <c type="pct">.</c> </s>
</p>
<p><s n="128"><w type="NN">Chapter</w> <w type="CD">22</w> </s>
<s n="129"><w type="IN">from</w> <w type="AT">the</w> <w type="NN">home</w> <w type="IN">of</w> <w type="PPg">his</w> <w type="NN">friend</w> <c type="pct">,</c> <w type="NP">Henrik</w> <w type="NP">Kauffmann</w> <c type="pct">,</c> <w type="IN">in</w> <w type="NP">Washington</w> <c type="pct">,</c> <w type="NP">D.C.</w> <c type="pct">,</c> <w type="NP">Paul</w> <w type="NP">Bang-Jensen</w> <w type="VBD">sent</w> <w type="AT">a</w> <w type="NN">telegram</w> <w type="VBN">dated</w> <w type="NP">December</w> <w type="CD">9</w> <c type="pct">,</c> <w type="CD">1957</w> <c type="pct">,</c> <w type="IN">to</w> <w type="NP">Ernest</w> <w type="NP">Gross</w> <c type="pct">.</c> </s>
<s n="130"><w type="PPS">It</w> <w type="VBD">said</w> <w type="IN">in</w> <w type="NN">part</w> <c type="pct">:</c> </s>
</p>
<p><s n="131"><c type="pct">``</c> <w type="AT">the</w> <w type="NNS">matters</w> <w type="TO">to</w> <w type="BE">be</w> <w type="VBN">considered</w> <w type="BER">are</w> <w type="RB">obviously</w> <w type="IN">of</w> <w type="AT">a</w> <w type="JJ">grave</w> <w type="NN">character</w> <c type="pct">,</c> <w type="CC">and</w> <w type="PPSS">I</w> <w type="RB">therefore</w> <w type="RB">respectfully</w> <w type="VB">request</w> <w type="CS">that</w> <w type="AT">the</w> <w type="NN">hearing</w> <w type="BE">be</w> <w type="VBN">postponed</w> <w type="IN">for</w> <w type="CD">two</w> <w type="NNS">weeks</w> <w type="IN">in</w> <w type="NN">order</w> <w type="CS">that</w> <w type="PPSS">I</w> <w type="MD">might</w> <w type="VB">make</w> <w type="JJ">adequate</w> <w type="NN">preparation</w> <c type="pct">''</c> <c type="pct">.</c> </s>
</p>
<p><s n="132"><w type="NP">Ernest</w> <w type="NP">Gross</w> <w type="VBD">replied</w> <w type="AT">the</w> <w type="AP">next</w> <w type="NN">day</w> <c type="pct">,</c> <w type="VBG">putting</w> <w type="AT">the</w> <w type="VBN">suspended</w> <w type="NNg">diplomat's</w> <w type="NNS">fears</w> <w type="IN">to</w> <w type="NN">rest</w> <c type="pct">.</c> </s>
<s n="133"><c type="pct">``</c> <w type="DT">This</w> <w type="VBZ">reveals</w> <w type="DTI">some</w> <w type="NN">misunderstanding</w> <w type="IN">on</w> <w type="PPg">your</w> <w type="NN">part</w> <c type="pct">.</c> </s>
<s n="134"><w type="AT">The</w> <w type="NN">group</w> <w type="VBG">conducting</w> <w type="AT">the</w> <w type="NN">review</w> <w type="BEZ">is</w> <w type="NEG">not</w> <w type="VBG">holding</w> <w type="JJ">formal</w> <w type="NNS">hearings</w> <c type="pct">.</c> </s>
<s n="135"><w type="PPS">It</w> <w type="VBD">wished</w> <w type="TO">to</w> <w type="VB">pursue</w> <c type="pct">,</c> <w type="IN">in</w> <w type="AT">the</w> <w type="NN">course</w> <w type="IN">of</w> <w type="DT">this</w> <w type="NN">review</w> <c type="pct">,</c> <w type="NNS">questions</w> <w type="VBG">arising</w> <w type="IN">from</w> <w type="AT">the</w> <w type="NN">body</w> <w type="IN">of</w> <w type="NN">material</w> <w type="RB">already</w> <w type="IN">in</w> <w type="PPg">its</w> <w type="NN">possession</w> <c type="pct">.</c> </s>
</p>
<p><s n="136"><w type="PPS">It</w> <w type="VBD">sounded</w> <w type="CS">like</w> <w type="AT">a</w> <w type="JJ">fair</w> <w type="QLP">enough</w> <w type="NN">invitation</w> <c type="pct">,</c> <w type="NP">Peter</w> <w type="NP">Marshall</w> <w type="VBD">reflected</w> <c type="pct">,</c> <w type="CC">and</w> <w type="NP">Bang-Jensen</w> <w type="MD">must</w> <w type="HV">have</w> <w type="VBN">thought</w> <w type="RB">so</w> <w type="RB">too</w> <c type="pct">,</c> <w type="CS">because</w> <w type="IN">on</w> <w type="AT">the</w> <w type="OD">thirteenth</w> <c type="pct">,</c> <w type="PPS">he</w> <w type="VBD">met</w> <w type="AT">the</w> <w type="NN">group</w> <w type="IN">of</w> <w type="CD">three</w> <w type="IN">on</w> <w type="AT">the</w> <w type="OD">thirty-sixth</w> <w type="NN">floor</w> <w type="IN">of</w> <w type="AT">the</w> <w type="NP">U.N.</w> <c type="pct">.</c> </s>
<s n="137"><w type="RB">There</w> <c type="pct">,</c> <w type="NP">Ernest</w> <w type="NP">Gross</w> <w type="RBR">further</w> <w type="VBD">assured</w> <w type="PPO">him</w> <c type="pct">:</c> </s>
</p>
<p><s n="138"><c type="pct">``</c> <w type="PPSS">We</w> <w type="BED">were</w> <w type="VBN">requested</w> <w type="IN">by</w> <w type="AT">the</w> <w type="NN" subtype="TL">Secretary</w> <w type="JJ" subtype="TL">General</w> <c type="pct">,</c> <w type="CS">as</w> <w type="PPSS">I</w> <w type="VB">understand</w> <w type="PPO">it</w> <c type="pct">,</c> <w type="TO">to</w> <w type="VB">discuss</w> <w type="IN">with</w> <w type="PPO">you</w> <w type="JJ">such</w> <w type="NNS">matters</w> <w type="CS">as</w> <w type="VB">appear</w> <w type="IN">to</w> <w type="PPO">us</w> <w type="TO">to</w> <w type="BE">be</w> <w type="JJ">relevant</w> <c type="pct">,</c> <w type="CC">and</w> <w type="PPSS">we</w> <w type="BER">are</w> <w type="NEG">not</w> <w type="IN">of</w> <w type="NN">course</w> <w type="CC">either</w> <w type="AT">a</w> <w type="JJ">formal</w> <w type="NN">group</w> <w type="CC">or</w> <w type="AT">a</w> <w type="NN">committee</w> <w type="IN">in</w> <w type="AT">the</w> <w type="NN">sense</w> <w type="IN">of</w> <w type="BEG">being</w> <w type="VBN">guided</w> <w type="IN">by</w> <w type="DTI">any</w> <w type="NNS">rules</w> <w type="CC">or</w> <w type="NNS">regulations</w> <w type="IN">of</w> <w type="AT">the</w> <w type="NN" subtype="TL">Secretariat</w> <c type="pct">.</c> </s>
<s n="139"><w type="AT">The</w> <w type="AP">only</w> <w type="NNS">rules</w> <w type="WDT">which</w> <w type="PPSS">I</w> <w type="VB">think</w> <w type="PPSS">we</w> <w type="MD">shall</w> <w type="VB">follow</w> <w type="MD">will</w> <w type="BE">be</w> <w type="DTS">those</w> <w type="IN">of</w> <w type="JJ">common</w> <w type="NN">sense</w> <c type="pct">,</c> <w type="NN">justice</w> <c type="pct">,</c> <w type="CC">and</w> <w type="NN">fairness</w> <c type="pct">''</c> <c type="pct">.</c> </s>
</p>
<p><s n="140"><w type="NP">Peter</w> <w type="NP">Marshall</w> <w type="VBD">noted</w> <w type="CS">that</w> <w type="NP">Bang-Jensen</w> <w type="HVD">had</w> <w type="RBR">later</w> <w type="VBN">referred</w> <w type="IN">to</w> <w type="PPg">his</w> <w type="CD">two</w> <w type="NNS">interviews</w> <w type="IN">with</w> <w type="AT">the</w> <w type="NP">Gross</w> <w type="NN">group</w> <w type="CS">as</w> <c type="pct">``</c> <w type="JJ">unfortunate</w> <w type="NNS">experiences</w> <c type="pct">''</c> <c type="pct">,</c> <w type="CC">and</w> <w type="IN">after</w> <w type="PPg">his</w> <w type="OD">second</w> <w type="NN">meeting</w> <w type="IN">on</w> <w type="AT">the</w> <w type="OD">sixteenth</w> <w type="AT">the</w> <w type="NP">Dane</w> <w type="VBD">refused</w> <w type="TO">to</w> <w type="VB">attend</w> <w type="JJR">further</w> <w type="NNS">hearings</w> <w type="IN">without</w> <w type="JJ">legal</w> <w type="NN">counsel</w> <c type="pct">.</c> </s>
<s n="141"><w type="NP">Marshall</w> <w type="VBD">pondered</w> <w type="AT">the</w> <w type="NN">reason</w> <w type="IN">for</w> <w type="DT">this</w> <c type="pct">,</c> <w type="CC">and</w> <w type="VBD">pondered</w> <w type="RB">too</w> <w type="AT">the</w> <w type="NN">replacement</w> <w type="IN">of</w> <w type="CD">one</w> <w type="NN">member</w> <w type="IN">of</w> <w type="AT">the</w> <w type="JJ">three-man</w> <w type="NN">group</w> <c type="pct">.</c> </s>
</p>
<p><s n="142"><w type="NP">J.</w> <w type="NP">A.</w> <w type="NP">C.</w> <w type="NP">Robertson</w> <c type="pct">,</c> <w type="CS">after</w> <w type="VBG">serving</w> <w type="NP">Gross</w> <w type="CD">one</w> <w type="NN">week</w> <c type="pct">,</c> <w type="VBD">left</w> <w type="IN">for</w> <w type="NP">England</w> <c type="pct">.</c> </s>
</p>
<p></p></body></text></TEI>
