<TEI xmlns="http://www.tei-c.org/ns/1.0"><teiHeader><fileDesc><titleStmt><title>Sample G45 from  W. A. Swanberg, Citizen Hearst: A Biography of William Randolph
 Hearst. New York: Charles Scribner's Sons, 1961. Pp. 212-216.
 </title></titleStmt><editionStmt><edition>A part  of the XML version of the Brown Corpus</edition></editionStmt><extent>2,054 words 822 (40.0%) quotes</extent><publicationStmt><idno>G45</idno><availability><p>Copyright 1961 by W. A. Swanberg. Used by permission of Charles</p></availability></publicationStmt><sourceDesc><bibl> W. A. Swanberg, Citizen Hearst: A Biography of William Randolph
 Hearst. New York: Charles Scribner's Sons, 1961. Pp. 212-216.
 </bibl></sourceDesc></fileDesc><encodingDesc><p>Arbitrary No Hyphen: bulldoze [0600]</p></encodingDesc><revisionDesc><change when="2008-04-27">Header auto-generated for TEI version</change></revisionDesc></teiHeader>
<text xml:id="G45" decls="G">
<body><p><s n="1"><c type="pct">``</c> <w type="VB">Suppose</w> <w type="PPSS">you</w> <w type="VB">take</w> <w type="NP">Mr.</w> <w type="NPg">Hearst's</w> <w type="NN">morning</w> <w type="NP">American</w> <w type="IN">at</w> <w type="NNS">$10,000</w> <w type="AT">a</w> <w type="NN">year</w> <c type="pct">''</c> <c type="pct">,</c> <w type="NP">Brisbane</w> <w type="VBD">proposed</w> <c type="pct">.</c> </s>
<s n="2"><c type="pct">``</c> <w type="PPSS">You</w> <w type="MD">could</w> <w type="VB">come</w> <w type="RP">down</w> <w type="IN">to</w> <w type="AT">the</w> <w type="NN">office</w> <w type="RB">once</w> <w type="AT">a</w> <w type="NN">day</w> <c type="pct">,</c> <w type="VB">look</w> <w type="IN">over</w> <w type="AT">a</w> <w type="AP">few</w> <w type="NNS">exchanges</w> <c type="pct">,</c> <w type="VB">dictate</w> <w type="AT">an</w> <w type="NN">editorial</w> <c type="pct">,</c> <w type="CC">and</w> <w type="RB">then</w> <w type="HV">have</w> <w type="AT">the</w> <w type="NN">remainder</w> <w type="IN">of</w> <w type="PPg">your</w> <w type="NN">time</w> <w type="IN">for</w> <w type="PPg">your</w> <w type="QL">more</w> <w type="JJ">serious</w> <w type="JJ">literary</w> <w type="NNS">labors</w> <c type="pct">.</c> </s>
<s n="3"><w type="CS">If</w> <w type="IN">within</w> <w type="CD">one</w> <w type="NN">year</w> <w type="PPSS">you</w> <w type="MD">can</w> <w type="VB">make</w> <w type="AT">a</w> <w type="NN">success</w> <w type="IN">out</w> <w type="IN">of</w> <w type="AT">the</w> <w type="NP">American</w> <c type="pct">,</c> <w type="PPSS">you</w> <w type="MD">can</w> <w type="RB">practically</w> <w type="VB">name</w> <w type="PPg">your</w> <w type="JJ">own</w> <w type="NN">salary</w> <w type="RB">thereafter</w> <c type="pct">.</c> </s>
<s n="4"><w type="IN">Of</w> <w type="NN">course</w> <c type="pct">,</c> <w type="CS">if</w> <w type="PPSS">you</w> <mw pos="DO *">don't </mw><w type="VB">make</w> <w type="AT">the</w> <w type="NP">American</w> <w type="AT">a</w> <w type="NN">success</w> <c type="pct">,</c> <w type="NP">Hearst</w> <w type="MD">will</w> <w type="HV">have</w> <w type="AT">no</w> <w type="AP">further</w> <w type="NN">use</w> <w type="IN">for</w> <w type="PPO">you</w> <c type="pct">''</c> <c type="pct">.</c> </s>
</p>
<p><s n="5"><w type="AT">The</w> <w type="JJ">blue-eyed</w> <w type="NP">Watson</w> <w type="VBD">decided</w> <w type="CS">that</w> <w type="PPS">he</w> <w type="MD">would</w> <w type="VB">dislike</w> <w type="VBG">living</w> <w type="IN">in</w> <w type="JJ" subtype="TL">New</w> <w type="NP" subtype="TL">York</w> <c type="pct">,</c> <w type="CC">and</w> <w type="AT">the</w> <w type="NN">deal</w> <w type="VBD">fell</w> <w type="RP">through</w> <c type="pct">.</c> </s>
<s n="6"><w type="NPg">Hearst's</w> <w type="NN">luck</w> <w type="BEDZ">was</w> <w type="QL">even</w> <w type="JJR">poorer</w> <w type="WRB">when</w> <w type="PPS">he</w> <w type="HVD">had</w> <w type="AT">a</w> <w type="NN">chat</w> <w type="IN">with</w> <w type="NP">Franklin</w> <w type="NP">K.</w> <w type="NP">Lane</w> <c type="pct">,</c> <w type="AT">a</w> <w type="JJ">prominent</w> <w type="NP">California</w> <w type="NN">journalist</w> <w type="CC">and</w> <w type="NN">reform</w> <w type="NN">politician</w> <c type="pct">,</c> <w type="WPO">whom</w> <w type="PPS">he</w> <w type="VBD">asked</w> <w type="IN">for</w> <w type="PPg">his</w> <w type="NN">support</w> <c type="pct">.</c> </s>
<s n="7"><w type="NP">Lane</w> <w type="BEDZ">was</w> <w type="RB">still</w> <w type="VBG">burning</w> <w type="CS">because</w> <w type="PPS">he</w> <w type="HVD">had</w> <w type="RB">narrowly</w> <w type="VBN">missed</w> <w type="NN">election</w> <w type="CS">as</w> <w type="NN">governor</w> <w type="IN">of</w> <w type="NP">California</w> <w type="IN">in</w> <w type="CD">1902</w> <w type="CC">and</w> <w type="VBD">laid</w> <w type="PPg">his</w> <w type="NN">defeat</w> <w type="IN">to</w> <w type="AT">the</w> <w type="NN">antagonism</w> <w type="IN">of</w> <w type="NPg">Hearst's</w> <w type="NP" subtype="TL">San</w> <w type="NP" subtype="TL">Francisco</w> <w type="NN" subtype="TL">Examiner</w> <c type="pct">.</c> </s>
<s n="8"><w type="NP">Hearst</w> <w type="VBD">disclaimed</w> <w type="NN">blame</w> <w type="IN">for</w> <w type="DT">this</w> <c type="pct">,</c> <w type="CC">but</w> <w type="AT">the</w> <w type="NN">conversation</w> <c type="pct">,</c> <w type="IN">according</w> <w type="IN">to</w> <w type="NP">Lane</w> <c type="pct">,</c> <w type="VBD">ended</w> <w type="IN">on</w> <w type="AT">a</w> <w type="JJ">tart</w> <w type="NN">note</w> <c type="pct">.</c> </s>
</p>
<p><s n="9"><c type="pct">``</c> <w type="NP">Mr.</w> <w type="NP">Lane</w> <c type="pct">''</c> <c type="pct">,</c> <w type="NP">Hearst</w> <w type="VBD">said</w> <c type="pct">,</c> <c type="pct">``</c> <w type="CS">if</w> <w type="PPSS">you</w> <w type="RB">ever</w> <w type="VB">wish</w> <w type="PN">anything</w> <w type="WPO">that</w> <w type="PPSS">I</w> <w type="MD">can</w> <w type="DO">do</w> <c type="pct">,</c> <w type="ABN">all</w> <w type="PPSS">you</w> <w type="MD">will</w> <w type="HV">have</w> <w type="TO">to</w> <w type="DO">do</w> <w type="MD">will</w> <w type="BE">be</w> <w type="TO">to</w> <w type="VB">send</w> <w type="PPO">me</w> <w type="AT">a</w> <w type="NN">telegram</w> <w type="VBG">asking</w> <c type="pct">,</c> <w type="CC">and</w> <w type="PPS">it</w> <w type="MD">will</w> <w type="BE">be</w> <w type="VBN">done</w> <c type="pct">''</c> <c type="pct">.</c> </s>
</p>
<p><s n="10"><c type="pct">``</c> <w type="NP">Mr.</w> <w type="NP">Hearst</w> <c type="pct">''</c> <c type="pct">,</c> <w type="NP">Lane</w> <w type="VBD">replied</w> <w type="CS">as</w> <w type="PPS">he</w> <w type="VBD">left</w> <c type="pct">,</c> <c type="pct">``</c> <w type="CS">if</w> <w type="PPSS">you</w> <w type="RB">ever</w> <w type="VB">get</w> <w type="AT">a</w> <w type="NN">telegram</w> <w type="IN">from</w> <w type="PPO">me</w> <w type="VBG">asking</w> <w type="PPO">you</w> <w type="TO">to</w> <w type="DO">do</w> <w type="PN">anything</w> <c type="pct">,</c> <w type="PPSS">you</w> <w type="MD">can</w> <w type="VB">put</w> <w type="AT">the</w> <w type="NN">telegram</w> <w type="RP">down</w> <w type="CS">as</w> <w type="AT">a</w> <w type="NN">forgery</w> <c type="pct">''</c> <c type="pct">.</c> </s>
</p>
<p><s n="11"><w type="NP">Hearst</w> <w type="VBD">took</w> <w type="AT">a</w> <w type="JJ">brief</w> <w type="NN">respite</w> <w type="TO">to</w> <w type="NN">hurry</w> <w type="NR">home</w> <w type="IN">to</w> <w type="JJ" subtype="TL">New</w> <w type="NP" subtype="TL">York</w> <w type="TO">to</w> <w type="VB">become</w> <w type="AT">a</w> <w type="NN">father</w> <c type="pct">.</c> </s>
<s n="12"><w type="IN">On</w> <w type="NP">April</w> <w type="CD">10</w> <c type="pct">,</c> <w type="CD">1904</w> <c type="pct">,</c> <w type="PPg">his</w> <w type="OD">first</w> <w type="NN">child</w> <w type="BEDZ">was</w> <w type="VBN">born</w> <c type="pct">,</c> <w type="AT">a</w> <w type="NN">son</w> <w type="VBN">named</w> <w type="NP">George</w> <w type="IN">after</w> <w type="AT">the</w> <w type="JJ">late</w> <w type="NN" subtype="TL">Senator</w> <c type="pct">.</c> </s>
<s n="13"><w type="NP">Hearst</w> <w type="VBD">saw</w> <w type="PPg">his</w> <w type="NN">wife</w> <w type="CC">and</w> <w type="NN">child</w> <c type="pct">,</c> <w type="VBD">sent</w> <w type="AT">a</w> <w type="JJ">joyful</w> <w type="NN">message</w> <w type="IN">to</w> <w type="PPg">his</w> <w type="NN">mother</w> <w type="IN">in</w> <w type="NP">California</w> <c type="pct">,</c> <w type="CC">and</w> <w type="RB">soon</w> <w type="VBD">returned</w> <w type="IN">to</w> <w type="NP">Washington</w> <c type="pct">,</c> <w type="WRB">where</w> <w type="IN">on</w> <w type="NP">April</w> <w type="CD">22</w> <c type="pct">,</c> <w type="IN">for</w> <w type="AT">the</w> <w type="OD">first</w> <w type="NN">time</w> <c type="pct">,</c> <w type="PPS">he</w> <w type="VBD">opened</w> <w type="PPg">his</w> <w type="NN">mouth</w> <w type="IN">in</w> <w type="NP">Congress</w> <c type="pct">.</c> </s>
</p>
<p><s n="14"><w type="DT">This</w> <w type="BEDZ">was</w> <w type="NEG">not</w> <w type="IN">before</w> <w type="AT">the</w> <w type="NN" subtype="TL">House</w> <w type="CC">but</w> <w type="IN">before</w> <w type="AT">the</w> <w type="NN" subtype="TL">Judiciary</w> <w type="NN" subtype="TL">Committee</w> <c type="pct">,</c> <w type="WRB">where</w> <w type="PPS">he</w> <w type="VBD">asked</w> <w type="IN">for</w> <w type="NN">action</w> <w type="IN">on</w> <w type="CD">one</w> <w type="IN">of</w> <w type="PPg">his</w> <w type="NN">pet</w> <w type="NNS">bills</w> <c type="pct">,</c> <w type="DT">that</w> <w type="VBG">calling</w> <w type="IN">for</w> <w type="AT">an</w> <w type="NN">investigation</w> <w type="IN">of</w> <w type="AT">the</w> <w type="NN">coal-railroad</w> <w type="NN">monopoly</w> <c type="pct">.</c> </s>
<s n="15"><w type="NN" subtype="TL">Attorney</w> <w type="NP">Shearn</w> <w type="HVD">had</w> <w type="VBN">worked</w> <w type="IN">on</w> <w type="DT">this</w> <w type="IN">for</w> <w type="CD">two</w> <w type="NNS">years</w> <w type="CC">and</w> <w type="HVD">had</w> <w type="VBN">succeeded</w> <w type="IN">in</w> <w type="VBG">getting</w> <w type="AT">a</w> <w type="NN">report</w> <w type="VBG">supporting</w> <w type="PPg">his</w> <w type="NN">stand</w> <w type="IN">from</w> <w type="AT">the</w> <w type="VBN" subtype="TL">United</w> <w type="NNS" subtype="TL">States</w> <w type="NN" subtype="TL">Attorney</w> <w type="IN" subtype="TL">for</w> <w type="AT" subtype="TL">the</w> <w type="JJ" subtype="TL">Southern</w> <w type="NN" subtype="TL">District</w> <w type="IN" subtype="TL">of</w> <w type="JJ" subtype="TL">New</w> <w type="NP" subtype="TL">York</w> <c type="pct">.</c> </s>
<s n="16"><w type="NP">Hearst</w> <w type="HVD">had</w> <w type="VBN">spent</w> <w type="AP">more</w> <w type="IN">than</w> <w type="NNS">$60,000</w> <w type="IN">of</w> <w type="PPg">his</w> <w type="JJ">own</w> <w type="NN">money</w> <w type="IN">in</w> <w type="AT">the</w> <w type="NN">probe</w> <c type="pct">,</c> <w type="CC">but</w> <w type="RB">still</w> <w type="NN" subtype="TL">Attorney</w> <w type="JJ" subtype="TL">General</w> <w type="NP">Knox</w> <w type="BEDZ">was</w> <w type="JJ">quiescent</w> <c type="pct">.</c> </s>
</p>
<p><s n="17"><w type="CD">Six</w> <w type="IN">of</w> <w type="AT">the</w> <w type="NNS">railroads</w> <w type="VBG">carrying</w> <w type="NN">coal</w> <w type="IN">to</w> <w type="NN" subtype="TL">Tidewater</w> <w type="IN">from</w> <w type="AT">the</w> <w type="NP">Pennsylvania</w> <w type="NNS">fields</w> <c type="pct">,</c> <w type="NP">Hearst</w> <w type="VBD">said</w> <c type="pct">,</c> <w type="NEG">not</w> <w type="RB">only</w> <w type="HVD">had</w> <w type="JJ">illegal</w> <w type="NNS">agreements</w> <w type="IN">with</w> <w type="NN">coal</w> <w type="NNS">operators</w> <w type="CC">but</w> <w type="VBD">owned</w> <w type="RB">outright</w> <w type="IN">at</w> <w type="AP">least</w> <w type="CD">eleven</w> <w type="NNS">mines</w> <c type="pct">.</c> </s>
<s n="18"><w type="PPSS">They</w> <w type="HVD">had</w> <w type="VBN">watered</w> <w type="PPg">their</w> <w type="NN">stock</w> <w type="IN">at</w> <w type="JJ">immense</w> <w type="NN">profit</w> <c type="pct">,</c> <w type="RB">then</w> <w type="HVD">had</w> <w type="VBN">raised</w> <w type="AT">the</w> <w type="NN">price</w> <w type="IN">of</w> <w type="NN">coal</w> <w type="CD">fifty</w> <w type="NNS">cents</w> <w type="AT">a</w> <w type="NN">ton</w> <c type="pct">,</c> <w type="VBG">netting</w> <w type="PPLS">themselves</w> <w type="DT">another</w> <w type="NNS">$20,000,000</w> <w type="IN">in</w> <w type="JJ">annual</w> <w type="NN">profit</w> <c type="pct">.</c> </s>
</p>
<p><s n="19"><c type="pct">``</c> <w type="AT">The</w> <w type="NN" subtype="TL">Attorney</w> <w type="JJ" subtype="TL">General</w> <w type="HVZ">has</w> <w type="BEN">been</w> <w type="VBG">brooding</w> <w type="IN">over</w> <w type="DT">that</w> <w type="NN">evidence</w> <w type="CS">like</w> <w type="AT">an</w> <w type="JJ">old</w> <w type="NN">hen</w> <w type="IN">on</w> <w type="AT">a</w> <w type="NN">doorknob</w> <w type="IN">for</w> <w type="CD">eighteen</w> <w type="NNS">months</w> <c type="pct">''</c> <c type="pct">,</c> <w type="NP">Hearst</w> <w type="VBD">said</w> <c type="pct">.</c> </s>
<s n="20"><c type="pct">``</c> <w type="PPS">He</w> <w type="HVZ">has</w> <w type="NEG">not</w> <w type="VBN">acted</w> <w type="IN">in</w> <w type="DTI">any</w> <w type="NN">way</w> <c type="pct">,</c> <w type="CC">and</w> <mw pos="MD *">won't </mw><w type="VB">let</w> <w type="PN">anyone</w> <w type="VB">take</w> <w type="PPO">it</w> <w type="RB">away</w> <w type="IN">from</w> <w type="PPO">him</w> <c type="pct">.</c> </s>
<s n="21"><w type="WDT">What</w> <w type="PPSS">I</w> <w type="VB">want</w> <w type="BEZ">is</w> <w type="TO">to</w> <w type="HV">have</w> <w type="DT">this</w> <w type="NN">evidence</w> <w type="VB">come</w> <w type="IN">before</w> <w type="NP">Congress</w> <w type="CC">and</w> <w type="CS">if</w> <w type="AT">the</w> <w type="NN" subtype="TL">Attorney</w> <w type="JJ" subtype="TL">General</w> <w type="DOZ">does</w> <w type="NEG">not</w> <w type="VB">report</w> <w type="PPO">it</w> <c type="pct">,</c> <w type="CS">as</w> <w type="PPSS">I</w> <w type="BEM">am</w> <w type="QL">very</w> <w type="JJ">sure</w> <w type="PPS">he</w> <mw pos="MD *">won't </mw><c type="pct">,</c> <w type="CS">as</w> <w type="PPS">he</w> <w type="HVZ">has</w> <w type="VBN">refused</w> <w type="TO">to</w> <w type="DO">do</w> <w type="PN">anything</w> <w type="IN">of</w> <w type="AT">the</w> <w type="NN">kind</w> <c type="pct">,</c> <w type="PPSS">I</w> <w type="RB">then</w> <w type="VB">wish</w> <w type="CS">that</w> <w type="AT">a</w> <w type="NN">committee</w> <w type="IN">of</w> <w type="CD">seven</w> <w type="NNS" subtype="TL">Representatives</w> <w type="BE">be</w> <w type="VBN">appointed</w> <w type="IN">with</w> <w type="NN">power</w> <w type="TO">to</w> <w type="VB">take</w> <w type="AT">the</w> <w type="NN">evidence</w> <c type="pct">.</c> </s>
</p>
<p><s n="22"><w type="AT">The</w> <w type="NN" subtype="TL">Congressman</w> <w type="VBD">tried</w> <w type="RB">hard</w> <c type="pct">,</c> <w type="CC">but</w> <w type="VBD">failed</w> <c type="pct">.</c> </s>
<s n="23"><w type="DT">This</w> <w type="BEDZ">was</w> <w type="AT">the</w> <w type="AP">very</w> <w type="NN">sort</w> <w type="IN">of</w> <w type="NN">legislation</w> <w type="WPO">that</w> <w type="NP">Roosevelt</w> <w type="PPL">himself</w> <w type="HVD">had</w> <w type="IN">in</w> <w type="NN">mind</w> <c type="pct">.</c> </s>
<s n="24"><w type="EX">There</w> <w type="MD">can</w> <w type="BE">be</w> <w type="AP">little</w> <w type="NN">doubt</w> <w type="CS">that</w> <w type="EX">there</w> <w type="BEDZ">was</w> <w type="AT">a</w> <w type="NN">conspiracy</w> <w type="IN">in</w> <w type="NP">Washington</w> <c type="pct">,</c> <w type="JJ">overt</w> <w type="CC">or</w> <w type="VBN">implied</w> <c type="pct">,</c> <w type="TO">to</w> <w type="VB">block</w> <w type="PN">anything</w> <w type="NP">Hearst</w> <w type="VBD">wanted</w> <c type="pct">,</c> <w type="RB">even</w> <w type="CS">if</w> <w type="PPS">it</w> <w type="BEDZ">was</w> <w type="PN">something</w> <w type="JJ">good</w> <c type="pct">.</c> </s>
<s n="25"><w type="NN">Hatred</w> <w type="VBD">tied</w> <w type="PPg">his</w> <w type="NNS">hands</w> <w type="IN">in</w> <w type="NP">Congress</w> <c type="pct">.</c> </s>
<s n="26"><w type="NP">Roosevelt</w> <w type="CC">and</w> <w type="NNS">others</w> <w type="VBD">considered</w> <w type="PPO">him</w> <w type="QL">partly</w> <w type="JJ">responsible</w> <w type="IN">for</w> <w type="AT">the</w> <w type="NN">murder</w> <w type="IN">of</w> <w type="NP">McKinley</w> <c type="pct">.</c> </s>
<s n="27"><w type="PPSS">They</w> <w type="BED">were</w> <w type="VBN">repelled</w> <w type="IN">by</w> <w type="PPg">his</w> <w type="JJ">noisy</w> <w type="NNS">newspapers</w> <c type="pct">,</c> <w type="PPg">his</w> <w type="JJ">personal</w> <w type="NN">publicity</w> <c type="pct">,</c> <w type="PPg">his</w> <w type="JJ">presumptuous</w> <w type="NN">campaign</w> <w type="IN">for</w> <w type="AT">the</w> <w type="JJ" subtype="TL">Presidential</w> <w type="NN">nomination</w> <c type="pct">,</c> <w type="CC">and</w> <w type="IN">by</w> <w type="AT">the</w> <w type="VBG">swelling</w> <w type="NN">cloud</w> <w type="IN">of</w> <w type="NN">rumor</w> <w type="IN">about</w> <w type="PPg">his</w> <w type="JJ">moral</w> <w type="NNS">lapses</w> <c type="pct">.</c> </s>
<s n="28"><w type="PPS">He</w> <w type="MD">might</w> <w type="VB">get</w> <w type="NNS">votes</w> <w type="IN">from</w> <w type="PPg">his</w> <w type="NNS">constituents</w> <c type="pct">,</c> <w type="CC">but</w> <w type="PPS">he</w> <w type="MD">would</w> <w type="RB">never</w> <w type="VB">get</w> <w type="AT">a</w> <w type="VBG">helping</w> <w type="NN">hand</w> <w type="IN">in</w> <w type="NP">Congress</w> <c type="pct">.</c> </s>
<s n="29"><w type="PPS">He</w> <w type="BEDZ">was</w> <w type="AT">the</w> <w type="NN" subtype="TL">House</w> <w type="NN">pariah</w> <c type="pct">.</c> </s>
<s n="30"><w type="RB">Even</w> <w type="AT">the</w> <w type="JJ">regular</w> <w type="NPS">Democrats</w> <w type="VBD">disowned</w> <w type="PPO">him</w> <c type="pct">.</c> </s>
<s n="31"><w type="RB">Inherently</w> <w type="JJ">incapable</w> <w type="IN">of</w> <w type="VBG">cooperating</w> <w type="IN">with</w> <w type="NNS">others</w> <c type="pct">,</c> <w type="PPS">he</w> <w type="VBD">ran</w> <w type="PPg">his</w> <w type="JJ">own</w> <w type="NN">show</w> <w type="RB">regardless</w> <w type="IN">of</w> <w type="WQL">how</w> <w type="AP">many</w> <w type="NN">party-line</w> <w type="JJ" subtype="TL">Democratic</w> <w type="NNS">toes</w> <w type="PPS">he</w> <w type="VBD">stepped</w> <w type="IN">on</w> <c type="pct">.</c> </s>
<s n="32"><w type="PPS">He</w> <w type="BEDZ">was</w> <w type="AT">a</w> <w type="JJ">political</w> <w type="NN">maverick</w> <c type="pct">,</c> <w type="AT">a</w> <w type="NN">reformer</w> <w type="IN">with</w> <w type="PPg">his</w> <w type="JJ">own</w> <w type="NN">program</w> <c type="pct">,</c> <w type="VBN">determined</w> <w type="TO">to</w> <w type="VB">bulldoze</w> <w type="PPO">it</w> <w type="RP">through</w> <w type="CC">or</w> <w type="TO">to</w> <w type="VB">blazon</w> <w type="AT">the</w> <w type="NN">infamy</w> <w type="IN">of</w> <w type="DTS">those</w> <w type="WPS">who</w> <w type="VBD">balked</w> <w type="PPO">him</w> <c type="pct">.</c> </s>
<s n="33"><w type="PPS">He</w> <w type="VBD">showed</w> <w type="AP">little</w> <w type="NN">interest</w> <w type="IN">in</w> <w type="NNS">measures</w> <w type="VB">put</w> <w type="RB">forward</w> <w type="IN">by</w> <w type="AT">the</w> <w type="JJ">regular</w> <w type="NPS">Democrats</w> <c type="pct">.</c> </s>
<s n="34"><w type="PPS">He</w> <w type="VBD">sought</w> <w type="TO">to</w> <w type="VB">run</w> <w type="NP">Congress</w> <w type="CS">as</w> <w type="PPS">he</w> <w type="VBD">ran</w> <w type="PPg">his</w> <w type="JJ" subtype="TL">New</w> <w type="NP" subtype="TL">York</w> <w type="NP" subtype="TL">American</w> <w type="CC">or</w> <w type="NN" subtype="TL">Journal</w> <c type="pct">,</c> <w type="AT">a</w> <w type="NN">scheme</w> <w type="JJ">veteran</w> <w type="NNS">legislators</w> <w type="VBD">resisted</w> <c type="pct">.</c> </s>
<s n="35"><w type="CS">For</w> <w type="AT">a</w> <w type="NN">freshman</w> <w type="NN" subtype="TL">Congressman</w> <w type="TO">to</w> <w type="VB">read</w> <w type="JJ">political</w> <w type="NNS" subtype="TL">Lessons</w> <w type="IN">to</w> <w type="NN">graybeard</w> <w type="NPS">Democrats</w> <w type="BEDZ">was</w> <w type="JJ">poor</w> <w type="NN">policy</w> <w type="IN">for</w> <w type="CD">one</w> <w type="WPS">who</w> <w type="VBD">needed</w> <w type="TO">to</w> <w type="VB">make</w> <w type="NNS">friends</w> <c type="pct">.</c> </s>
<s n="36"><w type="PPS">He</w> <w type="RB">soon</w> <w type="VBD">quarreled</w> <w type="IN">with</w> <w type="ABN">all</w> <w type="AT">the</w> <w type="NN">party</w> <w type="NNS">leaders</w> <w type="IN">in</w> <w type="AT">the</w> <w type="NN" subtype="TL">House</w> <c type="pct">,</c> <w type="CC">and</w> <w type="VBD">came</w> <w type="TO">to</w> <w type="BE">be</w> <w type="VBN">regarded</w> <w type="IN">with</w> <w type="NN">detestation</w> <w type="IN">by</w> <w type="JJ">regular</w> <w type="NPS">Democrats</w> <w type="CS">as</w> <w type="AT">a</w> <w type="JJ">professional</w> <w type="JJ">radical</w> <w type="VBG">leading</w> <w type="AT">a</w> <w type="JJ">small</w> <w type="NN">pack</w> <w type="IN">of</w> <w type="JJ">obedient</w> <w type="NNS">terriers</w> <w type="WPg">whose</w> <w type="JJ">constant</w> <w type="NN">snapping</w> <w type="BEDZ">was</w> <w type="VBG">demoralizing</w> <w type="IN">to</w> <w type="NN">party</w> <w type="NN">discipline</w> <c type="pct">.</c> </s>
</p>
<p><s n="37"><w type="IN">To</w> <w type="NN">old-line</w> <w type="NPS">Democrats</w> <c type="pct">,</c> <w type="AT">the</w> <w type="NP">Hearst</w> <w type="JJ" subtype="TL">Presidential</w> <w type="NN">boom</w> <c type="pct">,</c> <w type="RB">now</w> <w type="IN">in</w> <w type="JJ">full</w> <w type="NN">cry</w> <c type="pct">,</c> <w type="BEDZ">was</w> <w type="AT">the</w> <w type="NN">joke</w> <w type="IN">of</w> <w type="AT">the</w> <w type="JJ">new</w> <w type="NN">century</w> <c type="pct">.</c> </s>
<s n="38"><w type="CC">Yet</w> <w type="AT">no</w> <w type="NN">leader</w> <w type="HVD">had</w> <w type="VBN">come</w> <w type="IN">to</w> <w type="AT">the</w> <w type="NN">fore</w> <w type="WPS">who</w> <w type="VBD">seemed</w> <w type="JJ">likely</w> <w type="TO">to</w> <w type="VB">give</w> <w type="AT">the</w> <w type="JJ">puissant</w> <w type="NP">T.</w> <w type="NP">R.</w> <w type="AT">a</w> <w type="NN">semblance</w> <w type="IN">of</w> <w type="AT">a</w> <w type="NN">race</w> <c type="pct">.</c> </s>
<s n="39"><w type="EX">There</w> <w type="BEDZ">was</w> <w type="NN">talk</w> <w type="IN">of</w> <w type="VBG">dragging</w> <w type="JJ">old</w> <w type="NN">ex-President</w> <w type="NP">Cleveland</w> <w type="IN">out</w> <w type="IN">of</w> <w type="NN">retirement</w> <w type="IN">for</w> <w type="DT">another</w> <w type="NN">try</w> <c type="pct">.</c> </s>
<s n="40"><w type="DTI">Some</w> <w type="VBD">preferred</w> <w type="NN" subtype="TL">Judge</w> <w type="NP">Alton</w> <w type="NP">B.</w> <w type="NP">Parker</w> <w type="IN">of</w> <w type="JJ" subtype="TL">New</w> <w type="NP" subtype="TL">York</w> <c type="pct">.</c> </s>
<s n="41"><w type="EX">There</w> <w type="BEDZ">was</w> <w type="AT">a</w> <w type="NN">host</w> <w type="IN">of</w> <w type="JJ">dark</w> <w type="NNS">horses</w> <c type="pct">.</c> </s>
<s n="42"><w type="AT">The</w> <w type="NNS">sneers</w> <w type="IN">at</w> <w type="NP">Hearst</w> <w type="VBD">changed</w> <w type="IN">to</w> <w type="NN">concern</w> <w type="WRB">when</w> <w type="PPS">it</w> <w type="BEDZ">was</w> <w type="VBN">seen</w> <w type="CS">that</w> <w type="PPS">he</w> <w type="HVD">had</w> <w type="JJ">strong</w> <w type="NN">support</w> <w type="IN">in</w> <w type="AP">many</w> <w type="NNS">parts</w> <w type="IN">of</w> <w type="AT">the</w> <w type="NN">country</w> <c type="pct">.</c> </s>
<s n="43"><w type="NNS">Platoons</w> <w type="IN">of</w> <w type="NP">Hearst</w> <w type="NNS">agents</w> <w type="BED">were</w> <w type="VBG">traveling</w> <w type="IN">from</w> <w type="NN">state</w> <w type="IN">to</w> <w type="NN">state</w> <w type="IN">in</w> <w type="AT">a</w> <w type="QL">surprisingly</w> <w type="JJ">successful</w> <w type="NN">search</w> <w type="IN">for</w> <w type="NNS">delegates</w> <w type="IN">at</w> <w type="AT">the</w> <w type="VBG">coming</w> <w type="NN">convention</w> <c type="pct">,</c> <w type="CC">and</w> <w type="EX">there</w> <w type="BED">were</w> <w type="NNS">charges</w> <w type="CS">that</w> <w type="NN">money</w> <w type="BEDZ">was</w> <w type="VBG">doing</w> <w type="AT">a</w> <w type="JJ">large</w> <w type="NN">part</w> <w type="IN">of</w> <w type="AT">the</w> <w type="NN">persuading</w> <c type="pct">.</c> </s>
<s n="44"><w type="RB">Just</w> <w type="WRB">when</w> <w type="PPS">it</w> <w type="BEDZ">was</w> <w type="VBN">needed</w> <w type="IN">for</w> <w type="AT">the</w> <w type="NN">campaign</w> <c type="pct">,</c> <w type="NP" subtype="TL">Hearst</w> <w type="NN" subtype="TL">Paper</w> <w type="NN" subtype="TL">No.</w> <w type="CD" subtype="TL">8</w> <c type="pct">,</c> <w type="AT">the</w> <w type="NP" subtype="TL">Boston</w> <w type="NP" subtype="TL">American</w> <c type="pct">,</c> <w type="VBD">began</w> <w type="NN">publication</w> <c type="pct">.</c> </s>
<s n="45"><w type="AT">A</w> <w type="NN" subtype="TL">Bay</w> <w type="NN" subtype="TL">State</w> <w type="NN">supporter</w> <w type="VBD">said</w> <c type="pct">,</c> <c type="pct">``</c> <w type="NP">Mr.</w> <w type="NPg">Hearst's</w> <w type="NN">fight</w> <w type="HVZ">has</w> <w type="BEN">been</w> <w type="VBN">helped</w> <w type="RB">along</w> <w type="RB">greatly</w> <w type="IN">by</w> <w type="AT">the</w> <w type="NN">starting</w> <w type="IN">of</w> <w type="PPg">his</w> <w type="NN">paper</w> <w type="IN">in</w> <w type="NP">Boston</w> <c type="pct">''</c> <c type="pct">.</c> </s>
<s n="46"><w type="PPg">His</w> <w type="NN">candidacy</w> <w type="VBD">affected</w> <w type="PPg">his</w> <w type="NN">journalism</w> <w type="RB">somewhat</w> <c type="pct">.</c> </s>
<s n="47"><w type="PPS">He</w> <w type="VBD">ordered</w> <w type="PPg">his</w> <w type="NNS">editors</w> <w type="TO">to</w> <w type="VB">tone</w> <w type="RP">down</w> <w type="IN">on</w> <w type="NN">sensationalism</w> <w type="CC">and</w> <w type="TO">to</w> <w type="VB">refrain</w> <w type="IN">from</w> <w type="VBG">using</w> <w type="JJ">such</w> <w type="NNS">words</w> <w type="CS">as</w> <c type="pct">``</c> <w type="NN" subtype="NC">seduction</w> <c type="pct">''</c> <c type="pct">,</c> <c type="pct">``</c> <w type="NN" subtype="NC">rape</w> <c type="pct">''</c> <c type="pct">,</c> <c type="pct">``</c> <w type="NN" subtype="NC">abortion</w> <c type="pct">''</c> <c type="pct">,</c> <c type="pct">``</c> <w type="JJ" subtype="NC">criminal</w> <w type="NN" subtype="NC">assault</w> <c type="pct">''</c> <w type="CC">and</w> <c type="pct">``</c> <w type="VBN" subtype="NC">born</w> <w type="RB" subtype="NC">out</w> <w type="IN" subtype="NC">of</w> <w type="NN" subtype="NC">wedlock</w> <c type="pct">''</c> <c type="pct">.</c> </s>
</p>
<p><s n="48"><w type="IN">In</w> <w type="AT">a</w> <w type="NN">story</w> <w type="VBN">headed</w> <c type="pct">,</c> <c type="pct">``</c> <w type="NP" subtype="HL">Hearst</w> <w type="VBZ" subtype="HL">Offers</w> <w type="NN" subtype="HL">Cash</w> <c type="pct">''</c> <c type="pct">,</c> <w type="AT">the</w> <w type="NP">Republican</w> <w type="JJ" subtype="TL">New</w> <w type="NP" subtype="TL">York</w> <w type="NN" subtype="TL">Tribune</w> <w type="VBD">spread</w> <w type="AT">the</w> <w type="NN">money</w> <w type="NN">rumor</w> <c type="pct">,</c> <w type="VBG">quoting</w> <w type="AT">an</w> <w type="JJ">unnamed</w> <c type="pct">``</c> <w type="NP">Hearst</w> <w type="NN">supporter</w> <c type="pct">''</c> <w type="CS">as</w> <w type="VBG">saying</w> <c type="pct">:</c> </s>
</p>
<p><s n="49"><c type="pct">``</c> <w type="AT">The</w> <w type="NN">argument</w> <w type="WPS">that</w> <w type="BEZ">is</w> <w type="VBG">cutting</w> <w type="AP">most</w> <w type="NN">ice</w> <w type="BEZ">is</w> <w type="CS">that</w> <w type="NP">Hearst</w> <w type="BEZ">is</w> <w type="AT">the</w> <w type="AP">only</w> <w type="NN">candidate</w> <w type="WPS">who</w> <w type="BEZ">is</w> <w type="VBG">fighting</w> <w type="AT">the</w> <w type="NNS">trusts</w> <w type="RB">fearlessly</w> <w type="CC">and</w> <w type="WPS">who</w> <w type="MD">would</w> <w type="VB">use</w> <w type="ABN">all</w> <w type="AT">the</w> <w type="NNS">powers</w> <w type="IN">of</w> <w type="NN">government</w> <w type="TO">to</w> <w type="VB">disrupt</w> <w type="PPO">them</w> <w type="CS">if</w> <w type="PPS">he</w> <w type="BED">were</w> <w type="VBN">elected</w> <c type="pct">.</c> </s>
<s n="50"><w type="AT">The</w> <w type="NP">Hearst</w> <w type="NNS">men</w> <w type="VB">say</w> <w type="CS">that</w> <w type="CS">if</w> <w type="NP">Hearst</w> <w type="BEZ">is</w> <w type="VBN">nominated</w> <c type="pct">,</c> <w type="PPS">he</w> <w type="CC">and</w> <w type="PPg">his</w> <w type="JJ">immediate</w> <w type="NNS">friends</w> <w type="MD">will</w> <w type="VB">contribute</w> <w type="IN">to</w> <w type="AT">the</w> <w type="JJ" subtype="TL">Democratic</w> <w type="JJ" subtype="TL">National</w> <w type="NN" subtype="TL">Committee</w> <w type="AT">the</w> <w type="NN">sum</w> <w type="IN">of</w> <w type="NNS">$1,500,000</w> <c type="pct">.</c> </s>
<s n="51"><w type="DT">This</w> <c type="pct">,</c> <w type="PPS">it</w> <w type="BEZ">is</w> <w type="VBN">urged</w> <c type="pct">,</c> <w type="MD">would</w> <w type="VB">relieve</w> <w type="AT">the</w> <w type="JJ">national</w> <w type="NN">committee</w> <w type="IN">from</w> <w type="AT">the</w> <w type="NN">necessity</w> <w type="IN">of</w> <w type="VBG">appealing</w> <w type="IN">to</w> <w type="AT">the</w> <w type="NN">trust</w> <w type="NNS">magnates</w> <c type="pct">.</c> </s>
<s n="52"><w type="AT">The</w> <w type="NN">alternative</w> <w type="IN">to</w> <w type="DT">this</w> <w type="BEZ">is</w> <w type="CS">that</w> <w type="CS">if</w> <w type="AT">a</w> <w type="JJ">conservative</w> <w type="NN">candidate</w> <w type="BEZ">is</w> <w type="VBN">nominated</w> <w type="AT">the</w> <w type="JJ">national</w> <w type="NN">committee</w> <w type="MD">will</w> <w type="HV">have</w> <w type="TO">to</w> <w type="VB">appeal</w> <w type="IN">to</w> <w type="AT">the</w> <w type="NNS">trusts</w> <w type="IN">for</w> <w type="PPg">their</w> <w type="NN">campaign</w> <w type="NNS">funds</w> <c type="pct">,</c> <w type="CC">and</w> <w type="IN">in</w> <w type="VBG">doing</w> <w type="DT">this</w> <w type="MD">will</w> <w type="VB">incur</w> <w type="NNS">obligations</w> <w type="WDT">which</w> <w type="MD">would</w> <w type="VB">make</w> <w type="AT">a</w> <w type="JJ" subtype="TL">Democratic</w> <w type="NN">victory</w> <w type="QL">absolutely</w> <w type="JJ">fruitless</w> <c type="pct">.</c> </s>
<s n="53"><w type="AT">The</w> <w type="JJ">average</w> <w type="JJ" subtype="TL">Democratic</w> <w type="NN">politician</w> <c type="pct">,</c> <w type="RB">especially</w> <w type="IN">in</w> <w type="AT">the</w> <w type="NN">country</w> <w type="NNS">districts</w> <c type="pct">,</c> <w type="BEZ">is</w> <w type="JJ">hungry</w> <w type="IN">for</w> <w type="AT">the</w> <w type="NNS">spoils</w> <w type="IN">of</w> <w type="NN">office</w> <c type="pct">.</c> </s>
<s n="54"><w type="PPS">It</w> <w type="HVZ">has</w> <w type="BEN">been</w> <w type="AT">a</w> <w type="JJ">long</w> <w type="NN">time</w> <w type="CS">since</w> <w type="PPS">he</w> <w type="HVZ">has</w> <w type="VBN">seen</w> <w type="DTI">any</w> <w type="NN">campaign</w> <w type="NN">money</w> <c type="pct">,</c> <w type="CC">and</w> <w type="WRB">when</w> <w type="AT">the</w> <w type="NN">proposition</w> <w type="BEZ">is</w> <w type="VBN">laid</w> <w type="RP">down</w> <w type="IN">to</w> <w type="PPO">him</w> <w type="CS">as</w> <w type="AT">the</w> <w type="NNS">friends</w> <w type="IN">of</w> <w type="NP">Mr.</w> <w type="NP">Hearst</w> <w type="BER">are</w> <w type="VBG">laying</w> <w type="PPO">it</w> <w type="RP">down</w> <w type="DTS">these</w> <w type="NNS">days</w> <w type="PPS">he</w> <w type="BEZ">is</w> <w type="QL">quite</w> <w type="JJ">likely</w> <w type="TO">to</w> <w type="VB">get</w> <w type="IN">aboard</w> <w type="AT">the</w> <w type="NP">Hearst</w> <w type="NN">bandwagon</w> <c type="pct">''</c> <c type="pct">.</c> </s>
</p>
<p><s n="55"><w type="CS">If</w> <w type="PN">anything</w> <c type="pct">,</c> <w type="AT">the</w> <w type="JJ">conservative</w> <w type="NPS">Democrats</w> <w type="BED">were</w> <w type="QL">more</w> <w type="VBN">opposed</w> <w type="IN">to</w> <w type="NP">Hearst</w> <w type="CS">than</w> <w type="AT">the</w> <w type="NPS">Republicans</w> <c type="pct">.</c> </s>
<s n="56"><w type="IN">In</w> <w type="PPg">his</w> <w type="JJ">own</w> <w type="NN">state</w> <w type="IN">of</w> <w type="JJ" subtype="TL">New</w> <w type="NP" subtype="TL">York</w> <c type="pct">,</c> <w type="AT">the</w> <w type="CD">two</w> <w type="JJ" subtype="TL">Democratic</w> <w type="NNS">bellwethers</w> <c type="pct">,</c> <w type="NN" subtype="TL">State</w> <w type="NN" subtype="TL">Leader</w> <w type="NP">Hill</w> <w type="CC">and</w> <w type="NP" subtype="TL">Tammany</w> <w type="NN" subtype="TL">Boss</w> <w type="NP">Murphy</w> <c type="pct">,</c> <w type="BED">were</w> <w type="VBG">saying</w> <w type="PN">nothing</w> <w type="RB">openly</w> <w type="IN">against</w> <w type="NP">Hearst</w> <w type="CC">but</w> <w type="RB">industriously</w> <w type="VBG">boosting</w> <w type="PPg">their</w> <w type="JJ">own</w> <w type="NNS">favorites</w> <c type="pct">,</c> <w type="NP">Murphy</w> <w type="BEG">being</w> <w type="IN">for</w> <w type="NP">Cleveland</w> <w type="CC">and</w> <w type="NP">Hill</w> <w type="IN">for</w> <w type="NP">Parker</w> <c type="pct">.</c> </s>
<s n="57"><w type="PPSS">They</w> <w type="HVD">had</w> <w type="VBN">lost</w> <w type="RB">twice</w> <w type="IN">with</w> <w type="AT">the</w> <w type="JJ">radical</w> <w type="NP">Bryan</w> <c type="pct">,</c> <w type="CC">and</w> <w type="BED">were</w> <w type="HVG">having</w> <w type="AT">no</w> <w type="NN">part</w> <w type="IN">of</w> <w type="NP">Hearst</w> <c type="pct">,</c> <w type="WPO">whom</w> <w type="PPSS">they</w> <w type="VBD">considered</w> <w type="QL">more</w> <w type="JJ">radical</w> <w type="CS">than</w> <w type="NP">Bryan</w> <c type="pct">.</c> </s>
<s n="58"><w type="CC">But</w> <w type="PPg">his</w> <w type="VBG">increasing</w> <w type="NN">strength</w> <w type="IN">in</w> <w type="AT">the</w> <w type="NR" subtype="TL">West</w> <w type="VBD">looked</w> <w type="VBG">menacing</w> <c type="pct">.</c> </s>
<s n="59"><w type="PPS">It</w> <w type="VBD">caused</w> <w type="NP">Henry</w> <w type="NP">Watterson</w> <w type="TO">to</w> <w type="VB">sound</w> <w type="AT">a</w> <w type="NN">blast</w> <w type="IN">in</w> <w type="PPg">his</w> <w type="NP" subtype="TL">Louisville</w> <w type="NP" subtype="TL">Courier-Journal</w> <c type="pct">:</c> </s>
</p>
<p><s n="60"><c type="pct">``</c> <w type="DOZ">Does</w> <w type="DTI">any</w> <w type="JJ">sane</w> <w type="NP">Democrat</w> <w type="VB">believe</w> <w type="CS">that</w> <w type="NP">Mr.</w> <w type="NP">Hearst</w> <c type="pct">,</c> <w type="AT">a</w> <w type="NN">person</w> <w type="JJ">unknown</w> <w type="RB">even</w> <w type="IN">to</w> <w type="PPg">his</w> <w type="NN">constituency</w> <w type="CC">and</w> <w type="PPg">his</w> <w type="NNS">colleagues</w> <c type="pct">,</c> <w type="IN">without</w> <w type="AT">a</w> <w type="NN">word</w> <w type="CC">or</w> <w type="NN">act</w> <w type="IN">in</w> <w type="AT">the</w> <w type="JJ">public</w> <w type="NN">life</w> <w type="IN">of</w> <w type="PPg">his</w> <w type="NN">country</w> <c type="pct">,</c> <w type="AP">past</w> <w type="CC">or</w> <w type="JJ">present</w> <c type="pct">,</c> <w type="DT">that</w> <w type="MD">can</w> <w type="BE">be</w> <w type="VBN">shown</w> <w type="TO">to</w> <w type="BE">be</w> <w type="PPg">his</w> <w type="TO">to</w> <w type="VB">commend</w> <w type="PPO">him</w> <c type="pct">,</c> <w type="MD">could</w> <w type="IN">by</w> <w type="DTI">any</w> <w type="NN">possibility</w> <w type="BE">be</w> <w type="VBN">elected</w> <w type="NN" subtype="TL">President</w> <w type="IN" subtype="TL">of</w> <w type="AT" subtype="TL">the</w> <w type="VBN" subtype="TL">United</w> <w type="NNS" subtype="TL">States</w> <c type="pct">?</c> <c type="pct">?</c> </s>
<s n="61"><w type="CC">But</w> <w type="EX">there</w> <w type="BEZ">is</w> <w type="AT">a</w> <w type="NP">Hearst</w> <w type="NN">barrel</w> <c type="pct">.</c> </s>
</p>
<p><s n="62"><w type="QL">More</w> <w type="JJ">splenetic</w> <w type="BEDZ">was</w> <w type="NN" subtype="TL">Senator</w> <w type="NP">Edward</w> <w type="NP">Carmack</w> <w type="IN">of</w> <w type="NP">Tennessee</w> <c type="pct">,</c> <w type="AT">a</w> <w type="NP">Parker</w> <w type="NN">man</w> <c type="pct">.</c> </s>
<s n="63"><c type="pct">``</c> <w type="AT">The</w> <w type="NN">nomination</w> <w type="IN">of</w> <w type="NP">Hearst</w> <w type="MD">would</w> <w type="VB">compass</w> <w type="AT">the</w> <w type="NN">ruin</w> <w type="IN">of</w> <w type="AT">the</w> <w type="NN">party</w> <c type="pct">''</c> <c type="pct">,</c> <w type="NP">Carmack</w> <w type="VBD">said</w> <c type="pct">.</c> </s>
<s n="64"><c type="pct">``</c> <w type="PPS">It</w> <w type="MD">would</w> <w type="BE">be</w> <w type="AT">a</w> <w type="NN">disgrace</w> <c type="pct">,</c> <w type="CC">and</w> <c type="pct">,</c> <w type="CS">as</w> <w type="PPSS">I</w> <w type="HV">have</w> <w type="RB">already</w> <w type="VBN">said</w> <w type="IN">to</w> <w type="AT">the</w> <w type="NNS">people</w> <w type="IN">of</w> <w type="NP">Tennessee</w> <c type="pct">,</c> <w type="CS">if</w> <w type="NP">Hearst</w> <w type="BEZ">is</w> <w type="VBN">nominated</w> <c type="pct">,</c> <w type="PPSS">we</w> <w type="MD">may</w> <w type="QL">as</w> <w type="RB">well</w> <w type="VB">pen</w> <w type="AT">a</w> <w type="NN">dispatch</w> <c type="pct">,</c> <w type="CC">and</w> <w type="VB">send</w> <w type="PPO">it</w> <w type="RB">back</w> <w type="IN">from</w> <w type="AT">the</w> <w type="NN">field</w> <w type="IN">of</w> <w type="NN">battle</w> <c type="pct">:</c> <c type="pct">'</c> <w type="ABN">All</w> <w type="BEZ">is</w> <w type="VBN">lost</w> <c type="pct">,</c> <w type="IN">including</w> <w type="PPg">our</w> <w type="NN">honor</w> <c type="pct">'</c> <c type="pct">''</c> <c type="pct">.</c> </s>
</p>
<p><s n="65"><w type="AT">A</w> <w type="JJ">lone</w> <w type="JJ">pro-Hearst</w> <w type="NN">voice</w> <w type="IN">from</w> <w type="JJ" subtype="TL">New</w> <w type="NP" subtype="TL">York</w> <w type="NN" subtype="TL">City</w> <w type="BEDZ">was</w> <w type="DT">that</w> <w type="IN">of</w> <w type="NP">William</w> <w type="NP">Devery</w> <c type="pct">,</c> <w type="WPS">who</w> <w type="HVD">had</w> <w type="BEN">been</w> <w type="VBN">expelled</w> <w type="CS">as</w> <w type="AT">a</w> <w type="NP">Tammany</w> <w type="NN">leader</w> <w type="CC">but</w> <w type="RB">still</w> <w type="VBD">claimed</w> <w type="JJ">strong</w> <w type="NN">influence</w> <w type="IN">in</w> <w type="PPg">his</w> <w type="JJ">own</w> <w type="NN">district</w> <c type="pct">.</c> </s>
<s n="66"><c type="pct">``</c> <w type="PPSS">I</w> <w type="VB">understand</w> <c type="pct">[</c> <w type="NP">Hearst</w> <c type="pct">]</c> <w type="BEZ">is</w> <w type="AT">a</w> <w type="NN">candidate</w> <w type="IN">for</w> <w type="JJ" subtype="TL">Presidential</w> <w type="NNS">honors</w> <c type="pct">''</c> <c type="pct">,</c> <w type="NP">Devery</w> <w type="VBD">said</w> <w type="IN">without</w> <w type="VBG">cracking</w> <w type="AT">a</w> <w type="NN">smile</w> <c type="pct">.</c> </s>
<s n="67"><c type="pct">``</c> <mw pos="EX BEZ">There's </mw><w type="PN">nothing</w> <w type="CS">like</w> <w type="VBG">buildin'</w> <w type="IN">from</w> <w type="AT">the</w> <w type="NN">bottom</w> <w type="RP">up</w> <c type="pct">.</c> </s>
<s n="68"><w type="CS">If</w> <mw pos="PPS BEZ">he's </mw><w type="VBG">going</w> <w type="IN">to</w> <w type="AT">the</w> <w type="NP">St.</w> <w type="NP">Louis</w> <w type="NN">convention</w> <w type="CS">as</w> <w type="AT">a</w> <w type="NN">delegate</w> <w type="PPSS">we</w> <w type="MD">ought</w> <w type="TO">to</w> <w type="VB">know</w> <w type="PPO">it</w> <c type="pct">.</c> </s>
<s n="69"><mw pos="PPS BEZ">He's </mw><w type="VBN">got</w> <w type="AT">a</w> <w type="NN">lot</w> <w type="IN">of</w> <w type="NNS">friends</w> <c type="pct">,</c> <w type="CC">and</w> <w type="PPS">he</w> <w type="MD">ought</w> <w type="TO">to</w> <w type="VB">come</w> <w type="RB">along</w> <w type="CC">and</w> <w type="VB">let</w> <w type="PPO">us</w> <w type="VB">know</w> <w type="CS">if</w> <w type="PPS">he</w> <w type="VBZ">wants</w> <w type="PPg">our</w> <w type="NN">help</w> <c type="pct">''</c> <c type="pct">.</c> </s>
</p>
<p><s n="70"><w type="NP">Hearst</w> <w type="VBD">won</w> <w type="AT">the</w> <w type="NP">Iowa</w> <w type="NN">state</w> <w type="NN">convention</w> <c type="pct">,</c> <w type="CC">but</w> <w type="VBD">ran</w> <w type="IN">into</w> <w type="AT">a</w> <w type="JJ">bitter</w> <w type="NN">battle</w> <w type="IN">in</w> <w type="NP">Indiana</w> <w type="CS">before</w> <w type="VBG">losing</w> <w type="IN">to</w> <w type="NP">Parker</w> <c type="pct">,</c> <w type="VBG">drawing</w> <w type="AT">an</w> <w type="JJ">angry</w> <w type="NN">statement</w> <w type="IN">from</w> <w type="NPg">Indiana's</w> <w type="NP">John</w> <w type="NP">W.</w> <w type="NP">Kern</w> <c type="pct">:</c> </s>
</p>
<p><s n="71"><c type="pct">``</c> <w type="PPSS">We</w> <w type="BER">are</w> <w type="VBN">menaced</w> <w type="IN">for</w> <w type="AT">the</w> <w type="OD">first</w> <w type="NN">time</w> <w type="IN">in</w> <w type="AT">the</w> <w type="NN">history</w> <w type="IN">of</w> <w type="AT">the</w> <w type="NN" subtype="TL">Republic</w> <w type="IN">by</w> <w type="AT">the</w> <w type="JJ">open</w> <w type="CC">and</w> <w type="JJ">unblushing</w> <w type="NN">effort</w> <w type="IN">of</w> <w type="AT">a</w> <w type="NN">multi-millionaire</w> <w type="TO">to</w> <w type="VB">purchase</w> <w type="AT">the</w> <w type="JJ" subtype="TL">Presidential</w> <w type="NN">nomination</w> <c type="pct">.</c> </s>
<s n="72"><w type="PPg">Our</w> <w type="NN">state</w> <w type="HVZ">has</w> <w type="BEN">been</w> <w type="VBN">overrun</w> <w type="IN">with</w> <w type="AT">a</w> <w type="NN">gang</w> <w type="IN">of</w> <w type="VBN">paid</w> <w type="NNS">agents</w> <w type="CC">and</w> <w type="NNS">retainers</w> <c type="pct">.</c> </s>
<s n="73"><w type="IN">As</w> <w type="IN">for</w> <w type="AT">the</w> <w type="VBN">paid</w> <w type="NPS">Hessians</w> <w type="IN">from</w> <w type="AP">other</w> <w type="NNS">states</w> <c type="pct">,</c> <w type="PPSS">we</w> <w type="BER">are</w> <w type="RB">here</w> <w type="TO">to</w> <w type="VB">instruct</w> <w type="AT">the</w> <w type="NP">Indiana</w> <w type="NN" subtype="TL">Democracy</w> <w type="IN">in</w> <w type="PPg">their</w> <w type="NN">duty</w> <c type="pct">,</c> <w type="PPSS">I</w> <w type="HV">have</w> <w type="PN">nothing</w> <w type="IN">but</w> <w type="NN">contempt</w> <c type="pct">.</c> </s>
<s n="74"><w type="AT">The</w> <w type="NP">Hearst</w> <w type="NN">dollar</w> <w type="NN">mark</w> <w type="BEZ">is</w> <w type="QL">all</w> <w type="IN">over</w> <w type="PPO">them</w> <c type="pct">.</c> </s>
</p>
<p><s n="75"><w type="AT">The</w> <w type="NN">talk</w> <w type="IN">of</w> <w type="AT">a</w> <w type="NP">Hearst</w> <c type="pct">``</c> <w type="NN">barrel</w> <c type="pct">''</c> <w type="BEDZ">was</w> <w type="VBG">increasing</w> <c type="pct">.</c> </s>
<s n="76"><w type="DT">Another</w> <w type="NP">Indiana</w> <w type="NN">observer</w> <w type="RBR">later</w> <w type="VBD">commented</w> <c type="pct">,</c> <c type="pct">``</c> <w type="RB">Perhaps</w> <w type="PPSS">we</w> <w type="MD">shall</w> <w type="RB">never</w> <w type="VB">know</w> <w type="WQL">how</w> <w type="AP">much</w> <w type="BEDZ">was</w> <w type="VBN">spent</w> <c type="pct">(</c> <w type="IN">by</w> <w type="NP">Hearst</w> <c type="pct">)</c> <c type="pct">,</c> <w type="CC">but</w> <w type="CS">if</w> <w type="QL">as</w> <w type="AP">much</w> <w type="NN">money</w> <w type="BEDZ">was</w> <w type="VBN">expended</w> <w type="RB">elsewhere</w> <w type="CS">as</w> <w type="IN">in</w> <w type="NP">Indiana</w> <w type="AT">a</w> <w type="JJ">liberal</w> <w type="NN">fortune</w> <w type="BEDZ">was</w> <w type="VBN">squandered</w> <c type="pct">''</c> <c type="pct">.</c> </s>
</p>
<p><s n="77"><w type="IN">In</w> <w type="PPg">his</w> <w type="NN">fight</w> <w type="IN">for</w> <w type="AT">the</w> <w type="NP">Illinois</w> <w type="CC">and</w> <w type="NP">Indiana</w> <w type="NNS">delegations</w> <c type="pct">,</c> <w type="NP">Hearst</w> <w type="VBD">made</w> <w type="AP">several</w> <w type="NNS">trips</w> <w type="IN">to</w> <w type="NP">Chicago</w> <w type="TO">to</w> <w type="VB">confer</w> <w type="IN">with</w> <w type="NP">Andrew</w> <w type="NP">Lawrence</w> <c type="pct">,</c> <w type="AT">the</w> <w type="AP">former</w> <w type="NP" subtype="TL">San</w> <w type="NP" subtype="TL">Francisco</w> <w type="NN" subtype="TL">Examiner</w> <w type="NN">man</w> <w type="WPS">who</w> <w type="BEDZ">was</w> <w type="RB">now</w> <w type="PPg">his</w> <w type="NP">Chicago</w> <w type="NN">kingpin</w> <c type="pct">,</c> <w type="CC">and</w> <w type="RB">once</w> <w type="TO">to</w> <w type="VB">meet</w> <w type="IN">with</w> <w type="NP">Bryan</w> <c type="pct">.</c> </s>
<s n="78"><w type="IN">On</w> <w type="CD">one</w> <w type="NN">visit</w> <w type="PPS">he</w> <w type="VBD">stopped</w> <w type="IN">at</w> <w type="AT">the</w> <w type="NN">office</w> <w type="IN">of</w> <w type="AT">the</w> <w type="JJ">American</w> <c type="pct">,</c> <w type="WRB">where</w> <w type="PPS">he</w> <w type="BEDZ">was</w> <w type="VBN">known</w> <w type="RB">surreptitiously</w> <w type="CS">as</w> <c type="pct">``</c> <w type="AT">the</w> <w type="JJ" subtype="TL">Great</w> <w type="JJ" subtype="TL">White</w> <w type="NN" subtype="TL">Chief</w> <c type="pct">''</c> <c type="pct">,</c> <w type="CC">and</w> <w type="IN">for</w> <w type="AT">the</w> <w type="OD">first</w> <w type="NN">time</w> <w type="VBD">met</w> <w type="PPg">his</w> <w type="VBG">managing</w> <w type="NN">editor</w> <c type="pct">,</c> <w type="JJ">fat</w> <w type="NP">Moses</w> <w type="NP">Koenigsberg</w> <c type="pct">.</c> </s>
<s n="79"><w type="NP">Koenigsberg</w> <w type="RB">never</w> <w type="DOD">did</w> <w type="VB">learn</w> <w type="WDT">what</w> <w type="NP">Hearst</w> <w type="VBD">wanted</w> <c type="pct">,</c> <w type="CS">for</w> <w type="AT">the</w> <w type="AP">latter</w> <w type="VBD">shook</w> <w type="NNS">hands</w> <w type="CC">and</w> <w type="VBD">moved</w> <w type="IN">toward</w> <w type="AT">the</w> <w type="NN">door</w> <c type="pct">.</c> </s>
</p>
<p><s n="80"><c type="pct">``</c> <w type="RB">Never</w> <w type="VB">mind</w> <c type="pct">,</c> <w type="VB">thank</w> <w type="PPO">you</w> <c type="pct">''</c> <c type="pct">,</c> <w type="PPS">he</w> <w type="VBD">said</w> <c type="pct">.</c> </s>
<s n="81"><c type="pct">``</c> <w type="PPSS">I</w> <w type="MD">must</w> <w type="VB">hurry</w> <w type="TO">to</w> <w type="VB">catch</w> <w type="PPg">my</w> <w type="NN">train</w> <c type="pct">''</c> <c type="pct">.</c> </s>
</p>
<p><s n="82"><w type="DT">Another</w> <w type="NN">editor</w> <w type="VBD">pointed</w> <w type="RB">despairingly</w> <w type="IN">at</w> <w type="AT">a</w> <w type="NN">bundle</w> <w type="IN">of</w> <w type="NNS">letters</w> <w type="WPS">that</w> <w type="HVD">had</w> <w type="VBN">accumulated</w> <w type="IN">for</w> <w type="PPO">him</w> <c type="pct">,</c> <w type="VBG">saying</w> <c type="pct">,</c> <c type="pct">``</c> <w type="CC">But</w> <w type="NP">Mr.</w> <w type="NP">Hearst</w> <c type="pct">,</c> <w type="WDT">what</w> <w type="MD">shall</w> <w type="PPSS">I</w> <w type="DO">do</w> <w type="IN">with</w> <w type="DT">this</w> <w type="NN">correspondence</w> <c type="pct">''</c> <c type="pct">?</c> <c type="pct">?</c> </s>
</p>
<p><s n="83"><c type="pct">``</c> <mw pos="PPSS MD">I'll </mw><w type="VB">show</w> <w type="PPO">you</w> <c type="pct">''</c> <c type="pct">,</c> <w type="NP">Hearst</w> <w type="VBD">replied</w> <c type="pct">,</c> <w type="VBG">grinning</w> <c type="pct">.</c> </s>
<s n="84"><w type="PPS">He</w> <w type="VBD">took</w> <w type="AT">the</w> <w type="NN">stack</w> <w type="IN">of</w> <w type="NN">mail</w> <w type="CC">and</w> <w type="VBD">tossed</w> <w type="PPO">it</w> <w type="IN">into</w> <w type="AT">the</w> <w type="NN">waste</w> <w type="NN">basket</w> <c type="pct">.</c> </s>
<s n="85"><c type="pct">``</c> <mw pos="DO *">Don't </mw><w type="VB">bother</w> <c type="pct">.</c> </s>
<s n="86"><w type="AT">Every</w> <w type="NN">letter</w> <w type="VBZ">answers</w> <w type="PPL">itself</w> <w type="IN">in</w> <w type="AT">a</w> <w type="NN">couple</w> <w type="IN">of</w> <w type="NNS">weeks</w> <c type="pct">''</c> <c type="pct">.</c> </s>
</p>
<p><s n="87"><w type="CD">2</w> <c type="pct">.</c> </s>
<s n="88"><w type="AT">The</w> <w type="NP">Hearst</w> <c type="pct">``</c> <w type="NN">barrel</w> <c type="pct">''</c> </s>
<s n="89"><w type="NP">Hearst</w> <w type="VBD">hopped</w> <w type="IN">into</w> <w type="AT">a</w> <w type="JJ">private</w> <w type="NN">railroad</w> <w type="NN">car</w> <w type="IN">with</w> <w type="NP">Max</w> <w type="NP">Ihmsen</w> <w type="CC">and</w> <w type="VBD">made</w> <w type="AT">an</w> <w type="JJ">arduous</w> <w type="JJ">personal</w> <w type="NN">canvass</w> <w type="IN">for</w> <w type="NNS">delegates</w> <w type="IN">in</w> <w type="AT">the</w> <w type="JJ">western</w> <w type="CC">and</w> <w type="JJ">southern</w> <w type="NNS">states</w> <c type="pct">,</c> <w type="RB">always</w> <w type="VBG">wearing</w> <w type="AT">a</w> <w type="NN">frock</w> <w type="NN">coat</w> <c type="pct">,</c> <w type="VBG">listening</w> <w type="RB">intently</w> <w type="IN">to</w> <w type="JJ">local</w> <w type="NNS">politicians</w> <c type="pct">,</c> <w type="CC">and</w> <w type="RB">generally</w> <w type="VBG">making</w> <w type="AT">a</w> <w type="JJ">good</w> <w type="NN">impression</w> <c type="pct">.</c> </s>
<s n="90"><w type="PPS">He</w> <w type="VBD">laughed</w> <w type="IN">at</w> <w type="AT">a</w> <w type="NN">story</w> <w type="CS">that</w> <w type="PPS">he</w> <w type="VBD">planned</w> <w type="TO">to</w> <w type="VB">bolt</w> <w type="AT">the</w> <w type="NN">party</w> <w type="CS">if</w> <w type="PPS">he</w> <w type="BEDZ">was</w> <w type="NEG">not</w> <w type="VBN">nominated</w> <c type="pct">.</c> </s>
</p>
<p><s n="91"><c type="pct">``</c> <w type="PPSS">I</w> <w type="MD">should</w> <c type="pct">,</c> <w type="IN">of</w> <w type="NN">course</w> <c type="pct">''</c> <c type="pct">,</c> <w type="PPS">he</w> <w type="VBD">said</w> <c type="pct">,</c> <c type="pct">``</c> <w type="CS">like</w> <w type="DTI">any</w> <w type="AP">other</w> <w type="NN">man</w> <c type="pct">,</c> <w type="BE">be</w> <w type="VBN">honored</w> <w type="CC">and</w> <w type="VBN">gratified</w> <w type="MD">should</w> <w type="AT">the</w> <w type="NPS">Democrats</w> <w type="VB">see</w> <w type="VBN">fit</w> <w type="TO">to</w> <w type="VB">nominate</w> <w type="PPO">me</w> <c type="pct">.</c> </s>
<s n="92"><w type="CC">But</w> <w type="PPSS">I</w> <w type="DO">do</w> <w type="NEG">not</w> <w type="HV">have</w> <w type="TO">to</w> <w type="BE">be</w> <w type="VBN">bribed</w> <w type="IN">by</w> <w type="NN">office</w> <w type="TO">to</w> <w type="BE">be</w> <w type="AT">a</w> <w type="NP">Democrat</w> <c type="pct">.</c> </s>
<s n="93"><w type="PPSS">I</w> <w type="HV">have</w> <w type="VBN">supported</w> <w type="AT">the</w> <w type="JJ" subtype="TL">Democratic</w> <w type="NN">party</w> <w type="IN">in</w> <w type="AT">the</w> <w type="AP">last</w> <w type="CD">five</w> <w type="NNS">campaigns</w> <c type="pct">.</c> </s>
<s n="94"><w type="PPSS">I</w> <w type="VBD">supported</w> <w type="NP">Cleveland</w> <w type="CD">three</w> <w type="NNS">times</w> <w type="CC">and</w> <w type="NP">Bryan</w> <w type="RB">twice</w> <c type="pct">.</c> </s>
<s n="95"><w type="PPSS">I</w> <w type="VB">intend</w> <w type="TO">to</w> <w type="VB">support</w> <w type="AT">the</w> <w type="NN">nominee</w> <w type="IN">of</w> <w type="AT">the</w> <w type="NN">party</w> <w type="IN">at</w> <w type="NP">St.</w> <w type="NP">Louis</w> <c type="pct">,</c> <w type="WPS">whoever</w> <w type="PPS">he</w> <w type="MD">may</w> <w type="BE">be</w> <c type="pct">''</c> <c type="pct">.</c> </s>
</p>
<p><s n="96"><w type="AT">The</w> <w type="NP">Hearst</w> <w type="NN">press</w> <w type="VBD">followed</w> <w type="AT">the</w> <w type="NNg" subtype="TL">Chief's</w> <w type="NN">progress</w> <w type="IN">at</w> <w type="AT">the</w> <w type="JJ">various</w> <w type="NN">state</w> <w type="NNS">conventions</w> <w type="IN">with</w> <w type="PPg">its</w> <w type="JJ">usual</w> <w type="VBG">admiring</w> <w type="NN">attention</w> <c type="pct">,</c> <w type="VBG">stressing</w> <w type="AT">the</w> <c type="pct">``</c> <w type="NN">enthusiasm</w> <c type="pct">''</c> <w type="CC">and</w> <c type="pct">``</c> <w type="NN">loyalty</w> <c type="pct">''</c> <w type="PPS">he</w> <w type="VBD">inspired</w> <c type="pct">.</c> </s>
<s n="97"><w type="DT">This</w> <w type="BEDZ">was</w> <w type="JJ">historic</w> <w type="IN">in</w> <w type="PPg">its</w> <w type="NN">way</w> <c type="pct">,</c> <w type="CS">for</w> <w type="PPS">it</w> <w type="VBD">marked</w> <w type="AT">the</w> <w type="OD">first</w> <w type="NN">time</w> <w type="AT">an</w> <w type="JJ">American</w> <w type="JJ" subtype="TL">Presidential</w> <w type="NN">aspirant</w> <w type="HVD">had</w> <w type="VBN">advertised</w> <w type="PPg">his</w> <w type="JJ">own</w> <w type="NNS">virtues</w> <w type="IN">in</w> <w type="PPg">his</w> <w type="JJ">own</w> <w type="NN">string</w> <w type="IN">of</w> <w type="NNS">newspapers</w> <w type="VBG">spanning</w> <w type="AT">the</w> <w type="NN">land</w> <c type="pct">.</c> </s>
</p>
<p><s n="98"><w type="CC">Yet</w> <w type="PPg">his</w> <w type="NNS">editors</w> <w type="DOD">did</w> <w type="NEG">not</w> <w type="VB">abandon</w> <w type="PPg">their</w> <w type="NN">sense</w> <w type="IN">of</w> <w type="NN">story</w> <w type="NN">value</w> <c type="pct">.</c> </s>
<s n="99"><w type="WRB">When</w> <w type="NP">Nan</w> <w type="NP">Patterson</w> <c type="pct">,</c> <w type="AT">a</w> <w type="JJ">stunning</w> <w type="CC">and</w> <w type="JJ">money-minded</w> <w type="NN">chorus</w> <w type="NN">girl</w> <w type="WPS">who</w> <w type="HVD">had</w> <w type="VBN">appeared</w> <w type="IN">in</w> <w type="AT">a</w> <w type="NP">Floradora</w> <w type="NN">road</w> <w type="NN">show</w> <c type="pct">,</c> <w type="VBD">rode</w> <w type="IN">down</w> <w type="NP">Broadway</w> <w type="IN">in</w> <w type="AT">a</w> <w type="NN">hansom</w> <w type="NN">cab</w> <w type="IN">with</w> <w type="PPg">her</w> <w type="VBN">married</w> <w type="NN">lover</w> <c type="pct">,</c> <w type="NP">Frank</w> <w type="NP">Young</w> <c type="pct">,</c> <w type="PPS">she</w> <w type="VBD">stopped</w> <w type="AT">the</w> <w type="NN">cab</w> <w type="TO">to</w> <w type="VB">disclose</w> <w type="CS">that</w> <w type="NP">Young</w> <w type="HVD">had</w> <w type="BEN">been</w> <w type="VBN">shot</w> <w type="JJ">dead</w> <c type="pct">,</c> <w type="RB">tearfully</w> <w type="VBG">insisting</w> <w type="CS">that</w> <w type="PPS">he</w> <w type="HVD">had</w> <w type="VBN">shot</w> <w type="PPL">himself</w> <w type="CS">although</w> <w type="NNS">experts</w> <w type="VBD">said</w> <w type="PPS">he</w> <w type="MD">could</w> <w type="NEG">not</w> <w type="HV">have</w> <w type="VBN">done</w> <w type="RB">so</w> <c type="pct">.</c> </s>
</p>
<p></p></body></text></TEI>
