<TEI xmlns="http://www.tei-c.org/ns/1.0"><teiHeader><fileDesc><titleStmt><title>Sample G62 from  C. H. Cramer, Newton D. Baker.
 Cleveland: The World Publishing Company, 1961. Pp. 96-102.
 </title></titleStmt><editionStmt><edition>A part  of the XML version of the Brown Corpus</edition></editionStmt><extent>2,031 words 217 (10.7%) quotes 6 symbols</extent><publicationStmt><idno>G62</idno><availability><p>Copyright 1961 by C. H. Cramer. Reprinted by permission of</p></availability></publicationStmt><sourceDesc><bibl> C. H. Cramer, Newton D. Baker.
 Cleveland: The World Publishing Company, 1961. Pp. 96-102.
 </bibl></sourceDesc></fileDesc><encodingDesc><p/></encodingDesc><revisionDesc><change when="2008-04-27">Header auto-generated for TEI version</change></revisionDesc></teiHeader>
<text xml:id="G62" decls="G">
<body><p><s n="1"><w type="TO">To</w> <w type="DO">do</w> <w type="RB">so</w> <c type="pct">,</c> <w type="PN">something</w> <w type="BEDZ">was</w> <w type="JJ">necessary</w> <w type="IN">beyond</w> <w type="VBG">volunteering</w> <w type="CS">because</w> <w type="EX">there</w> <w type="BEDZ">was</w> <w type="AP">little</w> <w type="NN">glamour</w> <w type="CC">or</w> <w type="NN">romance</w> <w type="IN">in</w> <w type="AT">the</w> <w type="JJ">European</w> <w type="NN">war</w> <c type="pct">;</c> <c type="pct">;</c> </s>
<s n="2"><w type="PPS">it</w> <w type="VBD">meant</w> <w type="RB">instead</w> <w type="NN">hardship</w> <c type="pct">,</c> <w type="NN">dirt</w> <c type="pct">,</c> <w type="CC">and</w> <w type="NN">death</w> <c type="pct">.</c> </s>
</p>
<p><s n="3"><w type="NP">Baker</w> <w type="VBD">gave</w> <w type="NP">Leonard</w> <w type="NP">Wood</w> <w type="NN">credit</w> <w type="IN">for</w> <w type="AT">the</w> <w type="NN">initiation</w> <w type="IN">of</w> <w type="AT">the</w> <w type="NN">draft</w> <w type="IN">of</w> <w type="NNS">soldiers</w> <c type="pct">;</c> <c type="pct">;</c> </s>
<s n="4"><w type="IN">from</w> <w type="AT">the</w> <w type="NNg" subtype="TL">General's</w> <w type="NN">idea</w> <w type="AT">a</w> <w type="NN">chain</w> <w type="NN">reaction</w> <w type="VBD">occurred</w> <c type="pct">.</c> </s>
<s n="5"><w type="NP">Wood</w> <w type="VBD">took</w> <w type="AT">the</w> <w type="NN">proposal</w> <w type="IN">to</w> <w type="NN" subtype="TL">Chief</w> <w type="IN" subtype="TL">of</w> <w type="NN" subtype="TL">Staff</w> <w type="NP">Hugh</w> <w type="NP">L.</w> <w type="NP">Scott</w> <c type="pct">,</c> <w type="WPS">who</w> <w type="VBD">passed</w> <w type="PPO">it</w> <w type="RP">on</w> <w type="IN">to</w> <w type="NP">Baker</w> <w type="AT">a</w> <w type="NN">month</w> <w type="IN">before</w> <w type="AT">the</w> <w type="JJ">actual</w> <w type="NN">declaration</w> <w type="IN">of</w> <w type="NN">war</w> <w type="IN">against</w> <w type="NP">Germany</w> <c type="pct">.</c> </s>
<s n="6"><w type="AT">The</w> <w type="NN" subtype="TL">Secretary</w> <w type="IN" subtype="TL">of</w> <w type="NN" subtype="TL">War</w> <w type="VBD">gave</w> <w type="PPg">his</w> <w type="NN">assent</w> <w type="CS">after</w> <w type="VBG">studying</w> <w type="AT">the</w> <w type="NN">history</w> <w type="IN">of</w> <w type="AT">the</w> <w type="NN">draft</w> <w type="IN">in</w> <w type="AT">the</w> <w type="JJ" subtype="TL">American</w> <w type="JJ" subtype="TL">Civil</w> <w type="NN" subtype="TL">War</w> <w type="QL">as</w> <w type="RB">well</w> <w type="CS">as</w> <w type="AT">the</w> <w type="JJ">British</w> <w type="NN">volunteer</w> <w type="NN">system</w> <w type="IN">in</w> <w type="NN" subtype="TL">World</w> <w type="NN" subtype="TL">War</w> <w type="CD" subtype="TL">1</w> <c type="pct">.</c> </s>
<s n="7"><w type="PPS">He</w> <w type="VBD">concluded</w> <w type="CS">that</w> <w type="JJ">selective</w> <w type="NN">service</w> <w type="MD">would</w> <w type="NEG">not</w> <w type="RB">only</w> <w type="VB">prevent</w> <w type="AT">the</w> <w type="NN">disorganization</w> <w type="IN">of</w> <w type="JJ">essential</w> <w type="NN">war</w> <w type="NNS">industries</w> <w type="CC">but</w> <w type="MD">would</w> <w type="VB">avoid</w> <w type="AT">the</w> <w type="JJ">undesirable</w> <w type="JJ">moral</w> <w type="NNS">effects</w> <w type="IN">of</w> <w type="AT">the</w> <w type="JJ">British</w> <w type="NN">reliance</w> <w type="IN">on</w> <w type="NN">enlistment</w> <w type="RB">only</w> <c type="pct">--</c> <c type="pct">``</c> <w type="WRB">where</w> <w type="AT">the</w> <w type="NN">feeling</w> <w type="IN">of</w> <w type="AT">the</w> <w type="NNS">people</w> <w type="BEDZ">was</w> <w type="VBN">whipped</w> <w type="IN">into</w> <w type="AT">a</w> <w type="NN">frenzy</w> <w type="IN">by</w> <w type="NNS">girls</w> <w type="VBG">pinning</w> <w type="JJ">white</w> <w type="NNS">feathers</w> <w type="IN">on</w> <w type="JJ">reluctant</w> <w type="JJ">young</w> <w type="NNS">men</w> <c type="pct">,</c> <w type="NNS">orators</w> <w type="VBG">preaching</w> <w type="NN">hate</w> <w type="IN">of</w> <w type="AT">the</w> <w type="NPS">Germans</w> <c type="pct">,</c> <w type="CC">and</w> <w type="NNS">newspapers</w> <w type="VBG">exaggerating</w> <w type="NN">enemy</w> <w type="NNS">outrages</w> <w type="TO">to</w> <w type="VB">make</w> <w type="NNS">men</w> <w type="VB">enlist</w> <w type="IN">out</w> <w type="IN">of</w> <w type="NNS">motives</w> <w type="IN">of</w> <w type="NN">revenge</w> <w type="CC">and</w> <w type="NN">retaliation</w> <c type="pct">''</c> <c type="pct">.</c> </s>
<s n="8"><w type="NP">Baker</w> <w type="VBD">took</w> <w type="AT">the</w> <w type="NN">plan</w> <w type="IN">to</w> <w type="NP">Wilson</w> <w type="WPS">who</w> <w type="VBD">said</w> <c type="pct">:</c> <c type="pct">``</c> <w type="NP">Baker</w> <c type="pct">,</c> <w type="DT">this</w> <w type="BEZ">is</w> <w type="RB">plainly</w> <w type="JJ">right</w> <w type="IN">on</w> <w type="DTI">any</w> <w type="NN">ground</w> <c type="pct">.</c> </s>
<s n="9"><w type="VB">Start</w> <w type="TO">to</w> <w type="VB">prepare</w> <w type="AT">the</w> <w type="JJ">necessary</w> <w type="NN">legislation</w> <w type="CS">so</w> <w type="CS">that</w> <w type="CS">if</w> <w type="PPSS">I</w> <w type="BEM">am</w> <w type="VBN">obliged</w> <w type="TO">to</w> <w type="VB">go</w> <w type="IN">to</w> <w type="NP">Congress</w> <w type="AT">the</w> <w type="NNS">bills</w> <w type="MD">will</w> <w type="BE">be</w> <w type="JJ">ready</w> <w type="IN">for</w> <w type="JJ">immediate</w> <w type="NN">consideration</w> <c type="pct">''</c> <c type="pct">.</c> </s>
<s n="10"><w type="AT">The</w> <w type="NN">result</w> <w type="BEDZ">was</w> <w type="CS">that</w> <w type="IN">by</w> <w type="JJ">secret</w> <w type="NN">agreement</w> <w type="NN">draft</w> <w type="NN">machinery</w> <w type="BEDZ">was</w> <w type="RB">actually</w> <w type="JJ">ready</w> <w type="RB">long</w> <w type="CS">before</w> <w type="AT">the</w> <w type="NN">country</w> <w type="VBD">knew</w> <w type="CS">that</w> <w type="AT">the</w> <w type="NN">device</w> <w type="BEDZ">was</w> <w type="TO">to</w> <w type="VB">take</w> <w type="AT">the</w> <w type="NN">place</w> <w type="IN">of</w> <w type="AT">the</w> <w type="VBG">volunteering</w> <w type="NN">method</w> <w type="WDT">which</w> <w type="NP">Theodore</w> <w type="NP">Roosevelt</w> <w type="VBD">favored</w> <c type="pct">.</c> </s>
<s n="11"><w type="CS">Before</w> <w type="AT">the</w> <w type="NN" subtype="TL">Draft</w> <w type="NN" subtype="TL">Act</w> <w type="BEDZ">was</w> <w type="VBN">passed</w> <w type="NP">Baker</w> <w type="HVD">had</w> <w type="RB">confidentially</w> <w type="VBN">briefed</w> <w type="NNS">governors</w> <c type="pct">,</c> <w type="NNS">sheriffs</w> <c type="pct">,</c> <w type="CC">and</w> <w type="JJ">prospective</w> <w type="NN">draft</w> <w type="NN">board</w> <w type="NNS">members</w> <w type="IN">on</w> <w type="AT">the</w> <w type="NN">administration</w> <w type="IN">of</w> <w type="AT">the</w> <w type="NN">measure</w> <c type="pct">--</c> <w type="CC">and</w> <w type="AT">the</w> <w type="NN">confidence</w> <w type="BEDZ">was</w> <w type="VBN">kept</w> <w type="QL">so</w> <w type="RB">well</w> <w type="CS">that</w> <w type="RB">only</w> <w type="CD">one</w> <w type="NN">newspaper</w> <w type="VBD">learned</w> <w type="WDT">what</w> <w type="BEDZ">was</w> <w type="VBG">going</w> <w type="RP">on</w> <c type="pct">.</c> </s>
<s n="12"><w type="PPS">It</w> <w type="BEDZ">was</w> <w type="NP">Baker</w> <c type="pct">,</c> <w type="VBG">working</w> <w type="IN">through</w> <w type="NN" subtype="TL">Provost</w> <w type="NN" subtype="TL">Marshal</w> <w type="NP">Enoch</w> <w type="NP">Crowder</w> <w type="CC">and</w> <w type="NN" subtype="TL">Major</w> <w type="NP">Hugh</w> <w type="NP">S.</w> <c type="pct">(</c> <c type="pct">``</c> <w type="JJ" subtype="TL">Old</w> <w type="NN" subtype="TL">Ironpants</w> <c type="pct">''</c> <c type="pct">)</c> <w type="NP">Johnson</w> <c type="pct">,</c> <w type="WPS">who</w> <w type="VBD">arranged</w> <w type="IN">for</w> <w type="AT">a</w> <w type="JJ">secret</w> <w type="NN">printing</w> <w type="IN">by</w> <w type="AT">the</w> <w type="CD">million</w> <w type="IN">of</w> <w type="JJ">selective</w> <w type="NN">service</w> <w type="NNS">blanks</w> <c type="pct">--</c> <w type="RB">again</w> <w type="CS">before</w> <w type="AT">the</w> <w type="NN" subtype="TL">Act</w> <w type="BEDZ">was</w> <w type="VBN">passed</w> <c type="pct">--</c> <w type="CS">until</w> <w type="NNS">corridors</w> <w type="IN">in</w> <w type="AT">the</w> <w type="NN" subtype="TL">Government</w> <w type="VBG" subtype="TL">Printing</w> <w type="NN" subtype="TL">Office</w> <w type="BED">were</w> <w type="JJ">full</w> <w type="CC">and</w> <w type="AT">the</w> <w type="NN">basement</w> <w type="IN">of</w> <w type="AT">the</w> <w type="NP" subtype="TL">Washington</w> <w type="NN" subtype="TL">Post</w> <w type="NN" subtype="TL">Office</w> <w type="BEDZ">was</w> <w type="VBN">stacked</w> <w type="IN">to</w> <w type="AT">the</w> <w type="NN">ceiling</w> <c type="pct">.</c> </s>
<s n="13"><w type="NN" subtype="TL">General</w> <w type="NP">Crowder</w> <w type="VBD">proposed</w> <w type="CS">that</w> <w type="JJ" subtype="TL">Regular</w> <w type="NN" subtype="TL">Army</w> <w type="NNS">officers</w> <w type="VB">select</w> <w type="AT">the</w> <w type="NNS">draftees</w> <w type="IN">in</w> <w type="NNS">cities</w> <w type="CC">and</w> <w type="NNS">towns</w> <w type="IN">throughout</w> <w type="AT">the</w> <w type="NN">nation</w> <c type="pct">;</c> <c type="pct">;</c> </s>
<s n="14"><w type="PPS">it</w> <w type="BEDZ">was</w> <w type="NP">Baker</w> <w type="WPS">who</w> <w type="VBD">thought</w> <w type="IN">of</w> <w type="VBG">lessening</w> <w type="AT">the</w> <w type="NN">shock</w> <c type="pct">,</c> <w type="WDT">which</w> <w type="NN">conscription</w> <w type="RB">always</w> <w type="VBZ">brings</w> <w type="IN">to</w> <w type="AT">a</w> <w type="NN">country</w> <c type="pct">,</c> <w type="IN">by</w> <w type="VBG">substituting</w> <c type="pct">``</c> <w type="NNS">Greetings</w> <w type="IN">from</w> <w type="PPg">your</w> <w type="NNS">neighbors</w> <c type="pct">''</c> <w type="IN">for</w> <w type="AT">the</w> <w type="VBG">recruiting</w> <w type="NN">sergeant</w> <c type="pct">,</c> <w type="CC">and</w> <w type="NN">registration</w> <w type="IN">in</w> <w type="JJ">familiar</w> <w type="VBG">voting</w> <w type="NNS">places</w> <w type="IN">rather</w> <w type="IN">than</w> <w type="IN">at</w> <w type="JJ">military</w> <w type="NNS">installations</w> <c type="pct">.</c> </s>
</p>
<p><s n="15"><w type="RB">Even</w> <w type="RB">so</w> <c type="pct">,</c> <w type="AT">the</w> <w type="NN" subtype="TL">Draft</w> <w type="NN" subtype="TL">Act</w> <w type="VBD">encountered</w> <w type="JJ">rough</w> <w type="NN">sledding</w> <w type="IN">in</w> <w type="PPg">its</w> <w type="NN">progress</w> <w type="IN">through</w> <w type="AT">the</w> <w type="NP">Congress</w> <c type="pct">.</c> </s>
<s n="16"><w type="JJ" subtype="TL">Democratic</w> <w type="NN" subtype="TL">Speaker</w> <w type="NP">Champ</w> <w type="NP">Clark</w> <w type="VBD">saw</w> <w type="AP">little</w> <w type="NN">difference</w> <w type="IN">between</w> <w type="AT">a</w> <w type="NN">conscript</w> <w type="CC">and</w> <w type="AT">a</w> <w type="NN">convict</w> <c type="pct">.</c> </s>
<s n="17"><w type="NP">Democrat</w> <w type="NP">Stanley</w> <w type="NP">H.</w> <w type="NP">Dent</w> <c type="pct">,</c> <w type="NN" subtype="TL">Chairman</w> <w type="IN">of</w> <w type="AT">the</w> <w type="NN" subtype="TL">House</w> <w type="JJ" subtype="TL">Military</w> <w type="NNS" subtype="TL">Affairs</w> <w type="NN" subtype="TL">Committee</w> <c type="pct">,</c> <w type="VBD">declined</w> <w type="TO">to</w> <w type="VB">introduce</w> <w type="AT">the</w> <w type="NN">bill</w> <c type="pct">.</c> </s>
<s n="18"><w type="JJ" subtype="TL">Democratic</w> <w type="NN" subtype="TL">Floor</w> <w type="NN" subtype="TL">Leader</w> <w type="NP">Claude</w> <w type="NP">Kitchin</w> <w type="MD">would</w> <w type="HV">have</w> <w type="AT">no</w> <w type="NN">part</w> <w type="IN">of</w> <w type="AT">the</w> <w type="NN">measure</w> <c type="pct">.</c> </s>
<s n="19"><w type="IN">In</w> <w type="AT">the</w> <w type="NN">judgment</w> <w type="IN">of</w> <w type="NN" subtype="TL">Chief</w> <w type="IN" subtype="TL">of</w> <w type="NN" subtype="TL">Staff</w> <w type="NP">Scott</w> <w type="PPS">it</w> <w type="BEDZ">was</w> <w type="JJ">ironic</w> <w type="CS">that</w> <w type="AT">the</w> <w type="NN">draft</w> <w type="NN">policy</w> <w type="IN">of</w> <w type="AT">a</w> <w type="JJ" subtype="TL">Democratic</w> <w type="NN" subtype="TL">President</w> <c type="pct">,</c> <w type="VBN">aimed</w> <w type="IN">at</w> <w type="NP">Germany</w> <c type="pct">,</c> <w type="HVD">had</w> <w type="TO">to</w> <w type="BE">be</w> <w type="VBN">pushed</w> <w type="IN">through</w> <w type="AT">the</w> <w type="NN" subtype="TL">House</w> <w type="IN" subtype="TL">of</w> <w type="NNS" subtype="TL">Representatives</w> <w type="IN">by</w> <w type="AT">the</w> <w type="VBG">ranking</w> <w type="NN">minority</w> <w type="NN">member</w> <w type="IN">of</w> <w type="AT">the</w> <w type="JJ" subtype="TL">Military</w> <w type="NNS" subtype="TL">Affairs</w> <w type="NN" subtype="TL">Committee</w> <c type="pct">--</c> <w type="AT">a</w> <w type="NP">Republican</w> <w type="NP">Jew</w> <w type="VBN">born</w> <w type="IN">in</w> <w type="NP">Germany</w> <c type="pct">!</c> <c type="pct">!</c> </s>
<s n="20"><w type="PPS">He</w> <w type="BEDZ">was</w> <w type="NP">Julius</w> <w type="NP">Kahn</w> <w type="IN">for</w> <w type="WPO">whom</w> <w type="AT">the</w> <w type="NN" subtype="TL">Chief</w> <w type="IN" subtype="TL">of</w> <w type="NN" subtype="TL">Staff</w> <w type="VBD">thought</w> <w type="AT">no</w> <w type="NN">honor</w> <w type="MD">could</w> <w type="BE">be</w> <w type="QL">too</w> <w type="JJ">great</w> <c type="pct">.</c> </s>
<s n="21"><w type="IN">After</w> <w type="NPg">Kahn's</w> <w type="NN">death</w> <w type="IN">in</w> <w type="CD">1924</w> <w type="NP">Scott</w> <w type="VBD">wrote</w> <c type="pct">:</c> <c type="pct">``</c> <w type="MD">May</w> <w type="PPS">he</w> <w type="VB">rest</w> <w type="IN">in</w> <w type="NN">peace</w> <w type="IN">with</w> <w type="AT">the</w> <w type="JJ">eternal</w> <w type="NN">gratitude</w> <w type="IN">of</w> <w type="PPg">his</w> <w type="VBN">adopted</w> <w type="NN">country</w> <c type="pct">''</c> <c type="pct">.</c> </s>
</p>
<p><s n="22"><w type="IN">In</w> <w type="NN">spite</w> <w type="IN">of</w> <w type="JJ">powerful</w> <w type="NN">opposition</w> <w type="AT">the</w> <w type="NN" subtype="TL">Draft</w> <w type="NN" subtype="TL">Act</w> <w type="RB">finally</w> <w type="VBD">passed</w> <w type="NP">Congress</w> <w type="IN">on</w> <w type="NP">May</w> <w type="CD">17</w> <c type="pct">,</c> <w type="CD">1917</w> <c type="pct">.</c> </s>
<s n="23"><w type="IN">In</w> <w type="JJ">early</w> <w type="NP">June</w> <w type="CD">ten</w> <w type="CD">million</w> <w type="JJ">young</w> <w type="NNS">men</w> <w type="VBD">registered</w> <w type="IN">by</w> <w type="NN">name</w> <w type="CC">and</w> <w type="NN">number</w> <c type="pct">.</c> </s>
<s n="24"><w type="AT">The</w> <w type="NN">day</w> <w type="VBD">passed</w> <w type="IN">without</w> <w type="NN">incident</w> <w type="IN">in</w> <w type="NN">spite</w> <w type="IN">of</w> <w type="AT">the</w> <w type="NN">warning</w> <w type="IN">of</w> <w type="NN" subtype="TL">Senator</w> <w type="NP">James</w> <w type="NP">A.</w> <w type="NP">Reed</w> <w type="IN">of</w> <w type="NP">Missouri</w> <c type="pct">:</c> <c type="pct">``</c> <w type="NP">Baker</w> <c type="pct">,</c> <w type="PPSS">you</w> <w type="MD">will</w> <w type="HV">have</w> <w type="AT">the</w> <w type="NNS">streets</w> <w type="IN">of</w> <w type="PPg">our</w> <w type="JJ">American</w> <w type="NNS">cities</w> <w type="VBG">running</w> <w type="IN">with</w> <w type="NN">blood</w> <w type="IN">on</w> <w type="NN">registration</w> <w type="NN">day</w> <c type="pct">''</c> <c type="pct">.</c> </s>
<s n="25"><w type="IN">On</w> <w type="NP">July</w> <w type="CD">20</w> <c type="pct">,</c> <w type="AT">the</w> <w type="OD">first</w> <w type="NN">drawing</w> <w type="IN">of</w> <w type="NNS">numbers</w> <w type="VBD">occurred</w> <w type="IN">in</w> <w type="AT">the</w> <w type="NN" subtype="TL">Senate</w> <w type="NN" subtype="TL">Office</w> <w type="NN" subtype="TL">Building</w> <w type="IN">before</w> <w type="AT">a</w> <w type="VBN">distinguished</w> <w type="NN">group</w> <w type="IN">of</w> <w type="NNS">congressmen</w> <w type="CC">and</w> <w type="JJ">high</w> <w type="NN" subtype="TL">Army</w> <w type="NNS">officers</w> <c type="pct">.</c> </s>
<s n="26"><w type="NN" subtype="TL">Secretary</w> <w type="IN" subtype="TL">of</w> <w type="NN" subtype="TL">War</w> <w type="NP">Baker</w> <c type="pct">,</c> <w type="VBN">blindfolded</w> <c type="pct">,</c> <w type="VBD">put</w> <w type="PPg">his</w> <w type="NN">hand</w> <w type="IN">into</w> <w type="AT">a</w> <w type="JJ">large</w> <w type="NN">glass</w> <w type="NN">bowl</w> <w type="CC">and</w> <w type="VBD">drew</w> <w type="AT">the</w> <w type="JJ">initial</w> <w type="NN">number</w> <w type="IN">of</w> <w type="DTS">those</w> <w type="TO">to</w> <w type="BE">be</w> <w type="VBN">called</w> <c type="pct">.</c> </s>
<s n="27"><w type="PPS">It</w> <w type="BEDZ">was</w> <w type="CD">258</w> <c type="pct">.</c> </s>
<s n="28"><w type="AT">A</w> <w type="NN">man</w> <w type="IN">in</w> <w type="NP">Mississippi</w> <w type="VBD">wired</w> <c type="pct">:</c> <c type="pct">``</c> <w type="NNS">Thanks</w> <w type="IN">for</w> <w type="VBG">drawing</w> <w type="CD">258</w> <c type="pct">--</c> <mw pos="DT BEZ">that's </mw><w type="PPO">me</w> <c type="pct">''</c> <c type="pct">.</c> </s>
<s n="29"><w type="PPS">He</w> <w type="BEDZ">was</w> <w type="AT">the</w> <w type="OD">first</w> <w type="IN">of</w> <w type="CD">2,800,000</w> <w type="VBN">called</w> <w type="IN">to</w> <w type="AT">the</w> <w type="NN" subtype="TL">Army</w> <w type="IN">through</w> <w type="AT">the</w> <w type="JJ">selective</w> <w type="NN">service</w> <w type="NN">system</w> <c type="pct">.</c> </s>
</p>
<p><s n="30"><w type="PPS">It</w> <w type="BEDZ">was</w> <w type="CD">one</w> <w type="NN">thing</w> <w type="TO">to</w> <w type="VB">call</w> <w type="NNS">men</w> <w type="IN">to</w> <w type="AT">the</w> <w type="NNS">colors</w> <c type="pct">;</c> <c type="pct">;</c> </s>
<s n="31"><w type="PPS">it</w> <w type="BEDZ">was</w> <w type="DT">another</w> <w type="TO">to</w> <w type="VB">house</w> <c type="pct">,</c> <w type="VB">feed</w> <c type="pct">,</c> <w type="CC">and</w> <w type="VB">train</w> <w type="PPO">them</w> <c type="pct">.</c> </s>
<s n="32"><w type="AT">The</w> <w type="VBG">existing</w> <w type="NN" subtype="TL">Army</w> <w type="NNS">posts</w> <w type="BED">were</w> <w type="QL">wholly</w> <w type="JJ">inadequate</w> <c type="pct">.</c> </s>
<s n="33"><w type="IN">In</w> <w type="AT">a</w> <w type="NN">matter</w> <w type="IN">of</w> <w type="NNS">months</w> <w type="AT">the</w> <w type="NN" subtype="TL">War</w> <w type="NN" subtype="TL">Department</w> <w type="VBD">built</w> <w type="CD">thirty-two</w> <w type="NNS">camps</w> <c type="pct">,</c> <w type="DT">each</w> <w type="CD">one</w> <w type="VBG">accommodating</w> <w type="CD">fifty</w> <w type="CD">thousand</w> <w type="NNS">men</w> <c type="pct">--</c> <w type="CD">sixteen</w> <w type="BED">were</w> <w type="IN">under</w> <w type="NN">canvas</w> <w type="IN">in</w> <w type="AT">the</w> <w type="NR" subtype="TL">South</w> <w type="CC">and</w> <w type="CD">sixteen</w> <w type="IN">with</w> <w type="NN">frame</w> <w type="NNS">structures</w> <w type="IN">in</w> <w type="AT">the</w> <w type="NR" subtype="TL">North</w> <c type="pct">.</c> </s>
<s n="34"><w type="PPS">It</w> <w type="BEDZ">was</w> <w type="AT">a</w> <w type="JJ">gargantuan</w> <w type="NN">task</w> <c type="pct">;</c> <c type="pct">;</c> </s>
<s n="35"><w type="AT">a</w> <w type="JJ">typical</w> <w type="NN">cantonment</w> <w type="IN">in</w> <w type="AT">the</w> <w type="NR" subtype="TL">North</w> <w type="HVD">had</w> <w type="CD">twelve</w> <w type="CD">hundred</w> <w type="NNS">buildings</w> <c type="pct">,</c> <w type="AT">an</w> <w type="NN">electric-sewer-water</w> <w type="NN">system</w> <c type="pct">,</c> <w type="CC">and</w> <w type="CD">twenty-five</w> <w type="NNS">miles</w> <w type="IN">of</w> <w type="NNS">roads</w> <c type="pct">.</c> </s>
<s n="36"><w type="IN">At</w> <w type="NN" subtype="TL">Camp</w> <w type="NP" subtype="TL">Taylor</w> <w type="IN">in</w> <w type="NP">Kentucky</w> <w type="AT">a</w> <w type="NN">barracks</w> <w type="BEDZ">was</w> <w type="VBN">built</w> <w type="IN">in</w> <w type="AT">an</w> <w type="NN">hour</w> <w type="CC">and</w> <w type="AT">a</w> <w type="ABN">half</w> <w type="IN">from</w> <w type="NN">timber</w> <w type="WPS">that</w> <w type="HVD">had</w> <w type="BEN">been</w> <w type="VBG">standing</w> <w type="IN">in</w> <w type="NP">Mississippi</w> <w type="NNS">forests</w> <w type="CD">one</w> <w type="NN">week</w> <w type="RB">before</w> <c type="pct">.</c> </s>
<s n="37"><w type="AT">The</w> <w type="JJ">total</w> <w type="NN">operation</w> <w type="BEDZ">was</w> <w type="AT">a</w> <w type="NN">construction</w> <w type="NN">project</w> <w type="JJ">comparable</w> <w type="IN">in</w> <w type="NN">magnitude</w> <w type="IN">with</w> <w type="AT">the</w> <w type="NP" subtype="TL">Panama</w> <w type="NN" subtype="TL">Canal</w> <c type="pct">,</c> <w type="CC">but</w> <w type="IN">in</w> <w type="CD">1917</w> <w type="NN">time</w> <w type="BEDZ">was</w> <w type="IN">in</w> <w type="JJ">short</w> <w type="NN">supply</w> <c type="pct">;</c> <c type="pct">;</c> </s>
<s n="38"><w type="IN">in</w> <w type="CD">three</w> <w type="NNS">months</w> <w type="AT">the</w> <w type="NN" subtype="TL">Army</w> <w type="VBD">spent</w> <w type="NNS">three-quarters</w> <w type="QL">as</w> <w type="AP">much</w> <w type="CS">as</w> <w type="HVD">had</w> <w type="BEN">been</w> <w type="VBN">expended</w> <w type="IN">on</w> <w type="AT">the</w> <c type="pct">``</c> <w type="JJ">big</w> <w type="NN" subtype="TL">Ditch</w> <c type="pct">''</c> <w type="IN">in</w> <w type="CD">ten</w> <w type="NNS">years</w> <c type="pct">.</c> </s>
</p>
<p><s n="39"><w type="IN">In</w> <w type="JJR">later</w> <w type="NNS">years</w> <w type="NP">Josephus</w> <w type="NP">Daniels</w> <w type="BEDZ">was</w> <w type="TO">to</w> <w type="VB">claim</w> <w type="CS">that</w> <w type="NN" subtype="TL">World</w> <w type="NN" subtype="TL">War</w> <w type="CD" subtype="TL">1</w> <c type="pct">,</c> <w type="BEDZ">was</w> <w type="AT">the</w> <w type="OD">first</w> <w type="IN">in</w> <w type="JJ">American</w> <w type="NN">history</w> <w type="IN">in</w> <w type="WDT">which</w> <w type="EX">there</w> <w type="BEDZ">was</w> <w type="JJ">great</w> <w type="NN">concern</w> <w type="IN">for</w> <w type="ABX">both</w> <w type="AT">the</w> <w type="NN">health</w> <w type="CC">and</w> <w type="NNS">morals</w> <w type="IN">of</w> <w type="PPg">our</w> <w type="NNS">soldiers</w> <c type="pct">.</c> </s>
<s n="40"><w type="PPS">It</w> <w type="BEDZ">was</w> <w type="AT">the</w> <w type="OD">first</w> <w type="JJ">American</w> <w type="NN">war</w> <w type="IN">in</w> <w type="WDT">which</w> <w type="AT">the</w> <w type="NN">death</w> <w type="NN">rate</w> <w type="IN">from</w> <w type="NN">disease</w> <w type="BEDZ">was</w> <w type="JJR">lower</w> <w type="CS">than</w> <w type="DT">that</w> <w type="IN">from</w> <w type="NN">battle</w> <c type="pct">,</c> <w type="RB">due</w> <w type="IN">to</w> <w type="AT">the</w> <w type="NN">provision</w> <w type="IN">of</w> <w type="VBN">trained</w> <w type="JJ">medical</w> <w type="NNS">personnel</w> <c type="pct">(</c> <w type="IN">of</w> <w type="AT">the</w> <w type="CD">200,000</w> <w type="NNS">officers</w> <c type="pct">,</c> <w type="CD">42,000</w> <w type="BED">were</w> <w type="NNS">physicians</w> <c type="pct">)</c> <c type="pct">,</c> <w type="JJ">compulsory</w> <w type="NN">vaccination</w> <c type="pct">,</c> <w type="JJ">rigorous</w> <w type="NN">camp</w> <w type="NN">sanitation</w> <c type="pct">,</c> <w type="CC">and</w> <w type="JJ">adequate</w> <w type="NN">hospital</w> <w type="NNS">facilities</w> <c type="pct">.</c> </s>
<s n="41"><w type="IN">To</w> <w type="AT">the</w> <w type="NN">middle</w> <w type="IN">of</w> <w type="NP">September</w> <w type="CD">1918</w> <c type="pct">,</c> <w type="EX">there</w> <w type="HVD">had</w> <w type="BEN">been</w> <w type="AP">fewer</w> <w type="IN">than</w> <w type="CD">10,000</w> <w type="NNS">deaths</w> <w type="IN">from</w> <w type="NN">disease</w> <w type="IN">in</w> <w type="AT">the</w> <w type="JJ">new</w> <w type="NN">army</w> <c type="pct">.</c> </s>
<s n="42"><w type="DT">This</w> <w type="JJ">enviable</w> <w type="NN">record</w> <w type="MD">would</w> <w type="HV">have</w> <w type="BEN">been</w> <w type="VBN">maintained</w> <w type="IN">but</w> <w type="IN">for</w> <w type="AT">a</w> <w type="JJ">great</w> <w type="CC">and</w> <w type="JJ">unexpected</w> <w type="NN">disaster</w> <w type="WDT">which</w> <w type="VBD">struck</w> <w type="AT">the</w> <w type="NN">world</w> <w type="IN">with</w> <w type="JJ">murderous</w> <w type="NN">stealth</w> <c type="pct">.</c> </s>
<s n="43"><w type="PPS">It</w> <w type="BEDZ">was</w> <w type="AT">the</w> <w type="NN">influenza</w> <w type="NN">pandemic</w> <w type="IN">of</w> <w type="CD">1918-19</w> <c type="pct">.</c> </s>
<s n="44"><w type="AT">The</w> <w type="NN">malady</w> <w type="BEDZ">was</w> <w type="RB">popularly</w> <w type="VBN">known</w> <w type="CS">as</w> <w type="AT">the</w> <c type="pct">``</c> <w type="JJ">Spanish</w> <w type="NN">flu</w> <c type="pct">''</c> <w type="IN">from</w> <w type="AT">the</w> <w type="VBN">alleged</w> <w type="NN">locale</w> <w type="IN">of</w> <w type="PPg">its</w> <w type="NN">origin</w> <c type="pct">.</c> </s>
<s n="45"><w type="AT">The</w> <w type="JJ">world-wide</w> <w type="NN">total</w> <w type="IN">of</w> <w type="NNS">deaths</w> <w type="IN">from</w> <c type="pct">``</c> <w type="JJ">Spanish</w> <w type="NN">flu</w> <c type="pct">''</c> <w type="BEDZ">was</w> <w type="RB">around</w> <w type="CD">twenty</w> <w type="CD">million</w> <c type="pct">;</c> <c type="pct">;</c> </s>
<s n="46"><w type="IN">in</w> <w type="AT">the</w> <w type="VBN" subtype="TL">United</w> <w type="NNS" subtype="TL">States</w> <w type="CD">300,000</w> <w type="VBD">succumbed</w> <w type="IN">to</w> <w type="PPO">it</w> <c type="pct">.</c> </s>
<s n="47"><w type="IN">In</w> <w type="NP">mid-September</w> <w type="CD">1918</w> <c type="pct">,</c> <w type="AT">the</w> <w type="NN">influenza-pneumonia</w> <w type="NN">pandemic</w> <w type="VBD">swept</w> <w type="IN">through</w> <w type="AT">every</w> <w type="JJ">American</w> <w type="JJ">military</w> <w type="NN">camp</w> <c type="pct">;</c> <c type="pct">;</c> </s>
<s n="48"><w type="IN">during</w> <w type="AT">the</w> <w type="JJ">eight-week</w> <w type="NN">blitz</w> <w type="NN">attack</w> <w type="CD">25,000</w> <w type="NNS">soldiers</w> <w type="VBD">died</w> <w type="IN">from</w> <w type="AT">the</w> <w type="NN">disease</w> <w type="CC">and</w> <w type="AT">the</w> <w type="NN">death</w> <w type="NN">rate</w> <c type="pct">(</c> <w type="RB">formerly</w> <w type="CD">5</w> <w type="IN">per</w> <w type="NN">year</w> <w type="IN">per</w> <w type="CD">1,000</w> <w type="NNS">men</w> <c type="pct">)</c> <w type="VBD">increased</w> <w type="RB">almost</w> <w type="CD">fifty</w> <w type="NNS">times</w> <w type="IN">to</w> <w type="CD">4</w> <w type="IN">per</w> <w type="NN">week</w> <w type="IN">per</w> <w type="CD">1,000</w> <w type="NNS">men</w> <c type="pct">.</c> </s>
<s n="49"><w type="IN">In</w> <w type="NN">spite</w> <w type="IN">of</w> <w type="DT">this</w> <w type="NN">catastrophe</w> <w type="AT">the</w> <w type="JJ">final</w> <w type="NN">mortality</w> <w type="NN">figure</w> <w type="IN">from</w> <w type="NN">disease</w> <w type="IN">in</w> <w type="AT">the</w> <w type="JJ">American</w> <w type="NN" subtype="TL">Army</w> <w type="IN">during</w> <w type="NN" subtype="TL">World</w> <w type="NN" subtype="TL">War</w> <w type="CD" subtype="TL">1</w> <c type="pct">,</c> <w type="BEDZ">was</w> <w type="CD">15</w> <w type="IN">per</w> <w type="CD">1,000</w> <w type="IN">per</w> <w type="NN">year</w> <c type="pct">,</c> <w type="VBN">contrasted</w> <w type="IN">with</w> <w type="CD">110</w> <w type="IN">per</w> <w type="CD">1,000</w> <w type="IN">per</w> <w type="NN">year</w> <w type="IN">in</w> <w type="AT">the</w> <w type="JJ" subtype="TL">Mexican</w> <w type="NN" subtype="TL">War</w> <c type="pct">,</c> <w type="CC">and</w> <w type="CD">65</w> <w type="IN">in</w> <w type="AT">the</w> <w type="JJ">American</w> <w type="JJ" subtype="TL">Civil</w> <w type="NN" subtype="TL">War</w> <c type="pct">.</c> </s>
</p>
<p><s n="50"><w type="ABX">Both</w> <w type="NN" subtype="TL">Secretary</w> <w type="IN" subtype="TL">of</w> <w type="NN" subtype="TL">War</w> <w type="NP">Baker</w> <w type="CC">and</w> <w type="NN" subtype="TL">Secretary</w> <w type="IN" subtype="TL">of</w> <w type="NN" subtype="TL">Navy</w> <w type="NP">Daniels</w> <w type="VBD">devoted</w> <w type="AP">much</w> <w type="NN">time</w> <w type="CC">and</w> <w type="NN">effort</w> <w type="IN">to</w> <w type="AT">the</w> <w type="NN">problem</w> <w type="IN">of</w> <w type="VBG">providing</w> <w type="QL">reasonably</w> <w type="JJ">normal</w> <w type="CC">and</w> <w type="JJ">wholesome</w> <w type="NNS">activities</w> <w type="IN">in</w> <w type="NN">camp</w> <w type="IN">for</w> <w type="AT">the</w> <w type="NNS">millions</w> <w type="IN">of</w> <w type="NNS">men</w> <w type="WPS">who</w> <w type="HVD">had</w> <w type="BEN">been</w> <w type="VBN">removed</w> <w type="IN">from</w> <w type="PPg">their</w> <w type="NN">home</w> <w type="NN">environment</w> <c type="pct">.</c> </s>
<s n="51"><w type="PPg">Their</w> <w type="NN">policy</w> <w type="VBD">ran</w> <w type="RB">counter</w> <w type="IN">to</w> <w type="AT">the</w> <w type="JJ">traditional</w> <w type="NN">idea</w> <w type="CS">that</w> <w type="AT">a</w> <w type="JJ">good</w> <w type="NN">fighter</w> <w type="BEDZ">was</w> <w type="RB">usually</w> <w type="AT">a</w> <w type="NN">libertine</w> <c type="pct">,</c> <w type="CC">and</w> <w type="CS">that</w> <w type="IN">in</w> <w type="NN">sex</w> <w type="NNS">affairs</w> <c type="pct">``</c> <w type="JJ">God-given</w> <w type="NN">passion</w> <c type="pct">''</c> <w type="BEDZ">was</w> <w type="AT">a</w> <w type="NN">proof</w> <w type="IN">of</w> <w type="NN">manliness</w> <c type="pct">.</c> </s>
<s n="52"><w type="NP">Baker</w> <w type="VBD">moved</w> <w type="RB">first</w> <c type="pct">;</c> <c type="pct">;</c> </s>
<s n="53"><w type="CD">six</w> <w type="NNS">days</w> <w type="CS">after</w> <w type="NN">war</w> <w type="BEDZ">was</w> <w type="VBN">declared</w> <w type="PPS">he</w> <w type="VBD">appointed</w> <w type="NP">Raymond</w> <w type="NP">Fosdick</w> <w type="NN">chairman</w> <w type="IN">of</w> <w type="AT">the</w> <w type="NN" subtype="TL">Commission</w> <w type="IN" subtype="TL">on</w> <w type="VBG" subtype="TL">Training</w> <w type="NN" subtype="TL">Camp</w> <w type="NNS" subtype="TL">Activities</w> <c type="pct">(</c> <w type="AT">the</w> <w type="NP" subtype="TL">CTCA</w> <c type="pct">)</c> <c type="pct">.</c> </s>
<s n="54"><w type="NP">Fosdick</w> <c type="pct">,</c> <w type="AT">a</w> <w type="NN">brother</w> <w type="IN">of</w> <w type="NN">minister</w> <w type="NP">Harry</w> <w type="NP">Emerson</w> <w type="NP">Fosdick</w> <c type="pct">,</c> <w type="BEDZ">was</w> <w type="AT">a</w> <w type="NN">graduate</w> <w type="IN">of</w> <w type="NP">Princeton</w> <c type="pct">,</c> <w type="CC">and</w> <w type="AT">a</w> <w type="NN">member</w> <w type="IN">of</w> <w type="NP">Phi</w> <w type="NP">Beta</w> <w type="NP">Kappa</w> <w type="CC">and</w> <w type="AT">the</w> <w type="JJ" subtype="TL">American</w> <w type="JJ" subtype="TL">Philosophical</w> <w type="NN" subtype="TL">Association</w> <c type="pct">.</c> </s>
<s n="55"><w type="PPg">His</w> <w type="NN">assignment</w> <w type="BEDZ">was</w> <w type="NEG">not</w> <w type="AT">a</w> <w type="JJ">new</w> <w type="CD">one</w> <w type="CS">because</w> <w type="NP">Baker</w> <w type="HVD">had</w> <w type="VBN">sent</w> <w type="PPO">him</w> <w type="IN">to</w> <w type="AT">the</w> <w type="JJ">Mexican</w> <w type="NN">border</w> <w type="IN">in</w> <w type="CD">1916</w> <w type="TO">to</w> <w type="VB">investigate</w> <w type="JJ">lurid</w> <w type="NN">newspaper</w> <w type="NNS">stories</w> <w type="IN">about</w> <w type="NN">lack</w> <w type="IN">of</w> <w type="NN">discipline</w> <c type="pct">,</c> <w type="NN">drunkenness</w> <c type="pct">,</c> <w type="CC">and</w> <w type="JJ">venereal</w> <w type="NN">disease</w> <w type="IN">in</w> <w type="JJ">American</w> <w type="JJ">military</w> <w type="NNS">camps</w> <c type="pct">.</c> </s>
<s n="56"><w type="NP">Fosdick</w> <w type="HVD">had</w> <w type="VBN">found</w> <w type="AT">the</w> <w type="NNS">installations</w> <w type="VBN">surrounded</w> <w type="IN">by</w> <w type="AT">a</w> <w type="NN">battery</w> <w type="IN">of</w> <w type="NNS">saloons</w> <w type="CC">and</w> <w type="NNS">houses</w> <w type="IN">of</w> <w type="NN">prostitution</w> <c type="pct">,</c> <w type="IN">with</w> <w type="NNS" subtype="FW">filles</w> <w type="IN" subtype="FW">de</w> <w type="NN" subtype="FW">joie</w> <w type="IN">from</w> <w type="QL">all</w> <w type="IN">over</w> <w type="AT">the</w> <w type="NN">country</w> <w type="VBG">flocking</w> <w type="IN">to</w> <w type="NP">San</w> <w type="NP">Antonio</w> <c type="pct">,</c> <w type="NP">Laredo</w> <c type="pct">,</c> <w type="CC">and</w> <w type="NP">El</w> <w type="NP">Paso</w> <w type="TO">to</w> <c type="pct">``</c> <w type="VB">woman</w> <w type="AT">the</w> <w type="NNS">cribs</w> <c type="pct">''</c> <c type="pct">.</c> </s>
<s n="57"><w type="PPS">He</w> <w type="RB">also</w> <w type="VBD">ascertained</w> <w type="CS">that</w> <w type="AP">many</w> <w type="NNS">officers</w> <w type="BED">were</w> <w type="JJ">indifferent</w> <w type="IN">to</w> <w type="AT">the</w> <w type="NN">problem</w> <c type="pct">,</c> <w type="IN">including</w> <w type="VBG" subtype="TL">Commanding</w> <w type="NN" subtype="TL">General</w> <w type="NP">Frederick</w> <w type="NP">Funston</w> <w type="WPS">who</w> <w type="VBD">gave</w> <w type="NP">Fosdick</w> <w type="AT">the</w> <w type="NN">nickname</w> <w type="IN">of</w> <c type="pct">``</c> <w type="NP">Reverend</w> <c type="pct">''</c> <c type="pct">.</c> </s>
<s n="58"><w type="IN">On</w> <w type="AT">the</w> <w type="NN">basis</w> <w type="IN">of</w> <w type="AT">the</w> <w type="JJ">long</w> <w type="NN">chronicle</w> <w type="IN">of</w> <w type="JJ">military</w> <w type="NN">history</w> <w type="NP">Funston</w> <w type="CC">and</w> <w type="PPg">his</w> <w type="NNS">brethren</w> <w type="VBD">assumed</w> <w type="CS">that</w> <w type="AT">the</w> <w type="NN">issue</w> <w type="BEDZ">was</w> <w type="JJ">insoluble</w> <w type="CC">and</w> <w type="CS">that</w> <w type="PN">anyone</w> <w type="VBN">interested</w> <w type="IN">in</w> <w type="AT">a</w> <w type="NN">mission</w> <w type="CS">like</w> <w type="NPg">Fosdick's</w> <w type="BEDZ">was</w> <w type="AT">an</w> <w type="JJ">impractical</w> <w type="NN">idealist</w> <w type="CC">or</w> <w type="AT">a</w> <w type="NN">do-gooder</w> <c type="pct">.</c> </s>
</p>
<p><s n="59"><w type="IN">During</w> <w type="AT">the</w> <w type="JJ">brief</w> <w type="JJ">Mexican</w> <w type="NN">venture</w> <w type="NPg">Fosdick's</w> <w type="NN">report</w> <w type="IN">to</w> <w type="AT">the</w> <w type="NN" subtype="TL">Secretary</w> <w type="VBD">recommended</w> <w type="AT">a</w> <w type="JJ">definite</w> <w type="NN">stand</w> <w type="IN">by</w> <w type="AT">the</w> <w type="NN" subtype="TL">War</w> <w type="NN" subtype="TL">Department</w> <w type="IN">against</w> <w type="AT">the</w> <w type="NN">saloon</w> <w type="CC">and</w> <w type="AT">the</w> <w type="NNS">excesses</w> <w type="IN">of</w> <w type="NN">prostitution</w> <c type="pct">.</c> </s>
<s n="60"><w type="AT">The</w> <w type="NN">problem</w> <w type="VBD">involved</w> <w type="JJ">military</w> <w type="NN">necessity</w> <w type="QL">as</w> <w type="AP">much</w> <w type="CS">as</w> <w type="NN">morality</w> <c type="pct">,</c> <w type="CS">for</w> <w type="IN">in</w> <w type="JJ">pre-penicillin</w> <w type="NNS">days</w> <w type="JJ">venereal</w> <w type="NN">disease</w> <w type="BEDZ">was</w> <w type="AT">a</w> <w type="VBG">crippling</w> <w type="NN">disability</w> <c type="pct">.</c> </s>
<s n="61"><w type="NP">Fosdick</w> <w type="VBD">insisted</w> <w type="CS">that</w> <w type="AT">a</w> <w type="JJ">strong</w> <w type="NN">word</w> <w type="BEDZ">was</w> <w type="VBN">needed</w> <w type="IN">from</w> <w type="NP">Washington</w> <c type="pct">,</c> <w type="CC">and</w> <w type="PPS">it</w> <w type="BEDZ">was</w> <w type="RB">immediately</w> <w type="JJ">forthcoming</w> <c type="pct">.</c> </s>
<s n="62"><w type="NP">Baker</w> <w type="VBD">put</w> <w type="AT">the</w> <c type="pct">``</c> <w type="NNS">cribs</w> <c type="pct">''</c> <w type="CC">and</w> <w type="AT">the</w> <w type="NNS">saloons</w> <w type="IN">out</w> <w type="IN">of</w> <w type="NNS">bounds</w> <c type="pct">,</c> <w type="VBD">ordered</w> <w type="AT">the</w> <w type="NN">co-operation</w> <w type="IN">of</w> <w type="JJ">military</w> <w type="NNS">officers</w> <w type="IN">with</w> <w type="JJ">local</w> <w type="NN">law</w> <w type="NNS">authorities</w> <c type="pct">,</c> <w type="CC">and</w> <w type="VBD">told</w> <w type="NNS">communities</w> <w type="CS">that</w> <w type="AT">the</w> <w type="NNS">troops</w> <w type="MD">would</w> <w type="BE">be</w> <w type="VBN">moved</w> <w type="CS">unless</w> <w type="JJ">wholesome</w> <w type="NNS">conditions</w> <w type="BED">were</w> <w type="VBN">restored</w> <c type="pct">.</c> </s>
<s n="63"><w type="ABX">Both</w> <w type="NP">Baker</w> <w type="CC">and</w> <w type="NP">Fosdick</w> <w type="VBD">knew</w> <w type="CS">that</w> <w type="AT">a</w> <w type="NN">substitute</w> <w type="BEDZ">was</w> <w type="JJ">necessary</w> <c type="pct">,</c> <w type="CS">that</w> <w type="AT">a</w> <w type="VBN" subtype="FW">verboten</w> <w type="NN">approach</w> <w type="BEDZ">was</w> <w type="NEG">not</w> <w type="AT">the</w> <w type="JJ">real</w> <w type="NN">answer</w> <c type="pct">.</c> </s>
<s n="64"><w type="PPSS">They</w> <w type="BED">were</w> <w type="JJ">aware</w> <w type="CS">that</w> <w type="NNS">soldiers</w> <w type="VBD">went</w> <w type="IN">to</w> <w type="NN">town</w> <c type="pct">,</c> <w type="IN">in</w> <w type="AP">more</w> <w type="NNS">ways</w> <w type="IN">than</w> <w type="CD">one</w> <c type="pct">,</c> <w type="RB">because</w> <w type="IN">of</w> <w type="AT">the</w> <w type="NN">monotony</w> <w type="IN">of</w> <w type="NN">camp</w> <w type="NN">life</w> <c type="pct">,</c> <w type="TO">to</w> <w type="VB">find</w> <w type="AT">the</w> <w type="AP">only</w> <w type="NN">release</w> <w type="JJ">available</w> <w type="IN">in</w> <w type="AT">the</w> <w type="NN">absence</w> <w type="IN">of</w> <w type="NNS">movies</w> <c type="pct">,</c> <w type="VBG">reading</w> <w type="NNS">rooms</w> <c type="pct">,</c> <w type="CC">and</w> <w type="VBG">playing</w> <w type="NNS">fields</w> <w type="IN">with</w> <w type="JJ">adequate</w> <w type="JJ">athletic</w> <w type="NN">equipment</w> <c type="pct">.</c> </s>
<s n="65"><w type="ABX">Both</w> <w type="VBD">knew</w> <w type="CS">that</w> <w type="WRB">when</w> <w type="NNS">trains</w> <w type="VBD">stopped</w> <w type="IN">at</w> <w type="JJ">Texan</w> <w type="NNS">crossroads</w> <w type="VBN">bored</w> <w type="NNS">soldiers</w> <w type="MD">would</w> <w type="RB">sometimes</w> <w type="VB">enter</w> <w type="TO">to</w> <w type="VB">ask</w> <w type="AT">the</w> <w type="NNS">passengers</w> <w type="CS">if</w> <w type="PPSS">they</w> <w type="HVD">had</w> <w type="DTI">any</w> <w type="VBG">reading</w> <w type="NN">material</w> <w type="TO">to</w> <w type="VB">spare</w> <c type="pct">,</c> <w type="RB">even</w> <w type="AT">a</w> <w type="NN">newspaper</w> <c type="pct">.</c> </s>
<s n="66"><w type="EX">There</w> <w type="BEDZ">was</w> <w type="AT">no</w> <w type="NN">time</w> <w type="IN">in</w> <w type="AT">the</w> <w type="JJ">short</w> <w type="JJ">Mexican</w> <w type="NN">encounter</w> <w type="TO">to</w> <w type="VB">evolve</w> <w type="AT">a</w> <w type="NN">solution</w> <w type="CC">but</w> <w type="AT">the</w> <w type="NN">area</w> <w type="VBD">provided</w> <w type="AT">a</w> <w type="VBG">proving</w> <w type="NN">ground</w> <w type="IN">for</w> <w type="JJ">new</w> <w type="NNS">departures</w> <w type="IN">in</w> <w type="AT">the</w> <w type="JJ">near</w> <w type="NN">future</w> <c type="pct">.</c> </s>
</p>
<p><s n="67"><w type="WRB">When</w> <w type="AT">the</w> <w type="VBN" subtype="TL">United</w> <w type="NNS" subtype="TL">States</w> <w type="VBD">entered</w> <w type="AT">the</w> <w type="OD" subtype="TL">First</w> <w type="NN" subtype="TL">World</w> <w type="NN" subtype="TL">War</w> <w type="NP">Baker</w> <w type="VBD">made</w> <w type="JJ">certain</w> <w type="CS">that</w> <w type="AT">the</w> <w type="NN" subtype="TL">Draft</w> <w type="NN" subtype="TL">Act</w> <w type="IN">of</w> <w type="CD">1917</w> <w type="VBD">prohibited</w> <w type="AT">the</w> <w type="NN">sale</w> <w type="IN">of</w> <w type="NN">liquor</w> <w type="IN">to</w> <w type="NNS">men</w> <w type="IN">in</w> <w type="NN">uniform</w> <w type="CC">and</w> <w type="CS">that</w> <w type="PPS">it</w> <w type="VBD">provided</w> <w type="IN">for</w> <w type="JJ">broad</w> <w type="NNS">zones</w> <w type="IN">around</w> <w type="AT">the</w> <w type="NNS">camps</w> <w type="IN">in</w> <w type="WDT">which</w> <w type="NN">prostitution</w> <w type="BEDZ">was</w> <w type="VBN">outlawed</w> <c type="pct">.</c> </s>
<s n="68"><w type="RB">Even</w> <w type="RB">so</w> <w type="NP">Fosdick</w> <c type="pct">,</c> <w type="CS">as</w> <w type="AT">the</w> <w type="JJ">new</w> <w type="NN" subtype="TL">Chairman</w> <w type="IN">of</w> <w type="AT">the</w> <w type="NN" subtype="TL">Commission</w> <w type="IN" subtype="TL">on</w> <w type="VBG" subtype="TL">Training</w> <w type="NN" subtype="TL">Camp</w> <w type="NNS" subtype="TL">Activities</w> <c type="pct">,</c> <w type="VBD">encountered</w> <w type="JJ">strong</w> <w type="CC">and</w> <w type="JJ">vociferous</w> <w type="NN">opposition</w> <c type="pct">.</c> </s>
<s n="69"><w type="JJ" subtype="TL">New</w> <w type="NP" subtype="TL">Orleans</w> <w type="HVD">had</w> <w type="AT">a</w> <w type="JJ">notorious</w> <w type="NN">red-light</w> <w type="NN">district</w> <w type="VBG">extending</w> <w type="IN">over</w> <w type="CD">twenty-eight</w> <w type="NN">city</w> <w type="NNS">blocks</w> <c type="pct">,</c> <w type="CC">and</w> <w type="AT">the</w> <w type="JJ">business-minded</w> <w type="NN">mayor</w> <w type="IN">of</w> <w type="AT">the</w> <w type="NN">city</w> <w type="VBD">journeyed</w> <w type="IN">to</w> <w type="NP">Washington</w> <w type="TO">to</w> <w type="VB">present</w> <w type="AT">the</w> <w type="NN">case</w> <w type="IN">for</w> <c type="pct">``</c> <w type="AT">the</w> <w type="JJ">God-given</w> <w type="NN">right</w> <w type="IN">of</w> <w type="NNS">men</w> <w type="TO">to</w> <w type="BE">be</w> <w type="NNS">men</w> <c type="pct">''</c> <c type="pct">.</c> </s>
<s n="70"><w type="IN">In</w> <w type="NP">Europe</w> <c type="pct">,</c> <w type="NN" subtype="TL">Premier</w> <w type="NP">Clemenceau</w> <c type="pct">,</c> <w type="VBG">showing</w> <w type="PPg">his</w> <w type="NN">animal</w> <w type="NNS">proclivities</w> <w type="CS">as</w> <w type="AT">the</w> <c type="pct">``</c> <w type="NN" subtype="TL">Tiger</w> <w type="IN" subtype="TL">of</w> <w type="NP" subtype="TL">France</w> <c type="pct">''</c> <c type="pct">,</c> <w type="VBD">asked</w> <w type="NP">Pershing</w> <w type="IN">by</w> <w type="NN">letter</w> <w type="IN">for</w> <w type="AT">the</w> <w type="NN">creation</w> <w type="IN">of</w> <w type="JJ">special</w> <w type="NNS">houses</w> <w type="WRB">where</w> <w type="AT">the</w> <w type="JJ">sexual</w> <w type="NNS">desires</w> <w type="IN">of</w> <w type="JJ">American</w> <w type="NNS">men</w> <w type="MD">could</w> <w type="BE">be</w> <w type="VBN">satisfied</w> <c type="pct">.</c> </s>
<s n="71"><w type="WRB">When</w> <w type="NP">Fosdick</w> <w type="VBD">showed</w> <w type="AT">the</w> <w type="NN">letter</w> <w type="IN">to</w> <w type="NP">Baker</w> <w type="PPg">his</w> <w type="JJ">negative</w> <w type="NN">response</w> <w type="BEDZ">was</w> <c type="pct">:</c> <c type="pct">``</c> <w type="IN">For</w> <w type="NPg">God's</w> <w type="NN">sake</w> <c type="pct">,</c> <w type="NP">Raymond</w> <c type="pct">,</c> <mw pos="DO *">don't </mw><w type="VB">show</w> <w type="DT">this</w> <w type="IN">to</w> <w type="AT">the</w> <w type="NN" subtype="TL">President</w> <w type="CC">or</w> <mw pos="PPS MD">he'll </mw><w type="VB">stop</w> <w type="AT">the</w> <w type="NN">war</w> <c type="pct">''</c> <c type="pct">.</c> </s>
<s n="72"><w type="RB">Ultimately</w> <w type="NPg">Fosdick's</w> <c type="pct">``</c> <w type="JJ">Fit</w> <w type="TO">to</w> <w type="VB">fight</w> <c type="pct">''</c> <w type="NN">slogan</w> <w type="VBD">swept</w> <w type="IN">across</w> <w type="AT">the</w> <w type="NN">country</w> <w type="CC">and</w> <w type="AT">every</w> <w type="JJ">well-known</w> <w type="NN">red-light</w> <w type="NN">district</w> <w type="IN">in</w> <w type="AT">the</w> <w type="VBN" subtype="TL">United</w> <w type="NNS" subtype="TL">States</w> <w type="BEDZ">was</w> <w type="VBN">closed</w> <c type="pct">,</c> <w type="AT">a</w> <w type="CD">hundred</w> <w type="CC">and</w> <w type="CD">ten</w> <w type="IN">of</w> <w type="PPO">them</w> <c type="pct">.</c> </s>
<s n="73"><w type="AT">The</w> <w type="NN">result</w> <w type="BEDZ">was</w> <w type="CS">that</w> <w type="AT">the</w> <w type="NN">rate</w> <w type="IN">of</w> <w type="JJ">venereal</w> <w type="NN">disease</w> <w type="IN">in</w> <w type="AT">the</w> <w type="JJ">American</w> <w type="NN" subtype="TL">Army</w> <w type="BEDZ">was</w> <w type="AT">the</w> <w type="JJT">lowest</w> <w type="IN">in</w> <w type="PPg">our</w> <w type="JJ">military</w> <w type="NN">history</w> <c type="pct">.</c> </s>
</p>
<p><s n="74"><w type="DT">This</w> <w type="BEDZ">was</w> <w type="AT">the</w> <w type="JJ">negative</w> <w type="NN">side</w> <w type="IN">of</w> <w type="AT">the</w> <w type="NN">situation</w> <c type="pct">.</c> </s>
<s n="75"><w type="RB">Affirmatively</w> <w type="NP">Baker</w> <w type="VBD">worked</w> <w type="IN">on</w> <w type="AT">the</w> <w type="NN">premise</w> <w type="CS">that</w> <c type="pct">``</c> <w type="JJ">young</w> <w type="NNS">men</w> <w type="RB">spontaneously</w> <w type="VB">prefer</w> <w type="TO">to</w> <w type="BE">be</w> <w type="JJ">decent</w> <c type="pct">,</c> <w type="CC">and</w> <w type="CS">that</w> <w type="NNS">opportunities</w> <w type="IN">for</w> <w type="JJ">wholesome</w> <w type="NN">recreation</w> <w type="BER">are</w> <w type="AT">the</w> <w type="JJT">best</w> <w type="JJ">possible</w> <w type="NN">cure</w> <w type="IN">for</w> <w type="NNS">irregularities</w> <w type="IN">in</w> <w type="NN">conduct</w> <w type="WDT">which</w> <w type="VB">arise</w> <w type="IN">from</w> <w type="NN">idleness</w> <w type="CC">and</w> <w type="AT">the</w> <w type="JJR">baser</w> <w type="NNS">temptations</w> <c type="pct">''</c> <c type="pct">.</c> </s>
<s n="76"><w type="AT">The</w> <w type="JJ">wholesome</w> <w type="NNS">activities</w> <w type="BED">were</w> <w type="TO">to</w> <w type="BE">be</w> <w type="VBN">provided</w> <w type="IN">by</w> <w type="AP">many</w> <w type="NNS">organizations</w> <w type="IN">including</w> <w type="AT">the</w> <w type="NN">YMCA</w> <c type="pct">,</c> <w type="AT">the</w> <w type="NNS" subtype="TL">Knights</w> <w type="IN" subtype="TL">of</w> <w type="NP" subtype="TL">Columbus</w> <c type="pct">,</c> <w type="AT">the</w> <w type="JJ" subtype="TL">Jewish</w> <w type="NN" subtype="TL">Welfare</w> <w type="NN" subtype="TL">Board</w> <c type="pct">,</c> <w type="AT">the</w> <w type="JJ" subtype="TL">American</w> <w type="NN" subtype="TL">Library</w> <w type="NN" subtype="TL">Association</w> <c type="pct">,</c> <w type="CC">and</w> <w type="AT">the</w> <w type="NN" subtype="TL">Playground</w> <w type="CC" subtype="TL">and</w> <w type="NN" subtype="TL">Recreation</w> <w type="NN" subtype="TL">Association</w> <c type="pct">--</c> <w type="JJ">private</w> <w type="NNS">societies</w> <w type="WDT">which</w> <w type="RB">voluntarily</w> <w type="VBD">performed</w> <w type="AT">the</w> <w type="NN">job</w> <w type="WPS">that</w> <w type="BEDZ">was</w> <w type="VBN">taken</w> <w type="RP">over</w> <w type="QL">almost</w> <w type="RB">entirely</w> <w type="IN">by</w> <w type="AT">the</w> <w type="JJ" subtype="TL">Special</w> <w type="NNS" subtype="TL">Services</w> <w type="NN" subtype="TL">Division</w> <w type="IN">of</w> <w type="AT">the</w> <w type="NN" subtype="TL">Army</w> <w type="PPL">itself</w> <w type="IN">in</w> <w type="NN" subtype="TL">World</w> <w type="NN" subtype="TL">War</w> <w type="CD" subtype="TL">2</w> <c type="pct">.</c> </s>
<s n="77"><w type="IN">Over</w> <w type="DTS">these</w> <w type="JJ">voluntary</w> <w type="NNS">agencies</w> <c type="pct">,</c> <w type="IN">in</w> <w type="CD">1917-18</w> <c type="pct">,</c> <w type="AT">the</w> <w type="NN">CTCA</w> <w type="VBD">served</w> <w type="CS">as</w> <w type="AT">a</w> <w type="VBG">co-ordinating</w> <w type="NN">body</w> <w type="IN">in</w> <w type="VBG">carrying</w> <w type="RP">out</w> <w type="WDT">what</w> <w type="NN" subtype="TL">Survey</w> <w type="VBD">called</w> <c type="pct">``</c> <w type="AT">the</w> <w type="QL">most</w> <w type="JJ">stupendous</w> <w type="NN">piece</w> <w type="IN">of</w> <w type="JJ">social</w> <w type="NN">work</w> <w type="IN">in</w> <w type="JJ">modern</w> <w type="NNS">times</w> <c type="pct">''</c> <c type="pct">.</c> </s>
<s n="78"><w type="IN">Under</w> <w type="NP">Fosdick</w> <w type="AT">the</w> <w type="OD">first</w> <w type="NN">executive</w> <w type="NN">officer</w> <w type="IN">of</w> <w type="AT">the</w> <w type="NN">CTCA</w> <w type="BEDZ">was</w> <w type="NP">Richard</w> <w type="NP">Byrd</w> <c type="pct">,</c> <w type="WPg">whose</w> <w type="NN">name</w> <w type="IN">in</w> <w type="JJR">later</w> <w type="NNS">years</w> <w type="BEDZ">was</w> <w type="TO">to</w> <w type="VB">become</w> <w type="JJ">synonymous</w> <w type="IN">with</w> <w type="NNS">activities</w> <w type="IN">at</w> <w type="AT">the</w> <w type="JJ">polar</w> <w type="NNS">antipodes</w> <c type="pct">.</c> </s>
<s n="79"><w type="IN">From</w> <w type="AT">the</w> <w type="NN">point</w> <w type="IN">of</w> <w type="NN">view</w> <w type="IN">of</w> <w type="NN">popularity</w> <w type="AT">the</w> <w type="JJT">best-known</w> <w type="NN">member</w> <w type="IN">of</w> <w type="AT">the</w> <w type="NN" subtype="TL">Commission</w> <w type="BEDZ">was</w> <w type="NP">Walter</w> <w type="NP">Camp</w> <c type="pct">,</c> <w type="AT">the</w> <w type="NP">Yale</w> <w type="NN">athlete</w> <w type="WPg">whose</w> <w type="NN">sobriquet</w> <w type="BEDZ">was</w> <c type="pct">``</c> <w type="AT">the</w> <w type="NN">father</w> <w type="IN">of</w> <w type="JJ">American</w> <w type="NN">football</w> <c type="pct">''</c> <c type="pct">.</c> </s>
<s n="80"><w type="PPS">He</w> <w type="BEDZ">was</w> <w type="VBN">placed</w> <w type="IN">in</w> <w type="NN">charge</w> <w type="IN">of</w> <w type="NN">athletics</w> <c type="pct">,</c> <w type="CC">and</w> <w type="IN">among</w> <w type="AP">other</w> <w type="NNS">things</w> <w type="VBD">adapted</w> <w type="AT">the</w> <w type="NN">type</w> <w type="IN">of</w> <w type="NNS">calisthenics</w> <w type="VBN">known</w> <w type="CS">as</w> <w type="AT">the</w> <w type="JJ">daily</w> <w type="NN">dozen</w> <c type="pct">.</c> </s>
<s n="81"><w type="AT">The</w> <w type="NN">CTCA</w> <w type="NN">program</w> <w type="IN">of</w> <w type="NNS">activities</w> <w type="BEDZ">was</w> <w type="JJ">profuse</w> <c type="pct">:</c> <w type="NP">William</w> <w type="NP">Farnum</w> <w type="CC">and</w> <w type="NP">Mary</w> <w type="NP">Pickford</w> <w type="IN">on</w> <w type="AT">the</w> <w type="NN">screen</w> <c type="pct">,</c> <w type="NP">Elsie</w> <w type="NP">Janis</w> <w type="CC">and</w> <w type="NP">Harry</w> <w type="NP">Lauder</w> <w type="IN">on</w> <w type="AT">the</w> <w type="NN">stage</w> <c type="pct">,</c> <w type="NNS">books</w> <w type="VBN">provided</w> <w type="IN">by</w> <w type="AT">the</w> <w type="JJ" subtype="TL">American</w> <w type="NN" subtype="TL">Library</w> <w type="NN" subtype="TL">Association</w> <c type="pct">,</c> <w type="JJ">full</w> <w type="NN">equipment</w> <w type="IN">for</w> <w type="NNS">games</w> <w type="CC">and</w> <w type="NNS">sports</w> <c type="pct">--</c> <w type="IN">except</w> <w type="CS">that</w> <w type="AT">no</w> <c type="pct">``</c> <w type="NNS">bones</w> <c type="pct">''</c> <w type="BED">were</w> <w type="VBN">furnished</w> <w type="IN">for</w> <w type="AT">the</w> <w type="JJ">all-time</w> <w type="JJ">favorite</w> <w type="NN">pastime</w> <w type="VBN">played</w> <w type="IN">on</w> <w type="DTI">any</w> <w type="NN">floor</w> <w type="CC">and</w> <w type="VBN">known</w> <w type="CS">as</w> <c type="pct">``</c> <w type="JJ">African</w> <w type="NN">golf</w> <c type="pct">''</c> <c type="pct">.</c> </s>
<s n="82"><w type="AT">The</w> <w type="NN">CTCA</w> <w type="VBD">distributed</w> <w type="AT">a</w> <w type="JJ">khaki-bound</w> <w type="NN">songbook</w> <w type="WPS">that</w> <w type="VBD">provided</w> <w type="AT">the</w> <w type="NN">impetus</w> <w type="IN">for</w> <w type="JJ">spirited</w> <w type="NNS">renditions</w> <w type="IN">of</w> <w type="AT">the</w> <w type="NNS">selections</w> <w type="VBN">found</w> <w type="RB">therein</w> <c type="pct">,</c> <w type="CC">plus</w> <w type="AT">a</w> <w type="NN">number</w> <w type="IN">of</w> <w type="NNS">others</w> <w type="WPg">whose</w> <w type="NNS">lyrics</w> <w type="BED">were</w> <w type="QL">more</w> <w type="JJ">earthy</w> <c type="pct">--</c> <w type="IN">from</w> <c type="pct">``</c> <w type="NP" subtype="TL">Johnny</w> <w type="VB" subtype="TL">Get</w> <w type="PPg" subtype="TL">Your</w> <w type="NN" subtype="TL">Gun</w> <c type="pct">''</c> <w type="IN">to</w> <c type="pct">``</c> <w type="VB" subtype="TL">Keep</w> <w type="AT" subtype="TL">The</w> <w type="NN" subtype="TL">Home</w> <w type="NNS" subtype="TL">Fires</w> <w type="VBG" subtype="TL">Burning</w> <c type="pct">''</c> <w type="IN">to</w> <c type="pct">``</c> <w type="NN" subtype="FW">Mademoiselle</w> <w type="IN" subtype="TL">From</w> <w type="NP" subtype="TL">Armentieres</w> <c type="pct">''</c> <c type="pct">.</c> </s>
</p>
<p></p></body></text></TEI>
