<TEI xmlns="http://www.tei-c.org/ns/1.0"><teiHeader><fileDesc><titleStmt><title>Sample G74 from  John McCormick, "The Confessions of Jean Jacques Krim"
 The Noble Savage, 4 (October, 1961), 8-12.
 </title></titleStmt><editionStmt><edition>A part  of the XML version of the Brown Corpus</edition></editionStmt><extent>2,018 words 349 (17.3%) quotes 1 symbol</extent><publicationStmt><idno>G74</idno><availability><p>Used by permission. 0010-1910</p></availability></publicationStmt><sourceDesc><bibl> John McCormick, "The Confessions of Jean Jacques Krim"
 The Noble Savage, 4 (October, 1961), 8-12.
 </bibl></sourceDesc></fileDesc><encodingDesc><p>Arbitrary Hyphen: mid-thirties [1230]</p></encodingDesc><revisionDesc><change when="2008-04-27">Header auto-generated for TEI version</change></revisionDesc></teiHeader>
<text xml:id="G74" decls="G">
<body><p><s n="1"><w type="VB">Let</w> <w type="PPO">us</w> <w type="VB">see</w> <w type="RB">just</w> <w type="WQL">how</w> <w type="JJ">typical</w> <w type="NP">Krim</w> <w type="BEZ">is</w> <c type="pct">.</c> </s>
<s n="2"><w type="PPS">He</w> <w type="BEZ">is</w> <w type="JJ" subtype="TL">New</w> <w type="JJ">York-born</w> <w type="CC">and</w> <w type="JJ">Jewish</w> <c type="pct">.</c> </s>
<s n="3"><w type="PPS">He</w> <w type="VBD">spent</w> <w type="CD">one</w> <w type="NN">year</w> <w type="IN">at</w> <w type="AT">the</w> <w type="NN" subtype="TL">University</w> <w type="IN" subtype="TL">of</w> <w type="JJ" subtype="TL">North</w> <w type="NP" subtype="TL">Carolina</w> <w type="CS">because</w> <w type="NP">Thomas</w> <w type="NP">Wolfe</w> <w type="VBD">went</w> <w type="RB">there</w> <c type="pct">.</c> </s>
<s n="4"><w type="PPS">He</w> <w type="VBD">returned</w> <w type="IN">to</w> <w type="JJ" subtype="TL">New</w> <w type="NP" subtype="TL">York</w> <w type="TO">to</w> <w type="VB">work</w> <w type="IN">for</w> <w type="AT" subtype="TL">The</w> <w type="JJ" subtype="TL">New</w> <w type="NP" subtype="TL">Yorker</w> <c type="pct">,</c> <w type="TO">to</w> <w type="VB">edit</w> <w type="AT">a</w> <w type="JJ" subtype="TL">Western</w> <w type="NN">pulp</w> <c type="pct">,</c> <w type="TO">to</w> <c type="pct">``</c> <w type="VB">duck</w> <w type="AT">the</w> <w type="NN">war</w> <w type="IN">in</w> <w type="AT">the</w> <w type="NN">OWI</w> <c type="pct">''</c> <c type="pct">,</c> <w type="TO">to</w> <w type="VB">write</w> <w type="NN">publicity</w> <w type="IN">for</w> <w type="JJS" subtype="TL">Paramount</w> <w type="NNS" subtype="TL">Pictures</w> <w type="CC">and</w> <w type="NN">commentary</w> <w type="IN">for</w> <w type="AT">a</w> <w type="NN">newsreel</w> <c type="pct">,</c> <w type="RB">then</w> <w type="PPS">he</w> <w type="VBD">began</w> <w type="PPg">his</w> <w type="NN">career</w> <w type="CS">as</w> <w type="NN">critic</w> <w type="IN">for</w> <w type="JJ">various</w> <w type="NNS">magazines</w> <c type="pct">.</c> </s>
<s n="5"><w type="RB">Now</w> <w type="PPS">he</w> <w type="HVZ">has</w> <w type="VBN">abandoned</w> <w type="ABN">all</w> <w type="DT">that</w> <w type="TO">to</w> <w type="BE">be</w> <w type="AT" subtype="TL">A</w> <w type="NN" subtype="TL">Writer</w> <c type="pct">.</c> </s>
<s n="6"><w type="PPSS">I</w> <w type="DO">do</w> <w type="NEG">not</w> <w type="VB">want</w> <w type="TO">to</w> <w type="VB">quibble</w> <w type="IN">about</w> <w type="NN">typicality</w> <c type="pct">;</c> <c type="pct">;</c> </s>
<s n="7"><w type="IN">in</w> <w type="AT">a</w> <w type="JJ">certain</w> <w type="NN">sense</w> <c type="pct">,</c> <w type="CD">one</w> <w type="NN">manner</w> <w type="IN">of</w> <w type="NN">experience</w> <w type="MD">will</w> <w type="BE">be</w> <w type="JJ">typical</w> <w type="IN">of</w> <w type="DTI">any</w> <w type="VBN">given</w> <w type="NN">group</w> <w type="CS">while</w> <w type="DT">another</w> <w type="NN">will</w> <w type="NEG">not</w> <c type="pct">.</c> </s>
<s n="8"><w type="CC">But</w> <mw pos="PPSS HV">I've </mw><w type="VBN">got</w> <w type="NN">news</w> <w type="IN">for</w> <w type="NP">Krim</w> <c type="pct">:</c> <mw pos="PPS BEZ">he's </mw><w type="NEG">not</w> <w type="JJ">typical</w> <c type="pct">,</c> <mw pos="PPS BEZ">he's </mw><w type="QL">pretty</w> <w type="JJ">special</w> <c type="pct">.</c> </s>
<s n="9"><w type="PPg">His</w> <w type="MD">may</w> <w type="VB">typify</w> <w type="AT">a</w> <w type="JJ">certain</w> <w type="NN">kind</w> <w type="IN">of</w> <w type="JJ">postwar</w> <w type="JJ" subtype="TL">New</w> <w type="NP" subtype="TL">York</w> <w type="NN">experience</w> <c type="pct">,</c> <w type="CC">but</w> <w type="PPg">his</w> <w type="NN">experience</w> <w type="BEZ">is</w> <w type="RB">certainly</w> <w type="NEG">not</w> <w type="JJ">typical</w> <w type="IN">of</w> <w type="PPg">his</w> <c type="pct">``</c> <w type="NNg">generation's</w> <c type="pct">''</c> <c type="pct">.</c> </s>
<s n="10"><w type="IN">In</w> <w type="DTI">any</w> <w type="NN">case</w> <c type="pct">,</c> <w type="WPS">who</w> <w type="RB">ever</w> <w type="VBD">thought</w> <w type="CS">that</w> <w type="JJ" subtype="TL">New</w> <w type="NP" subtype="TL">York</w> <w type="BEZ">is</w> <w type="JJ">typical</w> <w type="IN">of</w> <w type="PN">anything</w> <c type="pct">?</c> <c type="pct">?</c> </s>
</p>
<p><s n="11"><w type="NNS">Men</w> <w type="IN">of</w> <w type="NPg">Krim's</w> <w type="NN">age</w> <c type="pct">,</c> <w type="NNS">aspirations</w> <c type="pct">,</c> <w type="CC">and</w> <w type="NN">level</w> <w type="IN">of</w> <w type="NN">sophistication</w> <w type="BED">were</w> <w type="RB">typically</w> <w type="VBN">involved</w> <w type="IN">in</w> <w type="NN">politics</w> <w type="IN">before</w> <w type="AT">the</w> <w type="NN">war</w> <c type="pct">.</c> </s>
<s n="12"><w type="PPSS">They</w> <w type="DOD">did</w> <w type="NEG">not</w> <c type="pct">``</c> <w type="VB">duck</w> <w type="AT">the</w> <w type="NN">war</w> <c type="pct">''</c> <w type="CC">but</w> <w type="PPSS">they</w> <w type="VBD">fought</w> <w type="IN">in</w> <w type="PPO">it</w> <c type="pct">,</c> <w type="WQL">however</w> <w type="RB">reluctantly</w> <c type="pct">;</c> <c type="pct">;</c> </s>
<s n="13"><w type="PPSS">they</w> <w type="VBD">sweated</w> <w type="RP">out</w> <w type="DTI">some</w> <w type="NN">kind</w> <w type="IN">of</w> <w type="JJ">formal</w> <w type="NN">education</w> <c type="pct">;</c> <c type="pct">;</c> </s>
<s n="14"><w type="PPSS">they</w> <w type="VBD">read</w> <w type="RB">widely</w> <w type="CC">and</w> <w type="RB">eclectically</w> <c type="pct">;</c> <c type="pct">;</c> </s>
<s n="15"><w type="PPSS">they</w> <w type="DOD">did</w> <w type="NEG">not</w> <w type="VB">fall</w> <w type="IN">into</w> <w type="JJ">pseudo-glamorous</w> <w type="NNS">jobs</w> <w type="IN">on</w> <w type="JJ">pseudo-glamorous</w> <w type="NNS">magazines</w> <c type="pct">,</c> <w type="CC">but</w> <w type="PPSS">they</w> <w type="DOD">did</w> <w type="WDT">whatever</w> <w type="JJ">nasty</w> <w type="NN">thing</w> <w type="PPSS">they</w> <w type="MD">could</w> <w type="VB">get</w> <w type="IN">in</w> <w type="NN">order</w> <w type="TO">to</w> <w type="VB">eat</w> <c type="pct">;</c> <c type="pct">;</c> </s>
<s n="16"><w type="PPSS">they</w> <w type="VBD">found</w> <w type="RP">out</w> <w type="WPS">who</w> <w type="PPSS">they</w> <w type="BED">were</w> <w type="CC">and</w> <w type="WDT">what</w> <w type="PPSS">they</w> <w type="MD">could</w> <w type="DO">do</w> <c type="pct">,</c> <w type="RB">then</w> <w type="IN">within</w> <w type="AT">the</w> <w type="NNS">limits</w> <w type="IN">of</w> <w type="PPg">their</w> <w type="NN">talent</w> <w type="PPSS">they</w> <w type="DOD">did</w> <w type="PPO">it</w> <c type="pct">.</c> </s>
<s n="17"><w type="PPSS">They</w> <w type="DOD">did</w> <w type="NEG">not</w> <w type="VB">worry</w> <w type="IN">about</w> <c type="pct">``</c> <w type="NN">experience</w> <c type="pct">''</c> <c type="pct">,</c> <w type="CS">because</w> <w type="NN">experience</w> <w type="VBD">thrust</w> <w type="PPL">itself</w> <w type="IN">upon</w> <w type="PPO">them</w> <c type="pct">.</c> </s>
<s n="18"><w type="CC">And</w> <w type="PPSS">they</w> <w type="VBD">traveled</w> <w type="IN">out</w> <w type="IN">of</w> <w type="JJ" subtype="TL">New</w> <w type="NP" subtype="TL">York</w> <c type="pct">.</c> </s>
<s n="19"><w type="RB">Only</w> <w type="AT">a</w> <w type="JJ">native</w> <w type="JJ" subtype="TL">New</w> <w type="NP" subtype="TL">Yorker</w> <w type="MD">could</w> <w type="VB">believe</w> <w type="CS">that</w> <w type="JJ" subtype="TL">New</w> <w type="NP" subtype="TL">York</w> <w type="BEZ">is</w> <w type="RB">now</w> <w type="CC">or</w> <w type="RB">ever</w> <w type="BEDZ">was</w> <w type="AT">a</w> <w type="JJ">literary</w> <w type="NN">center</w> <c type="pct">.</c> </s>
<s n="20"><w type="PPS">It</w> <w type="BEZ">is</w> <w type="AT">a</w> <w type="VBG">publishing</w> <w type="CC">and</w> <w type="JJ">public</w> <w type="NNS">relations</w> <w type="VB">center</w> <c type="pct">,</c> <w type="CC">but</w> <w type="DTS">these</w> <w type="AP">very</w> <w type="NNS">facts</w> <w type="VB">prevent</w> <w type="PPO">it</w> <w type="IN">from</w> <w type="BEG">being</w> <w type="AT">a</w> <w type="JJ">literary</w> <w type="NN">center</w> <w type="CS">because</w> <w type="NNS">writers</w> <w type="VB">dislike</w> <w type="NN">provincialism</w> <w type="CC">and</w> <w type="NN">untruth</w> <c type="pct">.</c> </s>
<s n="21"><w type="NPg">Krim's</w> <w type="NN">typicality</w> <w type="VBZ">consists</w> <w type="RB">only</w> <w type="IN">in</w> <w type="PPg">his</w> <w type="JJ" subtype="TL">New</w> <w type="NPg">Yorker's</w> <w type="NN">view</w> <w type="CS">that</w> <w type="JJ" subtype="TL">New</w> <w type="NP" subtype="TL">York</w> <w type="BEZ">is</w> <w type="AT">the</w> <w type="NN">world</w> <c type="pct">;</c> <c type="pct">;</c> </s>
<s n="22"><w type="PPS">he</w> <w type="VBZ">displays</w> <w type="WDT">what</w> <w type="NNS">outlanders</w> <w type="VB">call</w> <w type="AT">the</w> <w type="JJ" subtype="TL">New</w> <w type="NP" subtype="TL">York</w> <w type="NN">mind</w> <c type="pct">,</c> <w type="AT">a</w> <w type="NN">state</w> <w type="CS">that</w> <w type="AT">the</w> <w type="NN">subject</w> <w type="BEZ">is</w> <w type="RB">necessarily</w> <w type="JJ">unable</w> <w type="TO">to</w> <w type="VB">perceive</w> <w type="IN">in</w> <w type="PPL">himself</w> <c type="pct">.</c> </s>
<s n="23"><w type="AT">The</w> <w type="JJ" subtype="TL">New</w> <w type="NP" subtype="TL">York</w> <w type="NN">mind</w> <w type="BEZ">is</w> <w type="CD">two</w> <w type="NNS">parts</w> <w type="NN">abstraction</w> <w type="CC">and</w> <w type="CD">one</w> <w type="NN">part</w> <w type="NN">misinformation</w> <w type="IN">about</w> <w type="AT">the</w> <w type="NN">rest</w> <w type="IN">of</w> <w type="AT">the</w> <w type="NN">country</w> <w type="CC">and</w> <w type="IN">in</w> <w type="NN">fact</w> <w type="AT">the</w> <w type="NN">world</w> <c type="pct">.</c> </s>
<s n="24"><w type="IN">In</w> <w type="PPg">his</w> <w type="VBG">fulminating</w> <w type="IN">against</w> <w type="AT">the</w> <w type="JJ">literary</w> <w type="NN">world</w> <c type="pct">,</c> <w type="NP">Krim</w> <w type="BEZ">is</w> <w type="RB">really</w> <w type="VBG">struggling</w> <w type="IN">with</w> <w type="AT">the</w> <w type="JJ" subtype="TL">New</w> <w type="NP" subtype="TL">Yorker</w> <w type="IN">in</w> <w type="PPL">himself</w> <c type="pct">,</c> <w type="CC">but</w> <mw pos="PPS BEZ">it's </mw><w type="AT">a</w> <w type="VBG">losing</w> <w type="NN">battle</w> <c type="pct">.</c> </s>
</p>
<p><s n="25"><w type="RB">Closely</w> <w type="VBN">related</w> <w type="IN">to</w> <w type="PPg">his</w> <w type="NNS">illusions</w> <w type="IN">about</w> <w type="PPg">his</w> <w type="NN">typicality</w> <w type="BEZ">is</w> <w type="NPg">Krim's</w> <w type="VBN">complicated</w> <w type="NN">feeling</w> <w type="IN">about</w> <w type="PPg">his</w> <w type="NN">Jewishness</w> <c type="pct">.</c> </s>
<s n="26"><w type="PPS">He</w> <w type="VBZ">writes</w> <c type="pct">,</c> <c type="pct">``</c> <w type="AP">Most</w> <w type="IN">of</w> <w type="PPg">my</w> <w type="NNS">friends</w> <w type="CC">and</w> <w type="PPSS">I</w> <w type="BED">were</w> <w type="JJ">Jewish</w> <c type="pct">;</c> <c type="pct">;</c> </s>
<s n="27"><w type="PPSS">we</w> <w type="BED">were</w> <w type="RB">also</w> <w type="JJ">literary</w> <c type="pct">;</c> <c type="pct">;</c> </s>
<s n="28"><w type="AT">the</w> <w type="NN">combination</w> <w type="IN">of</w> <w type="AT">the</w> <w type="JJ">Jewish</w> <w type="JJ">intellectual</w> <w type="NN">tradition</w> <w type="CC">and</w> <w type="AT">the</w> <w type="NN">sensibility</w> <w type="VBN">needed</w> <w type="TO">to</w> <w type="BE">be</w> <w type="AT">a</w> <w type="NN">writer</w> <w type="VBD">created</w> <w type="IN">in</w> <w type="PPg">my</w> <w type="NN">circle</w> <w type="AT">the</w> <w type="QL">most</w> <w type="JJ">potent</w> <w type="CC">and</w> <w type="JJ">incredible</w> <w type="JJ">intellectual-literary</w> <w type="NN">ambition</w> <w type="PPSS">I</w> <w type="HV">have</w> <w type="RB">ever</w> <w type="VBN">seen</w> <w type="CC">or</w> <w type="MD">could</w> <w type="RB">ever</w> <w type="HV">have</w> <w type="VBN">imagined</w> <c type="pct">.</c> </s>
<s n="29"><w type="IN">Within</w> <w type="PPLS">themselves</w> <c type="pct">,</c> <w type="RB">just</w> <w type="CS">as</w> <w type="NNS">people</w> <c type="pct">,</c> <w type="PPg">my</w> <w type="NNS">friends</w> <w type="BED">were</w> <w type="RB">often</w> <w type="VBN">tortured</w> <w type="CC">and</w> <w type="QL">unappeasably</w> <w type="JJ">bitter</w> <w type="IN">about</w> <w type="BEG">being</w> <w type="AT">the</w> <w type="NNS">offspring</w> <w type="IN">of</w> <w type="DT">this</w> <w type="QL">unhappily</w> <w type="JJ">unique-ingrown-screwedup</w> <w type="NN">breed</w> <c type="pct">;</c> <c type="pct">;</c> </s>
<s n="30"><w type="PPg">their</w> <w type="NN">reading</w> <w type="CC">and</w> <w type="VBG">thinking</w> <w type="VBD">gave</w> <w type="AT">an</w> <w type="NN">extension</w> <w type="IN">to</w> <w type="PPg">their</w> <w type="JJ">normal</w> <w type="NNS">blushes</w> <w type="IN">about</w> <w type="VBG">appearing</w> <c type="pct">'</c> <w type="JJ">Jewish</w> <c type="pct">'</c> <w type="IN">in</w> <w type="NN">subway</w> <c type="pct">,</c> <w type="NN">bus</w> <c type="pct">,</c> <w type="NN">racetrack</w> <c type="pct">,</c> <w type="NN">movie</w> <w type="NN">house</w> <c type="pct">,</c> <w type="DTI">any</w> <w type="IN">of</w> <w type="AT">the</w> <w type="JJ">public</w> <w type="NNS">places</w> <w type="WPS">that</w> <w type="VBD">used</w> <w type="TO">to</w> <w type="VB">make</w> <w type="AT">the</w> <w type="NP">Jew</w> <w type="IN">of</w> <w type="PPg">my</w> <w type="NN">generation</w> <w type="JJ">self-conscious</w> <c type="pct">(</c> <w type="JJ">heavy</w> <w type="NNS">thinkers</w> <w type="VBG">walking</w> <w type="IN">across</w> <w type="OD" subtype="TL">Seventh</w> <w type="NN" subtype="TL">Avenue</w> <w type="IN">without</w> <w type="PPg">their</w> <w type="NNS">glasses</w> <w type="RP">on</w> <c type="pct">,</c> <w type="JJ">willing</w> <w type="TO">to</w> <w type="VB">dare</w> <w type="AT">the</w> <w type="NNS">trucks</w> <w type="QL">as</w> <w type="RB">long</w> <w type="CS">as</w> <w type="PPSS">they</w> <mw pos="DOD *">didn't </mw><w type="VB">look</w> <w type="CS">like</w> <w type="AT">the</w> <w type="JJ">ikey-kikey</w> <w type="NN">caricature</w> <w type="IN">of</w> <w type="AT">the</w> <w type="JJ">Yiddish</w> <w type="NN">intellectual</w> <c type="pct">)</c> <c type="pct">.</c> </s>
<s n="31"><c type="pct">''</c> <w type="IN">At</w> <w type="AP">other</w> <w type="NNS">points</w> <w type="IN">in</w> <w type="PPg">his</w> <w type="NN">narrative</w> <c type="pct">,</c> <w type="NP">Krim</w> <w type="VBZ">associates</w> <w type="NN">Jewishness</w> <w type="IN">with</w> <w type="JJ">unappeasable</w> <w type="JJ">literary</w> <w type="NN">ambition</w> <c type="pct">,</c> <w type="IN">with</w> <w type="NN">abstraction</w> <c type="pct">,</c> <w type="IN">with</w> <w type="PPg">his</w> <w type="JJ">personal</w> <w type="VBG">turning</w> <w type="RB">aside</w> <w type="IN">from</w> <w type="AT">the</w> <w type="JJ">good</w> <c type="pct">,</c> <w type="AT">the</w> <w type="NN">true</w> <c type="pct">,</c> <w type="CC">and</w> <w type="AT">the</w> <w type="JJ">beautiful</w> <w type="IN">of</w> <w type="NN">fiction</w> <w type="IN">in</w> <w type="AT">the</w> <w type="NN">manner</w> <w type="IN">of</w> <w type="NP">James</w> <w type="NP">T.</w> <w type="NP">Farrell</w> <w type="IN">to</w> <w type="AT">the</w> <w type="JJ">international</w> <c type="pct">,</c> <w type="AT">the</w> <w type="JJ">false</w> <c type="pct">,</c> <w type="CC">and</w> <w type="AT">the</w> <w type="VBN">inflated</w> <c type="pct">.</c> </s>
</p>
<p><s n="32"><w type="NP">Krim</w> <w type="VBZ">says</w> <c type="pct">,</c> <w type="IN">in</w> <w type="JJ">short</w> <c type="pct">,</c> <w type="CS">that</w> <w type="PPS">he</w> <w type="BEZ">is</w> <w type="AT">a</w> <w type="VBG">suffering</w> <w type="NP">Jew</w> <c type="pct">.</c> </s>
<s n="33"><w type="AT">The</w> <w type="RB">only</w> <w type="JJ">possible</w> <w type="NN">answer</w> <w type="IN">to</w> <w type="DT">that</w> <w type="BEZ">is</w> <c type="pct">,</c> <w type="PPSS">I</w> <w type="BEM">am</w> <w type="AT">a</w> <w type="VBG">suffering</w> <w type="NP">Franco-Irishman</w> <c type="pct">.</c> </s>
<s n="34"><w type="PPSS">We</w> <w type="ABN">all</w> <w type="VB">love</w> <w type="TO">to</w> <w type="VB">suffer</w> <c type="pct">,</c> <w type="CC">but</w> <w type="DTI">some</w> <w type="IN">of</w> <w type="PPO">us</w> <w type="VB">love</w> <w type="TO">to</w> <w type="VB">suffer</w> <w type="RBR">more</w> <w type="CS">than</w> <w type="NNS">others</w> <c type="pct">.</c> </s>
<s n="35"><w type="HVD">Had</w> <w type="NP">Krim</w> <w type="VBN">gone</w> <w type="RBR">farther</w> <w type="IN">from</w> <w type="JJ" subtype="TL">New</w> <w type="NP" subtype="TL">York</w> <w type="CS">than</w> <w type="NN" subtype="TL">Chapel</w> <w type="NN" subtype="TL">Hill</w> <c type="pct">,</c> <w type="PPS">he</w> <w type="MD">might</w> <w type="HV">have</w> <w type="VBN">discovered</w> <w type="CS">that</w> <w type="JJ">large</w> <w type="NNS">numbers</w> <w type="IN">of</w> <w type="JJ">American</w> <w type="NPS">Jews</w> <w type="DO">do</w> <w type="NEG">not</w> <w type="VB">find</w> <w type="PPg">his</w> <w type="JJ" subtype="TL">New</w> <w type="NP" subtype="TL">York</w> <w type="NN">version</w> <w type="IN">of</w> <w type="AT">the</w> <w type="NPSg">Jews'</w> <w type="NN">lot</w> <w type="RB">remotely</w> <w type="JJ">recognizable</w> <c type="pct">.</c> </s>
<s n="36"><w type="QL">More</w> <w type="JJ">important</w> <w type="BEZ">is</w> <w type="AT">the</w> <w type="JJ">simple</w> <w type="JJ">human</w> <w type="NN">point</w> <w type="CS">that</w> <w type="ABN">all</w> <w type="NNS">men</w> <w type="VB">suffer</w> <c type="pct">,</c> <w type="CC">and</w> <w type="CS">that</w> <w type="PPS">it</w> <w type="BEZ">is</w> <w type="AT">a</w> <w type="NN">kind</w> <w type="IN">of</w> <w type="JJ">anthropological-religious</w> <w type="NN">pride</w> <w type="IN">on</w> <w type="AT">the</w> <w type="NN">part</w> <w type="IN">of</w> <w type="AT">the</w> <w type="NP">Jew</w> <w type="TO">to</w> <w type="VB">believe</w> <w type="CS">that</w> <w type="PPg">his</w> <w type="NN">suffering</w> <w type="BEZ">is</w> <w type="QL">more</w> <w type="JJ">poignant</w> <w type="CS">than</w> <w type="PPgg">mine</w> <w type="CC">or</w> <w type="PN">anyone</w> <w type="RBg">else's</w> <c type="pct">.</c> </s>
<s n="37"><w type="DT">This</w> <w type="BEZ">is</w> <w type="NEG">not</w> <w type="TO">to</w> <w type="VB">deny</w> <w type="AT">the</w> <w type="NN">existence</w> <w type="IN">of</w> <w type="NNS">pogroms</w> <w type="CC">and</w> <w type="NNS">ghettos</w> <c type="pct">,</c> <w type="CC">but</w> <w type="RB">only</w> <w type="TO">to</w> <w type="VB">assert</w> <w type="CS">that</w> <w type="DTS">these</w> <w type="NNS">horrors</w> <w type="HV">have</w> <w type="HVN">had</w> <w type="AT">an</w> <w type="NN">effect</w> <w type="IN">on</w> <w type="AT">the</w> <w type="NNS">nerves</w> <w type="IN">of</w> <w type="NNS">people</w> <w type="WPS">who</w> <w type="DOD">did</w> <w type="NEG">not</w> <w type="VB">experience</w> <w type="PPO">them</w> <c type="pct">,</c> <w type="CS">that</w> <w type="IN">among</w> <w type="AT">the</w> <w type="JJ">various</w> <w type="NN">side</w> <w type="NNS">effects</w> <w type="BEZ">is</w> <w type="AT">the</w> <w type="JJ">local</w> <w type="NN">hysteria</w> <w type="IN">of</w> <w type="JJ">Jewish</w> <w type="NNS">writers</w> <w type="CC">and</w> <w type="NNS">intellectuals</w> <w type="WPS">who</w> <w type="VB">cry</w> <w type="RP">out</w> <w type="IN">from</w> <w type="NN">confusion</w> <c type="pct">,</c> <w type="WDT">which</w> <w type="PPSS">they</w> <w type="VB">call</w> <w type="NN">oppression</w> <w type="CC">and</w> <w type="NN">pain</w> <c type="pct">.</c> </s>
<s n="38"><w type="IN">In</w> <w type="PPg">their</w> <w type="NN">stupidity</w> <w type="CC">and</w> <w type="NN">arrogance</w> <w type="PPSS">they</w> <w type="VB">believe</w> <w type="PPSS">they</w> <w type="BER">are</w> <w type="VBN">called</w> <w type="RB">upon</w> <w type="TO">to</w> <w type="VB">remind</w> <w type="AT">the</w> <w type="NN">gentile</w> <w type="RB">continually</w> <w type="IN">of</w> <w type="NNS">pogroms</w> <w type="CC">and</w> <w type="NNS">ghettos</w> <c type="pct">.</c> </s>
<s n="39"><w type="DTI">Some</w> <w type="IN">of</w> <w type="PPO">us</w> <w type="HV">have</w> <w type="NN">imagination</w> <w type="CC">and</w> <w type="NN">sensibility</w> <w type="RB">too</w> <c type="pct">.</c> </s>
<s n="40"><w type="RB">Finally</w> <c type="pct">,</c> <w type="EX">there</w> <w type="BEZ">is</w> <w type="AT">the</w> <w type="JJ">undeniable</w> <w type="NN">fact</w> <w type="CS">that</w> <w type="DTI">some</w> <w type="IN">of</w> <w type="AT">the</w> <w type="JJT">finest</w> <w type="JJ">American</w> <w type="NN">fiction</w> <w type="BEZ">is</w> <w type="BEG">being</w> <w type="VBN">written</w> <w type="IN">by</w> <w type="NPS">Jews</w> <c type="pct">,</c> <w type="CC">but</w> <w type="PPS">it</w> <w type="BEZ">is</w> <w type="NEG">not</w> <w type="JJ">Jewish</w> <w type="NN">fiction</w> <c type="pct">;</c> <c type="pct">;</c> </s>
<s n="41"><w type="NP">Saul</w> <w type="NP">Bellow</w> <w type="CC">and</w> <w type="NP">Bernard</w> <w type="NP">Malamud</w> <c type="pct">,</c> <w type="IN">through</w> <w type="JJ">intellectual</w> <w type="NN">toughness</w> <c type="pct">,</c> <w type="NN">perception</w> <c type="pct">,</c> <w type="IN">through</w> <w type="NN">experience</w> <w type="IN">in</w> <w type="NN">fact</w> <c type="pct">,</c> <w type="HV">have</w> <w type="RB">obviously</w> <w type="VBN">liberated</w> <w type="PPLS">themselves</w> <w type="IN">from</w> <w type="DTI">any</w> <w type="JJ">sentimental</w> <w type="NP">Krim</w> <w type="NN">self-indulgence</w> <w type="PPSS">they</w> <w type="MD">might</w> <w type="HV">have</w> <w type="BEN">been</w> <w type="VBN">tempted</w> <w type="IN">to</w> <c type="pct">.</c> </s>
</p>
<p><s n="42"><w type="NPg">Krim's</w> <w type="JJS">main</w> <w type="NN">attack</w> <w type="BEZ">is</w> <w type="IN">upon</w> <w type="AT">the</w> <w type="JJ">aesthetic</w> <w type="CC">and</w> <w type="AT">the</w> <w type="VBG">publishing</w> <w type="NN">apparatus</w> <w type="IN">of</w> <w type="JJ">American</w> <w type="JJ">literary</w> <w type="NN">culture</w> <w type="IN">in</w> <w type="PPg">our</w> <w type="NN">day</w> <c type="pct">.</c> </s>
<s n="43"><w type="NP">Krim</w> <w type="BEDZ">was</w> <w type="JJ">able</w> <w type="TO">to</w> <w type="VB">get</w> <w type="AT">an</w> <w type="NN">advance</w> <w type="IN">for</w> <w type="AT">a</w> <w type="NN">novel</w> <c type="pct">,</c> <w type="CC">and</w> <w type="NN">time</w> <w type="CC">and</w> <w type="NN">opportunity</w> <w type="TO">to</w> <w type="VB">write</w> <w type="IN">at</w> <w type="NP">Yaddo</w> <c type="pct">,</c> <w type="CC">but</w> <w type="PPS">it</w> <w type="BEDZ">was</w> <w type="QL">no</w> <w type="JJ">good</w> <c type="pct">.</c> </s>
<s n="44"><c type="pct">``</c> <w type="PPSS">I</w> <w type="HVD">had</w> <w type="JJ">natural</w> <w type="NN">sock</w> <c type="pct">''</c> <c type="pct">,</c> <w type="PPS">he</w> <w type="VBZ">says</w> <c type="pct">,</c> <c type="pct">'</c> <w type="CS">as</w> <w type="AT">a</w> <w type="NN">storyteller</w> <w type="CC">and</w> <w type="BEDZ">was</w> <w type="QL">precociously</w> <w type="JJ">good</w> <w type="IN">at</w> <w type="NN">description</w> <c type="pct">,</c> <w type="NN">dialogue</w> <c type="pct">,</c> <w type="CC">and</w> <w type="AP">most</w> <w type="IN">of</w> <w type="AT">the</w> <w type="AP">other</w> <w type="NNS">staples</w> <w type="IN">of</w> <w type="AT">the</w> <w type="NNg">fiction-writer's</w> <w type="NN">trade</w> <w type="CC">but</w> <w type="PPSS">I</w> <w type="BEDZ">was</w> <w type="VBN">bugged</w> <w type="IN">by</w> <w type="AT">a</w> <w type="JJ">mammoth</w> <w type="NN">complex</w> <w type="IN">of</w> <w type="NNS">thoughts</w> <w type="CC">and</w> <w type="NNS">feelings</w> <w type="WPS">that</w> <w type="VBD">prevented</w> <w type="PPO">me</w> <w type="IN">from</w> <w type="VBG">doing</w> <w type="AP">more</w> <w type="CS">than</w> <w type="RB">just</w> <w type="VBG">diddling</w> <w type="AT">the</w> <w type="NN">surface</w> <w type="IN">of</w> <w type="VBN">sustained</w> <w type="NN">fiction-writing</w> <c type="pct">''</c> <c type="pct">.</c> </s>
<s n="45"><w type="CC">And</w> <w type="RB">again</w> <c type="pct">,</c> <c type="pct">``</c> <w type="WRB">how</w> <w type="MD">can</w> <w type="PPSS">you</w> <w type="VB">write</w> <w type="WRB">when</w> <w type="PPSS">you</w> <mw pos="HV *">haven't </mw><w type="RB">yet</w> <w type="VBN">read</w> <c type="pct">'</c> <w type="NP" subtype="TL">Bartleby</w> <w type="AT" subtype="TL">The</w> <w type="NN" subtype="TL">Scrivener</w> <c type="pct">'</c> <c type="pct">''</c> <c type="pct">?</c> <c type="pct">?</c> </s>
<s n="46"><w type="NP">Krim</w> <w type="VBD">came</w> <w type="TO">to</w> <w type="VB">believe</w> <w type="CS">that</w> <c type="pct">``</c> <w type="AT">the</w> <w type="NN">novel</w> <w type="CS">as</w> <w type="AT">a</w> <w type="NN">form</w> <w type="HVD">had</w> <w type="VBN">outlived</w> <w type="PPg">its</w> <w type="JJ">vital</w> <w type="NN">meaning</w> <c type="pct">''</c> <c type="pct">.</c> </s>
<s n="47"><w type="PPg">His</w> <c type="pct">``</c> <w type="JJ">articulate</w> <w type="JJ">Jewish</w> <w type="NNS">friends</w> <c type="pct">''</c> <w type="VBD">convinced</w> <w type="PPO">him</w> <w type="CS">that</w> <w type="NN">education</w> <c type="pct">(</c> <w type="VB">read</w> <c type="pct">``</c> <w type="NN" subtype="NC">reading</w> <c type="pct">''</c> <c type="pct">)</c> <w type="BEDZ">was</w> <c type="pct">``</c> <w type="AT">a</w> <w type="NN">must</w> <c type="pct">''</c> <c type="pct">.</c> </s>
<s n="48"><w type="PPS">He</w> <w type="VBD">moved</w> <w type="IN">in</w> <w type="AT">a</w> <c type="pct">``</c> <w type="QL">highly</w> <w type="JJ">intellectual</w> <c type="pct">''</c> <w type="NN">group</w> <w type="IN">in</w> <w type="NP" subtype="TL">Greenwich</w> <w type="NN" subtype="TL">Village</w> <w type="IN">in</w> <w type="AT">the</w> <w type="JJ">late</w> <w type="NNS">forties</w> <c type="pct">,</c> <w type="VBG">becoming</w> <c type="pct">``</c> <w type="VBN">internationalized</w> <c type="pct">''</c> <w type="RB">overnight</w> <c type="pct">.</c> </s>
<s n="49"><w type="RB">Then</w> <w type="VBD">followed</w> <w type="AT">a</w> <w type="NN">period</w> <w type="IN">in</w> <w type="WDT">which</w> <w type="PPS">he</w> <w type="VBD">wrote</w> <w type="NNS">reviews</w> <w type="IN">for</w> <w type="AT" subtype="TL">The</w> <w type="JJ" subtype="TL">New</w> <w type="NP" subtype="TL">York</w> <w type="NNS" subtype="TL">Times</w> <w type="NN" subtype="TL">Book</w> <w type="NN" subtype="TL">Review</w> <c type="pct">,</c> <w type="AT" subtype="TL">The</w> <w type="NP" subtype="TL">Commonweal</w> <c type="pct">,</c> <w type="NN" subtype="TL">Commentary</w> <c type="pct">,</c> <w type="HVD">had</w> <w type="AT">a</w> <w type="JJ">small</w> <w type="NN">piece</w> <w type="IN">in</w> <w type="JJ" subtype="TL">Partisan</w> <w type="NN" subtype="TL">Review</w> <c type="pct">,</c> <w type="CC">and</w> <w type="VBD">moved</w> <w type="RP">on</w> <w type="IN">to</w> <w type="NP">Hudson</w> <c type="pct">,</c> <w type="AT" subtype="TL">The</w> <w type="NN" subtype="TL">Village</w> <w type="NN" subtype="TL">Voice</w> <c type="pct">,</c> <w type="CC">and</w> <w type="NN" subtype="TL">Exodus</w> <c type="pct">.</c> </s>
<s n="50"><w type="AT">The</w> <w type="NN">work</w> <w type="IN">for</w> <w type="NP">Commonweal</w> <w type="BEDZ">was</w> <w type="QL">more</w> <w type="JJ">satisfying</w> <w type="CS">than</w> <w type="NN">work</w> <w type="IN">for</w> <w type="NN" subtype="TL">Commentary</w> <c type="pct">``</c> <w type="RB">because</w> <w type="IN">of</w> <w type="AT">the</w> <w type="NNg">staff's</w> <w type="VBG">tiptoeing</w> <w type="NN">fear</w> <w type="IN">of</w> <w type="VBG">making</w> <w type="AT">a</w> <w type="NN">booboo</w> <c type="pct">''</c> <c type="pct">.</c> </s>
<s n="51"><w type="NN" subtype="TL">Commentary</w> <w type="BEDZ">was</w> <w type="AT">a</w> <w type="JJ">mere</w> <w type="NN">suburb</w> <w type="IN">of</w> <w type="JJ" subtype="TL">Partisan</w> <w type="NN" subtype="TL">Review</w> <c type="pct">,</c> <w type="AT">the</w> <w type="NN">arch-enemy</w> <c type="pct">.</c> </s>
<s n="52"><w type="ABX">Both</w> <w type="NNS">magazines</w> <w type="BED">were</w> <c type="pct">``</c> <w type="JJ">rigid</w> <w type="IN">with</w> <w type="JJ">reactionary</w> <w type="NIL">what-will-T.</w> <w type="NIL">S.</w> <w type="NIL">Eliot-or-Martin</w> <w type="NIL">Buber-think</w> <c type="pct">?</c> <c type="pct">?</c> </s>
<s n="53"><w type="NN">fear</w> <c type="pct">.</c> </s>
<s n="54"><c type="pct">''</c> <w type="NN" subtype="TL">Partisan</w> <w type="HVZ">has</w> <w type="VBN">failed</w> <c type="pct">,</c> <w type="NP">Krim</w> <w type="VBZ">says</w> <c type="pct">,</c> <w type="IN">for</w> <w type="BEG">being</w> <c type="pct">``</c> <w type="JJ">snob-clannish</w> <c type="pct">,</c> <w type="JJ">overcerebral</w> <c type="pct">,</c> <w type="JJ">Europeanish</w> <c type="pct">,</c> <w type="RB">aristocratically</w> <w type="VBN">alienated</w> <c type="pct">''</c> <w type="IN">from</w> <w type="AT">the</w> <w type="NP">U.S.</w> <c type="pct">.</c> </s>
<s n="55"><w type="PPS">It</w> <w type="BEDZ">was</w> <c type="pct">``</c> <w type="AT">the</w> <w type="NN">creation</w> <w type="IN">of</w> <w type="AT">a</w> <w type="JJ">monstrous</w> <w type="JJ">historical</w> <w type="NN">period</w> <w type="WRB">wherein</w> <w type="PPS">it</w> <w type="VBD">thought</w> <w type="PPS">it</w> <w type="HVD">had</w> <w type="TO">to</w> <w type="VB">synthesize</w> <w type="NN">literature</w> <w type="CC">and</w> <w type="NN">politics</w> <w type="CC">and</w> <w type="NN">avant-garde</w> <w type="NN">art</w> <w type="IN">of</w> <w type="AT">every</w> <w type="NN">kind</w> <w type="IN">with</w> <w type="PPg">its</w> <w type="NNS">writers</w> <w type="RB">crazily</w> <w type="VBG">trying</w> <w type="TO">to</w> <w type="VB">outdo</w> <w type="DT">each</w> <w type="AP">other</w> <w type="IN">in</w> <w type="JJ">Spenglerian</w> <w type="NN">inclusiveness</w> <c type="pct">.</c> </s>
<s n="56"><c type="pct">''</c> <w type="NP">Kenyon</w> <c type="pct">,</c> <w type="NP">Sewanee</w> <c type="pct">,</c> <w type="CC">and</w> <w type="NP">Hudson</w> <w type="VBD">operated</w> <w type="IN">in</w> <w type="AT">an</w> <c type="pct">``</c> <w type="JJ">Anglo-Protestant</w> <w type="JJ" subtype="TL">New</w> <w type="JJ" subtype="TL">Critical</w> <w type="NN">chill</w> <c type="pct">''</c> <c type="pct">;</c> <c type="pct">;</c> </s>
<s n="57"><w type="PPg">their</w> <w type="NN">example</w> <w type="VBD">caused</w> <w type="NP">Krim</w> <w type="CC">and</w> <w type="PPg">his</w> <w type="NNS">friends</w> <w type="TO">to</w> <w type="VB">put</w> <w type="RP">on</w> <c type="pct">``</c> <w type="JJ">Englishy</w> <w type="NNS">airs</w> <c type="pct">,</c> <w type="VB">affect</w> <w type="ABN">all</w> <w type="NNS">sorts</w> <w type="IN">of</w> <w type="JJ">impressive</w> <w type="NN">scholarship</w> <w type="CC">and</w> <w type="NN">social-register</w> <w type="NN">unnaturalness</w> <w type="IN">in</w> <w type="NN">order</w> <w type="TO">to</w> <w type="VB">slip</w> <w type="IN">through</w> <w type="PPg">their</w> <w type="JJ">narrow</w> <w type="NNS">transoms</w> <w type="CC">and</w> <w type="VB">get</w> <w type="IN">into</w> <w type="PPg">their</w> <w type="NNS">pages</w> <c type="pct">''</c> <c type="pct">.</c> </s>
<s n="58"><w type="WPS" subtype="FW">Qui</w> <mw pos="PPL VBZ" subtype="FW">s'excuse </mw><mw pos="PPL VBZ" subtype="FW">s'accuse </mw><c type="pct">,</c> <w type="CS">as</w> <w type="AT">the</w> <w type="JJ">French</w> <w type="JJ">Jewish</w> <w type="NNS">intellectuals</w> <w type="VBD">used</w> <w type="TO">to</w> <w type="VB">say</w> <c type="pct">.</c> </s>
</p>
<p><s n="59"><w type="IN">Through</w> <w type="ABN">all</w> <w type="DT">this</w> <w type="NN">raving</w> <c type="pct">,</c> <w type="NP">Krim</w> <w type="BEZ">is</w> <w type="VBG">performing</w> <w type="AT">a</w> <w type="JJ">traditional</w> <w type="CC">and</w> <w type="IN">by</w> <w type="RB">now</w> <w type="VBG">boring</w> <w type="NN">rite</w> <c type="pct">,</c> <w type="AT">the</w> <w type="NN">attack</w> <w type="IN">on</w> <w type="NN">intelligence</w> <c type="pct">,</c> <w type="IN">upon</w> <w type="AT">the</w> <w type="QL">largely</w> <w type="JJ">successful</w> <w type="NN">attempt</w> <w type="IN">of</w> <w type="AT">the</w> <w type="NNS">magazines</w> <w type="PPS">he</w> <w type="VBZ">castigates</w> <w type="TO">to</w> <w type="VB">liberate</w> <w type="JJ">American</w> <w type="NN">writing</w> <w type="IN">from</w> <w type="JJ">local</w> <w type="NN">color</w> <w type="CC">and</w> <w type="AP">other</w> <w type="NNS">varieties</w> <w type="IN">of</w> <w type="JJ">romantic</w> <w type="NN">corn</w> <c type="pct">.</c> </s>
<s n="60"><w type="NP">God</w> <w type="VBZ">knows</w> <w type="CS">that</w> <w type="NN" subtype="TL">Partisan</w> <w type="CC">and</w> <w type="AT">the</w> <w type="NN">rest</w> <w type="RB">often</w> <w type="BED">were</w> <c type="pct">,</c> <w type="CC">and</w> <w type="VB">remain</w> <c type="pct">,</c> <w type="JJ">guilty</w> <w type="IN">of</w> <w type="JJ">intellectual</w> <w type="NN">flatulence</w> <c type="pct">.</c> </s>
<s n="61"><w type="JJ">Sociological</w> <w type="NN">jargon</w> <c type="pct">,</c> <w type="JJ">Germano-Slavic</w> <w type="NNS">approximations</w> <w type="IN">to</w> <w type="JJ">English</w> <c type="pct">,</c> <w type="JJ">third-rate</w> <w type="CC">but</w> <w type="JJ">modish</w> <w type="NN">fiction</w> <c type="pct">,</c> <w type="CC">and</w> <w type="NNS">outrages</w> <w type="IN">to</w> <w type="JJ">common</w> <w type="NN">sense</w> <w type="HV">have</w> <w type="RB">often</w> <w type="VBN">disfigured</w> <w type="NN" subtype="TL">Partisan</w> <c type="pct">,</c> <w type="CC">and</w> <w type="IN">in</w> <w type="JJR">lesser</w> <w type="NN">degree</w> <c type="pct">,</c> <w type="AT">the</w> <w type="AP">other</w> <w type="NNS">magazines</w> <w type="IN">on</w> <w type="AT">the</w> <w type="NN">list</w> <c type="pct">.</c> </s>
<s n="62"><w type="WDT">What</w> <w type="NP">Krim</w> <w type="VBZ">ignores</w> <c type="pct">,</c> <w type="IN">in</w> <w type="PPg">his</w> <w type="NN">contempt</w> <w type="IN">for</w> <w type="NN">history</w> <w type="CC">and</w> <w type="IN">for</w> <w type="NN">accuracy</w> <c type="pct">,</c> <w type="BEZ">is</w> <w type="CS">that</w> <w type="DTS">these</w> <w type="NNS">magazines</w> <c type="pct">,</c> <w type="NN" subtype="TL">Partisan</w> <w type="RB">foremost</w> <c type="pct">,</c> <w type="VBD">brought</w> <w type="RP">about</w> <w type="AT">a</w> <w type="JJ">genuine</w> <w type="NN">revolution</w> <w type="IN">in</w> <w type="AT">the</w> <w type="JJ">American</w> <w type="NN">mind</w> <w type="IN">from</w> <w type="AT">the</w> <w type="NNS">mid-thirties</w> <w type="IN">to</w> <w type="RB">approximately</w> <w type="CD">1950</w> <c type="pct">.</c> </s>
<s n="63"><w type="AT">The</w> <w type="QL">most</w> <w type="JJ">obvious</w> <w type="NN">characteristic</w> <w type="IN">of</w> <w type="JJ">contemporary</w> <w type="JJ">American</w> <w type="NN">writing</w> <c type="pct">,</c> <w type="RB">apart</w> <w type="IN">from</w> <w type="AT">the</w> <w type="JJ">beat</w> <w type="NN">nonsense</w> <c type="pct">,</c> <w type="BEZ">is</w> <w type="PPg">its</w> <w type="NN">cosmopolitanism</w> <c type="pct">.</c> </s>
</p>
<p><s n="64"><w type="AT">The</w> <w type="NN">process</w> <w type="IN">of</w> <w type="NN">cosmopolitanism</w> <w type="HVD">had</w> <w type="VBN">begun</w> <w type="IN">in</w> <w type="JJ">earnest</w> <w type="RB">about</w> <w type="CD">1912</w> <c type="pct">,</c> <w type="CC">but</w> <w type="AT">the</w> <w type="OD" subtype="TL">First</w> <w type="NN" subtype="TL">War</w> <w type="CC">and</w> <w type="AT">the</w> <w type="NN">depression</w> <w type="RB">virtually</w> <w type="VBD">stalled</w> <w type="DT">that</w> <w type="NN">process</w> <w type="IN">in</w> <w type="PPg">its</w> <w type="NNS">tracks</w> <c type="pct">.</c> </s>
<s n="65"><w type="IN">Without</w> <w type="AT">the</w> <w type="JJ">good</w> <w type="NNS">magazines</w> <c type="pct">,</c> <w type="IN">without</w> <w type="PPg">their</w> <w type="NN">book</w> <w type="NNS">reviews</w> <c type="pct">,</c> <w type="PPg">their</w> <w type="NN">hospitality</w> <w type="IN">to</w> <w type="JJ">European</w> <w type="NNS">writers</w> <c type="pct">,</c> <w type="IN">without</w> <w type="IN">above</w> <w type="ABN">all</w> <w type="PPg">their</w> <w type="NN">awareness</w> <w type="IN">of</w> <w type="JJ">literary</w> <w type="NNS">standards</w> <c type="pct">,</c> <w type="PPSS">we</w> <w type="MD">might</w> <w type="QL">very</w> <w type="RB">well</w> <w type="HV">have</w> <w type="HVN">had</w> <w type="AT">a</w> <w type="NN">generation</w> <w type="IN">of</w> <w type="NPg">Krim's</w> <w type="NNS">heroes</w> <c type="pct">--</c> <w type="NPS">Wolfes</w> <c type="pct">,</c> <w type="NPS">Farrells</w> <c type="pct">,</c> <w type="NPS">Dreisers</w> <c type="pct">,</c> <w type="CC">and</w> <w type="PPSS">I</w> <w type="MD">might</w> <w type="VB">add</w> <c type="pct">,</c> <w type="NPS">Sandburgs</w> <w type="CC">and</w> <w type="NPS">Frosts</w> <w type="CC">and</w> <w type="NPS">MacLeishes</w> <w type="IN">in</w> <w type="NN">verse</w> <c type="pct">--</c> <w type="CC">and</w> <w type="RB">then</w> <w type="WRB">where</w> <w type="MD">would</w> <w type="PPSS">we</w> <w type="BE">be</w> <c type="pct">?</c> <c type="pct">?</c> </s>
<s n="66"><w type="VBN">Screwed</w> <c type="pct">,</c> <w type="VBN">stewed</w> <c type="pct">,</c> <w type="CC">and</w> <w type="VBN">tattooed</w> <c type="pct">,</c> <w type="CS">as</w> <w type="NP">Krim</w> <w type="MD">might</w> <w type="VB">say</w> <w type="CS">after</w> <w type="VBG">reading</w> <w type="AT">a</w> <w type="NN">book</w> <w type="IN">about</w> <w type="NNS">sailors</w> <c type="pct">.</c> </s>
<s n="67"><w type="WRB">When</w> <w type="NN" subtype="TL">Partisan</w> <w type="CC">and</w> <w type="NP">Kenyon</w> <w type="VBD">set</w> <w type="RP">up</w> <w type="NN">shop</w> <c type="pct">,</c> <w type="NP">Mencken</w> <w type="BEDZ">was</w> <w type="RB">still</w> <w type="VBN">accepted</w> <w type="CS">as</w> <w type="AT">an</w> <w type="NN">arbiter</w> <w type="IN">of</w> <w type="NN">taste</w> <c type="pct">(</c> <w type="VB">remember</w> <w type="NP">Hergesheimer</w> <c type="pct">?</c> <c type="pct">?</c> </s>
<s n="68"><c type="pct">)</c> <c type="pct">,</c> <w type="NP">George</w> <w type="NP">Jean</w> <w type="NP">Nathan</w> <w type="CC">and</w> <w type="NP">Alexander</w> <w type="NP">Woollcott</w> <w type="BED">were</w> <w type="VBN">honored</w> <w type="IN">in</w> <w type="JJ">odd</w> <w type="NNS">quarters</w> <c type="pct">,</c> <w type="CC">and</w> <w type="AT">the</w> <w type="JJ">whole</w> <w type="NP">Booth</w> <w type="NP">Tarkington</w> <c type="pct">,</c> <w type="NP">Willa</w> <w type="NP">Catheter</w> <c type="pct">(</c> <w type="RB" subtype="FW">sic</w> <c type="pct">)</c> <c type="pct">,</c> <c type="pct">)</c> <w type="NP">Pearl</w> <c type="pct">,</c> <w type="NP">Buck</w> <c type="pct">,</c> <c type="pct">,</c> <w type="NP">Amy</w> <w type="NP">Lowell</w> <c type="pct">,</c> <w type="NP">William</w> <w type="NP">Lyon</w> <w type="NP">Phelps</w> <w type="NN">atmosphere</w> <w type="VBD">lay</w> <w type="JJ">thick</w> <w type="CS">as</w> <w type="NP">Los</w> <w type="NP">Angeles</w> <w type="NN">smog</w> </s>
</p>
<p><s n="69"><w type="IN">over</w> <c type="pct">,</c> <w type="AT">the</w> <c type="pct">,</c> <w type="NN">country</w> <c type="pct">--</c> <c type="pct">.</c> </s>
<s n="70"><w type="NN">Politics</w> <c type="pct">,</c> <w type="NN">economics</w> <c type="pct">,</c> <w type="NN">sociology</w> <c type="pct">--</c> <w type="AT">the</w> <w type="JJ">entire</w> <w type="NN">area</w> <w type="IN">of</w> <w type="NN">life</w> <w type="WPS">that</w> <w type="VBZ">lies</w> <c type="pct">``</c> <w type="IN">between</w> <c type="pct">''</c> <c type="pct">--</c> <w type="NN">literature</w> <w type="CC">and</w> <w type="WDT">what</w> <w type="NP">Krim</w> <w type="VBZ">calls</w> <w type="NN">experience</w> <c type="pct">--</c> <w type="RB">urgently</w> <w type="VBD">needed</w> <w type="TO">to</w> <w type="BE">be</w> <w type="VBN">dug</w> <w type="IN">into</w> <c type="pct">.</c> </s>
<s n="71"><w type="AT">The</w> <w type="NNS">universities</w> <w type="RB">certainly</w> <w type="BED">were</w> <w type="NEG">not</w> <w type="VBG">doing</w> <w type="PPO">it</w> <c type="pct">,</c> <w type="CC">nor</w> <w type="BED">were</w> <w type="AT">the</w> <w type="JJ">popular</w> <w type="NNS">magazines</w> <w type="IN">of</w> <w type="AT">the</w> <w type="NN">day</w> <c type="pct">.</c> </s>
<s n="72"><w type="DT">This</w> <w type="NN" subtype="TL">Partisan</w> <w type="IN">above</w> <w type="ABN">all</w> <w type="DOD">did</w> <c type="pct">;</c> <c type="pct">;</c> </s>
<s n="73"><w type="CS">if</w> <w type="PPS">it</w> <w type="HVD">had</w> <w type="RB">never</w> <w type="VBN">printed</w> <w type="AT">a</w> <w type="NN">word</w> <w type="IN">of</w> <w type="NN">literature</w> <w type="PPg">its</w> <w type="NN">contribution</w> <w type="IN">to</w> <w type="AT">the</w> <w type="JJ">politico-sociological</w> <w type="NN">area</w> <w type="MD">would</w> <w type="RB">still</w> <w type="BE">be</w> <w type="JJ">historic</w> <c type="pct">.</c> </s>
<s n="74"><w type="CC">But</w> <w type="PPS">it</w> <w type="DOD">did</w> <w type="VB">print</w> <w type="JJ">good</w> <w type="NN">verse</w> <w type="CC">and</w> <w type="JJ">good</w> <w type="NN">fiction</w> <c type="pct">.</c> </s>
<s n="75"><w type="CS">If</w> <c type="pct">,</c> <w type="AT">the</w> <w type="NNS">editors</w> <w type="RB">sometimes</w> <c type="pct">,</c> <w type="VBD">dozed</w> <w type="CC">and</w> <w type="VBD">printed</w> <w type="JJ">pretentious</w> <c type="pct">,</c> <w type="JJ" subtype="TL">New</w> <c type="pct">,</c> <w type="JJ">York-mind</w> <c type="pct">,</c> <w type="NN">dross</w> <c type="pct">,</c> <w type="PPSS">they</w> <c type="pct">,</c> <w type="RB">also</w> <w type="VBD">printed</w> <c type="pct">,</c> <w type="NP">Malraux</w> <c type="pct">,</c> <c type="pct">,</c> <w type="NP">Silone</w> <c type="pct">,</c> <c type="pct">,</c> <w type="NP">Chiaromonte</w> <c type="pct">,</c> <c type="pct">,</c> <w type="NP">Gide</w> <c type="pct">,</c> <w type="NP">Bellow</w> <c type="pct">,</c> <c type="pct">,</c> <w type="NP">Robert</w> <w type="NP">Lowell</w> <c type="pct">,</c> <w type="NP">Francis</w> <w type="NP">Fergusson</w> <c type="pct">,</c> <w type="NP">Mary</w> <w type="NP">McCarthy</w> <c type="pct">,</c> <w type="NP">Delmore</w> <w type="NP">Schwartz</w> <c type="pct">,</c> <w type="NP">Mailer</w> <c type="pct">,</c> <w type="NP">Elizabeth</w> <w type="NP">Hardwick</w> <c type="pct">,</c> <w type="NP">Eleanor</w> <w type="NP">Clark</w> <c type="pct">,</c> <c type="pct">,</c> <w type="CC">and</w> <w type="AT">a</w> <w type="NN">host</w> <w type="IN">of</w> <c type="pct">,</c> <w type="AP">other</w> <w type="JJ">good</w> <w type="NNS">writers</w> <c type="pct">.</c> </s>
<s n="76"><w type="JJ" subtype="TL">Partisan</w> <w type="NN" subtype="TL">Review</w> <w type="CC">and</w> <w type="AT">the</w> <w type="AP">other</w> <w type="JJ">literary</w> <w type="NNS">magazines</w> <w type="VBD">helped</w> <w type="TO">to</w> <w type="VB">educate</w> <c type="pct">,</c> <w type="IN">in</w> <w type="AT">the</w> <w type="JJT">best</w> <w type="NN">sense</w> <c type="pct">,</c> <w type="AT">an</w> <w type="JJ">entire</w> <w type="NN">generation</w> <c type="pct">.</c> </s>
<s n="77"><w type="CS">That</w> <w type="DTS">these</w> <w type="NNS">magazines</w> <w type="RB">also</w> <w type="VBD">deluded</w> <w type="AT">the</w> <w type="NPS">Krims</w> <w type="IN">of</w> <w type="AT">the</w> <w type="NN">world</w> <w type="BEZ">is</w> <w type="JJ">unfortunate</w> <w type="CC">but</w> <w type="JJ">inevitable</w> <c type="pct">.</c> </s>
<s n="78"><w type="PPS">It</w> <w type="BEZ">is</w> <w type="AT">a</w> <w type="NN">fact</w> <w type="IN">of</w> <w type="NN">life</w> <w type="CS">that</w> <w type="NNS">magazines</w> <w type="BER">are</w> <w type="VBN">edited</w> <w type="IN">by</w> <w type="NNS">groups</w> <c type="pct">:</c> <w type="PPSS">they</w> <w type="HV">have</w> <w type="TO">to</w> <w type="BE">be</w> <w type="CC">or</w> <w type="PPSS">they</w> <mw pos="MD *">wouldn't </mw><w type="BE">be</w> <w type="VBN">published</w> <w type="IN">at</w> <w type="ABN">all</w> <c type="pct">.</c> </s>
<s n="79"><w type="CC">And</w> <w type="PPS">it</w> <w type="BEZ">is</w> <w type="RB">also</w> <w type="AT">a</w> <w type="NN">fact</w> <w type="IN">of</w> <w type="NN">life</w> <w type="CS">that</w> <w type="EX">there</w> <w type="MD">will</w> <w type="RB">always</w> <c type="pct">(</c> <w type="BE">be</w> <w type="JJ">youngish</w> <w type="JJ">half-educated</w> <w type="NNS">people</w> <w type="RB">around</w> <c type="pct">,</c> <w type="WPS">who</w> <w type="MD">will</w> <w type="BE">be</w> <w type="VBN">dazzled</w> <w type="IN">by</w> <w type="AT">the</w> <w type="NN">glitter</w> <w type="IN">of</w> <w type="WDT">what</w> <w type="VBZ">looks</w> <w type="CS">like</w> <w type="AT">a</w> <w type="JJ">literary</w> <w type="NN">movement</w> <c type="pct">.</c> </s>
<s n="80"><c type="pct">(</c> <w type="EX">there</w> <w type="BER">are</w> <w type="AT">no</w> <c type="pct">)</c> <w type="JJ">literary</w> <w type="NNS">movements</w> <c type="pct">,</c> <c type="pct">``</c> <w type="EX">there</w> <w type="BER">are</w> <w type="RB">only</w> <w type="NNS">writers</w> <w type="VBG">doing</w> <w type="PPg">their</w> <w type="NN">work</w> <c type="pct">.</c> </s>
<s n="81"><w type="JJ">Literary</w> <w type="NNS">movements</w> <w type="BER">are</w> <w type="AT">the</w> <c type="pct">''</c> <c type="pct">,</c> <w type="NN">creation</w> <w type="IN">of</w> <w type="NNS">pimps</w> <w type="WPS">who</w> <w type="VB">live</w> <w type="IN">off</w> <w type="NNS">writers</w> <c type="pct">.</c> </s>
<s n="82"><c type="pct">)</c> <w type="WRB">when</w> <w type="NP">Krim</w> <w type="VBZ">says</w> <w type="PPgg">mine</w> <w type="BEDZ">was</w> <w type="QL">as</w> <w type="JJ">severe</w> <w type="AT">a</w> <w type="JJ">critical-intellectual</w> <c type="pct">,</c> <w type="NN">environment</w> <w type="CS">as</w> <w type="MD">can</w> <w type="BE">be</w> <w type="VBN">imagined</w> <c type="pct">,</c> <w type="PPS">he</w> <w type="BEZ">is</w> <w type="IN">off</w> <w type="PPg">his</w> <w type="NN">rocker</w> <c type="pct">.</c> </s>
<s n="83"><w type="PPS">He</w> <w type="VBZ">indicates</w> <w type="CS">that</w> <w type="PPS">he</w> <w type="HVZ">has</w> <w type="PN">none</w> <w type="IN">of</w> <w type="AT">the</w> <c type="pct">,</c> <w type="NNS">disciplines</w> <w type="WPO">that</w> <w type="NN">criticism</w> <w type="VBZ">requires</w> <c type="pct">,</c> <w type="IN">including</w> <w type="NN">education</w> <c type="pct">;</c> <c type="pct">;</c> </s>
<s n="84"><w type="AT">the</w> <w type="NN">result</w> <w type="BEDZ">was</w> <w type="PPg">his</w> <w type="JJ">inevitable</w> <w type="NN">bedazzlement</w> <w type="IN">through</w> <c type="pct">,</c> <w type="NN">ignorance</w> <c type="pct">.</c> </s>
<s n="85"><w type="PPS">He</w> <mw pos="BEDZ *">wasn't </mw><w type="BEG">being</w> <c type="pct">,</c> <c type="pct">``</c> <w type="VBN">educated</w> <w type="IN">in</w> <c type="pct">''</c> <w type="DTS">those</w> <w type="NN" subtype="TL">Village</w> <w type="NNS">bull-sessions</w> <c type="pct">,</c> <w type="CS">as</w> <w type="PPS">he</w> <w type="VBZ">claims</w> <c type="pct">.</c> </s>
<s n="86"><w type="AT">No</w> <w type="PN">one</w> <w type="BEDZ">was</w> <w type="RB">ever</w> <w type="VBN">educated</w> <w type="IN">through</w> <w type="NNS">bull-sessions</w> <w type="IN">in</w> <w type="PN">anything</w> <w type="AP">other</w> <w type="CS">than</w> <c type="pct">,</c> <w type="TO">to</w> <w type="VB">quote</w> <w type="PPO">him</w> <w type="RB">again</w> <c type="pct">,</c> <c type="pct">``</c> <w type="VBN">perfumed</w> <w type="NN">bullshit</w> <c type="pct">.</c> </s>
<s n="87"><w type="RB">Only</w> <c type="pct">''</c> <w type="AT">a</w> <w type="JJ" subtype="TL">New</w> <w type="NP" subtype="TL">York</w> <w type="NN">hick</w> <w type="MD">would</w> <w type="VB">expect</w> <w type="TO">to</w> <w type="VB">find</w> <w type="AT">the</w> <w type="JJ">literary</w> <w type="NN">life</w> <w type="IN">in</w> <w type="NP" subtype="TL">Greenwich</w> <w type="NN" subtype="TL">Village</w> <c type="pct">,</c> <w type="IN">at</w> <w type="DTI">any</w> <w type="NN">point</w> <c type="pct">,</c> <w type="RBR">later</w> <w type="CS">than</w> <w type="NP">Walt</w> <w type="NPg">Whitman's</w> <w type="NN">day</w> <c type="pct">.</c> </s>
<s n="88"><w type="AT">The</w> <w type="QL">highly</w> <w type="JJ">intellectual</w> <w type="NNS">minds</w> <w type="WPO">that</w> <w type="NP">Krim</w> <w type="VBZ">says</w> <w type="PPS">he</w> <w type="VBD">encountered</w> <c type="pct">,</c> <w type="IN">in</w> <w type="AT">the</w> <w type="NN" subtype="TL">Village</w> <w type="DOD">did</w> <w type="PPg">their</w> <w type="NN">work</w> <w type="IN">in</w> <w type="NN">spite</w> <w type="IN">of</w> <c type="pct">,</c> <c type="pct">,</c> <w type="NEG">not</w> <w type="CS">because</w> <w type="IN">of</w> <c type="pct">,</c> <w type="DTI">any</w> <w type="NN" subtype="TL">Village</w> <w type="NN">atmosphere</w> <c type="pct">.</c> </s>
<s n="89"><w type="CC">But</w> <w type="NPg">Krim's</w> <w type="NN">complaint</w> <w type="BEZ">is</w> <w type="JJ">important</w> <w type="CS">because</w> <w type="NEG">not</w> <w type="RB">only</w> <w type="IN">in</w> <w type="JJ" subtype="TL">New</w> <w type="NP" subtype="TL">York</w> <c type="pct">,</c> <w type="CC">but</w> <w type="IN">in</w> <w type="AP">other</w> <w type="NNS">cities</w> <w type="CC">and</w> <w type="IN">in</w> <w type="NNS">universities</w> <w type="IN">throughout</w> <w type="DT">this</w> <w type="NN">country</w> <c type="pct">,</c> <w type="JJ">young</w> <w type="CC">and</w> <w type="NEG">not</w> <c type="pct">,</c> <w type="QL">so</w> <w type="JJ">young</w> <w type="NNS">men</w> <w type="IN">at</w> </s>
</p>
<p><s n="90"><w type="DT">this</w> <w type="NN">moment</w> <w type="BER">are</w> <w type="BEG">being</w> <w type="VBN">bedazzled</w> <w type="IN">by</w> <w type="JJ">half-digested</w> <w type="NNS">ideas</w> <c type="pct">.</c> </s>
<s n="91"><w type="DTS">Those</w> <w type="WPS">who</w> <w type="HV">have</w> <w type="NN">quality</w> <w type="MD">will</w> <w type="VB">outgrow</w> <c type="pct">``</c> <w type="AT">the</w> <w type="NN">experience</w> <c type="pct">;</c> <c type="pct">;</c> </s>
<s n="92"><w type="AT">the</w> <c type="pct">''</c> <c type="pct">,</c> <w type="NN">rest</w> <w type="MD">will</w> <w type="VB">turn</w> <w type="JJ">beat</w> <c type="pct">,</c> <w type="CC">or</w> <w type="IN">into</w> <w type="NNS">dentists</w> <c type="pct">,</c> <w type="CC">or</w> <w type="IN">into</w> <w type="JJ">beat</w> <c type="pct">,</c> <w type="NNS">dentists</w> <c type="pct">.</c> </s>
<s n="93"><w type="CS">For</w> <w type="AT">the</w> <w type="JJ">sad</w> <w type="NN">truth</w> <w type="BEZ">is</w> <w type="CS">that</w> <w type="CS">while</w> <w type="PN">one</w> <w type="MD">might</w> <w type="VB">write</w> <w type="RB">well</w> <w type="IN">without</w> <w type="HVG">having</w> <w type="VBN">read</w> <w type="NP" subtype="TL">Bartleby</w> <w type="AT" subtype="TL">The</w> <w type="NN" subtype="TL">Scrivener</w> <c type="pct">,</c> <w type="PN">one</w> <w type="BEZ">is</w> <w type="QL">more</w> <w type="JJ">likely</w> <c type="pct">,</c> <w type="TO">to</w> <w type="VB">write</w> <w type="RB">well</w> <w type="CS">if</w> <w type="PN">one</w> <w type="HVZ">has</w> <c type="pct">``</c> <w type="VBN">read</w> <w type="PPO">it</w> <c type="pct">,</c> <w type="CC">and</w> <w type="AP">much</w> <w type="RB">else</w> <c type="pct">.</c> </s>
<s n="94"><w type="AT">The</w> <w type="QL">most</w> <w type="JJ">appalling</w> <w type="NN">aspect</w> <w type="IN">of</w> <w type="NPg">Krim's</w> <w type="NN">piece</w> <w type="BEZ">is</w> <w type="PPg">his</w> <w type="NN">reflection</w> <w type="IN">of</w> <w type="AT">the</w> <w type="JJ">beat</w> <w type="NN">aesthetic</w> <c type="pct">.</c> </s>
<s n="95"><w type="PPS">He</w> <w type="VBZ">mentions</w> <w type="AT">the</w> <w type="NNS">beats</w> <w type="RB">only</w> <w type="RB">once</w> <c type="pct">''</c> <c type="pct">,</c> <w type="WRB">when</w> <w type="PPS">he</w> <w type="VBZ">refers</w> <w type="IN">to</w> <w type="PPg">their</w> <w type="HVG">having</w> <w type="VBN">revived</w> <w type="IN">through</w> <w type="JJ">mere</w> <w type="NN">power</w> <w type="CC">and</w> <w type="NN">abandonment</w> <w type="CC">and</w> <w type="AT">the</w> <w type="NN">unwillingness</w> <w type="TO">to</w> <c type="pct">,</c> <w type="VB">commit</w> <w type="NN">death</w> <w type="IN">in</w> <w type="NN">life</w> <w type="DTI">some</w> <w type="NN">idea</w> <w type="IN">of</w> <w type="AT">a</w> <w type="JJ">decent</w> <w type="NN">equivalent</w> <w type="IN">between</w> <w type="JJ">verbal</w> <w type="NN">expression</w> <w type="CC">and</w> <w type="JJ">actual</w> <w type="NN">experience</w> <c type="pct">,</c> <c type="pct">,</c> <w type="CC">but</w> <w type="AT">the</w> <w type="JJ">entire</w> <w type="NN">narrative</w> <c type="pct">,</c> <w type="BEZ">is</w> <w type="VBN">written</w> <w type="IN">in</w> <w type="AT">the</w> <w type="JJ">tiresome</w> <w type="NN">vocabulary</w> <c type="pct">``</c> <w type="IN">of</w> <c type="pct">''</c> <w type="DT">that</w> <w type="VBN">lost</w> <c type="pct">``</c> <w type="CC">and</w> <c type="pct">''</c> <w type="VBG">dying</w> <w type="NN">cause</w> <c type="pct">,</c> <c type="pct">``</c> <w type="CC">and</w> <w type="IN">in</w> <w type="AT">the</w> <c type="pct">''</c> <c type="pct">``</c> <w type="VBN">sprung</w> <w type="NN">syntax</w> <w type="WPS">that</w> <w type="BEZ">is</w> <w type="VBN">supposed</w> <w type="TO">to</w> <w type="VB">supplant</w> <c type="pct">,</c> <w type="PPg">our</w> <w type="NN">mother</w> <c type="pct">,</c> <w type="NN">tongue</w> <c type="pct">.</c> </s>
<s n="96"><w type="NPg">Krim's</w> <c type="pct">(</c> <w type="NN">aesthetic</w> <w type="VBZ">combines</w> <w type="NN">anti-intellectualism</w> <c type="pct">,</c> <w type="JJ">conscious</w> <w type="CC">and</w> <w type="JJ">unconscious</w> <w type="NN">naivete</w> <c type="pct">)</c> <c type="pct">''</c> <c type="pct">,</c> <w type="CC">and</w> <w type="AT">a</w> <w type="JJ">winsome</w> <w type="NN">reliance</w> <c type="pct">``</c> <w type="IN">upon</w> <w type="AT">the</w> <c type="pct">''</c> <c type="pct">,</c> <w type="JJ">natural</w> <w type="CC">and</w> <w type="IN">upon</w> <w type="NN">experience</w> <c type="pct">.</c> </s>
<s n="97"><w type="NNS">Ideas</w> <w type="BER">are</w> <w type="AT">the</w> <w type="NN">thruway</w> <w type="IN">to</w> <w type="RB">nowhere</w> <c type="pct">.</c> </s>
<s n="98"><w type="PPg">My</w> <c type="pct">``</c> <w type="NNS">touchstones</w> <c type="pct">,</c> <w type="HVD">had</w> <c type="pct">,</c> <w type="BEN">been</w> <w type="RB">strictly</w> <c type="pct">''</c> <w type="NN">literature</w> <w type="CC">and</w> <c type="pct">,</c> <w type="RB">humanly</w> <w type="QLP">enough</w> <c type="pct">,</c> <w type="JJ">American</w> <w type="NN">literature</w> <c type="pct">(</c> <w type="CS">because</w> <w type="DT">that</w> <w type="BEDZ">was</w> <w type="WDT">what</w> <w type="PPSS">I</w> <w type="VBD">wanted</w> <w type="TO">to</w> <w type="VB">write</w> <c type="pct">)</c> <c type="pct">.</c> </s>
<s n="99"><w type="PPS">He</w> <w type="VBZ">alludes</w> <w type="IN">to</w> <w type="PN">something</w> <w type="VBN">called</w> <w type="JJ">direct</w> <w type="NN">writing</w> <c type="pct">,</c> <w type="CC">and</w> <w type="PPS">he</w> <w type="VBZ">finds</w> <w type="CS">that</w> <w type="NN">criticism</w> <w type="VBZ">gets</w> <w type="IN">in</w> <w type="AT">the</w> <w type="NN">way</w> <w type="IN">of</w> <w type="PPg">his</w> <w type="JJR">truer</w> <c type="pct">,</c> <w type="JJR">realer</w> <c type="pct">,</c> <w type="JJ">imaginative</w> <w type="NN">bounce</w> <c type="pct">.</c> </s>
</p>
<p></p></body></text></TEI>
