<TEI xmlns="http://www.tei-c.org/ns/1.0"><teiHeader><fileDesc><titleStmt><title>Sample H14 from  Grants-in-Aid and Other Financial Assistance Programs
 Administered by the U.S. Department of Health, Education and
 Welfare.
 Office of Program Analysis. 1961 Edition. Pp. 157-162.
</title></titleStmt><editionStmt><edition>A part  of the XML version of the Brown Corpus</edition></editionStmt><extent/><publicationStmt><idno>H14</idno><availability><p/></availability></publicationStmt><sourceDesc><bibl> Grants-in-Aid and Other Financial Assistance Programs
 Administered by the U.S. Department of Health, Education and
 Welfare.
 Office of Program Analysis. 1961 Edition. Pp. 157-162.
</bibl></sourceDesc></fileDesc><encodingDesc><p>Typographical Error: apostrophe missing [1510] 0010-1950</p></encodingDesc><revisionDesc><change when="2008-04-27">Header auto-generated for TEI version</change></revisionDesc></teiHeader>
<text xml:id="H14" decls="H">
<body><p><s n="1"><w type="IN">From</w> <w type="PPg">its</w> <w type="NN">inception</w> <w type="IN">in</w> <w type="CD">1920</w> <w type="IN">with</w> <w type="AT">the</w> <w type="NN">passage</w> <w type="IN">of</w> <w type="JJ" subtype="TL">Public</w> <w type="NN" subtype="TL">Law</w> <w type="CD" subtype="TL">236</w> <c type="pct">,</c> <w type="OD" subtype="TL">66th</w> <w type="NP">Congress</w> <c type="pct">,</c> <w type="AT">the</w> <w type="NN">purpose</w> <w type="IN">of</w> <w type="AT">the</w> <w type="JJ">vocational</w> <w type="NN">rehabilitation</w> <w type="NN">program</w> <w type="HVZ">has</w> <w type="BEN">been</w> <w type="TO">to</w> <w type="VB">assist</w> <w type="AT">the</w> <w type="NNS" subtype="TL">States</w> <c type="pct">,</c> <w type="IN">by</w> <w type="NNS">means</w> <w type="IN">of</w> <w type="NNS">grants-in-aid</w> <c type="pct">,</c> <w type="TO">to</w> <w type="VB">return</w> <w type="VBN">disabled</w> <w type="NNS">men</w> <w type="CC">and</w> <w type="NNS">women</w> <w type="IN">to</w> <w type="JJ">productive</w> <c type="pct">,</c> <w type="JJ">gainful</w> <w type="NN">employment</w> <c type="pct">.</c> </s>
<s n="2"><w type="AT">The</w> <w type="NN">authority</w> <w type="IN">for</w> <w type="AT">the</w> <w type="NN">program</w> <w type="BEDZ">was</w> <w type="VBN">renewed</w> <w type="AP">several</w> <w type="NNS">times</w> <w type="CS">until</w> <w type="AT">the</w> <w type="JJ">vocational</w> <w type="NN">rehabilitation</w> <w type="NN">program</w> <w type="BEDZ">was</w> <w type="VBN">made</w> <w type="JJ">permanent</w> <w type="CS">as</w> <w type="NN" subtype="TL">Title</w> <w type="CD" subtype="TL">5</w> <c type="pct">,</c> <w type="IN">of</w> <w type="AT">the</w> <w type="JJ" subtype="TL">Social</w> <w type="NN" subtype="TL">Security</w> <w type="NN" subtype="TL">Act</w> <w type="IN">in</w> <w type="CD">1935</w> <c type="pct">.</c> </s>
<s n="3"><w type="RP">Up</w> <w type="IN">to</w> <w type="DT">this</w> <w type="NN">time</w> <w type="CC">and</w> <w type="IN">for</w> <w type="AT">the</w> <w type="AP">next</w> <w type="CD">eight</w> <w type="NNS">years</w> <c type="pct">,</c> <w type="AT">the</w> <w type="NNS">services</w> <w type="VBN">provided</w> <w type="VBN">disabled</w> <w type="NNS">persons</w> <w type="VBD">consisted</w> <w type="RB">mainly</w> <w type="IN">of</w> <w type="VBG">training</w> <c type="pct">,</c> <w type="VBG">counseling</w> <c type="pct">,</c> <w type="CC">and</w> <w type="NN">placement</w> <w type="IN">on</w> <w type="AT">a</w> <w type="NN">job</w> <c type="pct">.</c> </s>
<s n="4"><w type="VBG">Recognizing</w> <w type="AT">the</w> <w type="NNS">limitations</w> <w type="IN">of</w> <w type="ABL">such</w> <w type="AT">a</w> <w type="NN">program</w> <c type="pct">,</c> <w type="AT">the</w> <w type="OD" subtype="TL">78th</w> <w type="NP" subtype="TL">Congress</w> <w type="IN">in</w> <w type="CD">1943</w> <w type="VBD">passed</w> <w type="NP">P.</w> <w type="NP">L.</w> <w type="CD" subtype="TL">113</w> <c type="pct">,</c> <w type="WDT">which</w> <w type="VBD">broadened</w> <w type="AT">the</w> <w type="NN">concept</w> <w type="IN">of</w> <w type="NN">rehabilitation</w> <w type="TO">to</w> <w type="VB">include</w> <w type="AT">the</w> <w type="NN">provision</w> <w type="IN">of</w> <w type="JJ">physical</w> <w type="NN">restoration</w> <w type="NNS">services</w> <w type="TO">to</w> <w type="VB">remove</w> <w type="CC">or</w> <w type="VB">reduce</w> <w type="NNS">disabilities</w> <c type="pct">,</c> <w type="CC">and</w> <w type="WDT">which</w> <w type="VBD">revised</w> <w type="AT">the</w> <w type="VBG">financing</w> <w type="NN">structure</w> <c type="pct">.</c> </s>
<s n="5"><w type="JJ" subtype="HL">Recent</w> <w type="NNS" subtype="HL">changes</w> <c type="pct">.</c> </s>
</p>
<p><s n="6"><w type="IN">Despite</w> <w type="AT">the</w> <w type="JJ">successful</w> <w type="NN">rehabilitation</w> <w type="IN">of</w> <w type="RP">over</w> <w type="AT">a</w> <w type="ABN">half</w> <w type="CD">million</w> <w type="VBN">disabled</w> <w type="NNS">persons</w> <w type="IN">in</w> <w type="AT">the</w> <w type="OD">first</w> <w type="CD">eleven</w> <w type="NNS">years</w> <w type="IN">after</w> <w type="CD">1943</w> <c type="pct">,</c> <w type="AT">the</w> <w type="VBG">existing</w> <w type="NN">program</w> <w type="BEDZ">was</w> <w type="RB">still</w> <w type="VBN">seen</w> <w type="TO">to</w> <w type="BE">be</w> <w type="JJ">inadequate</w> <w type="TO">to</w> <w type="VB">cope</w> <w type="IN">with</w> <w type="AT">the</w> <w type="NNg">nation's</w> <w type="NN">backlog</w> <w type="IN">of</w> <w type="AT">an</w> <w type="VBN">estimated</w> <w type="CD">two</w> <w type="CD">million</w> <w type="VBN">disabled</w> <c type="pct">.</c> </s>
<s n="7"><w type="TO">To</w> <w type="VB">assist</w> <w type="AT">the</w> <w type="NNS" subtype="TL">States</w> <c type="pct">,</c> <w type="RB">therefore</w> <c type="pct">,</c> <w type="IN">in</w> <w type="VBG">rehabilitating</w> <w type="VBN">handicapped</w> <w type="NNS">individuals</w> <c type="pct">,</c> <c type="pct">``</c> <w type="CS">so</w> <w type="CS">that</w> <w type="PPSS">they</w> <w type="MD">may</w> <w type="VB">prepare</w> <w type="IN">for</w> <w type="CC">and</w> <w type="VB">engage</w> <w type="IN">in</w> <w type="JJ">remunerative</w> <w type="NN">employment</w> <w type="IN">to</w> <w type="AT">the</w> <w type="NN">extent</w> <w type="IN">of</w> <w type="PPg">their</w> <w type="NNS">capabilities</w> <c type="pct">''</c> <c type="pct">,</c> <w type="AT">the</w> <w type="OD" subtype="TL">83rd</w> <w type="NP" subtype="TL">Congress</w> <w type="VBD">enacted</w> <w type="AT">the</w> <w type="JJ" subtype="TL">Vocational</w> <w type="NN" subtype="TL">Rehabilitation</w> <w type="NNS" subtype="TL">Amendments</w> <w type="IN">of</w> <w type="CD">1954</w> <c type="pct">(</c> <w type="NP">P.</w> <w type="NP">L.</w> <w type="NP">565</w> <c type="pct">)</c> <c type="pct">.</c> </s>
<s n="8"><w type="DTS">These</w> <w type="NNS">amendments</w> <w type="IN">to</w> <w type="AT">the</w> <w type="JJ" subtype="TL">Vocational</w> <w type="NN" subtype="TL">Rehabilitation</w> <w type="NN" subtype="TL">Act</w> <w type="BED">were</w> <w type="VBN">designed</w> <w type="TO">to</w> <w type="VB">help</w> <w type="VB">provide</w> <w type="IN">for</w> <w type="AP">more</w> <w type="VBN">specialized</w> <w type="NN">rehabilitation</w> <w type="NNS">facilities</w> <c type="pct">,</c> <w type="IN">for</w> <w type="AP">more</w> <w type="VBN">sheltered</w> <w type="CC">and</w> <c type="pct">``</c> <w type="JJ">half-way</w> <c type="pct">''</c> <w type="NNS">workshops</w> <c type="pct">,</c> <w type="IN">for</w> <w type="JJR">greater</w> <w type="NNS">numbers</w> <w type="IN">of</w> <w type="RB">adequately</w> <w type="VBN">trained</w> <w type="NNS">personnel</w> <c type="pct">,</c> <w type="IN">for</w> <w type="AP">more</w> <w type="JJ">comprehensive</w> <w type="NNS">services</w> <w type="IN">to</w> <w type="NNS">individuals</w> <c type="pct">(</c> <w type="RB">particularly</w> <w type="IN">to</w> <w type="AT">the</w> <w type="JJ">homebound</w> <w type="CC">and</w> <w type="AT">the</w> <w type="JJ">blind</w> <c type="pct">)</c> <c type="pct">,</c> <w type="CC">and</w> <w type="IN">for</w> <w type="AP">other</w> <w type="JJ">administrative</w> <w type="NNS">improvements</w> <w type="TO">to</w> <w type="VB">increase</w> <w type="AT">the</w> <w type="NNg">program's</w> <w type="JJ">overall</w> <w type="NN">effectiveness</w> <c type="pct">.</c> </s>
<s n="9"><w type="JJ" subtype="HL">Financial</w> <w type="NNS" subtype="HL">aspects</w> <c type="pct">.</c> </s>
</p>
<p><s n="10"><w type="IN">Under</w> <w type="AT">the</w> <w type="NN">law</w> <w type="CS">as</w> <w type="PPS">it</w> <w type="VBD">existed</w> <w type="IN">until</w> <w type="CD">1943</w> <c type="pct">,</c> <w type="AT">the</w> <w type="JJ" subtype="TL">Federal</w> <w type="NN" subtype="TL">Government</w> <w type="VBD">made</w> <w type="NNS">grants</w> <w type="IN">to</w> <w type="AT">the</w> <w type="NNS" subtype="TL">States</w> <w type="IN">on</w> <w type="AT">the</w> <w type="NN">basis</w> <w type="IN">of</w> <w type="NN">population</w> <c type="pct">,</c> <w type="VBG">matching</w> <w type="NN" subtype="TL">State</w> <w type="NNS">expenditures</w> <w type="IN">on</w> <w type="AT">a</w> <w type="CD">50-50</w> <w type="NN">basis</w> <c type="pct">.</c> </s>
<s n="11"><w type="IN">Under</w> <w type="NP">P.</w> <w type="NP">L.</w> <w type="CD" subtype="TL">113</w> <c type="pct">,</c> <w type="OD" subtype="TL">78th</w> <w type="NP">Congress</w> <c type="pct">,</c> <w type="AT">the</w> <w type="JJ" subtype="TL">Federal</w> <w type="NN" subtype="TL">Government</w> <w type="VBD">assumed</w> <w type="NN">responsibility</w> <w type="IN">for</w> <w type="NN">100%</w> <w type="IN">of</w> <w type="JJ">necessary</w> <w type="NN" subtype="TL">State</w> <w type="NNS">expenditures</w> <w type="IN">in</w> <w type="NN">connection</w> <w type="IN">with</w> <w type="NN">administration</w> <w type="CC">and</w> <w type="AT">the</w> <w type="NN">counseling</w> <w type="CC">and</w> <w type="NN">placement</w> <w type="IN">of</w> <w type="AT">the</w> <w type="VBN">disabled</w> <c type="pct">,</c> <w type="CC">and</w> <w type="IN">for</w> <w type="NN">50%</w> <w type="IN">of</w> <w type="AT">the</w> <w type="JJ">necessary</w> <w type="NNS">costs</w> <w type="IN">of</w> <w type="VBG">providing</w> <w type="NNS">clients</w> <w type="IN">with</w> <w type="NN">rehabilitation</w> <w type="NN">case</w> <w type="NNS">services</w> <c type="pct">.</c> </s>
<s n="12"><w type="IN">Throughout</w> <w type="DTS">these</w> <w type="NNS">years</w> <c type="pct">,</c> <w type="AT">the</w> <w type="JJ">statutory</w> <w type="NN">authorization</w> <w type="BEDZ">was</w> <w type="IN">for</w> <w type="JJ">such</w> <w type="NNS">sums</w> <w type="CS">as</w> <w type="BED">were</w> <w type="JJ">necessary</w> <w type="TO">to</w> <w type="VB">carry</w> <w type="RP">out</w> <w type="AT">the</w> <w type="NNS">provisions</w> <w type="IN">of</w> <w type="AT">the</w> <w type="NN" subtype="TL">Act</w> <c type="pct">.</c> </s>
</p>
<p><s n="13"><w type="AT">The</w> <w type="CD">1954</w> <w type="NNS" subtype="TL">Amendments</w> <w type="RB">completely</w> <w type="VBD">changed</w> <w type="AT">the</w> <w type="NN">financing</w> <w type="IN">of</w> <w type="AT">the</w> <w type="JJ">vocational</w> <w type="NN">rehabilitation</w> <w type="NN">program</w> <c type="pct">,</c> <w type="VBG">providing</w> <w type="IN">for</w> <w type="AT">a</w> <w type="JJ">three-part</w> <w type="NN">grant</w> <w type="NN">structure</w> <c type="pct">--</c> <w type="IN">for</w> <c type="pct">(</c> <w type="CD">1</w> <c type="pct">)</c> <w type="JJ">basic</w> <w type="NN">support</w> <c type="pct">;</c> <c type="pct">;</c> </s>
<s n="14"><c type="pct">(</c> <w type="CD">2</w> <c type="pct">)</c> <w type="NN">extension</w> <w type="CC">and</w> <w type="NN">improvement</w> <c type="pct">;</c> <c type="pct">;</c> </s>
<s n="15"><w type="CC">and</w> <c type="pct">(</c> <w type="CD">3</w> <c type="pct">)</c> <w type="NN">research</w> <c type="pct">,</c> <w type="NNS">demonstrations</w> <c type="pct">,</c> <w type="VBG">training</w> <w type="CC">and</w> <w type="NNS">traineeships</w> <w type="IN">for</w> <w type="JJ">vocational</w> <w type="NN">rehabilitation</w> <c type="pct">--</c> <w type="CC">and</w> <w type="IN">in</w> <w type="NN">addition</w> <w type="IN">for</w> <w type="NN">short-term</w> <w type="NN">training</w> <w type="CC">and</w> <w type="NN">instruction</w> <c type="pct">.</c> </s>
<s n="16"><w type="AT">The</w> <w type="OD">first</w> <w type="NN">part</w> <w type="IN">of</w> <w type="AT">the</w> <w type="JJ">new</w> <w type="NN">structure</w> <c type="pct">--</c> <w type="DT">that</w> <w type="IN">for</w> <w type="VBG">supporting</w> <w type="AT">the</w> <w type="JJ">basic</w> <w type="NN">program</w> <w type="IN">of</w> <w type="JJ">vocational</w> <w type="NN">rehabilitation</w> <w type="NNS">services</w> <c type="pct">--</c> <w type="BEZ">is</w> <w type="VBN">described</w> <w type="IN">in</w> <w type="DT">this</w> <w type="NN" subtype="TL">Section</w> <c type="pct">.</c> </s>
<s n="17"><w type="JJ">Subsequent</w> <w type="NNS">sections</w> <w type="IN">on</w> <w type="NNS">grants</w> <w type="VB">describe</w> <w type="AT">the</w> <w type="AP">other</w> <w type="NNS">categories</w> <w type="IN">of</w> <w type="AT">the</w> <w type="NN">grant</w> <w type="NN">structure</w> <c type="pct">.</c> </s>
</p>
<p><s n="18"><w type="AT">The</w> <w type="VBG">following</w> <w type="NN">table</w> <w type="VBZ">shows</w> <c type="pct">,</c> <w type="IN">for</w> <w type="VBN">selected</w> <w type="NNS">years</w> <c type="pct">,</c> <w type="AT">the</w> <w type="NNS">authorizations</w> <c type="pct">,</c> <w type="NNS">appropriations</w> <c type="pct">,</c> <w type="NN">allotment</w> <w type="NN">base</w> <c type="pct">,</c> <w type="JJ" subtype="TL">Federal</w> <w type="NNS">grants</w> <w type="IN">to</w> <w type="NNS" subtype="TL">States</w> <w type="CC">and</w> <w type="NN" subtype="TL">State</w> <w type="VBG">matching</w> <w type="NNS">funds</w> <w type="IN">for</w> <w type="DT">this</w> <w type="NN">part</w> <w type="IN">of</w> <w type="AT">the</w> <w type="NN">grant</w> <w type="NN">program</w> <c type="pct">:</c> </s>
</p>
<p><s n="19"><w type="NN" subtype="HL">method</w> <w type="IN" subtype="HL">of</w> <w type="VBG" subtype="HL">distributing</w> <w type="NNS" subtype="HL">funds</w> </s>
<s n="20"><w type="NN" subtype="HL">description</w> <w type="IN" subtype="HL">of</w> <w type="NN" subtype="HL">formula</w> <c type="pct">.</c> </s>
</p>
<p><s n="21"><w type="IN">In</w> <w type="NN">order</w> <w type="TO">to</w> <w type="VB">assist</w> <w type="AT">the</w> <w type="NNS" subtype="TL">States</w> <w type="IN">in</w> <w type="VBG">maintaining</w> <w type="JJ">basic</w> <w type="JJ">vocational</w> <w type="NN">rehabilitation</w> <w type="NNS">services</w> <c type="pct">,</c> <w type="NN" subtype="TL">Section</w> <w type="CD" subtype="TL">2</w> <w type="IN">of</w> <w type="AT">the</w> <w type="VBN">amended</w> <w type="NN" subtype="TL">Act</w> <w type="VBZ">provides</w> <w type="CS">that</w> <w type="NNS">allotments</w> <w type="IN">to</w> <w type="NNS" subtype="TL">States</w> <w type="IN">for</w> <w type="NN">support</w> <w type="IN">of</w> <w type="JJ">such</w> <w type="NNS">services</w> <w type="BE">be</w> <w type="VBN">based</w> <w type="IN">on</w> <c type="pct">(</c> <w type="CD">1</w> <c type="pct">)</c> <w type="NN">need</w> <c type="pct">,</c> <w type="CS">as</w> <w type="VBN">measured</w> <w type="IN">by</w> <w type="AT">a</w> <w type="NNg" subtype="TL">State's</w> <w type="NN">population</w> <c type="pct">,</c> <w type="CC">and</w> <c type="pct">(</c> <w type="CD">2</w> <c type="pct">)</c> <w type="JJ">fiscal</w> <w type="NN">capacity</w> <c type="pct">,</c> <w type="CS">as</w> <w type="VBN">measured</w> <w type="IN">by</w> <w type="PPg">its</w> <w type="IN">per</w> <w type="NNS">capita</w> <w type="NN">income</w> <c type="pct">.</c> </s>
<s n="22"><w type="AT">The</w> <w type="NN" subtype="TL">Act</w> <w type="RBR">further</w> <w type="VBZ">provides</w> <w type="IN">for</w> <w type="AT">a</w> <c type="pct">``</c> <w type="NN">floor</w> <c type="pct">''</c> <w type="CC">or</w> <w type="JJ">minimum</w> <w type="NN">allotment</w> <c type="pct">,</c> <w type="VBN">set</w> <w type="IN">at</w> <w type="AT">the</w> <w type="CD">1954</w> <w type="NN">level</w> <c type="pct">,</c> <w type="WDT">which</w> <w type="BEZ">is</w> <w type="VBN">called</w> <w type="AT">the</w> <c type="pct">``</c> <w type="NN">base</w> <c type="pct">''</c> <w type="NN">allotment</w> <c type="pct">,</c> <w type="CC">and</w> <w type="AT">a</w> <c type="pct">``</c> <w type="NN">ceiling</w> <c type="pct">''</c> <w type="CC">or</w> <w type="JJ">maximum</w> <w type="NN">allotment</w> <c type="pct">,</c> <w type="IN">for</w> <w type="DT">each</w> <w type="NN" subtype="TL">State</w> <c type="pct">.</c> </s>
<s n="23"><w type="PPS">It</w> <w type="VBZ">stipulates</w> <c type="pct">,</c> <w type="IN">in</w> <w type="NN">addition</w> <c type="pct">,</c> <w type="CS">that</w> <w type="ABN">all</w> <w type="NNS">amounts</w> <w type="VBG">remaining</w> <w type="CS">as</w> <w type="AT">a</w> <w type="NN">result</w> <w type="IN">of</w> <w type="VBG">imposing</w> <w type="AT">the</w> <c type="pct">``</c> <w type="NN">ceiling</w> <c type="pct">''</c> <c type="pct">,</c> <w type="CC">and</w> <w type="NEG">not</w> <w type="VBN">used</w> <w type="IN">for</w> <w type="VBG">insuring</w> <w type="AT">the</w> <c type="pct">``</c> <w type="NN">floor</w> <c type="pct">''</c> <c type="pct">,</c> <w type="BE">be</w> <w type="VBN">redistributed</w> <w type="IN">to</w> <w type="DTS">those</w> <w type="NNS" subtype="TL">States</w> <w type="RB">still</w> <w type="IN">below</w> <w type="PPg">their</w> <w type="NNS">maximums</w> <c type="pct">.</c> </s>
<s n="24"><w type="DTS">These</w> <w type="NNS">provisions</w> <w type="BER">are</w> <w type="VBN">designed</w> <w type="TO">to</w> <w type="VB">reflect</w> <w type="AT">the</w> <w type="NNS">differences</w> <w type="IN">in</w> <w type="NN">wealth</w> <w type="CC">and</w> <w type="NN">population</w> <w type="IN">among</w> <w type="AT">the</w> <w type="NNS" subtype="TL">States</w> <c type="pct">,</c> <w type="IN">with</w> <w type="AT">the</w> <w type="NN">objective</w> <w type="CS">that</w> <w type="AT">a</w> <w type="RB">vocationally</w> <w type="VBN">handicapped</w> <w type="NN">person</w> <w type="HV">have</w> <w type="NN">access</w> <w type="IN">to</w> <w type="VBN">needed</w> <w type="NNS">services</w> <w type="RB">regardless</w> <w type="IN">of</w> <w type="CS">whether</w> <w type="PPS">he</w> <w type="VBZ">resides</w> <w type="IN">in</w> <w type="AT">a</w> <w type="NN" subtype="TL">State</w> <w type="IN">with</w> <w type="AT">a</w> <w type="JJ">low</w> <w type="CC">or</w> <w type="JJ">high</w> <w type="IN">per</w> <w type="NNS">capita</w> <w type="NN">income</w> <w type="CC">or</w> <w type="AT">a</w> <w type="RB">sparsely</w> <w type="CC">or</w> <w type="RB">thickly</w> <w type="VBN">populated</w> <w type="NN" subtype="TL">State</w> <c type="pct">.</c> </s>
<s n="25"><w type="AT">The</w> <w type="NNS">provisions</w> <w type="BER">are</w> <w type="RB">also</w> <w type="VBN">designed</w> <w type="TO">to</w> <w type="VB">avoid</w> <w type="NN">disruption</w> <w type="IN">in</w> <w type="NN" subtype="TL">State</w> <w type="NNS">programs</w> <w type="RB">already</w> <w type="IN">in</w> <w type="NN">operation</w> <c type="pct">,</c> <w type="WDT">which</w> <w type="MD">might</w> <w type="RB">otherwise</w> <w type="VB">result</w> <w type="IN">from</w> <w type="AT">the</w> <w type="NN">allotment</w> <w type="IN">of</w> <w type="NNS">funds</w> <w type="IN">on</w> <w type="AT">the</w> <w type="NN">basis</w> <w type="IN">of</w> <w type="NN">wealth</w> <w type="CC">and</w> <w type="NN">population</w> <w type="RB">alone</w> <c type="pct">.</c> </s>
<s n="26"><w type="NN" subtype="HL">Method</w> <w type="IN" subtype="HL">of</w> <w type="VBG" subtype="HL">computing</w> <w type="NNS" subtype="HL">allotments</w> <c type="pct">.</c> </s>
</p>
<p><s n="27"><w type="AT">The</w> <w type="NN">method</w> <w type="VBN">used</w> <w type="IN">in</w> <w type="VBG">computing</w> <w type="AT">the</w> <w type="NNS">allotments</w> <w type="BEZ">is</w> <w type="RB">specifically</w> <w type="VBN">set</w> <w type="RB">forth</w> <w type="IN">in</w> <w type="AT">the</w> <w type="NN" subtype="TL">Act</w> <c type="pct">.</c> </s>
<s n="28"><w type="AT">The</w> <w type="NN">term</w> <c type="pct">``</c> <w type="NN" subtype="TL">State</w> <c type="pct">''</c> <w type="VBZ">means</w> <w type="AT">the</w> <w type="AP">several</w> <w type="NNS" subtype="TL">States</w> <c type="pct">,</c> <w type="AT">the</w> <w type="NN" subtype="TL">District</w> <w type="IN" subtype="TL">of</w> <w type="NP" subtype="TL">Columbia</w> <c type="pct">,</c> <w type="AT">the</w> <w type="NN" subtype="TL">Virgin</w> <w type="NNS" subtype="TL">Islands</w> <c type="pct">,</c> <w type="NP">Guam</w> <w type="CC">and</w> <w type="NP">Puerto</w> <w type="NP">Rico</w> <c type="pct">;</c> <c type="pct">;</c> </s>
<s n="29"><w type="AT">the</w> <w type="NN">term</w> <c type="pct">``</c> <w type="VBN" subtype="TL">United</w> <w type="NNS" subtype="TL">States</w> <c type="pct">''</c> <w type="VBZ">includes</w> <w type="AT">the</w> <w type="AP">several</w> <w type="NNS" subtype="TL">States</w> <w type="CC">and</w> <w type="AT">the</w> <w type="NN" subtype="TL">District</w> <w type="IN" subtype="TL">of</w> <w type="NP" subtype="TL">Columbia</w> <c type="pct">,</c> <w type="CC">and</w> <w type="VBZ">excludes</w> <w type="AT">the</w> <w type="NN" subtype="TL">Virgin</w> <w type="NNS" subtype="TL">Islands</w> <c type="pct">,</c> <w type="NP">Guam</w> <w type="CC">and</w> <w type="NP">Puerto</w> <w type="NP">Rico</w> <c type="pct">,</c> <w type="CC">and</w> <c type="pct">,</c> <w type="RB">prior</w> <w type="IN">to</w> <w type="CD">1962</w> <c type="pct">,</c> <w type="NP">Alaska</w> <w type="CC">and</w> <w type="NP">Hawaii</w> <c type="pct">.</c> </s>
<s n="30"><w type="AT">The</w> <w type="VBG">following</w> <w type="NNS">steps</w> <w type="BER">are</w> <w type="VBN">employed</w> <w type="IN">in</w> <w type="NNS">calculations</w> <c type="pct">:</c> <w type="CD" subtype="HL">1</w> <c type="pct">.</c> </s>
</p>
<p><s n="31"><w type="IN">For</w> <w type="DT">each</w> <w type="NN" subtype="TL">State</w> <c type="pct">(</c> <w type="IN">except</w> <w type="NP">Puerto</w> <w type="NP">Rico</w> <c type="pct">,</c> <w type="NP">Guam</w> <c type="pct">,</c> <w type="AT">the</w> <w type="NN" subtype="TL">Virgin</w> <w type="NNS" subtype="TL">Islands</w> <c type="pct">,</c> <w type="CC">and</w> <c type="pct">,</c> <w type="RB">prior</w> <w type="IN">to</w> <w type="CD">1962</w> <c type="pct">,</c> <w type="NP">Alaska</w> <w type="CC">and</w> <w type="NP">Hawaii</w> <c type="pct">)</c> <w type="VB">determine</w> <w type="JJ">average</w> <w type="IN">per</w> <w type="NNS">capita</w> <w type="NN">income</w> <w type="VBN">based</w> <w type="IN">on</w> <w type="AT">the</w> <w type="AP">last</w> <w type="CD">three</w> <w type="NNS">years</w> <c type="pct">.</c> </s>
<s n="32"><c type="pct">(</c> <w type="VB">See</w> <w type="NN" subtype="TL">Source</w> <w type="IN" subtype="TL">of</w> <w type="NNS" subtype="TL">Data</w> <c type="pct">,</c> <w type="RB">below</w> <w type="IN">for</w> <w type="IN">per</w> <w type="NNS">capita</w> <w type="NN">income</w> <w type="NN">data</w> <w type="TO">to</w> <w type="BE">be</w> <w type="VBN">used</w> <w type="IN">in</w> <w type="DT">this</w> <w type="NN">step</w> <c type="pct">.</c> </s>
<s n="33"><c type="pct">)</c> <w type="CD" subtype="HL">2</w> <c type="pct">.</c> </s>
</p>
<p><s n="34"><w type="VB">Determine</w> <w type="AT">the</w> <w type="JJ">average</w> <w type="IN">per</w> <w type="NNS">capita</w> <w type="NN">income</w> <w type="IN">for</w> <w type="AT">the</w> <w type="NP">U.</w> <w type="NP">S.</w> <w type="VBN">based</w> <w type="IN">on</w> <w type="AT">the</w> <w type="AP">last</w> <w type="CD">three</w> <w type="NNS">years</w> <c type="pct">.</c> </s>
<s n="35"><c type="pct">(</c> <w type="VB">See</w> <w type="NN" subtype="TL">Source</w> <w type="IN" subtype="TL">of</w> <w type="NNS" subtype="TL">Data</w> <c type="pct">,</c> <w type="RB">below</w> <c type="pct">,</c> <w type="IN">for</w> <w type="IN">per</w> <w type="NNS">capita</w> <w type="NN">income</w> <w type="NN">data</w> <w type="TO">to</w> <w type="BE">be</w> <w type="VBN">used</w> <w type="IN">in</w> <w type="DT">this</w> <w type="NN">step</w> <c type="pct">.</c> </s>
<s n="36"><c type="pct">)</c> <w type="CD" subtype="HL">3</w> <c type="pct">.</c> </s>
</p>
<p><s n="37"><w type="VB">Determine</w> <w type="AT">the</w> <w type="NN">ratio</w> <w type="IN">of</w> <w type="NN">50%</w> <w type="IN">to</w> <w type="AT">the</w> <w type="JJ">average</w> <w type="IN">per</w> <w type="NNS">capita</w> <w type="NN">income</w> <w type="IN">of</w> <w type="AT">the</w> <w type="NP">U.</w> <w type="NP">S.</w> <c type="pct">(</c> <w type="VB">Divide</w> <w type="CD">50</w> <w type="IN">by</w> <w type="AT">the</w> <w type="NN">result</w> <w type="VBN">obtained</w> <w type="IN">in</w> <w type="NN">item</w> <w type="CD">2</w> <w type="RB">above</w> <c type="pct">.</c> </s>
<s n="38"><c type="pct">)</c> <w type="CD" subtype="HL">4</w> <c type="pct">.</c> </s>
</p>
<p><s n="39"><w type="VB">Determine</w> <w type="IN">for</w> <w type="DT">each</w> <w type="NN" subtype="TL">State</w> <c type="pct">(</c> <w type="IN">except</w> <w type="AT">the</w> <w type="NN" subtype="TL">Virgin</w> <w type="NNS" subtype="TL">Islands</w> <c type="pct">,</c> <w type="NP">Guam</w> <w type="CC">and</w> <w type="NP">Puerto</w> <w type="NP">Rico</w> <c type="pct">,</c> <w type="CC">and</w> <c type="pct">,</c> <w type="RB">prior</w> <w type="IN">to</w> <w type="CD">1962</w> <c type="pct">,</c> <w type="NP">Alaska</w> <w type="CC">and</w> <w type="NP">Hawaii</w> <c type="pct">)</c> <w type="DT">that</w> <w type="NN">percentage</w> <w type="WDT">which</w> <w type="VBZ">bears</w> <w type="AT">the</w> <w type="AP">same</w> <w type="NN">ratio</w> <w type="IN">to</w> <w type="NN">50%</w> <w type="CS">as</w> <w type="AT">the</w> <w type="JJ">particular</w> <w type="NNg" subtype="TL">State's</w> <w type="JJ">average</w> <w type="IN">per</w> <w type="NNS">capita</w> <w type="NN">income</w> <w type="VBZ">bears</w> <w type="IN">to</w> <w type="AT">the</w> <w type="JJ">average</w> <w type="IN">per</w> <w type="NNS">capita</w> <w type="NN">income</w> <w type="IN">of</w> <w type="AT">the</w> <w type="NP">U.</w> <w type="NP">S.</w> <c type="pct">.</c> </s>
<s n="40"><c type="pct">(</c> <w type="VB">Multiply</w> <w type="AT">the</w> <w type="NN">result</w> <w type="VBN">obtained</w> <w type="IN">in</w> <w type="NN">item</w> <w type="CD">3</w> <w type="RB">above</w> <w type="IN">by</w> <w type="AT">the</w> <w type="NN">result</w> <w type="VBN">obtained</w> <w type="IN">for</w> <w type="DT">each</w> <w type="NN" subtype="TL">State</w> <w type="IN">in</w> <w type="NN">item</w> <w type="CD">1</w> <w type="RB">above</w> <c type="pct">.</c> </s>
<s n="41"><c type="pct">)</c> <w type="CD" subtype="HL">5</w> <c type="pct">.</c> </s>
</p>
<p><s n="42"><w type="VB">Determine</w> <w type="AT">the</w> <w type="JJ">particular</w> <w type="NNg" subtype="TL">State's</w> <c type="pct">``</c> <w type="NN">allotment</w> <w type="NN">percentage</w> <c type="pct">''</c> <c type="pct">.</c> </s>
<s n="43"><w type="IN">By</w> <w type="NN">law</w> <w type="DT">this</w> <w type="BEZ">is</w> <w type="NN">75%</w> <w type="IN">for</w> <w type="AT">the</w> <w type="NN" subtype="TL">Virgin</w> <w type="NNS" subtype="TL">Islands</w> <c type="pct">,</c> <w type="NP">Guam</w> <w type="CC">and</w> <w type="NP">Puerto</w> <w type="NP">Rico</w> <c type="pct">.</c> </s>
<s n="44"><c type="pct">(</c> <w type="NP">Alaska</w> <w type="CC">and</w> <w type="NP">Hawaii</w> <w type="HVD">had</w> <w type="VBN">fixed</w> <w type="NN">allotment</w> <w type="NNS">percentages</w> <w type="IN">in</w> <w type="NN">effect</w> <w type="RB">prior</w> <w type="IN">to</w> <w type="JJ">fiscal</w> <w type="NN">year</w> <w type="CD">1962</w> <c type="pct">.</c> </s>
</p>
<p><s n="45"><w type="IN">In</w> <w type="ABN">all</w> <w type="AP">other</w> <w type="NNS" subtype="TL">States</w> <w type="PPS">it</w> <w type="BEZ">is</w> <w type="AT">the</w> <w type="NN">difference</w> <w type="VBN">obtained</w> <w type="IN">by</w> <w type="VBG">subtracting</w> <w type="IN">from</w> <w type="CD">100</w> <w type="AT">the</w> <w type="NN">result</w> <w type="VBN">obtained</w> <w type="IN">in</w> <w type="NN">item</w> <w type="CD">4</w> <w type="RB">above</w> <c type="pct">;</c> <c type="pct">;</c> </s>
<s n="46"><w type="IN">except</w> <w type="CS">that</w> <w type="AT">no</w> <w type="NN" subtype="TL">State</w> <w type="MD">shall</w> <w type="HV">have</w> <w type="AT">an</w> <w type="NN">allotment</w> <w type="NN">percentage</w> <w type="AP">less</w> <w type="IN">than</w> <w type="NN">33-1/3%</w> <w type="CC">nor</w> <w type="AP">more</w> <w type="IN">than</w> <w type="NN">75%</w> <c type="pct">.</c> </s>
<s n="47"><w type="CS">If</w> <w type="AT">the</w> <w type="VBG">resulting</w> <w type="NN">difference</w> <w type="IN">for</w> <w type="AT">the</w> <w type="JJ">particular</w> <w type="NN" subtype="TL">State</w> <w type="BEZ">is</w> <w type="AP">less</w> <w type="CC">or</w> <w type="AP">more</w> <w type="IN">than</w> <w type="DTS">these</w> <w type="NNS">extremes</w> <c type="pct">,</c> <w type="AT">the</w> <w type="NNg" subtype="TL">State's</w> <w type="NN">allotment</w> <w type="NN">percentage</w> <w type="MD">must</w> <w type="BE">be</w> <w type="VBN">raised</w> <w type="CC">or</w> <w type="VBN">lowered</w> <w type="IN">to</w> <w type="AT">the</w> <w type="JJ">appropriate</w> <w type="NN">extreme</w> <c type="pct">.</c> </s>
<s n="48"><w type="CD" subtype="HL">6</w> <c type="pct">.</c> </s>
</p>
<p><s n="49"><w type="VB">Square</w> <w type="DT">each</w> <w type="NNg" subtype="TL">State's</w> <w type="NN">allotment</w> <w type="NN">percentage</w> <c type="pct">.</c> </s>
<s n="50"><w type="CD">7</w> <c type="pct">.</c> </s>
</p>
<p><s n="51"><w type="VB">Determine</w> <w type="DT">each</w> <w type="NNg" subtype="TL">State's</w> <w type="NN">population</w> <c type="pct">.</c> </s>
<s n="52"><c type="pct">(</c> <w type="VB">See</w> <w type="NN" subtype="TL">Source</w> <w type="IN" subtype="TL">of</w> <w type="NNS" subtype="TL">Data</w> <c type="pct">,</c> <w type="RB">below</w> <w type="IN">for</w> <w type="NN">population</w> <w type="NN">data</w> <w type="TO">to</w> <w type="BE">be</w> <w type="VBN">used</w> <w type="IN">in</w> <w type="DT">this</w> <w type="NN">step</w> <c type="pct">.</c> </s>
<s n="53"><c type="pct">)</c> <w type="CD" subtype="HL">8</w> <c type="pct">.</c> </s>
</p>
<p><s n="54"><w type="VB">Multiply</w> <w type="AT">the</w> <w type="NN">population</w> <w type="IN">of</w> <w type="DT">each</w> <w type="NN" subtype="TL">State</w> <w type="IN">by</w> <w type="AT">the</w> <w type="NN">square</w> <w type="IN">of</w> <w type="PPg">its</w> <w type="NN">allotment</w> <w type="NN">percentage</w> <c type="pct">.</c> </s>
<s n="55"><c type="pct">(</c> <w type="VB">Multiply</w> <w type="NN">result</w> <w type="VBN">obtained</w> <w type="IN">in</w> <w type="NN">item</w> <w type="CD">7</w> <w type="RB">above</w> <c type="pct">,</c> <w type="IN">by</w> <w type="NN">result</w> <w type="VBN">obtained</w> <w type="IN">in</w> <w type="NN">item</w> <w type="CD">6</w> <w type="RB">above</w> <c type="pct">.</c> </s>
<s n="56"><c type="pct">)</c> <w type="CD" subtype="HL">9</w> <c type="pct">.</c> </s>
</p>
<p><s n="57"><w type="VB">Determine</w> <w type="AT">the</w> <w type="NN">sum</w> <w type="IN">of</w> <w type="AT">the</w> <w type="NNS">products</w> <w type="VBN">obtained</w> <w type="IN">in</w> <w type="NN">item</w> <w type="CD">8</w> <w type="RB">above</w> <c type="pct">,</c> <w type="IN">for</w> <w type="ABN">all</w> <w type="AT">the</w> <w type="NNS" subtype="TL">States</w> <c type="pct">.</c> </s>
<s n="58"><c type="pct">(</c> <w type="IN">For</w> <w type="DT">each</w> <w type="NN" subtype="TL">State</w> <c type="pct">,</c> <w type="VB">make</w> <w type="ABN">all</w> <w type="NNS">computations</w> <w type="VBN">set</w> <w type="RB">forth</w> <w type="IN">in</w> <w type="NNS">items</w> <w type="CD">1</w> <w type="IN">to</w> <w type="CD">8</w> <w type="RB">above</w> <c type="pct">,</c> <w type="CC">and</w> <w type="RB">then</w> <w type="VB">add</w> <w type="AT">the</w> <w type="NNS">results</w> <w type="VBN">obtained</w> <w type="IN">for</w> <w type="DT">each</w> <w type="NN" subtype="TL">State</w> <w type="IN">in</w> <w type="NN">item</w> <w type="CD">8</w> <c type="pct">.</c> </s>
<s n="59"><c type="pct">)</c> <w type="CD" subtype="HL">10</w> <c type="pct">.</c> </s>
</p>
<p><s n="60"><w type="VB">Determine</w> <w type="AT">the</w> <w type="NN">ratio</w> <w type="WPS">that</w> <w type="AT">the</w> <w type="NN">amount</w> <w type="BEG">being</w> <w type="VBN">allotted</w> <w type="BEZ">is</w> <w type="IN">to</w> <w type="AT">the</w> <w type="NN">sum</w> <w type="IN">of</w> <w type="AT">the</w> <w type="NNS">products</w> <w type="IN">for</w> <w type="ABN">all</w> <w type="AT">the</w> <w type="NNS" subtype="TL">States</w> <c type="pct">.</c> </s>
<s n="61"><c type="pct">(</c> <w type="VB">Divide</w> <w type="AT">the</w> <w type="NN">amount</w> <w type="BEG">being</w> <w type="VBN">allotted</w> <w type="IN">by</w> <w type="AT">the</w> <w type="NN">result</w> <w type="VBN">obtained</w> <w type="IN">in</w> <w type="NN">item</w> <w type="CD">9</w> <w type="RB">above</w> <c type="pct">.</c> </s>
<s n="62"><c type="pct">)</c> <w type="CD" subtype="HL">11</w> <c type="pct">.</c> </s>
</p>
<p><s n="63"><w type="VB">Determine</w> <w type="AT">the</w> <w type="JJ">particular</w> <w type="NNg" subtype="TL">State's</w> <w type="JJ">unadjusted</w> <w type="NN">allotment</w> <w type="IN">for</w> <w type="AT">the</w> <w type="JJ">particular</w> <w type="JJ">fiscal</w> <w type="NN">year</w> <c type="pct">.</c> </s>
<s n="64"><c type="pct">(</c> <w type="VB">Multiply</w> <w type="AT">the</w> <w type="NN" subtype="TL">State</w> <w type="NN">product</w> <w type="IN">in</w> <w type="NN">item</w> <w type="CD">8</w> <w type="RB">above</w> <w type="IN">by</w> <w type="AT">the</w> <w type="NN">result</w> <w type="VBN">obtained</w> <w type="IN">in</w> <w type="NN">item</w> <w type="CD">10</w> <w type="RB">above</w> <c type="pct">.</c> </s>
<s n="65"><c type="pct">)</c> <w type="CD" subtype="HL">12</w> <c type="pct">.</c> </s>
</p>
<p><s n="66"><w type="VB">Determine</w> <w type="CS">if</w> <w type="AT">the</w> <w type="JJ">particular</w> <w type="NNg" subtype="TL">State's</w> <w type="JJ">unadjusted</w> <w type="NN">allotment</w> <c type="pct">(</c> <w type="NN">result</w> <w type="VBN">obtained</w> <w type="IN">in</w> <w type="NN">item</w> <w type="CD">11</w> <w type="RB">above</w> <c type="pct">)</c> <w type="BEZ">is</w> <w type="JJR">greater</w> <w type="CS">than</w> <w type="PPg">its</w> <w type="JJ">maximum</w> <w type="NN">allotment</w> <c type="pct">,</c> <w type="CC">and</w> <w type="CS">if</w> <w type="RB">so</w> <w type="VB">lower</w> <w type="PPg">its</w> <w type="JJ">unadjusted</w> <w type="NN">allotment</w> <w type="IN">to</w> <w type="PPg">its</w> <w type="JJ">maximum</w> <w type="NN">allotment</w> <c type="pct">.</c> </s>
<s n="67"><c type="pct">(</c> <w type="DT">Each</w> <w type="NNg" subtype="TL">State's</w> <w type="JJ">unadjusted</w> <w type="NN">allotment</w> <w type="IN">for</w> <w type="DTI">any</w> <w type="JJ">fiscal</w> <w type="NN">year</w> <c type="pct">,</c> <w type="WDT">which</w> <w type="VBZ">exceeds</w> <w type="PPg">its</w> <w type="JJ">minimum</w> <w type="NN">allotment</w> <w type="VBN">described</w> <w type="IN">in</w> <w type="NN">item</w> <w type="CD">13</w> <w type="RB">below</w> <w type="IN">by</w> <w type="AT">a</w> <w type="NN">percentage</w> <w type="JJR">greater</w> <w type="IN">than</w> <w type="CD">one</w> <w type="CC">and</w> <w type="NN">one-half</w> <w type="NNS">times</w> <w type="AT">the</w> <w type="NN">percentage</w> <w type="IN">by</w> <w type="WDT">which</w> <w type="AT">the</w> <w type="NN">sum</w> <w type="BEG">being</w> <w type="VBN">allotted</w> <w type="VBZ">exceeds</w> <w type="NNS">$23,000,000</w> <c type="pct">,</c> <w type="MD">must</w> <w type="BE">be</w> <w type="VBN">reduced</w> <w type="IN">by</w> <w type="AT">the</w> <w type="NN">amount</w> <w type="IN">of</w> <w type="AT">the</w> <w type="NN">excess</w> <c type="pct">.</c> </s>
<s n="68"><c type="pct">)</c> <w type="CD" subtype="HL">13</w> <c type="pct">.</c> </s>
</p>
<p><s n="69"><w type="VB">Determine</w> <w type="CS">if</w> <w type="AT">the</w> <w type="JJ">particular</w> <w type="NNg" subtype="TL">State's</w> <w type="JJ">unadjusted</w> <w type="NN">allotment</w> <c type="pct">(</c> <w type="NN">result</w> <w type="VBN">obtained</w> <w type="IN">in</w> <w type="NN">item</w> <w type="CD">11</w> <w type="RB">above</w> <c type="pct">)</c> <w type="BEZ">is</w> <w type="AP">less</w> <w type="IN">than</w> <w type="PPg">its</w> <w type="JJ">minimum</w> <c type="pct">(</c> <w type="NN">base</w> <c type="pct">)</c> <w type="NN">allotment</w> <c type="pct">,</c> <w type="CC">and</w> <w type="CS">if</w> <w type="RB">so</w> <w type="VB">raise</w> <w type="PPg">its</w> <w type="JJ">unadjusted</w> <w type="NN">allotment</w> <w type="IN">to</w> <w type="PPg">its</w> <w type="JJ">minimum</w> <w type="NN">allotment</w> <c type="pct">.</c> </s>
<s n="70"><w type="RB">Regardless</w> <w type="IN">of</w> <w type="PPg">its</w> <w type="JJ">unadjusted</w> <w type="NN">allotment</w> <c type="pct">,</c> <w type="DT">each</w> <w type="NN" subtype="TL">State</w> <w type="BEZ">is</w> <w type="VBN">guaranteed</w> <w type="IN">by</w> <w type="NN">law</w> <w type="AT">a</w> <w type="JJ">minimum</w> <w type="NN">allotment</w> <w type="DT">each</w> <w type="NN">year</w> <w type="JJ">equal</w> <w type="IN">to</w> <w type="AT">the</w> <w type="NN">allotment</w> <w type="WDT">which</w> <w type="PPS">it</w> <w type="VBD">received</w> <w type="IN">in</w> <w type="JJ">fiscal</w> <w type="NN">year</w> <w type="CD">1954</w> <c type="pct">--</c> <w type="VBN">increased</w> <w type="IN">by</w> <w type="AT">a</w> <w type="JJ">uniform</w> <w type="NN">percentage</w> <w type="IN">of</w> <w type="CD">5.4865771</w> <w type="WDT">which</w> <w type="VBZ">brings</w> <w type="NN">total</w> <w type="CD">1954</w> <w type="NNS">allotments</w> <w type="IN">to</w> <w type="ABN">all</w> <w type="NNS" subtype="TL">States</w> <w type="RP">up</w> <w type="IN">to</w> <w type="NNS">$23,000,000</w> <c type="pct">.</c> </s>
<s n="71"><w type="CD" subtype="HL">14</w> <c type="pct">.</c> </s>
</p>
<p><s n="72"><w type="AT">The</w> <w type="NNS">funds</w> <w type="VBN">recouped</w> <w type="IN">by</w> <w type="NNS">reductions</w> <w type="IN">in</w> <w type="NN">item</w> <w type="CD">12</w> <w type="RB">above</w> <w type="BER">are</w> <w type="VBN">used</w> <c type="pct">:</c> <w type="RB">first</w> <c type="pct">,</c> <w type="TO">to</w> <w type="VB">increase</w> <w type="AT">the</w> <w type="JJ">unadjusted</w> <w type="NNS">allotments</w> <w type="IN">to</w> <w type="AT">the</w> <w type="VBN">specified</w> <w type="NN">minimum</w> <w type="IN">in</w> <w type="DTS">those</w> <w type="NNS" subtype="TL">States</w> <w type="WRB">where</w> <w type="AT">the</w> <w type="JJ">unadjusted</w> <w type="NN">allotment</w> <w type="BEZ">is</w> <w type="AP">less</w> <w type="IN">than</w> <w type="AT">the</w> <w type="JJ">minimum</w> <w type="NN">allotment</w> <c type="pct">(</c> <w type="NN">item</w> <w type="CD">13</w> <w type="RB">above</w> <c type="pct">)</c> <c type="pct">;</c> <c type="pct">;</c> </s>
<s n="73"><w type="CC">and</w> <w type="RB">second</w> <c type="pct">,</c> <w type="TO">to</w> <w type="VB">increase</w> <w type="RB">uniformly</w> <w type="AT">the</w> <w type="NNS">allotments</w> <w type="IN">to</w> <w type="DTS">those</w> <w type="NNS" subtype="TL">States</w> <w type="WPg">whose</w> <w type="NNS">allotments</w> <w type="BER">are</w> <w type="IN">below</w> <w type="PPg">their</w> <w type="NNS">maximums</w> <c type="pct">,</c> <w type="IN">with</w> <w type="NNS">adjustments</w> <w type="TO">to</w> <w type="VB">prevent</w> <w type="AT">the</w> <w type="NN">allotment</w> <w type="IN">of</w> <w type="DTI">any</w> <w type="NN" subtype="TL">State</w> <w type="IN">from</w> <w type="RB">thereby</w> <w type="VBG">exceeding</w> <w type="PPg">its</w> <w type="JJ">maximum</w> <c type="pct">.</c> </s>
<s n="74"><w type="JJ" subtype="HL">Additional</w> <w type="NN" subtype="HL">note</w> <w type="IN" subtype="HL">on</w> <w type="NNS" subtype="HL">allotments</w> <c type="pct">.</c> </s>
</p>
<p><s n="75"><w type="IN">For</w> <w type="AT">the</w> <w type="NNS" subtype="TL">States</w> <w type="WDT">which</w> <w type="VB">maintain</w> <w type="CD">two</w> <w type="JJ">separate</w> <w type="NNS">agencies</w> <c type="pct">--</c> <w type="CD">one</w> <w type="IN">for</w> <w type="AT">the</w> <w type="JJ">vocational</w> <w type="NN">rehabilitation</w> <w type="IN">of</w> <w type="AT">the</w> <w type="JJ">blind</w> <c type="pct">,</c> <w type="CC">and</w> <w type="CD">one</w> <w type="IN">for</w> <w type="AT">the</w> <w type="NN">rehabilitation</w> <w type="IN">of</w> <w type="NNS">persons</w> <w type="AP">other</w> <w type="IN">than</w> <w type="AT">the</w> <w type="JJ">blind</w> <c type="pct">--</c> <w type="AT">the</w> <w type="NN" subtype="TL">Act</w> <w type="VBZ">specifies</w> <w type="CS">that</w> <w type="PPg">their</w> <w type="JJ">minimum</w> <c type="pct">(</c> <w type="NN">base</w> <c type="pct">)</c> <w type="NN">allotment</w> <w type="MD">shall</w> <w type="BE">be</w> <w type="VBN">divided</w> <w type="IN">between</w> <w type="AT">the</w> <w type="CD">two</w> <w type="NNS">agencies</w> <w type="IN">in</w> <w type="AT">the</w> <w type="AP">same</w> <w type="NN">proportion</w> <w type="CS">as</w> <w type="PPS">it</w> <w type="BEDZ">was</w> <w type="VBN">divided</w> <w type="IN">in</w> <w type="JJ">fiscal</w> <w type="NN">year</w> <w type="CD">1954</w> <c type="pct">.</c> </s>
<s n="76"><w type="NNS">Funds</w> <w type="VBN">allotted</w> <w type="IN">in</w> <w type="NN">addition</w> <w type="IN">to</w> <w type="PPg">their</w> <w type="JJ">minimum</w> <w type="NN">allotment</w> <w type="BER">are</w> <w type="VBN">apportioned</w> <w type="IN">to</w> <w type="AT">the</w> <w type="CD">two</w> <w type="NNS">agencies</w> <w type="CS">as</w> <w type="PPSS">they</w> <w type="MD">may</w> <w type="VB">determine</w> <c type="pct">.</c> </s>
</p>
<p><s n="77"><w type="VBG" subtype="HL">Matching</w> <w type="NNS" subtype="HL">requirements</w> </s>
<s n="78"><w type="NN" subtype="HL">explanation</w> <w type="IN" subtype="HL">of</w> <w type="VBG" subtype="HL">matching</w> <w type="NN" subtype="HL">formula</w> <c type="pct">.</c> </s>
</p>
<p><s n="79"><w type="CS">As</w> <w type="BEZ">is</w> <w type="AT">the</w> <w type="NN">case</w> <w type="IN">with</w> <w type="AT">the</w> <w type="NN">allotment</w> <w type="NNS">provisions</w> <w type="IN">for</w> <w type="NN">support</w> <w type="IN">of</w> <w type="JJ">vocational</w> <w type="NN">rehabilitation</w> <w type="NNS">services</w> <c type="pct">,</c> <w type="AT">the</w> <w type="VBG">matching</w> <w type="NNS">requirements</w> <w type="BER">are</w> <w type="RB">also</w> <w type="VBN">based</w> <w type="IN">on</w> <w type="AT">a</w> <w type="JJ">statutory</w> <w type="NN">formula</w> <c type="pct">.</c> </s>
<s n="80"><w type="RB">Prior</w> <w type="IN">to</w> <w type="CD">1960</w> <c type="pct">,</c> <w type="IN">in</w> <w type="NN">order</w> <w type="TO">to</w> <w type="VB">provide</w> <w type="VBG">matching</w> <w type="IN">for</w> <w type="AT">the</w> <w type="JJ">minimum</w> <c type="pct">(</c> <w type="NN">base</w> <c type="pct">)</c> <w type="NN">allotment</w> <c type="pct">,</c> <w type="NN" subtype="TL">State</w> <w type="NNS">funds</w> <w type="HVD">had</w> <w type="TO">to</w> <w type="VB">equal</w> <w type="CD">1954</w> <w type="NN" subtype="TL">State</w> <w type="NNS">funds</w> <c type="pct">.</c> </s>
<s n="81"><w type="RB">Prior</w> <w type="IN">to</w> <w type="CC">and</w> <w type="IN">since</w> <w type="CD">1960</w> <w type="AT">the</w> <w type="NN">rest</w> <w type="IN">of</w> <w type="AT">the</w> <w type="NN">support</w> <w type="NN">allotment</w> <w type="BEZ">is</w> <w type="VBN">matched</w> <w type="IN">at</w> <w type="NNS">rates</w> <w type="VBN">related</w> <w type="IN">to</w> <w type="AT">the</w> <w type="JJ">fiscal</w> <w type="NN">capacity</w> <w type="IN">of</w> <w type="AT">the</w> <w type="NN" subtype="TL">State</w> <c type="pct">,</c> <w type="IN">with</w> <w type="AT">a</w> <w type="NN">pivot</w> <w type="IN">of</w> <w type="NN">40%</w> <w type="NN" subtype="TL">State</w> <c type="pct">(</c> <w type="CC">or</w> <w type="NN">60%</w> <w type="JJ" subtype="TL">Federal</w> <c type="pct">)</c> <w type="NN">participation</w> <w type="IN">in</w> <w type="NN">total</w> <w type="NN">program</w> <w type="NNS">costs</w> <c type="pct">.</c> </s>
<s n="82"><w type="AT">The</w> <w type="NN">percentage</w> <w type="IN">of</w> <w type="JJ" subtype="TL">Federal</w> <w type="NN">participation</w> <w type="IN">in</w> <w type="JJ">such</w> <w type="NNS">costs</w> <w type="IN">for</w> <w type="DTI">any</w> <w type="NN" subtype="TL">State</w> <w type="BEZ">is</w> <w type="VBN">referred</w> <w type="IN">to</w> <w type="IN">in</w> <w type="AT">the</w> <w type="NN">law</w> <w type="CS">as</w> <w type="DT">that</w> <w type="NNg" subtype="TL">State's</w> <c type="pct">``</c> <w type="JJ" subtype="TL">Federal</w> <w type="NN">share</w> <c type="pct">''</c> <c type="pct">.</c> </s>
<s n="83"><w type="IN">For</w> <w type="NNS">purposes</w> <w type="IN">of</w> <w type="DT">this</w> <w type="NN">explanation</w> <c type="pct">,</c> <w type="DT">this</w> <w type="NN">percentage</w> <w type="BEZ">is</w> <w type="VBN">referred</w> <w type="IN">to</w> <w type="CS">as</w> <w type="AT">the</w> <w type="NNg" subtype="TL">State's</w> <c type="pct">``</c> <w type="JJ">unadjusted</w> <w type="JJ" subtype="TL">Federal</w> <w type="NN">share</w> <c type="pct">''</c> <c type="pct">.</c> </s>
<s n="84"><w type="VBG">Beginning</w> <w type="IN">in</w> <w type="CD">1960</w> <c type="pct">,</c> <w type="AT">the</w> <w type="VBG">matching</w> <w type="NNS">requirements</w> <w type="IN">for</w> <w type="AT">the</w> <w type="NN">base</w> <w type="NN">allotment</w> <w type="BER">are</w> <w type="BEG">being</w> <w type="VBN">adjusted</w> <c type="pct">(</c> <w type="RB">upward</w> <w type="CC">or</w> <w type="RB">downward</w> <c type="pct">,</c> <w type="CS">as</w> <w type="VBN">required</w> <c type="pct">)</c> <w type="NN">25%</w> <w type="AT">a</w> <w type="NN">year</w> <c type="pct">,</c> <w type="CS">so</w> <w type="CS">that</w> <w type="IN">by</w> <w type="CD">1963</w> <w type="AT">the</w> <w type="JJ">entire</w> <w type="NN">support</w> <w type="NN">allotment</w> <w type="MD">will</w> <w type="BE">be</w> <w type="VBN">matched</w> <w type="IN">on</w> <w type="AT">the</w> <w type="NN">basis</w> <w type="IN">of</w> <w type="AT">a</w> <w type="NN">40%</w> <w type="NN">pivot</w> <w type="NN" subtype="TL">State</w> <w type="NN">share</w> <c type="pct">,</c> <w type="IN">with</w> <w type="JJ">maximum</w> <w type="CC">and</w> <w type="JJ">minimum</w> <w type="NN" subtype="TL">State</w> <w type="NNS">shares</w> <w type="IN">of</w> <w type="NN">50%</w> <w type="CC">and</w> <w type="NN">30%</w> <c type="pct">,</c> <w type="RB">respectively</w> <c type="pct">.</c> </s>
<s n="85"><w type="AT">The</w> <w type="JJ">pre-1960</w> <w type="NN">rate</w> <w type="IN">of</w> <w type="JJ" subtype="TL">Federal</w> <w type="NN">participation</w> <w type="IN">with</w> <w type="NN">respect</w> <w type="IN">to</w> <w type="DTI">any</w> <w type="NNg" subtype="TL">State's</w> <w type="NN">base</w> <w type="NN">allotment</w> <c type="pct">,</c> <w type="QL">as</w> <w type="RB">well</w> <w type="CS">as</w> <w type="AT">the</w> <w type="VBN">adjusted</w> <w type="NN">rate</w> <w type="IN">in</w> <w type="NN">effect</w> <w type="IN">during</w> <w type="AT">the</w> <w type="CD">1960</w> <c type="pct">-</c> <w type="CD">1962</w> <w type="NN">period</w> <c type="pct">,</c> <w type="BEZ">is</w> <w type="VBN">designated</w> <w type="IN">by</w> <w type="AT">the</w> <w type="NN">statute</w> <w type="CS">as</w> <w type="DT">that</w> <w type="NNg" subtype="TL">State's</w> <c type="pct">``</c> <w type="VBN">adjusted</w> <w type="JJ" subtype="TL">Federal</w> <w type="NN" subtype="TL">Share</w> <c type="pct">''</c> <c type="pct">.</c> </s>
<s n="86"><w type="AT">The</w> <w type="NNS">provisions</w> <w type="IN">for</w> <w type="VBG">determining</w> <w type="AT">a</w> <w type="NNg" subtype="TL">State's</w> <w type="JJ">unadjusted</w> <w type="JJ" subtype="TL">Federal</w> <w type="NN">share</w> <w type="BER">are</w> <w type="VBN">designed</w> <w type="TO">to</w> <w type="VB">reflect</w> <w type="AT">the</w> <w type="VBG">varying</w> <w type="JJ">financial</w> <w type="NNS">resources</w> <w type="IN">among</w> <w type="AT">the</w> <w type="NNS" subtype="TL">States</w> <c type="pct">.</c> </s>
<s n="87"><w type="AT">The</w> <w type="NN">purpose</w> <w type="IN">of</w> <w type="AT">the</w> <w type="VBN">adjusted</w> <w type="JJ" subtype="TL">Federal</w> <w type="NN">share</w> <w type="VBG">relating</w> <w type="IN">to</w> <w type="AT">the</w> <w type="NN">base</w> <w type="NN">allotment</w> <w type="CC">and</w> <w type="IN">of</w> <w type="AT">the</w> <w type="NN">transition</w> <w type="NNS">provisions</w> <w type="IN">for</w> <w type="VBG">reaching</w> <w type="AT">the</w> <w type="JJ">unadjusted</w> <w type="JJ" subtype="TL">Federal</w> <w type="NN">share</w> <w type="BEZ">is</w> <w type="TO">to</w> <w type="VB">prevent</w> <w type="NNS">dislocations</w> <w type="IN">from</w> <w type="JJ">abrupt</w> <w type="NNS">changes</w> <w type="IN">in</w> <w type="VBG">matching</w> <w type="NNS">rates</w> <c type="pct">.</c> </s>
<s n="88"><w type="NN" subtype="HL">Method</w> <w type="IN" subtype="HL">of</w> <w type="VBG" subtype="HL">computing</w> <w type="JJ" subtype="TL">Federal</w> <w type="NNS" subtype="HL">shares</w> <c type="pct">.</c> </s>
</p>
<p><s n="89"><w type="AT">The</w> <w type="NN">method</w> <w type="VBN">used</w> <w type="IN">for</w> <w type="VBG">computing</w> <w type="AT">the</w> <w type="JJ">respective</w> <w type="JJ" subtype="TL">Federal</w> <w type="CC">and</w> <w type="NN" subtype="TL">State</w> <w type="NNS">shares</w> <w type="IN">in</w> <w type="NN">total</w> <w type="NN">program</w> <w type="NNS">costs</w> <w type="BEZ">is</w> <w type="RB">specifically</w> <w type="VBN">set</w> <w type="RB">forth</w> <w type="IN">in</w> <w type="AT">the</w> <w type="NN" subtype="TL">Act</w> <c type="pct">.</c> </s>
<s n="90"><w type="AT">The</w> <w type="NN">term</w> <c type="pct">``</c> <w type="NN" subtype="TL">State</w> <c type="pct">''</c> <w type="VBZ">means</w> <w type="AT">the</w> <w type="AP">several</w> <w type="NNS" subtype="TL">States</w> <c type="pct">,</c> <w type="AT">the</w> <w type="NN" subtype="TL">District</w> <w type="IN" subtype="TL">of</w> <w type="NP" subtype="TL">Columbia</w> <c type="pct">,</c> <w type="AT">the</w> <w type="NN" subtype="TL">Virgin</w> <w type="NNS" subtype="TL">Islands</w> <c type="pct">,</c> <w type="NP">Guam</w> <w type="CC">and</w> <w type="NP">Puerto</w> <w type="NP">Rico</w> <c type="pct">;</c> <c type="pct">;</c> </s>
<s n="91"><w type="AT">the</w> <w type="NN">term</w> <c type="pct">``</c> <w type="VBN" subtype="TL">United</w> <w type="NNS" subtype="TL">States</w> <c type="pct">''</c> <w type="VBZ">includes</w> <w type="AT">the</w> <w type="AP">several</w> <w type="NNS" subtype="TL">States</w> <w type="CC">and</w> <w type="AT">the</w> <w type="NN" subtype="TL">District</w> <w type="IN" subtype="TL">of</w> <w type="NP" subtype="TL">Columbia</w> <w type="CC">and</w> <w type="VBZ">excludes</w> <w type="AT">the</w> <w type="NN" subtype="TL">Virgin</w> <w type="NNS" subtype="TL">Islands</w> <c type="pct">,</c> <w type="NP">Guam</w> <w type="CC">and</w> <w type="NP">Puerto</w> <w type="NP">Rico</w> <c type="pct">,</c> <w type="CC">and</w> <c type="pct">,</c> <w type="RB">prior</w> <w type="IN">to</w> <w type="CD">1962</w> <c type="pct">,</c> <w type="NP">Alaska</w> <w type="CC">and</w> <w type="NP">Hawaii</w> <c type="pct">.</c> </s>
<s n="92"><w type="AT">The</w> <w type="VBG">following</w> <w type="NNS">steps</w> <w type="BER">are</w> <w type="VBN">employed</w> <w type="IN">in</w> <w type="AT">the</w> <w type="NNS">calculations</w> <c type="pct">:</c> <w type="CD" subtype="HL">1</w> <c type="pct">.</c> </s>
</p>
<p><s n="93"><w type="IN">For</w> <w type="DT">each</w> <w type="NN" subtype="TL">State</w> <c type="pct">(</c> <w type="IN">except</w> <w type="AT">the</w> <w type="NN" subtype="TL">Virgin</w> <w type="NNS" subtype="TL">Islands</w> <c type="pct">,</c> <w type="NP">Guam</w> <c type="pct">,</c> <w type="NP">Puerto</w> <w type="NP">Rico</w> <c type="pct">,</c> <w type="CC">and</w> <c type="pct">,</c> <w type="RB">prior</w> <w type="IN">to</w> <w type="CD">1962</w> <c type="pct">,</c> <w type="NP">Alaska</w> <w type="CC">and</w> <w type="NP">Hawaii</w> <c type="pct">)</c> <c type="pct">,</c> <w type="VB">determine</w> <w type="AT">the</w> <w type="JJ">average</w> <w type="IN">per</w> <w type="NNS">capita</w> <w type="NN">income</w> <w type="IN">for</w> <w type="AT">the</w> <w type="AP">last</w> <w type="CD">three</w> <w type="NNS">years</w> <c type="pct">.</c> </s>
<s n="94"><c type="pct">(</c> <w type="AT">the</w> <w type="AP">same</w> <w type="NN">amount</w> <w type="VBN">used</w> <w type="IN">in</w> <w type="NN">item</w> <w type="CD">1</w> <w type="IN">under</w> <w type="NN" subtype="TL">Method</w> <w type="IN" subtype="TL">Of</w> <w type="VBG" subtype="TL">Computing</w> <w type="NNS" subtype="TL">Allotments</w> <c type="pct">,</c> <w type="RB">above</w> <c type="pct">.</c> </s>
<s n="95"><c type="pct">)</c> <w type="CD" subtype="HL">2</w> <c type="pct">.</c> </s>
</p>
<p><s n="96"><w type="VB">Determine</w> <w type="AT">the</w> <w type="JJ">average</w> <w type="IN">per</w> <w type="NNS">capita</w> <w type="NN">income</w> <w type="IN">for</w> <w type="AT">the</w> <w type="VBN" subtype="TL">United</w> <w type="NNS" subtype="TL">States</w> <w type="IN">for</w> <w type="AT">the</w> <w type="AP">last</w> <w type="CD">three</w> <w type="NNS">years</w> <c type="pct">.</c> </s>
<s n="97"><c type="pct">(</c> <w type="AT">The</w> <w type="AP">same</w> <w type="NN">amount</w> <w type="VBN">used</w> <w type="IN">in</w> <w type="NN">item</w> <w type="CD">2</w> <w type="IN">under</w> <w type="NN" subtype="TL">Method</w> <w type="IN" subtype="TL">Of</w> <w type="VBG" subtype="TL">Computing</w> <w type="NNS" subtype="TL">Allotments</w> <c type="pct">,</c> <w type="RB">above</w> <c type="pct">.</c> </s>
<s n="98"><c type="pct">)</c> <w type="CD" subtype="HL">3</w> <c type="pct">.</c> </s>
</p>
<p><s n="99"><w type="VB">Determine</w> <w type="AT">the</w> <w type="NN">ratio</w> <w type="IN">of</w> <w type="NN">40%</w> <w type="IN">to</w> <w type="AT">the</w> <w type="JJ">average</w> <w type="IN">per</w> <w type="NNS">capita</w> <w type="NN">income</w> <w type="IN">of</w> <w type="AT">the</w> <w type="VBN" subtype="TL">United</w> <w type="NNS" subtype="TL">States</w> <c type="pct">.</c> </s>
<s n="100"><c type="pct">(</c> <w type="VB">Divide</w> <w type="CD">40</w> <w type="IN">by</w> <w type="AT">the</w> <w type="NN">amount</w> <w type="VBN">used</w> <w type="IN">in</w> <w type="NN">item</w> <w type="CD">2</w> <w type="RB">above</w> <c type="pct">.</c> </s>
<s n="101"><c type="pct">)</c> <w type="CD" subtype="HL">4</w> <c type="pct">.</c> </s>
</p>
<p><s n="102"><w type="VB">Determine</w> <w type="IN">for</w> <w type="DT">each</w> <w type="NN" subtype="TL">State</w> <c type="pct">(</c> <w type="IN">except</w> <w type="AT">the</w> <w type="NN" subtype="TL">Virgin</w> <w type="NNS" subtype="TL">Islands</w> <c type="pct">,</c> <w type="NP">Guam</w> <c type="pct">,</c> <w type="NP">Puerto</w> <w type="NP">Rico</w> <c type="pct">,</c> <w type="CC">and</w> <c type="pct">,</c> <w type="RB">prior</w> <w type="IN">to</w> <w type="CD">1962</w> <c type="pct">,</c> <w type="NP">Alaska</w> <w type="CC">and</w> <w type="NP">Hawaii</w> <c type="pct">)</c> <c type="pct">,</c> <w type="DT">that</w> <w type="NN">percentage</w> <w type="WDT">which</w> <w type="VBZ">bears</w> <w type="AT">the</w> <w type="AP">same</w> <w type="NN">ration</w> <w type="IN">to</w> <w type="NN">40%</w> <w type="CS">as</w> <w type="AT">the</w> <w type="JJ">particular</w> <w type="NNg" subtype="TL">State's</w> <w type="JJ">average</w> <w type="IN">per</w> <w type="NNS">capita</w> <w type="NN">income</w> <w type="VBZ">bears</w> <w type="IN">to</w> <w type="AT">the</w> <w type="JJ">average</w> <w type="IN">per</w> <w type="NNS">capita</w> <w type="NN">income</w> <w type="IN">of</w> <w type="AT">the</w> <w type="VBN" subtype="TL">United</w> <w type="NNS" subtype="TL">States</w> <c type="pct">.</c> </s>
<s n="103"><c type="pct">(</c> <w type="VB">Multiply</w> <w type="AT">the</w> <w type="NN">result</w> <w type="VBN">obtained</w> <w type="IN">in</w> <w type="NN">item</w> <w type="CD">3</w> <w type="RB">above</w> <w type="IN">by</w> <w type="AT">the</w> <w type="NN">amount</w> <w type="VBN">used</w> <w type="IN">for</w> <w type="DT">each</w> <w type="NN" subtype="TL">State</w> <w type="IN">in</w> <w type="NN">item</w> <w type="CD" subtype="TL">1</w> <w type="RB">above</w> <c type="pct">.</c> </s>
<s n="104"><c type="pct">)</c> <w type="CD" subtype="HL">5</w> <c type="pct">.</c> </s>
</p>
<p><s n="105"><w type="VB">Determine</w> <w type="AT">the</w> <w type="JJ">particular</w> <w type="NNg" subtype="TL">State's</w> <c type="pct">``</c> <w type="JJ" subtype="TL">Federal</w> <w type="NN" subtype="TL">Share</w> <c type="pct">''</c> <c type="pct">.</c> </s>
<s n="106"><w type="IN">By</w> <w type="NN">law</w> <w type="DT">this</w> <w type="BEZ">is</w> <w type="NN">70%</w> <w type="IN">for</w> <w type="AT">the</w> <w type="NN" subtype="TL">Virgin</w> <w type="NNS" subtype="TL">Islands</w> <c type="pct">,</c> <w type="NP">Guam</w> <w type="CC">and</w> <w type="NP">Puerto</w> <w type="NP">Rico</w> <c type="pct">.</c> </s>
<s n="107"><c type="pct">(</c> <w type="NP">Alaska</w> <w type="CC">and</w> <w type="NP">Hawaii</w> <w type="HVD">had</w> <w type="VBN">fixed</w> <w type="JJ" subtype="TL">Federal</w> <w type="NN">share</w> <w type="NNS">percentages</w> <w type="IN">in</w> <w type="NN">effect</w> <w type="RB">prior</w> <w type="IN">to</w> <w type="JJ">fiscal</w> <w type="NN">year</w> <w type="CD">1962</w> <c type="pct">.</c> </s>
</p>
<p><s n="108"><w type="IN">In</w> <w type="ABN">all</w> <w type="AP">other</w> <w type="NNS" subtype="TL">States</w> <w type="PPS">it</w> <w type="BEZ">is</w> <w type="AT">the</w> <w type="NN">difference</w> <w type="VBN">obtained</w> <w type="IN">by</w> <w type="VBG">subtracting</w> <w type="IN">from</w> <w type="CD">100</w> <w type="AT">the</w> <w type="NN">result</w> <w type="VBN">obtained</w> <w type="IN">in</w> <w type="NN">item</w> <w type="CD">4</w> <w type="RB">above</w> <c type="pct">;</c> <c type="pct">;</c> </s>
<s n="109"><w type="IN">except</w> <w type="CS">that</w> <w type="AT">no</w> <w type="NN" subtype="TL">State</w> <w type="MD">shall</w> <w type="HV">have</w> <w type="AT">a</w> <w type="JJ" subtype="TL">Federal</w> <w type="NN">share</w> <w type="AP">less</w> <w type="IN">than</w> <w type="NN">50%</w> <w type="CC">nor</w> <w type="AP">more</w> <w type="IN">than</w> <w type="NN">70%</w> <c type="pct">.</c> </s>
<s n="110"><w type="CS">If</w> <w type="AT">the</w> <w type="VBG">resulting</w> <w type="NN">difference</w> <w type="IN">for</w> <w type="AT">the</w> <w type="JJ">particular</w> <w type="NN" subtype="TL">State</w> <w type="BEZ">is</w> <w type="AP">less</w> <w type="CC">or</w> <w type="AP">more</w> <w type="IN">than</w> <w type="DTS">these</w> <w type="NNS">extremes</w> <c type="pct">,</c> <w type="AT">the</w> <w type="NNg" subtype="TL">State's</w> <w type="JJ" subtype="TL">Federal</w> <w type="NN">share</w> <w type="MD">must</w> <w type="BE">be</w> <w type="VBN">raised</w> <w type="CC">or</w> <w type="VBN">lowered</w> <w type="IN">to</w> <w type="AT">the</w> <w type="JJ">appropriate</w> <w type="NN">extreme</w> <c type="pct">.</c> </s>
</p>
<p></p></body></text></TEI>
