<TEI xmlns="http://www.tei-c.org/ns/1.0"><teiHeader><fileDesc><titleStmt><title>Sample H17 from  U.S. Reports. Volume 364. Cases Adjudged in the Supreme Court
 October Term 1959, 1960, August Special Term 1960. Pp. 58-65.
</title></titleStmt><editionStmt><edition>A part  of the XML version of the Brown Corpus</edition></editionStmt><extent>2,243 words 144 (6.4%) 10 symbols 0010-2050</extent><publicationStmt><idno>H17</idno><availability><p/></availability></publicationStmt><sourceDesc><bibl> U.S. Reports. Volume 364. Cases Adjudged in the Supreme Court
 October Term 1959, 1960, August Special Term 1960. Pp. 58-65.
</bibl></sourceDesc></fileDesc><encodingDesc><p/></encodingDesc><revisionDesc><change when="2008-04-27">Header auto-generated for TEI version</change></revisionDesc></teiHeader>
<text xml:id="H17" decls="H">
<body><p><s n="1"><w type="PPS">It</w> <w type="BEZ">is</w> <w type="NEG">not</w> <w type="AT">a</w> <w type="JJ">medieval</w> <w type="JJ">mental</w> <w type="NN">quirk</w> <w type="CC">or</w> <w type="AT">an</w> <w type="NN">attitude</w> <c type="pct">``</c> <w type="JJ">unnourished</w> <w type="IN">by</w> <w type="NN">sense</w> <c type="pct">''</c> <w type="TO">to</w> <w type="VB">believe</w> <w type="CS">that</w> <w type="NNS">husbands</w> <w type="CC">and</w> <w type="NNS">wives</w> <w type="MD">should</w> <w type="NEG">not</w> <w type="BE">be</w> <w type="VBN">subjected</w> <w type="IN">to</w> <w type="ABL">such</w> <w type="AT">a</w> <w type="NN">risk</w> <c type="pct">,</c> <w type="CC">or</w> <w type="CS">that</w> <w type="ABL">such</w> <w type="AT">a</w> <w type="NN">possibility</w> <w type="MD">should</w> <w type="NEG">not</w> <w type="BE">be</w> <w type="VBN">permitted</w> <w type="TO">to</w> <w type="VB">endanger</w> <w type="AT">the</w> <w type="NN">confidentiality</w> <w type="IN">of</w> <w type="AT">the</w> <w type="NN">marriage</w> <w type="NN">relationship</w> <c type="pct">.</c> </s>
<s n="2"><w type="CS">While</w> <w type="PPS">it</w> <w type="BEZ">is</w> <w type="JJ">easy</w> <w type="QLP">enough</w> <w type="TO">to</w> <w type="VB">ridicule</w> <w type="NPg">Hawkins'</w> <w type="NN">pronouncement</w> <w type="IN">in</w> <w type="NNS" subtype="TL">Pleas</w> <w type="IN" subtype="TL">Of</w> <w type="AT" subtype="TL">The</w> <w type="NN" subtype="TL">Crown</w> <w type="IN">from</w> <w type="AT">a</w> <w type="JJ">metaphysical</w> <w type="NN">point</w> <w type="IN">of</w> <w type="NN">view</w> <c type="pct">,</c> <w type="AT">the</w> <w type="NN">concept</w> <w type="IN">of</w> <w type="AT">the</w> <c type="pct">``</c> <w type="NN">oneness</w> <c type="pct">''</c> <w type="IN">of</w> <w type="AT">a</w> <w type="VBN">married</w> <w type="NN">couple</w> <w type="MD">may</w> <w type="VB">reflect</w> <w type="AT">an</w> <w type="VBG">abiding</w> <w type="NN">belief</w> <w type="CS">that</w> <w type="AT">the</w> <w type="NN">communion</w> <w type="IN">between</w> <w type="NN">husband</w> <w type="CC">and</w> <w type="NN">wife</w> <w type="BEZ">is</w> <w type="JJ">such</w> <w type="CS">that</w> <w type="PPg">their</w> <w type="NNS">actions</w> <w type="BER">are</w> <w type="NEG">not</w> <w type="RB">always</w> <w type="TO">to</w> <w type="BE">be</w> <w type="VBN">regarded</w> <w type="IN">by</w> <w type="AT">the</w> <w type="JJ">criminal</w> <w type="NN">law</w> <w type="CS">as</w> <w type="CS">if</w> <w type="EX">there</w> <w type="BED">were</w> <w type="AT">no</w> <w type="NN">marriage</w> <c type="pct">.</c> </s>
</p>
<p><s n="3"><w type="IN">By</w> <w type="VBG">making</w> <w type="NNS">inroads</w> <w type="IN">in</w> <w type="AT">the</w> <w type="NN">name</w> <w type="IN">of</w> <w type="NN">law</w> <w type="NN">enforcement</w> <w type="IN">into</w> <w type="AT">the</w> <w type="NN">protection</w> <w type="WDT">which</w> <w type="NP">Congress</w> <w type="HVZ">has</w> <w type="VBN">afforded</w> <w type="IN">to</w> <w type="AT">the</w> <w type="NN">marriage</w> <w type="NN">relationship</w> <c type="pct">,</c> <w type="AT">the</w> <w type="NN" subtype="TL">Court</w> <w type="NR">today</w> <w type="VBZ">continues</w> <w type="IN">in</w> <w type="AT">the</w> <w type="NN">path</w> <w type="VBN">charted</w> <w type="IN">by</w> <w type="AT" subtype="TL">the</w> <w type="JJ">recent</w> <w type="NN">decision</w> <w type="IN">in</w> <w type="NP">Wyatt</w> <w type="IN">v.</w> <w type="VBN" subtype="TL">United</w> <w type="NNS" subtype="TL">States</w> <c type="pct">,</c> <w type="CD" subtype="TL">362</w> <w type="NP" subtype="TL">U.S.</w> <w type="CD">525</w> <c type="pct">,</c> <w type="WRB">where</w> <w type="AT">the</w> <w type="NN" subtype="TL">Court</w> <w type="VBD">held</w> <w type="CS">that</w> <c type="pct">,</c> <w type="IN">under</w> <w type="AT">the</w> <w type="NNS">circumstances</w> <w type="IN">of</w> <w type="DT">that</w> <w type="NN">case</w> <c type="pct">,</c> <w type="AT">a</w> <w type="NN">wife</w> <w type="MD">could</w> <w type="BE">be</w> <w type="VBN">compelled</w> <w type="TO">to</w> <w type="VB">testify</w> <w type="IN">against</w> <w type="PPg">her</w> <w type="NN">husband</w> <w type="IN">over</w> <w type="PPg">her</w> <w type="NN">objection</w> <c type="pct">.</c> </s>
<s n="4"><w type="PN">One</w> <w type="MD">need</w> <w type="NEG">not</w> <w type="VB">waver</w> <w type="IN">in</w> <w type="PPg">his</w> <w type="NN">belief</w> <w type="IN">in</w> <w type="JJ">virile</w> <w type="NN">law</w> <w type="NN">enforcement</w> <w type="TO">to</w> <w type="VB">insist</w> <w type="CS">that</w> <w type="EX">there</w> <w type="BER">are</w> <w type="AP">other</w> <w type="NNS">things</w> <w type="IN">in</w> <w type="JJ">American</w> <w type="NN">life</w> <w type="WDT">which</w> <w type="BER">are</w> <w type="RB">also</w> <w type="IN">of</w> <w type="JJ">great</w> <w type="NN">importance</w> <c type="pct">,</c> <w type="CC">and</w> <w type="IN">to</w> <w type="WDT">which</w> <w type="RB">even</w> <w type="NN">law</w> <w type="NN">enforcement</w> <w type="MD">must</w> <w type="VB">accommodate</w> <w type="PPL">itself</w> <c type="pct">.</c> </s>
<s n="5"><w type="CD">One</w> <w type="IN">of</w> <w type="DTS">these</w> <w type="BEZ">is</w> <w type="AT">the</w> <w type="NN">solidarity</w> <w type="CC">and</w> <w type="AT">the</w> <w type="JJ">confidential</w> <w type="NN">relationship</w> <w type="IN">of</w> <w type="NN">marriage</w> <c type="pct">.</c> </s>
<s n="6"><w type="AT">The</w> <w type="NNg" subtype="TL">Court's</w> <w type="NN">opinion</w> <w type="RB">dogmatically</w> <w type="VBZ">asserts</w> <w type="CS">that</w> <w type="AT">the</w> <w type="JJ">husband-wife</w> <w type="NN">conspiracy</w> <w type="NN">doctrine</w> <w type="DOZ">does</w> <w type="NEG">not</w> <w type="IN">in</w> <w type="NN">fact</w> <w type="VB">protect</w> <w type="DT">this</w> <w type="NN">relationship</w> <c type="pct">,</c> <w type="CC">and</w> <w type="CS">that</w> <w type="RB">hence</w> <w type="AT">the</w> <w type="NN">doctrine</w> <c type="pct">``</c> <w type="VBZ">enthrones</w> <w type="AT">an</w> <w type="NN">unreality</w> <w type="IN">into</w> <w type="AT">a</w> <w type="NN">rule</w> <w type="IN">of</w> <w type="NN">law</w> <c type="pct">''</c> <c type="pct">.</c> </s>
<s n="7"><w type="PPSS">I</w> <w type="BEM">am</w> <w type="NEG">not</w> <w type="RB">easily</w> <w type="VBN">persuaded</w> <w type="CS">that</w> <w type="AT">a</w> <w type="NN">rule</w> <w type="VBN">accepted</w> <w type="IN">by</w> <w type="QL">so</w> <w type="AP">many</w> <w type="NNS">people</w> <w type="IN">for</w> <w type="QL">so</w> <w type="AP">many</w> <w type="NNS">centuries</w> <w type="MD">can</w> <w type="BE">be</w> <w type="QL">so</w> <w type="RB">lightly</w> <w type="VBN">dismissed</w> <c type="pct">.</c> </s>
<s n="8"><w type="CC">But</w> <w type="IN">in</w> <w type="DTI">any</w> <w type="NN">event</w> <c type="pct">,</c> <w type="PPSS">I</w> <w type="VB">submit</w> <w type="CS">that</w> <w type="AT">the</w> <w type="NN">power</w> <w type="TO">to</w> <w type="VB">depose</w> <w type="VBZ">belongs</w> <w type="IN">to</w> <w type="NP">Congress</w> <c type="pct">,</c> <w type="NEG">not</w> <w type="IN">to</w> <w type="DT">this</w> <w type="NN" subtype="TL">Court</w> <c type="pct">.</c> </s>
<s n="9"><w type="PPSS">I</w> <w type="VB">dissent</w> <c type="pct">.</c> </s>
<s n="10"><w type="NN">Petitioner</w> <c type="pct">,</c> <w type="WPS">who</w> <w type="VBZ">claims</w> <w type="TO">to</w> <w type="BE">be</w> <w type="AT">a</w> <w type="JJ">conscientious</w> <w type="NN">objector</w> <c type="pct">,</c> <w type="BEDZ">was</w> <w type="VBN">convicted</w> <w type="IN">of</w> <w type="VBG">violating</w> <w type="NN">12a</w> <w type="IN">of</w> <w type="AT">the</w> <w type="JJ" subtype="TL">Universal</w> <w type="JJ" subtype="TL">Military</w> <w type="NN" subtype="TL">Training</w> <w type="CC" subtype="TL">and</w> <w type="NN" subtype="TL">Service</w> <w type="NN" subtype="TL">Act</w> <w type="IN">by</w> <w type="VBG">refusing</w> <w type="TO">to</w> <w type="BE">be</w> <w type="VBN">inducted</w> <w type="IN">into</w> <w type="AT">the</w> <w type="VBN">armed</w> <w type="NNS">forces</w> <c type="pct">.</c> </s>
<s n="11"><w type="PPS">He</w> <w type="VBZ">claims</w> <w type="CS">that</w> <w type="PPS">he</w> <w type="BEDZ">was</w> <w type="VBN">denied</w> <w type="JJ">due</w> <w type="NN">process</w> <w type="IN">of</w> <w type="NN">law</w> <w type="IN">in</w> <w type="NN">violation</w> <w type="IN">of</w> <w type="AT">the</w> <w type="OD" subtype="TL">Fifth</w> <w type="NN" subtype="TL">Amendment</w> <c type="pct">,</c> <w type="CS">because</w> <c type="pct">(</c> <w type="CD">1</w> <c type="pct">)</c> <w type="IN">at</w> <w type="AT">a</w> <w type="NN">hearing</w> <w type="IN">before</w> <w type="AT">a</w> <w type="NN">hearing</w> <w type="NN">officer</w> <w type="IN">of</w> <w type="AT">the</w> <w type="NN" subtype="TL">Department</w> <w type="IN" subtype="TL">of</w> <w type="NN" subtype="TL">Justice</w> <c type="pct">,</c> <w type="PPS">he</w> <w type="BEDZ">was</w> <w type="NEG">not</w> <w type="VBN">permitted</w> <w type="TO">to</w> <w type="VB">rebut</w> <w type="NNS">statements</w> <w type="VBN">attributed</w> <w type="IN">to</w> <w type="PPO">him</w> <w type="IN">by</w> <w type="AT">the</w> <w type="JJ">local</w> <w type="NN">board</w> <c type="pct">,</c> <w type="CC">and</w> <c type="pct">(</c> <w type="CD">2</w> <c type="pct">)</c> <w type="IN">at</w> <w type="AT">the</w> <w type="NN">trial</w> <c type="pct">,</c> <w type="PPS">he</w> <w type="BEDZ">was</w> <w type="VBN">denied</w> <w type="AT">the</w> <w type="NN">right</w> <w type="TO">to</w> <w type="HV">have</w> <w type="AT">the</w> <w type="NN">hearing</w> <w type="NNg">officer's</w> <w type="NN">report</w> <w type="CC">and</w> <w type="AT">the</w> <w type="JJ">original</w> <w type="NN">report</w> <w type="IN">of</w> <w type="AT">the</w> <w type="JJ" subtype="TL">Federal</w> <w type="NN" subtype="TL">Bureau</w> <w type="IN" subtype="TL">of</w> <w type="NN" subtype="TL">Investigation</w> <w type="IN">as</w> <w type="IN">to</w> <w type="PPg">his</w> <w type="NN">claim</w> <c type="pct">.</c> </s>
<s n="12"><w type="VBN">Held</w> <c type="pct">:</c> <w type="IN">On</w> <w type="AT">the</w> <w type="NN">record</w> <w type="IN">in</w> <w type="DT">this</w> <w type="NN">case</w> <c type="pct">,</c> <w type="AT">the</w> <w type="JJ">administrative</w> <w type="NNS">procedures</w> <w type="VBN">prescribed</w> <w type="IN">by</w> <w type="AT">the</w> <w type="NN" subtype="TL">Act</w> <w type="BED">were</w> <w type="RB">fully</w> <w type="VBN">complied</w> <w type="IN">with</w> <c type="pct">;</c> <c type="pct">;</c> </s>
<s n="13"><w type="NN">petitioner</w> <w type="BEDZ">was</w> <w type="NEG">not</w> <w type="VBN">denied</w> <w type="JJ">due</w> <w type="NN">process</w> <c type="pct">;</c> <c type="pct">;</c> </s>
<s n="14"><w type="CC">and</w> <w type="PPg">his</w> <w type="NN">conviction</w> <w type="BEZ">is</w> <w type="VBN">sustained</w> <c type="pct">.</c> </s>
<s n="15"><w type="NNS">Pp.</w> <w type="CD">60-66</w> <c type="pct">.</c> </s>
<s n="16"><c type="pct">(</c> <w type="NP" subtype="HL">A</w> <c type="pct">)</c> </s>
<s n="17"><w type="NN">Petitioner</w> <w type="BEDZ">was</w> <w type="NEG">not</w> <w type="VBN">denied</w> <w type="JJ">due</w> <w type="NN">process</w> <w type="IN">in</w> <w type="AT">the</w> <w type="JJ">administrative</w> <w type="NNS">proceedings</w> <c type="pct">,</c> <w type="CS">because</w> <w type="AT">the</w> <w type="NN">statement</w> <w type="IN">in</w> <w type="NN">question</w> <w type="BEDZ">was</w> <w type="IN">in</w> <w type="PPg">his</w> <w type="NN">file</w> <c type="pct">,</c> <w type="IN">to</w> <w type="WDT">which</w> <w type="PPS">he</w> <w type="HVD">had</w> <w type="NN">access</w> <c type="pct">,</c> <w type="CC">and</w> <w type="PPS">he</w> <w type="HVD">had</w> <w type="NNS">opportunities</w> <w type="TO">to</w> <w type="VB">rebut</w> <w type="PPO">it</w> <w type="ABX">both</w> <w type="IN">before</w> <w type="AT">the</w> <w type="NN">hearing</w> <w type="NN">officer</w> <w type="IN">of</w> <w type="AT">the</w> <w type="NN" subtype="TL">Department</w> <w type="IN" subtype="TL">of</w> <w type="NN" subtype="TL">Justice</w> <w type="CC">and</w> <w type="IN">before</w> <w type="AT">the</w> <w type="NN">appeal</w> <w type="NN">board</w> <c type="pct">.</c> </s>
<s n="18"><w type="NNS">Pp.</w> <w type="CD">62-63</w> <c type="pct">.</c> </s>
<s n="19"><c type="pct">(</c> <w type="NP" subtype="HL">B</w> <c type="pct">)</c> </s>
<s n="20"><w type="NN">Petitioner</w> <w type="BEDZ">was</w> <w type="NEG">not</w> <w type="VBN">entitled</w> <w type="TO">to</w> <w type="HV">have</w> <w type="AT">the</w> <w type="NN">hearing</w> <w type="NNg">officer's</w> <w type="NNS">notes</w> <w type="CC">and</w> <w type="NN">report</w> <c type="pct">,</c> <w type="RB">especially</w> <w type="CS">since</w> <w type="PPS">he</w> <w type="VBD">failed</w> <w type="TO">to</w> <w type="VB">show</w> <w type="DTI">any</w> <w type="JJ">particular</w> <w type="NN">need</w> <w type="IN">for</w> <w type="PPO">them</w> <w type="CC">and</w> <w type="PPS">he</w> <w type="DOD">did</w> <w type="HV">have</w> <w type="AT">a</w> <w type="NN">copy</w> <w type="IN">of</w> <w type="AT">the</w> <w type="NN" subtype="TL">Department</w> <w type="IN" subtype="TL">of</w> <w type="NNg" subtype="TL">Justice's</w> <w type="NN">recommendation</w> <w type="IN">to</w> <w type="AT">the</w> <w type="NN">appeal</w> <w type="NN">board</w> <c type="pct">.</c> </s>
<s n="21"><w type="NNS">Pp.</w> <w type="CD">63-64</w> <c type="pct">.</c> </s>
<s n="22"><c type="pct">(</c> <w type="NP" subtype="HL">C</w> <c type="pct">)</c> </s>
<s n="23"><w type="NN">Petitioner</w> <w type="BEDZ">was</w> <w type="NEG">not</w> <w type="VBN">entitled</w> <c type="pct">,</c> <w type="CC">either</w> <w type="IN">in</w> <w type="AT">the</w> <w type="JJ">administrative</w> <w type="NN">hearing</w> <w type="IN">at</w> <w type="AT">the</w> <w type="NN" subtype="TL">Department</w> <w type="IN" subtype="TL">of</w> <w type="NN" subtype="TL">Justice</w> <w type="CC">or</w> <w type="IN">at</w> <w type="PPg">his</w> <w type="NN">trial</w> <c type="pct">,</c> <w type="TO">to</w> <w type="VB">inspect</w> <w type="AT">the</w> <w type="JJ">original</w> <w type="NN">report</w> <w type="IN">of</w> <w type="AT">the</w> <w type="JJ" subtype="TL">Federal</w> <w type="NN" subtype="TL">Bureau</w> <w type="IN" subtype="TL">of</w> <w type="NN" subtype="TL">Investigation</w> <c type="pct">,</c> <w type="CS">since</w> <w type="PPS">he</w> <w type="BEDZ">was</w> <w type="VBN">furnished</w> <w type="AT">a</w> <w type="NN">resume</w> <w type="IN">of</w> <w type="PPO">it</w> <c type="pct">,</c> <w type="DOD">did</w> <w type="NEG">not</w> <w type="VB">challenge</w> <w type="PPg">its</w> <w type="NN">accuracy</w> <c type="pct">,</c> <w type="CC">and</w> <w type="VBD">showed</w> <w type="AT">no</w> <w type="JJ">particular</w> <w type="NN">need</w> <w type="IN">for</w> <w type="AT">the</w> <w type="JJ">original</w> <w type="NN">report</w> <c type="pct">.</c> </s>
<s n="24"><w type="NNS">Pp.</w> <w type="CD">64-66</w> <c type="pct">.</c> </s>
</p>
<p><s n="25"><w type="NP">Haydn</w> <w type="NP">C.</w> <w type="NP">Covington</w> <w type="VBD">argued</w> <w type="AT">the</w> <w type="NN">cause</w> <w type="CC">and</w> <w type="VBD">filed</w> <w type="AT">a</w> <w type="NN">brief</w> <w type="IN">for</w> <w type="NN">petitioner</w> <c type="pct">.</c> </s>
</p>
<p><s n="26"><w type="NP">Daniel</w> <w type="NP">M.</w> <w type="NP">Friedman</w> <w type="VBD">argued</w> <w type="AT">the</w> <w type="NN">cause</w> <w type="IN">for</w> <w type="AT">the</w> <w type="VBN" subtype="TL">United</w> <w type="NNS" subtype="TL">States</w> <c type="pct">.</c> </s>
<s n="27"><w type="IN">On</w> <w type="AT">the</w> <w type="NN">brief</w> <w type="BED">were</w> <w type="NN" subtype="TL">Solicitor</w> <w type="JJ" subtype="TL">General</w> <w type="NP">Rankin</w> <c type="pct">,</c> <w type="JJ" subtype="TL">Assistant</w> <w type="NN" subtype="TL">Attorney</w> <w type="JJ" subtype="TL">General</w> <w type="NP">Wilkey</w> <c type="pct">,</c> <w type="NP">Beatrice</w> <w type="NP">Rosenberg</w> <w type="CC">and</w> <w type="NP">J.</w> <w type="NP">F.</w> <w type="NP">Bishop</w> <c type="pct">.</c> </s>
</p>
<p><s n="28"><w type="NP">Mr.</w> <w type="NP">Justice</w> <w type="NP">Clark</w> <w type="VBD">delivered</w> <w type="AT">the</w> <w type="NN">opinion</w> <w type="IN">of</w> <w type="AT">the</w> <w type="NN" subtype="TL">Court</w> <c type="pct">.</c> </s>
</p>
<p><s n="29"><w type="DT">This</w> <w type="BEZ">is</w> <w type="AT">a</w> <w type="NN">prosecution</w> <w type="IN">for</w> <w type="NN">refusal</w> <w type="TO">to</w> <w type="BE">be</w> <w type="VBN">inducted</w> <w type="IN">into</w> <w type="AT">the</w> <w type="VBN">armed</w> <w type="NNS">services</w> <c type="pct">,</c> <w type="IN">in</w> <w type="NN">violation</w> <w type="IN">of</w> <w type="AT">the</w> <w type="NNS">provisions</w> <w type="IN">of</w> <w type="AT">the</w> <w type="JJ" subtype="TL">Universal</w> <w type="JJ" subtype="TL">Military</w> <w type="NN" subtype="TL">Training</w> <w type="CC" subtype="TL">and</w> <w type="NN" subtype="TL">Service</w> <w type="NN" subtype="TL">Act</w> <c type="pct">,</c> <w type="CD" subtype="TL">62</w> <w type="NN" subtype="TL">Stat.</w> <w type="CD" subtype="TL">604,622</w> <c type="pct">,</c> <w type="CD" subtype="TL">50</w> <c type="pct">,</c> <w type="NP" subtype="TL">U.S.C.</w> <w type="NNS" subtype="TL">App.</w> <w type="NN">Aj</w> <w type="CD">462</w> <c type="pct">(</c> <w type="AT" subtype="TL">A</w> <c type="pct">)</c> <c type="pct">.</c> </s>
<s n="30"><w type="NN">Petitioner</w> <c type="pct">,</c> <w type="WPS">who</w> <w type="VBZ">claims</w> <w type="TO">to</w> <w type="BE">be</w> <w type="AT">a</w> <w type="JJ">conscientious</w> <w type="NN">objector</w> <c type="pct">,</c> <w type="VBZ">contends</w> <w type="CS">that</w> <w type="PPS">he</w> <w type="BEDZ">was</w> <w type="VBN">denied</w> <w type="JJ">due</w> <w type="NN">process</w> <c type="pct">,</c> <w type="ABX">both</w> <w type="IN">in</w> <w type="AT">the</w> <w type="NNS">proceedings</w> <w type="IN">before</w> <w type="AT">a</w> <w type="NN">hearing</w> <w type="NN">officer</w> <w type="IN">of</w> <w type="AT">the</w> <w type="NN" subtype="TL">Department</w> <w type="IN" subtype="TL">of</w> <w type="NN" subtype="TL">Justice</w> <w type="CC">and</w> <w type="IN">at</w> <w type="NN">trial</w> <c type="pct">.</c> </s>
<s n="31"><w type="PPS">He</w> <w type="VBZ">says</w> <w type="CS">that</w> <w type="PPS">he</w> <w type="BEDZ">was</w> <w type="NEG">not</w> <w type="VBN">permitted</w> <w type="TO">to</w> <w type="VB">rebut</w> <w type="IN">before</w> <w type="AT">the</w> <w type="NN">hearing</w> <w type="NN">officer</w> <w type="NNS">statements</w> <w type="VBN">attributed</w> <w type="IN">to</w> <w type="PPO">him</w> <w type="IN">by</w> <w type="AT">the</w> <w type="JJ">local</w> <w type="NN">board</w> <c type="pct">,</c> <w type="CC">and</w> <c type="pct">,</c> <w type="RBR">further</w> <c type="pct">,</c> <w type="CS">that</w> <w type="PPS">he</w> <w type="BEDZ">was</w> <w type="VBN">denied</w> <w type="IN">at</w> <w type="NN">trial</w> <w type="AT">the</w> <w type="NN">right</w> <w type="TO">to</w> <w type="HV">have</w> <w type="AT">the</w> <w type="NN" subtype="TL">Department</w> <w type="IN" subtype="TL">of</w> <w type="NN" subtype="TL">Justice</w> <w type="NN">hearing</w> <w type="NNg">officer's</w> <w type="NN">report</w> <w type="CC">and</w> <w type="AT">the</w> <w type="JJ">original</w> <w type="NN">report</w> <w type="IN">of</w> <w type="AT">the</w> <w type="JJ" subtype="TL">Federal</w> <w type="NN" subtype="TL">Bureau</w> <w type="IN" subtype="TL">of</w> <w type="NN" subtype="TL">Investigation</w> <w type="IN">as</w> <w type="IN">to</w> <w type="PPg">his</w> <w type="NN">claim</w> <c type="pct">--</c> <w type="ABN">all</w> <w type="IN">in</w> <w type="NN">violation</w> <w type="IN">of</w> <w type="AT">the</w> <w type="OD" subtype="TL">Fifth</w> <w type="NN" subtype="TL">Amendment</w> <c type="pct">.</c> </s>
<s n="32"><w type="AT">The</w> <w type="NN">trial</w> <w type="NN">judge</w> <w type="VBD">decided</w> <w type="CS">that</w> <w type="AT">the</w> <w type="JJ">administrative</w> <w type="NNS">procedures</w> <w type="IN">of</w> <w type="AT">the</w> <w type="NN" subtype="TL">Act</w> <w type="BED">were</w> <w type="RB">fully</w> <w type="VBN">complied</w> <w type="IN">with</w> <w type="CC">and</w> <w type="VBD">refused</w> <w type="TO">to</w> <w type="VB">require</w> <w type="AT">the</w> <w type="NN">production</w> <w type="IN">of</w> <w type="JJ">such</w> <w type="NNS">documents</w> <c type="pct">.</c> </s>
<s n="33"><w type="NN">Petitioner</w> <w type="BEDZ">was</w> <w type="VBN">found</w> <w type="JJ">guilty</w> <w type="CC">and</w> <w type="VBN">sentenced</w> <w type="IN">to</w> <w type="CD">15</w> <w type="NNSg">months'</w> <w type="NN">imprisonment</w> <c type="pct">.</c> </s>
<s n="34"><w type="AT">The</w> <w type="NN" subtype="TL">Court</w> <w type="IN" subtype="TL">of</w> <w type="NNS" subtype="TL">Appeals</w> <w type="VBD">affirmed</w> <c type="pct">.</c> </s>
<s n="35"><w type="CD">269</w> <w type="NP">F.</w> <w type="CD">2d</w> <w type="CD">613</w> <c type="pct">.</c> </s>
<s n="36"><w type="PPSS">We</w> <w type="VBD">granted</w> <w type="NN">certiorari</w> <w type="IN">in</w> <w type="NN">view</w> <w type="IN">of</w> <w type="AT">the</w> <w type="NN">importance</w> <w type="IN">of</w> <w type="AT">the</w> <w type="NNS">questions</w> <w type="IN">in</w> <w type="AT">the</w> <w type="NN">administration</w> <w type="IN">of</w> <w type="AT">the</w> <w type="NN" subtype="TL">Act</w> <c type="pct">.</c> </s>
<s n="37"><w type="CD" subtype="TL">361</w> <w type="NP" subtype="TL">U.</w> <w type="NP" subtype="TL">S.</w> <w type="NP">899</w> <c type="pct">.</c> </s>
<s n="38"><w type="PPSS">We</w> <w type="HV">have</w> <w type="VBN">concluded</w> <w type="CS">that</w> <w type="NNg">petitioner's</w> <w type="NNS">claims</w> <w type="BER">are</w> <w type="VBN">controlled</w> <w type="IN">by</w> <w type="AT">the</w> <w type="NN">rationale</w> <w type="IN">of</w> <w type="NP" subtype="TL">Gonzales</w> <w type="IN" subtype="TL">v.</w> <w type="VBN" subtype="TL">United</w> <w type="NNS" subtype="TL">States</w> <c type="pct">,</c> <w type="CD" subtype="TL">348</w> <w type="NP" subtype="TL">U.S.</w> <w type="CD" subtype="TL">407</w> <c type="pct">(</c> <w type="CD">1955</w> <c type="pct">)</c> <c type="pct">,</c> <w type="CC">and</w> <w type="VBN" subtype="TL">United</w> <w type="NNS" subtype="TL">States</w> <w type="IN" subtype="TL">v.</w> <w type="NP" subtype="TL">Nugent</w> <c type="pct">,</c> <w type="CD" subtype="TL">346</w> <w type="NP" subtype="TL">U.S.</w> <w type="CD" subtype="TL">1</w> <c type="pct">(</c> <w type="CD">1953</w> <c type="pct">)</c> <c type="pct">,</c> <w type="CC">and</w> <w type="RB">therefore</w> <w type="VB">affirm</w> <w type="AT">the</w> <w type="NN">judgment</w> <c type="pct">.</c> </s>
</p>
<p><s n="39"><w type="NN">Petitioner</w> <w type="VBD">registered</w> <w type="IN">with</w> <w type="JJ" subtype="TL">Local</w> <w type="NN" subtype="TL">Board</w> <w type="NN" subtype="TL">No.</w> <w type="CD" subtype="TL">9</w> <c type="pct">,</c> <w type="NP">Boulder</w> <c type="pct">,</c> <w type="NP">Colorado</w> <c type="pct">,</c> <w type="IN">on</w> <w type="NP">March</w> <w type="CD">17</w> <c type="pct">,</c> <w type="CD">1952</w> <c type="pct">.</c> </s>
<s n="40"><w type="PPg">His</w> <w type="NNS">answers</w> <w type="IN">to</w> <w type="AT">the</w> <w type="NN">classification</w> <w type="NN">questionnaire</w> <w type="VBD">reflected</w> <w type="CS">that</w> <w type="PPS">he</w> <w type="BEDZ">was</w> <w type="AT">a</w> <w type="NN">minister</w> <w type="IN">of</w> <w type="NPg" subtype="TL">Jehovah's</w> <w type="NNS" subtype="TL">Witnesses</w> <c type="pct">,</c> <w type="VBN">employed</w> <w type="IN">at</w> <w type="NN">night</w> <w type="IN">by</w> <w type="AT">a</w> <w type="NN">sugar</w> <w type="NN">producer</w> <c type="pct">.</c> </s>
<s n="41"><w type="PPS">He</w> <w type="VBD">claimed</w> <w type="CD">4-d</w> <w type="NN">classification</w> <w type="CS">as</w> <w type="AT">a</w> <w type="NN">minister</w> <w type="IN">of</w> <w type="NN">religion</w> <c type="pct">,</c> <w type="VBG">devoting</w> <w type="AT">a</w> <w type="NN">minimum</w> <w type="IN">of</w> <w type="CD">100</w> <w type="NNS">hours</w> <w type="AT">a</w> <w type="NN">month</w> <w type="IN">to</w> <w type="VBG">preaching</w> <c type="pct">.</c> </s>
<s n="42"><w type="IN">On</w> <w type="NP">November</w> <w type="CD">13</w> <c type="pct">,</c> <w type="CD">1952</w> <c type="pct">,</c> <w type="PPS">he</w> <w type="BEDZ">was</w> <w type="VBN">classified</w> <w type="IN">in</w> <w type="NN" subtype="TL">Class</w> <w type="CD" subtype="TL">1-a</w> <c type="pct">.</c> </s>
<s n="43"><w type="IN">On</w> <w type="NP">November</w> <w type="CD">22</w> <c type="pct">,</c> <w type="CD">1952</w> <c type="pct">,</c> <w type="PPS">he</w> <w type="VBD">wrote</w> <w type="AT">the</w> <w type="NN" subtype="TL">Board</w> <c type="pct">,</c> <w type="VBG">protesting</w> <w type="DT">this</w> <w type="NN">classification</w> <c type="pct">.</c> </s>
<s n="44"><w type="PPS">He</w> <w type="RB">again</w> <w type="VBD">stated</w> <w type="CS">that</w> <w type="PPS">he</w> <w type="BEDZ">was</w> <c type="pct">``</c> <w type="AT">a</w> <w type="JJ">regular</w> <w type="NN">minister</w> <c type="pct">''</c> <c type="pct">;</c> <c type="pct">;</c> </s>
<s n="45"><w type="CS">that</w> <w type="PPS">he</w> <w type="BEDZ">was</w> <c type="pct">``</c> <w type="VBG">devoting</w> <w type="AT">an</w> <w type="NN">average</w> <w type="IN">of</w> <w type="CD">100</w> <w type="NNS">hours</w> <w type="AT">a</w> <w type="NN">month</w> <w type="IN">to</w> <w type="JJ">actual</w> <w type="NN">preaching</w> <w type="RB">publicly</w> <c type="pct">''</c> <c type="pct">,</c> <w type="IN">in</w> <w type="NN">addition</w> <w type="IN">to</w> <w type="CD">50</w> <w type="IN">to</w> <w type="CD">75</w> <w type="NNS">hours</w> <w type="IN">in</w> <w type="AP">other</w> <w type="JJ">ministerial</w> <w type="NNS">duties</w> <c type="pct">,</c> <w type="CC">and</w> <w type="CS">that</w> <w type="PPS">he</w> <w type="VBD">opposed</w> <w type="NN">war</w> <w type="IN">in</w> <w type="DTI">any</w> <w type="NN">form</w> <c type="pct">.</c> </s>
<s n="46"><w type="RB">Thereafter</w> <w type="PPS">he</w> <w type="BEDZ">was</w> <w type="VBN">classified</w> <w type="CD">1-o</w> <c type="pct">.</c> </s>
<s n="47"><w type="IN">On</w> <w type="NP">April</w> <w type="CD">1</w> <c type="pct">,</c> <w type="CD">1953</w> <c type="pct">,</c> <w type="IN">after</w> <w type="RB">some</w> <w type="CD">six</w> <w type="NNS">months</w> <w type="IN">of</w> <w type="JJ">full-time</w> <c type="pct">``</c> <w type="VBG">pioneering</w> <c type="pct">''</c> <c type="pct">,</c> <w type="NN">petitioner</w> <w type="VBD">discontinued</w> <w type="VBG">devoting</w> <w type="CD">100</w> <w type="NNS">hours</w> <w type="AT">a</w> <w type="NN">month</w> <w type="IN">to</w> <w type="VBG">preaching</w> <c type="pct">,</c> <w type="CC">but</w> <w type="VBD">failed</w> <w type="TO">to</w> <w type="RB">so</w> <w type="VB">notify</w> <w type="PPg">his</w> <w type="JJ">local</w> <w type="NN">board</w> <c type="pct">.</c> </s>
<s n="48"><w type="IN">In</w> <w type="AT">a</w> <w type="JJ">periodic</w> <w type="NN">review</w> <c type="pct">,</c> <w type="AT">the</w> <w type="JJ">local</w> <w type="NN">board</w> <w type="IN">on</w> <w type="NP">July</w> <w type="CD">30</w> <c type="pct">,</c> <w type="CD">1953</w> <c type="pct">,</c> <w type="VBD">reclassified</w> <w type="PPO">him</w> <w type="CD">1-a</w> <w type="CC">and</w> <w type="VBD">upheld</w> <w type="DT">this</w> <w type="NN">classification</w> <w type="IN">after</w> <w type="AT">a</w> <w type="JJ">personal</w> <w type="NN">appearance</w> <w type="IN">by</w> <w type="NN">petitioner</w> <c type="pct">,</c> <w type="RB">because</w> <w type="IN">of</w> <w type="PPg">his</w> <w type="NN">willingness</w> <w type="TO">to</w> <w type="VB">kill</w> <w type="IN">in</w> <w type="NN">defense</w> <w type="IN">of</w> <w type="PPg">his</w> <w type="NN">church</w> <w type="CC">and</w> <w type="NN">home</w> <c type="pct">.</c> </s>
<s n="49"><w type="IN">Upon</w> <w type="JJ">administrative</w> <w type="NN">approval</w> <w type="IN">of</w> <w type="AT">the</w> <w type="NN">reclassification</w> <c type="pct">,</c> <w type="PPS">he</w> <w type="BEDZ">was</w> <w type="VBN">ordered</w> <w type="TO">to</w> <w type="VB">report</w> <w type="IN">for</w> <w type="NN">induction</w> <w type="IN">on</w> <w type="NP">June</w> <w type="CD">11</w> <c type="pct">,</c> <w type="CD">1956</w> <c type="pct">,</c> <w type="CC">but</w> <w type="VBD">failed</w> <w type="TO">to</w> <w type="DO">do</w> <w type="RB">so</w> <c type="pct">.</c> </s>
<s n="50"><w type="PPS">He</w> <w type="BEDZ">was</w> <w type="NEG">not</w> <w type="VBN">prosecuted</w> <c type="pct">,</c> <w type="RB">however</w> <c type="pct">,</c> <w type="CC">and</w> <w type="PPg">his</w> <w type="NN">case</w> <w type="BEDZ">was</w> <w type="RB">subsequently</w> <w type="VBN">reopened</w> <c type="pct">,</c> <w type="IN">in</w> <w type="AT">the</w> <w type="NN">light</w> <w type="IN">of</w> <w type="NP" subtype="TL">Sicurella</w> <w type="IN" subtype="TL">v.</w> <w type="VBN" subtype="TL">United</w> <w type="NNS" subtype="TL">States</w> <c type="pct">,</c> <w type="CD" subtype="TL">348</w> <w type="NP" subtype="TL">U.S.</w> <w type="NP" subtype="TL">385</w> <c type="pct">(</c> <w type="CD">1955</w> <c type="pct">)</c> <c type="pct">.</c> </s>
<s n="51"><w type="PPS">He</w> <w type="BEDZ">was</w> <w type="RB">again</w> <w type="VBN">reclassified</w> <w type="CD">1-a</w> <w type="IN">by</w> <w type="AT">the</w> <w type="JJ">local</w> <w type="NN">board</w> <c type="pct">.</c> </s>
<s n="52"><w type="EX">There</w> <w type="VBD">followed</w> <w type="AT">a</w> <w type="JJ">customary</w> <w type="NN" subtype="TL">Department</w> <w type="IN" subtype="TL">of</w> <w type="NN" subtype="TL">Justice</w> <w type="NN">hearing</w> <c type="pct">,</c> <w type="IN">at</w> <w type="WDT">which</w> <w type="NN">petitioner</w> <w type="VBD">appeared</w> <c type="pct">.</c> </s>
<s n="53"><w type="IN">In</w> <w type="PPg">his</w> <w type="NN">report</w> <w type="IN">to</w> <w type="AT">the</w> <w type="NN" subtype="TL">Attorney</w> <w type="JJ" subtype="TL">General</w> <c type="pct">,</c> <w type="AT">the</w> <w type="NN">hearing</w> <w type="NN">officer</w> <w type="VBD">suggested</w> <w type="CS">that</w> <w type="AT">the</w> <w type="NN">petitioner</w> <w type="BE">be</w> <w type="JJ">exempt</w> <w type="RB">only</w> <w type="IN">from</w> <w type="JJ">combatant</w> <w type="NN">training</w> <w type="CC">and</w> <w type="NN">service</w> <c type="pct">.</c> </s>
<s n="54"><w type="IN">On</w> <w type="NP">March</w> <w type="CD">21</w> <c type="pct">,</c> <w type="CD">1957</w> <c type="pct">,</c> <w type="RB">however</w> <c type="pct">,</c> <w type="AT">the</w> <w type="NN" subtype="TL">Department</w> <w type="VBD">recommended</w> <w type="NN">approval</w> <w type="IN">of</w> <w type="AT">the</w> <w type="CD">1-a</w> <w type="NN">classification</w> <c type="pct">.</c> </s>
<s n="55"><w type="PPg">Its</w> <w type="NN">ground</w> <w type="IN">for</w> <w type="DT">this</w> <w type="NN">recommendation</w> <w type="BEDZ">was</w> <w type="CS">that</w> <c type="pct">,</c> <w type="CS">while</w> <w type="NN">petitioner</w> <w type="VBD">claimed</w> <w type="IN">before</w> <w type="AT">the</w> <w type="JJ">local</w> <w type="NN">board</w> <w type="NP">August</w> <w type="CD">17</w> <c type="pct">,</c> <w type="CD">1956</w> <c type="pct">(</c> <w type="CS">as</w> <w type="VBN">evidenced</w> <w type="IN">by</w> <w type="PPg">its</w> <w type="NN">memorandum</w> <w type="IN">in</w> <w type="PPg">his</w> <w type="NN">file</w> <w type="IN">of</w> <w type="DT">that</w> <w type="NN">date</w> <c type="pct">)</c> <c type="pct">,</c> <w type="CS">that</w> <w type="PPS">he</w> <w type="BEDZ">was</w> <w type="VBG">devoting</w> <w type="CD">100</w> <w type="NNS">hours</w> <w type="IN">per</w> <w type="NN">month</w> <w type="IN">to</w> <w type="JJ">actual</w> <w type="NN">preaching</w> <c type="pct">,</c> <w type="AT">the</w> <w type="NN">headquarters</w> <w type="IN">of</w> <w type="AT">the</w> <w type="NPg" subtype="TL">Jehovah's</w> <w type="NNS" subtype="TL">Witnesses</w> <w type="VBD">reported</w> <w type="CS">that</w> <w type="PPS">he</w> <w type="BEDZ">was</w> <w type="QL">no</w> <w type="RBR">longer</w> <w type="VBG">doing</w> <w type="RB">so</w> <w type="CC">and</w> <c type="pct">,</c> <w type="IN">on</w> <w type="AT">the</w> <w type="JJ">contrary</w> <c type="pct">,</c> <w type="HVD">had</w> <w type="VBN">relinquished</w> <w type="ABX">both</w> <w type="PPg">his</w> <w type="NN" subtype="TL">Pioneer</w> <w type="CC">and</w> <w type="NP" subtype="TL">Bible</w> <w type="NN" subtype="TL">Student</w> <w type="NN" subtype="TL">Servant</w> <w type="NNS">positions</w> <c type="pct">.</c> </s>
<s n="56"><w type="PPS">It</w> <w type="VBD">reported</w> <w type="CS">that</w> <w type="PPS">he</w> <w type="RB">now</w> <w type="VBD">devoted</w> <w type="RB">only</w> <w type="RB">some</w> <w type="CD">6-1/2</w> <w type="NNS">hours</w> <w type="IN">per</w> <w type="NN">month</w> <w type="IN">to</w> <w type="JJ">public</w> <w type="NN">preaching</w> <w type="CC">and</w> <w type="IN">from</w> <w type="CD">20</w> <w type="IN">to</w> <w type="CD">25</w> <w type="NNS">hours</w> <w type="IN">per</w> <w type="NN">month</w> <w type="IN">to</w> <w type="NN">church</w> <w type="NNS">activities</w> <c type="pct">.</c> </s>
<s n="57"><w type="PPg">His</w> <w type="NN">claim</w> <w type="BEDZ">was</w> <w type="RB">therefore</w> <c type="pct">``</c> <w type="QL">so</w> <w type="QL">highly</w> <w type="VBN">exaggerated</w> <c type="pct">''</c> <c type="pct">,</c> <w type="AT">the</w> <w type="NN" subtype="TL">Department</w> <w type="VBD">concluded</w> <c type="pct">,</c> <w type="CS">that</w> <w type="PPS">it</w> <c type="pct">``</c> <w type="VBD">cast</w> <w type="NN">doubt</w> <w type="IN">upon</w> <w type="PPg">his</w> <w type="NN">veracity</w> <w type="CC">and</w> <c type="pct">,</c> <w type="RB">consequently</w> <c type="pct">,</c> <w type="IN">upon</w> <w type="PPg">his</w> <w type="NN">sincerity</w> <w type="CC">and</w> <w type="JJ">good</w> <w type="NN">faith</w> <c type="pct">''</c> <c type="pct">.</c> </s>
<s n="58"><w type="AT">The</w> <w type="NN">appeal</w> <w type="NN">board</w> <w type="VBD">furnished</w> <w type="NN">petitioner</w> <w type="AT">a</w> <w type="NN">copy</w> <w type="IN">of</w> <w type="AT">the</w> <w type="NN">recommendation</w> <c type="pct">.</c> </s>
<s n="59"><w type="IN">In</w> <w type="PPg">his</w> <w type="NN">answer</w> <w type="RB">thereto</w> <c type="pct">,</c> <w type="PPS">he</w> <w type="VBD">advised</w> <w type="AT">the</w> <w type="NN" subtype="TL">Board</w> <w type="CS">that</w> <w type="PPS">he</w> <w type="HVD">had</w> <w type="VBN">made</w> <w type="AT">no</w> <w type="JJ">such</w> <w type="NN">statement</w> <w type="IN">in</w> <w type="CD">1956</w> <c type="pct">,</c> <w type="CC">and</w> <w type="VBD">asserted</w> <w type="CS">that</w> <w type="PPg">his</w> <w type="AP">only</w> <w type="NN">claim</w> <w type="IN">to</w> <c type="pct">``</c> <w type="VBG">pioneering</w> <c type="pct">''</c> <w type="BEDZ">was</w> <w type="IN">in</w> <w type="CD">1952</w> <c type="pct">.</c> </s>
<s n="60"><w type="AT">The</w> <w type="NN">appeal</w> <w type="NN">board</w> <c type="pct">,</c> <w type="RB">however</w> <c type="pct">,</c> <w type="RB">unanimously</w> <w type="VBD">concurred</w> <w type="IN">in</w> <w type="AT">the</w> <w type="NNg" subtype="TL">Department's</w> <w type="NN">recommendation</w> <c type="pct">.</c> </s>
<s n="61"><w type="IN">Upon</w> <w type="NN">return</w> <w type="IN">of</w> <w type="AT">the</w> <w type="NN">file</w> <w type="IN">to</w> <w type="AT">the</w> <w type="JJ">local</w> <w type="NN">board</w> <c type="pct">,</c> <w type="NN">petitioner</w> <w type="BEDZ">was</w> <w type="RB">again</w> <w type="VBN">ordered</w> <w type="TO">to</w> <w type="VB">report</w> <w type="IN">for</w> <w type="NN">induction</w> <w type="CC">and</w> <w type="DT">this</w> <w type="NN">prosecution</w> <w type="VBD">followed</w> <w type="PPg">his</w> <w type="NN">failure</w> <w type="TO">to</w> <w type="DO">do</w> <w type="RB">so</w> <c type="pct">.</c> </s>
</p>
<p><s n="62"><w type="NN">Petitioner</w> <w type="RB">first</w> <w type="VBZ">contends</w> <w type="CS">that</w> <w type="AT">the</w> <w type="NN" subtype="TL">Department</w> <w type="VBD">denied</w> <w type="PPO">him</w> <w type="JJ">procedural</w> <w type="JJ">due</w> <w type="NN">process</w> <w type="IN">by</w> <w type="NEG">not</w> <w type="VBG">giving</w> <w type="PPO">him</w> <w type="JJ">timely</w> <w type="NN">opportunity</w> <c type="pct">,</c> <w type="IN">before</w> <w type="PPg">its</w> <w type="JJ">final</w> <w type="NN">recommendation</w> <w type="IN">to</w> <w type="AT">the</w> <w type="NN">appeal</w> <w type="NN">board</w> <c type="pct">,</c> <w type="TO">to</w> <w type="VB">answer</w> <w type="AT">the</w> <w type="NN">statement</w> <w type="IN">of</w> <w type="AT">the</w> <w type="JJ">local</w> <w type="NN">board</w> <w type="IN">as</w> <w type="IN">to</w> <w type="PPg">his</w> <w type="NN">claim</w> <w type="IN">of</w> <w type="VBG">devoting</w> <w type="CD">100</w> <w type="NNS">hours</w> <w type="IN">to</w> <w type="JJ">actual</w> <w type="NN">preaching</w> <c type="pct">.</c> </s>
<s n="63"><w type="CC">But</w> <w type="AT">the</w> <w type="NN">statement</w> <w type="IN">of</w> <w type="AT">the</w> <w type="JJ">local</w> <w type="NN">board</w> <w type="VBG">attributing</w> <w type="DT">this</w> <w type="NN">claim</w> <w type="IN">to</w> <w type="NN">petitioner</w> <w type="BEDZ">was</w> <w type="IN">in</w> <w type="PPg">his</w> <w type="NN">file</w> <c type="pct">.</c> </s>
<s n="64"><w type="PPS">He</w> <w type="VBD">admitted</w> <w type="CS">that</w> <w type="PPS">he</w> <w type="VBD">knew</w> <w type="PPS">it</w> <w type="BEDZ">was</w> <w type="JJ">open</w> <w type="IN">to</w> <w type="PPO">him</w> <w type="IN">at</w> <w type="ABN">all</w> <w type="NNS">times</w> <c type="pct">,</c> <w type="CC">and</w> <w type="PPS">he</w> <w type="MD">could</w> <w type="HV">have</w> <w type="VBN">rebutted</w> <w type="PPO">it</w> <w type="IN">before</w> <w type="AT">the</w> <w type="NN">hearing</w> <w type="NN">officer</w> <c type="pct">.</c> </s>
<s n="65"><w type="DT">This</w> <w type="PPS">he</w> <w type="VBD">failed</w> <w type="TO">to</w> <w type="DO">do</w> <c type="pct">,</c> <w type="VBG">asserting</w> <w type="CS">that</w> <w type="PPS">he</w> <w type="DOD">did</w> <w type="NEG">not</w> <w type="VB">know</w> <w type="PPO">it</w> <w type="TO">to</w> <w type="BE">be</w> <w type="IN">in</w> <w type="PPg">his</w> <w type="NN">file</w> <c type="pct">.</c> </s>
<s n="66"><w type="RB">Apparently</w> <w type="PPS">he</w> <w type="RB">never</w> <w type="VBD">took</w> <w type="AT">the</w> <w type="NN">trouble</w> <w type="TO">to</w> <w type="VB">find</w> <w type="RP">out</w> <c type="pct">.</c> </s>
<s n="67"><w type="RB">Nevertheless</w> <w type="PPS">he</w> <w type="HVD">had</w> <w type="JJ">ample</w> <w type="NN">opportunity</w> <w type="TO">to</w> <w type="VB">contest</w> <w type="AT">the</w> <w type="NN">statement</w> <w type="IN">before</w> <w type="AT">the</w> <w type="NN">appeal</w> <w type="NN">board</w> <c type="pct">.</c> </s>
<s n="68"><w type="CS">After</w> <w type="AT">the</w> <w type="NN">recommendation</w> <w type="IN">of</w> <w type="AT">the</w> <w type="NN" subtype="TL">Department</w> <w type="BEZ">is</w> <w type="VBN">forwarded</w> <w type="IN">to</w> <w type="AT">the</w> <w type="NN">appeal</w> <w type="NN">board</w> <c type="pct">,</c> <w type="DT">that</w> <w type="BEZ">is</w> <w type="AT">the</w> <w type="JJ">appropriate</w> <w type="NN">place</w> <w type="IN">for</w> <w type="AT">a</w> <w type="NN">registrant</w> <w type="TO">to</w> <w type="VB">lodge</w> <w type="PPg">his</w> <w type="NN">denial</w> <c type="pct">.</c> </s>
<s n="69"><w type="DT">This</w> <w type="PPS">he</w> <w type="DOD">did</w> <c type="pct">.</c> </s>
<s n="70"><w type="PPSS">We</w> <w type="VBD">found</w> <w type="IN">in</w> <w type="NP" subtype="TL">Gonzales</w> <w type="IN" subtype="TL">v.</w> <w type="VBN" subtype="TL">United</w> <w type="NNS" subtype="TL">States</w> <c type="pct">,</c> <w type="RB">supra</w> <c type="pct">,</c> <w type="CS">that</w> <w type="DT">this</w> <w type="BEDZ">was</w> <w type="AT">the</w> <w type="VBG">controlling</w> <w type="NN">reason</w> <w type="WRB">why</w> <w type="NNS">copies</w> <w type="IN">of</w> <w type="AT">the</w> <w type="NN">recommendation</w> <w type="MD">should</w> <w type="BE">be</w> <w type="VBN">furnished</w> <w type="AT">a</w> <w type="NN">registrant</w> <c type="pct">.</c> </s>
<s n="71"><w type="PPSS">We</w> <w type="VBD">said</w> <w type="RB">there</w> <w type="CS">that</w> <w type="PPS">it</w> <w type="BEDZ">was</w> <w type="JJ">necessary</w> <c type="pct">``</c> <w type="CS">that</w> <w type="AT">a</w> <w type="NN">registrant</w> <w type="BE">be</w> <w type="VBN">given</w> <w type="AT">an</w> <w type="NN">opportunity</w> <w type="TO">to</w> <w type="VB">rebut</w> <c type="pct">(</c> <w type="AT">the</w> <w type="NNg" subtype="TL">Department's</w> <c type="pct">)</c> <w type="NN">recommendation</w> <w type="WRB">when</w> <w type="PPS">it</w> <w type="VBZ">comes</w> <w type="IN">to</w> <w type="AT">the</w> <w type="NN" subtype="TL">Appeal</w> <w type="NN" subtype="TL">Board</w> <c type="pct">,</c> <w type="AT">the</w> <w type="NN">agency</w> <w type="IN">with</w> <w type="AT">the</w> <w type="JJ">ultimate</w> <w type="NN">responsibility</w> <w type="IN">for</w> <w type="NN">classification</w> <c type="pct">''</c> <c type="pct">.</c> </s>
<s n="72"><w type="CD">348</w> <w type="NP">U.S.</w> <c type="pct">,</c> <w type="IN">at</w> <w type="CD">412</w> <c type="pct">.</c> </s>
<s n="73"><w type="PPSS">We</w> <w type="VB">fail</w> <w type="TO">to</w> <w type="VB">see</w> <w type="WRB">how</w> <w type="JJ">such</w> <w type="NN">procedure</w> <w type="VBD">resulted</w> <w type="IN">in</w> <w type="DTI">any</w> <w type="NN">prejudice</w> <w type="IN">to</w> <w type="NNg">petitioner's</w> <w type="NN">contention</w> <c type="pct">,</c> <w type="WDT">which</w> <w type="BEDZ">was</w> <w type="VBN">considered</w> <w type="IN">by</w> <w type="AT">the</w> <w type="NN">appeal</w> <w type="NN">board</w> <w type="CC">and</w> <w type="VBN">denied</w> <w type="IN">by</w> <w type="PPO">it</w> <c type="pct">.</c> </s>
<s n="74"><w type="CS">As</w> <w type="BEDZ">was</w> <w type="VBN">said</w> <w type="IN">in</w> <w type="NP">Gonzales</w> <c type="pct">,</c> <c type="pct">``</c> <w type="PPS">it</w> <w type="BEZ">is</w> <w type="AT">the</w> <w type="NN" subtype="TL">Appeal</w> <w type="NN" subtype="TL">Board</w> <w type="WDT">which</w> <w type="VBZ">renders</w> <w type="AT">the</w> <w type="JJ">selective</w> <w type="NN">service</w> <w type="NN">determination</w> <w type="VBN">considered</w> <c type="pct">'</c> <w type="JJ">final</w> <c type="pct">'</c> <w type="IN">in</w> <w type="AT">the</w> <w type="NNS">courts</w> <c type="pct">,</c> <w type="NEG">not</w> <w type="TO">to</w> <w type="BE">be</w> <w type="VBN">overturned</w> <w type="CS">unless</w> <w type="EX">there</w> <w type="BEZ">is</w> <w type="AT">no</w> <w type="NN">basis</w> <w type="IN">in</w> <w type="NN">fact</w> <c type="pct">.</c> </s>
<s n="75"><w type="NP" subtype="TL">Estep</w> <w type="IN" subtype="TL">v.</w> <w type="VBN" subtype="TL">United</w> <w type="NNS" subtype="TL">States</w> <c type="pct">,</c> <w type="CD" subtype="TL">327</w> <w type="NP" subtype="TL">U.S.</w> <w type="CD" subtype="TL">114</w> <c type="pct">''</c> <c type="pct">.</c> </s>
<s n="76"><w type="CD" subtype="TL">348</w> <w type="NP" subtype="TL">U.</w> <w type="NP" subtype="TL">S.</w> <c type="pct">,</c> <w type="IN">at</w> <w type="CD">412-413</w> <c type="pct">.</c> </s>
</p>
<p><s n="77"><w type="CC">But</w> <w type="EX">there</w> <w type="BER">are</w> <w type="AP">other</w> <w type="NNS">contentions</w> <w type="WDT">which</w> <w type="MD">might</w> <w type="BE">be</w> <w type="VBN">considered</w> <w type="QL">more</w> <w type="JJ">difficult</w> <c type="pct">.</c> </s>
<s n="78"><w type="IN">At</w> <w type="PPg">his</w> <w type="NN">trial</w> <c type="pct">,</c> <w type="NN">petitioner</w> <w type="VBD">sought</w> <w type="TO">to</w> <w type="VB">secure</w> <w type="IN">through</w> <w type="NN" subtype="FW">subpoena</w> <w type="VB" subtype="FW">duces</w> <mw pos="PPO IN" subtype="FW">tecum </mw><w type="AT">the</w> <w type="NN">longhand</w> <w type="NNS">notes</w> <w type="IN">of</w> <w type="AT">the</w> <w type="NNg" subtype="TL">Department's</w> <w type="NN">hearing</w> <w type="NN">officer</w> <c type="pct">,</c> <w type="NP">Evensen</w> <c type="pct">,</c> <w type="QL">as</w> <w type="RB">well</w> <w type="CS">as</w> <w type="PPg">his</w> <w type="NN">report</w> <w type="RB">thereon</w> <c type="pct">.</c> </s>
<s n="79"><w type="NN">Petitioner</w> <w type="RB">also</w> <w type="VBD">claimed</w> <w type="IN">at</w> <w type="NN">trial</w> <w type="AT">the</w> <w type="NN">right</w> <w type="TO">to</w> <w type="VB">inspect</w> <w type="AT">the</w> <w type="JJ">original</w> <w type="JJ" subtype="TL">Federal</w> <w type="NN" subtype="TL">Bureau</w> <w type="IN" subtype="TL">of</w> <w type="NN" subtype="TL">Investigation</w> <w type="NNS">reports</w> <w type="IN">to</w> <w type="AT">the</w> <w type="NN" subtype="TL">Department</w> <w type="IN" subtype="TL">of</w> <w type="NN" subtype="TL">Justice</w> <c type="pct">.</c> </s>
<s n="80"><w type="PPS">He</w> <w type="VBD">alleged</w> <w type="AT">no</w> <w type="JJ">specific</w> <w type="JJ">procedural</w> <w type="NNS">errors</w> <w type="CC">or</w> <w type="NN">evidence</w> <w type="VBN">withheld</w> <c type="pct">;</c> <c type="pct">;</c> </s>
<s n="81"><w type="CC">nor</w> <w type="DOD">did</w> <w type="PPS">he</w> <w type="VB">elaborate</w> <w type="RB">just</w> <w type="WDT">what</w> <w type="JJ">favorable</w> <w type="NN">evidence</w> <w type="AT">the</w> <w type="JJ" subtype="TL">Federal</w> <w type="NN" subtype="TL">Bureau</w> <w type="IN" subtype="TL">of</w> <w type="NN" subtype="TL">Investigation</w> <w type="NNS">reports</w> <w type="MD">might</w> <w type="VB">disclose</w> <c type="pct">.</c> </s>
</p>
<p><s n="82"><w type="NN">Section</w> <w type="CD">6(j)</w> <w type="IN">of</w> <w type="AT">the</w> <w type="NN" subtype="TL">Act</w> <c type="pct">,</c> <w type="CS">as</w> <w type="PPSS">we</w> <w type="HV">have</w> <w type="VBN">held</w> <c type="pct">,</c> <w type="DOZ">does</w> <w type="VB">require</w> <w type="AT">the</w> <w type="NNg" subtype="TL">Department's</w> <w type="NN">recommendation</w> <w type="TO">to</w> <w type="BE">be</w> <w type="VBN">placed</w> <w type="IN">in</w> <w type="AT">a</w> <w type="NNg">registrant's</w> <w type="NN">file</w> <c type="pct">.</c> </s>
<s n="83"><w type="NP" subtype="TL">Gonzales</w> <w type="IN" subtype="TL">v.</w> <w type="VBN" subtype="TL">United</w> <w type="NNS" subtype="TL">States</w> <c type="pct">,</c> <w type="RB">supra</w> <c type="pct">.</c> </s>
<s n="84"><w type="CC">But</w> <w type="EX">there</w> <w type="BEZ">is</w> <w type="PN">nothing</w> <w type="IN">in</w> <w type="AT">the</w> <w type="NN" subtype="TL">Act</w> <w type="VBG">requiring</w> <w type="AT">the</w> <w type="NN">hearing</w> <w type="NNg">officer's</w> <w type="NN">report</w> <w type="TO">to</w> <w type="BE">be</w> <w type="RB">likewise</w> <w type="VBN">turned</w> <w type="RP">over</w> <w type="IN">to</w> <w type="AT">the</w> <w type="NN">registrant</w> <c type="pct">.</c> </s>
<s n="85"><w type="CS">While</w> <w type="AT">the</w> <w type="NNS">regulations</w> <w type="RB">formerly</w> <w type="VBD">required</w> <w type="CS">that</w> <w type="AT">the</w> <w type="NN">hearing</w> <w type="NNg">officer's</w> <w type="NN">report</w> <w type="BE">be</w> <w type="VBN">placed</w> <w type="IN">in</w> <w type="AT">the</w> <w type="NNg">registrant's</w> <w type="NN">file</w> <c type="pct">,</c> <w type="DT">this</w> <w type="NN">requirement</w> <w type="BEDZ">was</w> <w type="VBN">eliminated</w> <w type="IN">in</w> <w type="CD">1952</w> <c type="pct">.</c> </s>
<s n="86"><w type="RB">Moreover</w> <c type="pct">,</c> <w type="AT">the</w> <w type="NN">hearing</w> <w type="NNg">officer's</w> <w type="NN">report</w> <w type="BEZ">is</w> <w type="RB">but</w> <w type="JJ">intradepartmental</w> <c type="pct">,</c> <w type="BEZ">is</w> <w type="VBN">directed</w> <w type="IN">to</w> <w type="AT">the</w> <w type="NN" subtype="TL">Attorney</w> <w type="JJ" subtype="TL">General</w> <w type="CC">and</w> <c type="pct">,</c> <w type="IN">of</w> <w type="NN">course</w> <c type="pct">,</c> <w type="BEZ">is</w> <w type="NEG">not</w> <w type="AT">the</w> <w type="NN">recommendation</w> <w type="IN">of</w> <w type="AT">the</w> <w type="NN" subtype="TL">Department</w> <c type="pct">.</c> </s>
<s n="87"><w type="PPS">It</w> <w type="BEZ">is</w> <w type="NEG">not</w> <w type="RB">essentially</w> <w type="JJ">different</w> <w type="IN">from</w> <w type="AT">a</w> <w type="NN">memorandum</w> <w type="IN">of</w> <w type="AT">an</w> <w type="NN">attorney</w> <w type="IN">in</w> <w type="AT">the</w> <w type="NN" subtype="TL">Department</w> <w type="IN" subtype="TL">of</w> <w type="NN" subtype="TL">Justice</w> <c type="pct">,</c> <w type="IN">of</w> <w type="WDT">which</w> <w type="AT">the</w> <w type="NN" subtype="TL">Attorney</w> <w type="JJ" subtype="TL">General</w> <w type="VBZ">receives</w> <w type="AP">many</w> <c type="pct">,</c> <w type="CC">and</w> <w type="IN">to</w> <w type="WDT">which</w> <w type="PPS">he</w> <w type="MD">may</w> <w type="VB">give</w> <w type="PPg">his</w> <w type="NN">approval</w> <w type="CC">or</w> <w type="NN">rejection</w> <c type="pct">.</c> </s>
<s n="88"><w type="PPS">It</w> <w type="BEZ">is</w> <w type="RB">but</w> <w type="NN">part</w> <w type="IN">of</w> <w type="AT">the</w> <w type="JJ">whole</w> <w type="NN">process</w> <w type="IN">within</w> <w type="AT">the</w> <w type="NN" subtype="TL">Department</w> <w type="WPS">that</w> <w type="VBZ">goes</w> <w type="IN">into</w> <w type="AT">the</w> <w type="NN">making</w> <w type="IN">of</w> <w type="AT">the</w> <w type="JJ">final</w> <w type="NN">recommendation</w> <w type="IN">to</w> <w type="AT">the</w> <w type="NN">appeal</w> <w type="NN">board</w> <c type="pct">.</c> </s>
</p>
<p><s n="89"><w type="PPS">It</w> <w type="BEZ">is</w> <w type="RB">also</w> <w type="JJ">significant</w> <w type="CS">that</w> <w type="CC">neither</w> <w type="DT">this</w> <w type="NN">report</w> <w type="CC">nor</w> <w type="AT">the</w> <w type="NN">hearing</w> <w type="NNg">officer's</w> <w type="NNS">notes</w> <w type="BED">were</w> <w type="VBN">furnished</w> <w type="IN">to</w> <w type="AT">the</w> <w type="NN">appeal</w> <w type="NN">board</w> <c type="pct">.</c> </s>
<s n="90"><w type="RB">Hence</w> <w type="AT">the</w> <w type="NN">petitioner</w> <w type="HVD">had</w> <w type="JJ">full</w> <w type="NN">opportunity</w> <w type="TO">to</w> <w type="VB">traverse</w> <w type="AT">the</w> <w type="AP">only</w> <w type="NNS">conclusions</w> <w type="IN">of</w> <w type="AT">the</w> <w type="NN" subtype="TL">Department</w> <w type="IN">on</w> <w type="NN">file</w> <w type="IN">with</w> <w type="AT">the</w> <w type="NN" subtype="TL">Board</w> <c type="pct">.</c> </s>
<s n="91"><w type="NN">Petitioner</w> <w type="VBD">knew</w> <w type="CS">that</w> <w type="AT">the</w> <w type="NNg" subtype="TL">Department's</w> <w type="NN">recommendation</w> <w type="BEDZ">was</w> <w type="VBN">based</w> <w type="NEG">not</w> <w type="IN">on</w> <w type="AT">the</w> <w type="NN">hearing</w> <w type="NNg">officer's</w> <w type="NN">report</w> <w type="CC">but</w> <w type="IN">on</w> <w type="AT">the</w> <w type="NN">statement</w> <w type="IN">of</w> <w type="AT">the</w> <w type="JJ">local</w> <w type="NN">board</w> <w type="IN">in</w> <w type="PPg">his</w> <w type="NN">file</w> <c type="pct">.</c> </s>
<s n="92"><w type="HVG">Having</w> <w type="HVN">had</w> <w type="AT">every</w> <w type="NN">opportunity</w> <w type="TO">to</w> <w type="VB">rebut</w> <w type="AT">the</w> <w type="NN">finding</w> <w type="IN">of</w> <w type="AT">the</w> <w type="JJ">local</w> <w type="NN">board</w> <w type="IN">before</w> <w type="ABX">both</w> <w type="AT">the</w> <w type="NN">hearing</w> <w type="NN">officer</w> <w type="CC">and</w> <w type="AT">the</w> <w type="NN">appeal</w> <w type="NN">board</w> <c type="pct">,</c> <w type="NN">petitioner</w> <mw pos="MD *">cannot </mw><w type="RB">now</w> <w type="VB">claim</w> <w type="CS">that</w> <w type="PPS">he</w> <w type="BEDZ">was</w> <w type="VBN">denied</w> <w type="JJ">due</w> <w type="NN">process</w> <w type="CS">because</w> <w type="PPS">he</w> <w type="DOD">did</w> <w type="NEG">not</w> <w type="VB">succeed</w> <c type="pct">.</c> </s>
</p>
<p><s n="93"><w type="PPS">It</w> <w type="VBZ">appears</w> <w type="IN">to</w> <w type="PPO">us</w> <w type="CS">that</w> <w type="AT">the</w> <w type="AP">same</w> <w type="NN">reasoning</w> <w type="VBZ">applies</w> <w type="IN">to</w> <w type="AT">the</w> <w type="NN">production</w> <w type="IN">of</w> <w type="AT">the</w> <w type="NN">hearing</w> <w type="NNg">officer's</w> <w type="NN">report</w> <w type="CC">and</w> <w type="NNS">notes</w> <w type="IN">at</w> <w type="AT">the</w> <w type="NN">trial</w> <c type="pct">.</c> </s>
<s n="94"><w type="IN">In</w> <w type="NN">addition</w> <c type="pct">,</c> <w type="NN">petitioner</w> <w type="HVZ">has</w> <w type="VBN">failed</w> <w type="TO">to</w> <w type="VB">show</w> <w type="DTI">any</w> <w type="JJ">particular</w> <w type="NN">need</w> <w type="IN">for</w> <w type="AT">the</w> <w type="NN">report</w> <w type="CC">and</w> <w type="NNS">notes</w> <c type="pct">.</c> </s>
<s n="95"><w type="CS">While</w> <w type="EX">there</w> <w type="BER">are</w> <w type="RB">now</w> <w type="NNS">allegations</w> <w type="IN">of</w> <w type="AT">the</w> <w type="NN">withholding</w> <w type="IN">of</w> <c type="pct">``</c> <w type="JJ">favorable</w> <w type="NN">evidence</w> <w type="VBN">developed</w> <w type="IN">at</w> <w type="AT">the</w> <w type="NN">hearing</w> <c type="pct">''</c> <w type="CC">and</w> <w type="AT">a</w> <w type="NN">denial</w> <w type="IN">of</w> <w type="AT">a</w> <c type="pct">``</c> <w type="JJ">full</w> <w type="CC">and</w> <w type="JJ">fair</w> <w type="NN">hearing</w> <c type="pct">''</c> <c type="pct">,</c> <w type="AT">no</w> <w type="JJ">such</w> <w type="NN">claim</w> <w type="BEDZ">was</w> <w type="VBN">made</w> <w type="IN">by</w> <w type="NN">petitioner</w> <w type="IN">at</w> <w type="DTI">any</w> <w type="NN">stage</w> <w type="IN">of</w> <w type="AT">the</w> <w type="JJ">administrative</w> <w type="NN">process</w> <c type="pct">.</c> </s>
<s n="96"><w type="RB">Moreover</w> <c type="pct">,</c> <w type="PPg">his</w> <w type="NN">testimony</w> <w type="IN">at</w> <w type="NN">trial</w> <w type="RB">never</w> <w type="VBD">developed</w> <w type="DTI">any</w> <w type="JJ">such</w> <w type="NNS">facts</w> <c type="pct">.</c> </s>
<s n="97"><w type="IN">In</w> <w type="AT">the</w> <w type="NN">light</w> <w type="IN">of</w> <w type="DTS">these</w> <w type="NNS">circumstances</w> <c type="pct">,</c> <w type="QL">as</w> <w type="RB">well</w> <w type="CS">as</w> <w type="AT">the</w> <w type="NN">fact</w> <w type="CS">that</w> <w type="AT">the</w> <w type="NN">issue</w> <w type="IN">at</w> <w type="NN">trial</w> <w type="IN">in</w> <w type="DT">this</w> <w type="NN">respect</w> <w type="VBD">centered</w> <w type="RB">entirely</w> <w type="IN">on</w> <w type="AT">the</w> <w type="NNg" subtype="TL">Department's</w> <w type="NN">recommendation</w> <c type="pct">,</c> <w type="WDT">which</w> <w type="NN">petitioner</w> <w type="VBD">repudiated</w> <w type="CC">but</w> <w type="WDT">which</w> <w type="ABX">both</w> <w type="AT">the</w> <w type="NN">appeal</w> <w type="NN">board</w> <w type="CC">and</w> <w type="AT">the</w> <w type="NNS">courts</w> <w type="RB">below</w> <w type="VBD">found</w> <w type="VBN">supported</w> <w type="IN">by</w> <w type="AT">the</w> <w type="NN">record</w> <c type="pct">,</c> <w type="PPSS">we</w> <w type="VB">find</w> <w type="AT">no</w> <w type="NN">relevancy</w> <w type="IN">in</w> <w type="AT">the</w> <w type="NN">hearing</w> <w type="NNg">officer's</w> <w type="NN">report</w> <w type="CC">and</w> <w type="NNS">notes</w> <c type="pct">.</c> </s>
</p>
<p><s n="98"><w type="RB">Finally</w> <w type="NN">petitioner</w> <w type="VBZ">says</w> <w type="CS">that</w> <w type="PPS">he</w> <w type="BEDZ">was</w> <w type="VBN">entitled</w> <w type="TO">to</w> <w type="VB">inspect</w> <w type="AT">the</w> <w type="NN">FBI</w> <w type="NN">report</w> <w type="IN">during</w> <w type="AT">the</w> <w type="NNS">proceedings</w> <w type="IN">before</w> <w type="AT">the</w> <w type="NN">hearing</w> <w type="NN">officer</w> <w type="QL">as</w> <w type="RB">well</w> <w type="CS">as</w> <w type="IN">at</w> <w type="AT">the</w> <w type="NN">trial</w> <c type="pct">.</c> </s>
<s n="99"><w type="PPS">He</w> <w type="DOD">did</w> <w type="VB">receive</w> <w type="AT">a</w> <w type="NN">resume</w> <w type="IN">of</w> <w type="PPO">it</w> <c type="pct">--</c> <w type="AT">the</w> <w type="AP">same</w> <w type="WPS">that</w> <w type="BEDZ">was</w> <w type="VBN">furnished</w> <w type="AT">the</w> <w type="NN">appeal</w> <w type="NN">board</w> <c type="pct">--</c> <w type="CC">and</w> <w type="PPS">he</w> <w type="VBD">made</w> <w type="AT">no</w> <w type="NN">claim</w> <w type="IN">of</w> <w type="PPg">its</w> <w type="NN">inaccuracy</w> <c type="pct">.</c> </s>
<s n="100"><w type="RB">Even</w> <w type="RB">now</w> <w type="AT">no</w> <w type="JJ">such</w> <w type="NN">claim</w> <w type="BEZ">is</w> <w type="VBN">asserted</w> <c type="pct">.</c> </s>
<s n="101"><w type="PPS">He</w> <w type="VBZ">bases</w> <w type="PPg">his</w> <w type="JJ">present</w> <w type="NN">contention</w> <w type="IN">on</w> <w type="AT">the</w> <w type="JJ">general</w> <w type="NN">right</w> <w type="TO">to</w> <w type="VB">explore</w> <c type="pct">,</c> <w type="VBG">indicating</w> <w type="CS">that</w> <w type="PPS">he</w> <w type="VBZ">hopes</w> <w type="TO">to</w> <w type="VB">find</w> <w type="DTI">some</w> <w type="NN">discrepancy</w> <w type="IN">in</w> <w type="AT">the</w> <w type="NN">resume</w> <c type="pct">.</c> </s>
<s n="102"><w type="CC">But</w> <w type="DT">this</w> <w type="BEZ">is</w> <w type="RB">fully</w> <w type="VBN">answered</w> <w type="IN">by</w> <w type="VBN" subtype="TL">United</w> <w type="NNS" subtype="TL">States</w> <w type="IN" subtype="TL">v.</w> <w type="NP" subtype="TL">Nugent</w> <c type="pct">,</c> <w type="RB">supra</w> <c type="pct">.</c> </s>
<s n="103"><w type="RB">There</w> <w type="PPSS">we</w> <w type="VBD">held</w> <c type="pct">``</c> <w type="CS">that</w> <w type="AT">the</w> <w type="JJ">statutory</w> <w type="NN">scheme</w> <w type="IN">for</w> <w type="NN">review</w> <c type="pct">,</c> <w type="IN">within</w> <w type="AT">the</w> <w type="JJ">selective</w> <w type="NN">service</w> <w type="NN">system</w> <c type="pct">,</c> <w type="VBZ">entitles</w> <c type="pct">[</c> <w type="JJ">conscientious</w> <w type="NNS">objectors</w> <c type="pct">]</c> <w type="IN">to</w> <w type="AT">no</w> <w type="NN">guarantee</w> <w type="CS">that</w> <w type="AT">the</w> <w type="NN">FBI</w> <w type="NNS">reports</w> <w type="MD">must</w> <w type="BE">be</w> <w type="VBN">produced</w> <w type="IN">for</w> <w type="PPg">their</w> <w type="NN">inspection</w> <c type="pct">''</c> <c type="pct">.</c> </s>
<s n="104"><w type="CD">346</w> <w type="NP">U.S.</w> <c type="pct">,</c> <w type="IN">at</w> <w type="CD">5-6</w> <c type="pct">.</c> </s>
<s n="105"><w type="RB">Even</w> <w type="CS">if</w> <w type="PPSS">we</w> <w type="BED">were</w> <w type="NEG">not</w> <w type="VBN">bound</w> <w type="IN">by</w> <w type="NP">Nugent</w> <c type="pct">,</c> <w type="NN">petitioner</w> <w type="RB">here</w> <w type="MD">would</w> <w type="NEG">not</w> <w type="BE">be</w> <w type="VBN">entitled</w> <w type="IN">to</w> <w type="AT">the</w> <w type="NN">report</w> <c type="pct">.</c> </s>
<s n="106"><w type="AT">The</w> <w type="NN">recommendation</w> <w type="IN">of</w> <w type="AT">the</w> <w type="NN" subtype="TL">Department</w> <c type="pct">--</c> <w type="QL">as</w> <w type="RB">well</w> <w type="CS">as</w> <w type="AT">the</w> <w type="NN">decision</w> <w type="IN">of</w> <w type="AT">the</w> <w type="NN">appeal</w> <w type="NN">board</w> <c type="pct">--</c> <w type="BEDZ">was</w> <w type="VBN">based</w> <w type="RB">entirely</w> <w type="IN">on</w> <w type="AT">the</w> <w type="JJ">local</w> <w type="NN">board</w> <w type="NN">file</w> <c type="pct">,</c> <w type="NEG">not</w> <w type="IN">on</w> <w type="AT">an</w> <w type="NN">FBI</w> <w type="NN">report</w> <c type="pct">.</c> </s>
</p>
<p></p></body></text></TEI>
