<TEI xmlns="http://www.tei-c.org/ns/1.0"><teiHeader><fileDesc><titleStmt><title>Sample H19 from  Peace Corps. Fact Book. April 1, 1961. Pp. 20-25. 0010-1840
</title></titleStmt><editionStmt><edition>A part  of the XML version of the Brown Corpus</edition></editionStmt><extent>2,014 words 17 (0.8%) quotes 2 symbols</extent><publicationStmt><idno>H19</idno><availability><p/></availability></publicationStmt><sourceDesc><bibl> Peace Corps. Fact Book. April 1, 1961. Pp. 20-25. 0010-1840
</bibl></sourceDesc></fileDesc><encodingDesc><p>Typographical Error: extra and [0470]</p></encodingDesc><revisionDesc><change when="2008-04-27">Header auto-generated for TEI version</change></revisionDesc></teiHeader>
<text xml:id="H19" decls="H">
<body><p><s n="1"><w type="CS">While</w> <w type="EX">there</w> <w type="MD">should</w> <w type="BE">be</w> <w type="AT">no</w> <w type="JJ">general</w> <w type="NN">age</w> <w type="NN">limit</w> <w type="CC">or</w> <w type="NN">restriction</w> <w type="IN">to</w> <w type="CD">one</w> <w type="NN">sex</w> <c type="pct">,</c> <w type="EX">there</w> <w type="MD">will</w> <w type="BE">be</w> <w type="JJ">particular</w> <w type="NNS">projects</w> <w type="VBG">requiring</w> <w type="JJ">special</w> <w type="NN">maturity</w> <w type="CC">and</w> <w type="DTI">some</w> <w type="JJ">open</w> <w type="RB">only</w> <w type="IN">to</w> <w type="NNS">men</w> <w type="CC">or</w> <w type="IN">to</w> <w type="NNS">women</w> <c type="pct">.</c> </s>
<s n="2"><w type="AT">The</w> <w type="NN" subtype="TL">Peace</w> <w type="NN" subtype="TL">Corps</w> <w type="MD">should</w> <w type="NEG">not</w> <w type="VB">pay</w> <w type="AT">the</w> <w type="NNS">expenses</w> <w type="IN">of</w> <w type="AT">a</w> <w type="NN">wife</w> <w type="CC">or</w> <w type="NN">family</w> <c type="pct">,</c> <w type="CS">unless</w> <w type="AT">the</w> <w type="NN">wife</w> <w type="BEZ">is</w> <w type="RB">also</w> <w type="VBN">accepted</w> <w type="IN">for</w> <w type="JJ">full-time</w> <w type="NN" subtype="TL">Peace</w> <w type="NN" subtype="TL">Corps</w> <w type="NN">work</w> <w type="IN">on</w> <w type="AT">the</w> <w type="AP">same</w> <w type="NN">project</w> <c type="pct">.</c> </s>
</p>
<p><s n="3"><w type="EX">There</w> <w type="MD">should</w> <w type="BE">be</w> <w type="AT">no</w> <w type="NN">draft</w> <w type="NN">exemption</w> <w type="RB">because</w> <w type="IN">of</w> <w type="NN" subtype="TL">Peace</w> <w type="NN" subtype="TL">Corps</w> <w type="NN">service</w> <c type="pct">.</c> </s>
<s n="4"><w type="IN">In</w> <w type="AP">most</w> <w type="NNS">cases</w> <w type="NN">service</w> <w type="IN">in</w> <w type="AT">the</w> <w type="NN" subtype="TL">Corps</w> <w type="MD">will</w> <w type="RB">probably</w> <w type="BE">be</w> <w type="VBN">considered</w> <w type="AT">a</w> <w type="NN">ground</w> <w type="IN">for</w> <w type="JJ">temporary</w> <w type="NN">deferment</w> <c type="pct">.</c> </s>
</p>
<p><s n="5"><w type="NN" subtype="TL">Peace</w> <w type="NN" subtype="TL">Corps</w> <w type="NNS">volunteers</w> <w type="RB">obviously</w> <w type="MD">should</w> <w type="NEG">not</w> <w type="BE">be</w> <w type="VBN">paid</w> <w type="WDT">what</w> <w type="PPSS">they</w> <w type="MD">might</w> <w type="VB">earn</w> <w type="IN">in</w> <w type="JJ">comparable</w> <w type="NNS">activities</w> <w type="IN">in</w> <w type="AT">the</w> <w type="VBN" subtype="TL">United</w> <w type="NNS" subtype="TL">States</w> <c type="pct">.</c> </s>
<s n="6"><w type="CC">Nor</w> <w type="MD">would</w> <w type="PPO">it</w> <w type="BE">be</w> <w type="JJ">possible</w> <w type="IN">in</w> <w type="AP">many</w> <w type="NNS">cases</w> <w type="CS">for</w> <w type="PPO">them</w> <w type="TO">to</w> <w type="VB">live</w> <w type="IN">in</w> <w type="NN">health</w> <w type="CC">or</w> <w type="DTI">any</w> <w type="NN">effectiveness</w> <w type="IN">on</w> <w type="WDT">what</w> <w type="PPg">their</w> <w type="NNS">counterparts</w> <w type="RB">abroad</w> <w type="BER">are</w> <w type="VBN">paid</w> <c type="pct">.</c> </s>
<s n="7"><w type="AT">The</w> <w type="VBG">guiding</w> <w type="NN">principle</w> <w type="RB">indeed</w> <w type="MD">should</w> <w type="NEG">not</w> <w type="BE">be</w> <w type="PN">anything</w> <w type="CS">like</w> <w type="NN">compensation</w> <w type="IN">for</w> <w type="JJ">individual</w> <w type="NNS">services</w> <c type="pct">.</c> </s>
</p>
<p><s n="8"><w type="RB">Rather</w> <w type="AT">the</w> <w type="NN">principle</w> <w type="MD">should</w> <w type="BE">be</w> <w type="JJ">akin</w> <w type="IN">to</w> <w type="DT">that</w> <w type="IN">of</w> <w type="AT">the</w> <w type="NN">allowance</w> <c type="pct">.</c> </s>
<s n="9"><w type="NN" subtype="TL">Peace</w> <w type="NN" subtype="TL">Corps</w> <w type="NNS">volunteers</w> <w type="MD">should</w> <w type="BE">be</w> <w type="VBN">given</w> <w type="RB">just</w> <w type="AP">enough</w> <w type="TO">to</w> <w type="VB">provide</w> <w type="AT">a</w> <w type="JJ">minimum</w> <w type="JJ">decent</w> <w type="NN">standard</w> <w type="IN">of</w> <w type="VBG">living</w> <c type="pct">.</c> </s>
<s n="10"><w type="PPSS">They</w> <w type="MD">should</w> <w type="VB">live</w> <w type="IN">in</w> <w type="JJ">modest</w> <w type="NNS">circumstances</w> <c type="pct">,</c> <w type="VBG">avoiding</w> <w type="ABN">all</w> <w type="JJ">conspicuous</w> <w type="NN">consumption</w> <c type="pct">.</c> </s>
<s n="11"><w type="WRB">Wherever</w> <w type="JJ">possible</w> <w type="PPSS">they</w> <w type="MD">should</w> <w type="VB">live</w> <w type="IN">with</w> <w type="PPg">their</w> <w type="NN">host</w> <w type="NN">country</w> <w type="NNS">counterparts</w> <c type="pct">.</c> </s>
<s n="12"><w type="DTI">Some</w> <w type="JJ">special</w> <w type="NN">health</w> <w type="NNS">requirements</w> <w type="MD">might</w> <w type="HV">have</w> <w type="TO">to</w> <w type="BE">be</w> <w type="VBN">met</w> <c type="pct">.</c> </s>
<s n="13"><w type="IN">For</w> <w type="NN">example</w> <c type="pct">,</c> <w type="PPS">it</w> <w type="RB">probably</w> <w type="MD">will</w> <w type="BE">be</w> <w type="JJ">necessary</w> <w type="CS">for</w> <w type="AT">the</w> <w type="NN" subtype="TL">Corps</w> <w type="TO">to</w> <w type="HV">have</w> <w type="NN">authority</w> <w type="TO">to</w> <w type="VB">pay</w> <w type="JJ">medical</w> <w type="NNS">expenses</w> <w type="IN">of</w> <w type="NNS">volunteers</w> <c type="pct">.</c> </s>
<s n="14"><w type="RB">Perhaps</w> <w type="VBG">existing</w> <w type="JJ" subtype="TL">Public</w> <w type="NN" subtype="TL">Health</w> <w type="NN" subtype="TL">Service</w> <c type="pct">,</c> <w type="NN" subtype="TL">State</w> <w type="NN" subtype="TL">Department</w> <w type="CC">and</w> <w type="VBN" subtype="TL">Armed</w> <w type="NNS" subtype="TL">Services</w> <w type="JJ">medical</w> <w type="NNS">facilities</w> <w type="MD">can</w> <w type="BE">be</w> <w type="VBN">utilized</w> <c type="pct">.</c> </s>
</p>
<p><s n="15"><w type="IN">For</w> <w type="NN">readjustment</w> <w type="IN">to</w> <w type="AT">the</w> <w type="NP">U.S.</w> <c type="pct">,</c> <w type="NNS">volunteers</w> <w type="MD">should</w> <w type="BE">be</w> <w type="VBN">given</w> <w type="DTI">some</w> <w type="NN">separation</w> <w type="NN">allowance</w> <w type="IN">at</w> <w type="AT">the</w> <w type="NN">end</w> <w type="IN">of</w> <w type="PPg">their</w> <w type="JJ">overseas</w> <w type="VB">service</w> <c type="pct">,</c> <w type="VBN">based</w> <w type="IN">on</w> <w type="AT">the</w> <w type="NN">length</w> <w type="IN">of</w> <w type="NN">time</w> <w type="VBN">served</w> <c type="pct">.</c> </s>
</p>
<p><s n="16"><w type="CD" subtype="HL">7</w> <c type="pct">.</c> </s>
<s n="17"><w type="IN" subtype="HL">In</w> <w type="WDT" subtype="HL">what</w> <w type="NN" subtype="HL">part</w> <w type="IN" subtype="HL">of</w> <w type="AT" subtype="HL">the</w> <w type="NN" subtype="HL">government</w> <w type="MD" subtype="HL">should</w> <w type="AT" subtype="HL">the</w> <w type="NN" subtype="TL">Peace</w> <w type="NN" subtype="TL">Corps</w> <w type="BE" subtype="HL">be</w> <w type="VBN" subtype="HL">established</w> <c type="pct">?</c> <c type="pct">?</c> </s>
</p>
<p><s n="18"><w type="AT">The</w> <w type="NN">idea</w> <w type="IN">of</w> <w type="AT">a</w> <w type="NN" subtype="TL">Peace</w> <w type="NN" subtype="TL">Corps</w> <w type="HVZ">has</w> <w type="VBN">captured</w> <w type="AT">the</w> <w type="NN">imagination</w> <w type="IN">of</w> <w type="AT">a</w> <w type="QL">great</w> <w type="AP">many</w> <w type="NNS">people</w> <c type="pct">.</c> </s>
<s n="19"><w type="NN">Support</w> <w type="IN">for</w> <w type="PPO">it</w> <w type="VBZ">cuts</w> <w type="IN">across</w> <w type="NN">party</w> <c type="pct">,</c> <w type="JJ">regional</w> <c type="pct">,</c> <w type="JJ">ethnic</w> <w type="CC">and</w> <w type="AP">other</w> <w type="NNS">lines</w> <c type="pct">.</c> </s>
<s n="20"><w type="AT">The</w> <w type="NN" subtype="TL">Peace</w> <w type="NN" subtype="TL">Corps</w> <c type="pct">,</c> <w type="RB">therefore</w> <c type="pct">,</c> <w type="VBZ">offers</w> <w type="AT">an</w> <w type="NN">opportunity</w> <w type="TO">to</w> <w type="VB">add</w> <w type="AT">a</w> <w type="JJ">new</w> <w type="NN">dimension</w> <w type="IN">to</w> <w type="PPg">our</w> <w type="NN">approach</w> <w type="IN">to</w> <w type="AT">the</w> <w type="NN">world</w> <c type="pct">--</c> <w type="AT">an</w> <w type="NN">opportunity</w> <w type="CS">for</w> <w type="AT">the</w> <w type="JJ">American</w> <w type="NNS">people</w> <w type="TO">to</w> <w type="VB">think</w> <w type="RB">anew</w> <w type="CC">and</w> <w type="VB">start</w> <w type="RB">afresh</w> <w type="IN">in</w> <w type="PPg">their</w> <w type="NN">participation</w> <w type="IN">in</w> <w type="NN">world</w> <w type="NN">development</w> <c type="pct">.</c> </s>
</p>
<p><s n="21"><w type="IN">For</w> <w type="DT">this</w> <c type="pct">,</c> <w type="AT">the</w> <w type="NN" subtype="TL">Peace</w> <w type="NN" subtype="TL">Corps</w> <w type="MD">should</w> <w type="BE">be</w> <w type="VBN">administered</w> <w type="IN">by</w> <w type="AT">a</w> <w type="JJ">small</w> <c type="pct">,</c> <w type="JJ">new</w> <c type="pct">,</c> <w type="JJ">alive</w> <w type="NN">agency</w> <w type="VBG">operating</w> <w type="CS">as</w> <w type="CD">one</w> <w type="NN">component</w> <w type="IN">in</w> <w type="PPg">our</w> <w type="JJ">whole</w> <w type="JJ">overseas</w> <w type="NN">operation</w> <c type="pct">.</c> </s>
</p>
<p><s n="22"><w type="IN">Pending</w> <w type="AT">the</w> <w type="NN">reorganization</w> <w type="IN">of</w> <w type="PPg">our</w> <w type="JJ">foreign</w> <w type="NN">aid</w> <w type="NN">structure</w> <w type="CC">and</w> <w type="NN">program</w> <c type="pct">,</c> <w type="AT">the</w> <w type="NN" subtype="TL">Peace</w> <w type="NN" subtype="TL">Corps</w> <w type="MD">should</w> <w type="BE">be</w> <w type="VBN">established</w> <w type="CS">as</w> <w type="AT">an</w> <w type="NN">agency</w> <w type="IN">in</w> <w type="AT">the</w> <w type="NN" subtype="TL">Department</w> <w type="IN" subtype="TL">of</w> <w type="NN" subtype="TL">State</w> <c type="pct">.</c> </s>
<s n="23"><w type="WRB">When</w> <w type="AT">the</w> <w type="NN">aid</w> <w type="NNS">operations</w> <w type="BER">are</w> <w type="VBN">reorganized</w> <w type="AT">the</w> <w type="NN" subtype="TL">Peace</w> <w type="NN" subtype="TL">Corps</w> <w type="MD">should</w> <w type="VB">remain</w> <w type="AT">a</w> <w type="JJ">semi-autonomous</w> <c type="pct">,</c> <w type="JJ">functional</w> <w type="NN">unit</w> <c type="pct">.</c> </s>
<s n="24"><w type="RB">Meanwhile</w> <c type="pct">,</c> <w type="AT">the</w> <w type="NN" subtype="TL">Peace</w> <w type="NN" subtype="TL">Corps</w> <w type="MD">could</w> <w type="BE">be</w> <w type="RB">physically</w> <w type="VBN">located</w> <w type="IN">in</w> <w type="NN">ICA's</w> <w type="NNS">facilities</w> <w type="CC">and</w> <w type="VB">depend</w> <w type="IN">on</w> <w type="AT">the</w> <w type="NN" subtype="TL">State</w> <w type="NN" subtype="TL">Department</w> <w type="CC">and</w> <w type="NN">ICA</w> <w type="IN">for</w> <w type="JJ">administrative</w> <w type="NN">support</w> <w type="CC">and</w> <c type="pct">,</c> <w type="WRB">when</w> <w type="VBN">needed</w> <c type="pct">,</c> <w type="NN">program</w> <w type="NN">assistance</w> <c type="pct">.</c> </s>
</p>
<p><s n="25"><w type="IN">In</w> <w type="DT">this</w> <w type="NN">way</w> <w type="AT">the</w> <w type="NN" subtype="TL">Peace</w> <w type="NN" subtype="TL">Corps</w> <w type="MD">can</w> <w type="BE">be</w> <w type="VBN">launched</w> <w type="IN">with</w> <w type="PPg">its</w> <w type="JJ">own</w> <w type="NN">identity</w> <w type="CC">and</w> <w type="NN">spirit</w> <w type="CC">and</w> <w type="RB">yet</w> <w type="VB">receive</w> <w type="AT">the</w> <w type="JJ">necessary</w> <w type="NN">assistance</w> <w type="IN">from</w> <w type="DTS">those</w> <w type="RB">now</w> <w type="JJ">responsible</w> <w type="IN">for</w> <w type="VBN" subtype="TL">United</w> <w type="NNS" subtype="TL">States</w> <w type="JJ">foreign</w> <w type="NN">policy</w> <w type="CC">and</w> <w type="PPg">our</w> <w type="JJ">overseas</w> <w type="NNS">operations</w> <c type="pct">.</c> </s>
</p>
<p><s n="26"><w type="CD" subtype="HL">8</w> <c type="pct">.</c> </s>
<s n="27"><w type="WRB" subtype="HL">How</w> <w type="CC" subtype="HL">and</w> <w type="WRB" subtype="HL">when</w> <w type="MD" subtype="HL">should</w> <w type="AT" subtype="HL">the</w> <w type="NN" subtype="TL">Peace</w> <w type="NN" subtype="TL">Corps</w> <w type="BE" subtype="HL">be</w> <w type="VBN" subtype="HL">launched</w> <c type="pct">?</c> <c type="pct">?</c> </s>
</p>
<p><s n="28"><w type="AT">The</w> <w type="NN" subtype="TL">Peace</w> <w type="NN" subtype="TL">Corps</w> <w type="MD">can</w> <w type="CC">either</w> <w type="VB">begin</w> <w type="IN">in</w> <w type="QL">very</w> <w type="JJ">low</w> <w type="NN">gear</w> <c type="pct">,</c> <w type="IN">with</w> <w type="AP">only</w> <w type="JJ">preparatory</w> <w type="NN">work</w> <w type="VBN">undertaken</w> <w type="IN">between</w> <w type="RB">now</w> <w type="CC">and</w> <w type="WRB">when</w> <w type="NP">Congress</w> <w type="RB">finally</w> <w type="VBZ">appropriates</w> <w type="JJ">special</w> <w type="NNS">funds</w> <w type="IN">for</w> <w type="PPO">it</w> <c type="pct">--</c> <w type="CC">or</w> <w type="PPS">it</w> <w type="MD">can</w> <w type="BE">be</w> <w type="VBN">launched</w> <w type="RB">now</w> <w type="CC">and</w> <w type="IN">in</w> <w type="JJ">earnest</w> <w type="IN">by</w> <w type="JJ">executive</w> <w type="NN">action</w> <c type="pct">,</c> <w type="IN">with</w> <w type="JJ">sufficient</w> <w type="NNS">funds</w> <w type="CC">and</w> <w type="VBN">made</w> <w type="JJ">available</w> <w type="IN">from</w> <w type="VBG">existing</w> <w type="JJ" subtype="TL">Mutual</w> <w type="NN" subtype="TL">Security</w> <w type="NNS">appropriations</w> <w type="TO">to</w> <w type="VB">permit</w> <w type="AT">a</w> <w type="NN">number</w> <w type="IN">of</w> <w type="JJ">substantial</w> <w type="NNS">projects</w> <w type="TO">to</w> <w type="VB">start</w> <w type="DT">this</w> <w type="NN">summer</w> <c type="pct">.</c> </s>
</p>
<p><s n="29"><w type="AT">The</w> <w type="NN" subtype="TL">Peace</w> <w type="NN" subtype="TL">Corps</w> <w type="MD">should</w> <w type="BE">be</w> <w type="VBN">launched</w> <w type="RB">soon</w> <w type="CS">so</w> <w type="CS">that</w> <w type="AT">the</w> <w type="NN">opportunity</w> <w type="TO">to</w> <w type="VB">recruit</w> <w type="AT">the</w> <w type="QL">most</w> <w type="VBN">qualified</w> <w type="NNS">people</w> <w type="IN">from</w> <w type="DT">this</w> <w type="NNg">year's</w> <w type="VBG">graduating</w> <w type="NNS">classes</w> <w type="MD">will</w> <w type="NEG">not</w> <w type="BE">be</w> <w type="VBN">lost</w> <c type="pct">.</c> </s>
<s n="30"><w type="CC">Nor</w> <w type="MD">should</w> <w type="PPSS">we</w> <w type="VB">lose</w> <w type="AT">the</w> <w type="NN">opportunity</w> <w type="TO">to</w> <w type="VB">use</w> <w type="DT">this</w> <w type="NN">summer</w> <w type="IN">for</w> <w type="VBG">training</w> <w type="IN">on</w> <w type="NN">university</w> <w type="NNS">campuses</w> <c type="pct">.</c> </s>
</p>
<p><s n="31"><w type="CS">If</w> <w type="VBN">launched</w> <w type="IN">in</w> <w type="AT">a</w> <w type="JJ">careful</w> <w type="CC">but</w> <w type="VBN">determined</w> <w type="NN">way</w> <w type="IN">within</w> <w type="AT">the</w> <w type="AP">next</w> <w type="AP">few</w> <w type="NNS">weeks</w> <c type="pct">,</c> <w type="AT">the</w> <w type="NN" subtype="TL">Peace</w> <w type="NN" subtype="TL">Corps</w> <w type="MD">could</w> <w type="HV">have</w> <w type="AP">several</w> <w type="CD">hundred</w> <w type="NNS">persons</w> <w type="IN">in</w> <w type="VBG">training</w> <w type="DT">this</w> <w type="NN">summer</w> <w type="IN">for</w> <w type="NN">placement</w> <w type="AP">next</w> <w type="NN">fall</w> <c type="pct">.</c> </s>
<s n="32"><w type="IN">Within</w> <w type="AT">a</w> <w type="NN">year</w> <w type="CC">or</w> <w type="CD">two</w> <w type="AP">several</w> <w type="CD">thousand</w> <w type="MD">might</w> <w type="BE">be</w> <w type="IN">in</w> <w type="NN">service</w> <c type="pct">.</c> </s>
<s n="33"><w type="PPS">It</w> <w type="MD">can</w> <w type="RB">then</w> <w type="VB">grow</w> <w type="RB">steadily</w> <w type="CS">as</w> <w type="PPS">it</w> <w type="VBZ">proves</w> <w type="PPL">itself</w> <w type="CC">and</w> <w type="CS">as</w> <w type="AT">the</w> <w type="NN">need</w> <w type="IN">for</w> <w type="PPO">it</w> <w type="BEZ">is</w> <w type="VBN">demonstrated</w> <c type="pct">.</c> </s>
</p>
<p><s n="34"><w type="CD">9</w> <c type="pct">.</c> </s>
<s n="35"><w type="WDT" subtype="HL">What</w> <w type="MD" subtype="HL">would</w> <w type="AT" subtype="HL">the</w> <w type="OD" subtype="HL">first</w> <w type="NNS" subtype="HL">projects</w> <w type="BE" subtype="HL">be</w> <c type="pct">?</c> <c type="pct">?</c> </s>
</p>
<p><s n="36"><w type="IN">In</w> <w type="AT">the</w> <w type="OD">first</w> <w type="NN">year</w> <w type="EX">there</w> <w type="MD">should</w> <w type="RB">probably</w> <w type="BE">be</w> <w type="JJ">considerable</w> <w type="NN">emphasis</w> <w type="IN">on</w> <w type="VBG">teaching</w> <w type="NNS">projects</w> <c type="pct">.</c> </s>
<s n="37"><w type="AT">The</w> <w type="NN">need</w> <w type="RB">here</w> <w type="BEZ">is</w> <w type="QL">most</w> <w type="RB">clearly</w> <w type="VBN">felt</w> <w type="CC">and</w> <w type="PPg">our</w> <w type="NN">capacity</w> <w type="TO">to</w> <w type="VB">recruit</w> <w type="CC">and</w> <w type="VB">train</w> <w type="VBN">qualified</w> <w type="NNS">volunteers</w> <w type="IN">in</w> <w type="AT">a</w> <w type="JJ">short</w> <w type="NN">period</w> <w type="IN">of</w> <w type="NN">time</w> <w type="BEZ">is</w> <w type="JJT">greatest</w> <c type="pct">.</c> </s>
</p>
<p><s n="38"><w type="EX">There</w> <w type="MD">would</w> <c type="pct">,</c> <w type="RB">however</w> <c type="pct">,</c> <w type="BE">be</w> <w type="AT">a</w> <w type="NN">variety</w> <w type="IN">of</w> <w type="AP">other</w> <w type="NNS">skills</w> <c type="pct">--</c> <w type="JJ">medical</w> <c type="pct">,</c> <w type="JJ">agricultural</w> <c type="pct">,</c> <w type="VBG">engineering</w> <c type="pct">--</c> <w type="WDT">which</w> <w type="MD">would</w> <w type="BE">be</w> <w type="VBN">called</w> <w type="IN">for</w> <w type="IN">in</w> <w type="AT">the</w> <w type="OD">first</w> <w type="NN">year</w> <w type="IN">through</w> <w type="AT">the</w> <w type="JJ">private</w> <w type="NN">agency</w> <w type="NNS">programs</w> <w type="CC">and</w> <w type="IN">through</w> <w type="AT">the</w> <w type="NN">provision</w> <w type="IN">of</w> <w type="NN">technician</w> <w type="NNS">helpers</w> <w type="IN">to</w> <w type="VBG">existing</w> <w type="NN">development</w> <w type="NNS">projects</w> <c type="pct">.</c> </s>
</p>
<p><s n="39"><w type="AT">The</w> <w type="OD">first</w> <w type="NNg">year's</w> <w type="NNS">projects</w> <w type="MD">should</w> <w type="RB">also</w> <w type="BE">be</w> <w type="VBN">spread</w> <w type="IN">through</w> <w type="AP">several</w> <w type="NNS">countries</w> <w type="IN">in</w> <w type="JJ" subtype="TL">Latin</w> <w type="NP" subtype="TL">America</w> <c type="pct">,</c> <w type="NP">Africa</w> <w type="CC">and</w> <w type="NP">Asia</w> <c type="pct">.</c> </s>
</p>
<p><s n="40"><w type="CD" subtype="HL">10</w> <c type="pct">.</c> </s>
<s n="41"><w type="WRB" subtype="HL">How</w> <w type="MD" subtype="HL">will</w> <w type="AT" subtype="HL">the</w> <w type="NN" subtype="TL">Peace</w> <w type="NN" subtype="TL">Corps</w> <w type="BE" subtype="HL">be</w> <w type="VBN" subtype="HL">received</w> <w type="RB" subtype="HL">abroad</w> <c type="pct">?</c> <c type="pct">?</c> </s>
</p>
<p><s n="42"><w type="CS">Although</w> <w type="AT">the</w> <w type="NN">need</w> <w type="IN">for</w> <w type="RB">outside</w> <w type="VBN">trained</w> <w type="NN">manpower</w> <w type="VBZ">exists</w> <w type="IN">in</w> <w type="AT">every</w> <w type="RB">newly</w> <w type="VBG">developing</w> <w type="NN">nation</w> <c type="pct">,</c> <w type="AT">the</w> <w type="NN">readiness</w> <w type="TO">to</w> <w type="VB">receive</w> <w type="JJ">such</w> <w type="NN">manpower</w> <c type="pct">,</c> <w type="CC">or</w> <w type="TO">to</w> <w type="VB">receive</w> <w type="PPO">it</w> <w type="IN">from</w> <w type="AT">the</w> <w type="VBN" subtype="TL">United</w> <w type="NNS" subtype="TL">States</w> <w type="MD">will</w> <w type="VB">vary</w> <w type="IN">from</w> <w type="NN">country</w> <w type="IN">to</w> <w type="NN">country</w> <c type="pct">.</c> </s>
<s n="43"><w type="AT">A</w> <w type="JJ">certain</w> <w type="NN">skepticism</w> <w type="IN">about</w> <w type="AT">the</w> <w type="NN">coming</w> <w type="IN">of</w> <w type="NPS">Americans</w> <w type="BEZ">is</w> <w type="TO">to</w> <w type="BE">be</w> <w type="VBN">expected</w> <w type="IN">in</w> <w type="AP">many</w> <w type="NNS">quarters</w> <c type="pct">.</c> </s>
<s n="44"><w type="JJ">Unfriendly</w> <w type="JJ">political</w> <w type="NNS">groups</w> <w type="MD">will</w> <w type="AT">no</w> <w type="NN">doubt</w> <w type="DO">do</w> <w type="PN">everything</w> <w type="IN">in</w> <w type="PPg">their</w> <w type="NN">power</w> <w type="TO">to</w> <w type="VB">promote</w> <w type="JJ">active</w> <w type="NN">hostility</w> <c type="pct">.</c> </s>
<s n="45"><w type="CC">But</w> <w type="EX">there</w> <w type="BER">are</w> <w type="NNS">indications</w> <w type="CS">that</w> <w type="AP">many</w> <w type="VBG">developing</w> <w type="NNS">nations</w> <w type="MD">will</w> <w type="VB">welcome</w> <w type="NN" subtype="TL">Peace</w> <w type="NN" subtype="TL">Corps</w> <w type="NNS">volunteers</w> <c type="pct">,</c> <w type="CC">and</w> <w type="CS">that</w> <w type="CS">if</w> <w type="AT">the</w> <w type="NNS">volunteers</w> <w type="BER">are</w> <w type="RB">well</w> <w type="VBN">chosen</w> <c type="pct">,</c> <w type="PPSS">they</w> <w type="MD">will</w> <w type="RB">soon</w> <w type="VB">demonstrate</w> <w type="PPg">their</w> <w type="NN">value</w> <w type="CC">and</w> <w type="VB">make</w> <w type="AP">many</w> <w type="NNS">friends</w> <c type="pct">.</c> </s>
</p>
<p><s n="46"><w type="PPS">It</w> <w type="BEZ">is</w> <w type="JJ">important</w> <c type="pct">,</c> <w type="RB">however</w> <c type="pct">,</c> <w type="CS">that</w> <w type="AT">the</w> <w type="NN" subtype="TL">Peace</w> <w type="NN" subtype="TL">Corps</w> <w type="BE">be</w> <w type="VBN">advanced</w> <w type="NEG">not</w> <w type="CS">as</w> <w type="AT">an</w> <w type="NN">arm</w> <w type="IN">of</w> <w type="AT">the</w> <w type="JJ" subtype="TL">Cold</w> <w type="NN" subtype="TL">War</w> <w type="CC">but</w> <w type="CS">as</w> <w type="AT">a</w> <w type="NN">contribution</w> <w type="IN">to</w> <w type="AT">the</w> <w type="NN">world</w> <w type="NN">community</w> <c type="pct">.</c> </s>
<s n="47"><w type="IN">In</w> <w type="VBG">presenting</w> <w type="PPO">it</w> <w type="IN">to</w> <w type="AP">other</w> <w type="NNS">governments</w> <w type="CC">and</w> <w type="IN">to</w> <w type="AT">the</w> <w type="VBN" subtype="TL">United</w> <w type="NNS" subtype="TL">Nations</w> <c type="pct">,</c> <w type="PPSS">we</w> <w type="MD">could</w> <w type="VB">propose</w> <w type="CS">that</w> <w type="AT">every</w> <w type="NN">nation</w> <w type="VB">consider</w> <w type="AT">the</w> <w type="NN">formation</w> <w type="IN">of</w> <w type="PPg">its</w> <w type="JJ">own</w> <w type="NN">peace</w> <w type="NN">corps</w> <w type="CC">and</w> <w type="CS">that</w> <w type="AT">the</w> <w type="VBN" subtype="TL">United</w> <w type="NNS" subtype="TL">Nations</w> <w type="VB">sponsor</w> <w type="AT">the</w> <w type="NN">idea</w> <w type="CC">and</w> <w type="VB">form</w> <w type="AT">an</w> <w type="JJ">international</w> <w type="VBG">coordinating</w> <w type="NN">committee</w> <c type="pct">.</c> </s>
<s n="48"><w type="PPSS">We</w> <w type="MD">should</w> <w type="VB">hope</w> <w type="CS">that</w> <w type="NN">peace</w> <w type="NN">corps</w> <w type="NNS">projects</w> <w type="MD">will</w> <w type="BE">be</w> <w type="RB">truly</w> <w type="JJ">international</w> <w type="CC">and</w> <w type="CS">that</w> <w type="PPg">our</w> <w type="NNS">citizens</w> <w type="MD">will</w> <w type="VB">find</w> <w type="PPLS">themselves</w> <w type="VBG">working</w> <w type="IN">alongside</w> <w type="NNS">citizens</w> <w type="IN">of</w> <w type="AT">the</w> <w type="NN">host</w> <w type="NN">country</w> <w type="CC">and</w> <w type="RB">also</w> <w type="NNS">volunteers</w> <w type="IN">from</w> <w type="AP">other</w> <w type="NNS">lands</w> <c type="pct">.</c> </s>
<s n="49"><w type="IN">In</w> <w type="DTI">any</w> <w type="NN">case</w> <c type="pct">,</c> <w type="PPg">our</w> <w type="NN" subtype="TL">Peace</w> <w type="NN" subtype="TL">Corps</w> <w type="NNS">personnel</w> <w type="MD">should</w> <w type="BE">be</w> <w type="VBN">offered</w> <w type="CS">as</w> <w type="NN">technician</w> <w type="NNS">helpers</w> <w type="IN">in</w> <w type="NN">development</w> <w type="NNS">projects</w> <w type="IN">of</w> <w type="AT">the</w> <w type="NP">U.N.</w> <w type="CC">and</w> <w type="AP">other</w> <w type="JJ">international</w> <w type="NNS">agencies</w> <c type="pct">.</c> </s>
</p>
<p><s n="50"><w type="AT">The</w> <w type="NN" subtype="TL">Peace</w> <w type="NN" subtype="TL">Corps</w> <w type="BEZ">is</w> <w type="NEG">not</w> <w type="AT">a</w> <w type="JJ">diplomatic</w> <w type="CC">or</w> <w type="NN">propaganda</w> <w type="NN">venture</w> <w type="CC">but</w> <w type="AT">a</w> <w type="JJ">genuine</w> <w type="NN">experiment</w> <w type="IN">in</w> <w type="JJ">international</w> <w type="NN">partnership</w> <c type="pct">.</c> </s>
<s n="51"><w type="PPg">Our</w> <w type="NN">aim</w> <w type="MD">must</w> <w type="BE">be</w> <w type="TO">to</w> <w type="VB">learn</w> <w type="QL">as</w> <w type="RB">much</w> <w type="CS">as</w> <w type="PPSS">we</w> <w type="VB">teach</w> <c type="pct">.</c> </s>
<s n="52"><w type="AT">The</w> <w type="NN" subtype="TL">Peace</w> <w type="NN" subtype="TL">Corps</w> <w type="VBZ">offers</w> <w type="AT">an</w> <w type="NN">opportunity</w> <w type="TO">to</w> <w type="VB">bring</w> <w type="NR">home</w> <w type="IN">to</w> <w type="AT">the</w> <w type="VBN" subtype="TL">United</w> <w type="NNS" subtype="TL">States</w> <w type="AT">the</w> <w type="NNS">problems</w> <w type="IN">of</w> <w type="AT">the</w> <w type="NN">world</w> <w type="QL">as</w> <w type="RB">well</w> <w type="CS">as</w> <w type="AT">an</w> <w type="NN">opportunity</w> <w type="TO">to</w> <w type="VB">meet</w> <w type="JJ">urgent</w> <w type="NN">host</w> <w type="NN">country</w> <w type="NNS">needs</w> <w type="IN">for</w> <w type="VBN">trained</w> <w type="NN">manpower</w> <c type="pct">.</c> </s>
<s n="53"><w type="CS">If</w> <w type="VBN">presented</w> <w type="IN">in</w> <w type="DT">this</w> <w type="NN">spirit</w> <c type="pct">,</c> <w type="AT">the</w> <w type="NN">response</w> <w type="CC">and</w> <w type="AT">the</w> <w type="NNS">results</w> <w type="MD">will</w> <w type="BE">be</w> <w type="QL">immeasurably</w> <w type="JJR">better</w> <c type="pct">.</c> </s>
</p>
<p><s n="54"><w type="CD" subtype="HL">11</w> <c type="pct">.</c> </s>
<s n="55"><w type="WRB" subtype="HL">How</w> <w type="MD" subtype="HL">will</w> <w type="PPS" subtype="HL">it</w> <w type="BE" subtype="HL">be</w> <w type="VBN" subtype="HL">financed</w> <c type="pct">?</c> <c type="pct">?</c> </s>
</p>
<p><s n="56"><w type="AT">The</w> <w type="RB">already</w> <w type="VBN">appropriated</w> <w type="NNS">funds</w> <w type="IN">within</w> <w type="AT">the</w> <w type="NN">discretion</w> <w type="IN">of</w> <w type="AT">the</w> <w type="NN" subtype="TL">President</w> <w type="CC">and</w> <w type="NN" subtype="TL">Secretary</w> <w type="IN" subtype="TL">of</w> <w type="NN" subtype="TL">State</w> <w type="IN">under</w> <w type="AT">the</w> <w type="JJ" subtype="TL">Mutual</w> <w type="NN" subtype="TL">Security</w> <w type="NN" subtype="TL">Act</w> <w type="BER">are</w> <w type="AT">the</w> <w type="AP">only</w> <w type="RB">immediately</w> <w type="JJ">available</w> <w type="NN">source</w> <w type="IN">of</w> <w type="VBG">financing</w> <w type="DT">this</w> <w type="NNg">summer's</w> <w type="NN">pilot</w> <w type="NNS">programs</w> <w type="IN">of</w> <w type="AT">the</w> <w type="NN" subtype="TL">Peace</w> <w type="NN" subtype="TL">Corps</w> <c type="pct">.</c> </s>
<s n="57"><w type="CS">If</w> <w type="PPS">it</w> <w type="BEZ">is</w> <w type="VBN">decided</w> <w type="TO">to</w> <w type="VB">make</w> <w type="AT">a</w> <w type="JJ">small</w> <w type="NN">shift</w> <w type="WDT">which</w> <w type="MD">may</w> <w type="BE">be</w> <w type="VBN">required</w> <w type="IN">from</w> <w type="JJ">military</w> <w type="NN">aid</w> <w type="CC">or</w> <w type="JJ">special</w> <w type="NN">assistance</w> <w type="NNS">funds</w> <c type="pct">,</c> <w type="IN">in</w> <w type="NN">order</w> <w type="TO">to</w> <w type="VB">carry</w> <w type="RP">out</w> <w type="AT">the</w> <w type="NNS">purposes</w> <w type="IN">of</w> <w type="AT">the</w> <w type="JJ" subtype="TL">Mutual</w> <w type="NN" subtype="TL">Security</w> <w type="NN" subtype="TL">Act</w> <w type="IN">through</w> <w type="DT">this</w> <w type="JJ">new</w> <w type="JJ">peaceful</w> <w type="NN">program</w> <c type="pct">,</c> <w type="DT">this</w> <w type="NN">will</w> <w type="BE">be</w> <w type="AT">a</w> <w type="JJ">hopeful</w> <w type="NN">sign</w> <w type="IN">to</w> <w type="AT">the</w> <w type="NN">world</w> <c type="pct">.</c> </s>
<s n="58"><w type="NP">Congress</w> <w type="MD">should</w> <w type="RB">then</w> <w type="BE">be</w> <w type="VBN">asked</w> <w type="TO">to</w> <w type="VB">give</w> <w type="AT">the</w> <w type="NN" subtype="TL">Peace</w> <w type="NN" subtype="TL">Corps</w> <w type="AT">a</w> <w type="JJ">firm</w> <w type="JJ">legislative</w> <w type="NN">foundation</w> <w type="IN">for</w> <w type="AT">the</w> <w type="AP">next</w> <w type="JJ">fiscal</w> <w type="NN">year</w> <c type="pct">.</c> </s>
</p>
<p><s n="59"><w type="RB">Specifically</w> <c type="pct">,</c> <w type="NP">Congress</w> <w type="MD">should</w> <w type="VB">consider</w> <w type="VBG">authorizing</w> <w type="AT">the</w> <w type="NN" subtype="TL">Peace</w> <w type="NN" subtype="TL">Corps</w> <w type="TO">to</w> <w type="VB">receive</w> <w type="NNS">contributions</w> <w type="IN">from</w> <w type="JJ">American</w> <w type="NNS">businesses</w> <c type="pct">,</c> <w type="NNS">unions</w> <c type="pct">,</c> <w type="JJ">civic</w> <w type="NNS">organizations</w> <w type="CC">and</w> <w type="AT">the</w> <w type="NN">public</w> <w type="IN">at</w> <w type="JJ">large</w> <c type="pct">.</c> </s>
<s n="60"><w type="CS">For</w> <w type="DT">this</w> <w type="MD">must</w> <w type="BE">be</w> <w type="AT">the</w> <w type="NN">project</w> <w type="IN">of</w> <w type="AT">the</w> <w type="JJ">whole</w> <w type="JJ">American</w> <w type="NNS">people</w> <c type="pct">.</c> </s>
<s n="61"><w type="AT">An</w> <w type="JJ" subtype="TL">Advisory</w> <w type="NN" subtype="TL">Council</w> <w type="IN">of</w> <w type="JJ">outstanding</w> <w type="JJ">public</w> <w type="NNS">figures</w> <w type="IN">with</w> <w type="NN">experience</w> <w type="IN">in</w> <w type="NN">world</w> <w type="NNS">affairs</w> <w type="MD">should</w> <w type="BE">be</w> <w type="VBN">formed</w> <w type="TO">to</w> <w type="VB">give</w> <w type="AT">the</w> <w type="NN">program</w> <w type="VBG">continuing</w> <w type="NN">guidance</w> <w type="CC">and</w> <w type="TO">to</w> <w type="VB">afford</w> <w type="AT">a</w> <w type="JJ">focal</w> <w type="NN">point</w> <w type="IN">for</w> <w type="JJ">public</w> <w type="NN">understanding</w> <c type="pct">.</c> </s>
</p>
<p><s n="62"><w type="NNS">Steps</w> <w type="MD">should</w> <w type="RB">also</w> <w type="BE">be</w> <w type="VBN">taken</w> <w type="TO">to</w> <w type="VB">link</w> <w type="AT">the</w> <w type="NN" subtype="TL">Food</w> <w type="IN" subtype="TL">for</w> <w type="NN" subtype="TL">Peace</w> <w type="NN" subtype="TL">Program</w> <w type="IN">with</w> <w type="AT">the</w> <w type="NN" subtype="TL">Peace</w> <w type="NN" subtype="TL">Corps</w> <c type="pct">,</c> <w type="CS">so</w> <w type="CS">that</w> <w type="JJ">foreign</w> <w type="NNS">currencies</w> <w type="VBN">accumulated</w> <w type="IN">by</w> <w type="AT">the</w> <w type="NN">sale</w> <w type="IN">of</w> <w type="NP">U.S.</w> <w type="NN">surplus</w> <w type="NN">food</w> <w type="IN">under</w> <w type="NP" subtype="TL">P.L.</w> <w type="CD" subtype="TL">480</w> <w type="MD">can</w> <w type="BE">be</w> <w type="VBN">put</w> <w type="TO">to</w> <w type="VB">use</w> <w type="TO">to</w> <w type="VB">pay</w> <w type="DTI">some</w> <w type="IN">of</w> <w type="AT">the</w> <w type="NN">host</w> <w type="NN">country</w> <w type="NNS">expenses</w> <w type="IN">of</w> <w type="NN" subtype="TL">Peace</w> <w type="NN" subtype="TL">Corps</w> <w type="NNS">personnel</w> <c type="pct">.</c> </s>
</p>
<p><s n="63"><w type="AT">The</w> <w type="NN">extent</w> <w type="IN">to</w> <w type="WDT">which</w> <w type="VBG">participating</w> <w type="NNS">bodies</w> <w type="JJ">such</w> <w type="CS">as</w> <w type="NP">U.</w> <w type="NP">S.</w> <w type="JJ">voluntary</w> <w type="NNS">agencies</w> <c type="pct">,</c> <w type="NNS">universities</w> <c type="pct">,</c> <w type="JJ">international</w> <w type="NNS">organizations</w> <c type="pct">,</c> <w type="CC">and</w> <w type="AT">the</w> <w type="NN">host</w> <w type="NN">country</w> <w type="CC">or</w> <w type="NNS">institutions</w> <w type="IN">in</w> <w type="AT">the</w> <w type="NN">host</w> <w type="NN">country</w> <w type="MD">can</w> <w type="CC">and</w> <w type="MD">should</w> <w type="VB">share</w> <w type="AT">the</w> <w type="NN">cost</w> <w type="IN">of</w> <w type="AT">the</w> <w type="NN" subtype="TL">Peace</w> <w type="NN" subtype="TL">Corps</w> <w type="NNS">programs</w> <w type="MD">must</w> <w type="BE">be</w> <w type="RB">fully</w> <w type="VBN">explored</w> <c type="pct">.</c> </s>
</p>
<p><s n="64"><w type="CD" subtype="HL">12</w> <c type="pct">.</c> </s>
<s n="65"><w type="BEZ" subtype="HL">Is</w> <w type="PPS" subtype="HL">it</w> <w type="JJ" subtype="HL">worth</w> <w type="AT" subtype="HL">the</w> <w type="NN" subtype="HL">cost</w> <w type="CC" subtype="HL">and</w> <w type="AT" subtype="HL">the</w> <w type="NNS" subtype="HL">risks</w> <c type="pct">?</c> <c type="pct">?</c> </s>
</p>
<p><s n="66"><w type="AT">No</w> <w type="NN">matter</w> <w type="WQL">how</w> <w type="RB">well</w> <w type="VBN">conceived</w> <w type="CC">and</w> <w type="RB">efficiently</w> <w type="VBN">run</w> <c type="pct">,</c> <w type="EX">there</w> <w type="RB">probably</w> <w type="MD">will</w> <w type="BE">be</w> <w type="NNS">failures</w> <c type="pct">.</c> </s>
<s n="67"><w type="DTS">These</w> <w type="MD">could</w> <w type="BE">be</w> <w type="JJ">costly</w> <w type="CC">and</w> <w type="HV">have</w> <w type="AT">a</w> <w type="JJ">serious</w> <w type="NN">effect</w> <w type="ABX">both</w> <w type="IN">at</w> <w type="NR">home</w> <w type="CC">and</w> <w type="RB">abroad</w> <c type="pct">.</c> </s>
</p>
<p><s n="68"><w type="CC">But</w> <w type="CS">as</w> <w type="AT">the</w> <w type="JJ">popular</w> <w type="NN">response</w> <w type="VBZ">suggests</w> <c type="pct">,</c> <w type="AT">the</w> <w type="NN">potentiality</w> <w type="IN">of</w> <w type="AT">the</w> <w type="NN" subtype="TL">Peace</w> <w type="NN" subtype="TL">Corps</w> <w type="BEZ">is</w> <w type="QL">very</w> <w type="JJ">great</w> <c type="pct">.</c> </s>
<s n="69"><w type="PPS">It</w> <w type="MD">can</w> <w type="VB">contribute</w> <w type="IN">to</w> <w type="AT">the</w> <w type="NN">development</w> <w type="IN">of</w> <w type="JJ">critical</w> <w type="NNS">countries</w> <w type="CC">and</w> <w type="NNS">regions</w> <c type="pct">.</c> </s>
<s n="70"><w type="PPS">It</w> <w type="MD">can</w> <w type="VB">promote</w> <w type="JJ">international</w> <w type="NN">cooperation</w> <w type="CC">and</w> <w type="JJ">good</w> <w type="NN">will</w> <w type="IN">toward</w> <w type="DT">this</w> <w type="NN">country</w> <c type="pct">.</c> </s>
<s n="71"><w type="PPS">It</w> <w type="MD">can</w> <w type="RB">also</w> <w type="VB">contribute</w> <w type="IN">to</w> <w type="AT">the</w> <w type="NN">education</w> <w type="IN">of</w> <w type="NP">America</w> <w type="CC">and</w> <w type="IN">to</w> <w type="QL">more</w> <w type="JJ">intelligent</w> <w type="JJ">American</w> <w type="NN">participation</w> <w type="IN">in</w> <w type="AT">the</w> <w type="NN">world</w> <c type="pct">.</c> </s>
</p>
<p><s n="72"><w type="IN">With</w> <w type="NNS">thousands</w> <w type="IN">of</w> <w type="JJ">young</w> <w type="NPS">Americans</w> <w type="VBG">going</w> <w type="TO">to</w> <w type="VB">work</w> <w type="IN">in</w> <w type="VBG">developing</w> <w type="NNS">areas</w> <c type="pct">,</c> <w type="NNS">millions</w> <w type="IN">of</w> <w type="NPS">Americans</w> <w type="MD">will</w> <w type="VB">become</w> <w type="QL">more</w> <w type="RB">directly</w> <w type="VBN">involved</w> <w type="IN">in</w> <w type="AT">the</w> <w type="NN">world</w> <w type="CS">than</w> <w type="RB">ever</w> <w type="RB">before</w> <c type="pct">.</c> </s>
</p>
<p><s n="73"><w type="IN">With</w> <w type="NNS">colleges</w> <w type="CC">and</w> <w type="NNS">universities</w> <w type="VBG">carrying</w> <w type="AT">a</w> <w type="JJ">large</w> <w type="NN">part</w> <w type="IN">of</w> <w type="AT">the</w> <w type="NN">program</w> <c type="pct">,</c> <w type="CC">and</w> <w type="IN">with</w> <w type="NNS">students</w> <w type="VBG">looking</w> <w type="IN">toward</w> <w type="NN" subtype="TL">Peace</w> <w type="NN" subtype="TL">Corps</w> <w type="NN">service</w> <c type="pct">,</c> <w type="EX">there</w> <w type="MD">will</w> <w type="BE">be</w> <w type="AT">an</w> <w type="NN">impact</w> <w type="IN">on</w> <w type="JJ">educational</w> <w type="NN">curriculum</w> <w type="CC">and</w> <w type="NN">student</w> <w type="NN">seriousness</w> <c type="pct">.</c> </s>
<s n="74"><w type="AT">The</w> <w type="NNS">letters</w> <w type="NR">home</w> <c type="pct">,</c> <w type="AT">the</w> <w type="NNS">talks</w> <w type="RBR">later</w> <w type="VBN">given</w> <w type="IN">by</w> <w type="VBG">returning</w> <w type="NNS">members</w> <w type="IN">of</w> <w type="AT">the</w> <w type="NN" subtype="TL">Peace</w> <w type="NN" subtype="TL">Corps</w> <c type="pct">,</c> <w type="AT">the</w> <w type="NN">influence</w> <w type="IN">on</w> <w type="AT">the</w> <w type="NNS">lives</w> <w type="IN">of</w> <w type="DTS">those</w> <w type="WPS">who</w> <w type="VB">spend</w> <w type="CD">two</w> <w type="CC">or</w> <w type="CD">three</w> <w type="NNS">years</w> <w type="IN">in</w> <w type="JJ">hard</w> <w type="NN">work</w> <w type="RB">abroad</w> <c type="pct">--</c> <w type="ABN">all</w> <w type="DT">this</w> <w type="MD">may</w> <w type="VB">combine</w> <w type="TO">to</w> <w type="VB">provide</w> <w type="AT">a</w> <w type="JJ">substantial</w> <w type="JJ">popular</w> <w type="NN">base</w> <w type="IN">for</w> <w type="JJ">responsible</w> <w type="JJ">American</w> <w type="NNS">policies</w> <w type="IN">toward</w> <w type="AT">the</w> <w type="NN">world</w> <c type="pct">.</c> </s>
<s n="75"><w type="CC">And</w> <w type="DT">this</w> <w type="BEZ">is</w> <w type="VBG">meeting</w> <w type="AT">the</w> <w type="NNg">world's</w> <w type="NN">need</w> <c type="pct">,</c> <w type="RB">too</w> <c type="pct">,</c> <w type="CS">since</w> <w type="WDT">what</w> <w type="AT">the</w> <w type="NN">world</w> <w type="RBT">most</w> <w type="VBZ">needs</w> <w type="IN">from</w> <w type="DT">this</w> <w type="NN">country</w> <w type="BEZ">is</w> <w type="JJR">better</w> <w type="NN">understanding</w> <w type="IN">of</w> <w type="AT">the</w> <w type="NN">world</w> <c type="pct">.</c> </s>
</p>
<p><s n="76"><w type="AT">The</w> <w type="NN" subtype="TL">Peace</w> <w type="NN" subtype="TL">Corps</w> <w type="RB">thus</w> <w type="MD">can</w> <w type="VB">add</w> <w type="AT">a</w> <w type="JJ">new</w> <w type="NN">dimension</w> <w type="IN">to</w> <w type="NPg">America's</w> <w type="NN">world</w> <w type="NN">policy</w> <c type="pct">--</c> <w type="CD">one</w> <w type="IN">for</w> <w type="WDT">which</w> <w type="NNS">people</w> <w type="RB">here</w> <w type="CC">and</w> <w type="RB">abroad</w> <w type="HV">have</w> <w type="RB">long</w> <w type="BEN">been</w> <w type="VBG">waiting</w> <c type="pct">.</c> </s>
<s n="77"><w type="CS">As</w> <w type="PPSS">you</w> <w type="VBD">said</w> <w type="IN">in</w> <w type="PPg">your</w> <w type="NN" subtype="TL">State</w> <w type="IN" subtype="TL">of</w> <w type="AT" subtype="TL">the</w> <w type="NN" subtype="TL">Union</w> <w type="NN">message</w> <c type="pct">,</c> <c type="pct">``</c> <w type="AT">The</w> <w type="NNS">problems</w> <w type="BER">are</w> <w type="VBG">towering</w> <w type="CC">and</w> <w type="JJ">unprecedented</w> <c type="pct">--</c> <w type="CC">and</w> <w type="AT">the</w> <w type="NN">response</w> <w type="MD">must</w> <w type="BE">be</w> <w type="VBG">towering</w> <w type="CC">and</w> <w type="JJ">unprecedented</w> <w type="QL">as</w> <w type="RB">well</w> <c type="pct">''</c> <c type="pct">.</c> </s>
</p>
<p><s n="78"><w type="IN" subtype="HL">To</w> <w type="AT" subtype="HL">the</w> <w type="NP" subtype="TL">Congress</w> <w type="IN" subtype="TL">of</w> <w type="AT" subtype="TL">the</w> <w type="VBN" subtype="TL">United</w> <w type="NNS" subtype="TL">States</w> <c type="pct">:</c> </s>
<s n="79"><w type="PPSS">I</w> <w type="VB">recommend</w> <w type="IN">to</w> <w type="AT">the</w> <w type="NP">Congress</w> <w type="AT">the</w> <w type="NN">establishment</w> <w type="IN">of</w> <w type="AT">a</w> <w type="JJ">permanent</w> <w type="NN" subtype="TL">Peace</w> <w type="NN" subtype="TL">Corps</w> <c type="pct">--</c> <w type="AT">a</w> <w type="NN">pool</w> <w type="IN">of</w> <w type="VBN">trained</w> <w type="JJ">American</w> <w type="NNS">men</w> <w type="CC">and</w> <w type="NNS">women</w> <w type="VBN">sent</w> <w type="RB">overseas</w> <w type="IN">by</w> <w type="AT">the</w> <w type="NP" subtype="TL">U.S.</w> <w type="NN" subtype="TL">Government</w> <w type="CC">or</w> <w type="IN">through</w> <w type="JJ">private</w> <w type="NNS">organizations</w> <w type="CC">and</w> <w type="NNS">institutions</w> <w type="TO">to</w> <w type="VB">help</w> <w type="JJ">foreign</w> <w type="NNS">countries</w> <w type="VB">meet</w> <w type="PPg">their</w> <w type="JJ">urgent</w> <w type="NNS">needs</w> <w type="IN">for</w> <w type="JJ">skilled</w> <w type="NN">manpower</w> <c type="pct">.</c> </s>
</p>
<p><s n="80"><w type="PPSS">I</w> <w type="HV">have</w> <w type="NR">today</w> <w type="VBN">signed</w> <w type="AT">an</w> <w type="JJ" subtype="TL">Executive</w> <w type="NN" subtype="TL">Order</w> <w type="VBG">establishing</w> <w type="AT">a</w> <w type="NN" subtype="TL">Peace</w> <w type="NN" subtype="TL">Corps</w> <w type="IN">on</w> <w type="AT">a</w> <w type="JJ">temporary</w> <w type="NN">pilot</w> <w type="NN">basis</w> <c type="pct">.</c> </s>
</p>
<p><s n="81"><w type="AT">The</w> <w type="JJ">temporary</w> <w type="NN" subtype="TL">Peace</w> <w type="NN" subtype="TL">Corps</w> <w type="MD">will</w> <w type="BE">be</w> <w type="AT">a</w> <w type="NN">source</w> <w type="IN">of</w> <w type="NN">information</w> <w type="CC">and</w> <w type="NN">experience</w> <w type="TO">to</w> <w type="VB">aid</w> <w type="PPO">us</w> <w type="IN">in</w> <w type="VBG">formulating</w> <w type="QL">more</w> <w type="JJ">effective</w> <w type="NNS">plans</w> <w type="IN">for</w> <w type="AT">a</w> <w type="JJ">permanent</w> <w type="NN">organization</w> <c type="pct">.</c> </s>
<s n="82"><w type="IN">In</w> <w type="NN">addition</w> <c type="pct">,</c> <w type="IN">by</w> <w type="VBG">starting</w> <w type="AT">the</w> <w type="NN" subtype="TL">Peace</w> <w type="NN" subtype="TL">Corps</w> <w type="RB">now</w> <w type="PPSS">we</w> <w type="MD">will</w> <w type="BE">be</w> <w type="JJ">able</w> <w type="TO">to</w> <w type="VB">begin</w> <w type="VBG">training</w> <w type="JJ">young</w> <w type="NNS">men</w> <w type="CC">and</w> <w type="NNS">women</w> <w type="IN">for</w> <w type="JJ">overseas</w> <w type="NN">duty</w> <w type="DT">this</w> <w type="NN">summer</w> <w type="IN">with</w> <w type="AT">the</w> <w type="NN">objective</w> <w type="IN">of</w> <w type="VBG">placing</w> <w type="PPO">them</w> <w type="IN">in</w> <w type="JJ">overseas</w> <w type="NNS">positions</w> <w type="IN">by</w> <w type="JJ">late</w> <w type="NN">fall</w> <c type="pct">.</c> </s>
<s n="83"><w type="DT">This</w> <w type="JJ">temporary</w> <w type="NN" subtype="TL">Peace</w> <w type="NN" subtype="TL">Corps</w> <w type="BEZ">is</w> <w type="BEG">being</w> <w type="VBN">established</w> <w type="IN">under</w> <w type="VBG">existing</w> <w type="NN">authority</w> <w type="IN">in</w> <w type="AT">the</w> <w type="JJ" subtype="TL">Mutual</w> <w type="NN" subtype="TL">Security</w> <w type="NN" subtype="TL">Act</w> <w type="CC">and</w> <w type="MD">will</w> <w type="BE">be</w> <w type="VBN">located</w> <w type="IN">in</w> <w type="AT">the</w> <w type="NN" subtype="TL">Department</w> <w type="IN" subtype="TL">of</w> <w type="NN" subtype="TL">State</w> <c type="pct">.</c> </s>
<s n="84"><w type="PPg">Its</w> <w type="JJ">initial</w> <w type="NNS">expenses</w> <w type="MD">will</w> <w type="BE">be</w> <w type="VBN">paid</w> <w type="IN">from</w> <w type="NNS">appropriations</w> <w type="RB">currently</w> <w type="JJ">available</w> <w type="IN">for</w> <w type="PPg">our</w> <w type="JJ">foreign</w> <w type="NN">aid</w> <w type="NN">program</w> <c type="pct">.</c> </s>
</p>
<p><s n="85"><w type="IN">Throughout</w> <w type="AT">the</w> <w type="NN">world</w> <w type="AT">the</w> <w type="NNS">people</w> <w type="IN">of</w> <w type="AT">the</w> <w type="RB">newly</w> <w type="VBG">developing</w> <w type="NNS">nations</w> <w type="BER">are</w> <w type="VBG">struggling</w> <w type="IN">for</w> <w type="JJ">economic</w> <w type="CC">and</w> <w type="JJ">social</w> <w type="NN">progress</w> <w type="WDT">which</w> <w type="VBZ">reflects</w> <w type="PPg">their</w> <w type="JJT">deepest</w> <w type="NNS">desires</w> <c type="pct">.</c> </s>
<s n="86"><w type="PPg">Our</w> <w type="JJ">own</w> <w type="NN">freedom</w> <c type="pct">,</c> <w type="CC">and</w> <w type="AT">the</w> <w type="NN">future</w> <w type="IN">of</w> <w type="NN">freedom</w> <w type="IN">around</w> <w type="AT">the</w> <w type="NN">world</w> <c type="pct">,</c> <w type="VB">depend</w> <c type="pct">,</c> <w type="IN">in</w> <w type="AT">a</w> <w type="QL">very</w> <w type="JJ">real</w> <w type="NN">sense</w> <c type="pct">,</c> <w type="IN">on</w> <w type="PPg">their</w> <w type="NN">ability</w> <w type="TO">to</w> <w type="VB">build</w> <w type="VBG">growing</w> <w type="CC">and</w> <w type="JJ">independent</w> <w type="NNS">nations</w> <w type="WRB">where</w> <w type="NNS">men</w> <w type="MD">can</w> <w type="VB">live</w> <w type="IN">in</w> <w type="NN">dignity</w> <c type="pct">,</c> <w type="VBN">liberated</w> <w type="IN">from</w> <w type="AT">the</w> <w type="NNS">bonds</w> <w type="IN">of</w> <w type="NN">hunger</w> <c type="pct">,</c> <w type="NN">ignorance</w> <w type="CC">and</w> <w type="NN">poverty</w> <c type="pct">.</c> </s>
</p>
<p><s n="87"><w type="CD">One</w> <w type="IN">of</w> <w type="AT">the</w> <w type="JJT">greatest</w> <w type="NNS">obstacles</w> <w type="IN">to</w> <w type="AT">the</w> <w type="NN">achievement</w> <w type="IN">of</w> <w type="DT">this</w> <w type="NN">goal</w> <w type="BEZ">is</w> <w type="AT">the</w> <w type="NN">lack</w> <w type="IN">of</w> <w type="VBN">trained</w> <w type="NNS">men</w> <w type="CC">and</w> <w type="NNS">women</w> <w type="IN">with</w> <w type="AT">the</w> <w type="NN">skill</w> <w type="TO">to</w> <w type="VB">teach</w> <w type="AT">the</w> <w type="JJ">young</w> <w type="CC">and</w> <w type="VB">assist</w> <w type="IN">in</w> <w type="AT">the</w> <w type="NN">operation</w> <w type="IN">of</w> <w type="NN">development</w> <w type="NNS">projects</w> <c type="pct">--</c> <w type="NNS">men</w> <w type="CC">and</w> <w type="NNS">women</w> <w type="IN">with</w> <w type="AT">the</w> <w type="NN">capacity</w> <w type="TO">to</w> <w type="VB">cope</w> <w type="IN">with</w> <w type="AT">the</w> <w type="NNS">demands</w> <w type="IN">of</w> <w type="RB">swiftly</w> <w type="VBG">evolving</w> <w type="NN">economics</w> <c type="pct">,</c> <w type="CC">and</w> <w type="IN">with</w> <w type="AT">the</w> <w type="NN">dedication</w> <w type="TO">to</w> <w type="VB">put</w> <w type="DT">that</w> <w type="NN">capacity</w> <w type="TO">to</w> <w type="VB">work</w> <w type="IN">in</w> <w type="AT">the</w> <w type="NNS">villages</w> <c type="pct">,</c> <w type="AT">the</w> <w type="NNS">mountains</w> <c type="pct">,</c> <w type="AT">the</w> <w type="NNS">towns</w> <w type="CC">and</w> <w type="AT">the</w> <w type="NNS">factories</w> <w type="IN">of</w> <w type="NNS">dozens</w> <w type="IN">of</w> <w type="VBG">struggling</w> <w type="NNS">nations</w> <c type="pct">.</c> </s>
</p>
<p><s n="88"><w type="AT">The</w> <w type="JJ">vast</w> <w type="NN">task</w> <w type="IN">of</w> <w type="JJ">economic</w> <w type="NN">development</w> <w type="RB">urgently</w> <w type="VBZ">requires</w> <w type="JJ">skilled</w> <w type="NNS">people</w> <w type="TO">to</w> <w type="DO">do</w> <w type="AT">the</w> <w type="NN">work</w> <w type="IN">of</w> <w type="AT">the</w> <w type="NN">society</w> <c type="pct">--</c> <w type="TO">to</w> <w type="VB">help</w> <w type="VB">teach</w> <w type="IN">in</w> <w type="AT">the</w> <w type="NNS">schools</w> <c type="pct">,</c> <w type="VB">construct</w> <w type="NN">development</w> <w type="NNS">projects</w> <c type="pct">,</c> <w type="VB">demonstrate</w> <w type="JJ">modern</w> <w type="NNS">methods</w> <w type="IN">of</w> <w type="NN">sanitation</w> <w type="IN">in</w> <w type="AT">the</w> <w type="NNS">villages</w> <c type="pct">,</c> <w type="CC">and</w> <w type="VB">perform</w> <w type="AT">a</w> <w type="CD">hundred</w> <w type="AP">other</w> <w type="NNS">tasks</w> <w type="VBG">calling</w> <w type="IN">for</w> <w type="VBG">training</w> <w type="CC">and</w> <w type="VBN">advanced</w> <w type="NN">knowledge</w> <c type="pct">.</c> </s>
</p>
<p><s n="89"><w type="TO">To</w> <w type="VB">meet</w> <w type="DT">this</w> <w type="JJ">urgent</w> <w type="NN">need</w> <w type="IN">for</w> <w type="JJ">skilled</w> <w type="NN">manpower</w> <w type="PPSS">we</w> <w type="BER">are</w> <w type="VBG">proposing</w> <w type="AT">the</w> <w type="NN">establishment</w> <w type="IN">of</w> <w type="AT">a</w> <w type="NN" subtype="TL">Peace</w> <w type="NN" subtype="TL">Corps</w> <c type="pct">--</c> <w type="AT">an</w> <w type="NN">organization</w> <w type="WDT">which</w> <w type="MD">will</w> <w type="VB">recruit</w> <w type="CC">and</w> <w type="VB">train</w> <w type="JJ">American</w> <w type="NNS">volunteers</w> <c type="pct">,</c> <w type="VBG">sending</w> <w type="PPO">them</w> <w type="RB">abroad</w> <w type="TO">to</w> <w type="VB">work</w> <w type="IN">with</w> <w type="AT">the</w> <w type="NNS">people</w> <w type="IN">of</w> <w type="AP">other</w> <w type="NNS">nations</w> <c type="pct">.</c> </s>
</p>
<p><s n="90"><w type="DT">This</w> <w type="NN">organization</w> <w type="MD">will</w> <w type="VB">differ</w> <w type="IN">from</w> <w type="VBG">existing</w> <w type="NN">assistance</w> <w type="NNS">programs</w> <w type="IN">in</w> <w type="CS">that</w> <w type="PPg">its</w> <w type="NNS">members</w> <w type="MD">will</w> <w type="VB">supplement</w> <w type="JJ">technical</w> <w type="NNS">advisers</w> <w type="IN">by</w> <w type="VBG">offering</w> <w type="AT">the</w> <w type="JJ">specific</w> <w type="NNS">skills</w> <w type="VBN">needed</w> <w type="IN">by</w> <w type="VBG">developing</w> <w type="NNS">nations</w> <w type="CS">if</w> <w type="PPSS">they</w> <w type="BER">are</w> <w type="TO">to</w> <w type="VB">put</w> <w type="JJ">technical</w> <w type="NN">advice</w> <w type="TO">to</w> <w type="VB">work</w> <c type="pct">.</c> </s>
<s n="91"><w type="PPSS">They</w> <w type="MD">will</w> <w type="VB">help</w> <w type="VB">provide</w> <w type="AT">the</w> <w type="JJ">skilled</w> <w type="NN">manpower</w> <w type="JJ">necessary</w> <w type="TO">to</w> <w type="VB">carry</w> <w type="RP">out</w> <w type="AT">the</w> <w type="NN">development</w> <w type="NNS">projects</w> <w type="VBN">planned</w> <w type="IN">by</w> <w type="AT">the</w> <w type="NN">host</w> <w type="NNS">governments</w> <c type="pct">,</c> <w type="VBG">acting</w> <w type="IN">at</w> <w type="AT">a</w> <w type="VBG">working</w> <w type="NN">level</w> <w type="CC">and</w> <w type="VBG">serving</w> <w type="IN">at</w> <w type="JJ">great</w> <w type="JJ">personal</w> <w type="NN">sacrifice</w> <c type="pct">.</c> </s>
<s n="92"><w type="EX">There</w> <w type="BEZ">is</w> <w type="AP">little</w> <w type="NN">doubt</w> <w type="CS">that</w> <w type="AT">the</w> <w type="NN">number</w> <w type="IN">of</w> <w type="DTS">those</w> <w type="WPS">who</w> <w type="VB">wish</w> <w type="TO">to</w> <w type="VB">serve</w> <w type="MD">will</w> <w type="BE">be</w> <w type="QL">far</w> <w type="JJR">greater</w> <w type="CS">than</w> <w type="PPg">our</w> <w type="NN">capacity</w> <w type="TO">to</w> <w type="VB">absorb</w> <w type="PPO">them</w> <c type="pct">.</c> </s>
</p>
<p></p></body></text></TEI>
