<TEI xmlns="http://www.tei-c.org/ns/1.0"><teiHeader><fileDesc><titleStmt><title>Sample H23 from  Federal Communications Commission Reports. Decisions and Reports
 of the Federal Communications Commission of the United States,
 July 10, 1959, to January 8, 1960. Vol. 27. Pp. 588-592.
</title></titleStmt><editionStmt><edition>A part  of the XML version of the Brown Corpus</edition></editionStmt><extent>2,029 words 3 (0.1) quotes 20 symbols</extent><publicationStmt><idno>H23</idno><availability><p/></availability></publicationStmt><sourceDesc><bibl> Federal Communications Commission Reports. Decisions and Reports
 of the Federal Communications Commission of the United States,
 July 10, 1959, to January 8, 1960. Vol. 27. Pp. 588-592.
</bibl></sourceDesc></fileDesc><encodingDesc><p>Typographical Errors: whereever [1330]0010-1940intereference [1940]</p></encodingDesc><revisionDesc><change when="2008-04-27">Header auto-generated for TEI version</change></revisionDesc></teiHeader>
<text xml:id="H23" decls="H">
<body><p><s n="1"><w type="DT">This</w> <w type="JJ">broad</w> <w type="NN">delegation</w> <w type="VBZ">leaves</w> <w type="IN">within</w> <w type="PPg">our</w> <w type="NN">discretion</w> <c type="pct">(</c> <w type="JJ">subject</w> <w type="IN">to</w> <w type="AT">the</w> <w type="JJ">always-present</w> <w type="NN">criterion</w> <w type="IN">of</w> <w type="AT">the</w> <w type="JJ">public</w> <w type="NN">interest</w> <c type="pct">)</c> <w type="ABX">both</w> <w type="AT">the</w> <w type="NN">determination</w> <w type="IN">of</w> <w type="WDT">what</w> <w type="NN">degree</w> <w type="IN">of</w> <w type="NN">interference</w> <w type="MD">shall</w> <w type="BE">be</w> <w type="VBN">considered</w> <w type="JJ">excessive</w> <c type="pct">,</c> <w type="CC">and</w> <w type="AT">the</w> <w type="NNS">methods</w> <w type="IN">by</w> <w type="WDT">which</w> <w type="JJ">such</w> <w type="JJ">excessive</w> <w type="NN">interference</w> <w type="MD">shall</w> <w type="BE">be</w> <w type="VBN">avoided</w> <c type="pct">.</c> </s>
<s n="2"><w type="CD" subtype="HL">3</w> <c type="pct">.</c> </s>
</p>
<p><s n="3"><w type="AT">The</w> <w type="JJ">present</w> <w type="NN">proceeding</w> <w type="BEZ">is</w> <w type="VBN">concerned</w> <w type="IN">with</w> <w type="AT">the</w> <w type="JJ">standard</w> <w type="NN">broadcast</w> <c type="pct">(</c> <w type="NP">AM</w> <c type="pct">)</c> <w type="NN">band</w> <c type="pct">,</c> <w type="IN">from</w> <w type="CD">540</w> <w type="NNS">kc.</w> <w type="IN">to</w> <w type="CD">1600</w> <w type="NNS">kc.</w> <c type="pct">.</c> </s>
<s n="4"><w type="WRB">Whenever</w> <w type="CD">two</w> <w type="CC">or</w> <w type="AP">more</w> <w type="JJ">standard</w> <w type="NN">broadcast</w> <w type="NNS">stations</w> <w type="VB">operate</w> <w type="RB">simultaneously</w> <w type="IN">on</w> <w type="AT">the</w> <w type="AP">same</w> <w type="CC">or</w> <w type="RB">closely</w> <w type="JJ">adjacent</w> <w type="NNS">frequencies</w> <c type="pct">,</c> <w type="DT">each</w> <w type="VBZ">interferes</w> <w type="IN">to</w> <w type="DTI">some</w> <w type="NN">extent</w> <w type="IN">with</w> <w type="NN">reception</w> <w type="IN">of</w> <w type="AT">the</w> <w type="AP">other</w> <c type="pct">.</c> </s>
<s n="5"><w type="AT">The</w> <w type="NN">extent</w> <w type="IN">of</w> <w type="JJ">such</w> <w type="NN">interference</w> <c type="pct">--</c> <w type="WDT">which</w> <w type="MD">may</w> <w type="BE">be</w> <w type="QL">so</w> <w type="JJ">slight</w> <w type="CS">as</w> <w type="TO">to</w> <w type="BE">be</w> <w type="JJ">undetectable</w> <w type="IN">at</w> <w type="DTI">any</w> <w type="NN">point</w> <w type="WRB">where</w> <w type="DTX">either</w> <w type="IN">of</w> <w type="AT">the</w> <w type="NNS">stations</w> <w type="VBZ">renders</w> <w type="AT">a</w> <w type="JJ">usable</w> <w type="NN">signal</w> <c type="pct">,</c> <w type="CC">or</w> <w type="MD">may</w> <w type="BE">be</w> <w type="QL">so</w> <w type="JJ">great</w> <w type="CS">as</w> <w type="TO">to</w> <w type="RB">virtually</w> <w type="VB">destroy</w> <w type="AT">the</w> <w type="NN">service</w> <w type="NNS">areas</w> <w type="IN">of</w> <w type="ABX">both</w> <w type="NNS">stations</w> <c type="pct">--</c> <w type="VBZ">depends</w> <w type="IN">on</w> <w type="AP">many</w> <w type="NNS">factors</w> <c type="pct">,</c> <w type="IN">among</w> <w type="AT">the</w> <w type="JJS">principal</w> <w type="NNS">ones</w> <w type="BEG">being</w> <w type="AT">the</w> <w type="NN">distance</w> <w type="IN">between</w> <w type="AT">the</w> <w type="NNS">stations</w> <c type="pct">,</c> <w type="PPg">their</w> <w type="JJ">respective</w> <w type="VBN">radiated</w> <w type="NN">power</w> <c type="pct">,</c> <w type="CC">and</w> <c type="pct">,</c> <w type="IN">of</w> <w type="JJ">particular</w> <w type="NN">significance</w> <w type="RB">here</w> <c type="pct">,</c> <w type="AT">the</w> <w type="NN">time</w> <w type="IN">of</w> <w type="NN">day</w> <c type="pct">.</c> </s>
<s n="6"><w type="AP">Other</w> <w type="NNS">factors</w> <w type="VBG">playing</w> <w type="AT">a</w> <w type="NN">part</w> <w type="IN">in</w> <w type="AT">the</w> <w type="NN">extent</w> <w type="IN">of</w> <w type="NN">AM</w> <w type="NN">service</w> <w type="CC">and</w> <w type="NN">interference</w> <w type="BER">are</w> <w type="AT">the</w> <w type="NN">frequency</w> <w type="VBN">involved</w> <c type="pct">,</c> <w type="AT">the</w> <w type="NN">time</w> <w type="IN">of</w> <w type="NN">year</w> <c type="pct">,</c> <w type="AT">the</w> <w type="NN">position</w> <w type="IN">of</w> <w type="AT">the</w> <w type="NN">year</w> <w type="IN">in</w> <w type="AT">the</w> <w type="NN">sunspot</w> <w type="NN">cycle</w> <c type="pct">,</c> <w type="NN">ground</w> <w type="NN">conductivity</w> <w type="IN">along</w> <w type="AT">the</w> <w type="NN">transmission</w> <w type="NN">path</w> <c type="pct">,</c> <w type="JJ">atmospheric</w> <w type="CC">and</w> <w type="JJ">manmade</w> <w type="NN">noise</w> <c type="pct">,</c> <w type="CC">and</w> <w type="NNS">others</w> <c type="pct">.</c> </s>
<s n="7"><w type="IN">With</w> <w type="AT">the</w> <w type="NN">existence</w> <w type="IN">of</w> <w type="DTS">these</w> <w type="AP">many</w> <w type="NNS">factors</w> <c type="pct">,</c> <w type="DTI">some</w> <w type="IN">of</w> <w type="PPO">them</w> <w type="JJ">variable</w> <c type="pct">,</c> <w type="PPS">it</w> <w type="RB">obviously</w> <w type="HVZ">has</w> <w type="RB">never</w> <w type="BEN">been</w> <w type="CC">and</w> <w type="BEZ">is</w> <w type="NEG">not</w> <w type="RB">now</w> <w type="JJ">possible</w> <w type="IN">for</w> <w type="AT">the</w> <w type="NN" subtype="TL">Commission</w> <w type="TO">to</w> <w type="VB">make</w> <w type="NNS">assignments</w> <w type="IN">of</w> <w type="NN">AM</w> <w type="NNS">stations</w> <w type="IN">on</w> <w type="AT">a</w> <w type="JJ">case-to-case</w> <w type="NN">basis</w> <w type="WDT">which</w> <w type="MD">will</w> <w type="VB">insure</w> <w type="IN">against</w> <w type="DTI">any</w> <w type="NN">interference</w> <w type="IN">in</w> <w type="DTI">any</w> <w type="NNS">circumstances</w> <c type="pct">.</c> </s>
<s n="8"><w type="RB">Rather</w> <c type="pct">,</c> <w type="JJ">such</w> <w type="NNS">assignments</w> <w type="BER">are</w> <w type="VBN">made</w> <c type="pct">,</c> <w type="CS">as</w> <w type="PPSS">they</w> <w type="MD">must</w> <w type="BE">be</w> <c type="pct">,</c> <w type="IN">on</w> <w type="AT">the</w> <w type="NN">basis</w> <w type="IN">of</w> <w type="JJ">certain</w> <w type="JJ">overall</w> <w type="NNS">rules</w> <w type="CC">and</w> <w type="NNS">standards</w> <c type="pct">,</c> <w type="VBG">representing</w> <w type="IN">to</w> <w type="DTI">some</w> <w type="NN">extent</w> <w type="AT">a</w> <w type="JJ">statistical</w> <w type="NN">approach</w> <w type="IN">to</w> <w type="AT">the</w> <w type="NN">problem</w> <c type="pct">,</c> <w type="VBG">taking</w> <w type="IN">into</w> <w type="NN">account</w> <w type="IN">for</w> <w type="DT">each</w> <w type="NN">situation</w> <w type="DTI">some</w> <w type="IN">of</w> <w type="AT">the</w> <w type="NNS">variables</w> <c type="pct">(</c> <w type="RB">e.g.</w> <c type="pct">,</c> <w type="NN">power</w> <w type="CC">and</w> <w type="NN">station</w> <w type="NNS">separations</w> <c type="pct">)</c> <w type="CC">and</w> <w type="VBG">averaging</w> <w type="RP">out</w> <w type="NNS">others</w> <w type="IN">in</w> <w type="NN">order</w> <w type="TO">to</w> <w type="VB">achieve</w> <w type="AT">the</w> <w type="NN">balance</w> <w type="WDT">which</w> <w type="MD">must</w> <w type="BE">be</w> <w type="VBN">struck</w> <w type="IN">between</w> <w type="NN">protection</w> <w type="IN">against</w> <w type="JJ">destructive</w> <w type="NN">interference</w> <w type="CC">and</w> <w type="AT">the</w> <w type="NN">assignment</w> <w type="IN">of</w> <w type="AT">a</w> <w type="NN">number</w> <w type="IN">of</w> <w type="NNS">stations</w> <w type="JJ">large</w> <w type="QLP">enough</w> <w type="TO">to</w> <w type="VB">afford</w> <w type="JJ">optimum</w> <w type="NN">radio</w> <w type="NN">service</w> <w type="IN">to</w> <w type="AT">the</w> <w type="NN" subtype="TL">Nation</w> <c type="pct">.</c> </s>
<s n="9"><w type="AT">An</w> <w type="NN">example</w> <w type="IN">of</w> <w type="AT">the</w> <w type="JJ">overall</w> <w type="NNS">standards</w> <w type="VBN">applied</w> <w type="BEZ">is</w> <w type="AT">the</w> <w type="CD">20-to-1</w> <w type="NN">ratio</w> <w type="VBN">established</w> <w type="IN">for</w> <w type="AT">the</w> <w type="NN">determination</w> <w type="IN">of</w> <w type="DT">that</w> <w type="NN">degree</w> <w type="IN">of</w> <w type="NN">cochannel</w> <w type="NN">interference</w> <w type="WDT">which</w> <w type="BEZ">is</w> <w type="VBN">regarded</w> <w type="CS">as</w> <w type="JJ">objectionable</w> <c type="pct">.</c> </s>
<s n="10"><w type="IN">By</w> <w type="DT">this</w> <w type="NN">standard</w> <c type="pct">,</c> <w type="PPS">it</w> <w type="BEZ">is</w> <w type="VBN">determined</w> <w type="CS">that</w> <w type="WRB">where</w> <w type="CD">two</w> <w type="NNS">stations</w> <w type="VBG">operating</w> <w type="IN">on</w> <w type="AT">the</w> <w type="AP">same</w> <w type="NN">frequency</w> <w type="BER">are</w> <w type="VBN">involved</w> <c type="pct">,</c> <w type="JJ">objectionable</w> <w type="NN">interference</w> <w type="IN">from</w> <w type="NN">station</w> <w type="NN">A</w> <w type="VBZ">exists</w> <w type="IN">at</w> <w type="DTI">any</w> <w type="NN">point</w> <w type="IN">within</w> <w type="AT">the</w> <w type="NN">service</w> <w type="NN">area</w> <w type="IN">of</w> <w type="NN">station</w> <w type="NN">B</w> <w type="WRB">where</w> <w type="NN">station</w> <w type="NNg">A's</w> <w type="NN">signal</w> <w type="BEZ">is</w> <w type="IN">of</w> <w type="AT">an</w> <w type="NN">intensity</w> <w type="NN">one-twentieth</w> <w type="CC">or</w> <w type="AP">more</w> <w type="IN">of</w> <w type="AT">the</w> <w type="NN">strength</w> <w type="IN">of</w> <w type="NN">station</w> <w type="NN">B's</w> <w type="NN">signal</w> <w type="IN">at</w> <w type="DT">that</w> <w type="NN">point</w> <c type="pct">.</c> </s>
<s n="11"><w type="CD" subtype="HL">4</w> <c type="pct">.</c> </s>
</p>
<p><s n="12"><w type="AT">The</w> <w type="CD">20-to-1</w> <w type="NN">ratio</w> <w type="IN">for</w> <w type="NN">cochannel</w> <w type="NN">interference</w> <w type="VBZ">embodies</w> <w type="CD">one</w> <w type="IN">of</w> <w type="AT">the</w> <w type="JJ">fundamental</w> <w type="VBG">limiting</w> <w type="NNS">principles</w> <w type="WDT">which</w> <w type="PPSS">we</w> <w type="MD">must</w> <w type="RB">always</w> <w type="VB">take</w> <w type="IN">into</w> <w type="NN">account</w> <w type="IN">in</w> <w type="NN">AM</w> <w type="NNS">assignments</w> <w type="CC">and</w> <w type="NNS">allocations</w> <c type="pct">--</c> <w type="CS">that</w> <w type="NNS">signals</w> <w type="IN">from</w> <w type="AT">a</w> <w type="JJ">particular</w> <w type="NN">station</w> <w type="BER">are</w> <w type="JJ">potential</w> <w type="NNS">sources</w> <w type="IN">of</w> <w type="JJ">objectionable</w> <w type="NN">interference</w> <w type="IN">over</w> <w type="AT">an</w> <w type="NN">area</w> <w type="QL">much</w> <w type="JJR">greater</w> <w type="CS">than</w> <w type="DT">that</w> <w type="IN">within</w> <w type="WDT">which</w> <w type="PPSS">they</w> <w type="VB">provide</w> <w type="JJ">useful</w> <w type="NN">service</w> <c type="pct">.</c> </s>
<s n="13"><w type="AT">A</w> <w type="OD">second</w> <w type="JJ">fundamental</w> <w type="NN">principle</w> <w type="BEZ">is</w> <w type="DT">that</w> <w type="VBN">involved</w> <w type="RB">particularly</w> <w type="IN">in</w> <w type="AT">the</w> <w type="JJ">present</w> <w type="NN">proceeding</w> <c type="pct">--</c> <w type="AT">the</w> <w type="NN">difference</w> <w type="IN">between</w> <w type="JJ">nighttime</w> <w type="CC">and</w> <w type="JJ">daytime</w> <w type="NN">propagation</w> <w type="NNS">conditions</w> <w type="IN">with</w> <w type="NN">respect</w> <w type="IN">to</w> <w type="AT">the</w> <w type="JJ">standard</w> <w type="NN">broadcast</w> <w type="NNS">frequencies</w> <c type="pct">.</c> </s>
<s n="14"><w type="DT">This</w> <w type="BEZ">is</w> <w type="AT">a</w> <w type="NN">phenomenon</w> <w type="JJ">familiar</w> <w type="IN">to</w> <w type="ABN">all</w> <w type="NN">radio</w> <w type="NNS">listeners</w> <c type="pct">,</c> <w type="VBG">resulting</w> <w type="IN">from</w> <w type="NN">reflection</w> <w type="IN">of</w> <w type="NN">skywave</w> <w type="NNS">signals</w> <w type="IN">at</w> <w type="NN">night</w> <w type="IN">from</w> <w type="AT">the</w> <w type="VBN">ionized</w> <w type="NN">layer</w> <w type="IN">in</w> <w type="AT">the</w> <w type="JJ">upper</w> <w type="NN">atmosphere</w> <w type="VBN">known</w> <w type="CS">as</w> <w type="AT">the</w> <w type="NN">ionosphere</w> <c type="pct">.</c> </s>
<s n="15"><w type="ABN">All</w> <w type="NN">AM</w> <w type="NNS">stations</w> <w type="VB">radiate</w> <w type="ABX">both</w> <w type="NN">skywave</w> <w type="CC">and</w> <w type="NN">groundwave</w> <w type="NNS">signals</w> <c type="pct">,</c> <w type="IN">at</w> <w type="ABN">all</w> <w type="NNS">hours</w> <c type="pct">;</c> <c type="pct">;</c> </s>
<s n="16"><w type="CC">but</w> <w type="IN">during</w> <w type="AT">the</w> <w type="JJ">middle</w> <w type="JJ">daytime</w> <w type="NNS">hours</w> <w type="DTS">these</w> <w type="NN">skywave</w> <w type="NNS">radiations</w> <w type="BER">are</w> <w type="NEG">not</w> <w type="VBN">reflected</w> <w type="IN">in</w> <w type="DTI">any</w> <w type="JJ">substantial</w> <w type="NN">quantity</w> <c type="pct">,</c> <w type="CC">and</w> <w type="IN">during</w> <w type="DT">this</w> <w type="NN">portion</w> <w type="IN">of</w> <w type="AT">the</w> <w type="NN">day</w> <w type="ABX">both</w> <w type="NN">skywave</w> <w type="NN">service</w> <w type="CC">and</w> <w type="NN">skywave</w> <w type="NN">interference</w> <w type="BER">are</w> <c type="pct">,</c> <w type="IN">in</w> <w type="JJ">general</w> <c type="pct">,</c> <w type="JJ">negligible</w> <c type="pct">.</c> </s>
<s n="17"><w type="CC">But</w> <w type="IN">during</w> <w type="JJ">nighttime</w> <w type="NNS">hours</w> <w type="AT">the</w> <w type="NN">skywave</w> <w type="NNS">radiations</w> <w type="BER">are</w> <w type="VBN">reflected</w> <w type="IN">from</w> <w type="AT">the</w> <w type="NN">ionosphere</w> <c type="pct">,</c> <w type="RB">thereby</w> <w type="VBG">creating</w> <w type="AT">the</w> <w type="NN">possibility</w> <w type="IN">of</w> <w type="CD">one</w> <w type="NNg">station's</w> <w type="VBG">rendering</w> <w type="NN">service</w> <c type="pct">,</c> <w type="IN">via</w> <w type="NN">skywave</w> <c type="pct">,</c> <w type="IN">at</w> <w type="AT">a</w> <w type="QL">much</w> <w type="JJR">greater</w> <w type="NN">distance</w> <w type="CS">than</w> <w type="PPS">it</w> <w type="MD">can</w> <w type="IN">through</w> <w type="PPg">its</w> <w type="NN">groundwave</w> <w type="NN">signal</w> <c type="pct">,</c> <w type="CC">and</w> <w type="IN">at</w> <w type="AT">the</w> <w type="AP">same</w> <w type="NN">time</w> <w type="RB">vastly</w> <w type="VBG">complicating</w> <w type="AT">the</w> <w type="NN">interference</w> <w type="NN">problem</w> <w type="RB">because</w> <w type="IN">of</w> <w type="AT">the</w> <w type="RB">still</w> <w type="JJR">greater</w> <w type="NN">distance</w> <w type="IN">over</w> <w type="WDT">which</w> <w type="DTS">these</w> <w type="NN">skywave</w> <w type="NNS">signals</w> <w type="MD">may</w> <w type="VB">cause</w> <w type="NN">interference</w> <w type="IN">to</w> <w type="AT">the</w> <w type="NNS">signals</w> <w type="IN">of</w> <w type="NNS">stations</w> <w type="IN">on</w> <w type="AT">the</w> <w type="AP">same</w> <w type="CC">and</w> <w type="RB">closely</w> <w type="JJ">adjacent</w> <w type="NNS">frequencies</w> <c type="pct">.</c> </s>
<s n="18"><w type="RB">Because</w> <w type="IN">of</w> <w type="AT">the</w> <w type="NN">difference</w> <w type="IN">between</w> <w type="JJ">daytime</w> <w type="CC">and</w> <w type="JJ">nighttime</w> <w type="NN">propagation</w> <w type="NNS">conditions</w> <c type="pct">,</c> <w type="PPS">it</w> <w type="HVZ">has</w> <w type="BEN">been</w> <w type="JJ">necessary</w> <w type="TO">to</w> <w type="VB">evolve</w> <w type="JJ">different</w> <w type="NN">allocation</w> <w type="NNS">structures</w> <w type="IN">for</w> <w type="JJ">daytime</w> <w type="CC">and</w> <w type="JJ">nighttime</w> <w type="NN">broadcasting</w> <w type="IN">in</w> <w type="AT">the</w> <w type="NN">AM</w> <w type="NN">band</w> <c type="pct">,</c> <w type="IN">with</w> <w type="QL">many</w> <w type="AP">more</w> <w type="NNS">stations</w> <w type="VBG">operating</w> <w type="IN">during</w> <w type="AT">the</w> <w type="NN">day</w> <w type="CS">than</w> <w type="IN">at</w> <w type="NN">night</w> <c type="pct">.</c> </s>
<s n="19"><w type="CD" subtype="HL">5</w> <c type="pct">.</c> </s>
</p>
<p><s n="20"><w type="PPS">It</w> <w type="BEDZ">was</w> <w type="VBN">recognized</w> <w type="NNS">years</w> <w type="RB">ago</w> <w type="CS">that</w> <w type="AT">the</w> <w type="NN">transition</w> <w type="IN">from</w> <w type="JJ">daytime</w> <w type="IN">to</w> <w type="JJ">nighttime</w> <w type="NN">propagation</w> <w type="NNS">conditions</w> <c type="pct">,</c> <w type="CC">and</w> <w type="RB">vice</w> <w type="RB">versa</w> <c type="pct">,</c> <w type="BEZ">is</w> <w type="NEG">not</w> <w type="AT">an</w> <w type="JJ">instantaneous</w> <w type="NN">process</w> <c type="pct">,</c> <w type="CC">but</w> <w type="VBZ">takes</w> <w type="NN">place</w> <w type="IN">over</w> <w type="NNS">periods</w> <w type="IN">of</w> <w type="NN">time</w> <w type="IN">from</w> <w type="RB">roughly</w> <w type="CD">2</w> <w type="NNS">hours</w> <w type="IN">before</w> <w type="NN">sunset</w> <w type="IN">until</w> <w type="RB">about</w> <w type="CD">2</w> <w type="NNS">hours</w> <w type="IN">after</w> <w type="NN">sunset</w> <c type="pct">,</c> <w type="CC">and</w> <w type="RB">again</w> <w type="IN">from</w> <w type="RB">roughly</w> <w type="CD">2</w> <w type="NNS">hours</w> <w type="IN">before</w> <w type="NN">sunrise</w> <w type="IN">until</w> <w type="RB">some</w> <w type="CD">2</w> <w type="NNS">hours</w> <w type="IN">after</w> <w type="NN">sunrise</w> <c type="pct">.</c> </s>
<s n="21"><w type="IN">During</w> <w type="AT">the</w> <w type="NN">period</w> <w type="IN">of</w> <w type="RB">about</w> <w type="CD">4</w> <w type="NNS">hours</w> <w type="IN">around</w> <w type="NN">sunset</w> <c type="pct">,</c> <w type="NN">skywave</w> <w type="NN">transmission</w> <w type="NNS">conditions</w> <w type="BER">are</w> <w type="VBG">building</w> <w type="RP">up</w> <w type="CS">until</w> <w type="JJ">full</w> <w type="JJ">nighttime</w> <w type="NNS">conditions</w> <w type="VB">prevail</w> <c type="pct">;</c> <c type="pct">;</c> </s>
<s n="22"><w type="IN">during</w> <w type="AT">the</w> <w type="AP">same</w> <w type="NN">period</w> <w type="IN">around</w> <w type="NN">sunrise</w> <c type="pct">,</c> <w type="NN">skywave</w> <w type="NN">transmission</w> <w type="BEZ">is</w> <w type="VBG">declining</w> <c type="pct">,</c> <w type="CS">until</w> <w type="IN">at</w> <w type="RB">about</w> <w type="CD">2</w> <w type="NNS">hours</w> <w type="IN">after</w> <w type="NN">sunrise</w> <w type="PPS">it</w> <w type="VBZ">reaches</w> <w type="AT">a</w> <w type="NN">point</w> <w type="WRB">where</w> <w type="PPS">it</w> <w type="VBZ">becomes</w> <w type="IN">of</w> <w type="AP">little</w> <w type="JJ">practical</w> <w type="NN">significance</w> <c type="pct">.</c> </s>
<s n="23"><w type="RB">However</w> <c type="pct">,</c> <w type="IN">in</w> <w type="DT">this</w> <w type="NN">case</w> <w type="CS">as</w> <w type="RB">elsewhere</w> <w type="PPS">it</w> <w type="BEDZ">was</w> <w type="JJ">necessary</w> <w type="TO">to</w> <w type="VB">arrive</w> <w type="IN">at</w> <w type="AT">a</w> <w type="AP">single</w> <w type="NN">standard</w> <w type="TO">to</w> <w type="BE">be</w> <w type="VBN">applied</w> <w type="IN">to</w> <w type="ABN">all</w> <w type="NNS">situations</w> <c type="pct">,</c> <w type="VBG">representing</w> <w type="AT">an</w> <w type="NN">averaging</w> <w type="IN">of</w> <w type="NNS">conditions</w> <c type="pct">,</c> <w type="CC">and</w> <w type="RB">thus</w> <w type="TO">to</w> <w type="VB">fix</w> <w type="JJ">particular</w> <w type="NNS">points</w> <w type="IN">in</w> <w type="NN">time</w> <w type="WDT">which</w> <w type="MD">would</w> <w type="BE">be</w> <w type="VBN">considered</w> <w type="AT">the</w> <w type="VBG">dividing</w> <w type="NNS">points</w> <w type="IN">between</w> <w type="JJ">daytime</w> <w type="CC">and</w> <w type="JJ">nighttime</w> <w type="NNS">conditions</w> <c type="pct">.</c> </s>
<s n="24"><w type="PPS">It</w> <w type="BEDZ">was</w> <w type="VBN">determined</w> <w type="CS">that</w> <w type="AT">the</w> <w type="NNS">hours</w> <w type="IN">of</w> <w type="NN">sunrise</w> <w type="CC">and</w> <w type="NN">sunset</w> <c type="pct">,</c> <w type="RB">respectively</w> <c type="pct">,</c> <w type="MD">should</w> <w type="BE">be</w> <w type="VBN">used</w> <w type="IN">for</w> <w type="DT">this</w> <w type="NN">purpose</w> <c type="pct">.</c> </s>
<s n="25"><w type="RB">Accordingly</w> <c type="pct">,</c> <w type="AT">the</w> <w type="CD">1938-39</w> <w type="NNS">rules</w> <w type="VBD">adopted</w> <w type="DTS">these</w> <w type="NNS">hours</w> <w type="CS">as</w> <w type="NNS">limitations</w> <w type="IN">upon</w> <w type="AT">the</w> <w type="NN">operation</w> <w type="IN">of</w> <w type="JJ">daytime</w> <w type="NNS">stations</w> <c type="pct">.</c> </s>
<s n="26"><w type="NN">Class</w> <w type="CD">2</w> <c type="pct">,</c> <w type="NNS">stations</w> <w type="VBG">operating</w> <w type="IN">on</w> <w type="JJ">clear</w> <w type="NNS">channels</w> <w type="BER">are</w> <w type="VBN">required</w> <w type="TO">to</w> <w type="VB">cease</w> <w type="NN">operation</w> <w type="CC">or</w> <w type="VB">operate</w> <w type="IN">under</w> <w type="JJ">nighttime</w> <w type="NNS">restrictions</w> <w type="VBG">beginning</w> <w type="CC">either</w> <w type="IN">at</w> <w type="JJ">local</w> <w type="NN">sunset</w> <c type="pct">(</c> <w type="IN">for</w> <w type="JJ">daytime</w> <w type="NN">class</w> <w type="CD">2</w> <c type="pct">,</c> <w type="NNS">stations</w> <c type="pct">)</c> <w type="CC">or</w> <w type="NN">sunset</w> <w type="IN">at</w> <w type="AT">the</w> <w type="NN">location</w> <w type="IN">of</w> <w type="AT">the</w> <w type="JJ">dominant</w> <w type="NN">class</w> <w type="CD">1</w> <c type="pct">,</c> <w type="NN">station</w> <w type="WRB">where</w> <w type="VBN">located</w> <w type="NR">west</w> <w type="IN">of</w> <w type="AT">the</w> <w type="NN">class</w> <w type="CD">2</w> <c type="pct">,</c> <w type="NN">station</w> <c type="pct">(</c> <w type="IN">for</w> <w type="NN">limited-time</w> <w type="NN">class</w> <w type="CD">2</w> <c type="pct">,</c> <w type="NNS">stations</w> <c type="pct">)</c> <c type="pct">.</c> </s>
</p>
<p><s n="27"><w type="AT">The</w> <w type="AP">same</w> <w type="NNS">restrictions</w> <w type="VB">apply</w> <w type="IN">after</w> <w type="JJ">local</w> <w type="NN">sunset</w> <w type="IN">in</w> <w type="AT">the</w> <w type="NN">case</w> <w type="IN">of</w> <w type="NN">class</w> <w type="CD">3</w> <c type="pct">,</c> <w type="NNS">stations</w> <w type="VBG">operating</w> <w type="IN">on</w> <w type="JJ">regional</w> <w type="NNS">channels</w> <c type="pct">,</c> <w type="WDT">which</w> <w type="IN">after</w> <w type="DT">that</w> <w type="NN">time</w> <w type="BER">are</w> <w type="VBN">required</w> <w type="TO">to</w> <w type="VB">operate</w> <w type="IN">under</w> <w type="JJ">nighttime</w> <w type="NNS">restrictions</w> <w type="IN">in</w> <w type="NN">order</w> <w type="TO">to</w> <w type="VB">protect</w> <w type="DT">each</w> <w type="AP">other</w> <c type="pct">.</c> </s>
<s n="28"><w type="IN">With</w> <w type="NN">respect</w> <w type="TO">to</w> <w type="JJ">nighttime</w> <w type="NNS">assignments</w> <c type="pct">,</c> <w type="AT">the</w> <w type="NN">degree</w> <w type="IN">of</w> <w type="NN">skywave</w> <w type="NN">service</w> <w type="CC">and</w> <w type="NN">interference</w> <w type="BEZ">is</w> <w type="VBN">determined</w> <w type="IN">by</w> <w type="NN">skywave</w> <w type="NNS">curves</w> <c type="pct">(</c> <w type="NNS">figs.</w> <w type="CD">1</w> <w type="CC">and</w> <w type="CD">2</w> <w type="IN">of</w> <w type="NN">sec.</w> <w type="CD">3.190</w> <w type="IN">of</w> <w type="AT">the</w> <w type="NNS">rules</w> <c type="pct">)</c> <w type="VBG">giving</w> <w type="JJ">average</w> <w type="NN">skywave</w> <w type="NNS">values</w> <c type="pct">.</c> </s>
<s n="29"><w type="DTS">These</w> <w type="NNS">curves</w> <w type="BED">were</w> <w type="VBN">derived</w> <w type="IN">by</w> <w type="AT">an</w> <w type="NN">analysis</w> <w type="IN">of</w> <w type="JJ">extensive</w> <w type="NN">skywave</w> <w type="NN">measurement</w> <w type="NN">data</w> <c type="pct">.</c> </s>
<s n="30"><w type="PPS">It</w> <w type="BEDZ">was</w> <w type="VBN">recognized</w> <w type="CS">that</w> <w type="NN">skywave</w> <w type="NNS">signals</w> <c type="pct">,</c> <w type="RB">because</w> <w type="IN">of</w> <w type="PPg">their</w> <w type="VBN">reflected</w> <w type="NN">nature</w> <c type="pct">,</c> <w type="BER">are</w> <w type="IN">of</w> <w type="JJ">great</w> <w type="NN">variability</w> <w type="CC">and</w> <w type="JJ">subject</w> <w type="IN">to</w> <w type="JJ">wide</w> <w type="NNS">fluctuations</w> <w type="IN">in</w> <w type="NN">strength</w> <c type="pct">.</c> </s>
<s n="31"><w type="IN">For</w> <w type="DT">this</w> <w type="NN">reason</w> <c type="pct">,</c> <w type="AT">the</w> <w type="QL">more</w> <w type="JJ">uncertain</w> <w type="NN">skywave</w> <w type="NN">service</w> <w type="BEDZ">was</w> <w type="VBN">denominated</w> <c type="pct">``</c> <w type="JJ">secondary</w> <c type="pct">''</c> <w type="IN">in</w> <w type="PPg">our</w> <w type="NNS">rules</w> <c type="pct">,</c> <w type="CS">as</w> <w type="VBN">compared</w> <w type="IN">to</w> <w type="AT">the</w> <w type="JJR">steadier</w> <c type="pct">,</c> <w type="QL">more</w> <w type="JJ">reliable</w> <w type="NN">groundwave</w> <c type="pct">``</c> <w type="JJ">primary</w> <w type="NN">service</w> <c type="pct">''</c> <c type="pct">,</c> <w type="CC">and</w> <c type="pct">,</c> <w type="IN">for</w> <w type="ABX">both</w> <w type="NN">skywave</w> <w type="NN">service</w> <w type="CC">and</w> <w type="NN">skywave</w> <w type="NN">interference</w> <c type="pct">,</c> <w type="NN">signal</w> <w type="NN">strength</w> <w type="BEZ">is</w> <w type="VBN">expressed</w> <w type="IN">in</w> <w type="NNS">terms</w> <w type="IN">of</w> <w type="NN">percentage</w> <w type="IN">of</w> <w type="NN">time</w> <w type="AT">a</w> <w type="JJ">particular</w> <w type="NN">signal-intensity</w> <w type="NN">level</w> <w type="BEZ">is</w> <w type="VBN">exceeded</w> <c type="pct">--</c> <w type="CD">50</w> <w type="NN">percent</w> <w type="IN">of</w> <w type="AT">the</w> <w type="NN">time</w> <w type="IN">for</w> <w type="NN">skywave</w> <w type="NN">service</w> <c type="pct">,</c> <w type="CD">10</w> <w type="NN">percent</w> <w type="IN">of</w> <w type="AT">the</w> <w type="NN">time</w> <w type="IN">for</w> <w type="NN">skywave</w> <w type="NN">interference</w> <c type="pct">.</c> </s>
</p>
<p><s n="32"><w type="NN" subtype="HL">Allocation</w> <w type="NNS" subtype="HL">policies</w> </s>
<s n="33"><w type="CD" subtype="HL">6</w> <c type="pct">.</c> </s>
</p>
<p><s n="34"><w type="CS">As</w> <w type="VBN">mentioned</w> <c type="pct">,</c> <w type="AT">the</w> <w type="NN">allocation</w> <w type="IN">of</w> <w type="NN">AM</w> <w type="NNS">stations</w> <w type="VBZ">represents</w> <w type="AT">a</w> <w type="NN">balance</w> <w type="IN">between</w> <w type="NN">protection</w> <w type="IN">against</w> <w type="NN">interference</w> <w type="CC">and</w> <w type="AT">the</w> <w type="NN">provision</w> <w type="IN">of</w> <w type="NN">opportunity</w> <w type="IN">for</w> <w type="AT">an</w> <w type="JJ">adequate</w> <w type="NN">number</w> <w type="IN">of</w> <w type="NNS">stations</w> <c type="pct">.</c> </s>
<s n="35"><w type="AT">The</w> <w type="NNS">rules</w> <w type="CC">and</w> <w type="NNS">policies</w> <w type="TO">to</w> <w type="BE">be</w> <w type="VBN">applied</w> <w type="IN">in</w> <w type="DT">this</w> <w type="NN">process</w> <w type="IN">of</w> <w type="NN">course</w> <w type="MD">must</w> <w type="BE">be</w> <w type="VBN">based</w> <w type="IN">on</w> <w type="NNS">objectives</w> <w type="WDT">which</w> <w type="VB">represent</w> <w type="WDT">what</w> <w type="BEZ">is</w> <w type="TO">to</w> <w type="BE">be</w> <w type="VBN">desired</w> <w type="CS">if</w> <w type="NN">radio</w> <w type="NN">service</w> <w type="BEZ">is</w> <w type="TO">to</w> <w type="BE">be</w> <w type="IN">of</w> <w type="JJ">maximum</w> <w type="NN">use</w> <w type="IN">to</w> <w type="AT">the</w> <w type="NN" subtype="TL">Nation</w> <c type="pct">.</c> </s>
<s n="36"><w type="PPg">Our</w> <w type="NNS">objectives</w> <c type="pct">,</c> <w type="CS">as</w> <w type="PPSS">we</w> <w type="HV">have</w> <w type="VBN">stated</w> <w type="AP">many</w> <w type="NNS">times</w> <c type="pct">,</c> <w type="BER">are</w> <c type="pct">--</c> <c type="pct">(</c> <w type="CD" subtype="HL">1</w> <c type="pct">)</c> </s>
<s n="37"><w type="TO">To</w> <w type="VB">provide</w> <w type="DTI">some</w> <w type="NN">service</w> <w type="IN">to</w> <w type="ABN">all</w> <w type="NNS">listeners</w> <c type="pct">;</c> <c type="pct">;</c> </s>
<s n="38"><c type="pct">(</c> <w type="CD" subtype="HL">2</w> <c type="pct">)</c> </s>
<s n="39"><w type="TO">To</w> <w type="VB">provide</w> <w type="QL">as</w> <w type="AP">many</w> <w type="NNS">choices</w> <w type="IN">of</w> <w type="NN">service</w> <w type="IN">to</w> <w type="QL">as</w> <w type="AP">many</w> <w type="NNS">listeners</w> <w type="CS">as</w> <w type="JJ">possible</w> <c type="pct">;</c> <c type="pct">;</c> </s>
<s n="40"><c type="pct">(</c> <w type="CD" subtype="HL">3</w> <c type="pct">)</c> </s>
<s n="41"><w type="TO">To</w> <w type="VB">provide</w> <w type="NN">service</w> <w type="IN">of</w> <w type="JJ">local</w> <w type="NN">origin</w> <w type="IN">to</w> <w type="QL">as</w> <w type="AP">many</w> <w type="NNS">listeners</w> <w type="CS">as</w> <w type="JJ">possible</w> <c type="pct">.</c> </s>
<s n="42"><w type="CS">Since</w> <w type="NN">broadcast</w> <w type="NNS">frequencies</w> <w type="BER">are</w> <w type="QL">very</w> <w type="VBN">limited</w> <w type="IN">in</w> <w type="NN">number</w> <c type="pct">,</c> <w type="DTS">these</w> <w type="NNS">objectives</w> <w type="BER">are</w> <w type="IN">to</w> <w type="DTI">some</w> <w type="NN">extent</w> <w type="JJ">inconsistent</w> <w type="IN">in</w> <w type="CS">that</w> <w type="NEG">not</w> <w type="ABN">all</w> <w type="IN">of</w> <w type="PPO">them</w> <w type="MD">can</w> <w type="BE">be</w> <w type="RB">fully</w> <w type="VBN">realized</w> <c type="pct">,</c> <w type="CC">and</w> <w type="IN">to</w> <w type="AT">the</w> <w type="NN">extent</w> <w type="CS">that</w> <w type="DT">each</w> <w type="BEZ">is</w> <w type="VBN">realized</w> <c type="pct">,</c> <w type="EX">there</w> <w type="BEZ">is</w> <w type="AT">a</w> <w type="JJ">corresponding</w> <w type="NN">reduction</w> <w type="IN">of</w> <w type="AT">the</w> <w type="NNS">possibilities</w> <w type="IN">for</w> <w type="JJT">fullest</w> <w type="NN">achievement</w> <w type="IN">of</w> <w type="AT">the</w> <w type="NNS">others</w> <c type="pct">.</c> </s>
<s n="43"><w type="RB">Accordingly</w> <c type="pct">,</c> <w type="AT">the</w> <w type="NN" subtype="TL">Commission</w> <w type="HVZ">has</w> <w type="VBN">recognized</w> <w type="CS">that</w> <w type="AT">an</w> <w type="JJ">optimum</w> <w type="NN">allocation</w> <w type="NN">pattern</w> <w type="IN">for</w> <w type="CD">one</w> <w type="NN">frequency</w> <w type="DOZ">does</w> <w type="NEG">not</w> <w type="RB">necessarily</w> <w type="VB">represent</w> <w type="AT">the</w> <w type="JJT">best</w> <w type="NN">pattern</w> <w type="IN">for</w> <w type="AP">other</w> <w type="NNS">frequencies</w> <c type="pct">,</c> <w type="CC">and</w> <w type="HVZ">has</w> <w type="VBN">assigned</w> <w type="JJ">different</w> <w type="NNS">frequencies</w> <w type="IN">for</w> <w type="NN">use</w> <w type="IN">by</w> <w type="JJ">different</w> <w type="NNS">classes</w> <w type="IN">of</w> <w type="NNS">stations</w> <c type="pct">.</c> </s>
<s n="44"><w type="RB">Some</w> <w type="CD">45</w> <w type="NNS">frequencies</w> <w type="BER">are</w> <w type="VBN">assigned</w> <w type="IN">for</w> <w type="NN">use</w> <w type="RB">primarily</w> <w type="IN">by</w> <w type="JJ">dominant</w> <w type="NN">Class</w> <w type="CD">1</w> <c type="pct">,</c> <c type="pct">--</c> <w type="NN">A</w> <w type="CC">or</w> <w type="NN">Class</w> <w type="CD">1</w> <c type="pct">,</c> <c type="pct">--</c> <w type="NN">B</w> <w type="JJ">clear-channel</w> <w type="NNS">stations</w> <c type="pct">,</c> <w type="VBN">designed</w> <w type="TO">to</w> <w type="VB">operate</w> <w type="IN">with</w> <w type="JJ">adequate</w> <w type="NN">power</w> <w type="CC">and</w> <w type="TO">to</w> <w type="VB">provide</w> <w type="NN">service</w> <c type="pct">--</c> <w type="ABX">both</w> <w type="NN">groundwave</w> <w type="CC">and</w> <c type="pct">(</c> <w type="IN">at</w> <w type="NN">night</w> <c type="pct">)</c> <w type="NN">skywave</w> <c type="pct">--</c> <w type="IN">over</w> <w type="JJ">large</w> <w type="NNS">areas</w> <w type="CC">and</w> <w type="IN">at</w> <w type="JJ">great</w> <w type="NNS">distances</w> <c type="pct">,</c> <w type="BEG">being</w> <w type="VBN">protected</w> <w type="IN">against</w> <w type="NN">interference</w> <w type="IN">to</w> <w type="AT">the</w> <w type="NN">degree</w> <w type="JJ">necessary</w> <w type="TO">to</w> <w type="VB">achieve</w> <w type="DT">this</w> <w type="NN">objective</w> <c type="pct">.</c> </s>
<s n="45"><w type="IN">In</w> <w type="VBG">dealing</w> <w type="IN">with</w> <w type="DTS">these</w> <w type="NNS">frequencies</w> <c type="pct">,</c> <w type="AT">the</w> <w type="NN">objective</w> <w type="VBN">listed</w> <w type="RB">first</w> <w type="RB">above</w> <c type="pct">--</c> <w type="NN">provision</w> <w type="IN">of</w> <w type="NN">service</w> <w type="IN">to</w> <w type="ABN">all</w> <w type="NNS">listeners</w> <c type="pct">--</c> <w type="BEDZ">was</w> <w type="JJ">predominant</w> <c type="pct">;</c> <c type="pct">;</c> </s>
<s n="46"><w type="AT">the</w> <w type="AP">other</w> <w type="NNS">objectives</w> <w type="BED">were</w> <w type="VBN">subordinated</w> <w type="IN">to</w> <w type="PPO">it</w> <c type="pct">.</c> </s>
<s n="47"><w type="AT">The</w> <w type="NN">class</w> <w type="CD">1</w> <c type="pct">,</c> <w type="NNS">stations</w> <w type="IN">on</w> <w type="DTS">these</w> <w type="JJ">clear</w> <w type="NNS">channels</w> <w type="BER">are</w> <w type="VBN">protected</w> <w type="IN">to</w> <w type="PPg">their</w> <w type="NN">0.1-mv./m.</w> <w type="NN">groundwave</w> <w type="NNS">contours</w> <w type="IN">against</w> <w type="JJ">daytime</w> <w type="NN">cochannel</w> <w type="NN">interference</w> <c type="pct">.</c> </s>
<s n="48"><w type="IN">With</w> <w type="NN">respect</w> <w type="IN">to</w> <w type="NN">skywave</w> <w type="NN">service</w> <w type="VBN">rendered</w> <w type="IN">at</w> <w type="NN">night</w> <c type="pct">,</c> <w type="NN">class</w> <w type="CD">1</w> <c type="pct">,</c> <c type="pct">--</c> <w type="NN">A</w> <w type="NNS">stations</w> <w type="BER">are</w> <w type="AT">the</w> <w type="AP">only</w> <w type="NNS">stations</w> <w type="VBN">permitted</w> <w type="TO">to</w> <w type="VB">operate</w> <w type="IN">in</w> <w type="AT">the</w> <w type="VBN" subtype="TL">United</w> <w type="NNS" subtype="TL">States</w> <w type="IN">on</w> <w type="JJ">clear</w> <w type="NNS">channels</w> <w type="VBN">specified</w> <w type="IN">for</w> <w type="NN">class</w> <w type="CD">1</w> <c type="pct">,</c> <c type="pct">--</c> <w type="NN">A</w> <w type="NN">operation</w> <c type="pct">,</c> <w type="CC">and</w> <w type="RB">so</w> <w type="VB">render</w> <w type="NN">skywave</w> <w type="NN">service</w> <w type="JJ">free</w> <w type="IN">from</w> <w type="NN">cochannel</w> <w type="NN">interference</w> <w type="WRB">whereever</w> <w type="PPSS">they</w> <w type="MD">may</w> <w type="BE">be</w> <w type="VBN">received</w> <c type="pct">;</c> <c type="pct">;</c> </s>
<s n="49"><w type="NN">class</w> <w type="CD">1</w> <c type="pct">,</c> <c type="pct">--</c> <w type="NN">B</w> <w type="NNS">stations</w> <w type="BER">are</w> <w type="VBN">protected</w> <w type="IN">at</w> <w type="NN">night</w> <w type="IN">to</w> <w type="PPg">their</w> <w type="NN">0.5-mv./m.</w> <w type="NN">50-percent</w> <w type="NN">time</w> <w type="NN">skywave</w> <w type="NNS">contours</w> <w type="IN">against</w> <w type="NN">cochannel</w> <w type="NN">interference</w> <c type="pct">.</c> </s>
<s n="50"><w type="CS">Since</w> <w type="AT">the</w> <w type="NN">provision</w> <w type="IN">of</w> <w type="NN">skywave</w> <w type="NN">service</w> <w type="VBZ">requires</w> <w type="JJ">adequate</w> <w type="NN">freedom</w> <w type="IN">from</w> <w type="NN">interference</w> <c type="pct">,</c> <w type="AP">only</w> <w type="NN">class</w> <w type="CD">1</w> <c type="pct">,</c> <w type="NNS">stations</w> <w type="BER">are</w> <w type="JJ">capable</w> <w type="IN">of</w> <w type="VBG">rendering</w> <w type="NN">skywave</w> <w type="NN">service</w> <c type="pct">.</c> </s>
<s n="51"><w type="CC">But</w> <w type="JJ">nighttime</w> <w type="NN">operation</w> <w type="IN">by</w> <w type="NNS">stations</w> <w type="IN">of</w> <w type="AP">other</w> <w type="NNS">classes</w> <w type="IN">of</w> <w type="NN">course</w> <w type="VBZ">entails</w> <w type="NN">skywave</w> <w type="NN">interference</w> <w type="IN">to</w> <w type="NN">groundwave</w> <w type="NN">service</w> <c type="pct">,</c> <w type="NN">interference</w> <w type="WDT">which</w> <w type="BEZ">is</w> <w type="JJ">substantial</w> <w type="CS">unless</w> <w type="NNS">steps</w> <w type="BER">are</w> <w type="VBN">taken</w> <w type="TO">to</w> <w type="VB">minimize</w> <w type="PPO">it</w> <c type="pct">.</c> </s>
<s n="52"><w type="CD" subtype="HL">7</w> <c type="pct">.</c> </s>
</p>
<p><s n="53"><w type="IN">With</w> <w type="NN">respect</w> <w type="IN">to</w> <w type="AP">other</w> <w type="NNS">frequencies</w> <c type="pct">,</c> <w type="DTS">these</w> <w type="BER">are</w> <w type="VBN">designated</w> <w type="CS">as</w> <w type="JJ">regional</w> <w type="CC">or</w> <w type="JJ">local</w> <c type="pct">,</c> <w type="CC">and</w> <w type="VBN">assigned</w> <w type="IN">for</w> <w type="NN">use</w> <w type="IN">by</w> <w type="NN">class</w> <w type="CD">3</w> <c type="pct">,</c> <w type="CC">and</w> <w type="NN">class</w> <w type="CD">4</w> <c type="pct">,</c> <w type="NNS">stations</w> <c type="pct">,</c> <w type="RB">respectively</w> <c type="pct">,</c> <w type="NNS">stations</w> <w type="VBG">operating</w> <w type="RB">generally</w> <w type="IN">with</w> <w type="JJR">lower</w> <w type="NN">power</w> <c type="pct">.</c> </s>
<s n="54"><w type="IN">In</w> <w type="AT">the</w> <w type="NN">allocation</w> <w type="NN">pattern</w> <w type="VBN">worked</w> <w type="RP">out</w> <w type="IN">for</w> <w type="DTS">these</w> <w type="NNS">frequencies</w> <c type="pct">,</c> <w type="AT">the</w> <w type="NN">provision</w> <w type="IN">of</w> <w type="NN">long-range</w> <w type="NN">service</w> <w type="HVZ">has</w> <w type="IN">to</w> <w type="DTI">some</w> <w type="NN">extent</w> <w type="BEN">been</w> <w type="VBN">subordinated</w> <w type="IN">to</w> <w type="AT">the</w> <w type="AP">other</w> <w type="CD">two</w> <w type="NNS">objectives</w> <c type="pct">--</c> <w type="NN">assignment</w> <w type="IN">of</w> <w type="JJ">multiple</w> <w type="NNS">facilities</w> <c type="pct">,</c> <w type="CC">and</w> <w type="NN">assignment</w> <w type="IN">of</w> <w type="NNS">stations</w> <w type="IN">in</w> <w type="QL">as</w> <w type="AP">many</w> <w type="NNS">communities</w> <w type="CS">as</w> <w type="JJ">possible</w> <c type="pct">.</c> </s>
<s n="55"><w type="CD" subtype="HL">8</w> <c type="pct">.</c> </s>
</p>
<p><s n="56"><w type="CS">As</w> <w type="VBN">mentioned</w> <c type="pct">,</c> <w type="AT">the</w> <w type="JJ">primary</w> <w type="NN">allocation</w> <w type="NN">objective</w> <w type="TO">to</w> <w type="BE">be</w> <w type="VBN">followed</w> <w type="IN">in</w> <w type="AT">the</w> <w type="NN">allocation</w> <w type="IN">of</w> <w type="NNS">stations</w> <w type="IN">on</w> <w type="JJ">clear</w> <w type="NNS">channels</w> <w type="BEZ">is</w> <w type="AT">the</w> <w type="NN">provision</w> <w type="IN">of</w> <w type="JJ">widespread</w> <w type="NN">service</w> <c type="pct">,</c> <w type="JJ">free</w> <w type="IN">from</w> <w type="JJ">destructive</w> <w type="NN">interference</w> <c type="pct">.</c> </s>
<s n="57"><w type="IN">During</w> <w type="JJ">nighttime</w> <w type="NNS">hours</w> <c type="pct">,</c> <w type="RB">because</w> <w type="IN">of</w> <w type="AT">the</w> <w type="JJ">intense</w> <w type="NN">skywave</w> <w type="NN">propagation</w> <w type="RB">then</w> <w type="VBG">prevailing</w> <c type="pct">,</c> <w type="AT">no</w> <w type="JJ">large</w> <w type="NN">number</w> <w type="IN">of</w> <w type="NNS">stations</w> <w type="MD">can</w> <w type="BE">be</w> <w type="VBN">permitted</w> <w type="TO">to</w> <w type="VB">operate</w> <w type="IN">on</w> <w type="CD">one</w> <w type="IN">of</w> <w type="DTS">these</w> <w type="NNS">channels</w> <c type="pct">,</c> <w type="CS">if</w> <w type="AT">the</w> <w type="JJ">wide</w> <w type="NN">area</w> <w type="NN">service</w> <w type="IN">for</w> <w type="WDT">which</w> <w type="DTS">these</w> <w type="NNS">frequencies</w> <w type="BER">are</w> <w type="VBN">assigned</w> <w type="BEZ">is</w> <w type="TO">to</w> <w type="BE">be</w> <w type="VBN">rendered</w> <w type="RB">satisfactorily</w> <w type="IN">by</w> <w type="AT">the</w> <w type="JJ">dominant</w> <w type="NNS">stations</w> <w type="WDT">which</w> <w type="MD">must</w> <w type="BE">be</w> <w type="VBN">relied</w> <w type="RB">upon</w> <w type="TO">to</w> <w type="VB">render</w> <w type="PPO">it</w> <c type="pct">.</c> </s>
<s n="58"><w type="RB">Therefore</w> <c type="pct">,</c> <w type="IN">under</w> <w type="PPg">our</w> <w type="JJ">longstanding</w> <w type="NN">allocation</w> <w type="NNS">rules</w> <c type="pct">,</c> <w type="IN">on</w> <w type="DTI">some</w> <w type="IN">of</w> <w type="DTS">these</w> <w type="NNS">channels</w> <w type="AT">no</w> <w type="NN">station</w> <w type="AP">other</w> <w type="CS">than</w> <w type="AT">the</w> <w type="JJ">dominant</w> <c type="pct">(</c> <w type="NN">class</w> <w type="CD">1</w> <c type="pct">)</c> <c type="pct">--</c> <w type="NN">A</w> <c type="pct">)</c> <w type="NN">station</w> <w type="BEZ">is</w> <w type="VBN">permitted</w> <w type="TO">to</w> <w type="VB">operate</w> <w type="IN">at</w> <w type="NN">night</w> <c type="pct">,</c> <w type="CS">so</w> <w type="CS">that</w> <w type="AT">the</w> <w type="CD">1</w> <c type="pct">,</c> <c type="pct">--</c> <w type="NN">A</w> <w type="NN">station</w> <w type="MD">can</w> <w type="VB">render</w> <w type="NN">service</w> <c type="pct">,</c> <w type="NN">interference</w> <w type="JJ">free</w> <c type="pct">,</c> <w type="WRB">wherever</w> <w type="PPS">it</w> <w type="MD">can</w> <w type="BE">be</w> <w type="VBN">received</w> <c type="pct">.</c> </s>
<s n="59"><w type="IN">On</w> <w type="AT">the</w> <w type="NN">remainder</w> <w type="IN">of</w> <w type="AT">the</w> <w type="JJ">clear</w> <w type="NNS">channels</w> <c type="pct">,</c> <w type="AT">the</w> <w type="JJ">dominant</w> <c type="pct">(</c> <w type="NN">class</w> <w type="CD">1</w> <c type="pct">)</c> <c type="pct">--</c> <w type="NN">B</w> <w type="NNS">stations</w> <w type="BER">are</w> <w type="VBN">protected</w> <w type="CS">as</w> <w type="VBN">described</w> <w type="RB">above</w> <c type="pct">,</c> <w type="CC">and</w> <w type="AT">the</w> <w type="QL">relatively</w> <w type="JJ">small</w> <w type="NN">number</w> <w type="IN">of</w> <w type="JJ">secondary</w> <c type="pct">(</c> <w type="NN">class</w> <w type="CD">2</w> <c type="pct">)</c> <c type="pct">)</c> <w type="NNS">stations</w> <w type="VBN">permitted</w> <w type="TO">to</w> <w type="VB">operate</w> <w type="IN">on</w> <w type="DTS">these</w> <w type="NNS">channels</w> <w type="IN">at</w> <w type="NN">night</w> <w type="BER">are</w> <w type="VBN">required</w> <w type="TO">to</w> <w type="VB">operate</w> <w type="RB">directionally</w> <w type="CC">and/or</w> <w type="IN">with</w> <w type="VBN">reduced</w> <w type="NN">power</w> <w type="CS">so</w> <w type="CS">as</w> <w type="TO">to</w> <w type="VB">protect</w> <w type="AT">the</w> <w type="NN">class</w> <w type="CD">1</w> <c type="pct">,</c> <w type="NNS">stations</w> <c type="pct">.</c> </s>
<s n="60"><w type="IN">In</w> <w type="AT">the</w> <w type="NN">daytime</w> <c type="pct">,</c> <w type="IN">on</w> <w type="AT">the</w> <w type="AP">other</w> <w type="NN">hand</w> <c type="pct">,</c> <w type="CS">since</w> <w type="NN">skywave</w> <w type="NN">transmission</w> <w type="BEZ">is</w> <w type="QL">relatively</w> <w type="JJ">inefficient</w> <c type="pct">,</c> <w type="PPS">it</w> <w type="BEZ">is</w> <w type="JJ">possible</w> <w type="TO">to</w> <w type="VB">assign</w> <w type="AT">a</w> <w type="RB">substantially</w> <w type="JJR">larger</w> <w type="NN">number</w> <w type="IN">of</w> <w type="NNS">stations</w> <w type="IN">on</w> <w type="DTS">these</w> <w type="NNS">channels</w> <c type="pct">.</c> </s>
<s n="61"><w type="JJ">Additional</w> <w type="NN">class</w> <w type="CD">2</w> <c type="pct">,</c> <w type="NNS">assignments</w> <w type="IN">for</w> <w type="JJ">daytime</w> <w type="NN">operation</w> <w type="MD">can</w> <w type="BE">be</w> <w type="VBN">made</w> <w type="IN">without</w> <w type="VBG">causing</w> <w type="JJ">destructive</w> <w type="NN">interference</w> <w type="IN">to</w> <w type="AT">the</w> <w type="NN">class</w> <w type="CD">1</w> <c type="pct">,</c> <w type="NNS">stations</w> <w type="CC">or</w> <w type="IN">to</w> <w type="DT">each</w> <w type="AP">other</w> <c type="pct">,</c> <w type="CC">and</w> <w type="IN">by</w> <w type="PPg">their</w> <w type="NN">operation</w> <w type="VB">provide</w> <w type="JJ">additional</w> <w type="NN">service</w> <w type="IN">on</w> <w type="DTS">these</w> <w type="NNS">channels</w> <w type="CC">and</w> <w type="JJ">additional</w> <w type="JJ">local</w> <w type="NNS">outlets</w> <w type="IN">for</w> <w type="AT">a</w> <w type="JJ">large</w> <w type="NN">number</w> <w type="IN">of</w> <w type="NNS">communities</w> <c type="pct">.</c> </s>
<s n="62"><w type="JJ">Such</w> <w type="JJ">additional</w> <w type="JJ">daytime</w> <w type="NN">class</w> <w type="CD">2</w> <c type="pct">,</c> <w type="NNS">assignments</w> <w type="BER">are</w> <w type="JJ">appropriate</w> <w type="CS">if</w> <w type="JJ">optimum</w> <w type="NN">use</w> <w type="BEZ">is</w> <w type="TO">to</w> <w type="BE">be</w> <w type="VBN">made</w> <w type="IN">of</w> <w type="DTS">these</w> <w type="NNS">frequencies</w> <c type="pct">,</c> <w type="CC">and</w> <w type="AT">the</w> <w type="NN" subtype="TL">Commission</w> <w type="HVZ">has</w> <w type="IN">over</w> <w type="AT">the</w> <w type="NNS">years</w> <w type="VBN">made</w> <w type="AT">a</w> <w type="JJ">large</w> <w type="NN">number</w> <w type="IN">of</w> <w type="PPO">them</w> <c type="pct">.</c> </s>
<s n="63"><w type="RB">Similarly</w> <c type="pct">,</c> <w type="IN">on</w> <w type="AT">the</w> <w type="JJ">regional</w> <w type="NNS">channels</w> <w type="AP">many</w> <w type="NN">class</w> <w type="CD">3</w> <c type="pct">,</c> <w type="NNS">stations</w> <w type="HV">have</w> <w type="BEN">been</w> <w type="VBN">assigned</w> <w type="CC">either</w> <w type="TO">to</w> <w type="VB">operate</w> <w type="RB">daytime</w> <w type="RB">only</w> <w type="CC">or</w> <w type="TO">to</w> <w type="VB">operate</w> <w type="RB">nighttime</w> <w type="IN">with</w> <w type="JJ">directional</w> <w type="NNS">antennas</w> <w type="CC">and/or</w> <w type="JJR">lower</w> <w type="NN">power</w> <c type="pct">.</c> </s>
<s n="64"><w type="CD" subtype="HL">9</w> <c type="pct">.</c> </s>
</p>
<p><s n="65"><w type="RB">Essentially</w> <c type="pct">,</c> <w type="AT">the</w> <w type="NN">question</w> <w type="VBN">presented</w> <w type="IN">for</w> <w type="NN">decision</w> <w type="IN">in</w> <w type="AT">the</w> <w type="JJ">present</w> <w type="NN" subtype="TL">Daytime</w> <w type="NN" subtype="TL">Skywave</w> <w type="NN">proceeding</w> <w type="BEZ">is</w> <w type="CS">whether</w> <w type="PPg">our</w> <w type="NN">decision</w> <c type="pct">(</c> <w type="IN">in</w> <w type="CD">1938-1939</w> <c type="pct">)</c> <w type="TO">to</w> <w type="VB">assign</w> <w type="NNS">stations</w> <w type="IN">on</w> <w type="AT">the</w> <w type="NN">basis</w> <w type="IN">of</w> <w type="JJ">daytime</w> <w type="NNS">conditions</w> <w type="IN">from</w> <w type="NN">sunrise</w> <w type="IN">to</w> <w type="NN">sunset</w> <c type="pct">,</c> <w type="BEZ">is</w> <w type="JJ">sound</w> <w type="CS">as</w> <w type="AT">a</w> <w type="NN">basis</w> <w type="IN">for</w> <w type="NN">AM</w> <w type="NNS">allocations</w> <c type="pct">,</c> <w type="CC">or</w> <w type="CS">whether</w> <c type="pct">,</c> <w type="IN">in</w> <w type="AT">the</w> <w type="NN">light</w> <w type="IN">of</w> <w type="JJR">later</w> <w type="NNS">developments</w> <w type="CC">and</w> <w type="JJ">new</w> <w type="NN">understanding</w> <c type="pct">,</c> <w type="NN">skywave</w> <w type="NN">transmission</w> <w type="BEZ">is</w> <w type="IN">of</w> <w type="JJ">such</w> <w type="NN">significance</w> <w type="IN">during</w> <w type="AT">the</w> <w type="NNS">hours</w> <w type="RB">immediately</w> <w type="IN">before</w> <w type="NN">sunset</w> <w type="CC">and</w> <w type="IN">after</w> <w type="NN">sunrise</w> <w type="CS">that</w> <w type="DT">this</w> <w type="NN">condition</w> <w type="MD">should</w> <w type="BE">be</w> <w type="VBN">taken</w> <w type="IN">into</w> <w type="NN">account</w> <c type="pct">,</c> <w type="CC">and</w> <w type="DTI">some</w> <w type="NNS">stations</w> <w type="VBN">required</w> <w type="TO">to</w> <w type="VB">afford</w> <w type="NN">protection</w> <w type="IN">to</w> <w type="AP">other</w> <w type="NNS">stations</w> <w type="IN">during</w> <w type="DTS">these</w> <w type="NNS">hours</w> <c type="pct">.</c> </s>
</p>
<p><s n="66"><w type="AT">The</w> <w type="NN">history</w> <w type="IN">of</w> <w type="AT">the</w> <w type="NN">proceeding</w> </s>
<s n="67"><w type="CD" subtype="HL">10</w> <c type="pct">.</c> </s>
</p>
<p><s n="68"><w type="AT">The</w> <w type="NN">decision</w> <w type="VBN">reached</w> <w type="IN">in</w> <w type="CD">1938-39</w> <w type="BEDZ">was</w> <w type="VBN">made</w> <w type="IN">after</w> <w type="AT">the</w> <w type="NN">accumulation</w> <w type="IN">of</w> <w type="AT">a</w> <w type="JJ">large</w> <w type="NN">amount</w> <w type="IN">of</w> <w type="NN">data</w> <w type="CC">and</w> <w type="JJ">thorough</w> <w type="NN">study</w> <w type="RB">thereof</w> <c type="pct">.</c> </s>
<s n="69"><w type="IN">Since</w> <w type="RB">then</w> <c type="pct">,</c> <w type="EX">there</w> <w type="HVZ">has</w> <w type="BEN">been</w> <w type="AT">a</w> <w type="JJ">notable</w> <w type="NN">increase</w> <w type="IN">in</w> <w type="AT">the</w> <w type="NN">number</w> <w type="IN">of</w> <w type="NNS">stations</w> <w type="CC">and</w> <w type="RB">also</w> <w type="AT">the</w> <w type="NN">accumulation</w> <w type="IN">of</w> <w type="JJ">additional</w> <w type="NN">data</w> <w type="CC">and</w> <w type="AT">the</w> <w type="NN">development</w> <w type="IN">of</w> <w type="JJ">new</w> <w type="NNS">techniques</w> <w type="IN">for</w> <w type="VBG">using</w> <w type="PPO">it</w> <c type="pct">,</c> <w type="VBG">leading</w> <w type="IN">to</w> <w type="AT">a</w> <w type="JJR">better</w> <w type="NN">understanding</w> <w type="IN">of</w> <w type="NN">propagation</w> <w type="NNS">phenomena</w> <c type="pct">.</c> </s>
<s n="70"><w type="IN">In</w> <w type="CD">1947</w> <c type="pct">,</c> <w type="NNS">affidavits</w> <w type="BED">were</w> <w type="VBN">filed</w> <w type="IN">with</w> <w type="AT">the</w> <w type="NN" subtype="TL">Commission</w> <w type="IN">by</w> <w type="JJ">various</w> <w type="JJ">clear-channel</w> <w type="NNS">stations</w> <w type="VBG">alleging</w> <w type="CS">that</w> <w type="JJ">extensive</w> <w type="NN">interference</w> <w type="BEDZ">was</w> <w type="BEG">being</w> <w type="VBN">caused</w> <w type="IN">to</w> <w type="AT">the</w> <w type="NN">service</w> <w type="NNS">areas</w> <w type="IN">of</w> <w type="DTS">these</w> <w type="NNS">stations</w> <w type="IN">during</w> <w type="NN">daylight</w> <w type="NNS">hours</w> <c type="pct">,</c> <w type="IN">from</w> <w type="NN">class</w> <w type="CD">2</w> <c type="pct">,</c> <w type="NNS">stations</w> <w type="WPg">whose</w> <w type="NNS">signals</w> <w type="BED">were</w> <w type="BEG">being</w> <w type="VBN">reflected</w> <w type="IN">from</w> <w type="AT">the</w> <w type="NN">ionosphere</w> <w type="CS">so</w> <w type="CS">as</w> <w type="TO">to</w> <w type="VB">create</w> <w type="NN">skywave</w> <w type="NN">intereference</w> <c type="pct">.</c> </s>
</p>
<p></p></body></text></TEI>
