<TEI xmlns="http://www.tei-c.org/ns/1.0"><teiHeader><fileDesc><titleStmt><title>Sample J02 from  Raymond C. Binder et al., editors, Proceedings of the 1961 Heat
 Transfer and Fluid Mechanics Institute. Stanford: Stanford
 University Press, 1961. Pp. 193-196.
 </title></titleStmt><editionStmt><edition>A part  of the XML version of the Brown Corpus</edition></editionStmt><extent>2,017 words 9 symbols 23 formulas</extent><publicationStmt><idno>J02</idno><availability><p>Copyright 1961 by the Board of Trustees of the Leland Stanford Junior</p></availability></publicationStmt><sourceDesc><bibl> Raymond C. Binder et al., editors, Proceedings of the 1961 Heat
 Transfer and Fluid Mechanics Institute. Stanford: Stanford
 University Press, 1961. Pp. 193-196.
 </bibl></sourceDesc></fileDesc><encodingDesc><p>Typographical Error: tothe [1040]</p></encodingDesc><revisionDesc><change when="2008-04-27">Header auto-generated for TEI version</change></revisionDesc></teiHeader>
<text xml:id="J02" decls="J">
<body><p><s n="1"><w type="JJ" subtype="HL">Abstract</w> </s>
<s n="2"><w type="NNS">Experiments</w> <w type="BED">were</w> <w type="VBN">made</w> <w type="IN">on</w> <w type="AT">an</w> <w type="JJ">electric</w> <w type="NN">arc</w> <w type="VBG">applying</w> <w type="AT">a</w> <w type="JJ">porous</w> <w type="NN">graphite</w> <w type="NN">anode</w> <w type="VBN">cooled</w> <w type="IN">by</w> <w type="AT">a</w> <w type="VBG">transpiring</w> <w type="NN">gas</w> <c type="pct">(</c> <w type="NN">Argon</w> <c type="pct">)</c> <c type="pct">.</c> </s>
<s n="3"><w type="RB">Thus</w> <c type="pct">,</c> <w type="AT">the</w> <w type="NN">energy</w> <w type="VBN">transferred</w> <w type="IN">from</w> <w type="AT">the</w> <w type="NN">arc</w> <w type="IN">to</w> <w type="AT">the</w> <w type="NN">anode</w> <w type="BEDZ">was</w> <w type="RB">partly</w> <w type="VBN">fed</w> <w type="RB">back</w> <w type="IN">into</w> <w type="AT">the</w> <w type="NN">arc</w> <c type="pct">.</c> </s>
<s n="4"><w type="PPS">It</w> <w type="BEDZ">was</w> <w type="VBN">shown</w> <w type="CS">that</w> <w type="IN">by</w> <w type="JJ">proper</w> <w type="NN">anode</w> <w type="NN">design</w> <w type="AT">the</w> <w type="JJ">net</w> <w type="NN">energy</w> <w type="NN">loss</w> <w type="IN">of</w> <w type="AT">the</w> <w type="NN">arc</w> <w type="IN">to</w> <w type="AT">the</w> <w type="NN">anode</w> <w type="MD">could</w> <w type="BE">be</w> <w type="VBN">reduced</w> <w type="IN">to</w> <w type="RB">approximately</w> <w type="NN">15%</w> <w type="IN">of</w> <w type="AT">the</w> <w type="JJ">total</w> <w type="NN">arc</w> <w type="NN">energy</w> <c type="pct">.</c> </s>
<s n="5"><w type="AT">A</w> <w type="VBN">detailed</w> <w type="NN">energy</w> <w type="NN">balance</w> <w type="IN">of</w> <w type="AT">the</w> <w type="NN">anode</w> <w type="BEDZ">was</w> <w type="VBN">established</w> <c type="pct">.</c> </s>
<s n="6"><w type="AT">The</w> <w type="NN">anode</w> <w type="NN">ablation</w> <w type="MD">could</w> <w type="BE">be</w> <w type="VBN">reduced</w> <w type="IN">to</w> <w type="AT">a</w> <w type="JJ">negligible</w> <w type="NN">amount</w> <c type="pct">.</c> </s>
<s n="7"><w type="AT">The</w> <w type="NN">dependence</w> <w type="IN">of</w> <w type="AT">the</w> <w type="NN">arc</w> <w type="NN">voltage</w> <w type="IN">upon</w> <w type="AT">the</w> <w type="NN">mass</w> <w type="NN">flow</w> <w type="NN">velocity</w> <w type="IN">of</w> <w type="AT">the</w> <w type="VBG">transpirating</w> <w type="NN">gas</w> <w type="BEDZ">was</w> <w type="VBN">investigated</w> <w type="IN">for</w> <w type="JJ">various</w> <w type="NN">arc</w> <w type="NNS">lengths</w> <w type="CC">and</w> <w type="NNS">currents</w> <w type="IN">between</w> <w type="CD">100</w> <w type="NN">Amp</w> <w type="CC">and</w> <w type="CD">200</w> <w type="NN">Aj</w> <c type="pct">.</c> </s>
<s n="8"><w type="JJ">Qualitative</w> <w type="NNS">observations</w> <w type="BED">were</w> <w type="VBN">made</w> <w type="CC">and</w> <w type="NN">high-speed</w> <w type="NN">motion</w> <w type="NNS">pictures</w> <w type="BED">were</w> <w type="VBN">taken</w> <w type="TO">to</w> <w type="VB">study</w> <w type="NN">flow</w> <w type="NNS">phenomena</w> <w type="IN">in</w> <w type="AT">the</w> <w type="NN">arc</w> <w type="IN">at</w> <w type="JJ">various</w> <w type="NN">mass</w> <w type="NN">flow</w> <w type="NNS">velocities</w> <c type="pct">.</c> </s>
</p>
<p><s n="9"><w type="NN" subtype="HL">Introduction</w> </s>
<s n="10"><w type="AT">The</w> <w type="JJ">high</w> <w type="NN">heat</w> <w type="NNS">fluxes</w> <w type="VBG">existing</w> <w type="IN">at</w> <w type="AT">the</w> <w type="NN">electrode</w> <w type="NNS">surfaces</w> <w type="IN">of</w> <w type="JJ">electric</w> <w type="NNS">arcs</w> <w type="VB">necessitate</w> <w type="JJ">extensive</w> <w type="NN">cooling</w> <w type="TO">to</w> <w type="VB">prevent</w> <w type="NN">electrode</w> <w type="NN">ablation</w> <c type="pct">.</c> </s>
<s n="11"><w type="AT">The</w> <w type="VBG">cooling</w> <w type="NNS">requirements</w> <w type="BER">are</w> <w type="QL">particularly</w> <w type="JJ">severe</w> <w type="IN">at</w> <w type="AT">the</w> <w type="NN">anode</w> <c type="pct">.</c> </s>
<s n="12"><w type="IN">In</w> <w type="JJ">free-burning</w> <w type="JJ">electric</w> <w type="NNS">arcs</w> <c type="pct">,</c> <w type="IN">for</w> <w type="NN">instance</w> <c type="pct">,</c> <w type="RB">approximately</w> <w type="NN">90%</w> <w type="IN">of</w> <w type="AT">the</w> <w type="JJ">total</w> <w type="NN">arc</w> <w type="NN">power</w> <w type="BEZ">is</w> <w type="VBN">transferred</w> <w type="IN">to</w> <w type="AT">the</w> <w type="NN">anode</w> <w type="VBG">giving</w> <w type="NN">rise</w> <w type="IN">to</w> <w type="JJ">local</w> <w type="NN">heat</w> <w type="NNS">fluxes</w> <w type="IN">in</w> <w type="NN">excess</w> <w type="IN">of</w> <w type="NN">Af</w> <w type="CS">as</w> <w type="VBN">measured</w> <w type="IN">by</w> <w type="AT">the</w> <w type="NNS">authors</w> <c type="pct">--</c> <w type="AT">the</w> <w type="JJ">exact</w> <w type="NN">value</w> <w type="VBG">depending</w> <w type="IN">on</w> <w type="AT">the</w> <w type="NN">arc</w> <w type="NN">atmosphere</w> <c type="pct">.</c> </s>
<s n="13"><w type="IN">In</w> <w type="NN">plasma</w> <w type="NNS">generators</w> <w type="CS">as</w> <w type="RB">currently</w> <w type="RB">commercially</w> <w type="JJ">available</w> <w type="IN">for</w> <w type="JJ">industrial</w> <w type="NN">use</w> <w type="CC">or</w> <w type="CS">as</w> <w type="JJ">high</w> <w type="NN">temperature</w> <w type="NN">research</w> <w type="NNS">tools</w> <w type="RB">often</w> <w type="AP">more</w> <w type="IN">than</w> <w type="NN">50%</w> <w type="IN">of</w> <w type="AT">the</w> <w type="JJ">total</w> <w type="NN">energy</w> <w type="NN">input</w> <w type="BEZ">is</w> <w type="BEG">being</w> <w type="VBN">transferred</w> <w type="IN">to</w> <w type="AT">the</w> <w type="VBG">cooling</w> <w type="NN">medium</w> <w type="IN">of</w> <w type="AT">the</w> <w type="NN">anode</w> <c type="pct">.</c> </s>
</p>
<p><s n="14"><w type="AT">The</w> <w type="JJR">higher</w> <w type="NN">heat</w> <w type="NN">transfer</w> <w type="NNS">rates</w> <w type="IN">at</w> <w type="AT">the</w> <w type="NN">anode</w> <w type="VBN">compared</w> <w type="IN">with</w> <w type="DTS">those</w> <w type="IN">at</w> <w type="AT">the</w> <w type="NN">cathode</w> <w type="MD">can</w> <w type="BE">be</w> <w type="VBN">explained</w> <w type="IN">by</w> <w type="AT">the</w> <w type="JJ">physical</w> <w type="NNS">phenomena</w> <w type="VBG">occurring</w> <w type="IN">in</w> <w type="RB">free</w> <w type="VBG">burning</w> <w type="NNS">arcs</w> <c type="pct">.</c> </s>
<s n="15"><w type="IN">In</w> <w type="NN">plasma</w> <w type="NNS">generators</w> <w type="AT">the</w> <w type="VBN">superimposed</w> <w type="VBN">forced</w> <w type="NN">convection</w> <w type="MD">may</w> <w type="VB">modify</w> <w type="AT">the</w> <w type="NN">picture</w> <w type="RB">somewhat</w> <c type="pct">.</c> </s>
<s n="16"><w type="AT">The</w> <w type="NN">heat</w> <w type="NN">transfer</w> <w type="IN">to</w> <w type="AT">the</w> <w type="NN">anode</w> <w type="BEZ">is</w> <w type="JJ">due</w> <w type="IN">to</w> <w type="AT">the</w> <w type="VBG">following</w> <w type="NNS">effects</w> <c type="pct">:</c> <w type="CD">1</w> <c type="pct">.</c> </s>
<s n="17"><w type="NN">Heat</w> <w type="IN">of</w> <w type="NN">condensation</w> <c type="pct">(</c> <w type="NN">work</w> <w type="NN">function</w> <c type="pct">)</c> <w type="CC">plus</w> <w type="JJ">kinetic</w> <w type="NN">energy</w> <w type="IN">of</w> <w type="AT">the</w> <w type="NNS">electrons</w> <w type="VBG">impinging</w> <w type="IN">on</w> <w type="AT">the</w> <w type="NN">anode</w> <c type="pct">.</c> </s>
<s n="18"><w type="DT">This</w> <w type="NN">energy</w> <w type="NN">transfer</w> <w type="VBZ">depends</w> <w type="IN">on</w> <w type="AT">the</w> <w type="NN">current</w> <c type="pct">,</c> <w type="AT">the</w> <w type="NN">temperature</w> <w type="IN">in</w> <w type="AT">the</w> <w type="NN">arc</w> <w type="NN">column</w> <c type="pct">,</c> <w type="AT">the</w> <w type="NN">anode</w> <w type="NN">material</w> <c type="pct">,</c> <w type="CC">and</w> <w type="AT">the</w> <w type="NNS">conditions</w> <w type="IN">in</w> <w type="AT">the</w> <w type="NN">anode</w> <w type="NN">sheath</w> <c type="pct">.</c> </s>
<s n="19"><w type="CD">2</w> <c type="pct">.</c> </s>
<s n="20"><w type="NN">Heat</w> <w type="NN">transfer</w> <w type="IN">by</w> <w type="JJ">molecular</w> <w type="NN">conduction</w> <w type="QL">as</w> <w type="RB">well</w> <w type="CS">as</w> <w type="IN">by</w> <w type="NN">radiation</w> <w type="IN">from</w> <w type="AT">the</w> <w type="NN">arc</w> <w type="NN">column</w> <c type="pct">.</c> </s>
</p>
<p><s n="21"><w type="AT">The</w> <w type="NN">heat</w> <w type="NN">transfer</w> <w type="IN">to</w> <w type="AT">the</w> <w type="NN">anode</w> <w type="IN">in</w> <w type="RB">free</w> <w type="VBG">burning</w> <w type="NNS">arcs</w> <w type="BEZ">is</w> <w type="VBN">enhanced</w> <w type="IN">by</w> <w type="AT">a</w> <w type="JJ">hot</w> <w type="NN">gas</w> <w type="NN">jet</w> <w type="VBG">flowing</w> <w type="IN">from</w> <w type="AT">the</w> <w type="NN">cathode</w> <w type="IN">towards</w> <w type="AT">the</w> <w type="NN">anode</w> <w type="IN">with</w> <w type="NNS">velocities</w> <w type="RP">up</w> <w type="NN">Af</w> <c type="pct">.</c> </s>
<s n="22"><w type="DT">This</w> <w type="NN">phenomenon</w> <w type="HVZ">has</w> <w type="BEN">been</w> <w type="RB">experimentally</w> <w type="VBN">investigated</w> <w type="IN">in</w> <w type="NN">detail</w> <w type="IN">by</w> <w type="NP">Maecker</w> <c type="pct">(</c> <w type="NP">Ref.</w> <w type="CD" subtype="TL">1</w> <c type="pct">)</c> <c type="pct">.</c> </s>
<s n="23"><w type="AT">The</w> <w type="NN">pressure</w> <w type="NN">gradient</w> <w type="VBG">producing</w> <w type="AT">the</w> <w type="NN">jet</w> <w type="BEZ">is</w> <w type="JJ">due</w> <w type="IN">to</w> <w type="AT">the</w> <w type="NN">nature</w> <w type="IN">of</w> <w type="AT">the</w> <w type="JJ">magnetic</w> <w type="NN">field</w> <w type="IN">in</w> <w type="AT">the</w> <w type="NN">arc</w> <c type="pct">(</c> <w type="JJ">rapid</w> <w type="NN">decrease</w> <w type="IN">of</w> <w type="NN">current</w> <w type="NN">density</w> <w type="IN">from</w> <w type="NN">cathode</w> <w type="IN">to</w> <w type="AT">the</w> <w type="NN">anode</w> <c type="pct">)</c> <c type="pct">.</c> </s>
<s n="24"><w type="RB">Hence</w> <c type="pct">,</c> <w type="AT">the</w> <w type="NN">flow</w> <w type="NNS">conditions</w> <w type="IN">at</w> <w type="AT">the</w> <w type="NN">anode</w> <w type="IN">of</w> <w type="RB">free</w> <w type="VBG">burning</w> <w type="NNS">arcs</w> <w type="VB">resemble</w> <w type="DTS">those</w> <w type="IN">near</w> <w type="AT">a</w> <w type="NN">stagnation</w> <w type="NN">point</w> <c type="pct">.</c> </s>
</p>
<p><s n="25"><w type="PPS">It</w> <w type="BEZ">is</w> <w type="JJ">apparent</w> <w type="IN">from</w> <w type="AT">the</w> <w type="JJ">above</w> <w type="CC">and</w> <w type="IN">from</w> <w type="JJ">experimental</w> <w type="NN">evidence</w> <w type="CS">that</w> <w type="AT">the</w> <w type="VBG">cooling</w> <w type="NNS">requirements</w> <w type="IN">for</w> <w type="AT">the</w> <w type="NN">anode</w> <w type="IN">of</w> <w type="RB">free</w> <w type="VBG">burning</w> <w type="NNS">arcs</w> <w type="BER">are</w> <w type="JJ">large</w> <w type="VBN">compared</w> <w type="IN">with</w> <w type="DTS">those</w> <w type="IN">for</w> <w type="AT">the</w> <w type="NN">cathode</w> <c type="pct">.</c> </s>
<s n="26"><w type="AT">The</w> <w type="NN">gas</w> <w type="NN">flow</w> <w type="IN">through</w> <w type="AT">a</w> <w type="NN">plasma</w> <w type="NN">generator</w> <w type="MD">will</w> <w type="VB">modify</w> <w type="DTS">these</w> <w type="NNS">conditions</w> <c type="pct">;</c> <c type="pct">;</c> </s>
<s n="27"><w type="RB">however</w> <c type="pct">,</c> <w type="AT">the</w> <w type="NN">anode</w> <w type="BEZ">is</w> <w type="RB">still</w> <w type="AT">the</w> <w type="NN">part</w> <w type="VBG">receiving</w> <w type="AT">the</w> <w type="JJT">largest</w> <w type="NN">heat</w> <w type="NN">flux</w> <c type="pct">.</c> </s>
<s n="28"><w type="AT">An</w> <w type="NN">attempt</w> <w type="TO">to</w> <w type="VB">improve</w> <w type="AT">the</w> <w type="NN">life</w> <w type="IN">of</w> <w type="AT">the</w> <w type="NNS">anodes</w> <w type="CC">or</w> <w type="AT">the</w> <w type="NN">efficiency</w> <w type="IN">of</w> <w type="AT">the</w> <w type="NN">plasma</w> <w type="NNS">generators</w> <w type="MD">must</w> <c type="pct">,</c> <w type="RB">therefore</w> <c type="pct">,</c> <w type="VB">aim</w> <w type="IN">at</w> <w type="AT">a</w> <w type="NN">reduction</w> <w type="IN">of</w> <w type="AT">the</w> <w type="NN">anode</w> <w type="NN">loss</w> <c type="pct">.</c> </s>
<s n="29"><w type="AT">The</w> <w type="VBG">following</w> <w type="NNS">possibilities</w> <w type="VB">exist</w> <w type="IN">for</w> <w type="VBG">achieving</w> <w type="DT">this</w> <c type="pct">:</c> <w type="CD">1</w> <c type="pct">.</c> </s>
<s n="30"><w type="AT">The</w> <w type="NN">use</w> <w type="IN">of</w> <w type="JJ">high</w> <w type="NNS">voltages</w> <w type="CC">and</w> <w type="JJ">low</w> <w type="NNS">currents</w> <w type="IN">by</w> <w type="JJ">proper</w> <w type="NN">design</w> <w type="TO">to</w> <w type="VB">reduce</w> <w type="NN">electron</w> <w type="NN">heat</w> <w type="NN">transfer</w> <w type="IN">to</w> <w type="AT">the</w> <w type="NN">anode</w> <w type="IN">for</w> <w type="AT">a</w> <w type="VBN">given</w> <w type="NN">power</w> <w type="NN">output</w> <c type="pct">.</c> </s>
<s n="31"><w type="CD">2</w> <c type="pct">.</c> </s>
<s n="32"><w type="JJ">Continuous</w> <w type="NN">motion</w> <w type="IN">of</w> <w type="AT">the</w> <w type="NN">arc</w> <w type="NN">contact</w> <w type="NN">area</w> <w type="IN">at</w> <w type="AT">the</w> <w type="NN">anode</w> <w type="IN">by</w> <w type="NN">flow</w> <w type="CC">or</w> <w type="JJ">magnetic</w> <w type="NNS">forces</w> <c type="pct">.</c> </s>
<s n="33"><w type="CD">3</w> <c type="pct">.</c> </s>
<s n="34"><w type="NN">Feedback</w> <w type="IN">of</w> <w type="AT">the</w> <w type="NN">energy</w> <w type="VBN">transferred</w> <w type="IN">to</w> <w type="AT">the</w> <w type="NN">anode</w> <w type="IN">by</w> <w type="VBG">applying</w> <w type="NN">gas</w> <w type="NN">transpiration</w> <w type="IN">through</w> <w type="AT">the</w> <w type="NN">anode</w> <c type="pct">.</c> </s>
</p>
<p><s n="35"><w type="AT">The</w> <w type="OD">third</w> <w type="NN">method</w> <w type="BEDZ">was</w> <c type="pct">,</c> <w type="IN">to</w> <w type="PPg">our</w> <w type="NN">knowledge</w> <c type="pct">,</c> <w type="RB">successfully</w> <w type="VBN">applied</w> <w type="IN">for</w> <w type="AT">the</w> <w type="OD">first</w> <w type="NN">time</w> <w type="IN">by</w> <w type="NP">C.</w> <w type="NP">Sheer</w> <w type="CC">and</w> <w type="NNS">co-workers</w> <c type="pct">(</c> <w type="NN" subtype="TL">Ref.</w> <w type="CD">2</w> <c type="pct">)</c> <c type="pct">.</c> </s>
<s n="36"><w type="AT">The</w> <w type="NN">purpose</w> <w type="IN">of</w> <w type="AT">the</w> <w type="JJ">present</w> <w type="NN">study</w> <w type="BEZ">is</w> <w type="TO">to</w> <w type="VB">study</w> <w type="AT">the</w> <w type="JJ">thermal</w> <w type="NNS">conditions</w> <w type="CC">and</w> <w type="TO">to</w> <w type="VB">establish</w> <w type="AT">an</w> <w type="NN">energy</w> <w type="NN">balance</w> <w type="IN">for</w> <w type="AT">a</w> <w type="NN">transpiration</w> <w type="VBN">cooled</w> <w type="NN">anode</w> <w type="QL">as</w> <w type="RB">well</w> <w type="CS">as</w> <w type="AT">the</w> <w type="NN">effect</w> <w type="IN">of</w> <w type="VBG">blowing</w> <w type="IN">on</w> <w type="AT">the</w> <w type="NN">arc</w> <w type="NN">voltage</w> <c type="pct">.</c> </s>
<s n="37"><w type="NN">Gas</w> <w type="NN">injection</w> <w type="IN">through</w> <w type="AT">a</w> <w type="JJ">porous</w> <w type="NN">anode</w> <c type="pct">(</c> <w type="NN">transpiration</w> <w type="NN">cooling</w> <c type="pct">)</c> <w type="NEG">not</w> <w type="RB">only</w> <w type="VBZ">feeds</w> <w type="RB">back</w> <w type="AT">the</w> <w type="NN">energy</w> <w type="VBN">transferred</w> <w type="IN">to</w> <w type="AT">the</w> <w type="NN">anode</w> <w type="IN">by</w> <w type="AT">the</w> <w type="RB">above</w> <w type="VBN">mentioned</w> <w type="NNS">processes</w> <c type="pct">,</c> <w type="CC">but</w> <w type="RB">also</w> <w type="VBZ">modifies</w> <w type="AT">the</w> <w type="NNS">conditions</w> <w type="IN">in</w> <w type="AT">the</w> <w type="NN">arc</w> <w type="PPL">itself</w> <c type="pct">.</c> </s>
<s n="38"><w type="AT">A</w> <w type="VBN">detailed</w> <w type="NN">study</w> <w type="IN">of</w> <w type="DT">this</w> <w type="AP">latter</w> <w type="NN">phenomenon</w> <w type="BEDZ">was</w> <w type="NEG">not</w> <w type="VBN">attempted</w> <w type="IN">in</w> <w type="DT">this</w> <w type="NN">paper</w> <c type="pct">.</c> </s>
<s n="39"><w type="NN">Argon</w> <w type="BEDZ">was</w> <w type="VBN">used</w> <w type="CS">as</w> <w type="AT">a</w> <w type="VBG">blowing</w> <w type="NN">gas</w> <w type="TO">to</w> <w type="VB">exclude</w> <w type="DTI">any</w> <w type="NNS">effects</w> <w type="IN">of</w> <w type="NN">dissociation</w> <w type="CC">or</w> <w type="NN">chemical</w> <w type="NN">reaction</w> <c type="pct">.</c> </s>
<s n="40"><w type="AT">The</w> <w type="NN">anode</w> <w type="NN">material</w> <w type="BEDZ">was</w> <w type="JJ">porous</w> <w type="NN">graphite</w> <c type="pct">.</c> </s>
<s n="41"><w type="VBN">Sintered</w> <w type="JJ">porous</w> <w type="NNS">metals</w> <w type="MD">should</w> <w type="BE">be</w> <w type="JJ">usable</w> <w type="IN">in</w> <w type="NN">principle</w> <c type="pct">.</c> </s>
<s n="42"><w type="RB">However</w> <c type="pct">,</c> <w type="JJ">technical</w> <w type="NNS">difficulties</w> <w type="VB">arise</w> <w type="IN">by</w> <w type="VBG">melting</w> <w type="IN">at</w> <w type="JJ">local</w> <w type="JJ">hot</w> <w type="NNS">spots</w> <c type="pct">.</c> </s>
<s n="43"><w type="AT">The</w> <w type="JJ">experimental</w> <w type="NN">arrangement</w> <w type="CS">as</w> <w type="VBN">described</w> <w type="RB">below</w> <w type="BEZ">is</w> <w type="VBN">based</w> <w type="IN">on</w> <w type="AT">the</w> <w type="NN">geometry</w> <w type="IN">of</w> <w type="RB">free</w> <w type="VBG">burning</w> <w type="NNS">arcs</w> <c type="pct">.</c> </s>
<s n="44"><w type="RB">Thus</w> <c type="pct">,</c> <w type="JJ">direct</w> <w type="NNS">comparisons</w> <w type="MD">can</w> <w type="BE">be</w> <w type="VBN">drawn</w> <w type="IN">with</w> <w type="RB">free</w> <w type="VBG">burning</w> <w type="NNS">arcs</w> <w type="WDT">which</w> <w type="HV">have</w> <w type="BEN">been</w> <w type="VBN">studied</w> <w type="IN">in</w> <w type="NN">detail</w> <w type="IN">during</w> <w type="AT">the</w> <w type="AP">past</w> <w type="NNS">years</w> <w type="CC">and</w> <w type="NNS">decades</w> <w type="IN">by</w> <w type="JJ">numerous</w> <w type="NNS">investigators</w> <c type="pct">(</c> <w type="NN" subtype="TL">Ref.</w> <w type="CD">3</w> <c type="pct">)</c> <c type="pct">.</c> </s>
</p>
<p><s n="45"><w type="JJ" subtype="HL">Experimental</w> <w type="NN" subtype="HL">apparatus</w> </s>
<s n="46"><w type="NNS">Figures</w> <w type="CD">1</w> <w type="IN">to</w> <w type="CD">3</w> <w type="VB">show</w> <w type="JJ">photographic</w> <w type="CC">and</w> <w type="JJ">schematic</w> <w type="NNS">views</w> <w type="IN">of</w> <w type="AT">the</w> <w type="NN">test</w> <w type="NN">stand</w> <w type="CC">and</w> <w type="IN">of</w> <w type="CD">two</w> <w type="JJ">different</w> <w type="NNS">models</w> <w type="IN">of</w> <w type="AT">the</w> <w type="NN">anode</w> <w type="NN">holder</w> <c type="pct">.</c> </s>
<s n="47"><w type="AT">The</w> <w type="NN">cathode</w> <w type="VBD">consisted</w> <w type="IN">of</w> <w type="AT">a</w> <w type="NN">1/4''</w> <c type="pct">''</c> <w type="NN">diameter</w> <w type="VBN">thoriated</w> <w type="NN">tungsten</w> <w type="NN">rod</w> <w type="VBN">attached</w> <w type="IN">to</w> <w type="AT">a</w> <w type="NN">water</w> <w type="VBN">cooled</w> <w type="NN">copper</w> <w type="NN">tube</w> <c type="pct">.</c> </s>
<s n="48"><w type="DT">This</w> <w type="NN">tube</w> <w type="MD">could</w> <w type="BE">be</w> <w type="VBN">adjusted</w> <w type="IN">in</w> <w type="PPg">its</w> <w type="JJ">axial</w> <w type="NN">direction</w> <w type="IN">by</w> <w type="AT">an</w> <w type="JJ">electric</w> <w type="NN">drive</w> <w type="TO">to</w> <w type="VB">establish</w> <w type="AT">the</w> <w type="VBN">required</w> <w type="NN">electrode</w> <w type="NN">spacing</w> <c type="pct">.</c> </s>
<s n="49"><w type="AT">The</w> <w type="NN">anode</w> <w type="IN">in</w> <w type="NN">figure</w> <w type="CD">2</w> <w type="BEDZ">was</w> <w type="VBN">mounted</w> <w type="IN">by</w> <w type="NN">means</w> <w type="IN">of</w> <w type="AT">the</w> <w type="NN">anode</w> <w type="NN">holder</w> <w type="WDT">which</w> <w type="BEDZ">was</w> <w type="VBN">attached</w> <w type="IN">to</w> <w type="AT">a</w> <w type="NN">steel</w> <w type="NN">plug</w> <w type="CC">and</w> <w type="NN">disk</w> <c type="pct">.</c> </s>
<s n="50"><w type="AT">The</w> <w type="VBG">transpiring</w> <w type="NN">gas</w> <w type="VBN">ejected</w> <w type="IN">from</w> <w type="AT">the</w> <w type="NN">anode</w> <w type="VBD">formed</w> <w type="AT">a</w> <w type="NN">jet</w> <w type="VBN">directed</w> <w type="RB">axially</w> <w type="IN">towards</w> <w type="AT">the</w> <w type="NN">cathode</w> <w type="RB">below</w> <c type="pct">.</c> </s>
<s n="51"><w type="NN">Inflow</w> <w type="IN">of</w> <w type="NN">air</w> <w type="IN">from</w> <w type="AT">the</w> <w type="VBG">surrounding</w> <w type="NN">atmosphere</w> <w type="BEDZ">was</w> <w type="VBN">prevented</w> <w type="IN">by</w> <w type="AT">the</w> <w type="CD">two</w> <w type="NNS">disks</w> <w type="VBN">shown</w> <w type="IN">in</w> <w type="NN">figure</w> <w type="CD">2</w> <c type="pct">.</c> </s>
<s n="52"><w type="NN">Argon</w> <w type="BEDZ">was</w> <w type="RB">also</w> <w type="VBN">blown</w> <w type="IN">at</w> <w type="JJ">low</w> <w type="NNS">velocities</w> <c type="pct">(</c> <w type="NN">mass</w> <w type="NN">flow</w> <w type="NN">rate</w> <w type="NN">Af</w> <c type="pct">)</c> <w type="IN">through</w> <w type="AT">a</w> <w type="NN">tube</w> <w type="JJ">coaxial</w> <w type="IN">with</w> <w type="AT">the</w> <w type="NN">cathode</w> <w type="CS">as</w> <w type="AT">an</w> <w type="JJ">additional</w> <w type="NN">precaution</w> <w type="IN">against</w> <w type="NN">contamination</w> <w type="IN">of</w> <w type="AT">the</w> <w type="NN">arc</w> <w type="IN">by</w> <w type="NN">air</w> <c type="pct">.</c> </s>
<s n="53"><w type="AT">The</w> <w type="NN">anode</w> <w type="VBD">consisted</w> <w type="IN">of</w> <w type="AT">a</w> <w type="CD">1/2</w> <w type="NN">inch</w> <w type="NN">diameter</w> <w type="JJ">porous</w> <w type="NN">graphite</w> <w type="NN">plug</w> <c type="pct">,</c> <w type="CD">1/4</w> <w type="NN">inch</w> <w type="JJ">long</w> <c type="pct">.</c> </s>
<s n="54"><w type="AT">The</w> <w type="NN">graphite</w> <w type="BEDZ">was</w> <w type="JJ" subtype="TL">National</w> <w type="NN" subtype="TL">Carbon</w> <w type="NN">NC</w> <w type="CD">60</w> <c type="pct">,</c> <w type="WDT">which</w> <w type="HVZ">has</w> <w type="AT">a</w> <w type="NN">porosity</w> <w type="IN">of</w> <w type="NN">50%</w> <w type="CC">and</w> <w type="AT">an</w> <w type="JJ">average</w> <w type="NN">pore</w> <w type="NN">size</w> <w type="IN">of</w> <w type="CD">30</w> <c type="pct">.</c> </s>
<s n="55"><w type="DT">This</w> <w type="JJ">small</w> <w type="NN">pore</w> <w type="NN">size</w> <w type="BEDZ">was</w> <w type="VBN">required</w> <w type="TO">to</w> <w type="VB">ensure</w> <w type="NN">uniformity</w> <w type="IN">of</w> <w type="AT">the</w> <w type="NN">flow</w> <w type="VBG">leaving</w> <w type="AT">the</w> <w type="NN">anode</w> <c type="pct">.</c> </s>
<s n="56"><w type="AT">The</w> <w type="NN">anode</w> <w type="NN">plug</w> <c type="pct">(</c> <w type="NN" subtype="TL">Figure</w> <w type="CD" subtype="TL">2</w> <c type="pct">)</c> <w type="BEDZ">was</w> <w type="VBN">inserted</w> <w type="IN">into</w> <w type="AT">a</w> <w type="NN">carbon</w> <w type="NN">anode</w> <w type="NN">holder</w> <c type="pct">.</c> </s>
<s n="57"><w type="AT">A</w> <w type="VBN">shielded</w> <w type="NN">thermocouple</w> <w type="BEDZ">was</w> <w type="VBN">used</w> <w type="TO">to</w> <w type="VB">measure</w> <w type="AT">the</w> <w type="JJ">upstream</w> <w type="NN">temperature</w> <w type="IN">of</w> <w type="AT">the</w> <w type="VBG">transpiring</w> <w type="NN">gas</w> <c type="pct">.</c> </s>
<s n="58"><w type="PPS">It</w> <w type="BEDZ">was</w> <w type="VBN">exposed</w> <w type="IN">to</w> <w type="AT">a</w> <w type="JJ">high</w> <w type="NN">velocity</w> <w type="NN">gas</w> <w type="NN">jet</w> <c type="pct">.</c> </s>
<s n="59"><w type="AT">A</w> <w type="NN">plug</w> <w type="CC">and</w> <w type="AT">a</w> <w type="NN">tube</w> <w type="IN">with</w> <w type="NNS">holes</w> <w type="IN">in</w> <w type="PPg">its</w> <w type="JJ">cylindrical</w> <w type="NNS">walls</w> <w type="VBD">divided</w> <w type="AT">the</w> <w type="NN">chamber</w> <w type="IN">above</w> <w type="AT">the</w> <w type="JJ">porous</w> <w type="NN">plug</w> <w type="IN">into</w> <w type="CD">two</w> <w type="NNS">parts</w> <c type="pct">.</c> </s>
<s n="60"><w type="DT">This</w> <w type="NN">arrangement</w> <w type="HVD">had</w> <w type="AT">the</w> <w type="NN">purpose</w> <w type="TO">to</w> <w type="VB">prevent</w> <w type="VBN">heated</w> <w type="NN">gas</w> <w type="TO">to</w> <w type="VB">reach</w> <w type="AT">the</w> <w type="NN">thermocouple</w> <w type="IN">by</w> <w type="JJ">natural</w> <w type="NN">convection</w> <c type="pct">.</c> </s>
<s n="61"><w type="CD">Two</w> <w type="NNS">pyrometers</w> <w type="VBN">shown</w> <w type="IN">in</w> <w type="NN">figure</w> <w type="CD">1</w> <w type="CC">and</w> <w type="CD">2</w> <c type="pct">(</c> <w type="NN" subtype="TL">Pyrometer</w> <w type="NN" subtype="TL">Instrument</w> <w type="NN" subtype="TL">Co.</w> <w type="NN" subtype="TL">Model</w> <w type="CD" subtype="TL">95</w> <c type="pct">)</c> <w type="VBD">served</w> <w type="IN">for</w> <w type="JJ">simultaneous</w> <w type="NN">measurement</w> <w type="IN">of</w> <w type="AT">the</w> <w type="NN">anode</w> <w type="NN">surface</w> <w type="NN">temperature</w> <w type="CC">and</w> <w type="AT">the</w> <w type="NN">temperature</w> <w type="NN">distribution</w> <w type="IN">along</w> <w type="AT">the</w> <w type="NN">anode</w> <w type="NN">holder</w> <c type="pct">.</c> </s>
<s n="62"><w type="CD">Three</w> <w type="NNS">thermocouples</w> <w type="BED">were</w> <w type="VBN">placed</w> <w type="IN">at</w> <w type="JJ">different</w> <w type="NNS">locations</w> <w type="IN">in</w> <w type="AT">the</w> <w type="NN">aluminum</w> <w type="NN">disk</w> <w type="VBG">surrounding</w> <w type="AT">the</w> <w type="NN">anode</w> <w type="NN">holder</w> <w type="TO">to</w> <w type="VB">determine</w> <w type="PPg">its</w> <w type="NN">temperature</w> <c type="pct">.</c> </s>
</p>
<p><s n="63"><w type="DT">Another</w> <w type="NN">anode</w> <w type="NN">holder</w> <w type="VBN">used</w> <w type="IN">in</w> <w type="AT">the</w> <w type="NNS">experiments</w> <w type="BEZ">is</w> <w type="VBN">shown</w> <w type="IN">in</w> <w type="NN">figure</w> <w type="CD">3</w> <c type="pct">.</c> </s>
<s n="64"><w type="IN">In</w> <w type="DT">this</w> <w type="NN">design</w> <w type="AT">the</w> <w type="NN">anode</w> <w type="NN">holder</w> <w type="BEZ">is</w> <w type="NN">water</w> <w type="VBN">cooled</w> <w type="CC">and</w> <w type="AT">the</w> <w type="NN">heat</w> <w type="NNS">losses</w> <w type="IN">by</w> <w type="NN">conduction</w> <w type="IN">from</w> <w type="AT">the</w> <w type="NN">anode</w> <w type="BED">were</w> <w type="VBN">determined</w> <w type="IN">by</w> <w type="VBG">measuring</w> <w type="AT">the</w> <w type="NN">temperature</w> <w type="NN">rise</w> <w type="IN">of</w> <w type="AT">the</w> <w type="NN">coolant</w> <c type="pct">.</c> </s>
<s n="65"><w type="TO">To</w> <w type="VB">reduce</w> <w type="NN">heat</w> <w type="NN">transfer</w> <w type="IN">from</w> <w type="AT">the</w> <w type="JJ">hot</w> <w type="NN">gas</w> <w type="IN">to</w> <w type="DT">this</w> <w type="NN">anode</w> <w type="NN">holder</w> <w type="IN">outside</w> <w type="AT">the</w> <w type="NN">regime</w> <w type="IN">of</w> <w type="AT">the</w> <w type="NN">arc</w> <c type="pct">,</c> <w type="AT">a</w> <w type="NN">carbon</w> <w type="NN">shield</w> <w type="BEDZ">was</w> <w type="VBN">attached</w> <w type="IN">to</w> <w type="AT">the</w> <w type="NN">surface</w> <w type="VBG">providing</w> <w type="AT">an</w> <w type="NN">air</w> <w type="NN">gap</w> <w type="IN">of</w> <w type="CD">1/16</w> <w type="NN">inch</w> <w type="IN">between</w> <w type="AT">the</w> <w type="NN">plate</w> <w type="CC">and</w> <w type="AT">the</w> <w type="NN">surface</w> <w type="IN">of</w> <w type="AT">the</w> <w type="NN">anode</w> <w type="NN">holder</w> <c type="pct">.</c> </s>
<s n="66"><w type="IN">In</w> <w type="NN">addition</w> <c type="pct">,</c> <w type="AT">the</w> <w type="JJ">inner</w> <w type="NN">surface</w> <w type="IN">of</w> <w type="AT">the</w> <w type="NN">carbon</w> <w type="NN">shield</w> <w type="BEDZ">was</w> <w type="VBN">covered</w> <w type="IN">with</w> <w type="NN">aluminum</w> <w type="NN">foil</w> <w type="TO">to</w> <w type="VB">reduce</w> <w type="NN">radiation</w> <c type="pct">.</c> </s>
<s n="67"><w type="NNS">Temperatures</w> <w type="IN">of</w> <w type="AT">the</w> <w type="NN">shield</w> <w type="CC">and</w> <w type="IN">of</w> <w type="AT">the</w> <w type="NN">surface</w> <w type="IN">of</w> <w type="AT">the</w> <w type="JJ">water-cooled</w> <w type="NN">anode</w> <w type="NN">holder</w> <w type="BED">were</w> <w type="VBN">measured</w> <w type="IN">by</w> <w type="NNS">thermocouples</w> <w type="TO">to</w> <w type="VB">account</w> <w type="IN">for</w> <w type="NN">heat</w> <w type="VBN">received</w> <w type="IN">by</w> <w type="AT">the</w> <w type="NN">coolant</w> <w type="CC">but</w> <w type="NEG">not</w> <w type="VBG">originating</w> <w type="IN">from</w> <w type="AT">the</w> <w type="NN">anode</w> <w type="NN">plug</w> <c type="pct">.</c> </s>
</p>
<p><s n="68"><w type="AT">The</w> <w type="NN">argon</w> <w type="NN">flow</w> <w type="IN">from</w> <w type="JJ">commercial</w> <w type="NNS">bottles</w> <w type="BEDZ">was</w> <w type="VBN">regulated</w> <w type="IN">by</w> <w type="AT">a</w> <w type="NN">pressure</w> <w type="NN">regulator</w> <w type="CC">and</w> <w type="VBN">measured</w> <w type="IN">with</w> <w type="AT">a</w> <w type="NN">gas</w> <w type="NN">flow</w> <w type="NN">rator</w> <c type="pct">.</c> </s>
<s n="69"><w type="AT">The</w> <w type="NN">power</w> <w type="NN">source</w> <w type="BEDZ">was</w> <w type="AT">a</w> <w type="JJ">commercial</w> <w type="NP">D.</w> <w type="NP">C.</w> <w type="NN">rectifier</w> <c type="pct">.</c> </s>
<s n="70"><w type="IN">At</w> <w type="CD">100</w> <w type="NN">Amp</w> <w type="AT">the</w> <w type="CD">360</w> <w type="NN">cycle</w> <w type="NN">ripple</w> <w type="BEDZ">was</w> <w type="AP">less</w> <w type="IN">than</w> <w type="CD">0.5</w> <w type="NN">V</w> <c type="pct">(</c> <w type="NN">peak</w> <w type="IN">to</w> <w type="NN">peak</w> <c type="pct">)</c> <w type="IN">with</w> <w type="AT">a</w> <w type="JJ">resistive</w> <w type="NN">load</w> <c type="pct">.</c> </s>
<s n="71"><w type="AT">The</w> <w type="NN">current</w> <w type="BEDZ">was</w> <w type="VBN">regulated</w> <w type="IN">by</w> <w type="NN">means</w> <w type="IN">of</w> <w type="AT">a</w> <w type="JJ">variable</w> <w type="NN">resistor</w> <w type="CC">and</w> <w type="VBN">measured</w> <w type="IN">with</w> <w type="AT">a</w> <w type="CD">50</w> <w type="NN">mV</w> <w type="NN">shunt</w> <w type="CC">and</w> <w type="NN">millivoltmeter</w> <c type="pct">.</c> </s>
<s n="72"><w type="AT">The</w> <w type="NN">arc</w> <w type="NN">voltage</w> <w type="BEDZ">was</w> <w type="VBN">measured</w> <w type="IN">with</w> <w type="AT">a</w> <w type="NN">voltmeter</w> <w type="WPg">whose</w> <w type="NNS">terminals</w> <w type="BED">were</w> <w type="VBN">connected</w> <w type="IN">to</w> <w type="AT">the</w> <w type="NN">anode</w> <w type="CC">and</w> <w type="NN">cathode</w> <w type="NNS">holders</w> <c type="pct">.</c> </s>
<s n="73"><w type="RB">Because</w> <w type="IN">of</w> <w type="AT">the</w> <w type="VBG">falling</w> <w type="NN">characteristic</w> <w type="IN">of</w> <w type="AT">the</w> <w type="NN">rectifier</w> <c type="pct">,</c> <w type="AT">no</w> <w type="NN">ballast</w> <w type="NN">resistor</w> <w type="BEDZ">was</w> <w type="VBN">required</w> <w type="IN">for</w> <w type="NN">stability</w> <w type="IN">of</w> <w type="NN">operation</w> <c type="pct">.</c> </s>
<s n="74"><w type="AT">A</w> <w type="JJ">high</w> <w type="NN">frequency</w> <w type="NN">starter</w> <w type="BEDZ">was</w> <w type="VBN">used</w> <w type="TO">to</w> <w type="VB">start</w> <w type="AT">the</w> <w type="NN">arc</w> <c type="pct">.</c> </s>
</p>
<p><s n="75"><w type="JJ" subtype="HL">Experimental</w> <w type="NN" subtype="HL">procedure</w> <w type="CC" subtype="HL">and</w> <w type="NN" subtype="HL">error</w> <w type="NN" subtype="HL">analysis</w> </s>
<s n="76"><w type="CD" subtype="HL">1</w> <c type="pct">.</c> </s>
<s n="77"><w type="NN" subtype="HL">Transpiration</w> <w type="VBN" subtype="HL">cooled</w> <w type="NN" subtype="HL">anode</w> <w type="IN" subtype="HL">with</w> <w type="NN" subtype="HL">carbon</w> <w type="NN" subtype="HL">anode</w> <w type="NN" subtype="HL">holder</w> </s>
<s n="78"><w type="AT">The</w> <w type="NN">anode</w> <w type="NN">holder</w> <w type="VBN">shown</w> <w type="IN">in</w> <w type="NN">figure</w> <w type="CD">2</w> <w type="BEDZ">was</w> <w type="VBN">designed</w> <w type="IN">with</w> <w type="CD">two</w> <w type="NNS">goals</w> <w type="IN">in</w> <w type="NN">mind</w> <c type="pct">.</c> </s>
<s n="79"><w type="AT">The</w> <w type="NN">heat</w> <w type="NNS">losses</w> <w type="IN">of</w> <w type="AT">the</w> <w type="NN">holder</w> <w type="BED">were</w> <w type="TO">to</w> <w type="BE">be</w> <w type="VBN">reduced</w> <w type="QL">as</w> <w type="RB">far</w> <w type="CS">as</w> <w type="JJ">possible</w> <w type="CC">and</w> <w type="PPSS">they</w> <w type="MD">should</w> <w type="BE">be</w> <w type="JJ">such</w> <w type="CS">that</w> <w type="AT">an</w> <w type="JJ">accurate</w> <w type="NN">heat</w> <w type="NN">balance</w> <w type="MD">can</w> <w type="BE">be</w> <w type="VBN">made</w> <c type="pct">.</c> </s>
<s n="80"><w type="IN">In</w> <w type="NN">order</w> <w type="TO">to</w> <w type="VB">reduce</w> <w type="AT">the</w> <w type="NN">number</w> <w type="IN">of</w> <w type="JJ">variable</w> <w type="NNS">parameters</w> <c type="pct">,</c> <w type="ABN">all</w> <w type="NNS">experiments</w> <w type="BED">were</w> <w type="VBN">made</w> <w type="IN">with</w> <w type="AT">a</w> <w type="JJ">constant</w> <w type="NN">arc</w> <w type="NN">length</w> <w type="IN">of</w> <w type="NNS">0.5''</w> <c type="pct">''</c> <w type="CC">and</w> <w type="AT">a</w> <w type="NN">current</w> <w type="IN">of</w> <w type="CD">100</w> <w type="NN">Aj</w> <c type="pct">.</c> </s>
<s n="81"><w type="AT">The</w> <w type="NN">argon</w> <w type="NN">flow</w> <w type="IN">through</w> <w type="AT">the</w> <w type="JJ">porous</w> <w type="NN">anode</w> <w type="BEDZ">was</w> <w type="VBN">varied</w> <w type="RB">systematically</w> <w type="IN">between</w> <w type="NN">Af</w> <w type="CC">and</w> <w type="NN">Af</w> <c type="pct">.</c> </s>
<s n="82"><w type="AT">The</w> <w type="JJR">lower</w> <w type="NN">limit</w> <w type="BEDZ">was</w> <w type="VBN">determined</w> <w type="IN">by</w> <w type="AT">the</w> <w type="NN">fact</w> <w type="CS">that</w> <w type="IN">for</w> <w type="JJR">smaller</w> <w type="NN">flow</w> <w type="NNS">rates</w> <w type="AT">the</w> <w type="NN">arc</w> <w type="VBD">started</w> <w type="TO">to</w> <w type="VB">strike</w> <w type="IN">to</w> <w type="AT">the</w> <w type="NN">anode</w> <w type="NN">holder</w> <w type="RB">instead</w> <w type="IN">of</w> <w type="IN">to</w> <w type="AT">the</w> <w type="JJ">porous</w> <w type="NN">graphite</w> <w type="NN">plug</w> <w type="CC">and</w> <w type="CS">that</w> <w type="PPS">it</w> <w type="VBD">became</w> <w type="QL">highly</w> <w type="JJ">unstable</w> <c type="pct">.</c> </s>
<s n="83"><w type="AT">The</w> <w type="JJ">upper</w> <w type="NN">limit</w> <w type="BEDZ">was</w> <w type="VBN">determined</w> <w type="IN">by</w> <w type="AT">the</w> <w type="NN">difficulty</w> <w type="IN">of</w> <w type="VBG">measuring</w> <w type="AT">the</w> <w type="JJ">characteristic</w> <w type="NN">anode</w> <w type="NN">surface</w> <w type="NN">temperature</w> <c type="pct">(</c> <w type="VB">see</w> <w type="RB">below</w> <c type="pct">)</c> <w type="CS">since</w> <w type="RB">only</w> <w type="AT">a</w> <w type="JJ">small</w> <w type="NN">region</w> <w type="IN">of</w> <w type="AT">the</w> <w type="NN">anode</w> <w type="BEDZ">was</w> <w type="VBN">struck</w> <w type="IN">by</w> <w type="AT">the</w> <w type="NN">arc</w> <c type="pct">.</c> </s>
<s n="84"><w type="DT">This</w> <w type="NN">region</w> <w type="WDT">which</w> <w type="HVD">had</w> <w type="AT">a</w> <w type="JJR">higher</w> <w type="NN">temperature</w> <w type="CS">than</w> <w type="AT">the</w> <w type="NN">rest</w> <w type="IN">of</w> <w type="AT">the</w> <w type="NN">anode</w> <w type="NN">surface</w> <w type="VBD">changed</w> <w type="NN">size</w> <w type="CC">and</w> <w type="NN">location</w> <w type="RB">continuously</w> <c type="pct">.</c> </s>
</p>
<p><s n="85"><w type="IN">For</w> <w type="DT">each</w> <w type="NN">mass</w> <w type="NN">flow</w> <w type="NN">rate</w> <w type="AT">the</w> <w type="NN">arc</w> <w type="NN">voltage</w> <w type="BEDZ">was</w> <w type="VBN">measured</w> <c type="pct">.</c> </s>
<s n="86"><w type="TO">To</w> <w type="VB">measure</w> <w type="AT">the</w> <w type="NN">surface</w> <w type="NN">temperature</w> <w type="IN">of</w> <w type="AT">the</w> <w type="NN">anode</w> <w type="NN">plug</w> <c type="pct">,</c> <w type="AT">the</w> <w type="NN">surface</w> <w type="BEDZ">was</w> <w type="VBN">scanned</w> <w type="IN">with</w> <w type="AT">a</w> <w type="NN">pyrometer</w> <c type="pct">.</c> </s>
<s n="87"><w type="CS">As</w> <w type="PPS">it</w> <w type="VBD">turned</w> <w type="RP">out</w> <c type="pct">,</c> <w type="AT">a</w> <w type="QL">very</w> <w type="JJ">hot</w> <w type="NN">region</w> <w type="VBD">occurred</w> <w type="IN">on</w> <w type="AT">the</w> <w type="NN">plug</w> <c type="pct">.</c> </s>
<s n="88"><w type="PPg">Its</w> <w type="NN">temperature</w> <w type="BEDZ">was</w> <w type="VBN">denoted</w> <w type="IN">by</w> <w type="NN">Af</w> <c type="pct">.</c> </s>
<s n="89"><w type="AT">The</w> <w type="NN">size</w> <w type="IN">of</w> <w type="DT">this</w> <w type="JJ">hot</w> <w type="NN">region</w> <w type="BEDZ">was</w> <w type="VBN">estimated</w> <w type="IN">by</w> <w type="NN">eye</w> <c type="pct">.</c> </s>
<s n="90"><w type="AT">The</w> <w type="NN">rest</w> <w type="IN">of</w> <w type="AT">the</w> <w type="NN">surface</w> <w type="HVD">had</w> <w type="AT">a</w> <w type="NN">temperature</w> <w type="WDT">which</w> <w type="VBD">decreased</w> <w type="IN">towards</w> <w type="AT">the</w> <w type="JJ">outer</w> <w type="NN">diameter</w> <w type="IN">of</w> <w type="AT">the</w> <w type="NN">plug</w> <c type="pct">.</c> </s>
<s n="91"><w type="AT">The</w> <w type="JJ">mean</w> <w type="NN">temperature</w> <w type="IN">of</w> <w type="DT">this</w> <w type="NN">region</w> <w type="BEDZ">was</w> <w type="VBN">approximated</w> <w type="IN">by</w> <w type="AT">the</w> <w type="NN">temperature</w> <w type="VBN">measured</w> <w type="RB">halfways</w> <w type="IN">between</w> <w type="AT">the</w> <w type="NN">edge</w> <w type="IN">of</w> <w type="AT">the</w> <w type="JJ">hot</w> <w type="NN">spot</w> <w type="CC">and</w> <w type="AT">the</w> <w type="NN">rim</w> <w type="IN">of</w> <w type="AT">the</w> <w type="NN">plug</w> <c type="pct">.</c> </s>
<s n="92"><w type="PPS">It</w> <w type="BEDZ">was</w> <w type="VBN">denoted</w> <w type="IN">by</w> <w type="NN">Af</w> <c type="pct">.</c> </s>
<s n="93"><w type="AT">The</w> <w type="JJ">mean</w> <w type="NN">temperature</w> <w type="IN">of</w> <w type="AT">the</w> <w type="NN">surface</w> <w type="BEDZ">was</w> <w type="RB">then</w> <w type="VBN">computed</w> <w type="IN">according</w> <w type="IN">to</w> <w type="AT">the</w> <w type="VBG">following</w> <w type="NN">relation</w> <c type="pct">:</c> <w type="NN">Af</w> <w type="WRB">where</w> <w type="NN">x</w> <w type="BEZ">is</w> <w type="AT">the</w> <w type="NN">fraction</w> <w type="IN">of</w> <w type="AT">the</w> <w type="NN">plug</w> <w type="NN">area</w> <w type="VBN">covered</w> <w type="IN">by</w> <w type="AT">the</w> <w type="JJ">hot</w> <w type="NN">spot</w> <c type="pct">.</c> </s>
<s n="94"><w type="VBG">Assuming</w> <w type="JJ">thermal</w> <w type="NN">equilibrium</w> <w type="IN">between</w> <w type="AT">the</w> <w type="NN">anode</w> <w type="NN">surface</w> <w type="CC">and</w> <w type="AT">the</w> <w type="VBG">transpiring</w> <w type="NN">argon</w> <c type="pct">,</c> <w type="AT">the</w> <w type="NN">gas</w> <w type="NN">enthalpy</w> <w type="NN">rise</w> <w type="IN">through</w> <w type="AT">the</w> <w type="NN">anode</w> <w type="BEDZ">was</w> <w type="VBN">calculated</w> <w type="IN">according</w> <w type="IN">to</w> <w type="AT">the</w> <w type="NN">relation</w> <w type="NN">Af</w> <w type="WRB">whereby</w> <w type="AT">the</w> <w type="JJ">specific</w> <w type="NN">heat</w> <w type="IN">of</w> <w type="NN">argon</w> <w type="BEDZ">was</w> <w type="VBN">taken</w> <w type="CS">as</w> <w type="NN">Af</w> <c type="pct">.</c> </s>
<s n="95"><w type="DT">This</w> <w type="NN">calculation</w> <w type="VBZ">results</w> <w type="IN">in</w> <w type="AT">an</w> <w type="NN">enthalpy</w> <w type="NN">rise</w> <w type="WDT">which</w> <w type="BEZ">is</w> <w type="QL">somewhat</w> <w type="JJ">high</w> <w type="CS">because</w> <w type="PPS">it</w> <w type="VBZ">assumes</w> <w type="AT">a</w> <w type="NN">mass</w> <w type="NN">flow</w> <w type="RB">equally</w> <w type="VBN">distributed</w> <w type="IN">over</w> <w type="AT">the</w> <w type="NN">plug</w> <w type="NN">cross</w> <w type="NN">section</w> <w type="CS">whereas</w> <w type="IN">in</w> <w type="NN">reality</w> <w type="AT">the</w> <w type="NN">mass</w> <w type="NN">velocity</w> <w type="BEZ">is</w> <w type="VBN">expected</w> <w type="TO">to</w> <w type="BE">be</w> <w type="JJR">smaller</w> <w type="IN">in</w> <w type="AT">the</w> <w type="NNS">regions</w> <w type="IN">of</w> <w type="JJR">higher</w> <w type="NNS">temperatures</w> <c type="pct">.</c> </s>
</p>
<p><s n="96"><w type="AT">The</w> <w type="JJ">upstream</w> <w type="NN">gas</w> <w type="NN">temperature</w> <w type="VBN">measured</w> <w type="IN">with</w> <w type="AT">the</w> <w type="NN">thermocouple</w> <w type="VBN">shown</w> <w type="IN">in</w> <w type="NN">figure</w> <w type="CD">2</w> <w type="BEDZ">was</w> <w type="NN">Af</w> <c type="pct">.</c> </s>
<s n="97"><w type="AT">The</w> <w type="NN">Af</w> <w type="NNS">values</w> <w type="BER">are</w> <w type="VBN">listed</w> <w type="IN">in</w> <w type="NN" subtype="TL">Table</w> <w type="CD" subtype="TL">1</w> <w type="RB">together</w> <w type="IN">with</w> <w type="AT">the</w> <w type="VBN">measured</w> <w type="NN">surface</w> <w type="NNS">temperatures</w> <w type="CC">and</w> <w type="NN">arc</w> <w type="NNS">voltages</w> <c type="pct">.</c> </s>
<s n="98"><w type="RB">Simultaneously</w> <w type="IN">with</w> <w type="AT">the</w> <w type="NN">anode</w> <w type="NN">surface</w> <w type="NN">temperature</w> <w type="CC">and</w> <w type="NN">voltage</w> <w type="NNS">measurements</w> <w type="NN">pyrometer</w> <w type="NNS">readings</w> <w type="BED">were</w> <w type="VBN">taken</w> <w type="IN">along</w> <w type="AT">the</w> <w type="JJ">cylindrical</w> <w type="NN">surface</w> <w type="IN">of</w> <w type="AT">the</w> <w type="NN">carbon</w> <w type="NN">anode</w> <w type="NN">holder</w> <w type="CS">as</w> <w type="VBN">indicated</w> <w type="IN">on</w> <w type="NN">figure</w> <w type="CD">2</w> <c type="pct">.</c> </s>
<s n="99"><w type="DTI">Some</w> <w type="IN">of</w> <w type="DTS">these</w> <w type="NNS">temperatures</w> <w type="BER">are</w> <w type="VBN">plotted</w> <w type="IN">in</w> <w type="NN">figure</w> <w type="CD">4</w> <c type="pct">.</c> </s>
<s n="100"><w type="PPSS">They</w> <w type="VBD">showed</w> <w type="AT">no</w> <w type="VBN">marked</w> <w type="NN">dependence</w> <w type="IN">on</w> <w type="AT">the</w> <w type="NN">flow</w> <w type="NN">rate</w> <w type="IN">within</w> <w type="AT">the</w> <w type="NN">accuracy</w> <w type="IN">of</w> <w type="DTS">these</w> <w type="NNS">measurements</w> <c type="pct">.</c> </s>
<s n="101"><w type="RB">Thus</w> <c type="pct">,</c> <w type="AT">the</w> <w type="VBN">dotted</w> <w type="NN">line</w> <w type="VBN">shown</w> <w type="IN">in</w> <w type="NN">figure</w> <w type="CD">4</w> <w type="BEDZ">was</w> <w type="VBN">taken</w> <w type="CS">as</w> <w type="JJ">typical</w> <w type="IN">for</w> <w type="AT">the</w> <w type="NN">temperature</w> <w type="NN">distribution</w> <w type="IN">for</w> <w type="ABN">all</w> <w type="VBG">blowing</w> <w type="NNS">rates</w> <c type="pct">.</c> </s>
</p>
<p><s n="102"><w type="AT">The</w> <w type="NNS">thermocouples</w> <w type="IN">in</w> <w type="AT">the</w> <w type="NN">aluminum</w> <w type="NN">disk</w> <w type="VBN">shown</w> <w type="IN">in</w> <w type="NN">figure</w> <w type="CD">2</w> <w type="VBD">indicated</w> <w type="AT">an</w> <w type="NN">equilibrium</w> <w type="NN">temperature</w> <w type="IN">of</w> <w type="AT">the</w> <w type="NN">surface</w> <w type="IN">of</w> <w type="NN">Af</w> <c type="pct">.</c> </s>
<s n="103"><w type="DT">This</w> <w type="NN">temperature</w> <w type="BEDZ">was</w> <w type="VBN">taken</w> <w type="CS">as</w> <w type="JJ">environmental</w> <w type="NN">temperature</w> <w type="IN">to</w> <w type="WDT">which</w> <w type="AT">the</w> <w type="NN">anode</w> <w type="NN">holder</w> <w type="BEDZ">was</w> <w type="VBN">exposed</w> <w type="QL">as</w> <w type="RB">far</w> <w type="CS">as</w> <w type="NN">radiation</w> <w type="BEZ">is</w> <w type="VBN">concerned</w> <c type="pct">.</c> </s>
<s n="104"><w type="PPS">It</w> <w type="BEZ">is</w> <w type="QL">sufficiently</w> <w type="JJ">small</w> <w type="VBN">compared</w> <w type="IN">with</w> <w type="AT">the</w> <w type="NN">surface</w> <w type="NN">temperature</w> <w type="IN">of</w> <w type="AT">the</w> <w type="NN">anode</w> <w type="NN">holder</w> <c type="pct">,</c> <w type="TO">to</w> <w type="VB">make</w> <w type="AT">the</w> <w type="NN">energy</w> <w type="NN">flux</w> <w type="VBN">radiated</w> <w type="IN">from</w> <w type="AT">the</w> <w type="NN">environment</w> <w type="IN">toward</w> <w type="AT">the</w> <w type="NN">anode</w> <w type="NN">holder</w> <w type="JJ">negligible</w> <w type="IN">within</w> <w type="AT">the</w> <w type="NN">accuracy</w> <w type="IN">of</w> <w type="AT">the</w> <w type="JJ">present</w> <w type="NNS">measurements</w> <c type="pct">.</c> </s>
<s n="105"><w type="AT">The</w> <w type="NN">reflection</w> <w type="IN">of</w> <w type="NN">radiation</w> <w type="VBG">originating</w> <w type="IN">from</w> <w type="AT">the</w> <w type="NN">anode</w> <w type="NN">holder</w> <w type="CC">and</w> <w type="VBN">reflected</w> <w type="RB">back</w> <w type="IN">to</w> <w type="PPO">it</w> <w type="IN">by</w> <w type="AT">the</w> <w type="VBG">surrounding</w> <w type="NN">metal</w> <w type="NNS">surfaces</w> <w type="MD">should</w> <w type="RB">also</w> <w type="BE">be</w> <w type="JJ">small</w> <w type="RB">because</w> <w type="IN">of</w> <w type="AT">the</w> <w type="JJ">peculiar</w> <w type="NN">characteristic</w> <w type="IN">of</w> <w type="AT">the</w> <w type="NN">metal</w> <w type="NNS">surfaces</w> <w type="CC">and</w> <w type="IN">of</w> <w type="AT">the</w> <w type="JJ">specific</w> <w type="NN">geometry</w> <c type="pct">.</c> </s>
<s n="106"><w type="AT">The</w> <w type="JJ">total</w> <w type="NN">heat</w> <w type="NN">loss</w> <w type="IN">through</w> <w type="AT">the</w> <w type="NN">anode</w> <w type="NN">holder</w> <w type="VBD">included</w> <w type="RB">also</w> <w type="AT">the</w> <w type="NN">heat</w> <w type="VBN">conducted</w> <w type="IN">through</w> <w type="AT">the</w> <w type="NN">base</w> <w type="IN">of</w> <w type="AT">the</w> <w type="JJ">cylindrical</w> <w type="NN">piece</w> <w type="IN">into</w> <w type="AT">the</w> <w type="JJ">adjacent</w> <w type="NN">metal</w> <w type="NNS">parts</w> <c type="pct">.</c> </s>
<s n="107"><w type="PPS">It</w> <w type="BEDZ">was</w> <w type="VBN">calculated</w> <w type="IN">from</w> <w type="AT">the</w> <w type="NN">temperature</w> <w type="NN">gradient</w> <w type="NN">Af</w> <w type="IN">at</w> <w type="NN">Af</w> <w type="NN">inch</w> <w type="CS">as</w> <w type="NN">Af</w> <c type="pct">.</c> </s>
<s n="108"><w type="AT">The</w> <w type="JJ">total</w> <w type="NN">heat</w> <w type="NN">flux</w> <w type="IN">from</w> <w type="AT">the</w> <w type="JJ">porous</w> <w type="NN">plug</w> <w type="IN">into</w> <w type="AT">the</w> <w type="NN">plug</w> <w type="NN">holder</w> <w type="BEZ">is</w> <w type="RB">thereby</w> <w type="NN">Af</w> <c type="pct">.</c> </s>
<s n="109"><w type="AT">The</w> <w type="NN">temperature</w> <w type="NN">distribution</w> <w type="IN">of</w> <w type="NN">figure</w> <w type="CD">4</w> <w type="VBZ">gives</w> <w type="NN">Af</w> <w type="IN">for</w> <w type="ABN">all</w> <w type="VBG">blowing</w> <w type="NNS">rates</w> <c type="pct">,</c> <w type="VBG">assuming</w> <w type="NN">Af</w> <c type="pct">.</c> </s>
<s n="110"><w type="AT">The</w> <w type="NN">temperature</w> <w type="JJ">dependent</w> <w type="NN">value</w> <w type="IN">of</w> <w type="NN">**ye</w> <w type="BEDZ">was</w> <w type="VBN">taken</w> <w type="IN">from</w> <w type="NN" subtype="TL">Ref.</w> <w type="CD" subtype="TL">7</w> <c type="pct">.</c> </s>
<s n="111"><w type="AT">The</w> <w type="NN">radiation</w> <w type="NN">loss</w> <w type="IN">from</w> <w type="AT">the</w> <w type="NN">anode</w> <w type="NN">surface</w> <w type="BEDZ">was</w> <w type="VBN">computed</w> <w type="IN">according</w> <w type="IN">to</w> <w type="NN">Af</w> <w type="WRB">where</w> <w type="NN">Af</w> <w type="BEZ">is</w> <w type="AT">the</w> <w type="NN">mean</w> <w type="IN">of</w> <w type="AT">the</w> <w type="OD">fourth</w> <w type="NNS">powers</w> <w type="IN">of</w> <w type="AT">the</w> <w type="NNS">temperatures</w> <w type="NN">Af</w> <w type="CC">and</w> <w type="NN">Af</w> <w type="VBN">calculated</w> <w type="RB">analogously</w> <w type="IN">to</w> <w type="NN">equation</w> <c type="pct">(</c> <w type="CD">1</w> <c type="pct">)</c> <c type="pct">.</c> </s>
</p>
<p></p></body></text></TEI>
