<TEI xmlns="http://www.tei-c.org/ns/1.0"><teiHeader><fileDesc><titleStmt><title>Sample J03 from  Harry H. Hull, "The Normal Forces and Their Thermodynamic Significance,"
 Transactions of the Society of Rheology, V (1961), 120-125.
 </title></titleStmt><editionStmt><edition>A part  of the XML version of the Brown Corpus</edition></editionStmt><extent>2,023 words 15 (0.7%) quotes 25 symbols 28 formulas</extent><publicationStmt><idno>J03</idno><availability><p>Used by permission. 0010-1750</p></availability></publicationStmt><sourceDesc><bibl> Harry H. Hull, "The Normal Forces and Their Thermodynamic Significance,"
 Transactions of the Society of Rheology, V (1961), 120-125.
 </bibl></sourceDesc></fileDesc><encodingDesc><p>Typographical Error: as [for is] [0570]</p></encodingDesc><revisionDesc><change when="2008-04-27">Header auto-generated for TEI version</change></revisionDesc></teiHeader>
<text xml:id="J03" decls="J">
<body><p><s n="1"><w type="AT">A</w> <w type="NN">band</w> <w type="NN">viscometer</w> <w type="BEZ">is</w> <w type="VBN">shown</w> <w type="IN">in</w> <w type="NN" subtype="TL">Figure</w> <w type="CD" subtype="TL">2</w> <c type="pct">.</c> </s>
<s n="2"><w type="PPS">It</w> <w type="VBZ">consists</w> <w type="IN">of</w> <w type="CD">two</w> <w type="NNS">blocks</w> <w type="IN">with</w> <w type="JJ">flat</w> <w type="NNS">surfaces</w> <w type="VBN">held</w> <w type="RB">apart</w> <w type="IN">by</w> <w type="NNS">shims</w> <c type="pct">.</c> </s>
<s n="3"><w type="EX">There</w> <w type="BEZ">is</w> <w type="AT">a</w> <w type="JJ">small</w> <w type="NN">well</w> <w type="IN">in</w> <w type="AT">the</w> <w type="NN">top</w> <w type="IN">in</w> <w type="WDT">which</w> <w type="AT">the</w> <w type="NN">fluid</w> <w type="CC">or</w> <w type="NN">paste</w> <w type="TO">to</w> <w type="BE">be</w> <w type="VBN">tested</w> <w type="BEZ">is</w> <w type="VBN">placed</w> <c type="pct">.</c> </s>
<s n="4"><w type="AT">A</w> <w type="NN">tape</w> <w type="IN">of</w> <w type="NN">cellulose</w> <w type="NN">acetate</w> <w type="BEZ">is</w> <w type="VBN">pulled</w> <w type="IN">between</w> <w type="AT">the</w> <w type="NNS">blocks</w> <w type="CC">and</w> <w type="AT">the</w> <w type="NN">tape</w> <w type="VBZ">pulls</w> <w type="AT">the</w> <w type="NN">fluid</w> <w type="CC">or</w> <w type="NN">paste</w> <w type="IN">with</w> <w type="PPO">it</w> <w type="IN">between</w> <w type="AT">the</w> <w type="JJ">parallel</w> <w type="NNS">faces</w> <w type="IN">of</w> <w type="AT">the</w> <w type="NNS">blocks</w> <c type="pct">.</c> </s>
<s n="5"><w type="IN">In</w> <w type="JJ">normal</w> <w type="NN">use</w> <w type="NNS">weights</w> <w type="BER">are</w> <w type="VBN">hung</w> <w type="IN">on</w> <w type="AT">the</w> <w type="NN">end</w> <w type="IN">of</w> <w type="AT">the</w> <w type="NN">tape</w> <w type="CC">and</w> <w type="VBN">allowed</w> <w type="TO">to</w> <w type="VB">pull</w> <w type="AT">the</w> <w type="NN">tape</w> <w type="CC">and</w> <w type="AT">the</w> <w type="NN">material</w> <w type="TO">to</w> <w type="BE">be</w> <w type="VBN">tested</w> <w type="IN">between</w> <w type="AT">the</w> <w type="NNS">blocks</w> <c type="pct">.</c> </s>
<s n="6"><w type="CS">After</w> <w type="PPS">it</w> <w type="HVZ">has</w> <w type="VBN">reached</w> <w type="JJ">terminal</w> <w type="NN">velocity</w> <c type="pct">,</c> <w type="AT">the</w> <w type="NN">time</w> <w type="IN">for</w> <w type="AT">the</w> <w type="NN">tape</w> <w type="TO">to</w> <w type="VB">travel</w> <w type="AT">a</w> <w type="VBN">known</w> <w type="NN">distance</w> <w type="BEZ">is</w> <w type="VBN">recorded</w> <c type="pct">.</c> </s>
<s n="7"><w type="IN">By</w> <w type="AT">the</w> <w type="NN">use</w> <w type="IN">of</w> <w type="JJ">various</w> <w type="NNS">weights</w> <c type="pct">,</c> <w type="NN">data</w> <w type="IN">for</w> <w type="AT">a</w> <w type="NN">force-rate</w> <w type="IN">of</w> <w type="NN">shear</w> <w type="NN">graph</w> <w type="MD">can</w> <w type="BE">be</w> <w type="VBN">obtained</w> <c type="pct">.</c> </s>
<s n="8"><w type="AT">The</w> <w type="NN">instrument</w> <w type="VBN">used</w> <w type="IN">for</w> <w type="DT">this</w> <w type="NN">work</w> <w type="BEDZ">was</w> <w type="AT">a</w> <w type="JJ">slight</w> <w type="NN">modification</w> <w type="IN">of</w> <w type="DT">that</w> <w type="RB">previously</w> <w type="VBN">described</w> <c type="pct">.</c> </s>
</p>
<p><s n="9"><w type="IN">In</w> <w type="DT">this</w> <w type="NN">test</w> <w type="AT">a</w> <w type="NN">Af</w> <w type="NN">tape</w> <w type="BEDZ">was</w> <w type="VBN">pulled</w> <w type="IN">between</w> <w type="AT">the</w> <w type="NNS">blocks</w> <w type="IN">with</w> <w type="AT">a</w> <w type="NN">motor</w> <w type="CC">and</w> <w type="NN">pulley</w> <w type="IN">at</w> <w type="AT">a</w> <w type="NN">rate</w> <w type="IN">of</w> <w type="NN">Af</w> <w type="IN">with</w> <w type="AT">a</w> <w type="NN">clearance</w> <w type="IN">of</w> <w type="NN">0.002''</w> <c type="pct">''</c> <w type="IN">on</w> <w type="DT">each</w> <w type="NN">side</w> <w type="IN">of</w> <w type="AT">the</w> <w type="NN">tape</w> <c type="pct">.</c> </s>
<s n="10"><w type="DT">This</w> <w type="VBZ">gives</w> <w type="AT">a</w> <w type="NN">rate</w> <w type="IN">of</w> <w type="NN">shear</w> <w type="IN">of</w> <w type="NN">Af</w> <c type="pct">.</c> </s>
<s n="11"><w type="DT">This</w> <c type="pct">,</c> <w type="RB">however</w> <c type="pct">,</c> <w type="MD">can</w> <w type="RB">only</w> <w type="BE">be</w> <w type="VBN">considered</w> <w type="JJ">approximate</w> <c type="pct">,</c> <w type="CS">as</w> <w type="AT">the</w> <w type="NN">diameter</w> <w type="IN">of</w> <w type="AT">the</w> <w type="NN">pulley</w> <w type="BEDZ">was</w> <w type="VBN">increased</w> <w type="IN">by</w> <w type="AT">the</w> <w type="NN">build-up</w> <w type="IN">of</w> <w type="NN">tape</w> <w type="CC">and</w> <w type="AT">the</w> <w type="NN">tape</w> <w type="BEDZ">was</w> <w type="RB">occasionally</w> <w type="VBN">removed</w> <w type="IN">from</w> <w type="AT">the</w> <w type="NN">pulley</w> <w type="IN">during</w> <w type="AT">the</w> <w type="NNS">runs</w> <c type="pct">.</c> </s>
<s n="12"><w type="AT">The</w> <w type="NN">face</w> <w type="IN">of</w> <w type="CD">one</w> <w type="NN">block</w> <w type="VBD">contained</w> <w type="AT">a</w> <w type="NN">hole</w> <w type="NN">1/16''</w> <c type="pct">''</c> <w type="IN">in</w> <w type="NN">diameter</w> <w type="WDT">which</w> <w type="VBD">led</w> <w type="IN">to</w> <w type="AT">a</w> <w type="NN">manometer</w> <w type="IN">for</w> <w type="AT">the</w> <w type="NN">measurement</w> <w type="IN">of</w> <w type="AT">the</w> <w type="JJ">normal</w> <w type="NN">pressure</w> <c type="pct">.</c> </s>
</p>
<p><s n="13"><w type="CS">Although</w> <w type="EX">there</w> <w type="BED">were</w> <w type="AP">only</w> <w type="CD">four</w> <w type="NNS">fluids</w> <w type="VBN">tested</w> <c type="pct">,</c> <w type="PPS">it</w> <w type="BEDZ">was</w> <w type="JJ">apparent</w> <w type="CS">that</w> <w type="EX">there</w> <w type="BED">were</w> <w type="CD">two</w> <w type="JJ">distinct</w> <w type="NNS">types</w> <c type="pct">.</c> </s>
<s n="14"><w type="CD">Two</w> <w type="IN">of</w> <w type="AT">the</w> <w type="NNS">fluids</w> <w type="VBD">showed</w> <w type="AT">a</w> <w type="JJ">high-positive</w> <w type="JJ">normal</w> <w type="NN">pressure</w> <w type="WRB">when</w> <w type="VBG">undergoing</w> <w type="NN">shear</w> <c type="pct">,</c> <w type="CC">and</w> <w type="CD">two</w> <w type="VBD">showed</w> <w type="JJ">small</w> <w type="JJ">negative</w> <w type="NNS">pressures</w> <w type="WDT">which</w> <w type="BED">were</w> <w type="JJ">negligible</w> <w type="IN">in</w> <w type="NN">comparison</w> <w type="IN">with</w> <w type="AT">the</w> <w type="NN">amount</w> <w type="IN">of</w> <w type="AT">the</w> <w type="JJ">positive</w> <w type="NNS">pressures</w> <w type="VBN">generated</w> <w type="IN">by</w> <w type="AT">the</w> <w type="AP">other</w> <w type="CD">two</w> <c type="pct">.</c> </s>
</p>
<p><s n="15"><w type="NN">Figure</w> <w type="CD">3</w> <w type="VBZ">shows</w> <w type="AT">the</w> <w type="NN">data</w> <w type="IN">on</w> <w type="AT">a</w> <w type="NN">silicone</w> <w type="NN">fluid</w> <c type="pct">,</c> <w type="VBN">labeled</w> <w type="CD">12,500</w> <w type="NN">cps</w> <w type="WDT">which</w> <w type="VBD">gave</w> <w type="AT">a</w> <w type="JJ">high</w> <w type="JJ">positive</w> <w type="JJ">normal</w> <w type="NN">pressure</w> <c type="pct">.</c> </s>
<s n="16"><w type="CS">Although</w> <w type="AT">the</w> <w type="NN">tape</w> <w type="BEDZ">was</w> <w type="VBN">run</w> <w type="IN">for</w> <w type="RP">over</w> <w type="CD">1</w> <w type="NN">hr.</w> <c type="pct">,</c> <w type="AT">a</w> <w type="JJ">steady</w> <w type="NN">state</w> <w type="BEDZ">was</w> <w type="NEG">not</w> <w type="VBN">reached</w> <c type="pct">,</c> <w type="CC">and</w> <w type="PPS">it</w> <w type="BEDZ">was</w> <w type="VBN">concluded</w> <w type="CS">that</w> <w type="AT">the</w> <w type="NN">reason</w> <w type="IN">for</w> <w type="DT">this</w> <w type="BEDZ">was</w> <w type="CS">that</w> <w type="AT">the</w> <w type="JJ">back</w> <w type="NN">pressure</w> <w type="IN">of</w> <w type="AT">the</w> <w type="NN">manometer</w> <w type="BEDZ">was</w> <w type="VBN">built</w> <w type="RP">up</w> <w type="IN">from</w> <w type="AT">the</w> <w type="NN">material</w> <w type="VBN">fed</w> <w type="IN">from</w> <w type="IN">between</w> <w type="AT">the</w> <w type="NNS">blocks</w> <w type="CC">and</w> <w type="DT">this</w> <w type="BEDZ">was</w> <w type="JJ">available</w> <w type="IN">at</w> <w type="AT">a</w> <w type="QL">very</w> <w type="JJ">slow</w> <w type="NN">rate</w> <c type="pct">.</c> </s>
<s n="17"><w type="AT">A</w> <w type="NN">system</w> <w type="HVD">had</w> <w type="TO">to</w> <w type="BE">be</w> <w type="VBN">used</w> <w type="WDT">which</w> <w type="DOD">did</w> <w type="NEG">not</w> <w type="VB">depend</w> <w type="IN">upon</w> <w type="AT">the</w> <w type="NN">feeding</w> <w type="IN">of</w> <w type="AT">the</w> <w type="NN">fluid</w> <w type="IN">into</w> <w type="AT">the</w> <w type="NN">manometer</w> <w type="CS">if</w> <w type="NNS">measurements</w> <w type="IN">of</w> <w type="AT">the</w> <w type="JJ">normal</w> <w type="NN">pressure</w> <w type="BED">were</w> <w type="TO">to</w> <w type="BE">be</w> <w type="VBN">made</w> <w type="IN">in</w> <w type="AT">a</w> <w type="JJ">reasonable</w> <w type="NN">time</w> <c type="pct">.</c> </s>
<s n="18"><w type="AT">A</w> <w type="JJ">back</w> <w type="NN">pressure</w> <w type="BEDZ">was</w> <w type="RB">then</w> <w type="VBN">introduced</w> <c type="pct">,</c> <w type="CC">and</w> <w type="AT">the</w> <w type="NN">rise</w> <w type="CC">or</w> <w type="NN">fall</w> <w type="IN">of</w> <w type="AT">the</w> <w type="NN">material</w> <w type="IN">in</w> <w type="AT">the</w> <w type="NN">manometer</w> <w type="VBD">indicated</w> <w type="WDT">which</w> <w type="BEDZ">was</w> <w type="JJR">greater</w> <c type="pct">,</c> <w type="AT">the</w> <w type="JJ">normal</w> <w type="NN">pressure</w> <w type="IN">in</w> <w type="AT">the</w> <w type="NN">block</w> <w type="CC">or</w> <w type="AT">the</w> <w type="JJ">back</w> <w type="NN">pressure</w> <c type="pct">.</c> </s>
<s n="19"><w type="IN">By</w> <w type="DT">this</w> <w type="NN">method</w> <w type="PPS">it</w> <w type="BEDZ">was</w> <w type="VBN">determined</w> <w type="CS">that</w> <w type="AT">the</w> <w type="JJ">normal</w> <w type="NN">pressure</w> <w type="VBN">exerted</w> <w type="IN">by</w> <w type="AT">a</w> <w type="NN">sample</w> <w type="IN">of</w> <w type="NN">polybutene</w> <c type="pct">(</c> <w type="JJ">molecular</w> <w type="NN">weight</w> <w type="VBN">reported</w> <w type="TO">to</w> <w type="BE">be</w> <w type="CD">770</w> <c type="pct">)</c> <w type="BEDZ">was</w> <w type="RP">over</w> <w type="ABN">half</w> <w type="AT">an</w> <w type="NN">atmosphere</w> <c type="pct">.</c> </s>
<s n="20"><w type="AT">The</w> <w type="JJ">actual</w> <w type="NN">pressure</w> <w type="BEDZ">was</w> <w type="NEG">not</w> <w type="VBN">determined</w> <w type="CS">because</w> <w type="AT">the</w> <w type="NN">pressure</w> <w type="BEDZ">was</w> <w type="IN">beyond</w> <w type="AT">the</w> <w type="JJ">upper</w> <w type="NN">limit</w> <w type="IN">of</w> <w type="AT">the</w> <w type="NN">apparatus</w> <w type="IN">on</w> <w type="NN">hand</w> <c type="pct">.</c> </s>
</p>
<p><s n="21"><w type="AT">The</w> <w type="CD">two</w> <w type="NNS">fluids</w> <w type="WDT">which</w> <w type="VBD">gave</w> <w type="AT">the</w> <w type="JJ">small</w> <w type="JJ">negative</w> <w type="NNS">pressures</w> <w type="BED">were</w> <w type="NNS">polybutenes</w> <w type="IN">with</w> <w type="JJ">molecular</w> <w type="NNS">weights</w> <w type="WDT">which</w> <w type="BED">were</w> <w type="VBN">stated</w> <w type="TO">to</w> <w type="BE">be</w> <w type="CD">520</w> <w type="CC">and</w> <w type="CD">300</w> <c type="pct">.</c> </s>
<s n="22"><w type="DTS">These</w> <w type="BER">are</w> <w type="NNS">fluids</w> <w type="WDT">which</w> <w type="PN">one</w> <w type="MD">would</w> <w type="VB">expect</w> <w type="TO">to</w> <w type="BE">be</w> <w type="QL">less</w> <w type="JJ">viscoelastic</w> <w type="CC">or</w> <w type="QL">more</w> <w type="JJ">Newtonian</w> <w type="RB">because</w> <w type="IN">of</w> <w type="PPg">their</w> <w type="JJR">lower</w> <w type="JJ">molecular</w> <w type="NN">weight</w> <c type="pct">.</c> </s>
<s n="23"><w type="AT">The</w> <w type="JJ">maximum</w> <w type="NN">suction</w> <w type="BEDZ">was</w> <w type="NNS">3.25''</w> <c type="pct">''</c> <w type="IN">of</w> <w type="NN">test</w> <w type="NN">fluid</w> <w type="VBN">measured</w> <w type="IN">from</w> <w type="AT">the</w> <w type="NN">top</w> <w type="IN">of</w> <w type="AT">the</w> <w type="NN">block</w> <c type="pct">,</c> <w type="CC">and</w> <w type="JJ">steady</w> <w type="NNS">states</w> <w type="BED">were</w> <w type="RB">apparently</w> <w type="VBN">reached</w> <w type="IN">with</w> <w type="DTS">these</w> <w type="NNS">fluids</w> <c type="pct">.</c> </s>
<s n="24"><w type="PPS">It</w> <w type="BEZ">is</w> <w type="VBN">presumed</w> <w type="CS">that</w> <w type="DT">this</w> <w type="JJ">negative</w> <w type="NN">head</w> <w type="BEDZ">was</w> <w type="VBN">associated</w> <w type="IN">with</w> <w type="DTI">some</w> <w type="JJ">geometric</w> <w type="NN">factor</w> <w type="IN">of</w> <w type="AT">the</w> <w type="NN">assembly</w> <c type="pct">,</c> <w type="CS">since</w> <w type="JJ">different</w> <w type="NNS">readings</w> <w type="BED">were</w> <w type="VBN">obtained</w> <w type="IN">with</w> <w type="AT">the</w> <w type="AP">same</w> <w type="NN">fluid</w> <w type="CC">and</w> <w type="AT">the</w> <w type="AP">only</w> <w type="JJ">apparent</w> <w type="NN">difference</w> <w type="BEDZ">was</w> <w type="AT">the</w> <w type="NN">assembly</w> <w type="CC">and</w> <w type="NN">disassembly</w> <w type="IN">of</w> <w type="AT">the</w> <w type="NN">apparatus</w> <c type="pct">.</c> </s>
<s n="25"><w type="DT">This</w> <w type="JJ">negative</w> <w type="NN">pressure</w> <w type="BEZ">is</w> <w type="NEG">not</w> <w type="VBN">explained</w> <w type="IN">by</w> <w type="AT">the</w> <w type="NN">velocity</w> <w type="NN">head</w> <w type="NN">Af</w> <w type="CS">since</w> <w type="DT">this</w> <w type="BEZ">is</w> <w type="NEG">not</w> <w type="JJ">sufficient</w> <w type="TO">to</w> <w type="VB">explain</w> <w type="AT">the</w> <w type="NNS">readings</w> <w type="IN">by</w> <w type="AP">several</w> <w type="NNS">magnitudes</w> <c type="pct">.</c> </s>
</p>
<p><s n="26"><w type="DTS">These</w> <w type="NNS">experiments</w> <w type="MD">can</w> <w type="BE">be</w> <w type="VBN">considered</w> <w type="JJ">exploratory</w> <w type="RB">only</w> <c type="pct">.</c> </s>
<s n="27"><w type="RB">However</w> <c type="pct">,</c> <w type="PPSS">they</w> <w type="DO">do</w> <w type="VB">demonstrate</w> <w type="AT">the</w> <w type="NN">presence</w> <w type="IN">of</w> <w type="JJ">large</w> <w type="JJ">normal</w> <w type="NNS">pressures</w> <w type="IN">in</w> <w type="AT">the</w> <w type="NN">presence</w> <w type="IN">of</w> <w type="JJ">flat</w> <w type="NN">shear</w> <w type="NNS">fields</w> <w type="WDT">which</w> <w type="BED">were</w> <w type="VBN">forecast</w> <w type="IN">by</w> <w type="AT">the</w> <w type="NN">theory</w> <w type="IN">in</w> <w type="AT">the</w> <w type="OD">first</w> <w type="NN">part</w> <w type="IN">of</w> <w type="AT">the</w> <w type="NN">paper</w> <c type="pct">.</c> </s>
<s n="28"><w type="PPSS">They</w> <w type="RB">also</w> <w type="VB">give</w> <w type="NN">information</w> <w type="WDT">which</w> <w type="MD">will</w> <w type="VB">aid</w> <w type="IN">in</w> <w type="AT">the</w> <w type="NN">design</w> <w type="IN">of</w> <w type="AT">a</w> <w type="QL">more</w> <w type="JJ">satisfactory</w> <w type="NN">instrument</w> <w type="IN">for</w> <w type="AT">the</w> <w type="NN">measurement</w> <w type="IN">of</w> <w type="AT">the</w> <w type="JJ">normal</w> <w type="NNS">pressures</w> <c type="pct">.</c> </s>
<s n="29"><w type="ABL">Such</w> <w type="AT">an</w> <w type="NN">instrument</w> <w type="MD">would</w> <w type="BE">be</w> <w type="JJ">useful</w> <w type="IN">for</w> <w type="AT">the</w> <w type="NN">characterization</w> <w type="IN">of</w> <w type="AP">many</w> <w type="JJ">commercial</w> <w type="NNS">materials</w> <w type="QL">as</w> <w type="RB">well</w> <w type="CS">as</w> <w type="JJ">theoretical</w> <w type="NNS">studies</w> <c type="pct">.</c> </s>
<s n="30"><w type="AT">The</w> <w type="NN">elasticity</w> <w type="BEZ">is</w> <w type="AT">a</w> <w type="NN">parameter</w> <w type="IN">of</w> <w type="NNS">fluids</w> <w type="WDT">which</w> <w type="BEZ">is</w> <w type="NEG">not</w> <w type="JJ">subject</w> <w type="IN">to</w> <w type="JJ">simple</w> <w type="NN">measurement</w> <w type="IN">at</w> <w type="NN">present</w> <c type="pct">,</c> <w type="CC">and</w> <w type="PPS">it</w> <w type="BEZ">is</w> <w type="AT">a</w> <w type="NN">parameter</w> <w type="WDT">which</w> <w type="BEZ">is</w> <w type="RB">probably</w> <w type="VBG">varying</w> <w type="IN">in</w> <w type="AT">an</w> <w type="JJ">unknown</w> <w type="NN">manner</w> <w type="IN">with</w> <w type="AP">many</w> <w type="JJ">commercial</w> <w type="NNS">materials</w> <c type="pct">.</c> </s>
<s n="31"><w type="ABL">Such</w> <w type="AT">an</w> <w type="NN">instrument</w> <w type="BEZ">is</w> <w type="VBN">expected</w> <w type="TO">to</w> <w type="BE">be</w> <w type="QL">especially</w> <w type="JJ">useful</w> <w type="CS">if</w> <w type="PPS">it</w> <w type="MD">could</w> <w type="BE">be</w> <w type="VBN">used</w> <w type="TO">to</w> <w type="VB">measure</w> <w type="AT">the</w> <w type="NN">elasticity</w> <w type="IN">of</w> <w type="JJ">heavy</w> <w type="NNS">pastes</w> <w type="JJ">such</w> <w type="CS">as</w> <w type="VBG">printing</w> <w type="NNS">inks</w> <c type="pct">,</c> <w type="NNS">paints</w> <c type="pct">,</c> <w type="NNS">adhesives</w> <c type="pct">,</c> <w type="JJ">molten</w> <w type="NNS">plastics</w> <c type="pct">,</c> <w type="CC">and</w> <w type="NN">bread</w> <w type="NN">dough</w> <c type="pct">,</c> <w type="CS">for</w> <w type="AT">the</w> <w type="NN">elasticity</w> <w type="BEZ">is</w> <w type="VBN">related</w> <w type="IN">to</w> <w type="DTS">those</w> <w type="JJ">various</w> <w type="NNS">properties</w> <w type="VBN">termed</w> <c type="pct">``</c> <w type="NN">length</w> <c type="pct">''</c> <c type="pct">,</c> <c type="pct">``</c> <w type="NN">shortness</w> <c type="pct">''</c> <c type="pct">,</c> <c type="pct">``</c> <w type="NN">spinnability</w> <c type="pct">''</c> <c type="pct">,</c> <w type="RB">etc.</w> <c type="pct">,</c> <w type="WDT">which</w> <w type="BER">are</w> <w type="RB">usually</w> <w type="VBN">judged</w> <w type="IN">by</w> <w type="JJ">subjective</w> <w type="NNS">methods</w> <w type="IN">at</w> <w type="NN">present</w> <c type="pct">.</c> </s>
</p>
<p><s n="32"><w type="AT">The</w> <w type="JJ">actual</w> <w type="NN">change</w> <w type="NN">Af</w> <w type="VBN">caused</w> <w type="IN">by</w> <w type="AT">a</w> <w type="NN">shear</w> <w type="NN">field</w> <w type="BEZ">is</w> <w type="VBN">calculated</w> <w type="IN">by</w> <w type="VBG">multiplying</w> <w type="AT">the</w> <w type="NN">pressure</w> <w type="NN">differential</w> <w type="IN">times</w> <w type="AT">the</w> <w type="NN">volume</w> <c type="pct">,</c> <w type="RB">just</w> <w type="CS">as</w> <w type="PPS">it</w> <w type="BEZ">is</w> <w type="IN">for</w> <w type="DTI">any</w> <w type="JJ">gravitational</w> <w type="CC">or</w> <w type="JJ">osmotic</w> <w type="NN">pressure</w> <w type="NN">head</w> <c type="pct">.</c> </s>
<s n="33"><w type="CS">If</w> <w type="AT">the</w> <w type="NN">volume</w> <w type="BEZ">is</w> <w type="AT">the</w> <w type="JJ">molal</w> <w type="NN">volume</w> <c type="pct">,</c> <w type="RB">then</w> <w type="NN">Af</w> <w type="BEZ">is</w> <w type="VBN">obtained</w> <w type="IN">on</w> <w type="AT">a</w> <w type="JJ">molal</w> <w type="NN">basis</w> <w type="WDT">which</w> <w type="BEZ">is</w> <w type="AT">the</w> <w type="JJ">customary</w> <w type="NN">terminology</w> <w type="IN">of</w> <w type="AT">the</w> <w type="NNS">chemists</w> <c type="pct">.</c> </s>
</p>
<p><s n="34"><w type="CS">Although</w> <w type="AT">the</w> <w type="NN">Af</w> <w type="NN">calculation</w> <w type="BEZ">is</w> <w type="JJ">obvious</w> <w type="IN">by</w> <w type="NN">analogy</w> <w type="IN">with</w> <w type="DT">that</w> <w type="IN">for</w> <w type="JJ">gravitational</w> <w type="NN">field</w> <w type="CC">and</w> <w type="JJ">osmotic</w> <w type="NN">pressure</w> <c type="pct">,</c> <w type="PPS">it</w> <w type="BEZ">is</w> <w type="JJ">interesting</w> <w type="TO">to</w> <w type="VB">confirm</w> <w type="PPO">it</w> <w type="IN">by</w> <w type="AT">a</w> <w type="NN">method</w> <w type="WDT">which</w> <w type="MD">can</w> <w type="BE">be</w> <w type="VBN">generalized</w> <w type="TO">to</w> <w type="VB">include</w> <w type="VBN">related</w> <w type="NNS">effects</w> <c type="pct">.</c> </s>
<s n="35"><w type="VB">Consider</w> <w type="AT">a</w> <w type="NN">shear</w> <w type="NN">field</w> <w type="IN">with</w> <w type="AT">a</w> <w type="NN">height</w> <w type="IN">of</w> <w type="NN">H</w> <w type="CC">and</w> <w type="AT">a</w> <w type="JJ">cross-sectional</w> <w type="NN">area</w> <w type="IN">of</w> <w type="NN">A</w> <w type="VBN">opposed</w> <w type="IN">by</w> <w type="AT">a</w> <w type="NN">manometer</w> <w type="IN">with</w> <w type="AT">a</w> <w type="NN">height</w> <w type="IN">of</w> <w type="NP">H</w> <c type="pct">(</c> <w type="VBN">referred</w> <w type="IN">to</w> <w type="AT">the</w> <w type="AP">same</w> <w type="NN">base</w> <w type="CS">as</w> <w type="NN">H</w> <c type="pct">)</c> <w type="CC">and</w> <w type="AT">a</w> <w type="JJ">cross-sectional</w> <w type="NN">area</w> <w type="IN">of</w> <w type="NP">A</w> <c type="pct">.</c> </s>
<s n="36"><w type="CS">If</w> <w type="NN">Af</w> <w type="BEZ">is</w> <w type="AT">the</w> <w type="NN">change</w> <w type="IN">per</w> <w type="NN">unit</w> <w type="NN">volume</w> <w type="IN">in</w> <w type="NP">Gibbs</w> <w type="NN">function</w> <w type="VBN">caused</w> <w type="IN">by</w> <w type="AT">the</w> <w type="NN">shear</w> <w type="NN">field</w> <w type="IN">at</w> <w type="JJ">constant</w> <w type="NN">P</w> <w type="CC">and</w> <w type="NN">T</w> <c type="pct">,</c> <w type="CC">and</w> <w type="NN">**yr</w> <w type="BEZ">is</w> <w type="AT">the</w> <w type="NN">density</w> <w type="IN">of</w> <w type="AT">the</w> <w type="NN">fluid</w> <c type="pct">,</c> <w type="RB">then</w> <w type="AT">the</w> <w type="JJ">total</w> <w type="JJ">potential</w> <w type="NN">energy</w> <w type="IN">of</w> <w type="AT">the</w> <w type="NN">system</w> <w type="IN">above</w> <w type="AT">the</w> <w type="NN">reference</w> <w type="NN">height</w> <w type="BEZ">is</w> <w type="NN">Af</w> <c type="pct">.</c> </s>
<s n="37"><w type="NN">Af</w> <w type="BEZ">is</w> <w type="AT">the</w> <w type="NN">work</w> <w type="JJ">necessary</w> <w type="TO">to</w> <w type="VB">fill</w> <w type="AT">the</w> <w type="NN">manometer</w> <w type="NN">column</w> <w type="IN">from</w> <w type="AT">the</w> <w type="NN">reference</w> <w type="NN">height</w> <w type="IN">to</w> <w type="NP">H</w> <c type="pct">.</c> </s>
<s n="38"><w type="AT">The</w> <w type="JJ">total</w> <w type="NN">volume</w> <w type="IN">of</w> <w type="AT">the</w> <w type="NN">system</w> <w type="IN">above</w> <w type="AT">the</w> <w type="NN">reference</w> <w type="NN">height</w> <w type="BEZ">is</w> <w type="NN">Af</w> <c type="pct">,</c> <w type="CC">and</w> <w type="NP">H</w> <w type="MD">can</w> <w type="BE">be</w> <w type="VBN">eliminated</w> <w type="TO">to</w> <w type="VB">obtain</w> <w type="AT">an</w> <w type="NN">equation</w> <w type="IN">for</w> <w type="AT">the</w> <w type="JJ">total</w> <w type="JJ">potential</w> <w type="NN">energy</w> <w type="IN">of</w> <w type="AT">the</w> <w type="NN">system</w> <w type="IN">in</w> <w type="NNS">terms</w> <w type="IN">of</w> <w type="NN">H</w> <c type="pct">.</c> </s>
<s n="39"><w type="AT">The</w> <w type="JJ">minimum</w> <w type="JJ">total</w> <w type="JJ">potential</w> <w type="NN">energy</w> <w type="BEZ">is</w> <w type="VBN">found</w> <w type="IN">by</w> <w type="VBG">taking</w> <w type="AT">the</w> <w type="NN">derivative</w> <w type="IN">with</w> <w type="NN">respect</w> <w type="IN">to</w> <w type="NN">H</w> <w type="CC">and</w> <w type="VBG">equating</w> <w type="IN">to</w> <w type="NN">zero</w> <c type="pct">.</c> </s>
<s n="40"><w type="DT">This</w> <w type="VBZ">gives</w> <w type="NN">Af</w> <c type="pct">,</c> <w type="WDT">which</w> <w type="BEZ">is</w> <w type="AT">the</w> <w type="NN">pressure</w> <c type="pct">.</c> </s>
<s n="41"><w type="DT">This</w> <w type="BEZ">is</w> <w type="JJ">interesting</w> <w type="CS">for</w> <w type="PPS">it</w> <w type="VBZ">combines</w> <w type="ABX">both</w> <w type="AT">the</w> <w type="JJ">thermodynamic</w> <w type="NN">concept</w> <w type="IN">of</w> <w type="AT">a</w> <w type="JJ">minimum</w> <w type="NP">Gibbs</w> <w type="NN">function</w> <w type="IN">for</w> <w type="NN">equilibrium</w> <w type="CC">and</w> <w type="JJ">minimum</w> <w type="JJ">mechanical</w> <w type="JJ">potential</w> <w type="NN">energy</w> <w type="IN">for</w> <w type="NN">equilibrium</w> <c type="pct">.</c> </s>
<s n="42"><w type="DT">This</w> <w type="NN">method</w> <w type="MD">can</w> <w type="BE">be</w> <w type="VBN">extended</w> <w type="TO">to</w> <w type="VB">include</w> <w type="AT">the</w> <w type="NN">concentration</w> <w type="NNS">differences</w> <w type="VBN">caused</w> <w type="IN">by</w> <w type="NN">shear</w> <w type="NNS">fields</w> <c type="pct">.</c> </s>
<s n="43"><w type="AT">The</w> <w type="NN">relation</w> <w type="IN">between</w> <w type="JJ">osmotic</w> <w type="NN">pressure</w> <w type="CC">and</w> <w type="AT">the</w> <w type="NP">Gibbs</w> <w type="NN">function</w> <w type="MD">may</w> <w type="RB">also</w> <w type="BE">be</w> <w type="VBN">developed</w> <w type="IN">in</w> <w type="AT">an</w> <w type="JJ">analogous</w> <w type="NN">way</w> <c type="pct">.</c> </s>
</p>
<p><s n="44"><w type="IN">In</w> <w type="AT">the</w> <w type="JJ">above</w> <w type="NN">development</w> <w type="PPSS">we</w> <w type="HV">have</w> <w type="VBN">applied</w> <w type="AT">the</w> <w type="NN">thermodynamics</w> <w type="IN">of</w> <w type="NN">equilibrium</w> <c type="pct">(</c> <w type="VBN">referred</w> <w type="IN">to</w> <w type="IN">by</w> <w type="DTI">some</w> <w type="CS">as</w> <w type="NN">thermostatics</w> <c type="pct">)</c> <w type="IN">to</w> <w type="AT">the</w> <w type="JJ">steady</w> <w type="NN">state</w> <c type="pct">.</c> </s>
<s n="45"><w type="DT">This</w> <w type="MD">can</w> <w type="BE">be</w> <w type="VBN">justified</w> <w type="RB">thermodynamically</w> <w type="IN">in</w> <w type="DT">this</w> <w type="NN">case</w> <c type="pct">,</c> <w type="CC">and</w> <w type="DT">this</w> <w type="MD">will</w> <w type="BE">be</w> <w type="VBN">done</w> <w type="IN">in</w> <w type="AT">a</w> <w type="JJ">separate</w> <w type="NN">paper</w> <w type="WDT">which</w> <w type="BEZ">is</w> <w type="BEG">being</w> <w type="VBN">prepared</w> <c type="pct">.</c> </s>
<s n="46"><w type="DT">This</w> <w type="HVZ">has</w> <w type="AT">an</w> <w type="JJ">interesting</w> <w type="NN">analogy</w> <w type="IN">with</w> <w type="AT">the</w> <w type="NN">assumption</w> <w type="VBN">stated</w> <w type="IN">by</w> <w type="NP">Philippoff</w> <w type="CS">that</w> <c type="pct">``</c> <w type="AT">the</w> <w type="JJ">deformational</w> <w type="NN">mechanics</w> <w type="IN">of</w> <w type="JJ">elastic</w> <w type="NNS">solids</w> <w type="MD">can</w> <w type="BE">be</w> <w type="VBN">applied</w> <w type="IN">to</w> <w type="VBG">flowing</w> <w type="NNS">solutions</w> <c type="pct">''</c> <c type="pct">.</c> </s>
<s n="47"><w type="EX">There</w> <w type="BEZ">is</w> <w type="CD">one</w> <w type="NN">exception</w> <w type="IN">to</w> <w type="AT">the</w> <w type="JJ">above</w> <w type="NN">statement</w> <w type="CS">as</w> <w type="HVZ">has</w> <w type="BEN">been</w> <w type="VBN">pointed</w> <w type="RP">out</w> <c type="pct">,</c> <w type="CC">and</w> <w type="DT">that</w> <w type="BEZ">is</w> <w type="CS">that</w> <w type="NNS">fluids</w> <w type="MD">can</w> <w type="VB">relax</w> <w type="IN">by</w> <w type="VBG">flowing</w> <w type="IN">into</w> <w type="NNS">fields</w> <w type="IN">of</w> <w type="JJR">lower</w> <w type="NNS">rates</w> <w type="IN">of</w> <w type="NN">shear</w> <c type="pct">,</c> <w type="RB">so</w> <w type="AT">the</w> <w type="NN">statement</w> <w type="MD">should</w> <w type="BE">be</w> <w type="VBN">modified</w> <w type="IN">by</w> <w type="VBG">stating</w> <w type="CS">that</w> <w type="AT">the</w> <w type="NNS">mechanics</w> <w type="BER">are</w> <w type="JJ">similar</w> <c type="pct">.</c> </s>
<s n="48"><w type="CS">If</w> <w type="AT">the</w> <w type="NNS">mechanics</w> <w type="BER">are</w> <w type="JJ">similar</w> <c type="pct">,</c> <w type="PPSS">we</w> <w type="MD">can</w> <w type="RB">also</w> <w type="VB">infer</w> <w type="CS">that</w> <w type="AT">the</w> <w type="NN">thermodynamics</w> <w type="MD">will</w> <w type="RB">also</w> <w type="BE">be</w> <w type="JJ">similar</w> <c type="pct">.</c> </s>
</p>
<p><s n="49"><w type="AT">The</w> <w type="NN">concept</w> <w type="IN">of</w> <w type="AT">the</w> <w type="NN">strain</w> <w type="NN">energy</w> <w type="CS">as</w> <w type="AT">a</w> <w type="NP">Gibbs</w> <w type="NN">function</w> <w type="NN">difference</w> <w type="NN">Af</w> <w type="CC">and</w> <w type="VBG">exerting</w> <w type="AT">a</w> <w type="NN">force</w> <w type="RB">normal</w> <w type="IN">to</w> <w type="AT">the</w> <w type="VBG">shearing</w> <w type="NN">face</w> <w type="BEZ">is</w> <w type="JJ">compatible</w> <w type="IN">with</w> <w type="AT">the</w> <w type="NN">information</w> <w type="VBN">obtained</w> <w type="IN">from</w> <w type="JJ">optical</w> <w type="NN">birefringence</w> <w type="NNS">studies</w> <w type="IN">of</w> <w type="NNS">fluids</w> <w type="VBG">undergoing</w> <w type="NN">shear</w> <c type="pct">.</c> </s>
<s n="50"><w type="RB">Essentially</w> <w type="DTS">these</w> <w type="NN">birefringence</w> <w type="NNS">studies</w> <w type="VB">show</w> <w type="CS">that</w> <w type="IN">at</w> <w type="JJ">low</w> <w type="NNS">rates</w> <w type="IN">of</w> <w type="NN">shear</w> <w type="AT">a</w> <w type="NN">tension</w> <w type="BEZ">is</w> <w type="JJ">present</w> <w type="IN">at</w> <w type="NNS">45-degrees</w> <w type="IN">to</w> <w type="AT">the</w> <w type="NN">direction</w> <w type="IN">of</w> <w type="NN">shear</w> <c type="pct">,</c> <w type="CC">and</w> <w type="CS">as</w> <w type="AT">the</w> <w type="NN">rate</w> <w type="IN">of</w> <w type="NN">shear</w> <w type="VBZ">increases</w> <c type="pct">,</c> <w type="AT">the</w> <w type="NN">direction</w> <w type="IN">of</w> <w type="AT">the</w> <w type="JJ">maximum</w> <w type="NN">tension</w> <w type="VBZ">moves</w> <w type="RB">asymptotically</w> <w type="IN">toward</w> <w type="AT">the</w> <w type="NN">direction</w> <w type="IN">of</w> <w type="NN">shear</w> <c type="pct">.</c> </s>
<s n="51"><w type="IN">According</w> <w type="IN">to</w> <w type="NP">Philippoff</w> <c type="pct">,</c> <w type="AT">the</w> <w type="JJ">recoverable</w> <w type="NN">shear</w> <w type="NP">S</w> <w type="BEZ">is</w> <w type="VBN">given</w> <w type="IN">by</w> <w type="NN">Af</w> <w type="WRB">where</w> <w type="NN">**yc</w> <w type="BEZ">is</w> <w type="AT">the</w> <w type="NN">angle</w> <w type="IN">of</w> <w type="NN">extinction</w> <c type="pct">.</c> </s>
<s n="52"><w type="IN">From</w> <w type="DT">this</w> <w type="CC">and</w> <w type="AT">the</w> <w type="NN">force</w> <w type="IN">of</w> <w type="NN">deformation</w> <w type="PPS">it</w> <w type="MD">should</w> <w type="BE">be</w> <w type="JJ">possible</w> <w type="TO">to</w> <w type="VB">calculate</w> <w type="AT">the</w> <w type="JJ">elastic</w> <w type="NN">energy</w> <w type="IN">of</w> <w type="NN">deformation</w> <w type="WDT">which</w> <w type="MD">should</w> <w type="BE">be</w> <w type="JJ">equal</w> <w type="IN">to</w> <w type="AT">the</w> <w type="NN">Af</w> <w type="VBN">calculated</w> <w type="IN">from</w> <w type="AT">the</w> <w type="NN">pressure</w> <w type="RB">normal</w> <w type="IN">to</w> <w type="AT">the</w> <w type="VBG">shearing</w> <w type="NN">face</w> <c type="pct">.</c> </s>
</p>
<p><s n="53"><w type="EX">There</w> <w type="BEZ">is</w> <w type="DT">another</w> <w type="NN">means</w> <w type="WDT">which</w> <w type="MD">should</w> <w type="VB">show</w> <w type="AT">the</w> <w type="NN">direction</w> <w type="CC">and</w> <w type="JJ">relative</w> <w type="NN">value</w> <w type="IN">of</w> <w type="AT">the</w> <w type="NNS">stresses</w> <w type="IN">in</w> <w type="JJ">viscoelastic</w> <w type="NNS">fluids</w> <w type="WPS">that</w> <w type="BEZ">is</w> <w type="NEG">not</w> <w type="VBN">mentioned</w> <w type="CS">as</w> <w type="JJ">such</w> <w type="IN">in</w> <w type="AT">the</w> <w type="NN">literature</w> <c type="pct">,</c> <w type="CC">and</w> <w type="DT">that</w> <w type="BEZ">is</w> <w type="AT">the</w> <w type="NN">shape</w> <w type="IN">of</w> <w type="AT">the</w> <w type="VBN">suspended</w> <w type="NNS">drops</w> <w type="IN">of</w> <w type="JJ">low</w> <w type="NN">viscosity</w> <w type="NNS">fluids</w> <w type="IN">in</w> <w type="NN">shear</w> <w type="NNS">fields</w> <c type="pct">.</c> </s>
<s n="54"><w type="DTS">These</w> <w type="NNS">droplets</w> <w type="BER">are</w> <w type="VBN">distorted</w> <w type="IN">by</w> <w type="AT">the</w> <w type="JJ">normal</w> <w type="NNS">forces</w> <w type="RB">just</w> <w type="CS">as</w> <w type="AT">a</w> <w type="NN">balloon</w> <w type="MD">would</w> <w type="BE">be</w> <w type="VBN">pulled</w> <w type="CC">or</w> <w type="VBN">pressed</w> <w type="RP">out</w> <w type="IN">of</w> <w type="NN">shape</w> <w type="IN">in</w> <w type="PNg">one's</w> <w type="NNS">hands</w> <c type="pct">.</c> </s>
<s n="55"><w type="DTS">These</w> <w type="NNS">droplets</w> <w type="VB">appear</w> <w type="TO">to</w> <w type="BE">be</w> <w type="NNS">ellipsoids</w> <c type="pct">,</c> <w type="CC">and</w> <w type="PPS">it</w> <w type="BEZ">is</w> <w type="RB">mathematically</w> <w type="JJ">convenient</w> <w type="TO">to</w> <w type="VB">assume</w> <w type="CS">that</w> <w type="PPSS">they</w> <w type="BER">are</w> <c type="pct">.</c> </s>
<s n="56"><w type="CS">If</w> <w type="PPSS">they</w> <w type="BER">are</w> <w type="NEG">not</w> <w type="NNS">ellipsoids</w> <c type="pct">,</c> <w type="AT">the</w> <w type="NNS">conclusions</w> <w type="MD">will</w> <w type="BE">be</w> <w type="AT">a</w> <w type="JJ">reasonable</w> <w type="NN">approximation</w> <c type="pct">.</c> </s>
<s n="57"><w type="AT">The</w> <w type="NN">direction</w> <w type="IN">of</w> <w type="AT">the</w> <w type="NN">tension</w> <w type="IN">of</w> <w type="NN">minimum</w> <w type="NN">pressure</w> <w type="BEZ">is</w> <c type="pct">,</c> <w type="IN">of</w> <w type="NN">course</w> <c type="pct">,</c> <w type="VBN">given</w> <w type="IN">by</w> <w type="AT">the</w> <w type="NN">direction</w> <w type="IN">of</w> <w type="AT">the</w> <w type="JJ">major</w> <w type="NN">axis</w> <w type="IN">of</w> <w type="AT">the</w> <w type="NNS">ellipsoids</w> <c type="pct">.</c> </s>
<s n="58"><w type="NP">Mason</w> <w type="CC">and</w> <w type="NP">Taylor</w> <w type="ABX">both</w> <w type="VB">show</w> <w type="CS">that</w> <w type="AT">the</w> <w type="JJ">major</w> <w type="NN">axis</w> <w type="IN">of</w> <w type="AT">the</w> <w type="NNS">ellipsoids</w> <w type="BEZ">is</w> <w type="IN">at</w> <w type="NNS">45-degrees</w> <w type="IN">at</w> <w type="JJ">low</w> <w type="NNS">rates</w> <w type="IN">of</w> <w type="NN">shear</w> <w type="CC">and</w> <w type="CS">that</w> <w type="PPS">it</w> <w type="VBZ">approaches</w> <w type="AT">the</w> <w type="NN">direction</w> <w type="IN">of</w> <w type="NN">shear</w> <w type="IN">with</w> <w type="VBN">increased</w> <w type="NNS">rates</w> <w type="IN">of</w> <w type="NN">shear</w> <c type="pct">.</c> </s>
<s n="59"><c type="pct">(</c> <w type="DTI">Some</w> <w type="NNS">suspensions</w> <w type="VB">break</w> <w type="RP">up</w> <w type="CS">before</w> <w type="PPSS">they</w> <w type="BER">are</w> <w type="IN">near</w> <w type="IN">to</w> <w type="AT">the</w> <w type="NN">direction</w> <w type="IN">of</w> <w type="NN">shear</w> <c type="pct">,</c> <w type="CC">and</w> <w type="DTI">some</w> <w type="VB">become</w> <w type="JJ">asymptotic</w> <w type="IN">to</w> <w type="PPO">it</w> <w type="IN">without</w> <w type="NN">breakup</w> <c type="pct">.</c> </s>
<s n="60"><c type="pct">)</c> <w type="DT">This</w> <w type="BEZ">is</w> <c type="pct">,</c> <w type="IN">of</w> <w type="NN">course</w> <c type="pct">,</c> <w type="AT">a</w> <w type="JJ">similar</w> <w type="NN">type</w> <w type="IN">of</w> <w type="NN">behavior</w> <w type="IN">to</w> <w type="DT">that</w> <w type="VBN">indicated</w> <w type="IN">by</w> <w type="NN">birefringence</w> <w type="NNS">studies</w> <c type="pct">.</c> </s>
<s n="61"><w type="AT">The</w> <w type="JJ">relative</w> <w type="NNS">forces</w> <w type="MD">can</w> <w type="BE">be</w> <w type="VBN">calculated</w> <w type="IN">from</w> <w type="AT">the</w> <w type="JJ">various</w> <w type="NNS">radii</w> <w type="IN">of</w> <w type="NN">curvature</w> <w type="CS">if</w> <w type="PPSS">we</w> <w type="VB">assume</w> <c type="pct">:</c> <c type="pct">(</c> <w type="NP">A</w> <c type="pct">)</c> <w type="AT">The</w> <w type="JJ">surface</w> <w type="NN">tension</w> <w type="BEZ">is</w> <w type="JJ">uniform</w> <w type="IN">on</w> <w type="AT">the</w> <w type="NN">surface</w> <w type="IN">of</w> <w type="AT">the</w> <w type="NN">drop</w> <c type="pct">.</c> </s>
<s n="62"><c type="pct">(</c> <w type="NP">B</w> <c type="pct">)</c> <w type="CS">That</w> <w type="RB">because</w> <w type="IN">of</w> <w type="AT">the</w> <w type="JJ">low</w> <w type="NN">viscosity</w> <w type="IN">of</w> <w type="AT">the</w> <w type="NN">fluid</w> <c type="pct">,</c> <w type="AT">the</w> <w type="JJ">internal</w> <w type="NN">pressure</w> <w type="BEZ">is</w> <w type="AT">the</w> <w type="AP">same</w> <w type="IN">in</w> <w type="ABN">all</w> <w type="NNS">directions</w> <c type="pct">.</c> </s>
<s n="63"><c type="pct">(</c> <w type="NP">C</w> <c type="pct">)</c> <w type="AT">The</w> <w type="JJ">kinetic</w> <w type="NNS">effects</w> <w type="BER">are</w> <w type="JJ">negligible</w> <c type="pct">.</c> </s>
<s n="64"><c type="pct">(</c> <w type="NP">D</w> <c type="pct">)</c> <w type="CS">Since</w> <w type="AT">the</w> <w type="NN">shape</w> <w type="IN">of</w> <w type="AT">the</w> <w type="NN">drop</w> <w type="VBZ">conforms</w> <w type="IN">to</w> <w type="AT">the</w> <w type="NN">force</w> <w type="NN">field</w> <c type="pct">,</c> <w type="PPS">it</w> <w type="DOZ">does</w> <w type="NEG">not</w> <w type="RB">appreciably</w> <w type="VB">affect</w> <w type="AT">the</w> <w type="NN">distribution</w> <w type="IN">of</w> <w type="NNS">forces</w> <w type="IN">in</w> <w type="AT">the</w> <w type="NN">fluid</w> <c type="pct">.</c> </s>
</p>
<p><s n="65"><w type="DTS">These</w> <w type="BER">are</w> <w type="JJ">reasonable</w> <w type="NNS">assumptions</w> <w type="IN">with</w> <w type="JJ">low</w> <w type="NN">viscosity</w> <w type="NNS">fluids</w> <w type="VBN">suspended</w> <w type="IN">in</w> <w type="JJ">high</w> <w type="NN">viscosity</w> <w type="NNS">fluids</w> <w type="WDT">which</w> <w type="BER">are</w> <w type="VBN">subjected</w> <w type="IN">to</w> <w type="JJ">low</w> <w type="NNS">rates</w> <w type="IN">of</w> <w type="NN">shear</w> <c type="pct">.</c> </s>
<s n="66"><w type="RB">Just</w> <w type="CS">as</w> <w type="AT">the</w> <w type="NN">pressure</w> <w type="VBN">exerted</w> <w type="IN">by</w> <w type="JJ">surface</w> <w type="NN">tension</w> <w type="IN">in</w> <w type="AT">a</w> <w type="JJ">spherical</w> <w type="NN">drop</w> <w type="BEZ">is</w> <w type="NN">Af</w> <w type="CC">and</w> <w type="AT">the</w> <w type="NN">pressure</w> <w type="VBN">exerted</w> <w type="IN">by</w> <w type="JJ">surface</w> <w type="NN">tension</w> <w type="IN">on</w> <w type="AT">a</w> <w type="JJ">cylindrical</w> <w type="NN">shape</w> <w type="BEZ">is</w> <w type="NN">Af</w> <c type="pct">,</c> <w type="AT">the</w> <w type="NN">pressure</w> <w type="VBN">exerted</w> <w type="IN">by</w> <w type="DTI">any</w> <w type="VBN">curved</w> <w type="NN">surface</w> <w type="BEZ">is</w> <w type="NN">Af</w> <c type="pct">,</c> <w type="WRB">where</w> <w type="NN">**yg</w> <w type="BEZ">is</w> <w type="AT">the</w> <w type="JJ">interfacial</w> <w type="NN">tension</w> <w type="CC">and</w> <w type="NN">Af</w> <w type="CC">and</w> <w type="NN">Af</w> <w type="BER">are</w> <w type="AT">the</w> <w type="CD">two</w> <w type="NNS">radii</w> <w type="IN">of</w> <w type="NN">curvature</w> <c type="pct">.</c> </s>
<s n="67"><w type="DT">This</w> <w type="NN">formula</w> <w type="BEZ">is</w> <w type="VBN">given</w> <w type="IN">by</w> <w type="NP">Rumscheidt</w> <w type="CC">and</w> <w type="NP">Mason</w> <c type="pct">.</c> </s>
<s n="68"><w type="CS">If</w> <w type="NP">A</w> <w type="BEZ">is</w> <w type="AT">the</w> <w type="JJ">major</w> <w type="NN">axis</w> <w type="IN">of</w> <w type="AT">an</w> <w type="NN">ellipsoid</w> <w type="CC">and</w> <w type="NP">B</w> <w type="CC">and</w> <w type="NP">C</w> <w type="BER">are</w> <w type="AT">the</w> <w type="AP">other</w> <w type="CD">two</w> <w type="NNS">axes</w> <c type="pct">,</c> <w type="AT">the</w> <w type="NN">radius</w> <w type="IN">of</w> <w type="NN">curvature</w> <w type="IN">in</w> <w type="AT">the</w> <w type="NN">ab</w> <w type="NN">plane</w> <w type="IN">at</w> <w type="AT">the</w> <w type="NN">end</w> <w type="IN">of</w> <w type="AT">the</w> <w type="NN">axis</w> <w type="NN">Af</w> <c type="pct">,</c> <w type="CC">and</w> <w type="AT">the</w> <w type="NN">difference</w> <w type="IN">in</w> <w type="NN">pressure</w> <w type="IN">along</w> <w type="AT">the</w> <w type="NP">A</w> <w type="CC">and</w> <w type="NP">B</w> <w type="NNS">axes</w> <w type="BEZ">is</w> <w type="NN">Af</w> <c type="pct">.</c> </s>
</p>
<p><s n="69"><w type="EX">There</w> <w type="BER">are</w> <w type="AT">no</w> <w type="NN">data</w> <w type="VBN">published</w> <w type="IN">in</w> <w type="AT">the</w> <w type="NN">literature</w> <w type="IN">on</w> <w type="AT">the</w> <w type="NN">shape</w> <w type="IN">of</w> <w type="JJ">low</w> <w type="NN">viscosity</w> <w type="NNS">drops</w> <w type="TO">to</w> <w type="VB">confirm</w> <w type="AT">the</w> <w type="JJ">above</w> <w type="NNS">formulas</w> <c type="pct">.</c> </s>
<s n="70"><w type="RB">However</w> <c type="pct">,</c> <w type="EX">there</w> <w type="BER">are</w> <w type="NNS">photographs</w> <w type="IN">of</w> <w type="VBN">suspended</w> <w type="NNS">drops</w> <w type="IN">of</w> <w type="NN">cyclohexanol</w> <w type="NN">phthalate</w> <c type="pct">(</c> <w type="NN">viscosity</w> <w type="CD">155</w> <w type="NNS">poises</w> <c type="pct">)</c> <w type="VBN">suspended</w> <w type="IN">in</w> <w type="NN">corn</w> <w type="NN">syrup</w> <w type="IN">of</w> <w type="CD">71</w> <w type="NNS">poises</w> <w type="IN">in</w> <w type="AT">a</w> <w type="NN">paper</w> <w type="IN">by</w> <w type="NP">Mason</w> <w type="CC">and</w> <w type="NP">Bartok</w> <c type="pct">.</c> </s>
<s n="71"><w type="DT">This</w> <w type="NN">viscosity</w> <w type="IN">of</w> <w type="AT">the</w> <w type="NN">material</w> <w type="IN">in</w> <w type="AT">the</w> <w type="NNS">drops</w> <w type="BEZ">is</w> <c type="pct">,</c> <w type="IN">of</w> <w type="NN">course</w> <c type="pct">,</c> <w type="NEG">not</w> <w type="JJ">negligible</w> <c type="pct">.</c> </s>
<s n="72"><w type="NNS">Measurements</w> <w type="IN">on</w> <w type="AT">the</w> <w type="NN">photograph</w> <w type="IN">in</w> <w type="DT">this</w> <w type="NN">paper</w> <w type="VB">give</w> <w type="NN">Af</w> <w type="IN">at</w> <w type="AT">the</w> <w type="JJ">maximum</w> <w type="NN">rate</w> <w type="IN">of</w> <w type="NN">shear</w> <w type="IN">of</w> <w type="NN">Af</w> <c type="pct">.</c> </s>
<s n="73"><w type="CS">If</w> <w type="PPS">it</w> <w type="BEZ">is</w> <w type="VBN">assumed</w> <w type="CS">that</w> <w type="AT">the</w> <w type="NN">formula</w> <w type="VBN">given</w> <w type="IN">by</w> <w type="NP">Lodge</w> <w type="IN">of</w> <w type="NN">cosec</w> <w type="NIL">Af</w> <w type="VBZ">applies</w> <c type="pct">,</c> <w type="AT">the</w> <w type="NN">pressure</w> <w type="NN">difference</w> <w type="IN">along</w> <w type="AT">the</w> <w type="JJ">major</w> <w type="NNS">axes</w> <w type="MD">can</w> <w type="BE">be</w> <w type="VBN">calculated</w> <w type="IN">from</w> <w type="AT">the</w> <w type="NN">angle</w> <w type="IN">of</w> <w type="NN">inclination</w> <w type="IN">of</w> <w type="AT">the</w> <w type="JJ">major</w> <w type="NN">axis</w> <c type="pct">,</c> <w type="CC">and</w> <w type="IN">from</w> <w type="DT">this</w> <w type="AT">the</w> <w type="JJ">interfacial</w> <w type="NN">tension</w> <w type="MD">can</w> <w type="BE">be</w> <w type="VBN">calculated</w> <c type="pct">.</c> </s>
<s n="74"><w type="PPg">Its</w> <w type="NN">value</w> <w type="BEDZ">was</w> <w type="NN">Af</w> <w type="IN">from</w> <w type="AT">the</w> <w type="JJ">above</w> <w type="NN">data</w> <c type="pct">.</c> </s>
<s n="75"><w type="DT">This</w> <w type="VBZ">appears</w> <w type="TO">to</w> <w type="BE">be</w> <w type="JJ">high</w> <c type="pct">,</c> <w type="CS">as</w> <w type="MD">would</w> <w type="BE">be</w> <w type="VBN">expected</w> <w type="IN">from</w> <w type="AT">the</w> <w type="JJ">appreciable</w> <w type="NN">viscosity</w> <w type="IN">of</w> <w type="AT">the</w> <w type="NN">material</w> <w type="IN">in</w> <w type="AT">the</w> <w type="NNS">drops</w> <c type="pct">.</c> </s>
</p>
<p><s n="76"><w type="PPS">It</w> <w type="BEZ">is</w> <w type="JJ">appropriate</w> <w type="TO">to</w> <w type="VB">call</w> <w type="NN">attention</w> <w type="IN">to</w> <w type="JJ">certain</w> <w type="JJ">thermodynamic</w> <w type="NNS">properties</w> <w type="IN">of</w> <w type="AT">an</w> <w type="JJ">ideal</w> <w type="NN">gas</w> <w type="WPS">that</w> <w type="BER">are</w> <w type="JJ">analogous</w> <w type="IN">to</w> <w type="JJ">rubber-like</w> <w type="NN">deformation</w> <c type="pct">.</c> </s>
<s n="77"><w type="AT">The</w> <w type="JJ">internal</w> <w type="NN">energy</w> <w type="IN">of</w> <w type="AT">an</w> <w type="JJ">ideal</w> <w type="NN">gas</w> <w type="VBZ">depends</w> <w type="IN">on</w> <w type="NN">temperature</w> <w type="RB">only</w> <w type="CC">and</w> <w type="BEZ">is</w> <w type="JJ">independent</w> <w type="IN">of</w> <w type="NN">pressure</w> <w type="CC">or</w> <w type="NN">volume</w> <c type="pct">.</c> </s>
<s n="78"><w type="IN">In</w> <w type="AP">other</w> <w type="NNS">words</w> <c type="pct">,</c> <w type="CS">if</w> <w type="AT">an</w> <w type="JJ">ideal</w> <w type="NN">gas</w> <w type="BEZ">is</w> <w type="VBN">compressed</w> <w type="CC">and</w> <w type="VBN">kept</w> <w type="IN">at</w> <w type="JJ">constant</w> <w type="NN">temperature</w> <c type="pct">,</c> <w type="AT">the</w> <w type="NN">work</w> <w type="VBN">done</w> <w type="IN">in</w> <w type="VBG">compressing</w> <w type="PPO">it</w> <w type="BEZ">is</w> <w type="RB">completely</w> <w type="VBN">converted</w> <w type="IN">into</w> <w type="NN">heat</w> <w type="CC">and</w> <w type="VBN">transferred</w> <w type="IN">to</w> <w type="AT">the</w> <w type="VBG">surrounding</w> <w type="NN">heat</w> <w type="NN">sink</w> <c type="pct">.</c> </s>
<s n="79"><w type="DT">This</w> <w type="VBZ">means</w> <w type="CS">that</w> <w type="NN">work</w> <w type="VBZ">equals</w> <w type="NP">Q</w> <w type="WDT">which</w> <w type="IN">in</w> <w type="NN">turn</w> <w type="VBZ">equals</w> <w type="NN">Af</w> <c type="pct">.</c> </s>
</p>
<p><s n="80"><w type="EX">There</w> <w type="BEZ">is</w> <w type="AT">a</w> <w type="JJ">well-known</w> <w type="NN">relationship</w> <w type="IN">between</w> <w type="NN">probability</w> <w type="CC">and</w> <w type="NN">entropy</w> <w type="WDT">which</w> <w type="VBZ">states</w> <w type="CS">that</w> <w type="NN">Af</w> <c type="pct">,</c> <w type="WRB">where</w> <w type="NN">**zq</w> <w type="BEZ">is</w> <w type="AT">the</w> <w type="NN">probability</w> <w type="DT">that</w> <w type="NN">state</w> <c type="pct">(</c> <w type="RB">i.e.</w> <c type="pct">,</c> <w type="NN">volume</w> <w type="IN">for</w> <w type="AT">an</w> <w type="JJ">ideal</w> <w type="NN">gas</w> <c type="pct">)</c> <w type="MD">could</w> <w type="BE">be</w> <w type="VBN">reached</w> <w type="IN">by</w> <w type="NN">chance</w> <w type="RB">alone</w> <c type="pct">.</c> </s>
<s n="81"><w type="DT">This</w> <w type="BEZ">is</w> <w type="VBN">known</w> <w type="CS">as</w> <w type="JJ">conformational</w> <w type="NN">entropy</w> <c type="pct">.</c> </s>
<s n="82"><w type="DT">This</w> <w type="NN">conformational</w> <w type="NN">entropy</w> <w type="BEZ">is</w> <c type="pct">,</c> <w type="IN">in</w> <w type="DT">this</w> <w type="NN">case</w> <c type="pct">,</c> <w type="JJ">equal</w> <w type="IN">to</w> <w type="AT">the</w> <w type="JJ">usual</w> <w type="NN">entropy</w> <c type="pct">,</c> <w type="CS">for</w> <w type="EX">there</w> <w type="BER">are</w> <w type="AT">no</w> <w type="AP">other</w> <w type="NNS">changes</w> <w type="CC">or</w> <w type="AP">other</w> <w type="NNS">energies</w> <w type="VBN">involved</w> <c type="pct">.</c> </s>
<s n="83"><w type="VB">Note</w> <w type="CS">that</w> <w type="CS">though</w> <w type="AT">the</w> <w type="JJ">ideal</w> <w type="NN">gas</w> <w type="PPL">itself</w> <w type="VBZ">contains</w> <w type="AT">no</w> <w type="JJ">additional</w> <w type="NN">energy</w> <c type="pct">,</c> <w type="AT">the</w> <w type="VBN">compressed</w> <w type="NN">gas</w> <w type="DOZ">does</w> <w type="VB">exert</w> <w type="AT">an</w> <w type="VBN">increased</w> <w type="NN">pressure</w> <c type="pct">.</c> </s>
<s n="84"><w type="AT">The</w> <w type="NN">energy</w> <w type="IN">for</w> <w type="DTI">any</w> <w type="JJ">isothermal</w> <w type="NN">work</w> <w type="VBN">done</w> <w type="IN">by</w> <w type="AT">the</w> <w type="JJ">perfect</w> <w type="NN">gas</w> <w type="MD">must</w> <w type="VB">come</w> <w type="CS">as</w> <w type="JJ">thermal</w> <w type="NN">energy</w> <w type="IN">from</w> <w type="PPg">its</w> <w type="NNS">surroundings</w> <c type="pct">.</c> </s>
</p>
<p></p></body></text></TEI>
