<TEI xmlns="http://www.tei-c.org/ns/1.0"><teiHeader><fileDesc><titleStmt><title>Sample J07 from  J. F. Vedder, "Micrometeorites", in Francis S. Johnson, editor,
 Satellite Environment Handbook. Stanford: Stanford University
 Press, 1961. Pp. 92-97.
 </title></titleStmt><editionStmt><edition>A part  of the XML version of the Brown Corpus</edition></editionStmt><extent>2,134 words 1 (0.0%) quote 9 symbols 25 formulas</extent><publicationStmt><idno>J07</idno><availability><p>Copyright 1961 Lockheed Aircraft Corp., Missiles &amp; Space Div., Palo</p></availability></publicationStmt><sourceDesc><bibl> J. F. Vedder, "Micrometeorites", in Francis S. Johnson, editor,
 Satellite Environment Handbook. Stanford: Stanford University
 Press, 1961. Pp. 92-97.
 </bibl></sourceDesc></fileDesc><encodingDesc><p/></encodingDesc><revisionDesc><change when="2008-04-27">Header auto-generated for TEI version</change></revisionDesc></teiHeader>
<text xml:id="J07" decls="J">
<body><p><s n="1"><w type="AT">The</w> <w type="NP">Poynting-Robertson</w> <w type="NN">effect</w> <c type="pct">(</c> <w type="NP">Robertson</w> <c type="pct">,</c> <w type="CD">1937</w> <c type="pct">;</c> <c type="pct">;</c> </s>
<s n="2"><w type="NP">Wyatt</w> <w type="CC">and</w> <w type="NP">Whipple</w> <c type="pct">,</c> <w type="CD">1950</w> <c type="pct">)</c> <c type="pct">,</c> <w type="WDT">which</w> <w type="BEZ">is</w> <w type="AT">a</w> <w type="NN">retardation</w> <w type="IN">of</w> <w type="AT">the</w> <w type="JJ">orbital</w> <w type="NN">motion</w> <w type="IN">of</w> <w type="NNS">particles</w> <w type="IN">by</w> <w type="AT">the</w> <w type="JJ">relativistic</w> <w type="NN">aberration</w> <w type="IN">of</w> <w type="AT">the</w> <w type="JJ">repulsive</w> <w type="NN">force</w> <w type="IN">of</w> <w type="AT">the</w> <w type="VBG">impinging</w> <w type="JJ">solar</w> <w type="NN">radiation</w> <c type="pct">,</c> <w type="VBZ">causes</w> <w type="AT">the</w> <w type="NN">dust</w> <w type="TO">to</w> <w type="VB">spiral</w> <w type="IN">into</w> <w type="AT">the</w> <w type="NN">sun</w> <w type="IN">in</w> <w type="NNS">times</w> <w type="QL">much</w> <w type="JJR">shorter</w> <w type="CS">than</w> <w type="AT">the</w> <w type="NN">age</w> <w type="IN">of</w> <w type="AT">the</w> <w type="NN" subtype="TL">Earth</w> <c type="pct">.</c> </s>
<s n="3"><w type="AT">The</w> <w type="JJ">radial</w> <w type="NN">velocity</w> <w type="VBZ">varies</w> <w type="RB">inversely</w> <w type="CS">as</w> <w type="AT">the</w> <w type="NN">particle</w> <w type="NN">size</w> <c type="pct">--</c> <w type="AT">a</w> <w type="NN">1000-m-diameter</w> <w type="NN">particle</w> <w type="IN">near</w> <w type="AT">the</w> <w type="NN">orbit</w> <w type="IN">of</w> <w type="NP">Mars</w> <w type="MD">would</w> <w type="VB">reach</w> <w type="AT">the</w> <w type="NN">sun</w> <w type="IN">in</w> <w type="RB">about</w> <w type="CD">60</w> <w type="CD">million</w> <w type="NNS">years</w> <c type="pct">.</c> </s>
<s n="4"><w type="NP">Whipple</w> <c type="pct">(</c> <w type="CD">1955</w> <c type="pct">)</c> <w type="VBZ">extends</w> <w type="AT">the</w> <w type="NNS">effects</w> <w type="TO">to</w> <w type="VB">include</w> <w type="AT">the</w> <w type="NN">solar-corpuscular-radiation</w> <w type="NN">pressure</w> <c type="pct">,</c> <w type="WDT">which</w> <w type="VBZ">increases</w> <w type="ABX">both</w> <w type="AT">the</w> <w type="JJ">minimum</w> <w type="NN">particle</w> <w type="NN">size</w> <w type="CC">and</w> <w type="AT">the</w> <w type="NN">drag</w> <c type="pct">.</c> </s>
<s n="5"><w type="RBR">Further</w> <c type="pct">,</c> <w type="AT">the</w> <w type="JJ">corpuscular</w> <w type="NN">radiation</w> <c type="pct">,</c> <w type="RB">i.e.</w> <c type="pct">,</c> <w type="AT">the</w> <w type="NN">solar-wind</w> <w type="NNS">protons</w> <c type="pct">,</c> <w type="MD">must</w> <w type="VB">sputter</w> <w type="RB">away</w> <w type="AT">the</w> <w type="JJ">surface</w> <w type="NNS">atoms</w> <w type="IN">of</w> <w type="AT">the</w> <w type="NN">dust</w> <w type="CC">and</w> <w type="VB">cause</w> <w type="AT">a</w> <w type="JJ">slow</w> <w type="NN">diminution</w> <w type="IN">in</w> <w type="NN">size</w> <c type="pct">,</c> <w type="IN">with</w> <w type="AT">a</w> <w type="JJ">resultant</w> <w type="NN">increase</w> <w type="IN">in</w> <w type="ABX">both</w> <w type="AT">the</w> <w type="NP">Poynting-Robertson</w> <w type="NN">effect</w> <w type="CC">and</w> <w type="AT">the</w> <w type="NN">ratio</w> <w type="IN">of</w> <w type="AT">the</w> <w type="JJ">repulsive</w> <w type="NN">force</w> <w type="IN">to</w> <w type="AT">the</w> <w type="JJ">gravitational</w> <w type="NN">force</w> <c type="pct">.</c> </s>
</p>
<p><s n="6"><w type="AT">The</w> <w type="NP">Poynting-Robertson</w> <w type="NN">effect</w> <w type="VBZ">causes</w> <w type="AT">the</w> <w type="JJ">semi-major</w> <w type="NN">axis</w> <w type="IN">of</w> <w type="NNS">orbits</w> <w type="TO">to</w> <w type="VB">diminish</w> <w type="QL">more</w> <w type="RB">rapidly</w> <w type="CS">than</w> <w type="AT">the</w> <w type="JJ">semi-minor</w> <w type="NN">axis</w> <c type="pct">,</c> <w type="IN">with</w> <w type="AT">a</w> <w type="JJ">consequent</w> <w type="NN">tendency</w> <w type="IN">toward</w> <w type="JJ">circular</w> <w type="NNS">orbits</w> <w type="CS">as</w> <w type="AT">the</w> <w type="NNS">particles</w> <w type="VB">move</w> <w type="IN">toward</w> <w type="AT">the</w> <w type="NN">sun</w> <c type="pct">.</c> </s>
<s n="7"><w type="RB">Also</w> <c type="pct">,</c> <w type="JJ">planetary</w> <w type="JJ">gravitational</w> <w type="NN">attraction</w> <w type="VBZ">increases</w> <w type="AT">the</w> <w type="NN">dust</w> <w type="NN">concentration</w> <w type="IN">near</w> <w type="AT">the</w> <w type="NN">plane</w> <w type="IN">of</w> <w type="AT">the</w> <w type="NN">ecliptic</w> <w type="CS">as</w> <w type="AT">the</w> <w type="NN">sun</w> <w type="BEZ">is</w> <w type="VBN">approached</w> <c type="pct">.</c> </s>
<s n="8"><w type="IN">At</w> <w type="CD">one</w> <w type="JJ">astronomical</w> <w type="NN">unit</w> <w type="IN">from</w> <w type="AT">the</w> <w type="NN">sun</w> <c type="pct">(</c> <w type="AT">the</w> <w type="NNg" subtype="TL">Earth's</w> <w type="NN">distance</w> <c type="pct">)</c> <w type="AT">the</w> <w type="NN">dust</w> <w type="NNS">orbits</w> <w type="BER">are</w> <w type="RB">probably</w> <w type="QL">nearly</w> <w type="JJ">circular</w> <c type="pct">.</c> </s>
<s n="9"><w type="CS">If</w> <w type="JJ">such</w> <w type="BEZ">is</w> <w type="AT">the</w> <w type="NN">case</w> <c type="pct">,</c> <w type="AT">the</w> <w type="NNS">particles</w> <w type="IN">within</w> <w type="AT">a</w> <w type="NN">distance</w> <w type="IN">of</w> <w type="RB">about</w> <w type="NN">Af</w> <w type="IN">of</w> <w type="AT">the</w> <w type="NN" subtype="TL">Earth</w> <w type="MD">will</w> <w type="HV">have</w> <c type="pct">,</c> <w type="JJ">relative</w> <w type="IN">to</w> <w type="AT">the</w> <w type="NN" subtype="TL">Earth</w> <c type="pct">,</c> <w type="AT">a</w> <w type="JJ">kinetic</w> <w type="NN">energy</w> <w type="AP">less</w> <w type="CS">than</w> <w type="PPg">their</w> <w type="JJ">potential</w> <w type="NN">energy</w> <w type="CC">and</w> <w type="PPSS">they</w> <w type="MD">will</w> <w type="BE">be</w> <w type="VBN">captured</w> <w type="IN">into</w> <w type="NNS">orbits</w> <w type="IN">about</w> <w type="AT">the</w> <w type="NN" subtype="TL">Earth</w> <c type="pct">.</c> </s>
<s n="10"><w type="NP">De</w> <w type="NP">Jager</w> <c type="pct">(</c> <w type="CD">1955</w> <c type="pct">)</c> <w type="HVZ">has</w> <w type="VBN">calculated</w> <w type="AT">the</w> <w type="NNS">times</w> <w type="VBN">required</w> <w type="IN">for</w> <w type="DTS">these</w> <w type="NNS">particles</w> <w type="TO">to</w> <w type="VB">reach</w> <w type="AT">the</w> <w type="NN">atmosphere</w> <w type="IN">under</w> <w type="AT">the</w> <w type="NN">influence</w> <w type="IN">of</w> <w type="AT">the</w> <w type="NP">Poynting-Robertson</w> <w type="NN">effect</w> <c type="pct">,</c> <w type="WDT">which</w> <w type="IN">in</w> <w type="DT">this</w> <w type="NN">case</w> <w type="VBZ">causes</w> <w type="AT">the</w> <w type="NNS">orbits</w> <w type="TO">to</w> <w type="VB">become</w> <w type="QL">more</w> <w type="CC">and</w> <w type="QL">more</w> <w type="JJ">eccentric</w> <w type="IN">without</w> <w type="VBG">changing</w> <w type="AT">the</w> <w type="JJ">semi-major</w> <w type="NN">axis</w> <c type="pct">.</c> </s>
<s n="11"><w type="DT">This</w> <w type="NN">effect</w> <w type="MD">can</w> <w type="VB">give</w> <w type="NN">rise</w> <w type="IN">to</w> <w type="AT">a</w> <w type="NN">blanket</w> <w type="IN">of</w> <w type="NNS">micrometeorites</w> <w type="IN">around</w> <w type="AT">the</w> <w type="NN" subtype="TL">Earth</w> <c type="pct">.</c> </s>
</p>
<p><s n="12"><w type="CS">Since</w> <w type="EX">there</w> <w type="BEZ">is</w> <w type="AT">a</w> <w type="JJ">continual</w> <w type="NN">loss</w> <w type="IN">of</w> <w type="JJ">micrometeoritic</w> <w type="NN">material</w> <w type="IN">in</w> <w type="NN">space</w> <w type="RB">because</w> <w type="IN">of</w> <w type="AT">the</w> <w type="NN">radiation</w> <w type="NNS">effects</w> <c type="pct">,</c> <w type="EX">there</w> <w type="MD">must</w> <w type="BE">be</w> <w type="AT">a</w> <w type="JJ">continual</w> <w type="NN">replenishment</w> <c type="pct">:</c> <w type="RB">otherwise</w> <c type="pct">,</c> <w type="NNS">micrometeorites</w> <w type="MD">would</w> <w type="HV">have</w> <w type="VBN">disappeared</w> <w type="IN">from</w> <w type="JJ">interplanetary</w> <w type="NN">space</w> <c type="pct">.</c> </s>
<s n="13"><w type="EX">There</w> <w type="BER">are</w> <w type="AP">several</w> <w type="JJ">possible</w> <w type="NNS">sources</w> <c type="pct">.</c> </s>
<s n="14"><w type="IN">According</w> <w type="IN">to</w> <w type="NP">Whipple</w> <c type="pct">(</c> <w type="CD">1955</w> <c type="pct">)</c> <c type="pct">,</c> <w type="JJ">cometary</w> <w type="NN">debris</w> <w type="BEZ">is</w> <w type="JJ">sufficient</w> <w type="TO">to</w> <w type="VB">replenish</w> <w type="AT">the</w> <w type="NN">material</w> <w type="VBG">spiraling</w> <w type="IN">into</w> <w type="AT">the</w> <w type="NN">sun</w> <c type="pct">,</c> <w type="VBG">maintaining</w> <w type="AT">a</w> <w type="QL">fairly</w> <w type="JJ">steady</w> <w type="NN">state</w> <c type="pct">.</c> </s>
<s n="15"><w type="JJ">Asteroidal</w> <w type="NNS">collisions</w> <w type="BER">are</w> <w type="RB">also</w> <w type="VBN">thought</w> <w type="TO">to</w> <w type="VB">contribute</w> <w type="NN">material</w> <c type="pct">.</c> </s>
<s n="16"><w type="PPS">It</w> <w type="BEZ">is</w> <w type="RB">also</w> <w type="JJ">possible</w> <w type="CS">that</w> <w type="DTI">some</w> <w type="IN">of</w> <w type="AT">the</w> <w type="NN">dust</w> <w type="IN">in</w> <w type="AT">the</w> <w type="NN">vicinity</w> <w type="IN">of</w> <w type="AT">the</w> <w type="NN" subtype="TL">Earth</w> <w type="VBD">originated</w> <w type="IN">from</w> <w type="JJ">meteoritic</w> <w type="NNS">impacts</w> <w type="IN">upon</w> <w type="AT">the</w> <w type="NN">moon</w> <c type="pct">.</c> </s>
</p>
<p><s n="17"><w type="CD" subtype="HL">5.3</w> <w type="JJ" subtype="HL">direct</w> <w type="NNS" subtype="HL">measurements</w> <w type="IN" subtype="HL">of</w> <w type="NN" subtype="HL">micrometeorite</w> <w type="NN" subtype="HL">flux</w> </s>
<s n="18"><w type="PN">One</w> <mw pos="MD *">cannot </mw><w type="VB">make</w> <w type="AT">a</w> <w type="QL">very</w> <w type="JJ">satisfactory</w> <w type="NN">guess</w> <w type="IN">about</w> <w type="AT">the</w> <w type="NN">micrometeorite</w> <w type="NN">flux</w> <w type="IN">in</w> <w type="NN">space</w> <c type="pct">.</c> </s>
<s n="19"><w type="RB">Even</w> <w type="IN">in</w> <w type="AT">the</w> <w type="NN">neighborhood</w> <w type="IN">of</w> <w type="AT">the</w> <w type="NN" subtype="TL">Earth</w> <c type="pct">,</c> <w type="WRB">where</w> <w type="NN">information</w> <w type="HVZ">has</w> <w type="BEN">been</w> <w type="VBN">obtained</w> <w type="ABX">both</w> <w type="RB">directly</w> <w type="CC">and</w> <w type="RB">indirectly</w> <c type="pct">,</c> <w type="AT">the</w> <w type="VBN">derived</w> <w type="NN">flux</w> <w type="NNS">values</w> <w type="VB">vary</w> <w type="IN">by</w> <w type="IN">at</w> <w type="AP">least</w> <w type="CD">four</w> <w type="NNS">orders</w> <w type="IN">of</w> <w type="NN">magnitude</w> <c type="pct">.</c> </s>
<s n="20"><w type="DT">This</w> <w type="JJ">large</w> <w type="NN">discrepancy</w> <w type="VBZ">demonstrates</w> <w type="AT">the</w> <w type="NNS">inadequacies</w> <w type="IN">of</w> <w type="AT">the</w> <w type="JJ">experimental</w> <w type="NNS">methods</w> <w type="CC">and</w> <w type="AT">the</w> <w type="NN">lack</w> <w type="IN">of</w> <w type="NN">understanding</w> <w type="IN">of</w> <w type="AT">the</w> <w type="AP">various</w> <w type="NNS">phenomena</w> <w type="VBN">involved</w> <c type="pct">.</c> </s>
<s n="21"><w type="IN">Beyond</w> <w type="AT">a</w> <w type="AP">few</w> <w type="CD">million</w> <w type="NNS">kilometers</w> <w type="IN">from</w> <w type="AT">the</w> <w type="NN" subtype="TL">Earth</w> <c type="pct">,</c> <w type="CC">but</w> <w type="RB">still</w> <w type="IN">in</w> <w type="AT">the</w> <w type="NN">region</w> <w type="IN">of</w> <w type="AT">the</w> <w type="NNg" subtype="TL">Earth's</w> <w type="NN">orbit</w> <c type="pct">,</c> <w type="AT">a</w> <w type="NN">prediction</w> <w type="IN">of</w> <w type="AT">the</w> <w type="NN">flux</w> <w type="IN">of</w> <w type="NN">dust</w> <w type="BEZ">is</w> <w type="QL">even</w> <w type="QL">more</w> <w type="JJ">unreliable</w> <c type="pct">.</c> </s>
<s n="22"><w type="IN">At</w> <w type="JJR">greater</w> <w type="NNS">distances</w> <w type="IN">from</w> <w type="AT">the</w> <w type="NN">sun</w> <c type="pct">,</c> <w type="AT">the</w> <w type="NN">situation</w> <w type="BEZ">is</w> <w type="RB">still</w> <w type="QL">less</w> <w type="JJ">certain</w> <c type="pct">.</c> </s>
</p>
<p><s n="23"><w type="EX">There</w> <w type="BER">are</w> <w type="AP">several</w> <w type="NNS">sources</w> <w type="IN">of</w> <w type="NN">evidence</w> <w type="IN">on</w> <w type="AT">the</w> <w type="NN">micrometeorite</w> <w type="NN">environment</w> <c type="pct">.</c> </s>
<s n="24"><w type="JJ">Direct</w> <w type="NN">information</w> <w type="HVZ">has</w> <w type="BEN">been</w> <w type="VBN">obtained</w> <w type="IN">from</w> <w type="NNS">rockets</w> <w type="CC">and</w> <w type="NNS">satellites</w> <w type="VBN">equipped</w> <w type="IN">with</w> <w type="NN">impact</w> <w type="NNS">sensors</w> <c type="pct">.</c> </s>
<s n="25"><w type="IN">In</w> <w type="NN">addition</w> <c type="pct">,</c> <w type="AT">the</w> <w type="NN">size</w> <w type="NN">distribution</w> <w type="VBN">obtained</w> <w type="IN">from</w> <w type="JJ">visual</w> <w type="CC">and</w> <w type="NN">radar</w> <w type="NNS">observations</w> <w type="IN">of</w> <w type="NNS">meteors</w> <w type="MD">may</w> <w type="BE">be</w> <w type="VBN">extrapolated</w> <w type="IN">to</w> <w type="AT">the</w> <w type="NN">micrometeorite</w> <w type="NN">domain</w> <c type="pct">.</c> </s>
<s n="26"><w type="IN">From</w> <w type="AT">the</w> <w type="NN">brightness</w> <w type="IN">of</w> <w type="AT">the</w> <w type="NN">F</w> <w type="NN">component</w> <w type="IN">of</w> <w type="AT">the</w> <w type="JJ">solar</w> <w type="NN">corona</w> <w type="CC">and</w> <w type="AT">the</w> <w type="NN">brightness</w> <w type="IN">of</w> <w type="AT">the</w> <w type="JJ">zodiacal</w> <w type="NN">light</w> <c type="pct">,</c> <w type="AT">an</w> <w type="NN">estimate</w> <w type="IN">of</w> <w type="AT">the</w> <w type="NN">particle</w> <w type="NNS">sizes</w> <c type="pct">,</c> <w type="NNS">concentrations</w> <c type="pct">,</c> <w type="CC">and</w> <w type="JJ">spatial</w> <w type="NN">distribution</w> <w type="MD">can</w> <w type="BE">be</w> <w type="VBN">derived</w> <w type="IN">for</w> <w type="NNS">regions</w> <w type="IN">of</w> <w type="NN">space</w> <w type="IN">near</w> <w type="AT">the</w> <w type="NN">ecliptic</w> <w type="NN">plane</w> <c type="pct">.</c> </s>
<s n="27"><w type="DT">Another</w> <w type="JJ">important</w> <w type="NN">source</w> <w type="IN">of</w> <w type="NN">evidence</w> <w type="RB">only</w> <w type="RB">recently</w> <w type="VBG">receiving</w> <w type="AP">much</w> <w type="NN">attention</w> <w type="BEZ">is</w> <w type="AT">the</w> <w type="NN">analysis</w> <w type="IN">of</w> <w type="JJ">atmospheric</w> <w type="NN">dust</w> <w type="IN">for</w> <w type="AT">a</w> <w type="JJ">meteoritic</w> <w type="NN">component</w> <c type="pct">.</c> </s>
<s n="28"><w type="AT">The</w> <w type="NNS">cores</w> <w type="IN">of</w> <w type="JJ">deep-sea</w> <w type="NNS">sediments</w> <w type="CC">and</w> <w type="NN">content</w> <w type="IN">of</w> <w type="NNS">collectors</w> <w type="IN">in</w> <w type="JJ">remote</w> <w type="NNS">regions</w> <w type="BER">are</w> <w type="JJ">valuable</w> <w type="IN">in</w> <w type="DT">this</w> <w type="NN">category</w> <c type="pct">.</c> </s>
<s n="29"><w type="AT">The</w> <w type="NNS">data</w> <w type="VB">provide</w> <w type="AT">a</w> <w type="NN">measure</w> <w type="IN">of</w> <w type="AT">the</w> <w type="JJ">total</w> <w type="NN">mass</w> <w type="IN">of</w> <w type="JJ">cosmic</w> <w type="NN">material</w> <w type="JJ">incident</w> <w type="IN">upon</w> <w type="AT">the</w> <w type="NN" subtype="TL">Earth</w> <c type="pct">.</c> </s>
</p>
<p><s n="30"><w type="AT">The</w> <w type="JJ">direct</w> <w type="NN">evidence</w> <w type="IN">on</w> <w type="AT">the</w> <w type="NN">micrometeorite</w> <w type="NN">environment</w> <w type="IN">near</w> <w type="AT">the</w> <w type="NN" subtype="TL">Earth</w> <w type="BEZ">is</w> <w type="VBN">obtained</w> <w type="IN">from</w> <w type="JJ">piezoelectric</w> <w type="NNS">sensors</w> <c type="pct">(</c> <w type="RB">essentially</w> <w type="NNS">microphones</w> <c type="pct">)</c> <w type="CC">and</w> <w type="IN">from</w> <w type="NN">wire</w> <w type="NNS">gages</w> <c type="pct">;</c> <c type="pct">;</c> </s>
<s n="31"><w type="DTS">these</w> <w type="NNS">instruments</w> <w type="BER">are</w> <w type="VBN">installed</w> <w type="IN">on</w> <w type="NNS">rockets</w> <c type="pct">,</c> <w type="NNS">satellites</w> <c type="pct">,</c> <w type="CC">and</w> <w type="NN">space</w> <w type="NNS">probes</w> <c type="pct">.</c> </s>
<s n="32"><w type="RB">Statistically</w> <c type="pct">,</c> <w type="AT">the</w> <w type="QL">most</w> <w type="JJ">significant</w> <w type="NNS">data</w> <w type="HV">have</w> <w type="BEN">been</w> <w type="VBN">collected</w> <w type="IN">from</w> <w type="AT">the</w> <w type="NNS">sensors</w> <w type="IN">on</w> <w type="CD">1958</w> <w type="NP">Alpha</w> <c type="pct">(</c> <w type="NN" subtype="TL">Explorer</w> <w type="CD" subtype="TL">1</w> <c type="pct">)</c> <c type="pct">,</c> <w type="CD">1958</w> <w type="NP">Delta</w> <w type="CD">2</w> <c type="pct">(</c> <w type="NN" subtype="TL">Sputnik</w> <w type="CD">3</w> <c type="pct">)</c> <c type="pct">,</c> <w type="CC">and</w> <w type="CD">1959</w> <w type="NP">Eta</w> <c type="pct">(</c> <w type="NN" subtype="TL">Vanguard</w> <w type="CD">3</w> <c type="pct">)</c> <c type="pct">.</c> </s>
<s n="33"><w type="DTS">These</w> <w type="NNS">vehicles</w> <c type="pct">,</c> <w type="IN">with</w> <w type="JJ">large</w> <w type="JJ">sensitive</w> <w type="NNS">areas</w> <c type="pct">,</c> <w type="HV">have</w> <w type="VBN">collected</w> <w type="NN">data</w> <w type="IN">for</w> <w type="JJ">long</w> <w type="QLP">enough</w> <w type="NNS">times</w> <w type="TO">to</w> <w type="VB">give</w> <w type="JJ">reliable</w> <w type="NN">impact</w> <w type="NNS">rates</w> <w type="IN">for</w> <w type="AT">the</w> <w type="NNS">periods</w> <w type="IN">of</w> <w type="NN">exposure</w> <c type="pct">.</c> </s>
<s n="34"><w type="AP">Many</w> <w type="AP">other</w> <w type="NNS">vehicles</w> <w type="IN">with</w> <w type="JJR">smaller</w> <w type="NN">sensitive-area</w> <w type="NN">exposure-time</w> <w type="NNS">products</w> <w type="VB">contribute</w> <w type="DTI">some</w> <w type="NN">information</w> <c type="pct">.</c> </s>
</p>
<p><s n="35"><w type="AT">The</w> <w type="NN">impact</w> <w type="NN">rate</w> <w type="IN">on</w> <w type="CD">1958</w> <w type="NP">Alpha</w> <w type="IN">for</w> <w type="CD">153</w> <w type="NNS">events</w> <w type="BEDZ">was</w> <w type="NN">Af</w> <w type="IN">for</w> <w type="NNS">particles</w> <w type="IN">of</w> <w type="NN">mass</w> <w type="JJR">greater</w> <w type="CS">than</w> <w type="NN">Af</w> <c type="pct">(</c> <w type="NP">Dubin</w> <c type="pct">,</c> <w type="CD">1960</w> <c type="pct">)</c> <c type="pct">;</c> <c type="pct">;</c> </s>
<s n="36"><w type="DT">this</w> <w type="NN">mass</w> <w type="NN">threshold</w> <w type="BEDZ">was</w> <w type="VBN">derived</w> <w type="IN">from</w> <w type="AT">the</w> <w type="NN">detector</w> <w type="NN">calibration</w> <w type="CC">and</w> <w type="AT">an</w> <w type="VBN">assumed</w> <w type="NN">impact</w> <w type="NN">velocity</w> <w type="IN">of</w> <w type="NN">Af</w> <c type="pct">.</c> </s>
<s n="37"><w type="AT">The</w> <w type="NNS">data</w> <w type="VB">show</w> <w type="JJ">daily</w> <w type="CC">and</w> <w type="JJ">diurnal</w> <w type="NNS">variations</w> <c type="pct">.</c> </s>
<s n="38"><w type="CD">Ninety</w> <w type="IN">per</w> <w type="NN">cent</w> <w type="IN">of</w> <w type="AT">the</w> <w type="CD">153</w> <w type="VBN">recorded</w> <w type="NNS">impacts</w> <w type="VBD">occurred</w> <w type="IN">between</w> <w type="NN">midnight</w> <w type="CC">and</w> <w type="NN">noon</w> <c type="pct">,</c> <w type="CC">and</w> <w type="IN">from</w> <w type="NN">day</w> <w type="IN">to</w> <w type="NN">day</w> <w type="AT">the</w> <w type="NN">variation</w> <w type="IN">of</w> <w type="AT">the</w> <w type="NN">rate</w> <w type="BEDZ">was</w> <w type="QL">as</w> <w type="AP">much</w> <w type="CS">as</w> <w type="AT">an</w> <w type="NN">order</w> <w type="IN">of</w> <w type="NN">magnitude</w> <c type="pct">.</c> </s>
<s n="39"><w type="PN">One</w> <w type="MD">may</w> <w type="VB">conclude</w> <w type="CS">that</w> <w type="AP">most</w> <w type="IN">of</w> <w type="AT">the</w> <w type="VBN">detected</w> <w type="JJ">micrometeoritic</w> <w type="NN">material</w> <w type="BEZ">is</w> <w type="VBN">concentrated</w> <w type="IN">in</w> <w type="JJ">orbital</w> <w type="NNS">streams</w> <w type="WDT">which</w> <w type="VB">intersect</w> <w type="AT">the</w> <w type="NNg" subtype="TL">Earth's</w> <w type="NN">orbit</w> <c type="pct">.</c> </s>
</p>
<p><s n="40"><w type="EX">There</w> <w type="HV">have</w> <w type="BEN">been</w> <w type="JJ">contradictory</w> <w type="NNS">reports</w> <w type="IN">from</w> <w type="CD">1958</w> <w type="NP">Delta</w> <w type="CD">2</w> <c type="pct">,</c> <w type="CC">and</w> <w type="AT">the</w> <w type="NNS">data</w> <w type="VBN">quoted</w> <w type="RB">here</w> <w type="BER">are</w> <w type="VBN">believed</w> <w type="TO">to</w> <w type="BE">be</w> <w type="AT">the</w> <w type="QL">more</w> <w type="JJ">reliable</w> <c type="pct">.</c> </s>
<s n="41"><w type="IN">On</w> <w type="NP">May</w> <w type="CD">15</w> <c type="pct">,</c> <w type="AT">a</w> <w type="QL">very</w> <w type="JJ">large</w> <w type="NN">increase</w> <w type="VBD">occurred</w> <w type="IN">with</w> <w type="NN">Af</w> <w type="IN">of</w> <w type="NN">mass</w> <w type="IN">between</w> <w type="NN">Af</w> <w type="CC">and</w> <w type="NN">Af</w> <c type="pct">;</c> <c type="pct">;</c> </s>
<s n="42"><w type="IN">for</w> <w type="AT">the</w> <w type="AP">next</w> <w type="CD">two</w> <w type="NNS">days</w> <c type="pct">,</c> <w type="AT">the</w> <w type="NN">impact</w> <w type="NN">rate</w> <w type="BEDZ">was</w> <w type="NN">Af</w> <c type="pct">;</c> <c type="pct">;</c> </s>
<s n="43"><w type="CC">and</w> <w type="IN">for</w> <w type="AT">the</w> <w type="AP">next</w> <w type="CD">nine</w> <w type="NNS">days</w> <c type="pct">,</c> <w type="AT">the</w> <w type="NN">impact</w> <w type="NN">rate</w> <w type="BEDZ">was</w> <w type="AP">less</w> <w type="IN">than</w> <w type="NN">Af</w> <c type="pct">(</c> <w type="NP">Nazarova</w> <c type="pct">,</c> <w type="CD">1960</w> <c type="pct">)</c> <c type="pct">.</c> </s>
<s n="44"><w type="AT">The</w> <w type="NNS">data</w> <w type="IN">for</w> <w type="AT">the</w> <w type="OD">first</w> <w type="NN">day</w> <w type="VB">indicate</w> <w type="AT">a</w> <w type="NN">meteor</w> <w type="NN">stream</w> <w type="IN">with</w> <w type="AT">a</w> <w type="QL">very</w> <w type="JJ">high</w> <w type="NN">concentration</w> <w type="IN">of</w> <w type="NNS">particles</w> <w type="CC">and</w> <w type="MD">may</w> <w type="HV">have</w> <w type="VBN">led</w> <w type="IN">to</w> <w type="AT">the</w> <w type="JJ">high</w> <w type="NNS">estimates</w> <w type="IN">of</w> <w type="NN">micrometeorite</w> <w type="NN">flux</w> <c type="pct">.</c> </s>
</p>
<p><s n="45"><w type="JJ">Preliminary</w> <w type="NNS">data</w> <w type="IN">from</w> <w type="CD">1959</w> <w type="NP">Eta</w> <w type="VB">give</w> <w type="AT">an</w> <w type="JJ">average</w> <w type="NN">impact</w> <w type="NN">rate</w> <w type="IN">of</w> <w type="NN">Af</w> <w type="IN">for</w> <w type="NNS">masses</w> <w type="JJR">larger</w> <w type="CS">than</w> <w type="NN">Af</w> <w type="IN">for</w> <w type="RB">about</w> <w type="CD">1000</w> <w type="NNS">events</w> <w type="IN">in</w> <w type="AT">a</w> <w type="JJ">22-day</w> <w type="NN">period</w> <c type="pct">(</c> <w type="NP">LaGow</w> <w type="CC">and</w> <w type="NP">Alexander</w> <c type="pct">,</c> <w type="CD">1960</w> <c type="pct">)</c> <c type="pct">.</c> </s>
<s n="46"><w type="AT">The</w> <w type="JJ">day-to-day</w> <w type="NN">rate</w> <w type="VBD">varied</w> <w type="IN">by</w> <w type="AP">less</w> <w type="CS">than</w> <w type="AT">a</w> <w type="NN">factor</w> <w type="IN">of</w> <w type="CD">4.5</w> <c type="pct">.</c> </s>
<s n="47"><w type="AT">The</w> <w type="NNS">data</w> <w type="HV">have</w> <w type="NEG">not</w> <w type="RB">yet</w> <w type="BEN">been</w> <w type="VBN">analyzed</w> <w type="IN">for</w> <w type="JJ">diurnal</w> <w type="NNS">variations</w> <c type="pct">.</c> </s>
<s n="48"><w type="VB">Note</w> <w type="CS">that</w> <w type="AT">the</w> <w type="NN">mass</w> <w type="NN">threshold</w> <w type="BEZ">is</w> <w type="CD">four</w> <w type="NNS">times</w> <w type="DT">that</w> <w type="IN">of</w> <w type="CD">1958</w> <w type="NP">Alpha</w> <w type="CC">and</w> <w type="CS">that</w> <w type="AT">the</w> <w type="NN">flux</w> <w type="BEZ">is</w> <w type="CD">one</w> <w type="OD">fifth</w> <w type="CS">as</w> <w type="JJ">large</w> <c type="pct">.</c> </s>
<s n="49"><w type="CS">If</w> <w type="PN">one</w> <w type="VBZ">assumes</w> <w type="CS">that</w> <w type="AT">the</w> <w type="JJ">average</w> <w type="NN">flux</w> <w type="DOD">did</w> <w type="NEG">not</w> <w type="VB">change</w> <w type="IN">between</w> <w type="NNS">measurements</w> <c type="pct">,</c> <w type="AT">a</w> <w type="NN">mass-distribution</w> <w type="NN">curve</w> <w type="BEZ">is</w> <w type="VBN">obtained</w> <w type="WDT">which</w> <w type="VBZ">relates</w> <w type="AT">the</w> <w type="NN">flux</w> <w type="IN">of</w> <w type="NNS">particles</w> <w type="JJR">larger</w> <w type="CS">than</w> <w type="AT">a</w> <w type="VBN">given</w> <w type="NN">radius</w> <w type="IN">to</w> <w type="AT">the</w> <w type="JJ">inverse</w> <w type="CD">7/2</w> <w type="NN">power</w> <w type="IN">of</w> <w type="AT">the</w> <w type="NN">radius</w> <c type="pct">.</c> </s>
</p>
<p><s n="50"><w type="NN">Space</w> <w type="NNS">probes</w> <w type="HV">have</w> <w type="VBN">yielded</w> <w type="AP">little</w> <w type="NN">information</w> <c type="pct">.</c> </s>
<s n="51"><w type="NN" subtype="TL">Pioneer</w> <w type="CD" subtype="TL">1</w> <c type="pct">,</c> <w type="VBD">recorded</w> <w type="AT">a</w> <w type="NN">decrease</w> <w type="IN">in</w> <w type="NN">flux</w> <w type="IN">with</w> <w type="NN">distance</w> <w type="IN">from</w> <w type="AT">the</w> <w type="NN" subtype="TL">Earth</w> <w type="IN">on</w> <w type="AT">the</w> <w type="NN">basis</w> <w type="IN">of</w> <w type="CD">11</w> <w type="NNS">counts</w> <w type="IN">in</w> <w type="CD">9</w> <w type="NNS">hours</w> <c type="pct">.</c> </s>
<s n="52"><w type="IN">With</w> <w type="NNS">detectors</w> <w type="JJ">sensitive</w> <w type="IN">to</w> <w type="CD">three</w> <w type="NN">mass</w> <w type="NNS">intervals</w> <w type="CC">and</w> <w type="VBN">based</w> <w type="IN">on</w> <w type="AT">a</w> <w type="AP">few</w> <w type="NNS">counts</w> <c type="pct">,</c> <w type="AT">the</w> <w type="OD">second</w> <w type="CC">and</w> <w type="OD">third</w> <w type="JJ">Russian</w> <w type="NN">space</w> <w type="NNS">probes</w> <w type="VB">indicate</w> <w type="CS">that</w> <w type="AT">the</w> <w type="NN">flux</w> <w type="IN">of</w> <w type="AT">the</w> <w type="JJT">smallest</w> <w type="NNS">particles</w> <w type="VBN">detected</w> <w type="BEZ">is</w> <w type="AP">less</w> <w type="CS">than</w> <w type="DT">that</w> <w type="IN">of</w> <w type="JJR">larger</w> <w type="NNS">ones</w> <c type="pct">.</c> </s>
<s n="53"><w type="BEG">Being</w> <w type="VBN">based</w> <w type="IN">on</w> <w type="QL">so</w> <w type="AP">few</w> <w type="NNS">events</w> <c type="pct">,</c> <w type="DTS">these</w> <w type="NNS">results</w> <w type="BER">are</w> <w type="IN">of</w> <w type="JJ">dubious</w> <w type="NN">validity</w> <c type="pct">.</c> </s>
</p>
<p><s n="54"><w type="AT">The</w> <w type="NN">calibration</w> <w type="IN">of</w> <w type="JJ">piezoelectric</w> <w type="NNS">sensors</w> <w type="IN">in</w> <w type="NNS">terms</w> <w type="IN">of</w> <w type="AT">the</w> <w type="NN">particle</w> <w type="NNS">parameters</w> <w type="BEZ">is</w> <w type="QL">very</w> <w type="JJ">uncertain</w> <c type="pct">.</c> </s>
<s n="55"><w type="AP">Many</w> <w type="NNS">workers</w> <w type="VB">believe</w> <w type="CS">that</w> <w type="AT">the</w> <w type="NN">response</w> <w type="BEZ">is</w> <w type="JJ">proportional</w> <w type="IN">to</w> <w type="AT">the</w> <w type="JJ">incident</w> <w type="NN">momentum</w> <w type="IN">of</w> <w type="AT">the</w> <w type="NNS">particles</w> <c type="pct">,</c> <w type="AT">a</w> <w type="NN">relation</w> <w type="VBN">deduced</w> <w type="IN">from</w> <w type="NN">laboratory</w> <w type="NNS">results</w> <w type="RB">linearly</w> <w type="VBN">extrapolated</w> <w type="IN">to</w> <w type="JJ">meteoritic</w> <w type="NNS">velocities</w> <c type="pct">.</c> </s>
<s n="56"><w type="RB">However</w> <c type="pct">,</c> <w type="PN">one</w> <w type="MD">must</w> <w type="VB">expect</w> <w type="CS">that</w> <w type="NN">vaporization</w> <w type="CC">and</w> <w type="NN">ejection</w> <w type="IN">of</w> <w type="NN">material</w> <w type="IN">by</w> <w type="NN">hypervelocity</w> <w type="NNS">impacts</w> <w type="MD">would</w> <w type="VB">cause</w> <w type="AT">a</w> <w type="NN">deviation</w> <w type="IN">from</w> <w type="AT">a</w> <w type="JJ">linear</w> <w type="NN">relationship</w> <c type="pct">.</c> </s>
<s n="57"><w type="IN">In</w> <w type="AT">the</w> <w type="VBN" subtype="TL">United</w> <w type="NNS" subtype="TL">States</w> <c type="pct">,</c> <w type="AP">most</w> <w type="IN">of</w> <w type="AT">the</w> <w type="NNS">sensors</w> <w type="BER">are</w> <w type="VBN">calibrated</w> <w type="IN">by</w> <w type="VBG">dropping</w> <w type="JJ">small</w> <w type="NNS">spheres</w> <w type="IN">on</w> <w type="PPg">their</w> <w type="JJ">sensitive</w> <w type="NNS">surfaces</w> <c type="pct">.</c> </s>
<s n="58"><w type="AT">The</w> <w type="NP">Russian</w> <w type="NNS">experimenters</w> <w type="VB">claim</w> <w type="CS">that</w> <w type="RB">only</w> <w type="AT">a</w> <w type="JJ">small</w> <w type="NN">fraction</w> <w type="IN">of</w> <w type="AT">the</w> <w type="NN">impulse</w> <w type="IN">from</w> <w type="AT">the</w> <w type="NNS">sensors</w> <w type="BEZ">is</w> <w type="VBN">caused</w> <w type="IN">by</w> <w type="AT">the</w> <w type="JJ">incident</w> <w type="NN">momentum</w> <w type="IN">with</w> <w type="AT">the</w> <w type="NN">remainder</w> <w type="BEG">being</w> <w type="NN">momentum</w> <w type="IN">of</w> <w type="VBN">ejected</w> <w type="NN">material</w> <w type="IN">from</w> <w type="AT">the</w> <w type="NN">sensor</w> <c type="pct">.</c> </s>
<s n="59"><w type="DT">This</w> <c type="pct">``</c> <w type="NN">ejection</w> <c type="pct">''</c> <w type="NN">momentum</w> <w type="BEZ">is</w> <w type="RB">linearly</w> <w type="VBN">related</w> <w type="IN">to</w> <w type="AT">the</w> <w type="NN">particle</w> <w type="NN">energy</w> <c type="pct">.</c> </s>
<s n="60"><w type="PPSS">They</w> <w type="VB">quote</w> <w type="RB">about</w> <w type="AT">the</w> <w type="AP">same</w> <w type="NN">mass</w> <w type="NN">threshold</w> <w type="CS">as</w> <w type="DT">that</w> <w type="IN">of</w> <w type="AT">the</w> <w type="NP">U.S.</w> <w type="NN">apparatus</w> <c type="pct">,</c> <w type="CC">but</w> <w type="AT">a</w> <w type="NN">momentum</w> <w type="NN">threshold</w> <w type="RB">about</w> <w type="CD">40</w> <w type="NNS">times</w> <w type="JJR">greater</w> <c type="pct">.</c> </s>
<s n="61"><w type="EX">There</w> <w type="BEZ">is</w> <w type="AT">a</w> <w type="NN">difference</w> <w type="IN">in</w> <w type="AT">the</w> <w type="JJ">experimental</w> <w type="NN">arrangement</w> <c type="pct">,</c> <w type="IN">in</w> <w type="CS">that</w> <w type="AT">the</w> <w type="NP">U.S.</w> <w type="NNS">microphones</w> <w type="BER">are</w> <w type="VBN">attached</w> <w type="RB">directly</w> <w type="IN">to</w> <w type="AT">the</w> <w type="NN">vehicle</w> <w type="NN">skin</w> <w type="CS">while</w> <w type="AT">the</w> <w type="JJ">Russian</w> <w type="NNS">instruments</w> <w type="BER">are</w> <w type="VBN">isolated</w> <w type="IN">from</w> <w type="AT">the</w> <w type="NN">skin</w> <c type="pct">.</c> </s>
<s n="62"><w type="AT">The</w> <w type="NN">threshold</w> <w type="NN">mass</w> <w type="BEZ">is</w> <w type="VBN">derived</w> <w type="IN">from</w> <w type="AT">the</w> <w type="NN">momentum</w> <w type="NN">threshold</w> <w type="IN">with</w> <w type="AT">the</w> <w type="NN">assumption</w> <w type="IN">of</w> <w type="AT">a</w> <w type="JJ">mean</w> <w type="NN">impact</w> <w type="NN">velocity</w> <w type="IN">of</w> <w type="NN">Af</w> <w type="IN">in</w> <w type="AT">the</w> <w type="NP">U.S.</w> <w type="NN">work</w> <w type="CC">and</w> <w type="NN">Af</w> <w type="IN">in</w> <w type="AT">the</w> <w type="NP">U.S.S.R.</w> <w type="NN">work</w> <c type="pct">.</c> </s>
<s n="63"><w type="AT">The</w> <w type="NN">threshold</w> <w type="NN">mass</w> <w type="IN">of</w> <w type="RB">about</w> <w type="NN">Af</w> <w type="VBZ">corresponds</w> <w type="IN">to</w> <w type="AT">a</w> <w type="NN">10-M-diameter</w> <w type="NN">sphere</w> <w type="IN">of</w> <w type="NN">density</w> <w type="NN">Af</w> <c type="pct">.</c> </s>
<s n="64"><w type="RB">However</w> <c type="pct">,</c> <w type="AT">the</w> <w type="NN">conversion</w> <w type="IN">from</w> <w type="NN">mass</w> <w type="IN">to</w> <w type="NN">size</w> <w type="BEZ">is</w> <w type="JJ">unreliable</w> <c type="pct">,</c> <w type="CS">since</w> <w type="AP">many</w> <w type="JJ">photographic</w> <w type="NNS">meteors</w> <w type="VB">give</w> <w type="NN">evidence</w> <w type="IN">of</w> <w type="AT">a</w> <w type="JJ">fluffy</w> <c type="pct">,</c> <w type="RB">loosely</w> <w type="VBN">bound</w> <w type="NN">meteorite</w> <w type="NN">structure</w> <w type="IN">with</w> <w type="NNS">densities</w> <w type="QL">as</w> <w type="JJ">low</w> <w type="CS">as</w> <w type="NN">Af</w> <c type="pct">.</c> </s>
<s n="65"><w type="IN">To</w> <w type="WDT">what</w> <w type="NN">extent</w> <w type="QL">such</w> <w type="JJ">low</w> <w type="NN">density</w> <w type="VBZ">applies</w> <w type="IN">to</w> <w type="NNS">micrometeorites</w> <w type="BEZ">is</w> <w type="JJ">unknown</w> <c type="pct">.</c> </s>
<s n="66"><w type="AT">The</w> <w type="NN">velocity</w> <w type="NN">value</w> <w type="VBN">used</w> <w type="BEZ">is</w> <w type="RB">also</w> <w type="JJ">open</w> <w type="IN">to</w> <w type="DTI">some</w> <w type="NN">question</w> <c type="pct">;</c> <c type="pct">;</c> </s>
<s n="67"><w type="CS">if</w> <w type="AT">a</w> <w type="JJ">substantial</w> <w type="NN">fraction</w> <w type="IN">of</w> <w type="AT">the</w> <w type="NN">dust</w> <w type="BEZ">is</w> <w type="VBG">orbiting</w> <w type="IN">about</w> <w type="AT">the</w> <w type="NN" subtype="TL">Earth</w> <c type="pct">,</c> <w type="RB">only</w> <w type="RB">about</w> <w type="CD">one</w> <w type="OD">third</w> <w type="AT">the</w> <w type="JJ">above-mentioned</w> <w type="JJ">average</w> <w type="NN">velocity</w> <w type="MD">should</w> <w type="BE">be</w> <w type="VBN">used</w> <w type="IN">in</w> <w type="VBG">deriving</w> <w type="AT">the</w> <w type="NN">mass</w> <c type="pct">.</c> </s>
<s n="68"><w type="JJ">Zodiacal</w> <w type="NN">light</w> <w type="CC">and</w> <w type="AT">the</w> <w type="NN" subtype="FW">gegenschein</w> <w type="VB">give</w> <w type="DTI">some</w> <w type="NN">evidence</w> <w type="IN">for</w> <w type="ABL">such</w> <w type="AT">a</w> <w type="NN">dust</w> <w type="NN">blanket</w> <c type="pct">,</c> <w type="AT">a</w> <w type="NN">phenomenon</w> <w type="RB">also</w> <w type="TO">to</w> <w type="BE">be</w> <w type="VBN">expected</w> <w type="CS">if</w> <w type="AT">the</w> <w type="NN">dust</w> <w type="IN">before</w> <w type="NN">capture</w> <w type="BEZ">is</w> <w type="IN">in</w> <w type="JJ">circular</w> <w type="NNS">orbits</w> <w type="IN">about</w> <w type="AT">the</w> <w type="NN">sun</w> <c type="pct">,</c> <w type="CS">as</w> <w type="VBN">indicated</w> <w type="IN">by</w> <w type="AT">the</w> <w type="NN">trend</w> <w type="IN">of</w> <w type="AT">the</w> <w type="JJR">smaller</w> <w type="JJ">visible</w> <w type="NNS">meteors</w> <c type="pct">.</c> </s>
<s n="69"><w type="AT">The</w> <w type="JJ">diurnal</w> <w type="NN">variation</w> <w type="IN">in</w> <w type="AT">the</w> <w type="VBN">observed</w> <w type="NN">flux</w> <w type="MD">may</w> <w type="BE">be</w> <w type="RB">partly</w> <w type="JJ">due</w> <w type="IN">to</w> <w type="AT">the</w> <w type="NN">dependence</w> <w type="IN">of</w> <w type="AT">the</w> <w type="NN">detector</w> <w type="NN">sensitivity</w> <w type="IN">on</w> <w type="AT">the</w> <w type="JJ">incident</w> <w type="NN">velocity</w> <c type="pct">.</c> </s>
</p>
<p><s n="70"><w type="AT">The</w> <w type="NN">flux</w> <w type="IN">of</w> <w type="NNS">micrometeorites</w> <w type="IN">in</w> <w type="AT">the</w> <w type="NN">neighborhood</w> <w type="IN">of</w> <w type="AT">the</w> <w type="NN" subtype="TL">Earth</w> <w type="MD">can</w> <w type="BE">be</w> <w type="VBN">estimated</w> <w type="IN">by</w> <w type="NN">extrapolation</w> <w type="IN">from</w> <w type="NN">radar</w> <w type="CC">and</w> <w type="JJ">visual</w> <w type="NN">meteor</w> <w type="NN">data</w> <c type="pct">.</c> </s>
<s n="71"><w type="AT">A</w> <w type="NN">summary</w> <w type="IN">of</w> <w type="NN">meteorite</w> <w type="NN">data</w> <c type="pct">,</c> <w type="VBN">prepared</w> <w type="IN">by</w> <w type="NP">Whipple</w> <c type="pct">(</c> <w type="CD">1958</w> <c type="pct">)</c> <w type="IN">on</w> <w type="AT">the</w> <w type="NN">basis</w> <w type="IN">of</w> <w type="JJ">photographic</w> <c type="pct">,</c> <w type="JJ">visual</w> <c type="pct">,</c> <w type="CC">and</w> <w type="NN">radar</w> <w type="NN">evidence</w> <c type="pct">,</c> <w type="BEZ">is</w> <w type="VBN">given</w> <w type="IN">in</w> <w type="NN" subtype="TL">Table</w> <w type="CD" subtype="TL">5-1</w> <c type="pct">.</c> </s>
<s n="72"><w type="IN">From</w> <w type="AT">an</w> <w type="VBN">estimated</w> <w type="NN">mass</w> <w type="IN">of</w> <w type="CD">25</w> <w type="NN">g</w> <w type="IN">for</w> <w type="AT">a</w> <w type="NN">zero-magnitude</w> <w type="NN">meteorite</w> <c type="pct">,</c> <w type="AT">the</w> <w type="AP">other</w> <w type="NNS">masses</w> <w type="BER">are</w> <w type="VBN">derived</w> <w type="IN">with</w> <w type="AT">the</w> <w type="NN">assumption</w> <w type="IN">of</w> <w type="AT">a</w> <w type="NN">mass</w> <w type="NN">decrease</w> <w type="IN">by</w> <w type="AT">a</w> <w type="NN">factor</w> <w type="IN">of</w> <w type="CD">2.512</w> <w type="IN">for</w> <w type="DT">each</w> <w type="NN">unit</w> <w type="NN">increase</w> <w type="IN">in</w> <w type="NN">magnitude</w> <c type="pct">.</c> </s>
<s n="73"><w type="AT">The</w> <w type="NN">radius</w> <w type="BEZ">is</w> <w type="VBN">calculated</w> <w type="IN">from</w> <w type="AT">the</w> <w type="NN">mass</w> <w type="IN">by</w> <w type="VBG">assuming</w> <w type="NNS">spheres</w> <w type="IN">of</w> <w type="NN">density</w> <w type="NN">Af</w> <w type="IN">except</w> <w type="IN">for</w> <w type="AT">the</w> <w type="JJT">smallest</w> <w type="NNS">particles</w> <c type="pct">,</c> <w type="WDT">which</w> <w type="MD">must</w> <w type="HV">have</w> <w type="AT">a</w> <w type="JJR">higher</w> <w type="NN">mass</w> <w type="NN">density</w> <w type="TO">to</w> <w type="VB">remain</w> <w type="IN">in</w> <w type="AT">the</w> <w type="JJ">solar</w> <w type="NN">system</w> <w type="IN">in</w> <w type="AT">the</w> <w type="NN">presence</w> <w type="IN">of</w> <w type="NN">solar-radiation</w> <w type="NN">pressure</w> <c type="pct">.</c> </s>
<s n="74"><w type="AT">The</w> <w type="NN">flux</w> <w type="NNS">values</w> <w type="BER">are</w> <w type="IN">for</w> <w type="ABN">all</w> <w type="NNS">particles</w> <w type="IN">with</w> <w type="NNS">masses</w> <w type="JJR">greater</w> <w type="CS">than</w> <w type="AT">the</w> <w type="VBN">given</w> <w type="NN">mass</w> <w type="CC">and</w> <w type="BER">are</w> <w type="VBN">based</w> <w type="IN">on</w> <w type="AT">an</w> <w type="NN">estimate</w> <w type="IN">of</w> <w type="AT">the</w> <w type="NNS">numbers</w> <w type="IN">of</w> <w type="JJ">visual</w> <w type="NNS">meteors</w> <c type="pct">.</c> </s>
<s n="75"><w type="PPS">It</w> <w type="BEZ">is</w> <w type="VBN">assumed</w> <w type="CS">that</w> <w type="AT">the</w> <w type="NN">flux</w> <w type="NNS">values</w> <w type="VB">increase</w> <w type="IN">by</w> <w type="AT">a</w> <w type="NN">factor</w> <w type="IN">of</w> <w type="CD">2.512</w> <w type="IN">per</w> <w type="NN">magnitude</w> <c type="pct">,</c> <w type="IN">in</w> <w type="NN">accordance</w> <w type="IN">with</w> <w type="AT">the</w> <w type="NN">opinion</w> <w type="CS">that</w> <w type="AT">the</w> <w type="JJ">total</w> <w type="NN">mass</w> <w type="NN">flux</w> <w type="IN">in</w> <w type="DT">each</w> <w type="NN">unit</w> <w type="NN">range</w> <w type="IN">in</w> <w type="NN">magnitude</w> <w type="BEZ">is</w> <w type="JJ">constant</w> <c type="pct">.</c> </s>
<s n="76"><w type="AT">The</w> <w type="NNS">values</w> <w type="VB">agree</w> <w type="IN">with</w> <w type="AT">the</w> <w type="NNS">data</w> <w type="IN">from</w> <w type="CD">1958</w> <w type="NP">Alpha</w> <w type="CC">and</w> <w type="CD">1959</w> <w type="NP">Eta</w> <c type="pct">.</c> </s>
<s n="77"><w type="AT">The</w> <w type="NNS">figures</w> <w type="IN">in</w> <w type="AT">the</w> <w type="AP">next-to-last</w> <w type="NN">column</w> <w type="BER">are</w> <w type="VBN">derived</w> <w type="IN">with</w> <w type="AT">the</w> <w type="NN">assumption</w> <w type="IN">of</w> <w type="CD">50</w> <w type="IN">per</w> <w type="NN">cent</w> <w type="NN">shielding</w> <w type="IN">by</w> <w type="AT">the</w> <w type="NN" subtype="TL">Earth</w> <c type="pct">;</c> <c type="pct">;</c> </s>
<s n="78"><w type="RB">hence</w> <c type="pct">,</c> <w type="DTS">these</w> <w type="NNS">figures</w> <w type="VB">apply</w> <w type="QL">immediately</w> <w type="IN">above</w> <w type="AT">the</w> <w type="NNg" subtype="TL">Earth's</w> <w type="NN">atmosphere</w> <c type="pct">.</c> </s>
<s n="79"><w type="AT">The</w> <w type="JJ">unshielded</w> <w type="NN">flux</w> <w type="BEZ">is</w> <w type="VBN">given</w> <w type="IN">in</w> <w type="AT">the</w> <w type="AP">last</w> <w type="NN">column</w> <c type="pct">;</c> <c type="pct">;</c> </s>
<s n="80"><w type="DTS">these</w> <w type="NNS">figures</w> <w type="VB">constitute</w> <w type="AT">the</w> <w type="JJT">best</w> <w type="NN">estimate</w> <w type="IN">for</w> <w type="AT">the</w> <w type="NN">flux</w> <w type="IN">in</w> <w type="JJ">interplanetary</w> <w type="NN">space</w> <w type="IN">near</w> <w type="AT">the</w> <w type="NN" subtype="TL">Earth</w> <c type="pct">.</c> </s>
<s n="81"><w type="IN">Of</w> <w type="NN">course</w> <c type="pct">,</c> <w type="CS">if</w> <w type="EX">there</w> <w type="BEZ">is</w> <w type="AT">a</w> <w type="NN">dust</w> <w type="NN">blanket</w> <w type="IN">around</w> <w type="AT">the</w> <w type="NN" subtype="TL">Earth</w> <c type="pct">,</c> <w type="AT">the</w> <w type="NNS">fluxes</w> <w type="IN">in</w> <w type="JJ">interplanetary</w> <w type="NN">space</w> <w type="MD">should</w> <w type="BE">be</w> <w type="AP">less</w> <w type="CS">than</w> <w type="AT">the</w> <w type="NNS">figures</w> <w type="VBN">given</w> <w type="RB">here</w> <c type="pct">.</c> </s>
</p>
<p><s n="82"><w type="VB">Note</w> <w type="CS">that</w> <w type="AT">the</w> <w type="NN">mass</w> <w type="NN">scale</w> <w type="BEZ">is</w> <w type="CD">one</w> <w type="IN">to</w> <w type="CD">two</w> <w type="NNS">orders</w> <w type="IN">of</w> <w type="NN">magnitude</w> <w type="JJR">greater</w> <w type="CS">than</w> <w type="DTI">some</w> <w type="RB">previously</w> <w type="VBN">used</w> <c type="pct">;</c> <c type="pct">;</c> </s>
<s n="83"><w type="IN">for</w> <w type="NN">example</w> <c type="pct">,</c> <w type="NP">Jacchia</w> <c type="pct">(</c> <w type="CD">1948</w> <c type="pct">)</c> <w type="VBN">derived</w> <w type="AT">a</w> <w type="NN">scale</w> <w type="IN">of</w> <w type="CD">0.15</w> <w type="NN">g</w> <w type="IN">for</w> <w type="AT">a</w> <w type="NN">Af</w> <c type="pct">,</c> <w type="NN">zero-magnitude</w> <w type="NN">meteorite</w> <c type="pct">.</c> </s>
<s n="84"><w type="AT">The</w> <w type="JJR">older</w> <w type="NNS">scales</w> <w type="BED">were</w> <w type="VBN">based</w> <w type="IN">on</w> <w type="JJ">theoretical</w> <w type="NNS">estimates</w> <w type="IN">of</w> <w type="AT">the</w> <w type="NN">conversion</w> <w type="NN">efficiency</w> <w type="IN">of</w> <w type="JJ">kinetic</w> <w type="NN">energy</w> <w type="IN">into</w> <w type="NN">light</w> <c type="pct">.</c> </s>
<s n="85"><w type="AT">The</w> <w type="NN">mass</w> <w type="NN">scale</w> <w type="VBN">used</w> <w type="IN">in</w> <w type="NN" subtype="TL">Table</w> <w type="CD" subtype="TL">5-1</w> <w type="BEDZ">was</w> <w type="VBN">derived</w> <w type="IN">on</w> <w type="AT">the</w> <w type="NN">assumption</w> <w type="CS">that</w> <w type="AT">the</w> <w type="NN">motion</w> <w type="IN">of</w> <w type="AT">the</w> <w type="VBG">glowing</w> <w type="NN">trail</w> <w type="BEZ">is</w> <w type="VBN">related</w> <w type="IN">to</w> <w type="AT">the</w> <w type="NN">momentum</w> <w type="NN">transfer</w> <w type="IN">to</w> <w type="AT">the</w> <w type="NN">trail</w> <w type="IN">by</w> <w type="AT">the</w> <w type="NN">meteorite</w> <c type="pct">,</c> <w type="VBG">permitting</w> <w type="AT">the</w> <w type="NN">calculation</w> <w type="IN">of</w> <w type="AT">the</w> <w type="NN">mass</w> <w type="CS">if</w> <w type="AT">the</w> <w type="NN">velocity</w> <w type="BEZ">is</w> <w type="VBN">known</w> <c type="pct">(</c> <w type="NP">Cook</w> <w type="CC">and</w> <w type="NP">Whipple</w> <c type="pct">,</c> <w type="CD">1958</w> <c type="pct">)</c> <c type="pct">.</c> </s>
</p>
<p><s n="86"><w type="AT">A</w> <w type="NN">concentration</w> <w type="NN">distribution</w> <w type="HVZ">has</w> <w type="BEN">been</w> <w type="VBN">derived</w> <w type="IN">from</w> <w type="NN">radar</w> <w type="NNS">observations</w> <w type="JJ">sensitive</w> <w type="IN">to</w> <w type="AT">the</w> <w type="OD">fifteenth</w> <w type="NN">magnitude</w> <c type="pct">(</c> <w type="NP">Manning</w> <w type="CC">and</w> <w type="NP">Eshleman</w> <c type="pct">,</c> <w type="CD">1959</w> <c type="pct">)</c> <c type="pct">.</c> </s>
<s n="87"><w type="NN">Extrapolation</w> <w type="IN">of</w> <w type="DT">this</w> <w type="NN">relationship</w> <w type="IN">through</w> <w type="AT">the</w> <w type="OD">thirtieth</w> <w type="NN">magnitude</w> <w type="VBZ">covers</w> <w type="AT">the</w> <w type="NN">range</w> <w type="IN">of</w> <w type="NNS">micrometeorites</w> <c type="pct">.</c> </s>
<s n="88"><w type="AT">The</w> <w type="JJ">approximate</w> <w type="NN">equation</w> <w type="BEZ">is</w> <w type="NN">Af</w> <c type="pct">,</c> <w type="WRB">where</w> <w type="NP">N</w> <w type="BEZ">is</w> <w type="AT">the</w> <w type="NN">number</w> <w type="IN">of</w> <w type="NN">Af</w> <w type="IN">with</w> <w type="NN">electron</w> <w type="NN">line-density</w> <w type="JJR">greater</w> <w type="CS">than</w> <w type="CC">or</w> <w type="JJ">equal</w> <w type="IN">to</w> <w type="NN">Af</w> <c type="pct">,</c> <w type="CC">and</w> <w type="NP">Q</w> <w type="BEZ">is</w> <w type="JJ">proportional</w> <w type="IN">to</w> <w type="AT">the</w> <w type="NN">mass</w> <w type="IN">of</w> <w type="AT">the</w> <w type="NN">meteorite</w> <c type="pct">.</c> </s>
<s n="89"><w type="RB">Therefore</w> <c type="pct">,</c> <w type="NP">N</w> <w type="BEZ">is</w> <w type="RB">inversely</w> <w type="JJ">proportional</w> <w type="IN">to</w> <w type="AT">the</w> <w type="NN">radius</w> <w type="VBN">cubed</w> <w type="CC">and</w> <w type="IN">in</w> <w type="JJ">fair</w> <w type="NN">agreement</w> <w type="IN">with</w> <w type="AT">the</w> <w type="JJ">inverse</w> <w type="CD">7/2</w> <w type="NN">power</w> <w type="VBN">derived</w> <w type="IN">from</w> <w type="CD">1958</w> <w type="NP">Alpha</w> <w type="CC">and</w> <w type="CD">1959</w> <w type="NP">Eta</w> <w type="NNS">data</w> <c type="pct">.</c> </s>
<s n="90"><w type="IN">At</w> <w type="AT">the</w> <w type="OD">fifteenth</w> <w type="NN">magnitude</w> <c type="pct">,</c> <w type="NN">Af</w> <c type="pct">,</c> <w type="CC">and</w> <w type="IN">at</w> <w type="AT">the</w> <w type="OD">twenty-fifth</w> <w type="NN">magnitude</w> <c type="pct">,</c> <w type="NN">Af</w> <c type="pct">.</c> </s>
<s n="91"><w type="DTS">These</w> <w type="VBN">extrapolated</w> <w type="NNS">fluxes</w> <w type="BER">are</w> <w type="RB">about</w> <w type="AT">an</w> <w type="NN">order</w> <w type="IN">of</w> <w type="NN">magnitude</w> <w type="AP">less</w> <w type="CS">than</w> <w type="AT">the</w> <w type="NNS">values</w> <w type="IN">from</w> <w type="AT">the</w> <w type="NN">satellite</w> <w type="NN">data</w> <w type="CC">and</w> <w type="AT">the</w> <w type="NNS">figures</w> <w type="IN">in</w> <w type="NPg">Whipple's</w> <w type="NN">table</w> <c type="pct">.</c> </s>
<s n="92"><w type="AT">The</w> <w type="NN">extrapolation</w> <w type="MD">may</w> <w type="BE">be</w> <w type="IN">in</w> <w type="NN">error</w> <w type="IN">for</w> <w type="AP">several</w> <w type="NNS">reasons</w> <c type="pct">.</c> </s>
<s n="93"><w type="AT">The</w> <w type="JJ">observational</w> <w type="NNS">data</w> <w type="VBG">determining</w> <w type="AT">the</w> <w type="NN">concentration</w> <w type="NN">distribution</w> <w type="HV">have</w> <w type="AT">a</w> <w type="NN">range</w> <w type="IN">of</w> <w type="NN">error</w> <w type="WDT">which</w> <w type="BEZ">is</w> <w type="VBN">magnified</w> <w type="IN">in</w> <w type="AT">the</w> <w type="NN">extension</w> <w type="IN">into</w> <w type="AT">the</w> <w type="NN">micrometeorite</w> <w type="NN">region</w> <c type="pct">.</c> </s>
<s n="94"><w type="AT">The</w> <w type="JJ">solar-electromagnetic-</w> <w type="CC">and</w> <w type="NN">corpuscular-radiation</w> <w type="NN">pressure</w> <w type="CC">and</w> <w type="AT">the</w> <w type="VBN">associated</w> <w type="NP">Poynting-Robertson</w> <w type="NN">effect</w> <w type="VB">increase</w> <w type="IN">in</w> <w type="NN">effectiveness</w> <w type="CS">as</w> <w type="AT">the</w> <w type="NN">particle</w> <w type="NN">size</w> <w type="VBZ">decreases</w> <w type="CC">and</w> <w type="VB">modify</w> <w type="AT">the</w> <w type="NN">distribution</w> <w type="CC">and</w> <w type="VB">limit</w> <w type="NNS">sizes</w> <w type="IN">to</w> <w type="JJR">larger</w> <w type="CS">than</w> <w type="AT">a</w> <w type="AP">few</w> <w type="NNS">microns</w> <c type="pct">.</c> </s>
<s n="95"><w type="RB">Also</w> <c type="pct">,</c> <w type="PPS">it</w> <w type="HVZ">has</w> <w type="BEN">been</w> <w type="VBN">suggested</w> <w type="CS">that</w> <w type="AT">the</w> <w type="NN">source</w> <w type="IN">of</w> <w type="ABN">all</w> <w type="CC">or</w> <w type="NN">part</w> <w type="IN">of</w> <w type="AT">the</w> <w type="NN">dust</w> <w type="MD">may</w> <w type="NEG">not</w> <w type="BE">be</w> <w type="AT">the</w> <w type="AP">same</w> <w type="CS">as</w> <w type="DT">that</w> <w type="IN">for</w> <w type="JJ">visual</w> <w type="CC">or</w> <w type="NN">radar</w> <w type="NNS">meteorites</w> <c type="pct">(</c> <w type="NP">Best</w> <c type="pct">,</c> <w type="CD">1960</w> <c type="pct">)</c> <c type="pct">,</c> <w type="CC">and</w> <w type="AT">the</w> <w type="AP">same</w> <w type="NN">distribution</w> <w type="MD">would</w> <w type="NEG">not</w> <w type="BE">be</w> <w type="VBN">expected</w> <c type="pct">.</c> </s>
</p>
<p><s n="96"><w type="CD" subtype="HL">5.4</w> <c type="pct">.</c> </s>
<s n="97"><w type="JJ" subtype="HL">Indirect</w> <w type="NNS" subtype="HL">indications</w> <w type="IN" subtype="HL">of</w> <w type="NN" subtype="HL">micrometeorite</w> <w type="NN" subtype="HL">flux</w> </s>
<s n="98"><w type="AT">A</w> <w type="NN">measure</w> <w type="IN">of</w> <w type="AT">the</w> <w type="JJ">total</w> <w type="NN">mass</w> <w type="NN">accretion</w> <w type="IN">of</w> <w type="JJ">meteoritic</w> <w type="NN">material</w> <w type="IN">by</w> <w type="AT">the</w> <w type="NN" subtype="TL">Earth</w> <w type="BEZ">is</w> <w type="VBN">obtained</w> <w type="IN">from</w> <w type="NNS">analyses</w> <w type="IN">of</w> <w type="JJ">deep-sea</w> <w type="NNS">sediments</w> <w type="CC">and</w> <w type="NN">dust</w> <w type="VBN">collected</w> <w type="IN">in</w> <w type="JJ">remote</w> <w type="NNS">regions</w> <c type="pct">(</c> <w type="NP">Pettersson</w> <c type="pct">,</c> <w type="CD">1960</w> <c type="pct">)</c> <c type="pct">.</c> </s>
<s n="99"><w type="AP">Most</w> <w type="JJ">meteoritic</w> <w type="NN">material</w> <c type="pct">,</c> <w type="IN">by</w> <w type="AT">the</w> <w type="NN">time</w> <w type="PPS">it</w> <w type="VBZ">reaches</w> <w type="AT">the</w> <w type="NNg" subtype="TL">Earth's</w> <w type="NN">surface</w> <c type="pct">,</c> <w type="HVZ">has</w> <w type="BEN">been</w> <w type="VBN">reduced</w> <w type="IN">to</w> <w type="NN">dust</w> <w type="CC">or</w> <w type="IN">to</w> <w type="NNS">spherules</w> <w type="IN">of</w> <w type="VBN">ablated</w> <w type="NN">material</w> <w type="IN">in</w> <w type="PPg">its</w> <w type="NN">passage</w> <w type="IN">through</w> <w type="AT">the</w> <w type="NN">atmosphere</w> <c type="pct">.</c> </s>
<s n="100"><w type="IN">For</w> <w type="ABN">all</w> <w type="NNS">meteorites</w> <c type="pct">,</c> <w type="AT">the</w> <w type="JJ">average</w> <w type="NN">nickel</w> <w type="NN">content</w> <w type="BEZ">is</w> <w type="RB">about</w> <w type="CD">2.5</w> <w type="IN">per</w> <w type="NN">cent</w> <c type="pct">.</c> </s>
<s n="101"><w type="DT">This</w> <w type="BEZ">is</w> <w type="QL">much</w> <w type="JJR">higher</w> <w type="CS">than</w> <w type="AT">the</w> <w type="NN">nickel</w> <w type="NN">content</w> <w type="IN">of</w> <w type="JJ">terrestrial</w> <w type="NNS">dusts</w> <w type="CC">and</w> <w type="NNS">sediments</w> <w type="CC">and</w> <w type="VBZ">provides</w> <w type="AT">a</w> <w type="NN">basis</w> <w type="IN">for</w> <w type="AT">the</w> <w type="NN">determination</w> <w type="IN">of</w> <w type="AT">the</w> <w type="JJ">meteoritic</w> <w type="NN">mass</w> <w type="NN">influx</w> <c type="pct">.</c> </s>
<s n="102"><w type="JJ">Present</w> <w type="NNS">data</w> <w type="VB">indicate</w> <w type="AT">an</w> <w type="NN">accretion</w> <w type="IN">of</w> <w type="RB">about</w> <w type="NN">Af</w> <w type="NNS">tons</w> <w type="IN">per</w> <w type="NN">year</w> <w type="IN">over</w> <w type="AT">the</w> <w type="JJ">entire</w> <w type="NN">globe</w> <c type="pct">,</c> <w type="CC">or</w> <w type="RB">about</w> <w type="NN">Af</w> <c type="pct">.</c> </s>
</p>
<p></p></body></text></TEI>
