<TEI xmlns="http://www.tei-c.org/ns/1.0"><teiHeader><fileDesc><titleStmt><title>Sample J11 from  Clifford H. Pope, The Giant Snakes.
 New York: Alfred A. Knopf, 1961. Pp. 150-155.
 </title></titleStmt><editionStmt><edition>A part  of the XML version of the Brown Corpus</edition></editionStmt><extent>2,015 words 21 (1.0%) quotes</extent><publicationStmt><idno>J11</idno><availability><p>Used by permission. 0010-1790</p></availability></publicationStmt><sourceDesc><bibl> Clifford H. Pope, The Giant Snakes.
 New York: Alfred A. Knopf, 1961. Pp. 150-155.
 </bibl></sourceDesc></fileDesc><encodingDesc><p/></encodingDesc><revisionDesc><change when="2008-04-27">Header auto-generated for TEI version</change></revisionDesc></teiHeader>
<text xml:id="J11" decls="J">
<body><p><s n="1"><w type="AP">Many</w> <w type="AP">other</w> <c type="pct">(</c> <w type="RB">probably</w> <w type="QL">nearly</w> <w type="ABN">all</w> <c type="pct">)</c> <w type="NNS">snakes</w> <w type="IN">at</w> <w type="NN">maturity</w> <w type="BER">are</w> <w type="RB">already</w> <w type="AP">more</w> <w type="CS">than</w> <w type="ABN">half</w> <w type="PPg">their</w> <w type="JJ">final</w> <w type="NN">length</w> <c type="pct">.</c> </s>
<s n="2"><w type="NP">Laurence</w> <w type="NP">M.</w> <w type="NP">Klauber</w> <w type="VBD">put</w> <w type="NN">length</w> <w type="IN">at</w> <w type="NN">maturity</w> <w type="IN">at</w> <w type="CD">two</w> <w type="NNS">thirds</w> <w type="AT">the</w> <w type="JJ">ultimate</w> <w type="NN">length</w> <w type="IN">for</w> <w type="DTI">some</w> <w type="NNS">rattlesnakes</w> <c type="pct">,</c> <w type="CC">and</w> <w type="NP">Charles</w> <w type="NP">C.</w> <w type="NPg">Carpenter's</w> <w type="NNS">data</w> <w type="IN">on</w> <w type="NP">Michigan</w> <w type="NN">garter</w> <w type="CC">and</w> <w type="NN">ribbon</w> <w type="NNS">snakes</w> <c type="pct">(</c> <w type="NP">Thamnophis</w> <c type="pct">)</c> <w type="VB">show</w> <w type="CS">that</w> <w type="AT">the</w> <w type="JJT">smallest</w> <w type="JJ">gravid</w> <w type="NNS">females</w> <w type="BER">are</w> <w type="AP">more</w> <w type="CS">than</w> <w type="ABN">half</w> <w type="CS">as</w> <w type="JJ">long</w> <w type="CS">as</w> <w type="AT">the</w> <w type="JJT">biggest</w> <w type="NNS">adults</w> <c type="pct">.</c> </s>
<s n="3"><w type="NP">Felix</w> <w type="NP">Kopstein</w> <w type="VBZ">states</w> <w type="CS">that</w> <c type="pct">``</c> <w type="WRB">when</w> <w type="AT">the</w> <w type="NN">snake</w> <w type="VBZ">reaches</w> <w type="PPg">its</w> <w type="NN">maturity</w> <w type="PPS">it</w> <w type="HVZ">has</w> <w type="RB">already</w> <w type="VBN">reached</w> <w type="RB">about</w> <w type="PPg">its</w> <w type="JJ">maximal</w> <w type="NN">length</w> <c type="pct">''</c> <c type="pct">,</c> <w type="CC">but</w> <w type="VBZ">goes</w> <w type="RP">on</w> <w type="TO">to</w> <w type="VB">cite</w> <w type="AT">the</w> <w type="JJ">reticulate</w> <w type="NN">python</w> <w type="CS">as</w> <w type="AT">an</w> <w type="NN">exception</w> <c type="pct">,</c> <w type="IN">with</w> <w type="JJ">maximum</w> <w type="NN">length</w> <w type="RB">approximately</w> <w type="CD">three</w> <w type="NNS">times</w> <w type="DT">that</w> <w type="IN">at</w> <w type="NN">maturity</w> <c type="pct">.</c> </s>
<s n="4"><w type="PPS">It</w> <w type="BEZ">is</w> <w type="JJ">hard</w> <w type="TO">to</w> <w type="VB">understand</w> <w type="WRB">how</w> <w type="PPS">he</w> <w type="VBD">concluded</w> <w type="CS">that</w> <w type="AP">most</w> <w type="NNS">snakes</w> <w type="DO">do</w> <w type="NEG">not</w> <w type="VB">grow</w> <w type="RB">appreciably</w> <w type="CS">after</w> <w type="VBG">attaining</w> <w type="NN">maturity</w> <c type="pct">;</c> <c type="pct">;</c> </s>
<s n="5"><w type="PPS">he</w> <w type="BEDZ">was</w> <w type="VBG">working</w> <w type="IN">with</w> <w type="NNS">species</w> <w type="IN">of</w> <w type="NP">Java</w> <c type="pct">,</c> <w type="RB">so</w> <w type="RB">perhaps</w> <w type="DTI">some</w> <w type="JJ">tropical</w> <w type="NNS">snakes</w> <w type="BER">are</w> <w type="JJ">unusual</w> <w type="IN">in</w> <w type="DT">this</w> <w type="NN">respect</w> <c type="pct">.</c> </s>
<s n="6"><w type="AP">Certain</w> <w type="JJ">individual</w> <w type="NNS">giants</w> <w type="VBN">recorded</w> <w type="RBR">later</w> <w type="DOD">did</w> <w type="VB">fail</w> <w type="TO">to</w> <w type="VB">show</w> <w type="AT">a</w> <w type="JJ">reasonable</w> <w type="NN">difference</w> <w type="IN">after</w> <w type="NN">maturity</w> <c type="pct">,</c> <w type="CC">but</w> <w type="PPS">it</w> <w type="BEZ">is</w> <w type="JJ">impossible</w> <w type="TO">to</w> <w type="VB">know</w> <w type="CS">whether</w> <w type="DT">this</w> <w type="BEZ">is</w> <w type="JJ">due</w> <w type="IN">to</w> <w type="JJ">captive</w> <w type="NNS">conditions</w> <c type="pct">.</c> </s>
<s n="7"><w type="JJ">Additional</w> <w type="NNS">records</w> <w type="IN">of</w> <w type="JJ">slow</w> <w type="NN">growth</w> <w type="HV">have</w> <w type="BEN">been</w> <w type="VBN">omitted</w> <c type="pct">.</c> </s>
</p>
<p><s n="8"><w type="PPS">It</w> <w type="BEZ">is</w> <w type="JJ">possible</w> <w type="TO">to</w> <w type="VB">make</w> <w type="AT">a</w> <w type="AP">few</w> <w type="NNS">generalizations</w> <w type="IN">about</w> <w type="AT">the</w> <w type="CD">six</w> <w type="NNS">giants</w> <w type="PPLS">themselves</w> <c type="pct">.</c> </s>
<s n="9"><w type="EX">There</w> <w type="VBZ">seems</w> <w type="TO">to</w> <w type="BE">be</w> <w type="AT">a</w> <w type="JJ">rough</w> <w type="NN">correlation</w> <w type="IN">between</w> <w type="AT">the</w> <w type="JJ">initial</w> <w type="CC">and</w> <w type="JJ">ultimate</w> <w type="NNS">lengths</w> <c type="pct">,</c> <w type="VBG">starting</w> <w type="IN">with</w> <w type="AT">the</w> <w type="JJT">smallest</w> <c type="pct">(</c> <w type="NN">boa</w> <w type="NN">constrictor</w> <c type="pct">)</c> <w type="CC">and</w> <w type="VBG">ending</w> <w type="IN">with</w> <w type="AT">the</w> <w type="JJT">largest</w> <c type="pct">(</c> <w type="NN">anaconda</w> <c type="pct">)</c> <c type="pct">.</c> </s>
<s n="10"><w type="NNS">Data</w> <w type="IN">on</w> <w type="AT">the</w> <w type="AP">former</w> <w type="BER">are</w> <w type="JJ">scanty</w> <c type="pct">,</c> <w type="CC">but</w> <w type="EX">there</w> <w type="MD">can</w> <w type="BE">be</w> <w type="AP">little</w> <w type="NN">doubt</w> <w type="CS">that</w> <w type="AT">the</w> <w type="AP">latter</w> <w type="BEZ">is</w> <w type="RB">sometimes</w> <w type="VBN">born</w> <w type="IN">at</w> <w type="AT">a</w> <w type="NN">length</w> <w type="JJR">greater</w> <w type="CS">than</w> <w type="DT">that</w> <w type="IN">of</w> <w type="DTI">any</w> <w type="IN">of</w> <w type="AT">the</w> <w type="NNS">others</w> <c type="pct">,</c> <w type="RB">thereby</w> <w type="VBG">lending</w> <w type="NN">support</w> <w type="IN">to</w> <w type="AT">the</w> <w type="NN">belief</w> <w type="CS">that</w> <w type="AT">the</w> <w type="NN">anaconda</w> <w type="DOZ">does</w> <c type="pct">,</c> <w type="RB">indeed</w> <c type="pct">,</c> <w type="VB">attain</w> <w type="AT">the</w> <w type="JJT">greatest</w> <w type="NN">length</w> <c type="pct">.</c> </s>
<s n="11"><w type="IN">For</w> <w type="CD">four</w> <w type="IN">of</w> <w type="AT">the</w> <w type="CD">six</w> <c type="pct">(</c> <w type="AT">the</w> <w type="NN">anaconda</w> <w type="CC">and</w> <w type="AT">the</w> <w type="NN">amethystine</w> <w type="NN">python</w> <mw pos="MD *">cannot </mw><w type="BE">be</w> <w type="VBN">included</w> <w type="IN">for</w> <w type="NN">lack</w> <w type="IN">of</w> <w type="NN">data</w> <c type="pct">)</c> <w type="EX">there</w> <w type="BEZ">is</w> <w type="RB">also</w> <w type="AT">a</w> <w type="NN">correlation</w> <w type="IN">between</w> <w type="NN">size</w> <w type="IN">at</w> <w type="NN">maturity</w> <w type="CC">and</w> <w type="JJ">maximum</w> <w type="NN">length</w> <c type="pct">,</c> <w type="AT">the</w> <w type="NN">boa</w> <w type="NN">constrictor</w> <w type="BEG">being</w> <w type="AT">the</w> <w type="JJT">smallest</w> <w type="CC">and</w> <w type="AT">the</w> <w type="JJ">Indian</w> <w type="NN">python</w> <w type="AT">the</w> <w type="AP">next</w> <w type="IN">in</w> <w type="NN">size</w> <w type="IN">at</w> <w type="AT">the</w> <w type="AP">former</w> <w type="NN">stage</w> <c type="pct">.</c> </s>
</p>
<p><s n="12"><w type="VB">Let</w> <w type="PPO">us</w> <w type="VB">speculate</w> <w type="AT">a</w> <w type="JJ">little</w> <w type="IN">on</w> <w type="AT">the</w> <w type="JJ">maximum</w> <w type="NN">size</w> <w type="IN">of</w> <w type="AT">the</w> <w type="NN">anaconda</w> <c type="pct">.</c> </s>
<s n="13"><w type="CS">If</w> <c type="pct">,</c> <w type="IN">in</w> <w type="AT">a</w> <w type="AP">certain</w> <w type="NN">part</w> <w type="IN">of</w> <w type="AT">the</w> <w type="NN">range</w> <c type="pct">,</c> <w type="PPS">it</w> <w type="VBZ">starts</w> <w type="NN">life</w> <w type="CD">1</w> <w type="NN">foot</w> <w type="JJR">longer</w> <w type="CS">than</w> <w type="DO">do</w> <w type="DTI">any</w> <w type="IN">of</w> <w type="AT">the</w> <w type="AP">other</w> <c type="pct">(</c> <w type="QL">relatively</w> <w type="JJ">large</w> <c type="pct">)</c> <w type="NNS">giants</w> <c type="pct">,</c> <w type="CC">and</w> <w type="VBZ">reaches</w> <w type="NN">maturity</w> <w type="IN">at</w> <c type="pct">,</c> <w type="VB">let</w> <w type="PPO">us</w> <w type="VB">guess</w> <c type="pct">,</c> <w type="CD">18</w> <w type="NNS">inches</w> <w type="JJR">longer</w> <w type="CS">than</w> <w type="AT">the</w> <w type="NNS">others</w> <c type="pct">,</c> <w type="AT">a</w> <w type="NN">quadrupling</w> <w type="IN">of</w> <w type="AT">the</w> <w type="NN">maturity</w> <w type="NN">length</w> <w type="MD">would</w> <w type="VB">result</w> <w type="IN">in</w> <w type="AT">a</w> <w type="JJ">maximum</w> <w type="IN">of</w> <c type="pct">(</c> <w type="RB">nearly</w> <c type="pct">)</c> <w type="CD">40</w> <w type="NNS">feet</w> <c type="pct">.</c> </s>
</p>
<p><s n="14"><w type="WRB">When</w> <w type="PPS">it</w> <w type="VBZ">comes</w> <w type="IN">to</w> <w type="NN">rate</w> <w type="IN">of</w> <w type="JJ">early</w> <w type="NN">growth</w> <c type="pct">,</c> <w type="AT">the</w> <w type="JJ">Indian</w> <w type="NN">python</w> <w type="VBZ">leads</w> <w type="IN">with</w> <w type="AT">a</w> <w type="NN">figure</w> <w type="IN">of</w> <w type="RB">about</w> <w type="CD">3</w> <w type="NNS">feet</w> <w type="CD">6</w> <w type="NNS">inches</w> <w type="IN">per</w> <w type="NN">year</w> <w type="IN">for</w> <w type="AT">the</w> <w type="OD">first</w> <w type="CD">two</w> <w type="NNS">years</w> <c type="pct">,</c> <w type="AP">more</w> <w type="CC">or</w> <w type="AP">less</w> <c type="pct">.</c> </s>
<s n="15"><w type="AT">The</w> <w type="JJ">African</w> <w type="NN">rock</w> <w type="NN">python</w> <c type="pct">,</c> <w type="AT">a</w> <w type="JJ">close</w> <w type="OD">second</w> <c type="pct">,</c> <w type="BEZ">is</w> <w type="VBN">followed</w> <w type="IN">in</w> <w type="NN">turn</w> <w type="IN">by</w> <w type="AT">the</w> <w type="JJ">reticulate</w> <w type="NN">python</w> <c type="pct">.</c> </s>
<s n="16"><w type="EX">There</w> <w type="BER">are</w> <w type="AP">few</w> <w type="NNS">data</w> <w type="IN">on</w> <w type="AT">the</w> <w type="NN">boa</w> <w type="NN">constrictor</w> <c type="pct">,</c> <w type="DTS">those</w> <w type="IN">for</w> <w type="AT">the</w> <w type="NN">anaconda</w> <w type="BER">are</w> <w type="JJ">unconvincing</w> <c type="pct">,</c> <w type="CC">and</w> <w type="EX">there</w> <w type="BEZ">is</w> <w type="PN">nothing</w> <w type="IN">at</w> <w type="ABN">all</w> <w type="IN">on</w> <w type="AT">the</w> <w type="NN">amethystine</w> <w type="NN">python</w> <c type="pct">.</c> </s>
<s n="17"><w type="PPS">It</w> <w type="VBZ">seems</w> <w type="JJ">likely</w> <w type="CS">that</w> <w type="AT">the</w> <w type="JJ">Indian</w> <w type="NN">python</w> <w type="VBZ">comes</w> <w type="RP">out</w> <w type="RB">ahead</w> <w type="CS">because</w> <w type="NNS">records</w> <w type="IN">of</w> <w type="PPg">its</w> <w type="NN">growth</w> <w type="HV">have</w> <w type="BEN">been</w> <w type="VBN">made</w> <w type="QL">more</w> <w type="RB">carefully</w> <w type="CC">and</w> <w type="RB">frequently</w> <c type="pct">;</c> <c type="pct">;</c> </s>
<s n="18"><w type="PPS">it</w> <w type="VBZ">responds</w> <w type="QL">exceptionally</w> <w type="RB">well</w> <w type="IN">to</w> <w type="NN">captivity</w> <w type="CC">and</w> <w type="DOZ">does</w> <w type="NEG">not</w> <w type="VB">reach</w> <w type="NNS">proportions</w> <w type="WPS">that</w> <w type="VB">make</w> <w type="PPO">it</w> <w type="JJ">hard</w> <w type="TO">to</w> <w type="VB">keep</w> <c type="pct">.</c> </s>
</p>
<p><s n="19"><w type="PPSS">I</w> <mw pos="MD *">cannot </mw><w type="VB">make</w> <w type="NN">sense</w> <w type="RP">out</w> <w type="IN">of</w> <w type="AT">the</w> <w type="NNS">figures</w> <w type="IN">for</w> <w type="IN">post</w> <w type="NN">maturity</w> <w type="NN">growth</w> <c type="pct">;</c> <c type="pct">;</c> </s>
<s n="20"><w type="IN">at</w> <w type="JJT">best</w> <w type="AT">the</w> <w type="JJ">annual</w> <w type="NN">increase</w> <w type="VBZ">appears</w> <w type="TO">to</w> <w type="BE">be</w> <w type="AT">a</w> <w type="NN">matter</w> <w type="IN">of</w> <w type="NNS">inches</w> <w type="RB">rather</w> <w type="IN">than</w> <w type="NNS">feet</w> <c type="pct">.</c> </s>
<s n="21"><w type="CS">Until</w> <w type="JJR">better</w> <w type="NNS">records</w> <w type="HV">have</w> <w type="BEN">been</w> <w type="VBN">kept</w> <w type="IN">over</w> <w type="JJR">longer</w> <w type="NNS">periods</w> <w type="IN">of</w> <w type="NN">time</w> <w type="CC">and</w> <w type="QL">much</w> <w type="AP">more</w> <w type="BEZ">is</w> <w type="VBN">known</w> <w type="IN">about</w> <w type="AT">the</w> <w type="JJ">maximum</w> <w type="NNS">dimensions</w> <c type="pct">,</c> <w type="PPS">it</w> <w type="MD">will</w> <w type="BE">be</w> <w type="JJ">wise</w> <w type="TO">to</w> <w type="VB">refrain</w> <w type="IN">from</w> <w type="VBG">drawing</w> <w type="NNS">conclusions</w> <c type="pct">.</c> </s>
</p>
<p><s n="22"><w type="PPS">It</w> <w type="BEZ">is</w> <w type="RB">often</w> <w type="VBN">stated</w> <w type="CS">that</w> <w type="AT">the</w> <w type="JJT">largest</w> <w type="NNS">snakes</w> <w type="VB">require</w> <w type="CD">five</w> <w type="NNS">years</w> <w type="TO">to</w> <w type="VB">attain</w> <w type="NN">maturity</w> <c type="pct">,</c> <w type="CC">but</w> <w type="DT">this</w> <w type="RB">apparently</w> <w type="BEZ">is</w> <w type="AT">an</w> <w type="NN">overestimation</w> <c type="pct">.</c> </s>
<s n="23"><w type="AT">The</w> <w type="JJT">best</w> <w type="NN">way</w> <w type="TO">to</w> <w type="VB">determine</w> <w type="AT">the</w> <w type="JJ">correct</w> <w type="NN">figure</w> <c type="pct">(</c> <w type="IN">in</w> <w type="NNS">captives</w> <c type="pct">)</c> <w type="BEZ">is</w> <w type="IN">by</w> <w type="JJ">direct</w> <w type="NN">observation</w> <w type="IN">of</w> <w type="NNS">pairs</w> <w type="VBN">isolated</w> <w type="IN">from</w> <w type="NN">birth</w> <c type="pct">,</c> <w type="AT">a</w> <w type="NN">method</w> <w type="WPS">that</w> <w type="VBD">produced</w> <w type="VBG">surprising</w> <w type="NNS">results</w> <c type="pct">:</c> <w type="VBG">maturing</w> <w type="IN">of</w> <w type="AT">a</w> <w type="JJ">male</w> <w type="JJ">Indian</w> <w type="NN">python</w> <w type="IN">in</w> <w type="AP">less</w> <w type="IN">than</w> <w type="CD">two</w> <w type="NNS">years</w> <c type="pct">,</c> <w type="PPg">his</w> <w type="NN">mate</w> <w type="IN">in</w> <w type="AP">less</w> <w type="IN">than</w> <w type="CD">three</w> <c type="pct">;</c> <c type="pct">;</c> </s>
<s n="24"><w type="NNS">data</w> <w type="IN">on</w> <w type="AT">the</w> <w type="NN">boa</w> <w type="NN">constrictor</w> <w type="RB">about</w> <w type="VB">match</w> <w type="DT">this</w> <c type="pct">.</c> </s>
</p>
<p><s n="25"><w type="DT">Another</w> <w type="NN">approach</w> <w type="BEZ">is</w> <w type="TO">to</w> <w type="VB">estimate</w> <w type="IN">from</w> <w type="AT">the</w> <w type="NN">rate</w> <w type="IN">of</w> <w type="NN">growth</w> <w type="CC">and</w> <w type="AT">the</w> <w type="JJT">smallest</w> <w type="NN">size</w> <w type="IN">at</w> <w type="NN">maturity</w> <c type="pct">.</c> </s>
<s n="26"><w type="NNS">Results</w> <w type="IN">from</w> <w type="DT">this</w> <w type="NN">approach</w> <w type="RB">amply</w> <w type="VB">confirm</w> <w type="AT">the</w> <w type="JJ">direct</w> <w type="NNS">observations</w> <c type="pct">:</c> <w type="RB">about</w> <w type="CD">three</w> <w type="NNS">years</w> <w type="BER">are</w> <w type="VBN">required</w> <c type="pct">,</c> <w type="EX">there</w> <w type="BEG">being</w> <w type="AT">a</w> <w type="JJ">possible</w> <w type="JJ">slight</w> <w type="NN">difference</w> <w type="IN">between</w> <w type="NNS">males</w> <w type="CC">and</w> <w type="NNS">females</w> <w type="IN">in</w> <w type="AT">the</w> <w type="NN">time</w> <w type="VBN">required</w> <c type="pct">.</c> </s>
<s n="27"><w type="RB">Only</w> <w type="AT">the</w> <w type="NN">amethystine</w> <w type="NN">python</w> <w type="CC">and</w> <w type="AT">the</w> <w type="NN">anaconda</w> <w type="MD">must</w> <w type="BE">be</w> <w type="VBN">excluded</w> <w type="IN">for</w> <w type="NN">lack</w> <w type="CC">or</w> <w type="NN">paucity</w> <w type="IN">of</w> <w type="NN">data</w> <c type="pct">.</c> </s>
</p>
<p><s n="28"><w type="AT">The</w> <w type="VBG">following</w> <w type="NN">information</w> <w type="IN">on</w> <w type="NNS">snakes</w> <w type="VBG">varying</w> <w type="RB">greatly</w> <w type="IN">in</w> <w type="NN">size</w> <c type="pct">(</c> <w type="CC">but</w> <w type="ABN">all</w> <w type="IN">with</w> <w type="AP">less</w> <w type="IN">than</w> <w type="AT">a</w> <w type="JJ">10-foot</w> <w type="NN">maximum</w> <c type="pct">)</c> <w type="VBZ">shows</w> <c type="pct">,</c> <w type="WRB">when</w> <w type="VBN">considered</w> <w type="IN">with</w> <w type="AT">the</w> <w type="NN">foregoing</w> <c type="pct">,</c> <w type="CS">that</w> <w type="EX">there</w> <w type="BEZ">is</w> <w type="RB">probably</w> <w type="AT">no</w> <w type="NN">correlation</w> <w type="IN">between</w> <w type="AT">the</w> <w type="NN">length</w> <w type="IN">of</w> <w type="AT">a</w> <w type="NN">snake</w> <w type="CC">and</w> <w type="AT">the</w> <w type="NN">time</w> <w type="VBN">required</w> <w type="IN">for</w> <w type="PPO">it</w> <w type="TO">to</w> <w type="VB">mature</w> <c type="pct">.</c> </s>
<s n="29"><w type="NP">Oliver</w> <c type="pct">,</c> <w type="IN">in</w> <w type="PPg">his</w> <w type="NN">summary</w> <w type="IN">of</w> <w type="AT">the</w> <w type="NNS">habits</w> <w type="IN">of</w> <w type="AT">the</w> <w type="NNS">snakes</w> <w type="IN">of</w> <w type="AT">the</w> <w type="VBN" subtype="TL">United</w> <w type="NNS" subtype="TL">States</w> <c type="pct">,</c> <w type="MD">could</w> <w type="VB">supply</w> <w type="NN">data</w> <w type="IN">on</w> <w type="AT">the</w> <w type="VBG">maturing</w> <w type="NN">period</w> <w type="IN">for</w> <w type="RB">only</w> <w type="CD">three</w> <w type="NNS">species</w> <w type="IN">in</w> <w type="NN">addition</w> <w type="IN">to</w> <w type="AT">the</w> <w type="NNS">rattlers</w> <c type="pct">,</c> <w type="WDT">which</w> <w type="PPSS">I</w> <w type="MD">shall</w> <w type="VB">consider</w> <w type="RB">separately</w> <c type="pct">.</c> </s>
<s n="30"><w type="DTS">These</w> <w type="CD">three</w> <w type="BED">were</w> <w type="QL">much</w> <w type="JJ">alike</w> <c type="pct">:</c> <w type="VBN">lined</w> <w type="NN">snake</w> <c type="pct">(</c> <w type="NN">Tropidoclonion</w> <c type="pct">)</c> <c type="pct">,</c> <w type="CD">one</w> <w type="NN">year</w> <w type="CC">and</w> <w type="CD">nine</w> <w type="NNS">months</w> <c type="pct">;</c> <c type="pct">;</c> </s>
<s n="31"><w type="JJ">red-bellied</w> <w type="NN">snake</w> <c type="pct">(</c> <w type="NP">Storeria</w> <c type="pct">)</c> <c type="pct">,</c> <w type="CD">two</w> <w type="NNS">years</w> <c type="pct">;</c> <c type="pct">;</c> </s>
<s n="32"><w type="NN">cottonmouth</w> <c type="pct">(</c> <w type="NP">Ancistrodon</w> <c type="pct">)</c> <c type="pct">,</c> <w type="CD">two</w> <w type="NNS">years</w> <c type="pct">.</c> </s>
<s n="33"><w type="NP">Klauber</w> <w type="VBD">investigated</w> <w type="AT">the</w> <w type="NNS">rattlesnakes</w> <w type="RB">carefully</w> <w type="PPL">himself</w> <w type="CC">and</w> <w type="RB">also</w> <w type="VBD">summarized</w> <w type="WDT">what</w> <w type="NNS">others</w> <w type="HV">have</w> <w type="VBN">found</w> <c type="pct">.</c> </s>
<s n="34"><w type="PPS">He</w> <w type="VBD">concluded</w> <w type="CS">that</w> <w type="IN">in</w> <w type="AT">the</w> <w type="JJ">southern</w> <w type="NNS">species</w> <c type="pct">,</c> <w type="WDT">which</w> <w type="BER">are</w> <w type="RB">rapidly</w> <w type="VBG">growing</w> <w type="NNS">types</w> <c type="pct">,</c> <w type="NNS">females</w> <w type="VB">mate</w> <w type="IN">at</w> <w type="AT">the</w> <w type="NN">age</w> <w type="IN">of</w> <w type="CD">two</w> <w type="CC">and</w> <w type="AT">a</w> <w type="ABN">half</w> <w type="CC">and</w> <w type="VB">bear</w> <w type="AT">the</w> <w type="OD">first</w> <w type="JJ">young</w> <w type="WRB">when</w> <w type="PPSS">they</w> <w type="BER">are</w> <w type="CD">three</w> <c type="pct">.</c> </s>
<s n="35"><w type="AP">Other</w> <w type="NNS">herpetologists</w> <w type="HV">have</w> <w type="VBN">ascertained</w> <w type="CS">that</w> <w type="IN">in</w> <w type="AT">the</w> <w type="JJ">northern</w> <w type="VBN" subtype="TL">United</w> <w type="NNS" subtype="TL">States</w> <w type="AT">the</w> <w type="NN">prairie</w> <w type="NN">rattlesnake</w> <w type="MD">may</w> <w type="NEG">not</w> <w type="VB">give</w> <w type="OD">first</w> <w type="NN">birth</w> <w type="CS">until</w> <w type="PPS">it</w> <w type="BEZ">is</w> <w type="CD">four</w> <w type="CC">or</w> <w type="RB">even</w> <w type="CD">five</w> <w type="NNS">years</w> <w type="JJ">old</w> <c type="pct">,</c> <w type="CC">and</w> <w type="CS">that</w> <w type="AT">the</w> <w type="JJ">young</w> <w type="MD">may</w> <w type="BE">be</w> <w type="VBN">born</w> <w type="AT">every</w> <w type="AP">other</w> <w type="NN">year</w> <c type="pct">,</c> <w type="RB">rather</w> <w type="IN">than</w> <w type="RB">annually</w> <c type="pct">.</c> </s>
<s n="36"><w type="NPg">Carpenter's</w> <w type="NN">study</w> <w type="VBD">showed</w> <w type="CS">that</w> <w type="JJ">female</w> <w type="JJ">common</w> <w type="NN">garter</w> <w type="CC">and</w> <w type="NN">ribbon</w> <w type="NNS">snakes</w> <w type="IN">of</w> <w type="NP">Michigan</w> <w type="VB">mature</w> <w type="IN">at</w> <w type="RB">about</w> <w type="AT">the</w> <w type="NN">age</w> <w type="IN">of</w> <w type="CD">two</w> <c type="pct">.</c> </s>
</p>
<p><s n="37"><w type="JJ" subtype="HL">Maximum</w> <w type="NN" subtype="HL">length</w> </s>
<s n="38"><w type="JJ">Oversized</w> <w type="NNS">monsters</w> <w type="BER">are</w> <w type="RB">never</w> <w type="VBN">brought</w> <w type="NR">home</w> <w type="CC">either</w> <w type="JJ">alive</w> <w type="CC">or</w> <w type="VBN">preserved</w> <c type="pct">,</c> <w type="CC">and</w> <w type="NN">field</w> <w type="NNS">measurements</w> <w type="BER">are</w> <w type="RB">obviously</w> <w type="JJ">open</w> <w type="IN">to</w> <w type="NN">doubt</w> <w type="RB">because</w> <w type="IN">of</w> <w type="AT">the</w> <w type="JJ">universal</w> <w type="NN">tendency</w> <w type="TO">to</w> <w type="VB">exaggerate</w> <w type="NNS">dimensions</w> <c type="pct">.</c> </s>
<s n="39"><w type="NNS">Measurements</w> <w type="IN">of</w> <w type="NNS">skins</w> <w type="BER">are</w> <w type="IN">of</w> <w type="AP">little</w> <w type="NN">value</w> <c type="pct">;</c> <c type="pct">;</c> </s>
<s n="40"><w type="AT">every</w> <w type="NN">snake</w> <w type="NN">hide</w> <w type="BEZ">is</w> <w type="RB">noticeably</w> <w type="JJR">longer</w> <w type="CS">than</w> <w type="PPg">its</w> <w type="NN">carcass</w> <w type="CC">and</w> <w type="JJ">intentional</w> <w type="NN">stretching</w> <w type="VBZ">presents</w> <w type="AT">no</w> <w type="NN">difficulty</w> <w type="IN">to</w> <w type="AT">the</w> <w type="JJ">unscrupulous</w> <w type="NN">explorer</w> <c type="pct">.</c> </s>
</p>
<p><s n="41"><w type="IN">In</w> <w type="NN">spite</w> <w type="IN">of</w> <w type="ABN">all</w> <w type="AT">the</w> <w type="NNS">pitfalls</w> <c type="pct">,</c> <w type="EX">there</w> <w type="BEZ">is</w> <w type="AT">a</w> <w type="AP">certain</w> <w type="NN">amount</w> <w type="IN">of</w> <w type="NN">agreement</w> <w type="IN">on</w> <w type="DTI">some</w> <w type="IN">of</w> <w type="AT">the</w> <w type="NNS">giants</w> <c type="pct">.</c> </s>
<s n="42"><w type="AT">The</w> <w type="NN">anaconda</w> <w type="VBZ">proves</w> <w type="TO">to</w> <w type="BE">be</w> <w type="AT">the</w> <w type="NN">fly</w> <w type="IN">in</w> <w type="AT">the</w> <w type="NN">ointment</w> <c type="pct">,</c> <w type="CC">but</w> <w type="AT">the</w> <w type="NN">reason</w> <w type="IN">for</w> <w type="DT">this</w> <w type="BEZ">is</w> <w type="NEG">not</w> <w type="JJ">clear</w> <c type="pct">;</c> <c type="pct">;</c> </s>
<s n="43"><w type="AT">the</w> <w type="QL">relatively</w> <w type="JJ">wild</w> <w type="NNS">conditions</w> <w type="RB">still</w> <w type="VBN">found</w> <w type="IN">in</w> <w type="JJ">tropical</w> <w type="JJ" subtype="TL">South</w> <w type="NP" subtype="TL">America</w> <w type="MD">might</w> <w type="BE">be</w> <w type="JJ">responsible</w> <c type="pct">.</c> </s>
</p>
<p><s n="44"><w type="EX">There</w> <w type="BER">are</w> <w type="CD">three</w> <w type="NNS">levels</w> <w type="IN">on</w> <w type="WDT">which</w> <w type="TO">to</w> <w type="VB">treat</w> <w type="AT">the</w> <w type="NN">subject</w> <c type="pct">.</c> </s>
<s n="45"><w type="AT">The</w> <w type="OD">first</w> <w type="BEZ">is</w> <w type="AT">the</w> <w type="QL">strictly</w> <w type="JJ">scientific</w> <c type="pct">,</c> <w type="WDT">which</w> <w type="VBZ">demands</w> <w type="JJ">concrete</w> <w type="NN">proof</w> <w type="CC">and</w> <w type="RB">therefore</w> <w type="MD">may</w> <w type="VB">err</w> <w type="IN">on</w> <w type="AT">the</w> <w type="JJ">conservative</w> <w type="NN">side</w> <w type="IN">by</w> <w type="VBG">waiting</w> <w type="IN">for</w> <w type="NN">evidence</w> <w type="IN">in</w> <w type="AT">the</w> <w type="NN">flesh</w> <c type="pct">.</c> </s>
<s n="46"><w type="DT">This</w> <w type="NN">approach</w> <w type="VBZ">rejects</w> <w type="RB">virtually</w> <w type="ABN">all</w> <w type="NN">field</w> <w type="NNS">measurements</w> <c type="pct">.</c> </s>
<s n="47"><w type="AT">The</w> <w type="AP">next</w> <w type="NN">level</w> <w type="VBZ">attempts</w> <w type="TO">to</w> <w type="VB">weigh</w> <w type="VBN">varied</w> <w type="NN">evidence</w> <w type="CC">and</w> <w type="VB">come</w> <w type="IN">to</w> <w type="AT">a</w> <w type="VBN">balanced</w> <c type="pct">,</c> <w type="JJ">sensible</w> <w type="NN">conclusion</w> <c type="pct">;</c> <c type="pct">;</c> </s>
<s n="48"><w type="NN">field</w> <w type="NNS">measurements</w> <w type="IN">by</w> <w type="VBN">experienced</w> <w type="NNS">explorers</w> <w type="BER">are</w> <w type="NEG">not</w> <w type="VBN">rejected</w> <c type="pct">,</c> <w type="CC">and</w> <w type="RB">even</w> <w type="NNS">reports</w> <w type="IN">of</w> <w type="AT">a</w> <w type="QL">less</w> <w type="JJ">scientific</w> <w type="NN">nature</w> <w type="BER">are</w> <w type="RB">duly</w> <w type="VBN">evaluated</w> <c type="pct">.</c> </s>
<s n="49"><w type="AT">The</w> <w type="OD">third</w> <w type="NN">level</w> <w type="VBZ">leans</w> <w type="IN">on</w> <w type="AT">a</w> <w type="NN">belief</w> <w type="CS">that</w> <w type="AT">a</w> <w type="NN">lot</w> <w type="IN">of</w> <w type="NN">smoke</w> <w type="VBZ">means</w> <w type="DTI">some</w> <w type="NN">fire</w> <c type="pct">.</c> </s>
<s n="50"><w type="AT">The</w> <w type="NN">argument</w> <w type="IN">against</w> <w type="DT">this</w> <w type="AP">last</w> <w type="NN">approach</w> <w type="BEZ">is</w> <w type="JJ">comparable</w> <w type="IN">to</w> <w type="DT">that</w> <w type="WDT">which</w> <w type="VBZ">rejects</w> <w type="NNS">stories</w> <w type="IN">about</w> <w type="NN">hoop</w> <w type="NNS">snakes</w> <c type="pct">,</c> <w type="IN">about</w> <w type="NNS">snakes</w> <w type="WPS">that</w> <w type="VB">break</w> <w type="PPLS">themselves</w> <w type="IN">into</w> <w type="AP">many</w> <w type="NNS">pieces</w> <w type="CC">and</w> <w type="VB">join</w> <w type="RP">up</w> <w type="RB">again</w> <c type="pct">,</c> <w type="CC">or</w> <w type="RB">even</w> <w type="IN">of</w> <w type="NNS">ghosts</w> <w type="WPS">that</w> <w type="VB">chase</w> <w type="NNS">people</w> <w type="RP">out</w> <w type="IN">of</w> <w type="NNS">graveyards</w> <c type="pct">;</c> <c type="pct">;</c> </s>
<s n="51"><w type="AT">the</w> <w type="JJ">mere</w> <w type="VBG">piling</w> <w type="RP">up</w> <w type="IN">of</w> <w type="NN">testimony</w> <w type="DOZ">does</w> <w type="NEG">not</w> <w type="VB">prove</w> <c type="pct">,</c> <w type="IN">to</w> <w type="AT">the</w> <w type="JJ">scientific</w> <w type="NN">mind</w> <c type="pct">,</c> <w type="AT">the</w> <w type="NN">existence</w> <w type="IN">of</w> <w type="NN">hoop</w> <w type="NNS">snakes</w> <c type="pct">,</c> <w type="NN">joint</w> <w type="NNS">snakes</w> <c type="pct">,</c> <w type="CC">or</w> <w type="NNS">ghosts</w> <c type="pct">.</c> </s>
</p>
<p><s n="52"><w type="NP">Oliver</w> <w type="HVZ">has</w> <w type="RB">recently</w> <w type="VBN">used</w> <w type="AT">the</w> <w type="NN">second-level</w> <w type="NN">approach</w> <w type="IN">with</w> <w type="AT">the</w> <w type="JJT">largest</w> <w type="NNS">snakes</w> <c type="pct">,</c> <w type="CC">and</w> <w type="HVZ">has</w> <w type="VBN">come</w> <w type="IN">to</w> <w type="DTS">these</w> <w type="NNS">conclusions</w> <c type="pct">:</c> <w type="AT">the</w> <w type="NN">anaconda</w> <w type="VBZ">reaches</w> <w type="AT">a</w> <w type="NN">length</w> <w type="IN">of</w> <w type="IN">at</w> <w type="AP">least</w> <w type="CD">37</w> <w type="NNS">feet</w> <c type="pct">,</c> <w type="AT">the</w> <w type="JJ">reticulate</w> <w type="NN">python</w> <w type="CD">33</w> <c type="pct">,</c> <w type="AT">the</w> <w type="JJ">African</w> <w type="NN">rock</w> <w type="NN">python</w> <w type="CD">25</w> <c type="pct">,</c> <w type="AT">the</w> <w type="NN">amethystine</w> <w type="NN">python</w> <w type="IN">at</w> <w type="AP">least</w> <w type="CD">22</w> <c type="pct">,</c> <w type="AT">the</w> <w type="JJ">Indian</w> <w type="NN">python</w> <w type="CD">20</w> <c type="pct">,</c> <w type="CC">and</w> <w type="AT">the</w> <w type="NN">boa</w> <w type="NN">constrictor</w> <w type="CD">18-1/2</w> <c type="pct">.</c> </s>
</p>
<p><s n="53"><w type="NP">Bernard</w> <w type="NP">Heuvelmans</w> <w type="RB">also</w> <w type="VBZ">treats</w> <w type="IN">of</w> <w type="AT">the</w> <w type="JJT">largest</w> <w type="NNS">snakes</w> <c type="pct">,</c> <w type="CC">but</w> <w type="IN">on</w> <w type="AT">the</w> <w type="OD">third</w> <w type="NN">level</w> <c type="pct">,</c> <w type="CC">and</w> <w type="BEZ">is</w> <w type="RB">chiefly</w> <w type="VBN">concerned</w> <w type="IN">with</w> <w type="AT">the</w> <w type="NN">anaconda</w> <c type="pct">.</c> </s>
<s n="54"><w type="PPS">He</w> <w type="VBZ">reasons</w> <w type="CS">that</w> <w type="CS">as</w> <w type="NNS">anacondas</w> <w type="CD">30</w> <w type="NNS">feet</w> <w type="JJ">long</w> <w type="BER">are</w> <w type="RB">often</w> <w type="VBN">found</w> <c type="pct">,</c> <w type="DTI">some</w> <w type="MD">might</w> <w type="BE">be</w> <w type="CD">38</w> <c type="pct">,</c> <w type="CC">and</w> <w type="JJ">occasional</w> <c type="pct">``</c> <w type="JJ">monstrous</w> <w type="NNS">freaks</w> <c type="pct">''</c> <w type="IN">over</w> <w type="CD">50</w> <c type="pct">.</c> </s>
<s n="55"><w type="PPS">He</w> <w type="VBZ">rejects</w> <w type="NNS">dimensions</w> <w type="IN">of</w> <w type="CD">70</w> <w type="NNS">feet</w> <w type="CC">and</w> <w type="AP">more</w> <c type="pct">.</c> </s>
<s n="56"><w type="PPg">His</w> <w type="OD">thirteenth</w> <w type="NN">chapter</w> <w type="VBZ">includes</w> <w type="AP">many</w> <w type="JJ">exciting</w> <w type="NNS">accounts</w> <w type="IN">of</w> <w type="JJ">huge</w> <w type="NNS">serpents</w> <w type="IN">with</w> <w type="JJ">prodigious</w> <w type="NN">strength</w> <c type="pct">,</c> <w type="CC">but</w> <w type="DTS">these</w> <w type="VB">seem</w> <w type="TO">to</w> <w type="BE">be</w> <w type="VBN">given</w> <w type="TO">to</w> <w type="VB">complete</w> <w type="PPg">his</w> <w type="NN">picture</w> <c type="pct">,</c> <w type="NEG">not</w> <w type="TO">to</w> <w type="BE">be</w> <w type="VBN">believed</w> <c type="pct">.</c> </s>
</p>
<p><s n="57"><w type="VBN">Detailed</w> <w type="NN">information</w> <w type="IN">on</w> <w type="NN">record</w> <w type="NNS">lengths</w> <w type="IN">of</w> <w type="AT">the</w> <w type="NNS">giants</w> <w type="BEZ">is</w> <w type="VBN">given</w> <w type="IN">in</w> <w type="AT">the</w> <w type="NN">section</w> <w type="WPS">that</w> <w type="VBZ">follows</w> <c type="pct">.</c> </s>
</p>
<p><s n="58"><w type="NN" subtype="HL">Growth</w> <w type="IN" subtype="HL">of</w> <w type="AT" subtype="HL">the</w> <w type="CD" subtype="HL">six</w> <w type="NNS" subtype="HL">giants</w> </s>
<s n="59"><w type="NNS">Discussions</w> <w type="IN">of</w> <w type="AT">the</w> <w type="NNS">giants</w> <w type="CD">one</w> <w type="IN">by</w> <w type="CD">one</w> <w type="MD">will</w> <w type="VB">include</w> <c type="pct">,</c> <w type="QL">as</w> <w type="RB">far</w> <w type="CS">as</w> <w type="JJ">possible</w> <c type="pct">,</c> <w type="NNS">data</w> <w type="IN">on</w> <w type="DTS">these</w> <w type="NNS">aspects</w> <w type="IN">of</w> <w type="NN">growth</w> <c type="pct">:</c> <w type="NN">size</w> <w type="IN">at</w> <w type="WDT">which</w> <w type="NN">life</w> <w type="BEZ">is</w> <w type="VBN">started</w> <w type="CC">and</w> <w type="IN">at</w> <w type="WDT">which</w> <w type="JJ">sexual</w> <w type="NN">maturity</w> <w type="BEZ">is</w> <w type="VBN">reached</w> <c type="pct">;</c> <c type="pct">;</c> </s>
<s n="60"><w type="NN">time</w> <w type="VBN">required</w> <w type="TO">to</w> <w type="VB">reach</w> <w type="NN">maturity</w> <c type="pct">;</c> <c type="pct">;</c> </s>
<s n="61"><w type="NN">rate</w> <w type="IN">of</w> <w type="NN">growth</w> <w type="ABX">both</w> <w type="IN">before</w> <w type="CC">and</w> <w type="IN">after</w> <w type="DT">this</w> <w type="JJ">crucial</w> <w type="NN">stage</w> <c type="pct">;</c> <c type="pct">;</c> </s>
<s n="62"><w type="CC">and</w> <w type="JJ">maximum</w> <w type="NN">length</w> <c type="pct">,</c> <w type="IN">with</w> <w type="NN">confirmation</w> <w type="CC">or</w> <w type="NN">amplification</w> <w type="IN">of</w> <w type="NPg">Oliver's</w> <w type="NNS">figures</w> <c type="pct">.</c> </s>
<s n="63"><w type="JJ">Definite</w> <w type="NN">information</w> <w type="IN">on</w> <w type="AT">the</w> <w type="NN">growth</w> <w type="IN">of</w> <w type="JJ">senile</w> <w type="NNS">individuals</w> <w type="BEZ">is</w> <w type="VBG">lacking</w> <c type="pct">.</c> </s>
<s n="64"><w type="NN" subtype="HL">Anaconda</w> <c type="pct">:</c> </s>
<s n="65"><w type="IN">At</w> <w type="NN">birth</w> <c type="pct">,</c> <w type="DT">this</w> <w type="NN">species</w> <w type="VBZ">varies</w> <w type="RB">considerably</w> <w type="IN">in</w> <w type="NN">size</w> <c type="pct">.</c> </s>
<s n="66"><w type="AT">A</w> <w type="NN">brood</w> <w type="IN">of</w> <w type="CD">twenty-eight</w> <w type="VBN">born</w> <w type="IN">at</w> <w type="NP" subtype="TL">Brookfield</w> <w type="NN" subtype="TL">Zoo</w> <c type="pct">,</c> <w type="IN">near</w> <w type="NP">Chicago</w> <c type="pct">,</c> <w type="VBD">ranged</w> <w type="IN">in</w> <w type="NN">length</w> <w type="IN">from</w> <w type="CD">22</w> <w type="IN">to</w> <w type="CD">33-1/2</w> <w type="NNS">inches</w> <w type="CC">and</w> <w type="VBD">averaged</w> <w type="CD">29</w> <w type="NNS">inches</w> <c type="pct">.</c> </s>
<s n="67"><w type="NP">Lawrence</w> <w type="NP">E.</w> <w type="NP">Griffin</w> <w type="VBZ">gives</w> <w type="NNS">measurements</w> <w type="IN">of</w> <w type="CD">nineteen</w> <w type="JJ">young</w> <w type="NNS">anacondas</w> <c type="pct">,</c> <w type="RB">presumably</w> <w type="NNS">members</w> <w type="IN">of</w> <w type="AT">a</w> <w type="NN">brood</w> <c type="pct">,</c> <w type="IN">from</w> <c type="pct">``</c> <w type="JJ" subtype="TL">South</w> <w type="NP" subtype="TL">America</w> <c type="pct">''</c> <c type="pct">;</c> <c type="pct">;</c> </s>
<s n="68"><w type="AT">the</w> <w type="JJ">extreme</w> <w type="NNS">measurements</w> <w type="IN">of</w> <w type="DTS">these</w> <w type="VB">fall</w> <w type="IN">between</w> <w type="AT">the</w> <w type="JJR">lower</w> <w type="NN">limit</w> <w type="IN">of</w> <w type="AT">the</w> <w type="NP">Brookfield</w> <w type="NN">brood</w> <w type="CC">and</w> <w type="PPg">its</w> <w type="NN">average</w> <c type="pct">.</c> </s>
<s n="69"><w type="NP">Raymond</w> <w type="NP">L.</w> <w type="NP">Ditmars</w> <w type="HVD">had</w> <w type="CD">two</w> <w type="NNS">broods</w> <w type="WPS">that</w> <w type="VBD">averaged</w> <w type="CD">27</w> <w type="NNS">inches</w> <c type="pct">.</c> </s>
<s n="70"><w type="NP">R.</w> <w type="NP">R.</w> <w type="NP">Mole</w> <w type="CC">and</w> <w type="NP">F.</w> <w type="NP">W.</w> <w type="NP">Urich</w> <w type="VB">give</w> <w type="RB">approximately</w> <w type="CD">20</w> <w type="NNS">inches</w> <w type="CS">as</w> <w type="AT">the</w> <w type="JJ">average</w> <w type="NN">length</w> <w type="IN">of</w> <w type="AT">a</w> <w type="NN">brood</w> <w type="IN">of</w> <w type="CD">thirty</w> <w type="IN">from</w> <w type="AT">the</w> <w type="NN">region</w> <w type="IN">of</w> <w type="AT">the</w> <w type="NP">Orinoco</w> <w type="NNS">estuaries</w> <c type="pct">.</c> </s>
<s n="71"><w type="NP">William</w> <w type="NP">Beebe</w> <w type="VBZ">reports</w> <w type="CD">26</w> <w type="NNS">inches</w> <w type="CC">and</w> <w type="CD">2.4</w> <w type="NNS">ounces</w> <c type="pct">(</c> <w type="DT">this</w> <w type="NN">snake</w> <w type="MD">must</w> <w type="HV">have</w> <w type="BEN">been</w> <w type="JJ">emaciated</w> <c type="pct">)</c> <w type="IN">for</w> <w type="AT">the</w> <w type="NN">length</w> <w type="CC">and</w> <w type="AT">the</w> <w type="NN">weight</w> <w type="IN">of</w> <w type="AT">a</w> <w type="JJ">young</w> <w type="NN">anaconda</w> <w type="IN">from</w> <w type="JJ" subtype="TL">British</w> <w type="NP" subtype="TL">Guiana</w> <c type="pct">.</c> </s>
<s n="72"><w type="IN">In</w> <w type="NN">contrast</w> <c type="pct">,</c> <w type="NP">Ditmars</w> <w type="VBD">recorded</w> <w type="AT">the</w> <w type="JJ">average</w> <w type="NN">length</w> <w type="IN">of</w> <w type="CD">seventy-two</w> <w type="JJ">young</w> <w type="IN">of</w> <w type="AT">a</w> <w type="JJ">19-foot</w> <w type="NN">female</w> <w type="CS">as</w> <w type="CD">38</w> <w type="NNS">inches</w> <c type="pct">,</c> <w type="CC">and</w> <w type="CD">four</w> <w type="JJ">young</w> <w type="BED">were</w> <w type="VBN">born</w> <w type="IN">in</w> <w type="NP">London</w> <w type="IN">at</w> <w type="AT">a</w> <w type="NN">length</w> <w type="IN">of</w> <w type="CD">35</w> <w type="CC">or</w> <w type="CD">36</w> <w type="NNS">inches</w> <w type="CC">and</w> <w type="AT">a</w> <w type="NN">weight</w> <w type="IN">of</w> <w type="IN">from</w> <w type="CD">14</w> <w type="IN">to</w> <w type="CD">16</w> <w type="NNS">ounces</w> <c type="pct">.</c> </s>
<s n="73"><w type="NP">Beebe</w> <w type="HVD">had</w> <w type="AT">a</w> <w type="JJ">3-foot</w> <w type="NN">anaconda</w> <w type="WPS">that</w> <w type="VBD">weighed</w> <w type="RB">only</w> <w type="CD">9.8</w> <w type="NNS">ounces</w> <c type="pct">.</c> </s>
<s n="74"><w type="AT">A</w> <w type="NN">difference</w> <w type="IN">between</w> <w type="NNS">subspecies</w> <w type="MD">might</w> <w type="VB">explain</w> <w type="AT">the</w> <w type="JJ">great</w> <w type="NN">range</w> <w type="IN">in</w> <w type="NN">size</w> <c type="pct">.</c> </s>
</p>
<p><s n="75"><w type="PPSS">I</w> <w type="HV">have</w> <w type="AP">little</w> <w type="NN">information</w> <w type="IN">on</w> <w type="AT">the</w> <w type="NNg">anaconda's</w> <w type="NN">rate</w> <w type="IN">of</w> <w type="NN">growth</w> <c type="pct">.</c> </s>
<s n="76"><w type="NP">Hans</w> <w type="NP">Schweizer</w> <w type="HVD">had</w> <w type="CD">one</w> <w type="WPS">that</w> <w type="VBD">increased</w> <w type="IN">from</w> <w type="CD">19-1/2</w> <w type="NNS">inches</w> <w type="IN">to</w> <w type="CD">5</w> <w type="NNS">feet</w> <w type="CD">3</w> <w type="NNS">inches</w> <w type="IN">in</w> <w type="CD">five</w> <w type="NNS">years</w> <c type="pct">,</c> <w type="CC">and</w> <w type="NP">J.</w> <w type="NP">J.</w> <w type="NP">Quelch</w> <w type="VBZ">records</w> <w type="AT">a</w> <w type="NN">growth</w> <w type="IN">of</w> <w type="IN">from</w> <w type="AP">less</w> <w type="IN">than</w> <w type="CD">4</w> <w type="NNS">feet</w> <w type="IN">to</w> <w type="RB">nearly</w> <w type="CD">10</w> <w type="IN">in</w> <w type="RB">about</w> <w type="CD">six</w> <w type="NNS">years</w> <c type="pct">.</c> </s>
<s n="77"><w type="PPS">It</w> <w type="BEZ">is</w> <w type="QL">very</w> <w type="JJ">unlikely</w> <w type="CS">that</w> <w type="DTX">either</w> <w type="IN">of</w> <w type="DTS">these</w> <w type="NNS">anacondas</w> <w type="BEDZ">was</w> <w type="VBG">growing</w> <w type="IN">at</w> <w type="AT">a</w> <w type="JJ">normal</w> <w type="NN">rate</w> <c type="pct">.</c> </s>
</p>
<p><s n="78"><w type="IN">In</w> <w type="CD">1948</w> <c type="pct">,</c> <w type="NP">Afranio</w> <w type="NP">Do</w> <w type="NP">Amaral</w> <c type="pct">,</c> <w type="AT">the</w> <w type="VBN">noted</w> <w type="JJ">Brazilian</w> <w type="NN">herpetologist</w> <c type="pct">,</c> <w type="VBD">wrote</w> <w type="AT">a</w> <w type="JJ">technical</w> <w type="NN">paper</w> <w type="IN">on</w> <w type="AT">the</w> <w type="JJ">giant</w> <w type="NNS">snakes</w> <c type="pct">.</c> </s>
<s n="79"><w type="PPS">He</w> <w type="VBD">concluded</w> <w type="CS">that</w> <w type="AT">the</w> <w type="NNg">anaconda's</w> <w type="JJ">maximum</w> <w type="NN">length</w> <w type="BEZ">is</w> <w type="CD">12</w> <w type="CC">or</w> <w type="CD">13</w> <c type="pct">(</c> <w type="RB">perhaps</w> <w type="CD">14</w> <c type="pct">)</c> <w type="NNS">meters</w> <c type="pct">,</c> <w type="WDT">which</w> <w type="MD">would</w> <w type="VB">approximate</w> <w type="IN">from</w> <w type="CD">39</w> <w type="IN">to</w> <w type="CD">42</w> <w type="NNS">feet</w> <c type="pct">(</c> <w type="CD">14</w> <w type="NNS">meters</w> <w type="BEZ">is</w> <w type="RB">slightly</w> <w type="AP">less</w> <w type="IN">than</w> <w type="CD">46</w> <w type="NNS">feet</w> <c type="pct">)</c> <c type="pct">.</c> </s>
<s n="80"><w type="RB">Thus</w> <c type="pct">,</c> <w type="PPg">his</w> <w type="NN">estimate</w> <w type="VBZ">lies</w> <w type="IN">between</w> <w type="NPg">Oliver's</w> <w type="NN">suggestion</w> <w type="IN">of</w> <w type="IN">at</w> <w type="AP">least</w> <w type="CD">37</w> <w type="NNS">feet</w> <w type="CC">and</w> <w type="AT">the</w> <w type="JJ">50-foot</w> <c type="pct">``</c> <w type="JJ">monstrous</w> <w type="NNS">freaks</w> <c type="pct">''</c> <w type="VBN">intimated</w> <w type="IN">by</w> <w type="NP">Heuvelmans</w> <c type="pct">.</c> </s>
</p>
<p><s n="81"><w type="AT">The</w> <w type="QL">most</w> <w type="JJ">convincing</w> <w type="JJ">recent</w> <w type="NN">measurement</w> <w type="IN">of</w> <w type="AT">an</w> <w type="NN">anaconda</w> <w type="BEDZ">was</w> <w type="VBN">made</w> <w type="IN">in</w> <w type="JJ">eastern</w> <w type="NP">Colombia</w> <w type="IN">by</w> <w type="NP">Roberto</w> <w type="NP">Lamon</w> <c type="pct">,</c> <w type="AT">a</w> <w type="NN">petroleum</w> <w type="NN">geologist</w> <w type="IN">of</w> <w type="AT">the</w> <w type="NP" subtype="TL">Richmond</w> <w type="NN" subtype="TL">Oil</w> <w type="NN" subtype="TL">Company</w> <c type="pct">,</c> <w type="CC">and</w> <w type="VBN">reported</w> <w type="IN">in</w> <w type="CD">1944</w> <w type="IN">by</w> <w type="NP">Emmett</w> <w type="NP">R.</w> <w type="NP">Dunn</w> <c type="pct">.</c> </s>
<s n="82"><w type="RB">However</w> <c type="pct">,</c> <w type="CS">as</w> <w type="AT">a</w> <w type="NN">field</w> <w type="NN">measurement</w> <c type="pct">,</c> <w type="PPS">it</w> <w type="BEZ">is</w> <w type="JJ">open</w> <w type="IN">to</w> <w type="NN">question</w> <c type="pct">.</c> </s>
<s n="83"><w type="NPg">Oliver's</w> <w type="CD">37-1/2</w> <w type="NNS">feet</w> <w type="BEZ">is</w> <w type="RB">partly</w> <w type="VBN">based</w> <w type="IN">on</w> <w type="DT">this</w> <w type="NN">report</w> <w type="CC">and</w> <w type="MD">can</w> <w type="BE">be</w> <w type="VBN">accepted</w> <w type="CS">as</w> <w type="JJ">probable</w> <c type="pct">.</c> </s>
<s n="84"><w type="RB">However</w> <c type="pct">,</c> <w type="AP">many</w> <w type="NNS">herpetologists</w> <w type="VB">remain</w> <w type="JJ">skeptical</w> <w type="CC">and</w> <w type="MD">would</w> <w type="VB">prefer</w> <w type="AT">a</w> <w type="JJ">tentative</w> <w type="NN">maximum</w> <w type="IN">of</w> <w type="RB">about</w> <w type="CD">30</w> <w type="NNS">feet</w> <c type="pct">.</c> </s>
</p>
<p><s n="85"><w type="PPS">It</w> <w type="BEZ">is</w> <w type="JJ">possible</w> <w type="CS">that</w> <w type="QL">especially</w> <w type="JJ">large</w> <w type="NNS">anacondas</w> <w type="MD">will</w> <w type="VB">prove</w> <w type="TO">to</w> <w type="VB">belong</w> <w type="IN">to</w> <w type="NNS">subspecies</w> <w type="VBN">limited</w> <w type="IN">to</w> <w type="AT">a</w> <w type="JJ">small</w> <w type="NN">area</w> <c type="pct">.</c> </s>
<s n="86"><w type="IN">In</w> <w type="NNS">snakes</w> <w type="NN">difference</w> <w type="IN">in</w> <w type="NN">size</w> <w type="BEZ">is</w> <w type="AT">a</w> <w type="JJ">common</w> <w type="NN">characteristic</w> <w type="IN">of</w> <w type="NNS">subspecies</w> <c type="pct">.</c> </s>
<s n="87"><w type="NN" subtype="HL">Boa</w> <w type="NN" subtype="HL">constrictor</w> <c type="pct">:</c> </s>
<s n="88"><w type="AT">A</w> <w type="JJ">Colombian</w> <w type="NNg">female's</w> <w type="NN">brood</w> <w type="IN">of</w> <w type="CD">sixteen</w> <w type="NN">boa</w> <w type="NNS">constrictors</w> <w type="VBN">born</w> <w type="IN">in</w> <w type="AT">the</w> <w type="NP" subtype="TL">Staten</w> <w type="NN" subtype="TL">Island</w> <w type="NN" subtype="TL">Zoo</w> <w type="VBD">averaged</w> <w type="CD">20</w> <w type="NNS">inches</w> <c type="pct">.</c> </s>
<s n="89"><w type="DT">This</w> <w type="NN">birth</w> <w type="NN">length</w> <w type="VBZ">seems</w> <w type="TO">to</w> <w type="BE">be</w> <w type="JJ">typical</w> <c type="pct">.</c> </s>
<s n="90"><w type="WRB">When</w> <w type="RB">some</w> <w type="CD">thirteen</w> <w type="NNS">records</w> <w type="IN">of</w> <w type="RB">newly</w> <w type="CC">and</w> <w type="RB">recently</w> <w type="VBN">born</w> <w type="NNS">individuals</w> <w type="BER">are</w> <w type="VBN">collated</w> <c type="pct">,</c> <w type="AP">little</w> <w type="CC">or</w> <w type="AT">no</w> <w type="NN">correlation</w> <w type="IN">between</w> <w type="NN">length</w> <w type="CC">and</w> <w type="NN">distribution</w> <w type="MD">can</w> <w type="BE">be</w> <w type="VBN">detected</w> <c type="pct">.</c> </s>
<s n="91"><w type="AT">The</w> <w type="NN">range</w> <w type="BEZ">is</w> <w type="IN">from</w> <w type="CD">14</w> <w type="IN">to</w> <w type="CD">25</w> <w type="NNS">inches</w> <c type="pct">;</c> <c type="pct">;</c> </s>
<s n="92"><w type="AT">the</w> <w type="AP">former</w> <w type="NN">figure</w> <w type="BEZ">is</w> <w type="VBN">based</w> <w type="IN">on</w> <w type="AT">a</w> <w type="QL">somewhat</w> <w type="JJ">unusual</w> <w type="NN">birth</w> <w type="IN">of</w> <w type="CD">four</w> <w type="IN">by</w> <w type="AT">a</w> <w type="JJ" subtype="TL">Central</w> <w type="JJ" subtype="TL">American</w> <w type="NN">female</w> <c type="pct">(</c> <w type="VB">see</w> <w type="NN">chapter</w> <w type="IN">on</w> <w type="NN" subtype="TL">Laying</w> <c type="pct">,</c> <w type="VBG" subtype="TL">Brooding</w> <c type="pct">,</c> <w type="VBG" subtype="TL">Hatching</w> <c type="pct">,</c> <w type="CC">and</w> <w type="NN" subtype="TL">Birth</w> <c type="pct">)</c> <c type="pct">,</c> <w type="AT">the</w> <w type="AP">latter</w> <w type="IN">on</w> <w type="AT">a</w> <c type="pct">``</c> <w type="JJ">normal</w> <c type="pct">''</c> <w type="RB">newly</w> <w type="VBN">born</w> <w type="NN">individual</w> <c type="pct">.</c> </s>
<s n="93"><w type="RB">However</w> <c type="pct">,</c> <w type="CS">as</w> <w type="QL">so</w> <w type="AP">many</w> <w type="IN">of</w> <w type="AT">the</w> <w type="NNS">records</w> <w type="BER">are</w> <w type="NEG">not</w> <w type="RB">certainly</w> <w type="VBN">based</w> <w type="IN">on</w> <w type="JJ">newborn</w> <w type="NNS">snakes</w> <c type="pct">,</c> <w type="DTS">these</w> <w type="NNS">data</w> <w type="MD">must</w> <w type="BE">be</w> <w type="VBN">taken</w> <w type="RB">tentatively</w> <c type="pct">;</c> <c type="pct">;</c> </s>
<s n="94"><w type="JJ">final</w> <w type="NNS">conclusions</w> <w type="MD">will</w> <w type="HV">have</w> <w type="TO">to</w> <w type="VB">await</w> <w type="AT">the</w> <w type="NNS">measurements</w> <w type="IN">of</w> <w type="NNS">broods</w> <w type="IN">from</w> <w type="JJ">definite</w> <w type="NNS">localities</w> <c type="pct">.</c> </s>
</p>
<p><s n="95"><w type="NP">Alphonse</w> <w type="NP">R.</w> <w type="NPg">Hoge's</w> <w type="NNS">measurements</w> <w type="IN">of</w> <w type="AP">several</w> <w type="QL">very</w> <w type="JJ">young</w> <w type="NNS">specimens</w> <w type="IN">from</w> <w type="NP">Brazil</w> <w type="VB">suggest</w> <w type="CS">that</w> <w type="IN">at</w> <w type="NN">birth</w> <w type="AT">the</w> <w type="NN">female</w> <w type="BEZ">is</w> <w type="QL">slightly</w> <w type="JJR">larger</w> <w type="CS">than</w> <w type="AT">the</w> <w type="NN">male</w> <c type="pct">.</c> </s>
</p>
<p><s n="96"><w type="PPSS">I</w> <w type="HV">have</w> <w type="RB">surprisingly</w> <w type="AP">little</w> <w type="NN">information</w> <w type="IN">on</w> <w type="AT">the</w> <w type="NN">size</w> <w type="CC">and</w> <w type="NN">age</w> <w type="IN">at</w> <w type="NN">maturity</w> <c type="pct">.</c> </s>
<s n="97"><w type="NP">Carl</w> <w type="NP">Kauffeld</w> <w type="HVZ">has</w> <w type="VBN">written</w> <w type="IN">to</w> <w type="PPO">me</w> <w type="IN">of</w> <w type="JJ">sexual</w> <w type="NN">activity</w> <w type="IN">in</w> <w type="NP">February</w> <w type="CD">1943</w> <w type="IN">of</w> <w type="JJ">young</w> <w type="VBN">born</w> <w type="IN">in</w> <w type="NP">March</w> <w type="CD">1940</w> <c type="pct">.</c> </s>
<s n="98"><w type="CD">One</w> <w type="NN">female</w> <c type="pct">,</c> <w type="VBN">collected</w> <w type="IN">on</w> <w type="AT">an</w> <w type="NN">island</w> <w type="IN">off</w> <w type="AT">the</w> <w type="NN">coast</w> <w type="IN">of</w> <w type="NP">Nicaragua</w> <c type="pct">,</c> <w type="BEDZ">was</w> <w type="JJ">gravid</w> <w type="CC">and</w> <w type="VBD">measured</w> <w type="CD">4</w> <w type="NNS">feet</w> <w type="CD">8</w> <w type="NNS">inches</w> <w type="IN">from</w> <w type="NN">snout</w> <w type="IN">to</w> <w type="NN">vent</w> <c type="pct">(</c> <w type="PPg">her</w> <w type="NN">tail</w> <w type="MD">should</w> <w type="BE">be</w> <w type="IN">between</w> <w type="CD">6</w> <w type="CC">and</w> <w type="CD">7</w> <w type="NNS">inches</w> <w type="JJ">long</w> <c type="pct">)</c> <c type="pct">.</c> </s>
<s n="99"><w type="AT">The</w> <w type="NN">female</w> <w type="IN">from</w> <w type="JJ" subtype="TL">Central</w> <w type="NP" subtype="TL">America</w> <w type="WDT">which</w> <w type="VBD">gave</w> <w type="NN">birth</w> <w type="IN">to</w> <w type="CD">four</w> <w type="BEDZ">was</w> <w type="RB">only</w> <w type="CD">3</w> <w type="NNS">feet</w> <w type="CD">11</w> <w type="NNS">inches</w> <w type="JJ">long</w> <c type="pct">.</c> </s>
</p>
<p><s n="100"><w type="WDT">What</w> <w type="NNS">data</w> <w type="EX">there</w> <w type="BER">are</w> <w type="IN">on</w> <w type="NN">growth</w> <w type="VB">indicate</w> <w type="JJ">considerable</w> <w type="NN">variation</w> <w type="IN">in</w> <w type="NN">rate</w> <c type="pct">;</c> <c type="pct">;</c> </s>
<s n="101"><w type="RB">unfortunately</w> <c type="pct">,</c> <w type="AT">no</w> <w type="PN">one</w> <w type="HVZ">has</w> <w type="VBN">kept</w> <w type="JJ">complete</w> <w type="NNS">records</w> <w type="IN">of</w> <w type="CD">one</w> <w type="NN">individual</w> <c type="pct">,</c> <w type="CS">whereas</w> <w type="AP">many</w> <w type="HV">have</w> <w type="BEN">been</w> <w type="VBN">made</w> <w type="IN">for</w> <w type="AT">a</w> <w type="QL">very</w> <w type="JJ">short</w> <w type="NN">period</w> <w type="IN">of</w> <w type="NN">time</w> <c type="pct">.</c> </s>
<s n="102"><w type="AT">The</w> <w type="NNS">results</w> <w type="BER">are</w> <w type="QL">too</w> <w type="VBN">varied</w> <w type="TO">to</w> <w type="VB">allow</w> <w type="NN">generalization</w> <c type="pct">.</c> </s>
</p>
<p></p></body></text></TEI>
