<TEI xmlns="http://www.tei-c.org/ns/1.0"><teiHeader><fileDesc><titleStmt><title>Sample J36 from  D. F. Fleming, The Cold War and Its Origins.
 New York: Doubleday &amp; Company, Inc., 1961. Vol. 1: 1917-1960.
 Pp. 202-205. Reprinted by permission of Doubleday &amp; Company, Inc.
0010-1840
</title></titleStmt><editionStmt><edition>A part  of the XML version of the Brown Corpus</edition></editionStmt><extent>2,025 words 433 (21.4%) quotes</extent><publicationStmt><idno>J36</idno><availability><p/></availability></publicationStmt><sourceDesc><bibl> D. F. Fleming, The Cold War and Its Origins.
 New York: Doubleday &amp; Company, Inc., 1961. Vol. 1: 1917-1960.
 Pp. 202-205. Reprinted by permission of Doubleday &amp; Company, Inc.
0010-1840
</bibl></sourceDesc></fileDesc><encodingDesc><p/></encodingDesc><revisionDesc><change when="2008-04-27">Header auto-generated for TEI version</change></revisionDesc></teiHeader>
<text xml:id="J36" decls="J">
<body><p><s n="1"><w type="RB">Doubtless</w> <w type="PPS">it</w> <w type="BEDZ">was</w> <w type="JJ">inevitable</w> <w type="CS">that</w> <w type="NNS">differences</w> <w type="IN">of</w> <w type="NN">opinion</w> <w type="MD">should</w> <w type="VB">arise</w> <w type="IN">about</w> <w type="AT">the</w> <w type="NNS">methods</w> <w type="IN">for</w> <w type="VBG">applying</w> <w type="DTS">these</w> <w type="NNS">policies</w> <c type="pct">.</c> </s>
<s n="2"><w type="PPS">It</w> <w type="BEDZ">was</w> <w type="RB">nevertheless</w> <w type="QL">almost</w> <w type="JJ">incredible</w> <w type="CS">that</w> <w type="CD">four</w> <w type="NNS">years</w> <w type="IN">after</w> <w type="NP">Yalta</w> <w type="EX">there</w> <w type="MD">should</w> <w type="BE">be</w> <w type="AT">a</w> <w type="JJ">complete</w> <w type="NN">split</w> <w type="IN">over</w> <w type="NP">Germany</w> <c type="pct">,</c> <w type="IN">with</w> <w type="JJ">hot</w> <w type="NNS">heads</w> <w type="IN">on</w> <w type="ABX">both</w> <w type="NNS">sides</w> <w type="VBG">planning</w> <w type="TO">to</w> <w type="VB">use</w> <w type="AT">the</w> <w type="NPS">Germans</w> <w type="IN">against</w> <w type="PPg">their</w> <w type="AP">former</w> <w type="NNS">allies</w> <c type="pct">,</c> <w type="CC">and</w> <w type="IN">with</w> <w type="JJ">Nazi-minded</w> <w type="NPS">Germans</w> <w type="VBG">expecting</w> <w type="TO">to</w> <w type="VB">recover</w> <w type="PPg">their</w> <w type="NN">power</w> <w type="IN">by</w> <w type="VBG">fighting</w> <w type="IN">on</w> <w type="CD">one</w> <w type="NN">side</w> <w type="CC">or</w> <w type="AT">the</w> <w type="AP">other</w> <c type="pct">.</c> </s>
</p>
<p><s n="3"><w type="CD" subtype="HL">5</w> <c type="pct">.</c> </s>
<s n="4"><w type="NP">Poland</w> </s>
<s n="5"><w type="NNS">frontiers</w> <c type="pct">.</c> </s>
</p>
<p><s n="6"><w type="WRB">When</w> <w type="AT">the</w> <w type="NP" subtype="TL">Yalta</w> <w type="NN" subtype="TL">Conference</w> <w type="VBD">opened</w> <c type="pct">,</c> <w type="AT">the</w> <w type="JJ">American</w> <w type="NN">policy</w> <w type="IN">of</w> <w type="VBG">postponing</w> <w type="ABN">all</w> <w type="NN">discussion</w> <w type="IN">of</w> <w type="NPg">Russia's</w> <w type="JJ">western</w> <w type="NNS">boundaries</w> <w type="IN">until</w> <w type="AT">the</w> <w type="NN">peace</w> <w type="NN">conference</w> <w type="HVD">had</w> <w type="VBN">broken</w> <w type="RP">down</w> <c type="pct">.</c> </s>
<s n="7"><w type="VBG">Starting</w> <w type="IN">in</w> <w type="JJ">great</w> <w type="NN">force</w> <w type="RB">late</w> <w type="IN">in</w> <w type="NP">December</w> <c type="pct">,</c> <w type="IN">from</w> <w type="AT">a</w> <w type="NN">line</w> <w type="VBG">stretching</w> <w type="IN">from</w> <w type="JJ" subtype="TL">East</w> <w type="NP" subtype="TL">Prussia</w> <w type="IN">to</w> <w type="NP">Budapest</w> <c type="pct">,</c> <w type="AT">the</w> <w type="JJ" subtype="TL">Red</w> <w type="NNS">armies</w> <w type="HVD">had</w> <w type="VBN">swept</w> <w type="CD">two</w> <w type="CD">hundred</w> <w type="NNS">miles</w> <w type="IN">across</w> <w type="NP">Poland</w> <w type="IN">to</w> <w type="AT">the</w> <w type="NP">Oder</w> <c type="pct">,</c> <w type="CD">thirty</w> <w type="NNS">miles</w> <w type="IN">from</w> <w type="NP">Berlin</w> <c type="pct">,</c> <w type="CC">and</w> <w type="AT">the</w> <w type="JJ" subtype="TL">Upper</w> <w type="NP" subtype="TL">Danube</w> <w type="NN">region</w> <w type="BEDZ">was</w> <w type="BEG">being</w> <w type="RB">rapidly</w> <w type="VBN">overrun</w> <c type="pct">,</c> <w type="CS">while</w> <w type="AT">the</w> <w type="JJ" subtype="TL">Western</w> <w type="NNS" subtype="TL">Allies</w> <w type="HVD">had</w> <w type="NEG">not</w> <w type="RB">yet</w> <w type="VBN">occupied</w> <w type="ABN">all</w> <w type="IN">of</w> <w type="AT">the</w> <w type="JJ">left</w> <w type="NN">bank</w> <w type="IN">of</w> <w type="AT">the</w> <w type="NP">Rhine</w> <c type="pct">.</c> </s>
<s n="8"><w type="AT">The</w> <w type="JJ">long</w> <w type="NN">delay</w> <w type="IN">in</w> <w type="VBG">opening</w> <w type="AT">the</w> <w type="OD" subtype="TL">Second</w> <w type="NN" subtype="TL">Front</w> <w type="BEDZ">was</w> <w type="RB">now</w> <w type="VBG">working</w> <w type="IN">to</w> <w type="NPg">Russia's</w> <w type="NN">advantage</w> <c type="pct">.</c> </s>
</p>
<p><s n="9"><w type="AT">The</w> <w type="NR" subtype="TL">West</w> <w type="BEDZ">was</w> <w type="RB">now</w> <w type="JJ">glad</w> <w type="TO">to</w> <w type="VB">propose</w> <w type="AT">the</w> <w type="CD">1919</w> <w type="NP" subtype="TL">Curzon</w> <w type="NN" subtype="TL">Line</w> <c type="pct">,</c> <w type="WDT">which</w> <w type="BEDZ">was</w> <w type="RB">substantially</w> <w type="NPg">Russia's</w> <w type="CD">1941</w> <w type="NN">border</w> <c type="pct">,</c> <w type="CS">as</w> <w type="AT">the</w> <w type="NN">boundary</w> <w type="IN">between</w> <w type="NP">Russia</w> <w type="CC">and</w> <w type="NP">Poland</w> <c type="pct">.</c> </s>
<s n="10"><w type="WRB">When</w> <w type="DT">this</w> <w type="NN">proposal</w> <w type="BEDZ">was</w> <w type="VBN">made</w> <c type="pct">,</c> <w type="NP">Stalin</w> <w type="VBD">spoke</w> <w type="IN">with</w> <w type="JJR">stronger</w> <w type="NN">emotion</w> <w type="CS">than</w> <w type="IN">at</w> <w type="DTI">any</w> <w type="AP">other</w> <w type="NN">time</w> <w type="IN">during</w> <w type="AT">the</w> <w type="NN" subtype="TL">Conference</w> <c type="pct">.</c> </s>
<s n="11"><w type="PPS">He</w> <w type="VBD">stood</w> <w type="RP">up</w> <w type="TO">to</w> <w type="VB">emphasize</w> <w type="PPg">his</w> <w type="JJ">strong</w> <w type="NN">feeling</w> <w type="IN">on</w> <w type="AT">the</w> <w type="NN">subject</w> <c type="pct">.</c> </s>
<s n="12"><w type="AT">The</w> <w type="JJ">bitter</w> <w type="NN">memory</w> <w type="IN">of</w> <w type="NPg">Russia's</w> <w type="NN">exclusion</w> <w type="IN">from</w> <w type="AT">the</w> <w type="NP" subtype="TL">Paris</w> <w type="NN" subtype="TL">Peace</w> <w type="NN" subtype="TL">Conference</w> <w type="CC">and</w> <w type="IN">of</w> <w type="AT">the</w> <w type="NRg" subtype="TL">West's</w> <w type="NN">effort</w> <w type="TO">to</w> <w type="VB">stamp</w> <w type="RP">out</w> <w type="NP">Bolshevism</w> <w type="IN">at</w> <w type="PPg">its</w> <w type="NN">birth</w> <w type="VBD">boiled</w> <w type="RP">up</w> <w type="IN">within</w> <w type="PPO">him</w> <c type="pct">.</c> </s>
<s n="13"><c type="pct">``</c> <w type="PPSS">You</w> <w type="MD">would</w> <w type="VB">drive</w> <w type="PPO">us</w> <w type="IN">into</w> <w type="NN">shame</w> <c type="pct">''</c> <c type="pct">,</c> <w type="PPS">he</w> <w type="VBD">declared</w> <c type="pct">.</c> </s>
<s n="14"><w type="AT">The</w> <w type="JJ" subtype="TL">White</w> <w type="NPS" subtype="TL">Russians</w> <w type="CC">and</w> <w type="AT">the</w> <w type="NPS">Ukrainians</w> <w type="MD">would</w> <w type="VB">say</w> <w type="CS">that</w> <w type="NP">Stalin</w> <w type="CC">and</w> <w type="NP">Molotov</w> <w type="BED">were</w> <w type="QL">far</w> <w type="QL">less</w> <w type="JJ">reliable</w> <w type="NNS">defenders</w> <w type="IN">of</w> <w type="NP">Russia</w> <w type="CS">than</w> <w type="NP">Curzon</w> <w type="CC">and</w> <w type="NP">Clemenceau</w> <c type="pct">.</c> </s>
</p>
<p><s n="15"><w type="CC">Yet</w> <w type="IN">after</w> <w type="JJ">long</w> <w type="CC">and</w> <w type="JJ">earnest</w> <w type="NN">discussion</w> <w type="NP">Stalin</w> <w type="VBD">accepted</w> <w type="AT">the</w> <w type="NP" subtype="TL">Curzon</w> <w type="NN" subtype="TL">Line</w> <w type="CC">and</w> <w type="RB">even</w> <w type="VBD">agreed</w> <w type="RB">voluntarily</w> <w type="CS">that</w> <w type="EX">there</w> <w type="MD">should</w> <w type="BE">be</w> <w type="NNS">digressions</w> <w type="IN">from</w> <w type="DT">that</w> <w type="NN">line</w> <w type="IN">of</w> <w type="CD">five</w> <w type="IN">to</w> <w type="CD">eight</w> <w type="NNS">kilometers</w> <w type="IN">in</w> <w type="NN">favor</w> <w type="IN">of</w> <w type="NP">Poland</w> <w type="IN">in</w> <w type="DTI">some</w> <w type="NNS">regions</w> <c type="pct">.</c> </s>
<s n="16"><w type="PPS">He</w> <w type="DOD">did</w> <w type="NEG">not</w> <w type="VB">mind</w> <w type="AT">the</w> <w type="NN" subtype="TL">Line</w> <w type="PPL">itself</w> <c type="pct">,</c> <w type="WDT">which</w> <w type="NP">Churchill</w> <w type="VBD">declared</w> <w type="IN">in</w> <w type="AT">the</w> <w type="NN" subtype="TL">House</w> <w type="IN" subtype="TL">of</w> <w type="NNS" subtype="TL">Commons</w> <c type="pct">,</c> <w type="IN">on</w> <w type="NP">February</w> <w type="CD">27</w> <c type="pct">,</c> <w type="CD">1945</w> <c type="pct">,</c> <w type="PPS">he</w> <w type="HVD">had</w> <w type="RB">always</w> <w type="VBN">believed</w> <w type="TO">to</w> <w type="BE">be</w> <c type="pct">``</c> <w type="JJ">just</w> <w type="CC">and</w> <w type="JJ">right</w> <c type="pct">''</c> <c type="pct">,</c> <w type="CC">but</w> <w type="PPS">he</w> <w type="DOD">did</w> <w type="NEG">not</w> <w type="VB">want</w> <w type="PPO">it</w> <w type="VBN">called</w> <w type="IN">by</w> <w type="AT">a</w> <w type="VBN">hated</w> <w type="NN">name</w> <c type="pct">.</c> </s>
<s n="17"><w type="AT">The</w> <w type="NR" subtype="TL">West</w> <w type="HVD">had</w> <w type="RB">long</w> <w type="RB">since</w> <w type="VBN">forgotten</w> <w type="AT">the</w> <w type="NNS">events</w> <w type="IN">of</w> <w type="CD">1919</w> <c type="pct">,</c> <w type="CC">but</w> <w type="PPS">it</w> <w type="BEDZ">was</w> <w type="NEG">not</w> <w type="QL">so</w> <w type="JJ">easy</w> <w type="IN">for</w> <w type="AT">the</w> <w type="JJ" subtype="TL">Red</w> <w type="NNS">leaders</w> <c type="pct">,</c> <w type="WPS">who</w> <w type="VBD">felt</w> <w type="CS">that</w> <w type="PPSS">they</w> <w type="HVD">had</w> <w type="VBN">suffered</w> <w type="JJ">great</w> <w type="NN">injustice</w> <w type="IN">in</w> <w type="DT">that</w> <w type="NN">period</w> <c type="pct">.</c> </s>
</p>
<p><s n="18"><w type="IN">In</w> <w type="AT">the</w> <w type="NP">Dunn-Atherton</w> <w type="NN">memorandum</w> <w type="IN">of</w> <w type="NP">February</w> <w type="CD">4</w> <c type="pct">,</c> <w type="CD">1942</w> <c type="pct">,</c> <w type="AT">the</w> <w type="NN" subtype="TL">State</w> <w type="NN" subtype="TL">Department</w> <w type="HVD">had</w> <w type="VBN">expected</w> <w type="TO">to</w> <w type="BE">be</w> <w type="JJ">able</w> <w type="TO">to</w> <w type="VB">hold</w> <w type="NP">Russia</w> <w type="IN">in</w> <w type="NN">check</w> <w type="IN">by</w> <w type="VBG">withholding</w> <w type="NN">agreement</w> <w type="IN">to</w> <w type="PPg">her</w> <w type="CD">1941</w> <w type="NNS">boundaries</w> <c type="pct">.</c> </s>
<s n="19"><w type="RB">Now</w> <w type="NP">Stalin</w> <w type="VBD">made</w> <w type="PPO">it</w> <w type="JJ">clear</w> <w type="CS">that</w> <w type="PPS">he</w> <w type="VBD">meant</w> <w type="TO">to</w> <w type="VB">move</w> <w type="NPg">Poland's</w> <w type="JJ">western</w> <w type="NNS">borders</w> <w type="RB">deep</w> <w type="IN">into</w> <w type="NP">Germany</w> <c type="pct">,</c> <w type="RB">back</w> <w type="IN">to</w> <w type="AT">the</w> <w type="JJ">western</w> <w type="NP" subtype="TL">Neisse-Oder</w> <w type="NN" subtype="TL">River</w> <w type="NNS">lines</w> <c type="pct">,</c> <w type="VBG">taking</w> <w type="NEG">not</w> <w type="RB">only</w> <w type="JJ" subtype="TL">East</w> <w type="NP" subtype="TL">Prussia</w> <w type="CC">and</w> <w type="ABN">all</w> <w type="IN">of</w> <w type="NP">Silesia</w> <w type="CC">but</w> <w type="NP">Pomerania</w> <w type="CC">and</w> <w type="AT">the</w> <w type="NN">tip</w> <w type="IN">of</w> <w type="NP">Brandenburg</w> <c type="pct">,</c> <w type="RB">back</w> <w type="IN">to</w> <w type="CC">and</w> <w type="IN">including</w> <w type="NP">Stettin</w> <c type="pct">.</c> </s>
<s n="20"><w type="IN">From</w> <w type="CD">six</w> <w type="IN">to</w> <w type="CD">nine</w> <w type="CD">million</w> <w type="JJ">additional</w> <w type="NPS">Germans</w> <w type="MD">would</w> <w type="BE">be</w> <w type="VBN">evicted</w> <c type="pct">,</c> <w type="CS">though</w> <w type="AP">most</w> <w type="MD">would</w> <w type="HV">have</w> <w type="VBN">fled</w> <c type="pct">,</c> <w type="CC">and</w> <w type="NP">Poland</w> <w type="MD">would</w> <w type="VB">receive</w> <w type="QL">far</w> <w type="AP">more</w> <w type="IN">from</w> <w type="NP">Germany</w> <w type="CS">than</w> <w type="AT">the</w> <w type="JJ">poor</w> <w type="NNS">territories</w> <c type="pct">,</c> <w type="IN">including</w> <w type="AT">the</w> <w type="JJ">great</w> <w type="NP" subtype="TL">Pripet</w> <w type="NNS" subtype="TL">Marshes</w> <c type="pct">,</c> <w type="WDT">which</w> <w type="PPS">she</w> <w type="VBD">lost</w> <w type="IN">to</w> <w type="NP">Russia</w> <c type="pct">.</c> </s>
<s n="21"><w type="NP">Stalin</w> <w type="VBD">declared</w> <w type="CS">that</w> <w type="PPS">he</w> <w type="VBD">preferred</w> <w type="TO">to</w> <w type="VB">continue</w> <w type="AT">the</w> <w type="NN">war</w> <w type="AT">a</w> <w type="QL">little</w> <w type="RBR">longer</w> <c type="pct">,</c> <c type="pct">``</c> <w type="CS">although</w> <w type="PPS">it</w> <w type="VBZ">costs</w> <w type="PPO">us</w> <w type="NN">blood</w> <c type="pct">''</c> <c type="pct">,</c> <w type="IN">in</w> <w type="NN">order</w> <w type="TO">to</w> <w type="VB">give</w> <w type="NP">Poland</w> <w type="NN">compensation</w> <w type="IN">in</w> <w type="AT">the</w> <w type="NR" subtype="TL">West</w> <w type="IN">at</w> <w type="AT">the</w> <w type="NN">expense</w> <w type="IN">of</w> <w type="AT">the</w> <w type="NPS">Germans</w> <c type="pct">.</c> </s>
</p>
<p><s n="22"><w type="IN">By</w> <w type="DT">this</w> <w type="NN">time</w> <w type="NP">Churchill</w> <w type="BEDZ">was</w> <w type="NEG">not</w> <w type="QL">so</w> <w type="JJ">cordial</w> <w type="IN">toward</w> <w type="VBG">moving</w> <w type="NP">Poland</w> <w type="RB">westward</w> <w type="CS">as</w> <w type="PPS">he</w> <w type="HVD">had</w> <w type="BEN">been</w> <w type="IN">at</w> <w type="NP">Teheran</w> <c type="pct">,</c> <w type="WRB">where</w> <w type="PPS">he</w> <w type="CC">and</w> <w type="NP">Eden</w> <w type="HVD">had</w> <w type="ABX">both</w> <w type="RB">heartily</w> <w type="VBN">approved</w> <w type="AT">the</w> <w type="NN">idea</w> <c type="pct">.</c> </s>
<s n="23"><w type="CS">After</w> <c type="pct">``</c> <w type="AT">a</w> <w type="VBN">prolonged</w> <w type="NN">study</w> <w type="IN">of</w> <w type="AT">the</w> <w type="NP">Oder</w> <w type="NN">line</w> <w type="IN">on</w> <w type="AT">a</w> <w type="NN">map</w> <c type="pct">''</c> <c type="pct">,</c> <w type="IN">at</w> <w type="NP">Teheran</w> <c type="pct">,</c> <w type="NP">Churchill</w> <c type="pct">``</c> <w type="VBD">liked</w> <w type="AT">the</w> <w type="NN">picture</w> <c type="pct">''</c> <c type="pct">.</c> </s>
<s n="24"><w type="PPS">He</w> <w type="MD">would</w> <w type="VB">tell</w> <w type="AT">the</w> <w type="NPS">Poles</w> <c type="pct">,</c> <w type="PPS">he</w> <w type="VBD">said</w> <c type="pct">,</c> <w type="CS">that</w> <w type="PPSS">they</w> <w type="HVD">had</w> <w type="BEN">been</w> <c type="pct">``</c> <w type="VBN">given</w> <w type="AT">a</w> <w type="JJ">fine</w> <w type="NN">place</w> <w type="TO">to</w> <w type="VB">live</w> <w type="IN">in</w> <c type="pct">,</c> <w type="AP">more</w> <w type="IN">than</w> <w type="CD">three</w> <w type="CD">hundred</w> <w type="NNS">miles</w> <w type="DT">each</w> <w type="NN">way</w> <c type="pct">''</c> <c type="pct">.</c> </s>
<s n="25"><w type="IN">At</w> <w type="NP">Yalta</w> <w type="PPS">he</w> <w type="VBD">thought</w> <w type="RBR">more</w> <w type="IN">about</w> <w type="AT">the</w> <w type="CD">six</w> <w type="CD">million</w> <w type="NPS">Germans</w> <w type="WPS">who</w> <w type="MD">would</w> <w type="HV">have</w> <w type="TO">to</w> <w type="VB">leave</w> <c type="pct">,</c> <w type="VBG">trying</w> <w type="TO">to</w> <w type="VB">find</w> <w type="NN">work</w> <w type="IN">in</w> <w type="NP">Germany</w> <c type="pct">,</c> <w type="CC">and</w> <w type="NP">Roosevelt</w> <w type="VBD">objected</w> <w type="IN">to</w> <w type="AT">the</w> <w type="JJ" subtype="TL">Western</w> <w type="NP" subtype="TL">Neisse</w> <w type="NN" subtype="TL">River</w> <w type="BEG">being</w> <w type="VBN">chosen</w> <w type="IN">in</w> <w type="AT">the</w> <w type="NR">south</w> <c type="pct">,</c> <w type="RB">instead</w> <w type="IN">of</w> <w type="AT">the</w> <w type="JJ" subtype="TL">Eastern</w> <w type="NP" subtype="TL">Neisse</w> <c type="pct">,</c> <w type="ABX">both</w> <w type="IN">of</w> <w type="WDT">which</w> <w type="VB">flow</w> <w type="IN">into</w> <w type="AT">the</w> <w type="NP">Oder</w> <c type="pct">.</c> </s>
</p>
<p><s n="26"><w type="AT">The</w> <w type="NN">issue</w> <w type="BEDZ">was</w> <w type="VBN">left</w> <w type="IN">in</w> <w type="NN">abeyance</w> <c type="pct">,</c> <w type="RB">presumably</w> <w type="IN">for</w> <w type="AT">the</w> <w type="NN">peace</w> <w type="NN">conference</w> <c type="pct">.</c> </s>
<s n="27"><w type="RB">However</w> <c type="pct">,</c> <w type="EX">there</w> <w type="BEDZ">was</w> <w type="AT">no</w> <w type="JJ">real</w> <w type="NN">question</w> <w type="IN">of</w> <w type="AT">the</w> <w type="NN">justice</w> <w type="IN">of</w> <w type="VBG">creating</w> <w type="AT">a</w> <w type="JJ">strong</w> <w type="NP">Poland</w> <c type="pct">,</c> <w type="ABX">both</w> <w type="RB">industrially</w> <w type="CC">and</w> <w type="RB">agriculturally</w> <c type="pct">,</c> <w type="CC">and</w> <w type="CD">one</w> <w type="JJ">unplagued</w> <w type="IN">by</w> <w type="JJ">large</w> <w type="NNS">minorities</w> <w type="IN">of</w> <w type="NPS">Germans</w> <w type="CC">or</w> <w type="NPS">Russians</w> <c type="pct">.</c> </s>
<s n="28"><w type="AT">The</w> <w type="VBG">moving</w> <w type="IN">of</w> <w type="NNS">millions</w> <w type="IN">of</w> <w type="AT">the</w> <w type="JJ">German</w> <w type="NN">master-race</w> <c type="pct">,</c> <w type="IN">from</w> <w type="AT">the</w> <w type="AP">very</w> <w type="NN">heart</w> <w type="IN">of</w> <w type="NP">Junkerdom</w> <c type="pct">,</c> <w type="TO">to</w> <w type="VB">make</w> <w type="NN">room</w> <w type="IN">for</w> <w type="AT">the</w> <w type="JJ">Polish</w> <w type="NPS">Slavs</w> <w type="WPO">whom</w> <w type="PPSS">they</w> <w type="HVD">had</w> <w type="VBN">enslaved</w> <w type="CC">and</w> <w type="RB">openly</w> <w type="VBN">planned</w> <w type="TO">to</w> <w type="VB">exterminate</w> <w type="BEDZ">was</w> <w type="AT">a</w> <w type="JJ">drastic</w> <w type="NN">operation</w> <c type="pct">,</c> <w type="CC">but</w> <w type="EX">there</w> <w type="BEDZ">was</w> <w type="AP">little</w> <w type="NN">doubt</w> <w type="CS">that</w> <w type="PPS">it</w> <w type="BEDZ">was</w> <w type="RB">historically</w> <w type="VBN">justified</w> <c type="pct">.</c> </s>
<s n="29"><w type="NN" subtype="HL">Government</w> <c type="pct">.</c> </s>
</p>
<p><s n="30"><w type="IN">Of</w> <w type="AP">more</w> <w type="NN">importance</w> <w type="IN">to</w> <w type="AT">the</w> <w type="NR" subtype="TL">West</w> <w type="CS">than</w> <w type="NPg">Poland's</w> <w type="NNS">boundaries</w> <w type="BEDZ">was</w> <w type="AT">the</w> <w type="NN">character</w> <w type="IN">of</w> <w type="PPg">her</w> <w type="NN">government</w> <c type="pct">.</c> </s>
<s n="31"><w type="IN">At</w> <w type="NP">Yalta</w> <w type="AT">the</w> <w type="NR" subtype="TL">West</w> <w type="RB">still</w> <w type="VBD">believed</w> <w type="CS">that</w> <w type="JJ" subtype="TL">Eastern</w> <w type="NP" subtype="TL">Europe</w> <w type="MD">could</w> <w type="BE">be</w> <w type="VBN">kept</w> <w type="IN">in</w> <w type="PPg">its</w> <w type="NN">orbit</w> <c type="pct">,</c> <w type="IN">in</w> <w type="NN">spite</w> <w type="IN">of</w> <w type="AT">the</w> <w type="JJ">onrushing</w> <w type="NP">Soviet</w> <w type="NNS">armies</w> <c type="pct">.</c> </s>
<s n="32"><w type="CS">Though</w> <w type="AP">little</w> <w type="NN">democracy</w> <w type="HVD">had</w> <w type="RB">ever</w> <w type="BEN">been</w> <w type="VBN">practised</w> <w type="IN">in</w> <w type="DT">this</w> <w type="NN">region</w> <c type="pct">,</c> <w type="CC">and</w> <w type="AP">much</w> <w type="IN">of</w> <w type="PPO">it</w> <w type="BEDZ">was</w> <w type="RB">still</w> <w type="VBN">ruled</w> <w type="IN">by</w> <w type="JJ">feudalistic</w> <w type="NNS">means</w> <c type="pct">,</c> <w type="PPS">it</w> <w type="BEDZ">was</w> <w type="VBN">taken</w> <w type="IN">for</w> <w type="VBN">granted</w> <w type="CS">that</w> <w type="IN">at</w> <w type="AP">least</w> <w type="AT">the</w> <w type="NNS">forms</w> <w type="IN">of</w> <w type="JJ" subtype="TL">Western</w> <w type="NN">democracy</w> <w type="MD">would</w> <w type="BE">be</w> <w type="VBN">established</w> <w type="IN">in</w> <w type="DT">this</w> <w type="NN">area</w> <w type="CC">and</w> <w type="JJ" subtype="TL">Western</w> <w type="NN">capitalism</w> <w type="VBN">preserved</w> <w type="IN">within</w> <w type="PPO">it</w> <c type="pct">.</c> </s>
<s n="33"><w type="VBG">Believing</w> <w type="RB">devoutly</w> <w type="CS">as</w> <w type="PPSS">they</w> <w type="DOD">did</w> <w type="IN">in</w> <w type="JJ">Anglo-Saxon</w> <w type="NNS">institutions</w> <c type="pct">,</c> <w type="PPS">it</w> <w type="BEDZ">was</w> <w type="JJ">important</w> <w type="IN">to</w> <w type="ABX">both</w> <w type="NP">Roosevelt</w> <w type="CC">and</w> <w type="NP">Churchill</w> <w type="CS">that</w> <w type="AT">the</w> <w type="NPS">Poles</w> <w type="MD">should</w> <w type="HV">have</w> <w type="PPO">them</w> <c type="pct">.</c> </s>
</p>
<p><s n="34"><w type="AT">The</w> <w type="NN">issue</w> <w type="BEDZ">was</w> <w type="JJ">acute</w> <w type="CS">because</w> <w type="AT">the</w> <w type="VBN">exiled</w> <w type="JJ" subtype="TL">Polish</w> <w type="NN" subtype="TL">Government</w> <w type="IN">in</w> <w type="NP">London</w> <c type="pct">,</c> <w type="VBN">supported</w> <w type="IN">in</w> <w type="AT">the</w> <w type="JJS">main</w> <w type="IN">by</w> <w type="NP">Britain</w> <c type="pct">,</c> <w type="BEDZ">was</w> <w type="RB">still</w> <w type="VBG">competing</w> <w type="IN">with</w> <w type="AT">the</w> <w type="JJ">new</w> <w type="NP" subtype="TL">Lublin</w> <w type="NN" subtype="TL">Government</w> <w type="VBN">formed</w> <w type="IN">behind</w> <w type="AT">the</w> <w type="JJ" subtype="TL">Red</w> <w type="NN" subtype="TL">Army</w> <c type="pct">.</c> </s>
<s n="35"><w type="AP">More</w> <w type="NN">time</w> <w type="BEDZ">was</w> <w type="VBN">spent</w> <w type="IN">in</w> <w type="VBG">trying</w> <w type="TO">to</w> <w type="VB">marry</w> <w type="DTS">these</w> <w type="NNS">incompatibles</w> <w type="CS">than</w> <w type="IN">over</w> <w type="DTI">any</w> <w type="NN">subject</w> <w type="VBN">discussed</w> <w type="IN">at</w> <w type="NP">Yalta</w> <c type="pct">.</c> </s>
<s n="36"><w type="AT">The</w> <w type="NN">result</w> <w type="BEDZ">was</w> <w type="AT">an</w> <w type="NN">agreement</w> <w type="CS">that</w> <w type="AT">the</w> <w type="NP" subtype="TL">Lublin</w> <w type="NN" subtype="TL">Government</w> <w type="MD">should</w> <w type="BE">be</w> <c type="pct">``</c> <w type="VBN">reorganized</w> <w type="IN">on</w> <w type="AT">a</w> <w type="JJR">broader</w> <w type="JJ">democratic</w> <w type="NN">basis</w> <w type="IN">with</w> <w type="AT">the</w> <w type="NN">inclusion</w> <w type="IN">of</w> <w type="JJ">democratic</w> <w type="NNS">leaders</w> <w type="IN">from</w> <w type="NP">Poland</w> <w type="PPL">itself</w> <w type="CC">and</w> <w type="IN">from</w> <w type="AT">the</w> <w type="NPS">Poles</w> <w type="RB">abroad</w> <c type="pct">''</c> <c type="pct">,</c> <w type="CC">and</w> <w type="VBN">pledged</w> <w type="TO">to</w> <w type="VB">hold</w> <c type="pct">``</c> <w type="JJ">free</w> <w type="CC">and</w> <w type="JJ">unfettered</w> <w type="NNS">elections</w> <w type="QL">as</w> <w type="RB">soon</w> <w type="CS">as</w> <w type="JJ">possible</w> <w type="IN">on</w> <w type="AT">the</w> <w type="NN">basis</w> <w type="IN">of</w> <w type="JJ">universal</w> <w type="NN">suffrage</w> <w type="CC">and</w> <w type="JJ">secret</w> <w type="NN">ballot</w> <c type="pct">''</c> <c type="pct">.</c> </s>
<s n="37"><w type="ABN">All</w> <c type="pct">``</c> <w type="JJ">democratic</w> <w type="CC">and</w> <w type="JJ">anti-Nazi</w> <w type="NNS">parties</w> <c type="pct">''</c> <w type="BED">were</w> <w type="TO">to</w> <w type="HV">have</w> <w type="AT">the</w> <w type="NN">right</w> <w type="TO">to</w> <w type="VB">campaign</w> <c type="pct">.</c> </s>
</p>
<p><s n="38"><w type="NP">Roosevelt</w> <w type="VBD">acted</w> <w type="CS">as</w> <w type="NN">moderator</w> <w type="IN">of</w> <w type="AT">the</w> <w type="JJ">long</w> <w type="NN">debate</w> <w type="IN">on</w> <w type="DT">this</w> <w type="NN">issue</w> <c type="pct">.</c> </s>
<s n="39"><w type="PPS">It</w> <w type="BEDZ">was</w> <w type="AT">a</w> <w type="NN">matter</w> <w type="IN">of</w> <w type="NN">principle</w> <w type="IN">with</w> <w type="NP">Churchill</w> <c type="pct">,</c> <w type="CS">since</w> <w type="NP">Britain</w> <w type="HVD">had</w> <w type="VBN">declared</w> <w type="NN">war</w> <w type="IN">in</w> <w type="NN">behalf</w> <w type="IN">of</w> <w type="NP">Poland</w> <c type="pct">.</c> </s>
<s n="40"><w type="IN">To</w> <w type="NP">Stalin</w> <w type="PPS">it</w> <w type="BEDZ">was</w> <w type="AT">a</w> <w type="NN">matter</w> <w type="IN">of</w> <w type="NN">life</w> <w type="CC">and</w> <w type="NN">death</w> <c type="pct">.</c> </s>
<s n="41"><w type="PPS">He</w> <w type="VBD">made</w> <w type="DT">this</w> <w type="QL">completely</w> <w type="JJ">clear</w> <c type="pct">.</c> </s>
<s n="42"><w type="VBG">Speaking</w> <w type="IN">with</w> <c type="pct">``</c> <w type="JJ">great</w> <w type="NN">earnestness</w> <c type="pct">''</c> <c type="pct">,</c> <w type="PPS">he</w> <w type="VBD">said</w> <c type="pct">:</c> <c type="pct">``</c> <w type="IN">For</w> <w type="AT">the</w> <w type="JJ">Russian</w> <w type="NNS">people</w> <c type="pct">,</c> <w type="AT">the</w> <w type="NN">question</w> <w type="IN">of</w> <w type="NP">Poland</w> <w type="BEZ">is</w> <w type="NEG">not</w> <w type="RB">only</w> <w type="AT">a</w> <w type="NN">question</w> <w type="IN">of</w> <w type="NN">honor</w> <w type="CC">but</w> <w type="RB">also</w> <w type="AT">a</w> <w type="NN">question</w> <w type="IN">of</w> <w type="NN">security</w> <c type="pct">.</c> </s>
<s n="43"><w type="IN">Throughout</w> <w type="NN">history</w> <c type="pct">,</c> <w type="NP">Poland</w> <w type="HVZ">has</w> <w type="BEN">been</w> <w type="AT">the</w> <w type="NN">corridor</w> <w type="IN">through</w> <w type="WDT">which</w> <w type="AT">the</w> <w type="NN">enemy</w> <w type="HVZ">has</w> <w type="VBN">passed</w> <w type="IN">into</w> <w type="NP">Russia</w> <c type="pct">.</c> </s>
<s n="44"><w type="RB">Twice</w> <w type="IN">in</w> <w type="AT">the</w> <w type="AP">last</w> <w type="CD">thirty</w> <w type="NNS">years</w> <w type="PPg">our</w> <w type="NNS">enemies</w> <c type="pct">,</c> <w type="AT">the</w> <w type="NPS">Germans</w> <c type="pct">,</c> <w type="HV">have</w> <w type="VBN">passed</w> <w type="IN">through</w> <w type="DT">this</w> <w type="NN">corridor</w> <c type="pct">.</c> </s>
<s n="45"><w type="PPS">It</w> <w type="BEZ">is</w> <w type="IN">in</w> <w type="NPg">Russia's</w> <w type="NN">interest</w> <w type="CS">that</w> <w type="NP">Poland</w> <w type="MD">should</w> <w type="BE">be</w> <w type="JJ">strong</w> <w type="CC">and</w> <w type="JJ">powerful</w> <c type="pct">,</c> <w type="IN">in</w> <w type="AT">a</w> <w type="NN">position</w> <w type="TO">to</w> <w type="VB">shut</w> <w type="AT">the</w> <w type="NN">door</w> <w type="IN">of</w> <w type="DT">this</w> <w type="NN">corridor</w> <w type="IN">by</w> <w type="PPg">her</w> <w type="JJ">own</w> <w type="NN">force</w> <c type="pct">.</c> </s>
<s n="46"><w type="PPS">It</w> <w type="BEZ">is</w> <w type="JJ">necessary</w> <w type="CS">that</w> <w type="NP">Poland</w> <w type="MD">should</w> <w type="BE">be</w> <w type="JJ">free</w> <c type="pct">,</c> <w type="JJ">independent</w> <w type="IN">in</w> <w type="NN">power</w> <c type="pct">.</c> </s>
<s n="47"><w type="RB">Therefore</w> <c type="pct">,</c> <w type="PPS">it</w> <w type="BEZ">is</w> <w type="NEG">not</w> <w type="RB">only</w> <w type="AT">a</w> <w type="NN">question</w> <w type="IN">of</w> <w type="NN">honor</w> <w type="CC">but</w> <w type="IN">of</w> <w type="NN">life</w> <w type="CC">and</w> <w type="NN">death</w> <w type="IN">for</w> <w type="AT">the</w> <w type="NP">Soviet</w> <w type="NN">state</w> <c type="pct">''</c> <c type="pct">.</c> </s>
</p>
<p><s n="48"><w type="IN">In</w> <w type="AP">other</w> <w type="NNS">words</w> <c type="pct">,</c> <w type="AT">the</w> <w type="NP" subtype="TL">Soviet</w> <w type="NN" subtype="TL">Union</w> <w type="BEDZ">was</w> <w type="VBN">determined</w> <w type="TO">to</w> <w type="VB">create</w> <w type="AT">a</w> <w type="NP">Poland</w> <w type="QL">so</w> <w type="JJ">strong</w> <w type="CS">as</w> <w type="TO">to</w> <w type="BE">be</w> <w type="AT">a</w> <w type="JJ">powerful</w> <w type="NN">bulwark</w> <w type="IN">against</w> <w type="NP">Germany</w> <w type="CC">and</w> <w type="QL">so</w> <w type="RB">closely</w> <w type="VBN">tied</w> <w type="IN">to</w> <w type="NP">Russia</w> <w type="CS">that</w> <w type="EX">there</w> <w type="MD">would</w> <w type="RB">never</w> <w type="BE">be</w> <w type="DTI">any</w> <w type="NN">question</w> <w type="IN">of</w> <w type="PPg">her</w> <w type="VBG">serving</w> <w type="CS">as</w> <w type="AT">a</w> <w type="NN" subtype="FW">cordon</w> <w type="JJ" subtype="FW">sanitaire</w> <w type="IN">against</w> <w type="AT">the</w> <w type="NPS">Soviets</w> <w type="CC">or</w> <w type="VBG">posing</w> <w type="CS">as</w> <w type="AT">an</w> <w type="JJ">independent</w> <c type="pct">,</c> <w type="VBG">balancing</w> <w type="NN">power</w> <w type="IN">in</w> <w type="IN">between</w> <w type="NP">Russia</w> <w type="CC">and</w> <w type="NP">Germany</w> <c type="pct">.</c> </s>
<s n="49"><w type="NP">Byrnes</w> <w type="VBZ">says</w> <w type="CS">that</w> <w type="RB">invariably</w> <w type="RB">thereafter</w> <w type="AT">the</w> <w type="NPS">Soviets</w> <w type="VBD">used</w> <w type="AT">the</w> <w type="AP">same</w> <w type="NN">security</w> <w type="NN">argument</w> <w type="TO">to</w> <w type="VB">justify</w> <w type="PPg">their</w> <w type="NN">course</w> <w type="IN">in</w> <w type="NP">Poland</w> <c type="pct">.</c> </s>
<s n="50"><w type="DT">This</w> <w type="NN">reasoning</w> <w type="BEDZ">was</w> <w type="RB">also</w> <w type="QL">as</w> <w type="JJ">inevitable</w> <w type="CS">as</w> <w type="PN">anything</w> <w type="MD">could</w> <w type="BE">be</w> <c type="pct">.</c> </s>
<s n="51"><w type="DTI">Any</w> <w type="JJ">free</w> <w type="NNS">elections</w> <w type="WPS">that</w> <w type="BED">were</w> <w type="TO">to</w> <w type="BE">be</w> <w type="VBN">held</w> <w type="IN">in</w> <w type="NP">Poland</w> <w type="MD">would</w> <w type="HV">have</w> <w type="TO">to</w> <w type="VB">produce</w> <w type="AT">a</w> <w type="NN">government</w> <w type="IN">in</w> <w type="WDT">which</w> <w type="NP">Moscow</w> <w type="HVD">had</w> <w type="JJ">complete</w> <w type="NN">confidence</w> <c type="pct">,</c> <w type="CC">and</w> <w type="ABN">all</w> <w type="NN">pressure</w> <w type="IN">from</w> <w type="AT">the</w> <w type="NR" subtype="TL">West</w> <w type="IN">for</w> <w type="JJ">free</w> <w type="NN">voting</w> <w type="IN">by</w> <w type="JJ">anti-Soviet</w> <w type="NNS">elements</w> <w type="IN">in</w> <w type="NP">Poland</w> <w type="MD">would</w> <w type="BE">be</w> <w type="VBN">met</w> <w type="IN">by</w> <w type="NNS">restrictions</w> <w type="IN">on</w> <w type="VBG">voting</w> <w type="IN">by</w> <w type="DTS">these</w> <w type="NNS">elements</w> <c type="pct">.</c> </s>
</p>
<p><s n="52"><w type="CD" subtype="HL">6</w> <c type="pct">.</c> </s>
<s n="53"><w type="VBN" subtype="HL">Liberated</w> <w type="NP" subtype="HL">Europe</w> </s>
<s n="54"><w type="IN">In</w> <w type="QL">even</w> <w type="JJR">greater</w> <w type="NN">degree</w> <w type="AT">the</w> <w type="AP">same</w> <w type="NN">rule</w> <w type="VBD">applied</w> <w type="IN">to</w> <w type="AT">the</w> <w type="NN">remainder</w> <w type="IN">of</w> <w type="JJ" subtype="TL">Eastern</w> <w type="NP" subtype="TL">Europe</w> <c type="pct">,</c> <w type="WRB">where</w> <w type="AT">the</w> <w type="JJR">upper</w> <w type="NNS">classes</w> <w type="HVD">had</w> <w type="RB">generally</w> <w type="VBN">collaborated</w> <w type="IN">with</w> <w type="AT">the</w> <w type="NPS">Nazis</w> <c type="pct">,</c> <w type="RB">even</w> <w type="IN">to</w> <w type="AT">the</w> <w type="NN">extent</w> <w type="IN">of</w> <w type="VBG">sending</w> <w type="NNS">millions</w> <w type="IN">of</w> <w type="PPg">their</w> <w type="NNS">peasants</w> <w type="IN">into</w> <w type="NP">Russia</w> <w type="CS">as</w> <w type="AT">a</w> <w type="NN">part</w> <w type="IN">of</w> <w type="NPg">Hitler's</w> <w type="NNS">armies</w> <c type="pct">.</c> </s>
<s n="55"><w type="CC">But</w> <w type="IN">at</w> <w type="NP">Yalta</w> <w type="AT">the</w> <w type="VBG">conflicting</w> <w type="NNS">expectations</w> <w type="IN">of</w> <w type="NR" subtype="TL">East</w> <w type="CC">and</w> <w type="NR" subtype="TL">West</w> <w type="BED">were</w> <w type="VBN">merged</w> <w type="IN">into</w> <w type="AT">an</w> <w type="NN">agreement</w> <w type="IN">by</w> <w type="AT">the</w> <w type="JJ" subtype="TL">Big</w> <w type="CD" subtype="TL">Three</w> <w type="TO">to</w> <w type="VB">assist</w> <w type="ABN">all</w> <w type="VBN">liberated</w> <w type="NNS">countries</w> <w type="IN">in</w> <w type="NP">Europe</w> <c type="pct">``</c> <w type="TO">to</w> <w type="VB">create</w> <w type="JJ">democratic</w> <w type="NNS">institutions</w> <w type="IN">of</w> <w type="PPg">their</w> <w type="JJ">own</w> <w type="NN">choice</w> <c type="pct">''</c> <c type="pct">.</c> </s>
<s n="56"><w type="IN">In</w> <w type="DTI">any</w> <w type="NN">case</w> <c type="pct">``</c> <w type="RB">here</w> <w type="IN">in</w> <w type="PPg">their</w> <w type="NN">judgment</w> <w type="NNS">conditions</w> <w type="VB">require</w> <c type="pct">''</c> <c type="pct">(</c> <w type="NNS">italics</w> <w type="VBN">added</w> <c type="pct">)</c> <w type="PPSS">they</w> <w type="MD">would</w> <c type="pct">``</c> <w type="VB">form</w> <w type="JJ">interim</w> <w type="JJ">governmental</w> <w type="NNS">authorities</w> <w type="RB">broadly</w> <w type="JJ">representative</w> <w type="IN">of</w> <w type="ABN">all</w> <w type="JJ">democratic</w> <w type="NNS">elements</w> <w type="IN">in</w> <w type="AT">the</w> <w type="NN">population</w> <w type="CC">and</w> <w type="VBN">pledged</w> <w type="IN">to</w> <w type="AT">the</w> <w type="JJT">earliest</w> <w type="JJ">possible</w> <w type="NN">establishment</w> <w type="IN">through</w> <w type="JJ">free</w> <w type="NNS">elections</w> <w type="IN">of</w> <w type="NNS">governments</w> <w type="JJ">responsive</w> <w type="IN">to</w> <w type="AT">the</w> <w type="NN">will</w> <w type="IN">of</w> <w type="AT">the</w> <w type="NNS">people</w> <c type="pct">''</c> <c type="pct">.</c> </s>
<s n="57"><w type="AP">Other</w> <w type="JJ">similar</w> <w type="NNS">affirmations</w> <w type="IN">in</w> <w type="AT">the</w> <w type="NN" subtype="TL">Declaration</w> <w type="IN" subtype="TL">on</w> <w type="VBN" subtype="HL">Liberated</w> <w type="NP" subtype="TL">Europe</w> <w type="VBD">seemed</w> <w type="TO">to</w> <w type="VB">assure</w> <w type="JJ">democratic</w> <w type="NNS">institutions</w> <w type="IN">on</w> <w type="AT">the</w> <w type="JJ" subtype="TL">Western</w> <w type="NN">model</w> <c type="pct">.</c> </s>
<s n="58"><w type="RBR">Later</w> <w type="PPS">it</w> <w type="VBD">developed</w> <w type="CS">that</w> <w type="AT">the</w> <w type="NPS">Soviets</w> <w type="HVD">had</w> <w type="AT">a</w> <w type="QL">very</w> <w type="JJ">different</w> <w type="NN">interpretation</w> <w type="IN">of</w> <w type="NN">democracy</w> <c type="pct">,</c> <w type="WDT">which</w> <w type="MD">will</w> <w type="BE">be</w> <w type="VBN">discussed</w> <w type="RBR">later</w> <c type="pct">,</c> <w type="CC">and</w> <w type="PPg">their</w> <w type="NN">judgment</w> <w type="RB">never</w> <w type="VBD">told</w> <w type="PPO">them</w> <w type="CS">that</w> <w type="AT">the</w> <w type="JJ" subtype="TL">Big</w> <w type="CD" subtype="TL">Three</w> <w type="MD">should</w> <w type="VB">unite</w> <w type="IN">in</w> <w type="VBG">establishing</w> <w type="JJ">democratic</w> <w type="NNS">conditions</w> <c type="pct">,</c> <w type="CS">as</w> <w type="PPSS">we</w> <w type="VB">understand</w> <w type="PPO">them</w> <c type="pct">,</c> <w type="IN">within</w> <w type="PPg">their</w> <w type="NN">zone</w> <w type="IN">of</w> <w type="NN">influence</w> <c type="pct">.</c> </s>
</p>
<p><s n="59"><w type="NN" subtype="TL">Professor</w> <w type="NP">McNeill</w> <w type="VBZ">thinks</w> <w type="CS">that</w> <w type="IN">at</w> <w type="NP">Yalta</w> <c type="pct">,</c> <w type="NP">Stalin</w> <w type="DOD">did</w> <w type="NEG">not</w> <w type="RB">fully</w> <w type="VB">realize</w> <w type="AT">the</w> <w type="NN">dilemma</w> <w type="WDT">which</w> <w type="VBD">faced</w> <w type="PPO">him</w> <c type="pct">,</c> <w type="CS">that</w> <w type="PPS">he</w> <w type="VBD">thought</w> <w type="AT">the</w> <w type="NN">exclusion</w> <w type="IN">of</w> <w type="AT">the</w> <w type="JJ">anti-Soviet</w> <w type="NNS">voters</w> <w type="IN">from</w> <w type="JJ" subtype="TL">East</w> <w type="JJ" subtype="TL">European</w> <w type="NNS">elections</w> <w type="MD">would</w> <w type="NEG">not</w> <w type="BE">be</w> <w type="RB">greatly</w> <w type="VBN">resented</w> <w type="IN">by</w> <w type="PPg">his</w> <w type="NNS">allies</w> <c type="pct">,</c> <w type="CS">while</w> <w type="CC">neither</w> <w type="NP">Roosevelt</w> <w type="CC">nor</w> <w type="NP">Churchill</w> <w type="RB">frankly</w> <w type="VBD">faced</w> <c type="pct">``</c> <w type="AT">the</w> <w type="NN">fact</w> <w type="CS">that</w> <c type="pct">,</c> <w type="IN">in</w> <w type="NP">Poland</w> <w type="IN">at</w> <w type="AP">least</w> <c type="pct">,</c> <w type="QL">genuinely</w> <w type="JJ">free</w> <w type="JJ">democratic</w> <w type="NNS">elections</w> <w type="MD">would</w> <w type="VB">return</w> <w type="NNS">governments</w> <w type="JJ">unfriendly</w> <w type="IN">to</w> <w type="NP">Russia</w> <c type="pct">''</c> <c type="pct">,</c> <w type="IN">by</w> <w type="DTI">any</w> <w type="NN">definition</w> <w type="IN">of</w> <w type="JJ">international</w> <w type="NN">friendliness</w> <c type="pct">.</c> </s>
<s n="60"><w type="RB">Also</w> <w type="NN">war-time</w> <w type="NN">propaganda</w> <w type="CC">and</w> <w type="NN">cooperation</w> <w type="HVD">had</w> <c type="pct">``</c> <w type="VBN">obscured</w> <w type="AT">the</w> <w type="NNS">differences</w> <w type="IN">between</w> <w type="NP">Russian</w> <w type="CC">and</w> <w type="JJ" subtype="TL">Western</w> <w type="NNS">ideas</w> <w type="IN">of</w> <w type="NN">democracy</w> <c type="pct">''</c> <c type="pct">,</c> <w type="CC">and</w> <w type="PPS">it</w> <w type="VBD">seemed</w> <w type="JJR">better</w> <w type="TO">to</w> <w type="HV">have</w> <w type="PPO">them</w> <w type="VBN">covered</w> <w type="IN">by</w> <w type="JJ">verbal</w> <w type="NNS">formulae</w> <w type="CS">than</w> <w type="TO">to</w> <w type="VB">imperil</w> <w type="AT">the</w> <w type="JJ">military</w> <w type="NNS">victories</w> <w type="IN">over</w> <w type="NP">Germany</w> <w type="CC">and</w> <w type="NP">Japan</w> <c type="pct">.</c> </s>
</p>
<p><s n="61"><w type="AT">The</w> <w type="NN">application</w> <w type="IN">of</w> <w type="DTS">these</w> <w type="NNS">formulae</w> <w type="MD">could</w> <w type="NEG">not</w> <w type="VB">please</w> <w type="ABX">both</w> <w type="NNS">sides</w> <c type="pct">,</c> <w type="CS">for</w> <w type="PPSS">they</w> <w type="RB">really</w> <w type="VBD">attempted</w> <w type="TO">to</w> <w type="VB">marry</w> <w type="AT">the</w> <w type="JJ">impossible</w> <w type="IN">to</w> <w type="AT">the</w> <w type="JJ">inevitable</w> <c type="pct">.</c> </s>
<s n="62"><w type="CS">While</w> <w type="VBN">obliged</w> <w type="TO">to</w> <w type="VB">concede</w> <w type="NNS">governments</w> <w type="IN">in</w> <w type="JJ" subtype="TL">East</w> <w type="NP" subtype="TL">Europe</w> <w type="VBN">allied</w> <w type="IN">with</w> <w type="AT">the</w> <w type="NP" subtype="TL">Soviet</w> <w type="NN" subtype="TL">Union</w> <w type="RB">instead</w> <w type="IN">of</w> <w type="VBN">opposed</w> <w type="IN">to</w> <w type="PPO">it</w> <c type="pct">,</c> <w type="PPSS">we</w> <w type="VBD">thought</w> <w type="PPSS">we</w> <w type="HVD">had</w> <w type="VBN">preserved</w> <w type="PPg">our</w> <w type="JJ">social</w> <w type="CC">and</w> <w type="JJ">economic</w> <w type="NN">system</w> <w type="IN">in</w> <w type="JJ" subtype="TL">East</w> <w type="NP" subtype="TL">Europe</w> <c type="pct">.</c> </s>
</p>
<p><s n="63"><w type="DT">This</w> <w type="NN">illusion</w> <w type="BEDZ">was</w> <w type="VBN">described</w> <w type="IN">in</w> <w type="AT">a</w> <w type="JJ">far-sighted</w> <w type="NN">editorial</w> <w type="IN">in</w> <w type="AT" subtype="TL">The</w> <w type="JJ" subtype="TL">New</w> <w type="NP" subtype="TL">York</w> <w type="NN" subtype="TL">Herald</w> <w type="NN" subtype="TL">Tribune</w> <c type="pct">,</c> <w type="IN">on</w> <w type="NP">March</w> <w type="CD">5</w> <c type="pct">,</c> <w type="CD">1947</w> <c type="pct">,</c> <w type="IN">in</w> <w type="NN">connection</w> <w type="IN">with</w> <w type="AT">the</w> <w type="NN">submission</w> <w type="IN">of</w> <w type="AT">the</w> <w type="NN">satellite</w> <w type="NN">peace</w> <w type="NNS">treaties</w> <w type="IN">to</w> <w type="AT">the</w> <w type="NN" subtype="TL">Senate</w> <c type="pct">.</c> </s>
<s n="64"><w type="IN">In</w> <w type="VBG">doing</w> <w type="RB">so</w> <w type="NP">Marshall</w> <w type="CC">and</w> <w type="NP">Byrnes</w> <w type="BED">were</w> <c type="pct">``</c> <w type="VBG">asking</w> <w type="IN">for</w> <w type="AT">the</w> <w type="NN">ratification</w> <w type="IN">of</w> <w type="AT">a</w> <w type="JJ">grim</w> <w type="NN">lesson</w> <w type="IN">in</w> <w type="AT">the</w> <w type="NNS">facts</w> <w type="IN">of</w> <w type="JJ">international</w> <w type="NN">life</w> <c type="pct">''</c> <c type="pct">.</c> </s>
<s n="65"><w type="PPSS">We</w> <w type="HVD">had</w> <w type="VBN">entertained</w> <w type="VBN">exaggerated</w> <w type="NNS">ideas</w> <w type="IN">about</w> <w type="PPg">our</w> <w type="NN">victory</w> <w type="RB">automatically</w> <w type="VBG">establishing</w> <w type="PPg">our</w> <w type="NN">system</w> <w type="IN">throughout</w> <w type="AT">the</w> <w type="NN">world</w> <c type="pct">.</c> </s>
<s n="66"><c type="pct">``</c> <w type="PPSS">We</w> <w type="BED">were</w> <w type="VBN">troubled</w> <w type="IN">about</w> <w type="AT">the</w> <w type="NN">fate</w> <w type="IN">of</w> <w type="AT">the</w> <w type="NP" subtype="TL">Baltic</w> <w type="NNS" subtype="TL">States</w> <c type="pct">.</c> </s>
<s n="67"><w type="NP">Yalta</w> <w type="VBD">left</w> <w type="PPO">us</w> <w type="IN">with</w> <w type="VBG">comforting</w> <w type="NNS">illusions</w> <w type="IN">of</w> <w type="AT">a</w> <w type="JJ" subtype="TL">Western</w> <w type="JJ">capitalist-democratic</w> <w type="JJ">political</w> <w type="NN">economy</w> <w type="VBG">reigning</w> <w type="JJ">supreme</w> <w type="RP">up</w> <w type="IN">to</w> <w type="AT">the</w> <w type="NP">Curzon</w> <w type="NN">line</w> <w type="CC">and</w> <w type="AT">the</w> <w type="NNS">borders</w> <w type="IN">of</w> <w type="NP">Bessarabia</w> <c type="pct">''</c> <c type="pct">(</c> <w type="NNS">Italics</w> <w type="VBN">added</w> <c type="pct">)</c> </s>
</p>
<p><s n="68"><w type="DT">This</w> <w type="BEZ">is</w> <w type="AT">a</w> <w type="JJ">penetrating</w> <w type="NN">description</w> <w type="IN">of</w> <w type="PPg">our</w> <w type="JJ">post-war</w> <w type="NN">illusion</w> <c type="pct">,</c> <w type="WDT">which</w> <w type="VBD">applied</w> <w type="IN">to</w> <w type="AP">other</w> <w type="NNS">areas</w> <w type="CS">than</w> <w type="JJ" subtype="TL">East</w> <w type="NP" subtype="TL">Europe</w> <c type="pct">.</c> </s>
<s n="69"><w type="AT">The</w> <w type="AP">same</w> <w type="NN">editorial</w> <w type="VBD">continued</w> <w type="CS">that</w> <c type="pct">``</c> <w type="PPSS">We</w> <w type="VBD">expected</w> <w type="TO">to</w> <w type="VB">democratize</w> <w type="NP">Japan</w> <w type="CC">and</w> <w type="NP">Korea</w> <w type="CC">and</w> <w type="TO">to</w> <w type="VB">see</w> <w type="AT">a</w> <w type="JJ">new</w> <w type="NP">China</w> <w type="VB">pattern</w> <w type="PPL">itself</w> <w type="RB">easily</w> <w type="IN">on</w> <w type="PPg">our</w> <w type="NNS">institutions</w> <c type="pct">.</c> </s>
<s n="70"><w type="PPSS">We</w> <w type="VBD">expected</w> <c type="pct">,</c> <w type="IN">in</w> <w type="JJ">short</w> <c type="pct">,</c> <w type="CS">that</w> <w type="AP">most</w> <w type="IN">of</w> <w type="AT">the</w> <w type="NN">world</w> <w type="MD">would</w> <w type="VB">make</w> <w type="PPL">itself</w> <w type="RP">over</w> <w type="IN">in</w> <w type="PPg">our</w> <w type="NN">image</w> <w type="CC">and</w> <w type="CS">that</w> <w type="PPS">it</w> <w type="MD">would</w> <w type="BE">be</w> <w type="QL">relatively</w> <w type="JJ">simple</w> <c type="pct">,</c> <w type="IN">from</w> <w type="ABL">such</w> <w type="AT">a</w> <w type="NN">position</w> <c type="pct">,</c> <w type="TO">to</w> <w type="VB">deal</w> <w type="IN">with</w> <w type="AT">the</w> <w type="VBN">localized</w> <w type="NNS">aberrations</w> <w type="IN">of</w> <w type="AT">the</w> <w type="NP" subtype="TL">Soviet</w> <w type="NN" subtype="TL">Union</w> <c type="pct">''</c> <c type="pct">.</c> </s>
<s n="71"><w type="CC">Yet</w> <w type="RB">actually</w> <c type="pct">``</c> <w type="AT">the</w> <w type="NN">image</w> <w type="VBD">corresponded</w> <w type="IN">in</w> <w type="AT">no</w> <w type="NN">way</w> <w type="IN">to</w> <w type="AT">the</w> <w type="NNS">actualities</w> <w type="IN">of</w> <w type="AT">the</w> <w type="JJ">post-war</w> <w type="NN">world</w> <c type="pct">.</c> </s>
<s n="72"><w type="CC">Neither</w> <w type="PPg">our</w> <w type="JJ">military</w> <c type="pct">,</c> <w type="PPg">our</w> <w type="JJ">economic</w> <w type="CC">nor</w> <w type="PPg">our</w> <w type="JJ">ideological</w> <w type="NN">power</w> <w type="VBD">reached</w> <w type="RB">far</w> <w type="QLP">enough</w> <c type="pct">''</c> <w type="TO">to</w> <w type="VB">determine</w> <w type="AT">the</w> <w type="NN">fate</w> <w type="IN">of</w> <w type="JJ" subtype="TL">East</w> <w type="NP" subtype="TL">Europe</w> <c type="pct">.</c> </s>
<s n="73"><w type="RB">Then</w> <w type="AT">the</w> <w type="NN">editorial</w> <w type="VBD">added</w> <w type="RB">prophetically</w> <c type="pct">:</c> <c type="pct">``</c> <w type="WQL">how</w> <w type="RB">far</w> <w type="PPSS">they</w> <w type="MD">may</w> <w type="VB">reach</w> <w type="IN">in</w> <w type="NP">Asia</w> <w type="BEZ">is</w> <w type="RB">yet</w> <w type="JJ">undetermined</w> <c type="pct">,</c> <w type="CC">but</w> <w type="PPSS">they</w> <w type="VB">fall</w> <w type="QL">far</w> <w type="RB">short</w> <w type="IN">of</w> <w type="PPg">our</w> <w type="NNS">dreams</w> <w type="IN">of</w> <w type="AT">the</w> <w type="NN">war</w> <w type="NNS">conferences</w> <c type="pct">''</c> <c type="pct">.</c> </s>
</p>
<p><s n="74"><w type="RB">Here</w> <w type="BEZ">is</w> <w type="AT">the</w> <w type="JJT">best</w> <w type="JJ">short</w> <w type="NN">explanation</w> <w type="IN">of</w> <w type="AT">the</w> <w type="NNS">origins</w> <w type="IN">of</w> <w type="AT">the</w> <w type="JJ" subtype="TL">Cold</w> <w type="NN" subtype="TL">War</w> <w type="WPO">that</w> <w type="HVZ">has</w> <w type="BEN">been</w> <w type="VBN">written</w> <c type="pct">.</c> </s>
<s n="75"><w type="VBG">Failing</w> <w type="TO">to</w> <w type="VB">heed</w> <w type="AT">the</w> <w type="NN">lesson</w> <w type="QL">so</w> <w type="RB">clearly</w> <w type="VBN">contained</w> <w type="IN">in</w> <w type="AT">the</w> <w type="NN">satellite</w> <w type="NNS">treaties</w> <c type="pct">,</c> <w type="NN" subtype="TL">President</w> <w type="NP">Truman</w> <w type="VBD">re-declared</w> <w type="AT">the</w> <w type="JJ" subtype="TL">Cold</w> <w type="NN" subtype="TL">War</w> <w type="IN">on</w> <w type="NP">March</w> <w type="CD">12</w> <c type="pct">,</c> <w type="CD">1947</w> <c type="pct">,</c> <w type="IN">in</w> <w type="AT">the</w> <w type="NP" subtype="TL">Truman</w> <w type="NN" subtype="TL">Doctrine</w> <c type="pct">,</c> <w type="RB">exactly</w> <w type="CD">one</w> <w type="NN">week</w> <w type="CS">after</w> <w type="AT">the</w> <w type="NN" subtype="TL">Herald</w> <w type="NN" subtype="TL">Tribune</w> <w type="NN">editorial</w> <w type="BEDZ">was</w> <w type="VBN">written</w> <c type="pct">,</c> <w type="CC">and</w> <w type="AT">a</w> <w type="NN">year</w> <w type="CS">after</w> <w type="AT">the</w> <w type="JJ" subtype="TL">Cold</w> <w type="NN" subtype="TL">War</w> <w type="HVD">had</w> <w type="BEN">been</w> <w type="VBN">announced</w> <w type="IN">by</w> <w type="NP">Churchill</w> <w type="IN">at</w> <w type="NP">Fulton</w> <c type="pct">,</c> <w type="NP">Missouri</w> <c type="pct">,</c> <w type="IN">in</w> <w type="NPg">Truman's</w> <w type="NN">presence</w> <c type="pct">.</c> </s>
<s n="76"><w type="RB">Then</w> <w type="NP">China</w> <w type="RB">promptly</w> <w type="VBD">went</w> <w type="JJ">Communist</w> <c type="pct">,</c> <w type="CC">and</w> <w type="NP">Mr.</w> <w type="NP">Truman</w> <w type="HVD">had</w> <w type="TO">to</w> <w type="VB">fight</w> <w type="AT">the</w> <w type="JJ">interminable</w> <w type="JJ">Korean</w> <w type="NN">war</w> <w type="IN">for</w> <w type="AT">the</w> <w type="NN">democratization</w> <w type="IN">of</w> <w type="NP">Korea</w> <w type="CS">before</w> <w type="PPSS">we</w> <w type="VBD">learned</w> <w type="WQL">how</w> <w type="RB">far</w> <w type="PPg">our</w> <w type="NN">writ</w> <w type="DOD">did</w> <c type="pct">``</c> <w type="VB">reach</w> <w type="IN">in</w> <w type="NP">Asia</w> <c type="pct">''</c> <c type="pct">.</c> </s>
</p>
<p><s n="77"><w type="NNS">Years</w> <w type="IN">of</w> <w type="NN">war</w> <c type="pct">,</c> <w type="NN">strain</w> <c type="pct">,</c> <w type="CC">and</w> <w type="NN">hatred</w> <c type="pct">;</c> <c type="pct">;</c> </s>
<s n="78"><w type="IN">of</w> <w type="JJ">heavy</w> <w type="NNS">arms</w> <w type="NNS">expenditures</w> <w type="CC">and</w> <w type="JJ">constant</w> <w type="NN">danger</w> <w type="IN">of</w> <w type="DT">another</w> <w type="NN">world</w> <w type="NN">war</w> <w type="HVD">had</w> <w type="TO">to</w> <w type="VB">ensue</w> <w type="CS">before</w> <w type="AT">the</w> <w type="VBN" subtype="TL">United</w> <w type="NNS" subtype="TL">States</w> <w type="MD">could</w> <w type="VB">bring</w> <w type="PPL">itself</w> <w type="TO">to</w> <w type="VB">accept</w> <w type="AT">the</w> <w type="CD">two</w> <w type="JJS">chief</w> <w type="NNS">results</w> <w type="IN">of</w> <w type="NN" subtype="TL">World</w> <w type="NN" subtype="TL">War</w> <w type="CD" subtype="TL">2</w> <c type="pct">,</c> <c type="pct">--</c> <w type="JJ">Communist</w> <w type="NN">control</w> <w type="IN">of</w> <w type="JJ" subtype="TL">East</w> <w type="NP" subtype="TL">Europe</w> <w type="CC">and</w> <w type="NP">China</w> <c type="pct">--</c> <w type="AT" subtype="HL">a</w> <w type="JJ" subtype="HL">new</w> <w type="NN" subtype="HL">balance</w> <w type="IN" subtype="HL">of</w> <w type="NN" subtype="HL">power</w> <c type="pct">.</c> </s>
</p>
<p><s n="79"><w type="CS">While</w> <w type="AT">the</w> <w type="JJ" subtype="TL">Cold</w> <w type="NN" subtype="TL">War</w> <w type="VBD">raged</w> <w type="PPS">it</w> <w type="BEDZ">was</w> <w type="JJ">easy</w> <w type="TO">to</w> <w type="VB">blame</w> <w type="PPO">it</w> <w type="ABN">all</w> <w type="IN">on</w> <w type="NP">Yalta</w> <c type="pct">.</c> </s>
<s n="80"><w type="RB">Yet</w> <c type="pct">,</c> <w type="IN">in</w> <w type="VBG">summarizing</w> <w type="AT">a</w> <w type="NN">series</w> <w type="IN">of</w> <w type="JJ">careful</w> <w type="NNS">essays</w> <w type="IN">on</w> <w type="AT">the</w> <w type="NP" subtype="TL">Yalta</w> <w type="NN" subtype="TL">Conference</w> <c type="pct">,</c> <w type="NP">Forrest</w> <w type="NP">Pogue</w> <w type="MD">could</w> <w type="VB">find</w> <w type="AT">no</w> <w type="NN">basis</w> <w type="IN">for</w> <w type="NP">Yalta</w> <w type="VBG">becoming</w> <c type="pct">``</c> <w type="AT">a</w> <w type="NN">symbol</w> <w type="IN">for</w> <w type="NN">betrayal</w> <w type="CC">and</w> <w type="AT">a</w> <w type="NN">shibboleth</w> <w type="IN">for</w> <w type="AT">the</w> <w type="NNS">opponents</w> <w type="IN">of</w> <w type="NP">Roosevelt</w> <w type="CC">and</w> <w type="JJ">international</w> <w type="NN">cooperation</w> <c type="pct">''</c> <c type="pct">.</c> </s>
<s n="81"><w type="WRB">When</w> <w type="AT">the</w> <w type="NP" subtype="TL">Yalta</w> <w type="NNS" subtype="TL">Papers</w> <w type="BED">were</w> <w type="RB">finally</w> <w type="VBN">published</w> <w type="IN">with</w> <w type="JJ">great</w> <w type="NN">fanfare</w> <w type="PPSS">they</w> <w type="HVD">had</w> <w type="VBN">revealed</w> <w type="AT">no</w> <w type="NN">betrayal</w> <w type="IN">by</w> <w type="PN">anyone</w> <c type="pct">.</c> </s>
</p>
<p></p></body></text></TEI>
