<TEI xmlns="http://www.tei-c.org/ns/1.0"><teiHeader><fileDesc><titleStmt><title>Sample J40 from  James J. O'Leary, "The Outlook for Interest Rates in 1961"
 Banking, LIII (1961), 40-41, 112, 114, 117.
 </title></titleStmt><editionStmt><edition>A part  of the XML version of the Brown Corpus</edition></editionStmt><extent>1,999 words 4 (0.2.%) quotes 1 symbol</extent><publicationStmt><idno>J40</idno><availability><p>Copyright American Bankers Association. Used by permission. 0010-1810</p></availability></publicationStmt><sourceDesc><bibl> James J. O'Leary, "The Outlook for Interest Rates in 1961"
 Banking, LIII (1961), 40-41, 112, 114, 117.
 </bibl></sourceDesc></fileDesc><encodingDesc><p>Arbitrary Hyphens: clear-cut [1550] home-building [1580]</p></encodingDesc><revisionDesc><change when="2008-04-27">Header auto-generated for TEI version</change></revisionDesc></teiHeader>
<text xml:id="J40" decls="J">
<body><p><s n="1"><w type="IN">In</w> <w type="VBG">assessing</w> <w type="AT">the</w> <w type="NN">outlook</w> <w type="IN">for</w> <w type="NN">interest</w> <w type="NNS">rates</w> <w type="IN">in</w> <w type="CD">1961</w> <c type="pct">,</c> <w type="AT">the</w> <w type="NN">question</w> <c type="pct">,</c> <w type="CS">as</w> <w type="RB">always</w> <c type="pct">,</c> <w type="BEZ">is</w> <w type="AT">the</w> <w type="NN">prospect</w> <w type="IN">for</w> <w type="JJ">general</w> <w type="NN">business</w> <w type="NN">activity</w> <c type="pct">.</c> </s>
<s n="2"><w type="RB">By</w> <w type="CC">and</w> <w type="RB">large</w> <c type="pct">,</c> <w type="WDT">what</w> <w type="VBZ">happens</w> <w type="IN">to</w> <w type="NN">business</w> <w type="CS">as</w> <w type="AT">a</w> <w type="NN">whole</w> <w type="MD">will</w> <w type="VB">govern</w> <w type="AT">the</w> <w type="NN">relationship</w> <w type="IN">between</w> <w type="NN">demand</w> <w type="CC">and</w> <w type="NN">supply</w> <w type="NNS">conditions</w> <w type="IN">in</w> <w type="AT">the</w> <w type="NN">capital</w> <w type="NNS">markets</w> <w type="CC">and</w> <w type="MD">will</w> <w type="RB">thus</w> <w type="VB">determine</w> <w type="NN">interest</w> <w type="NNS">rates</w> <c type="pct">.</c> </s>
<s n="3"><w type="RB">Moreover</w> <c type="pct">,</c> <w type="AT">the</w> <w type="NN">trend</w> <w type="IN">of</w> <w type="JJ">general</w> <w type="NN">business</w> <w type="NN">activity</w> <w type="IN">in</w> <w type="CD">1961</w> <w type="MD">will</w> <w type="VB">exert</w> <w type="AT">a</w> <w type="JJ">decisive</w> <w type="NN">influence</w> <w type="IN">on</w> <w type="JJ">fiscal</w> <c type="pct">,</c> <w type="JJ">monetary</w> <c type="pct">,</c> <w type="CC">and</w> <w type="AP">other</w> <w type="JJ" subtype="TL">Federal</w> <w type="NNS">policies</w> <w type="WDT">which</w> <w type="VB">affect</w> <w type="NN">interest</w> <w type="NNS">rates</w> <c type="pct">.</c> </s>
</p>
<p><s n="4"><w type="CD">Nineteen-sixty</w> <w type="HVZ">has</w> <w type="BEN">been</w> <w type="AT">a</w> <w type="JJ">baffling</w> <w type="NN">year</w> <w type="IN">for</w> <w type="NNS">analysts</w> <w type="IN">of</w> <w type="JJ">general</w> <w type="NN">business</w> <w type="NN">activity</w> <c type="pct">.</c> </s>
<s n="5"><w type="IN">During</w> <w type="AP">much</w> <w type="IN">of</w> <w type="AT">the</w> <w type="NN">year</w> <w type="AT">the</w> <w type="JJ">general</w> <w type="NN">level</w> <w type="IN">of</w> <w type="NN">business</w> <w type="NN">activity</w> <w type="HVZ">has</w> <w type="VBN">moved</w> <w type="RB">along</w> <w type="IN">on</w> <w type="AT">a</w> <w type="JJ">record-high</w> <w type="NN">plateau</w> <c type="pct">,</c> <w type="CC">but</w> <w type="EX">there</w> <w type="HV">have</w> <w type="BEN">been</w> <w type="NN">persistent</w> <w type="NNS">signs</w> <w type="IN">of</w> <w type="NN">slack</w> <w type="IN">in</w> <w type="AT">the</w> <w type="NN">economy</w> <c type="pct">.</c> </s>
<s n="6"><w type="AT">The</w> <w type="NN">tendency</w> <w type="CS">for</w> <w type="JJ">general</w> <w type="NN">business</w> <w type="NN">activity</w> <w type="TO">to</w> <w type="VB">soften</w> <w type="RB">somewhat</w> <w type="BEZ">is</w> <w type="VBG">becoming</w> <w type="QL">more</w> <w type="JJ">evident</w> <c type="pct">.</c> </s>
</p>
<p><s n="7"><w type="CS">Although</w> <w type="AT">the</w> <w type="NN">pause</w> <w type="IN">in</w> <w type="AT">the</w> <w type="NN">advance</w> <w type="IN">of</w> <w type="JJ">general</w> <w type="NN">business</w> <w type="NN">activity</w> <w type="DT">this</w> <w type="NN">year</w> <w type="HVZ">has</w> <w type="QL">thus</w> <w type="RB">far</w> <w type="BEN">been</w> <w type="QL">quite</w> <w type="JJ">modest</w> <c type="pct">,</c> <w type="PPS">it</w> <w type="BEZ">is</w> <w type="JJ">hard</w> <w type="TO">to</w> <w type="VB">escape</w> <w type="AT">the</w> <w type="NN">conclusion</w> <w type="CS">that</w> <w type="AT">the</w> <w type="VBG">softening</w> <w type="NN">process</w> <w type="MD">will</w> <w type="VB">continue</w> <w type="IN">into</w> <w type="AT">the</w> <w type="OD">first</w> <w type="NN">quarter</w> <w type="IN">of</w> <w type="CD">1961</w> <w type="CC">and</w> <w type="RB">possibly</w> <w type="QL">somewhat</w> <w type="RBR">longer</w> <c type="pct">.</c> </s>
<s n="8"><w type="PPS">It</w> <w type="BEZ">is</w> <w type="JJ">difficult</w> <w type="TO">to</w> <w type="VB">see</w> <w type="DTI">any</w> <w type="JJ">powerful</w> <w type="NNS">sources</w> <w type="IN">of</w> <w type="NN">strength</w> <w type="IN">on</w> <w type="AT">the</w> <w type="NN">horizon</w> <w type="IN">at</w> <w type="DT">this</w> <w type="NN">time</w> <w type="WDT">which</w> <w type="MD">would</w> <w type="VB">give</w> <w type="AT">the</w> <w type="NN">economy</w> <w type="AT">a</w> <w type="JJ">new</w> <w type="JJ">upward</w> <w type="NN">thrust</w> <c type="pct">.</c> </s>
<s n="9"><w type="AT">The</w> <w type="NN">rate</w> <w type="IN">of</w> <w type="NN">plant</w> <w type="CC">and</w> <w type="NN">equipment</w> <w type="NN">spending</w> <w type="IN">by</w> <w type="NN">business</w> <w type="CC">and</w> <w type="NN">industry</w> <w type="RB">now</w> <w type="VBZ">seems</w> <w type="TO">to</w> <w type="BE">be</w> <w type="VBG">topping</w> <w type="RP">out</w> <w type="CC">and</w> <w type="VBG">facing</w> <w type="DTI">some</w> <w type="NN">decline</w> <c type="pct">.</c> </s>
<s n="10"><w type="IN">In</w> <w type="JJR">earlier</w> <w type="NN">business</w> <w type="NNS">cycles</w> <c type="pct">,</c> <w type="WRB">when</w> <w type="DT">this</w> <w type="VBD">occurred</w> <w type="AT">the</w> <w type="NN">country</w> <w type="RB">usually</w> <w type="VBD">experienced</w> <w type="AT">a</w> <w type="JJ">sharp</w> <w type="NN">upturn</w> <w type="IN">in</w> <w type="JJ">residential</w> <w type="NN">construction</w> <w type="CS">as</w> <w type="NN">mortgage</w> <w type="NN">financing</w> <w type="VBD">became</w> <w type="JJR">easier</w> <w type="TO">to</w> <w type="VB">obtain</w> <c type="pct">.</c> </s>
<s n="11"><w type="IN">At</w> <w type="DT">this</w> <w type="NN">time</w> <c type="pct">,</c> <w type="RB">however</w> <c type="pct">,</c> <w type="EX">there</w> <w type="BER">are</w> <w type="NNS">signs</w> <w type="CS">that</w> <w type="VBN">increased</w> <w type="NN">availability</w> <w type="IN">of</w> <w type="NN">mortgage</w> <w type="NN">credit</w> <w type="MD">will</w> <w type="NEG">not</w> <w type="VB">act</w> <w type="IN">with</w> <w type="AT">the</w> <w type="JJ">usual</w> <w type="NN">speed</w> <w type="TO">to</w> <w type="VB">stimulate</w> <w type="AT">a</w> <w type="JJ">sharp</w> <w type="NN">rise</w> <w type="IN">in</w> <w type="JJ">residential</w> <w type="NN">construction</w> <c type="pct">.</c> </s>
<s n="12"><w type="DTS">These</w> <w type="NNS">signs</w> <w type="BER">are</w> <w type="AT">the</w> <w type="NNS">inventories</w> <w type="IN">of</w> <w type="JJ">unsold</w> <w type="NNS">houses</w> <w type="IN">in</w> <w type="DTI">some</w> <w type="NNS">areas</w> <w type="IN">of</w> <w type="AT">the</w> <w type="NN">country</w> <w type="CC">and</w> <w type="AT">the</w> <w type="JJ">moderate</w> <w type="NN">rise</w> <w type="IN">in</w> <w type="NN">vacancy</w> <w type="NNS">rates</w> <w type="IN">for</w> <w type="NNS">apartments</w> <c type="pct">(</c> <w type="NN">7.6%</w> <w type="IN">in</w> <w type="NP">September</w> <c type="pct">)</c> <c type="pct">.</c> </s>
<s n="13"><w type="IN">On</w> <w type="AT">the</w> <w type="AP">other</w> <w type="NN">hand</w> <c type="pct">,</c> <w type="IN">in</w> <w type="AT">a</w> <w type="QL">more</w> <w type="JJ">favorable</w> <w type="NN">vein</w> <c type="pct">,</c> <w type="JJ">general</w> <w type="NN">business</w> <w type="NN">activity</w> <w type="MD">should</w> <w type="VB">receive</w> <w type="DTI">some</w> <w type="NN">stimulus</w> <w type="IN">from</w> <w type="VBG">rising</w> <w type="JJ" subtype="TL">Federal</w> <w type="NN">spending</w> <c type="pct">,</c> <w type="CC">and</w> <w type="AT">the</w> <w type="NN">reduction</w> <w type="IN">in</w> <w type="NN">business</w> <w type="NNS">inventories</w> <w type="HVZ">has</w> <w type="RB">probably</w> <w type="VBN">run</w> <w type="AT">a</w> <w type="JJ">good</w> <w type="NN">part</w> <w type="IN">of</w> <w type="PPg">its</w> <w type="NN">course</w> <c type="pct">.</c> </s>
<s n="14"><w type="AT">The</w> <w type="NN">2%</w> <w type="NN">increase</w> <w type="IN">in</w> <w type="JJ">retail</w> <w type="NNS">sales</w> <w type="IN">in</w> <w type="NP">October</w> <w type="IN">to</w> <w type="AT">a</w> <w type="JJ">4-month</w> <w type="NN">high</w> <w type="BEZ">is</w> <w type="VBG">encouraging</w> <w type="IN">in</w> <w type="DT">this</w> <w type="NN">connection</w> <w type="QL">as</w> <w type="RB">well</w> <w type="CS">as</w> <w type="AT">the</w> <w type="QL">most</w> <w type="JJ">recent</w> <w type="NN">consumer</w> <w type="NN">survey</w> <w type="IN">by</w> <w type="AT">the</w> <w type="JJ" subtype="TL">National</w> <w type="JJ" subtype="TL">Industrial</w> <w type="NN" subtype="TL">Conference</w> <w type="NN" subtype="TL">Board</w> <c type="pct">,</c> <w type="WDT">which</w> <w type="VBZ">shows</w> <w type="AT">a</w> <w type="VBN">decided</w> <w type="NN">pickup</w> <w type="IN">in</w> <w type="NN">consumer</w> <w type="NN">spending</w> <w type="NNS">plans</w> <c type="pct">.</c> </s>
</p>
<p><s n="15"><w type="AT">The</w> <w type="NN">pattern</w> <w type="IN">of</w> <w type="JJ">general</w> <w type="NN">business</w> <w type="NN">activity</w> <w type="WDT">which</w> <w type="RB">probably</w> <w type="VBZ">lies</w> <w type="RB">ahead</w> <w type="IN">of</w> <w type="PPO">us</w> <w type="BEZ">is</w> <w type="AT">a</w> <w type="JJR">further</w> <w type="JJ">moderate</w> <w type="NN">softening</w> <w type="IN">through</w> <w type="AT">the</w> <w type="NN">spring</w> <w type="IN">of</w> <w type="CD">1961</w> <w type="CS">before</w> <w type="AT">a</w> <w type="JJ">new</w> <w type="NN">rise</w> <w type="IN">in</w> <w type="JJ">economic</w> <w type="NN">activity</w> <w type="VBZ">gets</w> <w type="IN">under</w> <w type="NN">way</w> <c type="pct">.</c> </s>
<s n="16"><w type="AT">The</w> <w type="NN">recovery</w> <w type="MD">will</w> <w type="RB">probably</w> <w type="BE">be</w> <w type="VBN">sparked</w> <w type="IN">by</w> <w type="AT">a</w> <w type="VBG">rising</w> <w type="NN">rate</w> <w type="IN">of</w> <w type="VBG">housing</w> <w type="NNS">starts</w> <w type="AP">next</w> <w type="NN">spring</w> <w type="IN">in</w> <w type="NN">response</w> <w type="IN">to</w> <w type="QL">more</w> <w type="RB">readily</w> <w type="JJ">available</w> <w type="NN">mortgage</w> <w type="NN">credit</w> <c type="pct">,</c> <w type="QL">as</w> <w type="RB">well</w> <w type="CS">as</w> <w type="IN">by</w> <w type="AT">an</w> <w type="NN">expansion</w> <w type="IN">of</w> <w type="NN" subtype="TL">Government</w> <w type="NN">spending</w> <c type="pct">,</c> <w type="RB">well</w> <w type="VBN">sustained</w> <w type="NN">consumer</w> <w type="NN">spending</w> <c type="pct">,</c> <w type="CC">and</w> <w type="DTI">some</w> <w type="NN">rebuilding</w> <w type="IN">of</w> <w type="NN">business</w> <w type="NNS">inventories</w> <c type="pct">.</c> </s>
</p>
<p><s n="17"><w type="JJ" subtype="HL">Slight</w> <w type="JJ" subtype="HL">downward</w> <w type="NN" subtype="HL">pressure</w> </s>
<s n="18"><w type="WDT">What</w> <w type="DOZ">does</w> <w type="AT">the</w> <w type="JJ">general</w> <w type="NN">business</w> <w type="NN">outlook</w> <w type="VB">suggest</w> <w type="IN">about</w> <w type="AT">the</w> <w type="NN">trend</w> <w type="IN">of</w> <w type="NN">long-term</w> <w type="NNS">rates</w> <w type="IN">in</w> <w type="CD">1961</w> <c type="pct">?</c> <c type="pct">?</c> </s>
<s n="19"><w type="PPS">It</w> <w type="VBZ">suggests</w> <w type="CS">that</w> <w type="IN">during</w> <w type="AT">the</w> <w type="AP">next</w> <w type="AP">several</w> <w type="NNS">months</w> <c type="pct">,</c> <w type="IN">through</w> <w type="AT">the</w> <w type="NN">spring</w> <w type="IN">of</w> <w type="CD">1961</w> <c type="pct">,</c> <w type="AT">the</w> <w type="NN">demand</w> <w type="IN">for</w> <w type="NN">long-term</w> <w type="NN">capital</w> <w type="NNS">funds</w> <w type="MD">may</w> <w type="BE">be</w> <w type="QL">moderately</w> <w type="JJR">lower</w> <w type="CC">and</w> <w type="CS">that</w> <w type="NN">interest</w> <w type="NNS">rates</w> <w type="MD">may</w> <w type="VB">tend</w> <w type="TO">to</w> <w type="VB">move</w> <w type="AT">a</w> <w type="QL">little</w> <w type="RBR">lower</w> <c type="pct">,</c> <w type="RB">especially</w> <w type="AT">the</w> <w type="NNS">rates</w> <w type="IN">on</w> <w type="JJ" subtype="TL">Federal</w> <c type="pct">,</c> <w type="NN">state</w> <c type="pct">,</c> <w type="CC">and</w> <w type="JJ">local</w> <w type="NNS">bonds</w> <c type="pct">,</c> <w type="QL">as</w> <w type="RB">well</w> <w type="CS">as</w> <w type="DTS">those</w> <w type="IN">on</w> <w type="RB">publicly</w> <w type="VBN">offered</w> <w type="JJ">corporate</w> <w type="NNS">bonds</w> <c type="pct">.</c> </s>
<s n="20"><w type="RB">However</w> <c type="pct">,</c> <w type="CS">as</w> <w type="VBN">witnessed</w> <w type="IN">by</w> <w type="AT">the</w> <w type="JJ">large</w> <w type="JJ">corporate</w> <w type="NN">bond</w> <w type="NN">calendar</w> <w type="IN">at</w> <w type="NN">present</w> <c type="pct">,</c> <w type="QL">as</w> <w type="RB">well</w> <w type="CS">as</w> <w type="AT">the</w> <w type="NN">record</w> <w type="NN">amount</w> <w type="IN">of</w> <w type="JJ">municipal</w> <w type="NN">bond</w> <w type="NNS">issues</w> <w type="VBN">approved</w> <w type="IN">by</w> <w type="NNS">voters</w> <c type="pct">,</c> <w type="AT">the</w> <w type="JJ">over-all</w> <w type="NNS">demands</w> <w type="IN">for</w> <w type="NN">capital</w> <w type="NNS">funds</w> <w type="VB">seem</w> <w type="JJ">likely</w> <w type="TO">to</w> <w type="VB">remain</w> <w type="JJ">high</w> <c type="pct">,</c> <w type="CS">so</w> <w type="CS">that</w> <w type="DTI">any</w> <w type="JJ">downward</w> <w type="NN">pressure</w> <w type="IN">on</w> <w type="NNS">rates</w> <w type="IN">from</w> <w type="VBN">reduced</w> <w type="NN">demand</w> <w type="MD">should</w> <w type="NEG">not</w> <w type="BE">be</w> <w type="JJ">great</w> <c type="pct">.</c> </s>
<s n="21"><w type="PPS">It</w> <w type="VBZ">seems</w> <w type="JJ">likely</w> <c type="pct">,</c> <w type="RB">moreover</w> <c type="pct">,</c> <w type="CS">that</w> <w type="IN">with</w> <w type="AT">an</w> <w type="NN">increase</w> <w type="IN">in</w> <w type="AT">the</w> <w type="NN">rate</w> <w type="IN">of</w> <w type="VBG">saving</w> <w type="IN">in</w> <w type="NN">mortgage</w> <w type="VBG">lending</w> <w type="NNS">institutions</w> <c type="pct">,</c> <w type="NN">interest</w> <w type="NNS">rates</w> <w type="IN">on</w> <w type="JJ">residential</w> <w type="NNS">mortgages</w> <w type="MD">may</w> <w type="VB">move</w> <w type="QL">somewhat</w> <w type="RBR">lower</w> <w type="IN">through</w> <w type="AT">the</w> <w type="NN">spring</w> <w type="IN">of</w> <w type="AP">next</w> <w type="NN">year</w> <c type="pct">,</c> <w type="CS">although</w> <w type="AT">the</w> <w type="VBN">increased</w> <w type="NN">ease</w> <w type="IN">in</w> <w type="JJ">residential</w> <w type="NN">mortgage</w> <w type="NN">lending</w> <w type="MD">may</w> <w type="VB">occur</w> <w type="RB">primarily</w> <w type="IN">in</w> <w type="AP">other</w> <w type="NNS">terms</w> <w type="CS">than</w> <w type="NN">interest</w> <w type="NN">rate</w> <c type="pct">,</c> <w type="RB">e.g.</w> <c type="pct">,</c> <w type="JJR">easier</w> <w type="NN">downpayment</w> <w type="CC">and</w> <w type="NN">amortization</w> <w type="NNS">terms</w> <c type="pct">.</c> </s>
</p>
<p><s n="22"><w type="CS">If</w> <w type="AT">the</w> <w type="NN">trend</w> <w type="IN">of</w> <w type="JJ">general</w> <w type="NN">business</w> <w type="NN">activity</w> <w type="VBZ">follows</w> <w type="AT">the</w> <w type="NN">pattern</w> <w type="VBN">suggested</w> <w type="RB">here</w> <c type="pct">,</c> <w type="PPSS">we</w> <w type="BER">are</w> <w type="JJ">likely</w> <w type="TO">to</w> <w type="VB">see</w> <w type="JJ">additional</w> <w type="NNS">steps</w> <w type="IN">by</w> <w type="AT">the</w> <w type="JJ" subtype="TL">Federal</w> <w type="NN" subtype="TL">Reserve</w> <w type="NNS">authorities</w> <w type="TO">to</w> <w type="VB">ease</w> <w type="AT">the</w> <w type="NN">availability</w> <w type="IN">of</w> <w type="NN">credit</w> <c type="pct">.</c> </s>
<s n="23"><w type="RB">Certainly</w> <w type="AT">a</w> <w type="JJR">further</w> <w type="NN">reduction</w> <w type="IN">in</w> <w type="AT">the</w> <w type="NN">discount</w> <w type="NN">rate</w> <w type="MD">would</w> <w type="BE">be</w> <w type="AT">a</w> <w type="JJ">strong</w> <w type="NN">possibility</w> <c type="pct">,</c> <w type="QL">as</w> <w type="RB">well</w> <w type="CS">as</w> <w type="AT">an</w> <w type="JJR">easier</w> <w type="NN">reserve</w> <w type="NN">position</w> <w type="IN">for</w> <w type="AT">the</w> <w type="VBG">banking</w> <w type="NN">system</w> <c type="pct">.</c> </s>
<s n="24"><w type="RB">However</w> <c type="pct">,</c> <w type="AT">the</w> <w type="JJ">monetary</w> <w type="NNS">authorities</w> <w type="MD">will</w> <w type="VB">continue</w> <w type="TO">to</w> <w type="BE">be</w> <w type="VBN">required</w> <w type="TO">to</w> <w type="VB">pay</w> <w type="NN">attention</w> <w type="IN">to</w> <w type="AT">the</w> <w type="NNS">consequences</w> <w type="IN">of</w> <w type="PPg">their</w> <w type="NNS">actions</w> <w type="IN">with</w> <w type="NN">respect</w> <w type="IN">to</w> <w type="PPg">our</w> <w type="JJ">international</w> <w type="NN">balance</w> <w type="IN">of</w> <w type="NNS">payments</w> <w type="NN">position</w> <w type="CC">and</w> <w type="AT">the</w> <w type="NN">outflow</w> <w type="IN">of</w> <w type="NN">gold</w> <c type="pct">,</c> <w type="QL">as</w> <w type="RB">well</w> <w type="CS">as</w> <w type="IN">with</w> <w type="NN">regard</w> <w type="IN">to</w> <w type="VBG">avoiding</w> <w type="AT">the</w> <w type="NN">creation</w> <w type="IN">of</w> <w type="JJ">excessive</w> <w type="NN">liquidity</w> <w type="IN">in</w> <w type="AT">the</w> <w type="NN">economy</w> <c type="pct">,</c> <w type="WDT">which</w> <w type="MD">would</w> <w type="VB">delay</w> <w type="AT">the</w> <w type="NN">effectiveness</w> <w type="IN">of</w> <w type="JJ">monetary</w> <w type="NN">policy</w> <w type="NNS">measures</w> <w type="IN">in</w> <w type="AT">the</w> <w type="AP">next</w> <w type="NN">expansion</w> <w type="NN">phase</w> <w type="IN">of</w> <w type="AT">the</w> <w type="NN">business</w> <w type="NN">cycle</w> <c type="pct">.</c> </s>
</p>
<p><s n="25"><w type="JJ" subtype="HL">Open</w> <w type="NN" subtype="HL">market</w> <w type="NN" subtype="HL">policy</w> </s>
<s n="26"><w type="CD">One</w> <w type="IN">of</w> <w type="AT">the</w> <w type="QL">most</w> <w type="JJ">intriguing</w> <w type="NNS">questions</w> <w type="BEZ">is</w> <w type="CS">whether</w> <w type="AT">the</w> <w type="JJ">recent</w> <w type="NNS">departures</w> <w type="IN">of</w> <w type="AT">the</w> <w type="JJ" subtype="TL">Federal</w> <w type="NN" subtype="TL">Reserve</w> <w type="NNS">authorities</w> <w type="IN">from</w> <w type="VBG">confining</w> <w type="PPg">their</w> <w type="JJ">open</w> <w type="NN">market</w> <w type="NNS">operations</w> <w type="IN">to</w> <w type="NN" subtype="TL">Treasury</w> <w type="NNS">bills</w> <w type="MD">will</w> <w type="VB">spread</w> <w type="IN">into</w> <w type="NN">longer-term</w> <w type="NN" subtype="TL">Government</w> <w type="NNS">securities</w> <w type="IN">in</w> <w type="AT">the</w> <w type="AP">next</w> <w type="AP">few</w> <w type="NNS">months</w> <c type="pct">.</c> </s>
<s n="27"><w type="IN">To</w> <w type="AT">the</w> <w type="NN">extent</w> <w type="CS">that</w> <w type="AT">the</w> <w type="JJ">new</w> <w type="NN" subtype="TL">Administration</w> <w type="HVZ">has</w> <w type="PPg">its</w> <w type="NNS">wishes</w> <c type="pct">,</c> <w type="AT">the</w> <w type="JJ" subtype="TL">Federal</w> <w type="NN" subtype="TL">Reserve</w> <w type="MD">would</w> <w type="VB">conduct</w> <w type="PPg">its</w> <w type="JJ">open</w> <w type="NN">market</w> <w type="NNS">operations</w> <w type="IN">throughout</w> <w type="AT">the</w> <w type="JJ">entire</w> <w type="NN">maturity</w> <w type="NN">range</w> <w type="IN">of</w> <w type="NN" subtype="TL">Government</w> <w type="NNS">securities</w> <w type="CC">and</w> <w type="RB">aggressively</w> <w type="VB">seek</w> <w type="TO">to</w> <w type="VB">force</w> <w type="RP">down</w> <w type="NN">long-term</w> <w type="NN">interest</w> <w type="NNS">rates</w> <c type="pct">.</c> </s>
<s n="28"><w type="AT">The</w> <w type="NN">principle</w> <w type="IN">of</w> <c type="pct">``</c> <w type="NNS">bills</w> <w type="RB">only</w> <c type="pct">''</c> <c type="pct">,</c> <w type="CC">or</w> <c type="pct">``</c> <w type="NNS">bills</w> <w type="RB">preferably</w> <c type="pct">''</c> <c type="pct">,</c> <w type="VBZ">seems</w> <w type="QL">so</w> <w type="RB">strongly</w> <w type="VBN">accepted</w> <w type="IN">by</w> <w type="AT">the</w> <w type="JJ" subtype="TL">Federal</w> <w type="NN" subtype="TL">Reserve</w> <w type="CS">that</w> <w type="PPS">it</w> <w type="BEZ">is</w> <w type="JJ">difficult</w> <w type="TO">to</w> <w type="VB">envision</w> <w type="NNS">conditions</w> <w type="WDT">which</w> <w type="MD">would</w> <w type="VB">persuade</w> <w type="AT">the</w> <w type="NNS">authorities</w> <w type="TO">to</w> <w type="VB">depart</w> <w type="RB">radically</w> <w type="IN">from</w> <w type="PPO">it</w> <w type="IN">by</w> <w type="VBG">extending</w> <w type="PPg">their</w> <w type="JJ">open</w> <w type="NN">market</w> <w type="NNS">purchases</w> <w type="RB">regularly</w> <w type="IN">into</w> <w type="NN">long-term</w> <w type="NN" subtype="TL">Government</w> <w type="NNS">securities</w> <c type="pct">.</c> </s>
<s n="29"><w type="RB">However</w> <c type="pct">,</c> <w type="IN">to</w> <w type="AT">the</w> <w type="NN">extent</w> <w type="CS">that</w> <w type="AT">the</w> <w type="JJ">monetary</w> <w type="NNS">authorities</w> <c type="pct">,</c> <w type="IN">in</w> <w type="PPg">their</w> <w type="NN">effort</w> <w type="TO">to</w> <w type="VB">ease</w> <w type="NN">credit</w> <w type="IN">in</w> <w type="AT">the</w> <w type="AP">next</w> <w type="AP">several</w> <w type="NNS">months</w> <c type="pct">,</c> <w type="VB">conduct</w> <w type="PPg">their</w> <w type="JJ">open</w> <w type="NN">market</w> <w type="NNS">operations</w> <w type="IN">in</w> <w type="NN">longer-term</w> <w type="NN" subtype="TL">Government</w> <w type="NNS">bonds</w> <c type="pct">,</c> <w type="PPSS">they</w> <w type="MD">will</w> <w type="RB">certainly</w> <w type="VB">act</w> <w type="TO">to</w> <w type="VB">accentuate</w> <w type="DTI">any</w> <w type="NN">tendency</w> <w type="IN">for</w> <w type="NN">long-term</w> <w type="NN">interest</w> <w type="NNS">rates</w> <w type="TO">to</w> <w type="VB">ease</w> <w type="CS">as</w> <w type="AT">a</w> <w type="NN">result</w> <w type="IN">of</w> <w type="NN">market</w> <w type="NNS">forces</w> <c type="pct">.</c> </s>
</p>
<p><s n="30"><w type="IN">By</w> <w type="AT">the</w> <w type="NN">end</w> <w type="IN">of</w> <w type="AT">the</w> <w type="NN">spring</w> <w type="IN">of</w> <w type="CD">1961</w> <c type="pct">,</c> <w type="VBG">assuming</w> <w type="CS">that</w> <w type="AT">a</w> <w type="JJ">general</w> <w type="NN">business</w> <w type="NN">recovery</w> <w type="VBZ">gets</w> <w type="IN">under</w> <w type="NN">way</w> <c type="pct">,</c> <w type="NN">interest</w> <w type="NNS">rates</w> <w type="MD">should</w> <w type="VB">begin</w> <w type="TO">to</w> <w type="VB">edge</w> <w type="RB">upward</w> <w type="RB">again</w> <c type="pct">,</c> <w type="IN">depending</w> <w type="IN">upon</w> <w type="AT">the</w> <w type="NN">vigor</w> <w type="IN">of</w> <w type="AT">the</w> <w type="NN">recovery</w> <w type="CC">and</w> <w type="AT">the</w> <w type="NN">determination</w> <w type="IN">with</w> <w type="WDT">which</w> <w type="AT">the</w> <w type="JJ">monetary</w> <w type="NNS">authorities</w> <w type="VB">move</w> <w type="TO">to</w> <w type="VB">restrain</w> <w type="NN">credit</w> <w type="NN">availability</w> <c type="pct">.</c> </s>
<s n="31"><w type="PPg">My</w> <w type="NN">guess</w> <w type="MD">would</w> <w type="BE">be</w> <w type="CS">that</w> <w type="NN">interest</w> <w type="NNS">rates</w> <w type="MD">will</w> <w type="VB">decline</w> <w type="RB">moderately</w> <w type="IN">into</w> <w type="AT">the</w> <w type="NN">spring</w> <w type="IN">of</w> <w type="CD">1961</w> <w type="CC">and</w> <w type="IN">during</w> <w type="AT">the</w> <w type="OD">second</w> <w type="NN">half</w> <w type="IN">of</w> <w type="AT">the</w> <w type="NN">year</w> <w type="MD">will</w> <w type="VB">turn</w> <w type="RP">up</w> <w type="RB">gradually</w> <w type="TO">to</w> <w type="VB">recover</w> <w type="AT">the</w> <w type="NN">ground</w> <w type="VBN">lost</w> <w type="IN">during</w> <w type="AT">the</w> <w type="NN">downturn</w> <c type="pct">.</c> </s>
</p>
<p><s n="32"><w type="PPS">It</w> <w type="BEZ">is</w> <w type="JJ">pertinent</w> <w type="TO">to</w> <w type="VB">ask</w> <w type="AT">the</w> <w type="NN">question</w> <c type="pct">:</c> <w type="HVZ">Has</w> <w type="AT">the</w> <w type="JJ">long</w> <w type="NN">upswing</w> <w type="IN">of</w> <w type="NN">interest</w> <w type="NNS">rates</w> <w type="IN">during</w> <w type="AT">the</w> <w type="AP">past</w> <w type="CD">15</w> <w type="NNS">years</w> <w type="QL">just</w> <w type="RB">about</w> <w type="VBN">run</w> <w type="PPg">its</w> <w type="NN">course</w> <c type="pct">,</c> <w type="CC">and</w> <w type="BER">are</w> <w type="PPSS">we</w> <w type="RB">now</w> <w type="VBG">entering</w> <w type="AT">a</w> <w type="NN">period</w> <w type="IN">in</w> <w type="WDT">which</w> <w type="ABX">both</w> <w type="NN">capital</w> <w type="NN">market</w> <w type="NNS">forces</w> <w type="CC">and</w> <w type="JJ" subtype="TL">Federal</w> <w type="NNS">policies</w> <w type="MD">will</w> <w type="VB">produce</w> <w type="AT">a</w> <w type="VBN">prolonged</w> <w type="NN">decline</w> <w type="IN">of</w> <w type="NN">interest</w> <w type="NNS">rates</w> <c type="pct">?</c> <c type="pct">?</c> </s>
<s n="33"><w type="PPg">My</w> <w type="NN">answer</w> <w type="BEZ">is</w> <w type="IN">in</w> <w type="AT">the</w> <w type="JJ">negative</w> <w type="CS">because</w> <w type="PPSS">I</w> <w type="VB">believe</w> <w type="CS">that</w> <w type="NN">total</w> <w type="NN">capital</w> <w type="NNS">demands</w> <w type="IN">during</w> <w type="AT">the</w> <w type="NNS" subtype="TL">Sixties</w> <w type="MD">will</w> <w type="VB">continue</w> <w type="TO">to</w> <w type="VB">press</w> <w type="IN">against</w> <w type="JJ">available</w> <w type="NNS">supplies</w> <c type="pct">,</c> <w type="CC">and</w> <w type="NN">interest</w> <w type="NNS">rates</w> <w type="MD">will</w> <w type="RB">generally</w> <w type="VB">tend</w> <w type="TO">to</w> <w type="BE">be</w> <w type="JJ">firm</w> <w type="IN">at</w> <w type="JJ">high</w> <w type="NNS">levels</w> <c type="pct">.</c> </s>
</p>
<p><s n="34"><w type="CD" subtype="HL">Five</w> <w type="JJ" subtype="HL">basic</w> <w type="NNS" subtype="HL">forces</w> </s>
<s n="35"><w type="DT">This</w> <w type="NN">view</w> <w type="BEZ">is</w> <w type="VBN">based</w> <w type="IN">upon</w> <w type="AP">several</w> <w type="JJ">basic</w> <w type="JJ">economic</w> <w type="NNS">forces</w> <w type="WDT">which</w> <w type="PPSS">I</w> <w type="VB">believe</w> <w type="MD">will</w> <w type="BE">be</w> <w type="VBG">operating</w> <w type="IN">in</w> <w type="AT">the</w> <w type="NNS" subtype="TL">Sixties</w> <c type="pct">,</c> <w type="QL">as</w> <w type="VBZ">follows</w> <c type="pct">:</c> <c type="pct">(</c> <w type="CD" subtype="HL">1</w> <c type="pct">)</c> </s>
<s n="36"><w type="JJ">Recent</w> <w type="NNS">events</w> <w type="IN">in</w> <w type="AT">the</w> <w type="JJ" subtype="TL">General</w> <w type="NN" subtype="TL">Assembly</w> <w type="IN">of</w> <w type="AT">the</w> <w type="VBN" subtype="TL">United</w> <w type="NNS" subtype="TL">Nations</w> <w type="VB">confirm</w> <w type="CS">that</w> <w type="AT">the</w> <w type="JJ">cold</w> <w type="NN">war</w> <w type="MD">will</w> <w type="VB">remain</w> <w type="IN">with</w> <w type="PPO">us</w> <c type="pct">,</c> <w type="CC">and</w> <w type="RB">probably</w> <w type="VB">intensify</w> <c type="pct">,</c> <w type="IN">for</w> <w type="AT">the</w> <w type="JJ">foreseeable</w> <w type="NN">future</w> <c type="pct">.</c> </s>
<s n="37"><w type="DT">This</w> <w type="VBZ">makes</w> <w type="PPO">it</w> <w type="JJ">certain</w> <w type="CS">that</w> <w type="JJ" subtype="TL">Federal</w> <w type="NNS">expenditures</w> <w type="IN">for</w> <w type="JJ">military</w> <w type="NN">preparedness</w> <w type="CC">and</w> <w type="JJ">foreign</w> <w type="JJ">economic</w> <w type="NN">aid</w> <w type="BER">are</w> <w type="JJ">likely</w> <w type="TO">to</w> <w type="VB">rise</w> <w type="RBR">further</w> <w type="IN">in</w> <w type="AT">the</w> <w type="AP">next</w> <w type="AP">several</w> <w type="NNS">years</w> <c type="pct">.</c> </s>
<s n="38"><w type="PPSS">We</w> <w type="BER">are</w> <w type="RB">just</w> <w type="VBG">beginning</w> <w type="AT">the</w> <w type="NN">task</w> <w type="IN">of</w> <w type="VBG">trying</w> <w type="TO">to</w> <w type="VB">win</w> <w type="CC">or</w> <w type="VB">maintain</w> <w type="AT">the</w> <w type="NN">friendship</w> <w type="IN">of</w> <w type="AT">the</w> <w type="JJ">new</w> <w type="JJ">African</w> <w type="NNS">nations</w> <w type="IN">against</w> <w type="AT">the</w> <w type="JJ">ruthless</w> <w type="NN">competition</w> <w type="IN">of</w> <w type="AT">the</w> <w type="JJ">Communist</w> <w type="NN">bloc</w> <c type="pct">.</c> </s>
<s n="39"><w type="PPg">Our</w> <w type="NNS">efforts</w> <w type="TO">to</w> <w type="VB">overcome</w> <w type="AT">the</w> <w type="NN">lead</w> <w type="IN">of</w> <w type="AT">the</w> <w type="NPS">Russians</w> <w type="IN">in</w> <w type="NN">space</w> <w type="BER">are</w> <w type="VBN">bound</w> <w type="TO">to</w> <w type="VB">mean</w> <w type="VBN">accelerated</w> <w type="JJ" subtype="TL">Federal</w> <w type="VBG">spending</w> <c type="pct">.</c> </s>
<s n="40"><w type="RB">Moreover</w> <c type="pct">,</c> <w type="PPS">it</w> <w type="BEZ">is</w> <w type="JJ">likely</w> <w type="CS">that</w> <w type="JJ" subtype="TL">Federal</w> <w type="NNS">policies</w> <w type="VBN">aimed</w> <w type="IN">at</w> <w type="VBG">stimulating</w> <w type="AT">a</w> <w type="JJR">faster</w> <w type="NN">rate</w> <w type="IN">of</w> <w type="JJ">economic</w> <w type="NN">growth</w> <w type="IN">of</w> <w type="AT">the</w> <w type="NN">country</w> <c type="pct">,</c> <w type="TO">to</w> <w type="VB">keep</w> <w type="RB">ahead</w> <w type="IN">of</w> <w type="AT">the</w> <w type="JJ">Communist</w> <w type="NNS">countries</w> <w type="CC">and</w> <w type="TO">to</w> <w type="VB">demonstrate</w> <w type="CS">that</w> <w type="PPg">our</w> <w type="JJ">free</w> <w type="JJ">economic</w> <w type="NN">system</w> <w type="BEZ">is</w> <w type="JJR">better</w> <w type="CS">than</w> <w type="PPgg">theirs</w> <c type="pct">,</c> <w type="MD">will</w> <w type="VB">lead</w> <w type="IN">to</w> <w type="VBG">rising</w> <w type="JJ" subtype="TL">Federal</w> <w type="NN">spending</w> <w type="IN">in</w> <w type="AP">certain</w> <w type="NNS">areas</w> <w type="JJ">such</w> <w type="CS">as</w> <w type="NN">education</w> <c type="pct">,</c> <w type="VBG">housing</w> <c type="pct">,</c> <w type="JJ">medical</w> <w type="NN">aid</w> <c type="pct">,</c> <w type="CC">and</w> <w type="AT">the</w> <w type="JJ">like</w> <c type="pct">.</c> </s>
<s n="41"><w type="EX">There</w> <w type="BER">are</w> <w type="JJ">serious</w> <w type="NNS">dangers</w> <w type="VBN">involved</w> <w type="IN">in</w> <w type="DT">this</w> <w type="NN">trend</w> <w type="IN">toward</w> <w type="VBG">rising</w> <w type="JJ" subtype="TL">Federal</w> <w type="NNS">expenditures</w> <c type="pct">,</c> <w type="IN">of</w> <w type="WDT">which</w> <w type="PPSS">I</w> <w type="VB">take</w> <w type="AT">a</w> <w type="JJ">dim</w> <w type="NN">view</w> <c type="pct">,</c> <w type="CC">but</w> <w type="PPS">it</w> <w type="VBZ">seems</w> <w type="QL">very</w> <w type="JJ">likely</w> <w type="TO">to</w> <w type="VB">occur</w> <c type="pct">.</c> </s>
<s n="42"><c type="pct">(</c> <w type="CD" subtype="HL">2</w> <c type="pct">)</c> </s>
<s n="43"><w type="IN">During</w> <w type="AT">the</w> <w type="NNS" subtype="TL">Sixties</w> <w type="PPSS">we</w> <w type="HV">have</w> <w type="AT">the</w> <w type="NN">prospect</w> <w type="IN">of</w> <w type="AT">a</w> <w type="JJ">significant</w> <w type="VBG">stepping</w> <w type="RP">up</w> <w type="IN">in</w> <w type="AT">the</w> <w type="NN">rate</w> <w type="IN">of</w> <w type="NN">household</w> <w type="NNS">formations</w> <c type="pct">,</c> <w type="WDT">which</w> <w type="MD">should</w> <w type="VB">contribute</w> <w type="IN">to</w> <w type="AT">a</w> <w type="VBG">rising</w> <w type="NN">volume</w> <w type="IN">of</w> <w type="NN">consumer</w> <w type="NNS">expenditures</w> <w type="CC">and</w> <w type="NN">home</w> <w type="VBG">building</w> <c type="pct">.</c> </s>
<s n="44"><w type="IN">According</w> <w type="IN">to</w> <w type="AT">the</w> <w type="JJT">latest</w> <w type="NNS">projections</w> <w type="IN">of</w> <w type="AT">the</w> <w type="NN" subtype="TL">Bureau</w> <w type="IN" subtype="TL">of</w> <w type="AT" subtype="TL">the</w> <w type="NN" subtype="TL">Census</w> <c type="pct">,</c> <w type="AT">the</w> <w type="JJ">annual</w> <w type="NN">rate</w> <w type="IN">of</w> <w type="NN">household</w> <w type="NNS">formations</w> <w type="MD">will</w> <w type="VB">increase</w> <w type="IN">for</w> <w type="AT">the</w> <w type="AP">next</w> <w type="CD">20</w> <w type="NNS">years</w> <c type="pct">.</c> </s>
<s n="45"><w type="IN">Under</w> <w type="AT">the</w> <w type="QL">most</w> <w type="JJ">favorable</w> <w type="NNS">assumptions</w> <w type="IN">for</w> <w type="NN">increase</w> <c type="pct">,</c> <w type="AT">the</w> <w type="NN" subtype="TL">Bureau</w> <w type="IN" subtype="TL">of</w> <w type="AT" subtype="TL">the</w> <w type="NN" subtype="TL">Census</w> <w type="VBZ">projects</w> <w type="CS">that</w> <w type="AT">the</w> <w type="JJ">annual</w> <w type="NN">rate</w> <w type="IN">of</w> <w type="NN">household</w> <w type="NNS">formations</w> <w type="MD">will</w> <w type="VB">rise</w> <w type="IN">from</w> <w type="IN">about</w> <w type="CD">883,000</w> <w type="IN">in</w> <w type="AT">the</w> <w type="AP">last</w> <w type="CD">two</w> <w type="NNS">years</w> <w type="IN">of</w> <w type="AT">the</w> <w type="NNS" subtype="TL">Fifties</w> <w type="IN">to</w> <w type="AT">an</w> <w type="JJ">annual</w> <w type="NN">rate</w> <w type="IN">of</w> <w type="RB">about</w> <w type="CD">1,018,000</w> <w type="IN">in</w> <w type="AT">the</w> <w type="OD">first</w> <w type="CD">five</w> <w type="NNS">years</w> <w type="IN">of</w> <w type="AT">the</w> <w type="NNS" subtype="TL">Sixties</w> <c type="pct">,</c> <w type="CC">and</w> <w type="IN">to</w> <w type="AT">a</w> <w type="QL">slightly</w> <w type="JJR">higher</w> <w type="JJ">annual</w> <w type="NN">rate</w> <w type="IN">of</w> <w type="CD">1,083,000</w> <w type="IN">in</w> <w type="AT">the</w> <w type="OD">second</w> <w type="NN">half</w> <w type="IN">of</w> <w type="AT">the</w> <w type="NN">decade</w> <c type="pct">.</c> </s>
<s n="46"><w type="IN">During</w> <w type="AT">the</w> <w type="NNS" subtype="TL">Seventies</w> <w type="AT">the</w> <w type="NNS">projections</w> <w type="VB">show</w> <w type="AT">a</w> <w type="QL">more</w> <w type="VBN">pronounced</w> <w type="NN">rise</w> <w type="IN">to</w> <w type="AT">an</w> <w type="JJ">annual</w> <w type="NN">rate</w> <w type="IN">of</w> <w type="CD">1,338,000</w> <w type="IN">in</w> <w type="AT">the</w> <w type="OD">second</w> <w type="NN">half</w> <w type="IN">of</w> <w type="DT">that</w> <w type="NN">decade</w> <c type="pct">.</c> </s>
<s n="47"><w type="RB">Accordingly</w> <c type="pct">,</c> <w type="AT">the</w> <w type="VBG">expanding</w> <w type="NNS">markets</w> <w type="IN">for</w> <w type="NN">consumer</w> <w type="NNS">goods</w> <w type="CC">and</w> <w type="NN">housing</w> <w type="VBN">occasioned</w> <w type="IN">by</w> <w type="AT">the</w> <w type="JJR">higher</w> <w type="NN">rate</w> <w type="IN">of</w> <w type="NN">household</w> <w type="NN">formation</w> <w type="MD">should</w> <w type="VB">enhance</w> <w type="AT">the</w> <w type="JJ">general</w> <w type="JJ">economic</w> <w type="NNS">prospects</w> <w type="IN">of</w> <w type="AT">the</w> <w type="NNS" subtype="TL">Sixties</w> <c type="pct">.</c> </s>
<s n="48"><w type="RB">However</w> <c type="pct">,</c> <w type="AT">the</w> <w type="NN">impact</w> <w type="IN">of</w> <w type="AT">a</w> <w type="VBG">rising</w> <w type="NN">rate</w> <w type="IN">of</w> <w type="NN">household</w> <w type="NN">formation</w> <w type="DT">this</w> <w type="NN">decade</w> <w type="MD">should</w> <w type="NEG">not</w> <w type="BE">be</w> <w type="VBN">exaggerated</w> <c type="pct">.</c> </s>
<s n="49"><w type="AT">The</w> <w type="JJ">average</w> <w type="JJ">annual</w> <w type="NN">rate</w> <w type="IN">of</w> <w type="CD">1,083,000</w> <w type="IN">in</w> <w type="AT">the</w> <w type="OD">second</w> <w type="NN">half</w> <w type="IN">of</w> <w type="AT">the</w> <w type="NNS" subtype="TL">Sixties</w> <w type="BEZ">is</w> <w type="RB">still</w> <w type="RB">considerably</w> <w type="IN">below</w> <w type="AT">the</w> <w type="JJ">annual</w> <w type="NN">rate</w> <w type="IN">of</w> <w type="CD">1,525,000</w> <w type="IN">in</w> <w type="AT">the</w> <w type="JJ">three-year</w> <w type="NN">period</w> <w type="IN">from</w> <w type="NP">April</w> <w type="CD">1947</w> <w type="IN">to</w> <w type="NP">March</w> <w type="CD">1950</w> <c type="pct">.</c> </s>
<s n="50"><c type="pct">(</c> <w type="CD" subtype="HL">3</w> <c type="pct">)</c> </s>
<s n="51"><w type="IN">With</w> <w type="AT">the</w> <w type="NN">expansion</w> <w type="IN">of</w> <w type="NN">family</w> <w type="NN">formation</w> <w type="IN">in</w> <w type="AT">the</w> <w type="NNS" subtype="TL">Sixties</w> <c type="pct">,</c> <w type="AT">a</w> <w type="VBN">continued</w> <w type="JJ">substantial</w> <w type="NN">rise</w> <w type="IN">in</w> <w type="NNS">expenditures</w> <w type="IN">by</w> <w type="NN">state</w> <w type="CC">and</w> <w type="JJ">local</w> <w type="NN">government</w> <w type="NNS">units</w> <w type="VBZ">seems</w> <w type="TO">to</w> <w type="BE">be</w> <w type="VBN">indicated</w> <c type="pct">.</c> </s>
<s n="52"><w type="DT">This</w> <w type="BEZ">is</w> <w type="AT">an</w> <w type="NN">area</w> <w type="IN">in</w> <w type="WDT">which</w> <w type="EX">there</w> <w type="BEZ">is</w> <w type="RB">still</w> <w type="AT">a</w> <w type="JJ">large</w> <w type="NN">backlog</w> <w type="IN">of</w> <w type="NN">demand</w> <c type="pct">.</c> </s>
<s n="53"><w type="NN">State</w> <w type="CC">and</w> <w type="JJ">local</w> <w type="NNS">expenditures</w> <c type="pct">(</c> <w type="IN">in</w> <w type="JJ">real</w> <w type="NNS">terms</w> <c type="pct">)</c> <w type="VBD">increased</w> <w type="RB">persistently</w> <w type="IN">from</w> <w type="NNS">$26.5-billion</w> <w type="IN">in</w> <w type="CD">1949</w> <w type="IN">to</w> <w type="NNS">$44.3-billion</w> <w type="IN">in</w> <w type="CD">1959</w> <c type="pct">,</c> <w type="CC">and</w> <w type="PPS">it</w> <w type="MD">would</w> <w type="NEG">not</w> <w type="BE">be</w> <w type="VBG">surprising</w> <w type="CS">if</w> <w type="PPSS">they</w> <w type="VBD">showed</w> <w type="AT">a</w> <w type="JJ">comparable</w> <w type="NN">increase</w> <w type="IN">in</w> <w type="DT">this</w> <w type="NN">decade</w> <c type="pct">,</c> <w type="WDT">which</w> <w type="MD">would</w> <w type="VB">carry</w> <w type="PPO">them</w> <w type="IN">to</w> <w type="AT">the</w> <w type="NN">neighborhood</w> <w type="IN">of</w> <w type="NNS">$75-billion</w> <w type="IN">by</w> <w type="CD">1970</w> <c type="pct">.</c> </s>
<s n="54"><w type="RB">Here</w> <w type="MD">would</w> <w type="BE">be</w> <w type="AT">a</w> <w type="JJ">powerful</w> <w type="NN">force</w> <w type="IN">for</w> <w type="VBG">raising</w> <w type="NN">business</w> <w type="NN">activity</w> <c type="pct">.</c> </s>
<s n="55"><c type="pct">(</c> <w type="CD" subtype="HL">4</w> <c type="pct">)</c> </s>
<s n="56"><w type="PPS">It</w> <w type="VBZ">seems</w> <w type="JJ">likely</w> <w type="CS">that</w> <w type="IN">with</w> <w type="AT">the</w> <w type="CD">three</w> <w type="VBG">preceding</w> <w type="NNS">forces</w> <w type="IN">at</w> <w type="NN">play</w> <c type="pct">,</c> <w type="AT">the</w> <w type="NN">rate</w> <w type="IN">of</w> <w type="NN">business</w> <w type="CC">and</w> <w type="JJ">industrial</w> <w type="NN">plant</w> <w type="CC">and</w> <w type="NN">equipment</w> <w type="NNS">expenditures</w> <w type="MD">should</w> <w type="VB">continue</w> <w type="TO">to</w> <w type="VB">move</w> <w type="RB">upward</w> <w type="IN">from</w> <w type="AT">the</w> <w type="NNS">levels</w> <w type="IN">of</w> <w type="AT">the</w> <w type="NNS" subtype="TL">Fifties</w> <c type="pct">.</c> </s>
<s n="57"><w type="VBN">Spurred</w> <w type="IN">by</w> <w type="JJ">keen</w> <w type="NN">competition</w> <w type="IN">in</w> <w type="PPg">our</w> <w type="JJ">industrial</w> <w type="NN">system</w> <c type="pct">,</c> <w type="CC">and</w> <w type="RB">still</w> <w type="JJR">further</w> <w type="NNS">increases</w> <w type="IN">in</w> <w type="AT">the</w> <w type="NNS">funds</w> <w type="VBN">devoted</w> <w type="IN">to</w> <w type="JJ">industrial</w> <w type="NN">research</w> <c type="pct">,</c> <w type="NN">plant</w> <w type="CC">and</w> <w type="NN">equipment</w> <w type="NNS">expenditures</w> <w type="IN">by</w> <w type="NN">business</w> <w type="CC">and</w> <w type="NN">industry</w> <w type="MD">should</w> <w type="VB">rise</w> <w type="IN">during</w> <w type="AT">the</w> <w type="NN">decade</w> <c type="pct">.</c> </s>
<s n="58"><c type="pct">(</c> <w type="CD" subtype="HL">5</w> <c type="pct">)</c> </s>
<s n="59"><w type="IN">In</w> <w type="AT">a</w> <w type="QL">more</w> <w type="JJ">pessimistic</w> <w type="NN">vein</w> <w type="IN">about</w> <w type="AT">the</w> <w type="JJ">economic</w> <w type="NN">outlook</w> <c type="pct">,</c> <w type="PPSS">I</w> <w type="VB">suspect</w> <w type="CS">that</w> <w type="AT">the</w> <w type="NN">reservoir</w> <w type="IN">of</w> <w type="NN">demand</w> <w type="IN">for</w> <w type="NN">consumer</w> <w type="NNS">goods</w> <w type="CC">and</w> <w type="VBG">housing</w> <w type="WDT">which</w> <w type="BEDZ">was</w> <w type="VBN">dammed-up</w> <w type="IN">during</w> <w type="AT">the</w> <w type="NNS" subtype="TL">Thirties</w> <w type="CC">and</w> <w type="NN" subtype="TL">World</w> <w type="NN" subtype="TL">War</w> <w type="CD" subtype="TL">2</w> <c type="pct">,</c> <w type="BEZ">is</w> <w type="RB">finally</w> <w type="IN">in</w> <w type="AT">the</w> <w type="NN">process</w> <w type="IN">of</w> <w type="VBG">running</w> <w type="JJ">dry</w> <c type="pct">.</c> </s>
<s n="60"><w type="EX">There</w> <w type="BEZ">is</w> <w type="DTI">some</w> <w type="JJ">clear-cut</w> <w type="NN">evidence</w> <w type="IN">of</w> <w type="DT">this</w> <c type="pct">.</c> </s>
<s n="61"><w type="IN">For</w> <w type="NN">example</w> <c type="pct">,</c> <w type="AT">the</w> <w type="JJ">huge</w> <w type="JJ">postwar</w> <w type="NN">demand</w> <w type="IN">on</w> <w type="AT">the</w> <w type="NN">part</w> <w type="IN">of</w> <w type="NNS">veterans</w> <w type="IN">for</w> <w type="VBG">housing</w> <w type="IN">under</w> <w type="AT">the</w> <w type="NN">VA</w> <w type="NN">home</w> <w type="NN">loan</w> <w type="NN">guaranty</w> <w type="NN">program</w> <w type="VBZ">seems</w> <w type="TO">to</w> <w type="HV">have</w> <w type="RB">largely</w> <w type="VBN">exhausted</w> <w type="PPL">itself</w> <c type="pct">.</c> </s>
<s n="62"><w type="RB">Indeed</w> <c type="pct">,</c> <w type="AT">the</w> <w type="NN">failure</w> <w type="IN">of</w> <w type="NN">home-building</w> <w type="CS">as</w> <w type="AT">a</w> <w type="NN">whole</w> <w type="TO">to</w> <w type="VB">respond</w> <w type="DT">this</w> <w type="NN">year</w> <w type="IN">to</w> <w type="QL">somewhat</w> <w type="JJR">greater</w> <w type="NN">availability</w> <w type="IN">of</w> <w type="NN">mortgage</w> <w type="NN">financing</w> <c type="pct">,</c> <w type="CC">and</w> <w type="AT">the</w> <w type="VBG">increasing</w> <w type="NNS">reports</w> <w type="IN">of</w> <w type="NNS">pockets</w> <w type="IN">of</w> <w type="JJ">unsold</w> <w type="NNS">homes</w> <w type="CC">and</w> <w type="VBG">rising</w> <w type="NN">vacancy</w> <w type="NNS">rates</w> <w type="IN">in</w> <w type="NN">apartment</w> <w type="NNS">buildings</w> <c type="pct">,</c> <w type="MD">may</w> <w type="RB">also</w> <w type="VB">signal</w> <w type="IN">in</w> <w type="NN">part</w> <w type="CS">that</w> <w type="AT">the</w> <w type="JJ">lush</w> <w type="NNS">days</w> <w type="IN">of</w> <w type="JJ">big</w> <w type="NN">backlog</w> <w type="NN">demand</w> <w type="IN">for</w> <w type="VBG">housing</w> <w type="BER">are</w> <w type="VBG">reaching</w> <w type="AT">an</w> <w type="NN">end</w> <c type="pct">.</c> </s>
<s n="63"><w type="IN">In</w> <w type="AT">a</w> <w type="NN">way</w> <c type="pct">,</c> <w type="PPSS">we</w> <w type="MD">may</w> <w type="BE">be</w> <w type="VBG">witnessing</w> <w type="AT">the</w> <w type="AP">same</w> <w type="NN">thing</w> <w type="IN">in</w> <w type="AT">the</w> <w type="NNS">sales</w> <w type="IN">of</w> <w type="NNS">automobiles</w> <w type="NR">today</w> <w type="CS">as</w> <w type="AT">the</w> <w type="NN">public</w> <w type="QL">no</w> <w type="RBR">longer</w> <w type="BEZ">is</w> <w type="JJ">willing</w> <w type="TO">to</w> <w type="VB">purchase</w> <w type="DTI">any</w> <w type="NN">car</w> <w type="VBG">coming</w> <w type="IN">on</w> <w type="AT">the</w> <w type="NN">market</w> <w type="CC">but</w> <w type="BEZ">is</w> <w type="QL">more</w> <w type="JJ">insistent</w> <w type="IN">on</w> <w type="JJ">compact</w> <w type="NNS">cars</w> <w type="JJ">free</w> <w type="IN">of</w> <w type="AT">the</w> <w type="NNS">frills</w> <w type="WDT">which</w> <w type="BED">were</w> <w type="VBN">accepted</w> <w type="IN">in</w> <w type="AT">the</w> <w type="NNS" subtype="TL">Fifties</w> <c type="pct">.</c> </s>
<s n="64"><w type="AT">The</w> <w type="JJ">huge</w> <w type="NN">backlog</w> <w type="IN">of</w> <w type="NN">demand</w> <w type="WDT">which</w> <w type="BEDZ">was</w> <w type="JJ">evident</w> <w type="IN">in</w> <w type="AT">the</w> <w type="OD">first</w> <w type="NN">decade</w> <w type="CC">and</w> <w type="AT">a</w> <w type="NN">half</w> <w type="IN">after</w> <w type="AT">the</w> <w type="NN" subtype="TL">War</w> <w type="BEDZ">was</w> <w type="VBN">fed</w> <w type="IN">by</w> <w type="JJ">liquid</w> <w type="NNS">assets</w> <w type="VBN">accumulated</w> <w type="IN">by</w> <w type="AT">the</w> <w type="NN">public</w> <w type="IN">during</w> <w type="AT">the</w> <w type="NN" subtype="TL">War</w> <c type="pct">,</c> <w type="CC">and</w> <w type="QL">even</w> <w type="QL">more</w> <w type="RB">so</w> <w type="IN">by</w> <w type="AT">the</w> <w type="JJR">easier</w> <w type="CC">and</w> <w type="JJR">easier</w> <w type="NN">credit</w> <w type="IN">in</w> <w type="AT">the</w> <w type="NN">consumer</w> <w type="NN">loan</w> <w type="CC">and</w> <w type="NN">home</w> <w type="NN">loan</w> <w type="NNS">fields</w> <c type="pct">.</c> </s>
<s n="65"><w type="AT">The</w> <w type="VBG">consuming</w> <w type="NN">public</w> <w type="HVZ">has</w> <w type="VBN">used</w> <w type="RP">up</w> <w type="AT">a</w> <w type="JJ">good</w> <w type="NN">part</w> <w type="IN">of</w> <w type="DTS">these</w> <w type="JJ">liquid</w> <w type="NNS">assets</w> <c type="pct">,</c> <w type="CC">or</w> <w type="PPSS">they</w> <w type="HV">have</w> <w type="BEN">been</w> <w type="VBN">drained</w> <w type="IN">by</w> <w type="AT">the</w> <w type="VBG">rising</w> <w type="NN">price</w> <w type="NN">level</w> <c type="pct">,</c> <w type="CC">and</w> <w type="PPSS">we</w> <w type="HV">have</w> <w type="RB">apparently</w> <w type="VBN">gotten</w> <w type="IN">to</w> <w type="AT">the</w> <w type="NN">end</w> <w type="IN">of</w> <w type="AT">the</w> <w type="NN">line</w> <w type="IN">in</w> <w type="VBG">making</w> <w type="NN">consumer</w> <w type="CC">or</w> <w type="NN">home</w> <w type="NN">mortgage</w> <w type="NNS">terms</w> <w type="JJR">easier</w> <c type="pct">.</c> </s>
<s n="66"><w type="DT">This</w> <w type="BEZ">is</w> <w type="NEG">not</w> <w type="TO">to</w> <w type="VB">say</w> <w type="CS">that</w> <w type="AT">the</w> <w type="NN">level</w> <w type="IN">of</w> <w type="NN">consumer</w> <w type="NNS">expenditures</w> <w type="MD">will</w> <w type="NEG">not</w> <w type="VB">continue</w> <w type="TO">to</w> <w type="VB">rise</w> <w type="IN">in</w> <w type="AT">the</w> <w type="NNS" subtype="TL">Sixties</w> <c type="pct">.</c> </s>
<s n="67"><w type="PPSS">I</w> <w type="BEM">am</w> <w type="JJ">confident</w> <w type="CS">that</w> <w type="PPS">it</w> <w type="MD">will</w> <c type="pct">,</c> <w type="CC">but</w> <w type="NN">consumer</w> <w type="NN">spending</w> <w type="IN">in</w> <w type="AT">the</w> <w type="NNS" subtype="TL">Sixties</w> <w type="MD">will</w> <w type="NEG">not</w> <w type="BE">be</w> <w type="VBN">fortified</w> <w type="IN">by</w> <w type="AT">the</w> <w type="JJ">great</w> <w type="NN">backlog</w> <w type="IN">of</w> <w type="NNS">wants</w> <w type="CC">and</w> <w type="NNS">desires</w> <w type="WDT">which</w> <w type="VBD">characterized</w> <w type="AP">most</w> <w type="IN">of</w> <w type="AT">the</w> <w type="NNS" subtype="TL">Fifties</w> <c type="pct">.</c> </s>
<s n="68"><w type="NNS">Markets</w> <w type="MD">should</w> <w type="VB">become</w> <w type="QL">more</w> <w type="JJ">competitive</w> <w type="CS">as</w> <w type="NNS">consumers</w> <w type="VB">become</w> <w type="QL">more</w> <w type="JJ">selective</w> <c type="pct">.</c> </s>
</p>
<p><s n="69"><w type="NNSg" subtype="HL">Sixties'</w> <w type="NN" subtype="HL">capital</w> <w type="NNS" subtype="HL">requirements</w> </s>
<s n="70"><w type="RB">Accordingly</w> <c type="pct">,</c> <w type="IN">during</w> <w type="AT">the</w> <w type="NNS" subtype="TL">Sixties</w> <w type="PPg">our</w> <w type="JJ">national</w> <w type="NN">economy</w> <w type="BEZ">is</w> <w type="JJ">likely</w> <w type="TO">to</w> <w type="VB">grow</w> <w type="IN">at</w> <w type="QL">as</w> <w type="JJ">fast</w> <w type="AT">a</w> <w type="NN">rate</w> <w type="CS">as</w> <w type="IN">in</w> <w type="AT">the</w> <w type="NNS" subtype="TL">Fifties</w> <w type="CC">and</w> <c type="pct">,</c> <w type="IN">in</w> <w type="AT">the</w> <w type="NN">process</w> <c type="pct">,</c> <w type="TO">to</w> <w type="VB">require</w> <w type="JJ">enormous</w> <w type="NNS">amounts</w> <w type="IN">of</w> <w type="NN">capital</w> <w type="NNS">funds</w> <c type="pct">.</c> </s>
</p>
<p></p></body></text></TEI>
