<TEI xmlns="http://www.tei-c.org/ns/1.0"><teiHeader><fileDesc><titleStmt><title>Sample J44 from  J. Mitchell Reese, Jr., Reorganization Transfers and Survival
 of Tax Attribute," Tax Law Review, 16 (1961), 210-215.
 </title></titleStmt><editionStmt><edition>A part  of the XML version of the Brown Corpus</edition></editionStmt><extent>2,026 words 34 (1.7%) quotes 3 symbols</extent><publicationStmt><idno>J44</idno><availability><p>Copyright New York University School of Law. Used by permission. 0010-1880</p></availability></publicationStmt><sourceDesc><bibl> J. Mitchell Reese, Jr., Reorganization Transfers and Survival
 of Tax Attribute," Tax Law Review, 16 (1961), 210-215.
 </bibl></sourceDesc></fileDesc><encodingDesc><p>Typographical Error: depeciation [0070]</p></encodingDesc><revisionDesc><change when="2008-04-27">Header auto-generated for TEI version</change></revisionDesc></teiHeader>
<text xml:id="J44" decls="J">
<body><p><s n="1"><w type="WRB">How</w> <w type="RB">else</w> <w type="MD">can</w> <w type="PN">one</w> <w type="VB">explain</w> <c type="pct">,</c> <w type="IN">for</w> <w type="NN">example</w> <c type="pct">,</c> <w type="VBG">allowing</w> <w type="AT">the</w> <w type="NN">survival</w> <w type="IN">of</w> <w type="AT">the</w> <w type="NN">right</w> <w type="TO">to</w> <w type="VB">amortize</w> <w type="NN">bond</w> <w type="NN">discount</w> <w type="CC">and</w> <w type="NN">premium</w> <c type="pct">(</c> <w type="NN">section</w> <w type="CD">381(c)(9)</w> <c type="pct">)</c> <c type="pct">,</c> <w type="CC">but</w> <w type="NEG">not</w> <w type="AT">the</w> <w type="NN">right</w> <w type="TO">to</w> <w type="VB">amortize</w> <w type="NN">bond</w> <w type="NN">issue</w> <w type="NNS">expenses</w> <c type="pct">;</c> <c type="pct">;</c> </s>
<s n="2"><w type="CC">or</w> <w type="VBG">allowing</w> <w type="AT">a</w> <w type="NN">deduction</w> <w type="IN">for</w> <w type="NN">payment</w> <w type="IN">of</w> <w type="AP">certain</w> <w type="NNS">obligations</w> <w type="IN">of</w> <w type="AT">a</w> <w type="NN">transferor</w> <w type="VBN">assumed</w> <w type="IN">in</w> <w type="AT">the</w> <w type="NN">reorganization</w> <c type="pct">(</c> <w type="NN">section</w> <w type="CD">381(c)(16)</w> <c type="pct">)</c> <c type="pct">,</c> <w type="CC">but</w> <w type="NEG">not</w> <w type="AT">a</w> <w type="NN">deduction</w> <w type="IN">for</w> <w type="NN">theft</w> <w type="NNS">losses</w> <w type="VBN">sustained</w> <w type="IN">by</w> <w type="AT">a</w> <w type="NN">transferor</w> <w type="RB">prior</w> <w type="IN">to</w> <w type="AT">a</w> <w type="NN">reorganization</w> <w type="CC">but</w> <w type="VBN">discovered</w> <w type="IN">after</w> <w type="PPO">it</w> <c type="pct">;</c> <c type="pct">;</c> </s>
<s n="3"><w type="CC">or</w> <w type="VBG">requiring</w> <w type="AT">a</w> <w type="NN">transferor</w> <w type="TO">to</w> <w type="VB">carry</w> <w type="RP">over</w> <w type="PPg">its</w> <w type="NN">method</w> <w type="IN">of</w> <w type="NN">depreciation</w> <c type="pct">(</c> <w type="NN">section</w> <w type="CD">381(c)(6)</w> <c type="pct">)</c> <c type="pct">,</c> <w type="CC">but</w> <w type="NEG">not</w> <w type="VBG">allowing</w> <w type="JJ">rapid</w> <w type="NN">amortization</w> <w type="IN">of</w> <w type="NN">emergency</w> <w type="NNS">facilities</w> <w type="VBN">transferred</w> <w type="IN">in</w> <w type="AT">a</w> <w type="NN">reorganization</w> <c type="pct">;</c> <c type="pct">;</c> </s>
<s n="4"><w type="CC">or</w> <w type="VBG">allowing</w> <w type="NN">survival</w> <w type="IN">of</w> <w type="AT">a</w> <w type="NN">dividend</w> <w type="NN">carryover</w> <w type="IN">to</w> <w type="AT">a</w> <w type="JJ">personal</w> <w type="VBG">holding</w> <w type="NN">company</w> <c type="pct">(</c> <w type="NN">section</w> <w type="CD">381(c)(14)</w> <c type="pct">)</c> <c type="pct">,</c> <w type="CC">but</w> <w type="NEG">not</w> <w type="NN">carryover</w> <w type="IN">of</w> <w type="JJ">excess</w> <w type="NN">tax</w> <w type="NNS">credits</w> <w type="IN">for</w> <w type="JJ">foreign</w> <w type="NNS">taxes</w> <c type="pct">?</c> <c type="pct">?</c> </s>
</p>
<p><s n="5"><w type="DTS">These</w> <w type="NNS">items</w> <c type="pct">,</c> <w type="CC">and</w> <w type="AP">most</w> <w type="IN">of</w> <w type="AT">the</w> <w type="NNS">others</w> <w type="VBN">listed</w> <w type="RB">above</w> <c type="pct">,</c> <w type="VB">seem</w> <w type="QL">quite</w> <w type="JJ">comparable</w> <w type="IN">to</w> <w type="NNS">items</w> <w type="WPg">whose</w> <w type="NN">right</w> <w type="IN">of</w> <w type="NN">survival</w> <w type="BEZ">is</w> <w type="VBN">provided</w> <w type="IN">for</w> <w type="IN">in</w> <w type="NN">section</w> <w type="CD">381</w> <c type="pct">.</c> </s>
<s n="6"><w type="EX">There</w> <w type="DOZ">does</w> <w type="NEG">not</w> <w type="VB">seem</w> <w type="TO">to</w> <w type="BE">be</w> <w type="DTI">any</w> <w type="JJ">reasonable</w> <w type="NN">basis</w> <w type="IN">for</w> <w type="NN">distinction</w> <w type="CC">either</w> <w type="IN">in</w> <w type="NNS">terms</w> <w type="IN">of</w> <w type="AT">the</w> <w type="NN">nature</w> <w type="IN">of</w> <w type="AT">the</w> <w type="NN">tax</w> <w type="NN">attribute</w> <w type="CC">or</w> <w type="IN">in</w> <w type="NNS">terms</w> <w type="IN">of</w> <w type="NN">tax-avoidance</w> <w type="NNS">possibilities</w> <c type="pct">.</c> </s>
<s n="7"><w type="IN">With</w> <w type="NN">respect</w> <w type="IN">to</w> <w type="NNS">items</w> <w type="JJ">such</w> <w type="CS">as</w> <w type="DTS">these</w> <w type="AT">the</w> <w type="NNS">provisions</w> <w type="IN">of</w> <w type="NN">section</w> <w type="CD">381(c)</w> <c type="pct">,</c> <w type="VBN">viewed</w> <w type="IN">in</w> <w type="JJ">historical</w> <w type="NN">perspective</w> <c type="pct">,</c> <w type="VB">suggest</w> <w type="AT">a</w> <w type="NN">rule</w> <w type="VBG">requiring</w> <w type="NN">survival</w> <c type="pct">,</c> <w type="CS">whether</w> <w type="AT">the</w> <w type="NNS">items</w> <w type="BER">are</w> <w type="JJ">beneficial</w> <w type="CC">or</w> <w type="JJ">detrimental</w> <w type="IN">to</w> <w type="AT">the</w> <w type="VBG">surviving</w> <w type="NN">corporation</w> <c type="pct">.</c> </s>
<s n="8"><w type="IN">To</w> <w type="DT">this</w> <w type="NN">extent</w> <w type="DTI">some</w> <w type="VBG">stretching</w> <w type="IN">of</w> <w type="AT">the</w> <w type="JJ">literal</w> <w type="NN">meaning</w> <w type="IN">of</w> <w type="AT">the</w> <w type="NN" subtype="TL">Committee</w> <w type="NN" subtype="TL">Report</w> <w type="VBZ">seems</w> <w type="VBN">justified</w> <c type="pct">,</c> <w type="CS">since</w> <w type="AT">the</w> <w type="JJ">literal</w> <w type="NN">meaning</w> <w type="VBZ">conflicts</w> <w type="IN">with</w> <w type="AT">the</w> <w type="JJ">clear</w> <w type="NN">implication</w> <c type="pct">,</c> <w type="CS">if</w> <w type="NEG">not</w> <w type="AT">the</w> <w type="NN">language</w> <c type="pct">,</c> <w type="IN">of</w> <w type="AT">the</w> <w type="NN">statute</w> <c type="pct">.</c> </s>
</p>
<p><s n="9"><w type="PPS">It</w> <w type="BEZ">is</w> <w type="NEG">not</w> <w type="VBN">contended</w> <w type="CS">that</w> <w type="NN">section</w> <w type="CD">381</w> <w type="MD">should</w> <w type="VB">prescribe</w> <w type="AT">the</w> <w type="NN">survival</w> <w type="IN">of</w> <w type="ABN">all</w> <w type="IN">of</w> <w type="AT">the</w> <w type="NNg">transferor's</w> <w type="NN">tax</w> <w type="NNS">attributes</w> <c type="pct">.</c> </s>
<s n="10"><w type="ABL">Such</w> <w type="AT">an</w> <w type="NN">interpretation</w> <w type="MD">could</w> <w type="NEG">not</w> <w type="BE">be</w> <w type="VBN">justified</w> <w type="IN">by</w> <w type="AT">a</w> <w type="NN">construction</w> <w type="IN">of</w> <w type="AT">the</w> <w type="NN">statute</w> <w type="JJ">alone</w> <c type="pct">;</c> <c type="pct">;</c> </s>
<s n="11"><w type="PPS">it</w> <w type="MD">would</w> <w type="RB">certainly</w> <w type="VB">violate</w> <w type="AT">the</w> <w type="NN">intention</w> <w type="IN">of</w> <w type="NP">Congress</w> <w type="CS">as</w> <w type="VBN">expressed</w> <w type="IN">in</w> <w type="AT">the</w> <w type="NN" subtype="TL">Committee</w> <w type="NN" subtype="TL">Report</w> <c type="pct">;</c> <c type="pct">;</c> </s>
<s n="12"><w type="CC">and</w> <w type="IN">in</w> <w type="IN">at</w> <w type="AP">least</w> <w type="CD">one</w> <w type="NN">instance</w> <c type="pct">,</c> <w type="VBG">involving</w> <w type="NN" subtype="HL">refund</w> <w type="NNS" subtype="HL">claims</w> <c type="pct">,</c> <w type="PPS">it</w> <w type="MD">might</w> <w type="BE">be</w> <w type="JJ">contrary</w> <w type="IN">to</w> <w type="DT">another</w> <w type="NN">provision</w> <w type="IN">of</w> <w type="AT">the</w> <w type="VBN" subtype="TL">United</w> <w type="NNS" subtype="TL">States</w> <w type="NN" subtype="TL">Code</w> <c type="pct">.</c> </s>
</p>
<p><s n="13"><w type="NN">Refund</w> <w type="NNS">claims</w> </s>
<s n="14"><w type="NN">Section</w> <w type="CD">203</w> <w type="IN">of</w> <w type="AT">the</w> <w type="VBN" subtype="TL">United</w> <w type="NNS" subtype="TL">States</w> <w type="NN" subtype="TL">Code</w> <w type="VBZ">voids</w> <w type="AT">an</w> <w type="NN">assignment</w> <w type="IN">of</w> <w type="AT">a</w> <w type="NN">claim</w> <w type="IN">against</w> <w type="AT">the</w> <w type="NN" subtype="TL">Government</w> <w type="CS">unless</w> <w type="VBN">made</w> <w type="CS">after</w> <w type="PPS">it</w> <w type="HVZ">has</w> <w type="BEN">been</w> <w type="VBN">allowed</w> <c type="pct">,</c> <w type="AT">the</w> <w type="NN">amount</w> <w type="JJ">due</w> <w type="HVZ">has</w> <w type="BEN">been</w> <w type="VBN">ascertained</w> <c type="pct">,</c> <w type="CC">and</w> <w type="AT">a</w> <w type="NN">warrant</w> <w type="IN">for</w> <w type="PPg">its</w> <w type="NN">payment</w> <w type="HVZ">has</w> <w type="BEN">been</w> <w type="VBN">issued</w> <c type="pct">.</c> </s>
<s n="15"><w type="CS">If</w> <w type="PPS">it</w> <w type="BED">were</w> <w type="NEG">not</w> <w type="IN">for</w> <w type="JJ">judicial</w> <w type="NN">development</w> <w type="IN">of</w> <w type="AP">certain</w> <w type="NNS">exceptions</w> <c type="pct">,</c> <w type="DT">this</w> <w type="NN">section</w> <w type="MD">would</w> <w type="VB">prohibit</w> <w type="AT">a</w> <w type="NN">suit</w> <w type="IN">for</w> <w type="NN">refund</w> <w type="IN">by</w> <w type="AT">an</w> <w type="VBG">acquiring</w> <w type="NN">corporation</w> <w type="IN">for</w> <w type="NNS">taxes</w> <w type="VBN">paid</w> <w type="IN">by</w> <w type="AT">a</w> <w type="NN">transferor</w> <w type="NN">corporation</w> <c type="pct">,</c> <w type="RB">even</w> <w type="CS">though</w> <w type="AT">the</w> <w type="NN">reorganization</w> <w type="VBZ">meets</w> <w type="AT">the</w> <w type="NNS">requirements</w> <w type="IN">of</w> <w type="NN">section</w> <w type="CD">381(a)</w> <c type="pct">.</c> </s>
</p>
<p><s n="16"><w type="AT">A</w> <w type="RB">clearly</w> <w type="VBN">recognized</w> <w type="NN">exception</w> <w type="BEZ">is</w> <w type="AT">a</w> <w type="JJ">statutory</w> <w type="NN">merger</w> <w type="CC">or</w> <w type="NN">consolidation</w> <c type="pct">.</c> </s>
<s n="17"><w type="AT">The</w> <w type="VBG">leading</w> <w type="NN">case</w> <c type="pct">,</c> <w type="NN" subtype="TL">Seaboard</w> <w type="NN" subtype="TL">Air</w> <w type="NN" subtype="TL">Line</w> <w type="NN" subtype="TL">Railway</w> <w type="IN" subtype="TL">v.</w> <w type="VBN" subtype="TL">United</w> <w type="NNS" subtype="TL">States</w> <c type="pct">,</c> <w type="VBD">held</w> <w type="CS">that</w> <w type="AT">the</w> <w type="NN">transferee</w> <w type="MD">could</w> <w type="VB">sue</w> <w type="IN">for</w> <w type="AT">a</w> <w type="NN">refund</w> <w type="IN">of</w> <w type="NNS">taxes</w> <w type="VBN">paid</w> <w type="IN">by</w> <w type="AT">the</w> <w type="NN">transferor</w> <c type="pct">,</c> <w type="CC">and</w> <w type="PPS">it</w> <w type="HVZ">has</w> <w type="BEN">been</w> <w type="RB">consistently</w> <w type="VBN">followed</w> <c type="pct">.</c> </s>
<s n="18"><w type="AT">The</w> <w type="NN" subtype="TL">Court</w> <w type="VBD">said</w> <w type="AT">the</w> <w type="NN">purpose</w> <w type="IN">of</w> <w type="AT">the</w> <w type="NN">section</w> <w type="BEDZ">was</w> <w type="RB">principally</w> <w type="TO">to</w> <w type="VB">spare</w> <w type="AT">the</w> <w type="NN" subtype="TL">Government</w> <w type="AT">the</w> <w type="NN">embarrassment</w> <w type="CC">and</w> <w type="NN">trouble</w> <w type="IN">of</w> <w type="VBG">dealing</w> <w type="IN">with</w> <w type="AP">several</w> <w type="NNS">parties</w> <c type="pct">,</c> <w type="CD">one</w> <w type="IN">of</w> <w type="PPO">them</w> <w type="AT">a</w> <w type="NN">stranger</w> <w type="IN">to</w> <w type="AT">the</w> <w type="NN">claim</w> <c type="pct">,</c> <w type="CC">and</w> <w type="TO">to</w> <w type="VB">prevent</w> <w type="NN">traffic</w> <w type="IN">in</w> <w type="NNS">claims</w> <c type="pct">,</c> <w type="RB">particularly</w> <w type="JJ">tenuous</w> <w type="NNS">claims</w> <c type="pct">,</c> <w type="IN">against</w> <w type="AT">the</w> <w type="NN" subtype="TL">Government</w> <c type="pct">.</c> </s>
<s n="19"><w type="DTX">Neither</w> <w type="NN">reason</w> <c type="pct">,</c> <w type="VBD">said</w> <w type="AT">the</w> <w type="NN" subtype="TL">Court</w> <c type="pct">,</c> <w type="VBD">applied</w> <w type="IN">to</w> <w type="AT">the</w> <w type="NN">case</w> <w type="IN">at</w> <w type="NN">hand</w> <c type="pct">;</c> <c type="pct">;</c> </s>
<s n="20"><w type="RB">furthermore</w> <c type="pct">,</c> <w type="NP">Congress</w> <w type="MD">could</w> <w type="NEG">not</w> <w type="BE">be</w> <w type="VBN">presumed</w> <w type="TO">to</w> <w type="HV">have</w> <w type="VBN">intended</w> <w type="TO">to</w> <w type="VB">obstruct</w> <w type="NNS">mergers</w> <w type="VBN">approved</w> <w type="IN">by</w> <w type="AT">the</w> <w type="NNS">states</w> <c type="pct">.</c> </s>
<s n="21"><w type="AP">Other</w> <w type="NNS">exceptions</w> <w type="BER">are</w> <w type="NNS">assignments</w> <w type="IN">for</w> <w type="AT">the</w> <w type="NN">benefit</w> <w type="IN">of</w> <w type="NNS">creditors</w> <c type="pct">,</c> <w type="JJ">corporate</w> <w type="NNS">dissolutions</w> <c type="pct">,</c> <w type="NNS">transfers</w> <w type="IN">by</w> <w type="NN">descent</w> <c type="pct">,</c> <w type="CC">or</w> <w type="NNS">transfers</w> <w type="IN">by</w> <w type="NN">subrogation</w> <c type="pct">.</c> </s>
<s n="22"><w type="NNS">Exceptions</w> <w type="BER">are</w> <w type="RB">often</w> <w type="VBN">classified</w> <w type="CS">as</w> <w type="NNS">transfers</w> <w type="IN">by</w> <c type="pct">``</c> <w type="NN">operation</w> <w type="IN">of</w> <w type="NN">law</w> <c type="pct">''</c> <c type="pct">.</c> </s>
</p>
<p><s n="23"><w type="AT">A</w> <w type="JJ">tax-free</w> <w type="NN">reorganization</w> <w type="NEG">not</w> <w type="VBG">complying</w> <w type="IN">with</w> <w type="AT">the</w> <w type="NN">merger</w> <w type="CC">or</w> <w type="NN">consolidation</w> <w type="NNS">statutes</w> <w type="IN">of</w> <w type="AT">the</w> <w type="NNS">states</w> <w type="VBN">involved</w> <w type="BEZ">is</w> <w type="JJ">difficult</w> <w type="TO">to</w> <w type="VB">fit</w> <w type="IN">into</w> <w type="AT">an</w> <c type="pct">``</c> <w type="NN">operation</w> <w type="IN">of</w> <w type="NN">law</w> <c type="pct">''</c> <w type="NN">mold</w> <c type="pct">.</c> </s>
<s n="24"><w type="CS">Although</w> <w type="PPS">it</w> <w type="BEZ">is</w> <w type="IN">in</w> <w type="DTI">some</w> <w type="NNS">ways</w> <w type="JJ">comparable</w> <w type="IN">to</w> <w type="AT">a</w> <w type="JJ">voluntary</w> <w type="NN">sale</w> <w type="IN">of</w> <w type="NNS">assets</w> <w type="IN">for</w> <w type="NN">cash</w> <c type="pct">,</c> <w type="IN">to</w> <w type="WDT">which</w> <w type="NN">section</w> <w type="CD">203</w> <w type="QL">quite</w> <w type="RB">clearly</w> <w type="VBZ">applies</w> <c type="pct">,</c> <w type="AT">the</w> <w type="NNS">courts</w> <w type="CC">and</w> <w type="NN" subtype="TL">Treasury</w> <w type="HV">have</w> <w type="VBN">held</w> <w type="CS">that</w> <w type="VBG">acquiring</w> <w type="NNS">corporations</w> <w type="IN">in</w> <w type="AP">several</w> <w type="NNS">types</w> <w type="IN">of</w> <w type="JJ">non-taxable</w> <w type="NNS">reorganizations</w> <w type="MD">may</w> <w type="VB">sue</w> <w type="IN">for</w> <w type="NN">refund</w> <w type="IN">of</w> <w type="NNS">taxes</w> <w type="VBN">paid</w> <w type="IN">by</w> <w type="NNS">transferors</w> <c type="pct">.</c> </s>
<s n="25"><w type="AT">A</w> <w type="JJ">recent</w> <w type="NN">case</w> <w type="IN">in</w> <w type="NN">point</w> <w type="BEZ">is</w> <w type="NP" subtype="TL">Mitchell</w> <w type="NNS" subtype="TL">Canneries</w> <w type="IN" subtype="TL">v.</w> <w type="VBN" subtype="TL">United</w> <w type="NNS" subtype="TL">States</w> <c type="pct">,</c> <w type="IN">in</w> <w type="WDT">which</w> <w type="AT">a</w> <w type="NN">claim</w> <w type="IN">against</w> <w type="AT">the</w> <w type="NN" subtype="TL">Government</w> <w type="BEDZ">was</w> <w type="VBN">transferred</w> <w type="RB">first</w> <w type="IN">from</w> <w type="AT">a</w> <w type="NN">corporation</w> <w type="IN">to</w> <w type="AT">a</w> <w type="NN">partnership</w> <c type="pct">,</c> <w type="WPg">whose</w> <w type="NNS">partners</w> <w type="BED">were</w> <w type="AP">former</w> <w type="NNS">stockholders</w> <c type="pct">,</c> <w type="CC">and</w> <w type="RB">then</w> <w type="IN">to</w> <w type="DT">another</w> <w type="NN">corporation</w> <w type="VBN">formed</w> <w type="IN">by</w> <w type="AT">the</w> <w type="NNS">partners</w> <c type="pct">.</c> </s>
<s n="26"><w type="VBG">Holding</w> <w type="AT">the</w> <w type="JJ">final</w> <w type="NN">corporation</w> <w type="VBN">entitled</w> <w type="TO">to</w> <w type="VB">sue</w> <w type="IN">on</w> <w type="AT">the</w> <w type="NN">claim</w> <c type="pct">,</c> <w type="AT">the</w> <w type="NN" subtype="TL">Court</w> <w type="VBD">cited</w> <w type="AT">the</w> <w type="NN" subtype="TL">Seaboard</w> <c type="pct">,</c> <w type="NP" subtype="TL">Novo</w> <w type="VBG" subtype="TL">Trading</w> <c type="pct">,</c> <w type="CC">and</w> <w type="NP">Roomberg</w> <w type="NNS">cases</w> <w type="IN">for</w> <w type="AT">the</w> <w type="NN">proposition</w> <w type="CS">that</w> <c type="pct">``</c> <w type="NNS">transfers</w> <w type="IN">by</w> <w type="NN">operation</w> <w type="IN">of</w> <w type="NN">law</w> <w type="CC">or</w> <w type="IN">in</w> <w type="NN">conjunction</w> <w type="IN">with</w> <w type="NNS">changes</w> <w type="IN">of</w> <w type="JJ">corporate</w> <w type="NN">structure</w> <w type="BER">are</w> <w type="NEG">not</w> <w type="NNS">assignments</w> <w type="VBN">prohibited</w> <w type="IN">by</w> <w type="AT">the</w> <w type="NN">statute</w> <c type="pct">''</c> <c type="pct">.</c> </s>
</p>
<p><s n="27"><w type="IN">In</w> <w type="AT">an</w> <w type="JJR">earlier</w> <w type="NN">case</w> <c type="pct">,</c> <w type="NP" subtype="TL">Kingan</w> <w type="CC" subtype="TL">&amp;</w> <w type="NN" subtype="TL">Co.</w> <w type="IN" subtype="TL">v.</w> <w type="VBN" subtype="TL">United</w> <w type="NNS" subtype="TL">States</w> <c type="pct">,</c> <w type="AT">an</w> <w type="JJ">American</w> <w type="NN">corporation</w> <w type="BEDZ">was</w> <w type="VBN">formed</w> <w type="IN">for</w> <w type="AT">the</w> <w type="NN">purpose</w> <w type="IN">of</w> <w type="VBG">acquiring</w> <w type="AT">the</w> <w type="NN">stock</w> <w type="IN">of</w> <w type="AT">a</w> <w type="JJ">British</w> <w type="NN">corporation</w> <w type="IN">in</w> <w type="NN">exchange</w> <w type="IN">for</w> <w type="PPg">its</w> <w type="JJ">own</w> <w type="NN">stock</w> <w type="CC">and</w> <w type="RB">then</w> <w type="VBG">liquidating</w> <w type="AT">the</w> <w type="JJ">British</w> <w type="NN">corporation</w> <c type="pct">.</c> </s>
<s n="28"><w type="AT">The</w> <w type="JJ">anti-assignment</w> <w type="NN">statute</w> <w type="BEDZ">was</w> <w type="VBN">held</w> <w type="NEG">not</w> <w type="TO">to</w> <w type="VB">prevent</w> <w type="AT">the</w> <w type="JJ">American</w> <w type="NN">corporation</w> <w type="IN">from</w> <w type="VBG">suing</w> <w type="IN">for</w> <w type="AT">a</w> <w type="NN">refund</w> <w type="IN">of</w> <w type="NNS">taxes</w> <w type="VBN">paid</w> <w type="IN">by</w> <w type="AT">the</w> <w type="JJ">British</w> <w type="NN">corporation</w> <c type="pct">.</c> </s>
<s n="29"><w type="AT">The</w> <w type="NN">transaction</w> <w type="RB">presumably</w> <w type="MD">would</w> <w type="HV">have</w> <w type="VBN">qualified</w> <w type="IN">under</w> <w type="NN">section</w> <w type="CD">368(a)(1)</w> <w type="CS">as</w> <w type="AT">a</w> <w type="JJ">contractual</w> <w type="NN">reorganization</w> <c type="pct">,</c> <w type="VBN">followed</w> <w type="IN">by</w> <w type="AT">a</w> <w type="NN">section</w> <w type="CD">332</w> <w type="NN">liquidation</w> <c type="pct">,</c> <w type="CC">but</w> <w type="NEG">not</w> <w type="IN">under</w> <w type="NN">section</w> <w type="CD">368(a)(1)</w> <w type="CS">as</w> <w type="AT">a</w> <w type="JJ">statutory</w> <w type="NN">merger</w> <w type="IN">of</w> <w type="NN">consolidation</w> <c type="pct">.</c> </s>
<s n="30"><w type="AT">The</w> <w type="NN" subtype="TL">Court</w> <c type="pct">,</c> <w type="RB">nevertheless</w> <c type="pct">,</c> <w type="VBD">relied</w> <w type="IN">on</w> <w type="AT">the</w> <w type="NN" subtype="TL">Seaboard</w> <w type="NN">case</w> <w type="CC">and</w> <w type="RB">also</w> <w type="VBD">mentioned</w> <w type="CS">that</w> <w type="AT">the</w> <w type="NNS">shareholders</w> <w type="IN">of</w> <w type="AT">the</w> <w type="CD">two</w> <w type="NNS">corporations</w> <w type="BED">were</w> <w type="AT">the</w> <w type="AP">same</w> <c type="pct">.</c> </s>
<s n="31"><w type="IN">In</w> <w type="NN">substance</w> <c type="pct">,</c> <w type="VBD">said</w> <w type="AT">the</w> <w type="NN" subtype="TL">Court</w> <c type="pct">,</c> <w type="EX">there</w> <w type="BEDZ">was</w> <w type="AT">no</w> <w type="NN">transfer</w> <w type="IN">of</w> <w type="JJ">equitable</w> <w type="NN">title</w> <c type="pct">.</c> </s>
</p>
<p><s n="32"><w type="AT">The</w> <w type="NN" subtype="TL">Treasury</w> <w type="VBZ">arrives</w> <w type="IN">at</w> <w type="RB">substantially</w> <w type="AT">the</w> <w type="AP">same</w> <w type="NN">conclusion</w> <c type="pct">,</c> <w type="CC">but</w> <w type="VBZ">skirts</w> <w type="AT">the</w> <w type="NN">problem</w> <w type="IN">of</w> <w type="NN">section</w> <w type="CD">203</w> <w type="IN">of</w> <w type="AT">the</w> <w type="VBN" subtype="TL">United</w> <w type="NNS" subtype="TL">States</w> <w type="NN" subtype="TL">Code</w> <c type="pct">.</c> </s>
<s n="33"><w type="NN" subtype="TL">Revenue</w> <w type="NN" subtype="TL">Ruling</w> <w type="CD">54-17</w> <w type="VBZ">provides</w> <w type="CS">that</w> <w type="CS">if</w> <w type="AT">the</w> <w type="NN">corporation</w> <w type="IN">against</w> <w type="WDT">which</w> <w type="AT">a</w> <w type="NN">tax</w> <w type="BEDZ">was</w> <w type="VBN">assessed</w> <w type="HVZ">has</w> <w type="RB">since</w> <w type="BEN">been</w> <w type="VBN">liquidated</w> <w type="IN">by</w> <w type="NN">merger</w> <w type="IN">with</w> <w type="AT">a</w> <w type="NN">successor</w> <w type="NN">corporation</w> <c type="pct">,</c> <w type="AT">a</w> <w type="NN">claim</w> <w type="IN">for</w> <w type="NN">refund</w> <w type="MD">should</w> <w type="BE">be</w> <w type="VBN">filed</w> <w type="IN">by</w> <w type="AT">the</w> <w type="NN">successor</w> <w type="IN">in</w> <w type="AT">the</w> <w type="NN">name</w> <w type="CC">and</w> <w type="IN">on</w> <w type="NN">behalf</w> <w type="IN">of</w> <w type="AT">the</w> <w type="NN">corporation</w> <w type="WDT">which</w> <w type="VBD">paid</w> <w type="AT">the</w> <w type="NN">tax</w> <c type="pct">,</c> <w type="VBN">followed</w> <w type="IN">by</w> <w type="AT">the</w> <w type="NN">name</w> <w type="IN">of</w> <w type="AT">the</w> <w type="NN">successor</w> <w type="NN">corporation</w> <c type="pct">.</c> </s>
<s n="34"><w type="JJ">Proper</w> <w type="NN">evidence</w> <w type="IN">of</w> <w type="AT">the</w> <w type="NN">liquidation</w> <w type="CC">and</w> <w type="NN">succession</w> <w type="MD">must</w> <w type="RB">also</w> <w type="BE">be</w> <w type="VBN">filed</w> <c type="pct">.</c> </s>
<s n="35"><w type="CS">If</w> <w type="AT">the</w> <w type="NN">succession</w> <w type="BEZ">is</w> <w type="AT">a</w> <w type="NN">matter</w> <w type="IN">of</w> <w type="JJ">public</w> <w type="NN">record</w> <c type="pct">,</c> <w type="NNS">certificates</w> <w type="IN">of</w> <w type="AT">the</w> <w type="NNS" subtype="TL">Secretaries</w> <w type="IN" subtype="TL">of</w> <w type="NN" subtype="TL">State</w> <w type="CC">or</w> <w type="AP">other</w> <w type="JJ">public</w> <w type="NNS">officials</w> <w type="HVG">having</w> <w type="NN">custody</w> <w type="IN">of</w> <w type="AT">the</w> <w type="NNS">documents</w> <w type="MD">will</w> <w type="VB">suffice</w> <c type="pct">;</c> <c type="pct">;</c> </s>
<s n="36"><w type="CS">if</w> <w type="AT">the</w> <w type="NN">succession</w> <w type="BEZ">is</w> <w type="NEG">not</w> <w type="IN">of</w> <w type="NN">record</w> <c type="pct">,</c> <w type="ABN">all</w> <w type="NNS">documents</w> <w type="VBG">relating</w> <w type="IN">to</w> <w type="JJ">such</w> <w type="NN">succession</w> <c type="pct">,</c> <w type="RB">properly</w> <w type="VBN">certified</w> <c type="pct">,</c> <w type="BER">are</w> <w type="VBN">required</w> <c type="pct">.</c> </s>
<s n="37"><w type="AT">The</w> <w type="AP">former</w> <w type="NN">proof</w> <w type="VBZ">seems</w> <w type="JJ">applicable</w> <w type="IN">to</w> <w type="AT">a</w> <w type="JJ">statutory</w> <w type="NN">merger</w> <w type="CC">or</w> <w type="NN">consolidation</w> <c type="pct">,</c> <w type="AT">the</w> <w type="AP">latter</w> <w type="IN">to</w> <w type="AT">a</w> <w type="JJ">contractual</w> <w type="NN">acquisition</w> <c type="pct">.</c> </s>
<s n="38"><w type="AT">The</w> <w type="NN" subtype="TL">Ruling</w> <w type="MD">would</w> <w type="NEG">not</w> <c type="pct">,</c> <w type="RB">however</w> <c type="pct">,</c> <w type="VB">apply</w> <w type="IN">to</w> <w type="AT">an</w> <w type="NN">acquisition</w> <w type="IN">of</w> <w type="NNS">assets</w> <w type="IN">for</w> <w type="NN">cash</w> <c type="pct">.</c> </s>
<s n="39"><w type="AT">A</w> <w type="JJ">recent</w> <w type="NN" subtype="TL">Ruling</w> <c type="pct">,</c> <w type="CS">although</w> <w type="QL">rather</w> <w type="VBG">confusing</w> <c type="pct">,</c> <w type="VBZ">cites</w> <w type="CC">and</w> <w type="VBZ">follows</w> <w type="NP">Rev.</w> <w type="NN" subtype="TL">Rul.</w> <w type="CD" subtype="TL">54-17</w> <c type="pct">.</c> </s>
<s n="40"><w type="AT">The</w> <w type="NN" subtype="TL">Ruling</w> <w type="VBZ">suggests</w> <w type="RB">also</w> <w type="CS">that</w> <w type="PPS">it</w> <w type="VBZ">applies</w> <w type="IN">to</w> <w type="CC">either</w> <w type="AT">a</w> <w type="JJ">statutory</w> <w type="CC">or</w> <w type="JJ">contractual</w> <w type="NN">reorganization</w> <c type="pct">.</c> </s>
<s n="41"><w type="RB">Hence</w> <c type="pct">,</c> <w type="AT">a</w> <w type="NN">successor</w> <w type="NN">corporation</w> <w type="IN">in</w> <w type="AT">a</w> <w type="NN">C</w> <w type="NN">reorganization</w> <w type="VBZ">appears</w> <w type="VBN">entitled</w> <w type="TO">to</w> <w type="VB">sue</w> <w type="IN">for</w> <w type="AT">a</w> <w type="NN">refund</w> <w type="IN">of</w> <w type="NNS">taxes</w> <w type="VBN">paid</w> <w type="IN">by</w> <w type="AT">the</w> <w type="VBN">merged</w> <w type="NN">corporation</w> <w type="IN">despite</w> <w type="NN">section</w> <w type="CD">203</w> <c type="pct">.</c> </s>
</p>
<p><s n="42"><w type="IN">In</w> <w type="AT">a</w> <w type="NN">B</w> <w type="NN">reorganization</w> <c type="pct">,</c> <w type="VBN">followed</w> <w type="IN">by</w> <w type="AT">a</w> <w type="NN">section</w> <w type="CD">332</w> <w type="NN">liquidation</w> <c type="pct">,</c> <w type="DTS">those</w> <w type="NNS">cases</w> <w type="WDT">which</w> <w type="VB">hold</w> <w type="CS">that</w> <w type="NN">section</w> <w type="CD">203</w> <w type="BEZ">is</w> <w type="JJ">inapplicable</w> <w type="IN">to</w> <w type="NNS">transfers</w> <w type="IN">in</w> <w type="NN">liquidation</w> <w type="VB">appear</w> <w type="TO">to</w> <w type="VB">permit</w> <w type="AT">the</w> <w type="NN">successor</w> <w type="NN">corporation</w> <w type="TO">to</w> <w type="VB">sue</w> <w type="IN">for</w> <w type="NN">refund</w> <w type="IN">of</w> <w type="NNS">taxes</w> <w type="VBN">paid</w> <w type="IN">by</w> <w type="AT">the</w> <w type="NN">transferor</w> <c type="pct">.</c> </s>
<s n="43"><w type="IN">In</w> <w type="NN">fact</w> <c type="pct">,</c> <w type="AT">a</w> <w type="NN">cash</w> <w type="NN">purchase</w> <w type="IN">of</w> <w type="AT">a</w> <w type="NNg">corporation's</w> <w type="NN">stock</w> <w type="VBN">followed</w> <w type="IN">by</w> <w type="NN">liquidation</w> <w type="MD">might</w> <w type="RB">also</w> <w type="BE">be</w> <w type="AT">an</w> <w type="JJ">effective</w> <w type="NN">way</w> <w type="TO">to</w> <w type="VB">transfer</w> <w type="AT">a</w> <w type="NN">claim</w> <w type="IN">for</w> <w type="NN">refund</w> <w type="CS">if</w> <w type="AT">the</w> <w type="NP">Kimbell-Diamond</w> <w type="NN">doctrine</w> <w type="BEZ">is</w> <w type="NEG">not</w> <w type="VBN">applied</w> <w type="TO">to</w> <w type="VB">eliminate</w> <w type="AT">the</w> <w type="JJ">intermediate</w> <w type="NN">step</w> <c type="pct">.</c> </s>
</p>
<p><s n="44"><w type="DTS">These</w> <w type="NNS">results</w> <w type="VB">appear</w> <w type="JJ">sound</w> <c type="pct">.</c> </s>
<s n="45"><w type="CS">As</w> <w type="VBN">stated</w> <w type="IN">in</w> <w type="NN" subtype="TL">Seaboard</w> <w type="CC">and</w> <w type="JJ">numerous</w> <w type="AP">other</w> <w type="NNS">cases</w> <c type="pct">,</c> <w type="AT">the</w> <w type="CD">two</w> <w type="JJ">primary</w> <w type="NNS">reasons</w> <w type="IN">for</w> <w type="AT">the</w> <w type="NN">enactment</w> <w type="IN">of</w> <w type="NN">section</w> <w type="CD">203</w> <w type="IN">of</w> <w type="AT">the</w> <w type="VBN" subtype="TL">United</w> <w type="NNS" subtype="TL">States</w> <w type="NN" subtype="TL">Code</w> <w type="BED">were</w> <w type="TO">to</w> <w type="VB">prevent</w> <w type="AT">the</w> <w type="NN" subtype="TL">Government</w> <w type="IN">from</w> <w type="HVG">having</w> <w type="TO">to</w> <w type="VB">deal</w> <w type="IN">with</w> <w type="AP">more</w> <w type="IN">than</w> <w type="CD">one</w> <w type="NN">claimant</w> <w type="CC">and</w> <w type="TO">to</w> <w type="VB">prevent</w> <w type="AT">the</w> <w type="NN">assignment</w> <w type="IN">of</w> <w type="JJ">meretricious</w> <w type="NNS">claims</w> <w type="IN">on</w> <w type="AT">a</w> <w type="NN">contingent-fee</w> <w type="NN">basis</w> <c type="pct">.</c> </s>
<s n="46"><w type="AT">The</w> <w type="NNS">cases</w> <w type="HV">have</w> <w type="VBN">allowed</w> <w type="NN">transfer</w> <w type="IN">of</w> <w type="NNS">claims</w> <w type="CS">if</w> <w type="JJ">beneficial</w> <w type="NN">ownership</w> <w type="BEZ">is</w> <w type="NEG">not</w> <w type="VBN">changed</w> <c type="pct">.</c> </s>
<s n="47"><w type="AT">The</w> <w type="OD">first</w> <w type="NN">reason</w> <w type="MD">would</w> <w type="RB">never</w> <w type="VB">apply</w> <w type="IN">to</w> <w type="AT">a</w> <w type="NN">reorganization</w> <w type="NN">transfer</w> <w type="WDT">which</w> <w type="VBZ">meets</w> <w type="AT">the</w> <w type="NNS">conditions</w> <w type="IN">of</w> <w type="NN">section</w> <w type="CD">381(a)</w> <c type="pct">,</c> <w type="WDT">which</w> <w type="BEZ">is</w> <w type="AT">the</w> <w type="AP">only</w> <w type="NN">type</w> <w type="RB">presently</w> <w type="IN">under</w> <w type="NN">discussion</w> <c type="pct">.</c> </s>
<s n="48"><w type="NN">Section</w> <w type="CD">381(a)</w> <w type="VBZ">applies</w> <w type="RB">only</w> <w type="IN">to</w> <w type="AT">a</w> <w type="NN">transfer</w> <w type="IN">by</w> <w type="NN">liquidation</w> <w type="IN">of</w> <w type="AT">a</w> <w type="NN">subsidiary</w> <w type="VBN">owned</w> <w type="IN">to</w> <w type="AT">the</w> <w type="NN">extent</w> <w type="IN">of</w> <w type="IN">at</w> <w type="AP">least</w> <w type="CD">80</w> <w type="IN">per</w> <w type="NN">cent</w> <c type="pct">,</c> <w type="AT">a</w> <w type="JJ">statutory</w> <w type="NN">merger</w> <w type="CC">or</w> <w type="NN">consolidation</w> <c type="pct">,</c> <w type="AT">an</w> <w type="NN">acquisition</w> <w type="IN">of</w> <w type="RB">substantially</w> <w type="ABN">all</w> <w type="AT">a</w> <w type="NNg">corporation's</w> <w type="NNS">assets</w> <w type="RB">solely</w> <w type="IN">in</w> <w type="NN">exchange</w> <w type="IN">for</w> <w type="VBG">voting</w> <w type="NN">stock</w> <c type="pct">,</c> <w type="CC">or</w> <w type="AT">a</w> <w type="NN">change</w> <w type="IN">of</w> <w type="NN">identity</w> <c type="pct">,</c> <w type="NN">form</w> <c type="pct">,</c> <w type="CC">or</w> <w type="NN">place</w> <w type="IN">of</w> <w type="NN">organization</w> <c type="pct">.</c> </s>
<s n="49"><w type="IN">In</w> <w type="RB">virtually</w> <w type="AT">every</w> <w type="NN">case</w> <w type="AT">the</w> <w type="NN">transferor</w> <w type="NN">corporation</w> <w type="BEZ">is</w> <w type="VBN">liquidated</w> <c type="pct">,</c> <w type="CC">and</w> <w type="PPg">its</w> <w type="AP">former</w> <w type="NNS">stockholders</w> <w type="CC">either</w> <w type="VB">own</w> <w type="RB">outright</w> <c type="pct">,</c> <w type="CC">or</w> <w type="HV">have</w> <w type="AT">a</w> <w type="VBG">continuing</w> <w type="NN">stock</w> <w type="NN">interest</w> <w type="IN">in</w> <c type="pct">,</c> <w type="AT">the</w> <w type="NNS">assets</w> <w type="WDT">which</w> <w type="VBD">gave</w> <w type="NN">rise</w> <w type="IN">to</w> <w type="AT">the</w> <w type="NN">tax</w> <c type="pct">.</c> </s>
<s n="50"><w type="IN">In</w> <w type="DTS">these</w> <w type="NNS">circumstances</w> <w type="AT">the</w> <w type="NN">possibility</w> <w type="IN">of</w> <w type="JJ">multiple</w> <w type="CC">or</w> <w type="VBG">conflicting</w> <w type="NNS">claims</w> <w type="BEZ">is</w> <w type="QL">exceedingly</w> <w type="JJ">remote</w> <c type="pct">.</c> </s>
<s n="51"><w type="RB">Furthermore</w> <c type="pct">,</c> <w type="IN">in</w> <w type="AT">a</w> <w type="NN">C</w> <w type="NN">reorganization</w> <w type="AT">the</w> <w type="VBG">continuing</w> <w type="NN">interest</w> <w type="IN">of</w> <w type="NNS">stockholders</w> <w type="IN">of</w> <w type="AT">the</w> <w type="NN">corporation</w> <w type="WDT">which</w> <w type="VBD">paid</w> <w type="AT">the</w> <w type="NN">tax</w> <w type="MD">must</w> <w type="BE">be</w> <w type="JJR">greater</w> <w type="CS">than</w> <w type="BEZ">is</w> <w type="JJ">necessary</w> <w type="IN">in</w> <w type="AT">a</w> <w type="JJ">statutory</w> <w type="NN">merger</w> <c type="pct">,</c> <w type="IN">to</w> <w type="WDT">which</w> <w type="AT">the</w> <w type="NN">statute</w> <w type="BEZ">is</w> <w type="RB">clearly</w> <w type="JJ">inapplicable</w> <c type="pct">.</c> </s>
</p>
<p><s n="52"><w type="CC">Nor</w> <w type="BEZ">is</w> <w type="PPS">it</w> <w type="IN">at</w> <w type="ABN">all</w> <w type="JJ">likely</w> <w type="CS">that</w> <w type="AT">a</w> <c type="pct">``</c> <w type="JJ">desperate</w> <c type="pct">''</c> <w type="NN">claim</w> <w type="IN">against</w> <w type="AT">the</w> <w type="NN" subtype="TL">Government</w> <w type="MD">will</w> <w type="BE">be</w> <w type="VBN">assigned</w> <w type="IN">on</w> <w type="AT">a</w> <w type="NN">contingent-fee</w> <w type="NN">basis</w> <w type="IN">in</w> <w type="AT">the</w> <w type="NN">guise</w> <w type="IN">of</w> <w type="AT">a</w> <w type="JJ">tax-free</w> <w type="NN">reorganization</w> <c type="pct">.</c> </s>
<s n="53"><w type="CS">If</w> <w type="AT">the</w> <w type="NN">transferor</w> <w type="HVZ">has</w> <w type="JJ">substantial</w> <w type="NNS">assets</w> <w type="AP">other</w> <w type="CS">than</w> <w type="AT">the</w> <w type="NN">claim</w> <c type="pct">,</c> <w type="PPS">it</w> <w type="VBZ">seems</w> <w type="JJ">reasonable</w> <w type="TO">to</w> <w type="VB">assume</w> <w type="AT">no</w> <w type="NN">corporation</w> <w type="MD">would</w> <w type="BE">be</w> <w type="JJ">willing</w> <w type="TO">to</w> <w type="VB">acquire</w> <w type="ABN">all</w> <w type="IN">of</w> <w type="PPg">its</w> <w type="NNS">properties</w> <w type="IN">in</w> <w type="AT">the</w> <w type="JJ">dim</w> <w type="NN">hope</w> <w type="IN">of</w> <w type="VBG">collecting</w> <w type="AT">a</w> <w type="NN">claim</w> <w type="IN">for</w> <w type="NN">refund</w> <w type="IN">of</w> <w type="NNS">taxes</w> <c type="pct">.</c> </s>
<s n="54"><w type="CS">If</w> <w type="ABL">such</w> <w type="AT">an</w> <w type="JJ">unlikely</w> <w type="NN">transaction</w> <w type="BED">were</w> <w type="TO">to</w> <w type="VB">take</w> <w type="NN">place</w> <c type="pct">,</c> <w type="PPS">it</w> <w type="MD">would</w> <w type="QL">more</w> <w type="RB">logically</w> <w type="BE">be</w> <w type="VBN">accomplished</w> <w type="IN">by</w> <w type="AT">a</w> <w type="NN">stock</w> <w type="NN">purchase</w> <c type="pct">,</c> <w type="VBN">followed</w> <w type="IN">by</w> <w type="AT">the</w> <w type="NN">prosecution</w> <w type="IN">of</w> <w type="AT">the</w> <w type="NN">claim</w> <w type="IN">by</w> <w type="AT">the</w> <w type="JJ">wholly-owned</w> <w type="NN">subsidiary</w> <c type="pct">,</c> <w type="VBN">followed</w> <w type="IN">by</w> <w type="NN">liquidation</w> <c type="pct">.</c> </s>
<s n="55"><w type="IN">In</w> <w type="AT">the</w> <w type="JJ">rare</w> <w type="NN">case</w> <w type="WRB">where</w> <w type="AT">a</w> <w type="NNg">corporation's</w> <w type="AP">only</w> <w type="JJ">substantial</w> <w type="NN">asset</w> <c type="pct">,</c> <w type="CC">or</w> <w type="PPg">its</w> <w type="QL">most</w> <w type="JJ">important</w> <w type="CD">one</w> <c type="pct">,</c> <w type="BEZ">is</w> <w type="AT">a</w> <w type="NN">claim</w> <w type="IN">for</w> <w type="NN">refund</w> <c type="pct">,</c> <w type="RB">perhaps</w> <w type="PPg">its</w> <w type="NN">transfer</w> <w type="MD">should</w> <w type="NEG">not</w> <w type="BE">be</w> <w type="VBN">permitted</w> <c type="pct">,</c> <w type="CS">whether</w> <w type="AT">the</w> <w type="NN">reorganization</w> <w type="VBZ">takes</w> <w type="AT">the</w> <w type="NN">form</w> <w type="IN">of</w> <w type="AT">a</w> <w type="JJ">statutory</w> <w type="NN">merger</w> <w type="CC">or</w> <w type="IN">of</w> <w type="AT">the</w> <w type="NN">acquisition</w> <w type="IN">of</w> <w type="NNS">assets</w> <w type="IN">for</w> <w type="NN">stock</w> <c type="pct">.</c> </s>
</p>
<p><s n="56"><w type="PPS">It</w> <w type="VBZ">appears</w> <c type="pct">,</c> <w type="RB">then</w> <c type="pct">,</c> <w type="CS">that</w> <w type="CS">although</w> <w type="AT">the</w> <w type="NN">matter</w> <w type="BEZ">is</w> <w type="NEG">not</w> <w type="VBN">dealt</w> <w type="IN">with</w> <w type="IN">in</w> <w type="NN">section</w> <w type="CD">381(c)</w> <c type="pct">,</c> <w type="AT">a</w> <w type="NN">successor</w> <w type="NN">corporation</w> <w type="IN">in</w> <w type="AT">a</w> <w type="NN">reorganization</w> <w type="IN">of</w> <w type="AT">a</w> <w type="NN">type</w> <w type="VBN">specified</w> <w type="IN">in</w> <w type="NN">section</w> <w type="CD">381(a)</w> <w type="BEZ">is</w> <w type="VBN">entitled</w> <w type="TO">to</w> <w type="VB">sue</w> <w type="IN">for</w> <w type="NN">refund</w> <w type="IN">of</w> <w type="NNS">taxes</w> <w type="VBN">paid</w> <w type="IN">by</w> <w type="AT">a</w> <w type="NN">transferor</w> <w type="NN">corporation</w> <c type="pct">.</c> </s>
<s n="57"><w type="NN">Section</w> <w type="CD">203</w> <w type="IN">of</w> <w type="AT">the</w> <w type="VBN" subtype="TL">United</w> <w type="NNS" subtype="TL">States</w> <w type="NN" subtype="TL">Code</w> <w type="HVZ">has</w> <w type="BEN">been</w> <w type="VBN">interpreted</w> <w type="CS">as</w> <w type="NEG">not</w> <w type="VBG">applying</w> <w type="IN">to</w> <w type="NNS">claims</w> <w type="IN">against</w> <w type="AT">the</w> <w type="NN" subtype="TL">Government</w> <w type="VBN">transferred</w> <w type="IN">in</w> <w type="JJ">tax-free</w> <w type="NNS">reorganizations</w> <c type="pct">.</c> </s>
<s n="58"><w type="AT">The</w> <w type="NN">successor</w> <w type="NNS">corporations</w> <w type="HV">have</w> <w type="BEN">been</w> <w type="VBN">held</w> <w type="VBN">entitled</w> <w type="TO">to</w> <w type="VB">sue</w> <w type="IN">on</w> <w type="JJ">such</w> <w type="NNS">claims</w> <c type="pct">.</c> </s>
</p>
<p><s n="59"><w type="AP" subtype="HL">Other</w> <w type="NN" subtype="HL">tax</w> <w type="NNS" subtype="HL">attributes</w> <w type="IN" subtype="HL">of</w> <w type="AT" subtype="HL">the</w> <w type="NN" subtype="HL">transferor</w> </s>
<s n="60"><w type="EX">There</w> <w type="BER">are</w> <w type="AP">certain</w> <w type="NN">tax</w> <w type="NNS">attributes</w> <w type="IN">of</w> <w type="AT">a</w> <w type="NN">corporation</w> <w type="WPg">whose</w> <w type="NN">nature</w> <w type="CC">and</w> <w type="NN">effect</w> <w type="MD">might</w> <w type="VB">depend</w> <w type="IN">on</w> <w type="AT">the</w> <w type="NNS">facts</w> <w type="IN">of</w> <w type="AT">the</w> <w type="JJ">particular</w> <w type="NN">reorganization</w> <w type="VBN">involved</w> <c type="pct">.</c> </s>
<s n="61"><w type="IN">For</w> <w type="NN">example</w> <c type="pct">,</c> <w type="NN">property</w> <c type="pct">``</c> <w type="VBN">used</w> <w type="IN">in</w> <w type="AT">the</w> <w type="NN">trade</w> <w type="CC">or</w> <w type="NN">business</w> <c type="pct">''</c> <w type="IN">of</w> <w type="AT">a</w> <w type="NN">transferor</w> <w type="NN">corporation</w> <c type="pct">,</c> <w type="CS">as</w> <w type="VBN">defined</w> <w type="IN">in</w> <w type="NN">section</w> <w type="CD">1231</w> <c type="pct">,</c> <w type="RB">presumably</w> <w type="MD">would</w> <w type="NEG">not</w> <w type="VB">retain</w> <w type="PPg">its</w> <w type="JJ">special</w> <w type="NN">status</w> <w type="IN">following</w> <w type="AT">a</w> <w type="JJ">non-taxable</w> <w type="NN">reorganization</w> <w type="CS">if</w> <w type="PPS">it</w> <w type="BEZ">is</w> <w type="NEG">not</w> <w type="RB">so</w> <w type="VBN">used</w> <w type="IN">in</w> <w type="AT">the</w> <w type="NN">business</w> <w type="IN">of</w> <w type="AT">the</w> <w type="VBG">acquiring</w> <w type="NN">corporation</w> <c type="pct">.</c> </s>
<s n="62"><w type="AT">The</w> <w type="NN">parent</w> <w type="IN">of</w> <w type="AT">a</w> <w type="NN">group</w> <w type="VBG">filing</w> <w type="VBN">consolidated</w> <w type="NNS">returns</w> <w type="MD">might</w> <w type="BE">be</w> <w type="VBN">treated</w> <w type="CS">as</w> <w type="AT">the</w> <w type="AP">same</w> <w type="NN">corporation</w> <w type="IN">following</w> <w type="AT">a</w> <w type="NN">reorganization</w> <w type="VBN">defined</w> <w type="IN">in</w> <w type="NN">section</w> <w type="CD">368(a)(1)</w> <c type="pct">,</c> <w type="CC">but</w> <w type="CS">as</w> <w type="AT">a</w> <w type="JJ">different</w> <w type="NN">corporation</w> <w type="IN">for</w> <w type="DT">this</w> <w type="NN">purpose</w> <w type="IN">after</w> <w type="AT">a</w> <w type="JJ">tax-free</w> <w type="NN">acquisition</w> <w type="IN">by</w> <w type="DT">another</w> <w type="NN">corporation</w> <w type="WDT">which</w> <w type="HVD">had</w> <w type="NEG">not</w> <c type="pct">,</c> <w type="IN">for</w> <w type="NN">example</w> <c type="pct">,</c> <w type="VBN">elected</w> <w type="TO">to</w> <w type="VB">file</w> <w type="VBN">consolidated</w> <w type="NNS">returns</w> <w type="IN">with</w> <w type="PPg">its</w> <w type="JJ">own</w> <w type="NNS">subsidiaries</w> <c type="pct">.</c> </s>
<s n="63"><w type="JJ">Similar</w> <w type="NNS">considerations</w> <w type="RB">presumably</w> <w type="VBD">made</w> <w type="PPO">it</w> <w type="JJ">difficult</w> <w type="TO">to</w> <w type="VB">prescribe</w> <w type="AT">a</w> <w type="JJ">general</w> <w type="NN">rule</w> <w type="WRB">where</w> <w type="AT">the</w> <w type="VBN">acquired</w> <w type="CC">and</w> <w type="VBG">acquiring</w> <w type="NNS">corporations</w> <w type="HV">have</w> <w type="JJ">different</w> <w type="NNS">methods</w> <w type="IN">of</w> <w type="VBG">accounting</w> <c type="pct">(</c> <w type="NN">section</w> <w type="CD">381(c)(4)</w> <c type="pct">)</c> <w type="CC">or</w> <w type="NN">depreciation</w> <c type="pct">(</c> <w type="NN">section</w> <w type="CD">381(c)(6)</w> <c type="pct">)</c> <c type="pct">.</c> </s>
</p>
<p><s n="64"><w type="AP">Other</w> <w type="NNS">sections</w> <w type="IN">of</w> <w type="AT">the</w> <w type="CD">1954</w> <w type="JJ" subtype="TL">Internal</w> <w type="NN" subtype="TL">Revenue</w> <w type="NN" subtype="TL">Code</w> <w type="VB">provide</w> <w type="IN">for</w> <w type="NN">survival</w> <w type="IN">of</w> <w type="AP">certain</w> <w type="IN">of</w> <w type="AT">a</w> <w type="NNg">transferor's</w> <w type="NN">tax</w> <w type="NNS">attributes</w> <w type="IN">following</w> <w type="AT">a</w> <w type="JJ">tax-free</w> <w type="NN">reorganization</w> <c type="pct">.</c> </s>
<s n="65"><w type="NN">Section</w> <w type="CD">362</w> <w type="VBZ">requires</w> <w type="NN">carryover</w> <w type="IN">of</w> <w type="AT">the</w> <w type="NN">transferor</w> <w type="NNg">corporation's</w> <w type="NN">basis</w> <w type="IN">for</w> <w type="NN">property</w> <w type="VBN">transferred</w> <c type="pct">,</c> <w type="CC">and</w> <w type="NN">section</w> <w type="CD">1223</w> <w type="VBZ">provides</w> <w type="IN">for</w> <w type="VBG">tacking</w> <w type="RP">on</w> <w type="AT">the</w> <w type="NNg">transferor's</w> <w type="VBG">holding</w> <w type="NN">period</w> <w type="IN">for</w> <w type="JJ">such</w> <w type="NN">property</w> <w type="IN">to</w> <w type="DT">that</w> <w type="IN">of</w> <w type="AT">the</w> <w type="NN">transferee</w> <c type="pct">.</c> </s>
<s n="66"><w type="NN">Section</w> <w type="CD">169</w> <w type="VBZ">permits</w> <w type="AT">a</w> <w type="NN">person</w> <w type="VBG">acquiring</w> <w type="NN">grain-storage</w> <w type="NNS">facilities</w> <w type="TO">to</w> <w type="VB">elect</w> <w type="TO">to</w> <w type="VB">continue</w> <w type="NN">amortization</w> <w type="IN">over</w> <w type="AT">a</w> <w type="JJ">60-month</w> <w type="NN">period</w> <c type="pct">.</c> </s>
<s n="67"><w type="RB">However</w> <c type="pct">,</c> <w type="AT">a</w> <w type="JJ">similar</w> <w type="NN">privilege</w> <w type="BEDZ">was</w> <w type="NEG">not</w> <w type="RB">specifically</w> <w type="VBN">provided</w> <w type="IN">in</w> <w type="NN">section</w> <w type="CD">168</w> <w type="IN">for</w> <w type="AT">a</w> <w type="NN">person</w> <w type="VBG">acquiring</w> <w type="NN">emergency</w> <w type="NNS">facilities</w> <c type="pct">.</c> </s>
<s n="68"><w type="NNS" subtype="HL">Attributes</w> <w type="JJ" subtype="HL">similar</w> <w type="IN" subtype="HL">to</w> <w type="AT" subtype="HL">a</w> <w type="NN" subtype="HL">loss</w> <w type="NN" subtype="HL">carryover</w> <c type="pct">.</c> </s>
</p>
<p><s n="69"><w type="EX">There</w> <w type="MD">may</w> <w type="BE">be</w> <w type="AP">certain</w> <w type="NNS">items</w> <w type="WDT">which</w> <w type="BER">are</w> <w type="QL">quite</w> <w type="JJ">similar</w> <w type="IN">to</w> <w type="AT">a</w> <w type="JJ">net</w> <w type="VBG">operating</w> <w type="NN">loss</w> <w type="NN">carryover</w> <w type="CC">or</w> <w type="VBG">operating</w> <w type="NN">deficit</w> <w type="CC">and</w> <w type="WPg">whose</w> <w type="NN">right</w> <w type="TO">to</w> <w type="VB">survive</w> <w type="AT">a</w> <w type="NN">reorganization</w> <w type="MD">should</w> <w type="RB">perhaps</w> <w type="BE">be</w> <w type="JJ">subject</w> <w type="IN">to</w> <w type="AT">the</w> <w type="NNS">conditions</w> <w type="JJ">applicable</w> <w type="IN">to</w> <w type="DTS">those</w> <w type="NNS">items</w> <c type="pct">.</c> </s>
<s n="70"><w type="IN">For</w> <w type="NN">example</w> <c type="pct">,</c> <w type="VB">suppose</w> <w type="DT">another</w> <w type="JJ">excess</w> <w type="NNS">profits</w> <w type="NN">tax</w> <w type="JJ">similar</w> <w type="IN">to</w> <w type="JJ">prior</w> <w type="NNS">laws</w> <w type="BEZ">is</w> <w type="VBN">enacted</w> <c type="pct">,</c> <w type="VBG">providing</w> <w type="IN">for</w> <w type="NN">carryover</w> <w type="IN">of</w> <w type="JJ">excess</w> <w type="NNS">profits</w> <w type="NNS">credits</w> <c type="pct">.</c> </s>
<s n="71"><w type="DT">This</w> <w type="NN">carryover</w> <w type="NN">right</w> <w type="HVZ">has</w> <w type="AT">a</w> <w type="NN">number</w> <w type="IN">of</w> <w type="NNS">things</w> <w type="IN">in</w> <w type="JJ">common</w> <w type="IN">with</w> <w type="AT">a</w> <w type="JJ">net</w> <w type="VBG">operating</w> <w type="NN">loss</w> <w type="NN">carryover</w> <c type="pct">.</c> </s>
<s n="72"><w type="PPS">It</w> <w type="BEZ">is</w> <w type="AT">an</w> <w type="VBG">averaging</w> <w type="NN">device</w> <w type="VBN">intended</w> <w type="TO">to</w> <w type="VB">ease</w> <w type="AT">the</w> <w type="NN">tax</w> <w type="NN">burden</w> <w type="IN">of</w> <w type="VBG">fluctuating</w> <w type="NN">income</w> <c type="pct">;</c> <c type="pct">;</c> </s>
<s n="73"><w type="PPS">it</w> <w type="BEZ">is</w> <w type="AT">a</w> <w type="NN">tax</w> <w type="NN">benefit</w> <w type="WDT">which</w> <w type="MD">might</w> <w type="BE">be</w> <w type="IN">of</w> <w type="JJ">substantial</w> <w type="NN">value</w> <w type="IN">to</w> <w type="AT">a</w> <w type="NN">corporation</w> <w type="WDT">which</w> <w type="VBZ">expects</w> <w type="TO">to</w> <w type="HV">have</w> <w type="AT">a</w> <w type="JJ">high</w> <w type="JJ">excess</w> <w type="NNS">profits</w> <w type="NN">tax</w> <c type="pct">.</c> </s>
<s n="74"><w type="IN">Under</w> <w type="AT">the</w> <w type="CD">1939</w> <w type="NN" subtype="TL">Code</w> <w type="DT">this</w> <w type="NN">item</w> <w type="BEDZ">was</w> <w type="VBN">permitted</w> <w type="TO">to</w> <w type="VB">survive</w> <w type="AT">a</w> <w type="JJ">tax-free</w> <w type="NN">reorganization</w> <w type="IN">in</w> <w type="AT">the</w> <w type="NP" subtype="TL">Stanton</w> <w type="NN" subtype="TL">Brewery</w> <w type="NN">case</w> <c type="pct">,</c> <w type="CC">but</w> <w type="RB">only</w> <w type="IN">over</w> <w type="AT">the</w> <w type="NN">dissent</w> <w type="IN">of</w> <w type="NN" subtype="TL">Judge</w> <w type="NP">Learned</w> <w type="NP">Hand</w> <c type="pct">,</c> <w type="WPS">who</w> <w type="VBD">wrote</w> <w type="AT">the</w> <w type="NN">majority</w> <w type="NN">opinion</w> <w type="IN">in</w> <w type="AT">the</w> <w type="NP">Sansome</w> <w type="NN">case</w> <c type="pct">,</c> <w type="AT">a</w> <w type="VBG">leading</w> <w type="NN">case</w> <w type="VBG">requiring</w> <w type="NN">carryover</w> <w type="IN">of</w> <w type="NNS">earnings</w> <w type="CC">and</w> <w type="NNS">profits</w> <w type="IN">in</w> <w type="AT">a</w> <w type="JJ">non-taxable</w> <w type="NN">reorganization</w> <c type="pct">.</c> </s>
</p>
<p><s n="75"><w type="CS">Since</w> <w type="DT">this</w> <w type="NN">type</w> <w type="IN">of</w> <w type="NN">item</w> <w type="BEDZ">was</w> <w type="NEG">not</w> <w type="IN">in</w> <w type="AT">the</w> <w type="NN">statute</w> <w type="WRB">when</w> <w type="NN">section</w> <w type="CD">381</w> <w type="BEDZ">was</w> <w type="VBN">enacted</w> <w type="IN">in</w> <w type="CD">1954</w> <c type="pct">,</c> <w type="PN">one</w> <mw pos="MD *">cannot </mw><w type="VB">say</w> <w type="IN">with</w> <w type="NN">certainty</w> <w type="WDT">what</w> <w type="NN">effect</w> <w type="AT">the</w> <w type="NN">enactment</w> <w type="IN">of</w> <w type="DT">that</w> <w type="NN">section</w> <w type="MD">should</w> <w type="HV">have</w> <c type="pct">.</c> </s>
<s n="76"><w type="IN">With</w> <w type="NN">respect</w> <w type="IN">to</w> <w type="DT">this</w> <w type="NN">type</w> <w type="IN">of</w> <w type="NN">item</w> <c type="pct">,</c> <w type="PN">one</w> <w type="MD">might</w> <w type="RB">properly</w> <w type="VB">apply</w> <w type="AT">the</w> <w type="NN">language</w> <w type="IN">of</w> <w type="AT">the</w> <w type="NN" subtype="TL">Committee</w> <w type="NN" subtype="TL">Report</w> <c type="pct">,</c> <w type="VBN">quoted</w> <w type="RB">above</w> <c type="pct">,</c> <w type="WDT">which</w> <w type="VBZ">cautions</w> <w type="IN">against</w> <w type="VBG">using</w> <w type="NN">section</w> <w type="CD">381</w> <w type="CS">as</w> <w type="AT">a</w> <w type="NN">basis</w> <w type="IN">for</w> <w type="VBG">treating</w> <w type="AP">other</w> <w type="NN">tax</w> <w type="NNS">attributes</w> <w type="NEG">not</w> <w type="VBN">mentioned</w> <w type="RB">therein</w> <c type="pct">.</c> </s>
</p>
<p><s n="77"><w type="RB">Actually</w> <c type="pct">,</c> <w type="EX">there</w> <w type="DO">do</w> <w type="NEG">not</w> <w type="RB">presently</w> <w type="VB">appear</w> <w type="TO">to</w> <w type="BE">be</w> <w type="NNS">items</w> <w type="IN">in</w> <w type="AT">the</w> <w type="NN">statute</w> <w type="JJ">comparable</w> <w type="IN">to</w> <w type="AT">a</w> <w type="JJ">net</w> <w type="VBG">operating</w> <w type="NN">loss</w> <w type="NN">carryover</w> <c type="pct">.</c> </s>
<s n="78"><w type="RB">Probably</w> <w type="AT">the</w> <w type="JJ">primary</w> <w type="NN">reason</w> <w type="IN">for</w> <w type="JJ">special</w> <w type="NN">treatment</w> <w type="IN">of</w> <w type="AT">a</w> <w type="JJ">net</w> <w type="VBG">operating</w> <w type="NN">loss</w> <w type="NN">carryover</w> <w type="BEZ">is</w> <w type="AT">the</w> <w type="JJ">unique</w> <w type="NN">opportunity</w> <w type="PPS">it</w> <w type="VBZ">presents</w> <w type="IN">for</w> <w type="NN">tax</w> <w type="NN">avoidance</w> <c type="pct">.</c> </s>
</p>
<p></p></body></text></TEI>
