<TEI xmlns="http://www.tei-c.org/ns/1.0"><teiHeader><fileDesc><titleStmt><title>Sample J45 from  Albert N. Schrieber et al., Defence Procurement and Small
 Business. Seattle: University of Washington Press, 1961.
 Pp. 7-13. </title></titleStmt><editionStmt><edition>A part  of the XML version of the Brown Corpus</edition></editionStmt><extent>1,995 words 4 (0.2%) quotes 31 symbols</extent><publicationStmt><idno>J45</idno><availability><p>Copyright authors. Used by permission. 0010-1910</p></availability></publicationStmt><sourceDesc><bibl> Albert N. Schrieber et al., Defence Procurement and Small
 Business. Seattle: University of Washington Press, 1961.
 Pp. 7-13. </bibl></sourceDesc></fileDesc><encodingDesc><p>Arbitrary Hyphen: key-punched [1670]Note: key punching [1680]Typographical Error: questionaire [0810]</p></encodingDesc><revisionDesc><change when="2008-04-27">Header auto-generated for TEI version</change></revisionDesc></teiHeader>
<text xml:id="J45" decls="J">
<body><p><s n="1"><w type="NP" subtype="HL">A</w> <c type="pct">.</c> </s>
<s n="2"><w type="NNS" subtype="HL">Reasons</w> <w type="IN" subtype="HL">for</w> <w type="VBG" subtype="HL">selecting</w> <w type="NN" subtype="HL">mail</w> <w type="NN" subtype="HL">questionnaire</w> <w type="NN" subtype="HL">method</w> </s>
<s n="3"><w type="EX">There</w> <w type="BED">were</w> <w type="CD">two</w> <w type="NNS">methods</w> <w type="WPS">that</w> <w type="MD">could</w> <w type="HV">have</w> <w type="BEN">been</w> <w type="VBN">used</w> <w type="IN">for</w> <w type="VBG">conducting</w> <w type="AT">the</w> <w type="NN">study</w> <w type="IN">within</w> <w type="AT">the</w> <w type="NNS">resources</w> <w type="JJ">available</w> <c type="pct">:</c> <c type="pct">(</c> <w type="CD">1</w> <c type="pct">)</c> <w type="NNS">interviews</w> <w type="IN">in</w> <w type="NN">depth</w> <w type="IN">with</w> <w type="AT">a</w> <w type="AP">few</w> <w type="VBN">selected</w> <w type="NNS">companies</w> <c type="pct">,</c> <w type="CC">and</w> <c type="pct">(</c> <w type="CD">2</w> <c type="pct">)</c> <w type="AT">the</w> <w type="QL">more</w> <w type="VBN">limited</w> <w type="NN">interrogation</w> <w type="IN">of</w> <w type="AT">a</w> <w type="JJ">large</w> <w type="NN">number</w> <w type="IN">of</w> <w type="NNS">companies</w> <w type="IN">by</w> <w type="NNS">means</w> <w type="IN">of</w> <w type="AT">a</w> <w type="NN">mail</w> <w type="NN">questionnaire</w> <c type="pct">.</c> </s>
</p>
<p><s n="4"><w type="CS">While</w> <w type="AT">the</w> <w type="NN">method</w> <w type="IN">of</w> <w type="VBG">interviewing</w> <w type="AT">a</w> <w type="JJ">small</w> <w type="NN">number</w> <w type="IN">of</w> <w type="NNS">companies</w> <w type="BEDZ">was</w> <w type="JJ">appealing</w> <w type="RB">because</w> <w type="IN">of</w> <w type="AT">the</w> <w type="NN">opportunity</w> <w type="PPS">it</w> <w type="MD">might</w> <w type="HV">have</w> <w type="VBN">furnished</w> <w type="TO">to</w> <w type="VB">probe</w> <w type="RB">fully</w> <w type="AT">the</w> <w type="NNS">reasons</w> <w type="CC">and</w> <w type="NNS">circumstances</w> <w type="IN">of</w> <w type="AT">a</w> <w type="NNg">company's</w> <w type="NNS">practices</w> <w type="CC">and</w> <w type="NNS">opinions</w> <c type="pct">,</c> <w type="PPS">it</w> <w type="RB">also</w> <w type="VBD">involved</w> <w type="AT">the</w> <w type="NN">risk</w> <w type="IN">of</w> <w type="VBG">paying</w> <w type="JJ">undue</w> <w type="NN">attention</w> <w type="IN">to</w> <w type="AT">the</w> <w type="JJ">unique</w> <w type="CC">and</w> <w type="JJ">peculiar</w> <w type="NNS">problems</w> <w type="IN">of</w> <w type="RB">just</w> <w type="AT">a</w> <w type="AP">few</w> <w type="JJ">individual</w> <w type="NNS">companies</w> <c type="pct">.</c> </s>
<s n="5"><w type="CS">As</w> <w type="AT">a</w> <w type="NN">result</w> <c type="pct">,</c> <w type="PPS">it</w> <w type="BEDZ">was</w> <w type="VBN">decided</w> <w type="CS">that</w> <w type="AT">a</w> <w type="NN">mail</w> <w type="NN">questionnaire</w> <w type="VBN">sent</w> <w type="IN">to</w> <w type="AT">a</w> <w type="JJ">large</w> <w type="NN">number</w> <w type="IN">of</w> <w type="NNS">companies</w> <w type="MD">would</w> <w type="BE">be</w> <w type="QL">more</w> <w type="JJ">effective</w> <w type="IN">in</w> <w type="VBG">determining</w> <w type="AT">the</w> <w type="JJ">general</w> <w type="NNS">practices</w> <w type="CC">and</w> <w type="NNS">opinions</w> <w type="IN">of</w> <w type="JJ">small</w> <w type="NNS">firms</w> <w type="CC">and</w> <w type="IN">in</w> <w type="VBG">highlighting</w> <w type="DTI">some</w> <w type="IN">of</w> <w type="AT">the</w> <w type="JJ">fundamental</w> <w type="CC">and</w> <w type="VBG">recurring</w> <w type="NNS">problems</w> <w type="IN">of</w> <w type="NN">defense</w> <w type="NN">procurement</w> <w type="WPS">that</w> <w type="VB">concern</w> <w type="ABX">both</w> <w type="NN">industry</w> <w type="CC">and</w> <w type="NN">government</w> <c type="pct">.</c> </s>
<s n="6"><w type="PPS">It</w> <w type="BEDZ">was</w> <w type="RB">also</w> <w type="VBN">hoped</w> <w type="CS">that</w> <w type="NNS">responses</w> <w type="IN">to</w> <w type="AT">a</w> <w type="NN">mail</w> <w type="NN">questionnaire</w> <w type="MD">would</w> <w type="VB">suggest</w> <w type="JJ">fruitful</w> <w type="NNS">inquiries</w> <w type="WPS">that</w> <w type="MD">might</w> <w type="BE">be</w> <w type="VBN">made</w> <w type="IN">in</w> <w type="JJ">subsequent</w> <w type="NNS">studies</w> <w type="IN">of</w> <w type="AT">a</w> <w type="QL">more</w> <w type="VBN">detailed</w> <w type="NN">nature</w> <c type="pct">.</c> </s>
</p>
<p><s n="7"><w type="PPS">It</w> <w type="BEZ">is</w> <w type="VBN">recognized</w> <w type="CS">that</w> <w type="AT">a</w> <w type="NN">mail</w> <w type="NN">questionnaire</w> <w type="HVZ">has</w> <w type="JJ">inherent</w> <w type="NNS">limitations</w> <c type="pct">.</c> </s>
<s n="8"><w type="EX">There</w> <w type="BEZ">is</w> <w type="AT">the</w> <w type="NN">danger</w> <w type="CS">that</w> <w type="AT">the</w> <w type="NNS">questions</w> <w type="MD">will</w> <w type="VB">mean</w> <w type="JJ">different</w> <w type="NNS">things</w> <w type="IN">to</w> <w type="JJ">different</w> <w type="NNS">respondents</w> <c type="pct">.</c> </s>
<s n="9"><w type="JJ">Simple</w> <c type="pct">``</c> <w type="RB">yes</w> <c type="pct">''</c> <w type="CC">or</w> <c type="pct">``</c> <w type="RB" subtype="NC">no</w> <c type="pct">''</c> <w type="NNS">answers</w> <w type="DO">do</w> <w type="NEG">not</w> <w type="VB">reveal</w> <w type="AT">the</w> <w type="JJ">different</w> <w type="NNS">shades</w> <w type="IN">of</w> <w type="NN">opinion</w> <w type="WPO">that</w> <w type="AT">the</w> <w type="JJ">various</w> <w type="NNS">respondents</w> <w type="MD">may</w> <w type="HV">have</w> <c type="pct">.</c> </s>
<s n="10"><w type="AT">A</w> <w type="NN">respondent</w> <w type="MD">may</w> <w type="VB">want</w> <w type="TO">to</w> <w type="VB">make</w> <w type="JJ">alternative</w> <w type="NNS">answers</w> <w type="CS">because</w> <w type="PPS">he</w> <w type="DOZ">does</w> <w type="NEG">not</w> <w type="VB">know</w> <w type="AT">the</w> <w type="JJ">precise</w> <w type="NNS">circumstances</w> <w type="VBN">assumed</w> <w type="IN">in</w> <w type="AT">the</w> <w type="NN">question</w> <c type="pct">.</c> </s>
<s n="11"><w type="EX">There</w> <w type="BEZ">is</w> <w type="RB">also</w> <w type="AT">the</w> <w type="NN">problem</w> <w type="IN">of</w> <w type="AT">the</w> <w type="NNg">respondent's</w> <w type="NN">frame</w> <w type="IN">of</w> <w type="NN">reference</w> <c type="pct">.</c> </s>
<s n="12"><w type="BEZ">Is</w> <w type="AT">the</w> <w type="NN">respondent</w> <w type="VBG">making</w> <w type="AT">a</w> <w type="NN">recommendation</w> <w type="IN">for</w> <w type="PPg">his</w> <w type="JJ">own</w> <w type="NN">benefit</w> <c type="pct">,</c> <w type="IN">for</w> <w type="AT">the</w> <w type="NN">benefit</w> <w type="IN">of</w> <w type="PPg">his</w> <w type="NN">industry</w> <c type="pct">,</c> <w type="IN">for</w> <w type="AT">the</w> <w type="NN">benefit</w> <w type="IN">of</w> <w type="AT">a</w> <w type="JJ">specific</w> <w type="NN">government</w> <w type="NN">department</w> <w type="CC">or</w> <w type="NN">service</w> <c type="pct">,</c> <w type="IN">for</w> <w type="AT">the</w> <w type="NN">benefit</w> <w type="IN">of</w> <w type="AT">the</w> <w type="NN">defense</w> <w type="NN">program</w> <c type="pct">,</c> <w type="IN">for</w> <w type="AT">the</w> <w type="NN">benefit</w> <w type="IN">of</w> <w type="JJ">small</w> <w type="NN">business</w> <c type="pct">,</c> <w type="CC">or</w> <w type="IN">for</w> <w type="AT">the</w> <w type="NN">benefit</w> <w type="IN">of</w> <w type="AT">the</w> <w type="NNS">taxpayers</w> <c type="pct">?</c> <c type="pct">?</c> </s>
</p>
<p><s n="13"><w type="EX">There</w> <w type="BEZ">is</w> <w type="RB">also</w> <w type="AT">the</w> <w type="NN">question</w> <w type="IN">of</w> <w type="CS">whether</w> <w type="AT">the</w> <w type="NN">respondent</w> <w type="VBD">based</w> <w type="PPg">his</w> <w type="NNS">answers</w> <w type="IN">on</w> <w type="JJ">factual</w> <w type="NN">information</w> <w type="CC">and</w> <w type="RB">carefully</w> <w type="VBN">considered</w> <w type="NN">judgment</w> <c type="pct">,</c> <w type="CC">or</w> <w type="CS">whether</w> <w type="PPg">his</w> <w type="NNS">answers</w> <w type="BED">were</w> <w type="JJ">casual</w> <w type="NNS">guesses</w> <c type="pct">.</c> </s>
<s n="14"><w type="RB">Finally</w> <c type="pct">,</c> <w type="EX">there</w> <w type="BEZ">is</w> <w type="AT">the</w> <w type="NN">question</w> <w type="IN">of</w> <w type="WQL">how</w> <w type="RB">strongly</w> <w type="AT">an</w> <w type="VBN">expressed</w> <w type="NN">opinion</w> <w type="BEZ">is</w> <w type="VBN">held</w> <c type="pct">--</c> <w type="CS">whether</w> <w type="PPS">it</w> <w type="BEZ">is</w> <w type="AT">a</w> <w type="JJ">firm</w> <w type="NN">opinion</w> <w type="CC">or</w> <w type="CD">one</w> <w type="WPO">that</w> <w type="AT">the</w> <w type="NN">respondent</w> <w type="VBZ">favors</w> <w type="QL">only</w> <w type="RB">slightly</w> <w type="IN">over</w> <w type="AT">the</w> <w type="NNS">alternatives</w> <c type="pct">.</c> </s>
</p>
<p><s n="15"><w type="AT">The</w> <w type="NN">research</w> <w type="NN">team</w> <w type="BEDZ">was</w> <w type="QL">very</w> <w type="JJ">mindful</w> <w type="IN">of</w> <w type="DTS">these</w> <w type="NNS">dangers</w> <w type="CC">and</w> <w type="NNS">limitations</w> <w type="IN">of</w> <w type="AT">a</w> <w type="NN">mail</w> <w type="NN">questionnaire</w> <c type="pct">.</c> </s>
<s n="16"><w type="IN">Under</w> <w type="AT">the</w> <w type="NNS">circumstances</w> <c type="pct">,</c> <w type="RB">however</w> <c type="pct">,</c> <w type="AT">the</w> <w type="NN">team</w> <w type="VBD">considered</w> <w type="PPS">it</w> <w type="MD">would</w> <w type="VB">provide</w> <w type="AT">the</w> <w type="QL">most</w> <w type="JJ">useful</w> <w type="NN">information</w> <w type="IN">at</w> <w type="DT">this</w> <w type="NN">point</w> <c type="pct">.</c> </s>
<s n="17"><w type="IN">In</w> <w type="AT">the</w> <w type="NN">preparation</w> <w type="IN">of</w> <w type="AT">the</w> <w type="NN">questionnaire</w> <w type="AT">the</w> <w type="NNS">problems</w> <w type="VBN">noted</w> <w type="RB">above</w> <w type="BED">were</w> <w type="RB">carefully</w> <w type="VBN">considered</w> <c type="pct">,</c> <w type="CC">and</w> <w type="AT">the</w> <w type="NN">structure</w> <w type="CC">and</w> <w type="NN">phraseology</w> <w type="VBN">used</w> <w type="BED">were</w> <w type="VBN">designed</w> <w type="TO">to</w> <w type="VB">minimize</w> <w type="AT">the</w> <w type="NNS">effects</w> <w type="IN">of</w> <w type="DTS">these</w> <w type="NNS">limitations</w> <c type="pct">.</c> </s>
</p>
<p><s n="18"><w type="NP" subtype="HL">B</w> <c type="pct">.</c> </s>
<s n="19"><w type="NN" subtype="HL">Design</w> <w type="IN" subtype="HL">of</w> <w type="AT" subtype="HL">the</w> <w type="NN" subtype="HL">questionnaire</w> </s>
<s n="20"><w type="AT">The</w> <w type="NN">questionnaire</w> <w type="BEDZ">was</w> <w type="VBN">designed</w> <w type="TO">to</w> <w type="VB">elicit</w> <w type="CD">three</w> <w type="NNS">types</w> <w type="IN">of</w> <w type="NN">information</w> <c type="pct">:</c> <c type="pct">(</c> <w type="CD">1</w> <c type="pct">)</c> <w type="AT">the</w> <w type="NNS">facts</w> <w type="IN">regarding</w> <w type="AP">certain</w> <w type="NNS">characteristics</w> <w type="IN">of</w> <w type="AT">the</w> <w type="NNS">respondents</w> <c type="pct">,</c> <w type="IN">including</w> <w type="PPg">their</w> <w type="NN">experience</w> <w type="IN">with</w> <c type="pct">,</c> <w type="CC">and</w> <w type="NN">interest</w> <w type="IN">in</w> <c type="pct">,</c> <w type="VBG">securing</w> <w type="NN">defense</w> <w type="NN">business</w> <c type="pct">;</c> <c type="pct">;</c> </s>
<s n="21"><c type="pct">(</c> <w type="CD">2</w> <c type="pct">)</c> <w type="AT">the</w> <w type="JJ">actual</w> <w type="VBG">selling</w> <w type="CC">and</w> <w type="VBG">buying</w> <w type="NNS">practices</w> <w type="IN">of</w> <w type="AT">the</w> <w type="NNS">respondents</w> <c type="pct">;</c> <c type="pct">;</c> </s>
<s n="22"><w type="CC">and</w> <c type="pct">(</c> <w type="CD">3</w> <c type="pct">)</c> <w type="AT">the</w> <w type="NNS">attitudes</w> <w type="CC">and</w> <w type="NNS">opinions</w> <w type="IN">of</w> <w type="AT">the</w> <w type="NNS">respondents</w> <w type="IN">concerning</w> <w type="NN">bidding</w> <w type="NNS">procedures</w> <w type="CC">and</w> <w type="AT">the</w> <w type="NNS">methods</w> <w type="IN">of</w> <w type="VBG">awarding</w> <w type="NN">defense</w> <w type="NNS">contracts</w> <c type="pct">.</c> </s>
<s n="23"><w type="PPS">It</w> <w type="BEDZ">was</w> <w type="VBN">hoped</w> <w type="CS">that</w> <w type="AT">the</w> <w type="NNS">facts</w> <w type="IN">concerning</w> <w type="AT">the</w> <w type="NNS">characteristics</w> <w type="CC">and</w> <w type="NNS">practices</w> <w type="IN">of</w> <w type="AT">the</w> <w type="NNS">respondents</w> <w type="MD">would</w> <w type="VB">offer</w> <w type="NNS">clues</w> <w type="IN">to</w> <w type="AT">the</w> <w type="NNS">reasons</w> <w type="WRB">why</w> <w type="PPSS">they</w> <w type="VBD">took</w> <w type="AT">the</w> <w type="NNS">positions</w> <w type="CC">and</w> <w type="VBD">made</w> <w type="AT">the</w> <w type="NNS">recommendations</w> <w type="WDT">which</w> <w type="PPSS">they</w> <w type="DOD">did</w> <c type="pct">.</c> </s>
</p>
<p><s n="24"><w type="AT">The</w> <w type="JJ">major</w> <w type="NNS">sections</w> <w type="IN">of</w> <w type="AT">the</w> <w type="NN">questionnaire</w> <c type="pct">(</c> <w type="VB">see</w> <w type="NN" subtype="TL">Appendix</w> <w type="NP" subtype="TL">B</w> <c type="pct">)</c> <w type="BER">are</w> <w type="VBN">devoted</w> <w type="IN">to</w> <w type="AT">the</w> <w type="NN">following</w> <c type="pct">:</c> <w type="CD" subtype="HL">1</w> <c type="pct">.</c> </s>
</p>
<p><s n="25"><w type="NN">Information</w> <w type="IN">for</w> <w type="VBG">classifying</w> <w type="NNS">respondents</w> <c type="pct">(</c> <w type="NN" subtype="TL">Part</w> <w type="NP" subtype="TL">A</w> <w type="IN">of</w> <w type="AT">the</w> <w type="NN">questionnaire</w> <c type="pct">)</c> <w type="CD" subtype="HL">2</w> <c type="pct">.</c> </s>
</p>
<p><s n="26"><w type="NNS">Characteristics</w> <w type="IN">of</w> <w type="NN">defense</w> <w type="NNS">sales</w> <w type="NNS">activities</w> <c type="pct">(</c> <w type="NN" subtype="TL">Part</w> <w type="NP" subtype="TL">B</w> <w type="IN">of</w> <w type="AT">the</w> <w type="NN">questionnaire</w> <c type="pct">)</c> <w type="CD" subtype="HL">3</w> <c type="pct">.</c> </s>
</p>
<p><s n="27"><w type="NNSg">Respondents'</w> <w type="NNS">practices</w> <w type="IN">in</w> <w type="VBG">participating</w> <w type="IN">in</w> <w type="VBN">advertised</w> <w type="NN">bidding</w> <w type="IN">for</w> <w type="NN">defense</w> <w type="NN">business</w> <c type="pct">(</c> <w type="NN" subtype="TL">Part</w> <w type="NP" subtype="TL">C</w> <w type="IN">of</w> <w type="AT">the</w> <w type="NN">questionnaire</w> <c type="pct">)</c> <w type="CD" subtype="HL">4</w> <c type="pct">.</c> </s>
</p>
<p><s n="28"><w type="NNSg">Respondents'</w> <w type="NNS">practices</w> <w type="IN">in</w> <w type="VBG">participating</w> <w type="IN">in</w> <w type="VBN">negotiated</w> <w type="NN">bidding</w> <w type="IN">for</w> <w type="NN">defense</w> <w type="NNS">purposes</w> <c type="pct">(</c> <w type="NN" subtype="TL">Part</w> <w type="NP" subtype="TL">D</w> <w type="IN">of</w> <w type="AT">the</w> <w type="NN">questionnaire</w> <c type="pct">)</c> <w type="CD" subtype="HL">5</w> <c type="pct">.</c> </s>
</p>
<p><s n="29"><w type="NNSg">Respondents'</w> <w type="NNS">opinions</w> <w type="IN">regarding</w> <w type="VBN">advertised</w> <w type="NN">bidding</w> <c type="pct">(</c> <w type="NN" subtype="TL">Part</w> <w type="NP" subtype="TL">E</w> <w type="IN">of</w> <w type="AT">the</w> <w type="NN">questionnaire</w> <c type="pct">)</c> <w type="CD" subtype="HL">6</w> <c type="pct">.</c> </s>
</p>
<p><s n="30"><w type="NNSg">Respondents'</w> <w type="NNS">opinions</w> <w type="IN">regarding</w> <w type="VBN">negotiated</w> <w type="NN">bidding</w> <c type="pct">(</c> <w type="NN" subtype="TL">Part</w> <w type="NP" subtype="TL">F</w> <w type="IN">of</w> <w type="AT">the</w> <w type="NN">questionnaire</w> <c type="pct">)</c> <w type="CD" subtype="HL">7</w> <c type="pct">.</c> </s>
</p>
<p><s n="31"><w type="NNSg">Respondents'</w> <w type="NNS">preferences</w> <w type="IN">regarding</w> <w type="AT">the</w> <w type="NNS">methods</w> <w type="IN">of</w> <w type="VBG">awarding</w> <w type="NN">defense</w> <w type="NNS">contracts</w> <c type="pct">(</c> <w type="NN" subtype="TL">Part</w> <w type="NP" subtype="TL">G</w> <w type="IN">of</w> <w type="AT">the</w> <w type="NN">questionnaire</w> <c type="pct">)</c> </s>
</p>
<p><s n="32"><w type="AT">The</w> <w type="NN">questionnaire</w> <w type="VBD">provided</w> <w type="AT">a</w> <w type="NN">place</w> <w type="IN">for</w> <w type="AT">the</w> <w type="NN">name</w> <w type="IN">of</w> <w type="AT">the</w> <w type="NN">respondent</w> <w type="CC">but</w> <w type="VBD">stated</w> <w type="DT">that</w> <w type="NN">identification</w> <w type="IN">of</w> <w type="AT">the</w> <w type="NN">respondent</w> <w type="BEDZ">was</w> <w type="JJ">optional</w> <c type="pct">.</c> </s>
<s n="33"><w type="AT">The</w> <w type="NN">questionnaire</w> <w type="RB">also</w> <w type="VBD">stated</w> <w type="CS">that</w> <c type="pct">,</c> <w type="IN">in</w> <w type="DTI">any</w> <w type="NN">event</w> <c type="pct">,</c> <w type="ABN">all</w> <w type="NNS">replies</w> <w type="MD">would</w> <w type="BE">be</w> <w type="VBN">treated</w> <w type="RB">confidentially</w> <c type="pct">.</c> </s>
<s n="34"><w type="PPS">It</w> <w type="BEZ">is</w> <w type="JJ">interesting</w> <w type="TO">to</w> <w type="VB">note</w> <w type="CS">that</w> <w type="CD">75</w> <w type="IN">per</w> <w type="NN">cent</w> <w type="IN">of</w> <w type="DTS">those</w> <w type="WPS">who</w> <w type="VBD">returned</w> <w type="AT">the</w> <w type="NN">questionnaire</w> <w type="VBD">identified</w> <w type="PPLS">themselves</w> <c type="pct">.</c> </s>
</p>
<p><s n="35"><w type="NP" subtype="HL">C</w> <c type="pct">.</c> </s>
<s n="36"><w type="NN" subtype="HL">Preparation</w> <w type="CC" subtype="HL">and</w> <w type="NN" subtype="HL">pretest</w> <w type="IN" subtype="HL">of</w> <w type="AT" subtype="HL">the</w> <w type="NN" subtype="HL">questionnaire</w> </s>
<s n="37"><w type="AT">The</w> <w type="NN">research</w> <w type="NN">team</w> <w type="VBD">prepared</w> <w type="CC">and</w> <w type="RB">then</w> <w type="VBD">revised</w> <w type="AT">the</w> <w type="NN">questionnaire</w> <w type="IN">over</w> <w type="AT">a</w> <w type="NN">period</w> <w type="IN">of</w> <w type="CD">six</w> <w type="NNS">months</w> <c type="pct">.</c> </s>
<s n="38"><w type="IN">In</w> <w type="NP">June</w> <c type="pct">,</c> <w type="CD">1960</w> <c type="pct">,</c> <w type="AT">an</w> <w type="JJ">early</w> <w type="NN">draft</w> <w type="IN">of</w> <w type="AT">the</w> <w type="NN">questionnaire</w> <c type="pct">,</c> <w type="RB">along</w> <w type="IN">with</w> <w type="AT">a</w> <w type="NN">cover</w> <w type="NN">letter</w> <c type="pct">,</c> <w type="BEDZ">was</w> <w type="VBN">mailed</w> <w type="IN">to</w> <w type="CD">fourteen</w> <w type="NNS">companies</w> <w type="IN">in</w> <w type="AT">the</w> <w type="NN">state</w> <w type="IN">of</w> <w type="NP">Washington</w> <c type="pct">.</c> </s>
<s n="39"><w type="AP">Several</w> <w type="NNS">days</w> <w type="CS">after</w> <w type="AT">the</w> <w type="NNS">companies</w> <w type="HVD">had</w> <w type="VBN">received</w> <w type="AT">the</w> <w type="NN">questionnaire</w> <c type="pct">,</c> <w type="NNS">members</w> <w type="IN">of</w> <w type="AT">the</w> <w type="NN">research</w> <w type="NN">team</w> <w type="VBD">contacted</w> <w type="AT">the</w> <w type="NNS">presidents</w> <w type="IN">of</w> <w type="CD">eleven</w> <w type="IN">of</w> <w type="DTS">these</w> <w type="NNS">companies</w> <w type="IN">in</w> <w type="NN">person</w> <w type="CC">or</w> <w type="IN">by</w> <w type="NN">phone</w> <w type="TO">to</w> <w type="VB">discuss</w> <w type="DTI">any</w> <w type="NNS">ambiguities</w> <w type="CC">or</w> <w type="NNS">difficulties</w> <w type="AT">the</w> <w type="NNS">addressees</w> <w type="MD">might</w> <w type="HV">have</w> <w type="VBN">experienced</w> <w type="IN">in</w> <w type="VBG">completing</w> <w type="AT">the</w> <w type="NN">questionnaire</w> <c type="pct">.</c> </s>
<s n="40"><w type="DT">This</w> <w type="NN">test</w> <w type="VBD">resulted</w> <w type="IN">in</w> <w type="JJR">further</w> <w type="NNS">revisions</w> <w type="IN">of</w> <w type="AT">the</w> <w type="NN">questionnaire</w> <c type="pct">.</c> </s>
</p>
<p><s n="41"><w type="AT">The</w> <w type="NN">research</w> <w type="NN">team</w> <w type="BEDZ">was</w> <w type="VBN">concerned</w> <w type="CS">that</w> <w type="NNS">responses</w> <w type="IN">from</w> <w type="NNS">firms</w> <w type="IN">in</w> <w type="AT">the</w> <w type="NN">state</w> <w type="IN">of</w> <w type="NP">Washington</w> <w type="MD">might</w> <w type="NEG">not</w> <w type="BE">be</w> <w type="JJ">typical</w> <w type="IN">of</w> <w type="DTS">those</w> <w type="IN">throughout</w> <w type="AT">the</w> <w type="NN">country</w> <c type="pct">,</c> <w type="CC">or</w> <w type="CS">that</w> <w type="AT">the</w> <w type="NNS">results</w> <w type="MD">might</w> <w type="BE">be</w> <w type="JJ">different</w> <w type="WRB">when</w> <w type="AT">no</w> <w type="NN">phone</w> <w type="CC">or</w> <w type="JJ">personal</w> <w type="NN">follow-up</w> <w type="BEDZ">was</w> <w type="VBN">made</w> <c type="pct">.</c> </s>
<s n="42"><w type="RB">Accordingly</w> <c type="pct">,</c> <w type="DT">another</w> <w type="NN">test</w> <w type="IN">of</w> <w type="AT">the</w> <w type="NN">questionaire</w> <w type="BEDZ">was</w> <w type="VBN">made</w> <c type="pct">.</c> </s>
<s n="43"><w type="AT">The</w> <w type="VBN">revised</w> <w type="NN">draft</w> <w type="BEDZ">was</w> <w type="VBN">mailed</w> <w type="IN">in</w> <w type="NP">July</w> <c type="pct">,</c> <w type="CD">1960</w> <c type="pct">,</c> <w type="IN">to</w> <w type="CD">100</w> <w type="NNS">firms</w> <w type="IN">throughout</w> <w type="AT">the</w> <w type="VBN" subtype="TL">United</w> <w type="NNS" subtype="TL">States</w> <c type="pct">.</c> </s>
<s n="44"><w type="CD">Fifty</w> <w type="IN">of</w> <w type="AT">the</w> <w type="CD">100</w> <w type="NNS">firms</w> <w type="BED">were</w> <w type="VBN">selected</w> <w type="IN">on</w> <w type="AT">a</w> <w type="JJ">random</w> <w type="NN">basis</w> <w type="IN">from</w> <w type="CD">3,500</w> <w type="NNS">names</w> <w type="VBN">submitted</w> <w type="IN">by</w> <w type="NN">member</w> <w type="NNS">companies</w> <w type="IN">of</w> <w type="AT">the</w> <w type="NP" subtype="TL">Aerospace</w> <w type="NNS" subtype="TL">Industries</w> <w type="NN" subtype="TL">Association</w> <c type="pct">(</c> <w type="NP">AIA</w> <w type="NN">list</w> <c type="pct">)</c> <w type="CC">and</w> <w type="CD">fifty</w> <w type="BED">were</w> <w type="VBN">selected</w> <w type="IN">in</w> <w type="AT">a</w> <w type="JJ">similar</w> <w type="NN">manner</w> <w type="IN">from</w> <w type="AT">a</w> <w type="NN">list</w> <w type="IN">of</w> <w type="CD">1,500</w> <w type="NNS">names</w> <w type="VBN">compiled</w> <w type="IN">by</w> <w type="AT">the</w> <w type="NN">research</w> <w type="NN">team</w> <w type="IN">from</w> <w type="AT">the</w> <w type="NP" subtype="TL">Thomas</w> <w type="NN" subtype="TL">Register</w> <c type="pct">(</c> <w type="NP">TR</w> <w type="NN">list</w> <c type="pct">)</c> <c type="pct">.</c> </s>
<s n="45"><w type="AT">The</w> <w type="NN">method</w> <w type="IN">of</w> <w type="VBG">compiling</w> <w type="AT">the</w> <w type="NN">AIA</w> <w type="CC">and</w> <w type="NN">TR</w> <w type="NNS">lists</w> <w type="MD">will</w> <w type="BE">be</w> <w type="VBN">described</w> <w type="RBR">later</w> <c type="pct">.</c> </s>
</p>
<p><s n="46"><w type="CD">Ten</w> <w type="NNS">days</w> <w type="CS">after</w> <w type="AT">the</w> <w type="NNS">questionnaires</w> <w type="BED">were</w> <w type="VBN">mailed</w> <c type="pct">,</c> <w type="JJ">follow-up</w> <w type="NN">airmail</w> <w type="NNS">postcards</w> <w type="BED">were</w> <w type="VBN">sent</w> <w type="VBG">urging</w> <w type="DTS">those</w> <w type="NNS">companies</w> <w type="WDT">which</w> <w type="HVD">had</w> <w type="NEG">not</w> <w type="RB">yet</w> <w type="VBN">returned</w> <w type="PPg">their</w> <w type="NNS">questionnaires</w> <w type="TO">to</w> <w type="DO">do</w> <w type="RB">so</w> <w type="IN">at</w> <w type="RB">once</w> <c type="pct">.</c> </s>
<s n="47"><w type="CD">Twenty-eight</w> <w type="NNS">returns</w> <w type="IN">in</w> <w type="ABN">all</w> <w type="BED">were</w> <w type="VBN">received</w> <c type="pct">.</c> </s>
<s n="48"><w type="AT">The</w> <w type="NNS">responses</w> <w type="BED">were</w> <w type="RB">carefully</w> <w type="VBN">checked</w> <w type="IN">for</w> <w type="JJ">obvious</w> <w type="NNS">errors</w> <w type="IN">in</w> <w type="AT">the</w> <w type="NNS">answers</w> <w type="CC">or</w> <w type="IN">for</w> <w type="NNS">questions</w> <w type="WPS">that</w> <w type="BED">were</w> <w type="RB">apparently</w> <w type="NEG">not</w> <w type="VBN">understood</w> <w type="IN">by</w> <w type="AT">the</w> <w type="NN">respondent</w> <c type="pct">.</c> </s>
<s n="49"><w type="AT">The</w> <w type="NN">cover</w> <w type="NN">letter</w> <c type="pct">,</c> <w type="NN">questionnaire</w> <c type="pct">,</c> <w type="CC">and</w> <w type="JJ">follow-up</w> <w type="NN">postcard</w> <w type="BED">were</w> <w type="RB">then</w> <w type="VBN">revised</w> <w type="IN">into</w> <w type="JJ">final</w> <w type="NN">form</w> <c type="pct">(</c> <w type="VB">see</w> <w type="NNS" subtype="TL">Appendixes</w> <w type="NP" subtype="TL">A</w> <c type="pct">,</c> <w type="NP" subtype="TL">B</w> <c type="pct">,</c> <w type="CC">and</w> <w type="NN">C</w> <c type="pct">)</c> <c type="pct">.</c> </s>
</p>
<p><s n="50"><w type="NP" subtype="HL">D</w> <c type="pct">.</c> </s>
<s n="51"><w type="NN" subtype="HL">Compilation</w> <w type="IN" subtype="HL">of</w> <w type="VBG" subtype="HL">mailing</w> <w type="NNS" subtype="HL">lists</w> </s>
<s n="52"><w type="AT">The</w> <w type="NN">objective</w> <w type="IN">of</w> <w type="AT">the</w> <w type="NN">study</w> <w type="BEDZ">was</w> <w type="TO">to</w> <w type="VB">determine</w> <w type="AT">the</w> <w type="NNS">opinions</w> <w type="CC">and</w> <w type="NNS">practices</w> <w type="IN">of</w> <w type="JJ">small</w> <w type="NNS">firms</w> <w type="VBG">selling</w> <w type="IN">to</w> <w type="NN">defense</w> <w type="NNS">programs</w> <c type="pct">.</c> </s>
<s n="53"><w type="AT">The</w> <w type="NNS">firms</w> <w type="TO">to</w> <w type="VB">receive</w> <w type="AT">the</w> <w type="NNS">questionnaires</w> <w type="BED">were</w> <w type="VBN">selected</w> <w type="IN">with</w> <w type="DT">this</w> <w type="NN">objective</w> <w type="IN">in</w> <w type="NN">mind</w> <c type="pct">.</c> </s>
</p>
<p><s n="54"><w type="CD">Three</w> <w type="NNS">lists</w> <w type="IN">of</w> <w type="NNS">companies</w> <w type="BED">were</w> <w type="VBN">made</w> <w type="CC">and</w> <w type="VBN">used</w> <w type="IN">in</w> <w type="AT">the</w> <w type="NN">study</w> <c type="pct">.</c> </s>
</p>
<p><s n="55"><w type="AT">The</w> <w type="OD">first</w> <w type="BEDZ">was</w> <w type="AT">a</w> <w type="NN">list</w> <w type="IN">of</w> <w type="CD">fourteen</w> <w type="VBG">manufacturing</w> <w type="NNS">companies</w> <w type="VBN">located</w> <w type="IN">in</w> <w type="AT">the</w> <w type="NN">state</w> <w type="IN">of</w> <w type="NP">Washington</w> <w type="WDT">which</w> <w type="BED">were</w> <w type="RB">personally</w> <w type="VBN">known</w> <w type="IN">to</w> <w type="AT">the</w> <w type="NN">research</w> <w type="NN">team</w> <w type="TO">to</w> <w type="BE">be</w> <w type="JJ">active</w> <w type="IN">in</w> <w type="NN">defense</w> <w type="NN">work</w> <c type="pct">.</c> </s>
<s n="56"><w type="AT">The</w> <w type="JJ">primary</w> <w type="NN">consideration</w> <w type="IN">in</w> <w type="AT">the</w> <w type="NN">compilation</w> <w type="IN">of</w> <w type="DT">this</w> <w type="NN">list</w> <w type="BEDZ">was</w> <w type="NN">convenience</w> <w type="IN">in</w> <w type="VBG">discussing</w> <w type="AT">the</w> <w type="NN">questionnaire</w> <w type="IN">with</w> <w type="NN">company</w> <w type="NNS">officers</w> <c type="pct">.</c> </s>
</p>
<p><s n="57"><w type="AT">The</w> <w type="OD">second</w> <w type="NN">list</w> <w type="BEDZ">was</w> <w type="VBN">derived</w> <w type="IN">from</w> <w type="AT">a</w> <w type="NN">group</w> <w type="IN">of</w> <w type="RB">approximately</w> <w type="CD">8,000</w> <w type="NNS">names</w> <w type="VBN">supplied</w> <w type="IN">to</w> <w type="AT">the</w> <w type="NN">research</w> <w type="NN">team</w> <w type="IN">by</w> <w type="AT">the</w> <w type="NP" subtype="TL">Aerospace</w> <w type="NNS" subtype="TL">Industries</w> <w type="NN" subtype="TL">Association</w> <c type="pct">.</c> </s>
<s n="58"><w type="DTS">These</w> <w type="NNS">names</w> <w type="BED">were</w> <w type="VBN">secured</w> <w type="IN">from</w> <w type="NN">member</w> <w type="NNS">companies</w> <w type="IN">by</w> <w type="AT">the</w> <w type="NN" subtype="TL">Association</w> <w type="IN">from</w> <w type="AT">the</w> <w type="CD">forty-four</w> <w type="NNS">sources</w> <w type="VBN">listed</w> <w type="IN">in</w> <w type="NN" subtype="TL">Appendix</w> <w type="NP" subtype="TL">Aj</w> <c type="pct">.</c> </s>
<s n="59"><w type="DT">Each</w> <w type="NN">source</w> <w type="VBD">selected</w> <w type="IN">from</w> <w type="PPg">its</w> <w type="VBN">approved</w> <w type="NNS">bidders</w> <w type="VB">list</w> <w type="RB">about</w> <w type="CD">200</w> <w type="NNS">firms</w> <w type="WDT">which</w> <w type="PPS">it</w> <w type="VBD">believed</w> <w type="TO">to</w> <w type="BE">be</w> <w type="JJ">small</w> <w type="NNS">businesses</w> <w type="WPS">that</w> <w type="VBD">participated</w> <w type="IN">in</w> <w type="AT">the</w> <w type="NN">production</w> <w type="IN">of</w> <w type="NNS">weapons</w> <w type="CC">and</w> <w type="NN">weapon</w> <w type="NN">support</w> <w type="NNS">systems</w> <c type="pct">.</c> </s>
<s n="60"><w type="WRB">Where</w> <w type="JJ">possible</w> <c type="pct">,</c> <w type="AT">the</w> <w type="NN">name</w> <w type="IN">of</w> <w type="AT">an</w> <w type="NN">executive</w> <w type="BEDZ">was</w> <w type="VBN">supplied</w> <w type="RB">along</w> <w type="IN">with</w> <w type="AT">the</w> <w type="NN">company</w> <w type="NN">name</w> <w type="CC">and</w> <w type="NN">address</w> <c type="pct">.</c> </s>
</p>
<p><s n="61"><w type="AT">The</w> <w type="CD">forty-four</w> <w type="NNS">lists</w> <w type="VBN">supplied</w> <w type="IN">by</w> <w type="AT">the</w> <w type="NN">AIA</w> <w type="NN">member</w> <w type="NNS">companies</w> <w type="BED">were</w> <w type="VBN">merged</w> <w type="CC">and</w> <w type="JJ">duplicate</w> <w type="NNS">names</w> <w type="BED">were</w> <w type="VBN">eliminated</w> <c type="pct">.</c> </s>
<s n="62"><w type="EX">There</w> <w type="BEDZ">was</w> <w type="JJR">further</w> <w type="NN">elimination</w> <w type="IN">of</w> <w type="ABN">all</w> <w type="NNS">companies</w> <w type="WPS">that</w> <w type="BED">were</w> <w type="NEG">not</w> <w type="VBN">accompanied</w> <w type="IN">by</w> <w type="AT">the</w> <w type="NN">name</w> <w type="IN">of</w> <w type="AT">a</w> <w type="JJ">responsible</w> <w type="NN">company</w> <w type="NN">executive</w> <c type="pct">.</c> </s>
<s n="63"><w type="AT">The</w> <w type="VBG">remaining</w> <w type="NNS">names</w> <w type="BED">were</w> <w type="RB">then</w> <w type="VBN">checked</w> <w type="IN">against</w> <w type="AT">the</w> <w type="NP" subtype="TL">Thomas</w> <w type="NN" subtype="TL">Register</w> <w type="NN">list</w> <c type="pct">(</c> <w type="VB">see</w> <w type="RB">below</w> <c type="pct">)</c> <w type="CC">and</w> <w type="JJ">duplicate</w> <w type="NNS">names</w> <w type="BED">were</w> <w type="VBN">removed</w> <w type="IN">from</w> <w type="AT">the</w> <w type="NN">AIA</w> <w type="NNS">lists</w> <c type="pct">.</c> </s>
<s n="64"><w type="IN">By</w> <w type="DTS">these</w> <w type="NNS">steps</w> <w type="AT">the</w> <w type="JJ">final</w> <w type="NN">AIA</w> <w type="NN">list</w> <w type="BEDZ">was</w> <w type="VBN">reduced</w> <w type="IN">from</w> <w type="CD">8,000</w> <w type="IN">to</w> <w type="CD">3,500</w> <c type="pct">.</c> </s>
</p>
<p><s n="65"><w type="AT">The</w> <w type="OD">third</w> <w type="NN">list</w> <w type="BEDZ">was</w> <w type="VBN">selected</w> <w type="IN">by</w> <w type="AT">the</w> <w type="NN">research</w> <w type="NN">team</w> <w type="IN">on</w> <w type="AT">a</w> <w type="JJ">random</w> <w type="NN">basis</w> <w type="IN">from</w> <w type="AT">the</w> <w type="NP" subtype="TL">Thomas</w> <w type="NN" subtype="TL">Register</w> <c type="pct">.</c> </s>
<s n="66"><w type="PPS">It</w> <w type="BEDZ">was</w> <w type="VBN">compiled</w> <w type="CS">as</w> <w type="AT">a</w> <w type="NN">control</w> <w type="NN">sample</w> <w type="TO">to</w> <w type="VB">determine</w> <w type="CS">if</w> <w type="AT">the</w> <w type="NNS">opinions</w> <w type="CC">and</w> <w type="NNS">practices</w> <w type="IN">of</w> <w type="NNS">companies</w> <w type="IN">on</w> <w type="AT">the</w> <w type="NNS">lists</w> <w type="VBN">submitted</w> <w type="IN">by</w> <w type="AT">the</w> <w type="NNS">members</w> <w type="IN">of</w> <w type="AT">the</w> <w type="NP" subtype="TL">Aerospace</w> <w type="NNS" subtype="TL">Industries</w> <w type="NN" subtype="TL">Association</w> <w type="BED">were</w> <w type="QL">materially</w> <w type="JJ">different</w> <w type="IN">from</w> <w type="DTS">those</w> <w type="IN">of</w> <w type="AP">other</w> <w type="JJ">small</w> <w type="NNS">firms</w> <w type="VBG">selling</w> <w type="IN">to</w> <w type="NN">defense</w> <w type="NNS">programs</w> <c type="pct">.</c> </s>
<s n="67"><w type="ABL">Such</w> <w type="AT">a</w> <w type="NN">difference</w> <w type="MD">might</w> <w type="HV">have</w> <w type="VBN">resulted</w> <w type="IN">from</w> <c type="pct">:</c> <w type="CD" subtype="HL">1</w> <c type="pct">.</c> </s>
</p>
<p><s n="68"><w type="AT">The</w> <w type="NN">fact</w> <w type="CS">that</w> <w type="AT">the</w> <w type="NP" subtype="TL">Aerospace</w> <w type="NNS" subtype="TL">Industries</w> <w type="NN" subtype="TL">Association</w> <w type="NNS">members</w> <w type="WPg">whose</w> <w type="NNS">lists</w> <w type="BED">were</w> <w type="VBN">used</w> <w type="DOD">did</w> <w type="NEG">not</w> <w type="VB">comprise</w> <w type="ABN">all</w> <w type="NNS">firms</w> <w type="VBN">engaged</w> <w type="IN">in</w> <w type="NN">defense</w> <w type="NNS">programs</w> <c type="pct">.</c> </s>
<s n="69"><w type="CD" subtype="HL">2</w> <c type="pct">.</c> </s>
</p>
<p><s n="70"><w type="AT">The</w> <w type="NN">fact</w> <w type="CS">that</w> <w type="NNS">companies</w> <w type="IN">on</w> <w type="AT">the</w> <w type="NN">AIA</w> <w type="NNS">lists</w> <w type="BED">were</w> <w type="RB">already</w> <w type="VBG">participating</w> <w type="IN">in</w> <w type="AT">the</w> <w type="NN">defense</w> <w type="NN">program</w> <w type="RB">because</w> <w type="IN">of</w> <w type="AT">the</w> <w type="NN">manner</w> <w type="IN">of</w> <w type="PPg">their</w> <w type="NN">selection</w> <c type="pct">.</c> </s>
<s n="71"><w type="RB">Accordingly</w> <c type="pct">,</c> <w type="CS">as</w> <c type="pct">``</c> <w type="NN">in-group</w> <c type="pct">''</c> <c type="pct">,</c> <w type="PPSS">they</w> <w type="MD">might</w> <w type="HV">have</w> <w type="JJ">different</w> <w type="NNS">opinions</w> <w type="CC">and</w> <w type="NNS">practices</w> <w type="CS">than</w> <w type="AT">an</w> <c type="pct">``</c> <w type="NN">out-group</w> <c type="pct">''</c> <w type="VBN">composed</w> <w type="IN">of</w> <w type="DTS">those</w> <w type="NNS">companies</w> <w type="NEG">not</w> <w type="RB">so</w> <w type="VBG">participating</w> <w type="CC">but</w> <w type="VBN">interested</w> <w type="IN">in</w> <w type="NN">defense</w> <w type="NN">business</w> <c type="pct">.</c> </s>
<s n="72"><w type="CD" subtype="HL">3</w> <c type="pct">.</c> </s>
</p>
<p><s n="73"><w type="AT">The</w> <w type="NN">fact</w> <w type="CS">that</w> <w type="NN">AIA</w> <w type="NNS">lists</w> <w type="MD">might</w> <w type="NEG">not</w> <w type="HV">have</w> <w type="BEN">been</w> <w type="VBN">selected</w> <w type="IN">on</w> <w type="AT">a</w> <w type="JJ">random</w> <w type="NN">basis</w> <c type="pct">.</c> </s>
</p>
<p><s n="74"><w type="AT">The</w> <w type="NN">control</w> <w type="NN">sample</w> <w type="BEDZ">was</w> <w type="VBN">selected</w> <w type="IN">by</w> <w type="VBG">taking</w> <w type="AT">the</w> <w type="JJ">bottom</w> <w type="NN">name</w> <w type="IN">of</w> <w type="DT">each</w> <w type="IN">of</w> <w type="AT">the</w> <w type="CD">two</w> <w type="NNS">columns</w> <w type="IN">of</w> <w type="NNS">names</w> <w type="IN">on</w> <w type="DT">each</w> <w type="NN">page</w> <w type="IN">of</w> <w type="AT">the</w> <w type="JJ">alphabetical</w> <w type="NN">listing</w> <w type="IN">of</w> <w type="NNS">manufacturers</w> <w type="IN">in</w> <w type="AT">the</w> <w type="NP" subtype="TL">Thomas</w> <w type="NN" subtype="TL">Register</w> <c type="pct">.</c> </s>
<s n="75"><w type="CS">If</w> <w type="AT">the</w> <w type="JJ">bottom</w> <w type="NN">name</w> <w type="IN">in</w> <w type="DT">each</w> <w type="NN">column</w> <w type="DOD">did</w> <w type="NEG">not</w> <w type="HV">have</w> <w type="AT">a</w> <w type="JJ">responsible</w> <w type="NN">executive</w> <w type="VBN">identified</w> <c type="pct">,</c> <w type="AT">the</w> <w type="AP">next</w> <w type="NN">name</w> <w type="RB">above</w> <w type="WDT">which</w> <w type="VBD">identified</w> <w type="ABL">such</w> <w type="AT">a</w> <w type="JJ">responsible</w> <w type="NN">executive</w> <w type="BEDZ">was</w> <w type="VBN">substituted</w> <c type="pct">.</c> </s>
<s n="76"><w type="CD">Fifteen</w> <w type="CD">hundred</w> <w type="NNS">names</w> <w type="BED">were</w> <w type="VBN">selected</w> <w type="IN">in</w> <w type="DT">this</w> <w type="NN">fashion</w> <c type="pct">.</c> </s>
</p>
<p><s n="77"><w type="NP" subtype="HL">E</w> <c type="pct">.</c> </s>
<s n="78"><w type="VBG" subtype="HL">Mailing</w> <w type="AT" subtype="HL">the</w> <w type="NN" subtype="HL">questionnaire</w> </s>
<s n="79"><w type="DT">Each</w> <w type="NN">questionnaire</w> <w type="BEDZ">was</w> <w type="VBN">mailed</w> <w type="IN">with</w> <w type="AT">a</w> <w type="NN">cover</w> <w type="NN">letter</w> <w type="VBN">addressed</w> <w type="RB">personally</w> <w type="IN">to</w> <w type="AT">the</w> <w type="NN">president</w> <w type="CC">or</w> <w type="AP">other</w> <w type="NN">executive</w> <w type="IN">of</w> <w type="DT">each</w> <w type="NN">firm</w> <c type="pct">.</c> </s>
<s n="80"><w type="AT">The</w> <w type="NNS">questionnaires</w> <w type="BED">were</w> <w type="VBN">mailed</w> <w type="IN">in</w> <w type="NP">Seattle</w> <c type="pct">,</c> <w type="NP">Washington</w> <c type="pct">,</c> <w type="CC">and</w> <w type="VBN">sent</w> <w type="IN">by</w> <w type="JJ">regular</w> <w type="NN">mail</w> <w type="IN">to</w> <w type="NNS">addresses</w> <w type="IN">in</w> <w type="AT">the</w> <w type="NNS">states</w> <w type="IN">of</w> <w type="NP">Idaho</w> <c type="pct">,</c> <w type="NP">Montana</w> <c type="pct">,</c> <w type="NP">Oregon</w> <c type="pct">,</c> <w type="CC">and</w> <w type="NP">Washington</w> <c type="pct">.</c> </s>
<s n="81"><w type="NN">Airmail</w> <w type="BEDZ">was</w> <w type="VBN">used</w> <w type="IN">for</w> <w type="AT">the</w> <w type="NNS">addresses</w> <w type="IN">outside</w> <w type="AT">the</w> <w type="JJ" subtype="TL">Pacific</w> <w type="NN" subtype="TL">Northwest</w> <c type="pct">.</c> </s>
</p>
<p><s n="82"><w type="DT">Each</w> <w type="NN">letter</w> <w type="VBD">contained</w> <w type="AT">a</w> <w type="JJ">postage-prepaid</w> <w type="NN">return</w> <w type="NN">envelope</w> <w type="IN">by</w> <w type="JJ">regular</w> <w type="NN">mail</w> <w type="IN">for</w> <w type="NNS">addresses</w> <w type="IN">in</w> <w type="AT">the</w> <w type="JJ" subtype="TL">Pacific</w> <w type="NN" subtype="TL">Northwest</w> <c type="pct">,</c> <w type="CC">and</w> <w type="IN">by</w> <w type="NN">airmail</w> <w type="IN">for</w> <w type="DTS">those</w> <w type="IN">outside</w> <w type="AT">the</w> <w type="JJ" subtype="TL">Pacific</w> <w type="NN" subtype="TL">Northwest</w> <c type="pct">.</c> </s>
<s n="83"><w type="RB">Approximately</w> <w type="CD">ten</w> <w type="NNS">days</w> <w type="CS">after</w> <w type="AT">the</w> <w type="NN">questionnaire</w> <w type="BEDZ">was</w> <w type="VBN">mailed</w> <c type="pct">,</c> <w type="AT">a</w> <w type="JJ">follow-up</w> <w type="NN">airmail</w> <w type="NN">postcard</w> <w type="BEDZ">was</w> <w type="VBN">sent</w> <w type="IN">to</w> <w type="DT">each</w> <w type="IN">of</w> <w type="AT">the</w> <w type="JJ">original</w> <w type="NNS">names</w> <c type="pct">.</c> </s>
</p>
<p><s n="84"><w type="AT">The</w> <w type="OD">first</w> <w type="NN">test</w> <w type="NN">mailing</w> <c type="pct">(</c> <w type="IN">to</w> <w type="CD">14</w> <w type="NNS">companies</w> <c type="pct">)</c> <w type="BEDZ">was</w> <w type="VBN">made</w> <w type="IN">in</w> <w type="NP">June</w> <c type="pct">,</c> <w type="CD">1960</w> <c type="pct">.</c> </s>
<s n="85"><w type="AT">The</w> <w type="OD">second</w> <w type="NN">test</w> <w type="NN">mailing</w> <c type="pct">(</c> <w type="IN">to</w> <w type="CD">100</w> <w type="NNS">companies</w> <c type="pct">)</c> <w type="BEDZ">was</w> <w type="VBN">made</w> <w type="IN">in</w> <w type="NP">July</w> <c type="pct">,</c> <w type="CD">1960</w> <c type="pct">.</c> </s>
<s n="86"><w type="AT">The</w> <w type="JJ">final</w> <w type="NN">mailing</w> <w type="IN">of</w> <w type="AT">the</w> <w type="NN">questionnaire</w> <w type="BEDZ">was</w> <w type="VBN">made</w> <w type="RB">late</w> <w type="IN">in</w> <w type="NP">August</w> <c type="pct">,</c> <w type="CD">1960</w> <c type="pct">,</c> <w type="IN">to</w> <w type="CD">4,900</w> <w type="NNS">firms</w> <w type="VBG">consisting</w> <w type="IN">of</w> <w type="CD">3,450</w> <w type="IN">from</w> <w type="AT">the</w> <w type="NN">AIA</w> <w type="NN">list</w> <w type="CC">and</w> <w type="CD">1,450</w> <w type="IN">from</w> <w type="AT">the</w> <w type="NN">TR</w> <w type="NN">list</w> <c type="pct">.</c> </s>
</p>
<p><s n="87"><w type="NP" subtype="HL">F</w> <c type="pct">.</c> </s>
<s n="88"><w type="NNS" subtype="HL">Returns</w> <w type="VBN" subtype="HL">received</w> </s>
<s n="89"><w type="RP">Over</w> <w type="CD">1,000</w> <w type="NNS">returns</w> <w type="BED">were</w> <w type="VBN">received</w> <w type="IN">within</w> <w type="CD">two</w> <w type="NNS">weeks</w> <w type="CS">after</w> <w type="AT">the</w> <w type="JJ">final</w> <w type="NN">mailing</w> <w type="BEDZ">was</w> <w type="VBN">made</w> <c type="pct">.</c> </s>
<s n="90"><w type="PPSS">They</w> <w type="VBD">continued</w> <w type="TO">to</w> <w type="VB">arrive</w> <w type="IN">until</w> <w type="AT">the</w> <w type="NN">end</w> <w type="IN">of</w> <w type="NP">December</w> <c type="pct">,</c> <w type="CD">1960</w> <c type="pct">,</c> <w type="IN">by</w> <w type="WDT">which</w> <w type="NN">time</w> <w type="AT">a</w> <w type="NN">total</w> <w type="IN">of</w> <w type="CD">1,343</w> <w type="NNS">returns</w> <w type="BED">were</w> <w type="VBN">received</w> <w type="VBG">representing</w> <w type="CD">26.8</w> <w type="IN">per</w> <w type="NN">cent</w> <w type="IN">of</w> <w type="AT">the</w> <w type="CD">5,014</w> <w type="NNS">questionnaires</w> <w type="VBN">sent</w> <w type="RP">out</w> <c type="pct">.</c> </s>
<s n="91"><w type="CD">Fifty-seven</w> <w type="NNS">returns</w> <w type="MD">could</w> <w type="NEG">not</w> <w type="BE">be</w> <w type="VBN">used</w> <w type="CS">because</w> <w type="PPSS">they</w> <w type="BED">were</w> <w type="JJ">incomplete</w> <w type="CC">or</w> <w type="VBN">received</w> <w type="QL">too</w> <w type="RB">late</w> <w type="TO">to</w> <w type="BE">be</w> <w type="VBN">processed</w> <c type="pct">.</c> </s>
<s n="92"><w type="AT">The</w> <w type="VBG">remaining</w> <w type="CD">1,286</w> <w type="NNS">returns</w> <w type="WPS">that</w> <w type="BED">were</w> <w type="VBN">processed</w> <w type="VBD">came</w> <w type="IN">from</w> <w type="AT">the</w> <w type="NNS">categories</w> <w type="IN">in</w> <w type="NN" subtype="TL">Table</w> <w type="CD" subtype="TL">2</w> <c type="pct">.</c> </s>
</p>
<p><s n="93"><w type="NP" subtype="HL">G</w> <c type="pct">.</c> </s>
<s n="94"><w type="VBG" subtype="HL">Processing</w> <w type="AT" subtype="HL">the</w> <w type="NNS" subtype="HL">returns</w> </s>
<s n="95"><w type="DT">Each</w> <w type="NN">questionnaire</w> <w type="BEDZ">was</w> <w type="VBN">audited</w> <w type="IN">for</w> <w type="JJ">obvious</w> <w type="NNS">mistakes</w> <w type="CC">and</w> <w type="IN">for</w> <w type="NNS">comments</w> <c type="pct">,</c> <w type="CC">and</w> <w type="BEDZ">was</w> <w type="VBN">identified</w> <w type="IN">by</w> <w type="AT">a</w> <w type="NN">serial</w> <w type="NN">number</w> <c type="pct">,</c> <w type="IN">by</w> <w type="AT">the</w> <w type="NN">source</w> <w type="NN">list</w> <w type="IN">from</w> <w type="WDT">which</w> <w type="AT">the</w> <w type="NN">company</w> <w type="NN">name</w> <w type="BEDZ">was</w> <w type="VBN">selected</w> <c type="pct">,</c> <w type="CC">and</w> <w type="IN">by</w> <w type="AT">the</w> <w type="JJ">geographical</w> <w type="NN">location</w> <w type="IN">of</w> <w type="AT">the</w> <w type="NN">company</w> <w type="CS">as</w> <w type="VBN">determined</w> <w type="IN">by</w> <w type="AT">the</w> <w type="NN">postmark</w> <w type="IN">on</w> <w type="AT">the</w> <w type="NN">return</w> <w type="NN">envelope</w> <c type="pct">.</c> </s>
<s n="96"><w type="ABN">All</w> <w type="NNS">responses</w> <c type="pct">,</c> <w type="IN">except</w> <w type="NNS">comments</w> <c type="pct">,</c> <w type="BED">were</w> <w type="RB">numerically</w> <w type="VBN">coded</w> <w type="TO">to</w> <w type="VB">permit</w> <w type="NN">use</w> <w type="IN">of</w> <w type="JJ">data-processing</w> <w type="NN">equipment</w> <c type="pct">.</c> </s>
<s n="97"><w type="AT">The</w> <w type="NNS">codes</w> <w type="BED">were</w> <w type="VBN">key-punched</w> <w type="IN">into</w> <w type="NN">IBM</w> <w type="NN">punch</w> <w type="NNS">cards</w> <w type="CC">and</w> <w type="VBN">verified</w> <c type="pct">.</c> </s>
<s n="98"><w type="DT">Each</w> <w type="NN">return</w> <w type="VBD">required</w> <w type="CD">three</w> <w type="NNS">cards</w> <w type="CC">and</w> <w type="VBD">involved</w> <w type="NN">key</w> <w type="NN">punching</w> <w type="CD">228</w> <w type="JJ">digital</w> <w type="NNS">columns</w> <c type="pct">.</c> </s>
<s n="99"><w type="IN">In</w> <w type="NN">order</w> <w type="TO">to</w> <w type="BE">be</w> <w type="JJ">able</w> <w type="TO">to</w> <w type="RB">properly</w> <w type="VB">relate</w> <w type="AT">the</w> <w type="NN">data</w> <w type="IN">for</w> <w type="AT">a</w> <w type="AP">single</w> <w type="NN">company</w> <w type="DT">each</w> <w type="IN">of</w> <w type="AT">the</w> <w type="CD">three</w> <w type="NNS">cards</w> <w type="VBG">comprising</w> <w type="AT">the</w> <w type="NN">set</w> <w type="IN">for</w> <w type="DT">each</w> <w type="NN">firm</w> <w type="BEDZ">was</w> <w type="VBN">identified</w> <w type="IN">with</w> <w type="AT">the</w> <w type="JJ">appropriate</w> <w type="NN">serial</w> <w type="NN">number</w> <w type="IN">of</w> <w type="AT">the</w> <w type="NN">respondent</w> <c type="pct">.</c> </s>
<s n="100"><w type="AT">The</w> <w type="NNS">cards</w> <w type="BED">were</w> <w type="RB">then</w> <w type="VBN">processed</w> <w type="VBG">using</w> <w type="JJ">standard</w> <w type="NN">IBM</w> <w type="NN">punch</w> <w type="NN">card</w> <w type="NN">equipment</w> <c type="pct">,</c> <w type="IN">including</w> <w type="AT">an</w> <w type="NN">IBM</w> <w type="CD">650</w> <w type="NN">computer</w> <c type="pct">.</c> </s>
</p>
<p><s n="101"><w type="AT">The</w> <w type="OD">first</w> <w type="NN">step</w> <w type="IN">in</w> <w type="VBG">processing</w> <w type="BEDZ">was</w> <w type="TO">to</w> <w type="VB">analyze</w> <w type="AT">the</w> <w type="NNS">returns</w> <w type="IN">from</w> <w type="NNS" subtype="TL">Questions</w> <w type="CD" subtype="TL">1</w> <c type="pct">,</c> <w type="CD" subtype="TL">2</w> <c type="pct">,</c> <w type="CC">and</w> <w type="CD">3</w> <w type="TO">to</w> <w type="VB">determine</w> <w type="CS">whether</w> <w type="AT">the</w> <w type="NNS">respondents</w> <w type="BED">were</w> <w type="JJ">large</w> <w type="NNS">businesses</w> <w type="CC">or</w> <w type="JJ">small</w> <w type="NNS">businesses</w> <c type="pct">,</c> <w type="IN">in</w> <w type="NN">accordance</w> <w type="IN">with</w> <w type="AT">the</w> <w type="NNS">definitions</w> <w type="VBN">contained</w> <w type="IN">in</w> <w type="NN">ASPR</w> <w type="NN" subtype="TL">Section</w> <w type="CD" subtype="TL">1-701</w> <c type="pct">.</c> </s>
<s n="102"><c type="pct">(</c> <w type="VB">see</w> <w type="NN" subtype="TL">Chapter</w> <w type="CD" subtype="TL">2</w> <c type="pct">.</c> </s>
<s n="103"><c type="pct">)</c> <w type="AT">The</w> <w type="NNS">results</w> <w type="BER">are</w> <w type="VBN">shown</w> <w type="IN">in</w> <w type="NN" subtype="TL">Table</w> <w type="CD" subtype="TL">3</w> <c type="pct">.</c> </s>
</p>
<p><s n="104"><w type="AT">The</w> <w type="NNS">returns</w> <w type="IN">from</w> <w type="NNS">companies</w> <w type="VBN">classified</w> <w type="CS">as</w> <w type="JJ">large</w> <w type="NNS">businesses</w> <w type="BED">were</w> <w type="VBN">set</w> <w type="RB">aside</w> <w type="CC">and</w> <w type="NEG">not</w> <w type="VBN">used</w> <w type="CS">because</w> <w type="PPSS">they</w> <w type="BED">were</w> <w type="NEG">not</w> <w type="JJ">relevant</w> <w type="IN">to</w> <w type="AT">a</w> <w type="NN">study</w> <w type="IN">of</w> <w type="AT">the</w> <w type="NNS">opinions</w> <w type="CC">and</w> <w type="NNS">practices</w> <w type="IN">of</w> <w type="JJ">small</w> <w type="NNS">firms</w> <c type="pct">.</c> </s>
</p>
<p><s n="105"><w type="AT">The</w> <w type="OD">second</w> <w type="NN">step</w> <w type="IN">in</w> <w type="VBG">processing</w> <w type="BEDZ">was</w> <w type="TO">to</w> <w type="VB">compare</w> <w type="AT">the</w> <w type="NNS">responses</w> <w type="IN">from</w> <w type="NNS">companies</w> <w type="IN">on</w> <w type="AT">the</w> <w type="NN">AIA</w> <w type="NN">list</w> <w type="IN">with</w> <w type="DTS">those</w> <w type="IN">from</w> <w type="NNS">companies</w> <w type="IN">on</w> <w type="AT">the</w> <w type="NN">TR</w> <w type="NN">list</w> <w type="IN">in</w> <w type="NN">order</w> <w type="TO">to</w> <w type="VB">determine</w> <w type="CS">whether</w> <w type="PPS">it</w> <w type="MD">would</w> <w type="BE">be</w> <w type="JJ">appropriate</w> <w type="TO">to</w> <w type="VB">merge</w> <w type="AT">the</w> <w type="NNS">responses</w> <w type="IN">for</w> <w type="AT">the</w> <w type="NNS">purposes</w> <w type="IN">of</w> <w type="AT">the</w> <w type="NN">study</w> <c type="pct">.</c> </s>
<s n="106"><w type="AT">The</w> <w type="NNS">methods</w> <w type="CC">and</w> <w type="NNS">results</w> <w type="IN">of</w> <w type="DT">this</w> <w type="JJ">comparative</w> <w type="NN">analysis</w> <w type="BER">are</w> <w type="VBN">described</w> <w type="IN">in</w> <w type="NN" subtype="TL">Appendix</w> <w type="NP" subtype="TL">Aj</w> <c type="pct">.</c> </s>
<s n="107"><w type="PPS">It</w> <w type="BEDZ">was</w> <w type="VBN">concluded</w> <w type="CS">that</w> <w type="PPS">it</w> <w type="MD">would</w> <w type="BE">be</w> <w type="JJ">appropriate</w> <w type="TO">to</w> <w type="VB">process</w> <w type="AT">the</w> <w type="CD">two</w> <w type="NNS">groups</w> <w type="IN">of</w> <w type="NNS">responses</w> <w type="CS">as</w> <w type="AT">a</w> <w type="AP">single</w> <w type="NN">sample</w> <w type="IN">of</w> <w type="ABN">all</w> <w type="JJ">small</w> <w type="NNS">businesses</w> <w type="VBN">engaged</w> <w type="IN">in</w> <c type="pct">,</c> <w type="CC">or</w> <w type="VBG">wishing</w> <w type="TO">to</w> <w type="VB">sell</w> <w type="IN">to</w> <c type="pct">,</c> <w type="NN">defense</w> <w type="NNS">programs</w> <c type="pct">.</c> </s>
<s n="108"><w type="IN">In</w> <w type="AT">the</w> <w type="OD">first</w> <w type="NN">place</w> <c type="pct">,</c> <w type="AT">the</w> <w type="CD">two</w> <w type="NNS">groups</w> <w type="IN">of</w> <w type="NNS">firms</w> <c type="pct">,</c> <w type="WRB">when</w> <w type="VBN">combined</w> <c type="pct">,</c> <w type="HVD">had</w> <w type="NNS">characteristics</w> <w type="CC">and</w> <w type="NNS">practices</w> <w type="WPS">that</w> <w type="BED">were</w> <w type="QL">more</w> <w type="JJ">representative</w> <w type="IN">of</w> <w type="NNS">companies</w> <w type="WPS">that</w> <w type="BED">were</w> <w type="AT">the</w> <w type="NN">subject</w> <w type="IN">of</w> <w type="DT">this</w> <w type="NN">study</w> <w type="CS">than</w> <w type="DOD">did</w> <w type="AT">the</w> <w type="NNS">firms</w> <w type="IN">from</w> <w type="AT">the</w> <w type="NN">AIA</w> <w type="NN">list</w> <w type="RB">alone</w> <c type="pct">.</c> </s>
</p>
<p></p></body></text></TEI>
