<TEI xmlns="http://www.tei-c.org/ns/1.0"><teiHeader><fileDesc><titleStmt><title>Sample J63 from  John H. Schaar, Escape from Authority: The Perspective of Erich
 Fromm. New York: Basic Books, Inc., 1961. Pp. 200-207.
 </title></titleStmt><editionStmt><edition>A part  of the XML version of the Brown Corpus</edition></editionStmt><extent>2,029 words 83 (4.1%) quotes</extent><publicationStmt><idno>J63</idno><availability><p>CopyrightBasic Books, Inc. Used by permission. 0010-1890</p></availability></publicationStmt><sourceDesc><bibl> John H. Schaar, Escape from Authority: The Perspective of Erich
 Fromm. New York: Basic Books, Inc., 1961. Pp. 200-207.
 </bibl></sourceDesc></fileDesc><encodingDesc><p/></encodingDesc><revisionDesc><change when="2008-04-27">Header auto-generated for TEI version</change></revisionDesc></teiHeader>
<text xml:id="J63" decls="J">
<body><p><s n="1"><w type="AT" subtype="TL">The</w> <w type="JJ" subtype="TL">Sane</w> <w type="NN" subtype="TL">Society</w> <w type="BEZ">is</w> <w type="AT">an</w> <w type="JJ">ambitious</w> <w type="NN">work</w> <c type="pct">.</c> </s>
<s n="2"><w type="PPg">Its</w> <w type="NN">scope</w> <w type="BEZ">is</w> <w type="QL">as</w> <w type="JJ">broad</w> <w type="CS">as</w> <w type="AT">the</w> <w type="NN">question</w> <c type="pct">:</c> <w type="WDT">What</w> <w type="DOZ">does</w> <w type="PPS">it</w> <w type="VB">mean</w> <w type="TO">to</w> <w type="VB">live</w> <w type="IN">in</w> <w type="JJ">modern</w> <w type="NN">society</w> <c type="pct">?</c> <c type="pct">?</c> </s>
<s n="3"><w type="AT">A</w> <w type="NN">work</w> <w type="QL">so</w> <w type="JJ">broad</w> <c type="pct">,</c> <w type="RB">even</w> <w type="WRB">when</w> <w type="PPS">it</w> <w type="BEZ">is</w> <w type="VBN">directed</w> <w type="IN">by</w> <w type="AT">a</w> <w type="VBG">leading</w> <w type="NN">idea</w> <w type="CC">and</w> <w type="VBN">informed</w> <w type="IN">by</w> <w type="AT">a</w> <w type="JJ">moral</w> <w type="NN">vision</w> <c type="pct">,</c> <w type="MD">must</w> <w type="RB">necessarily</w> <c type="pct">``</c> <w type="VB">fail</w> <c type="pct">''</c> <c type="pct">.</c> </s>
<s n="4"><w type="RB">Even</w> <w type="AT">a</w> <w type="JJ">hasty</w> <w type="NN">reader</w> <w type="MD">will</w> <w type="RB">easily</w> <w type="VB">find</w> <w type="IN">in</w> <w type="PPO">it</w> <w type="JJ">numerous</w> <w type="JJ">blind</w> <w type="NNS">spots</w> <c type="pct">,</c> <w type="NNS">errors</w> <w type="IN">of</w> <w type="NN">fact</w> <w type="CC">and</w> <w type="NN">argument</w> <c type="pct">,</c> <w type="JJ">important</w> <w type="NNS">exclusions</w> <c type="pct">,</c> <w type="NNS">areas</w> <w type="IN">of</w> <w type="NN">ignorance</w> <w type="CC">and</w> <w type="NN">prejudice</w> <c type="pct">,</c> <w type="JJ">undue</w> <w type="NNS">emphases</w> <w type="IN">on</w> <w type="NNS">trivia</w> <c type="pct">,</c> <w type="NNS">examples</w> <w type="IN">of</w> <w type="JJ">broad</w> <w type="NNS">positions</w> <w type="VBN">supported</w> <w type="IN">by</w> <w type="JJ">flimsy</w> <w type="NN">evidence</w> <c type="pct">,</c> <w type="CC">and</w> <w type="AT">the</w> <w type="JJ">like</w> <c type="pct">.</c> </s>
<s n="5"><w type="JJ">Such</w> <w type="NNS">books</w> <w type="BER">are</w> <w type="JJ">easy</w> <w type="NN">prey</w> <w type="IN">for</w> <w type="NNS">critics</w> <c type="pct">.</c> </s>
<s n="6"><w type="CC">Nor</w> <w type="VB">need</w> <w type="AT">the</w> <w type="NN">critic</w> <w type="BE">be</w> <w type="JJ">captious</w> <c type="pct">.</c> </s>
<s n="7"><w type="AT">A</w> <w type="JJ">careful</w> <w type="CC">and</w> <w type="JJ">orderly</w> <w type="NN">man</w> <c type="pct">,</c> <w type="WPS">who</w> <w type="VBZ">values</w> <w type="NN">precision</w> <w type="CC">and</w> <w type="AT">a</w> <w type="NN">kind</w> <w type="IN">of</w> <w type="JJ">tough</w> <w type="JJ">intellectual</w> <w type="NN">responsibility</w> <c type="pct">,</c> <w type="MD">might</w> <w type="RB">easily</w> <w type="BE">be</w> <w type="VBN">put</w> <w type="RP">off</w> <w type="IN">by</w> <w type="ABL">such</w> <w type="AT">a</w> <w type="NN">book</w> <c type="pct">.</c> </s>
<s n="8"><w type="PPS">It</w> <w type="BEZ">is</w> <w type="AT">a</w> <w type="JJ">simple</w> <w type="NN">matter</w> <c type="pct">,</c> <w type="IN">for</w> <w type="PN">one</w> <w type="RB">so</w> <w type="VBN">disposed</w> <c type="pct">,</c> <w type="TO">to</w> <w type="VB">take</w> <w type="AT">a</w> <w type="NN">work</w> <w type="CS">like</w> <w type="AT" subtype="TL">The</w> <w type="JJ" subtype="TL">Sane</w> <w type="NN" subtype="TL">Society</w> <w type="CC">and</w> <w type="VB">shred</w> <w type="PPO">it</w> <w type="IN">into</w> <w type="NNS">odds</w> <w type="CC">and</w> <w type="NNS">ends</w> <c type="pct">.</c> </s>
<s n="9"><w type="AT">The</w> <w type="NN">thing</w> <w type="MD">can</w> <w type="BE">be</w> <w type="VBN">made</w> <w type="TO">to</w> <w type="VB">look</w> <w type="CS">like</w> <w type="AT">the</w> <w type="VBN">cluttered</w> <w type="NN">attic</w> <w type="IN">of</w> <w type="AT">a</w> <w type="JJ">large</w> <w type="CC">and</w> <w type="JJ">vigorous</w> <w type="NN">family</w> <c type="pct">--</c> <w type="AT">a</w> <w type="JJ">motley</w> <w type="NN">jumble</w> <w type="IN">of</w> <w type="VBN">discarded</w> <w type="NNS">objects</w> <c type="pct">,</c> <w type="DTI">some</w> <w type="JJ">outworn</w> <w type="CC">and</w> <w type="DTI">some</w> <w type="WPS">that</w> <w type="BED">were</w> <w type="RB">never</w> <w type="JJ">useful</w> <c type="pct">,</c> <w type="DTI">some</w> <w type="RB">once</w> <w type="JJ">whole</w> <w type="CC">and</w> <w type="JJ">bright</w> <w type="CC">but</w> <w type="RB">now</w> <w type="VBN">chipped</w> <w type="CC">and</w> <w type="VBN">tarnished</w> <c type="pct">,</c> <w type="DTI">some</w> <w type="JJ">odd</w> <w type="NNS">pieces</w> <w type="WPg">whose</w> <w type="NN">history</w> <w type="AT">no</w> <w type="PN">one</w> <w type="VBZ">remembers</w> <c type="pct">,</c> <w type="RB">here</w> <w type="CC">and</w> <w type="RB">there</w> <w type="AT">a</w> <w type="NN">gem</w> <c type="pct">,</c> <w type="PN">everything</w> <w type="JJ">fascinating</w> <w type="CS">because</w> <w type="PPS">it</w> <w type="VBZ">suggests</w> <w type="DTI">some</w> <w type="NN">part</w> <w type="IN">of</w> <w type="AT">the</w> <w type="JJ">human</w> <w type="NN">condition</w> <c type="pct">--</c> <w type="AT">the</w> <w type="NN">whole</w> <w type="VBG">adding</w> <w type="RP">up</w> <w type="IN">to</w> <w type="PN">nothing</w> <w type="AP">more</w> <w type="CS">than</w> <w type="AT">a</w> <w type="NN">glimpse</w> <w type="IN">into</w> <w type="AT">the</w> <w type="JJ">disorderly</w> <w type="NN">history</w> <w type="IN">of</w> <w type="AT">the</w> <w type="NNS">makers</w> <w type="CC">and</w> <w type="NNS">users</w> <c type="pct">.</c> </s>
</p>
<p><s n="10"><w type="DT">That</w> <w type="MD">could</w> <w type="BE">be</w> <w type="RB">easily</w> <w type="VBN">done</w> <c type="pct">,</c> <w type="CC">but</w> <w type="EX">there</w> <w type="BEZ">is</w> <w type="AP">little</w> <w type="NN">reason</w> <w type="IN">in</w> <w type="PPO">it</w> <c type="pct">.</c> </s>
<s n="11"><w type="PPS">It</w> <w type="MD">would</w> <w type="VB">come</w> <w type="RP">down</w> <w type="IN">to</w> <w type="VBG">saying</w> <w type="CS">that</w> <w type="NP">Fromm</w> <w type="VBZ">paints</w> <w type="IN">with</w> <w type="AT">a</w> <w type="JJ">broad</w> <w type="NN">brush</w> <c type="pct">,</c> <w type="CC">and</w> <w type="CS">that</w> <c type="pct">,</c> <w type="IN">after</w> <w type="ABN">all</w> <c type="pct">,</c> <w type="BEZ">is</w> <w type="NEG">not</w> <w type="AT">a</w> <w type="NN">conclusion</w> <w type="PN">one</w> <w type="MD">must</w> <w type="VB">work</w> <w type="IN">toward</w> <w type="CC">but</w> <w type="AT">an</w> <w type="NN">impression</w> <w type="PPS">he</w> <w type="HVZ">has</w> <w type="IN">from</w> <w type="AT">the</w> <w type="NN">outset</w> <c type="pct">.</c> </s>
<s n="12"><w type="PPSS">I</w> <w type="VB">mention</w> <w type="DTS">these</w> <w type="NNS">features</w> <w type="IN">of</w> <w type="AT">the</w> <w type="NN">book</w> <w type="CS">because</w> <w type="PPSS">they</w> <w type="BER">are</w> <w type="JJ">inherent</w> <w type="IN">in</w> <w type="AT">the</w> <w type="NNg">book's</w> <w type="NN">character</w> <w type="CC">and</w> <w type="RB">therefore</w> <w type="MD">must</w> <w type="BE">be</w> <w type="VBN">mentioned</w> <c type="pct">.</c> </s>
<s n="13"><w type="PPS">It</w> <w type="MD">would</w> <w type="BE">be</w> <w type="JJ">superfluous</w> <w type="TO">to</w> <w type="VB">build</w> <w type="AT">a</w> <w type="NN">critique</w> <w type="IN">around</w> <w type="PPO">them</w> <c type="pct">.</c> </s>
<s n="14"><w type="EX">There</w> <w type="BER">are</w> <w type="QL">more</w> <w type="JJ">substantial</w> <w type="NNS">criticisms</w> <w type="TO">to</w> <w type="BE">be</w> <w type="VBN">made</w> <w type="IN">of</w> <w type="NPg">Fromm's</w> <w type="NN">account</w> <w type="IN">of</w> <w type="NN">capitalist</w> <w type="NN">civilization</w> <c type="pct">.</c> </s>
</p>
<p><s n="15"><w type="PPS">It</w> <w type="BEZ">is</w> <w type="JJ">worthwhile</w> <w type="TO">to</w> <w type="VB">recall</w> <w type="CS">that</w> <w type="NPg">Fromm's</w> <w type="NN">treatment</w> <w type="HVZ">has</w> <w type="ABX">both</w> <w type="JJ">descriptive</w> <w type="CC">and</w> <w type="JJ">normative</w> <w type="NNS">aspects</w> <c type="pct">.</c> </s>
<s n="16"><w type="CS">Since</w> <w type="PPSS">I</w> <w type="HV">have</w> <w type="RB">already</w> <w type="VBN">discussed</w> <w type="PPg">his</w> <w type="JJ">moral</w> <w type="NN">position</w> <c type="pct">,</c> <w type="DT">that</w> <w type="NN">discussion</w> <w type="BEZ">is</w> <w type="VBN">incorporated</w> <w type="IN">by</w> <w type="NN">reference</w> <w type="IN">into</w> <w type="AT">the</w> <w type="VBG">following</w> <w type="NNS">pages</w> <c type="pct">,</c> <w type="WDT">which</w> <w type="MD">will</w> <w type="VB">focus</w> <w type="IN">on</w> <w type="AT">the</w> <w type="JJ">empirical</w> <w type="CC">and</w> <w type="JJ">analytic</w> <w type="NN">side</w> <w type="IN">of</w> <w type="NPg">Fromm's</w> <w type="NN">treatment</w> <c type="pct">.</c> </s>
<s n="17"><w type="PPSS">I</w> <w type="MD">shall</w> <w type="RB">first</w> <w type="VB">indicate</w> <w type="AT">a</w> <w type="NN">couple</w> <w type="IN">of</w> <w type="NNS">weaknesses</w> <w type="IN">in</w> <w type="NPg">Fromm's</w> <w type="NN">analysis</w> <c type="pct">,</c> <w type="RB">then</w> <w type="VB">argue</w> <w type="CS">that</w> <c type="pct">,</c> <w type="VBN">granted</w> <w type="DTS">these</w> <w type="NNS">weaknesses</w> <c type="pct">,</c> <w type="PPS">he</w> <w type="RB">still</w> <w type="HVZ">has</w> <w type="AP">much</w> <w type="VBN">left</w> <w type="WPS">that</w> <w type="BEZ">is</w> <w type="JJ">valuable</w> <c type="pct">,</c> <w type="CC">and</w> <c type="pct">,</c> <w type="RB">finally</w> <c type="pct">,</c> <w type="VB">raise</w> <w type="AT">the</w> <w type="JJ">general</w> <w type="NN">question</w> <w type="IN">of</w> <w type="AT">a</w> <w type="JJ">philosophical</w> <w type="IN">versus</w> <w type="AT">a</w> <w type="JJ">sociological</w> <w type="NN">approach</w> <w type="IN">to</w> <w type="AT">the</w> <w type="NN">question</w> <w type="IN">of</w> <w type="NN">alienation</w> <c type="pct">.</c> </s>
</p>
<p><s n="18"><w type="RB">Almost</w> <w type="AT">no</w> <w type="JJ">empirical</w> <w type="NN">work</w> <w type="HVZ">has</w> <w type="BEN">been</w> <w type="VBN">done</w> <w type="IN">on</w> <w type="AT">the</w> <w type="NN">problem</w> <w type="IN">of</w> <w type="NN">alienation</w> <c type="pct">.</c> </s>
<s n="19"><w type="IN">Despite</w> <w type="PPg">its</w> <w type="QL">rather</w> <w type="JJ">long</w> <w type="JJ">intellectual</w> <w type="NN">history</w> <c type="pct">,</c> <w type="NN">alienation</w> <w type="BEZ">is</w> <w type="RB">still</w> <w type="AT">a</w> <w type="JJ">promising</w> <w type="NN">hypothesis</w> <w type="CC">and</w> <w type="NEG">not</w> <w type="AT">a</w> <w type="VBN">verified</w> <w type="NN">theory</w> <c type="pct">.</c> </s>
<s n="20"><w type="AT">The</w> <w type="NN">idea</w> <w type="HVZ">has</w> <w type="VBN">received</w> <w type="AP">much</w> <w type="NN">attention</w> <w type="IN">in</w> <w type="NN">philosophy</w> <c type="pct">,</c> <w type="IN">in</w> <w type="NN">literature</w> <c type="pct">,</c> <w type="CC">and</w> <w type="IN">in</w> <w type="AT">a</w> <w type="AP">few</w> <w type="NNS">works</w> <w type="IN">of</w> <w type="JJ">general</w> <w type="JJ">social</w> <w type="NN">criticism</w> <c type="pct">,</c> <w type="JJ">such</w> <w type="CS">as</w> <w type="AT" subtype="TL">The</w> <w type="JJ" subtype="TL">Sane</w> <w type="NN" subtype="TL">Society</w> <c type="pct">.</c> </s>
<s n="21"><w type="WDT">What</w> <w type="BEZ">is</w> <w type="VBG">missing</w> <w type="BEZ">is</w> <w type="NN">work</w> <w type="WPS">that</w> <w type="MD">would</w> <w type="VB">answer</w> <c type="pct">,</c> <w type="RB">presumably</w> <w type="IN">by</w> <w type="AT">the</w> <w type="NN">use</w> <w type="IN">of</w> <w type="NN">survey</w> <w type="NNS">methods</w> <w type="CC">and</w> <w type="JJ">Guttman-type</w> <w type="NN">attitude</w> <w type="NNS">scales</w> <c type="pct">,</c> <w type="JJ">such</w> <w type="NNS">questions</w> <w type="CS">as</w> <w type="DTS">these</w> <c type="pct">:</c> <w type="WDT">What</w> <w type="BER">are</w> <w type="AT">the</w> <w type="NNS">components</w> <w type="IN">of</w> <w type="AT">the</w> <w type="NN">feeling-state</w> <w type="VBN">described</w> <w type="CS">as</w> <w type="NN">alienation</w> <c type="pct">?</c> <c type="pct">?</c> </s>
<s n="22"><w type="WQL">How</w> <w type="JJ">widespread</w> <w type="BEZ">is</w> <w type="NN">alienation</w> <c type="pct">?</c> <c type="pct">?</c> </s>
<s n="23"><w type="WDT">What</w> <w type="BEZ">is</w> <w type="PPg">its</w> <w type="NN">incidence</w> <w type="IN">among</w> <w type="AT">the</w> <w type="AP">various</w> <w type="NNS">classes</w> <w type="CC">and</w> <w type="NNS">subgroups</w> <w type="IN">of</w> <w type="AT">the</w> <w type="NN">population</w> <c type="pct">?</c> <c type="pct">?</c> </s>
<s n="24"><w type="VBG">Taking</w> <w type="NN">alienation</w> <w type="CS">as</w> <w type="AT">a</w> <w type="JJ">dependent</w> <w type="NN">variable</w> <c type="pct">,</c> <w type="IN">with</w> <w type="WDT">what</w> <w type="JJ">socio-structural</w> <w type="NNS">factors</w> <w type="BEZ">is</w> <w type="PPS">it</w> <w type="QL">most</w> <w type="RB">highly</w> <w type="VBN">associated</w> <c type="pct">?</c> <c type="pct">?</c> </s>
<s n="25"><w type="VBN">Considered</w> <w type="CS">as</w> <w type="AT">an</w> <w type="JJ">independent</w> <w type="NN">variable</w> <c type="pct">,</c> <w type="WRB">how</w> <w type="DOZ">does</w> <w type="PPS">it</w> <w type="VB">affect</w> <w type="NN">behavior</w> <w type="IN">in</w> <w type="AP">various</w> <w type="NNS">sectors</w> <w type="IN">of</w> <w type="NN">life</w> <c type="pct">?</c> <c type="pct">?</c> </s>
<s n="26"><w type="CS">Until</w> <w type="JJ">such</w> <w type="NN">work</w> <w type="BEZ">is</w> <w type="VBN">done</w> <c type="pct">,</c> <w type="EX">there</w> <w type="MD">must</w> <w type="VB">remain</w> <w type="AT">the</w> <w type="VBG">nagging</w> <w type="NN">suspicion</w> <w type="CS">that</w> <w type="NN">alienation</w> <w type="MD">may</w> <w type="BE">be</w> <w type="AP">little</w> <w type="AP">more</w> <w type="CS">than</w> <w type="AT">an</w> <w type="NN">expression</w> <w type="IN">of</w> <w type="AT">the</w> <w type="NN">malaise</w> <w type="IN">of</w> <w type="AT">the</w> <w type="NN">intellectual</w> <c type="pct">,</c> <w type="WPS">who</w> <c type="pct">,</c> <w type="VBN">rejected</w> <w type="IN">by</w> <w type="CC">and</w> <w type="IN">in</w> <w type="NN">turn</w> <w type="VBG">rejecting</w> <w type="AT">the</w> <w type="JJR">larger</w> <w type="NN">society</w> <c type="pct">,</c> <w type="VBZ">projects</w> <w type="PPg">his</w> <w type="JJ">own</w> <w type="NN">fear</w> <w type="CC">and</w> <w type="NN">despair</w> <w type="IN">onto</w> <w type="AT">the</w> <w type="JJR">broader</w> <w type="JJ">social</w> <w type="NN">screen</w> <c type="pct">.</c> </s>
</p>
<p><s n="27"><w type="PPSS">I</w> <w type="BEM">am</w> <w type="NEG">not</w> <w type="VBG">suggesting</w> <w type="CS">that</w> <w type="NP">Fromm</w> <w type="MD">ought</w> <w type="TO">to</w> <w type="DO">do</w> <w type="DT">this</w> <w type="NN">kind</w> <w type="IN">of</w> <w type="NN">work</w> <c type="pct">.</c> </s>
<s n="28"><w type="CC">Nor</w> <w type="DO">do</w> <w type="PPSS">I</w> <w type="VB">think</w> <w type="CS">that</w> <w type="NN">alienation</w> <w type="BEZ">is</w> <w type="PN">nothing</w> <w type="AP">more</w> <w type="CS">than</w> <w type="AT">a</w> <w type="NN">projection</w> <w type="IN">of</w> <w type="AT">the</w> <w type="NN">malaise</w> <w type="IN">of</w> <w type="AT">the</w> <w type="NN">intellectual</w> <c type="pct">.</c> </s>
<s n="29"><w type="PPSS">I</w> <w type="BEM">am</w> <w type="VBG">saying</w> <w type="RB">only</w> <w type="CS">that</w> <w type="CS">until</w> <w type="AT">a</w> <w type="JJR">fuller</w> <w type="CC">and</w> <w type="JJ">different</w> <w type="NN">kind</w> <w type="IN">of</w> <w type="NN">evidence</w> <w type="VBZ">comes</w> <w type="RP">in</w> <c type="pct">,</c> <w type="DTI">any</w> <w type="NN">discussion</w> <w type="IN">of</w> <w type="NN">alienation</w> <w type="MD">must</w> <w type="BE">be</w> <w type="VBN">understood</w> <w type="TO">to</w> <w type="HV">have</w> <w type="AP">certain</w> <w type="JJ">important</w> <w type="NNS">limitations</w> <c type="pct">.</c> </s>
</p>
<p><s n="30"><w type="CS">Until</w> <w type="JJ">such</w> <w type="NN">evidence</w> <w type="VBZ">appears</w> <c type="pct">,</c> <w type="PPSS">we</w> <w type="MD">must</w> <w type="VB">make</w> <w type="DO">do</w> <w type="IN">with</w> <w type="AT">the</w> <w type="NN">evidence</w> <w type="PPSS">we</w> <w type="HV">have</w> <c type="pct">.</c> </s>
<s n="31"><w type="RB">Here</w> <c type="pct">,</c> <w type="RB">perhaps</w> <c type="pct">,</c> <w type="NP">Fromm</w> <w type="BEZ">is</w> <w type="JJ">vulnerable</w> <c type="pct">,</c> <w type="CS">for</w> <w type="PPS">he</w> <w type="DOZ">does</w> <w type="NEG">not</w> <w type="RB">always</w> <w type="VB">use</w> <w type="AT">the</w> <w type="JJT">best</w> <w type="CC">and</w> <w type="QL">most</w> <w type="JJ">recent</w> <w type="NN">evidence</w> <w type="JJ">available</w> <c type="pct">,</c> <w type="CC">and</w> <w type="PPS">he</w> <w type="RB">sometimes</w> <w type="VBZ">selects</w> <w type="CC">and</w> <w type="VBZ">interprets</w> <w type="AT">the</w> <w type="NN">evidence</w> <w type="IN">in</w> <w type="QL">rather</w> <w type="JJ">special</w> <w type="NNS">ways</w> <c type="pct">.</c> </s>
<s n="32"><w type="CD">Three</w> <w type="NNS">examples</w> <w type="VB">follow</w> <c type="pct">.</c> </s>
</p>
<p><s n="33"><w type="NPg">Fromm's</w> <w type="NN">analysis</w> <w type="IN">of</w> <w type="NN">alienation</w> <w type="IN">in</w> <w type="AT">the</w> <w type="NN">sphere</w> <w type="IN">of</w> <w type="NN">production</w> <w type="VBZ">centers</w> <w type="IN">around</w> <w type="AT">the</w> <w type="NNS">concepts</w> <w type="IN">of</w> <w type="AT">the</w> <w type="NN">bureaucratization</w> <w type="IN">of</w> <w type="AT">the</w> <w type="NN">corporation</w> <c type="pct">,</c> <w type="AT">the</w> <w type="NN">separation</w> <w type="IN">of</w> <w type="NN">ownership</w> <w type="IN">from</w> <w type="NN">control</w> <c type="pct">,</c> <w type="CC">and</w> <w type="AT">the</w> <w type="JJ">broad</w> <c type="pct">(</c> <w type="CC">and</w> <w type="RB">thus</w> <w type="IN">from</w> <w type="AT">the</w> <w type="NN">point</w> <w type="IN">of</w> <w type="NN">view</w> <w type="IN">of</w> <w type="JJ">corporate</w> <w type="NN">control</w> <c type="pct">,</c> <w type="JJ">ineffective</w> <c type="pct">)</c> <w type="NN">dispersion</w> <w type="IN">of</w> <w type="NN">stock</w> <w type="NN">ownership</w> <c type="pct">.</c> </s>
<s n="34"><w type="IN">For</w> <w type="ABN">all</w> <w type="DTS">these</w> <w type="NNS">points</w> <w type="PPS">he</w> <w type="VBZ">relies</w> <w type="RB">exclusively</w> <w type="IN">on</w> <w type="NP">Berle</w> <w type="CC">and</w> <w type="NPg">Means's</w> <w type="NN">study</w> <w type="IN">of</w> <w type="CD">1932</w> <c type="pct">,</c> <w type="AT" subtype="TL">The</w> <w type="JJ" subtype="TL">Modern</w> <w type="NN" subtype="TL">Corporation</w> <w type="CC" subtype="TL">And</w> <w type="JJ" subtype="TL">Private</w> <w type="NN" subtype="TL">Property</w> <c type="pct">.</c> </s>
<s n="35"><w type="AT">The</w> <w type="JJ">broad</w> <w type="NNS">conclusions</w> <w type="IN">of</w> <w type="DT">that</w> <w type="VBG">pioneering</w> <w type="NN">work</w> <w type="VB">remain</w> <w type="JJ">undisturbed</w> <c type="pct">,</c> <w type="CC">but</w> <w type="JJ">subsequent</w> <w type="NN">research</w> <w type="HVZ">has</w> <w type="VBN">expanded</w> <w type="CC">and</w> <w type="RB">somewhat</w> <w type="VBN">altered</w> <w type="PPg">their</w> <w type="JJ">empirical</w> <w type="NN">support</w> <c type="pct">,</c> <w type="HVZ">has</w> <w type="VBN">suggested</w> <w type="JJ">important</w> <w type="NNS">revisions</w> <w type="IN">in</w> <w type="AT">the</w> <w type="JJ">general</w> <w type="JJ">analytic</w> <w type="NN">frame</w> <w type="IN">of</w> <w type="NN">reference</w> <c type="pct">,</c> <w type="CC">and</w> <w type="HVZ">has</w> <w type="VBN">sharpened</w> <w type="AT">the</w> <w type="NN">meaning</w> <w type="IN">of</w> <w type="AP">particular</w> <w type="JJ">analytic</w> <w type="NNS">concepts</w> <w type="IN">in</w> <w type="DT">this</w> <w type="NN">area</w> <c type="pct">.</c> </s>
<s n="36"><w type="NP">Fromm</w> <w type="VBZ">seems</w> <w type="JJ">unaware</w> <w type="IN">of</w> <w type="DTS">these</w> <w type="NNS">developments</w> <c type="pct">.</c> </s>
</p>
<p><s n="37"><w type="DT">Another</w> <w type="NN">example</w> <w type="BEZ">is</w> <w type="PPg">his</w> <w type="QL">very</w> <w type="JJ">infrequent</w> <w type="NN">use</w> <w type="IN">of</w> <w type="AT">the</w> <w type="JJ">large</w> <w type="NN">amount</w> <w type="IN">of</w> <w type="NN">data</w> <w type="IN">from</w> <w type="NNS">surveys</w> <w type="VBN">designed</w> <w type="TO">to</w> <w type="VB">discover</w> <w type="WDT">what</w> <w type="CC">and</w> <w type="WRB">how</w> <w type="NNS">people</w> <w type="RB">actually</w> <w type="DO">do</w> <w type="VB">feel</w> <w type="CC">and</w> <w type="VB">think</w> <w type="IN">on</w> <w type="AT">a</w> <w type="JJ">broad</w> <w type="NN">range</w> <w type="IN">of</w> <w type="NNS">topics</w> <c type="pct">:</c> <w type="PPS">he</w> <w type="VBZ">cites</w> <w type="JJ">such</w> <w type="JJ">survey-type</w> <w type="NNS">findings</w> <w type="RB">just</w> <w type="CD">three</w> <w type="NNS">times</w> <c type="pct">.</c> </s>
<s n="38"><w type="RB">Moreover</w> <c type="pct">,</c> <w type="AT">the</w> <w type="NNS">conclusions</w> <w type="PPS">he</w> <w type="VBZ">draws</w> <w type="IN">from</w> <w type="AT">the</w> <w type="NNS">findings</w> <w type="BER">are</w> <w type="NEG">not</w> <w type="RB">always</w> <w type="AT">the</w> <w type="AP">only</w> <w type="NNS">ones</w> <w type="JJ">possible</w> <c type="pct">.</c> </s>
<s n="39"><w type="IN">For</w> <w type="NN">example</w> <c type="pct">,</c> <w type="PPS">he</w> <w type="VBZ">cites</w> <w type="AT">the</w> <w type="VBG">following</w> <w type="NN">data</w> <w type="IN">from</w> <w type="CD">two</w> <w type="NNS">studies</w> <w type="IN">on</w> <w type="NN">job</w> <w type="NN">satisfaction</w> <c type="pct">:</c> <w type="IN">in</w> <w type="AT">the</w> <w type="OD">first</w> <w type="NN">study</w> <c type="pct">,</c> <w type="CD">85</w> <w type="IN">per</w> <w type="NN">cent</w> <w type="IN">of</w> <w type="NNS">professionals</w> <w type="CC">and</w> <w type="NNS">executives</w> <c type="pct">,</c> <w type="CD">64</w> <w type="IN">per</w> <w type="NN">cent</w> <w type="IN">of</w> <w type="JJ">white</w> <w type="NN">collar</w> <w type="NNS">people</w> <c type="pct">,</c> <w type="CC">and</w> <w type="CD">41</w> <w type="IN">per</w> <w type="NN">cent</w> <w type="IN">of</w> <w type="NN">factory</w> <w type="NNS">workers</w> <w type="VBD">expressed</w> <w type="NN">satisfaction</w> <w type="IN">with</w> <w type="PPg">their</w> <w type="NNS">jobs</w> <c type="pct">;</c> <c type="pct">;</c> </s>
<s n="40"><w type="IN">in</w> <w type="AT">the</w> <w type="OD">second</w> <w type="NN">study</w> <c type="pct">,</c> <w type="AT">the</w> <w type="NNS">percentages</w> <w type="BED">were</w> <w type="CD">86</w> <w type="IN">for</w> <w type="NNS">professionals</w> <c type="pct">,</c> <w type="CD">74</w> <w type="IN">for</w> <w type="JJ">managerial</w> <w type="NNS">persons</w> <c type="pct">,</c> <w type="CD">42</w> <w type="IN">for</w> <w type="JJ">commercial</w> <w type="NNS">employees</w> <c type="pct">,</c> <w type="CD">56</w> <w type="IN">for</w> <w type="JJ">skilled</w> <w type="NNS">workers</w> <c type="pct">,</c> <w type="CC">and</w> <w type="CD">48</w> <w type="IN">for</w> <w type="JJ">semi-skilled</w> <w type="NNS">workers</w> <c type="pct">.</c> </s>
<s n="41"><w type="PPS">He</w> <w type="VBZ">concludes</w> <w type="CS">that</w> <w type="DTS">these</w> <w type="NNS">data</w> <w type="VB">show</w> <w type="AT">a</w> <c type="pct">``</c> <w type="QL">remarkably</w> <w type="JJ">high</w> <c type="pct">''</c> <w type="NN">percentage</w> <w type="IN">of</w> <w type="RB">consciously</w> <w type="VBN">dissatisfied</w> <w type="CC">and</w> <w type="JJ">unhappy</w> <w type="NNS">persons</w> <w type="IN">among</w> <w type="NN">factory</w> <w type="CC">and</w> <w type="JJ">clerical</w> <w type="NNS">workers</w> <c type="pct">.</c> </s>
<s n="42"><w type="VBG">Starting</w> <w type="IN">from</w> <w type="AP">other</w> <w type="NN">value</w> <w type="NNS">premises</w> <w type="CS">than</w> <w type="NPg">Fromm's</w> <c type="pct">,</c> <w type="DTI">some</w> <w type="NNS">analysts</w> <w type="MD">might</w> <w type="VB">conclude</w> <w type="CS">that</w> <w type="AT">the</w> <w type="NNS">percentages</w> <w type="RB">really</w> <w type="VB">tell</w> <w type="PPO">us</w> <w type="QL">very</w> <w type="AP">little</w> <w type="IN">at</w> <w type="ABN">all</w> <c type="pct">,</c> <w type="CS">while</w> <w type="NNS">others</w> <w type="MD">might</w> <w type="RB">even</w> <w type="VB">conclude</w> <w type="CS">that</w> <w type="AT">the</w> <w type="NNS">figures</w> <w type="BER">are</w> <w type="QL">remarkably</w> <w type="JJ">low</w> <c type="pct">.</c> </s>
<s n="43"><w type="NP">Eric</w> <w type="NP">Hoffer</w> <c type="pct">,</c> <w type="IN">for</w> <w type="NN">example</w> <c type="pct">,</c> <w type="RB">once</w> <w type="VBD">said</w> <w type="CS">that</w> <w type="NP">America</w> <w type="BEDZ">was</w> <w type="AT">a</w> <w type="NN">paradise</w> <c type="pct">--</c> <w type="AT">the</w> <w type="AP">only</w> <w type="CD">one</w> <w type="IN">in</w> <w type="AT">the</w> <w type="NN">history</w> <w type="IN">of</w> <w type="AT">the</w> <w type="NN">world</w> <c type="pct">--</c> <w type="IN">for</w> <w type="NNS">workingmen</w> <w type="CC">and</w> <w type="JJ">small</w> <w type="NNS">children</w> <c type="pct">.</c> </s>
<s n="44"><w type="WDT">What</w> <w type="NNS">matters</w> <w type="BEZ">is</w> <w type="CS">that</w> <w type="CS">while</w> <w type="NPg">Fromm's</w> <w type="NN">reading</w> <w type="IN">of</w> <w type="AT">the</w> <w type="NNS">data</w> <w type="BEZ">is</w> <w type="NEG">not</w> <w type="AT">the</w> <w type="AP">only</w> <w type="CD">one</w> <w type="JJ">possible</w> <c type="pct">,</c> <w type="PPS">it</w> <w type="BEZ">is</w> <w type="RB">precisely</w> <w type="AT">the</w> <w type="CD">one</w> <w type="PPSS">we</w> <w type="MD">would</w> <w type="VB">expect</w> <w type="IN">from</w> <w type="AT">a</w> <w type="NN">writer</w> <w type="WPS">who</w> <w type="RB">earnestly</w> <w type="VBZ">believes</w> <w type="CS">that</w> <w type="AT">every</w> <w type="NN">man</w> <w type="MD">can</w> <w type="CC">and</w> <w type="MD">ought</w> <w type="TO">to</w> <w type="BE">be</w> <w type="JJ">happy</w> <w type="CC">and</w> <w type="VBN">satisfied</w> <c type="pct">.</c> </s>
<s n="45"><w type="NP">Fromm</w> <w type="RB">also</w> <w type="VBZ">cites</w> <w type="AT">a</w> <w type="NN">poll</w> <w type="IN">on</w> <w type="NNS">attitudes</w> <w type="IN">toward</w> <w type="NN">work</w> <w type="NN">restriction</w> <w type="VBN">conducted</w> <w type="IN">by</w> <w type="AT">the</w> <w type="NN" subtype="TL">Opinion</w> <w type="NN" subtype="TL">Research</w> <w type="NN" subtype="TL">Corporation</w> <w type="IN">in</w> <w type="CD">1945</w> <c type="pct">,</c> <w type="IN">in</w> <w type="WDT">which</w> <w type="CD">49</w> <w type="IN">per</w> <w type="NN">cent</w> <w type="IN">of</w> <w type="JJ">manual</w> <w type="NNS">workers</w> <w type="VBD">said</w> <w type="AT">a</w> <w type="NN">man</w> <w type="MD">ought</w> <w type="TO">to</w> <w type="VB">turn</w> <w type="RP">out</w> <w type="QL">as</w> <w type="AP">much</w> <w type="CS">as</w> <w type="PPS">he</w> <w type="MD">could</w> <w type="IN">in</w> <w type="AT">a</w> <w type="NNg">day's</w> <w type="NN">work</w> <c type="pct">,</c> <w type="CS">while</w> <w type="CD">41</w> <w type="IN">per</w> <w type="NN">cent</w> <w type="VBD">said</w> <w type="PPS">he</w> <w type="MD">should</w> <w type="NEG">not</w> <w type="DO">do</w> <w type="PPg">his</w> <w type="JJT">best</w> <w type="CC">but</w> <w type="MD">should</w> <w type="VB">turn</w> <w type="RP">out</w> <w type="RB">only</w> <w type="AT">the</w> <w type="JJ">average</w> <w type="NN">amount</w> <c type="pct">.</c> </s>
<s n="46"><w type="NP">Fromm</w> <w type="VBZ">says</w> <w type="DTS">these</w> <w type="NNS">data</w> <w type="VB">show</w> <w type="DT">that</w> <w type="NN">job</w> <w type="NN">dissatisfaction</w> <w type="CC">and</w> <w type="NN">resentment</w> <w type="BER">are</w> <w type="JJ">widespread</w> <c type="pct">.</c> </s>
<s n="47"><w type="DT">That</w> <w type="BEZ">is</w> <w type="CD">one</w> <w type="NN">way</w> <w type="TO">to</w> <w type="VB">read</w> <w type="AT">the</w> <w type="NNS">findings</w> <c type="pct">,</c> <w type="CC">but</w> <w type="RB">again</w> <w type="EX">there</w> <w type="BER">are</w> <w type="AP">other</w> <w type="NNS">ways</w> <c type="pct">.</c> </s>
<s n="48"><w type="PN">One</w> <w type="MD">might</w> <w type="VB">use</w> <w type="JJ">such</w> <w type="NNS">findings</w> <w type="TO">to</w> <w type="VB">indicate</w> <w type="AT">the</w> <w type="NN">strength</w> <w type="IN">of</w> <w type="JJ">informal</w> <w type="JJ">primary</w> <w type="NNS">associations</w> <w type="IN">in</w> <w type="AT">the</w> <w type="NN">factory</w> <c type="pct">,</c> <w type="AT">an</w> <w type="NN">interpretation</w> <w type="WDT">which</w> <w type="MD">would</w> <w type="VB">run</w> <w type="RB">counter</w> <w type="IN">to</w> <w type="NPg">Fromm's</w> <w type="NN">theory</w> <w type="IN">of</w> <w type="NN">alienation</w> <c type="pct">.</c> </s>
<s n="49"><w type="CC">Or</w> <c type="pct">,</c> <w type="PPS">he</w> <w type="MD">might</w> <w type="VB">remind</w> <w type="NP">Fromm</w> <w type="CS">that</w> <w type="AT">the</w> <w type="CD">41</w> <w type="IN">per</w> <w type="NN">cent</w> <w type="NN">figure</w> <w type="BEZ">is</w> <w type="RB">really</w> <w type="QL">astonishingly</w> <w type="JJ">low</w> <c type="pct">:</c> <w type="IN">after</w> <w type="ABN">all</w> <c type="pct">,</c> <w type="AT">the</w> <w type="JJ">medieval</w> <w type="NN">guild</w> <w type="NN">system</w> <w type="BEDZ">was</w> <w type="VBN">dedicated</w> <w type="IN">to</w> <w type="AT">the</w> <w type="NN">proposition</w> <w type="CS">that</w> <w type="CD">100</w> <w type="IN">per</w> <w type="NN">cent</w> <w type="IN">of</w> <w type="AT">the</w> <w type="NNS">workers</w> <w type="MD">ought</w> <w type="TO">to</w> <w type="VB">turn</w> <w type="RP">out</w> <w type="RB">only</w> <w type="AT">the</w> <w type="JJ">average</w> <w type="NN">amount</w> <c type="pct">;</c> <c type="pct">;</c> </s>
<s n="50"><w type="CC">and</w> <w type="NRg">today's</w> <w type="NN">trade</w> <w type="NNS">unions</w> <w type="VB">announce</w> <w type="QL">pretty</w> <w type="RB">much</w> <w type="AT">the</w> <w type="AP">same</w> <w type="NN">view</w> <c type="pct">.</c> </s>
</p>
<p><s n="51"><w type="IN">In</w> <w type="NN">view</w> <w type="IN">of</w> <w type="DTS">these</w> <w type="NNS">shortcomings</w> <w type="IN">in</w> <w type="ABX">both</w> <w type="AT">the</w> <w type="NN">amount</w> <w type="CC">and</w> <w type="AT">the</w> <w type="NN">interpretation</w> <w type="IN">of</w> <w type="JJ">survey-type</w> <w type="NNS">findings</w> <w type="IN">on</w> <w type="JJ">public</w> <w type="NN">opinion</w> <c type="pct">,</c> <w type="CC">and</w> <w type="IN">considering</w> <w type="AT">the</w> <w type="NNS">criticisms</w> <w type="WDT">which</w> <w type="MD">can</w> <w type="BE">be</w> <w type="VBN">brought</w> <w type="IN">against</w> <w type="NPg">Fromm's</w> <w type="JJ">philosophical</w> <w type="NN">anthropology</w> <c type="pct">,</c> <w type="ABL">such</w> <w type="AT">a</w> <w type="NN">passage</w> <w type="CS">as</w> <w type="AT">the</w> <w type="NN">following</w> <mw pos="MD *">cannot </mw><w type="BE">be</w> <w type="VBN">taken</w> <w type="RB">seriously</w> <c type="pct">.</c> </s>
<s n="52"><c type="pct">``</c> <w type="BER">Are</w> <w type="NNS">people</w> <w type="JJ">happy</w> <c type="pct">,</c> <w type="BER">are</w> <w type="PPSS">they</w> <w type="QL">as</w> <w type="VBN">satisfied</w> <c type="pct">,</c> <w type="RB">unconsciously</w> <c type="pct">,</c> <w type="CS">as</w> <w type="PPSS">they</w> <w type="VB">believe</w> <w type="PPLS">themselves</w> <w type="TO">to</w> <w type="BE">be</w> <c type="pct">?</c> <c type="pct">?</c> </s>
<s n="53"><w type="IN">Considering</w> <w type="AT">the</w> <w type="NN">nature</w> <w type="IN">of</w> <w type="NN">man</w> <c type="pct">,</c> <w type="CC">and</w> <w type="AT">the</w> <w type="NNS">conditions</w> <w type="IN">for</w> <w type="NN">happiness</w> <c type="pct">,</c> <w type="DT">this</w> <w type="MD">can</w> <w type="RB">hardly</w> <w type="BE">be</w> <w type="RB">so</w> <c type="pct">''</c> <c type="pct">.</c> </s>
</p>
<p><s n="54"><w type="AT">The</w> <w type="NNS">ambiguities</w> <w type="VBN">suggested</w> <w type="RB">above</w> <w type="VB">stem</w> <w type="IN">from</w> <w type="AT">a</w> <w type="QL">more</w> <w type="JJ">basic</w> <w type="NN">difficulty</w> <w type="IN">in</w> <w type="NPg">Fromm's</w> <w type="NN">style</w> <w type="IN">of</w> <w type="NN">thought</w> <c type="pct">.</c> </s>
<s n="55"><w type="PPS">He</w> <w type="VBZ">seems</w> <w type="TO">to</w> <w type="VB">use</w> <w type="AT">the</w> <w type="NN">term</w> <w type="NN" subtype="NC">alienation</w> <w type="IN">in</w> <w type="CD">two</w> <w type="JJ">different</w> <w type="NNS">ways</w> <c type="pct">.</c> </s>
<s n="56"><w type="RB">Sometimes</w> <w type="PPS">he</w> <w type="VBZ">uses</w> <w type="PPO">it</w> <w type="CS">as</w> <w type="AT">a</w> <w type="JJ">subjective</w> <c type="pct">,</c> <w type="JJ">descriptive</w> <w type="NN">term</w> <c type="pct">,</c> <w type="CC">and</w> <w type="RB">sometimes</w> <w type="CS">as</w> <w type="AT">an</w> <w type="JJ">objective</w> <c type="pct">,</c> <w type="JJ">diagnostic</w> <w type="CD">one</w> <c type="pct">.</c> </s>
<s n="57"><w type="DT">That</w> <w type="BEZ">is</w> <c type="pct">,</c> <w type="RB">sometimes</w> <w type="PPS">it</w> <w type="BEZ">is</w> <w type="VBN">used</w> <w type="TO">to</w> <w type="VB">describe</w> <w type="VBN">felt</w> <w type="JJ">human</w> <w type="NN">misery</w> <c type="pct">,</c> <w type="CC">and</w> <w type="AP">other</w> <w type="NNS">times</w> <w type="PPS">it</w> <w type="BEZ">is</w> <w type="VBN">postulated</w> <w type="TO">to</w> <w type="VB">explain</w> <w type="JJ">unfelt</w> <w type="NN">anxiety</w> <w type="CC">and</w> <w type="NN">discontent</w> <c type="pct">.</c> </s>
<s n="58"><w type="AT">The</w> <w type="NN">failure</w> <w type="TO">to</w> <w type="VB">keep</w> <w type="DTS">these</w> <w type="CD">two</w> <w type="NNS">usages</w> <w type="JJ">distinct</w> <w type="VBZ">presents</w> <w type="NNS">hazards</w> <w type="IN">to</w> <w type="AT">the</w> <w type="NN">reader</w> <c type="pct">.</c> </s>
<s n="59"><w type="PPS">It</w> <w type="RB">also</w> <w type="VBZ">permits</w> <w type="NP">Fromm</w> <w type="TO">to</w> <w type="DO">do</w> <w type="DTI">some</w> <w type="JJ">dubious</w> <w type="NNS">things</w> <w type="IN">with</w> <w type="JJ">empirical</w> <w type="NNS">findings</w> <c type="pct">.</c> </s>
<s n="60"><w type="WRB">When</w> <w type="NN">alienation</w> <w type="BEZ">is</w> <w type="VBN">used</w> <w type="CS">as</w> <w type="AT">an</w> <w type="JJ">objective</w> <w type="CC">and</w> <w type="JJ">diagnostic</w> <w type="NN">category</w> <c type="pct">,</c> <w type="IN">for</w> <w type="NN">example</w> <c type="pct">,</c> <w type="PPS">it</w> <w type="VBZ">becomes</w> <w type="JJ">clear</w> <w type="CS">that</w> <w type="NP">Fromm</w> <w type="MD">would</w> <w type="HV">have</w> <w type="TO">to</w> <w type="VB">say</w> <w type="DT">that</w> <w type="NN">awareness</w> <w type="IN">of</w> <w type="NN">alienation</w> <w type="VBZ">goes</w> <w type="RB">far</w> <w type="IN">toward</w> <w type="VBG">conquering</w> <w type="PPO">it</w> <c type="pct">.</c> </s>
<s n="61"><c type="pct">(</c> <w type="PPS">He</w> <c type="pct">,</c> <w type="IN">in</w> <w type="NN">effect</w> <c type="pct">,</c> <w type="DOZ">does</w> <w type="VB">say</w> <w type="DT">this</w> <w type="IN">in</w> <w type="PPg">his</w> <w type="NN">discussion</w> <w type="IN">of</w> <w type="AT">the</w> <w type="NN">pseudo-happiness</w> <w type="IN">of</w> <w type="AT">the</w> <w type="NN">automaton</w> <w type="NN">conformist</w> <c type="pct">.</c> </s>
<s n="62"><c type="pct">)</c> <w type="VBG">Starting</w> <w type="IN">from</w> <w type="DT">this</w> <c type="pct">,</c> <w type="CC">and</w> <w type="VBG">accepting</w> <w type="PPg">his</w> <w type="NN">estimate</w> <w type="IN">of</w> <w type="AT">the</w> <w type="NNS">iniquities</w> <w type="IN">of</w> <w type="JJ">modern</w> <w type="NN">society</w> <c type="pct">,</c> <w type="PPS">it</w> <w type="MD">would</w> <w type="VB">follow</w> <w type="CS">that</w> <w type="AT">the</w> <w type="QL">really</w> <w type="JJ">disturbing</w> <w type="NN">evidence</w> <w type="IN">of</w> <w type="NN">alienation</w> <w type="MD">would</w> <w type="BE">be</w> <w type="CS">that</w> <w type="IN">of</w> <w type="AT">a</w> <w type="NN">work-satisfaction</w> <w type="NN">survey</w> <w type="WDT">which</w> <w type="VBD">reported</w> <w type="JJ">widespread</w> <c type="pct">,</c> <w type="VBN">stated</w> <w type="NN">worker</w> <w type="NN">satisfaction</w> <c type="pct">,</c> <w type="RB">rather</w> <w type="CS">than</w> <w type="JJ">widespread</w> <c type="pct">,</c> <w type="VBN">stated</w> <w type="NN">worker</w> <w type="NN">dissatisfaction</w> <c type="pct">.</c> </s>
</p>
<p><s n="63"><w type="AT">The</w> <w type="NN">point</w> <w type="BEZ">is</w> <w type="CS">that</w> <w type="IN">in</w> <w type="AT">a</w> <w type="NN">system</w> <w type="JJ">such</w> <w type="CS">as</w> <w type="NPg">Fromm's</w> <w type="WDT">which</w> <w type="VBZ">recognizes</w> <w type="JJ">unconscious</w> <w type="NNS">motivations</w> <c type="pct">,</c> <w type="CC">and</w> <w type="WDT">which</w> <w type="VBZ">rests</w> <w type="IN">on</w> <w type="AP">certain</w> <w type="JJ">ethical</w> <w type="NNS">absolutes</w> <c type="pct">,</c> <w type="JJ">empirical</w> <w type="NNS">data</w> <w type="MD">can</w> <w type="BE">be</w> <w type="VBN">used</w> <w type="TO">to</w> <w type="VB">support</w> <w type="WDT">whatever</w> <w type="NN">proposition</w> <w type="AT">the</w> <w type="NN">writer</w> <w type="BEZ">is</w> <w type="VBG">urging</w> <w type="IN">at</w> <w type="AT">the</w> <w type="NN">moment</w> <c type="pct">.</c> </s>
<s n="64"><w type="RB">Thus</w> <c type="pct">,</c> <w type="IN">in</w> <w type="AT">the</w> <w type="NN">example</w> <w type="VBN">cited</w> <w type="RB">above</w> <w type="NP">Fromm</w> <w type="VBZ">rests</w> <w type="PPg">his</w> <w type="JJ">whole</w> <w type="NN">case</w> <w type="IN">on</w> <w type="AT">the</w> <w type="NN">premise</w> <w type="CS">that</w> <w type="AT">the</w> <w type="NNS">workers</w> <w type="BER">are</w> <w type="BEG">being</w> <w type="VBN">deprived</w> <w type="RB">unconsciously</w> <c type="pct">,</c> <w type="RB">unknowingly</w> <c type="pct">,</c> <w type="IN">of</w> <w type="NN">fulfillment</w> <c type="pct">,</c> <w type="CC">and</w> <w type="RB">then</w> <w type="VBZ">supports</w> <w type="DT">this</w> <w type="IN">with</w> <w type="NN">survey</w> <w type="NNS">data</w> <w type="VBG">reporting</w> <w type="JJ">conscious</w> <c type="pct">,</c> <w type="VBN">experienced</w> <w type="NNS">frustrations</w> <c type="pct">.</c> </s>
<s n="65"><w type="PPS">He</w> <w type="HVZ">has</w> <w type="PPg">his</w> <w type="NN">cake</w> <w type="CC">and</w> <w type="VBZ">eats</w> <w type="PPO">it</w> <w type="RB">too</w> <c type="pct">:</c> <w type="CS">if</w> <w type="AT">the</w> <w type="NNS">workers</w> <w type="VB">say</w> <w type="PPSS">they</w> <w type="BER">are</w> <w type="VBN">dissatisfied</w> <c type="pct">,</c> <w type="DT">this</w> <w type="VBZ">shows</w> <w type="JJ">conscious</w> <w type="NN">alienation</w> <c type="pct">;</c> <c type="pct">;</c> </s>
<s n="66"><w type="CS">if</w> <w type="PPSS">they</w> <w type="VB">say</w> <w type="PPSS">they</w> <w type="BER">are</w> <w type="VBN">satisfied</w> <c type="pct">,</c> <w type="DT">this</w> <w type="VBZ">shows</w> <w type="JJ">unconscious</w> <w type="NN">alienation</w> <c type="pct">.</c> </s>
<s n="67"><w type="DT">This</w> <w type="NN">sort</w> <w type="IN">of</w> <w type="NN">manipulation</w> <w type="BEZ">is</w> <w type="QL">especially</w> <w type="JJ">troublesome</w> <w type="IN">in</w> <w type="NPg">Fromm's</w> <w type="NN">work</w> <w type="CS">because</w> <c type="pct">,</c> <w type="CS">although</w> <w type="PPg">his</w> <w type="NN">system</w> <w type="BEZ">is</w> <w type="VBN">derived</w> <w type="RB">largely</w> <w type="IN">from</w> <w type="AP">certain</w> <w type="JJ">philosophic</w> <w type="NNS">convictions</w> <c type="pct">,</c> <w type="PPS">he</w> <w type="VBZ">asserts</w> <w type="CS">that</w> <w type="PPS">it</w> <w type="BEZ">is</w> <w type="VBN">based</w> <w type="IN">on</w> <w type="JJ">empirical</w> <w type="NNS">findings</w> <w type="VBN">drawn</w> <w type="ABX">both</w> <w type="IN">from</w> <w type="JJ">social</w> <w type="NN">science</w> <w type="CC">and</w> <w type="IN">from</w> <w type="PPg">his</w> <w type="JJ">own</w> <w type="VBG">consulting</w> <w type="NN">room</w> <c type="pct">.</c> </s>
<s n="68"><w type="CS">While</w> <w type="AT">the</w> <c type="pct">``</c> <w type="JJ">empirical</w> <w type="JJ">psychoanalytic</w> <c type="pct">''</c> <w type="NN">label</w> <w type="WDT">which</w> <w type="NP">Fromm</w> <w type="VBZ">claims</w> <w type="VBZ">sheds</w> <w type="AT">no</w> <w type="NN">light</w> <w type="IN">on</w> <w type="AT">the</w> <w type="NN">validity</w> <w type="IN">of</w> <w type="PPg">his</w> <w type="VBG">underlying</w> <w type="NN">philosophy</w> <c type="pct">,</c> <w type="PPS">it</w> <w type="DOZ">does</w> <w type="VB">increase</w> <w type="AT">the</w> <w type="NN">marketability</w> <w type="IN">of</w> <w type="PPg">his</w> <w type="NN">product</w> <c type="pct">.</c> </s>
</p>
<p><s n="69"><w type="AT">The</w> <w type="AP">final</w> <w type="NN">example</w> <w type="IN">of</w> <w type="AT">the</w> <w type="NN">failure</w> <w type="TO">to</w> <w type="VB">use</w> <w type="JJ">available</w> <w type="NN">evidence</w> <c type="pct">,</c> <w type="CS">though</w> <w type="NN">evidence</w> <w type="IN">of</w> <w type="AT">a</w> <w type="JJ">different</w> <w type="NN">kind</w> <w type="IN">from</w> <w type="DT">that</w> <w type="WDT">which</w> <w type="HVZ">has</w> <w type="QL">so</w> <w type="RB">far</w> <w type="BEN">been</w> <w type="VBN">considered</w> <c type="pct">,</c> <w type="VBZ">comes</w> <w type="IN">from</w> <w type="NPg">Fromm's</w> <w type="NN">treatment</w> <w type="IN">of</w> <w type="DTI">some</w> <w type="AP">other</w> <w type="NNS">writers</w> <w type="WPS">who</w> <w type="HV">have</w> <w type="VBN">dealt</w> <w type="IN">with</w> <w type="AT">the</w> <w type="AP">same</w> <w type="NNS">themes</w> <c type="pct">.</c> </s>
<s n="70"><w type="IN">In</w> <w type="AT">a</w> <w type="JJ">brief</w> <w type="NN">chapter</w> <w type="VBG">dealing</w> <w type="IN">with</w> <c type="pct">``</c> <w type="JJ" subtype="TL">Various</w> <w type="AP" subtype="TL">Other</w> <w type="NNS" subtype="TL">Diagnoses</w> <c type="pct">''</c> <c type="pct">,</c> <w type="PPS">he</w> <w type="VBZ">quotes</w> <w type="VBN">isolated</w> <w type="NNS">passages</w> <w type="IN">from</w> <w type="DTI">some</w> <w type="NNS">writers</w> <w type="WPg">whose</w> <w type="NNS">views</w> <w type="VB">seem</w> <w type="TO">to</w> <w type="VB">corroborate</w> <w type="PPg">his</w> <w type="JJ">own</w> <c type="pct">,</c> <w type="CC">and</w> <w type="VBZ">finds</w> <w type="PPO">it</w> <c type="pct">``</c> <w type="QL">most</w> <w type="JJ">remarkable</w> <w type="CS">that</w> <w type="AT">a</w> <w type="JJ">critical</w> <w type="NN">view</w> <w type="IN">of</w> <w type="NN">twentieth-century</w> <w type="NN">society</w> <w type="BEDZ">was</w> <w type="RB">already</w> <w type="VBN">held</w> <w type="IN">by</w> <w type="AT">a</w> <w type="NN">number</w> <w type="IN">of</w> <w type="NNS">thinkers</w> <w type="VBG">living</w> <w type="IN">in</w> <w type="AT">the</w> <w type="OD">nineteenth</w> <c type="pct">.</c> </s>
<s n="71"><c type="pct">''</c> <w type="PPS">He</w> <w type="VBZ">finds</w> <w type="PPO">it</w> <w type="RB">equally</w> <c type="pct">``</c> <w type="JJ">remarkable</w> <w type="CS">that</w> <w type="PPg">their</w> <w type="JJ">critical</w> <w type="NN">diagnosis</w> <w type="CC">and</w> <w type="NN">prognosis</w> <w type="MD">should</w> <w type="HV">have</w> <w type="QL">so</w> <w type="AP">much</w> <w type="IN">in</w> <w type="JJ">common</w> <w type="IN">among</w> <w type="PPLS">themselves</w> <w type="CC">and</w> <w type="IN">with</w> <w type="AT">the</w> <w type="NNS">critics</w> <w type="IN">of</w> <w type="AT">the</w> <w type="OD">twentieth</w> <w type="NN">century</w> <c type="pct">''</c> <c type="pct">.</c> </s>
<s n="72"><w type="EX">There</w> <w type="BEZ">is</w> <w type="PN">nothing</w> <w type="JJ">remarkable</w> <w type="IN">about</w> <w type="DT">this</w> <w type="IN">at</w> <w type="ABN">all</w> <c type="pct">.</c> </s>
<s n="73"><w type="PPS">It</w> <w type="BEZ">is</w> <w type="RB">largely</w> <w type="AT">a</w> <w type="NN">matter</w> <w type="IN">of</w> <w type="VBG">finding</w> <w type="NNS">passages</w> <w type="WPS">that</w> <w type="VB">suit</w> <w type="PNg">one's</w> <w type="NNS">purposes</w> <c type="pct">.</c> </s>
<s n="74"><w type="EX">There</w> <w type="BEZ">is</w> <w type="AT">a</w> <w type="NN">difference</w> <w type="IN">between</w> <w type="NN">evidence</w> <w type="CC">and</w> <w type="NN">illustration</w> <c type="pct">,</c> <w type="CC">and</w> <w type="NPg">Fromm's</w> <w type="NN">citation</w> <w type="IN">of</w> <w type="AT">the</w> <w type="AP">other</w> <w type="NNS">diagnosticians</w> <w type="VBZ">fits</w> <w type="AT">the</w> <w type="AP">latter</w> <w type="NN">category</w> <c type="pct">.</c> </s>
<s n="75"><w type="VB">Glance</w> <w type="IN">at</w> <w type="AT">the</w> <w type="NN">list</w> <c type="pct">:</c> <w type="NP">Burckhardt</w> <c type="pct">,</c> <w type="NP">Tolstoy</w> <c type="pct">,</c> <w type="NP">Proudhon</w> <c type="pct">,</c> <w type="NP">Thoreau</w> <c type="pct">,</c> <w type="NP">London</w> <c type="pct">,</c> <w type="NP">Marx</w> <c type="pct">,</c> <w type="NP">Tawney</w> <c type="pct">,</c> <w type="NP">Mayo</w> <c type="pct">,</c> <w type="NP">Durkheim</w> <c type="pct">,</c> <w type="NP">Tannenbaum</w> <c type="pct">,</c> <w type="NP">Mumford</w> <c type="pct">,</c> <w type="NP">A.</w> <w type="NP">R.</w> <w type="NP">Heron</w> <c type="pct">,</c> <w type="NP">Huxley</w> <c type="pct">,</c> <w type="NP">Schweitzer</w> <c type="pct">,</c> <w type="CC">and</w> <w type="NP">Einstein</w> <c type="pct">.</c> </s>
<s n="76"><w type="DT">This</w> <w type="BEZ">is</w> <w type="AT">a</w> <w type="QL">delightfully</w> <w type="JJ">motley</w> <w type="NN">collection</w> <c type="pct">.</c> </s>
<s n="77"><w type="PN">One</w> <w type="MD">can</w> <w type="VB">make</w> <w type="PPO">them</w> <w type="VB">say</w> <w type="AT">the</w> <w type="AP">same</w> <w type="NN">thing</w> <w type="RB">only</w> <w type="IN">by</w> <w type="NEG">not</w> <w type="VBG">listening</w> <w type="IN">to</w> <w type="PPO">them</w> <w type="QL">very</w> <w type="RB">carefully</w> <w type="CC">and</w> <w type="VBG">hearing</w> <w type="RB">only</w> <w type="WDT">what</w> <w type="PN">one</w> <w type="VBZ">wants</w> <w type="TO">to</w> <w type="VB">hear</w> <c type="pct">.</c> </s>
<s n="78"><w type="AT">The</w> <w type="NN">method</w> <w type="IN">of</w> <w type="NN">selection</w> <w type="NP">Fromm</w> <w type="VBZ">uses</w> <w type="VBZ">achieves</w> <w type="RB">exactly</w> <w type="DT">that</w> <c type="pct">.</c> </s>
<s n="79"><w type="RB">Furthermore</w> <c type="pct">,</c> <w type="AT">the</w> <w type="NN">list</w> <w type="BEZ">is</w> <w type="JJ">interesting</w> <w type="IN">for</w> <w type="PPg">its</w> <w type="NNS">omissions</w> <c type="pct">.</c> </s>
<s n="80"><w type="PPS">It</w> <w type="VBZ">omits</w> <c type="pct">,</c> <w type="IN">for</w> <w type="NN">example</w> <c type="pct">,</c> <w type="RB">practically</w> <w type="AT">the</w> <w type="JJ">whole</w> <w type="NN">line</w> <w type="IN">of</w> <w type="JJ">great</w> <w type="OD">nineteenth</w> <w type="NN">century</w> <w type="JJ">English</w> <w type="JJ">social</w> <w type="NNS">critics</w> <c type="pct">,</c> <w type="RB">nearly</w> <w type="ABN">all</w> <w type="AT">the</w> <w type="JJ">great</w> <w type="NNS">writers</w> <w type="WPg">whose</w> <w type="JJ">basic</w> <w type="NN">position</w> <w type="BEZ">is</w> <w type="JJ">religious</w> <c type="pct">,</c> <w type="CC">and</w> <w type="ABN">all</w> <w type="DTS">those</w> <w type="WPS">who</w> <w type="BER">are</w> <w type="IN">with</w> <w type="AP">more</w> <w type="CC">or</w> <w type="AP">less</w> <w type="NN">accuracy</w> <w type="VBN">called</w> <w type="NNS" subtype="TL">Existentialists</w> <c type="pct">.</c> </s>
<s n="81"><w type="IN">Of</w> <w type="NN">course</w> <c type="pct">,</c> <w type="AT">the</w> <w type="NN">list</w> <w type="RB">also</w> <w type="VBZ">excludes</w> <w type="ABN">all</w> <w type="NNS">writers</w> <w type="WPS">who</w> <w type="BER">are</w> <w type="QL">fairly</w> <c type="pct">``</c> <w type="JJ">optimistic</w> <c type="pct">''</c> <w type="IN">about</w> <w type="AT">the</w> <w type="JJ">modern</w> <w type="NN">situation</w> <c type="pct">;</c> <c type="pct">;</c> </s>
<s n="82"><w type="DTS">these</w> <c type="pct">,</c> <w type="RB">almost</w> <w type="IN">by</w> <w type="NN">definition</w> <c type="pct">,</c> <w type="BER">are</w> <w type="NNS">spokesmen</w> <w type="IN">for</w> <w type="AT">an</w> <w type="VBN">alienated</w> <w type="NN">ideology</w> <c type="pct">.</c> </s>
<s n="83"><w type="PPS">It</w> <w type="BEZ">is</w> <w type="NEG">not</w> <w type="JJ">hard</w> <w type="TO">to</w> <w type="VB">find</w> <w type="DT">that</w> <w type="NN">concurrence</w> <w type="IN">of</w> <w type="NN">opinion</w> <w type="WDT">which</w> <w type="NP">Fromm</w> <w type="VBZ">finds</w> <w type="QL">so</w> <w type="JJ">remarkable</w> <w type="WRB">when</w> <w type="PPSS">you</w> <w type="VB">ignore</w> <w type="ABN">all</w> <w type="WPS">who</w> <w type="VB">hold</w> <w type="AT">a</w> <w type="JJ">different</w> <w type="NN">opinion</w> <c type="pct">.</c> </s>
</p>
<p><s n="84"><w type="VBG">Turning</w> <w type="IN">from</w> <w type="DTS">these</w> <w type="NNS">problems</w> <w type="IN">of</w> <w type="AT">the</w> <w type="NN">use</w> <w type="IN">of</w> <w type="NN">evidence</w> <c type="pct">,</c> <w type="PN">one</w> <w type="VBZ">meets</w> <w type="DT">another</w> <w type="NN">type</w> <w type="IN">of</w> <w type="NN">difficulty</w> <w type="IN">in</w> <w type="NPg">Fromm's</w> <w type="NN">analysis</w> <c type="pct">,</c> <w type="WDT">which</w> <w type="BEZ">is</w> <w type="PPg">his</w> <w type="JJ">loose</w> <w type="CC">and</w> <w type="JJ">ambiguous</w> <w type="NN">use</w> <w type="IN">of</w> <w type="AP">certain</w> <w type="JJ">important</w> <w type="NNS">terms</w> <c type="pct">.</c> </s>
<s n="85"><w type="CD">One</w> <w type="JJ">such</w> <w type="NN">instance</w> <w type="HVZ">has</w> <w type="RB">already</w> <w type="BEN">been</w> <w type="VBN">presented</w> <c type="pct">:</c> <w type="PPg">his</w> <w type="NN">use</w> <w type="IN">of</w> <w type="NN" subtype="NC">alienation</w> <c type="pct">.</c> </s>
<s n="86"><w type="AT">The</w> <w type="AP">only</w> <w type="AP">other</w> <w type="CD">one</w> <w type="PPSS">I</w> <w type="MD">shall</w> <w type="VB">mention</w> <w type="RB">here</w> <w type="BEZ">is</w> <w type="PPg">his</w> <w type="NN">use</w> <w type="IN">of</w> <w type="AT">the</w> <w type="NN">term</w> <w type="NN" subtype="NC">capitalism</w> <c type="pct">.</c> </s>
</p>
<p><s n="87"><w type="IN">For</w> <w type="NP">Fromm</w> <c type="pct">,</c> <w type="NN">capitalism</w> <w type="BEZ">is</w> <w type="AT">the</w> <w type="NN">enemy</w> <c type="pct">,</c> <w type="AT">the</w> <w type="NN">root</w> <w type="IN">of</w> <w type="ABN">all</w> <w type="NN">evil</w> <c type="pct">.</c> </s>
<s n="88"><w type="PPS">It</w> <w type="BEZ">is</w> <w type="IN">of</w> <w type="NN">course</w> <w type="JJ">useful</w> <w type="TO">to</w> <w type="HV">have</w> <w type="AT">a</w> <w type="JJ">sovereign</w> <w type="NN">cause</w> <w type="IN">on</w> <w type="PNg">one's</w> <w type="JJ">social</w> <w type="NN">criticism</w> <c type="pct">,</c> <w type="CS">for</w> <w type="PPS">it</w> <w type="VBZ">makes</w> <w type="NN">diagnosis</w> <w type="CC">and</w> <w type="NN">prescription</w> <w type="QL">much</w> <w type="JJR">easier</w> <w type="CS">than</w> <w type="PPSS">they</w> <w type="MD">might</w> <w type="RB">otherwise</w> <w type="BE">be</w> <c type="pct">.</c> </s>
</p>
<p></p></body></text></TEI>
