<TEI xmlns="http://www.tei-c.org/ns/1.0"><teiHeader><fileDesc><titleStmt><title>Sample J68 from  Charles R. Forker, "The Language of Hands in Great Expectations"
 Texas Studies in Literature and Language, III: 2 (Summer, 1961),
 280-284.
 </title></titleStmt><editionStmt><edition>A part  of the XML version of the Brown Corpus</edition></editionStmt><extent> 2,025 words 320 (15.8%) quotes</extent><publicationStmt><idno>J68</idno><availability><p>CopyrightThe University of Texas Press. Used by their and the</p></availability></publicationStmt><sourceDesc><bibl> Charles R. Forker, "The Language of Hands in Great Expectations"
 Texas Studies in Literature and Language, III: 2 (Summer, 1961),
 280-284.
 </bibl></sourceDesc></fileDesc><encodingDesc><p/></encodingDesc><revisionDesc><change when="2008-04-27">Header auto-generated for TEI version</change></revisionDesc></teiHeader>
<text xml:id="J68" decls="J">
<body><p><s n="1"><w type="JJ">Recent</w> <w type="NN">criticism</w> <w type="IN">of</w> <w type="JJ" subtype="TL">Great</w> <w type="NNS" subtype="TL">Expectations</w> <w type="HVZ">has</w> <w type="VBN">tended</w> <w type="TO">to</w> <w type="VB">emphasize</w> <w type="PPg">its</w> <w type="JJ">symbolic</w> <w type="CC">and</w> <w type="JJ">mythic</w> <w type="NN">content</w> <c type="pct">,</c> <w type="TO">to</w> <w type="VB">show</w> <c type="pct">,</c> <w type="CS">as</w> <w type="NP">M.</w> <w type="NP">D.</w> <w type="NP">Zabel</w> <w type="HVZ">has</w> <w type="VBN">said</w> <w type="IN">of</w> <w type="NP">Dickens</w> <w type="RB">generally</w> <c type="pct">,</c> <w type="CS">that</w> <w type="AP">much</w> <w type="IN">of</w> <w type="AT">the</w> <w type="NNg">novel's</w> <w type="NN">impact</w> <w type="VBZ">resides</w> <w type="IN">in</w> <w type="PPg">its</w> <c type="pct">``</c> <w type="JJ">allegoric</w> <w type="NN">insight</w> <w type="CC">and</w> <w type="JJ">moral</w> <w type="NN">metaphor</w> <c type="pct">''</c> <c type="pct">.</c> </s>
<s n="2"><w type="NP">J.</w> <w type="NP">H.</w> <w type="NPg">Miller's</w> <w type="JJ">excellent</w> <w type="NN">chapter</w> <w type="IN">on</w> <w type="JJ" subtype="TL">Great</w> <w type="NNS" subtype="TL">Expectations</w> <w type="HVZ">has</w> <w type="RB">lately</w> <w type="VBN">illustrated</w> <w type="WQL">how</w> <w type="RB">fruitfully</w> <w type="DT">that</w> <w type="NN">novel</w> <w type="MD">can</w> <w type="BE">be</w> <w type="VBN">read</w> <w type="IN">from</w> <w type="ABL">such</w> <w type="AT">a</w> <w type="NN">perspective</w> <c type="pct">.</c> </s>
<s n="3"><w type="IN">In</w> <w type="PPg">his</w> <w type="NN">analysis</w> <c type="pct">,</c> <w type="RB">however</w> <c type="pct">,</c> <w type="PPS">he</w> <w type="VBZ">touches</w> <w type="IN">upon</w> <w type="CC">but</w> <w type="VBZ">fails</w> <w type="TO">to</w> <w type="VB">explore</w> <w type="AT">an</w> <w type="NN">idea</w> <c type="pct">,</c> <w type="RB">generally</w> <w type="VBN">neglected</w> <w type="IN">in</w> <w type="NNS">discussions</w> <w type="IN">of</w> <w type="AT">the</w> <w type="NN">book</w> <c type="pct">,</c> <w type="WDT">which</w> <w type="PPSS">I</w> <w type="VB">believe</w> <w type="BEZ">is</w> <w type="JJ">central</w> <w type="IN">to</w> <w type="PPg">its</w> <w type="NN">art</w> <c type="pct">--</c> <w type="AT">the</w> <w type="NN">importance</w> <w type="IN">of</w> <w type="JJ">human</w> <w type="NNS">hands</w> <w type="CS">as</w> <w type="AT">a</w> <w type="VBG">recurring</w> <w type="NN">feature</w> <w type="IN">of</w> <w type="AT">the</w> <w type="NN">narrative</w> <c type="pct">.</c> </s>
<s n="4"><w type="DT">This</w> <w type="NN">essay</w> <w type="VBZ">seeks</w> <w type="TO">to</w> <w type="VB">make</w> <w type="DT">that</w> <w type="NN">exploration</w> <c type="pct">.</c> </s>
</p>
<p><s n="5"><w type="NP">Dickens</w> <w type="BEDZ">was</w> <w type="NEG">not</w> <w type="IN">for</w> <w type="PN">nothing</w> <w type="AT">the</w> <w type="QL">most</w> <w type="JJ">theatrical</w> <w type="IN">of</w> <w type="AT">the</w> <w type="JJ">great</w> <w type="JJ">Victorian</w> <w type="NNS">writers</w> <c type="pct">.</c> </s>
<s n="6"><w type="PPS">He</w> <w type="VBD">knew</w> <w type="RB">instinctively</w> <w type="CS">that</w> <w type="RB">next</w> <w type="IN">to</w> <w type="NN">voice</w> <w type="CC">and</w> <w type="NN">face</w> <w type="AT">an</w> <w type="NNg">actor's</w> <w type="NNS">hands</w> <w type="BER">are</w> <w type="PPg">his</w> <w type="QL">most</w> <w type="JJ">useful</w> <w type="NN">possession</w> <c type="pct">--</c> <w type="CS">that</w> <w type="IN">in</w> <w type="NN">fiction</w> <w type="CS">as</w> <w type="IN">in</w> <w type="AT">the</w> <w type="NN">theatre</w> <c type="pct">,</c> <w type="NN">gesture</w> <w type="BEZ">is</w> <w type="AT">an</w> <w type="JJ">indispensable</w> <w type="NN">shorthand</w> <w type="IN">for</w> <w type="VBG">individualizing</w> <w type="NN">character</w> <w type="CC">and</w> <w type="VBG">dramatizing</w> <w type="NN">action</w> <w type="CC">and</w> <w type="NN">response</w> <c type="pct">.</c> </s>
<s n="7"><w type="PPS">It</w> <w type="BEZ">is</w> <w type="QL">hardly</w> <w type="JJ">accidental</w> <c type="pct">,</c> <w type="RB">therefore</w> <c type="pct">,</c> <w type="CS">that</w> <w type="AP">many</w> <w type="IN">of</w> <w type="PPg">his</w> <w type="QL">most</w> <w type="JJ">vivid</w> <w type="NNS">figures</w> <w type="DO">do</w> <w type="JJ">suggestive</w> <w type="CC">or</w> <w type="JJ">eccentric</w> <w type="NNS">things</w> <w type="IN">with</w> <w type="PPg">their</w> <w type="NNS">hands</w> <c type="pct">.</c> </s>
<s n="8"><w type="IN">In</w> <w type="JJ" subtype="TL">Great</w> <w type="NNS" subtype="TL">Expectations</w> <w type="AT">the</w> <w type="NNS">hands</w> <w type="VB">become</w> <w type="RB">almost</w> <w type="AT">an</w> <w type="NN">obsession</w> <c type="pct">.</c> </s>
<s n="9"><w type="NP">Mr.</w> <w type="NP">Jaggers</w> <w type="RB">habitually</w> <w type="VBZ">bites</w> <w type="PPg">his</w> <w type="NN">forefinger</w> <c type="pct">,</c> <w type="AT">a</w> <w type="NN">gesture</w> <w type="WDT">which</w> <w type="VBZ">conveys</w> <w type="ABX">both</w> <w type="NN">contempt</w> <w type="CC">and</w> <w type="AT">the</w> <w type="JJ">inscrutable</w> <w type="NN">abstractedness</w> <w type="WPS">that</w> <w type="RB">half</w> <w type="VBZ">fascinates</w> <c type="pct">,</c> <w type="RB">half</w> <w type="VBZ">terrifies</w> <w type="ABN">all</w> <w type="WPS">who</w> <w type="HV">have</w> <w type="NNS">dealings</w> <w type="IN">with</w> <w type="PPO">him</w> <c type="pct">.</c> </s>
<s n="10"><w type="NP">Miss</w> <w type="NPg">Havisham's</w> <w type="VBN">withered</w> <w type="NNS">hands</w> <c type="pct">,</c> <w type="JJ">heavy</w> <w type="CS">as</w> <w type="CS">if</w> <w type="PPg">her</w> <w type="NN">unhappiness</w> <w type="BED">were</w> <w type="RB">somehow</w> <w type="VBN">concentrated</w> <w type="IN">in</w> <w type="PPO">them</w> <c type="pct">,</c> <w type="VB">move</w> <w type="IN">in</w> <w type="JJ">restless</w> <w type="NN">self-pity</w> <w type="IN">between</w> <w type="PPg">her</w> <w type="VBN">broken</w> <w type="NN">heart</w> <w type="CC">and</w> <w type="PPg">her</w> <w type="VBG">walking</w> <w type="NN">stick</w> <c type="pct">.</c> </s>
<s n="11"><w type="NPg">Pumblechook's</w> <c type="pct">``</c> <w type="NN">signature</w> <c type="pct">''</c> <w type="BEZ">is</w> <w type="AT">the</w> <w type="RB">perpetually</w> <w type="VBN">extended</w> <w type="JJ">glad</w> <w type="NN">hand</w> <c type="pct">.</c> </s>
<s n="12"><w type="NP">Wemmick</w> <w type="VBZ">reveals</w> <w type="PPg">his</w> <w type="NN">self-satisfaction</w> <w type="IN">by</w> <w type="RB">regularly</w> <w type="VBG">rubbing</w> <w type="PPg">his</w> <w type="NNS">hands</w> <w type="RB">together</w> <c type="pct">.</c> </s>
<s n="13"><w type="JJ">Old</w> <w type="NP">Mr.</w> <w type="NPg">Pocket's</w> <w type="JJ">frantic</w> <w type="NN">response</w> <w type="IN">to</w> <w type="NN">life</w> <w type="NN">imprisonment</w> <w type="IN">with</w> <w type="AT">a</w> <w type="JJ">useless</w> <c type="pct">,</c> <w type="JJ">social-climbing</w> <w type="NN">wife</w> <w type="BEZ">is</w> <w type="TO">to</w> <c type="pct">``</c> <w type="VB">put</w> <w type="PPg">his</w> <w type="CD">two</w> <w type="NNS">hands</w> <w type="IN">into</w> <w type="PPg">his</w> <w type="VBN">disturbed</w> <w type="NN">hair</w> <c type="pct">''</c> <w type="CC">and</w> <c type="pct">``</c> <w type="VB">make</w> <w type="AT">an</w> <w type="JJ">extraordinary</w> <w type="NN">effort</w> <w type="TO">to</w> <w type="VB">lift</w> <w type="PPL">himself</w> <w type="RP">up</w> <w type="IN">by</w> <w type="PPO">it</w> <c type="pct">''</c> <c type="pct">,</c> <w type="CS">whereas</w> <w type="NP">Joe</w> <w type="NP">Gargery</w> <w type="VBZ">endures</w> <w type="AT">the</w> <w type="JJ">shrewish</w> <w type="NNS">onslaughts</w> <w type="IN">of</w> <w type="NP">Mrs.</w> <w type="NP">Joe</w> <w type="IN">by</w> <w type="RB">apologetically</w> <w type="VBG">drawing</w> <c type="pct">``</c> <w type="AT">the</w> <w type="NN">back</w> <w type="IN">of</w> <w type="PPg">his</w> <w type="NN">hand</w> <w type="IN">across</w> <w type="CC">and</w> <w type="IN">across</w> <w type="PPg">his</w> <w type="NN">nose</w> <c type="pct">''</c> <c type="pct">.</c> </s>
</p>
<p><s n="14"><w type="JJ">Such</w> <w type="NNS">mannerisms</w> <w type="MD">would</w> <w type="BE">be</w> <w type="QL">less</w> <w type="JJ">worthy</w> <w type="IN">of</w> <w type="NN">remark</w> <c type="pct">,</c> <w type="BED">were</w> <w type="PPS">it</w> <w type="NEG">not</w> <w type="CS">that</w> <w type="IN">in</w> <w type="JJ" subtype="TL">Great</w> <w type="NNS" subtype="TL">Expectations</w> <c type="pct">,</c> <w type="CS">as</w> <w type="IN">in</w> <w type="AT">no</w> <w type="AP">other</w> <w type="IN">of</w> <w type="NPg">Dickens'</w> <w type="NNS">novels</w> <c type="pct">,</c> <w type="NNS">hands</w> <w type="VB">serve</w> <w type="CS">as</w> <w type="AT">a</w> <w type="NN">leitmotif</w> <w type="IN">of</w> <w type="NN">plot</w> <w type="CC">and</w> <w type="NN">theme</w> <c type="pct">--</c> <w type="AT">a</w> <w type="NN">kind</w> <w type="IN">of</w> <w type="VBG">unifying</w> <w type="NN">symbol</w> <w type="CC">or</w> <w type="JJ">natural</w> <w type="NN">metaphor</w> <w type="IN">for</w> <w type="AT">the</w> <w type="NNg">book's</w> <w type="NN">complex</w> <w type="IN">of</w> <w type="JJ">human</w> <w type="NNS">interrelationships</w> <w type="CC">and</w> <w type="AT">the</w> <w type="NNS">values</w> <w type="CC">and</w> <w type="NNS">attitudes</w> <w type="WPS">that</w> <w type="VB">motivate</w> <w type="PPO">them</w> <c type="pct">.</c> </s>
<s n="15"><w type="NP">Dickens</w> <w type="NEG">not</w> <w type="RB">only</w> <w type="VBZ">reveals</w> <w type="NN">character</w> <w type="IN">through</w> <w type="NN">gesture</w> <c type="pct">,</c> <w type="PPS">he</w> <w type="VBZ">makes</w> <w type="NNS">hands</w> <w type="AT">a</w> <w type="JJ">crucial</w> <w type="NN">element</w> <w type="IN">of</w> <w type="AT">the</w> <w type="NN">plot</w> <c type="pct">,</c> <w type="AT">a</w> <w type="NN">means</w> <w type="IN">of</w> <w type="VBG">clarifying</w> <w type="AT">the</w> <w type="NN">structure</w> <w type="IN">of</w> <w type="AT">the</w> <w type="NN">novel</w> <w type="IN">by</w> <w type="VBG">helping</w> <w type="TO">to</w> <w type="VB">define</w> <w type="AT">the</w> <w type="NNg">hero's</w> <w type="NNS">relations</w> <w type="IN">with</w> <w type="ABN">all</w> <w type="AT">the</w> <w type="JJ">major</w> <w type="NNS">characters</w> <c type="pct">,</c> <w type="CC">and</w> <w type="AT">a</w> <w type="NN">device</w> <w type="IN">for</w> <w type="VBG">ordering</w> <w type="JJ">such</w> <w type="JJ">diverse</w> <w type="NNS">themes</w> <w type="CS">as</w> <w type="NN">guilt</w> <c type="pct">,</c> <w type="NN">pursuit</w> <c type="pct">,</c> <w type="NN">crime</w> <c type="pct">,</c> <w type="NN">greed</w> <c type="pct">,</c> <w type="NN">education</w> <c type="pct">,</c> <w type="NN">materialism</w> <c type="pct">,</c> <w type="NN">enslavement</w> <c type="pct">(</c> <w type="IN">by</w> <w type="ABX">both</w> <w type="NNS">people</w> <w type="CC">and</w> <w type="NNS">institutions</w> <c type="pct">)</c> <c type="pct">,</c> <w type="NN">friendship</w> <c type="pct">,</c> <w type="JJ">romantic</w> <w type="NN">love</w> <c type="pct">,</c> <w type="NN">forgiveness</w> <c type="pct">,</c> <w type="CC">and</w> <w type="NN">redemption</w> <c type="pct">.</c> </s>
<s n="16"><w type="PPSS">We</w> <w type="HV">have</w> <w type="RB">only</w> <w type="TO">to</w> <w type="VB">think</w> <w type="IN">of</w> <w type="NN" subtype="TL">Lady</w> <w type="NP">Macbeth</w> <w type="CC">or</w> <w type="AT">the</w> <w type="NN">policeman-murderer</w> <w type="IN">in</w> <w type="NP">Thomas</w> <w type="NPg">Burke's</w> <w type="JJ">famous</w> <w type="NN">story</w> <c type="pct">,</c> <c type="pct">``</c> <w type="AT" subtype="TL">The</w> <w type="NNS" subtype="TL">Hands</w> <w type="IN" subtype="TL">Of</w> <w type="NP" subtype="TL">Mr.</w> <w type="NP" subtype="TL">Ottermole</w> <c type="pct">''</c> <c type="pct">,</c> <w type="TO">to</w> <w type="VB">realize</w> <w type="CS">that</w> <w type="NNS">hands</w> <w type="RB">often</w> <w type="VB">call</w> <w type="RP">up</w> <w type="NNS">ideas</w> <w type="IN">of</w> <w type="NN">crime</w> <w type="CC">and</w> <w type="NN">punishment</w> <c type="pct">.</c> </s>
<s n="17"><w type="RB">So</w> <w type="PPS">it</w> <w type="BEZ">is</w> <w type="IN">with</w> <w type="JJ" subtype="TL">Great</w> <w type="NNS" subtype="TL">Expectations</w> <c type="pct">,</c> <w type="CS">whether</w> <w type="AT">the</w> <w type="NNS">hands</w> <w type="BE">be</w> <w type="NPg">Orlick's</w> <w type="CS">as</w> <w type="PPS">he</w> <w type="VBZ">strikes</w> <w type="RP">down</w> <w type="NP">Mrs.</w> <w type="NP">Gargery</w> <w type="CC">or</w> <w type="NPg">Pip's</w> <w type="CS">as</w> <w type="PPS">he</w> <w type="VBZ">steals</w> <w type="AT">a</w> <w type="NN">pie</w> <w type="IN">from</w> <w type="PPg">her</w> <w type="NN">pantry</w> <c type="pct">.</c> </s>
<s n="18"><w type="JJ">Such</w> <w type="NNS">associations</w> <w type="VB">suit</w> <w type="RB">well</w> <w type="IN">with</w> <w type="AT">the</w> <w type="JJ">gothic</w> <w type="CC">or</w> <w type="NN">mystery-story</w> <w type="NNS">aspects</w> <w type="IN">of</w> <w type="NPg">Dickens'</w> <w type="NN">novel</w> <c type="pct">,</c> <w type="CC">but</w> <c type="pct">,</c> <w type="IN">on</w> <w type="AT">a</w> <w type="JJR">deeper</w> <w type="NN">plane</w> <c type="pct">,</c> <w type="PPSS">they</w> <w type="VB">relate</w> <w type="IN">to</w> <w type="AT">the</w> <w type="NNS">themes</w> <w type="IN">of</w> <w type="NN">sin</w> <c type="pct">,</c> <w type="NN">guilt</w> <c type="pct">,</c> <w type="CC">and</w> <w type="NN">pursuit</w> <w type="WPS">that</w> <w type="HV">have</w> <w type="RB">recently</w> <w type="BEN">been</w> <w type="VBN">analyzed</w> <w type="IN">by</w> <w type="AP">other</w> <w type="NNS">critics</w> <c type="pct">.</c> </s>
</p>
<p><s n="19"><w type="AT">The</w> <w type="NN">novel</w> <w type="VBZ">opens</w> <w type="IN">with</w> <w type="AT">a</w> <w type="NN">fugitive</w> <w type="NN">convict</w> <w type="RB">frantically</w> <w type="VBG">trying</w> <w type="TO">to</w> <w type="VB">avoid</w> <w type="AT">the</w> <w type="NN">nemesis</w> <w type="IN">of</w> <w type="BEG">being</w> <c type="pct">``</c> <w type="VBN">laid</w> <w type="NNS">hands</w> <w type="IN">on</w> <c type="pct">''</c> <c type="pct">--</c> <w type="AT">a</w> <w type="JJ">mysterious</w> <w type="NN">figure</w> <w type="WPS">who</w> <w type="VBZ">looks</w> <w type="IN">into</w> <w type="NPg">Pip's</w> <w type="VBN">frightened</w> <w type="NNS">eyes</w> <w type="IN">in</w> <w type="AT">the</w> <w type="NN">churchyard</w> <c type="pct">``</c> <w type="CS">as</w> <w type="CS">if</w> <w type="PPS">he</w> <w type="BED">were</w> <w type="VBG">eluding</w> <w type="AT">the</w> <w type="NNS">hands</w> <w type="IN">of</w> <w type="AT">the</w> <w type="JJ">dead</w> <w type="NNS">people</w> <c type="pct">,</c> <w type="VBG">stretching</w> <w type="RP">up</w> <w type="RB">cautiously</w> <w type="RP">out</w> <w type="IN">of</w> <w type="PPg">their</w> <w type="NNS">graves</w> <c type="pct">,</c> <w type="TO">to</w> <w type="VB">get</w> <w type="AT">a</w> <w type="NN">twist</w> <w type="IN">upon</w> <w type="PPg">his</w> <w type="NN">ankle</w> <w type="CC">and</w> <w type="VB">pull</w> <w type="PPO">him</w> <w type="RP">in</w> <c type="pct">''</c> <c type="pct">.</c> </s>
<s n="20"><w type="NP">Magwitch</w> <w type="VBZ">terrifies</w> <w type="NP">Pip</w> <w type="IN">into</w> <w type="VBG">stealing</w> <w type="AT">a</w> <w type="NN">pork</w> <w type="NN">pie</w> <w type="IN">for</w> <w type="PPO">him</w> <w type="IN">by</w> <w type="VBG">creating</w> <w type="AT">the</w> <w type="NN">image</w> <w type="IN">in</w> <w type="AT">the</w> <w type="NNg">boy's</w> <w type="NN">imagination</w> <w type="IN">of</w> <w type="AT">a</w> <w type="NN">bogy</w> <w type="NN">man</w> <w type="WPS">who</w> <w type="MD">may</w> <c type="pct">``</c> <w type="RB">softly</w> <w type="VB">creep</w> <w type="PPg">his</w> <w type="NN">way</w> <w type="IN">to</w> <w type="PPO">him</w> <w type="CC">and</w> <w type="VB">tear</w> <w type="PPO">him</w> <w type="JJ">open</w> <c type="pct">''</c> <c type="pct">,</c> <c type="pct">``</c> <w type="VBG">imbruing</w> <w type="PPg">his</w> <w type="NNS">hands</w> <c type="pct">''</c> <w type="IN">in</w> <w type="PPO">him</w> <c type="pct">.</c> </s>
<s n="21"><w type="CS">As</w> <w type="NP">Pip</w> <w type="VBZ">agonizes</w> <w type="IN">over</w> <w type="AT">the</w> <w type="NN">theft</w> <w type="WPS">that</w> <w type="PPg">his</w> <w type="JJ">own</w> <w type="NNS">hands</w> <w type="HV">have</w> <w type="VBN">committed</w> <c type="pct">,</c> <w type="PPg">his</w> <w type="JJ">guilty</w> <w type="NN">conscience</w> <w type="VBZ">projects</w> <w type="PPL">itself</w> <w type="IN">upon</w> <w type="AT">the</w> <w type="JJ">wooden</w> <w type="NN">finger</w> <w type="IN">of</w> <w type="AT">a</w> <w type="JJ">local</w> <w type="NN">signpost</w> <c type="pct">,</c> <w type="VBG">transforming</w> <w type="PPO">it</w> <w type="IN">into</w> <c type="pct">``</c> <w type="AT">a</w> <w type="NN">phantom</w> <w type="VBG">devoting</w> <w type="PPO">me</w> <w type="IN">to</w> <w type="AT">the</w> <w type="NNS" subtype="TL">Hulks</w> <c type="pct">''</c> <c type="pct">.</c> </s>
<s n="22"><w type="VBN">Held</w> <w type="RB">upside</w> <w type="RP">down</w> <w type="IN">in</w> <w type="AT">the</w> <w type="NN">graveyard</w> <c type="pct">,</c> <w type="NP">Pip</w> <w type="VBZ">clings</w> <w type="IN">in</w> <w type="NN">terror</w> <c type="pct">``</c> <w type="IN">with</w> <w type="ABX">both</w> <w type="NNS">hands</w> <c type="pct">''</c> <w type="IN">to</w> <w type="PPg">his</w> <w type="NN">convict</w> <c type="pct">;</c> <c type="pct">;</c> </s>
<s n="23"><w type="RBR">later</w> <w type="PPS">he</w> <w type="VBZ">flees</w> <w type="IN">in</w> <w type="NN">panic</w> <w type="IN">from</w> <w type="AT">the</w> <w type="NN">family</w> <w type="NN">table</w> <w type="RB">just</w> <w type="CS">as</w> <w type="PPg">his</w> <w type="NN">theft</w> <w type="BEZ">is</w> <w type="RB">about</w> <w type="TO">to</w> <w type="BE">be</w> <w type="VBN">discovered</w> <w type="CC">and</w> <w type="BEZ">is</w> <w type="VBN">blocked</w> <w type="IN">at</w> <w type="AT">the</w> <w type="JJ">front</w> <w type="NN">door</w> <w type="IN">by</w> <w type="AT">a</w> <w type="NN">soldier</w> <w type="WPS">who</w> <w type="RB">accusingly</w> <w type="VBZ">holds</w> <w type="RP">out</w> <w type="AT">a</w> <w type="NN">pair</w> <w type="IN">of</w> <w type="NNS">handcuffs</w> <w type="WDT">which</w> <w type="PPS">he</w> <w type="HVZ">has</w> <w type="VBN">brought</w> <w type="IN">to</w> <w type="NPg">Gargery's</w> <w type="NN">forge</w> <w type="IN">for</w> <w type="VBG">mending</w> <c type="pct">.</c> </s>
<s n="24"><w type="IN">Through</w> <w type="JJ">such</w> <w type="NNS">details</w> <w type="NP">Dickens</w> <w type="VBZ">indicates</w> <w type="IN">at</w> <w type="AT">the</w> <w type="NN">outset</w> <w type="CS">that</w> <w type="NN">guilt</w> <w type="BEZ">is</w> <w type="AT">a</w> <w type="NN">part</w> <w type="IN">of</w> <w type="AT">the</w> <w type="JJ">ironic</w> <w type="NN">bond</w> <w type="IN">between</w> <w type="NP">Pip</w> <w type="CC">and</w> <w type="NP">Magwitch</w> <w type="WDT">which</w> <w type="BEZ">is</w> <w type="QL">so</w> <w type="RB">unpredictably</w> <w type="TO">to</w> <w type="VB">alter</w> <w type="ABX">both</w> <w type="PPg">their</w> <w type="NNS">lives</w> <c type="pct">.</c> </s>
</p>
<p><s n="25"><w type="CS">Since</w> <w type="PPSS">they</w> <w type="RB">commonly</w> <w type="VB">translate</w> <w type="NNS">thoughts</w> <w type="CC">and</w> <w type="NNS">feelings</w> <w type="IN">into</w> <w type="NNS">deeds</w> <c type="pct">,</c> <w type="NNS">hands</w> <w type="RB">naturally</w> <w type="VB">represent</w> <w type="NN">action</w> <c type="pct">,</c> <w type="CC">and</w> <w type="CS">since</w> <w type="RB">nearly</w> <w type="ABN">half</w> <w type="AT">the</w> <w type="NNS">characters</w> <w type="IN">in</w> <w type="JJ" subtype="TL">Great</w> <w type="NNS" subtype="TL">Expectations</w> <w type="BER">are</w> <w type="IN">of</w> <w type="AT">the</w> <w type="NN">underworld</w> <w type="CC">or</w> <w type="RB">closely</w> <w type="VBN">allied</w> <w type="IN">to</w> <w type="PPO">it</w> <c type="pct">,</c> <w type="AT">the</w> <w type="NN">linking</w> <w type="IN">of</w> <w type="NNS">hands</w> <w type="IN">with</w> <w type="NN">crime</w> <w type="CC">or</w> <w type="NN">violence</w> <w type="BEZ">is</w> <w type="NEG">not</w> <w type="TO">to</w> <w type="BE">be</w> <w type="VBN">wondered</w> <w type="IN">at</w> <c type="pct">.</c> </s>
<s n="26"><w type="NP">Dickens</w> <c type="pct">,</c> <w type="IN">for</w> <w type="JJ">excellent</w> <w type="JJ">psychological</w> <w type="NNS">reasons</w> <c type="pct">,</c> <w type="RB">never</w> <w type="RB">fully</w> <w type="VBZ">reveals</w> <w type="NPg">Magwitch's</w> <w type="JJ">felonious</w> <w type="NN">past</w> <c type="pct">,</c> <w type="CC">but</w> <w type="NP">Pip</w> <c type="pct">,</c> <w type="IN">at</w> <w type="AT">the</w> <w type="NNg">convict's</w> <w type="JJ">climactic</w> <w type="NN">reappearance</w> <w type="IN">in</w> <w type="NP">London</w> <c type="pct">,</c> <w type="VBZ">shrinks</w> <w type="IN">from</w> <w type="VBG">clasping</w> <w type="AT">a</w> <w type="NN">hand</w> <w type="WDT">which</w> <w type="PPS">he</w> <w type="VBZ">fears</w> <c type="pct">``</c> <w type="MD">might</w> <w type="BE">be</w> <w type="VBN">stained</w> <w type="IN">with</w> <w type="NN">blood</w> <c type="pct">''</c> <c type="pct">.</c> </s>
<s n="27"><w type="NP">Orlick</w> <w type="VBZ">slouches</w> <w type="IN">about</w> <w type="AT">the</w> <w type="NN">forge</w> <c type="pct">``</c> <w type="CS">like</w> <w type="NP">Cain</w> <c type="pct">''</c> <w type="IN">with</w> <c type="pct">``</c> <w type="PPg">his</w> <w type="NNS">hands</w> <w type="IN">in</w> <w type="PPg">his</w> <w type="NNS">pockets</w> <c type="pct">''</c> <c type="pct">,</c> <w type="CC">and</w> <w type="WRB">when</w> <w type="PPS">he</w> <w type="VBZ">shouts</w> <w type="NN">abuse</w> <w type="IN">at</w> <w type="NP">Mrs.</w> <w type="NP">Joe</w> <w type="IN">for</w> <w type="VBG">objecting</w> <w type="IN">to</w> <w type="PPg">his</w> <w type="NN">holiday</w> <c type="pct">,</c> <w type="PPS">she</w> <w type="VBZ">claps</w> <w type="PPg">her</w> <w type="NNS">hands</w> <w type="IN">in</w> <w type="AT">a</w> <w type="NN">tantrum</w> <c type="pct">,</c> <w type="VBZ">beats</w> <w type="PPO">them</w> <c type="pct">``</c> <w type="IN">upon</w> <w type="PPg">her</w> <w type="NN">bosom</w> <w type="CC">and</w> <w type="IN">upon</w> <w type="PPg">her</w> <w type="NNS">knees</w> <c type="pct">''</c> <c type="pct">,</c> <w type="CC">and</w> <w type="VBZ">clenches</w> <w type="PPO">them</w> <w type="IN">in</w> <w type="PPg">her</w> <w type="NNg">husband's</w> <w type="NN">hair</w> <c type="pct">.</c> </s>
<s n="28"><w type="DT">This</w> <w type="AP">last</w> <c type="pct">``</c> <w type="NN">rampage</w> <c type="pct">''</c> <w type="BEZ">is</w> <w type="RB">only</w> <w type="AT">the</w> <w type="NN">prelude</w> <w type="IN">to</w> <w type="AT">the</w> <w type="JJ">vicious</w> <w type="NN">blow</w> <w type="IN">upon</w> <w type="PPg">her</w> <w type="NN">head</w> <c type="pct">,</c> <c type="pct">``</c> <w type="VBN">dealt</w> <w type="IN">by</w> <w type="DTI">some</w> <w type="JJ">unknown</w> <w type="NN">hand</w> <c type="pct">''</c> <w type="WPg">whose</w> <w type="NN">identity</w> <w type="BEZ">is</w> <w type="RBR">later</w> <w type="VBN">revealed</w> <w type="NEG">not</w> <w type="RB">verbally</w> <w type="CC">but</w> <w type="IN">through</w> <w type="AT">a</w> <w type="JJ">manual</w> <w type="NN">action</w> <c type="pct">--</c> <w type="AT">the</w> <w type="NN">tracing</w> <w type="IN">of</w> <w type="NPg">Orlick's</w> <w type="NN">hammer</w> <w type="IN">upon</w> <w type="AT">a</w> <w type="NN">slate</w> <c type="pct">.</c> </s>
<s n="29"><w type="NP">Pip</w> <w type="PPL">himself</w> <w type="BEZ">is</w> <w type="TO">to</w> <w type="VB">feel</w> <w type="AT">the</w> <w type="NN">terror</w> <w type="IN">of</w> <w type="NPg">Orlick's</w> <c type="pct">``</c> <w type="JJ">murderous</w> <w type="NN">hand</w> <c type="pct">''</c> <w type="IN">in</w> <w type="PPg">his</w> <w type="JJ">secret</w> <w type="NN">rendezvous</w> <w type="IN">at</w> <w type="AT">the</w> <w type="NN">sluicehouse</w> <w type="IN">on</w> <w type="AT">the</w> <w type="NNS">marshes</w> <c type="pct">.</c> </s>
<s n="30"><w type="NP">Dickens</w> <w type="VBZ">lays</w> <w type="JJ">great</w> <w type="NN">emphasis</w> <w type="IN">on</w> <w type="AT">the</w> <w type="NNS">hands</w> <w type="IN">in</w> <w type="DT">this</w> <w type="NN">scene</w> <c type="pct">.</c> </s>
<s n="31"><w type="NP">Orlick</w> <w type="VBZ">shakes</w> <w type="PPg">his</w> <w type="NN">hand</w> <w type="IN">at</w> <w type="NP">Pip</w> <c type="pct">,</c> <w type="VBZ">bangs</w> <w type="AT">the</w> <w type="NN">table</w> <w type="IN">with</w> <w type="PPg">his</w> <w type="NN">fist</w> <c type="pct">,</c> <w type="VBZ">draws</w> <w type="PPg">his</w> <w type="VBN">unclenched</w> <w type="NN">hand</w> <c type="pct">``</c> <w type="IN">across</w> <w type="PPg">his</w> <w type="NN">mouth</w> <w type="CS">as</w> <w type="CS">if</w> <w type="PPg">his</w> <w type="NN">mouth</w> <w type="VBD">watered</w> <c type="pct">''</c> <w type="IN">for</w> <w type="PPg">his</w> <w type="NN">victim</w> <c type="pct">,</c> <w type="VBZ">lets</w> <w type="PPg">his</w> <w type="NNS">hands</w> <w type="VB">hang</w> <c type="pct">``</c> <w type="JJ">loose</w> <w type="CC">and</w> <w type="JJ">heavy</w> <w type="IN">at</w> <w type="PPg">his</w> <w type="NNS">sides</w> <c type="pct">''</c> <c type="pct">,</c> <w type="CC">and</w> <w type="NP">Pip</w> <w type="VBZ">observes</w> <w type="PPO">him</w> <w type="QL">so</w> <w type="RB">intensely</w> <w type="CS">that</w> <w type="PPS">he</w> <w type="VBZ">knows</w> <c type="pct">``</c> <w type="IN">of</w> <w type="AT">the</w> <w type="JJT">slightest</w> <w type="NN">action</w> <w type="IN">of</w> <w type="PPg">his</w> <w type="NNS">fingers</w> <c type="pct">''</c> <c type="pct">.</c> </s>
<s n="32"><w type="NP">Orlick</w> <w type="MD">might</w> <w type="RB">almost</w> <w type="BE">be</w> <w type="NPg">Magwitch's</w> <w type="NN">bogy</w> <w type="NN">man</w> <w type="VBN">come</w> <w type="JJ">alive</w> <c type="pct">,</c> <w type="AT">a</w> <w type="NN">figure</w> <w type="IN">of</w> <w type="NN">nemesis</w> <w type="IN">from</w> <w type="NPg">Pip's</w> <w type="NN">phantasy</w> <w type="IN">of</w> <w type="NN">guilt</w> <c type="pct">.</c> </s>
</p>
<p><s n="33"><w type="AT">The</w> <w type="VBN">scarred</w> <c type="pct">,</c> <w type="VBN">disfigured</w> <w type="NNS">wrists</w> <w type="IN">of</w> <w type="NP">Mr.</w> <w type="NPg">Jaggers'</w> <w type="NN">housekeeper</w> <w type="BER">are</w> <w type="AT">the</w> <w type="JJ">tell-tale</w> <w type="NNS">marks</w> <w type="IN">of</w> <w type="PPg">her</w> <w type="JJ">sinister</w> <w type="NN">past</w> <c type="pct">,</c> <w type="CS">for</w> <w type="PPg">her</w> <w type="NN">master</w> <c type="pct">,</c> <w type="RB">coolly</w> <w type="VBG">exhibiting</w> <w type="PPO">them</w> <w type="IN">to</w> <w type="PPg">his</w> <w type="NN">dinner</w> <w type="NNS">guests</w> <c type="pct">,</c> <w type="VBZ">makes</w> <w type="AT">a</w> <w type="NN">point</w> <w type="IN">of</w> <w type="AT">the</w> <c type="pct">``</c> <w type="NN">force</w> <w type="IN">of</w> <w type="NN">grip</w> <w type="EX">there</w> <w type="BEZ">is</w> <w type="IN">in</w> <w type="DTS">these</w> <w type="NNS">hands</w> <c type="pct">''</c> <c type="pct">.</c> </s>
<s n="34"><w type="NPg">Jaggers'</w> <w type="JJ">iron</w> <w type="NN">control</w> <w type="IN">over</w> <w type="PPO">her</w> <c type="pct">(</c> <c type="pct">``</c> <w type="PPS">she</w> <w type="MD">would</w> <w type="VB">remove</w> <w type="PPg">her</w> <w type="NNS">hands</w> <w type="IN">from</w> <w type="DTI">any</w> <w type="NN">dish</w> <w type="PPS">she</w> <w type="VBD">put</w> <w type="IN">before</w> <w type="PPO">him</w> <c type="pct">,</c> <w type="RB">hesitatingly</w> <c type="pct">,</c> <w type="CS">as</w> <w type="CS">if</w> <w type="PPS">she</w> <w type="VBD">dreaded</w> <w type="PPg">his</w> <w type="VBG">calling</w> <w type="PPO">her</w> <w type="RB">back</w> <c type="pct">)</c> <c type="pct">''</c> <c type="pct">)</c> <w type="VBZ">rests</w> <w type="IN">on</w> <w type="PPg">his</w> <w type="HVG">having</w> <w type="RB">once</w> <w type="VBN">got</w> <w type="PPO">her</w> <w type="VBN">acquitted</w> <w type="IN">of</w> <w type="AT">a</w> <w type="NN">murder</w> <w type="NN">charge</w> <w type="IN">by</w> <w type="RB">cleverly</w> <w type="VBG">contriving</w> <w type="PPg">her</w> <w type="NNS">sleeves</w> <w type="IN">at</w> <w type="AT">the</w> <w type="NN">trial</w> <w type="TO">to</w> <w type="VB">conceal</w> <w type="PPg">her</w> <w type="NN">strength</w> <w type="CC">and</w> <w type="IN">by</w> <w type="VBG">passing</w> <w type="RP">off</w> <w type="AT">the</w> <w type="NNS">lacerations</w> <w type="IN">on</w> <w type="AT">the</w> <w type="NNS">backs</w> <w type="IN">of</w> <w type="PPg">her</w> <w type="NNS">hands</w> <w type="CS">as</w> <w type="AT">the</w> <w type="NNS">scratches</w> <w type="IN">of</w> <w type="NNS">brambles</w> <w type="RB">rather</w> <w type="CS">than</w> <w type="IN">of</w> <w type="JJ">human</w> <w type="NNS">fingernails</w> <c type="pct">.</c> </s>
<s n="35"><w type="PPS">It</w> <w type="BEZ">is</w> <w type="AT">the</w> <w type="NN">similarity</w> <w type="IN">between</w> <w type="NPg">Estella's</w> <w type="NNS">hands</w> <w type="CC">and</w> <w type="NPg">Molly's</w> <c type="pct">(</c> <c type="pct">``</c> <w type="AT">The</w> <w type="NN">action</w> <w type="IN">of</w> <w type="PPg">her</w> <w type="NNS">fingers</w> <w type="BEDZ">was</w> <w type="CS">like</w> <w type="AT">the</w> <w type="NN">action</w> <w type="IN">of</w> <w type="VBG">knitting</w> <c type="pct">''</c> <c type="pct">)</c> <w type="WPS">that</w> <w type="VBZ">provides</w> <w type="NP">Pip</w> <w type="IN">with</w> <w type="AT">a</w> <w type="JJ">vital</w> <w type="NN">clue</w> <w type="IN">to</w> <w type="AT">the</w> <w type="JJ">real</w> <w type="NN">identity</w> <w type="IN">of</w> <w type="ABX">both</w> <w type="CC">and</w> <w type="VBZ">establishes</w> <w type="AT">a</w> <w type="JJ">symbolic</w> <w type="NN">connection</w> <w type="IN">between</w> <w type="AT">the</w> <w type="NN">underworld</w> <w type="IN">of</w> <w type="NN">crime</w> <w type="CC">and</w> <w type="AT">the</w> <w type="JJ">genteel</w> <w type="NN">cruelty</w> <w type="IN">of</w> <w type="NP" subtype="TL">Satis</w> <w type="NN" subtype="TL">House</w> <c type="pct">.</c> </s>
<s n="36"><w type="RB">Finally</w> <c type="pct">,</c> <w type="NPg">Magwitch's</w> <w type="NN">pursuit</w> <w type="IN">of</w> <w type="NP">Compeyson</w> <c type="pct">,</c> <w type="PPg">his</w> <w type="NN">archenemy</w> <w type="CC">and</w> <w type="NN">betrayer</w> <c type="pct">,</c> <w type="VBZ">begins</w> <w type="IN">by</w> <w type="PPg">his</w> <w type="NN">holding</w> <w type="PPO">him</w> <w type="IN">in</w> <w type="AT">a</w> <w type="JJ">vicelike</w> <w type="NN">grip</w> <w type="IN">on</w> <w type="AT">the</w> <w type="NN">river</w> <w type="NNS">flats</w> <w type="TO">to</w> <w type="VB">frustrate</w> <w type="PPg">his</w> <w type="NN">escape</w> <w type="CC">and</w> <w type="VBZ">culminates</w> <w type="IN">in</w> <w type="PPg">his</w> <c type="pct">``</c> <w type="NN">laying</w> <w type="PPg">his</w> <w type="NN">hand</w> <w type="IN">on</w> <w type="PPg">his</w> <w type="NN">cloak</w> <w type="TO">to</w> <w type="VB">identify</w> <w type="PPO">him</w> <c type="pct">''</c> <c type="pct">,</c> <w type="RB">thus</w> <w type="VBG">precipitating</w> <w type="AT">the</w> <w type="JJ">death-locked</w> <w type="NN">struggle</w> <w type="IN">in</w> <w type="AT">the</w> <w type="NN">water</w> <w type="IN">during</w> <w type="WDT">which</w> <w type="NP">Compeyson</w> <w type="VBZ">drowns</w> <c type="pct">.</c> </s>
<s n="37"><w type="NPg">Magwitch's</w> <w type="NN">hand</w> <w type="RB">here</w> <w type="RB">ironically</w> <w type="VBZ">becomes</w> <w type="AT">the</w> <w type="NN">agent</w> <w type="IN">of</w> <w type="NN">justice</w> <c type="pct">.</c> </s>
</p>
<p><s n="38"><w type="CC">But</w> <w type="RB">only</w> <w type="IN">in</w> <w type="CD">one</w> <w type="IN">of</w> <w type="PPg">its</w> <w type="NNS">aspects</w> <w type="BEZ">is</w> <w type="JJ" subtype="TL">Great</w> <w type="NNS" subtype="TL">Expectations</w> <w type="AT">a</w> <w type="NN">tale</w> <w type="IN">of</w> <w type="NN">violence</w> <c type="pct">,</c> <w type="NN">revenge</w> <c type="pct">,</c> <w type="CC">and</w> <w type="NN">retribution</w> <c type="pct">.</c> </s>
<s n="39"><w type="NN">Money</w> <c type="pct">,</c> <w type="QL">so</w> <w type="JJ">important</w> <w type="AT">a</w> <w type="NN">theme</w> <w type="RB">elsewhere</w> <w type="IN">in</w> <w type="NP">Dickens</w> <c type="pct">,</c> <w type="BEZ">is</w> <w type="RB">here</w> <w type="JJ">central</w> <c type="pct">,</c> <w type="CC">and</w> <w type="NNS">hands</w> <w type="BER">are</w> <w type="RB">often</w> <w type="VBN">associated</w> <w type="IN">in</w> <w type="DTI">some</w> <w type="NN">way</w> <w type="IN">with</w> <w type="AT">the</w> <w type="JJ">false</w> <w type="NNS">values</w> <c type="pct">--</c> <w type="NN">acquisitiveness</w> <c type="pct">,</c> <w type="NN">snobbery</w> <c type="pct">,</c> <w type="NN">self-interest</w> <c type="pct">,</c> <w type="NN">hypocrisy</w> <c type="pct">,</c> <w type="NN">toadyism</w> <c type="pct">,</c> <w type="NN">irresponsibility</w> <c type="pct">,</c> <w type="NN">injustice</w> <c type="pct">--</c> <w type="WPS">that</w> <w type="VB">attach</w> <w type="IN">to</w> <w type="AT">a</w> <w type="NN">society</w> <w type="VBN">based</w> <w type="IN">upon</w> <w type="AT">the</w> <w type="NN">pursuit</w> <w type="IN">of</w> <w type="NN">wealth</w> <c type="pct">.</c> </s>
<s n="40"><w type="NP">Dickens</w> <w type="VBZ">suggests</w> <w type="AT">the</w> <w type="JJ">economic</w> <w type="NNS">evils</w> <w type="IN">of</w> <w type="ABL">such</w> <w type="AT">a</w> <w type="NN">society</w> <w type="IN">on</w> <w type="AT">the</w> <w type="OD">first</w> <w type="NN">page</w> <w type="IN">of</w> <w type="PPg">his</w> <w type="NN">novel</w> <w type="IN">in</w> <w type="AT">the</w> <w type="NN">description</w> <w type="IN">of</w> <w type="NPg">Pip's</w> <w type="CD">five</w> <w type="JJ">little</w> <w type="JJ">dead</w> <w type="NNS">brothers</w> <c type="pct">``</c> <w type="WPS">who</w> <w type="VBD">gave</w> <w type="RP">up</w> <w type="VBG">trying</w> <w type="TO">to</w> <w type="VB">get</w> <w type="AT">a</w> <w type="NN">living</w> <w type="QL">exceedingly</w> <w type="RB">early</w> <w type="IN">in</w> <w type="DT">that</w> <w type="JJ">universal</w> <w type="NN">struggle</w> <c type="pct">''</c> <c type="pct">,</c> <w type="WPS">who</w> <w type="VBD">seemed</w> <w type="TO">to</w> <w type="HV">have</w> <c type="pct">``</c> <w type="ABN">all</w> <w type="BEN">been</w> <w type="VBN">born</w> <w type="IN">on</w> <w type="PPg">their</w> <w type="NNS">backs</w> <w type="IN">with</w> <w type="PPg">their</w> <w type="NNS">hands</w> <w type="IN">in</w> <w type="PPg">their</w> <w type="NNS">trousers-pockets</w> <c type="pct">,</c> <w type="CC">and</w> <w type="HVD">had</w> <w type="RB">never</w> <w type="VBN">taken</w> <w type="PPO">them</w> <w type="RP">out</w> <w type="IN">in</w> <w type="DT">this</w> <w type="NN">state</w> <w type="IN">of</w> <w type="NN">existence</w> <c type="pct">''</c> <c type="pct">.</c> </s>
<s n="41"><w type="NPg">Pip's</w> <w type="JJ">great</w> <w type="NNS">expectations</w> <c type="pct">,</c> <w type="PPg">his</w> <w type="NN">progress</w> <w type="IN">through</w> <w type="NN">illusion</w> <w type="CC">and</w> <w type="NN">disillusionment</w> <c type="pct">,</c> <w type="VB">turn</w> <c type="pct">,</c> <w type="RB">somewhat</w> <w type="CS">as</w> <w type="PPSS">they</w> <w type="DO">do</w> <w type="IN">for</w> <w type="AT">the</w> <w type="JJ">naive</w> <w type="NN">hero</w> <w type="IN">of</w> <w type="NPg">Dreiser's</w> <w type="JJ" subtype="TL">American</w> <w type="NN" subtype="TL">Tragedy</w> <c type="pct">,</c> <w type="IN">upon</w> <w type="AT">the</w> <w type="NN">lure</w> <w type="IN">of</w> <w type="JJ">genteel</w> <w type="NN">prosperity</w> <w type="IN">through</w> <w type="JJ">unearned</w> <w type="NN">income</w> <c type="pct">--</c> <w type="WDT">what</w> <w type="NP">Wemmick</w> <w type="VBZ">calls</w> <c type="pct">``</c> <w type="JJ">portable</w> <w type="NN">property</w> <c type="pct">''</c> <w type="CC">and</w> <w type="WDT">what</w> <w type="NP">Jaggers</w> <w type="VBZ">reproaches</w> <w type="NP">Pip</w> <w type="IN">for</w> <w type="VBG">letting</w> <c type="pct">``</c> <w type="NN">slip</w> <w type="IN">through</w> <c type="pct">(</c> <w type="PPg">his</w> <c type="pct">)</c> <w type="NNS">fingers</w> <c type="pct">''</c> <c type="pct">.</c> </s>
</p>
<p><s n="42"><w type="CS">Since</w> <w type="AT">a</w> <w type="NN">gentleman</w> <w type="MD">must</w> <c type="pct">,</c> <w type="CS">if</w> <w type="JJ">possible</w> <c type="pct">,</c> <w type="VB">avoid</w> <w type="VBG">sullying</w> <w type="PPO">them</w> <w type="IN">by</w> <w type="NN">work</w> <c type="pct">,</c> <w type="PPg">his</w> <w type="NNS">hands</w> <c type="pct">,</c> <w type="QL">as</w> <w type="RB">importantly</w> <w type="CS">as</w> <w type="PPg">his</w> <w type="NN">accent</w> <c type="pct">,</c> <w type="VB">become</w> <w type="AT">the</w> <w type="NN">index</w> <w type="IN">of</w> <w type="JJ">social</w> <w type="NN">status</w> <c type="pct">.</c> </s>
<s n="43"><w type="RB">Almost</w> <w type="AT">the</w> <w type="OD">first</w> <w type="NN">step</w> <w type="IN">in</w> <w type="AT">the</w> <w type="NN">corruption</w> <w type="IN">of</w> <w type="NPg">Pip's</w> <w type="NNS">values</w> <w type="BEZ">is</w> <w type="AT">the</w> <w type="JJ">unworthy</w> <w type="NN">shame</w> <w type="PPS">he</w> <w type="VBZ">feels</w> <w type="WRB">when</w> <w type="NP">Estella</w> <w type="RB">cruelly</w> <w type="VBZ">remarks</w> <w type="AT">the</w> <w type="NN">coarseness</w> <w type="IN">of</w> <w type="PPg">his</w> <w type="NNS">hands</w> <c type="pct">:</c> <c type="pct">``</c> <w type="PPSS">They</w> <w type="HVD">had</w> <w type="RB">never</w> <w type="VBN">troubled</w> <w type="PPO">me</w> <w type="RB">before</w> <c type="pct">,</c> <w type="CC">but</w> <w type="PPSS">they</w> <w type="VBD">troubled</w> <w type="PPO">me</w> <w type="RB">now</w> <c type="pct">,</c> <w type="CS">as</w> <w type="JJ">vulgar</w> <w type="NNS">appendages</w> <c type="pct">''</c> <c type="pct">.</c> </s>
<s n="44"><w type="NP">Pip</w> <w type="VBZ">imagines</w> <w type="WRB">how</w> <w type="NP">Estella</w> <w type="MD">would</w> <w type="VB">look</w> <w type="RP">down</w> <w type="IN">upon</w> <w type="NPg">Joe's</w> <w type="NNS">hands</w> <c type="pct">,</c> <w type="VBN">roughened</w> <w type="IN">by</w> <w type="NN">work</w> <w type="IN">in</w> <w type="AT">the</w> <w type="NN">smithy</w> <c type="pct">,</c> <w type="CC">and</w> <w type="AT">the</w> <w type="JJ">deliberate</w> <w type="NN">contrast</w> <w type="IN">between</w> <w type="PPg">her</w> <w type="JJ">white</w> <w type="NNS">hands</w> <w type="CC">and</w> <w type="PPg">his</w> <w type="VBN">blackened</w> <w type="NNS">ones</w> <w type="BEZ">is</w> <w type="VBN">made</w> <w type="TO">to</w> <w type="VB">symbolize</w> <w type="AT">the</w> <w type="NN">opposition</w> <w type="IN">of</w> <w type="NNS">values</w> <w type="IN">between</w> <w type="WDT">which</w> <w type="NP">Pip</w> <w type="VBZ">struggles</w> <c type="pct">--</c> <w type="NN">idleness</w> <w type="CC">and</w> <w type="NN">work</w> <c type="pct">,</c> <w type="NN">artificiality</w> <w type="CC">and</w> <w type="NN">naturalness</w> <c type="pct">,</c> <w type="NN">gentility</w> <w type="CC">and</w> <w type="NN">commonness</w> <c type="pct">,</c> <w type="NN">coldness</w> <w type="CC">and</w> <w type="NN">affection</w> <c type="pct">--</c> <w type="IN">in</w> <w type="NN">fact</w> <c type="pct">,</c> <w type="IN">between</w> <w type="NP" subtype="TL">Satis</w> <w type="NN" subtype="TL">House</w> <w type="CC">and</w> <w type="AT">the</w> <w type="NN">forge</w> <c type="pct">.</c> </s>
<s n="45"><w type="WRB">When</w> <w type="AT">the</w> <w type="NN">snobbery</w> <w type="WPS">that</w> <w type="VBZ">alienates</w> <w type="NP">Pip</w> <w type="IN">from</w> <w type="NP">Joe</w> <w type="RB">finally</w> <w type="VBZ">gives</w> <w type="NN">way</w> <w type="IN">before</w> <w type="AT">the</w> <w type="JJR">deeper</w> <w type="CC">and</w> <w type="JJR">stronger</w> <w type="NN">force</w> <w type="IN">of</w> <w type="NN">love</w> <c type="pct">,</c> <w type="AT">the</w> <w type="NN">reunion</w> <w type="BEZ">is</w> <w type="VBN">marked</w> <w type="IN">by</w> <w type="AT">an</w> <w type="VBN">embarrassed</w> <w type="NN">handshake</w> <w type="IN">at</w> <w type="WDT">which</w> <w type="NP">Pip</w> <w type="VBZ">exclaims</w> <c type="pct">:</c> <c type="pct">``</c> <w type="RB">No</w> <c type="pct">,</c> <mw pos="DO *">don't </mw><w type="VB">wipe</w> <w type="PPO">it</w> <w type="RP">off</w> <c type="pct">--</c> <w type="IN">for</w> <w type="NPg">God's</w> <w type="NN">sake</w> <c type="pct">,</c> <w type="VB">give</w> <w type="PPO">me</w> <w type="PPg">your</w> <w type="VBN">blackened</w> <w type="NN">hand</w> <c type="pct">''</c> <c type="pct">!</c> <c type="pct">!</c> </s>
</p>
<p><s n="46"><w type="NPg">Pip's</w> <w type="JJ">abject</w> <w type="NN">leave-taking</w> <w type="IN">of</w> <w type="NP">Miss</w> <w type="NP">Havisham</w> <c type="pct">,</c> <w type="IN">during</w> <w type="WDT">which</w> <w type="PPS">he</w> <w type="VBZ">kneels</w> <w type="TO">to</w> <w type="VB">kiss</w> <w type="PPg">her</w> <w type="NN">hand</w> <c type="pct">,</c> <w type="VBZ">signalizes</w> <w type="PPg">his</w> <w type="NN">homage</w> <w type="IN">to</w> <w type="AT">a</w> <w type="VBN">supposed</w> <w type="NN">patroness</w> <w type="WPS">who</w> <w type="VBZ">seems</w> <w type="TO">to</w> <w type="BE">be</w> <w type="VBG">opening</w> <w type="RP">up</w> <w type="IN">for</w> <w type="PPO">him</w> <w type="AT">a</w> <w type="JJ">new</w> <w type="NN">world</w> <w type="IN">of</w> <w type="NN">glamour</w> <c type="pct">;</c> <c type="pct">;</c> </s>
<s n="47"><w type="WRB">when</w> <c type="pct">,</c> <w type="IN">on</w> <w type="AT">the</w> <w type="NN">journey</w> <w type="IN">to</w> <w type="NP">London</w> <w type="WPS">that</w> <w type="RB">immediately</w> <w type="VBZ">follows</w> <c type="pct">,</c> <w type="PPS">he</w> <w type="VBZ">pauses</w> <w type="RB">nostalgically</w> <w type="TO">to</w> <w type="VB">lay</w> <w type="PPg">his</w> <w type="NN">hand</w> <w type="IN">upon</w> <w type="AT">the</w> <w type="NN">finger-post</w> <w type="IN">at</w> <w type="AT">the</w> <w type="NN">end</w> <w type="IN">of</w> <w type="AT">the</w> <w type="NN">village</w> <c type="pct">,</c> <w type="AT">the</w> <w type="JJ">wooden</w> <w type="NN">pointer</w> <w type="RB">symbolically</w> <w type="VBZ">designates</w> <w type="AT">a</w> <w type="JJ">spiritual</w> <w type="NN">frontier</w> <w type="IN">between</w> <w type="NN">innocence</w> <w type="CC">and</w> <w type="AT">the</w> <w type="NN">corruption</w> <w type="IN">of</w> <w type="JJ">worldly</w> <w type="NN">vanity</w> <c type="pct">.</c> </s>
<s n="48"><w type="RB">Incidentally</w> <c type="pct">,</c> <w type="PN">one</w> <mw pos="MD *">cannot </mw><w type="VB">miss</w> <w type="AT">the</w> <w type="NN">significance</w> <w type="IN">of</w> <w type="DT">this</w> <w type="NN">gesture</w> <c type="pct">,</c> <w type="CS">for</w> <w type="NP">Dickens</w> <w type="VBZ">reintroduces</w> <w type="PPO">it</w> <w type="RB">associatively</w> <w type="IN">in</w> <w type="NPg">Pip's</w> <w type="NN">mind</w> <w type="IN">at</w> <w type="DT">another</w> <w type="JJ">moral</w> <w type="CC">and</w> <w type="JJ">psychological</w> <w type="NN">crisis</w> <c type="pct">--</c> <w type="PPg">his</w> <w type="JJ">painful</w> <w type="NN">recognition</w> <c type="pct">,</c> <w type="IN">in</w> <w type="AT">a</w> <w type="NN">talk</w> <w type="IN">with</w> <w type="NP">Herbert</w> <w type="NP">Pocket</w> <c type="pct">,</c> <w type="CS">that</w> <w type="PPg">his</w> <w type="JJ">hopeless</w> <w type="NN">attachment</w> <w type="IN">to</w> <w type="NP">Estella</w> <w type="BEZ">is</w> <w type="QL">as</w> <w type="JJ">self-destructive</w> <w type="CS">as</w> <w type="PPS">it</w> <w type="BEZ">is</w> <w type="JJ">romantic</w> <c type="pct">.</c> </s>
<s n="49"><w type="IN">In</w> <w type="ABX">both</w> <w type="NNS">cases</w> <w type="AT">the</w> <w type="NN">finger-post</w> <w type="VBZ">represents</w> <w type="NPg">Pip's</w> <w type="VBN">heightened</w> <w type="NN">awareness</w> <w type="IN">of</w> <w type="JJ">contrary</w> <w type="NNS">magnetisms</w> <c type="pct">.</c> </s>
</p>
<p><s n="50"><w type="AT">A</w> <w type="NN">variety</w> <w type="IN">of</w> <w type="NN">hand</w> <w type="NNS">movements</w> <w type="VBZ">helps</w> <w type="VB">dramatize</w> <w type="AT">the</w> <w type="JJ">moral</w> <w type="NN">climate</w> <w type="IN">of</w> <w type="AT">the</w> <w type="VBN">fallen</w> <w type="NN">world</w> <w type="NP">Pip</w> <w type="VBZ">encounters</w> <w type="IN">beyond</w> <w type="AT">the</w> <w type="NN">forge</w> <c type="pct">.</c> </s>
<s n="51"><w type="AT">The</w> <w type="JJ">vulture-like</w> <w type="NN">attendance</w> <w type="IN">of</w> <w type="AT">the</w> <w type="NP">Pocket</w> <w type="NN">family</w> <w type="IN">upon</w> <w type="NP">Miss</w> <w type="NP">Havisham</w> <w type="BEZ">is</w> <w type="VBN">summed</w> <w type="RP">up</w> <w type="IN">in</w> <w type="AT">the</w> <w type="JJ">hypocritical</w> <w type="NNS">gestures</w> <w type="IN">of</w> <w type="NP">Miss</w> <w type="NP">Camilla</w> <w type="NP">Pocket</w> <c type="pct">,</c> <w type="WPS">who</w> <w type="VBZ">puts</w> <w type="PPg">her</w> <w type="NN">hand</w> <w type="IN">to</w> <w type="PPg">her</w> <w type="NN">throat</w> <w type="IN">in</w> <w type="AT">a</w> <w type="VBN">feigned</w> <w type="NN">spasm</w> <w type="IN">of</w> <w type="JJ">grief-stricken</w> <w type="NN">choking</w> <c type="pct">,</c> <w type="RB">then</w> <w type="VBZ">lays</w> <w type="PPO">it</w> <c type="pct">``</c> <w type="IN">upon</w> <w type="PPg">her</w> <w type="VBG">heaving</w> <w type="NN">bosom</w> <c type="pct">''</c> <w type="IN">with</w> <c type="pct">``</c> <w type="AT">an</w> <w type="JJ">unnatural</w> <w type="NN">fortitude</w> <w type="IN">of</w> <w type="NN">manner</w> <c type="pct">''</c> <c type="pct">,</c> <w type="CC">and</w> <w type="RB">finally</w> <w type="VBZ">kisses</w> <w type="PPO">it</w> <w type="IN">to</w> <w type="NP">Miss</w> <w type="NP">Havisham</w> <w type="IN">in</w> <w type="AT">a</w> <w type="NN">parody</w> <w type="IN">of</w> <w type="AT">the</w> <w type="NNg">lady's</w> <w type="JJ">own</w> <w type="NN">mannerism</w> <w type="IN">toward</w> <w type="NP">Estella</w> <c type="pct">.</c> </s>
<s n="52"><w type="NPg">Pumblechook's</w> <w type="NNS">hands</w> <w type="IN">throughout</w> <w type="AT">the</w> <w type="NN">novel</w> <w type="VB">serve</w> <w type="TO">to</w> <w type="VB">travesty</w> <w type="NN">greed</w> <w type="CC">and</w> <w type="JJ">hypocritical</w> <w type="NN">self-aggrandizement</w> <c type="pct">.</c> </s>
<s n="53"><w type="PPSS">We</w> <w type="RB">first</w> <w type="VB">see</w> <w type="PPO">him</w> <w type="VBG">shaking</w> <w type="NP">Mrs.</w> <w type="NPg">Joe's</w> <w type="NN">hand</w> <w type="IN">on</w> <w type="VBG">discovering</w> <w type="AT">the</w> <w type="JJ">sizable</w> <w type="NN">amount</w> <w type="IN">of</w> <w type="AT">the</w> <w type="NN">premium</w> <w type="VBN">paid</w> <w type="IN">to</w> <w type="PPg">her</w> <w type="NN">husband</w> <w type="IN">for</w> <w type="NPg">Pip's</w> <w type="NN">indenture</w> <w type="CS">as</w> <w type="AT">an</w> <w type="NN">apprentice</w> <w type="CC">and</w> <w type="RBR">later</w> <w type="VBG">pumping</w> <w type="NPg">Pip's</w> <w type="NNS">hands</w> <c type="pct">``</c> <w type="IN">for</w> <w type="AT">the</w> <w type="OD">hundredth</w> <w type="NN">time</w> <w type="IN">at</w> <w type="AP">least</w> <c type="pct">''</c> <c type="pct">(</c> <c type="pct">``</c> <w type="MD">May</w> <w type="PPSS">I</w> <c type="pct">--</c> <w type="MD">may</w> <w type="PPSS">I</w> <c type="pct">--</c> <c type="pct">''</c> <c type="pct">?</c> <c type="pct">?</c> </s>
<s n="54"><c type="pct">)</c> <w type="IN">in</w> <w type="JJ">effusive</w> <w type="NN">congratulation</w> <w type="IN">to</w> <w type="NP">Pip</w> <w type="IN">on</w> <w type="PPg">his</w> <w type="NNS">expectations</w> <c type="pct">.</c> </s>
<s n="55"><w type="PPSS">We</w> <w type="VB">take</w> <w type="NN">leave</w> <w type="IN">of</w> <w type="NP">Pumblechook</w> <w type="CS">as</w> <w type="PPS">he</w> <w type="VBZ">gloats</w> <w type="IN">over</w> <w type="NPg">Pip's</w> <w type="NN">loss</w> <w type="IN">of</w> <w type="NN">fortune</w> <c type="pct">,</c> <w type="VBG">extending</w> <w type="PPg">his</w> <w type="NN">hand</w> <c type="pct">``</c> <w type="IN">with</w> <w type="AT">a</w> <w type="RB">magnificently</w> <w type="JJ">forgiving</w> <w type="NN">air</w> <c type="pct">''</c> <w type="CC">and</w> <w type="VBG">exhibiting</w> <c type="pct">``</c> <w type="AT">the</w> <w type="AP">same</w> <w type="JJ">fat</w> <w type="CD">five</w> <w type="NNS">fingers</w> <c type="pct">''</c> <c type="pct">,</c> <w type="CD">one</w> <w type="IN">of</w> <w type="WDT">which</w> <w type="PPS">he</w> <w type="VBZ">identifies</w> <w type="IN">with</w> <c type="pct">``</c> <w type="AT">the</w> <w type="NN">finger</w> <w type="IN">of</w> <w type="NP">Providence</w> <c type="pct">''</c> <w type="CC">and</w> <w type="VBZ">shakes</w> <w type="IN">at</w> <w type="NP">Pip</w> <w type="IN">in</w> <w type="AT">a</w> <w type="VBG">canting</w> <w type="NN">imputation</w> <w type="IN">of</w> <w type="AT">the</w> <w type="NNg">latter's</w> <c type="pct">``</c> <w type="NN">ingratitoode</w> <c type="pct">''</c> <w type="CC">and</w> <w type="PPg">his</w> <w type="JJ">own</w> <w type="NN">generosity</w> <w type="CS">as</w> <w type="NPg">Pip's</w> <c type="pct">``</c> <w type="JJT">earliest</w> <w type="NN">benefactor</w> <c type="pct">''</c> <c type="pct">.</c> </s>
</p>
<p><s n="56"><w type="NP">Pip</w> <w type="RB">first</w> <w type="VBZ">learns</w> <c type="pct">``</c> <w type="AT">the</w> <w type="JJ">stupendous</w> <w type="NN">power</w> <w type="IN">of</w> <w type="NN">money</w> <c type="pct">''</c> <w type="IN">from</w> <w type="AT">the</w> <w type="JJ">sycophantic</w> <w type="NN">tailor</w> <c type="pct">,</c> <w type="NP">Mr.</w> <w type="NP">Trabb</w> <c type="pct">,</c> <w type="WPg">whose</w> <w type="NN">brutality</w> <w type="IN">to</w> <w type="PPg">his</w> <w type="NN">boy</w> <w type="NN">helper</w> <w type="RB">exactly</w> <w type="VBZ">matches</w> <w type="AT">the</w> <w type="JJ">financial</w> <w type="NN">resource</w> <w type="IN">of</w> <w type="DT">each</w> <w type="JJ">new</w> <w type="NN">customer</w> <c type="pct">,</c> <w type="CC">and</w> <w type="WPg">whose</w> <w type="VBG">fawning</w> <w type="NNS">hands</w> <w type="VB">touch</w> <c type="pct">``</c> <w type="AT">the</w> <w type="NN">outside</w> <w type="IN">of</w> <w type="DT">each</w> <w type="NN">elbow</w> <c type="pct">''</c> <w type="CC">and</w> <c type="pct">``</c> <w type="VB">rub</w> <c type="pct">''</c> <w type="NP">Pip</w> <w type="RP">out</w> <w type="IN">of</w> <w type="AT">the</w> <w type="NN">shop</w> <c type="pct">.</c> </s>
<s n="57"><w type="AT">The</w> <w type="NN">respectability</w> <w type="WDT">which</w> <w type="NN">money</w> <w type="VBZ">confers</w> <w type="VBZ">implies</w> <w type="AT">a</w> <w type="JJ">different</w> <w type="NN">etiquette</w> <c type="pct">,</c> <w type="CC">and</w> <c type="pct">,</c> <w type="IN">upon</w> <w type="VBG">taking</w> <w type="RP">up</w> <w type="AT">the</w> <w type="NN">life</w> <w type="IN">of</w> <w type="AT">a</w> <w type="NP">London</w> <w type="NN">gentleman</w> <c type="pct">,</c> <w type="NP">Pip</w> <w type="MD">must</w> <w type="VB">learn</w> <w type="IN">from</w> <w type="NP">Herbert</w> <w type="NP">Pocket</w> <w type="CS">that</w> <c type="pct">``</c> <w type="AT">the</w> <w type="NN">spoon</w> <w type="BEZ">is</w> <w type="NEG">not</w> <w type="RB">generally</w> <w type="VBN">used</w> <w type="RB">over-hand</w> <c type="pct">,</c> <w type="CC">but</w> <w type="RB">under</w> <c type="pct">''</c> <c type="pct">.</c> </s>
</p>
<p></p></body></text></TEI>
