<TEI xmlns="http://www.tei-c.org/ns/1.0"><teiHeader><fileDesc><titleStmt><title>Sample J78 from  Paul J. Dolon and Wilfrid F. Niklas, "Gain and Resolution of Fiber Optic
 Intensifier" Proceedings of the Image Intensifier Symposium October 24-26, 
 1961. Washington: Office of Scientific and Technical Information, National
 Aeronautics Space Administration, 1961. Pp. 93-97.0010-2060
</title></titleStmt><editionStmt><edition>A part  of the XML version of the Brown Corpus</edition></editionStmt><extent>2,042 words 6 (0.3%) quotes 33 symbols 44 formulas</extent><publicationStmt><idno>J78</idno><availability><p/></availability></publicationStmt><sourceDesc><bibl> Paul J. Dolon and Wilfrid F. Niklas, "Gain and Resolution of Fiber Optic
 Intensifier" Proceedings of the Image Intensifier Symposium October 24-26, 
 1961. Washington: Office of Scientific and Technical Information, National
 Aeronautics Space Administration, 1961. Pp. 93-97.0010-2060
</bibl></sourceDesc></fileDesc><encodingDesc><p>Note: phosphor-screen [0710] phosphor screen [0600, 1550, 1790, 1930, 2030]</p></encodingDesc><revisionDesc><change when="2008-04-27">Header auto-generated for TEI version</change></revisionDesc></teiHeader>
<text xml:id="J78" decls="J">
<body><p><s n="1"><w type="NN">High-gain</w> <c type="pct">,</c> <w type="JJ">photoelectronic</w> <w type="NN">image</w> <w type="NN">intensification</w> <w type="BEZ">is</w> <w type="VBN">applied</w> <w type="IN">under</w> <w type="NNS">conditions</w> <w type="IN">of</w> <w type="JJ">low</w> <w type="JJ">incident</w> <w type="NN">light</w> <w type="NNS">levels</w> <w type="WRB">whenever</w> <w type="AT">the</w> <w type="NN">integration</w> <w type="NN">time</w> <w type="VBN">required</w> <w type="IN">by</w> <w type="AT">a</w> <w type="NN">sensor</w> <w type="CC">or</w> <w type="VBG">recording</w> <w type="NN">instrument</w> <w type="VBZ">exceeds</w> <w type="AT">the</w> <w type="NNS">limits</w> <w type="IN">of</w> <w type="NN">practicability</w> <c type="pct">.</c> </s>
<s n="2"><w type="NNS">Examples</w> <w type="IN">of</w> <w type="JJ">such</w> <w type="NNS">situations</w> <w type="BER">are</w> <c type="pct">(</c> <w type="JJ">aerial</w> <c type="pct">)</c> <w type="NN">night</w> <w type="NN">reconnaissance</w> <c type="pct">,</c> <w type="AT">the</w> <w type="NN">recording</w> <w type="IN">of</w> <w type="JJ">radioactive</w> <w type="NNS">tracers</w> <w type="IN">in</w> <w type="JJ">live</w> <w type="NN">body</w> <w type="NNS">tissues</w> <c type="pct">,</c> <w type="JJ">special</w> <w type="NN">radiography</w> <w type="IN">in</w> <w type="JJ">medical</w> <w type="CC">or</w> <w type="JJ">industrial</w> <w type="NNS">applications</w> <c type="pct">,</c> <w type="NN">track</w> <w type="NN">recording</w> <w type="IN">of</w> <w type="JJ">high</w> <w type="NN">energy</w> <w type="NNS">particles</w> <c type="pct">,</c> <w type="RB">etc.</w> <c type="pct">.</c> </s>
</p>
<p><s n="3"><w type="NN">High-gain</w> <w type="JJ">photoelectronic</w> <w type="NN">image</w> <w type="NN">intensification</w> <w type="MD">may</w> <w type="BE">be</w> <w type="VBN">achieved</w> <w type="IN">by</w> <w type="AP">several</w> <w type="NNS">methods</w> <c type="pct">;</c> <c type="pct">;</c> </s>
<s n="4"><w type="DTI">some</w> <w type="IN">of</w> <w type="DTS">these</w> <w type="BER">are</w> <w type="VBN">listed</w> <w type="RB">below</w> <c type="pct">:</c> <c type="pct">(</c> <w type="NP" subtype="HL">A</w> <c type="pct">)</c> </s>
<s n="5"><w type="VBG">Cascading</w> <w type="AP">single</w> <w type="NNS">stages</w> <w type="IN">by</w> <w type="VBG">coupling</w> <w type="NN">lens</w> <w type="NNS">systems</w> <c type="pct">,</c> <c type="pct">(</c> <w type="NP" subtype="HL">B</w> <c type="pct">)</c> </s>
<s n="6"><w type="JJ">Channel-type</w> <c type="pct">,</c> <w type="JJ">secondary</w> <w type="NN">emission</w> <w type="NN">image</w> <w type="NN">intensifier</w> <c type="pct">,</c> <c type="pct">(</c> <w type="NP" subtype="HL">C</w> <c type="pct">)</c> </s>
<s n="7"><w type="NN">Image</w> <w type="NN">intensifier</w> <w type="VBN">based</w> <w type="IN">upon</w> <w type="AT">the</w> <c type="pct">``</c> <w type="NN">multipactor</w> <c type="pct">''</c> <w type="NN">principle</w> <c type="pct">,</c> <c type="pct">(</c> <w type="NP" subtype="HL">D</w> <c type="pct">)</c> </s>
<s n="8"><w type="NN">Transmission</w> <w type="JJ">secondary</w> <w type="NN">electron</w> <w type="NN">multiplication</w> <w type="NN">image</w> <w type="NNS">intensifiers</w> <c type="pct">(</c> <w type="NP">TSEM</w> <w type="NNS">tubes</w> <c type="pct">)</c> <c type="pct">,</c> <c type="pct">(</c> <w type="NP" subtype="HL">E</w> <c type="pct">)</c> </s>
<s n="9"><w type="VBG">Cascading</w> <w type="IN">of</w> <w type="AP">single</w> <w type="NNS">stages</w> <c type="pct">,</c> <w type="VBN">enclosed</w> <w type="IN">in</w> <w type="CD">one</w> <w type="JJ">common</w> <w type="NN">envelope</w> <c type="pct">.</c> </s>
</p>
<p><s n="10"><w type="VBG">Cascading</w> <w type="AP">single</w> <w type="NNS">stages</w> <w type="IN">by</w> <w type="VBG">coupling</w> <w type="NN">lens</w> <w type="NNS">systems</w> <w type="BEZ">is</w> <w type="QL">rather</w> <w type="JJ">inefficient</w> <w type="CS">as</w> <w type="AT">the</w> <w type="NN">lens</w> <w type="NNS">systems</w> <w type="VB">limit</w> <w type="AT">the</w> <w type="JJ">obtainable</w> <w type="NN">gain</w> <w type="QL">quite</w> <w type="RB">severely</w> <c type="pct">.</c> </s>
<s n="11"><w type="JJ">Channel-type</w> <w type="NN">image</w> <w type="NNS">intensifiers</w> <w type="BER">are</w> <w type="JJ">capable</w> <w type="IN">of</w> <w type="VBG">achieving</w> <w type="NN">high-gain</w> <w type="NNS">values</w> <c type="pct">;</c> <c type="pct">;</c> </s>
<s n="12"><w type="PPSS">they</w> <w type="VB">suffer</w> <c type="pct">,</c> <w type="RB">however</w> <c type="pct">,</c> <w type="IN">from</w> <w type="AT">an</w> <w type="RB">inherently</w> <w type="JJ">low</w> <w type="NN">resolution</w> <c type="pct">.</c> </s>
<s n="13"><w type="NN">Image</w> <w type="NNS">intensifiers</w> <w type="VBN">based</w> <w type="IN">upon</w> <w type="AT">the</w> <w type="NN">multipactor</w> <w type="NN">principle</w> <w type="VB">appear</w> <w type="TO">to</w> <w type="VB">hold</w> <w type="NN">promise</w> <w type="QL">as</w> <w type="RB">far</w> <w type="CS">as</w> <w type="JJ">obtainable</w> <w type="NN">resolution</w> <w type="BEZ">is</w> <w type="VBN">concerned</w> <c type="pct">.</c> </s>
<s n="14"><w type="RB">However</w> <c type="pct">,</c> <w type="AT">the</w> <w type="JJ">unavoidable</w> <w type="NN">low-duty</w> <w type="NN">cycle</w> <w type="VBZ">restricts</w> <w type="AT">the</w> <w type="JJ">effective</w> <w type="NN">gain</w> <c type="pct">.</c> </s>
<s n="15"><w type="NP">TSEM</w> <w type="NNS">tubes</w> <w type="HV">have</w> <w type="BEN">been</w> <w type="VBN">constructed</w> <w type="VBG">showing</w> <w type="JJ">high</w> <w type="NN">gain</w> <w type="CC">and</w> <w type="NN">resolution</w> <c type="pct">.</c> </s>
<s n="16"><w type="RB">However</w> <c type="pct">,</c> <w type="JJ">electrostatic</w> <w type="NN">focus</w> <c type="pct">,</c> <w type="JJ">important</w> <w type="IN">for</w> <w type="AP">many</w> <w type="NNS">applications</w> <c type="pct">,</c> <w type="HVZ">has</w> <w type="NEG">not</w> <w type="BEN">been</w> <w type="VBN">realized</w> <w type="IN">for</w> <w type="DTS">these</w> <w type="NNS">devices</w> <c type="pct">.</c> </s>
<s n="17"><w type="NN">Resolution</w> <w type="NNS">limitations</w> <w type="IN">with</w> <w type="JJ">electrostatic</w> <w type="NN">focus</w> <w type="MD">might</w> <w type="BE">be</w> <w type="VBN">anticipated</w> <w type="RB">due</w> <w type="IN">to</w> <w type="JJ">chromatic</w> <w type="NNS">aberrations</w> <c type="pct">.</c> </s>
<s n="18"><w type="RB">Furthermore</w> <c type="pct">,</c> <w type="AT">the</w> <w type="JJ">thin</w> <w type="NN">film</w> <w type="NNS">dynodes</w> <w type="VB">appear</w> <w type="TO">to</w> <w type="HV">have</w> <w type="AT">a</w> <w type="JJ">natural</w> <w type="NN">diameter</w> <w type="NN">limitation</w> <w type="WRB">wherever</w> <w type="AT">a</w> <w type="NN">mesh</w> <w type="NN">support</w> <mw pos="MD *">cannot </mw><w type="BE">be</w> <w type="VBN">tolerated</w> <c type="pct">.</c> </s>
</p>
<p><s n="19"><w type="VBN">Cascaded</w> <w type="AP">single</w> <w type="NNS">stages</w> <w type="VBN">enclosed</w> <w type="IN">by</w> <w type="AT">a</w> <w type="JJ">common</w> <w type="NN">envelope</w> <w type="HV">have</w> <w type="BEN">been</w> <w type="VBN">constructed</w> <w type="IN">with</w> <w type="JJ">high</w> <w type="NN">gain</w> <w type="CC">and</w> <w type="JJ">high</w> <w type="NN">resolution</w> <c type="pct">.</c> </s>
<s n="20"><w type="DTS">These</w> <w type="NNS">tubes</w> <w type="MD">may</w> <w type="VB">differ</w> <w type="ABX">both</w> <w type="IN">in</w> <w type="AT">the</w> <w type="NN">choice</w> <w type="IN">of</w> <w type="AT">the</w> <w type="NN">electron</w> <w type="JJ">optical</w> <w type="NN">system</w> <w type="CC">and</w> <w type="IN">in</w> <w type="AT">the</w> <w type="NN">design</w> <w type="IN">of</w> <w type="AT">the</w> <w type="VBG">coupling</w> <w type="NNS">members</w> <c type="pct">.</c> </s>
<s n="21"><w type="AT">The</w> <w type="NN">electron</w> <w type="JJ">optical</w> <w type="NN">system</w> <w type="MD">may</w> <w type="BE">be</w> <w type="CC">either</w> <w type="AT">a</w> <w type="JJ">magnetic</w> <w type="CC">or</w> <w type="JJ">electrostatic</w> <w type="CD">one</w> <c type="pct">.</c> </s>
<s n="22"><w type="AT">The</w> <w type="NN">magnification</w> <w type="MD">may</w> <w type="BE">be</w> <w type="JJR">smaller</w> <c type="pct">,</c> <w type="JJ">equal</w> <c type="pct">,</c> <w type="CC">or</w> <w type="JJR">larger</w> <w type="CS">than</w> <w type="NN">unity</w> <c type="pct">.</c> </s>
</p>
<p><s n="23"><w type="AT">An</w> <w type="JJ">electrostatic</w> <w type="NN">system</w> <w type="VBZ">suffers</w> <w type="RB">generally</w> <w type="IN">from</w> <w type="NN">image</w> <w type="NN">plane</w> <w type="NN">curvature</w> <w type="VBG">leading</w> <w type="IN">to</w> <w type="VBG">defocusing</w> <w type="IN">in</w> <w type="AT">the</w> <w type="JJ">peripheral</w> <w type="NN">image</w> <w type="NN">region</w> <w type="CS">if</w> <w type="AT">a</w> <w type="JJ">flat</w> <w type="VBG">viewing</w> <w type="NN">screen</w> <c type="pct">(</c> <w type="CC">or</w> <w type="JJ">interstage</w> <w type="NN">coupler</w> <c type="pct">)</c> <w type="BEZ">is</w> <w type="VBN">utilized</w> <c type="pct">,</c> <w type="CS">while</w> <w type="AT">a</w> <w type="JJ">magnetic</w> <w type="NN">system</w> <w type="VBZ">requires</w> <w type="JJ">accurate</w> <w type="NN">adjustment</w> <w type="IN">of</w> <w type="AT">the</w> <w type="NN">solenoid</w> <c type="pct">,</c> <w type="WDT">which</w> <w type="BEZ">is</w> <w type="JJ">heavy</w> <w type="CC">and</w> <w type="JJ">bulky</w> <c type="pct">.</c> </s>
<s n="24"><w type="CS">As</w> <w type="PPS">it</w> <w type="MD">will</w> <w type="BE">be</w> <w type="VBN">discussed</w> <w type="RBR">later</w> <c type="pct">,</c> <w type="JJ">peripheral</w> <w type="VBG">defocusing</w> <w type="MD">can</w> <w type="BE">be</w> <w type="VBN">improved</w> <w type="RP">on</w> <w type="IN">by</w> <w type="VBG">utilizing</w> <w type="VBN">curved</w> <w type="NN">fiber</w> <w type="NNS">couplers</w> <c type="pct">.</c> </s>
<s n="25"><w type="PPS">It</w> <w type="MD">should</w> <w type="BE">be</w> <w type="VBN">noted</w> <c type="pct">,</c> <w type="RB">however</w> <c type="pct">,</c> <w type="CS">that</w> <w type="AT">the</w> <w type="JJ">paraxial</w> <w type="NN">resolution</w> <w type="BEZ">is</w> <w type="QL">quite</w> <w type="JJ">similar</w> <w type="IN">for</w> <w type="ABX">both</w> <w type="NN">electron</w> <w type="JJ">optical</w> <w type="NNS">systems</w> <c type="pct">.</c> </s>
</p>
<p><s n="26"><w type="PPS">It</w> <w type="BEZ">is</w> <w type="VBN">felt</w> <w type="CS">that</w> <w type="JJ">fiber-coupled</w> <w type="JJ">double-</w> <c type="pct">(</c> <w type="CC">and</w> <w type="JJ">multi-</w> <c type="pct">)</c> <w type="NN">stage</w> <w type="NN">image</w> <w type="NNS">intensifiers</w> <w type="MD">will</w> <w type="VB">gain</w> <w type="JJ">considerable</w> <w type="NN">importance</w> <w type="IN">in</w> <w type="AT">the</w> <w type="NN">future</w> <c type="pct">.</c> </s>
<s n="27"><w type="RB">Therefore</w> <c type="pct">,</c> <w type="PPSS">we</w> <w type="MD">shall</w> <w type="VB">consider</w> <w type="IN">in</w> <w type="DT">this</w> <w type="NN">paper</w> <w type="AT">the</w> <w type="JJ">theoretical</w> <w type="NN">gain</w> <w type="CC">and</w> <w type="NN">resolution</w> <w type="NNS">capabilities</w> <w type="IN">of</w> <w type="JJ">such</w> <w type="NNS">tubes</w> <c type="pct">.</c> </s>
<s n="28"><w type="AT">The</w> <w type="JJ">luminous</w> <w type="NN">efficiency</w> <w type="CC">and</w> <w type="NN">resolution</w> <w type="IN">of</w> <w type="AP">single</w> <w type="NNS">stages</w> <c type="pct">,</c> <w type="NN">fiber</w> <w type="NNS">couplers</w> <c type="pct">,</c> <w type="CC">and</w> <w type="RB">finally</w> <w type="IN">of</w> <w type="AT">the</w> <w type="JJ">composite</w> <w type="NN">tube</w> <w type="MD">will</w> <w type="BE">be</w> <w type="VBN">computed</w> <c type="pct">.</c> </s>
</p>
<p><s n="29"><w type="PPS">It</w> <w type="MD">will</w> <w type="BE">be</w> <w type="VBN">shown</w> <w type="RB">theoretically</w> <w type="CS">that</w> <w type="AT">the</w> <w type="JJ">high</w> <w type="NN">image</w> <w type="NN">intensification</w> <w type="JJ">obtainable</w> <w type="IN">with</w> <w type="ABL">such</w> <w type="AT">a</w> <w type="NN">tube</w> <w type="CC">and</w> <w type="NN">contact</w> <w type="NN">photography</w> <w type="VBZ">permits</w> <w type="AT">the</w> <w type="NN">utilization</w> <w type="IN">of</w> <w type="QL">extremely</w> <w type="JJ">low</w> <w type="JJ">incident</w> <w type="NN">light</w> <w type="NNS">levels</w> <c type="pct">.</c> </s>
<s n="30"><w type="AT">The</w> <w type="NN">effect</w> <w type="IN">of</w> <w type="NN">device</w> <w type="CC">and</w> <w type="NN">quantum</w> <w type="NN">noise</w> <c type="pct">,</c> <w type="VBN">associated</w> <w type="IN">with</w> <w type="QL">such</w> <w type="JJ">low</w> <w type="NN">input</w> <w type="NNS">levels</w> <c type="pct">,</c> <w type="MD">will</w> <w type="BE">be</w> <w type="VBN">described</w> <c type="pct">.</c> </s>
</p>
<p><s n="31"><w type="IN">After</w> <w type="DTS">these</w> <w type="JJ">theoretical</w> <w type="NNS">considerations</w> <c type="pct">,</c> <w type="JJ">constructional</w> <w type="NNS">details</w> <w type="IN">of</w> <w type="AT">a</w> <w type="JJ">fiber-coupled</w> <c type="pct">,</c> <w type="NN">double-stage</w> <w type="NN" subtype="TL">X-ray</w> <w type="NN">image</w> <w type="NN">intensifier</w> <w type="MD">will</w> <w type="BE">be</w> <w type="VBN">discussed</w> <c type="pct">.</c> </s>
<s n="32"><w type="VBN">Measured</w> <w type="NN">performance</w> <w type="NNS">characteristics</w> <w type="IN">for</w> <w type="DT">this</w> <w type="JJ">experimental</w> <w type="NN">tube</w> <w type="MD">will</w> <w type="BE">be</w> <w type="VBN">listed</w> <c type="pct">.</c> </s>
</p>
<p><s n="33"><w type="AT">The</w> <w type="NN">conclusion</w> <w type="MD">shall</w> <w type="BE">be</w> <w type="VBN">reached</w> <w type="CS">that</w> <w type="JJ">fiber-coupled</w> <c type="pct">,</c> <w type="NN">double-stage</w> <w type="NNS">tubes</w> <w type="VB">represent</w> <w type="AT">a</w> <w type="JJ">sensible</w> <w type="CC">and</w> <w type="JJ">practical</w> <w type="NN">approach</w> <w type="IN">to</w> <w type="NN">high-gain</w> <w type="NN">image</w> <w type="NN">intensification</w> <c type="pct">.</c> </s>
</p>
<p><s n="34"><w type="JJ" subtype="HL">Basic</w> <w type="NN" subtype="HL">design</w> <w type="IN" subtype="HL">of</w> <w type="AT" subtype="HL">a</w> <w type="JJ" subtype="HL">fiber-coupled</w> <c type="pct">,</c> <w type="NN" subtype="HL">double-stage</w> <w type="NN" subtype="HL">image</w> <w type="NN" subtype="HL">intensifier</w> </s>
<s n="35"><w type="AT">The</w> <w type="NN">tube</w> <w type="NN">design</w> <w type="WDT">which</w> <w type="VBZ">forms</w> <w type="AT">the</w> <w type="NN">basis</w> <w type="IN">of</w> <w type="AT">the</w> <w type="JJ">theoretical</w> <w type="NN">discussion</w> <w type="MD">shall</w> <w type="BE">be</w> <w type="VBN">described</w> <w type="RB">now</w> <c type="pct">.</c> </s>
<s n="36"><w type="AT">The</w> <w type="NN">electron</w> <w type="JJ">optical</w> <w type="NN">system</w> <c type="pct">(</c> <w type="VB">see</w> <w type="NN">fig.</w> <w type="CD">14-1</w> <c type="pct">)</c> <w type="BEZ">is</w> <w type="VBN">based</w> <w type="IN">in</w> <w type="NN">principle</w> <w type="IN">on</w> <w type="AT">the</w> <w type="VBG">focusing</w> <w type="NN">action</w> <w type="IN">of</w> <w type="JJ">concentric</w> <w type="JJ">spherical</w> <w type="NN">cathode</w> <w type="CC">and</w> <w type="NN">anode</w> <w type="NNS">surfaces</w> <c type="pct">.</c> </s>
<s n="37"><w type="AT">The</w> <w type="JJ">inner</w> <c type="pct">(</c> <w type="NN">anode</w> <c type="pct">)</c> <w type="NN">sphere</w> <w type="BEZ">is</w> <w type="VBN">pierced</w> <c type="pct">,</c> <w type="VBN">elongated</w> <w type="IN">into</w> <w type="AT">a</w> <w type="NN">cup</w> <c type="pct">,</c> <w type="CC">and</w> <w type="VBN">terminated</w> <w type="IN">by</w> <w type="AT">the</w> <w type="NN">phosphor</w> <w type="NN">screen</w> <c type="pct">.</c> </s>
<s n="38"><w type="AT">The</w> <w type="NNS">photoelectrons</w> <w type="VBN">emitted</w> <w type="IN">from</w> <w type="AT">a</w> <w type="JJ">circular</w> <w type="NN">segment</w> <w type="IN">of</w> <w type="AT">the</w> <w type="NN">cathode</w> <w type="NN">sphere</w> <w type="BER">are</w> <w type="VBN">focused</w> <w type="IN">by</w> <w type="AT">the</w> <w type="JJ">positive</w> <w type="NN">lens</w> <w type="NN">action</w> <w type="IN">of</w> <w type="AT">the</w> <w type="CD">two</w> <w type="JJ">concentric</w> <w type="NNS">spheres</w> <c type="pct">,</c> <w type="VB">pass</w> <w type="IN">through</w> <w type="AT">the</w> <c type="pct">(</c> <w type="JJ">negative</w> <c type="pct">)</c> <w type="NN">lens</w> <w type="VBN">formed</w> <w type="IN">by</w> <w type="AT">the</w> <w type="NN">anode</w> <w type="NN">aperture</w> <c type="pct">,</c> <w type="CC">and</w> <w type="VB">impinge</w> <w type="IN">upon</w> <w type="AT">the</w> <w type="JJ">cathodoluminescent</w> <w type="VBG">viewing</w> <w type="NN">screen</w> <c type="pct">.</c> </s>
<s n="39"><w type="AT">The</w> <w type="JJ">cylindrical</w> <w type="VBG">focusing</w> <w type="NN">electrode</w> <w type="VBZ">permits</w> <w type="NN">adjustment</w> <w type="IN">of</w> <w type="AT">the</w> <w type="JJ">positive</w> <w type="NN">lens</w> <w type="NN">part</w> <w type="IN">by</w> <w type="VBG">varying</w> <w type="AT">the</w> <w type="VBG">focusing</w> <w type="NN">potential</w> <c type="pct">.</c> </s>
<s n="40"><w type="AT">The</w> <w type="NN">anode</w> <w type="NN">potential</w> <w type="VBZ">codetermines</w> <w type="AT">the</w> <w type="NN">gain</w> <c type="pct">,</c> <w type="NN">G</w> <c type="pct">,</c> <w type="CC">and</w> <w type="NN">magnification</w> <c type="pct">,</c> <w type="NN">M</w> <c type="pct">,</c> <w type="IN">of</w> <w type="AT">the</w> <w type="NN">stage</w> <c type="pct">.</c> </s>
</p>
<p><s n="41"><w type="ABX">Both</w> <w type="AT">the</w> <w type="NN">photocathode</w> <w type="CC">and</w> <w type="AT">the</w> <w type="NN">image</w> <w type="NN">plane</w> <w type="IN">of</w> <w type="ABL">such</w> <w type="AT">an</w> <w type="NN">electrode</w> <w type="NN">configuration</w> <w type="BER">are</w> <w type="VBN">curved</w> <w type="JJ">concave</w> <w type="CS">as</w> <w type="VBN">seen</w> <w type="IN">from</w> <w type="AT">the</w> <w type="NN">anode</w> <w type="NN">aperture</w> <c type="pct">.</c> </s>
<s n="42"><w type="AT">The</w> <w type="JJ">field-flattening</w> <w type="NN">property</w> <w type="IN">of</w> <w type="AT">the</w> <w type="JJ">biconcave</w> <w type="NN">fiber</w> <w type="NN">coupler</w> <w type="MD">can</w> <w type="BE">be</w> <w type="VBN">utilized</w> <w type="TO">to</w> <w type="VB">alleviate</w> <w type="AT">the</w> <w type="JJ">peripheral</w> <w type="NN">resolution</w> <w type="NNS">losses</w> <w type="VBG">resulting</w> <w type="IN">with</w> <w type="AT">a</w> <w type="JJ">flat</w> <w type="NN">phosphor-screen</w> <w type="CC">or</w> <w type="VBG">coupling</w> <w type="NN">member</w> <c type="pct">.</c> </s>
<s n="43"><w type="IN">For</w> <w type="AT">the</w> <w type="AP">same</w> <w type="NN">reason</w> <c type="pct">,</c> <w type="AT">the</w> <w type="NN">output</w> <w type="NN">fiber</w> <w type="NN">plate</w> <w type="BEZ">is</w> <w type="JJ">planoconcave</w> <c type="pct">,</c> <w type="PPg">its</w> <w type="VBN">exposed</w> <w type="JJ">flat</w> <w type="NN">side</w> <w type="VBG">permitting</w> <w type="NN">contact</w> <w type="NN">photography</w> <w type="CS">if</w> <w type="AT">a</w> <w type="JJ">permanent</w> <w type="NN">record</w> <w type="BEZ">is</w> <w type="VBN">desired</w> <c type="pct">.</c> </s>
<s n="44"><w type="CS">As</w> <w type="PPS">it</w> <w type="MD">will</w> <w type="BE">be</w> <w type="VBN">shown</w> <w type="RBR">later</w> <c type="pct">,</c> <w type="AT">the</w> <w type="JJ">field-flattening</w> <w type="NNS">properties</w> <w type="IN">of</w> <w type="AT">the</w> <w type="JJ">interstage</w> <w type="CC">and</w> <w type="NN">output</w> <w type="NN">fiber</w> <w type="NN">coupler</w> <w type="VB">comprise</w> <w type="RB">indeed</w> <w type="AT">the</w> <w type="JJS">main</w> <w type="NN">advantage</w> <w type="IN">of</w> <w type="ABL">such</w> <w type="AT">a</w> <w type="NN">design</w> <c type="pct">.</c> </s>
</p>
<p><s n="45"><w type="AT">The</w> <w type="OD">second</w> <w type="NN">photocathode</w> <w type="CC">and</w> <w type="ABX">both</w> <w type="NN">phosphor</w> <w type="NNS">surfaces</w> <w type="BER">are</w> <w type="VBN">deposited</w> <w type="IN">on</w> <w type="AT">the</w> <w type="NN">fiber</w> <w type="NN">plate</w> <w type="NNS">substrates</w> <c type="pct">.</c> </s>
<s n="46"><w type="AT">The</w> <w type="NN">photocathode</w> <w type="NNS">sensitivities</w> <w type="NN">S</w> <c type="pct">,</c> <w type="NN">phosphor</w> <w type="NNS">efficiencies</w> <w type="NN">P</w> <c type="pct">,</c> <w type="CC">and</w> <w type="NN">anode</w> <w type="NNS">potentials</w> <w type="NN">V</w> <w type="IN">of</w> <w type="AT">the</w> <w type="JJ">individual</w> <w type="NNS">stages</w> <w type="MD">shall</w> <w type="BE">be</w> <w type="VBN">distinguished</w> <w type="IN">by</w> <w type="NN">means</w> <w type="IN">of</w> <w type="NNS">subscripts</w> <w type="CD">1</w> <c type="pct">,</c> <w type="CC">and</w> <w type="CD">2</w> <c type="pct">,</c> <w type="IN">in</w> <w type="AT">the</w> <w type="NN">text</w> <c type="pct">,</c> <w type="WRB">where</w> <w type="VBN">required</w> <c type="pct">.</c> </s>
<s n="47"><w type="ABX">Both</w> <w type="NNS">stages</w> <w type="BER">are</w> <w type="VBN">assumed</w> <w type="TO">to</w> <w type="HV">have</w> <w type="NN">unity</w> <w type="NN">magnification</w> <c type="pct">.</c> </s>
</p>
<p><s n="48"><w type="JJ" subtype="HL">Theoretical</w> <w type="NN" subtype="HL">discussion</w> <w type="IN" subtype="HL">of</w> <w type="NN" subtype="HL">flux</w> <w type="NN" subtype="HL">gain</w> </s>
<s n="49"><w type="NN" subtype="HL">flux</w> <w type="NN" subtype="HL">gain</w> <w type="IN" subtype="HL">of</w> <w type="AT" subtype="HL">a</w> <w type="AP" subtype="HL">single</w> <w type="NN" subtype="HL">stage</w> </s>
<s n="50"><w type="AT">The</w> <w type="JJ">luminous</w> <w type="NN">gain</w> <w type="IN">of</w> <w type="AT">a</w> <w type="AP">single</w> <w type="NN">stage</w> <w type="IN">with</w> <w type="NN">Af</w> <c type="pct">(</c> <w type="NN">flux</w> <w type="NN">gain</w> <c type="pct">)</c> <w type="BEZ">is</w> <c type="pct">,</c> <w type="IN">to</w> <w type="AT">a</w> <w type="OD">first</w> <w type="NN">approximation</w> <c type="pct">,</c> <w type="VBN">given</w> <w type="IN">by</w> <w type="AT">the</w> <w type="NN">product</w> <w type="IN">of</w> <w type="AT">the</w> <w type="NN">photocathode</w> <w type="NN">sensitivity</w> <w type="NN">S</w> <c type="pct">(</c> <w type="NN">amp</w> <c type="pct">/</c> <w type="NN">lumen</w> <c type="pct">)</c> <c type="pct">,</c> <w type="AT">the</w> <w type="NN">anode</w> <w type="NN">potential</w> <w type="NN">V</w> <c type="pct">(</c> <w type="NNS">volts</w> <c type="pct">)</c> <c type="pct">,</c> <w type="CC">and</w> <w type="AT">the</w> <w type="NN">phosphor</w> <w type="NN">conversion</w> <w type="NN">efficiency</w> <w type="NN">P</w> <c type="pct">(</c> <w type="NN">lumen/watt</w> <c type="pct">)</c> <c type="pct">.</c> </s>
<s n="51"><w type="IN">In</w> <w type="JJ">general</w> <c type="pct">,</c> <w type="NN">P</w> <w type="BEZ">is</w> <w type="AT">a</w> <w type="NN">function</w> <w type="IN">of</w> <w type="NN">V</w> <w type="CC">and</w> <w type="AT">the</w> <w type="JJ">current</w> <w type="NN">density</w> <c type="pct">,</c> <w type="CC">but</w> <w type="PPS">it</w> <w type="MD">shall</w> <w type="RB">here</w> <w type="BE">be</w> <w type="VBN">assumed</w> <w type="CS">as</w> <w type="AT">a</w> <w type="NN">constant</w> <c type="pct">.</c> </s>
</p>
<p><s n="52"><w type="AT">The</w> <w type="JJ">luminous</w> <w type="NN">efficiency</w> <w type="NN">Af</w> <w type="IN">of</w> <w type="AT">a</w> <w type="NN">photocathode</w> <w type="VBZ">depends</w> <w type="IN">on</w> <w type="AT">the</w> <w type="JJ">maximum</w> <w type="JJ">radiant</w> <w type="NN">sensitivity</w> <w type="NN">Af</w> <w type="CC">and</w> <w type="IN">on</w> <w type="AT">the</w> <w type="JJ">spectral</w> <w type="NN">distribution</w> <w type="IN">of</w> <w type="AT">the</w> <w type="JJ">incident</w> <w type="NN">light</w> <w type="NN">Af</w> <w type="IN">by</w> <w type="AT">the</w> <w type="NN">relation</w> <c type="pct">:</c> <w type="NN">Af</w> <w type="WRB">where</w> <w type="NN">Af</w> <w type="BEZ">is</w> <w type="VBN">normalized</w> <w type="JJ">radiant</w> <w type="NN">photocathode</w> <w type="NN">sensitivity</w> <c type="pct">.</c> </s>
<s n="53"><w type="NN">Af</w> <w type="BEZ">is</w> <w type="JJ">standard</w> <w type="NN">visibility</w> <w type="NN">function</w> <c type="pct">.</c> </s>
<s n="54"><w type="AT">The</w> <w type="JJ">luminous</w> <w type="NN">flux</w> <w type="NN">gain</w> <w type="IN">of</w> <w type="AT">a</w> <w type="AP">single</w> <w type="NN">stage</w> <w type="BEZ">is</w> <w type="VBN">given</w> <w type="IN">by</w> <c type="pct">:</c> <w type="NN">Af</w> <c type="pct">.</c> </s>
<s n="55"><w type="CS">If</w> <w type="AT">the</w> <w type="NN">input</w> <w type="NN">light</w> <w type="NN">distribution</w> <w type="VBZ">falls</w> <w type="IN">beyond</w> <w type="AT">the</w> <w type="JJ">visible</w> <w type="NN">range</w> <c type="pct">,</c> <w type="NN">Af</w> <w type="CS">as</w> <w type="VBN">expected</w> <c type="pct">,</c> <w type="CS">since</w> <w type="NN">Af</w> <c type="pct">.</c> </s>
<s n="56"><w type="JJ">Such</w> <w type="NNS">cases</w> <w type="BER">are</w> <w type="NEG">not</w> <w type="VBN">considered</w> <w type="RB">here</w> <c type="pct">.</c> </s>
<s n="57"><w type="NN" subtype="HL">Efficiency</w> <w type="IN" subtype="HL">of</w> <w type="NN" subtype="HL">fiber</w> <w type="NNS" subtype="HL">couplers</w> </s>
<s n="58"><w type="AT">The</w> <w type="NN">efficiency</w> <w type="IN">of</w> <w type="NN">fiber</w> <w type="NN">optics</w> <w type="NNS">plates</w> <w type="VBZ">depends</w> <w type="IN">on</w> <w type="CD">four</w> <w type="NNS">factors</w> <c type="pct">:</c> <c type="pct">(</c> <w type="NP" subtype="HL">A</w> <c type="pct">)</c> </s>
<s n="59"><w type="JJ">numerical</w> <w type="NN">aperture</w> <c type="pct">(</c> <w type="NP">N.A.</w> <c type="pct">)</c> <c type="pct">;</c> <c type="pct">;</c> </s>
<s n="60"><c type="pct">(</c> <w type="NP" subtype="HL">B</w> <c type="pct">)</c> </s>
<s n="61"><w type="NN">end</w> <c type="pct">(</c> <w type="NP">Fresnel</w> <w type="NN">reflection</w> <c type="pct">)</c> <w type="NNS">losses</w> <c type="pct">(</c> <w type="NP">R</w> <c type="pct">)</c> <c type="pct">;</c> <c type="pct">;</c> </s>
<s n="62"><c type="pct">(</c> <w type="NP" subtype="HL">C</w> <c type="pct">)</c> </s>
<s n="63"><w type="JJ">internal</w> <w type="NNS">losses</w> <c type="pct">(</c> <w type="NP">I.L.</w> <c type="pct">)</c> <c type="pct">;</c> <c type="pct">;</c> </s>
<s n="64"><c type="pct">(</c> <w type="NP" subtype="HL">D</w> <c type="pct">)</c> </s>
<s n="65"><w type="VBG">packing</w> <w type="NN">efficiency</w> <c type="pct">(</c> <w type="NP">F.R.</w> <c type="pct">)</c> <c type="pct">.</c> </s>
<s n="66"><w type="AT">The</w> <w type="JJ">numerical</w> <w type="NN">aperture</w> <w type="IN">of</w> <w type="AT">the</w> <w type="NNS">fibers</w> <w type="BEZ">is</w> <w type="VBN">given</w> <w type="IN">by</w> <c type="pct">:</c> <w type="NN">Af</w> <w type="WRB">where</w> <w type="NN">Af</w> <c type="pct">.</c> </s>
</p>
<p><s n="67"><w type="AT">The</w> <w type="NN">angle</w> <w type="NN">Af</w> <w type="BEZ">is</w> <w type="VBN">measured</w> <w type="IN">in</w> <w type="AT">the</w> <w type="NN">medium</w> <w type="IN">of</w> <w type="NN">index</w> <w type="NN">Af</w> <c type="pct">.</c> </s>
<s n="68"><w type="VBN">Settled</w> <w type="NNS">phosphors</w> <c type="pct">,</c> <w type="QL">as</w> <w type="RB">generally</w> <w type="VBN">used</w> <w type="IN">in</w> <w type="NN">image</w> <w type="NNS">intensifiers</w> <c type="pct">,</c> <w type="HV">have</w> <w type="JJ">low</w> <w type="JJ">optical</w> <w type="NN">contact</w> <w type="IN">with</w> <w type="AT">the</w> <w type="NN">substrate</w> <w type="NN">surface</w> <c type="pct">,</c> <w type="RB">hence</w> <w type="NN">Af</w> <w type="MD">shall</w> <w type="BE">be</w> <w type="VBN">assumed</w> <c type="pct">.</c> </s>
<s n="69"><w type="AT">The</w> <w type="JJ">numerical</w> <w type="NN">aperture</w> <w type="MD">should</w> <w type="BE">be</w> <w type="IN">in</w> <w type="JJ">general</w> <w type="RB">close</w> <w type="IN">to</w> <w type="NN">unity</w> <c type="pct">.</c> </s>
<s n="70"><w type="DT">This</w> <w type="NN">condition</w> <w type="MD">can</w> <w type="BE">be</w> <w type="VBN">satisfied</w> <c type="pct">,</c> <w type="RB">e.g.</w> <c type="pct">,</c> <w type="IN">with</w> <w type="NN">Af</w> <w type="CC">and</w> <w type="NN">Af</w> <w type="CC">or</w> <w type="JJ">equivalent</w> <w type="NN">glass</w> <w type="NNS">combinations</w> <c type="pct">.</c> </s>
</p>
<p><s n="71"><w type="AT">A</w> <w type="QL">sufficiently</w> <w type="JJ">good</w> <w type="NN">approximation</w> <w type="IN">for</w> <w type="VBG">determining</w> <w type="AT">the</w> <w type="NN">end</w> <w type="NN">reflection</w> <w type="NNS">losses</w> <w type="NN">R</w> <w type="MD">can</w> <w type="BE">be</w> <w type="VBN">obtained</w> <w type="IN">from</w> <w type="AT">the</w> <w type="NN">angle</w> <w type="JJ">independent</w> <w type="NP">Fresnel</w> <w type="NN">formula</w> <c type="pct">:</c> <w type="NN">Af</w> <c type="pct">.</c> </s>
<s n="72"><w type="IN">For</w> <w type="NN">phosphor</w> <w type="IN">to</w> <w type="NN">fiber</w> <w type="CC">and</w> <w type="NN">fiber</w> <w type="IN">to</w> <w type="NN">air</w> <w type="NNS">surfaces</w> <c type="pct">,</c> <w type="CC">and</w> <w type="VBG">assuming</w> <w type="NN">Af</w> <c type="pct">,</c> <w type="PPSS">we</w> <w type="VB">obtain</w> <w type="NN">Af</w> <w type="NN">percent</w> <c type="pct">.</c> </s>
<s n="73"><w type="DT">This</w> <w type="NN">value</w> <w type="MD">may</w> <w type="BE">be</w> <w type="VBN">reduced</w> <w type="IN">to</w> <w type="CD">4.6</w> <w type="NN">percent</w> <w type="IN">by</w> <w type="NN">means</w> <w type="IN">of</w> <w type="AT">a</w> <c type="pct">(</c> <w type="QL">very</w> <w type="JJ">thin</w> <c type="pct">)</c> <w type="NN">glass</w> <w type="NN">layer</w> <w type="IN">of</w> <w type="NN">index</w> <w type="CD">1.5</w> <c type="pct">.</c> </s>
<s n="74"><w type="RB">Hence</w> <c type="pct">,</c> <w type="AT">the</w> <w type="NN">Af</w> <w type="NN">factor</w> <w type="IN">for</w> <w type="AT">the</w> <w type="NN">output</w> <w type="NN">fiber</w> <w type="NN">coupler</w> <w type="BEZ">is</w> <w type="NN">Af</w> <c type="pct">.</c> </s>
</p>
<p><s n="75"><w type="CS">As</w> <w type="AT">the</w> <w type="NN">index</w> <w type="IN">of</w> <w type="NN">refraction</w> <w type="IN">of</w> <w type="JJ">photosensitive</w> <w type="NNS">surfaces</w> <w type="IN">of</w> <w type="AT">the</w> <w type="NN">SbCs-type</w> <w type="VBZ">lies</w> <w type="IN">around</w> <w type="CD">2</w> <c type="pct">,</c> <w type="AT">the</w> <w type="NP">Fresnel</w> <w type="NNS">losses</w> <w type="IN">at</w> <w type="AT">the</w> <w type="NN">fiber-photocathode</w> <w type="NN">interface</w> <w type="BER">are</w> <w type="RB">about</w> <w type="CD">0.5</w> <w type="NN">percent</w> <w type="CC">and</w> <w type="AT">the</w> <w type="NN">Af</w> <w type="NN">factor</w> <w type="IN">for</w> <w type="AT">the</w> <w type="JJ">interstage</w> <w type="NN">coupler</w> <w type="BEZ">is</w> <w type="CD">0.95</w> <c type="pct">.</c> </s>
<s n="76"><w type="PPS">It</w> <w type="MD">might</w> <w type="BE">be</w> <w type="VBN">anticipated</w> <w type="CS">that</w> <w type="JJ">multiple</w> <w type="NNS">coatings</w> <w type="MD">will</w> <w type="VB">reduce</w> <w type="NN">end</w> <w type="NN">reflection</w> <w type="NNS">losses</w> <w type="QL">even</w> <w type="RBR">further</w> <c type="pct">.</c> </s>
</p>
<p><s n="77"><w type="AT">The</w> <w type="JJ">internal</w> <w type="NNS">losses</w> <w type="BER">are</w> <w type="JJ">due</w> <w type="IN">to</w> <w type="NN">absorption</w> <w type="CC">and</w> <w type="AT">the</w> <w type="JJ">small</w> <w type="CC">but</w> <w type="JJ">finite</w> <w type="NNS">losses</w> <w type="VBN">suffered</w> <w type="IN">in</w> <w type="AT">the</w> <w type="JJ">numerous</w> <w type="JJ">internal</w> <w type="NNS">reflections</w> <w type="JJ">due</w> <w type="IN">to</w> <w type="NNS">deviations</w> <w type="IN">from</w> <w type="AT">the</w> <w type="VBN">prescribed</w> <c type="pct">,</c> <w type="JJ">cylindrical</w> <w type="NN">fiber</w> <w type="NN">cross-section</w> <w type="CC">and</w> <w type="JJ">minute</w> <w type="NNS">imperfections</w> <w type="IN">of</w> <w type="AT">the</w> <w type="NN">core-jacket</w> <w type="NN">interface</w> <c type="pct">.</c> </s>
<s n="78"><w type="DTS">These</w> <w type="NNS">losses</w> <w type="VB">depend</w> <w type="IN">on</w> <w type="NN">fiber</w> <w type="NN">diameter</w> <w type="CC">and</w> <w type="NN">length</w> <c type="pct">,</c> <w type="NN">absorption</w> <w type="NN">coefficient</w> <c type="pct">,</c> <w type="AT">the</w> <w type="JJ">mean</w> <w type="NN">value</w> <w type="IN">of</w> <w type="AT">the</w> <w type="NN">loss</w> <w type="IN">per</w> <w type="JJ">internal</w> <w type="NN">reflection</w> <w type="CC">and</w> <w type="AP">last</w> <c type="pct">,</c> <w type="CC">but</w> <w type="NEG">not</w> <w type="AP">least</w> <c type="pct">,</c> <w type="IN">on</w> <w type="AT">the</w> <w type="JJ">angular</w> <w type="NN">distribution</w> <w type="IN">of</w> <w type="AT">the</w> <w type="JJ">incident</w> <w type="NN">light</w> <c type="pct">.</c> </s>
<s n="79"><w type="JJ">Explicit</w> <w type="NNS">expressions</w> <c type="pct">(</c> <w type="JJ">integral</w> <w type="NNS">averages</w> <c type="pct">)</c> <w type="BER">are</w> <w type="VBN">given</w> <w type="IN">in</w> <w type="AT">the</w> <w type="NN">literature</w> <c type="pct">.</c> </s>
<s n="80"><w type="VBG">Lacking</w> <w type="JJ">reliable</w> <w type="NN">data</w> <w type="IN">for</w> <w type="DTI">some</w> <w type="IN">of</w> <w type="AT">the</w> <w type="NNS">variables</w> <c type="pct">,</c> <w type="PPSS">we</w> <w type="BER">are</w> <w type="VBG">relying</w> <w type="IN">on</w> <w type="JJ">experimental</w> <w type="NN">data</w> <w type="IN">of</w> <w type="RB">about</w> <w type="CD">20</w> <w type="NN">percent</w> <w type="JJ">internal</w> <w type="NNS">losses</w> <w type="IN">for</w> <w type="NN">1/4-inch</w> <w type="JJ">long</w> <c type="pct">,</c> <w type="JJ">small</w> <c type="pct">(</c> <w type="CD">5</w> <c type="pct">-</c> <w type="CD">10</w> <w type="NP">M</w> <c type="pct">)</c> <w type="NN">diameter</w> <w type="NNS">fibers</w> <c type="pct">.</c> </s>
<s n="81"><w type="DT">This</w> <w type="QL">relatively</w> <w type="JJ">high</w> <w type="NN">value</w> <w type="BEZ">is</w> <w type="RB">probably</w> <w type="JJ">due</w> <w type="IN">to</w> <w type="AT">the</w> <w type="JJ">small</w> <w type="NN">fiber</w> <w type="NNS">diameters</w> <w type="VBG">increasing</w> <w type="AT">the</w> <w type="NN">number</w> <w type="IN">of</w> <w type="JJ">internal</w> <w type="NNS">reflections</w> <c type="pct">.</c> </s>
<s n="82"><w type="CS">Since</w> <w type="PPSS">we</w> <w type="BER">are</w> <w type="VBG">considering</w> <w type="RB">here</w> <w type="QL">relatively</w> <w type="JJ">small</w> <w type="NN">diameter</w> <c type="pct">(</c> <w type="CD">1</w> <c type="pct">-</c> <w type="CD">1.5</w> <w type="NNS">inches</w> <c type="pct">)</c> <w type="NN">fiber</w> <w type="NNS">plates</w> <c type="pct">,</c> <w type="PPg">their</w> <w type="JJ">average</w> <w type="NN">thickness</w> <w type="MD">can</w> <w type="BE">be</w> <w type="VBN">kept</w> <w type="IN">below</w> <w type="CD">1/4</w> <w type="NN">inch</w> <w type="CC">and</w> <w type="PPg">their</w> <w type="JJ">internal</w> <w type="NNS">losses</w> <w type="MD">may</w> <w type="BE">be</w> <w type="VBN">assumed</w> <w type="CS">as</w> <w type="CD">15</w> <w type="NN">percent</w> <c type="pct">(</c> <w type="IN">per</w> <w type="NN">plate</w> <c type="pct">)</c> <c type="pct">.</c> </s>
</p>
<p><s n="83"><w type="AT">The</w> <w type="VBG">packing</w> <w type="NN">efficiency</w> <c type="pct">,</c> <w type="NP">F.R.</w> <c type="pct">,</c> <w type="IN">of</w> <w type="NN">fiber</w> <w type="NNS">plates</w> <w type="DOD">did</w> <w type="NEG">not</w> <w type="VB">receive</w> <w type="AP">much</w> <w type="NN">attention</w> <w type="IN">in</w> <w type="AT">the</w> <w type="NN">literature</w> <c type="pct">,</c> <w type="RB">probably</w> <w type="CS">as</w> <w type="PPS">it</w> <w type="BEZ">is</w> <w type="JJ">high</w> <w type="IN">for</w> <w type="AT">the</w> <w type="JJR">larger</w> <w type="NNS">fibers</w> <w type="RB">generally</w> <w type="VBN">used</w> <c type="pct">,</c> <w type="IN">until</w> <w type="QL">rather</w> <w type="RB">recently</w> <c type="pct">.</c> </s>
<s n="84"><w type="IN">For</w> <w type="JJ">circular</w> <w type="NNS">fibers</w> <w type="IN">in</w> <w type="AT">a</w> <w type="RB">closely</w> <w type="VBN">packed</w> <w type="JJ">hexagonal</w> <w type="NN">array</w> <c type="pct">,</c> <w type="AT">the</w> <w type="VBG">packing</w> <w type="NN">efficiency</w> <w type="BEZ">is</w> <w type="VBN">given</w> <w type="IN">by</w> <c type="pct">:</c> <w type="NN">Af</w> <w type="WRB">where</w> <w type="NN">Af</w> <c type="pct">,</c> <w type="CC">and</w> <w type="CD">0.906</w> <w type="BEZ">is</w> <w type="AT">the</w> <w type="NN">ratio</w> <w type="IN">of</w> <w type="AT">the</w> <w type="NN">area</w> <w type="IN">of</w> <w type="AT">a</w> <w type="NN">circle</w> <w type="IN">to</w> <w type="DT">that</w> <w type="IN">of</w> <w type="AT">the</w> <w type="VBN">circumscribed</w> <w type="NN">hexagon</w> <c type="pct">.</c> </s>
<s n="85"><w type="IN">For</w> <w type="AT">the</w> <w type="JJ">small</w> <w type="NN">diameter</w> <w type="NNS">fibers</w> <w type="RB">now</w> <w type="RB">technically</w> <w type="JJ">feasible</w> <w type="CC">and</w> <w type="VBN">required</w> <w type="IN">for</w> <w type="RB">about</w> <w type="CD">100</w> <w type="NN">Af</w> <w type="NN">resolution</w> <c type="pct">,</c> <w type="NN">Af</w> <c type="pct">.</c> </s>
<s n="86"><w type="AT">The</w> <w type="VBG">cladding</w> <w type="NN">thickness</w> <w type="BEZ">is</w> <w type="RB">about</w> <w type="CD">0.5</w> <w type="NN" subtype="TL">M</w> <c type="pct">,</c> <w type="RB">hence</w> <c type="pct">,</c> <w type="NN">Af</w> <w type="CC">and</w> <w type="NN">Af</w> <c type="pct">.</c> </s>
</p>
<p><s n="87"><w type="RB">Thus</w> <c type="pct">,</c> <w type="AT">the</w> <w type="NN">efficiency</w> <w type="NN">**yt</w> <w type="NNS">couplers</w> <w type="BEZ">is</w> <w type="VBN">given</w> <w type="IN">by</w> <c type="pct">--</c> <w type="NN">Af</w> <w type="CC">or</w> <w type="RB">approximately</w> <w type="CD">50</w> <w type="NN">percent</w> <w type="DT">each</w> <c type="pct">.</c> </s>
</p>
<p><s n="88"><w type="PPS">It</w> <w type="MD">must</w> <w type="BE">be</w> <w type="VBN">remembered</w> <w type="CS">that</w> <w type="AT">the</w> <w type="NN">fiber</w> <w type="NNS">plates</w> <w type="VB">replace</w> <w type="AT">a</w> <w type="NN">glass</w> <w type="NN">window</w> <w type="CC">and</w> <w type="AT">a</w> <c type="pct">(</c> <w type="NN">mica</w> <c type="pct">)</c> <w type="NN">membrane</w> <c type="pct">,</c> <w type="IN">in</w> <w type="NN">addition</w> <w type="IN">to</w> <w type="AT">an</w> <w type="JJ">optical</w> <w type="NN">output</w> <w type="NN">lens</w> <w type="NN">system</w> <c type="pct">.</c> </s>
<s n="89"><w type="AT">The</w> <w type="NN">efficiency</w> <w type="NN">Af</w> <w type="IN">of</w> <w type="AT">an</w> <w type="NN">Af</w> <w type="NN">lens</w> <w type="IN">at</w> <w type="AT">the</w> <w type="NN">magnification</w> <w type="NN">Af</w> <w type="BEZ">is</w> <c type="pct">:</c> <w type="NN">Af</w> <c type="pct">.</c> </s>
<s n="90"><w type="VBG">Neglecting</w> <w type="NN">absorption</w> <c type="pct">,</c> <w type="AT">the</w> <w type="NN">end</w> <w type="NNS">losses</w> <w type="IN">of</w> <w type="AT">the</w> <w type="VBG">coupling</w> <w type="NN">membrane</w> <w type="CC">and</w> <w type="AT">the</w> <w type="NN">output</w> <w type="NN">window</w> <w type="NN">Af</w> <w type="MD">would</w> <w type="BE">be</w> <w type="CD">6</w> <w type="NN">percent</w> <w type="CC">and</w> <w type="CD">8</w> <w type="NN">percent</w> <c type="pct">.</c> </s>
<s n="91"><w type="RB">Thus</w> <c type="pct">,</c> <w type="AT">the</w> <w type="VBN">combined</w> <w type="NN">efficiency</w> <w type="IN">of</w> <w type="AT">the</w> <w type="NNS">elements</w> <w type="VBN">replaced</w> <w type="IN">by</w> <w type="AT">the</w> <w type="CD">two</w> <w type="NN">fiber</w> <w type="NNS">plates</w> <c type="pct">(</c> <w type="IN">with</w> <w type="AT">a</w> <w type="VBN">combined</w> <w type="NN">efficiency</w> <w type="IN">of</w> <w type="CD">0.25</w> <c type="pct">)</c> <w type="BEZ">is</w> <w type="CD">0.043</w> <w type="CC">or</w> <w type="RB">about</w> <w type="CD">six</w> <w type="NNS">times</w> <w type="AP">less</w> <w type="CS">than</w> <w type="DT">that</w> <w type="IN">of</w> <w type="AT">the</w> <w type="CD">two</w> <w type="NN">fiber</w> <w type="NNS">plates</w> <c type="pct">.</c> </s>
<s n="92"><w type="NN" subtype="HL">Gain</w> <w type="IN" subtype="HL">of</w> <w type="NN" subtype="HL">fiber</w> <w type="VBN" subtype="HL">coupled</w> <w type="NN" subtype="HL">image</w> <w type="NNS" subtype="HL">intensifiers</w> </s>
<s n="93"><w type="IN">Including</w> <w type="AT">the</w> <w type="NN">brightness</w> <w type="NN">gain</w> <w type="NN">Af</w> <w type="JJ">due</w> <w type="IN">to</w> <w type="AT">the</w> <w type="NN">Af</w> <w type="NN">area</w> <w type="NN">demagnification</w> <c type="pct">,</c> <w type="AT">the</w> <w type="JJ">overall</w> <w type="NN">gain</w> <w type="IN">of</w> <w type="AT">a</w> <w type="NN">fiber</w> <w type="VBN">coupled</w> <w type="JJ">double</w> <w type="NN">stage</w> <w type="NN">image</w> <w type="NN">intensifier</w> <w type="BEZ">is</w> <c type="pct">:</c> <w type="NN">Af</w> <c type="pct">.</c> </s>
<s n="94"><w type="PPS">It</w> <w type="BEZ">is</w> <w type="JJ">obvious</w> <w type="CS">that</w> <w type="AT">the</w> <w type="JJ">careful</w> <w type="NN">choice</w> <w type="IN">of</w> <w type="NN">photocathode</w> <w type="WDT">which</w> <w type="VBZ">maximizes</w> <w type="NN">Af</w> <w type="IN">for</w> <w type="AT">a</w> <w type="VBN">given</w> <w type="NN">input</w> <w type="NN">E</w> <c type="pct">(</c> <w type="IN">in</w> <w type="AT">the</w> <w type="NN">case</w> <w type="IN">of</w> <w type="AT">the</w> <w type="OD">second</w> <w type="NN">stage</w> <c type="pct">,</c> <w type="IN">for</w> <w type="AT">the</w> <w type="OD">first</w> <w type="NN">phosphor</w> <w type="NN">screen</w> <w type="NN">emission</w> <c type="pct">)</c> <w type="BEZ">is</w> <w type="QL">very</w> <w type="JJ">important</w> <c type="pct">.</c> </s>
<s n="95"><w type="AT">The</w> <w type="AP">same</w> <w type="NN">consideration</w> <w type="MD">should</w> <w type="VB">govern</w> <w type="AT">the</w> <w type="NN">choice</w> <w type="IN">of</w> <w type="AT">the</w> <w type="NN">second-stage</w> <w type="NN">phosphor</w> <w type="NN">screen</w> <w type="IN">for</w> <w type="VBG">matching</w> <w type="IN">with</w> <w type="AT">the</w> <w type="JJ">spectral</w> <w type="NN">sensitivity</w> <w type="IN">of</w> <w type="AT">the</w> <w type="JJ">ultimate</w> <w type="NN">sensor</w> <c type="pct">(</c> <w type="RB">e.g.</w> <c type="pct">,</c> <w type="JJ">photographic</w> <w type="NN">emulsion</w> <c type="pct">)</c> <c type="pct">.</c> </s>
</p>
<p><s n="96"><w type="PPSS">We</w> <w type="HV">have</w> <w type="VBN">evaluated</w> <w type="AT">the</w> <c type="pct">``</c> <w type="VBG">matching</w> <w type="NNS">integrals</w> <c type="pct">''</c> <w type="IN">for</w> <w type="CD">two</w> <w type="NNS">types</w> <w type="IN">of</w> <w type="NNS">photocathodes</w> <c type="pct">(</c> <w type="JJ">S-11</w> <w type="CC">and</w> <w type="NN">S-20</w> <c type="pct">)</c> <w type="CC">and</w> <w type="CD">three</w> <w type="NNS">types</w> <w type="IN">of</w> <w type="NN">light</w> <w type="NN">input</w> <c type="pct">.</c> </s>
<s n="97"><w type="AT">The</w> <w type="NN">input</w> <w type="NN">light</w> <w type="NNS">distributions</w> <w type="VBN">considered</w> <w type="BER">are</w> <w type="NN">P-11</w> <w type="CC">and</w> <w type="NN">P-20</w> <w type="NN">phosphor</w> <w type="NN">emission</w> <w type="CC">and</w> <w type="AT">the</w> <w type="JJ">so-called</w> <c type="pct">``</c> <w type="NN">night</w> <w type="NN">light</w> <c type="pct">''</c> <c type="pct">(</c> <w type="NP">N.L.</w> <c type="pct">)</c> <w type="CS">as</w> <w type="VBN">given</w> <w type="IN">by</w> <w type="NP">H.W.</w> <w type="NP">Babcock</w> <w type="CC">and</w> <w type="NP">J.</w> <w type="NP">J.</w> <w type="NP">Johnson</w> <c type="pct">.</c> </s>
<s n="98"><w type="AT">The</w> <w type="NNS">integrals</w> <c type="pct">(</c> <w type="IN">in</w> <w type="NNS">units</w> <c type="pct">)</c> <w type="BER">are</w> <w type="VBN">listed</w> <w type="IN">in</w> <w type="NN">table</w> <w type="CD">14-1</w> <c type="pct">,</c> <w type="RB">below</w> <c type="pct">.</c> </s>
</p>
<p><s n="99"><w type="JJ" subtype="HL">Theoretical</w> <w type="NN" subtype="HL">discussion</w> <w type="IN" subtype="HL">of</w> <w type="JJ" subtype="HL">paraxial</w> <w type="NN" subtype="HL">device</w> <w type="NN" subtype="HL">resolution</w> </s>
<s n="100"><w type="NN" subtype="HL">resolution</w> <w type="NNS" subtype="HL">limitations</w> <w type="IN" subtype="HL">in</w> <w type="AT" subtype="HL">a</w> <w type="AP" subtype="HL">single</w> <w type="NN" subtype="HL">stage</w> </s>
<s n="101"><w type="AT">The</w> <w type="NN">resolution</w> <w type="NNS">limitations</w> <w type="IN">for</w> <w type="AT">a</w> <w type="AP">single</w> <w type="NN">stage</w> <w type="BER">are</w> <w type="VBN">given</w> <w type="IN">by</w> <w type="AT">the</w> <w type="JJ">inherent</w> <w type="NN">resolution</w> <w type="IN">of</w> <w type="AT">the</w> <w type="NN">electron</w> <w type="JJ">optical</w> <w type="NN">system</w> <w type="QL">as</w> <w type="RB">well</w> <w type="CS">as</w> <w type="AT">the</w> <w type="NN">resolution</w> <w type="NNS">capabilities</w> <w type="IN">of</w> <w type="AT">the</w> <w type="JJ">cathodoluminescent</w> <w type="VBG">viewing</w> <w type="NN">screen</w> <c type="pct">.</c> </s>
</p>
<p><s n="102"><w type="AT">The</w> <w type="NN">resolution</w> <w type="NNS">capabilities</w> <w type="IN">of</w> <w type="AT">an</w> <w type="JJ">electrostatic</w> <w type="NN">system</w> <w type="VB">depend</w> <w type="IN">on</w> <w type="ABX">both</w> <w type="AT">the</w> <w type="NN">choice</w> <w type="IN">of</w> <w type="NN">magnification</w> <w type="CC">and</w> <w type="JJ">chromatic</w> <w type="NNS">aberrations</w> <c type="pct">.</c> </s>
<s n="103"><w type="PPS">It</w> <w type="HVZ">has</w> <w type="BEN">been</w> <w type="VBN">stated</w> <w type="RB">previously</w> <w type="CS">that</w> <w type="AT">a</w> <w type="VBG">minifying</w> <w type="JJ">electrostatic</w> <w type="NN">system</w> <w type="VBZ">yields</w> <w type="AT">a</w> <w type="JJR">lower</w> <w type="NN">resolution</w> <w type="CS">than</w> <w type="AT">a</w> <w type="VBG">magnifying</w> <w type="NN">system</w> <w type="CC">or</w> <w type="AT">a</w> <w type="NN">system</w> <w type="IN">with</w> <w type="NN">unity</w> <w type="NN">magnification</w> <c type="pct">.</c> </s>
</p>
<p><s n="104"><w type="RB">Furthermore</w> <c type="pct">,</c> <w type="AT">the</w> <w type="JJ">chromatic</w> <w type="NNS">aberrations</w> <w type="VB">depend</w> <w type="IN">on</w> <w type="AT">the</w> <w type="VBN">chosen</w> <w type="JJ">high</w> <w type="NN">voltage</w> <c type="pct">.</c> </s>
<s n="105"><w type="IN">In</w> <w type="JJ">general</w> <c type="pct">,</c> <w type="AT">a</w> <w type="JJ">high</w> <w type="NN">anode</w> <w type="NN">voltage</w> <w type="VBZ">reduces</w> <w type="JJ">chromatic</w> <w type="NNS">aberrations</w> <w type="CC">and</w> <w type="RB">thus</w> <w type="VBZ">increases</w> <w type="AT">the</w> <w type="JJ">obtainable</w> <w type="NN">resolution</w> <c type="pct">.</c> </s>
</p>
<p><s n="106"><w type="AT">The</w> <w type="JJ">luminous</w> <w type="NN">gain</w> <w type="IN">of</w> <w type="AT">the</w> <w type="VBN">discussed</w> <w type="NN">tube</w> <w type="BEDZ">was</w> <w type="VBN">calculated</w> <w type="IN">from</w> <w type="NN" subtype="TL">Eq.</w> <c type="pct">(</c> <w type="CD" subtype="TL">6</w> <c type="pct">)</c> <w type="IN">for</w> <w type="AT">the</w> <w type="CD">16</w> <w type="JJ">possible</w> <w type="NNS">combinations</w> <w type="IN">of</w> <w type="NN">S-11</w> <w type="CC">and</w> <w type="NN">S-20</w> <w type="NNS">photocathodes</w> <w type="CC">and</w> <w type="NN">P-11</w> <w type="CC">and</w> <w type="NN">P-20</w> <w type="NN">phosphor</w> <w type="NNS">screens</w> <c type="pct">,</c> <w type="IN">for</w> <w type="NN">night</w> <w type="NN">light</w> <w type="CC">and</w> <w type="NN">P-20</w> <w type="NN">light</w> <w type="NN">input</w> <c type="pct">.</c> </s>
<s n="107"><c type="pct">(</c> <w type="AT">The</w> <w type="NN">P-20</w> <w type="NN">input</w> <w type="BEZ">is</w> <w type="IN">of</w> <w type="NN">interest</w> <w type="CS">because</w> <w type="PPS">it</w> <w type="VBZ">corresponds</w> <w type="RB">roughly</w> <w type="IN">to</w> <w type="AT">the</w> <w type="NN">light</w> <w type="NN">emission</w> <w type="IN">of</w> <w type="JJ">conventional</w> <w type="NN" subtype="TL">X-ray</w> <w type="JJ">fluorescent</w> <w type="NNS">screens</w> <c type="pct">)</c> <c type="pct">.</c> </s>
<s n="108"><w type="AT">The</w> <w type="VBG">following</w> <w type="NNS">efficiencies</w> <w type="VBN">obtained</w> <w type="IN">from</w> <w type="NN">JEDEC</w> <w type="CC">and</w> <w type="NN">RCA</w> <w type="NNS">specifications</w> <w type="BED">were</w> <w type="VBN">used</w> <c type="pct">:</c> <w type="NN">Af</w> </s>
</p>
<p><s n="109"><w type="AT">The</w> <w type="VBG">following</w> <w type="NN">table</w> <c type="pct">(</c> <w type="CD">14-2</w> <c type="pct">)</c> <w type="VBZ">lists</w> <w type="AT">the</w> <c type="pct">(</c> <w type="JJ">luminous</w> <c type="pct">)</c> <w type="NN">gain</w> <w type="NNS">values</w> <w type="VBN">computed</w> <w type="RB">according</w> <w type="IN">to</w> <w type="NN" subtype="TL">Eq.</w> <c type="pct">(</c> <w type="CD" subtype="TL">6</w> <c type="pct">)</c> <w type="IN">with</w> <w type="NN">Af</w> <c type="pct">.</c> </s>
</p>
<p><s n="110"><w type="AT">The</w> <w type="NN">possibility</w> <w type="IN">of</w> <w type="AT">a</w> <w type="NN">space</w> <w type="NN">charge</w> <w type="NN">blowup</w> <w type="IN">of</w> <w type="AT">the</w> <w type="NN">screen</w> <w type="NN">crossover</w> <w type="IN">of</w> <w type="AT">the</w> <w type="JJ">elementary</w> <w type="NN">electron</w> <w type="NNS">bundles</w> <w type="HVZ">has</w> <w type="BEN">been</w> <w type="VBN">pointed</w> <w type="RP">out</w> <c type="pct">.</c> </s>
<s n="111"><w type="PPS">It</w> <w type="BEZ">is</w> <w type="JJ">obvious</w> <w type="CS">that</w> <w type="ABL">such</w> <w type="AT">an</w> <w type="NN">influence</w> <w type="MD">can</w> <w type="RB">only</w> <w type="BE">be</w> <w type="VBN">expected</w> <w type="IN">in</w> <w type="AT">the</w> <w type="JJ">final</w> <w type="NN">stage</w> <w type="IN">of</w> <w type="AT">an</w> <w type="NN">image</w> <w type="NN">intensifier</w> <w type="IN">at</w> <w type="QL">rather</w> <w type="JJ">high</w> <w type="NN">output</w> <w type="NNS">levels</w> <c type="pct">.</c> </s>
<s n="112"><w type="NN">Space</w> <w type="NN">charge</w> <w type="NNS">influences</w> <w type="MD">will</w> <w type="RB">also</w> <w type="VB">decrease</w> <w type="IN">at</w> <w type="VBN">increased</w> <w type="NNS">voltages</w> <c type="pct">.</c> </s>
</p>
<p><s n="113"><w type="JJ">Electrostatic</w> <w type="NNS">systems</w> <w type="IN">of</w> <w type="AT">the</w> <w type="JJ">pseudo-symmetric</w> <w type="NN">type</w> <w type="HV">have</w> <w type="BEN">been</w> <w type="VBN">tested</w> <w type="IN">for</w> <w type="NN">resolution</w> <w type="NNS">capabilities</w> <w type="IN">by</w> <w type="VBG">applying</w> <w type="NN">electronography</w> <c type="pct">.</c> </s>
<s n="114"><w type="AT">A</w> <w type="NN">resolution</w> <w type="IN">of</w> <w type="CD">70</w> <c type="pct">-</c> <w type="CD">80</w> <w type="NNS">line-pairs</w> <w type="IN">per</w> <w type="NN">millimeter</w> <w type="VBZ">appears</w> <w type="TO">to</w> <w type="BE">be</w> <w type="JJ">feasible</w> <c type="pct">.</c> </s>
</p>
<p><s n="115"><w type="AT">The</w> <w type="JJ">inherent</w> <w type="NN">resolution</w> <w type="IN">of</w> <w type="AT">a</w> <w type="JJ">cathodoluminescent</w> <w type="NN">phosphor</w> <w type="NN">screen</w> <w type="VBZ">decreases</w> <w type="IN">with</w> <w type="QL">increasingly</w> <w type="JJ">aggregate</w> <w type="NN">thickness</w> <c type="pct">(</c> <w type="IN">with</w> <w type="VBG">increasing</w> <w type="NN">anode</w> <w type="NN">voltage</w> <c type="pct">)</c> <c type="pct">,</c> <w type="VBZ">decreases</w> <w type="IN">with</w> <w type="VBG">decreasing</w> <w type="NN">porosity</w> <c type="pct">(</c> <w type="RB">thus</w> <w type="AT">the</w> <w type="NN">advantage</w> <w type="IN">of</w> <w type="JJ">cathodophoretic</w> <w type="NN">phosphor</w> <w type="NN">deposition</w> <c type="pct">)</c> <w type="CC">and</w> <w type="MD">might</w> <w type="BE">be</w> <w type="VBN">impaired</w> <w type="IN">by</w> <w type="AT">the</w> <w type="RB">normally</w> <w type="VBN">used</w> <w type="NN">aluminum</w> <w type="NN">mirror</w> <c type="pct">.</c> </s>
<s n="116"><w type="RB">Thus</w> <c type="pct">,</c> <w type="IN">in</w> <w type="JJ">general</w> <c type="pct">,</c> <w type="JJ">elementary</w> <w type="NN">light</w> <w type="JJ">optical</w> <w type="NNS">effects</w> <c type="pct">,</c> <w type="NN">light</w> <w type="NN">scatter</w> <c type="pct">,</c> <w type="CC">and</w> <w type="NN">electron</w> <w type="NN">scatter</w> <w type="VB">determine</w> <w type="AT">the</w> <w type="JJ">obtainable</w> <w type="NN">resolution</w> <w type="NN">limit</w> <c type="pct">.</c> </s>
<s n="117"><w type="PPS">It</w> <w type="MD">should</w> <w type="BE">be</w> <w type="VBN">noted</w> <w type="CS">that</w> <w type="NN">photoluminescence</w> <c type="pct">,</c> <w type="RB">due</w> <w type="IN">to</w> <c type="pct">``</c> <w type="NN" subtype="FW">Bremsstrahlung</w> <c type="pct">''</c> <w type="VBN">generated</w> <w type="IN">within</w> <w type="AT">the</w> <w type="VBG">viewing</w> <w type="NN">screen</w> <w type="IN">by</w> <w type="NN">electron</w> <w type="NN">impact</w> <c type="pct">,</c> <w type="VBZ">appears</w> <w type="TO">to</w> <w type="BE">be</w> <w type="JJ">important</w> <w type="RB">only</w> <w type="CS">if</w> <w type="NN">anode</w> <w type="NNS">voltages</w> <w type="IN">in</w> <w type="NN">excess</w> <w type="IN">of</w> <w type="CD">30</w> <w type="NN">KV</w> <w type="BER">are</w> <w type="VBN">utilized</w> <c type="pct">.</c> </s>
<s n="118"><w type="PPS">It</w> <w type="HVZ">has</w> <w type="BEN">been</w> <w type="VBN">stated</w> <w type="CS">that</w> <w type="VBN">settled</w> <w type="JJ">cathodoluminescent</w> <w type="NN">phosphor</w> <w type="NNS">screens</w> <w type="MD">may</w> <w type="HV">have</w> <w type="AT">a</w> <w type="VBG">limiting</w> <w type="NN">resolution</w> <w type="IN">of</w> <w type="CD">60</w> <w type="NN">Af</w> <w type="IN">at</w> <w type="JJ">high</w> <w type="NN">voltage</w> <w type="NNS">values</w> <w type="IN">of</w> <w type="RB">approximately</w> <w type="CD">20</w> <w type="NN">Aj</w> <c type="pct">.</c> </s>
<s n="119"><w type="IN">For</w> <w type="AT">the</w> <w type="JJR">further</w> <w type="NN">discussion</w> <c type="pct">,</c> <w type="PPSS">we</w> <w type="MD">shall</w> <w type="RB">thus</w> <w type="VB">assume</w> <w type="AT">an</w> <w type="NN">electron</w> <w type="JJ">optical</w> <w type="NN">resolution</w> <w type="IN">of</w> <w type="CD">80</w> <w type="NN">Af</w> <w type="CC">and</w> <w type="NN">phosphor</w> <w type="NN">screen</w> <w type="NN">resolution</w> <w type="IN">of</w> <w type="CD">60</w> <w type="NN">Af</w> <c type="pct">.</c> </s>
</p>
<p></p></body></text></TEI>
