<TEI xmlns="http://www.tei-c.org/ns/1.0"><teiHeader><fileDesc><titleStmt><title>Sample K09 from  Howard Fast, April Morning.
 New York: Crown Publishers, Inc., 1961. Pp. 130-136.
 </title></titleStmt><editionStmt><edition>A part  of the XML version of the Brown Corpus</edition></editionStmt><extent>2,011 words 92 (4.6%) quotes</extent><publicationStmt><idno>K09</idno><availability><p>Used by permission of Howard Fast.0010-1590</p></availability></publicationStmt><sourceDesc><bibl> Howard Fast, April Morning.
 New York: Crown Publishers, Inc., 1961. Pp. 130-136.
 </bibl></sourceDesc></fileDesc><encodingDesc><p/></encodingDesc><revisionDesc><change when="2008-04-27">Header auto-generated for TEI version</change></revisionDesc></teiHeader>
<text xml:id="K09" decls="K">
<body><p><s n="1"><w type="PPS">It</w> <w type="BEDZ">was</w> <w type="AT">the</w> <w type="OD">first</w> <w type="NN">time</w> <w type="DTI">any</w> <w type="IN">of</w> <w type="PPO">us</w> <w type="HVD">had</w> <w type="VBN">laughed</w> <w type="CS">since</w> <w type="AT">the</w> <w type="NN">morning</w> <w type="VBD">began</w> <c type="pct">.</c> </s>
</p>
<p><s n="2"><w type="AT">The</w> <w type="NN">rider</w> <w type="IN">from</w> <w type="NP">Concord</w> <w type="BEDZ">was</w> <w type="QL">as</w> <w type="JJ">good</w> <w type="CS">as</w> <w type="PPg">his</w> <w type="NN">word</w> <c type="pct">.</c> </s>
<s n="3"><w type="PPS">He</w> <w type="VBD">came</w> <w type="VBG">spurring</w> <w type="CC">and</w> <w type="VBG">whooping</w> <w type="IN">down</w> <w type="AT">the</w> <w type="NN">road</w> <c type="pct">,</c> <w type="PPg">his</w> <w type="NN">horse</w> <w type="VBG">kicking</w> <w type="RP">up</w> <w type="NNS">clouds</w> <w type="IN">of</w> <w type="NN">dust</w> <c type="pct">,</c> <w type="VBG">shouting</w> <c type="pct">:</c> </s>
</p>
<p><s n="4"><c type="pct">``</c> <mw pos="PPSS BER">They're </mw><w type="VBG">a-coming</w> <c type="pct">!</c> <c type="pct">!</c> </s>
<s n="5"><w type="IN">By</w> <w type="NP">God</w> <c type="pct">,</c> <mw pos="PPSS BER">they're </mw><w type="VBG">a-coming</w> <c type="pct">,</c> <w type="PPSS">they</w> <w type="BER">are</w> <c type="pct">''</c> <c type="pct">!</c> <c type="pct">!</c> </s>
</p>
<p><s n="6"><w type="PPSS">We</w> <w type="VBD">heard</w> <w type="PPO">him</w> <w type="CS">before</w> <w type="PPS">he</w> <w type="RB">ever</w> <w type="VBD">showed</w> <c type="pct">,</c> <w type="CC">and</w> <w type="PPSS">we</w> <w type="VBD">heard</w> <w type="PPO">him</w> <w type="VBG">yelling</w> <w type="CS">after</w> <w type="PPS">he</w> <w type="BEDZ">was</w> <w type="RP">out</w> <w type="IN">of</w> <w type="NN">sight</w> <c type="pct">.</c> </s>
<s n="7"><w type="NP">Solomon</w> <w type="NP">Chandler</w> <mw pos="HVD *">hadn't </mw><w type="VBN">misjudged</w> <w type="AT">the</w> <w type="NN">strength</w> <w type="IN">of</w> <w type="PPg">his</w> <w type="NNS">lungs</w> <c type="pct">,</c> <w type="NEG">not</w> <w type="IN">at</w> <w type="ABN">all</w> <c type="pct">.</c> </s>
<s n="8"><w type="PPSS">I</w> <w type="VB">think</w> <w type="PPSS">you</w> <w type="MD">could</w> <w type="HV">have</w> <w type="VBN">heard</w> <w type="PPO">him</w> <w type="AT">a</w> <w type="NN">mile</w> <w type="RB">away</w> <c type="pct">,</c> <w type="CC">and</w> <w type="PPS">he</w> <w type="BEDZ">was</w> <w type="VBG">bursting</w> <w type="IN">at</w> <w type="AT">every</w> <w type="NN">seam</w> <w type="IN">with</w> <w type="NN">importance</w> <c type="pct">.</c> </s>
<s n="9"><w type="PPSS">I</w> <w type="HV">have</w> <w type="VBN">observed</w> <w type="CS">that</w> <w type="BEG">being</w> <w type="RP">up</w> <w type="IN">on</w> <w type="AT">a</w> <w type="NN">horse</w> <w type="VBZ">changes</w> <w type="AT">the</w> <w type="JJ">whole</w> <w type="NN">character</w> <w type="IN">of</w> <w type="AT">a</w> <w type="NN">man</w> <c type="pct">,</c> <w type="CC">and</w> <w type="WRB">when</w> <w type="AT">a</w> <w type="QL">very</w> <w type="JJ">small</w> <w type="NN">man</w> <w type="BEZ">is</w> <w type="RP">up</w> <w type="IN">on</w> <w type="AT">a</w> <w type="NN">saddle</w> <c type="pct">,</c> <mw pos="PPS MD">he'd </mw><w type="VB">like</w> <w type="CS">as</w> <w type="NEG">not</w> <w type="VB">prefer</w> <w type="TO">to</w> <w type="VB">eat</w> <w type="PPg">his</w> <w type="NNS">meals</w> <w type="RB">there</w> <c type="pct">.</c> </s>
<s n="10"><mw pos="DT BEZ">That's </mw><w type="JJ">understandable</w> <c type="pct">,</c> <w type="CC">and</w> <w type="PPSS">I</w> <w type="VB">appreciate</w> <w type="AT">the</w> <w type="NN">sentiment</w> <c type="pct">.</c> </s>
<s n="11"><w type="CS">As</w> <w type="IN">for</w> <w type="DT">this</w> <w type="NN">rider</w> <c type="pct">,</c> <w type="PPSS">I</w> <w type="RB">never</w> <w type="VBD">saw</w> <w type="PPO">him</w> <w type="RB">before</w> <w type="CC">or</w> <w type="RB">afterwards</w> <w type="CC">and</w> <w type="RB">never</w> <w type="VBD">saw</w> <w type="PPO">him</w> <w type="VBN">dismounted</w> <c type="pct">,</c> <w type="RB">so</w> <w type="CS">whether</w> <w type="PPS">he</w> <w type="VBD">stood</w> <w type="JJ">tall</w> <w type="CC">or</w> <w type="JJ">short</w> <w type="IN">in</w> <w type="PPg">his</w> <w type="NNS">shoes</w> <c type="pct">,</c> <w type="PPSS">I</w> <mw pos="MD *">can't </mw><w type="VB">say</w> <c type="pct">;</c> <c type="pct">;</c> </s>
<s n="12"><w type="CC">but</w> <w type="PPSS">I</w> <w type="DO">do</w> <w type="VB">know</w> <w type="CS">that</w> <w type="PPS">he</w> <w type="VBD">gave</w> <w type="AT">the</w> <w type="NN">day</w> <w type="NN">tone</w> <w type="CC">and</w> <w type="NN">distinction</w> <c type="pct">.</c> </s>
<s n="13"><w type="AT">The</w> <w type="AP">last</w> <w type="NN">thing</w> <w type="IN">in</w> <w type="AT">the</w> <w type="NN">world</w> <w type="WPS">that</w> <w type="VBD">resembled</w> <w type="AT">a</w> <w type="NN">war</w> <w type="BEDZ">was</w> <w type="PPg">our</w> <w type="NN">line</w> <w type="IN">of</w> <w type="NNS">farmers</w> <w type="CC">and</w> <w type="NNS">storekeepers</w> <w type="CC">and</w> <w type="NNS">mechanics</w> <w type="VBN">perched</w> <w type="IN">on</w> <w type="NN">top</w> <w type="IN">of</w> <w type="AT">a</w> <w type="NN">stone</w> <w type="NN">wall</w> <c type="pct">,</c> <w type="CC">and</w> <w type="DT">this</w> <w type="VBG">dashing</w> <w type="NN">rider</w> <w type="VBD">made</w> <w type="PPO">us</w> <w type="VB">feel</w> <w type="AT">a</w> <w type="JJ">good</w> <w type="NN">deal</w> <w type="JJR">sharper</w> <w type="CC">and</w> <w type="QL">more</w> <w type="JJ">alert</w> <w type="IN">to</w> <w type="AT">the</w> <w type="NN">situation</w> <c type="pct">.</c> </s>
</p>
<p><s n="14"><w type="PPSS">We</w> <w type="VBD">came</w> <w type="RP">down</w> <w type="IN">off</w> <w type="AT">the</w> <w type="NN">wall</w> <w type="CS">as</w> <w type="CS">if</w> <w type="PPS">he</w> <w type="HVD">had</w> <w type="VBN">toppled</w> <w type="ABN">all</w> <w type="IN">of</w> <w type="PPO">us</w> <c type="pct">,</c> <w type="CC">and</w> <w type="PPSS">we</w> <w type="VBD">crouched</w> <w type="IN">behind</w> <w type="PPO">it</w> <c type="pct">.</c> </s>
<s n="15"><w type="PPSS">I</w> <w type="HV">have</w> <w type="VBN">heard</w> <w type="NNS">people</w> <w type="VB">talk</w> <w type="IN">with</w> <w type="NN">contempt</w> <w type="IN">about</w> <w type="AT">the</w> <w type="JJ">British</w> <w type="NNS">regulars</w> <c type="pct">,</c> <w type="CC">but</w> <w type="DT">that</w> <w type="RB">only</w> <w type="VBZ">proves</w> <w type="CS">that</w> <w type="AT">a</w> <w type="NN">lot</w> <w type="IN">of</w> <w type="NNS">people</w> <w type="VB">talk</w> <w type="IN">about</w> <w type="NNS">things</w> <w type="IN">of</w> <w type="WDT">which</w> <w type="PPSS">they</w> <w type="BER">are</w> <w type="QL">deplorably</w> <w type="JJ">ignorant</w> <c type="pct">.</c> </s>
<s n="16"><w type="WDT">Whatever</w> <w type="PPSS">we</w> <w type="VBD">felt</w> <w type="IN">about</w> <w type="AT">the</w> <w type="NNS">redcoats</w> <c type="pct">,</c> <w type="PPSS">we</w> <w type="VBD">respected</w> <w type="PPO">them</w> <w type="IN">in</w> <w type="NNS">terms</w> <w type="IN">of</w> <w type="PPg">their</w> <w type="NN">trade</w> <c type="pct">,</c> <w type="WDT">which</w> <w type="BEDZ">was</w> <w type="VBG">killing</w> <c type="pct">;</c> <c type="pct">;</c> </s>
<s n="17"><w type="CC">and</w> <w type="PPSS">I</w> <w type="VB">know</w> <w type="CS">that</w> <w type="PPSS">I</w> <c type="pct">,</c> <w type="PPL">myself</w> <c type="pct">,</c> <w type="BEDZ">was</w> <w type="VBN">nauseated</w> <w type="IN">with</w> <w type="NN">apprehension</w> <w type="CC">and</w> <w type="NN">fear</w> <w type="CC">and</w> <w type="CS">that</w> <w type="PPg">my</w> <w type="NNS">hands</w> <w type="BED">were</w> <w type="QL">soaking</w> <w type="JJ">wet</w> <w type="WRB">where</w> <w type="PPSS">they</w> <w type="VBD">held</w> <w type="PPg">my</w> <w type="NN">gun</w> <c type="pct">.</c> </s>
<s n="18"><w type="PPSS">I</w> <w type="VBD">wanted</w> <w type="TO">to</w> <w type="VB">wipe</w> <w type="PPg">my</w> <w type="NN">flint</w> <c type="pct">,</c> <w type="CC">but</w> <w type="PPSS">I</w> <mw pos="DOD *">didn't </mw><w type="VB">dare</w> <w type="TO">to</w> <c type="pct">,</c> <w type="AT">the</w> <w type="NN">state</w> <w type="PPg">my</w> <w type="NNS">hands</w> <w type="BED">were</w> <w type="IN">in</w> <c type="pct">,</c> <w type="RB">just</w> <w type="CS">as</w> <w type="PPSS">I</w> <mw pos="DOD *">didn't </mw><w type="VB">dare</w> <w type="TO">to</w> <w type="DO">do</w> <w type="PN">anything</w> <w type="IN">about</w> <w type="AT">the</w> <w type="NN">priming</w> <c type="pct">.</c> </s>
<s n="19"><w type="AT">The</w> <w type="NN">gun</w> <w type="MD">would</w> <w type="VB">fire</w> <w type="CC">or</w> <w type="NEG">not</w> <c type="pct">,</c> <w type="RB">just</w> <w type="CS">as</w> <w type="NN">chance</w> <w type="VBD">willed</w> <c type="pct">.</c> </s>
<s n="20"><w type="PPSS">I</w> <w type="VB">put</w> <w type="AT">a</w> <w type="NN">lot</w> <w type="AP">more</w> <w type="NN">trust</w> <w type="IN">in</w> <w type="PPg">my</w> <w type="CD">two</w> <w type="NNS">legs</w> <w type="CS">than</w> <w type="IN">in</w> <w type="AT">the</w> <w type="NN">gun</w> <c type="pct">,</c> <w type="CS">because</w> <w type="AT">the</w> <w type="QL">most</w> <w type="JJ">important</w> <w type="NN">thing</w> <w type="PPSS">I</w> <w type="HVD">had</w> <w type="VBN">learned</w> <w type="IN">about</w> <w type="NN">war</w> <w type="BEDZ">was</w> <w type="CS">that</w> <w type="PPSS">you</w> <w type="MD">could</w> <w type="VB">run</w> <w type="RB">away</w> <w type="CC">and</w> <w type="VB">survive</w> <w type="TO">to</w> <w type="VB">talk</w> <w type="IN">about</w> <w type="PPO">it</w> <c type="pct">.</c> </s>
</p>
<p><s n="21"><w type="AT">The</w> <w type="NN">gunfire</w> <c type="pct">,</c> <w type="WDT">which</w> <w type="BEDZ">was</w> <w type="QL">so</w> <w type="RB">near</w> <w type="CS">that</w> <w type="PPS">it</w> <w type="VBD">seemed</w> <w type="RB">just</w> <w type="AT">a</w> <w type="NN">piece</w> <w type="IN">up</w> <w type="AT">the</w> <w type="NN">road</w> <w type="RB">now</w> <c type="pct">,</c> <w type="VBD">stopped</w> <w type="IN">for</w> <w type="RB">long</w> <w type="QLP">enough</w> <w type="TO">to</w> <w type="VB">count</w> <w type="IN">to</w> <w type="CD">twenty</w> <c type="pct">;</c> <c type="pct">;</c> </s>
<s n="22"><w type="CC">and</w> <w type="IN">in</w> <w type="DT">that</w> <w type="JJ">brief</w> <w type="NN">interval</w> <c type="pct">,</c> <w type="AT">a</w> <w type="NN">redcoat</w> <w type="NN">officer</w> <w type="VBD">came</w> <w type="VBG">tearing</w> <w type="IN">down</w> <w type="AT">the</w> <w type="NN">road</w> <c type="pct">,</c> <w type="VBG">whipping</w> <w type="PPg">his</w> <w type="NN">horse</w> <w type="VBN">fit</w> <w type="TO">to</w> <w type="VB">kill</w> <c type="pct">.</c> </s>
<s n="23"><w type="PPSS">I</w> <mw pos="DO *">don't </mw><w type="VB">know</w> <w type="CS">whether</w> <w type="PPS">he</w> <w type="BEDZ">was</w> <w type="IN">after</w> <w type="PPg">our</w> <w type="NN">rider</w> <c type="pct">,</c> <w type="WPS">who</w> <w type="HVD">had</w> <w type="VBN">gone</w> <w type="RB">by</w> <w type="AT">a</w> <w type="NN">minute</w> <w type="RB">before</w> <c type="pct">,</c> <w type="CC">or</w> <w type="CS">whether</w> <w type="PPS">he</w> <w type="BEDZ">was</w> <w type="RB">simply</w> <w type="VBG">scouting</w> <w type="NNS">conditions</w> <c type="pct">;</c> <c type="pct">;</c> </s>
<s n="24"><w type="CC">but</w> <w type="WRB">when</w> <w type="PPS">he</w> <w type="VBD">passed</w> <w type="PPO">us</w> <w type="RB">by</w> <c type="pct">,</c> <w type="AT">a</w> <w type="NN">musket</w> <w type="VBD">roared</w> <c type="pct">,</c> <w type="CC">and</w> <w type="PPS">he</w> <w type="VBD">reared</w> <w type="PPg">his</w> <w type="NN">horse</w> <c type="pct">,</c> <w type="VBD">swung</w> <w type="PPO">it</w> <w type="RB">around</w> <c type="pct">,</c> <w type="CC">and</w> <w type="VBD">began</w> <w type="TO">to</w> <w type="VB">whip</w> <w type="PPO">it</w> <w type="RB">back</w> <w type="IN">in</w> <w type="AT">the</w> <w type="NN">direction</w> <w type="IN">from</w> <w type="WDT">which</w> <w type="PPS">he</w> <w type="HVD">had</w> <w type="VBN">come</w> <c type="pct">.</c> </s>
<s n="25"><w type="PPS">He</w> <w type="BEDZ">was</w> <w type="AT">a</w> <w type="JJ">fine</w> <w type="CC">and</w> <w type="JJ">showy</w> <w type="NN">rider</w> <c type="pct">,</c> <w type="CC">but</w> <w type="PPg">his</w> <w type="NN">skill</w> <w type="BEDZ">was</w> <w type="VBN">wasted</w> <w type="IN">on</w> <w type="PPO">us</w> <c type="pct">.</c> </s>
<s n="26"><w type="IN">From</w> <w type="IN">above</w> <w type="PPO">me</w> <w type="CC">and</w> <w type="RB">somewhere</w> <w type="IN">behind</w> <w type="PPO">me</w> <c type="pct">,</c> <w type="AT">a</w> <w type="NN">rifle</w> <w type="VBD">cracked</w> <c type="pct">.</c> </s>
<s n="27"><w type="AT">The</w> <w type="NN">redcoat</w> <w type="NN">officer</w> <w type="VBD">collapsed</w> <w type="CS">like</w> <w type="AT">a</w> <w type="VBN">punctured</w> <w type="NN">bolster</w> <c type="pct">,</c> <w type="CC">and</w> <w type="AT">the</w> <w type="NN">horse</w> <w type="VBD">reared</w> <w type="CC">and</w> <w type="VBD">threw</w> <w type="PPO">him</w> <w type="IN">from</w> <w type="AT">the</w> <w type="NN">saddle</w> <c type="pct">,</c> <w type="IN">except</w> <w type="CS">that</w> <w type="CD">one</w> <w type="VBN">booted</w> <w type="NN">foot</w> <w type="VBD">caught</w> <w type="IN">in</w> <w type="AT">the</w> <w type="NN">stirrup</w> <c type="pct">.</c> </s>
<s n="28"><w type="QL">Half</w> <w type="VBN">crazed</w> <w type="IN">by</w> <w type="AT">the</w> <w type="NN">weight</w> <w type="VBG">dragging</w> <c type="pct">,</c> <w type="AT">the</w> <w type="NN">dust</w> <c type="pct">,</c> <w type="CC">and</w> <w type="AT">the</w> <w type="NN">heat</w> <c type="pct">,</c> <w type="AT">the</w> <w type="NN">horse</w> <w type="VBD">leaped</w> <w type="PPg">our</w> <w type="NN">wall</w> <c type="pct">,</c> <w type="VBG">dashing</w> <w type="RP">out</w> <w type="AT">the</w> <w type="NNg">rider's</w> <w type="NNS">brains</w> <w type="IN">against</w> <w type="PPO">it</w> <c type="pct">,</c> <w type="CC">and</w> <w type="VBG">leaving</w> <w type="PPO">him</w> <w type="VBG">lying</w> <w type="RB">there</w> <w type="IN">among</w> <w type="PPO">us</w> <c type="pct">--</c> <w type="CS">while</w> <w type="AT">the</w> <w type="NN">horse</w> <w type="VBD">crashed</w> <w type="RB">away</w> <w type="IN">through</w> <w type="AT">the</w> <w type="NN">brush</w> <c type="pct">.</c> </s>
</p>
<p><s n="29"><w type="PPS">It</w> <w type="BEDZ">was</w> <w type="PPg">my</w> <w type="NN">initiation</w> <w type="TO">to</w> <w type="VB">war</w> <w type="CC">and</w> <w type="AT">the</w> <w type="JJ">insane</w> <w type="NN">symphony</w> <w type="NN">war</w> <w type="VBZ">plays</w> <c type="pct">;</c> <c type="pct">;</c> </s>
<s n="30"><w type="CS">for</w> <w type="WDT">what</w> <w type="HVD">had</w> <w type="VBN">happened</w> <w type="IN">on</w> <w type="AT">the</w> <w type="NN">common</w> <w type="BEDZ">was</w> <w type="RB">only</w> <w type="NN">terror</w> <w type="CC">and</w> <w type="NN">flight</w> <c type="pct">;</c> <c type="pct">;</c> </s>
<s n="31"><w type="CC">but</w> <w type="DT">this</w> <w type="VBG">grinning</w> <c type="pct">,</c> <w type="VBN">broken</w> <w type="NN">head</w> <c type="pct">,</c> <w type="NEG">not</w> <w type="CD">ten</w> <w type="NNS">feet</w> <w type="RB">away</w> <w type="IN">from</w> <w type="PPO">me</w> <c type="pct">,</c> <w type="BEDZ">was</w> <w type="AT">the</w> <w type="JJ">sharp</w> <w type="NN">definition</w> <w type="IN">of</w> <w type="WDT">what</w> <w type="PPg">my</w> <w type="NN">reality</w> <w type="HVD">had</w> <w type="VBN">become</w> <c type="pct">.</c> </s>
</p>
<p><s n="32"><w type="CC">And</w> <w type="RB">now</w> <w type="AT">the</w> <w type="NNS">redcoats</w> <w type="BED">were</w> <w type="VBG">coming</w> <c type="pct">,</c> <w type="CC">and</w> <w type="AT">the</w> <w type="NN">gunfire</w> <w type="BEDZ">was</w> <w type="AT">a</w> <w type="NN">part</w> <w type="IN">of</w> <w type="AT">the</w> <w type="NN">dust</w> <w type="NN">cloud</w> <w type="IN">on</w> <w type="AT">the</w> <w type="NN">road</w> <w type="IN">to</w> <w type="AT">the</w> <w type="NR">west</w> <w type="IN">of</w> <w type="PPO">us</w> <c type="pct">.</c> </s>
<s n="33"><w type="PPSS">I</w> <w type="MD">must</w> <w type="VB">state</w> <w type="CS">that</w> <w type="AT">the</w> <w type="RBR">faster</w> <w type="NNS">things</w> <w type="VBD">happened</w> <c type="pct">,</c> <w type="AT">the</w> <w type="RBR">slower</w> <w type="PPSS">they</w> <w type="VBD">happened</w> <c type="pct">;</c> <c type="pct">;</c> </s>
<s n="34"><w type="AT">the</w> <w type="NN">passage</w> <w type="CC">and</w> <w type="NN">rhythm</w> <w type="IN">of</w> <w type="NN">time</w> <w type="VBD">changed</w> <c type="pct">,</c> <w type="CC">and</w> <w type="WRB">when</w> <w type="PPSS">I</w> <w type="VB">remember</w> <w type="RB">back</w> <w type="IN">to</w> <w type="WDT">what</w> <w type="VBD">happened</w> <w type="RB">then</w> <c type="pct">,</c> <w type="DT">each</w> <w type="NN">event</w> <w type="BEZ">is</w> <w type="AT">a</w> <w type="JJ">separate</w> <w type="CC">and</w> <w type="VBN">frozen</w> <w type="NN">incident</w> <c type="pct">.</c> </s>
<s n="35"><w type="IN">In</w> <w type="PPg">my</w> <w type="NN">recollection</w> <c type="pct">,</c> <w type="EX">there</w> <w type="BEDZ">was</w> <w type="AT">a</w> <w type="JJ">long</w> <w type="NN">interval</w> <w type="IN">between</w> <w type="AT">the</w> <w type="NN">death</w> <w type="IN">of</w> <w type="AT">the</w> <w type="NN">officer</w> <w type="CC">and</w> <w type="AT">the</w> <w type="NN">appearance</w> <w type="IN">of</w> <w type="AT">the</w> <w type="OD">first</w> <w type="IN">of</w> <w type="AT">the</w> <w type="VBG">retreating</w> <w type="NNS">redcoats</w> <c type="pct">,</c> <w type="CC">and</w> <w type="IN">in</w> <w type="DT">that</w> <w type="NN">interval</w> <w type="AT">the</w> <w type="NN">dust</w> <w type="NN">cloud</w> <w type="IN">over</w> <w type="AT">the</w> <w type="NN">road</w> <w type="VBZ">seems</w> <w type="TO">to</w> <w type="VB">hover</w> <w type="RB">indefinitely</w> <c type="pct">.</c> </s>
<s n="36"><w type="CC">Yet</w> <w type="PPS">it</w> <w type="MD">could</w> <w type="NEG">not</w> <w type="HV">have</w> <w type="BEN">been</w> <w type="AP">more</w> <w type="CS">than</w> <w type="AT">a</w> <w type="NN">matter</w> <w type="IN">of</w> <w type="NNS">seconds</w> <c type="pct">,</c> <w type="CC">and</w> <w type="RB">then</w> <w type="AT">the</w> <w type="NN">front</w> <w type="IN">of</w> <w type="AT">the</w> <w type="JJ">British</w> <w type="NN">army</w> <w type="VBD">came</w> <w type="IN">into</w> <w type="NN">view</w> <c type="pct">.</c> </s>
</p>
<p><s n="37"><w type="PPS">It</w> <w type="BEDZ">was</w> <w type="AP">only</w> <w type="NNS">hours</w> <w type="CS">since</w> <w type="PPSS">I</w> <w type="HVD">had</w> <w type="RB">last</w> <w type="VBN">seen</w> <w type="PPO">them</w> <c type="pct">,</c> <w type="CC">but</w> <w type="PPSS">they</w> <w type="HVD">had</w> <w type="VBN">changed</w> <w type="CC">and</w> <w type="PPSS">I</w> <w type="HVD">had</w> <w type="VBN">changed</w> <c type="pct">.</c> </s>
<s n="38"><w type="IN">In</w> <w type="AT">the</w> <w type="AP">very</w> <w type="NN">front</w> <w type="NN">rank</w> <c type="pct">,</c> <w type="CD">two</w> <w type="NNS">men</w> <w type="BED">were</w> <w type="VBN">wounded</w> <w type="CC">and</w> <w type="VBD">staggered</w> <w type="RB">along</w> <c type="pct">,</c> <w type="VBG">trailing</w> <w type="NN">blood</w> <w type="IN">behind</w> <w type="PPO">them</w> <c type="pct">.</c> </s>
<s n="39"><w type="AT">No</w> <w type="NNS">drummers</w> <w type="RB">here</w> <c type="pct">,</c> <w type="AT">no</w> <w type="NNS">pipers</w> <c type="pct">,</c> <w type="CC">and</w> <w type="AT">the</w> <w type="JJ">red</w> <w type="NNS">coats</w> <w type="BED">were</w> <w type="VBN">covered</w> <w type="IN">with</w> <w type="AT">a</w> <w type="JJ">fine</w> <w type="NN">film</w> <w type="IN">of</w> <w type="NN">dust</w> <c type="pct">.</c> </s>
<s n="40"><w type="PPSS">They</w> <w type="VBD">marched</w> <w type="IN">with</w> <w type="NNS">bayonets</w> <w type="VBN">fixed</w> <c type="pct">,</c> <w type="CC">and</w> <w type="CS">as</w> <w type="VBN">fixed</w> <w type="IN">on</w> <w type="PPg">their</w> <w type="NNS">faces</w> <w type="BEDZ">was</w> <w type="NN">anger</w> <c type="pct">,</c> <w type="NN">fear</w> <c type="pct">,</c> <w type="CC">and</w> <w type="NN">torment</w> <c type="pct">.</c> </s>
<s n="41"><w type="NN">Rank</w> <w type="IN">after</w> <w type="NN">rank</w> <w type="IN">of</w> <w type="PPO">them</w> <w type="VBD">came</w> <w type="IN">down</w> <w type="AT">the</w> <w type="NN">road</w> <c type="pct">,</c> <w type="CC">and</w> <w type="AT">the</w> <w type="NNS">faces</w> <w type="BED">were</w> <w type="ABN">all</w> <w type="AT">the</w> <w type="AP">same</w> <c type="pct">,</c> <w type="CC">and</w> <w type="PPSS">they</w> <w type="VBD">walked</w> <w type="IN">in</w> <w type="AT">a</w> <w type="NN">sea</w> <w type="IN">of</w> <w type="NN">dust</w> <c type="pct">.</c> </s>
</p>
<p><s n="42"><c type="pct">``</c> <w type="NNS">Committeemen</w> <c type="pct">,</c> <w type="VB">hold</w> <w type="PPg">your</w> <w type="NN">fire</w> <c type="pct">!</c> <c type="pct">!</c> </s>
<s n="43"><w type="VB">Hold</w> <w type="PPg">your</w> <w type="NN">fire</w> <c type="pct">''</c> <c type="pct">!</c> <c type="pct">!</c> </s>
<s n="44"><w type="AT">A</w> <w type="NN">voice</w> <w type="VBD">called</w> <c type="pct">,</c> <w type="CC">and</w> <w type="WDT">what</w> <w type="VBD">made</w> <w type="PPO">it</w> <w type="QL">even</w> <w type="QL">more</w> <w type="JJ">terrible</w> <w type="CC">and</w> <w type="JJ">unreal</w> <w type="BEDZ">was</w> <w type="CS">that</w> <w type="AT">the</w> <w type="NN">redcoat</w> <w type="NNS">ranks</w> <w type="RB">never</w> <w type="VBD">paused</w> <w type="IN">for</w> <w type="AT">an</w> <w type="NN">instant</w> <c type="pct">,</c> <w type="RB">only</w> <w type="DTI">some</w> <w type="IN">of</w> <w type="PPO">them</w> <w type="VBG">glancing</w> <w type="IN">toward</w> <w type="AT">the</w> <w type="NN">stone</w> <w type="NN">wall</w> <c type="pct">,</c> <w type="IN">from</w> <w type="IN">behind</w> <w type="WDT">which</w> <w type="AT">the</w> <w type="NN">voice</w> <w type="VBD">came</w> <c type="pct">.</c> </s>
</p>
<p><s n="45"><w type="AT">The</w> <w type="NN">front</w> <w type="IN">of</w> <w type="PPg">their</w> <w type="NN">column</w> <w type="HVD">had</w> <w type="RB">already</w> <w type="VBN">passed</w> <w type="PPO">us</w> <c type="pct">,</c> <w type="WRB">when</w> <w type="DT">another</w> <w type="NN">officer</w> <w type="VBD">came</w> <w type="VBG">riding</w> <w type="IN">down</w> <w type="AT">the</w> <w type="NN">side</w> <w type="IN">of</w> <w type="AT">the</w> <w type="NN">road</w> <c type="pct">,</c> <w type="NEG">not</w> <w type="CD">five</w> <w type="NNS">paces</w> <w type="IN">from</w> <w type="WRB">where</w> <w type="PPSS">we</w> <w type="BED">were</w> <c type="pct">.</c> </s>
<s n="46"><w type="PPg">My</w> <w type="NN" subtype="TL">Cousin</w> <w type="NP">Simmons</w> <w type="VBD">carried</w> <w type="AT">a</w> <w type="NN">musket</w> <c type="pct">,</c> <w type="CC">but</w> <w type="PPS">he</w> <w type="HVD">had</w> <w type="VBN">loaded</w> <w type="PPO">it</w> <w type="IN">with</w> <w type="NN">bird</w> <w type="NN">shot</w> <c type="pct">,</c> <w type="CC">and</w> <w type="CS">as</w> <w type="AT">the</w> <w type="NN">officer</w> <w type="VBD">came</w> <w type="IN">opposite</w> <w type="PPO">him</w> <c type="pct">,</c> <w type="PPS">he</w> <w type="VBD">rose</w> <w type="RP">up</w> <w type="IN">behind</w> <w type="AT">the</w> <w type="NN">wall</w> <w type="CC">and</w> <w type="VBD">fired</w> <c type="pct">.</c> </s>
<s n="47"><w type="CD">One</w> <w type="NN">moment</w> <w type="EX">there</w> <w type="BEDZ">was</w> <w type="AT">a</w> <w type="NN">man</w> <w type="IN">in</w> <w type="AT">the</w> <w type="NN">saddle</w> <c type="pct">;</c> <c type="pct">;</c> </s>
<s n="48"><w type="AT">the</w> <w type="AP">next</w> <w type="AT">a</w> <w type="JJ">headless</w> <w type="NN">horror</w> <w type="IN">on</w> <w type="AT">a</w> <w type="NN">horse</w> <w type="WPS">that</w> <w type="VBD">bolted</w> <w type="IN">through</w> <w type="AT">the</w> <w type="NN">redcoat</w> <w type="NNS">ranks</w> <c type="pct">,</c> <w type="CC">and</w> <w type="IN">during</w> <w type="AT">the</w> <w type="AP">next</w> <w type="NN">second</w> <w type="CC">or</w> <w type="CD">two</w> <c type="pct">,</c> <w type="PPSS">we</w> <w type="ABN">all</w> <w type="IN">of</w> <w type="PPO">us</w> <w type="VBD">fired</w> <w type="IN">into</w> <w type="AT">the</w> <w type="RB">suddenly</w> <w type="VBN">disorganized</w> <w type="NN">column</w> <w type="IN">of</w> <w type="NNS">soldiers</w> <c type="pct">.</c> </s>
<s n="49"><w type="CD">One</w> <w type="NN">moment</w> <c type="pct">,</c> <w type="AT">the</w> <w type="NN">road</w> <w type="BEDZ">was</w> <w type="VBN">filled</w> <w type="IN">with</w> <w type="VBN">disciplined</w> <w type="NNS">troops</w> <c type="pct">,</c> <w type="VBG">marching</w> <w type="CD">four</w> <w type="IN">by</w> <w type="CD">four</w> <w type="IN">with</w> <w type="AT">a</w> <w type="NN">purpose</w> <w type="QL">as</w> <w type="JJ">implacable</w> <w type="CS">as</w> <w type="NN">death</w> <c type="pct">;</c> <c type="pct">;</c> </s>
<s n="50"><w type="AT">the</w> <w type="AP">next</w> <c type="pct">,</c> <w type="AT">a</w> <w type="NN">cloud</w> <w type="IN">of</w> <w type="NN">gun</w> <w type="NN">smoke</w> <w type="VBD">covered</w> <w type="AT">a</w> <w type="VBG">screaming</w> <w type="NN">fury</w> <w type="IN">of</w> <w type="NN">sound</w> <c type="pct">,</c> <w type="RP">out</w> <w type="IN">of</w> <w type="WDT">which</w> <w type="AT">the</w> <w type="NN">redcoat</w> <w type="NNS">soldiers</w> <w type="VBD">emerged</w> <w type="IN">with</w> <w type="PPg">their</w> <w type="NNS">bayonets</w> <w type="CC">and</w> <w type="PPg">their</w> <w type="VBG">cursing</w> <w type="NN">fury</w> <c type="pct">.</c> </s>
</p>
<p><s n="51"><w type="IN">In</w> <w type="AT">the</w> <w type="NN">course</w> <w type="IN">of</w> <w type="DT">this</w> <c type="pct">,</c> <w type="PPSS">they</w> <w type="HVD">had</w> <w type="VBN">fired</w> <w type="IN">on</w> <w type="PPO">us</w> <c type="pct">;</c> <c type="pct">;</c> </s>
<s n="52"><w type="CC">but</w> <w type="PPSS">I</w> <w type="HV">have</w> <w type="AT">no</w> <w type="NN">memory</w> <w type="IN">of</w> <w type="DT">that</w> <c type="pct">.</c> </s>
<s n="53"><w type="PPSS">I</w> <w type="HVD">had</w> <w type="VBN">squeezed</w> <w type="AT">the</w> <w type="NN">trigger</w> <w type="IN">of</w> <w type="PPg">my</w> <w type="JJ">own</w> <w type="NN">gun</w> <c type="pct">,</c> <w type="CC">and</w> <w type="IN">to</w> <w type="PPg">my</w> <w type="NN">amazement</w> <c type="pct">,</c> <w type="PPS">it</w> <w type="HVD">had</w> <w type="VBN">fired</w> <w type="CC">and</w> <w type="VBN">kicked</w> <w type="RB">back</w> <w type="IN">into</w> <w type="PPg">my</w> <w type="NN">shoulder</w> <w type="IN">with</w> <w type="AT">the</w> <w type="NN">force</w> <w type="IN">of</w> <w type="AT">an</w> <w type="JJ">angry</w> <w type="NN">mule</w> <c type="pct">;</c> <c type="pct">;</c> </s>
<s n="54"><w type="CC">and</w> <w type="RB">then</w> <w type="PPSS">I</w> <w type="BEDZ">was</w> <w type="VBG">adding</w> <w type="PPg">my</w> <w type="JJ">own</w> <w type="NN">voice</w> <w type="IN">to</w> <w type="AT">the</w> <w type="NN">crescendo</w> <w type="IN">of</w> <w type="NN">sound</w> <c type="pct">,</c> <w type="VBG">hurling</w> <w type="QL">more</w> <w type="JJ">vile</w> <w type="NN">language</w> <w type="CS">than</w> <w type="PPSS">I</w> <w type="RB">ever</w> <w type="VBD">thought</w> <w type="PPSS">I</w> <w type="VBD">knew</w> <c type="pct">,</c> <w type="VBG">sobbing</w> <w type="CC">and</w> <w type="VBG">shouting</w> <c type="pct">,</c> <w type="CC">and</w> <w type="JJ">aware</w> <w type="CS">that</w> <w type="CS">if</w> <w type="PPSS">I</w> <w type="HVD">had</w> <w type="VBN">passed</w> <w type="NN">water</w> <w type="RB">before</w> <c type="pct">,</c> <w type="PPS">it</w> <w type="BEDZ">was</w> <w type="NEG">not</w> <w type="AP">enough</w> <c type="pct">,</c> <w type="CS">for</w> <w type="PPg">my</w> <w type="NNS">pants</w> <w type="BED">were</w> <w type="QL">soaking</w> <w type="JJ">wet</w> <c type="pct">.</c> </s>
</p>
<p><s n="55"><w type="PPSS">I</w> <w type="MD">would</w> <w type="HV">have</w> <w type="VBN">stood</w> <w type="RB">there</w> <w type="CC">and</w> <w type="VBN">died</w> <w type="RB">there</w> <w type="CS">if</w> <w type="VBN">left</w> <w type="IN">to</w> <w type="PPL">myself</w> <c type="pct">,</c> <w type="CC">but</w> <w type="NN" subtype="TL">Cousin</w> <w type="NP">Simmons</w> <w type="VBD">grabbed</w> <w type="PPg">my</w> <w type="NN">arm</w> <w type="IN">in</w> <w type="PPg">his</w> <w type="JJ">viselike</w> <w type="NN">grip</w> <w type="CC">and</w> <w type="RB">fairly</w> <w type="VBD">plucked</w> <w type="PPO">me</w> <w type="RP">out</w> <w type="IN">of</w> <w type="RB">there</w> <c type="pct">;</c> <c type="pct">;</c> </s>
<s n="56"><w type="CC">and</w> <w type="RB">then</w> <w type="PPSS">I</w> <w type="VBD">came</w> <w type="IN">to</w> <w type="DTI">some</w> <w type="NN">sanity</w> <w type="CC">and</w> <w type="VBD">plunged</w> <w type="RB">away</w> <w type="IN">with</w> <w type="JJ">such</w> <w type="JJ">extraordinary</w> <w type="NN">speed</w> <w type="CS">that</w> <w type="PPSS">I</w> <w type="VBD">outdistanced</w> <w type="NN" subtype="TL">Cousin</w> <w type="NP">Simmons</w> <w type="IN">by</w> <w type="RB">far</w> <c type="pct">.</c> </s>
<s n="57"><w type="PN">Everyone</w> <w type="RB">else</w> <w type="BEDZ">was</w> <w type="VBG">running</w> <c type="pct">.</c> </s>
<s n="58"><w type="RBR">Later</w> <w type="PPSS">we</w> <w type="VBD">realized</w> <w type="CS">that</w> <w type="AT">the</w> <w type="NNS">redcoats</w> <w type="HVD">had</w> <w type="VBN">stopped</w> <w type="PPg">their</w> <w type="NN">charge</w> <w type="IN">at</w> <w type="AT">the</w> <w type="NN">wall</w> <c type="pct">.</c> </s>
<s n="59"><w type="PPg">Their</w> <w type="AP">only</w> <w type="NN">hope</w> <w type="IN">of</w> <w type="NN">survival</w> <w type="BEDZ">was</w> <w type="TO">to</w> <w type="VB">hold</w> <w type="IN">to</w> <w type="AT">the</w> <w type="NN">road</w> <w type="CC">and</w> <w type="VB">keep</w> <w type="VBG">marching</w> <c type="pct">.</c> </s>
</p>
<p><s n="60"><w type="PPSS">We</w> <w type="VBD">tumbled</w> <w type="IN">to</w> <w type="AT">a</w> <w type="NN">stop</w> <w type="IN">in</w> <w type="NN" subtype="TL">Deacon</w> <w type="NPg">Gordon's</w> <w type="NN">cow</w> <w type="NN">hole</w> <c type="pct">,</c> <w type="AT">a</w> <w type="JJ">low-lying</w> <w type="NN">bit</w> <w type="IN">of</w> <w type="NN">pasture</w> <w type="IN">with</w> <w type="AT">a</w> <w type="JJ">muddy</w> <w type="NN">pool</w> <w type="IN">of</w> <w type="NN">water</w> <w type="IN">in</w> <w type="PPg">its</w> <w type="NN">middle</w> <c type="pct">.</c> </s>
<s n="61"><w type="AT">A</w> <w type="NN">dozen</w> <w type="NNS">cows</w> <w type="VBD">mooed</w> <w type="RB">sadly</w> <w type="CC">and</w> <w type="VBD">regarded</w> <w type="PPO">us</w> <w type="CS">as</w> <w type="CS">if</w> <w type="PPSS">we</w> <w type="BED">were</w> <w type="JJ">insane</w> <c type="pct">,</c> <w type="CS">as</w> <w type="RB">perhaps</w> <w type="PPSS">we</w> <w type="BED">were</w> <w type="IN">at</w> <w type="DT">that</w> <w type="NN">moment</w> <c type="pct">,</c> <w type="IN">with</w> <w type="AT">the</w> <w type="JJ">crazy</w> <w type="NN">excitement</w> <w type="IN">of</w> <w type="PPg">our</w> <w type="OD">first</w> <w type="NN">encounter</w> <c type="pct">,</c> <w type="AT">the</w> <w type="NN">yelling</w> <w type="CC">and</w> <w type="NN">shooting</w> <w type="RB">still</w> <w type="VBG">continuing</w> <w type="RP">up</w> <w type="IN">at</w> <w type="AT">the</w> <w type="NN">road</w> <c type="pct">,</c> <w type="CC">and</w> <w type="AT">the</w> <w type="NN">thirst</w> <w type="IN">of</w> <w type="DTI">some</w> <w type="IN">of</w> <w type="AT">the</w> <w type="NNS">men</w> <c type="pct">,</c> <w type="WDT">which</w> <w type="BEDZ">was</w> <w type="QL">so</w> <w type="JJ">great</w> <w type="CS">that</w> <w type="PPSS">they</w> <w type="VBD">waded</w> <w type="IN">into</w> <w type="AT">the</w> <w type="JJ">muddy</w> <w type="NN">water</w> <w type="CC">and</w> <w type="VBD">scooped</w> <w type="RP">up</w> <w type="NNS">handfuls</w> <w type="IN">of</w> <w type="PPO">it</w> <c type="pct">.</c> </s>
<s n="62"><w type="NP">Isaac</w> <w type="NP">Pitt</w> <c type="pct">,</c> <w type="CD">one</w> <w type="IN">of</w> <w type="AT">the</w> <w type="NNS">men</w> <w type="IN">from</w> <w type="NP">Lincoln</w> <c type="pct">,</c> <w type="HVD">had</w> <w type="VBN">taken</w> <w type="AT">a</w> <w type="NN">musket</w> <w type="NN">ball</w> <w type="IN">in</w> <w type="PPg">his</w> <w type="NN">belly</w> <c type="pct">;</c> <c type="pct">;</c> </s>
<s n="63"><w type="CC">and</w> <w type="CS">though</w> <w type="PPS">he</w> <w type="HVD">had</w> <w type="VBN">found</w> <w type="AT">the</w> <w type="NN">strength</w> <w type="TO">to</w> <w type="VB">run</w> <w type="IN">with</w> <w type="PPO">us</w> <c type="pct">,</c> <w type="RB">now</w> <w type="PPS">he</w> <w type="VBD">collapsed</w> <w type="CC">and</w> <w type="VBD">lay</w> <w type="IN">on</w> <w type="AT">the</w> <w type="NN">ground</w> <c type="pct">,</c> <w type="VBG">dying</w> <c type="pct">,</c> <w type="AT">the</w> <w type="NP">Reverend</w> <w type="VBG">holding</w> <w type="PPg">his</w> <w type="NN">head</w> <w type="CC">and</w> <w type="VBG">wiping</w> <w type="PPg">his</w> <w type="JJ">hot</w> <w type="NN">brow</w> <c type="pct">.</c> </s>
<s n="64"><w type="PPS">It</w> <w type="MD">may</w> <w type="VB">appear</w> <w type="CS">that</w> <w type="PPSS">we</w> <w type="BED">were</w> <w type="JJ">cruel</w> <w type="CC">and</w> <w type="JJ">callous</w> <c type="pct">,</c> <w type="CC">but</w> <w type="AT">no</w> <w type="PN">one</w> <w type="HVD">had</w> <w type="NN">time</w> <w type="TO">to</w> <w type="VB">spend</w> <w type="VBG">sympathizing</w> <w type="IN">with</w> <w type="JJ">poor</w> <w type="NP">Isaac</w> <c type="pct">--</c> <w type="IN">except</w> <w type="AT">the</w> <w type="NP">Reverend</w> <c type="pct">.</c> </s>
<s n="65"><w type="PPSS">I</w> <w type="VB">know</w> <w type="CS">that</w> <w type="PPSS">I</w> <w type="PPL">myself</w> <w type="VBD">felt</w> <w type="CS">that</w> <w type="PPS">it</w> <w type="BEDZ">was</w> <w type="AT">a</w> <w type="JJ">mortal</w> <w type="NN">shame</w> <w type="CS">for</w> <w type="AT">a</w> <w type="NN">man</w> <w type="TO">to</w> <w type="BE">be</w> <w type="VBN">torn</w> <w type="JJ">open</w> <w type="IN">by</w> <w type="AT">a</w> <w type="JJ">British</w> <w type="NN">musket</w> <w type="NN">ball</w> <c type="pct">,</c> <w type="CS">as</w> <w type="NP">Isaac</w> <w type="HVD">had</w> <w type="BEN">been</w> <c type="pct">,</c> <w type="CC">yet</w> <w type="PPSS">I</w> <w type="RB">also</w> <w type="VBD">felt</w> <w type="VBN">relieved</w> <w type="CC">and</w> <w type="JJ">lucky</w> <w type="CS">that</w> <w type="PPS">it</w> <w type="HVD">had</w> <w type="BEN">been</w> <w type="PPO">him</w> <w type="CC">and</w> <w type="NEG">not</w> <w type="PPL">myself</w> <c type="pct">.</c> </s>
<s n="66"><w type="PPSS">I</w> <w type="BEDZ">was</w> <w type="JJ">drunk</w> <w type="IN">with</w> <w type="NN">excitement</w> <w type="CC">and</w> <w type="AT">the</w> <w type="NN">smell</w> <w type="IN">of</w> <w type="NN">gunpowder</w> <w type="WPS">that</w> <w type="VBD">came</w> <w type="VBG">floating</w> <w type="RP">down</w> <w type="IN">from</w> <w type="AT">the</w> <w type="NN">road</w> <c type="pct">,</c> <w type="CC">and</w> <w type="AT">the</w> <w type="NN">fact</w> <w type="CS">that</w> <w type="PPSS">I</w> <w type="BEDZ">was</w> <w type="NEG">not</w> <w type="JJ">afraid</w> <w type="RB">now</w> <c type="pct">,</c> <w type="CC">but</w> <w type="RB">only</w> <w type="VBG">waiting</w> <w type="TO">to</w> <w type="VB">know</w> <w type="WDT">what</w> <w type="TO">to</w> <w type="DO">do</w> <w type="RB">next</w> <c type="pct">.</c> </s>
</p>
<p><s n="67"><w type="RB">Meanwhile</w> <c type="pct">,</c> <w type="PPSS">I</w> <w type="VBD">reloaded</w> <w type="PPg">my</w> <w type="NN">gun</w> <c type="pct">,</c> <w type="CS">as</w> <w type="AT">the</w> <w type="AP">other</w> <w type="NNS">men</w> <w type="BED">were</w> <w type="VBG">doing</w> <c type="pct">.</c> </s>
<s n="68"><w type="PPSS">We</w> <w type="BED">were</w> <w type="AP">less</w> <w type="CS">than</w> <w type="AT">a</w> <w type="NN">quarter</w> <w type="IN">of</w> <w type="AT">a</w> <w type="NN">mile</w> <w type="IN">from</w> <w type="AT">the</w> <w type="NN">road</w> <c type="pct">,</c> <w type="CC">and</w> <w type="PPSS">we</w> <w type="MD">could</w> <w type="VB">trace</w> <w type="PPg">its</w> <w type="NN">shape</w> <w type="IN">from</w> <w type="AT">the</w> <w type="NN">ribbon</w> <w type="IN">of</w> <w type="NN">powder</w> <w type="NN">smoke</w> <w type="CC">and</w> <w type="NN">dust</w> <w type="WPS">that</w> <w type="VBD">hung</w> <w type="IN">over</w> <w type="PPO">it</w> <c type="pct">.</c> </s>
<s n="69"><w type="WRB">Wherever</w> <w type="PPSS">you</w> <w type="VBD">looked</w> <c type="pct">,</c> <w type="PPSS">you</w> <w type="VBD">saw</w> <w type="NNS" subtype="TL">Committeemen</w> <w type="VBG">running</w> <w type="IN">across</w> <w type="AT">the</w> <w type="NNS">meadows</w> <c type="pct">,</c> <w type="DTI">some</w> <w type="RB">away</w> <w type="IN">from</w> <w type="AT">the</w> <w type="NN">road</w> <c type="pct">,</c> <w type="DTI">some</w> <w type="IN">toward</w> <w type="PPO">it</w> <c type="pct">,</c> <w type="DTI">some</w> <w type="RB">parallel</w> <w type="IN">to</w> <w type="PPO">it</w> <c type="pct">;</c> <c type="pct">;</c> </s>
<s n="70"><w type="CC">and</w> <w type="RB">about</w> <w type="AT">a</w> <w type="NN">mile</w> <w type="IN">to</w> <w type="AT">the</w> <w type="NR">west</w> <w type="AT">a</w> <w type="NN">cluster</w> <w type="IN">of</w> <w type="IN">at</w> <w type="AP">least</w> <w type="CD">fifty</w> <w type="NNS" subtype="TL">Militia</w> <w type="BED">were</w> <w type="VBG">making</w> <w type="PPg">their</w> <w type="NN">way</w> <w type="IN">in</w> <w type="PPg">our</w> <w type="NN">direction</w> <c type="pct">.</c> </s>
</p>
<p><s n="71"><w type="NN" subtype="TL">Cousin</w> <w type="NP">Joshua</w> <w type="CC">and</w> <w type="DTI">some</w> <w type="NNS">others</w> <w type="VBD">felt</w> <w type="CS">that</w> <w type="PPSS">we</w> <w type="MD">should</w> <w type="VB">march</w> <w type="IN">toward</w> <w type="NP">Lexington</w> <w type="CC">and</w> <w type="VB">take</w> <w type="RP">up</w> <w type="JJ">new</w> <w type="NNS">positions</w> <w type="RB">ahead</w> <w type="IN">of</w> <w type="AT">the</w> <w type="JJ">slow-moving</w> <w type="JJ">British</w> <w type="NN">column</w> <c type="pct">,</c> <w type="CC">but</w> <w type="DT">another</w> <w type="NN">group</w> <w type="VBD">maintained</w> <w type="CS">that</w> <w type="PPSS">we</w> <w type="MD">should</w> <w type="VB">stick</w> <w type="IN">to</w> <w type="DT">this</w> <w type="NN">spot</w> <w type="CC">and</w> <w type="DT">this</w> <w type="NN">section</w> <w type="IN">of</w> <w type="NN">road</w> <c type="pct">.</c> </s>
<s n="72"><w type="PPSS">I</w> <mw pos="DOD *">didn't </mw><w type="VB">offer</w> <w type="DTI">any</w> <w type="NN">advice</w> <c type="pct">,</c> <w type="CC">but</w> <w type="PPSS">I</w> <w type="RB">certainly</w> <w type="DOD">did</w> <w type="NEG">not</w> <w type="VB">want</w> <w type="TO">to</w> <w type="VB">go</w> <w type="RB">back</w> <w type="IN">to</w> <w type="WRB">where</w> <w type="AT">the</w> <w type="NN">officer</w> <w type="VBD">lay</w> <w type="IN">with</w> <w type="PPg">his</w> <w type="NNS">brains</w> <w type="VBN">dashed</w> <w type="RP">out</w> <c type="pct">.</c> </s>
<s n="73"><w type="PN">Someone</w> <w type="VBD">said</w> <w type="CS">that</w> <w type="CS">while</w> <w type="PPSS">we</w> <w type="BED">were</w> <w type="VBG">standing</w> <w type="RB">here</w> <w type="CC">and</w> <w type="VBG">arguing</w> <w type="IN">about</w> <w type="PPO">it</w> <c type="pct">,</c> <w type="AT">the</w> <w type="NPS">British</w> <w type="MD">would</w> <w type="BE">be</w> <w type="VBN">gone</w> <c type="pct">;</c> <c type="pct">;</c> </s>
<s n="74"><w type="CC">but</w> <w type="NN" subtype="TL">Cousin</w> <w type="NP">Simmons</w> <w type="VBD">said</w> <w type="PPS">he</w> <w type="HVD">had</w> <w type="VBN">watched</w> <w type="PPO">them</w> <w type="VBG">marching</w> <w type="NR">west</w> <w type="RB">early</w> <w type="IN">in</w> <w type="AT">the</w> <w type="NN">morning</w> <c type="pct">,</c> <w type="CC">and</w> <w type="VBG">moving</w> <w type="IN">at</w> <w type="AT">a</w> <w type="QL">much</w> <w type="JJR">brisker</w> <w type="NN">pace</w> <w type="PPS">it</w> <w type="HVD">had</w> <w type="RB">still</w> <w type="VBN">taken</w> <w type="ABN">half</w> <w type="AT">an</w> <w type="NN">hour</w> <w type="IN">for</w> <w type="PPg">their</w> <w type="NN">column</w> <w type="TO">to</w> <w type="VB">pass</w> <c type="pct">,</c> <w type="WDT">what</w> <w type="IN">with</w> <w type="AT">the</w> <w type="NN">narrowness</w> <w type="IN">of</w> <w type="AT">the</w> <w type="NN">road</w> <w type="CC">and</w> <w type="PPg">their</w> <w type="NN">baggage</w> <w type="CC">and</w> <w type="NN">ammunition</w> <w type="NNS">carts</w> <c type="pct">.</c> </s>
</p>
<p><s n="75"><w type="CS">While</w> <w type="DT">this</w> <w type="BEDZ">was</w> <w type="BEG">being</w> <w type="VBN">discussed</w> <c type="pct">,</c> <w type="PPSS">we</w> <w type="VBD">saw</w> <w type="AT">the</w> <w type="NN">militia</w> <w type="IN">to</w> <w type="AT">the</w> <w type="NR">west</w> <w type="IN">of</w> <w type="PPO">us</w> <w type="VBG">fanning</w> <w type="RP">out</w> <w type="CC">and</w> <w type="VBG">breaking</w> <w type="IN">into</w> <w type="JJ">little</w> <w type="NNS">clusters</w> <w type="IN">of</w> <w type="CD">two</w> <w type="CC">and</w> <w type="CD">three</w> <w type="NNS">men</w> <w type="CS">as</w> <w type="PPSS">they</w> <w type="VBD">approached</w> <w type="AT">the</w> <w type="NN">road</w> <c type="pct">.</c> </s>
<s n="76"><w type="PPS">It</w> <w type="BEDZ">was</w> <w type="AT">the</w> <w type="NN">opinion</w> <w type="IN">of</w> <w type="DTI">some</w> <w type="IN">of</w> <w type="PPO">us</w> <w type="CS">that</w> <w type="DTS">these</w> <w type="MD">must</w> <w type="BE">be</w> <w type="NN">part</w> <w type="IN">of</w> <w type="AT">the</w> <w type="NNS" subtype="TL">Committeemen</w> <w type="WPS">who</w> <w type="HVD">had</w> <w type="BEN">been</w> <w type="IN">in</w> <w type="AT">the</w> <w type="NN" subtype="TL">Battle</w> <w type="IN" subtype="TL">of</w> <w type="AT" subtype="TL">the</w> <w type="JJ" subtype="TL">North</w> <w type="NN" subtype="TL">Bridge</w> <c type="pct">,</c> <w type="WDT">which</w> <w type="VBD">entitled</w> <w type="PPO">them</w> <w type="IN">to</w> <w type="AT">a</w> <w type="NN">sort</w> <w type="IN">of</w> <w type="NN">veteran</w> <w type="NN">status</w> <c type="pct">,</c> <w type="CC">and</w> <w type="PPSS">we</w> <w type="VBD">felt</w> <w type="CS">that</w> <w type="CS">if</w> <w type="PPSS">they</w> <w type="VBD">employed</w> <w type="DT">this</w> <w type="NN">tactic</w> <c type="pct">,</c> <w type="PPS">it</w> <w type="BEDZ">was</w> <w type="JJ">likely</w> <w type="QLP">enough</w> <w type="AT">the</w> <w type="JJT">best</w> <w type="CD">one</w> <c type="pct">.</c> </s>
<s n="77"><w type="NP">Mattathias</w> <w type="NP">Dover</w> <w type="VBD">said</w> <c type="pct">:</c> </s>
</p>
<p><s n="78"><c type="pct">``</c> <w type="PPS">It</w> <w type="VBZ">makes</w> <w type="NN">sense</w> <c type="pct">.</c> </s>
<s n="79"><w type="CS">If</w> <w type="PPSS">we</w> <w type="VB">cluster</w> <w type="RB">together</w> <c type="pct">,</c> <w type="AT">the</w> <w type="NNS">redcoats</w> <w type="MD">can</w> <w type="VB">make</w> <w type="AT">an</w> <w type="NN">advantage</w> <w type="RP">out</w> <w type="IN">of</w> <w type="PPO">it</w> <c type="pct">,</c> <w type="CC">but</w> <mw pos="EX BEZ">there's </mw><w type="NEG">not</w> <w type="AT">a</w> <w type="VBN">blessed</w> <w type="NN">thing</w> <w type="PPSS">they</w> <w type="MD">can</w> <w type="DO">do</w> <w type="IN">with</w> <w type="CD">two</w> <w type="CC">or</w> <w type="CD">three</w> <w type="IN">of</w> <w type="PPO">us</w> <w type="IN">except</w> <w type="VB">chase</w> <w type="PPO">us</w> <c type="pct">,</c> <w type="CC">and</w> <w type="PPSS">we</w> <w type="MD">can</w> <w type="VB">outrun</w> <w type="PPO">them</w> <c type="pct">''</c> <c type="pct">.</c> </s>
</p>
<p><s n="80"><w type="DT">That</w> <w type="VBD">settled</w> <w type="PPO">it</w> <c type="pct">,</c> <w type="CC">and</w> <w type="PPSS">we</w> <w type="VBD">broke</w> <w type="IN">into</w> <w type="NNS">parties</w> <w type="IN">of</w> <w type="CD">two</w> <w type="CC">and</w> <w type="CD">three</w> <c type="pct">.</c> </s>
<s n="81"><w type="NN" subtype="TL">Cousin</w> <w type="NP">Joshua</w> <w type="NP">Dover</w> <w type="VBD">decided</w> <w type="TO">to</w> <w type="VB">remain</w> <w type="IN">with</w> <w type="AT">the</w> <w type="NP">Reverend</w> <w type="CC">and</w> <w type="JJ">poor</w> <w type="NP">Isaac</w> <w type="NP">Pitt</w> <w type="CS">until</w> <w type="NN">life</w> <w type="VBD">passed</w> <w type="RB">away</w> <c type="pct">--</c> <w type="CC">and</w> <w type="PPS">he</w> <w type="BEDZ">was</w> <w type="VBN">hurt</w> <w type="QL">so</w> <w type="RB">badly</w> <w type="PPS">he</w> <w type="DOD">did</w> <w type="NEG">not</w> <w type="VB">seem</w> <w type="IN">for</w> <w type="RB">long</w> <w type="IN">in</w> <w type="DT">this</w> <w type="NN">world</w> <c type="pct">.</c> </s>
<s n="82"><w type="PPSS">I</w> <w type="VBD">went</w> <w type="RP">off</w> <w type="IN">with</w> <w type="NN" subtype="TL">Cousin</w> <w type="NP">Simmons</w> <c type="pct">,</c> <w type="WPS">who</w> <w type="VBD">maintained</w> <w type="CS">that</w> <w type="CS">if</w> <w type="PPS">he</w> <mw pos="DOD *">didn't </mw><w type="VB">see</w> <w type="IN">to</w> <w type="PPO">me</w> <c type="pct">,</c> <w type="PPS">he</w> <mw pos="DOD *">didn't </mw><w type="VB">know</w> <w type="WPS">who</w> <w type="MD">would</w> <c type="pct">.</c> </s>
</p>
<p><s n="83"><c type="pct">``</c> <w type="JJ">Good</w> <w type="NNS">heavens</w> <c type="pct">,</c> <w type="NP">Adam</w> <c type="pct">''</c> <c type="pct">,</c> <w type="PPS">he</w> <w type="VBD">said</w> <c type="pct">,</c> <c type="pct">``</c> <w type="PPSS">I</w> <w type="VBD">thought</w> <w type="CD">one</w> <w type="NN">thing</w> <mw pos="PPSS MD">you'd </mw><w type="HV">have</w> <w type="AT">no</w> <w type="NN">trouble</w> <w type="VBG">learning</w> <w type="BEZ">is</w> <w type="WRB">when</w> <w type="TO">to</w> <w type="VB">get</w> <w type="RP">out</w> <w type="IN">of</w> <w type="AT">a</w> <w type="NN">place</w> <c type="pct">''</c> <c type="pct">.</c> </s>
</p>
<p><s n="84"><c type="pct">``</c> <w type="PPSS">I</w> <w type="VBD">learned</w> <w type="DT">that</w> <w type="RB">now</w> <c type="pct">''</c> <c type="pct">,</c> <w type="PPSS">I</w> <w type="VBD">said</w> <c type="pct">.</c> </s>
</p>
<p><s n="85"><w type="PPSS">We</w> <w type="VBD">ran</w> <w type="NR">east</w> <w type="IN">for</w> <w type="RB">about</w> <w type="ABN">half</w> <w type="AT">a</w> <w type="NN">mile</w> <w type="CS">before</w> <w type="PPSS">we</w> <w type="VBD">turned</w> <w type="RB">back</w> <w type="IN">to</w> <w type="AT">the</w> <w type="NN">road</w> <c type="pct">,</c> <w type="VBG">panting</w> <w type="IN">from</w> <w type="AT">the</w> <w type="NN">effort</w> <w type="CC">and</w> <w type="VBN">soaked</w> <w type="IN">with</w> <w type="NN">sweat</w> <c type="pct">.</c> </s>
<s n="86"><w type="EX">There</w> <w type="BEDZ">was</w> <w type="AT">a</w> <w type="NN">clump</w> <w type="IN">of</w> <w type="NNS">trees</w> <w type="WPS">that</w> <w type="VBD">appeared</w> <w type="TO">to</w> <w type="VB">provide</w> <w type="NN">cover</w> <w type="QL">right</w> <w type="RP">up</w> <w type="IN">to</w> <w type="AT">the</w> <w type="NN">road</w> <c type="pct">,</c> <w type="CC">and</w> <w type="AT">the</w> <w type="NN">shouting</w> <w type="CC">and</w> <w type="NN">gunfire</w> <w type="RB">never</w> <w type="VBD">slackened</w> <c type="pct">.</c> </s>
</p>
<p><s n="87"><w type="IN">Under</w> <w type="AT">the</w> <w type="NNS">trees</w> <c type="pct">,</c> <w type="EX">there</w> <w type="BEDZ">was</w> <w type="AT">a</w> <w type="JJ">dead</w> <w type="NN">redcoat</w> <c type="pct">,</c> <w type="AT">a</w> <w type="JJ">young</w> <w type="NN">boy</w> <w type="IN">with</w> <w type="AT">a</w> <w type="JJ">pasty</w> <w type="JJ">white</w> <w type="NN">skin</w> <w type="CC">and</w> <w type="AT">a</w> <w type="NN">face</w> <w type="JJ">full</w> <w type="IN">of</w> <w type="NNS">pimples</w> <c type="pct">,</c> <w type="WPS">who</w> <w type="HVD">had</w> <w type="VBN">taken</w> <w type="AT">a</w> <w type="NN">rifle</w> <w type="NN">ball</w> <w type="RB">directly</w> <w type="IN">between</w> <w type="AT">the</w> <w type="NNS">eyes</w> <c type="pct">.</c> </s>
<s n="88"><w type="CD">Three</w> <w type="NNS">men</w> <w type="BED">were</w> <w type="IN">around</w> <w type="PPO">him</w> <c type="pct">.</c> </s>
<s n="89"><w type="PPSS">They</w> <w type="HVD">had</w> <w type="VBN">stripped</w> <w type="PPO">him</w> <w type="IN">of</w> <w type="PPg">his</w> <w type="NN">musket</w> <w type="CC">and</w> <w type="NN">equipment</w> <c type="pct">,</c> <w type="CC">and</w> <w type="RB">now</w> <w type="PPSS">they</w> <w type="BED">were</w> <w type="VBG">pulling</w> <w type="PPg">his</w> <w type="NNS">boots</w> <w type="CC">and</w> <w type="NN">jacket</w> <w type="RP">off</w> <c type="pct">.</c> </s>
<s n="90"><w type="NN" subtype="TL">Cousin</w> <w type="NP">Simmons</w> <w type="VBD">grabbed</w> <w type="CD">one</w> <w type="IN">of</w> <w type="PPO">them</w> <w type="IN">by</w> <w type="AT">the</w> <w type="NN">shoulder</w> <w type="CC">and</w> <w type="VBD">flung</w> <w type="PPO">him</w> <w type="RB">away</w> <c type="pct">.</c> </s>
</p>
<p><s n="91"><c type="pct">``</c> <w type="NPg">God's</w> <w type="NN">name</w> <c type="pct">,</c> <w type="WDT">what</w> <w type="BER">are</w> <w type="PPSS">you</w> <w type="TO">to</w> <w type="VB">rob</w> <w type="AT">the</w> <w type="JJ">dead</w> <w type="IN">with</w> <w type="AT">the</w> <w type="NN">fight</w> <w type="VBG">going</w> <w type="RP">on</w> <c type="pct">''</c> <c type="pct">!</c> <c type="pct">!</c> </s>
<s n="92"><w type="NN" subtype="TL">Cousin</w> <w type="NP">Simmons</w> <w type="VBD">roared</w> <c type="pct">.</c> </s>
</p>
<p><s n="93"><w type="PPSS">They</w> <w type="VBD">tried</w> <w type="TO">to</w> <w type="VB">outface</w> <w type="PPO">him</w> <c type="pct">,</c> <w type="CC">but</w> <w type="NP">Joseph</w> <w type="NP">Simmons</w> <w type="BEDZ">was</w> <w type="QL">as</w> <w type="JJ">wide</w> <w type="CS">as</w> <w type="CD">two</w> <w type="JJ">average</w> <w type="NNS">men</w> <c type="pct">,</c> <w type="CC">and</w> <w type="PPS">it</w> <w type="MD">would</w> <w type="HV">have</w> <w type="VBN">taken</w> <w type="JJR">braver</w> <w type="NNS">men</w> <w type="CS">than</w> <w type="DTS">these</w> <w type="BED">were</w> <w type="TO">to</w> <w type="VB">outface</w> <w type="PPO">him</w> <c type="pct">.</c> </s>
</p>
<p></p></body></text></TEI>
