<TEI xmlns="http://www.tei-c.org/ns/1.0"><teiHeader><fileDesc><titleStmt><title>Sample K13 from  William Maxwell, The Chateau.
 New York: Alfred A. Knopf, Inc., 1961. Pp. 240-245.
 </title></titleStmt><editionStmt><edition>A part  of the XML version of the Brown Corpus</edition></editionStmt><extent>2,004 words 254 (12.7%) quotes 3 symbols</extent><publicationStmt><idno>K13</idno><availability><p>Used by permission of Alfred A. Knopf, Inc. 0010-1690</p></availability></publicationStmt><sourceDesc><bibl> William Maxwell, The Chateau.
 New York: Alfred A. Knopf, Inc., 1961. Pp. 240-245.
 </bibl></sourceDesc></fileDesc><encodingDesc><p/></encodingDesc><revisionDesc><change when="2008-04-27">Header auto-generated for TEI version</change></revisionDesc></teiHeader>
<text xml:id="K13" decls="K">
<body><p><s n="1"><w type="IN">In</w> <w type="AT">the</w> <w type="JJ">dim</w> <w type="JJ">underwater</w> <w type="NN">light</w> <w type="PPSS">they</w> <w type="VBD">dressed</w> <w type="CC">and</w> <w type="VBD">straightened</w> <w type="RP">up</w> <w type="AT">the</w> <w type="NN">room</w> <c type="pct">,</c> <w type="CC">and</w> <w type="RB">then</w> <w type="PPSS">they</w> <w type="VBD">went</w> <w type="IN">across</w> <w type="AT">the</w> <w type="NN">hall</w> <w type="IN">to</w> <w type="AT">the</w> <w type="NN">kitchen</w> <c type="pct">.</c> </s>
<s n="2"><w type="PPS">She</w> <w type="BEDZ">was</w> <w type="VBN">intimidated</w> <w type="IN">by</w> <w type="AT">the</w> <w type="NN">stove</w> <c type="pct">.</c> </s>
<s n="3"><w type="PPS">He</w> <w type="VBD">found</w> <w type="AT">the</w> <w type="NN">pilot</w> <w type="NN">light</w> <w type="CC">and</w> <w type="VBD">turned</w> <w type="IN">on</w> <w type="CD">one</w> <w type="IN">of</w> <w type="AT">the</w> <w type="NNS">burners</w> <w type="IN">for</w> <w type="PPO">her</w> <c type="pct">.</c> </s>
<s n="4"><w type="AT">The</w> <w type="NN">gas</w> <w type="VBD">flamed</w> <w type="RP">up</w> <w type="CD">two</w> <w type="NNS">inches</w> <w type="JJ">high</w> <c type="pct">.</c> </s>
<s n="5"><w type="PPSS">They</w> <w type="VBD">found</w> <w type="AT">the</w> <w type="NN">teakettle</w> <c type="pct">.</c> </s>
<s n="6"><w type="CC">And</w> <w type="VBD">put</w> <w type="NN">water</w> <w type="RP">on</w> <w type="TO">to</w> <w type="VB">boil</w> <w type="CC">and</w> <w type="RB">then</w> <w type="VBD">searched</w> <w type="IN">through</w> <w type="AT">the</w> <w type="NN">icebox</w> <c type="pct">.</c> </s>
<s n="7"><w type="AP">Several</w> <w type="NNS">sections</w> <w type="IN">of</w> <w type="AT">a</w> <w type="NN">loaf</w> <w type="IN">of</w> <w type="JJ">dark</w> <w type="NN">bread</w> <c type="pct">;</c> <c type="pct">;</c> </s>
<s n="8"><w type="NN">butter</w> <c type="pct">;</c> <c type="pct">;</c> </s>
<s n="9"><w type="NN">jam</w> <c type="pct">;</c> <c type="pct">;</c> </s>
<s n="10"><w type="AT">a</w> <w type="JJ">tiny</w> <w type="NN">cake</w> <w type="IN">of</w> <w type="NN">ice</w> <c type="pct">.</c> </s>
<s n="11"><w type="IN">In</w> <w type="PPg">their</w> <w type="NN">search</w> <w type="IN">for</w> <w type="WDT">what</w> <w type="VBD">turned</w> <w type="RP">out</w> <w type="TO">to</w> <w type="BE">be</w> <w type="AT">the</w> <w type="JJ">right</w> <w type="NN">breakfast</w> <w type="NN">china</w> <w type="CC">but</w> <w type="AT">the</w> <w type="JJ">wrong</w> <w type="NN">table</w> <w type="NN">silver</w> <c type="pct">,</c> <w type="PPSS">they</w> <w type="VBD">opened</w> <w type="AT">every</w> <w type="NN">cupboard</w> <w type="NN">door</w> <w type="IN">in</w> <w type="AT">the</w> <w type="NN">kitchen</w> <w type="CC">and</w> <w type="NN">pantry</w> <c type="pct">.</c> </s>
<s n="12"><w type="CS">While</w> <w type="PPS">she</w> <w type="BEDZ">was</w> <w type="VBG">settling</w> <w type="AT">the</w> <w type="NN">teacart</w> <c type="pct">,</c> <w type="PPS">he</w> <w type="VBD">went</w> <w type="RB">back</w> <w type="IN">across</w> <w type="AT">the</w> <w type="NN">hall</w> <w type="IN">to</w> <w type="PPg">their</w> <w type="NN">bedroom</w> <c type="pct">,</c> <w type="VBD">opened</w> <w type="CD">one</w> <w type="IN">of</w> <w type="AT">the</w> <w type="NNS">suitcases</w> <c type="pct">,</c> <w type="CC">and</w> <w type="VBD">took</w> <w type="RP">out</w> <w type="VBN">powdered</w> <w type="NN">coffee</w> <w type="CC">and</w> <w type="NN">sugar</w> <c type="pct">.</c> </s>
<s n="13"><w type="PPS">She</w> <w type="VBD">appeared</w> <w type="IN">with</w> <w type="AT">the</w> <w type="NN">teacart</w> <w type="CC">and</w> <w type="PPS">he</w> <w type="VBD">opened</w> <w type="AT">the</w> <w type="NNS">windows</w> <c type="pct">.</c> </s>
</p>
<p><s n="14"><c type="pct">``</c> <w type="DO">Do</w> <w type="PPSS">you</w> <w type="VB">want</w> <w type="TO">to</w> <w type="VB">call</w> <w type="NP">Eugene</w> <c type="pct">''</c> <c type="pct">?</c> <c type="pct">?</c> </s>
</p>
<p><s n="15"><w type="PPS">He</w> <mw pos="DOD *">didn't </mw><c type="pct">,</c> <w type="CC">but</w> <w type="PPS">it</w> <w type="BEDZ">was</w> <w type="NEG">not</w> <w type="RB">really</w> <w type="AT">a</w> <w type="NN">question</w> <c type="pct">,</c> <w type="CC">and</w> <w type="RB">so</w> <w type="PPS">he</w> <w type="VBD">left</w> <w type="AT">the</w> <w type="NN">room</w> <c type="pct">,</c> <w type="VBD">walked</w> <w type="IN">down</w> <w type="AT">the</w> <w type="NN">hall</w> <w type="IN">to</w> <w type="AT">the</w> <w type="NN">front</w> <w type="IN">of</w> <w type="AT">the</w> <w type="NN">apartment</w> <c type="pct">,</c> <w type="VBD">hesitated</w> <c type="pct">,</c> <w type="CC">and</w> <w type="RB">then</w> <w type="VBD">knocked</w> <w type="RB">lightly</w> <w type="IN">on</w> <w type="AT">the</w> <w type="VBN">closed</w> <w type="NN">door</w> <w type="IN">of</w> <w type="AT">the</w> <w type="NN">study</w> <c type="pct">.</c> </s>
<s n="16"><w type="AT">A</w> <w type="JJ">sleepy</w> <w type="NN">voice</w> <w type="VBD">answered</w> <c type="pct">.</c> </s>
</p>
<p><s n="17"><c type="pct">``</c> <w type="AT" subtype="FW">Le</w> <w type="JJ" subtype="FW">petit</w> <w type="NN" subtype="FW">dejeuner</w> <c type="pct">''</c> <c type="pct">,</c> <w type="NP">Harold</w> <w type="VBD">said</w> <c type="pct">,</c> <w type="IN">in</w> <w type="AT">an</w> <w type="NN">accent</w> <w type="WPS">that</w> <w type="DOD">did</w> <w type="NN">credit</w> <w type="IN">to</w> <w type="NP">Miss</w> <w type="NP">Sloan</w> <c type="pct">,</c> <w type="PPg">his</w> <w type="NN">high-school</w> <w type="NP">French</w> <w type="NN">teacher</w> <c type="pct">.</c> </s>
<s n="18"><w type="IN">At</w> <w type="AT">the</w> <w type="AP">same</w> <w type="NN">time</w> <c type="pct">,</c> <w type="PPg">his</w> <w type="NN">voice</w> <w type="VBD">betrayed</w> <w type="NN">uncertainty</w> <w type="IN">about</w> <w type="PPg">their</w> <w type="BEG">being</w> <w type="RB">here</w> <c type="pct">,</c> <w type="CC">and</w> <w type="VBD">conveyed</w> <w type="AT">an</w> <w type="NN">appeal</w> <w type="IN">to</w> <w type="WDT">whatever</w> <w type="BEZ">is</w> <w type="JJ">reasonable</w> <c type="pct">,</c> <w type="JJ">peace-loving</w> <c type="pct">,</c> <w type="CC">and</w> <w type="JJ">dependable</w> <w type="IN">in</w> <w type="PN">everybody</w> <c type="pct">.</c> </s>
</p>
<p><s n="19"><w type="CS">Since</w> <w type="JJ">ordinary</w> <w type="NN">breakfast-table</w> <w type="NN">conversation</w> <w type="BEDZ">was</w> <w type="JJ">impossible</w> <c type="pct">,</c> <w type="PPS">it</w> <w type="BEDZ">was</w> <w type="IN">at</w> <w type="AP">least</w> <w type="PN">something</w> <w type="CS">that</w> <w type="PPSS">they</w> <w type="BED">were</w> <w type="JJ">able</w> <w type="TO">to</w> <w type="VB">offer</w> <w type="NP">Eugene</w> <w type="AT">the</w> <w type="NN">sugar</w> <w type="NN">bowl</w> <w type="IN">with</w> <w type="PPg">their</w> <w type="NN">sugar</w> <w type="IN">in</w> <w type="PPO">it</w> <c type="pct">,</c> <w type="CC">and</w> <w type="AT">the</w> <w type="NN">plate</w> <w type="IN">of</w> <w type="NN">bread</w> <w type="CC">and</w> <w type="NN">butter</w> <c type="pct">,</c> <w type="CC">and</w> <w type="CS">that</w> <w type="NP">Eugene</w> <w type="MD">could</w> <w type="VB">return</w> <w type="AT">the</w> <w type="NN">pitcher</w> <w type="IN">of</w> <w type="JJ">hot</w> <w type="NN">milk</w> <w type="IN">to</w> <w type="PPO">them</w> <w type="NN">handle</w> <w type="RB">first</w> <c type="pct">.</c> </s>
<s n="20"><w type="NP">Eugene</w> <w type="VBD">put</w> <w type="AT">a</w> <w type="NN">spoonful</w> <w type="IN">of</w> <w type="VBN">powdered</w> <w type="NN">coffee</w> <w type="IN">into</w> <w type="PPg">his</w> <w type="NN">cup</w> <w type="CC">and</w> <w type="RB">then</w> <w type="VBD">filled</w> <w type="PPO">it</w> <w type="IN">with</w> <w type="JJ">hot</w> <w type="NN">water</w> <c type="pct">.</c> </s>
<s n="21"><w type="VBG">Stirring</w> <c type="pct">,</c> <w type="PPS">he</w> <w type="VBD">said</w> <c type="pct">:</c> <c type="pct">``</c> <w type="PPSS">I</w> <w type="BEM">am</w> <w type="JJ">sorry</w> <w type="CS">that</w> <w type="PPg">my</w> <w type="NN">work</w> <w type="VBZ">prevents</w> <w type="PPO">me</w> <w type="IN">from</w> <w type="VBG">doing</w> <w type="PN">anything</w> <w type="IN">with</w> <w type="PPO">you</w> <w type="NR">today</w> <c type="pct">''</c> <c type="pct">.</c> </s>
</p>
<p><s n="22"><w type="PPSS">They</w> <w type="VBD">assured</w> <w type="PPO">him</w> <w type="CS">that</w> <w type="PPSS">they</w> <w type="DOD">did</w> <w type="NEG">not</w> <w type="VB">expect</w> <w type="CC">or</w> <w type="VB">need</w> <w type="TO">to</w> <w type="BE">be</w> <w type="VBN">entertained</w> <c type="pct">.</c> </s>
</p>
<p><s n="23"><w type="NP">Harold</w> <w type="VBD">put</w> <w type="AT">a</w> <w type="NN">teaspoonful</w> <w type="IN">of</w> <w type="VBN">powdered</w> <w type="NN">coffee</w> <w type="IN">in</w> <w type="PPg">his</w> <w type="NN">cup</w> <w type="CC">and</w> <w type="VBD">filled</w> <w type="PPO">it</w> <w type="IN">with</w> <w type="JJ">hot</w> <w type="NN">water</w> <c type="pct">,</c> <w type="CC">and</w> <w type="RB">then</w> <c type="pct">,</c> <w type="VBG">stirring</w> <c type="pct">,</c> <w type="PPS">he</w> <w type="VBD">sat</w> <w type="RB">back</w> <w type="IN">in</w> <w type="PPg">his</w> <w type="NN">chair</w> <c type="pct">.</c> </s>
<s n="24"><w type="AT">The</w> <w type="NN">chair</w> <w type="VBD">creaked</w> <c type="pct">.</c> </s>
<s n="25"><w type="AT">Every</w> <w type="NN">time</w> <w type="PPS">he</w> <w type="VBD">moved</w> <w type="CC">or</w> <w type="VBD">said</w> <w type="PN">something</w> <c type="pct">,</c> <w type="AT">the</w> <w type="NN">chair</w> <w type="VBD">creaked</w> <w type="RB">again</w> <c type="pct">.</c> </s>
</p>
<p><s n="26"><w type="NP">Eugene</w> <w type="BEDZ">was</w> <w type="NEG">not</w> <w type="RB">entirely</w> <w type="JJ">silent</w> <c type="pct">,</c> <w type="CC">or</w> <w type="RB">openly</w> <w type="JJ">rude</w> <c type="pct">--</c> <w type="CS">unless</w> <w type="VBG">asking</w> <w type="NP">Harold</w> <w type="TO">to</w> <w type="VB">move</w> <w type="IN">to</w> <w type="DT">another</w> <w type="NN">chair</w> <w type="CC">and</w> <w type="VBG">placing</w> <w type="PPL">himself</w> <w type="IN">in</w> <w type="AT">the</w> <w type="NN">fauteuil</w> <w type="WPS">that</w> <w type="VBD">creaked</w> <w type="QL">so</w> <w type="RB">alarmingly</w> <w type="BEDZ">was</w> <w type="AT">an</w> <w type="NN">act</w> <w type="IN">of</w> <w type="NN">rudeness</w> <c type="pct">.</c> </s>
<s n="27"><w type="PPS">It</w> <w type="VBD">went</w> <w type="QL">right</w> <w type="RP">on</w> <w type="VBG">creaking</w> <w type="IN">under</w> <w type="PPg">his</w> <w type="JJ">own</w> <w type="JJ">considerable</w> <w type="NN">weight</w> <c type="pct">,</c> <w type="CC">and</w> <w type="ABN">all</w> <w type="PPS">it</w> <w type="VBD">needed</w> <c type="pct">,</c> <w type="NP">Harold</w> <w type="VBD">thought</w> <c type="pct">,</c> <w type="BEDZ">was</w> <w type="CS">for</w> <w type="PN">somebody</w> <w type="TO">to</w> <w type="VB">fling</w> <w type="PPL">himself</w> <w type="RB">back</w> <w type="IN">in</w> <w type="AT">a</w> <w type="NN">fit</w> <w type="IN">of</w> <w type="NN">laughter</w> <w type="CC">and</w> <w type="DT">that</w> <w type="MD">would</w> <w type="BE">be</w> <w type="AT">the</w> <w type="NN">end</w> <w type="IN">of</w> <w type="PPO">it</w> <c type="pct">.</c> </s>
</p>
<p><s n="28"><w type="IN">Through</w> <w type="AT">the</w> <w type="JJ">open</w> <w type="NN">window</w> <w type="PPSS">they</w> <w type="VBD">heard</w> <w type="NNS">sounds</w> <w type="RB">below</w> <w type="IN">in</w> <w type="AT">the</w> <w type="NN">street</w> <c type="pct">:</c> <w type="NNS">cartwheels</w> <c type="pct">,</c> <w type="AT">a</w> <w type="JJ">tired</w> <w type="NNg">horse's</w> <w type="VBG">plodding</w> <w type="NN">step</w> <c type="pct">,</c> <w type="NNS">voices</w> <c type="pct">.</c> </s>
<s n="29"><w type="NP">Harold</w> <w type="VBD">indicated</w> <w type="AT">the</w> <w type="NN">photograph</w> <w type="IN">on</w> <w type="AT">the</w> <w type="NN">wall</w> <w type="CC">and</w> <w type="VBD">asked</w> <w type="WDT">what</w> <w type="NN">church</w> <w type="AT">the</w> <w type="NN">stone</w> <w type="NN">sculpture</w> <w type="BEDZ">was</w> <w type="IN">in</w> <c type="pct">.</c> </s>
<s n="30"><w type="NP">Eugene</w> <w type="VBD">told</w> <w type="PPO">him</w> <w type="CC">and</w> <w type="PPS">he</w> <w type="RB">promptly</w> <w type="VBD">forgot</w> <c type="pct">.</c> </s>
<s n="31"><w type="PPSS">They</w> <w type="VBD">passed</w> <w type="AT">the</w> <w type="NN">marmalade</w> <c type="pct">,</c> <w type="AT">the</w> <w type="NN">bread</w> <c type="pct">,</c> <w type="AT">the</w> <w type="NN">black-market</w> <w type="NN">butter</w> <c type="pct">,</c> <w type="RB">back</w> <w type="CC">and</w> <w type="RB">forth</w> <c type="pct">.</c> </s>
<s n="32"><w type="PN">Nothing</w> <w type="BEDZ">was</w> <w type="VBN">said</w> <w type="IN">about</w> <w type="NNS">hotels</w> <w type="CC">or</w> <w type="NN">train</w> <w type="NNS">journeys</w> <c type="pct">.</c> </s>
</p>
<p><s n="33"><w type="NP">Eugene</w> <w type="VBD">offered</w> <w type="NP">Harold</w> <w type="PPg">his</w> <w type="NN">car</w> <c type="pct">,</c> <w type="TO">to</w> <w type="VB">use</w> <w type="IN">at</w> <w type="DTI">any</w> <w type="NN">time</w> <w type="PPS">he</w> <w type="VBD">cared</w> <w type="TO">to</w> <c type="pct">,</c> <w type="CC">and</w> <w type="WRB">when</w> <w type="DT">this</w> <w type="NN">offer</w> <w type="BEDZ">was</w> <w type="NEG">not</w> <w type="VBN">accepted</w> <c type="pct">,</c> <w type="AT">the</w> <w type="NN">armchair</w> <w type="VBD">creaked</w> <c type="pct">.</c> </s>
<s n="34"><w type="PPSS">They</w> <w type="ABN">all</w> <w type="CD">three</w> <w type="HVD">had</w> <w type="DT">another</w> <w type="NN">cup</w> <w type="IN">of</w> <w type="NN">coffee</w> <c type="pct">.</c> </s>
<s n="35"><w type="NP">Eugene</w> <w type="BEDZ">was</w> <w type="IN">in</w> <w type="PPg">his</w> <w type="NNS">pajamas</w> <w type="CC">and</w> <w type="VBG">dressing</w> <w type="NN">gown</w> <c type="pct">,</c> <w type="CC">and</w> <w type="IN">on</w> <w type="PPg">his</w> <w type="JJ">large</w> <w type="NNS">feet</w> <w type="PPS">he</w> <w type="VBD">wore</w> <w type="JJ">yellow</w> <w type="JJ">Turkish</w> <w type="NNS">slippers</w> <w type="WPS">that</w> <w type="VBD">turned</w> <w type="RP">up</w> <w type="IN">at</w> <w type="AT">the</w> <w type="NNS">toes</w> <c type="pct">.</c> </s>
</p>
<p><s n="36"><c type="pct">``</c> <w type="VB">Excuse</w> <w type="PPO">me</w> <c type="pct">''</c> <c type="pct">,</c> <w type="PPS">he</w> <w type="VBD">said</w> <w type="IN">in</w> <w type="NP">Berlitz</w> <w type="NP">English</w> <c type="pct">,</c> <w type="CC">and</w> <w type="VBD">got</w> <w type="RP">up</w> <w type="CC">and</w> <w type="VBD">left</w> <w type="PPO">them</w> <c type="pct">,</c> <w type="TO">to</w> <w type="VB">bathe</w> <w type="CC">and</w> <w type="VB">dress</w> <c type="pct">.</c> </s>
</p>
<p><s n="37"><w type="AT">The</w> <w type="OD">first</w> <w type="JJ">shrill</w> <w type="NN">ring</w> <w type="IN">of</w> <w type="AT">the</w> <w type="NN">telephone</w> <w type="VBD">brought</w> <w type="NP">Harold</w> <w type="RP">out</w> <w type="IN">into</w> <w type="AT">the</w> <w type="NN">hall</w> <c type="pct">.</c> </s>
<s n="38"><w type="PPS">He</w> <w type="VBD">realized</w> <w type="CS">that</w> <w type="PPS">he</w> <w type="HVD">had</w> <w type="AT">no</w> <w type="NN">idea</w> <w type="WRB">where</w> <w type="AT">the</w> <w type="NN">telephone</w> <w type="BEDZ">was</w> <c type="pct">.</c> </s>
<s n="39"><w type="IN">At</w> <w type="DT">that</w> <w type="NN">moment</w> <w type="AT">the</w> <w type="NN">bathroom</w> <w type="NN">door</w> <w type="VBD">flew</w> <w type="JJ">open</w> <w type="CC">and</w> <w type="NP">Eugene</w> <w type="VBD">came</w> <w type="RP">out</w> <c type="pct">,</c> <w type="IN">with</w> <w type="PPg">his</w> <w type="NN">face</w> <w type="VBN">lathered</w> <w type="IN">for</w> <w type="VBG">shaving</w> <c type="pct">,</c> <w type="CC">and</w> <w type="VBD">strode</w> <w type="IN">down</w> <w type="AT">the</w> <w type="NN">hall</w> <c type="pct">,</c> <w type="VBG">tying</w> <w type="AT">the</w> <w type="NN">sash</w> <w type="IN">of</w> <w type="PPg">his</w> <w type="VBG">dressing</w> <w type="NN">gown</w> <w type="CS">as</w> <w type="PPS">he</w> <w type="VBD">went</w> <c type="pct">.</c> </s>
<s n="40"><w type="AT">The</w> <w type="NN">telephone</w> <w type="BEDZ">was</w> <w type="IN">in</w> <w type="AT">the</w> <w type="NN">study</w> <w type="CC">but</w> <w type="AT">the</w> <w type="NN">ringing</w> <w type="VBD">came</w> <w type="IN">from</w> <w type="AT">the</w> <w type="NN">hall</w> <c type="pct">.</c> </s>
<s n="41"><w type="IN">Between</w> <w type="AT">the</w> <w type="NN">telephone</w> <w type="CC">and</w> <w type="AT">the</w> <w type="NN">wall</w> <w type="NN">plug</w> <w type="EX">there</w> <w type="BEDZ">was</w> <w type="CD">sixty</w> <w type="NNS">feet</w> <w type="IN">of</w> <w type="NN">cord</w> <c type="pct">,</c> <w type="CC">and</w> <w type="WRB">when</w> <w type="AT">the</w> <w type="NN">conversation</w> <w type="VBD">came</w> <w type="IN">to</w> <w type="AT">an</w> <w type="NN">end</w> <c type="pct">,</c> <w type="NP">Eugene</w> <w type="VBD">carried</w> <w type="AT">the</w> <w type="NN">instrument</w> <w type="IN">with</w> <w type="PPO">him</w> <w type="AT">the</w> <w type="JJ">whole</w> <w type="NN">length</w> <w type="IN">of</w> <w type="AT">the</w> <w type="NN">apartment</w> <c type="pct">,</c> <w type="IN">to</w> <w type="PPg">his</w> <w type="NN">bathroom</w> <c type="pct">,</c> <w type="WRB">where</w> <w type="PPS">it</w> <w type="VBD">rang</w> <w type="CD">three</w> <w type="AP">more</w> <w type="NNS">times</w> <w type="CS">while</w> <w type="PPS">he</w> <w type="BEDZ">was</w> <w type="VBG">shaving</w> <w type="CC">and</w> <w type="IN">in</w> <w type="AT">the</w> <w type="NN">tub</w> <c type="pct">.</c> </s>
<s n="42"><w type="CS">Before</w> <w type="PPS">he</w> <w type="VBD">left</w> <w type="AT">the</w> <w type="NN">apartment</w> <w type="PPS">he</w> <w type="VBD">knocked</w> <w type="IN">on</w> <w type="PPg">their</w> <w type="NN">door</w> <w type="CC">and</w> <w type="VBD">asked</w> <w type="CS">if</w> <w type="EX">there</w> <w type="BEDZ">was</w> <w type="PN">anything</w> <w type="PPS">he</w> <w type="MD">could</w> <w type="DO">do</w> <w type="IN">for</w> <w type="PPO">them</w> <c type="pct">.</c> </s>
<s n="43"><w type="NP">Harold</w> <w type="VBD">shook</w> <w type="PPg">his</w> <w type="NN">head</w> <c type="pct">.</c> </s>
</p>
<p><s n="44"><c type="pct">``</c> <w type="NP">Sabine</w> <w type="VBD">called</w> <w type="AT">a</w> <w type="AP">few</w> <w type="NNS">minutes</w> <w type="RB">ago</w> <c type="pct">''</c> <c type="pct">,</c> <w type="NP">Eugene</w> <w type="VBD">said</w> <c type="pct">.</c> </s>
<s n="45"><c type="pct">``</c> <w type="PPS">She</w> <w type="VBZ">wants</w> <w type="PPO">you</w> <w type="CC">and</w> <w type="NP">Barbara</w> <w type="TO">to</w> <w type="HV">have</w> <w type="NN">dinner</w> <w type="IN">with</w> <w type="PPO">her</w> <w type="NR">tomorrow</w> <w type="NN">night</w> <c type="pct">''</c> <c type="pct">.</c> </s>
</p>
<p><s n="46"><w type="PPS">He</w> <w type="VBD">handed</w> <w type="NP">Harold</w> <w type="AT">a</w> <w type="NN">key</w> <w type="IN">to</w> <w type="AT">the</w> <w type="JJ">front</w> <w type="NN">door</w> <c type="pct">,</c> <w type="CC">and</w> <w type="VBD">cautioned</w> <w type="PPO">him</w> <w type="IN">against</w> <w type="VBG">leaving</w> <w type="PPO">it</w> <w type="VBN">unlocked</w> <w type="CS">while</w> <w type="PPSS">they</w> <w type="BED">were</w> <w type="RP">out</w> <w type="IN">of</w> <w type="AT">the</w> <w type="NN">apartment</w> <c type="pct">.</c> </s>
</p>
<p><s n="47"><w type="WRB">When</w> <w type="AP">enough</w> <w type="NN">time</w> <w type="HVD">had</w> <w type="VBN">elapsed</w> <w type="CS">so</w> <w type="CS">that</w> <w type="EX">there</w> <w type="BEDZ">was</w> <w type="AP">little</w> <w type="NN">likelihood</w> <w type="IN">of</w> <w type="PPg">his</w> <w type="VBG">returning</w> <w type="IN">for</w> <w type="PN">something</w> <w type="PPS">he</w> <w type="HVD">had</w> <w type="VBN">forgotten</w> <c type="pct">,</c> <w type="NP">Harold</w> <w type="VBD">went</w> <w type="RP">out</w> <w type="IN">into</w> <w type="AT">the</w> <w type="NN">hall</w> <w type="CC">and</w> <w type="VBD">stood</w> <w type="VBG">looking</w> <w type="IN">into</w> <w type="CD">one</w> <w type="NN">room</w> <w type="IN">after</w> <w type="DT">another</w> <c type="pct">.</c> </s>
<s n="48"><w type="IN">In</w> <w type="AT">the</w> <w type="NN">room</w> <w type="RB">next</w> <w type="IN">to</w> <w type="PPgg">theirs</w> <w type="BEDZ">was</w> <w type="AT">a</w> <w type="JJ">huge</w> <w type="NN">cradle</w> <c type="pct">,</c> <w type="IN">of</w> <w type="NN">mahogany</w> <c type="pct">,</c> <w type="RB">ornately</w> <w type="VBN">carved</w> <w type="CC">and</w> <w type="VBN">decorated</w> <w type="IN">with</w> <w type="NN">gold</w> <w type="NN">leaf</w> <c type="pct">.</c> </s>
<s n="49"><w type="PPS">It</w> <w type="BEDZ">was</w> <w type="AT">the</w> <w type="QL">most</w> <w type="JJ">important-looking</w> <w type="NN">cradle</w> <w type="PPS">he</w> <w type="HVD">had</w> <w type="RB">ever</w> <w type="VBN">seen</w> <c type="pct">.</c> </s>
<s n="50"><w type="RB">Then</w> <w type="VBD">came</w> <w type="PPg">their</w> <w type="NN">bathroom</w> <c type="pct">,</c> <w type="CC">and</w> <w type="RB">then</w> <w type="AT">a</w> <w type="NN">bedroom</w> <w type="WPS">that</w> <c type="pct">,</c> <w type="VBG">judging</w> <w type="IN">by</w> <w type="AT">the</w> <w type="NNS">photographs</w> <w type="IN">on</w> <w type="AT">the</w> <w type="NNS">walls</w> <c type="pct">,</c> <w type="MD">must</w> <w type="VB">belong</w> <w type="IN">to</w> <w type="NP">Mme</w> <w type="NP">Cestre</w> <c type="pct">.</c> </s>
<s n="51"><w type="AT">A</w> <w type="JJ">young</w> <w type="NN">woman</w> <w type="WPS">who</w> <w type="VBD">looked</w> <w type="CS">like</w> <w type="NP">Alix</w> <c type="pct">,</c> <w type="IN">with</w> <w type="PPg">her</w> <w type="CD">two</w> <w type="NNS">children</w> <c type="pct">.</c> </s>
<s n="52"><w type="NP">Alix</w> <w type="CC">and</w> <w type="NP">Eugene</w> <w type="IN">on</w> <w type="PPg">their</w> <w type="NN">wedding</w> <w type="NN">day</w> <c type="pct">.</c> </s>
<s n="53"><w type="VBG">Matching</w> <w type="NNS">photographs</w> <w type="IN">in</w> <w type="JJ">oval</w> <w type="NNS">frames</w> <w type="IN">of</w> <w type="NP">Mme</w> <w type="NP">Bonenfant</w> <w type="CC">and</w> <w type="AT">an</w> <w type="JJ">elderly</w> <w type="NN">man</w> <w type="WPS">who</w> <w type="MD">must</w> <w type="BE">be</w> <w type="NPg">Alix's</w> <w type="NN">grandfather</w> <c type="pct">.</c> </s>
<s n="54"><w type="NP">Mme</w> <w type="NP">Vienot</w> <c type="pct">,</c> <w type="QL">considerably</w> <w type="JJR">younger</w> <w type="CC">and</w> <w type="QL">very</w> <w type="JJ">different</w> <c type="pct">.</c> </s>
<s n="55"><w type="AT">The</w> <w type="NN">schoolboy</w> <c type="pct">.</c> </s>
<s n="56"><w type="CC">And</w> <w type="AT">a</w> <w type="JJ">gray-haired</w> <w type="NN">man</w> <w type="WPg">whose</w> <w type="NN">glance</w> <c type="pct">--</c> <w type="JJ">direct</w> <c type="pct">,</c> <w type="JJ">lifelike</w> <c type="pct">,</c> <w type="CC">and</w> <w type="QL">mildly</w> <w type="VBG">accusing</w> <c type="pct">--</c> <w type="BEDZ">was</w> <w type="VBN">contradicted</w> <w type="IN">by</w> <w type="AT">the</w> <w type="JJ">gilt</w> <w type="CC">and</w> <w type="JJ">black</w> <w type="NN">frame</w> <c type="pct">.</c> </s>
<s n="57"><w type="PPS">It</w> <w type="BEDZ">was</w> <w type="AT">the</w> <w type="NN">kind</w> <w type="IN">of</w> <w type="NN">frame</w> <w type="WPS">that</w> <w type="BEZ">is</w> <w type="RB">only</w> <w type="VBN">put</w> <w type="IN">around</w> <w type="AT">the</w> <w type="NN">photograph</w> <w type="IN">of</w> <w type="AT">a</w> <w type="JJ">dead</w> <w type="NN">person</w> <c type="pct">.</c> </s>
<s n="58"><w type="NN" subtype="TL">Professor</w> <w type="NP">Cestre</w> <c type="pct">,</c> <w type="MD">could</w> <w type="PPO">it</w> <w type="BE">be</w> <c type="pct">?</c> <c type="pct">?</c> </s>
</p>
<p><s n="59"><w type="IN">With</w> <w type="AT">the</w> <w type="NN">metal</w> <w type="NNS">shutters</w> <w type="VBN">closed</w> <c type="pct">,</c> <w type="AT">the</w> <w type="VBG">dining</w> <w type="NN">room</w> <w type="BEDZ">was</w> <w type="QL">so</w> <w type="JJ">dark</w> <w type="CS">that</w> <w type="PPS">it</w> <w type="VBD">seemed</w> <w type="RB">still</w> <w type="NN">night</w> <w type="IN">in</w> <w type="RB">there</w> <c type="pct">.</c> </s>
<s n="60"><w type="CD">One</w> <w type="IN">of</w> <w type="AT">the</w> <w type="NN">drawing-room</w> <w type="NNS">shutters</w> <w type="BEDZ">was</w> <w type="QL">partly</w> <w type="JJ">open</w> <w type="CC">and</w> <w type="PPS">he</w> <w type="VBD">made</w> <w type="RP">out</w> <w type="AT">the</w> <w type="NNS">shapes</w> <w type="IN">of</w> <w type="NNS">chairs</w> <w type="CC">and</w> <w type="NNS">sofas</w> <c type="pct">,</c> <w type="WDT">which</w> <w type="VBD">seemed</w> <w type="TO">to</w> <w type="BE">be</w> <w type="VBN">upholstered</w> <w type="IN">in</w> <w type="JJ">brown</w> <w type="CC">or</w> <w type="JJ">russet</w> <w type="NN">velvet</w> <c type="pct">.</c> </s>
<s n="61"><w type="AT">The</w> <w type="NNS">curtains</w> <w type="BED">were</w> <w type="IN">of</w> <w type="AT">the</w> <w type="AP">same</w> <w type="NN">material</w> <c type="pct">,</c> <w type="CC">and</w> <w type="EX">there</w> <w type="BED">were</w> <w type="DTI">some</w> <w type="JJ">big</w> <w type="NN">oil</w> <w type="NNS">paintings</w> <c type="pct">--</c> <w type="NNS">portraits</w> <w type="IN">in</w> <w type="AT">the</w> <w type="NN">style</w> <w type="IN">of</w> <w type="NP">Lancret</w> <w type="CC">and</w> <w type="NP">Boucher</w> <c type="pct">.</c> </s>
</p>
<p><s n="62"><w type="CS">Though</w> <c type="pct">,</c> <w type="VBN">taken</w> <w type="RB">individually</w> <c type="pct">,</c> <w type="AT">the</w> <w type="JJ">big</w> <w type="NNS">rooms</w> <w type="BED">were</w> <c type="pct">,</c> <w type="CC">or</w> <w type="VBD">seemed</w> <w type="TO">to</w> <w type="BE">be</w> <c type="pct">,</c> <w type="JJ">square</w> <c type="pct">,</c> <w type="AT">the</w> <w type="NN">apartment</w> <w type="CS">as</w> <w type="AT">a</w> <w type="NN">whole</w> <w type="VBD">formed</w> <w type="AT">a</w> <w type="NN">triangle</w> <c type="pct">.</c> </s>
<s n="63"><w type="AT">The</w> <w type="NN">apex</w> <c type="pct">,</c> <w type="AT">the</w> <w type="NN">study</w> <w type="WRB">where</w> <w type="NP">Eugene</w> <w type="VBD">slept</w> <c type="pct">,</c> <w type="BEDZ">was</w> <w type="JJ">light</w> <w type="CC">and</w> <w type="JJ">bright</w> <w type="CC">and</w> <w type="JJ">airy</w> <w type="CC">and</w> <w type="JJ">cheerful</w> <c type="pct">.</c> </s>
<s n="64"><w type="AT">The</w> <w type="NN">window</w> <w type="VBD">looked</w> <w type="RP">out</w> <w type="IN">on</w> <w type="AT">the</w> <w type="NN" subtype="FW">Place</w> <w type="NN" subtype="FW">Redoute</w> <c type="pct">--</c> <w type="PPS">it</w> <w type="BEDZ">was</w> <w type="AT">the</w> <w type="AP">only</w> <w type="NN">window</w> <w type="IN">of</w> <w type="AT">the</w> <w type="NN">apartment</w> <w type="WPS">that</w> <w type="DOD">did</w> <c type="pct">.</c> </s>
<s n="65"><w type="VBG">Looking</w> <w type="RB">around</w> <w type="RB">slowly</w> <c type="pct">,</c> <w type="PPS">he</w> <w type="VBD">saw</w> <w type="AT">a</w> <w type="NN">marble</w> <w type="NN">fireplace</w> <c type="pct">,</c> <w type="AT">a</w> <w type="NN">desk</w> <c type="pct">,</c> <w type="AT">a</w> <w type="JJ">low</w> <w type="NN">bookcase</w> <w type="IN">of</w> <w type="NN">mahogany</w> <w type="IN">with</w> <w type="JJ">criss-crossed</w> <w type="NN">brass</w> <w type="NN">wire</w> <w type="RB">instead</w> <w type="IN">of</w> <w type="NN">glass</w> <w type="NNS">panes</w> <w type="IN">in</w> <w type="AT">the</w> <w type="NNS">doors</w> <c type="pct">.</c> </s>
<s n="66"><w type="AT">The</w> <w type="NN">daybed</w> <w type="NP">Eugene</w> <w type="HVD">had</w> <w type="VBN">slept</w> <w type="IN">in</w> <c type="pct">,</c> <w type="VBN">made</w> <w type="RP">up</w> <w type="RB">now</w> <w type="IN">with</w> <w type="PPg">its</w> <w type="JJ">dark-brown</w> <w type="NN">velours</w> <w type="NN">cover</w> <w type="CC">and</w> <w type="NNS">pillows</w> <c type="pct">.</c> </s>
<s n="67"><w type="AT">The</w> <w type="JJ">portable</w> <w type="NN">record</w> <w type="NN">player</w> <w type="IN">with</w> <w type="AT">a</w> <w type="NN">pile</w> <w type="IN">of</w> <w type="JJ">classical</w> <w type="NNS">records</w> <w type="IN">beside</w> <w type="PPO">it</w> <c type="pct">.</c> </s>
<s n="68"><w type="NPg">Beethoven's</w> <w type="OD" subtype="TL">Fifth</w> <w type="BEDZ">was</w> <w type="AT">the</w> <w type="CD">one</w> <w type="IN">on</w> <w type="NN">top</w> <c type="pct">.</c> </s>
<s n="69"><w type="UH">Da-da-da-dum</w> <w type="NN">Music</w> <w type="MD">could</w> <w type="NEG">not</w> <w type="BE">be</w> <w type="NPg">Eugene's</w> <w type="NN">passion</w> <c type="pct">.</c> </s>
<s n="70"><w type="RB">Besides</w> <c type="pct">,</c> <w type="AT">the</w> <w type="NNS">records</w> <w type="BED">were</w> <w type="JJ">dusty</w> <c type="pct">.</c> </s>
<s n="71"><w type="PPS">He</w> <w type="VBD">tried</w> <w type="AT">the</w> <w type="NNS">doors</w> <w type="IN">of</w> <w type="AT">the</w> <w type="NN">bookcase</w> <c type="pct">.</c> </s>
<s n="72"><w type="VBN">Locked</w> <c type="pct">.</c> </s>
<s n="73"><w type="AT">The</w> <w type="NNS">titles</w> <w type="PPS">he</w> <w type="MD">could</w> <w type="VB">read</w> <w type="RB">easily</w> <w type="IN">through</w> <w type="AT">the</w> <w type="JJ">criss-crossed</w> <w type="NNS">wires</w> <c type="pct">:</c> <w type="NNS">works</w> <w type="IN">on</w> <w type="NN">theology</w> <c type="pct">,</c> <w type="JJ">astral</w> <w type="NN">physics</w> <c type="pct">,</c> <w type="NN">history</w> <c type="pct">,</c> <w type="NN">biology</w> <c type="pct">,</c> <w type="JJ">political</w> <w type="NN">science</w> <c type="pct">.</c> </s>
<s n="74"><w type="AT">No</w> <w type="NN">poetry</w> <c type="pct">.</c> </s>
<s n="75"><w type="AT">No</w> <w type="NNS">novels</w> <c type="pct">.</c> </s>
<s n="76"><w type="PPS">He</w> <w type="VBD">moved</w> <w type="RP">over</w> <w type="IN">to</w> <w type="AT">the</w> <w type="NN">desk</w> <w type="CC">and</w> <w type="VBD">stood</w> <w type="VBG">looking</w> <w type="IN">at</w> <w type="AT">the</w> <w type="NNS">papers</w> <w type="IN">on</w> <w type="PPO">it</w> <w type="CC">but</w> <w type="NEG">not</w> <w type="VBG">touching</w> <w type="PN">anything</w> <c type="pct">.</c> </s>
<s n="77"><w type="AT">The</w> <w type="NN">clock</w> <w type="IN">on</w> <w type="AT">the</w> <w type="NN">mantel</w> <w type="NN">piece</w> <w type="BEDZ">was</w> <w type="VBN">scandalized</w> <w type="CC">and</w> <w type="VBD">ticked</w> <w type="QL">so</w> <w type="RB">loudly</w> <w type="CS">that</w> <w type="PPS">he</w> <w type="VBD">glanced</w> <w type="IN">at</w> <w type="PPO">it</w> <w type="IN">over</w> <w type="PPg">his</w> <w type="NN">shoulder</w> <w type="CC">and</w> <w type="RB">then</w> <w type="RB">quickly</w> <w type="VBD">left</w> <w type="AT">the</w> <w type="NN">room</w> <c type="pct">.</c> </s>
</p>
<p><s n="78"><w type="AT">The</w> <w type="NN">concierge</w> <w type="VBD">called</w> <w type="RP">out</w> <w type="IN">to</w> <w type="PPO">them</w> <w type="CS">as</w> <w type="PPSS">they</w> <w type="BED">were</w> <w type="VBG">passing</w> <w type="IN">through</w> <w type="AT">the</w> <w type="NN">foyer</w> <c type="pct">.</c> </s>
<s n="79"><w type="PPg">Her</w> <w type="NNS">quarters</w> <w type="BED">were</w> <w type="IN">on</w> <w type="AT">the</w> <w type="NR">right</w> <w type="CS">as</w> <w type="PPSS">you</w> <w type="VBD">walked</w> <w type="IN">into</w> <w type="AT">the</w> <w type="NN">building</w> <c type="pct">,</c> <w type="CC">and</w> <w type="PPg">her</w> <w type="JJ">small</w> <w type="JJ">front</w> <w type="NN">room</w> <w type="BEDZ">was</w> <w type="VBN">clogged</w> <w type="IN">with</w> <w type="JJ">heavy</w> <w type="NN">furniture</w> <c type="pct">--</c> <w type="AT">a</w> <w type="JJ">big</w> <c type="pct">,</c> <w type="JJ">round</w> <c type="pct">,</c> <w type="NN">oak</w> <w type="VBG">dining</w> <w type="NN">table</w> <w type="CC">and</w> <w type="NNS">chairs</w> <c type="pct">,</c> <w type="AT">a</w> <w type="NN">buffet</w> <c type="pct">,</c> <w type="IN">with</w> <w type="AT">a</w> <w type="NN">row</w> <w type="IN">of</w> <w type="JJ">unclaimed</w> <w type="NNS">letters</w> <w type="VBD">inserted</w> <w type="IN">between</w> <w type="AT">the</w> <w type="NN">mirror</w> <w type="CC">and</w> <w type="PPg">its</w> <w type="NN">frame</w> <c type="pct">.</c> </s>
<s n="80"><w type="AT">The</w> <w type="NNS">suitcases</w> <w type="HVD">had</w> <w type="VBN">come</w> <w type="CS">while</w> <w type="PPSS">they</w> <w type="BED">were</w> <w type="RP">out</w> <c type="pct">,</c> <w type="CC">and</w> <w type="HVD">had</w> <w type="BEN">been</w> <w type="VBN">put</w> <w type="IN">in</w> <w type="PPg">their</w> <w type="NN">room</w> <c type="pct">,</c> <w type="AT">the</w> <w type="NN">concierge</w> <w type="VBD">said</w> <c type="pct">.</c> </s>
</p>
<p><s n="81"><w type="PPS">He</w> <w type="VBD">waited</w> <w type="CS">until</w> <w type="PPSS">they</w> <w type="BED">were</w> <w type="IN">inside</w> <w type="AT">the</w> <w type="NN">elevator</w> <w type="CC">and</w> <w type="RB">then</w> <w type="VBD">said</w> <c type="pct">:</c> <c type="pct">``</c> <w type="RB">Now</w> <w type="WDT">what</w> <w type="DO">do</w> <w type="PPSS">we</w> <w type="DO">do</w> <c type="pct">''</c> <c type="pct">?</c> <c type="pct">?</c> </s>
</p>
<p><s n="82"><c type="pct">``</c> <w type="VB">Call</w> <w type="AT">the</w> <w type="NP">Vouillemont</w> <c type="pct">,</c> <w type="PPSS">I</w> <w type="VB">guess</w> <c type="pct">''</c> <c type="pct">.</c> </s>
</p>
<p><s n="83"><c type="pct">``</c> <w type="PPSS">I</w> <w type="VB">guess</w> <c type="pct">''</c> <c type="pct">.</c> </s>
</p>
<p><s n="84"><w type="RB">Rather</w> <w type="CS">than</w> <w type="VB">sit</w> <w type="RB">around</w> <w type="VBG">waiting</w> <w type="CS">for</w> <w type="AT">the</w> <w type="NNS">suitcases</w> <w type="TO">to</w> <w type="BE">be</w> <w type="VBN">delivered</w> <c type="pct">,</c> <w type="PPSS">they</w> <w type="HVD">had</w> <w type="VBN">gone</w> <w type="VBG">sight-seeing</w> <c type="pct">.</c> </s>
<s n="85"><w type="PPSS">They</w> <w type="VBD">went</w> <w type="IN">to</w> <w type="AT">the</w> <w type="NN" subtype="TL">Flea</w> <w type="NN" subtype="TL">Market</w> <c type="pct">,</c> <w type="VBG">expecting</w> <w type="TO">to</w> <w type="VB">find</w> <w type="AT">the</w> <w type="NNS">treasures</w> <w type="IN">of</w> <w type="NP">Europe</w> <c type="pct">,</c> <w type="CC">and</w> <w type="VBD">found</w> <w type="RB">instead</w> <w type="AT">a</w> <w type="NN">duplication</w> <w type="IN">of</w> <w type="DT">that</w> <w type="JJ">long</w> <w type="JJ">double</w> <w type="NN">row</w> <w type="IN">of</w> <w type="NNS">booths</w> <w type="IN">in</w> <w type="NP">Tours</w> <c type="pct">.</c> </s>
<s n="86"><w type="JJ">Cheap</w> <w type="NN">clothing</w> <w type="CC">and</w> <w type="NN">junk</w> <w type="IN">of</w> <w type="AT">every</w> <w type="NN">sort</w> <c type="pct">,</c> <w type="QL">as</w> <w type="RB">far</w> <w type="CS">as</w> <w type="AT">the</w> <w type="NN">eye</w> <w type="MD">could</w> <w type="VB">see</w> <c type="pct">.</c> </s>
<s n="87"><w type="PPSS">They</w> <w type="VBD">looked</w> <c type="pct">,</c> <w type="QL">even</w> <w type="RB">so</w> <c type="pct">.</c> </s>
<s n="88"><w type="VBN">Looked</w> <w type="IN">at</w> <w type="PN">everything</w> <c type="pct">.</c> </s>
<s n="89"><w type="NP">Barbara</w> <w type="VBD">bought</w> <w type="DTI">some</w> <w type="NN">cotton</w> <w type="NNS">aprons</w> <c type="pct">,</c> <w type="CC">and</w> <w type="NP">Harold</w> <w type="VBD">bought</w> <w type="NNS">shoestrings</w> <c type="pct">.</c> </s>
<s n="90"><w type="PPSS">They</w> <w type="HVD">had</w> <w type="NN">lunch</w> <w type="IN">at</w> <w type="AT">a</w> <w type="NN">sidewalk</w> <w type="NN">cafe</w> <w type="VBG">overlooking</w> <w type="AT">the</w> <w type="NN">intersection</w> <w type="IN">of</w> <w type="CD">two</w> <w type="JJ">broad</w> <c type="pct">,</c> <w type="JJ">busy</w> <c type="pct">,</c> <w type="JJ">unpicturesque</w> <w type="NNS">streets</w> <c type="pct">,</c> <w type="CC">and</w> <w type="VBG">coming</w> <w type="NR">home</w> <w type="PPSS">they</w> <w type="VBD">got</w> <w type="VBN">lost</w> <w type="IN">in</w> <w type="AT">the</w> <w type="NP">Metro</w> <c type="pct">;</c> <c type="pct">;</c> </s>
<s n="91"><w type="PPS">it</w> <w type="VBD">took</w> <w type="PPO">them</w> <w type="IN">over</w> <w type="AT">an</w> <w type="NN">hour</w> <w type="TO">to</w> <w type="VB">get</w> <w type="RB">back</w> <w type="IN">to</w> <w type="AT">the</w> <w type="NN">station</w> <w type="WRB">where</w> <w type="PPSS">they</w> <w type="MD">should</w> <w type="HV">have</w> <w type="VBN">changed</w> <c type="pct">,</c> <w type="IN">in</w> <w type="NN">order</w> <w type="TO">to</w> <w type="VB">take</w> <w type="AT">the</w> <w type="NN">line</w> <w type="WPS">that</w> <w type="VBD">went</w> <w type="IN">to</w> <w type="AT">the</w> <w type="NN" subtype="FW">Place</w> <w type="NN" subtype="FW">Redoute</w> <c type="pct">.</c> </s>
<s n="92"><w type="PPS">It</w> <w type="BEDZ">was</w> <w type="AT">the</w> <w type="NN">end</w> <w type="IN">of</w> <w type="AT">the</w> <w type="NN">afternoon</w> <w type="WRB">when</w> <w type="PPS">he</w> <w type="VBD">took</w> <w type="AT">the</w> <w type="JJ">huge</w> <w type="NN">key</w> <w type="RP">out</w> <w type="IN">of</w> <w type="PPg">his</w> <w type="NN">pocket</w> <w type="CC">and</w> <w type="VBD">inserted</w> <w type="PPO">it</w> <w type="IN">into</w> <w type="AT">the</w> <w type="NN">keyhole</w> <c type="pct">.</c> </s>
<s n="93"><w type="WRB">When</w> <w type="PPS">he</w> <w type="VBD">opened</w> <w type="AT">the</w> <w type="NN">door</w> <c type="pct">,</c> <w type="RB">there</w> <w type="VBD">stood</w> <w type="NP">Eugene</w> <c type="pct">,</c> <w type="IN">on</w> <w type="PPg">his</w> <w type="NN">way</w> <w type="RP">out</w> <w type="IN">of</w> <w type="AT">the</w> <w type="NN">apartment</w> <c type="pct">.</c> </s>
<s n="94"><w type="PPS">He</w> <w type="BEDZ">was</w> <w type="VBG">wearing</w> <w type="NNS">sneakers</w> <w type="CC">and</w> <w type="NNS">shorts</w> <w type="CC">and</w> <w type="AT">an</w> <w type="JJ">open-collared</w> <w type="NN">shirt</w> <c type="pct">,</c> <w type="CC">and</w> <w type="IN">in</w> <w type="PPg">his</w> <w type="NN">hand</w> <w type="PPS">he</w> <w type="VBD">carried</w> <w type="AT">a</w> <w type="JJ">little</w> <w type="JJ">black</w> <w type="NN">bag</w> <c type="pct">.</c> </s>
<s n="95"><w type="PPS">He</w> <w type="DOD">did</w> <w type="NEG">not</w> <w type="VB">explain</w> <w type="WRB">where</w> <w type="PPS">he</w> <w type="BEDZ">was</w> <w type="VBG">going</w> <c type="pct">,</c> <w type="CC">and</w> <w type="PPSS">they</w> <w type="DOD">did</w> <w type="NEG">not</w> <w type="VB">ask</w> <c type="pct">.</c> </s>
<s n="96"><w type="RB">Instead</w> <c type="pct">,</c> <w type="PPSS">they</w> <w type="VBD">went</w> <w type="RP">on</w> <w type="IN">down</w> <w type="AT">the</w> <w type="NN">hall</w> <w type="IN">to</w> <w type="PPg">their</w> <w type="NN">room</w> <c type="pct">.</c> </s>
</p>
<p><s n="97"><c type="pct">``</c> <w type="DO">Do</w> <w type="PPO">you</w> <w type="VB">think</w> <w type="PPS">he</w> <w type="MD">could</w> <w type="BE">be</w> <w type="HVG">having</w> <w type="AT">an</w> <w type="NN">affair</w> <c type="pct">''</c> <c type="pct">?</c> <c type="pct">?</c> </s>
<s n="98"><w type="NP">Barbara</w> <w type="VBD">asked</w> <c type="pct">,</c> <w type="CS">as</w> <w type="PPSS">they</w> <w type="VBD">heard</w> <w type="AT">the</w> <w type="JJ">front</w> <w type="NN">door</w> <w type="VB">close</w> <c type="pct">.</c> </s>
</p>
<p><s n="99"><c type="pct">``</c> <w type="UH">Oh</w> <w type="RB">no</w> <c type="pct">''</c> <c type="pct">,</c> <w type="NP">Harold</w> <w type="VBD">said</w> <c type="pct">,</c> <w type="VBN">shocked</w> <c type="pct">.</c> </s>
</p>
<p><s n="100"><c type="pct">``</c> <w type="UH">Well</w> <c type="pct">,</c> <w type="DT">this</w> <w type="BEZ">is</w> <w type="NP">France</w> <c type="pct">,</c> <w type="IN">after</w> <w type="ABN">all</w> <c type="pct">''</c> <c type="pct">.</c> </s>
</p>
<p><s n="101"><c type="pct">``</c> <w type="PPSS">I</w> <w type="VB">know</w> <c type="pct">,</c> <w type="CC">but</w> <w type="EX">there</w> <w type="MD">must</w> <w type="BE">be</w> <w type="DTI">some</w> <w type="AP">other</w> <w type="NN">explanation</w> <c type="pct">.</c> </s>
<s n="102"><mw pos="PPS BEZ">He's </mw><w type="RB">probably</w> <w type="VBG">spending</w> <w type="AT">the</w> <w type="NN">evening</w> <w type="IN">with</w> <w type="NNS">friends</w> <c type="pct">''</c> <c type="pct">.</c> </s>
</p>
<p><s n="103"><c type="pct">``</c> <w type="CC">And</w> <w type="IN">for</w> <w type="DT">that</w> <w type="PPS">he</w> <w type="VBZ">needs</w> <w type="AT">a</w> <w type="JJ">little</w> <w type="NN">bag</w> <c type="pct">''</c> <c type="pct">?</c> <c type="pct">?</c> </s>
</p>
<p><s n="104"><w type="PPSS">They</w> <w type="VBD">went</w> <w type="VBG">shopping</w> <w type="IN">in</w> <w type="AT">the</w> <w type="NN">neighborhood</w> <c type="pct">,</c> <w type="CC">and</w> <w type="VBD">bought</w> <w type="CD">two</w> <w type="NNS">loaves</w> <w type="IN">of</w> <w type="NN">bread</w> <w type="IN">with</w> <w type="AT">the</w> <w type="NN">ration</w> <w type="NNS">coupons</w> <w type="PPSS">they</w> <w type="HVD">had</w> <w type="BEN">been</w> <w type="VBN">given</w> <w type="IN">in</w> <w type="NP">Blois</w> <c type="pct">,</c> <w type="CC">and</w> <w type="DTI">some</w> <w type="NN">cheese</w> <c type="pct">,</c> <w type="CC">and</w> <w type="AT">a</w> <w type="NN">dozen</w> <w type="NNS">eggs</w> <c type="pct">,</c> <w type="CC">and</w> <w type="AT">a</w> <w type="NN">bag</w> <w type="IN">of</w> <w type="NNS">oranges</w> <w type="IN">from</w> <w type="AT">a</w> <w type="NN">peddler</w> <w type="IN">in</w> <w type="AT">the</w> <w type="NN" subtype="FW">Place</w> <w type="NN" subtype="FW">Redoute</w> <c type="pct">--</c> <w type="AT">the</w> <w type="OD">first</w> <w type="NNS">oranges</w> <w type="PPSS">they</w> <w type="HVD">had</w> <w type="VBN">seen</w> <w type="CS">since</w> <w type="PPSS">they</w> <w type="VBD">landed</w> <c type="pct">.</c> </s>
<s n="105"><w type="PPSS">They</w> <w type="HVD">had</w> <w type="NN">Vermouth</w> <c type="pct">,</c> <w type="VBG">sitting</w> <w type="IN">in</w> <w type="NN">front</w> <w type="IN">of</w> <w type="AT">a</w> <w type="NN">cafe</w> <c type="pct">.</c> </s>
<s n="106"><w type="WRB">When</w> <w type="PPSS">they</w> <w type="VBD">got</w> <w type="NR">home</w> <w type="NP">Harold</w> <w type="BEDZ">was</w> <w type="JJ">grateful</w> <w type="IN">for</w> <w type="AT">the</w> <w type="NN">stillness</w> <w type="IN">in</w> <w type="AT">the</w> <w type="NN">apartment</w> <c type="pct">,</c> <w type="CC">and</w> <w type="VBD">thought</w> <w type="WRB">how</w> <c type="pct">,</c> <w type="IN">under</w> <w type="JJ">different</w> <w type="NNS">circumstances</w> <c type="pct">,</c> <w type="PPSS">they</w> <w type="MD">might</w> <w type="HV">have</w> <w type="VBN">stayed</w> <w type="RP">on</w> <w type="RB">here</w> <c type="pct">,</c> <w type="IN">in</w> <w type="DTS">these</w> <w type="JJ">old-fashioned</w> <c type="pct">,</c> <w type="JJ">high-ceilinged</w> <w type="NNS">rooms</w> <w type="WPS">that</w> <w type="VBD">reminded</w> <w type="PPO">him</w> <w type="IN">of</w> <w type="AT">the</w> <w type="NPSg">Irelands'</w> <w type="NN">apartment</w> <w type="IN">in</w> <w type="AT">the</w> <w type="JJ" subtype="TL">East</w> <w type="NNS" subtype="TL">Eighties</w> <c type="pct">.</c> </s>
<s n="107"><w type="PPSS">They</w> <w type="MD">could</w> <w type="HV">have</w> <w type="BEN">been</w> <w type="QL">perfectly</w> <w type="JJ">happy</w> <w type="RB">here</w> <w type="IN">for</w> <w type="CD">ten</w> <w type="JJ">whole</w> <w type="NNS">days</w> <c type="pct">.</c> </s>
</p>
<p><s n="108"><w type="PPS">He</w> <w type="VBD">went</w> <w type="IN">down</w> <w type="AT">the</w> <w type="NN">hall</w> <w type="IN">to</w> <w type="NPg">Eugene's</w> <w type="NN">bathroom</w> <c type="pct">,</c> <w type="TO">to</w> <w type="VB">turn</w> <w type="RP">on</w> <w type="AT">the</w> <w type="NN">hot-water</w> <w type="NN">heater</w> <c type="pct">,</c> <w type="CC">and</w> <w type="IN">on</w> <w type="AT">the</w> <w type="NN">side</w> <w type="IN">of</w> <w type="AT">the</w> <w type="NN">tub</w> <w type="PPS">he</w> <w type="VBD">saw</w> <w type="AT">a</w> <w type="NN">pair</w> <w type="IN">of</w> <w type="JJ">blue</w> <w type="NN">wool</w> <w type="VBG">swimming</w> <w type="NNS">trunks</w> <c type="pct">.</c> </s>
<s n="109"><w type="PPS">He</w> <w type="VBD">felt</w> <w type="PPO">them</w> <c type="pct">.</c> </s>
<s n="110"><w type="PPSS">They</w> <w type="BED">were</w> <w type="JJ">damp</w> <c type="pct">.</c> </s>
<s n="111"><w type="PPS">He</w> <w type="VBD">reached</w> <w type="RP">out</w> <w type="CC">and</w> <w type="VBD">felt</w> <w type="AT">the</w> <w type="NN">bath</w> <w type="NN">towel</w> <w type="VBG">hanging</w> <w type="IN">on</w> <w type="AT">the</w> <w type="NN">towel</w> <w type="NN">rack</w> <w type="IN">over</w> <w type="AT">the</w> <w type="NN">tub</w> <c type="pct">.</c> </s>
<s n="112"><w type="JJ">Damp</w> <w type="RB">also</w> <c type="pct">.</c> </s>
<s n="113"><w type="PPS">He</w> <w type="VBD">looked</w> <w type="IN">around</w> <w type="AT">the</w> <w type="NN">room</w> <w type="CC">and</w> <w type="RB">then</w> <w type="VBD">called</w> <w type="RP">out</w> <c type="pct">:</c> <c type="pct">``</c> <w type="VB">Come</w> <w type="RB">here</w> <c type="pct">,</c> <w type="RB">quick</w> <c type="pct">''</c> <c type="pct">?</c> <c type="pct">?</c> </s>
</p>
<p><s n="114"><c type="pct">``</c> <w type="WDT">What</w> <w type="BEZ">is</w> <w type="PPS">it</w> <c type="pct">''</c> <c type="pct">?</c> <c type="pct">?</c> </s>
<s n="115"><w type="NP">Barbara</w> <w type="VBD">asked</w> <c type="pct">,</c> <w type="VBG">standing</w> <w type="IN">in</w> <w type="AT">the</w> <w type="NN">doorway</w> <c type="pct">.</c> </s>
<s n="116"><c type="pct">``</c> <mw pos="PPSS HV">I've </mw><w type="VBN">solved</w> <w type="AT">the</w> <w type="NN">mystery</w> <w type="IN">of</w> <w type="AT">the</w> <w type="JJ">little</w> <w type="NN">bag</w> <c type="pct">.</c> </s>
<s n="117"><w type="RB">There</w> <w type="PPS">it</w> <w type="BEZ">is</w> <w type="CC">and</w> <w type="EX">there</w> <w type="BEZ">is</w> <w type="WDT">what</w> <w type="BEDZ">was</w> <w type="IN">in</w> <w type="PPO">it</w> <c type="pct">.</c> </s>
<s n="118"><w type="CC">But</w> <w type="WRB">where</w> <w type="DO">do</w> <w type="NNS">people</w> <w type="VB">go</w> <w type="VBG">swimming</w> <w type="IN">in</w> <w type="NP">Paris</w> <c type="pct">?</c> <c type="pct">?</c> </s>
<s n="119"><w type="DT">That</w> <w type="NN">boat</w> <w type="IN">in</w> <w type="AT">the</w> <w type="NN">river</w> <c type="pct">,</c> <w type="RB">maybe</w> <c type="pct">''</c> <c type="pct">.</c> </s>
</p>
<p><s n="120"><c type="pct">``</c> <w type="WDT">What</w> <w type="NN">boat</w> <c type="pct">''</c> <c type="pct">?</c> <c type="pct">?</c> </s>
</p>
<p><s n="121"><c type="pct">``</c> <mw pos="EX BEZ">There's </mw><w type="AT">a</w> <w type="JJ">big</w> <w type="NN">boat</w> <w type="VBN">anchored</w> <w type="IN">near</w> <w type="AT">the</w> <w type="NN" subtype="FW">Place</w> <w type="IN" subtype="FW">De</w> <w type="AT" subtype="FW">La</w> <w type="NN" subtype="FW">Concorde</w> <c type="pct">,</c> <w type="IN">with</w> <w type="AT">a</w> <w type="VBG">swimming</w> <w type="NN">pool</w> <w type="IN">in</w> <w type="PPO">it</w> <c type="pct">--</c> <mw pos="DOD *">didn't </mw><w type="PPO">you</w> <w type="VB">notice</w> <w type="PPO">it</w> <c type="pct">?</c> <c type="pct">?</c> </s>
<s n="122"><w type="CC">But</w> <w type="CS">if</w> <w type="PPS">he</w> <w type="HVZ">has</w> <w type="NN">time</w> <w type="TO">to</w> <w type="VB">go</w> <w type="VBG">swimming</w> <c type="pct">,</c> <w type="PPS">he</w> <w type="HVD">had</w> <w type="NN">time</w> <w type="TO">to</w> <w type="BE">be</w> <w type="IN">with</w> <w type="PPO">us</w> <c type="pct">''</c> <c type="pct">.</c> </s>
</p>
<p><s n="123"><w type="PPS">She</w> <w type="VBD">looked</w> <w type="IN">at</w> <w type="PPO">him</w> <w type="IN">in</w> <w type="NN">surprise</w> <c type="pct">.</c> </s>
</p>
<p><s n="124"><c type="pct">``</c> <w type="PPSS">I</w> <w type="VB">know</w> <c type="pct">''</c> <c type="pct">,</c> <w type="PPS">he</w> <w type="VBD">said</w> <c type="pct">,</c> <w type="VBG">reading</w> <w type="PPg">her</w> <w type="NN">mind</w> <c type="pct">.</c> </s>
</p>
<p><s n="125"><c type="pct">``</c> <w type="PPSS">I</w> <mw pos="DO *">don't </mw><w type="VB">know</w> <w type="WDT">what</w> <mw pos="PPSS BEM">I'm </mw><w type="VBG">going</w> <w type="TO">to</w> <w type="DO">do</w> <w type="IN">with</w> <w type="PPO">you</w> <c type="pct">''</c> <c type="pct">.</c> </s>
</p>
<p><s n="126"><c type="pct">``</c> <mw pos="PPS BEZ">It's </mw><w type="CS">because</w> <w type="PPSS">we</w> <w type="BER">are</w> <w type="IN">in</w> <w type="NP">France</w> <c type="pct">''</c> <c type="pct">,</c> <w type="PPS">he</w> <w type="VBD">said</w> <c type="pct">,</c> <c type="pct">``</c> <w type="CC">and</w> <w type="VB">know</w> <w type="QL">so</w> <w type="AP">few</w> <w type="NNS">people</w> <c type="pct">.</c> </s>
<s n="127"><w type="RB">So</w> <w type="PN">something</w> <w type="CS">like</w> <w type="DT">this</w> <w type="VBZ">matters</w> <w type="RBR">more</w> <w type="CS">than</w> <w type="PPS">it</w> <w type="MD">would</w> <w type="IN">at</w> <w type="NR">home</w> <c type="pct">.</c> </s>
<s n="128"><w type="RB">Also</w> <c type="pct">,</c> <w type="PPS">he</w> <w type="BEDZ">was</w> <w type="QL">so</w> <w type="JJ">nice</w> <w type="WRB">when</w> <w type="PPS">he</w> <w type="BEDZ">was</w> <w type="JJ">nice</w> <c type="pct">''</c> <c type="pct">.</c> </s>
</p>
<p><s n="129"><c type="pct">``</c> <w type="ABN">All</w> <w type="CS">because</w> <w type="PPSS">I</w> <mw pos="DOD *">didn't </mw><w type="VB">feel</w> <w type="CS">like</w> <w type="VBG">dancing</w> <c type="pct">''</c> <c type="pct">.</c> </s>
</p>
<p><s n="130"><c type="pct">``</c> <w type="PPSS">I</w> <mw pos="DO *">don't </mw><w type="VB">think</w> <w type="PPS">it</w> <w type="BEDZ">was</w> <w type="DT">that</w> <c type="pct">,</c> <w type="RB">really</w> <c type="pct">''</c> <c type="pct">.</c> </s>
</p>
<p><s n="131"><c type="pct">``</c> <w type="RB">Then</w> <w type="WDT">what</w> <w type="BEDZ">was</w> <w type="PPS">it</w> <c type="pct">''</c> <c type="pct">?</c> <c type="pct">?</c> </s>
</p>
<p><s n="132"><c type="pct">``</c> <w type="PPSS">I</w> <mw pos="DO *">don't </mw><w type="VB">know</w> <c type="pct">.</c> </s>
<s n="133"><w type="PPSS">I</w> <w type="VB">wish</w> <w type="PPSS">I</w> <w type="DOD">did</w> <c type="pct">.</c> </s>
<s n="134"><w type="AT">The</w> <w type="NN">tweed</w> <w type="NN">coat</w> <c type="pct">,</c> <w type="RB">maybe</w> <c type="pct">.</c> </s>
<s n="135"><w type="AT">The</w> <w type="NN">thing</w> <w type="IN">about</w> <w type="NP">Eugene</w> <w type="BEZ">is</w> <w type="CS">that</w> <mw pos="PPS BEZ">he's </mw><w type="QL">very</w> <w type="JJ">proud</w> <c type="pct">''</c> <c type="pct">.</c> </s>
</p>
<p><s n="136"><w type="CC">And</w> <w type="AT">the</w> <w type="NN">thing</w> <w type="IN">about</w> <w type="NN">hurt</w> <w type="NNS">feelings</w> <c type="pct">,</c> <w type="AT">the</w> <w type="JJ">wet</w> <w type="VBG">bathing</w> <w type="NN">suit</w> <w type="VBD">pointed</w> <w type="RP">out</w> <c type="pct">,</c> <w type="BEZ">is</w> <w type="CS">that</w> <w type="AT">the</w> <w type="NN">person</w> <w type="WPS">who</w> <w type="HVZ">has</w> <w type="PPO">them</w> <w type="BEZ">is</w> <w type="NEG">not</w> <w type="ABL">quite</w> <w type="AT">the</w> <w type="JJ">innocent</w> <w type="NN">party</w> <w type="PPS">he</w> <w type="VBZ">believes</w> <w type="PPL">himself</w> <w type="TO">to</w> <w type="BE">be</w> <c type="pct">.</c> </s>
<s n="137"><w type="IN">For</w> <w type="NN">instance</w> <c type="pct">--</c> <w type="WDT">what</w> <w type="IN">about</w> <w type="ABN">all</w> <w type="DTS">those</w> <w type="NNS">people</w> <w type="NP">Harold</w> <w type="NP">Rhodes</w> <w type="VBD">went</w> <w type="IN">toward</w> <w type="RB">unhesitatingly</w> <c type="pct">,</c> <w type="CS">as</w> <w type="CS">if</w> <w type="DT">this</w> <w type="BED">were</w> <w type="AT">the</w> <w type="CD">one</w> <w type="NN">moment</w> <w type="PPSS">they</w> <w type="MD">would</w> <w type="RB">ever</w> <w type="HV">have</w> <w type="RB">together</w> <c type="pct">,</c> <w type="PPg">their</w> <w type="CD">one</w> <w type="NN">chance</w> <w type="IN">of</w> <w type="VBG">knowing</w> <w type="DT">each</w> <w type="AP">other</w> <c type="pct">?</c> <c type="pct">?</c> </s>
</p>
<p><s n="138"><w type="RB">Fortunately</w> <c type="pct">,</c> <w type="AT">the</w> <w type="VBG">embarrassing</w> <w type="NNS">questions</w> <w type="VBN">raised</w> <w type="IN">by</w> <w type="NNS">objects</w> <w type="DO">do</w> <w type="NEG">not</w> <w type="VB">need</w> <w type="TO">to</w> <w type="BE">be</w> <w type="VBN">answered</w> <c type="pct">,</c> <w type="CC">or</w> <w type="PPSS">we</w> <w type="MD">would</w> <w type="ABN">all</w> <w type="HV">have</w> <w type="TO">to</w> <w type="VB">go</w> <w type="VB">sleep</w> <w type="IN">in</w> <w type="AT">the</w> <w type="JJ">open</w> <w type="NNS">fields</w> <c type="pct">.</c> </s>
<s n="139"><w type="CC">And</w> <w type="IN">in</w> <w type="DTI">any</w> <w type="NN">case</w> <c type="pct">,</c> <w type="NNS">answers</w> <w type="MD">may</w> <w type="VB">clarify</w> <w type="CC">but</w> <w type="PPSS">they</w> <w type="DO">do</w> <w type="NEG">not</w> <w type="VB">change</w> <w type="PN">anything</w> <c type="pct">.</c> </s>
</p>
<p></p></body></text></TEI>
