<TEI xmlns="http://www.tei-c.org/ns/1.0"><teiHeader><fileDesc><titleStmt><title>Sample K21 from  Bruce Palmer, "My Brother's Keeper", Many Are the Hearts.
 New York: Simon &amp; Schuster, Inc., 1961. Pp. 132-138.
 </title></titleStmt><editionStmt><edition>A part  of the XML version of the Brown Corpus</edition></editionStmt><extent>2,011 words 2 symbols</extent><publicationStmt><idno>K21</idno><availability><p>Used by permission of Bruce Palmer.0010-1720</p></availability></publicationStmt><sourceDesc><bibl> Bruce Palmer, "My Brother's Keeper", Many Are the Hearts.
 New York: Simon &amp; Schuster, Inc., 1961. Pp. 132-138.
 </bibl></sourceDesc></fileDesc><encodingDesc><p>Note: No quotation marks are used in this text. Beginning of quotation is marked by -; end of quotation by end of paragraph.</p></encodingDesc><revisionDesc><change when="2008-04-27">Header auto-generated for TEI version</change></revisionDesc></teiHeader>
<text xml:id="K21" decls="K">
<body><p><s n="1"><w type="NP">Beckworth</w> <w type="VBD">handed</w> <w type="AT">the</w> <w type="NN">pass</w> <w type="IN">to</w> <w type="AT">the</w> <w type="NN">colonel</w> <c type="pct">.</c> </s>
<s n="2"><w type="PPS">He</w> <w type="HVD">had</w> <w type="VBN">thought</w> <w type="CS">that</w> <w type="AT">the</w> <w type="NN">suggestion</w> <w type="IN">of</w> <w type="VBG">taking</w> <w type="PPO">it</w> <w type="PPL">himself</w> <w type="MD">would</w> <w type="VB">tip</w> <w type="AT">the</w> <w type="NN">colonel</w> <w type="IN">in</w> <w type="AT">the</w> <w type="NN">direction</w> <w type="IN">of</w> <w type="VBG">serving</w> <w type="PPg">his</w> <w type="JJ">own</w> <w type="NN">order</w> <c type="pct">,</c> <w type="CC">but</w> <w type="AT">the</w> <w type="NN">slip</w> <w type="IN">of</w> <w type="NN">paper</w> <w type="BEDZ">was</w> <w type="VBN">folded</w> <w type="CC">and</w> <w type="RB">absently</w> <w type="VBN">thrust</w> <w type="IN">into</w> <w type="AT">the</w> <w type="NNg">colonel's</w> <w type="NN">belt</w> <c type="pct">.</c> </s>
<s n="3"><w type="IN">Despite</w> <w type="PPg">his</w> <w type="NN">yearning</w> <c type="pct">,</c> <w type="AT">the</w> <w type="NN">colonel</w> <w type="MD">would</w> <w type="NEG">not</w> <w type="VB">go</w> <w type="RP">down</w> <w type="TO">to</w> <w type="VB">see</w> <w type="AT">the</w> <w type="NNS">men</w> <w type="VB">come</w> <w type="IN">through</w> <w type="AT">the</w> <w type="NNS">lines</w> <c type="pct">.</c> </s>
<s n="4"><w type="PPS">He</w> <w type="MD">would</w> <w type="VB">remain</w> <w type="IN">in</w> <w type="AT">the</w> <w type="NN">tent</w> <c type="pct">,</c> <w type="VBG">waiting</w> <w type="RB">impatiently</w> <c type="pct">,</c> <w type="VBN">occupied</w> <w type="IN">by</w> <w type="DTI">some</w> <w type="JJ">trivial</w> <w type="NN">task</w> <c type="pct">.</c> </s>
</p>
<p><s n="5"><c type="pct">--</c> <w type="NP">Beckworth</w> <c type="pct">.</c> </s>
</p>
<p><s n="6"><c type="pct">--</c> <w type="NN">Sir</w> <c type="pct">?</c> <c type="pct">?</c> </s>
</p>
<p><s n="7"><c type="pct">--</c> <w type="VB">Fetch</w> <w type="PPO">me</w> <w type="AT">the</w> <w type="NNS">copies</w> <w type="IN">of</w> <w type="PN">everything</w> <w type="NP">B</w> <w type="CC">and</w> <w type="NP">C</w> <w type="NNS">companies</w> <w type="HV">have</w> <w type="VBN">requisitioned</w> <w type="IN">in</w> <w type="AT">the</w> <w type="AP">last</w> <w type="CD">six</w> <w type="NNS">months</w> <c type="pct">.</c> </s>
</p>
<p><s n="8"><c type="pct">--</c> <w type="AT">The</w> <w type="AP">last</w> <w type="CD">six</w> <w type="NNS">months</w> <c type="pct">,</c> <w type="NN">sir</w> <c type="pct">?</c> <c type="pct">?</c> </s>
</p>
<p><s n="9"><c type="pct">--</c> <w type="PPSS">You</w> <w type="VBD">heard</w> <w type="PPO">me</w> <c type="pct">.</c> </s>
<s n="10"><mw pos="EX BEZ">There's </mw><w type="AT">a</w> <w type="NN">lot</w> <w type="IN">of</w> <w type="NN">waste</w> <w type="VBG">going</w> <w type="RP">on</w> <w type="RB">here</w> <c type="pct">.</c> </s>
<s n="11"><mw pos="PPS HVZ">It's </mw><w type="VBN">got</w> <w type="TO">to</w> <w type="VB">stop</w> <c type="pct">.</c> </s>
<s n="12"><w type="PPSS">I</w> <w type="VB">want</w> <w type="TO">to</w> <w type="VB">take</w> <w type="AT">a</w> <w type="NN">look</w> <c type="pct">.</c> </s>
<s n="13"><w type="DT">This</w> <w type="BEZ">is</w> <w type="AT">no</w> <w type="VBN">damned</w> <w type="NN">holiday</w> <c type="pct">,</c> <w type="NP">Beckworth</w> <c type="pct">.</c> </s>
<s n="14"><w type="VB">Get</w> <w type="JJ">busy</w> <c type="pct">.</c> </s>
</p>
<p><s n="15"><c type="pct">--</c> <w type="RB">Yes</w> <c type="pct">,</c> <w type="NN">sir</w> <c type="pct">.</c> </s>
</p>
<p><s n="16"><w type="NP">Beckworth</w> <w type="VBD">left</w> <w type="AT">the</w> <w type="NN">tent</w> <c type="pct">.</c> </s>
<s n="17"><w type="RB">Below</w> <w type="PPS">he</w> <w type="MD">could</w> <w type="VB">see</w> <w type="AT">the</w> <w type="JJ">bright</w> <w type="NNS">torches</w> <w type="VBG">lighting</w> <w type="AT">the</w> <w type="NN">riverbank</w> <c type="pct">.</c> </s>
<s n="18"><w type="PPS">He</w> <w type="VBD">glanced</w> <w type="RB">back</w> <c type="pct">.</c> </s>
<s n="19"><w type="AT">The</w> <w type="NN">colonel</w> <w type="VBD">crouched</w> <w type="RB">tensely</w> <w type="IN">on</w> <w type="CD">one</w> <w type="IN">of</w> <w type="AT">the</w> <w type="VBG">folding</w> <w type="NNS">chairs</w> <c type="pct">,</c> <w type="RB">methodically</w> <w type="VBG">tearing</w> <w type="IN">at</w> <w type="PPg">his</w> <w type="NN">thumbnail</w> <c type="pct">.</c> </s>
</p>
<p><s n="20"><w type="AT">The</w> <w type="JJ">bombproof</w> <w type="BEDZ">was</w> <w type="AT">a</w> <w type="JJ">low-ceilinged</w> <w type="NN">structure</w> <w type="IN">of</w> <w type="JJ">heavy</w> <w type="NNS">timbers</w> <w type="VBN">covered</w> <w type="IN">with</w> <w type="NN">earth</w> <c type="pct">.</c> </s>
<s n="21"><w type="PPS">It</w> <w type="VBD">stood</w> <w type="DTI">some</w> <w type="CD">fifty</w> <w type="NNS">paces</w> <w type="IN">from</w> <w type="AT">the</w> <w type="NN">edge</w> <w type="IN">of</w> <w type="AT">the</w> <w type="NN">bank</w> <c type="pct">.</c> </s>
<s n="22"><w type="IN">From</w> <w type="AT">the</w> <w type="NN">outside</w> <c type="pct">,</c> <w type="PPS">it</w> <w type="VBD">seemed</w> <w type="AT">no</w> <w type="AP">more</w> <w type="IN">than</w> <w type="AT">a</w> <w type="JJ">low</w> <w type="NN">drumlin</w> <c type="pct">,</c> <w type="AT">a</w> <w type="NN">lump</w> <w type="IN">on</w> <w type="AT">the</w> <w type="JJ">dark</w> <w type="NN">earth</w> <c type="pct">.</c> </s>
<s n="23"><w type="AT">A</w> <w type="JJ">crude</w> <w type="NN">ladder</w> <w type="VBD">ran</w> <w type="RP">down</w> <w type="IN">to</w> <w type="AT">a</w> <w type="JJ">wooden</w> <w type="NN">floor</w> <c type="pct">.</c> </s>
<s n="24"><w type="CD">Two</w> <w type="NNS">slits</w> <w type="VBD">enabled</w> <w type="NNS">observers</w> <w type="TO">to</w> <w type="VB">watch</w> <w type="IN">across</w> <w type="AT">the</w> <w type="NN">river</w> <c type="pct">.</c> </s>
<s n="25"><w type="AT">The</w> <w type="NN">place</w> <w type="VBD">smelled</w> <w type="RB">strongly</w> <w type="IN">of</w> <w type="JJ">rank</w> <c type="pct">,</c> <w type="JJ">fertile</w> <w type="NN">earth</w> <c type="pct">,</c> <w type="VBG">rotting</w> <w type="NN">wood</w> <w type="CC">and</w> <w type="NN">urine</w> <c type="pct">.</c> </s>
<s n="26"><w type="AT">The</w> <w type="NN">plank</w> <w type="NN">floor</w> <w type="BEDZ">was</w> <w type="VBN">slimed</w> <w type="IN">beneath</w> <w type="NPg">Watson's</w> <w type="NNS">boots</w> <c type="pct">.</c> </s>
<s n="27"><w type="IN">At</w> <w type="AP">least</w> <w type="AT">the</w> <w type="NN" subtype="TL">Union</w> <w type="NN">officer</w> <w type="HVD">had</w> <w type="BEN">been</w> <w type="JJ">decent</w> <w type="QLP">enough</w> <w type="TO">to</w> <w type="VB">provide</w> <w type="AT">a</w> <w type="NN">candle</w> <c type="pct">.</c> </s>
<s n="28"><w type="EX">There</w> <w type="BEDZ">was</w> <w type="AT">no</w> <w type="NN">place</w> <w type="TO">to</w> <w type="VB">sit</w> <c type="pct">,</c> <w type="CC">but</w> <w type="NP">Watson</w> <w type="VBD">walked</w> <w type="RB">slowly</w> <w type="IN">from</w> <w type="AT">the</w> <w type="NN">ladder</w> <w type="IN">to</w> <w type="AT">the</w> <w type="NN">window</w> <w type="NNS">slits</w> <w type="CC">and</w> <w type="NN">back</w> <c type="pct">,</c> <w type="VBG">stooping</w> <w type="RB">slightly</w> <w type="TO">to</w> <w type="VB">avoid</w> <w type="VBG">striking</w> <w type="PPg">his</w> <w type="NN">head</w> <w type="IN">on</w> <w type="AT">the</w> <w type="JJ">heavy</w> <w type="NNS">beams</w> <c type="pct">.</c> </s>
<s n="29"><w type="IN">In</w> <w type="AT">the</w> <w type="NN">corner</w> <w type="BEDZ">was</w> <w type="AT">the</w> <w type="NN">soldier</w> <w type="IN">with</w> <w type="AT">the</w> <w type="JJ">white</w> <w type="NN">flag</w> <c type="pct">.</c> </s>
<s n="30"><w type="PPS">He</w> <w type="VBD">stood</w> <w type="RB">stiffly</w> <w type="JJ">erect</w> <c type="pct">,</c> <w type="VBG">clutching</w> <w type="AT">the</w> <w type="NN">staff</w> <c type="pct">,</c> <w type="PPg">his</w> <w type="NN">body</w> <w type="QL">half</w> <w type="VBN">hidden</w> <w type="IN">by</w> <w type="AT">the</w> <w type="JJ">limp</w> <w type="NN">cloth</w> <c type="pct">.</c> </s>
<s n="31"><w type="NP">Watson</w> <w type="RB">hardly</w> <w type="VBD">looked</w> <w type="IN">at</w> <w type="PPO">him</w> <c type="pct">.</c> </s>
<s n="32"><w type="AT">The</w> <w type="NN">man</w> <w type="HVD">had</w> <w type="VBN">come</w> <w type="VBG">floundering</w> <w type="RB">aboard</w> <w type="AT">the</w> <w type="JJ">flat-bottomed</w> <w type="NN">barge</w> <w type="IN">at</w> <w type="AT">the</w> <w type="AP">last</w> <w type="NN">instant</w> <c type="pct">,</c> <w type="VBG">brandishing</w> <w type="AT">the</w> <w type="NN">flag</w> <w type="IN">of</w> <w type="NN">truce</w> <c type="pct">.</c> </s>
<s n="33"><w type="PN">Someone</w> <w type="HVD">had</w> <w type="VBN">hauled</w> <w type="PPO">him</w> <w type="IN">over</w> <w type="AT">the</w> <w type="NN">side</w> <c type="pct">,</c> <w type="CC">and</w> <w type="PPS">he</w> <w type="HVD">had</w> <w type="VBN">remained</w> <w type="JJ">silent</w> <w type="CS">while</w> <w type="PPSS">they</w> <w type="VBD">crossed</w> <c type="pct">.</c> </s>
</p>
<p><s n="34"><w type="AT">An</w> <w type="NN">officer</w> <w type="IN">with</w> <w type="AT">a</w> <w type="NN">squad</w> <w type="IN">of</w> <w type="NNS">men</w> <w type="HVD">had</w> <w type="BEN">been</w> <w type="VBG">waiting</w> <w type="IN">on</w> <w type="AT">the</w> <w type="NN">bank</w> <c type="pct">.</c> </s>
<s n="35"><w type="AT">The</w> <w type="NNS">men</w> <w type="IN">in</w> <w type="AT">the</w> <w type="NNS">boats</w> <w type="HVD">had</w> <w type="VBN">started</w> <w type="VBG">yelling</w> <w type="RB">happily</w> <w type="IN">at</w> <w type="OD">first</w> <w type="NN">sight</w> <w type="IN">of</w> <w type="AT">the</w> <w type="NN">officer</w> <c type="pct">,</c> <w type="CD">two</w> <w type="IN">of</w> <w type="PPO">them</w> <w type="VBG">calling</w> <w type="PPO">him</w> <w type="NP">Billy</w> <c type="pct">.</c> </s>
<s n="36"><w type="WRB">When</w> <w type="AT">the</w> <w type="NN">boat</w> <w type="HVD">had</w> <w type="VBN">touched</w> <c type="pct">,</c> <w type="AT">the</w> <w type="JJR">weaker</w> <w type="NNS">ones</w> <w type="CC">and</w> <w type="AT">the</w> <w type="CD">two</w> <w type="VBN">wounded</w> <w type="NNS">men</w> <w type="HVD">had</w> <w type="BEN">been</w> <w type="VBN">lifted</w> <w type="RP">out</w> <w type="CC">and</w> <w type="VBN">carried</w> <w type="RB">away</w> <w type="IN">by</w> <w type="AT">the</w> <w type="NNS">soldiers</w> <c type="pct">.</c> </s>
<s n="37"><w type="NP">Watson</w> <w type="HVD">had</w> <w type="VBN">presented</w> <w type="PPg">his</w> <w type="NN">pouch</w> <w type="CC">and</w> <w type="BEN">been</w> <w type="VBN">led</w> <w type="IN">to</w> <w type="AT">the</w> <w type="JJ">bombproof</w> <c type="pct">.</c> </s>
<s n="38"><w type="AT">The</w> <w type="NN">officer</w> <w type="HVD">had</w> <w type="VBN">told</w> <w type="PPO">him</w> <w type="CS">that</w> <w type="ABX">both</w> <w type="NNS">lists</w> <w type="MD">must</w> <w type="BE">be</w> <w type="VBN">checked</w> <c type="pct">.</c> </s>
<s n="39"><w type="NP">Watson</w> <w type="HVD">had</w> <w type="VBN">given</w> <w type="PPg">his</w> <w type="NN">name</w> <w type="CC">and</w> <w type="VBN">asked</w> <w type="IN">for</w> <w type="AT">a</w> <w type="NN">safe-conduct</w> <w type="NN">pass</w> <c type="pct">.</c> </s>
<s n="40"><w type="AT">The</w> <w type="NN">officer</w> <c type="pct">,</c> <w type="VBN">surprised</w> <c type="pct">,</c> <w type="VBD">said</w> <w type="PPS">he</w> <w type="MD">would</w> <w type="HV">have</w> <w type="TO">to</w> <w type="VB">see</w> <c type="pct">.</c> </s>
<s n="41"><w type="NP">Watson</w> <w type="HVD">had</w> <w type="VBN">nodded</w> <w type="RB">absently</w> <w type="CC">and</w> <w type="VBD">muttered</w> <w type="CS">that</w> <w type="PPS">he</w> <w type="MD">would</w> <w type="VB">check</w> <w type="AT">the</w> <w type="NNS">lists</w> <w type="PPL">himself</w> <w type="RBR">later</w> <c type="pct">.</c> </s>
<s n="42"><w type="PPS">He</w> <w type="HVD">had</w> <w type="VBN">peered</w> <w type="IN">through</w> <w type="AT">the</w> <w type="NN">darkness</w> <w type="IN">at</w> <w type="AT">the</w> <w type="NN">rampart</w> <c type="pct">.</c> </s>
<s n="43"><w type="AT">The</w> <w type="NNS">men</w> <w type="PPS">he</w> <w type="MD">would</w> <w type="VB">take</w> <w type="RB">back</w> <w type="IN">across</w> <w type="AT">the</w> <w type="NN">river</w> <w type="VBD">stood</w> <w type="RB">there</w> <c type="pct">,</c> <w type="CC">but</w> <w type="PPS">he</w> <w type="VBD">turned</w> <w type="RB">away</w> <w type="IN">from</w> <w type="PPO">them</w> <c type="pct">.</c> </s>
<s n="44"><w type="PPS">He</w> <w type="VBD">wanted</w> <w type="AT">no</w> <w type="NN">part</w> <w type="IN">of</w> <w type="AT">the</w> <w type="NNS">emotions</w> <w type="IN">of</w> <w type="AT">the</w> <w type="NN">exchange</w> <c type="pct">,</c> <w type="AT">no</w> <w type="NN">memory</w> <w type="IN">of</w> <w type="AT">the</w> <w type="NN">joy</w> <w type="CC">and</w> <w type="NN">gratitude</w> <w type="WPS">that</w> <w type="AP">other</w> <w type="NNS">men</w> <w type="VBD">felt</w> <c type="pct">.</c> </s>
<s n="45"><w type="PPS">He</w> <w type="HVD">had</w> <w type="VBN">hoped</w> <w type="TO">to</w> <w type="BE">be</w> <w type="RB">alone</w> <w type="IN">in</w> <w type="AT">the</w> <w type="JJ">bombproof</w> <c type="pct">,</c> <w type="CC">but</w> <w type="AT">the</w> <w type="NN">soldier</w> <w type="HVD">had</w> <w type="VBN">followed</w> <w type="PPO">him</w> <c type="pct">.</c> </s>
<s n="46"><w type="CS">Though</w> <w type="NP">Watson</w> <w type="RB">carefully</w> <w type="VBD">ignored</w> <w type="AT">the</w> <w type="NN">man</w> <c type="pct">,</c> <w type="PPS">he</w> <w type="MD">could</w> <w type="NEG">not</w> <w type="VB">deny</w> <w type="PPg">his</w> <w type="NN">presence</w> <c type="pct">.</c> </s>
<s n="47"><w type="RB">Perhaps</w> <w type="PPS">it</w> <w type="MD">would</w> <w type="BE">be</w> <w type="JJR">better</w> <w type="TO">to</w> <w type="VB">speak</w> <w type="IN">to</w> <w type="PPO">him</w> <c type="pct">,</c> <w type="CS">since</w> <w type="NN">silence</w> <w type="MD">could</w> <w type="NEG">not</w> <w type="VB">exorcise</w> <w type="PPg">his</w> <w type="NN">form</w> <c type="pct">.</c> </s>
<s n="48"><w type="NP">Watson</w> <w type="VBD">glanced</w> <w type="RB">briefly</w> <w type="IN">at</w> <w type="PPO">him</w> <c type="pct">,</c> <w type="VBG">seeing</w> <w type="RB">only</w> <w type="AT">a</w> <w type="NN">body</w> <w type="RB">rigidly</w> <w type="JJ">erect</w> <w type="IN">behind</w> <w type="AT">the</w> <w type="JJ">languid</w> <w type="NN">banner</w> <c type="pct">.</c> </s>
</p>
<p><s n="49"><c type="pct">--</c> <w type="PPSS">We</w> <mw pos="MD *">won't </mw><w type="BE">be</w> <w type="QL">too</w> <w type="JJ">long</w> <c type="pct">.</c> </s>
<s n="50"><w type="CS">If</w> <w type="PPg">my</w> <w type="NN">pass</w> <w type="BEZ">is</w> <w type="VBN">approved</w> <c type="pct">,</c> <w type="PPSS">I</w> <w type="MD">may</w> <w type="BE">be</w> <w type="AT">a</w> <w type="ABN">half</w> <w type="NN">hour</w> <c type="pct">.</c> </s>
</p>
<p><s n="51"><w type="AT">The</w> <w type="NN">soldier</w> <w type="VBD">answered</w> <w type="IN">in</w> <w type="AT">a</w> <w type="JJ">curious</w> <c type="pct">,</c> <w type="VBN">muffled</w> <w type="NN">voice</w> <c type="pct">,</c> <w type="PPg">his</w> <w type="NNS">lips</w> <w type="RB">barely</w> <w type="VBG">moving</w> <c type="pct">.</c> </s>
<s n="52"><w type="NP">Watson</w> <w type="VBD">turned</w> <w type="RB">away</w> <w type="CC">and</w> <w type="DOD">did</w> <w type="NEG">not</w> <w type="VB">see</w> <w type="AT">the</w> <w type="NNg">man's</w> <w type="NNS">knees</w> <w type="VB">buckle</w> <w type="CC">and</w> <w type="PPg">his</w> <w type="NN">body</w> <w type="VB">sag</w> <c type="pct">.</c> </s>
</p>
<p><s n="53"><c type="pct">--</c> <w type="RB">Yes</w> <c type="pct">,</c> <w type="NN">sir</w> <c type="pct">.</c> </s>
</p>
<p><s n="54"><w type="PPS">He</w> <w type="HVD">had</w> <w type="VBN">acknowledged</w> <w type="AT">the</w> <w type="NN">man</w> <c type="pct">.</c> </s>
<s n="55"><w type="PPS">It</w> <w type="BEDZ">was</w> <w type="JJR">easier</w> <w type="TO">to</w> <w type="VB">think</w> <w type="RB">now</w> <c type="pct">,</c> <w type="NP">Watson</w> <w type="VBD">decided</w> <c type="pct">.</c> </s>
<s n="56"><w type="AT">The</w> <w type="JJ">stiff</w> <w type="NN">figure</w> <w type="IN">in</w> <w type="AT">the</w> <w type="NN">corner</w> <w type="AT">no</w> <w type="JJR">longer</w> <w type="VBD">blocked</w> <w type="PPg">his</w> <w type="NNS">thoughts</w> <c type="pct">.</c> </s>
<s n="57"><w type="PPS">He</w> <w type="VBD">paced</w> <w type="RB">slowly</w> <c type="pct">,</c> <w type="VBG">stooping</w> <c type="pct">,</c> <w type="VBG">staring</w> <w type="IN">at</w> <w type="AT">the</w> <w type="JJ">damp</w> <c type="pct">,</c> <w type="JJ">slippery</w> <w type="NN">floor</w> <c type="pct">.</c> </s>
<s n="58"><w type="PPS">He</w> <w type="VBD">tried</w> <w type="TO">to</w> <w type="VB">order</w> <w type="AT">the</w> <w type="NNS">words</w> <w type="IN">of</w> <w type="AT">the</w> <w type="CD">three</w> <w type="NN" subtype="TL">Union</w> <w type="NNS">officers</w> <c type="pct">,</c> <w type="VBG">seeking</w> <w type="TO">to</w> <w type="VB">create</w> <w type="DTI">some</w> <w type="JJ">coherent</w> <w type="NN">portrait</w> <w type="IN">of</w> <w type="AT">the</w> <w type="JJ">dead</w> <w type="NN">boy</w> <c type="pct">.</c> </s>
<s n="59"><w type="CC">But</w> <w type="PPS">he</w> <w type="VBD">groped</w> <w type="RB">blindly</w> <c type="pct">.</c> </s>
<s n="60"><w type="PPg">His</w> <w type="NN">lack</w> <w type="IN">of</w> <w type="NN">success</w> <w type="RB">steadily</w> <w type="VBD">eroded</w> <w type="PPg">his</w> <w type="NN">interest</w> <c type="pct">.</c> </s>
<s n="61"><w type="PPS">He</w> <w type="VBD">stopped</w> <w type="VBG">pacing</w> <c type="pct">,</c> <w type="VBD">leaned</w> <w type="IN">against</w> <w type="AT">the</w> <w type="JJ">dank</w> <c type="pct">,</c> <w type="VBN">timbered</w> <w type="NN">wall</w> <w type="CC">and</w> <w type="VB">let</w> <w type="PPg">his</w> <w type="NN">mind</w> <w type="VB">drift</w> <c type="pct">.</c> </s>
<s n="62"><w type="AT">A</w> <w type="NN">feeling</w> <w type="IN">of</w> <w type="NN">futility</w> <c type="pct">,</c> <w type="AT">an</w> <w type="NN">enervation</w> <w type="IN">of</w> <w type="NN">mind</w> <w type="JJR">greater</w> <w type="CS">than</w> <w type="DTI">any</w> <w type="NN">fatigue</w> <w type="PPS">he</w> <w type="HVD">had</w> <w type="RB">ever</w> <w type="VBN">known</w> <c type="pct">,</c> <w type="VBD">seeped</w> <w type="IN">through</w> <w type="PPO">him</w> <c type="pct">.</c> </s>
<s n="63"><w type="WDT">What</w> <w type="IN">in</w> <w type="AT">the</w> <w type="NN">name</w> <w type="IN">of</w> <w type="NP">God</w> <w type="BEDZ">was</w> <w type="PPS">he</w> <w type="VBG">doing</w> <c type="pct">,</c> <w type="VBN">crouched</w> <w type="IN">in</w> <w type="AT">a</w> <w type="VBN">timbered</w> <w type="NN">pit</w> <w type="IN">on</w> <w type="AT">the</w> <w type="JJ">wrong</w> <w type="NN">bank</w> <w type="IN">of</w> <w type="AT">the</w> <w type="NN">river</w> <c type="pct">?</c> <c type="pct">?</c> </s>
<s n="64"><w type="WRB">Why</w> <w type="HVD">had</w> <w type="PPS">he</w> <w type="VBD">crossed</w> <w type="AT">the</w> <w type="JJ">dark</w> <w type="NN">water</w> <c type="pct">,</c> <w type="TO">to</w> <w type="VB">bring</w> <w type="RB">back</w> <w type="AT">a</w> <w type="NN">group</w> <w type="IN">of</w> <w type="VBN">reclaimed</w> <w type="NNS">soldiers</w> <w type="CC">or</w> <w type="TO">to</w> <w type="VB">skulk</w> <w type="IN">in</w> <w type="AT">a</w> <w type="JJ">foul-smelling</w> <w type="NN">hole</w> <c type="pct">?</c> <c type="pct">?</c> </s>
</p>
<p><s n="65"><w type="PPS">He</w> <w type="VBD">grew</w> <w type="VBN">annoyed</w> <w type="CC">and</w> <w type="IN">at</w> <w type="AT">the</w> <w type="AP">same</w> <w type="NN">time</w> <w type="VBN">surprised</w> <w type="IN">at</w> <w type="DT">that</w> <w type="NN">emotion</w> <c type="pct">.</c> </s>
<s n="66"><w type="PPS">He</w> <w type="BEDZ">was</w> <w type="JJ">conscious</w> <w type="IN">of</w> <w type="AT">a</w> <w type="VBG">growing</w> <w type="NN">sense</w> <w type="IN">of</w> <w type="NN">absurdity</w> <c type="pct">.</c> </s>
<s n="67"><w type="NP">Hillman</w> <w type="HVD">had</w> <w type="VBN">written</w> <w type="PPO">it</w> <w type="ABN">all</w> <w type="RP">out</w> <c type="pct">,</c> <mw pos="HVD *">hadn't </mw><w type="PPS">he</w> <c type="pct">?</c> <c type="pct">?</c> </s>
<s n="68"><mw pos="BEDZ *">Wasn't </mw><w type="AT">the</w> <w type="NN">report</w> <w type="JJ">official</w> <w type="QLP">enough</w> <c type="pct">?</c> <c type="pct">?</c> </s>
<s n="69"><w type="WDT">What</w> <w type="DOD">did</w> <w type="PPS">he</w> <w type="VB">hope</w> <w type="TO">to</w> <w type="VB">accomplish</w> <w type="RB">here</w> <c type="pct">?</c> <c type="pct">?</c> </s>
<s n="70"><w type="NP">Hillman</w> <w type="HVD">had</w> <w type="VBN">ordered</w> <w type="PPO">him</w> <w type="NEG">not</w> <w type="TO">to</w> <w type="VB">leave</w> <w type="AT">the</w> <w type="JJ">far</w> <w type="NN">bank</w> <c type="pct">.</c> </s>
<s n="71"><w type="VBN">Prompted</w> <w type="IN">by</w> <w type="AT">a</w> <w type="JJ">guilty</w> <w type="NN">urge</w> <c type="pct">,</c> <w type="PPS">he</w> <w type="HVD">had</w> <w type="VBN">disobeyed</w> <w type="AT">the</w> <w type="NN">order</w> <w type="IN">of</w> <w type="AT">a</w> <w type="NN">man</w> <w type="PPS">he</w> <w type="VBD">respected</w> <c type="pct">.</c> </s>
<s n="72"><w type="IN">For</w> <w type="WDT">what</w> <c type="pct">?</c> <c type="pct">?</c> </s>
<s n="73"><w type="TO">To</w> <w type="VB">tell</w> <w type="NP">John</w> <w type="PN">something</w> <w type="PPS">he</w> <w type="MD">would</w> <w type="VB">find</w> <w type="RP">out</w> <w type="IN">for</w> <w type="PPL">himself</w> <c type="pct">.</c> </s>
</p>
<p><s n="74"><w type="AT">The</w> <w type="NN">figure</w> <w type="IN">in</w> <w type="AT">the</w> <w type="NN">corner</w> <w type="VBD">belched</w> <w type="RB">loudly</w> <c type="pct">,</c> <w type="AT">a</w> <w type="JJ">deep</w> <c type="pct">,</c> <w type="NN">liquid</w> <w type="NN">eruption</w> <c type="pct">.</c> </s>
<s n="75"><w type="NP">Watson</w> <w type="VBD">snorted</w> <w type="CC">and</w> <w type="RB">then</w> <w type="VBD">laughed</w> <w type="RB">aloud</w> <c type="pct">.</c> </s>
<s n="76"><w type="RB">Exactly</w> <c type="pct">!</c> <c type="pct">!</c> </s>
</p>
<p><s n="77"><w type="AT">The</w> <w type="NNg">soldier's</w> <w type="NN">voice</w> <w type="BEDZ">was</w> <w type="VBN">muffled</w> <w type="RB">again</w> <c type="pct">,</c> <w type="VBN">stricken</w> <w type="IN">with</w> <w type="NN">chagrin</w> <c type="pct">.</c> </s>
<s n="78"><w type="PPS">He</w> <w type="VBD">clutched</w> <w type="AT">the</w> <w type="NN">staff</w> <c type="pct">,</c> <w type="CC">and</w> <w type="PPg">his</w> <w type="JJ">dark</w> <w type="NNS">eyes</w> <w type="VBD">blinked</w> <w type="RB">apologetically</w> <c type="pct">.</c> </s>
</p>
<p><s n="79"><c type="pct">--</c> <w type="VB">'scuse</w> <w type="PPO">me</w> <c type="pct">,</c> <w type="NN">sir</w> <c type="pct">.</c> </s>
</p>
<p><s n="80"><c type="pct">--</c> <mw pos="VB PPO">Let's </mw><w type="VB">get</w> <w type="IN">out</w> <w type="IN">of</w> <w type="RB">here</w> <c type="pct">.</c> </s>
</p>
<p><s n="81"><w type="NP">Watson</w> <w type="VBD">ran</w> <w type="IN">up</w> <w type="AT">the</w> <w type="NN">ladder</w> <w type="CC">and</w> <w type="VBD">stood</w> <w type="IN">for</w> <w type="AT">a</w> <w type="OD">second</w> <w type="VBG">sucking</w> <w type="IN">in</w> <w type="AT">the</w> <w type="JJ">cool</w> <w type="NN">air</w> <w type="WPS">that</w> <w type="VBD">smelled</w> <w type="IN">of</w> <w type="NN">mud</w> <w type="CC">and</w> <w type="NN">river</w> <w type="NNS">weeds</w> <c type="pct">.</c> </s>
<s n="82"><w type="IN">To</w> <w type="PPg">his</w> <w type="NR">left</w> <c type="pct">,</c> <w type="AT">the</w> <w type="CD">two</w> <w type="NNS">skiffs</w> <w type="VBD">dented</w> <w type="PPg">their</w> <w type="JJ">sharp</w> <w type="NNS">bows</w> <w type="IN">into</w> <w type="AT">the</w> <w type="JJ">soft</w> <w type="NN">bank</w> <c type="pct">.</c> </s>
<s n="83"><w type="AT">The</w> <w type="JJ">flat-bottomed</w> <w type="NN">boat</w> <w type="VBD">swung</w> <w type="RB">slowly</w> <w type="IN">to</w> <w type="AT">the</w> <w type="NN">pull</w> <w type="IN">of</w> <w type="AT">the</w> <w type="NN">current</w> <c type="pct">.</c> </s>
<s n="84"><w type="AT">A</w> <w type="NN">soldier</w> <w type="VBD">held</w> <w type="AT">the</w> <w type="NN">end</w> <w type="IN">of</w> <w type="AT">a</w> <w type="VBN">frayed</w> <w type="NN">rope</w> <c type="pct">.</c> </s>
</p>
<p><s n="85"><w type="CD">Three</w> <w type="NN" subtype="TL">Union</w> <w type="NNS">guards</w> <w type="VBD">appeared</w> <c type="pct">,</c> <w type="VBG">carrying</w> <w type="PPg">their</w> <w type="NNS">rifles</w> <w type="IN">at</w> <w type="JJ">ready</w> <c type="pct">.</c> </s>
<s n="86"><w type="NP">Watson</w> <w type="VBD">stared</w> <w type="IN">at</w> <w type="PPO">them</w> <w type="RB">curiously</w> <c type="pct">.</c> </s>
<s n="87"><w type="PPSS">They</w> <w type="BED">were</w> <w type="JJ">stocky</w> <w type="NNS">men</w> <c type="pct">,</c> <w type="RB">well</w> <w type="VBN">fed</w> <w type="CC">and</w> <w type="JJ">clean-shaven</w> <c type="pct">,</c> <w type="IN">with</w> <w type="JJ">neat</w> <w type="NNS">uniforms</w> <w type="CC">and</w> <w type="JJ">sturdy</w> <w type="NNS">boots</w> <c type="pct">.</c> </s>
<s n="88"><w type="IN">Behind</w> <w type="PPO">them</w> <w type="VBN">shambled</w> <w type="AT">a</w> <w type="JJ">long</w> <w type="NN">column</w> <w type="IN">of</w> <w type="JJ">weak</w> <c type="pct">,</c> <w type="VBN">tattered</w> <w type="NNS">men</w> <c type="pct">.</c> </s>
<s n="89"><w type="AT">The</w> <w type="JJ">thin</w> <w type="JJ">gray</w> <w type="NNS">figures</w> <w type="VBD">raised</w> <w type="AT">a</w> <w type="JJ">hoarse</w> <c type="pct">,</c> <w type="VBG">cawing</w> <w type="NN">cry</w> <w type="CS">like</w> <w type="AT">the</w> <w type="NN">call</w> <w type="IN">of</w> <w type="AT">a</w> <w type="NN">bird</w> <w type="NN">flock</w> <c type="pct">.</c> </s>
<s n="90"><w type="PPSS">They</w> <w type="VBD">moved</w> <w type="IN">toward</w> <w type="AT">the</w> <w type="NNS">skiffs</w> <w type="IN">with</w> <w type="JJ">shocking</w> <w type="NN">eagerness</w> <c type="pct">,</c> <w type="VBG">elbowing</w> <w type="CC">and</w> <w type="VBG">shoving</w> <c type="pct">.</c> </s>
<s n="91"><w type="CD">Four</w> <w type="NNS">men</w> <w type="BED">were</w> <w type="VBN">knocked</w> <w type="RP">down</w> <c type="pct">,</c> <w type="CC">but</w> <w type="DOD">did</w> <w type="NEG">not</w> <w type="VB">attempt</w> <w type="TO">to</w> <w type="VB">rise</w> <c type="pct">.</c> </s>
<s n="92"><w type="PPSS">They</w> <w type="VBD">crept</w> <w type="IN">down</w> <w type="AT">the</w> <w type="JJ">muddy</w> <w type="NN">slope</w> <w type="IN">toward</w> <w type="AT">the</w> <w type="VBG">waiting</w> <w type="NNS">boats</w> <c type="pct">.</c> </s>
<s n="93"><w type="AT">The</w> <w type="NN" subtype="TL">Union</w> <w type="NNS">soldiers</w> <w type="VBD">grounded</w> <w type="NNS">arms</w> <w type="CC">and</w> <w type="VBD">settled</w> <w type="IN">into</w> <w type="JJ">healthy</w> <c type="pct">,</c> <w type="JJ">indifferent</w> <w type="NNS">postures</w> <w type="TO">to</w> <w type="VB">watch</w> <w type="AT">the</w> <w type="JJ">feeble</w> <w type="NN">boarding</w> <w type="IN">of</w> <w type="AT">the</w> <w type="NNS">skiffs</w> <c type="pct">.</c> </s>
<s n="94"><w type="AT">The</w> <w type="VBG">crawling</w> <w type="NNS">men</w> <w type="VBD">tried</w> <w type="TO">to</w> <w type="VB">rise</w> <w type="CC">and</w> <w type="VBD">fell</w> <w type="RB">again</w> <c type="pct">.</c> </s>
<s n="95"><w type="AT">No</w> <w type="PN">one</w> <w type="VBD">moved</w> <w type="IN">to</w> <w type="PPO">them</w> <c type="pct">.</c> </s>
<s n="96"><w type="NP">Watson</w> <w type="VBD">watched</w> <w type="CD">two</w> <w type="IN">of</w> <w type="PPO">them</w> <w type="VB">flounder</w> <w type="IN">into</w> <w type="AT">the</w> <w type="JJ">shallow</w> <w type="NN">water</w> <w type="CC">and</w> <w type="VBD">listened</w> <w type="IN">to</w> <w type="PPg">their</w> <w type="NNS">voices</w> <w type="VB">beg</w> <w type="RB">shrilly</w> <c type="pct">.</c> </s>
<s n="97"><w type="IN">In</w> <w type="AT">a</w> <w type="VBN">confused</w> <c type="pct">,</c> <w type="VBN">soaked</w> <w type="CC">and</w> <w type="VBG">stumbling</w> <w type="NN">shift</w> <w type="IN">of</w> <w type="NNS">bodies</w> <w type="CC">and</w> <w type="VBG">lifting</w> <w type="NNS">arms</w> <c type="pct">,</c> <w type="AT">the</w> <w type="CD">two</w> <w type="NNS">men</w> <w type="BED">were</w> <w type="VBN">dragged</w> <w type="IN">into</w> <w type="AT">the</w> <w type="AP">same</w> <w type="NN">skiff</w> <c type="pct">.</c> </s>
<s n="98"><w type="AT">The</w> <w type="OD">third</w> <w type="VBG">crawling</w> <w type="NN">man</w> <w type="VBD">forced</w> <w type="PPL">himself</w> <w type="JJ">erect</w> <c type="pct">.</c> </s>
<s n="99"><w type="PPS">He</w> <w type="VBD">swayed</w> <w type="CS">like</w> <w type="AT">a</w> <w type="NN">drunkard</w> <c type="pct">,</c> <w type="PPg">his</w> <w type="NNS">arms</w> <w type="VBG">milling</w> <w type="IN">in</w> <w type="JJ">slow</w> <w type="NNS">circles</w> <c type="pct">.</c> </s>
<s n="100"><w type="PPS">He</w> <w type="VBD">paced</w> <w type="RB">forward</w> <w type="RB">unsteadily</w> <c type="pct">,</c> <w type="VBG">leaning</w> <w type="QL">too</w> <w type="QL">far</w> <w type="RB">back</w> <c type="pct">,</c> <w type="PPg">his</w> <w type="NN">head</w> <w type="VBD">tilted</w> <w type="RB">oddly</w> <c type="pct">.</c> </s>
<s n="101"><w type="PPg">His</w> <w type="NNS">steps</w> <w type="BED">were</w> <w type="JJ">short</w> <w type="CC">and</w> <w type="JJ">stiff</w> <c type="pct">,</c> <w type="CC">and</w> <c type="pct">,</c> <w type="IN">with</w> <w type="PPg">his</w> <w type="NN">head</w> <w type="VBN">thrown</w> <w type="RB">back</w> <c type="pct">,</c> <w type="PPg">his</w> <w type="NN">progress</w> <w type="BEDZ">was</w> <w type="AT">a</w> <w type="JJ">supercilious</w> <w type="NN">strut</w> <c type="pct">.</c> </s>
<s n="102"><w type="PPS">He</w> <w type="VBD">appeared</w> <w type="TO">to</w> <w type="BE">be</w> <w type="VBG">peering</w> <w type="RB">haughtily</w> <w type="IN">down</w> <w type="PPg">his</w> <w type="NN">nose</w> <w type="IN">at</w> <w type="AT">the</w> <w type="VBN">crowded</w> <w type="CC">and</w> <w type="JJ">unclean</w> <w type="NN">vessel</w> <w type="DT">that</w> <w type="MD">would</w> <w type="VB">carry</w> <w type="PPO">him</w> <w type="IN">to</w> <w type="NN">freedom</w> <c type="pct">.</c> </s>
<s n="103"><w type="PPS">He</w> <w type="VBD">stalked</w> <w type="IN">into</w> <w type="AT">the</w> <w type="NN">water</w> <w type="CC">and</w> <w type="VBD">fell</w> <w type="RB">heavily</w> <w type="IN">over</w> <w type="AT">the</w> <w type="NN">side</w> <w type="IN">of</w> <w type="AT">the</w> <w type="JJ">flat-bottomed</w> <w type="NN">barge</w> <c type="pct">,</c> <w type="PPg">his</w> <w type="NN">weight</w> <w type="RB">nearly</w> <w type="VBG">swamping</w> <w type="AT">the</w> <w type="NN">craft</w> <c type="pct">.</c> </s>
<s n="104"><w type="NP">Watson</w> <w type="VBD">looked</w> <w type="IN">for</w> <w type="AT">the</w> <w type="OD">fourth</w> <w type="NN">man</w> <c type="pct">.</c> </s>
<s n="105"><w type="PPS">He</w> <w type="HVD">had</w> <w type="VBN">reached</w> <w type="AT">the</w> <w type="CD">three</w> <w type="JJ">passive</w> <w type="NNS">guards</w> <c type="pct">;</c> <c type="pct">;</c> </s>
<s n="106"><w type="PPS">he</w> <w type="VBD">crept</w> <w type="IN">in</w> <w type="AT">an</w> <w type="JJ">incertain</w> <w type="NN">manner</w> <c type="pct">,</c> <w type="VBG">patting</w> <w type="AT">the</w> <w type="NN">ground</w> <w type="IN">before</w> <w type="PPO">him</w> <c type="pct">.</c> </s>
<s n="107"><w type="AT">The</w> <w type="NNS">guards</w> <w type="DOD">did</w> <w type="NEG">not</w> <w type="VB">look</w> <w type="IN">at</w> <w type="PPO">him</w> <c type="pct">.</c> </s>
<s n="108"><w type="AT">The</w> <w type="NN">figure</w> <w type="IN">on</w> <w type="AT">the</w> <w type="NN">earth</w> <w type="VBD">halted</w> <c type="pct">,</c> <w type="RB">seemingly</w> <w type="VBN">bewildered</w> <c type="pct">.</c> </s>
<s n="109"><w type="PPS">He</w> <w type="VBD">sank</w> <w type="RB">back</w> <w type="IN">on</w> <w type="PPg">his</w> <w type="JJ">thin</w> <w type="NNS">haunches</w> <w type="CS">like</w> <w type="AT">a</w> <w type="JJ">weary</w> <w type="NN">hound</w> <c type="pct">.</c> </s>
<s n="110"><w type="RB">Then</w> <w type="PPS">he</w> <w type="VBD">began</w> <w type="TO">to</w> <w type="VB">crawl</w> <w type="RB">again</w> <c type="pct">.</c> </s>
<s n="111"><w type="NP">Watson</w> <w type="VBD">watched</w> <w type="AT">the</w> <w type="VBG">creeping</w> <w type="NN">figure</w> <c type="pct">.</c> </s>
<s n="112"><w type="PPS">He</w> <w type="VBD">felt</w> <w type="AT">a</w> <w type="NN">spectator</w> <w type="NN">interest</w> <c type="pct">.</c> </s>
<s n="113"><w type="MD">Would</w> <w type="AT">the</w> <w type="NN">man</w> <w type="VB">make</w> <w type="PPO">it</w> <w type="CC">or</w> <w type="NEG">not</w> <c type="pct">?</c> <c type="pct">?</c> </s>
<s n="114"><w type="CS">If</w> <w type="RB">only</w> <w type="EX">there</w> <w type="BEDZ">was</w> <w type="AT">a</w> <w type="NN">clock</w> <w type="IN">for</w> <w type="PPO">him</w> <w type="TO">to</w> <w type="VB">crawl</w> <w type="IN">against</w> <c type="pct">.</c> </s>
<s n="115"><w type="CS">If</w> <w type="PPS">he</w> <w type="VBD">failed</w> <w type="TO">to</w> <w type="VB">reach</w> <w type="AT">the</w> <w type="NN">riverbank</w> <w type="IN">in</w> <w type="CD">five</w> <w type="NNS">minutes</w> <c type="pct">,</c> <w type="VB">say</w> <c type="pct">,</c> <w type="RB">then</w> <w type="AT">the</w> <w type="NNS">skiffs</w> <w type="MD">would</w> <w type="VB">pull</w> <w type="RB">away</w> <w type="CC">and</w> <w type="VB">leave</w> <w type="PPO">him</w> <w type="VBG">groping</w> <w type="IN">in</w> <w type="AT">the</w> <w type="NN">mud</w> <c type="pct">.</c> </s>
<s n="116"><w type="VB">Say</w> <w type="CD">three</w> <w type="NNS">minutes</w> <w type="TO">to</w> <w type="VB">make</w> <w type="PPO">it</w> <w type="VBG">sporting</w> <c type="pct">.</c> </s>
<s n="117"><w type="RB">Still</w> <w type="AT">the</w> <w type="NNS">guards</w> <w type="DOD">did</w> <w type="NEG">not</w> <w type="VB">move</w> <c type="pct">,</c> <w type="CC">but</w> <w type="VBD">stood</w> <w type="JJ">inert</w> <c type="pct">,</c> <w type="JJ">aloof</w> <w type="IN">from</w> <w type="AT">the</w> <w type="JJ">slow-scrambling</w> <w type="NN">man</w> <c type="pct">.</c> </s>
<s n="118"><w type="AT">The</w> <w type="NN">figure</w> <w type="VBD">halted</w> <c type="pct">,</c> <w type="CC">and</w> <w type="NP">Watson</w> <w type="VBD">gasped</w> <c type="pct">.</c> </s>
<s n="119"><w type="AT">The</w> <w type="NN">man</w> <w type="VBD">began</w> <w type="TO">to</w> <w type="VB">creep</w> <w type="IN">in</w> <w type="AT">the</w> <w type="JJ">wrong</w> <w type="NN">direction</w> <c type="pct">,</c> <w type="VBN">deceived</w> <w type="IN">by</w> <w type="AT">a</w> <w type="JJ">slight</w> <w type="NN">rise</w> <w type="IN">in</w> <w type="AT">the</w> <w type="NN">ground</w> <c type="pct">!</c> <c type="pct">!</c> </s>
<s n="120"><w type="PPS">He</w> <w type="VBD">turned</w> <w type="RB">slowly</w> <w type="CC">and</w> <w type="VBD">began</w> <w type="TO">to</w> <w type="VB">crawl</w> <w type="RB">back</w> <w type="IN">up</w> <w type="AT">the</w> <w type="NN">bank</w> <w type="IN">toward</w> <w type="AT">the</w> <w type="NN">rampart</w> <c type="pct">.</c> </s>
<s n="121"><w type="NP">Watson</w> <w type="VBD">raced</w> <w type="IN">for</w> <w type="PPO">him</w> <c type="pct">,</c> <w type="PPg">his</w> <w type="NNS">boots</w> <w type="VBG">slamming</w> <w type="AT">the</w> <w type="JJ">soft</w> <w type="NN">earth</w> <c type="pct">.</c> </s>
</p>
<p><s n="122"><w type="AT">The</w> <w type="NNS">guards</w> <w type="VBD">came</w> <w type="IN">to</w> <w type="NN">life</w> <w type="IN">with</w> <w type="JJ">astonishing</w> <w type="NN">menace</w> <c type="pct">.</c> </s>
<s n="123"><w type="PPSS">They</w> <w type="VBD">spun</w> <w type="CC">and</w> <w type="VBD">flung</w> <w type="PPg">their</w> <w type="NNS">rifles</w> <w type="RP">up</w> <c type="pct">.</c> </s>
<s n="124"><w type="NP">Watson</w> <w type="VBD">gesticulated</w> <w type="RB">wildly</w> <c type="pct">.</c> </s>
<s n="125"><w type="CD">One</w> <w type="NN">man</w> <w type="VBD">dropped</w> <w type="IN">to</w> <w type="PPg">his</w> <w type="NN">knee</w> <w type="IN">for</w> <w type="JJR">better</w> <w type="NN">aim</w> <c type="pct">.</c> </s>
</p>
<p><s n="126"><c type="pct">--</c> <w type="VB">Let</w> <w type="PPO">me</w> <w type="VB">help</w> <w type="PPO">him</w> <c type="pct">,</c> <w type="IN">for</w> <w type="AT">the</w> <w type="NN">love</w> <w type="IN">of</w> <w type="NP">God</w> <c type="pct">!</c> <c type="pct">!</c> </s>
</p>
<p><s n="127"><w type="AT">The</w> <w type="NNS">guards</w> <w type="VBD">lowered</w> <w type="PPg">their</w> <w type="NNS">rifles</w> <w type="CC">and</w> <w type="PPg">their</w> <w type="NNS">rifles</w> <w type="CC">and</w> <w type="VBD">peered</w> <w type="IN">at</w> <w type="NP">Watson</w> <w type="IN">with</w> <w type="JJ">sullen</w> <c type="pct">,</c> <w type="VBN">puzzled</w> <w type="NNS">faces</w> <c type="pct">.</c> </s>
<s n="128"><w type="NP">Watson</w> <w type="VBD">pounded</w> <w type="IN">to</w> <w type="AT">the</w> <w type="VBG">crawling</w> <w type="NN">man</w> <w type="CC">and</w> <w type="VBD">stopped</w> <c type="pct">,</c> <w type="VBG">panting</w> <w type="RB">heavily</w> <c type="pct">.</c> </s>
<s n="129"><w type="PPS">He</w> <w type="VBD">reached</w> <w type="RP">down</w> <w type="CC">and</w> <w type="VBD">closed</w> <w type="PPg">his</w> <w type="NNS">fingers</w> <w type="IN">on</w> <w type="AT">the</w> <w type="NNg">man's</w> <w type="JJ">upper</w> <w type="NN">arm</w> <c type="pct">.</c> </s>
<s n="130"><w type="IN">Beneath</w> <w type="PPg">his</w> <w type="NN">clutch</w> <c type="pct">,</c> <w type="AT">a</w> <w type="JJ">flat</w> <w type="NN">strip</w> <w type="IN">of</w> <w type="NN">muscle</w> <w type="VBD">surged</w> <w type="IN">on</w> <w type="AT">the</w> <w type="NN">bone</w> <c type="pct">.</c> </s>
<s n="131"><w type="NP">Watson</w> <w type="VBD">bent</w> <w type="RB">awkwardly</w> <w type="CC">and</w> <w type="VBD">lifted</w> <w type="AT">the</w> <w type="NN">man</w> <w type="IN">to</w> <w type="PPg">his</w> <w type="NNS">feet</w> <c type="pct">.</c> </s>
<s n="132"><w type="NP">Watson</w> <w type="VBD">stared</w> <w type="IN">into</w> <w type="AT">a</w> <w type="JJ">cadaverous</w> <w type="NN">face</w> <c type="pct">.</c> </s>
<s n="133"><w type="CD">Two</w> <w type="VBN">clotted</w> <w type="NNS">balls</w> <w type="AT">the</w> <w type="NN">color</w> <w type="IN">of</w> <w type="NN">mucus</w> <w type="VBD">rolled</w> <w type="IN">between</w> <w type="JJ">fiery</w> <w type="NNS">lids</w> <c type="pct">.</c> </s>
<s n="134"><w type="JJ">Light</w> <w type="NNS">sticks</w> <w type="IN">of</w> <w type="NNS">fingers</w> <c type="pct">,</c> <w type="AT">the</w> <w type="NNS">tips</w> <w type="JJ">gummy</w> <w type="IN">with</w> <w type="JJ">dark</w> <w type="NN">earth</w> <c type="pct">,</c> <w type="VBD">patted</w> <w type="IN">at</w> <w type="NPg">Watson's</w> <w type="NN">throat</w> <c type="pct">.</c> </s>
<s n="135"><w type="AT">The</w> <w type="NNg">man's</w> <w type="NN">voice</w> <w type="BEDZ">was</w> <w type="AT">a</w> <w type="JJ">sweet</w> <c type="pct">,</c> <w type="JJ">patient</w> <w type="NN">whisper</w> <c type="pct">.</c> </s>
</p>
<p><s n="136"><c type="pct">--</c> <w type="NP">Henry</w> <w type="VBD">said</w> <w type="CS">that</w> <mw pos="PPS MD">he'd </mw><w type="VB">take</w> <w type="PPg">my</w> <w type="NN">arm</w> <w type="CC">and</w> <w type="VB">get</w> <w type="PPO">me</w> <w type="QL">right</w> <w type="RB">there</w> <c type="pct">.</c> </s>
<s n="137"><w type="CC">But</w> <w type="PPSS">you</w> <mw pos="BER *">ain't </mw><w type="NP">Henry</w> <c type="pct">.</c> </s>
</p>
<p><s n="138"><c type="pct">--</c> <w type="RB">no</w> <c type="pct">.</c> </s>
</p>
<p><s n="139"><c type="pct">--</c> <w type="PPS">It</w> <mw pos="DO *">don't </mw><w type="VB">matter</w> <c type="pct">.</c> </s>
<s n="140"><w type="BEZ">Is</w> <w type="PPS">it</w> <w type="RB">far</w> <c type="pct">?</c> <c type="pct">?</c> </s>
</p>
<p><s n="141"><w type="WRB">How</w> <w type="RB">far</w> <w type="MD">could</w> <w type="PPO">it</w> <w type="BE">be</w> <c type="pct">,</c> <w type="NP">Watson</w> <w type="VBD">thought</w> <w type="RB">bleakly</w> <c type="pct">,</c> <w type="WRB">how</w> <w type="RB">far</w> <w type="MD">can</w> <w type="AT">a</w> <w type="JJ">blind</w> <w type="NN">man</w> <w type="VB">crawl</w> <c type="pct">?</c> <c type="pct">?</c> </s>
<s n="142"><w type="DT">Another</w> <w type="NN">body</w> <w type="NN">length</w> <w type="CC">or</w> <w type="ABN">all</w> <w type="AT">the</w> <w type="NN">rest</w> <w type="IN">of</w> <w type="PPg">his</w> <w type="JJ">nighted</w> <w type="NN">life</w> <c type="pct">?</c> <c type="pct">?</c> </s>
</p>
<p><s n="143"><c type="pct">--</c> <w type="NEG">Not</w> <w type="RB">far</w> <c type="pct">.</c> </s>
</p>
<p><s n="144"><c type="pct">--</c> <w type="PPSS">You</w> <w type="VB">talk</w> <w type="RB">deep</w> <c type="pct">.</c> </s>
<s n="145"><w type="NEG">Not</w> <w type="CS">like</w> <w type="PPO">us</w> <w type="NNS">fellas</w> <c type="pct">.</c> </s>
<s n="146"><w type="PPS">It</w> <w type="VBZ">raises</w> <w type="AT">the</w> <w type="NN">voice</w> <c type="pct">,</c> <w type="BEG">bein</w> <w type="IN">in</w> <w type="NN">camp</w> <c type="pct">.</c> </s>
<s n="147"><w type="PPSS">You</w> <w type="NP">Secesh</w> <c type="pct">?</c> <c type="pct">?</c> </s>
</p>
<p><s n="148"><c type="pct">--</c> <w type="RB">yes</w> <c type="pct">.</c> </s>
<s n="149"><w type="VB">Come</w> <w type="IN">on</w> <c type="pct">,</c> <w type="RB">now</w> <c type="pct">.</c> </s>
<s n="150"><w type="MD">Can</w> <w type="PPSS">you</w> <w type="VB">walk</w> <c type="pct">?</c> <c type="pct">?</c> </s>
</p>
<p><s n="151"><c type="pct">--</c> <w type="WRB">Why</w> <c type="pct">,</c> <w type="NN">course</w> <w type="PPSS">I</w> <w type="MD">can</w> <c type="pct">.</c> </s>
<s n="152"><w type="PPSS">I</w> <w type="MD">can</w> <w type="VB">walk</w> <w type="QL">real</w> <w type="JJ">good</w> <c type="pct">.</c> </s>
</p>
<p><s n="153"><w type="NP">Watson</w> <w type="VBD">stumbled</w> <w type="IN">down</w> <w type="AT">the</w> <w type="NN">bank</w> <c type="pct">.</c> </s>
<s n="154"><w type="AT">The</w> <w type="NN">man</w> <w type="VBD">leaned</w> <w type="PPg">his</w> <w type="JJ">frail</w> <w type="NN">body</w> <w type="IN">against</w> <w type="NPg">Watson's</w> <w type="NN">shoulder</w> <c type="pct">.</c> </s>
<s n="155"><w type="PPS">He</w> <w type="BEDZ">was</w> <w type="AT">no</w> <w type="JJR">heavier</w> <w type="CS">than</w> <w type="AT">a</w> <w type="NN">child</w> <c type="pct">.</c> </s>
<s n="156"><w type="NP">Watson</w> <w type="VBD">paused</w> <w type="IN">for</w> <w type="NN">breath</w> <c type="pct">.</c> </s>
<s n="157"><w type="AT">The</w> <w type="NN">man</w> <w type="VBD">wheezed</w> <w type="RB">weakly</w> <c type="pct">,</c> <w type="PPg">his</w> <w type="JJ">fetid</w> <w type="NN">breath</w> <w type="VBG">beating</w> <w type="RB">softly</w> <w type="IN">against</w> <w type="NPg">Watson's</w> <w type="NN">neck</w> <c type="pct">.</c> </s>
<s n="158"><w type="PPg">His</w> <w type="JJ">sweet</w> <w type="NN">whisper</w> <w type="VBD">came</w> <w type="IN">after</w> <w type="JJ">great</w> <w type="NN">effort</w> <c type="pct">.</c> </s>
</p>
<p><s n="159"><c type="pct">--</c> <w type="UH">Oh</w> <c type="pct">,</c> <w type="UH">Christ</w> <c type="pct">.</c> </s>
<s n="160"><w type="PPSS">I</w> <w type="VB">wish</w> <w type="PPO">you</w> <w type="BEDZ">was</w> <w type="NP">Henry</w> <c type="pct">.</c> </s>
<s n="161"><w type="PPS">He</w> <w type="VBD">promised</w> <w type="TO">to</w> <w type="VB">take</w> <w type="PPO">me</w> <c type="pct">.</c> </s>
</p>
<p><s n="162"><c type="pct">--</c> <w type="UH">hush</w> <c type="pct">.</c> </s>
<s n="163"><mw pos="PPSS BER">We're </mw><w type="RB">almost</w> <w type="RB">there</w> <c type="pct">.</c> </s>
</p>
<p><s n="164"><w type="NP">Watson</w> <w type="VBD">supported</w> <w type="AT">the</w> <w type="NN">man</w> <w type="IN">to</w> <w type="AT">the</w> <w type="NN">edge</w> <w type="IN">of</w> <w type="AT">the</w> <w type="NN">bank</w> <w type="CC">and</w> <w type="VBD">passed</w> <w type="AT">the</w> <w type="JJ">frail</w> <w type="NN">figure</w> <w type="IN">over</w> <w type="AT">the</w> <w type="NN">bow</w> <w type="IN">of</w> <w type="AT">the</w> <w type="JJT">nearest</w> <w type="NN">skiff</w> <c type="pct">.</c> </s>
<s n="165"><w type="AT">The</w> <w type="NN">man</w> <w type="VBD">swayed</w> <w type="IN">on</w> <w type="AT">a</w> <w type="NN">thwart</w> <c type="pct">,</c> <w type="VBG">turning</w> <w type="PPg">his</w> <w type="VBN">ruined</w> <w type="NNS">eyes</w> <w type="IN">from</w> <w type="NN">side</w> <w type="IN">to</w> <w type="NN">side</w> <c type="pct">.</c> </s>
<s n="166"><w type="NP">Watson</w> <w type="VBD">turned</w> <w type="RB">away</w> <c type="pct">,</c> <w type="VBN">sickened</w> <w type="IN">for</w> <w type="AT">the</w> <w type="OD">first</w> <w type="NN">time</w> <w type="IN">in</w> <w type="AP">many</w> <w type="NNS">months</w> <c type="pct">.</c> </s>
<s n="167"><w type="PPS">He</w> <w type="VBD">heard</w> <w type="AT">the</w> <w type="JJ">patient</w> <w type="NN">voice</w> <w type="VBG">calling</w> <c type="pct">.</c> </s>
</p>
<p><s n="168"><c type="pct">--</c> <w type="NP">Henry</w> <c type="pct">?</c> <c type="pct">?</c> </s>
<s n="169"><w type="WRB">Where</w> <w type="BER">are</w> <w type="PPSS">you</w> <c type="pct">,</c> <w type="NP">Henry</w> <c type="pct">?</c> <c type="pct">?</c> </s>
</p>
<p><s n="170"><c type="pct">--</c> <w type="VB">Make</w> <w type="PPO">him</w> <w type="VB">lie</w> <w type="RP">down</w> <c type="pct">!</c> <c type="pct">!</c> </s>
</p>
<p><s n="171"><w type="NP">Watson</w> <w type="VBD">snatched</w> <w type="AT">a</w> <w type="JJ">deep</w> <w type="NN">breath</w> <c type="pct">.</c> </s>
<s n="172"><w type="PPS">He</w> <w type="HVD">had</w> <w type="NEG">not</w> <w type="VBN">meant</w> <w type="TO">to</w> <w type="VB">shout</w> <c type="pct">.</c> </s>
<s n="173"><w type="PPS">He</w> <w type="VBD">stood</w> <w type="IN">with</w> <w type="PPg">his</w> <w type="NN">back</w> <w type="IN">to</w> <w type="AT">the</w> <w type="NN">skiff</w> <c type="pct">.</c> </s>
<s n="174"><w type="AT">The</w> <w type="NNS">men</w> <w type="VBD">mewed</w> <w type="CC">and</w> <w type="VBD">scratched</w> <c type="pct">,</c> <w type="VBG">begging</w> <w type="TO">to</w> <w type="BE">be</w> <w type="VBN">taken</w> <w type="RB">away</w> <c type="pct">.</c> </s>
<s n="175"><w type="NP">Watson</w> <w type="VBD">spoke</w> <w type="RB">bewilderedly</w> <w type="IN">to</w> <w type="AT">the</w> <w type="JJ">dark</w> <w type="NN">night</w> <w type="VBN">flecked</w> <w type="IN">with</w> <w type="NN">pine-knot</w> <w type="NNS">torches</w> <c type="pct">.</c> </s>
</p>
<p><s n="176"><c type="pct">--</c> <w type="VB">Goddamn</w> <w type="PPO">you</w> <c type="pct">!</c> <c type="pct">!</c> </s>
<s n="177"><w type="WDT">What</w> <w type="DO">do</w> <w type="PPO">you</w> <w type="DO">do</w> <w type="IN">to</w> <w type="PPO">them</w> <c type="pct">?</c> <c type="pct">?</c> </s>
</p>
<p><s n="178"><w type="NN">Intelligence</w> <w type="VBD">jabbed</w> <w type="IN">at</w> <w type="PPO">him</w> <w type="RB">accusingly</w> <c type="pct">.</c> </s>
<s n="179"><w type="PPS">He</w> <w type="BEDZ">was</w> <w type="JJ">angry</w> <c type="pct">,</c> <w type="VBN">sickened</w> <c type="pct">.</c> </s>
<s n="180"><w type="PPS">He</w> <w type="HVD">had</w> <w type="NEG">not</w> <w type="VBN">felt</w> <w type="CS">that</w> <w type="IN">during</w> <w type="AT">the</w> <w type="NN">afternoon</w> <c type="pct">.</c> </s>
<s n="181"><w type="RB">No</w> <c type="pct">,</c> <w type="CC">nor</w> <w type="RBR">later</w> <c type="pct">.</c> </s>
<s n="182"><w type="ABN">All</w> <w type="PPg">his</w> <w type="NNS">emotions</w> <w type="HVD">had</w> <w type="BEN">been</w> <w type="RB">inward</w> <c type="pct">,</c> <w type="JJ">self-conscious</w> <c type="pct">.</c> </s>
<s n="183"><w type="IN">In</w> <w type="NN">war</w> <c type="pct">,</c> <w type="IN">on</w> <w type="AT">a</w> <w type="NN">night</w> <w type="CS">like</w> <w type="DT">this</w> <c type="pct">,</c> <w type="PPS">it</w> <w type="BEDZ">was</w> <w type="RB">only</w> <w type="AT">the</w> <w type="RB">outward</w> <w type="NNS">emotions</w> <w type="WPS">that</w> <w type="VBD">mattered</w> <c type="pct">,</c> <w type="WDT">what</w> <w type="MD">could</w> <w type="BE">be</w> <w type="VBN">flung</w> <w type="RP">out</w> <w type="IN">into</w> <w type="AT">the</w> <w type="NN">darkness</w> <w type="TO">to</w> <w type="VB">damage</w> <w type="NNS">others</w> <c type="pct">.</c> </s>
<s n="184"><w type="RB">Yes</w> <c type="pct">.</c> </s>
<s n="185"><w type="DT">That</w> <w type="BEDZ">was</w> <w type="PPS">it</w> <c type="pct">.</c> </s>
<s n="186"><w type="PPS">He</w> <w type="BEDZ">was</w> <w type="JJ">sure</w> <w type="IN">of</w> <w type="PPO">it</w> <c type="pct">.</c> </s>
</p>
<p><s n="187"><w type="NPg">John's</w> <w type="NN">type</w> <w type="IN">of</w> <w type="NN">man</w> <w type="VBD">allowed</w> <w type="DT">this</w> <w type="NN">sort</w> <w type="IN">of</w> <w type="NN">thing</w> <w type="TO">to</w> <w type="VB">happen</w> <c type="pct">.</c> </s>
<s n="188"><w type="WDT">What</w> <w type="AT">a</w> <w type="NN">fool</w> <w type="PPS">he</w> <w type="HVD">had</w> <w type="BEN">been</w> <w type="TO">to</w> <w type="VB">think</w> <w type="IN">of</w> <w type="PPg">his</w> <w type="NN">brother</w> <c type="pct">!</c> <c type="pct">!</c> </s>
<s n="189"><w type="RB">So</w> <w type="NP">Charles</w> <w type="BEDZ">was</w> <w type="JJ">dead</w> <c type="pct">.</c> </s>
<s n="190"><w type="WDT">What</w> <w type="DOD">did</w> <w type="PPS">it</w> <w type="VB">matter</w> <c type="pct">?</c> <c type="pct">?</c> </s>
<s n="191"><w type="PPg">His</w> <w type="NN">name</w> <w type="HVD">had</w> <w type="BEN">been</w> <w type="VBN">crossed</w> <w type="IN">off</w> <w type="AT">a</w> <w type="NN">list</w> <c type="pct">.</c> </s>
<s n="192"><w type="RB">Already</w> <w type="PPg">his</w> <w type="JJ">cool</w> <w type="NN">body</w> <w type="VBD">lay</w> <w type="IN">in</w> <w type="AT">the</w> <w type="NN">ground</w> <c type="pct">.</c> </s>
<s n="193"><w type="WDT">What</w> <w type="NNS">words</w> <w type="HVD">had</w> <w type="DTI">any</w> <w type="NN">meaning</w> <c type="pct">?</c> <c type="pct">?</c> </s>
<s n="194"><w type="WDT">What</w> <w type="HVD">had</w> <w type="PPS">he</w> <w type="VBN">thought</w> <w type="IN">of</w> <c type="pct">,</c> <w type="TO">to</w> <w type="VB">go</w> <w type="IN">to</w> <w type="NP">John</w> <c type="pct">,</c> <w type="VB">grovel</w> <w type="CC">and</w> <w type="VB">beg</w> <w type="NN">understanding</w> <c type="pct">?</c> <c type="pct">?</c> </s>
<s n="195"><w type="TO">To</w> <w type="VB">confess</w> <w type="IN">with</w> <w type="AT">a</w> <w type="NN">canvas</w> <w type="NN">chair</w> <w type="CS">as</w> <w type="AT">a</w> <w type="NN" subtype="FW">prie-dieu</w> <c type="pct">,</c> <w type="VBG">gouging</w> <w type="IN">at</w> <w type="PPg">his</w> <w type="NN">heart</w> <w type="CS">until</w> <w type="AT">a</w> <w type="JJ">rough</w> <w type="CC">and</w> <w type="JJ">stupid</w> <w type="NN">hand</w> <w type="VBD">bade</w> <w type="PPO">him</w> <w type="VB">rise</w> <w type="CC">and</w> <w type="VB">go</w> <c type="pct">?</c> <c type="pct">?</c> </s>
<s n="196"><w type="NNS">Men</w> <w type="BED">were</w> <w type="VBN">slaughtered</w> <w type="AT">every</w> <w type="NN">day</w> <c type="pct">,</c> <w type="VBN">tumbled</w> <w type="IN">into</w> <w type="NN">eternity</w> <w type="CS">like</w> <w type="QL">so</w> <w type="AP">many</w> <w type="VBN">torn</w> <w type="NNS">parcels</w> <w type="VBN">flung</w> <w type="IN">down</w> <w type="AT">a</w> <w type="JJ">portable</w> <w type="NN">chute</w> <c type="pct">.</c> </s>
<s n="197"><w type="WDT">What</w> <w type="VBD">made</w> <w type="PPO">him</w> <w type="VB">think</w> <w type="NP">John</w> <w type="HVD">had</w> <w type="AT">a</w> <w type="NN">right</w> <w type="TO">to</w> <w type="VB">witness</w> <w type="PPg">his</w> <w type="NNg">brother's</w> <w type="NN">humiliation</w> <c type="pct">?</c> <c type="pct">?</c> </s>
<s n="198"><w type="WDT">What</w> <w type="NN">right</w> <w type="HVD">had</w> <w type="NP">John</w> <w type="IN">to</w> <w type="DTI">any</w> <w type="JJ">special</w> <w type="NN">consideration</w> <c type="pct">?</c> <c type="pct">?</c> </s>
<s n="199"><w type="BEDZ">Was</w> <w type="NP">John</w> <w type="JJR">better</w> <c type="pct">,</c> <w type="QL">more</w> <w type="JJ">deserving</w> <c type="pct">?</c> <c type="pct">?</c> </s>
<s n="200"><w type="IN">To</w> <w type="NN">hell</w> <w type="IN">with</w> <w type="NP">John</w> <c type="pct">.</c> </s>
<s n="201"><w type="VB">Let</w> <w type="PPO">him</w> <w type="VB">chafe</w> <w type="IN">with</w> <w type="NN">impatience</w> <w type="TO">to</w> <w type="VB">see</w> <w type="NP">Charles</w> <c type="pct">,</c> <w type="VB">rip</w> <w type="JJ">open</w> <w type="AT">the</w> <w type="NN">note</w> <w type="IN">with</w> <w type="VBG">trembling</w> <w type="NNS">hands</w> <w type="CC">and</w> <w type="VB">read</w> <w type="AT">the</w> <w type="JJ">formal</w> <w type="NN">report</w> <w type="IN">in</w> <w type="NPg">Hillman's</w> <w type="JJ">beautiful</w> <c type="pct">,</c> <w type="NNg">schoolmaster's</w> <w type="NN">hand</w> <c type="pct">.</c> </s>
<s n="202"><w type="NP">John</w> <w type="MD">would</w> <w type="VB">curse</w> <c type="pct">.</c> </s>
<s n="203"><w type="PPS">He</w> <w type="VBD">believed</w> <w type="CS">that</w> <w type="JJ">brave</w> <w type="NNS">boys</w> <mw pos="DOD *">didn't </mw><w type="VB">cry</w> <c type="pct">.</c> </s>
</p>
<p><s n="204"><w type="NP">Watson</w> <w type="VBD">spat</w> <w type="IN">on</w> <w type="AT">the</w> <w type="NN">ground</w> <c type="pct">.</c> </s>
<s n="205"><w type="PPS">He</w> <w type="BEDZ">was</w> <w type="RB">grimly</w> <w type="VBN">satisfied</w> <c type="pct">.</c> </s>
<s n="206"><w type="PPS">He</w> <w type="HVD">had</w> <w type="RB">stupidly</w> <w type="VBN">thought</w> <w type="PPL">himself</w> <w type="VBN">compelled</w> <w type="IN">to</w> <w type="VB">ease</w> <w type="PPg">his</w> <w type="NNg">brother's</w> <w type="NN">pain</w> <c type="pct">.</c> </s>
<s n="207"><w type="RB">Now</w> <w type="PPS">he</w> <w type="VBD">knew</w> <w type="RB">perfectly</w> <w type="CS">that</w> <w type="PPS">he</w> <w type="HVD">had</w> <w type="IN">but</w> <w type="VBN">longed</w> <w type="TO">to</w> <w type="VB">increase</w> <w type="PPg">his</w> <w type="JJ">own</w> <w type="NN">suffering</w> <c type="pct">.</c> </s>
</p>
<p></p></body></text></TEI>
