<TEI xmlns="http://www.tei-c.org/ns/1.0"><teiHeader><fileDesc><titleStmt><title>Sample L03 from  Amber Dean, Encounter with Evil.
 Garden City, New York: Doubleday &amp; Co., Inc., 1961. 
 Pp. 48-54. </title></titleStmt><editionStmt><edition>A part  of the XML version of the Brown Corpus</edition></editionStmt><extent>2,016 words 665 (33.0%) quotes</extent><publicationStmt><idno>L03</idno><availability><p>Used by permission of Amber Dean. 0010-1700</p></availability></publicationStmt><sourceDesc><bibl> Amber Dean, Encounter with Evil.
 Garden City, New York: Doubleday &amp; Co., Inc., 1961. 
 Pp. 48-54. </bibl></sourceDesc></fileDesc><encodingDesc><p/></encodingDesc><revisionDesc><change when="2008-04-27">Header auto-generated for TEI version</change></revisionDesc></teiHeader>
<text xml:id="L03" decls="L">
<body><p><s n="1"><w type="AT">The</w> <w type="JJ">fat</w> <w type="NN">man</w> <w type="VBD">said</w> <c type="pct">,</c> <c type="pct">``</c> <w type="ABN">All</w> <w type="PPSS">we</w> <mw pos="VBN TO">gotta </mw><w type="DO">do</w> <w type="BEZ">is</w> <w type="VB">go</w> <w type="RB">around</w> <w type="AT">the</w> <w type="NN">corner</w> <c type="pct">''</c> <c type="pct">.</c> </s>
</p>
<p><s n="2"><w type="AT">The</w> <w type="NN">gun</w> <w type="VBD">moved</w> <c type="pct">.</c> </s>
<s n="3"><w type="AT">The</w> <w type="JJ">thin</w> <w type="NN">man</w> <w type="VBD">said</w> <c type="pct">,</c> <c type="pct">``</c> <w type="RB">That-a-way</w> <c type="pct">''</c> <c type="pct">.</c> </s>
</p>
<p><s n="4"><c type="pct">``</c> <c type="pct">--</c> <w type="OD">second</w> <w type="NN">building</w> <w type="IN">on</w> <w type="AT">the</w> <w type="NR">right</w> <c type="pct">''</c> <c type="pct">.</c> </s>
</p>
<p><s n="5"><c type="pct">``</c> <c type="pct">--</c> <w type="PPS">it</w> <w type="VBZ">says</w> <w type="NN">police</w> <w type="QL">right</w> <w type="IN">on</w> <w type="AT">the</w> <w type="NN">door</w> <c type="pct">''</c> <c type="pct">.</c> </s>
</p>
<p><s n="6"><c type="pct">``</c> <c type="pct">--</c> <w type="RB">so</w> <w type="RB">even</w> <w type="CS">if</w> <w type="PPSS">we</w> <w type="BEDZ">was</w> <w type="QL">as</w> <w type="JJ">dumb</w> <w type="CS">as</w> <w type="PPSS">you</w> <w type="VB">take</w> <w type="PPO">us</w> <w type="IN">for</w> <c type="pct">,</c> <w type="PPSS">we</w> <w type="MD">could</w> <w type="RB">still</w> <w type="VB">find</w> <w type="PPO">it</w> <c type="pct">''</c> <c type="pct">.</c> </s>
</p>
<p><s n="7"><w type="NP">Roberta</w> <w type="CC">and</w> <w type="NP">Dave</w> <w type="VBD">began</w> <w type="TO">to</w> <w type="VB">back</w> <w type="IN">toward</w> <w type="AT">the</w> <w type="NN">door</w> <c type="pct">.</c> </s>
<s n="8"><w type="AT">The</w> <w type="JJ">thin</w> <w type="NN">man</w> <w type="VBD">waved</w> <w type="AT">the</w> <w type="NN">gun</w> <w type="RB">again</w> <c type="pct">.</c> </s>
<s n="9"><w type="PPS">He</w> <w type="VBD">said</w> <c type="pct">,</c> <c type="pct">``</c> <w type="QL">Right</w> <w type="IN">around</w> <w type="AT">the</w> <w type="NN">corner</w> <c type="pct">''</c> <c type="pct">.</c> </s>
</p>
<p><s n="10"><c type="pct">``</c> <w type="PPS">It</w> <w type="VBZ">says</w> <w type="NN">water</w> <w type="NNS">works</w> <c type="pct">,</c> <w type="CC">but</w> <w type="EX">there</w> <w type="BEZ">is</w> <w type="AT">a</w> <w type="NN">policeman</w> <w type="IN">on</w> <w type="NN">duty</w> <c type="pct">,</c> <w type="RB">too</w> <c type="pct">''</c> <c type="pct">.</c> </s>
</p>
<p><s n="11"><c type="pct">``</c> <w type="AT">A</w> <w type="NN">night</w> <w type="NN">policeman</w> <w type="RB">just</w> <w type="CS">like</w> <w type="IN">in</w> <w type="AT">the</w> <w type="NNS" subtype="TL">States</w> <c type="pct">.</c> </s>
<s n="12"><w type="PPSS">You</w> <w type="VB">know</w> <c type="pct">''</c> <c type="pct">?</c> <c type="pct">?</c> </s>
</p>
<p><s n="13"><c type="pct">``</c> <w type="NP">Canada</w> <mw pos="DOZ *">doesn't </mw><w type="HV">have</w> <w type="AP">much</w> <w type="IN">of</w> <w type="DT">this</w> <w type="RB">here</w> <w type="NN">juvenile</w> <w type="NN">delinquency</w> <w type="NN">problem</w> <c type="pct">,</c> <w type="CC">but</w> <w type="PPSS">we</w> <w type="VB">keep</w> <w type="AT">a</w> <w type="NN">night</w> <w type="NN">policeman</w> <w type="ABN">all</w> <w type="AT">the</w> <w type="AP">same</w> <w type="IN">on</w> <w type="NN">account</w> <w type="IN">of</w> <w type="AT">the</w> <w type="JJ">crazy</w> <w type="NNS">tourists</w> <c type="pct">''</c> <c type="pct">.</c> </s>
</p>
<p><s n="14"><w type="IN">At</w> <w type="AT">the</w> <w type="NN">door</w> <c type="pct">,</c> <w type="NP">Dave</w> <w type="VBD">paused</w> <w type="TO">to</w> <w type="VB">feel</w> <w type="IN">for</w> <w type="AT">the</w> <w type="NN">latch</w> <c type="pct">.</c> </s>
<s n="15"><w type="NP">Roberta</w> <w type="VBD">glanced</w> <w type="RP">up</w> <w type="IN">at</w> <w type="PPg">her</w> <w type="NN">husband</w> <c type="pct">.</c> </s>
<s n="16"><w type="PPS">He</w> <w type="BEDZ">was</w> <w type="VBG">going</w> <w type="TO">to</w> <w type="BE">be</w> <w type="JJ">sensible</w> <w type="CC">and</w> <w type="NEG">not</w> <w type="VB">try</w> <w type="TO">to</w> <w type="DO">do</w> <w type="PN">anything</w> <w type="JJ">rash</w> <w type="IN">with</w> <w type="DT">that</w> <w type="NN">gun</w> <w type="VBD">pointed</w> <w type="IN">at</w> <w type="PPO">him</w> <c type="pct">.</c> </s>
<s n="17"><w type="PPS">She</w> <w type="VBD">measured</w> <w type="AT">the</w> <w type="NN">distance</w> <w type="IN">from</w> <w type="WRB">where</w> <w type="PPSS">they</w> <w type="VBD">stood</w> <w type="IN">to</w> <w type="AT">the</w> <w type="NNS">men</w> <w type="CC">and</w> <w type="AT">the</w> <w type="NN">gun</w> <c type="pct">,</c> <w type="VBD">measured</w> <w type="AT">the</w> <w type="NN">distance</w> <w type="IN">from</w> <w type="AT">the</w> <w type="NNS">men</w> <w type="IN">to</w> <w type="AT">the</w> <w type="NN">back</w> <w type="NN">room</w> <c type="pct">.</c> </s>
<s n="18"><w type="PPS">She</w> <w type="VBD">decided</w> <w type="TO">to</w> <w type="VB">risk</w> <w type="PPO">it</w> <c type="pct">.</c> </s>
<s n="19"><w type="EX">There</w> <w type="BEDZ">was</w> <w type="PN">something</w> <w type="JJ">phony</w> <w type="IN">about</w> <w type="ABN">all</w> <w type="DT">this</w> <w type="NN">gun</w> <w type="NN">waving</w> <c type="pct">--</c> <w type="PN">something</w> <w type="NEG">not</w> <w type="QL">quite</w> <w type="WDT">what</w> <w type="PPS">it</w> <w type="VBD">seemed</w> <w type="IN">in</w> <w type="AT">the</w> <w type="VBN">detailed</w> <w type="NNS">directions</w> <w type="IN">for</w> <w type="VBG">finding</w> <w type="AT">the</w> <w type="NN">police</w> <c type="pct">.</c> </s>
</p>
<p><s n="20"><w type="NP">Dave</w> <w type="HVD">had</w> <w type="AT">the</w> <w type="NN">latch</w> <w type="IN">under</w> <w type="PPg">his</w> <w type="NN">thumb</w> <w type="RB">now</w> <w type="CC">and</w> <w type="PPS">he</w> <w type="VBD">removed</w> <w type="PPg">his</w> <w type="NN">arm</w> <w type="IN">from</w> <w type="PPg">his</w> <w type="NN">wife</w> <w type="IN">in</w> <w type="NN">order</w> <w type="TO">to</w> <w type="VB">pull</w> <w type="AT">the</w> <w type="NN">door</w> <w type="JJ">open</w> <c type="pct">.</c> </s>
<s n="21"><w type="IN">In</w> <w type="AT">a</w> <w type="NN">flash</w> <w type="PPS">she</w> <w type="BEDZ">was</w> <w type="RB">away</w> <w type="IN">to</w> <w type="AT">the</w> <w type="NN">back</w> <c type="pct">,</c> <w type="VBG">paying</w> <w type="AT">no</w> <w type="NN">attention</w> <w type="IN">to</w> <w type="CD">three</w> <w type="JJ">angry</w> <w type="NNS">shouts</w> <w type="IN">from</w> <w type="AT">the</w> <w type="NN">male</w> <w type="NNS">throats</w> <c type="pct">.</c> </s>
<s n="22"><w type="PPS">She</w> <w type="VBD">tore</w> <w type="JJ">open</w> <w type="AT">the</w> <w type="NN">back</w> <w type="NN">door</w> <c type="pct">.</c> </s>
<s n="23"><w type="PPS">It</w> <w type="BEDZ">was</w> <w type="JJ">dark</w> <w type="RB">inside</w> <w type="AT">the</w> <w type="NN">room</w> <w type="CC">but</w> <w type="AP">enough</w> <w type="NN">light</w> <w type="VBD">spilled</w> <w type="IN">from</w> <w type="AT">the</w> <w type="NN">restaurant</w> <w type="IN">behind</w> <w type="PPO">her</w> <w type="TO">to</w> <w type="VB">enable</w> <w type="PPO">her</w> <w type="TO">to</w> <w type="VB">make</w> <w type="RP">out</w> <w type="AT">a</w> <w type="JJ">round</w> <w type="NN">table</w> <w type="IN">with</w> <w type="AT">a</w> <w type="JJ">green</w> <w type="NN">cloth</w> <w type="NN">top</w> <c type="pct">.</c> </s>
<s n="24"><w type="EX">There</w> <w type="BEDZ">was</w> <w type="AT">a</w> <w type="JJ">small</w> <w type="NN">sideboard</w> <w type="IN">with</w> <w type="DTI">some</w> <w type="JJ">empty</w> <w type="NN">beer</w> <w type="NNS">bottles</w> <w type="IN">on</w> <w type="PPO">it</w> <w type="CC">and</w> <w type="RB">perhaps</w> <w type="CD">fifteen</w> <w type="JJ">wooden</w> <w type="NNS">chairs</w> <c type="pct">.</c> </s>
</p>
<p><s n="25"><w type="RB">Slowly</w> <w type="PPS">she</w> <w type="VBD">turned</w> <w type="TO">to</w> <w type="VB">face</w> <w type="AT">the</w> <w type="NNS">men</w> <w type="RB">again</w> <c type="pct">.</c> </s>
<s n="26"><w type="NP">Rat-face</w> <w type="IN">at</w> <w type="AT">the</w> <w type="NN">counter</w> <w type="BEDZ">was</w> <w type="IN">on</w> <w type="PPg">his</w> <w type="NNS">feet</w> <c type="pct">.</c> </s>
<s n="27"><w type="AT">The</w> <w type="NN">distance</w> <w type="IN">between</w> <w type="WRB">where</w> <w type="PPS">she</w> <w type="VBD">stood</w> <w type="CC">and</w> <w type="WRB">where</w> <w type="NP">Dave</w> <w type="VBD">waited</w> <w type="IN">at</w> <w type="AT">the</w> <w type="JJ">outside</w> <w type="NN">door</w> <w type="BEDZ">was</w> <w type="AT">a</w> <w type="CD">hundred</w> <w type="NNS">miles</w> <c type="pct">.</c> </s>
<s n="28"><w type="VBG">Keeping</w> <w type="PPg">her</w> <w type="VBN">frightened</w> <w type="NN">gaze</w> <w type="IN">on</w> <w type="AT">the</w> <w type="NNS">men</w> <w type="IN">at</w> <w type="AT">the</w> <w type="NN">counter</w> <c type="pct">,</c> <w type="PPS">she</w> <w type="VBD">began</w> <w type="TO">to</w> <w type="VB">feel</w> <w type="PPg">her</w> <w type="NN">way</w> <w type="IN">to</w> <w type="AT">the</w> <w type="NN">door</w> <c type="pct">.</c> </s>
<s n="29"><w type="PPS">She</w> <w type="VBD">sidled</w> <w type="IN">along</w> <w type="AT">the</w> <w type="NNS">booths</w> <w type="CD">one</w> <w type="NN">step</w> <w type="IN">at</w> <w type="AT">a</w> <w type="NN">time</w> <c type="pct">.</c> </s>
<s n="30"><w type="AT">The</w> <w type="NN">gun</w> <w type="VBD">followed</w> <w type="PPO">her</w> <c type="pct">.</c> </s>
</p>
<p><s n="31"><w type="CS">As</w> <w type="PPS">she</w> <w type="VBD">reached</w> <w type="NP">Dave</w> <w type="CC">and</w> <w type="VBD">felt</w> <w type="PPg">his</w> <w type="NN">arm</w> <w type="VB">go</w> <w type="IN">around</w> <w type="PPO">her</w> <c type="pct">,</c> <w type="VBD">felt</w> <w type="PPO">him</w> <w type="VB">pull</w> <w type="PPO">her</w> <w type="IN">to</w> <w type="AT">the</w> <w type="NN">safety</w> <w type="IN">of</w> <w type="PPg">his</w> <w type="NN">person</w> <c type="pct">,</c> <w type="PPS">she</w> <w type="VBD">knew</w> <w type="IN">with</w> <w type="AT">the</w> <w type="NN">certainty</w> <w type="IN">of</w> <w type="NN">despair</w> <w type="CS">that</w> <w type="PN">something</w> <w type="JJ">bad</w> <w type="HVD">had</w> <w type="VBN">happened</w> <w type="IN">to</w> <w type="NP">Lauren</w> <c type="pct">.</c> </s>
</p>
<p><s n="32"><w type="AT">The</w> <w type="CD">two</w> <w type="NNS">men</w> <w type="VBD">watched</w> <w type="CS">as</w> <w type="NP">Dave</w> <w type="VBD">closed</w> <w type="AT">the</w> <w type="NN">door</w> <w type="IN">behind</w> <w type="PPO">them</w> <c type="pct">,</c> <w type="VBD">watched</w> <w type="PPO">them</w> <w type="VB">cross</w> <w type="AT">the</w> <w type="NN">sidewalk</w> <w type="IN">to</w> <w type="PPg">their</w> <w type="NN">car</w> <c type="pct">.</c> </s>
<s n="33"><w type="PPS">It</w> <w type="BEDZ">was</w> <w type="VBG">getting</w> <w type="JJ">light</w> <c type="pct">.</c> </s>
<s n="34"><w type="AT">The</w> <w type="JJ">fat</w> <w type="NN">man</w> <w type="VBD">removed</w> <w type="PPg">his</w> <w type="NN">apron</w> <c type="pct">,</c> <w type="VBD">put</w> <w type="IN">on</w> <w type="AT">a</w> <w type="JJ">greasy</w> <w type="CC">and</w> <w type="VBN">wrinkled</w> <w type="NN">jacket</w> <c type="pct">,</c> <w type="CC">and</w> <w type="VBD">zipped</w> <w type="PPO">it</w> <w type="IN">over</w> <w type="PPg">his</w> <w type="NN">paunch</w> <c type="pct">.</c> </s>
</p>
<p><s n="35"><w type="AT">The</w> <w type="JJ">thin</w> <w type="NN">man</w> <w type="VBD">moved</w> <w type="RB">swiftly</w> <w type="IN">to</w> <w type="AT">the</w> <w type="NN">phone</w> <w type="CC">and</w> <w type="VBD">dialed</w> <w type="AT">a</w> <w type="NN">number</w> <c type="pct">.</c> </s>
<s n="36"><w type="WRB">When</w> <w type="PPS">he</w> <w type="BEDZ">was</w> <w type="VBN">answered</w> <c type="pct">,</c> <w type="PPS">he</w> <w type="VBD">said</w> <c type="pct">,</c> <c type="pct">``</c> <w type="NP">Albert</w> <c type="pct">?</c> <c type="pct">?</c> </s>
<s n="37"><w type="NP">Vince</w> <c type="pct">.</c> </s>
<s n="38"><mw pos="PPSS BEM">I'm </mw><w type="VBG">sending</w> <w type="PPO">you</w> <w type="AT">a</w> <w type="NN">couple</w> <w type="IN">of</w> <w type="NNS">customers</w> <c type="pct">--</c> <w type="RB">yeah</w> <c type="pct">--</c> <w type="RB">just</w> <w type="VB">get</w> <w type="PPO">them</w> <w type="IN">out</w> <w type="IN">of</w> <w type="PPg">my</w> <w type="NN">hair</w> <w type="CC">and</w> <w type="VB">keep</w> <w type="PPO">them</w> <w type="RP">out</w> <c type="pct">--</c> <w type="PPSS">I</w> <mw pos="DO *">don't </mw><w type="VB">give</w> <w type="AT">a</w> <w type="UH">damn</w> <w type="WDT">what</w> <w type="PPSS">you</w> <w type="VB">tell</w> <w type="PPO">them</w> <c type="pct">--</c> <w type="RB">only</w> <mw pos="DO *">don't </mw><w type="VB">believe</w> <w type="AT">a</w> <w type="NN">word</w> <w type="PPSS">they</w> <w type="VB">say</w> <c type="pct">--</c> <mw pos="PPSS BER">they're </mw><w type="RP">out</w> <w type="TO">to</w> <w type="VB">make</w> <w type="NN">trouble</w> <w type="IN">for</w> <w type="PPO">me</w> <w type="CC">and</w> <w type="PPS">it</w> <w type="BEZ">is</w> <w type="IN">up</w> <w type="IN">to</w> <w type="PPO">you</w> <w type="TO">to</w> <w type="VB">stop</w> <w type="PPO">them</w> <c type="pct">--</c> <w type="PPSS">I</w> <mw pos="DO *">don't </mw><w type="VB">care</w> <w type="WRB">how</w> <c type="pct">--</c> <w type="CC">and</w> <w type="CD">one</w> <w type="AP">more</w> <w type="NN">thing</w> <c type="pct">--</c> <w type="NPg" subtype="TL">Cate's</w> <w type="NN" subtype="TL">Cafe</w> <w type="VBD">closed</w> <w type="IN">at</w> <w type="CD">eleven</w> <w type="CS">like</w> <w type="RB">always</w> <w type="AP">last</w> <w type="NN">night</w> <w type="CC">and</w> <w type="NP">Rose</w> <w type="CC">and</w> <w type="NP">Clarence</w> <w type="NP">Corsi</w> <w type="VBD">left</w> <w type="IN">for</w> <w type="NP">Quebec</w> <w type="NR">yesterday</w> <c type="pct">--</c> <w type="DTI">some</w> <w type="NN">shrine</w> <w type="CC">or</w> <w type="AP">other</w> <c type="pct">--</c> <w type="PPSS">I</w> <w type="VB">think</w> <w type="PPS">it</w> <w type="BEDZ">was</w> <w type="VBN">called</w> <w type="NN" subtype="TL">Saint</w> <w type="NPg" subtype="TL">Simon's</w> <c type="pct">--</c> <w type="RB">yeah</w> <c type="pct">,</c> <w type="NR">yesterday</w> <c type="pct">.</c> </s>
<s n="39"><w type="VBN">Got</w> <w type="PPO">it</w> <c type="pct">''</c> <c type="pct">?</c> <c type="pct">?</c> </s>
</p>
<p><s n="40"><w type="PPS">He</w> <w type="VBD">turned</w> <w type="IN">from</w> <w type="AT">the</w> <w type="NN">phone</w> <w type="CC">and</w> <w type="VBD">strode</w> <w type="IN">to</w> <w type="AT">the</w> <w type="NN">front</w> <w type="IN">of</w> <w type="AT">the</w> <w type="NN">restaurant</w> <c type="pct">.</c> </s>
<s n="41"><w type="AT">The</w> <w type="JJ">white</w> <w type="NP">Buick</w> <mw pos="HVD *">hadn't </mw><w type="VBN">moved</w> <w type="RB">away</w> <w type="RB">yet</w> <c type="pct">.</c> </s>
<s n="42"><w type="JJ">Good</w> <c type="pct">.</c> </s>
<s n="43"><w type="AT">A</w> <w type="NN">line</w> <w type="IN">of</w> <w type="NN">worry</w> <w type="VBD">formed</w> <c type="pct">,</c> <w type="AT">a</w> <w type="NN">twitch</w> <w type="VBD">pulled</w> <w type="PPg">his</w> <w type="NN">mouth</w> <w type="RP">over</w> <w type="IN">to</w> <w type="CD">one</w> <w type="NN">side</w> <c type="pct">.</c> </s>
</p>
<p><s n="44"><w type="PPS">He</w> <w type="VBD">said</w> <c type="pct">,</c> <c type="pct">``</c> <w type="NP">Grosse</w> <c type="pct">?</c> <c type="pct">?</c> </s>
<s n="45"><w type="PPSS">You</w> <mw pos="BER *">ain't </mw><w type="VBG">kidding</w> <w type="PPO">me</w> <c type="pct">--</c> <w type="AT">the</w> <w type="NN">kid</w> <mw pos="DO *">don't </mw><w type="VB">know</w> <w type="AT">the</w> <w type="NN">name</w> <w type="IN">of</w> <w type="DT">this</w> <w type="NN">town</w> <c type="pct">''</c> <c type="pct">?</c> <c type="pct">?</c> </s>
</p>
<p><s n="46"><c type="pct">``</c> <w type="PPSS">I</w> <mw pos="BEM *">ain't </mw><w type="VBG">kidding</w> <w type="PPO">you</w> <c type="pct">,</c> <w type="NP">Vince</w> <c type="pct">.</c> </s>
<s n="47"><w type="WRB">How</w> <w type="MD">could</w> <w type="PPS">she</w> <c type="pct">?</c> <c type="pct">?</c> </s>
<s n="48"><w type="PPS">She</w> <mw pos="MD HV">musta </mw><w type="BEN">been</w> <w type="VBG">walking</w> <w type="IN">in</w> <w type="PPg">her</w> <w type="NN">sleep</w> <c type="pct">--</c> <w type="PPSS">you</w> <w type="VBN">seen</w> <w type="PPO">her</w> <w type="PPL">yourself</w> <w type="IN">in</w> <w type="RB">here</w> <c type="pct">''</c> <c type="pct">.</c> </s>
</p>
<p><s n="49"><c type="pct">``</c> <mw pos="WRB DO">Howda </mw><w type="PPSS">I</w> <w type="VB">know</w> <c type="pct">''</c> <c type="pct">?</c> <c type="pct">?</c> </s>
</p>
<p><s n="50"><c type="pct">``</c> <w type="VB">Remember</w> <w type="WRB">how</w> <w type="PPS">she</w> <w type="VBD">looked</w> <w type="WRB">when</w> <w type="NP">Barney</w> <w type="VBD">held</w> <w type="AT">the</w> <w type="NN">door</w> <w type="IN">for</w> <w type="PPO">her</w> <c type="pct">?</c> <c type="pct">?</c> </s>
<s n="51"><w type="RB">Kinda</w> <w type="CS">like</w> <w type="AT">a</w> <w type="NN">zombie</w> <c type="pct">?</c> <c type="pct">?</c> </s>
<s n="52"><w type="PPS">She</w> <w type="BEDZ">was</w> <w type="RB">just</w> <w type="VBG">waking</w> <w type="RP">up</w> <w type="WRB">when</w> <w type="PPSS">we</w> <w type="VBD">found</w> <w type="PPO">her</w> <w type="IN">at</w> <w type="AT">the</w> <w type="NN">garage</w> <c type="pct">''</c> <c type="pct">.</c> </s>
</p>
<p><s n="53"><w type="NP">Vince</w> <w type="VBD">swore</w> <c type="pct">.</c> </s>
<s n="54"><c type="pct">``</c> <w type="JJ">Stupid</w> <w type="NNS">fools</w> <c type="pct">--</c> <mw pos="HV *">ain't </mw><w type="VBN">got</w> <w type="AP">enough</w> <w type="NNS">brains</w> <w type="IN">between</w> <w type="AT">the</w> <w type="CD">two</w> <w type="IN">of</w> <w type="PPO">you</w> <c type="pct">''</c> <c type="pct">--</c> </s>
</p>
<p><s n="55"><w type="NP">Grosse</w> <w type="VBD">muttered</w> <c type="pct">,</c> <w type="PPg">his</w> <w type="NN">head</w> <w type="RP">down</w> <c type="pct">,</c> <w type="CD">one</w> <w type="NN">hand</w> <w type="VBG">playing</w> <w type="IN">with</w> <w type="AT">the</w> <w type="NN">zipper</w> <w type="IN">on</w> <w type="PPg">his</w> <w type="NN">jacket</w> <c type="pct">.</c> </s>
<s n="56"><c type="pct">``</c> <c type="pct">--</c> <w type="HVD">had</w> <w type="AP">enough</w> <w type="NNS">brains</w> <w type="TO">to</w> <w type="VB">call</w> <w type="PPO">ya</w> <w type="RP">up</w> <w type="RB">so</w> <w type="CS">as</w> <w type="PPSS">ya</w> <w type="MD">could</w> <w type="DO">do</w> <w type="PN">sompin</w> <w type="IN">about</w> <w type="PPO">it</w> <w type="WRB">when</w> <w type="AT">the</w> <w type="NNS">parents</w> <c type="pct">--</c> <w type="PPSS">I</w> <mw pos="MD HV">coulda </mw><w type="VB">let</w> <w type="PPg">her</w> <w type="VB">go</w> <w type="VB">go</w> <c type="pct">''</c> <c type="pct">--</c> <w type="PPg">His</w> <w type="NNS">eyes</w> <w type="BED">were</w> <w type="VBN">lowered</w> <c type="pct">,</c> <w type="CS">so</w> <w type="PPS">he</w> <mw pos="MD *">couldn't </mw><w type="HV">have</w> <w type="VBN">seen</w> <w type="AT">the</w> <w type="JJ">narrow</w> <c type="pct">,</c> <w type="VBN">pointed</w> <w type="NN">face</w> <w type="IN">of</w> <w type="PPg">his</w> <w type="NN">companion</w> <w type="RB">suddenly</w> <w type="VB">writhe</w> <w type="IN">with</w> <w type="NN">fury</w> <c type="pct">;</c> <c type="pct">;</c> </s>
<s n="57"><w type="CC">but</w> <w type="PPS">he</w> <w type="BEDZ">was</w> <w type="JJ">aware</w> <w type="IN">of</w> <w type="PPO">it</w> <w type="RB">just</w> <w type="AT">the</w> <w type="AP">same</w> <c type="pct">.</c> </s>
<s n="58"><w type="PPS">He</w> <w type="VBD">knew</w> <w type="NP">Vince</w> <w type="NP">Steiner</w> <w type="BEDZ">was</w> <w type="CD">one</w> <w type="IN">of</w> <w type="DTS">those</w> <w type="NNS">men</w> <w type="WPS">who</w> <w type="HVD">had</w> <w type="TO">to</w> <w type="VB">work</w> <w type="RP">up</w> <w type="AT">a</w> <w type="NN">fury</w> <w type="RB">once</w> <w type="IN">in</w> <w type="AT">a</w> <w type="NN">while</w> <w type="RB">just</w> <w type="TO">to</w> <w type="VB">prove</w> <w type="WRB">how</w> <w type="JJ">dangerous</w> <w type="PPS">he</w> <w type="MD">could</w> <w type="BE">be</w> <c type="pct">.</c> </s>
</p>
<p><s n="59"><w type="IN">With</w> <w type="AT">a</w> <w type="NN">curse</w> <c type="pct">,</c> <w type="NP">Vince</w> <w type="VBD">seized</w> <w type="AT">the</w> <w type="NN">thing</w> <w type="RBT">nearest</w> <c type="pct">,</c> <w type="AT">a</w> <w type="NN">glass</w> <w type="NN">sugar</w> <w type="NN">container</w> <w type="IN">with</w> <w type="AT">a</w> <w type="VBN">spouted</w> <w type="NN">metal</w> <w type="NN">top</w> <c type="pct">,</c> <w type="CC">and</w> <w type="VBD">threw</w> <w type="PPO">it</w> <w type="IN">against</w> <w type="AT">the</w> <w type="NN">wall</w> <w type="JJ">opposite</w> <c type="pct">.</c> </s>
<s n="60"><w type="AT">The</w> <w type="JJ">heavy</w> <w type="NN">glass</w> <mw pos="DOD *">didn't </mw><w type="VB">break</w> <c type="pct">,</c> <w type="CC">but</w> <w type="AT">the</w> <w type="NN">top</w> <w type="VBD">flew</w> <w type="RP">off</w> <c type="pct">;</c> <c type="pct">;</c> </s>
<s n="61"><w type="NN">sugar</w> <w type="VBD">sprayed</w> <w type="IN">with</w> <w type="AT">a</w> <w type="NN">hiss</w> <w type="WPS">that</w> <w type="BEDZ">was</w> <w type="JJ">loud</w> <w type="IN">in</w> <w type="AT">the</w> <w type="NN">silence</w> <c type="pct">.</c> </s>
</p>
<p><s n="62"><w type="NEG">Not</w> <w type="RB">really</w> <w type="VBN">startled</w> <c type="pct">,</c> <w type="CC">but</w> <w type="JJ">careful</w> <w type="TO">to</w> <w type="VB">appear</w> <w type="RB">so</w> <c type="pct">,</c> <w type="NP">Grosse</w> <w type="VBD">sucked</w> <w type="RB">noisily</w> <w type="IN">on</w> <w type="PPg">his</w> <w type="NN">pipe</w> <c type="pct">.</c> </s>
<s n="63"><w type="NP">Vince</w> <w type="VBD">cursed</w> <w type="RB">steadily</w> <c type="pct">.</c> </s>
<s n="64"><c type="pct">``</c> <w type="WRB">Why</w> <w type="DOZ">does</w> <w type="PN">everything</w> <w type="HV">have</w> <w type="TO">to</w> <w type="VB">happen</w> <w type="IN">to</w> <w type="PPO">me</w> <c type="pct">''</c> <c type="pct">?</c> <c type="pct">?</c> </s>
</p>
<p><s n="65"><w type="NP">Grosse</w> <w type="RB">quietly</w> <w type="VBD">got</w> <w type="AT">a</w> <w type="NN">broom</w> <w type="CC">and</w> <w type="VBD">started</w> <w type="TO">to</w> <w type="VB">sweep</w> <w type="RP">up</w> <w type="AT">the</w> <w type="NN">sugar</w> <c type="pct">.</c> </s>
<s n="66"><w type="NP">Vince</w> <w type="VBD">watched</w> <w type="PPO">him</w> <c type="pct">.</c> </s>
<s n="67"><w type="PPg">His</w> <w type="NN">mouth</w> <w type="VBD">worked</w> <w type="IN">over</w> <w type="AT">the</w> <w type="NN">profanity</w> <c type="pct">,</c> <w type="AT">the</w> <w type="NNS">obscenities</w> <w type="IN">in</w> <w type="PPg">his</w> <w type="NN">vocabulary</w> <c type="pct">.</c> </s>
<s n="68"><w type="RB">Once</w> <w type="PPS">he</w> <w type="VBD">said</w> <c type="pct">,</c> <c type="pct">``</c> <mw pos="WRB IN">Why'n </mw><w type="NN">hell</w> <mw pos="DOD *">didn't </mw><w type="PPSS">you</w> <w type="VB">look</w> <w type="IN">in</w> <w type="AT">the</w> <w type="NN">back</w> <w type="NN">seat</w> <w type="IN">of</w> <w type="AT">the</w> <w type="NN">car</w> <w type="CS">before</w> <w type="PPSS">you</w> <w type="VBD">drove</w> <w type="RP">off</w> <c type="pct">?</c> <c type="pct">?</c> </s>
<s n="69"><mw pos="DO *">Don't </mw><w type="PPSS">you</w> <w type="CC">and</w> <w type="NP">Barney</w> <w type="RB">ever</w> <w type="VB">use</w> <w type="PPg">your</w> <w type="NNS">brains</w> <c type="pct">''</c> <c type="pct">?</c> <c type="pct">?</c> </s>
</p>
<p><s n="70"><w type="AT">The</w> <w type="JJ">fat</w> <w type="NN">man</w> <mw pos="DOD *">didn't </mw><w type="VB">answer</w> <c type="pct">.</c> </s>
<s n="71"><w type="PPS">He</w> <w type="VBD">got</w> <w type="CD">one</w> <w type="IN">of</w> <w type="AT">the</w> <w type="NNS">menus</w> <w type="CC">and</w> <w type="VBD">brushed</w> <w type="AT">the</w> <w type="VBN">spilled</w> <w type="NN">sugar</w> <w type="IN">onto</w> <w type="PPO">it</w> <w type="CC">and</w> <w type="VBD">carried</w> <w type="PPO">it</w> <w type="IN">to</w> <w type="AT">a</w> <w type="NN">box</w> <w type="IN">on</w> <w type="AT">the</w> <w type="NN">floor</w> <w type="IN">behind</w> <w type="AT">the</w> <w type="NN">counter</w> <c type="pct">.</c> </s>
<s n="72"><w type="PPS">He</w> <w type="VBD">returned</w> <w type="AT">the</w> <w type="NN">menu</w> <w type="IN">to</w> <w type="PPg">its</w> <w type="NN">place</w> <w type="IN">between</w> <w type="NN">catchup</w> <w type="NN">bottle</w> <w type="CC">and</w> <w type="NN">paper</w> <w type="NN">napkin</w> <w type="NN">dispenser</w> <c type="pct">.</c> </s>
</p>
<p><s n="73"><w type="PPS">He</w> <w type="VBD">spoke</w> <w type="RB">soothingly</w> <c type="pct">.</c> </s>
<s n="74"><c type="pct">``</c> <w type="PPS">She</w> <mw pos="DO *">don't </mw><w type="VB">know</w> <w type="PN">nothing</w> <w type="IN">about</w> <w type="PPO">them</w> <w type="NNS">cars</w> <c type="pct">.</c> </s>
<s n="75"><w type="PPS">She</w> <w type="VBZ">thinks</w> <mw pos="PPS BEZ">she's </mw><w type="IN">in</w> <w type="AT">a</w> <w type="JJ">ordinary</w> <w type="NN">garage</w> <c type="pct">''</c> <c type="pct">.</c> </s>
</p>
<p><s n="76"><c type="pct">``</c> <w type="WRB">How</w> <w type="DO">do</w> <w type="PPSS">you</w> <w type="VB">know</w> <c type="pct">,</c> <w type="JJ">stupid</w> <c type="pct">?</c> <c type="pct">?</c> </s>
<s n="77"><w type="CC">And</w> <w type="VB">put</w> <w type="NPg">Cate's</w> <w type="NN">gun</w> <w type="RB">back</w> <c type="pct">''</c> <c type="pct">.</c> </s>
</p>
<p><s n="78"><c type="pct">``</c> <w type="PPSS">I</w> <w type="VB">know</w> <c type="pct">''</c> <c type="pct">.</c> </s>
<s n="79"><w type="NP">Grosse</w> <w type="VBD">tucked</w> <w type="AT">the</w> <w type="NN">gun</w> <w type="IN">under</w> <w type="AT">the</w> <w type="NN">counter</w> <c type="pct">.</c> </s>
</p>
<p><s n="80"><c type="pct">``</c> <c type="pct">--</c> <w type="CD">one</w> <w type="NN">word</w> <w type="IN">of</w> <w type="DT">this</w> <w type="VBZ">gets</w> <w type="IN">to</w> <w type="NP">Guardino</w> <c type="pct">''</c> <c type="pct">--</c> </s>
</p>
<p><s n="81"><c type="pct">``</c> <mw pos="WPS BEZ">Who's </mw><w type="VBG">telling</w> <w type="NP">Guardino</w> <c type="pct">''</c> <c type="pct">?</c> <c type="pct">?</c> </s>
</p>
<p><s n="82"><w type="NP">Vince</w> <w type="VBD">swore</w> <w type="RB">again</w> <c type="pct">.</c> </s>
<s n="83"><c type="pct">``</c> <w type="PPSS">You</w> <w type="VB">get</w> <w type="DT">that</w> <w type="NN">kid</w> <w type="RP">over</w> <w type="IN">to</w> <w type="NPg">Rose's</w> <w type="NN">house</w> <c type="pct">''</c> <c type="pct">.</c> </s>
</p>
<p><s n="84"><w type="AT">The</w> <w type="JJ">fat</w> <w type="NN">man</w> <w type="VBD">winced</w> <c type="pct">.</c> </s>
<s n="85"><w type="PPS">He</w> <w type="VBD">ran</w> <w type="AT">a</w> <w type="NN">finger</w> <w type="IN">down</w> <w type="PPg">his</w> <w type="NN">cheek</w> <c type="pct">,</c> <w type="VBG">tracing</w> <w type="AT">the</w> <w type="NN">scratch</w> <w type="RB">there</w> <c type="pct">.</c> </s>
<s n="86"><c type="pct">``</c> <w type="WRB">Why</w> <mw pos="MD *">can't </mw><w type="PPSS">I</w> <w type="VB">leave</w> <w type="PPO">her</w> <w type="VBN">locked</w> <w type="RP">up</w> <w type="IN">in</w> <w type="AT">the</w> <w type="NN">tool</w> <w type="NN">crib</w> <c type="pct">''</c> <c type="pct">?</c> <c type="pct">?</c> </s>
</p>
<p><s n="87"><w type="AT">The</w> <w type="JJ">thin</w> <w type="NN">man</w> <w type="VBD">stopped</w> <w type="PPg">his</w> <w type="NN">pacing</w> <w type="JJ">long</w> <w type="QLP">enough</w> <w type="TO">to</w> <w type="VB">glance</w> <w type="IN">at</w> <w type="AT">the</w> <w type="NN">clock</w> <c type="pct">.</c> </s>
<s n="88"><c type="pct">``</c> <w type="PPSS">You</w> <w type="CC">and</w> <w type="NP">Barney</w> <w type="VB">get</w> <w type="PPO">her</w> <w type="RP">over</w> <w type="IN">to</w> <w type="NPg">Rose's</w> <w type="CS">before</w> <w type="PPS">it</w> <w type="VBZ">gets</w> <w type="QL">too</w> <w type="JJ">light</w> <c type="pct">.</c> </s>
<s n="89"><w type="CS">After</w> <mw pos="NP HVZ">Guardino's </mw><w type="VBN">left</w> <c type="pct">,</c> <mw pos="PPSS MD">we'll </mw><w type="VB">dump</w> <w type="AT">the</w> <w type="NN">kid</w> <w type="RB">somewhere</w> <w type="IN">near</w> <w type="AT">the</w> <w type="NN">border</w> <w type="WRB">where</w> <w type="PPS">she</w> <w type="MD">kin</w> <w type="VB">get</w> <w type="NR">home</w> <c type="pct">.</c> </s>
<s n="90"><w type="NP">God</w> <w type="VB">help</w> <w type="PPO">you</w> <w type="CS">if</w> <w type="PPS">she</w> <w type="VBZ">knows</w> <w type="WRB">where</w> <mw pos="PPS HVZ">she's </mw><w type="BEN">been</w> <c type="pct">''</c> <c type="pct">.</c> </s>
</p>
<p><s n="91"><w type="NP">Grosse</w> <w type="VB">spread</w> <w type="PPg">his</w> <w type="NNS">hands</w> <c type="pct">.</c> </s>
<s n="92"><c type="pct">``</c> <w type="WDT">What</w> <w type="BEM">am</w> <w type="PPSS">I</w> <w type="VBG">going</w> <w type="TO">to</w> <w type="DO">do</w> <w type="IN">with</w> <w type="PPO">her</w> <w type="ABN">all</w> <w type="NN">day</w> <c type="pct">?</c> <c type="pct">?</c> </s>
<s n="93"><w type="IN">In</w> <w type="AT">the</w> <w type="NN">tool</w> <w type="NN">crib</w> <w type="PPS">she</w> <mw pos="MD *">can't </mw><w type="VB">get</w> <w type="RB">away</w> <c type="pct">''</c> <c type="pct">.</c> </s>
</p>
<p><s n="94"><c type="pct">``</c> <w type="WDT">What</w> <w type="AT">the</w> <w type="NN">hell</w> <w type="DO">do</w> <w type="PPSS">I</w> <w type="VB">care</w> <w type="WDT">what</w> <w type="PPSS">you</w> <w type="DO">do</w> <w type="IN">with</w> <w type="PPO">her</w> <w type="ABN">all</w> <w type="NN">day</w> <c type="pct">?</c> <c type="pct">?</c> </s>
<s n="95"><w type="RB">Just</w> <w type="VB">get</w> <w type="PPO">her</w> <w type="WRB">where</w> <w type="NP">Guardino</w> <mw pos="MD *">won't </mw><w type="VB">see</w> <w type="PPO">her</w> <w type="CC">and</w> <w type="VB">start</w> <w type="VBG">asking</w> <w type="NNS">questions</w> <c type="pct">''</c> <c type="pct">.</c> </s>
</p>
<p><s n="96"><w type="NP">Grosse</w> <w type="VBD">swore</w> <w type="RB">now</w> <c type="pct">.</c> </s>
<s n="97"><c type="pct">``</c> <w type="UH">Dammit</w> <w type="ABN">all</w> <c type="pct">,</c> <w type="NP">Vince</w> <c type="pct">.</c> </s>
<s n="98"><w type="PPSS">I</w> <mw pos="BEM *">ain't </mw><w type="AT">no</w> <w type="NN">baby</w> <w type="NN">sitter</w> <c type="pct">''</c> <c type="pct">.</c> </s>
</p>
<p><s n="99"><w type="NP">Vince</w> <w type="VBD">shouted</w> <w type="RB">finally</w> <c type="pct">,</c> <c type="pct">``</c> <w type="VB" subtype="TL">Get</w> <w type="PPO">her</w> <w type="RP">over</w> <w type="IN">to</w> <w type="NPg">Rose's</w> <w type="CC">and</w> <mw pos="PPSS MD">I'll </mw><w type="VB">come</w> <w type="RB">by</w> <w type="CC">and</w> <w type="VB">see</w> <w type="CS">that</w> <w type="PPS">she</w> <w type="VBZ">stays</w> <w type="VBN">put</w> <c type="pct">''</c> <c type="pct">.</c> </s>
</p>
<p><s n="100"><w type="NP">Grosse</w> <w type="VBD">rubbed</w> <w type="AT">the</w> <w type="NN">bridge</w> <w type="IN">of</w> <w type="PPg">his</w> <w type="NN">nose</w> <w type="WRB">where</w> <w type="PPS">it</w> <w type="BEDZ">was</w> <w type="JJ">swollen</w> <c type="pct">.</c> </s>
<s n="101"><w type="PPS">He</w> <w type="VBD">spoke</w> <w type="RB">sullenly</w> <c type="pct">.</c> </s>
<s n="102"><c type="pct">``</c> <w type="PPSS">You</w> <mw pos="DO *">don't </mw><mw pos="HV TO">hafta </mw><w type="VB">get</w> <w type="JJ">nasty</w> <c type="pct">.</c> </s>
<s n="103"><w type="PPSS">I</w> <w type="VB">wish</w> <w type="PPO">you</w> <w type="NN">luck</w> <w type="WRB">when</w> <w type="PPSS">you</w> <w type="VB">try</w> <w type="VBG">scaring</w> <w type="DT">that</w> <w type="NN">kid</w> <c type="pct">''</c> <c type="pct">.</c> </s>
<s n="104"><w type="RB">Suddenly</w> <w type="PPS">he</w> <w type="VBD">grinned</w> <c type="pct">.</c> </s>
<s n="105"><w type="PPg">His</w> <w type="NN">voice</w> <w type="VBD">lost</w> <w type="PPg">its</w> <w type="JJ">sullen</w> <w type="NNS">tones</w> <w type="CC">and</w> <w type="PPS">he</w> <w type="VBD">chuckled</w> <c type="pct">.</c> </s>
<s n="106"><c type="pct">``</c> <w type="PPSS">I</w> <w type="VBD">got</w> <w type="CD">one</w> <w type="NN">question</w> <c type="pct">''</c> <c type="pct">.</c> </s>
</p>
<p><s n="107"><c type="pct">``</c> <w type="WDT">What</w> <w type="BEZ">is</w> <w type="PPS">it</w> <c type="pct">''</c> <c type="pct">?</c> <c type="pct">?</c> </s>
<s n="108"><w type="RB">Impatiently</w> <c type="pct">.</c> </s>
</p>
<p><s n="109"><c type="pct">``</c> <w type="BER">Are</w> <w type="PPSS">you</w> <w type="AT">a</w> <w type="JJ">poor</w> <w type="JJ">dumb</w> <w type="NP">Canadian</w> <w type="CC">or</w> <w type="AT">a</w> <w type="JJ">smart</w> <w type="NN">aleck</w> <w type="IN">from</w> <w type="AT">the</w> <w type="NNS" subtype="TL">States</w> <c type="pct">''</c> <c type="pct">?</c> <c type="pct">?</c> </s>
</p>
<p><s n="110"><w type="NP">Vince</w> <w type="VBD">lifted</w> <w type="PPg">his</w> <w type="NN">hand</w> <w type="CS">as</w> <w type="CS">if</w> <w type="TO">to</w> <w type="VB">strike</w> <c type="pct">,</c> <w type="CC">but</w> <w type="PPg">his</w> <w type="JJ">thin</w> <w type="NNS">lips</w> <w type="VB">spread</w> <w type="IN">in</w> <w type="AT">a</w> <w type="NN">smile</w> <c type="pct">.</c> </s>
<s n="111"><w type="NP">Grosse</w> <w type="VBD">ducked</w> <w type="CC">and</w> <w type="VBD">sniggered</w> <c type="pct">.</c> </s>
<s n="112"><c type="pct">``</c> <mw pos="WRB DOD">Where'd </mw><w type="PPSS">you</w> <w type="VB">say</w> <w type="PPSS">you</w> <w type="BEDZ">was</w> <w type="VBN">born</w> <c type="pct">''</c> <c type="pct">?</c> <c type="pct">?</c> </s>
</p>
<p><s n="113"><c type="pct">``</c> <w type="IN">In</w> <w type="AT">a</w> <w type="NP">Chicago</w> <w type="NN">slum</w> <w type="RB">just</w> <w type="CS">like</w> <w type="PPSS">you</w> <c type="pct">.</c> </s>
<s n="114"><w type="CC">And</w> <w type="PPSS">I</w> <mw pos="BEM *">ain't </mw><w type="VBG">going</w> <w type="RB">back</w> <w type="RB">there</w> <w type="IN">on</w> <w type="NN">account</w> <w type="IN">of</w> <w type="CD">one</w> <w type="JJ">lousy</w> <w type="NN">kid</w> <c type="pct">''</c> <c type="pct">.</c> </s>
</p>
<p><s n="115"><w type="NP">Lauren</w> <w type="NP">Landis</w> <w type="VBD">rubbed</w> <w type="PPg">her</w> <w type="NN">face</w> <w type="IN">against</w> <w type="AT">the</w> <w type="NN">blanket</w> <c type="pct">.</c> </s>
<s n="116"><w type="PPS">She</w> <w type="HVD">had</w> <w type="VBN">cried</w> <w type="AT">a</w> <w type="AP">little</w> <w type="CS">because</w> <w type="PPS">she</w> <w type="BEDZ">was</w> <w type="VBN">frightened</w> <c type="pct">.</c> </s>
<s n="117"><w type="PPS">She</w> <w type="MD">could</w> <w type="RB">easily</w> <w type="VB">understand</w> <w type="WRB">why</w> <w type="AT">the</w> <w type="CD">two</w> <w type="NNS">men</w> <w type="HVD">had</w> <w type="BEN">been</w> <w type="VBN">startled</w> <w type="TO">to</w> <w type="VB">find</w> <w type="AT">a</w> <w type="JJ">strange</w> <w type="NN">girl</w> <w type="IN">in</w> <w type="AT">the</w> <w type="NN">back</w> <w type="NN">seat</w> <w type="IN">of</w> <w type="PPg">their</w> <w type="NN">car</w> <c type="pct">(</c> <w type="PPS">she</w> <w type="HVD">had</w> <w type="VBN">figured</w> <w type="DT">that</w> <w type="RP">out</w> <c type="pct">)</c> <c type="pct">,</c> <w type="CC">but</w> <w type="PPS">she</w> <mw pos="MD *">couldn't </mw><w type="VB">understand</w> <w type="PPg">their</w> <w type="JJ">subsequent</w> <w type="NNS">actions</w> <c type="pct">.</c> </s>
<s n="118"><w type="BEDZ">Was</w> <w type="PPS">it</w> <w type="CS">because</w> <w type="PPS">she</w> <w type="HVD">had</w> <w type="VBN">shown</w> <w type="NN">panic</w> <c type="pct">?</c> <c type="pct">?</c> </s>
<s n="119"><w type="WPS">Who</w> <w type="MD">could</w> <w type="VB">blame</w> <w type="PPO">her</w> <w type="IN">for</w> <w type="DT">that</w> <c type="pct">?</c> <c type="pct">?</c> </s>
<s n="120"><w type="PPS">It</w> <w type="BEDZ">was</w> <w type="CD">one</w> <w type="NN">thing</w> <w type="TO">to</w> <w type="VB">awaken</w> <w type="IN">outside</w> <w type="AT">a</w> <w type="NN">restaurant</w> <w type="WRB">where</w> <w type="PPg">your</w> <w type="NNS">parents</w> <w type="BED">were</w> <w type="VBG">eating</w> <w type="CC">and</w> <w type="ABL">quite</w> <w type="DT">another</w> <w type="TO">to</w> <w type="VB">awaken</w> <w type="IN">in</w> <w type="AT">a</w> <w type="JJ">strange</w> <w type="NN">garage</w> <w type="CC">and</w> <w type="VB">know</w> <w type="PPg">your</w> <w type="NNS">parents</w> <w type="HVD">had</w> <w type="VBN">gone</w> <w type="RP">on</w> <w type="NR">home</w> <w type="IN">without</w> <w type="PPO">you</w> <c type="pct">.</c> </s>
</p>
<p><s n="121"><w type="PPS">She</w> <w type="BEDZ">was</w> <w type="JJ">glad</w> <w type="AT">the</w> <w type="JJ">fat</w> <w type="NN">man</w> <w type="HVD">had</w> <w type="VBN">left</w> <c type="pct">.</c> </s>
<s n="122"><w type="NP">Barney</w> <w type="BEDZ">was</w> <w type="NEG">not</w> <w type="RB">really</w> <w type="VBG">frightening</w> <c type="pct">.</c> </s>
<s n="123"><w type="PPS">She</w> <w type="VBD">jumped</w> <w type="CS">as</w> <w type="AT">the</w> <w type="JJ">little</w> <w type="NN">man</w> <w type="RB">now</w> <w type="VBD">appeared</w> <w type="IN">at</w> <w type="AT">the</w> <w type="NN">window</w> <w type="CC">and</w> <c type="pct">,</c> <w type="VBG">reaching</w> <w type="IN">through</w> <w type="AT">the</w> <w type="VBG">opening</w> <c type="pct">,</c> <w type="VBD">offered</w> <w type="PPO">her</w> <w type="AT">a</w> <w type="NN">bottle</w> <w type="IN">of</w> <w type="NN">coke</w> <c type="pct">.</c> </s>
<s n="124"><w type="PPS">She</w> <w type="VBD">smiled</w> <w type="IN">at</w> <w type="PPO">him</w> <w type="RB">wetly</w> <c type="pct">.</c> </s>
<s n="125"><w type="CS">Although</w> <w type="PPS">she</w> <w type="VBD">found</w> <w type="PPS">she</w> <w type="BEDZ">was</w> <w type="JJ">thirsty</w> <c type="pct">,</c> <w type="PPS">she</w> <w type="BEDZ">was</w> <w type="RB">about</w> <w type="TO">to</w> <w type="VB">refuse</w> <c type="pct">(</c> <w type="RB">never</w> <c type="pct">,</c> <w type="RB">never</w> <w type="VB">take</w> <w type="NN">candy</w> <w type="IN">from</w> <w type="AT">a</w> <w type="JJ">strange</w> <w type="NN">man</w> <c type="pct">)</c> <w type="WRB">when</w> <w type="PPS">she</w> <w type="VBD">saw</w> <w type="AT">the</w> <w type="NN">bottle</w> <w type="BEDZ">was</w> <w type="JJ">unopened</w> <c type="pct">.</c> </s>
<s n="126"><w type="PPS">He</w> <w type="VBD">placed</w> <w type="AT">a</w> <w type="NN">bottle</w> <w type="NN">opener</w> <w type="IN">on</w> <w type="AT">the</w> <w type="NN">counter</w> <c type="pct">.</c> </s>
<s n="127"><w type="RB">So</w> <c type="pct">,</c> <w type="PPS">he</w> <w type="VBD">understood</w> <w type="PPg">her</w> <w type="NN">panic</w> <c type="pct">.</c> </s>
<s n="128"><w type="PPS">She</w> <w type="VBD">blew</w> <w type="PPg">her</w> <w type="NN">nose</w> <w type="IN">on</w> <w type="AT">a</w> <w type="NN">tissue</w> <w type="CC">and</w> <w type="VBD">opened</w> <w type="AT">the</w> <w type="NN">coke</w> <w type="NN">bottle</w> <c type="pct">.</c> </s>
<s n="129"><w type="PPS">It</w> <w type="BEDZ">was</w> <w type="JJ">icy</w> <w type="JJ">cold</w> <w type="CC">and</w> <w type="VBD">tasted</w> <w type="JJ">delicious</w> <c type="pct">.</c> </s>
<s n="130"><w type="PPS">She</w> <w type="VBD">felt</w> <w type="AT">a</w> <w type="NN">lift</w> <w type="IN">in</w> <w type="NN">spirit</w> <c type="pct">.</c> </s>
<s n="131"><w type="WRB">When</w> <w type="PPS">she</w> <w type="BEDZ">was</w> <w type="VBN">finished</w> <w type="PPS">she</w> <w type="VBD">pushed</w> <w type="PPO">it</w> <w type="RB">back</w> <c type="pct">.</c> </s>
<s n="132"><w type="AT">The</w> <w type="NN">man</w> <w type="BEDZ">was</w> <w type="JJ">busy</w> <w type="VBG">doing</w> <w type="PN">something</w> <w type="IN">to</w> <w type="AT">the</w> <w type="NN">inside</w> <w type="IN">of</w> <w type="AT">the</w> <w type="NN">door-frame</w> <w type="IN">on</w> <w type="AT">the</w> <w type="NNg">driver's</w> <w type="NN">side</w> <w type="IN">of</w> <w type="AT">a</w> <w type="NN">car</w> <c type="pct">.</c> </s>
</p>
<p><s n="133"><w type="PPS">She</w> <w type="VBD">called</w> <w type="RB">softly</w> <c type="pct">,</c> <c type="pct">``</c> <w type="NP">Barney</w> <c type="pct">''</c> <c type="pct">.</c> </s>
</p>
<p><s n="134"><w type="PPS">He</w> <w type="VBD">looked</w> <w type="IN">in</w> <w type="PPg">her</w> <w type="NN">direction</w> <w type="CC">but</w> <w type="PPS">he</w> <mw pos="DOD *">didn't </mw><w type="VB">answer</w> <c type="pct">.</c> </s>
</p>
<p><s n="135"><w type="PPS">She</w> <w type="VBD">said</w> <c type="pct">,</c> <c type="pct">``</c> <w type="NP">Barney</w> <c type="pct">,</c> <w type="WRB">why</w> <w type="BEZ">is</w> <w type="PPS">he</w> <w type="VBG">keeping</w> <w type="PPO">me</w> <w type="RB">here</w> <c type="pct">''</c> <c type="pct">?</c> <c type="pct">?</c> </s>
</p>
<p><s n="136"><w type="RB">Still</w> <w type="AT">no</w> <w type="NN">answer</w> <c type="pct">.</c> </s>
<s n="137"><w type="PPS">He</w> <w type="VBD">seemed</w> <w type="TO">to</w> <w type="BE">be</w> <w type="VBG">looking</w> <w type="IN">at</w> <w type="AT">a</w> <w type="NN">point</w> <w type="IN">above</w> <w type="AT">the</w> <w type="JJ">little</w> <w type="NN">window</w> <c type="pct">.</c> </s>
</p>
<p><s n="138"><w type="NP">Lauren</w> <w type="VBD">said</w> <c type="pct">,</c> <c type="pct">``</c> <w type="WRB">Why</w> <mw pos="MD *">can't </mw><w type="PPSS">I</w> <w type="VB">call</w> <w type="PPg">my</w> <w type="NR">home</w> <c type="pct">?</c> <c type="pct">?</c> </s>
<s n="139"><w type="CC">Or</w> <w type="VB">borrow</w> <w type="DTI">some</w> <w type="NN">money</w> <w type="IN">from</w> <w type="PN">someone</w> <w type="CC">and</w> <w type="VB">go</w> <w type="NR">home</w> <w type="IN">by</w> <w type="NN">bus</w> <c type="pct">?</c> <c type="pct">?</c> </s>
<s n="140"><w type="PPSS">I</w> <w type="MD">could</w> <w type="VB">send</w> <w type="AT">the</w> <w type="NN">money</w> <w type="QL">right</w> <w type="RB">back</w> <c type="pct">''</c> <c type="pct">.</c> </s>
</p>
<p><s n="141"><w type="NP">Barney</w> <w type="VBD">finished</w> <w type="AT">the</w> <w type="NN">cigarette</w> <w type="PPS">he</w> <w type="HVD">had</w> <w type="BEN">been</w> <w type="VBG">smoking</w> <c type="pct">.</c> </s>
<s n="142"><w type="PPS">He</w> <w type="VBD">dropped</w> <w type="PPO">it</w> <w type="CC">and</w> <w type="RB">carefully</w> <w type="VBD">ground</w> <w type="PPO">it</w> <w type="IN">to</w> <w type="PN">nothing</w> <w type="IN">with</w> <w type="AT">the</w> <w type="NN">sole</w> <w type="IN">of</w> <w type="PPg">his</w> <w type="JJ">heavy</w> <w type="NN">shoe</w> <c type="pct">.</c> </s>
<s n="143"><w type="RB">Now</w> <w type="PPS">he</w> <w type="VBD">looked</w> <w type="IN">at</w> <w type="PPO">her</w> <c type="pct">.</c> </s>
<s n="144"><w type="PPS">He</w> <w type="VBD">said</w> <c type="pct">,</c> <c type="pct">``</c> <w type="PPSS">I</w> <w type="RB">only</w> <w type="VB">work</w> <w type="RB">here</w> <c type="pct">''</c> <c type="pct">.</c> </s>
</p>
<p><s n="145"><w type="NP">Lauren</w> <w type="VBD">said</w> <c type="pct">,</c> <c type="pct">``</c> <w type="UH">Please</w> <c type="pct">''</c> <c type="pct">?</c> <c type="pct">?</c> </s>
<s n="146"><w type="CC">But</w> <w type="PPS">he</w> <w type="BEDZ">was</w> <w type="RB">back</w> <w type="IN">at</w> <w type="NN">work</w> <w type="IN">on</w> <w type="AT">a</w> <w type="NN">car</w> <c type="pct">.</c> </s>
</p>
<p><s n="147"><w type="PPS">She</w> <w type="VBD">dropped</w> <w type="PPg">her</w> <w type="NN">head</w> <w type="IN">on</w> <w type="PPg">her</w> <w type="NNS">arms</w> <w type="IN">on</w> <w type="AT">the</w> <w type="NN">counter</w> <c type="pct">.</c> </s>
<s n="148"><w type="WRB">How</w> <w type="MD">could</w> <w type="PPS">he</w> <w type="BE">be</w> <w type="JJ">kind</w> <w type="CD">one</w> <w type="NN">moment</w> <w type="CC">and</w> <w type="JJ">cruel</w> <w type="AT">the</w> <w type="AP">next</w> <c type="pct">?</c> <c type="pct">?</c> </s>
<s n="149"><w type="DOD">Did</w> <w type="PPS">he</w> <w type="VB">know</w> <w type="PN">something</w> <w type="WPS">that</w> <w type="VBD">made</w> <w type="PPO">him</w> <w type="VB">feel</w> <w type="JJ">sad</w> <w type="CC">and</w> <w type="JJ">sorry</w> <w type="IN">for</w> <w type="PPO">her</w> <c type="pct">?</c> <c type="pct">?</c> </s>
<s n="150"><w type="CC">And</w> <w type="BEDZ">was</w> <w type="PPS">he</w> <w type="JJ">afraid</w> <w type="TO">to</w> <w type="DO">do</w> <w type="PN">anything</w> <w type="QL">as</w> <w type="JJ">definite</w> <w type="CS">as</w> <w type="VBG">releasing</w> <w type="PPO">her</w> <c type="pct">?</c> <c type="pct">?</c> </s>
<s n="151"><w type="PPg">Her</w> <w type="NN">heart</w> <w type="BEDZ">was</w> <w type="VBG">thumping</w> <w type="RB">painfully</w> <c type="pct">;</c> <c type="pct">;</c> </s>
<s n="152"><w type="AT">the</w> <w type="JJ">unknown</w> <w type="BEDZ">was</w> <w type="QL">so</w> <w type="QL">much</w> <w type="JJR">worse</w> <w type="CS">than</w> <c type="pct">--</c> <w type="WDT">what</w> <w type="NNS">dangers</w> <w type="VB">lay</w> <w type="RB">ahead</w> <w type="IN">for</w> <w type="PPO">her</w> <c type="pct">?</c> <c type="pct">?</c> </s>
<s n="153"><w type="WDT">What</w> <w type="JJ">awful</w> <w type="NN">thing</w> <w type="HVD">had</w> <w type="PPS">she</w> <w type="TO">to</w> <w type="VB">face</w> <w type="IN">in</w> <w type="AT">the</w> <w type="AP">next</w> <w type="AP">few</w> <w type="NNS">hours</w> <c type="pct">?</c> <c type="pct">?</c> </s>
<s n="154"><w type="PN">Something</w> <w type="JJ">wet</w> <w type="CC">and</w> <w type="JJ">hot</w> <w type="BEDZ">was</w> <w type="VBG">trickling</w> <w type="IN">on</w> <w type="PPg">her</w> <w type="NNS">wrists</w> <c type="pct">.</c> </s>
<s n="155"><w type="NNS">Tears</w> <c type="pct">?</c> <c type="pct">?</c> </s>
</p>
<p><s n="156"><w type="IN">With</w> <w type="AT">a</w> <w type="JJ">sturdy</w> <w type="NN">act</w> <w type="IN">of</w> <w type="NN">will</w> <w type="PPS">she</w> <w type="VBD">turned</w> <w type="PPg">her</w> <w type="NN">mind</w> <w type="RB">away</w> <w type="IN">from</w> <w type="PPL">herself</w> <c type="pct">;</c> <c type="pct">;</c> </s>
<s n="157"><w type="QL">as</w> <w type="JJ">long</w> <w type="CS">as</w> <w type="PPS">she</w> <w type="MD">could</w> <w type="DO">do</w> <w type="PN">nothing</w> <w type="JJ">constructive</w> <w type="IN">about</w> <w type="AT">the</w> <w type="NN">situation</w> <w type="PPS">she</w> <w type="BEDZ">was</w> <w type="IN">in</w> <c type="pct">,</c> <w type="PPS">she</w> <w type="MD">would</w> <w type="VB">think</w> <w type="IN">about</w> <w type="PN">something</w> <w type="RB">else</w> <c type="pct">.</c> </s>
<s n="158"><w type="PPg">Her</w> <w type="NN">mother</w> <w type="CC">and</w> <w type="NN">father</w> <c type="pct">,</c> <w type="IN">for</w> <w type="NN">instance</w> <c type="pct">.</c> </s>
<s n="159"><w type="WRB">Where</w> <w type="BED">were</w> <w type="PPSS">they</w> <w type="RB">now</w> <c type="pct">?</c> <c type="pct">?</c> </s>
<s n="160"><w type="IN">In</w> <w type="PPg">her</w> <w type="NN">mind</w> <w type="PPS">she</w> <w type="VBD">followed</w> <w type="AT">the</w> <w type="JJ">white</w> <w type="NP">Buick</w> <w type="IN">along</w> <w type="AT">the</w> <w type="NN">road</w> <w type="RB">somewhere</w> <w type="IN">between</w> <w type="RB">here</w> <w type="CC">and</w> <w type="AT">the</w> <w type="NP" subtype="TL">Niagara</w> <w type="NN" subtype="TL">River</w> <c type="pct">.</c> </s>
<s n="161"><w type="PPg">Her</w> <w type="NNg">father's</w> <w type="NN">attention</w> <w type="MD">would</w> <w type="BE">be</w> <w type="IN">on</w> <w type="AT">the</w> <w type="NN">road</w> <w type="RB">ahead</w> <w type="CC">and</w> <w type="PPS">it</w> <mw pos="MD *">wouldn't </mw><w type="VB">deviate</w> <w type="AT">an</w> <w type="NN">inch</w> <w type="CS">until</w> <w type="PPS">he</w> <w type="VBD">crossed</w> <w type="AT">the</w> <w type="NN">bridge</w> <w type="IN">at</w> <w type="AT">the</w> <w type="NNS" subtype="TL">Falls</w> <w type="CC">and</w> <w type="VBD">took</w> <w type="AT">the</w> <w type="NN" subtype="TL">River</w> <w type="NN" subtype="TL">Road</w> <w type="IN">to</w> <w type="NP">LaSalle</w> <w type="CC">and</w> <c type="pct">,</c> <w type="RB">finally</w> <c type="pct">,</c> <w type="VBD">turned</w> <w type="RP">in</w> <w type="IN">at</w> <w type="PPg">their</w> <w type="JJ">own</w> <w type="NN">driveway</w> <w type="IN">at</w> <w type="CD">387</w> <w type="NN" subtype="TL">Heather</w> <w type="NNS" subtype="TL">Heights</w> <c type="pct">.</c> </s>
<s n="162"><w type="RB">Then</w> <w type="PPS">he</w> <w type="MD">would</w> <w type="VB">yawn</w> <w type="CC">and</w> <w type="VB">stretch</w> <w type="CC">and</w> <w type="VB">shout</w> <c type="pct">,</c> <c type="pct">``</c> <w type="ABN">All</w> <w type="RP">out</w> <c type="pct">.</c> </s>
<s n="163"><w type="DT">This</w> <w type="BEZ">is</w> <w type="AT">the</w> <w type="NN">end</w> <w type="IN">of</w> <w type="AT">the</w> <w type="NN">line</w> <c type="pct">''</c> <c type="pct">.</c> </s>
</p>
<p><s n="164"><w type="CC">And</w> <w type="WDT">what</w> <w type="MD">would</w> <w type="PPg">her</w> <w type="NN">mother</w> <w type="BE">be</w> <w type="VBG">doing</w> <w type="QL">right</w> <w type="RB">now</w> <c type="pct">?</c> <c type="pct">?</c> </s>
<s n="165"><w type="PPg">Her</w> <w type="NN">mother</w> <w type="MD">would</w> <w type="BE">be</w> <w type="QL">fast</w> <w type="RB">asleep</w> <w type="VBN">curled</w> <w type="RP">up</w> <w type="IN">against</w> <w type="QL">that</w> <w type="JJ">wonderful</w> <c type="pct">,</c> <w type="JJ">big</w> <c type="pct">,</c> <w type="JJ">safe</w> <c type="pct">,</c> <w type="JJ">solid</w> <w type="NN">shoulder</w> <w type="IN">next</w> <w type="IN">to</w> <w type="PPO">her</w> <w type="IN">on</w> <w type="AT">the</w> <w type="JJ">front</w> <w type="NN">seat</w> <c type="pct">.</c> </s>
</p>
<p><s n="166"><w type="NP">Lauren</w> <w type="NP">Landis</w> <w type="BEDZ">was</w> <w type="IN">in</w> <w type="NN">trouble</w> <w type="CC">and</w> <w type="PPS">she</w> <w type="BEDZ">was</w> <w type="RB">alone</w> <c type="pct">.</c> </s>
</p>
<p><s n="167"><w type="NP">Roberta</w> <w type="NP">Landis</w> <w type="VBD">put</w> <w type="PPg">her</w> <w type="NN">hand</w> <w type="IN">on</w> <w type="PPg">her</w> <w type="NNg">husband's</w> <w type="NN">arm</w> <w type="CS">as</w> <w type="PPS">he</w> <w type="VBD">slid</w> <w type="IN">in</w> <w type="AT">the</w> <w type="NNg">driver's</w> <w type="NN">seat</w> <w type="IN">beside</w> <w type="PPO">her</w> <c type="pct">.</c> </s>
<s n="168"><w type="RB">Somewhere</w> <w type="NNS">birds</w> <w type="BED">were</w> <w type="RB">sweetly</w> <w type="VBG">calling</w> <c type="pct">,</c> <w type="BED">were</w> <w type="VBN">answered</w> <c type="pct">.</c> </s>
<s n="169"><w type="PPg">Her</w> <w type="NNS">teeth</w> <w type="VBD">chattered</w> <w type="CS">so</w> <w type="CS">that</w> <w type="PPS">she</w> <w type="VBD">made</w> <w type="CD">three</w> <w type="NNS">attempts</w> <w type="IN">at</w> <w type="NN">speech</w> <w type="CS">before</w> <w type="PPS">she</w> <w type="VBD">became</w> <w type="JJ">intelligible</w> <c type="pct">.</c> </s>
</p>
<p><s n="170"><c type="pct">``</c> <w type="NP">Dave</w> <c type="pct">.</c> </s>
<s n="171"><w type="PPSS">I</w> <w type="VB">saw</w> <w type="DT">that</w> <w type="NNg">woman's</w> <w type="NN">apron</w> <w type="IN">behind</w> <w type="AT">the</w> <w type="NN">door</w> <c type="pct">.</c> </s>
<s n="172"><w type="EX">There</w> <w type="BEDZ">was</w> <w type="AT">a</w> <w type="JJ">wet</w> <w type="NN">spot</w> <c type="pct">--</c> <w type="PPS">she</w> <mw pos="MD *">couldn't </mw><w type="HV">have</w> <w type="BEN">been</w> <w type="VBN">gone</w> <w type="JJ">long</w> <c type="pct">''</c> <c type="pct">.</c> </s>
</p>
<p><s n="173"><w type="NP">Dave</w> <w type="VBD">made</w> <w type="DTI">some</w> <w type="NN">sound</w> <w type="VBN">meant</w> <w type="TO">to</w> <w type="VB">convey</w> <w type="NN">agreement</w> <c type="pct">.</c> </s>
<s n="174"><w type="PPS">He</w> <w type="VBD">inserted</w> <w type="AT">the</w> <w type="NN">car</w> <w type="NN">key</w> <w type="IN">in</w> <w type="AT">the</w> <w type="NN">lock</w> <c type="pct">.</c> </s>
<s n="175"><w type="NP">Roberta</w> <w type="BEDZ">was</w> <w type="RB">violently</w> <w type="VBG">trembling</w> <c type="pct">.</c> </s>
</p>
<p><s n="176"><w type="PPS">She</w> <w type="VBD">stammered</w> <c type="pct">,</c> <c type="pct">``</c> <w type="PPSS">You</w> <w type="VBD">heard</w> <w type="WDT">what</w> <w type="PPS">he</w> <w type="VBD">said</w> <w type="IN">about</w> <w type="NNS">police</w> <c type="pct">?</c> <c type="pct">?</c> </s>
<s n="177"><w type="WRB">Why</w> <mw pos="DO *">don't </mw><w type="PPSS">we</w> <w type="VB">drive</w> <w type="IN">around</w> <w type="AT">the</w> <w type="NN">corner</w> <c type="pct">''</c> <c type="pct">?</c> <c type="pct">?</c> </s>
</p>
<p><s n="178"><w type="AT">The</w> <w type="NN">car</w> <w type="NN">door</w> <w type="VBD">crashed</w> <w type="VBN">shut</w> <c type="pct">.</c> </s>
<s n="179"><w type="AT">The</w> <w type="NN">engine</w> <w type="VBD">throbbed</w> <w type="IN">into</w> <w type="NN">life</w> <c type="pct">.</c> </s>
<s n="180"><w type="NP">Dave</w> <w type="VBD">said</w> <c type="pct">,</c> <c type="pct">``</c> <w type="PPSS">I</w> <w type="VBD">got</w> <w type="AT">the</w> <w type="NN">message</w> <c type="pct">.</c> </s>
<s n="181"><mw pos="PPSS BER">We're </mw><w type="VBG">going</w> <c type="pct">''</c> <c type="pct">.</c> </s>
</p>
<p><s n="182"><w type="NP">Roberta</w> <w type="VBD">said</w> <c type="pct">,</c> <c type="pct">``</c> <w type="RB">no</w> <c type="pct">.</c> </s>
<s n="183"><w type="PPSS">You</w> <w type="VB">go</w> <c type="pct">.</c> </s>
<s n="184"><w type="VB">Walk</w> <c type="pct">.</c> </s>
<s n="185"><w type="VB">Suppose</w> <w type="NP">Lauren</w> <w type="VBZ">comes</w> <w type="VBG">looking</w> <w type="IN">for</w> <w type="PPO">us</w> <c type="pct">?</c> <c type="pct">?</c> </s>
<s n="186"><w type="PPSS">I</w> <w type="MD">can</w> <w type="VB">sit</w> <w type="RB">here</w> <w type="IN">in</w> <w type="AT">the</w> <w type="NN">car</w> <w type="CS">while</w> <w type="PPSS">you</w> <w type="VB">walk</w> <w type="IN">around</w> <w type="AT">the</w> <w type="NN">corner</w> <c type="pct">''</c> <c type="pct">.</c> </s>
</p>
<p><s n="187"><w type="AT">The</w> <w type="JJ">big</w> <w type="NN">car</w> <w type="VBD">sprang</w> <w type="RB">away</w> <w type="IN">from</w> <w type="AT">the</w> <w type="NN">curb</w> <w type="CS">like</w> <w type="PN">something</w> <w type="JJ">alive</w> <c type="pct">.</c> </s>
<s n="188"><w type="PPS">He</w> <w type="VBD">said</w> <c type="pct">,</c> <c type="pct">``</c> <mw pos="PPSS BEM">I'm </mw><w type="NEG">not</w> <w type="VBG">going</w> <w type="TO">to</w> <w type="VB">leave</w> <w type="PPg">my</w> <w type="NN">wife</w> <w type="CC">and</w> <w type="PPg">my</w> <w type="NN">car</w> <w type="RP">out</w> <w type="RB">here</w> <w type="IN">in</w> <w type="NN">sight</w> <w type="IN">of</w> <w type="DTS">those</w> <c type="pct">''</c> <c type="pct">--</c> </s>
</p>
<p><s n="189"><w type="NP">Roberta</w> <w type="VBD">glanced</w> <w type="IN">at</w> <w type="PPO">him</w> <w type="CC">and</w> <w type="VBD">stopped</w> <w type="VBG">trembling</w> <c type="pct">.</c> </s>
</p>
<p></p></body></text></TEI>
