<TEI xmlns="http://www.tei-c.org/ns/1.0"><teiHeader><fileDesc><titleStmt><title>Sample L21 from  Helen McCloy, "The Black Disk," Ellery Queen's Mystery Magazine,
 37: 4 (April, 1961), 23-27.
 </title></titleStmt><editionStmt><edition>A part  of the XML version of the Brown Corpus</edition></editionStmt><extent>2,009 words 398 (19.8%) quotes</extent><publicationStmt><idno>L21</idno><availability><p>Used by permission of Helen McCloy.0010-1810</p></availability></publicationStmt><sourceDesc><bibl> Helen McCloy, "The Black Disk," Ellery Queen's Mystery Magazine,
 37: 4 (April, 1961), 23-27.
 </bibl></sourceDesc></fileDesc><encodingDesc><p/></encodingDesc><revisionDesc><change when="2008-04-27">Header auto-generated for TEI version</change></revisionDesc></teiHeader>
<text xml:id="L21" decls="L">
<body><p><s n="1"><w type="CC">But</w> <w type="AT">the</w> <w type="NNS">police</w> <w type="HV">have</w> <w type="VBN">dropped</w> <w type="AT">the</w> <w type="NN">case</w> <c type="pct">.</c> </s>
<s n="2"><w type="PPSS">I</w> <w type="VB">want</w> <w type="PPO">you</w> <w type="TO">to</w> <w type="VB">go</w> <w type="IN">to</w> <w type="NP" subtype="TL">Pearson</w> <w type="NN" subtype="TL">City</w> <w type="CC">and</w> <w type="VB">find</w> <w type="RP">out</w> <w type="WRB">why</w> <c type="pct">--</c> <w type="JJ">first-hand</w> <w type="NN">stuff</w> <w type="IN">for</w> <w type="PPg">your</w> <w type="JJ">modern</w> <w type="NN">crime</w> <w type="NN">series</w> <c type="pct">.</c> </s>
<s n="3"><w type="VB">Take</w> <w type="AT">the</w> <w type="AP">same</w> <w type="NN">train</w> <w type="NP">Diana</w> <w type="NP">Beauclerk</w> <w type="VBD">took</w> <w type="CC">and</w> <w type="VB">get</w> <w type="RB">there</w> <w type="IN">at</w> <w type="AT">the</w> <w type="AP">same</w> <w type="NN">time</w> <c type="pct">.</c> </s>
<s n="4"><w type="VB">Go</w> <w type="IN">to</w> <w type="AT">the</w> <w type="AP">same</w> <w type="NN">hotel</w> <w type="CC">and</w> <w type="VB">occupy</w> <w type="AT">the</w> <w type="AP">same</w> <w type="NN">suite</w> <c type="pct">--</c> <w type="CD">1105</w> <c type="pct">''</c> <c type="pct">.</c> </s>
</p>
<p><s n="5"><c type="pct">``</c> <w type="MD">Will</w> <w type="AT">the</w> <w type="NN">hotel</w> <w type="NN">rent</w> <w type="PPO">it</w> <w type="QL">so</w> <w type="RB">soon</w> <w type="IN">after</w> <w type="AT">the</w> <w type="NN">crime</w> <c type="pct">''</c> <c type="pct">?</c> <c type="pct">?</c> </s>
</p>
<p><s n="6"><c type="pct">``</c> <w type="WRB">Why</w> <w type="NEG">not</w> <c type="pct">?</c> <c type="pct">?</c> </s>
<s n="7"><w type="AT">The</w> <w type="NNS">police</w> <w type="HV">have</w> <w type="VBN">finished</w> <w type="IN">with</w> <w type="PPO">it</w> <c type="pct">.</c> </s>
<s n="8"><w type="RB">Besides</w> <c type="pct">,</c> <w type="AT">the</w> <w type="NN">number</w> <w type="IN">of</w> <w type="AT">the</w> <w type="NN">suite</w> <mw pos="HVZ *">hasn't </mw><w type="BEN">been</w> <w type="VBN">published</w> <w type="IN">in</w> <w type="DTI">any</w> <w type="NN">newspaper</w> <c type="pct">.</c> </s>
<s n="9"><w type="IN">To</w> <w type="AT">the</w> <w type="NN">hotel</w> <w type="NNS">people</w> <c type="pct">,</c> <mw pos="PPSS MD">you'll </mw><w type="RB">just</w> <w type="BE">be</w> <w type="AT">an</w> <w type="JJ">innocent</w> <w type="NN">tourist</w> <w type="WPS">who</w> <w type="VBZ">happens</w> <w type="TO">to</w> <w type="VB">ask</w> <w type="IN">for</w> <w type="DT">that</w> <w type="JJ">particular</w> <w type="NN">suite</w> <c type="pct">''</c> <c type="pct">.</c> </s>
</p>
<p><s n="10"><c type="pct">``</c> <w type="RB">Still</w> <c type="pct">,</c> <w type="PPSS">they</w> <w type="MD">may</w> <w type="NEG">not</w> <w type="VB">want</w> <w type="TO">to</w> <w type="VB">rent</w> <w type="PPO">it</w> <c type="pct">''</c> <c type="pct">.</c> </s>
</p>
<p><s n="11"><c type="pct">``</c> <mw pos="DT BEZ">That's </mw><w type="PPg">your</w> <w type="NN">headache</w> <c type="pct">.</c> </s>
<s n="12"><w type="RB">Once</w> <w type="RB">inside</w> <c type="pct">,</c> <w type="VB">keep</w> <w type="PPg">your</w> <w type="NNS">eyes</w> <w type="VB">open</w> <c type="pct">''</c> <c type="pct">!</c> <c type="pct">!</c> </s>
</p>
<p><s n="13"><c type="pct">``</c> <w type="IN">For</w> <w type="WDT">what</w> <c type="pct">''</c> <c type="pct">!</c> <c type="pct">!</c> </s>
<s n="14"><w type="NP">Alec</w> <w type="BEDZ">was</w> <w type="VBG">growing</w> <w type="QL">more</w> <w type="CC">and</w> <w type="QL">more</w> <w type="JJ">skeptical</w> <c type="pct">.</c> </s>
<s n="15"><c type="pct">``</c> <w type="AT">The</w> <w type="NNS">police</w> <w type="MD">will</w> <w type="HV">have</w> <w type="VBN">gone</w> <w type="IN">over</w> <w type="AT">every</w> <w type="NN">square</w> <w type="NN">inch</w> <w type="IN">of</w> <w type="AT">the</w> <w type="NN">place</w> <w type="IN">with</w> <w type="AT">a</w> <w type="NN">fine-tooth</w> <w type="NN">comb</w> <c type="pct">.</c> </s>
<s n="16"><w type="AT">The</w> <w type="NN">hotel</w> <w type="NNS">people</w> <w type="MD">will</w> <w type="HV">have</w> <w type="VBN">scoured</w> <w type="CC">and</w> <w type="VBN">vacuumed</w> <w type="PPO">it</w> <c type="pct">.</c> </s>
<s n="17"><w type="CD">Ten</w> <w type="IN">to</w> <w type="CD">one</w> <c type="pct">,</c> <mw pos="PPS HVZ">it's </mw><w type="RB">even</w> <w type="BEN">been</w> <w type="VBN">redecorated</w> <c type="pct">''</c> <c type="pct">!</c> <c type="pct">!</c> </s>
</p>
<p><s n="18"><c type="pct">``</c> <mw pos="EX BEZ">There's </mw><w type="RB">always</w> <w type="AT">a</w> <w type="NN">chance</w> <w type="PPSS">they</w> <w type="MD">may</w> <w type="HV">have</w> <w type="VBN">overlooked</w> <w type="PN">something</w> <c type="pct">''</c> <c type="pct">,</c> <w type="VBD">returned</w> <w type="AT">the</w> <w type="NN">chief</w> <c type="pct">.</c> </s>
<s n="19"><c type="pct">``</c> <mw pos="PPSS BEM">I'm </mw><w type="VBG">betting</w> <w type="IN">on</w> <w type="DT">that</w> <w type="NN">chance</w> <c type="pct">.</c> </s>
<s n="20"><w type="VB">Interview</w> <w type="AT">the</w> <w type="NN">bellboy</w> <w type="CC">and</w> <w type="NN">chambermaid</w> <w type="WPS">who</w> <w type="VBD">waited</w> <w type="IN">on</w> <w type="NP">Beauclerk</w> <c type="pct">.</c> </s>
<s n="21"><w type="VB">Study</w> <w type="AT">the</w> <w type="NN">topography</w> <w type="IN">of</w> <w type="AT">the</w> <w type="NN">suite</w> <c type="pct">.</c> </s>
<s n="22"><w type="VB">Soak</w> <w type="RP">up</w> <w type="JJ">local</w> <w type="NN">color</w> <c type="pct">.</c> </s>
<s n="23"><w type="VB">Reenact</w> <w type="PN">everything</w> <w type="NP">Beauclerk</w> <w type="DOD">did</w> <c type="pct">.</c> </s>
</p>
<p><s n="24"><w type="VB">Try</w> <w type="TO">to</w> <w type="VB">imagine</w> <mw pos="PPSS BER">you're </mw><w type="VBG">going</w> <w type="TO">to</w> <w type="BE">be</w> <w type="VBN">murdered</w> <w type="PPL">yourself</w> <c type="pct">--</c> <w type="IN">between</w> <w type="CD">eleven</w> <w type="RB">p.m.</w> <w type="CC">and</w> <w type="CD">one</w> <w type="RB">a.m.</w> <w type="AT">the</w> <w type="NN">night</w> <w type="PPSS">you</w> <w type="VB">arrive</w> <c type="pct">''</c> <c type="pct">.</c> </s>
</p>
<p><s n="25"><w type="NP">Alec</w> <w type="VBD">smirked</w> <c type="pct">.</c> </s>
<s n="26"><c type="pct">``</c> <w type="JJ">Cheerful</w> <w type="NN">way</w> <w type="TO">to</w> <w type="VB">spend</w> <w type="AT">an</w> <w type="NN">evening</w> <c type="pct">''</c> <c type="pct">!</c> <c type="pct">!</c> </s>
<s n="27"><w type="AT">A</w> <w type="JJ">sudden</w> <w type="NN">thought</w> <w type="VBD">wiped</w> <w type="AT">the</w> <w type="NN">smirk</w> <w type="IN">from</w> <w type="PPg">his</w> <w type="NN">face</w> <c type="pct">.</c> </s>
<s n="28"><c type="pct">``</c> <w type="VB">Suppose</w> <w type="AT">the</w> <w type="NN">murderer</w> <w type="MD">should</w> <w type="VB">return</w> <w type="IN">to</w> <w type="AT">the</w> <w type="NN">scene</w> <w type="IN">of</w> <w type="AT">the</w> <w type="NN">crime</w> <c type="pct">''</c> <c type="pct">!</c> <c type="pct">!</c> </s>
</p>
<p><s n="29"><w type="AT">The</w> <w type="NNg">chief's</w> <w type="NNS">eyes</w> <w type="VBD">gleamed</w> <c type="pct">.</c> </s>
<s n="30"><w type="PPS">He</w> <w type="VBD">spoke</w> <w type="RB">softly</w> <c type="pct">.</c> </s>
<s n="31"><c type="pct">``</c> <w type="DT">That</w> <w type="BEZ">is</w> <w type="RB">exactly</w> <w type="WDT">what</w> <mw pos="PPSS BEM">I'm </mw><w type="VBG">hoping</w> <w type="IN">for</w> <c type="pct">.</c> </s>
<s n="32"><w type="IN">After</w> <w type="ABN">all</w> <c type="pct">,</c> <w type="AT">the</w> <w type="NN">murderer</w> <w type="BEZ">is</w> <w type="RB">still</w> <w type="IN">at</w> <w type="JJ">large</w> <c type="pct">.</c> </s>
<s n="33"><w type="CC">And</w> <w type="AT">the</w> <w type="NN">key</w> <w type="IN">to</w> <w type="AT">the</w> <w type="NN">suite</w> <w type="BEZ">is</w> <w type="RB">still</w> <w type="VBG">missing</w> <c type="pct">''</c> <c type="pct">.</c> </s>
</p>
<p><s n="34"><w type="IN">On</w> <w type="AT">the</w> <w type="NN">train</w> <w type="NP">Alec</w> <w type="VBD">refreshed</w> <w type="PPg">his</w> <w type="NN">memory</w> <w type="IN">of</w> <w type="AT">the</w> <w type="NP">Beauclerk</w> <w type="NN">case</w> <w type="IN">by</w> <w type="VBG">reading</w> <w type="NN">teletype</w> <w type="NNS">flimsies</w> <c type="pct">--</c> <w type="NN">spot-news</w> <w type="NNS">stories</w> <w type="IN">about</w> <w type="AT">the</w> <w type="NN">crime</w> <w type="VBN">sent</w> <w type="RP">out</w> <w type="IN">by</w> <w type="AT">the</w> <w type="NP" subtype="TL">Pearson</w> <w type="NN" subtype="TL">City</w> <w type="NN" subtype="TL">Star</w> <c type="pct">,</c> <w type="AT">a</w> <w type="NN">member</w> <w type="IN">of</w> <w type="AT">the</w> <w type="NN" subtype="TL">Syndicate</w> <w type="NN" subtype="TL">Press</w> <c type="pct">.</c> </s>
</p>
<p><s n="35"><w type="NP">Diana</w> <w type="NP">Beauclerk</w> <w type="BEDZ">was</w> <w type="AT">a</w> <w type="JJ">second-rate</w> <w type="NN">actress</w> <w type="VBG">living</w> <w type="IN">in</w> <w type="JJ" subtype="TL">New</w> <w type="NP" subtype="TL">York</w> <c type="pct">.</c> </s>
<s n="36"><w type="CD">Two</w> <w type="NNS">weeks</w> <w type="RB">ago</w> <w type="PPS">she</w> <w type="HVD">had</w> <w type="VBN">gone</w> <w type="NR">west</w> <w type="IN">to</w> <w type="NP" subtype="TL">Pearson</w> <w type="NN" subtype="TL">City</w> <c type="pct">.</c> </s>
<s n="37"><w type="NP">Daniel</w> <w type="NP">Forbes</w> <c type="pct">,</c> <w type="PPg">her</w> <w type="VBN">divorced</w> <w type="NN">husband</w> <c type="pct">,</c> <w type="VBD">lived</w> <w type="RB">there</w> <c type="pct">.</c> </s>
<s n="38"><w type="RB">So</w> <w type="DOD">did</w> <w type="AT">the</w> <w type="NN">firm</w> <w type="IN">of</w> <w type="NNS">lawyers</w> <w type="WPS">who</w> <w type="HVD">had</w> <w type="VBN">got</w> <w type="PPO">her</w> <w type="AT">the</w> <w type="NN">divorce</w> <c type="pct">,</c> <w type="NP">Kimball</w> <w type="CC">and</w> <w type="NP">Stacy</w> <c type="pct">.</c> </s>
</p>
<p><s n="39"><w type="PPS">She</w> <w type="VBD">reached</w> <w type="NP" subtype="TL">Pearson</w> <w type="NN" subtype="TL">City</w> <w type="IN">at</w> <w type="CD">nine</w> <w type="RB">p.m.</w> <w type="CC">and</w> <w type="VBD">went</w> <w type="RB">straight</w> <w type="IN">to</w> <w type="AT">the</w> <w type="NN" subtype="TL">Hotel</w> <w type="NP" subtype="TL">Westmore</w> <c type="pct">.</c> </s>
<s n="40"><w type="PPS">She</w> <w type="VBD">telephoned</w> <w type="AT">the</w> <w type="JJ">junior</w> <w type="NN">partner</w> <w type="IN">of</w> <w type="PPg">her</w> <w type="NN">law</w> <w type="NN">firm</w> <c type="pct">,</c> <w type="NP">Martin</w> <w type="NP">Stacy</w> <c type="pct">,</c> <w type="CC">and</w> <w type="VBD">asked</w> <w type="PPO">him</w> <w type="TO">to</w> <w type="VB">call</w> <w type="IN">at</w> <w type="PPg">her</w> <w type="NN">hotel</w> <w type="DT">that</w> <w type="NN">evening</w> <c type="pct">.</c> </s>
</p>
<p><s n="41"><w type="IN">At</w> <w type="AT">the</w> <w type="NN">time</w> <w type="IN">of</w> <w type="PPg">her</w> <w type="NN">divorce</w> <w type="NP">Forbes</w> <w type="HVD">had</w> <w type="VBN">promised</w> <w type="TO">to</w> <w type="VB">pay</w> <w type="PPO">her</w> <w type="AT">a</w> <w type="NN">lump</w> <w type="NN">sum</w> <w type="IN">in</w> <w type="NN">lieu</w> <w type="IN">of</w> <w type="JJR">further</w> <w type="NN">alimony</w> <w type="CS">if</w> <w type="PPS">she</w> <w type="VBD">remarried</w> <c type="pct">.</c> </s>
<s n="42"><w type="IN">According</w> <w type="IN">to</w> <w type="NP">Stacy</w> <c type="pct">,</c> <w type="PPS">she</w> <w type="VBD">told</w> <w type="PPO">him</w> <w type="PPS">she</w> <w type="BEDZ">was</w> <w type="VBG">planning</w> <w type="TO">to</w> <w type="VB">remarry</w> <w type="CC">and</w> <w type="PPS">she</w> <w type="VBD">wanted</w> <w type="PPO">him</w> <w type="TO">to</w> <w type="VB">ask</w> <w type="NP">Forbes</w> <w type="IN">for</w> <w type="AT">the</w> <w type="NN">lump</w> <w type="NN">sum</w> <c type="pct">.</c> </s>
<s n="43"><w type="NP">Stacy</w> <w type="VBD">replied</w> <w type="CS">that</w> <w type="PPS">it</w> <w type="MD">would</w> <w type="VB">bankrupt</w> <w type="NP">Forbes</w> <c type="pct">,</c> <w type="WPS">who</w> <w type="HVD">had</w> <w type="RB">just</w> <w type="VBN">sunk</w> <w type="ABN">all</w> <w type="PPg">his</w> <w type="NN">money</w> <w type="IN">in</w> <w type="AT">a</w> <w type="JJ">real</w> <w type="NN">estate</w> <w type="NN">venture</w> <c type="pct">.</c> </s>
</p>
<p><s n="44"><w type="NP">Stacy</w> <w type="VBD">said</w> <w type="PPS">he</w> <w type="VBD">left</w> <w type="PPg">her</w> <w type="NN">suite</w> <w type="IN">at</w> <w type="CD">nine</w> <w type="CD">forty-five</w> <w type="RB">p.m.</w> <c type="pct">.</c> </s>
<s n="45"><w type="PPS">She</w> <w type="BEDZ">was</w> <w type="IN">in</w> <w type="JJ">good</w> <w type="NN">health</w> <w type="CC">and</w> <w type="NNS">spirits</w> <c type="pct">,</c> <w type="CC">but</w> <w type="RB">still</w> <w type="VBN">determined</w> <w type="TO">to</w> <w type="VB">get</w> <w type="AT">the</w> <w type="NN">money</w> <w type="IN">from</w> <w type="NP">Forbes</w> <c type="pct">.</c> </s>
<s n="46"><w type="AT">No</w> <w type="PN">one</w> <w type="VBD">saw</w> <w type="NP">Stacy</w> <w type="VB">leave</w> <c type="pct">.</c> </s>
<s n="47"><w type="AT">No</w> <w type="AP">other</w> <w type="NN">visitor</w> <w type="VBD">inquired</w> <w type="IN">for</w> <w type="PPO">her</w> <w type="DT">that</w> <w type="NN">evening</w> <c type="pct">.</c> </s>
</p>
<p><s n="48"><w type="AP">Next</w> <w type="NN">morning</w> <w type="PPS">she</w> <w type="BEDZ">was</w> <w type="VBN">found</w> <w type="JJ">dead</w> <w type="IN">in</w> <w type="PPg">her</w> <w type="NN">suite</w> <w type="IN">with</w> <w type="AT">a</w> <w type="NN">bullet</w> <w type="IN">from</w> <w type="AT">a</w> </s>
</p>
<p><s n="49"><w type="NP">Colt</w> <w type="NN">revolver</w> <w type="IN">in</w> <w type="PPg">her</w> <w type="NN">brain</w> <c type="pct">.</c> </s>
<s n="50"><w type="IN">According</w> <w type="IN">to</w> <w type="AT">the</w> <w type="JJ">medical</w> <w type="NN">examiner</w> <c type="pct">,</c> <w type="PPS">she</w> <w type="BEDZ">was</w> <w type="VBN">shot</w> <w type="IN">between</w> <w type="CD">eleven</w> <w type="RB">p.m.</w> <w type="CC">and</w> <w type="CD">one</w> <w type="RB">a.m.</w> <c type="pct">.</c> </s>
<s n="51"><w type="PPg">Her</w> <w type="NN">door</w> <w type="BEDZ">was</w> <w type="VBN">locked</w> <w type="CC">and</w> <w type="AT">the</w> <w type="NN">key</w> <w type="BEDZ">was</w> <w type="VBG">missing</w> <c type="pct">.</c> </s>
<s n="52"><w type="RB">So</w> <w type="BEDZ">was</w> <w type="AT">the</w> <w type="NN">gun</w> <c type="pct">.</c> </s>
</p>
<p><s n="53"><w type="WRB">When</w> <w type="NP">Alec</w> <w type="VBD">finished</w> <w type="VBG">reading</w> <w type="PPS">he</w> <w type="BEDZ">was</w> <w type="JJ">sure</w> <w type="CS">that</w> <w type="CC">either</w> <w type="NP">Forbes</w> <w type="CC">or</w> <w type="NP">Stacy</w> <w type="HVD">had</w> <w type="VBN">killed</w> <w type="NP">Diana</w> <w type="NP">Beauclerk</w> <c type="pct">.</c> </s>
<s n="54"><w type="NP">Forbes</w> <w type="HVD">had</w> <w type="NN">motive</w> <w type="CC">and</w> <w type="NP">Stacy</w> <w type="HVD">had</w> <w type="NN">opportunity</w> <c type="pct">.</c> </s>
<s n="55"><w type="VB">Find</w> <w type="AT">a</w> <w type="NN">motive</w> <w type="IN">for</w> <w type="NP">Stacy</w> <w type="CC">or</w> <w type="AT">an</w> <w type="NN">opportunity</w> <w type="IN">for</w> <w type="NP">Forbes</w> <w type="CC">and</w> <w type="AT">the</w> <w type="NN">case</w> <w type="MD">would</w> <w type="BE">be</w> <w type="VBN">solved</w> <c type="pct">.</c> </s>
</p>
<p><s n="56"><w type="AT">The</w> <w type="NN" subtype="TL">Hotel</w> <w type="NP" subtype="TL">Westmore</w> <w type="VBD">proved</w> <w type="TO">to</w> <w type="BE">be</w> <w type="CD">one</w> <w type="IN">of</w> <w type="AT">the</w> <w type="JJR">older</w> <w type="NNS">hotels</w> <w type="IN">in</w> <w type="NP" subtype="TL">Pearson</w> <w type="NN" subtype="TL">City</w> <c type="pct">,</c> <w type="CC">and</w> <w type="RB">definitely</w> <w type="JJ">second-rate</w> <c type="pct">.</c> </s>
<s n="57"><w type="NPg">Alec's</w> <w type="OD">first</w> <w type="NN">impression</w> <w type="IN">of</w> <w type="AT">the</w> <w type="NN">lobby</w> <w type="BEDZ">was</w> <w type="JJ">gloomy</w> <c type="pct">,</c> <w type="JJ">Victorian</w> <w type="NN">dignity</w> <c type="pct">--</c> <w type="JJ">black</w> <w type="NN">walnut</w> <w type="CC">and</w> <w type="JJ">red</w> <w type="NN">plush</w> <c type="pct">,</c> <w type="AT">a</w> <w type="JJ">black</w> <w type="CC">and</w> <w type="JJ">white</w> <w type="VBN">tiled</w> <w type="NN">floor</w> <c type="pct">,</c> <w type="CC">and</w> <w type="JJ">Persian</w> <w type="NNS">rugs</w> <c type="pct">.</c> </s>
</p>
<p><s n="58"><w type="PPS">He</w> <w type="VBD">studied</w> <w type="AT">the</w> <w type="NN">night</w> <w type="NN">clerk</w> <w type="CS">as</w> <w type="AT">a</w> <w type="NN">man</w> <w type="VBZ">measures</w> <w type="AT">an</w> <w type="NN">adversary</w> <c type="pct">.</c> </s>
<s n="59"><c type="pct">``</c> <mw pos="PPSS MD">I'd </mw><w type="VB">like</w> <w type="AT">the</w> <w type="NN">room</w> <w type="PPSS">I</w> <w type="HVD">had</w> <w type="AT">the</w> <w type="AP">last</w> <w type="NN">time</w> <c type="pct">''</c> <c type="pct">.</c> </s>
</p>
<p><s n="60"><c type="pct">``</c> <w type="RB">Certainly</w> <c type="pct">,</c> <w type="NN">sir</w> <c type="pct">''</c> <c type="pct">.</c> </s>
<s n="61"><w type="AT">The</w> <w type="NN">clerk</w> <w type="BEDZ">was</w> <w type="JJ">young</w> <w type="CC">and</w> <w type="JJ">limp</w> <c type="pct">,</c> <w type="IN">with</w> <w type="AT">a</w> <w type="VBN">tired</w> <w type="NN">smile</w> <c type="pct">.</c> </s>
<s n="62"><c type="pct">``</c> <w type="DO">Do</w> <w type="PPSS">you</w> <w type="VB">recall</w> <w type="AT">the</w> <w type="NN">number</w> <c type="pct">''</c> <c type="pct">?</c> <c type="pct">?</c> </s>
</p>
<p><s n="63"><c type="pct">``</c> <w type="PPS">It</w> <w type="BEDZ">was</w> <w type="CD">1105</w> <c type="pct">''</c> <c type="pct">.</c> </s>
</p>
<p><s n="64"><w type="AT">The</w> <w type="NNg">clerk's</w> <w type="NN">smile</w> <w type="VBD">congealed</w> <c type="pct">.</c> </s>
<s n="65"><c type="pct">``</c> <w type="DT">That</w> <w type="NN">suite</w> <w type="BEZ">is</w> <w type="VBN">taken</w> <c type="pct">''</c> <c type="pct">.</c> </s>
</p>
<p><s n="66"><w type="NPg">Alec's</w> <w type="NN">glance</w> <w type="VBD">went</w> <w type="IN">to</w> <w type="AT">a</w> <w type="NN">chart</w> <w type="IN">of</w> <w type="NN">guest</w> <w type="NNS">names</w> <w type="CC">and</w> <w type="NN">room</w> <w type="NNS">numbers</w> <w type="VBG">hanging</w> <w type="IN">on</w> <w type="AT">the</w> <w type="NN">wall</w> <w type="IN">behind</w> <w type="AT">the</w> <w type="NN">clerk</w> <c type="pct">.</c> </s>
<s n="67"><w type="IN">Opposite</w> <w type="AT">the</w> <w type="NN">number</w> <w type="CD">1105</w> <w type="VBD">stood</w> <w type="CD">one</w> <w type="NN">word</w> <c type="pct">:</c> <w type="JJ">Unoccupied</w> <c type="pct">.</c> </s>
</p>
<p><s n="68"><w type="AT">The</w> <w type="NNg">clerk's</w> <w type="NN">glance</w> <w type="VBD">followed</w> <w type="NPg">Alec's</w> <c type="pct">.</c> </s>
<s n="69"><c type="pct">``</c> <w type="PPSS">We</w> <w type="HV">have</w> <w type="JJR">better</w> <w type="NNS">rooms</w> <w type="JJ">vacant</w> <w type="RB">now</w> <c type="pct">''</c> <c type="pct">,</c> <w type="PPS">he</w> <w type="VBD">babbled</w> <c type="pct">.</c> </s>
<s n="70"><c type="pct">``</c> <w type="JJR">Larger</w> <w type="CC">and</w> <w type="QL">more</w> <w type="JJ">comfortable</w> <c type="pct">.</c> </s>
<s n="71"><w type="IN">At</w> <w type="AT">the</w> <w type="AP">same</w> <w type="NN">rate</w> <c type="pct">''</c> <c type="pct">.</c> </s>
</p>
<p><s n="72"><w type="NPg">Alec's</w> <w type="NN">face</w> <w type="BEDZ">was</w> <w type="JJ">dark</w> <c type="pct">,</c> <w type="JJ">blunt</w> <c type="pct">,</c> <w type="CC">and</w> <w type="JJ">sulky</w> <c type="pct">.</c> </s>
<s n="73"><w type="PPS">He</w> <w type="RB">always</w> <w type="VBD">looked</w> <w type="JJ">impertinent</w> <w type="CC">and</w> <w type="PPS">he</w> <w type="MD">could</w> <w type="VB">look</w> <w type="JJ">dangerous</w> <c type="pct">.</c> </s>
<s n="74"><w type="PPS">He</w> <w type="BEDZ">was</w> <w type="VBG">looking</w> <w type="JJ">dangerous</w> <w type="RB">now</w> <c type="pct">.</c> </s>
<s n="75"><w type="PPS">He</w> <w type="VBD">raised</w> <w type="PPg">his</w> <w type="NN">voice</w> <c type="pct">.</c> </s>
<s n="76"><c type="pct">``</c> <w type="PN">Anything</w> <w type="JJ">wrong</w> <w type="IN">with</w> <w type="AT">the</w> <w type="NN">plumbing</w> <w type="IN">in</w> <w type="CD">1105</w> <c type="pct">''</c> <c type="pct">?</c> <c type="pct">?</c> </s>
</p>
<p><s n="77"><w type="EX">There</w> <w type="BEDZ">was</w> <w type="AT">a</w> <w type="JJ">sudden</w> <w type="NN">stillness</w> <w type="IN">in</w> <w type="AT">the</w> <w type="NN">lobby</w> <c type="pct">.</c> </s>
<s n="78"><w type="CD">Two</w> <w type="NNS">women</w> <c type="pct">,</c> <w type="WPS">who</w> <w type="HVD">had</w> <w type="BEN">been</w> <w type="VBG">chattering</w> <w type="CS">like</w> <w type="NNS">parrots</w> <c type="pct">,</c> <w type="BED">were</w> <w type="VBN">struck</w> <w type="JJ">dumb</w> <c type="pct">.</c> </s>
<s n="79"><w type="AT">A</w> <w type="NN">man</w> <c type="pct">,</c> <w type="VBG">lighting</w> <w type="AT">a</w> <w type="NN">match</w> <w type="IN">for</w> <w type="PPg">his</w> <w type="NN">cigar</w> <c type="pct">,</c> <w type="VBD">paused</w> <w type="CS">until</w> <w type="AT">the</w> <w type="NN">flame</w> <w type="VBD">burned</w> <w type="PPg">his</w> <w type="NNS">fingers</w> <c type="pct">.</c> </s>
<s n="80"><w type="RB">Even</w> <w type="AT">the</w> <w type="NNS">bellboys</w> <w type="IN">on</w> <w type="PPg">their</w> <w type="NN">bench</w> <w type="BED">were</w> <w type="VBG">listening</w> <c type="pct">.</c> </s>
</p>
<p><s n="81"><w type="AT">The</w> <w type="NNg">clerk's</w> <w type="NNS">eyes</w> <w type="VBD">flickered</w> <c type="pct">.</c> </s>
<s n="82"><c type="pct">``</c> <w type="IN">Of</w> <w type="NN">course</w> <w type="NEG">not</w> <c type="pct">''</c> <c type="pct">!</c> <c type="pct">!</c> </s>
</p>
<p><s n="83"><c type="pct">``</c> <w type="PN">Anybody</w> <w type="IN">with</w> <w type="AT">a</w> <w type="JJ">contagious</w> <w type="NN">disease</w> <w type="BEN">been</w> <w type="IN">in</w> <w type="RB">there</w> <c type="pct">''</c> <c type="pct">?</c> <c type="pct">?</c> </s>
</p>
<p><s n="84"><c type="pct">``</c> <w type="RB">No</w> <c type="pct">''</c> <c type="pct">!</c> <c type="pct">!</c> </s>
<s n="85"><w type="AT">The</w> <w type="NN">clerk</w> <w type="BEDZ">was</w> <w type="QL">almost</w> <w type="JJ">hysterical</w> <c type="pct">.</c> </s>
<s n="86"><c type="pct">``</c> <mw pos="PPS BEZ">It's </mw><w type="RB">just</w> <w type="CS">that</w> <c type="pct">--</c> <w type="UH">well</w> <c type="pct">,</c> <w type="CD">1105</w> <w type="BEZ">is</w> <w type="BEG">being</w> <w type="VBN">redecorated</w> <c type="pct">''</c> <c type="pct">.</c> </s>
</p>
<p><s n="87"><c type="pct">``</c> <w type="PPSS">I</w> <mw pos="DO *">don't </mw><w type="VB">believe</w> <w type="PPO">it</w> <c type="pct">''</c> <c type="pct">.</c> </s>
<s n="88"><w type="NP">Alec</w> <w type="VBD">leaned</w> <w type="IN">on</w> <w type="AT">the</w> <w type="NN">desk</w> <c type="pct">,</c> <w type="VBG">holding</w> <w type="AT">the</w> <w type="NNg">clerk's</w> <w type="NNS">eyes</w> <w type="IN">with</w> <w type="PPgg">his</w> <c type="pct">.</c> </s>
<s n="89"><c type="pct">``</c> <w type="VB">Suppose</w> <w type="PPO">you</w> <w type="VB">tell</w> <w type="PPO">me</w> <w type="AT">the</w> <w type="JJ">real</w> <w type="NN">reason</w> <c type="pct">''</c> <c type="pct">,</c> <w type="PPS">he</w> <w type="VBD">drawled</w> <c type="pct">.</c> </s>
<s n="90"><c type="pct">``</c> <w type="EX">There</w> <w type="MD">might</w> <w type="BE">be</w> <w type="AT">a</w> <w type="NN">story</w> <w type="IN">in</w> <w type="PPO">it</w> <c type="pct">''</c> <c type="pct">.</c> </s>
</p>
<p><s n="91"><c type="pct">``</c> <w type="NN">St-story</w> <c type="pct">''</c> <c type="pct">?</c> <c type="pct">?</c> </s>
</p>
<p><s n="92"><c type="pct">``</c> <mw pos="PPSS BEM">I'm </mw><w type="IN">with</w> <w type="AT">the</w> <w type="VBN" subtype="TL">Syndicated</w> <w type="NN" subtype="TL">Press</w> <c type="pct">,</c> <w type="NN" subtype="TL">Feature</w> <w type="NN" subtype="TL">Service</w> <c type="pct">.</c> </s>
<s n="93"><w type="CC">Either</w> <w type="PPSS">I</w> <w type="VB">get</w> <w type="AT">the</w> <w type="NN">story</w> <c type="pct">--</c> <w type="CC">or</w> <w type="PPSS">I</w> <w type="VB">get</w> <w type="AT">the</w> <w type="NN">suite</w> <c type="pct">''</c> <c type="pct">.</c> </s>
</p>
<p><s n="94"><w type="PPS">It</w> <w type="BEDZ">was</w> <w type="NN">blackmail</w> <w type="CC">and</w> <w type="AT">the</w> <w type="NN">clerk</w> <w type="VBD">knew</w> <w type="PPO">it</w> <c type="pct">.</c> </s>
<s n="95"><c type="pct">``</c> <w type="EX">There</w> <w type="BEZ">is</w> <w type="AT">no</w> <w type="NN">story</w> <c type="pct">''</c> <c type="pct">,</c> <w type="PPS">he</w> <w type="VBD">piped</w> <w type="RB">tremulously</w> <c type="pct">.</c> </s>
<s n="96"><c type="pct">``</c> <w type="NN" subtype="TL">Front</w> <c type="pct">!</c> <c type="pct">!</c> </s>
<s n="97"><w type="VB">Show</w> <w type="DT">this</w> <w type="NN">gentleman</w> <w type="IN">to</w> <w type="CD">1105</w> <c type="pct">''</c> <c type="pct">!</c> <c type="pct">!</c> </s>
</p>
<p><s n="98"><w type="AT">The</w> <w type="NN">stillness</w> <w type="VBD">persisted</w> <w type="CS">as</w> <w type="NP">Alec</w> <w type="VBD">followed</w> <w type="AT">a</w> <w type="NN">bellboy</w> <w type="IN">across</w> <w type="AT">the</w> <w type="NN">lobby</w> <w type="IN">to</w> <w type="AT">the</w> <w type="NN">elevator</w> <c type="pct">.</c> </s>
<s n="99"><w type="PPS">He</w> <w type="MD">could</w> <w type="VB">feel</w> <w type="NNS">eyes</w> <w type="IN">on</w> <w type="PPg">his</w> <w type="NN">back</w> <c type="pct">.</c> </s>
<s n="100"><w type="PPS">He</w> <w type="VBD">wished</w> <w type="PPS">it</w> <w type="HVD">had</w> <w type="NEG">not</w> <w type="BEN">been</w> <w type="JJ">necessary</w> <w type="TO">to</w> <w type="VB">announce</w> <w type="AT">the</w> <w type="NN">number</w> <w type="IN">of</w> <w type="PPg">his</w> <w type="NN">suite</w> <w type="QL">quite</w> <w type="QL">so</w> <w type="RB">publicly</w> <c type="pct">.</c> </s>
</p>
<p><s n="101"><w type="AT">The</w> <w type="NN">corridor</w> <w type="IN">on</w> <w type="AT">the</w> <w type="OD">eleventh</w> <w type="NN">floor</w> <w type="BEDZ">was</w> <w type="RB">dimly</w> <w type="VBN">lighted</w> <w type="IN">by</w> <w type="JJ">electric</w> <w type="NNS">globes</w> <w type="IN">at</w> <w type="NNS">intervals</w> <w type="IN">of</w> <w type="CD">thirty</w> <w type="NNS">feet</w> <c type="pct">.</c> </s>
<s n="102"><w type="AT">A</w> <w type="JJ">thick</w> <c type="pct">,</c> <w type="JJ">crimson</w> <w type="NN">carpet</w> <w type="VBD">muffled</w> <w type="AT">every</w> <w type="NN">footfall</w> <c type="pct">.</c> </s>
<s n="103"><w type="IN">At</w> <w type="AT">the</w> <w type="NN">end</w> <w type="IN">of</w> <w type="AT">the</w> <w type="NN">corridor</w> <w type="NP">Alec</w> <w type="VBD">noticed</w> <w type="AT">a</w> <w type="NN">door</w> <w type="VBN">marked</w> <c type="pct">:</c> <w type="NN" subtype="TL">Fire</w> <w type="NNS" subtype="TL">Stairs</w> <c type="pct">.</c> </s>
<s n="104"><w type="PPS">It</w> <w type="BEDZ">was</w> <w type="AT">a</w> <w type="JJ">neat</w> <w type="NN">setup</w> <w type="IN">for</w> <w type="NN">murder</w> <c type="pct">.</c> </s>
</p>
<p><s n="105"><w type="AT">The</w> <w type="NN">bellboy</w> <w type="VBD">unlocked</w> <w type="AT">a</w> <w type="JJ">white</w> <w type="NN">door</w> <w type="VBN">numbered</w> <w type="CD">1105</w> <c type="pct">.</c> </s>
<s n="106"><w type="AT">The</w> <w type="NN">room</w> <w type="BEDZ">was</w> <w type="JJ">dark</w> <w type="CC">but</w> <w type="AT">a</w> <w type="NN">neon</w> <w type="NN">sign</w> <w type="VBD">flashed</w> <w type="CC">and</w> <w type="VBD">faded</w> <w type="IN">beyond</w> <w type="AT">the</w> <w type="NN">window</w> <c type="pct">.</c> </s>
<s n="107"><w type="AT">A</w> <w type="AP">few</w> <w type="NNS">snowflakes</w> <w type="VBD">sifted</w> <w type="RP">down</w> <w type="IN">through</w> <w type="DT">that</w> <w type="JJ">theatrical</w> <w type="JJ">red</w> <w type="NN">glow</w> <c type="pct">,</c> <w type="JJ">languid</w> <w type="CS">as</w> <w type="VBG">falling</w> <w type="NNS">feathers</w> <c type="pct">.</c> </s>
<s n="108"><w type="RB">Hastily</w> <w type="AT">the</w> <w type="NN">boy</w> <w type="VBD">switched</w> <w type="RP">on</w> <w type="AT">a</w> <w type="NN">ceiling</w> <w type="NN">light</w> <c type="pct">.</c> </s>
</p>
<p><s n="109"><w type="AT">The</w> <w type="NN">room</w> <w type="VBD">looked</w> <w type="JJ">normal</w> <w type="CC">and</w> <w type="RB">even</w> <w type="JJ">commonplace</w> <c type="pct">.</c> </s>
<s n="110"><w type="EX">There</w> <w type="BEDZ">was</w> <w type="AT">no</w> <w type="NN">hint</w> <w type="IN">of</w> <w type="AT">a</w> <w type="JJ">violent</w> <w type="NN">struggle</w> <w type="RB">now</w> <c type="pct">.</c> </s>
<s n="111"><w type="NN">Deal</w> <w type="NN">furniture</w> <w type="IN">with</w> <w type="AT">a</w> <w type="NN">mahogany</w> <w type="NN">finish</w> <w type="BEDZ">was</w> <w type="RB">neatly</w> <w type="VBN">arranged</w> <w type="QL">as</w> <w type="CS">if</w> <w type="PPS">it</w> <w type="VBD">stood</w> <w type="IN">in</w> <w type="AT">the</w> <w type="NN">window</w> <w type="IN">of</w> <w type="AT">a</w> <w type="NN">department</w> <w type="NN">store</w> <c type="pct">.</c> </s>
<s n="112"><w type="AT">The</w> <w type="JJ">blue</w> <w type="NN">rug</w> <w type="BEDZ">was</w> <w type="RB">suspiciously</w> <w type="JJ">bright</w> <w type="CC">and</w> <w type="JJ">new</w> <c type="pct">.</c> </s>
<s n="113"><w type="PPS">It</w> <w type="HVD">had</w> <w type="RB">never</w> <w type="BEN">been</w> <w type="VBN">stained</w> <w type="IN">with</w> <w type="NN">blood</w> <c type="pct">.</c> </s>
<s n="114"><w type="NN">Table</w> <w type="NNS">covers</w> <w type="CC">and</w> <w type="NNS">towels</w> <w type="BED">were</w> <w type="JJ">clean</w> <c type="pct">,</c> <w type="NNS">ashtrays</w> <w type="JJ">empty</w> <w type="CC">and</w> <w type="VBN">supplied</w> <w type="IN">with</w> <w type="JJ">fresh</w> <w type="NNS">matches</w> <c type="pct">.</c> </s>
<s n="115"><w type="AT">The</w> <w type="NN">mirror</w> <w type="IN">over</w> <w type="AT">the</w> <w type="NN">bureau</w> <w type="BEDZ">was</w> <w type="AT">a</w> <w type="NN">blank</w> <w type="NN">eye</w> <c type="pct">,</c> <w type="JJ">round</w> <w type="CC">and</w> <w type="JJ">innocent</w> <c type="pct">.</c> </s>
</p>
<p><s n="116"><w type="NP">Alec</w> <w type="VBD">played</w> <w type="AT">the</w> <w type="NN">part</w> <w type="IN">of</w> <w type="AT">an</w> <w type="JJ">innocent</w> <w type="NN">tourist</w> <c type="pct">.</c> </s>
<s n="117"><c type="pct">``</c> <w type="BEZ">Is</w> <w type="EX">there</w> <w type="PN">anything</w> <w type="JJ">wrong</w> <w type="IN">with</w> <w type="DT">this</w> <w type="NN">room</w> <c type="pct">''</c> <c type="pct">?</c> <c type="pct">?</c> </s>
</p>
<p><s n="118"><c type="pct">``</c> <w type="RB">N-no</w> <c type="pct">''</c> <c type="pct">.</c> </s>
<s n="119"><w type="AT">The</w> <w type="NN">boy</w> <w type="VBD">dropped</w> <w type="PPg">his</w> <w type="NNS">eyes</w> <c type="pct">.</c> </s>
</p>
<p><s n="120"><c type="pct">``</c> <w type="JJ">Afraid</w> <mw pos="PPSS MD">you'll </mw><w type="VB">lose</w> <w type="PPg">your</w> <w type="NN">job</w> <w type="CS">if</w> <w type="PPSS">you</w> <mw pos="DO *">don't </mw><w type="VB">keep</w> <w type="PPg">your</w> <w type="NN">mouth</w> <w type="VBN">shut</w> <c type="pct">''</c> <c type="pct">?</c> <c type="pct">?</c> </s>
</p>
<p><s n="121"><w type="AT">The</w> <w type="NN">boy</w> <w type="VBD">raised</w> <w type="PPg">his</w> <w type="NNS">eyes</w> <c type="pct">.</c> </s>
<s n="122"><c type="pct">``</c> <w type="VB">Listen</w> <c type="pct">,</c> <w type="NP">mister</w> <c type="pct">.</c> </s>
<s n="123"><w type="CS">If</w> <w type="PPSS">you</w> <w type="VB">want</w> <w type="PPg">my</w> <w type="NN">advice</w> <c type="pct">,</c> <w type="VB">pack</w> <w type="RP">up</w> <w type="CC">and</w> <w type="VB">take</w> <w type="AT">the</w> <w type="AP">next</w> <w type="NN">train</w> <w type="RB">back</w> <w type="IN">to</w> <w type="JJ" subtype="TL">New</w> <w type="NP" subtype="TL">York</w> <c type="pct">''</c> <c type="pct">.</c> </s>
</p>
<p><s n="124"><c type="pct">``</c> <w type="BED">Were</w> <w type="PPSS">you</w> <w type="IN">on</w> <w type="NN">duty</w> <w type="RB">here</w> <w type="CD">two</w> <w type="NNS">weeks</w> <w type="RB">ago</w> <c type="pct">''</c> <c type="pct">?</c> <c type="pct">?</c> </s>
</p>
<p><s n="125"><w type="AT">The</w> <w type="NN">boy</w> <w type="VBD">hesitated</w> <c type="pct">.</c> </s>
<s n="126"><w type="RB">Then</w> <c type="pct">,</c> <c type="pct">``</c> <mw pos="PPSS BEM">I'm </mw><w type="NEG">not</w> <w type="VBG">talking</w> <c type="pct">.</c> </s>
<s n="127"><w type="CC">But</w> <w type="PPSS">I</w> <mw pos="MD *">wouldn't </mw><w type="VB">spend</w> <w type="AT">a</w> <w type="NN">night</w> <w type="IN">in</w> <w type="RB">here</w> <w type="IN">for</w> <w type="AT">a</w> <w type="CD">million</w> <w type="NNS">bucks</w> <c type="pct">''</c> <c type="pct">!</c> <c type="pct">!</c> </s>
</p>
<p><s n="128"><w type="PPS">He</w> <w type="BEDZ">was</w> <w type="IN">in</w> <w type="AT">a</w> <w type="NN">hurry</w> <w type="TO">to</w> <w type="VB">get</w> <w type="IN">out</w> <w type="IN">of</w> <w type="AT">the</w> <w type="NN">room</w> <c type="pct">.</c> </s>
<s n="129"><w type="NP">Alec</w> <w type="VBD">gave</w> <w type="PPO">him</w> <w type="AT">a</w> <w type="NN">tip</w> <w type="CC">and</w> <w type="VB">let</w> <w type="PPO">him</w> <w type="VB">go</w> <c type="pct">.</c> </s>
</p>
<p><s n="130"><w type="RB">Alone</w> <c type="pct">,</c> <w type="NP">Alec</w> <w type="VBD">examined</w> <w type="AT">the</w> <w type="NNS">doors</w> <c type="pct">.</c> </s>
<s n="131"><w type="EX">There</w> <w type="BED">were</w> <w type="CD">three</w> <c type="pct">--</c> <w type="CD">one</w> <w type="VBG">leading</w> <w type="IN">to</w> <w type="AT">a</w> <w type="NN">bathroom</w> <c type="pct">,</c> <w type="CD">one</w> <w type="IN">to</w> <w type="AT">the</w> <w type="NN">hall</w> <c type="pct">,</c> <w type="CC">and</w> <w type="CD">one</w> <w type="IN">to</w> <w type="AT">the</w> <w type="NN">room</w> <w type="AP">next</w> <w type="NN">door</w> <w type="WDT">which</w> <w type="BEDZ">was</w> <w type="JJ">immovable</w> <c type="pct">--</c> <w type="VBN">locked</w> <w type="CC">or</w> <w type="VBN">bolted</w> <w type="IN">on</w> <w type="AT">the</w> <w type="AP">other</w> <w type="NN">side</w> <c type="pct">.</c> </s>
<s n="132"><w type="NP">Alec</w> <w type="VBD">locked</w> <w type="AT">the</w> <w type="NN">hall</w> <w type="NN">door</w> <w type="CC">and</w> <w type="VBD">put</w> <w type="AT">the</w> <w type="NN">key</w> <w type="IN">with</w> <w type="PPg">his</w> <w type="NN">watch</w> <w type="IN">on</w> <w type="AT">the</w> <w type="NN">bedside</w> <w type="NN">table</w> <c type="pct">.</c> </s>
<s n="133"><w type="PPS">It</w> <w type="BEDZ">was</w> <w type="RB">just</w> <w type="NN">quarter</w> <w type="IN">of</w> <w type="CD">nine</w> <c type="pct">.</c> </s>
</p>
<p><s n="134"><w type="CS">As</w> <w type="PPS">he</w> <w type="VBD">ranged</w> <w type="PPg">his</w> <w type="NNS">belongings</w> <w type="IN">on</w> <w type="AT">the</w> <w type="NN">bureau</w> <w type="PPS">he</w> <w type="VBD">noticed</w> <w type="AT">a</w> <w type="NN">film</w> <w type="IN">of</w> <w type="JJ">white</w> <w type="NN">dust</w> <w type="IN">on</w> <w type="AT">the</w> <w type="JJ">dark</w> <w type="NN">surface</w> <w type="IN">of</w> <w type="AT">the</w> <w type="NN">wood</w> <w type="IN">beyond</w> <w type="AT">the</w> <w type="NN">linen</w> <w type="NN">cover</w> <c type="pct">.</c> </s>
<s n="135"><w type="NEG">Not</w> <w type="JJ">gray</w> <w type="CS">like</w> <w type="AT">the</w> <w type="NN">dust</w> <w type="WPS">that</w> <w type="VBZ">collects</w> <w type="IN">in</w> <w type="AT">an</w> <w type="JJ">unused</w> <w type="NN">room</w> <c type="pct">,</c> <w type="CC">but</w> <w type="JJ">white</w> <c type="pct">.</c> </s>
<s n="136"><w type="NNS">Women</w> <mw pos="DOD *">didn't </mw><w type="VB">use</w> <w type="JJ">white</w> <w type="NN">face</w> <w type="NN">powder</w> <w type="RB">nowadays</w> <c type="pct">,</c> <w type="PPS">he</w> <w type="VBD">recalled</w> <c type="pct">.</c> </s>
<s n="137"><w type="PPSS">They</w> <w type="VBD">used</w> <w type="JJ">pink</w> <c type="pct">,</c> <w type="JJ">tan</w> <c type="pct">,</c> <w type="CC">or</w> <w type="JJ">cream</w> <w type="NN">powder</w> <c type="pct">.</c> </s>
</p>
<p><s n="138"><w type="NP">Alec</w> <w type="VBD">glanced</w> <w type="IN">into</w> <w type="AT">the</w> <w type="NN">bathroom</w> <c type="pct">.</c> </s>
<s n="139"><w type="NN">Blood</w> <w type="IN">in</w> <w type="AT">the</w> <w type="NN">bathtub</w> <w type="WRB">where</w> <w type="AT">the</w> <w type="NN">murderer</w> <w type="VBZ">appears</w> <w type="TO">to</w> <w type="HV">have</w> <w type="VBN">washed</w> <w type="PPg">his</w> <w type="NNS">hands</w> <c type="pct">.</c> </s>
<s n="140"><w type="PPS">It</w> <w type="VBD">seemed</w> <w type="JJ">clean</w> <w type="RB">now</w> <c type="pct">,</c> <w type="CC">but</w> <w type="NP">Alec</w> <w type="VBD">decided</w> <w type="IN">against</w> <w type="AT">a</w> <w type="NN">bath</w> <c type="pct">.</c> </s>
<s n="141"><w type="PPS">He</w> <w type="VBD">crawled</w> <w type="IN">into</w> <w type="NN">bed</w> <w type="CC">and</w> <w type="VBD">switched</w> <w type="RP">off</w> <w type="AT">the</w> <w type="NN">light</w> <c type="pct">.</c> </s>
</p>
<p><s n="142"><w type="IN">In</w> <w type="AT">the</w> <w type="NN">darkness</w> <w type="PPS">he</w> <w type="MD">could</w> <w type="VB">see</w> <w type="AT">the</w> <w type="JJ">rosy</w> <w type="NN">reflection</w> <w type="IN">of</w> <w type="AT">the</w> <w type="NN">neon</w> <w type="NN">sign</w> <w type="IN">on</w> <w type="AT">the</w> <w type="NN">wall</w> <w type="IN">opposite</w> <w type="AT">the</w> <w type="NN">window</w> <c type="pct">.</c> </s>
<s n="143"><w type="PPS">It</w> <w type="VBD">winked</w> <w type="QL">as</w> <w type="RB">steadily</w> <w type="CS">as</w> <w type="AT">a</w> <w type="NN">metronome</w> <c type="pct">--</c> <w type="RP">on</w> <c type="pct">,</c> <w type="RP">off</w> <c type="pct">--</c> <w type="RP">on</w> <c type="pct">,</c> <w type="RP">off</w> <c type="pct">.</c> </s>
<s n="144"><w type="IN">In</w> <w type="AP">less</w> <w type="IN">than</w> <w type="CD">five</w> <w type="NNS">minutes</w> <w type="NP">Alec</w> <w type="BEDZ">was</w> <w type="RB">asleep</w> <c type="pct">.</c> </s>
</p>
<p><s n="145"><w type="PPS">He</w> <w type="RB">never</w> <w type="VBD">knew</w> <w type="RB">just</w> <w type="WDT">what</w> <w type="VBD">woke</w> <w type="PPO">him</w> <c type="pct">.</c> </s>
<s n="146"><w type="RB">Yet</w> <w type="RB">suddenly</w> <w type="PPS">he</w> <w type="BEDZ">was</w> <w type="JJ">wide-awake</w> <c type="pct">.</c> </s>
<s n="147"><w type="EX">There</w> <w type="BEDZ">was</w> <w type="AT">no</w> <w type="NN">sound</w> <w type="CC">and</w> <w type="RB">apparently</w> <w type="AT">no</w> <w type="NN">movement</w> <w type="IN">in</w> <w type="AT">the</w> <w type="NN">room</w> <w type="IN">except</w> <w type="AT">the</w> <w type="JJ">noiseless</w> <w type="NN">pulsation</w> <w type="IN">of</w> <w type="AT">the</w> <w type="JJ">red</w> <w type="NN">light</w> <w type="IN">on</w> <w type="AT">the</w> <w type="NN">wall</w> <c type="pct">.</c> </s>
</p>
<p><s n="148"><w type="PPS">He</w> <w type="VBD">lay</w> <w type="RB">still</w> <c type="pct">,</c> <w type="VBG">listening</w> <w type="IN">to</w> <w type="AT">the</w> <w type="NN">silence</w> <c type="pct">,</c> <w type="VBG">watching</w> <w type="AT">the</w> <w type="NN">light</w> <c type="pct">.</c> </s>
<s n="149"><w type="RB">Somewhere</w> <w type="IN">in</w> <w type="AT">the</w> <w type="NN">city</w> <w type="AT">a</w> <w type="JJ">big</w> <w type="NN">clock</w> <w type="VBD">sounded</w> <w type="CD">twelve</w> <w type="JJ">solemn</w> <w type="NNS">notes</w> <c type="pct">--</c> <w type="NN">midnight</w> <c type="pct">.</c> </s>
<s n="150"><w type="IN">According</w> <w type="IN">to</w> <w type="AT">the</w> <w type="JJ">medical</w> <w type="NN">examiner</w> <w type="PPS">she</w> <w type="BEDZ">was</w> <w type="VBN">shot</w> <w type="IN">between</w> <w type="CD">eleven</w> <w type="RB">p.m.</w> <w type="CC">and</w> <w type="CD">one</w> <w type="RB">a.m.</w> <c type="pct">.</c> </s>
</p>
<p><s n="151"><w type="NP">Alec</w> <w type="VBD">heard</w> <w type="AT">a</w> <w type="JJ">faint</w> <w type="NN">sound</w> <c type="pct">.</c> </s>
<s n="152"><w type="PPg">His</w> <w type="NN">heart</w> <w type="VBD">seemed</w> <w type="TO">to</w> <w type="VB">swell</w> <w type="CC">and</w> <w type="VB">knock</w> <w type="IN">against</w> <w type="AT">the</w> <w type="NN">wall</w> <w type="IN">of</w> <w type="PPg">his</w> <w type="NN">chest</w> <c type="pct">.</c> </s>
<s n="153"><w type="CS">For</w> <w type="AT">the</w> <w type="NN">sound</w> <w type="BEDZ">was</w> <w type="IN">inside</w> <w type="AT">the</w> <w type="NN">room</w> <c type="pct">.</c> </s>
</p>
<p><s n="154"><w type="PPS">He</w> <w type="VBD">let</w> <w type="PPg">his</w> <w type="NNS">eyelids</w> <w type="VB">droop</w> <w type="CC">and</w> <w type="VBD">breathed</w> <w type="RB">heavily</w> <c type="pct">,</c> <w type="VBG">feigning</w> <w type="NN">sleep</w> <c type="pct">.</c> </s>
<s n="155"><w type="AT">The</w> <w type="NN">sound</w> <w type="BEDZ">was</w> <w type="VBG">coming</w> <w type="RBR">nearer</w> <c type="pct">.</c> </s>
<s n="156"><w type="AT">A</w> <w type="JJ">monstrous</w> <w type="NN">shadow</w> <w type="VBD">fell</w> <w type="IN">across</w> <w type="AT">the</w> <w type="VBN">illuminated</w> <w type="NN">wall</w> <c type="pct">,</c> <w type="VBN">distorted</w> <w type="CC">and</w> <w type="JJ">indefinable</w> <c type="pct">.</c> </s>
</p>
<p><s n="157"><w type="WRB">When</w> <w type="AT">the</w> <w type="NN">neon</w> <w type="NN">sign</w> <w type="VBD">faded</w> <w type="RP">out</w> <c type="pct">,</c> <w type="AT">the</w> <w type="NN">shadow</w> <w type="VBD">disappeared</w> <c type="pct">.</c> </s>
<s n="158"><w type="WRB">When</w> <w type="AT">the</w> <w type="NN">neon</w> <w type="NN">sign</w> <w type="VBD">flashed</w> <w type="RP">on</w> <c type="pct">,</c> <w type="AT">the</w> <w type="NN">shadow</w> <w type="BEDZ">was</w> <w type="RB">still</w> <w type="RB">there</w> <c type="pct">.</c> </s>
<s n="159"><w type="PPS">It</w> <w type="VBD">stretched</w> <w type="IN">to</w> <w type="AT">an</w> <w type="JJ">impossible</w> <w type="NN">height</w> <c type="pct">,</c> <w type="VBG">climbing</w> <w type="AT">the</w> <w type="NN">wall</w> <w type="IN">to</w> <w type="AT">the</w> <w type="NN">ceiling</w> <c type="pct">.</c> </s>
<s n="160"><w type="DT">That</w> <w type="VBD">meant</w> <w type="CS">that</w> <w type="PN">something</w> <w type="IN">between</w> <w type="AT">the</w> <w type="NN">light</w> <w type="CC">and</w> <w type="PPg">its</w> <w type="NN">reflection</w> <w type="IN">on</w> <w type="AT">the</w> <w type="NN">wall</w> <w type="BEDZ">was</w> <w type="VBG">moving</w> <w type="RBR">closer</w> <w type="IN">to</w> <w type="AT">the</w> <w type="NN">source</w> <w type="IN">of</w> <w type="AT">the</w> <w type="NN">light</w> <c type="pct">--</c> <w type="IN">in</w> <w type="DT">this</w> <w type="NN">case</w> <c type="pct">,</c> <w type="AT">the</w> <w type="NN">window</w> <c type="pct">.</c> </s>
</p>
<p><s n="161"><w type="RB">Cautiously</w> <w type="NP">Alec</w> <w type="VBD">tensed</w> <w type="PPg">his</w> <w type="NNS">muscles</w> <c type="pct">,</c> <w type="JJ">ready</w> <w type="TO">to</w> <w type="VB">jump</w> <c type="pct">.</c> </s>
<s n="162"><w type="AT">The</w> <w type="NNS">bedsprings</w> <w type="VBD">betrayed</w> <w type="PPO">him</w> <w type="IN">with</w> <w type="AT">a</w> <w type="NN">creak</w> <c type="pct">.</c> </s>
<s n="163"><w type="AT">The</w> <w type="NN">shadow</w> <w type="VBD">vanished</w> <c type="pct">.</c> </s>
<s n="164"><w type="PN">Someone</w> <w type="HVD">had</w> <w type="VBN">moved</w> <w type="IN">beyond</w> <w type="AT">the</w> <w type="NN">range</w> <w type="IN">of</w> <w type="AT">the</w> <w type="NN">light</w> <w type="IN">from</w> <w type="AT">the</w> <w type="NN">window</w> <c type="pct">.</c> </s>
</p>
<p><s n="165"><w type="VBG">Abandoning</w> <w type="NN">caution</w> <c type="pct">,</c> <w type="NP">Alec</w> <w type="VBD">leaped</w> <w type="IN">out</w> <w type="IN">of</w> <w type="NN">bed</w> <w type="CC">and</w> <w type="VBD">groped</w> <w type="IN">for</w> <w type="AT">the</w> <w type="NN">light</w> <w type="NN">switch</w> <c type="pct">.</c> </s>
<s n="166"><w type="CS">Before</w> <w type="PPS">he</w> <w type="MD">could</w> <w type="VB">snap</w> <w type="PPO">it</w> <w type="RP">on</w> <c type="pct">,</c> <w type="AT">a</w> <w type="VBG">stinging</w> <w type="NN">blow</w> <w type="VBD">caught</w> <w type="PPO">him</w> <w type="IN">in</w> <w type="AT">the</w> <w type="NNS">ribs</w> <c type="pct">.</c> </s>
<s n="167"><w type="PPS">He</w> <w type="VBD">lashed</w> <w type="RP">out</w> <w type="RB">blindly</w> <w type="IN">with</w> <w type="PPg">his</w> <w type="NN">right</w> <c type="pct">.</c> </s>
<s n="168"><w type="EX">There</w> <w type="BEDZ">was</w> <w type="AT">a</w> <w type="JJ">thick</w> <c type="pct">,</c> <w type="JJ">squashy</w> <w type="NN">crack</w> <w type="IN">of</w> <w type="NN">fist</w> <w type="IN">on</w> <w type="NN">flesh</w> <c type="pct">.</c> </s>
</p>
<p><s n="169"><w type="PN">Something</w> <w type="JJ">hard</w> <w type="VBN">grazed</w> <w type="PPg">his</w> <w type="NNS">knuckles</w> <c type="pct">.</c> </s>
<s n="170"><w type="PPS">He</w> <w type="VBD">put</w> <w type="PN">everything</w> <w type="PPS">he</w> <w type="HVD">had</w> <w type="IN">into</w> <w type="AT">the</w> <w type="AP">next</w> <w type="CC">and</w> <w type="VBD">aimed</w> <w type="RP">down</w> <w type="WRB">where</w> <w type="AT">the</w> <w type="NN">stomach</w> <w type="MD">ought</w> <w type="TO">to</w> <w type="BE">be</w> <c type="pct">.</c> </s>
<s n="171"><w type="JJ">Rough</w> <w type="NN">cloth</w> <w type="VBD">rasped</w> <w type="PPg">his</w> <w type="NN">fist</w> <c type="pct">.</c> </s>
<s n="172"><w type="EX">There</w> <w type="BEDZ">was</w> <w type="AT">a</w> <w type="NN">grunt</w> <c type="pct">,</c> <w type="RB">curiously</w> <w type="JJ">inarticulate</w> <c type="pct">,</c> <w type="CS">like</w> <w type="DT">that</w> <w type="IN">of</w> <w type="AT">an</w> <w type="NN">animal</w> <w type="IN">in</w> <w type="NN">pain</w> <c type="pct">.</c> </s>
<s n="173"><w type="PN">Something</w> <w type="JJ">heavy</w> <w type="VBD">shook</w> <w type="AT">the</w> <w type="NN">floor</w> <w type="CS">as</w> <w type="PPS">it</w> <w type="VBD">dropped</w> <c type="pct">.</c> </s>
</p>
<p><s n="174"><w type="NP">Alec</w> <w type="VBD">waited</w> <w type="AT">a</w> <w type="NN">moment</w> <c type="pct">,</c> <w type="IN">on</w> <w type="NN">guard</w> <c type="pct">.</c> </s>
<s n="175"><w type="PN">Nothing</w> <w type="VBD">happened</w> <c type="pct">.</c> </s>
<s n="176"><w type="RB">Again</w> <w type="PPS">he</w> <w type="VBD">groped</w> <w type="IN">for</w> <w type="AT">the</w> <w type="NN">light</w> <w type="NN">switch</w> <c type="pct">.</c> </s>
</p>
<p><s n="177"><w type="AT">The</w> <w type="JJ">blue</w> <w type="NN">rug</w> <w type="HVD">had</w> <w type="BEN">been</w> <w type="VBN">rolled</w> <w type="RP">up</w> <w type="CC">and</w> <w type="VBN">stacked</w> <w type="IN">in</w> <w type="CD">one</w> <w type="NN">corner</w> <w type="IN">of</w> <w type="AT">the</w> <w type="NN">room</w> <c type="pct">.</c> </s>
<s n="178"><w type="IN">On</w> <w type="AT">the</w> <w type="JJ">bare</w> <w type="NNS">floorboards</w> <w type="AT">a</w> <w type="NN">man</w> <w type="VBD">lay</w> <w type="NN">face</w> <w type="RP">down</w> <c type="pct">.</c> </s>
<s n="179"><w type="PPS">He</w> <w type="HVD">had</w> <w type="AT">a</w> <w type="JJ">short</w> <c type="pct">,</c> <w type="JJ">heavy</w> <c type="pct">,</c> <w type="JJ">powerful</w> <w type="NN">body</w> <c type="pct">.</c> </s>
</p>
<p><s n="180"><w type="NP">Alec</w> <w type="VBD">turned</w> <w type="PPO">him</w> <w type="RP">over</w> <w type="CC">and</w> <w type="VBD">discovered</w> <w type="AT">a</w> <w type="JJ">round</w> <c type="pct">,</c> <w type="JJ">lumpy</w> <w type="NN">face</w> <w type="IN">with</w> <w type="JJ">narrow</w> <c type="pct">,</c> <w type="VBG">slanting</w> <w type="NNS">eyes</w> <c type="pct">--</c> <w type="AT">a</w> <w type="JJ">primitive</w> <w type="NP">Tartar</w> <w type="NN">face</w> <w type="IN">from</w> <w type="NP">Russia</w> <w type="CC">or</w> <w type="AT">the</w> <w type="NPS">Balkans</w> <c type="pct">.</c> </s>
<s n="181"><w type="AT">The</w> <w type="NNg">man's</w> <w type="NNS">shoes</w> <w type="BED">were</w> <w type="QL">too</w> <w type="VBN">pointed</w> <c type="pct">,</c> <w type="PPg">his</w> <w type="NN">overcoat</w> <w type="QL">too</w> <w type="JJ">broad</w> <w type="IN">at</w> <w type="AT">the</w> <w type="NNS">shoulders</w> <w type="CC">and</w> <w type="QL">too</w> <w type="JJ">narrow</w> <w type="IN">at</w> <w type="AT">the</w> <w type="NN">waist</w> <c type="pct">.</c> </s>
</p>
<p><s n="182"><w type="EX">There</w> <w type="BEDZ">was</w> <w type="AT">a</w> <w type="JJ">slight</w> <w type="NN">bulge</w> <w type="IN">under</w> <w type="AT">the</w> <w type="JJ">left</w> <w type="NN">armpit</w> <c type="pct">--</c> <w type="AT">a</w> <w type="NN">shoulder</w> <w type="NN">holster</w> <c type="pct">.</c> </s>
<s n="183"><w type="NP">Alec</w> <w type="RB">promptly</w> <w type="VBD">removed</w> <w type="AT">the</w> <w type="NN">gun</w> <c type="pct">.</c> </s>
<s n="184"><w type="PPS">He</w> <w type="BEDZ">was</w> <w type="JJ">familiar</w> <w type="IN">with</w> <w type="DT">this</w> <w type="NN">type</w> <c type="pct">.</c> </s>
<s n="185"><w type="PPS">He</w> <w type="HVD">had</w> <w type="VBN">seen</w> <w type="PPO">it</w> <w type="IN">in</w> <w type="AT">the</w> <w type="NN">lineup</w> <w type="IN">at</w> <w type="NNS" subtype="TL">Police</w> <w type="NN" subtype="TL">Headquarters</w> <w type="IN">in</w> <w type="JJ" subtype="TL">New</w> <w type="NP" subtype="TL">York</w> <c type="pct">,</c> <w type="IN">in</w> <w type="NP">Broadway</w> <w type="NN">night</w> <w type="NNS">clubs</w> <w type="CC">and</w> <w type="OD" subtype="TL">Seventh</w> <w type="NN" subtype="TL">Avenue</w> <w type="NN">pool</w> <w type="NNS">rooms</w> <c type="pct">,</c> <w type="IN">in</w> <w type="AT">the</w> <w type="NN">criminal</w> <w type="NNS">courts</w> <c type="pct">.</c> </s>
<s n="186"><w type="CC">But</w> <w type="PPS">he</w> <w type="BEDZ">was</w> <w type="VBN">surprised</w> <w type="TO">to</w> <w type="VB">meet</w> <w type="PPO">it</w> <w type="RB">here</w> <c type="pct">.</c> </s>
<s n="187"><w type="NP">Diana</w> <w type="NP">Beauclerk</w> <w type="HVD">had</w> <w type="AT">no</w> <w type="NN">connection</w> <w type="IN">with</w> <w type="AT">the</w> <w type="NN">underworld</w> <c type="pct">.</c> </s>
</p>
<p><s n="188"><w type="AT">A</w> <w type="JJ">professional</w> <w type="NN">gunman</w> <w type="MD">would</w> <w type="NEG">not</w> <w type="HV">have</w> <w type="VBN">killed</w> <w type="PPO">her</w> <w type="IN">with</w> <w type="AT">a</w> <w type="NN">weapon</w> <w type="IN">of</w> <w type="JJ">such</w> <w type="JJ">small</w> <w type="NN">caliber</w> <w type="CS">as</w> <w type="AT">a</w> </s>
</p>
<p><s n="189"><w type="CC">Nor</w> <w type="MD">would</w> <w type="PPS">he</w> <w type="VB">choose</w> <w type="AT">a</w> <w type="JJ">respectable</w> <w type="NN">hotel</w> <w type="CS">as</w> <w type="AT">the</w> <w type="NN">scene</w> <w type="IN">for</w> <w type="AT">a</w> <w type="NN">killing</w> <w type="WRB">when</w> <w type="PPS">it</w> <w type="MD">would</w> <w type="BE">be</w> <w type="QL">so</w> <w type="QL">much</w> <w type="JJR">safer</w> <w type="TO">to</w> <w type="VB">take</w> <w type="PPg">his</w> <w type="NN">victim</w> <w type="IN">for</w> <w type="AT">a</w> <w type="NN">one-way</w> <w type="NN">ride</w> <w type="IN">on</w> <w type="AT">a</w> <w type="JJ">lonely</w> <w type="NN">country</w> <w type="NN">road</w> <c type="pct">.</c> </s>
</p>
<p><s n="190"><w type="AT">The</w> <w type="NNg">man's</w> <w type="NNS">eyelids</w> <w type="VBD">fluttered</w> <c type="pct">.</c> </s>
<s n="191"><w type="PPS">He</w> <w type="VBD">opened</w> <w type="PPg">his</w> <w type="NNS">eyes</w> <c type="pct">.</c> </s>
</p>
<p><s n="192"><c type="pct">``</c> <w type="WDT">What</w> <w type="BER">are</w> <w type="PPSS">you</w> <w type="VBG">doing</w> <w type="RB">here</w> <c type="pct">''</c> <c type="pct">?</c> <c type="pct">?</c> </s>
<s n="193"><w type="VBN">Demanded</w> <w type="NP">Alec</w> <c type="pct">.</c> </s>
</p>
<p><s n="194"><w type="AT">The</w> <w type="NN">man</w> <w type="VBD">made</w> <w type="AT">no</w> <w type="NN">reply</w> <c type="pct">.</c> </s>
<s n="195"><w type="PPg">His</w> <w type="NNS">eyes</w> <w type="BED">were</w> <w type="VBN">dazed</w> <c type="pct">.</c> </s>
<s n="196"><w type="PPg">His</w> <w type="NNS">lips</w> <w type="BED">were</w> <w type="VBN">bruised</w> <w type="CC">and</w> <w type="VBN">swollen</w> <w type="WRB">where</w> <w type="NP">Alec</w> <w type="HVD">had</w> <w type="VBN">hit</w> <w type="PPO">him</w> <c type="pct">.</c> </s>
</p>
<p><s n="197"><c type="pct">``</c> <w type="DOD">Did</w> <w type="PPSS">you</w> <w type="VB">kill</w> <w type="NP">Diana</w> <w type="NP">Beauclerk</w> <c type="pct">''</c> <c type="pct">?</c> <c type="pct">?</c> </s>
</p>
<p><s n="198"><w type="NP">Alec</w> <w type="VBD">expected</w> <w type="AT">an</w> <w type="JJ">indignant</w> <w type="NN">denial</w> <c type="pct">,</c> <w type="CC">but</w> <w type="EX">there</w> <w type="BEDZ">was</w> <w type="AT">no</w> <w type="NN">response</w> <w type="IN">at</w> <w type="ABN">all</w> <c type="pct">.</c> </s>
</p>
<p><s n="199"><c type="pct">``</c> <w type="UH">Oh</w> <c type="pct">,</c> <w type="VB">come</w> <w type="RP">on</w> <c type="pct">,</c> <w type="VB">snap</w> <w type="IN">out</w> <w type="IN">of</w> <w type="PPO">it</w> <c type="pct">!</c> <c type="pct">!</c> </s>
<s n="200"><w type="CC">Or</w> <mw pos="PPSS MD">I'll </mw><w type="VB">turn</w> <w type="PPO">you</w> <w type="RP">over</w> <w type="IN">to</w> <w type="AT">the</w> <w type="NNS">police</w> <c type="pct">''</c> <c type="pct">!</c> <c type="pct">!</c> </s>
<s n="201"><w type="AT">The</w> <w type="NN">silence</w> <w type="BEDZ">was</w> <w type="VBG">getting</w> <w type="IN">on</w> <w type="NPg">Alec's</w> <w type="NNS">nerves</w> <c type="pct">.</c> </s>
</p>
<p><s n="202"><w type="AT">The</w> <w type="NN">man</w> <w type="VBD">opened</w> <w type="PPg">his</w> <w type="NN">mouth</w> <c type="pct">,</c> <w type="CC">but</w> <w type="AT">no</w> <w type="NNS">words</w> <w type="VBD">came</w> <c type="pct">.</c> </s>
<s n="203"><w type="RB">Only</w> <w type="DT">that</w> <w type="JJ">curious</w> <c type="pct">,</c> <w type="NN">animal</w> <w type="NN">grunting</w> <w type="NP">Alec</w> <w type="HVD">had</w> <w type="VBN">heard</w> <w type="IN">during</w> <w type="PPg">their</w> <w type="NN">fight</w> <c type="pct">.</c> </s>
</p>
<p><s n="204"><c type="pct">``</c> <mw pos="DO *">Don't </mw><w type="PPO">you</w> <w type="VB">speak</w> <w type="NP">English</w> <c type="pct">''</c> <c type="pct">?</c> <c type="pct">?</c> </s>
</p>
<p><s n="205"><w type="AT">The</w> <w type="NN">man</w> <w type="VBD">opened</w> <w type="PPg">his</w> <w type="NN">mouth</w> <w type="JJR">wider</w> <c type="pct">.</c> </s>
<s n="206"><w type="AT">A</w> <w type="NN">forefinger</w> <w type="VBN">pointed</w> <w type="IN">toward</w> <w type="PPg">his</w> <w type="NN">gullet</w> <c type="pct">.</c> </s>
<s n="207"><w type="NP">Alec</w> <w type="VBD">leaned</w> <w type="RB">forward</w> <w type="TO">to</w> <w type="VB">look</w> <c type="pct">.</c> </s>
<s n="208"><w type="EX">There</w> <w type="BED">were</w> <w type="JJ">hideous</w> <w type="NNS">scars</w> <w type="IN">inside</w> <w type="AT">the</w> <w type="NN">throat</w> <w type="CC">and</w> <w type="AT">the</w> <w type="NN">palate</w> <w type="BEDZ">was</w> <w type="VBN">mutilated</w> <c type="pct">.</c> </s>
</p>
<p></p></body></text></TEI>
