<TEI xmlns="http://www.tei-c.org/ns/1.0"><teiHeader><fileDesc><titleStmt><title>Sample M01 from  Robert Heinlein, Stranger in a Strange Land.
 New York: G. P. Putnam's Sons, 1961. Pp. 250-255.
 </title></titleStmt><editionStmt><edition>A part  of the XML version of the Brown Corpus</edition></editionStmt><extent>2,016 words 651 (32.3%) quotes 12 symbols</extent><publicationStmt><idno>M01</idno><availability><p>Used by permission of Robert A. Heinlein. 0010-1860</p></availability></publicationStmt><sourceDesc><bibl> Robert Heinlein, Stranger in a Strange Land.
 New York: G. P. Putnam's Sons, 1961. Pp. 250-255.
 </bibl></sourceDesc></fileDesc><encodingDesc><p/></encodingDesc><revisionDesc><change when="2008-04-27">Header auto-generated for TEI version</change></revisionDesc></teiHeader>
<text xml:id="M01" decls="M">
<body><p><s n="1"><w type="RB">Now</w> <w type="CS">that</w> <w type="PPS">he</w> <w type="VBD">knew</w> <w type="PPL">himself</w> <w type="TO">to</w> <w type="BE">be</w> <w type="NN">self</w> <w type="PPS">he</w> <w type="BEDZ">was</w> <w type="JJ">free</w> <w type="TO">to</w> <w type="VB">grok</w> <w type="QL">ever</w> <w type="RBR">closer</w> <w type="IN">to</w> <w type="PPg">his</w> <w type="NNS">brothers</w> <c type="pct">,</c> <w type="VB">merge</w> <w type="IN">without</w> <w type="NN">let</w> <c type="pct">.</c> </s>
<s n="2"><w type="NNg">Self's</w> <w type="NN">integrity</w> <w type="BEDZ">was</w> <w type="CC">and</w> <w type="BEZ">is</w> <w type="CC">and</w> <w type="RB">ever</w> <w type="HVD">had</w> <w type="BEN">been</w> <c type="pct">.</c> </s>
<s n="3"><w type="NP">Mike</w> <w type="VBD">stopped</w> <w type="TO">to</w> <w type="VB">cherish</w> <w type="ABN">all</w> <w type="PPg">his</w> <w type="NN">brother</w> <w type="NNS">selves</w> <c type="pct">,</c> <w type="AT">the</w> <w type="AP">many</w> <w type="JJ">threes-fulfilled</w> <w type="IN">on</w> <w type="NP">Mars</w> <c type="pct">,</c> <w type="JJ">corporate</w> <w type="CC">and</w> <w type="JJ">discorporate</w> <c type="pct">,</c> <w type="AT">the</w> <w type="JJ">precious</w> <w type="AP">few</w> <w type="IN">on</w> <w type="NN" subtype="TL">Earth</w> <c type="pct">--</c> <w type="AT">the</w> <w type="JJ">unknown</w> <w type="NNS">powers</w> <w type="IN">of</w> <w type="CD">three</w> <w type="IN">on</w> <w type="NN" subtype="TL">Earth</w> <w type="WPS">that</w> <w type="MD">would</w> <w type="BE">be</w> <w type="PPg">his</w> <w type="TO">to</w> <w type="VB">merge</w> <w type="IN">with</w> <w type="CC">and</w> <w type="VB">cherish</w> <w type="RB">now</w> <w type="CS">that</w> <w type="IN">at</w> <w type="AP">last</w> <w type="JJ">long</w> <w type="NN">waiting</w> <w type="PPS">he</w> <w type="VBD">grokked</w> <w type="CC">and</w> <w type="VBD">cherished</w> <w type="PPL">himself</w> <c type="pct">.</c> </s>
</p>
<p><s n="4"><w type="NP">Mike</w> <w type="VBD">remained</w> <w type="IN">in</w> <w type="NN">trance</w> <c type="pct">;</c> <c type="pct">;</c> </s>
<s n="5"><w type="EX">there</w> <w type="BEDZ">was</w> <w type="AP">much</w> <w type="TO">to</w> <w type="VB">grok</w> <c type="pct">,</c> <w type="JJ">loose</w> <w type="NNS">ends</w> <w type="TO">to</w> <w type="VB">puzzle</w> <w type="RP">over</w> <w type="CC">and</w> <w type="VB">fit</w> <w type="IN">into</w> <w type="PPg">his</w> <w type="VBG">growing</w> <c type="pct">--</c> <w type="ABN">all</w> <w type="CS">that</w> <w type="PPS">he</w> <w type="HVD">had</w> <w type="VBN">seen</w> <w type="CC">and</w> <w type="VBN">heard</w> <w type="CC">and</w> <w type="BEN">been</w> <w type="IN">at</w> <w type="AT">the</w> <w type="NN" subtype="TL">Archangel</w> <w type="NP" subtype="TL">Foster</w> <w type="NN" subtype="TL">Tabernacle</w> <c type="pct">(</c> <w type="NEG">not</w> <w type="RB">just</w> <w type="NN">cusp</w> <w type="WRB">when</w> <w type="PPS">he</w> <w type="CC">and</w> <w type="NP">Digby</w> <w type="HVD">had</w> <w type="VBN">come</w> <w type="NN">face</w> <w type="IN">to</w> <w type="NN">face</w> <w type="RB">alone</w> <c type="pct">)</c> <w type="WRB">why</w> <w type="NN" subtype="TL">Bishop</w> <w type="NN" subtype="TL">Senator</w> <w type="NP">Boone</w> <w type="VBD">made</w> <w type="PPO">him</w> <w type="RB">warily</w> <w type="JJ">uneasy</w> <c type="pct">,</c> <w type="WRB">how</w> <w type="NP">Miss</w> <w type="NP">Dawn</w> <w type="NP">Ardent</w> <w type="VBD">tasted</w> <w type="CS">like</w> <w type="AT">a</w> <w type="NN">water</w> <w type="NN">brother</w> <w type="WRB">when</w> <w type="PPS">she</w> <w type="BEDZ">was</w> <w type="NEG">not</w> <c type="pct">,</c> <w type="AT">the</w> <w type="NN">smell</w> <w type="IN">of</w> <w type="NN">goodness</w> <w type="PPS">he</w> <w type="HVD">had</w> <w type="RB">incompletely</w> <w type="VBN">grokked</w> <w type="IN">in</w> <w type="AT">the</w> <w type="NN">jumping</w> <w type="RP">up</w> <w type="CC">and</w> <w type="RP">down</w> <w type="CC">and</w> <w type="VBG">wailing</w> <c type="pct">--</c> </s>
</p>
<p><s n="6"><w type="NPg">Jubal's</w> <w type="NNS">conversations</w> <w type="VBG">coming</w> <w type="CC">and</w> <w type="VBG">going</w> <c type="pct">--</c> <w type="NPg">Jubal's</w> <w type="NNS">words</w> <w type="VBD">troubled</w> <w type="PPO">him</w> <w type="RBT">most</w> <c type="pct">;</c> <c type="pct">;</c> </s>
<s n="7"><w type="PPS">he</w> <w type="VBD">studied</w> <w type="PPO">them</w> <c type="pct">,</c> <w type="VBD">compared</w> <w type="PPO">them</w> <w type="IN">with</w> <w type="WDT">what</w> <w type="PPS">he</w> <w type="HVD">had</w> <w type="BEN">been</w> <w type="VBN">taught</w> <w type="CS">as</w> <w type="AT">a</w> <w type="NN">nestling</w> <c type="pct">,</c> <w type="VBG">struggling</w> <w type="TO">to</w> <w type="VB">bridge</w> <w type="IN">between</w> <w type="NNS">languages</w> <c type="pct">,</c> <w type="AT">the</w> <w type="CD">one</w> <w type="PPS">he</w> <w type="VBD">thought</w> <w type="IN">with</w> <w type="CC">and</w> <w type="AT">the</w> <w type="CD">one</w> <w type="PPS">he</w> <w type="BEDZ">was</w> <w type="VBG">learning</w> <w type="TO">to</w> <w type="VB">think</w> <w type="RP">in</w> <c type="pct">.</c> </s>
<s n="8"><w type="AT">The</w> <w type="NN">word</w> <c type="pct">``</c> <w type="NN">church</w> <c type="pct">''</c> <w type="WDT">which</w> <w type="VBD">turned</w> <w type="RP">up</w> <w type="RP">over</w> <w type="CC">and</w> <w type="RP">over</w> <w type="RB">again</w> <w type="IN">among</w> <w type="NPg">Jubal's</w> <w type="NNS">words</w> <w type="VBD">gave</w> <w type="PPO">him</w> <w type="JJ">knotty</w> <w type="NN">difficulty</w> <c type="pct">;</c> <c type="pct">;</c> </s>
<s n="9"><w type="EX">there</w> <w type="BEDZ">was</w> <w type="AT">no</w> <w type="JJ">Martian</w> <w type="NN">concept</w> <w type="TO">to</w> <w type="VB">match</w> <w type="PPO">it</w> <c type="pct">--</c> <w type="CS">unless</w> <w type="PN">one</w> <w type="VBD">took</w> <c type="pct">``</c> <w type="NN">church</w> <c type="pct">''</c> <w type="CC">and</w> <c type="pct">``</c> <w type="NN">worship</w> <c type="pct">''</c> <w type="CC">and</w> <c type="pct">``</c> <w type="NP">God</w> <c type="pct">''</c> <w type="CC">and</w> <c type="pct">``</c> <w type="NN">congregation</w> <c type="pct">''</c> <w type="CC">and</w> <w type="AP">many</w> <w type="AP">other</w> <w type="NNS">words</w> <w type="CC">and</w> <w type="VBD">equated</w> <w type="PPO">them</w> <w type="IN">to</w> <w type="AT">the</w> <w type="NN">totality</w> <w type="IN">of</w> <w type="AT">the</w> <w type="AP">only</w> <w type="NN">world</w> <w type="PPS">he</w> <w type="HVD">had</w> <w type="VBN">known</w> <w type="IN">during</w> <w type="NN">growing-waiting</w> <w type="RB">then</w> <w type="VBD">forced</w> <w type="AT">the</w> <w type="NN">concept</w> <w type="RB">back</w> <w type="IN">into</w> <w type="NP">English</w> <w type="IN">in</w> <w type="DT">that</w> <w type="NN">phrase</w> <w type="WDT">which</w> <w type="HVD">had</w> <w type="BEN">been</w> <w type="VBN">rejected</w> <c type="pct">(</c> <w type="IN">by</w> <w type="DT">each</w> <w type="RB">differently</w> <c type="pct">)</c> <w type="IN">by</w> <w type="NP">Jubal</w> <c type="pct">,</c> <w type="IN">by</w> <w type="NP">Mahmoud</w> <c type="pct">,</c> <w type="IN">by</w> <w type="NP">Digby</w> <c type="pct">.</c> </s>
</p>
<p><s n="10"><c type="pct">``</c> <w type="PPSS">Thou</w> <w type="NN">art</w> <w type="NP">God</w> <c type="pct">''</c> <c type="pct">.</c> </s>
<s n="11"><w type="PPS">He</w> <w type="BEDZ">was</w> <w type="RBR">closer</w> <w type="TO">to</w> <w type="VBG">understanding</w> <w type="PPO">it</w> <w type="IN">in</w> <w type="NP">English</w> <w type="RB">now</w> <c type="pct">,</c> <w type="CS">although</w> <w type="PPS">it</w> <w type="MD">could</w> <w type="RB">never</w> <w type="HV">have</w> <w type="AT">the</w> <w type="NN">inevitability</w> <w type="IN">of</w> <w type="AT">the</w> <w type="JJ">Martian</w> <w type="NN">concept</w> <w type="PPS">it</w> <w type="VBD">stood</w> <w type="IN">for</w> <c type="pct">.</c> </s>
<s n="12"><w type="IN">In</w> <w type="PPg">his</w> <w type="NN">mind</w> <w type="PPS">he</w> <w type="VBD">spoke</w> <w type="RB">simultaneously</w> <w type="AT">the</w> <w type="JJ">English</w> <w type="NN">sentence</w> <w type="CC">and</w> <w type="AT">the</w> <w type="JJ">Martian</w> <w type="NN">word</w> <w type="CC">and</w> <w type="VBD">felt</w> <w type="JJR">closer</w> <w type="NN">grokking</w> <c type="pct">.</c> </s>
<s n="13"><w type="VBG">Repeating</w> <w type="PPO">it</w> <w type="CS">like</w> <w type="AT">a</w> <w type="NN">student</w> <w type="VBG">telling</w> <w type="PPL">himself</w> <w type="CS">that</w> <w type="AT">the</w> <w type="NN">jewel</w> <w type="BEZ">is</w> <w type="IN">in</w> <w type="AT">the</w> <w type="NN">lotus</w> <w type="PPS">he</w> <w type="VBD">sank</w> <w type="IN">into</w> <w type="NN">nirvana</w> <c type="pct">.</c> </s>
</p>
<p><s n="14"><w type="IN">Before</w> <w type="NN">midnight</w> <w type="PPS">he</w> <w type="VBD">speeded</w> <w type="PPg">his</w> <w type="NN">heart</w> <c type="pct">,</c> <w type="VBD">resumed</w> <w type="JJ">normal</w> <w type="NN">breathing</w> <c type="pct">,</c> <w type="VBD">ran</w> <w type="RP">down</w> <w type="PPg">his</w> <w type="NN">check</w> <w type="NN">list</w> <c type="pct">,</c> <w type="VBD">uncurled</w> <w type="CC">and</w> <w type="VBD">sat</w> <w type="RP">up</w> <c type="pct">.</c> </s>
<s n="15"><w type="PPS">He</w> <w type="HVD">had</w> <w type="BEN">been</w> <w type="JJ">weary</w> <c type="pct">;</c> <c type="pct">;</c> </s>
<s n="16"><w type="RB">now</w> <w type="PPS">he</w> <w type="VBD">felt</w> <w type="JJ">light</w> <w type="CC">and</w> <w type="JJ">gay</w> <w type="CC">and</w> <w type="JJ">clear-headed</w> <c type="pct">,</c> <w type="JJ">ready</w> <w type="IN">for</w> <w type="AT">the</w> <w type="AP">many</w> <w type="NNS">actions</w> <w type="PPS">he</w> <w type="VBD">saw</w> <w type="VBG">spreading</w> <w type="RP">out</w> <w type="IN">before</w> <w type="PPO">him</w> <c type="pct">.</c> </s>
</p>
<p><s n="17"><w type="PPS">He</w> <w type="VBD">felt</w> <w type="AT">a</w> <w type="JJ">puppyish</w> <w type="NN">need</w> <w type="IN">for</w> <w type="NN">company</w> <w type="QL">as</w> <w type="JJ">strong</w> <w type="CS">as</w> <w type="PPg">his</w> <w type="JJR">earlier</w> <w type="NN">necessity</w> <w type="IN">for</w> <w type="NN">quiet</w> <c type="pct">.</c> </s>
<s n="18"><w type="PPS">He</w> <w type="VBD">stepped</w> <w type="RP">out</w> <w type="IN">into</w> <w type="AT">the</w> <w type="NN">hall</w> <c type="pct">,</c> <w type="BEDZ">was</w> <w type="VBN">delighted</w> <w type="TO">to</w> <w type="VB">encounter</w> <w type="AT">a</w> <w type="NN">water</w> <w type="NN">brother</w> <c type="pct">.</c> </s>
<s n="19"><c type="pct">``</c> <w type="UH">Hi</w> <c type="pct">''</c> <c type="pct">!</c> <c type="pct">!</c> </s>
</p>
<p><s n="20"><c type="pct">``</c> <w type="UH">Oh</w> <c type="pct">.</c> </s>
<s n="21"><w type="UH">Hello</w> <c type="pct">,</c> <w type="NP">Mike</w> <c type="pct">.</c> </s>
<s n="22"><w type="UH">My</w> <c type="pct">,</c> <w type="PPSS">you</w> <w type="VB">look</w> <w type="JJ">chipper</w> <c type="pct">''</c> <c type="pct">.</c> </s>
</p>
<p><s n="23"><c type="pct">``</c> <w type="PPSS">I</w> <w type="VB">feel</w> <w type="RB">fine</w> <c type="pct">!</c> <c type="pct">!</c> </s>
<s n="24"><w type="WRB">Where</w> <w type="BEZ">is</w> <w type="PN">everybody</w> <c type="pct">''</c> <c type="pct">?</c> <c type="pct">?</c> </s>
</p>
<p><s n="25"><c type="pct">``</c> <w type="RB">Asleep</w> <c type="pct">.</c> </s>
<s n="26"><w type="NP">Ben</w> <w type="CC">and</w> <w type="NP">Stinky</w> <w type="VBD">went</w> <w type="NR">home</w> <w type="AT">an</w> <w type="NN">hour</w> <w type="RB">ago</w> <w type="CC">and</w> <w type="NNS">people</w> <w type="VBD">started</w> <w type="VBG">going</w> <w type="IN">to</w> <w type="NN">bed</w> <c type="pct">''</c> <c type="pct">.</c> </s>
</p>
<p><s n="27"><c type="pct">``</c> <w type="UH">Oh</w> <c type="pct">''</c> <c type="pct">.</c> </s>
<s n="28"><w type="NP">Mike</w> <w type="VBD">felt</w> <w type="VBN">disappointed</w> <w type="CS">that</w> <w type="NP">Mahmoud</w> <w type="HVD">had</w> <w type="VBN">left</w> <c type="pct">;</c> <c type="pct">;</c> </s>
<s n="29"><w type="PPS">he</w> <w type="VBD">wanted</w> <w type="TO">to</w> <w type="VB">explain</w> <w type="PPg">his</w> <w type="JJ">new</w> <w type="NN">grokking</w> <c type="pct">.</c> </s>
</p>
<p><s n="30"><c type="pct">``</c> <w type="PPSS">I</w> <w type="MD">ought</w> <w type="TO">to</w> <w type="BE">be</w> <w type="RB">asleep</w> <c type="pct">,</c> <w type="RB">too</w> <c type="pct">,</c> <w type="CC">but</w> <w type="PPSS">I</w> <w type="VBD">felt</w> <w type="CS">like</w> <w type="AT">a</w> <w type="NN">snack</w> <c type="pct">.</c> </s>
<s n="31"><w type="BER">Are</w> <w type="PPSS">you</w> <w type="JJ">hungry</w> <c type="pct">''</c> <c type="pct">?</c> <c type="pct">?</c> </s>
</p>
<p><s n="32"><c type="pct">``</c> <w type="RB">Sure</w> <c type="pct">,</c> <mw pos="PPSS BEM">I'm </mw><w type="JJ">hungry</w> <c type="pct">''</c> <c type="pct">!</c> <c type="pct">!</c> </s>
</p>
<p><s n="33"><c type="pct">``</c> <w type="VB">Come</w> <w type="RP">on</w> <c type="pct">,</c> <mw pos="EX BEZ">there's </mw><w type="DTI">some</w> <w type="JJ">cold</w> <w type="NN">chicken</w> <w type="CC">and</w> <mw pos="PPSS MD">we'll </mw><w type="VB">see</w> <w type="WDT">what</w> <w type="RB">else</w> <c type="pct">''</c> <c type="pct">.</c> </s>
<s n="34"><w type="PPSS">They</w> <w type="VBD">went</w> <w type="RB">downstairs</w> <c type="pct">,</c> <w type="VBD">loaded</w> <w type="AT">a</w> <w type="NN">tray</w> <w type="RB">lavishly</w> <c type="pct">.</c> </s>
<s n="35"><c type="pct">``</c> <mw pos="VB PPO">Let's </mw><w type="VB">take</w> <w type="PPO">it</w> <w type="RB">outside</w> <c type="pct">.</c> </s>
<s n="36"><mw pos="PPS BEZ">It's </mw><w type="QL">plenty</w> <w type="JJ">warm</w> <c type="pct">''</c> <c type="pct">.</c> </s>
</p>
<p><s n="37"><c type="pct">``</c> <w type="AT">A</w> <w type="JJ">fine</w> <w type="NN">idea</w> <c type="pct">''</c> <c type="pct">,</c> <w type="NP">Mike</w> <w type="VBD">agreed</w> <c type="pct">.</c> </s>
</p>
<p><s n="38"><c type="pct">``</c> <w type="JJ">Warm</w> <w type="QLP">enough</w> <w type="TO">to</w> <w type="VB">swim</w> <c type="pct">--</c> <w type="JJ">real</w> <w type="JJ">Indian</w> <w type="NN">summer</w> <c type="pct">.</c> </s>
<s n="39"><mw pos="PPSS MD">I'll </mw><w type="VB">switch</w> <w type="IN">on</w> <w type="AT">the</w> <w type="NNS">floods</w> <c type="pct">''</c> <c type="pct">.</c> </s>
</p>
<p><s n="40"><c type="pct">``</c> <mw pos="DO *">Don't </mw><w type="VB">bother</w> <c type="pct">''</c> <c type="pct">,</c> <w type="NP">Mike</w> <w type="VBD">answered</w> <c type="pct">.</c> </s>
<s n="41"><c type="pct">``</c> <mw pos="PPSS MD">I'll </mw><w type="VB">carry</w> <w type="AT">the</w> <w type="NN">tray</w> <c type="pct">''</c> <c type="pct">.</c> </s>
<s n="42"><w type="PPS">He</w> <w type="MD">could</w> <w type="VB">see</w> <w type="IN">in</w> <w type="RB">almost</w> <w type="JJ">total</w> <w type="NN">darkness</w> <c type="pct">.</c> </s>
<s n="43"><w type="NP">Jubal</w> <w type="VBD">said</w> <w type="CS">that</w> <w type="PPg">his</w> <w type="NN">night-sight</w> <w type="RB">probably</w> <w type="VBD">came</w> <w type="IN">from</w> <w type="AT">the</w> <w type="NNS">conditions</w> <w type="IN">in</w> <w type="WDT">which</w> <w type="PPS">he</w> <w type="HVD">had</w> <w type="VBN">grown</w> <w type="RP">up</w> <c type="pct">,</c> <w type="CC">and</w> <w type="NP">Mike</w> <w type="VBD">grokked</w> <w type="DT">this</w> <w type="BEDZ">was</w> <w type="JJ">true</w> <w type="CC">but</w> <w type="VBD">grokked</w> <w type="CS">that</w> <w type="EX">there</w> <w type="BEDZ">was</w> <w type="AP">more</w> <w type="IN">to</w> <w type="PPO">it</w> <c type="pct">;</c> <c type="pct">;</c> </s>
<s n="44"><w type="PPg">his</w> <w type="JJ">foster</w> <w type="NNS">parents</w> <w type="HVD">had</w> <w type="VBN">taught</w> <w type="PPO">him</w> <w type="TO">to</w> <w type="VB">see</w> <c type="pct">.</c> </s>
<s n="45"><w type="CS">As</w> <w type="IN">for</w> <w type="AT">the</w> <w type="NN">night</w> <w type="BEG">being</w> <w type="JJ">warm</w> <c type="pct">,</c> <w type="PPS">he</w> <w type="MD">would</w> <w type="HV">have</w> <w type="BEN">been</w> <w type="JJ">comfortable</w> <w type="JJ">naked</w> <w type="IN">on</w> <w type="NN" subtype="TL">Mount</w> <w type="NP" subtype="TL">Everest</w> <w type="CC">but</w> <w type="PPg">his</w> <w type="NN">water</w> <w type="NNS">brothers</w> <w type="HVD">had</w> <w type="JJ">little</w> <w type="NN">tolerance</w> <w type="IN">for</w> <w type="NNS">changes</w> <w type="IN">in</w> <w type="NN">temperature</w> <w type="CC">and</w> <w type="NN">pressure</w> <c type="pct">;</c> <c type="pct">;</c> </s>
<s n="46"><w type="PPS">he</w> <w type="BEDZ">was</w> <w type="JJ">considerate</w> <w type="IN">of</w> <w type="PPg">their</w> <w type="NN">weakness</w> <c type="pct">,</c> <w type="CS">once</w> <w type="PPS">he</w> <w type="VBD">learned</w> <w type="IN">of</w> <w type="PPO">it</w> <c type="pct">.</c> </s>
<s n="47"><w type="CC">But</w> <w type="PPS">he</w> <w type="BEDZ">was</w> <w type="VBG">looking</w> <w type="RB">forward</w> <w type="IN">to</w> <w type="NN">snow</w> <c type="pct">--</c> <w type="VBG">seeing</w> <w type="IN">for</w> <w type="PPL">himself</w> <w type="CS">that</w> <w type="DT">each</w> <w type="JJ">tiny</w> <w type="NN">crystal</w> <w type="IN">of</w> <w type="AT">the</w> <w type="NN">water</w> <w type="IN">of</w> <w type="NN">life</w> <w type="BEDZ">was</w> <w type="AT">a</w> <w type="JJ">unique</w> <w type="NN">individual</w> <c type="pct">,</c> <w type="CS">as</w> <w type="PPS">he</w> <w type="HVD">had</w> <w type="VBN">read</w> <c type="pct">--</c> <w type="VBG">walking</w> <w type="RB">barefoot</w> <c type="pct">,</c> <w type="VBG">rolling</w> <w type="IN">in</w> <w type="PPO">it</w> <c type="pct">.</c> </s>
</p>
<p><s n="48"><w type="IN">In</w> <w type="AT">the</w> <w type="NN">meantime</w> <w type="PPS">he</w> <w type="BEDZ">was</w> <w type="VBN">pleased</w> <w type="IN">with</w> <w type="AT">the</w> <w type="JJ">warm</w> <w type="NN">night</w> <w type="CC">and</w> <w type="AT">the</w> <w type="QL">still</w> <w type="QL">more</w> <w type="JJ">pleasing</w> <w type="NN">company</w> <w type="IN">of</w> <w type="PPg">his</w> <w type="NN">water</w> <w type="NN">brother</w> <c type="pct">.</c> </s>
</p>
<p><s n="49"><c type="pct">``</c> <w type="UH">Okay</w> <c type="pct">,</c> <w type="VB">take</w> <w type="AT">the</w> <w type="NN">tray</w> <c type="pct">.</c> </s>
<s n="50"><mw pos="PPSS MD">I'll </mw><w type="VB">switch</w> <w type="IN">on</w> <w type="AT">the</w> <w type="JJ">underwater</w> <w type="NNS">lights</w> <c type="pct">.</c> </s>
<s n="51"><mw pos="WPS MD">That'll </mw><w type="BE">be</w> <w type="RB">plenty</w> <w type="TO">to</w> <w type="VB">eat</w> <w type="IN">by</w> <c type="pct">''</c> <c type="pct">.</c> </s>
</p>
<p><s n="52"><c type="pct">``</c> <w type="RB">Fine</w> <c type="pct">''</c> <c type="pct">.</c> </s>
<s n="53"><w type="NP">Mike</w> <w type="VBD">liked</w> <w type="HVG">having</w> <w type="NN">light</w> <w type="RP">up</w> <w type="IN">through</w> <w type="AT">the</w> <w type="NNS">ripples</w> <c type="pct">;</c> <c type="pct">;</c> </s>
<s n="54"><w type="PPS">it</w> <w type="BEDZ">was</w> <w type="AT">a</w> <w type="NN">goodness</w> <c type="pct">,</c> <w type="NN">beauty</w> <c type="pct">.</c> </s>
<s n="55"><w type="PPSS">They</w> <w type="VBD">picnicked</w> <w type="IN">by</w> <w type="AT">the</w> <w type="NN">pool</w> <c type="pct">,</c> <w type="RB">then</w> <w type="VB">lay</w> <w type="RB">back</w> <w type="IN">on</w> <w type="AT">the</w> <w type="NN">grass</w> <w type="CC">and</w> <w type="VBD">looked</w> <w type="IN">at</w> <w type="NNS">stars</w> <c type="pct">.</c> </s>
</p>
<p><s n="56"><c type="pct">``</c> <w type="NP">Mike</w> <c type="pct">,</c> <mw pos="EX BEZ">there's </mw><w type="NP">Mars</w> <c type="pct">.</c> </s>
<s n="57"><w type="PPS">It</w> <w type="BEZ">is</w> <w type="NP">Mars</w> <c type="pct">,</c> <mw pos="BEZ *">isn't </mw><w type="PPS">it</w> <c type="pct">?</c> <c type="pct">?</c> </s>
<s n="58"><w type="CC">Or</w> <w type="NP">Antares</w> <c type="pct">''</c> <c type="pct">?</c> <c type="pct">?</c> </s>
</p>
<p><s n="59"><c type="pct">``</c> <w type="PPS">It</w> <w type="BEZ">is</w> <w type="NP">Mars</w> <c type="pct">''</c> <c type="pct">.</c> </s>
</p>
<p><s n="60"><c type="pct">``</c> <w type="NP">Mike</w> <c type="pct">?</c> <c type="pct">?</c> </s>
<s n="61"><w type="WDT">What</w> <w type="BER">are</w> <w type="PPSS">they</w> <w type="VBG">doing</w> <w type="IN">on</w> <w type="NP">Mars</w> <c type="pct">''</c> <c type="pct">?</c> <c type="pct">?</c> </s>
</p>
<p><s n="62"><w type="PPS">He</w> <w type="VBD">hesitated</w> <c type="pct">;</c> <c type="pct">;</c> </s>
<s n="63"><w type="AT">the</w> <w type="NN">question</w> <w type="BEDZ">was</w> <w type="QL">too</w> <w type="JJ">wide</w> <w type="IN">for</w> <w type="AT">the</w> <w type="JJ">sparse</w> <w type="JJ">English</w> <w type="NN">language</w> <c type="pct">.</c> </s>
<s n="64"><c type="pct">``</c> <w type="IN">On</w> <w type="AT">the</w> <w type="NN">side</w> <w type="IN">toward</w> <w type="AT">the</w> <w type="NN">horizon</w> <c type="pct">--</c> <w type="AT">the</w> <w type="JJ">southern</w> <w type="NN">hemisphere</w> <c type="pct">--</c> <w type="PPS">it</w> <w type="BEZ">is</w> <w type="NN">spring</w> <c type="pct">;</c> <c type="pct">;</c> </s>
<s n="65"><w type="NNS">plants</w> <w type="BER">are</w> <w type="BEG">being</w> <w type="VBN">taught</w> <w type="TO">to</w> <w type="VB">grow</w> <c type="pct">''</c> <c type="pct">.</c> </s>
</p>
<p><s n="66"><c type="pct">``</c> <c type="pct">'</c> <w type="VBN">Taught</w> <w type="TO">to</w> <w type="VB">grow</w> <c type="pct">'</c> <c type="pct">''</c> <c type="pct">?</c> <c type="pct">?</c> </s>
</p>
<p><s n="67"><w type="PPS">He</w> <w type="VBD">hesitated</w> <c type="pct">.</c> </s>
<s n="68"><c type="pct">``</c> <w type="NP">Larry</w> <w type="VBZ">teaches</w> <w type="NNS">plants</w> <w type="TO">to</w> <w type="VB">grow</w> <c type="pct">.</c> </s>
<s n="69"><w type="PPSS">I</w> <w type="HV">have</w> <w type="VBN">helped</w> <w type="PPO">him</w> <c type="pct">.</c> </s>
<s n="70"><w type="CC">But</w> <w type="PPg">my</w> <w type="NNS">people</w> <c type="pct">--</c> <w type="NPS">Martians</w> <c type="pct">,</c> <w type="PPSS">I</w> <w type="VB">mean</w> <c type="pct">;</c> <c type="pct">;</c> </s>
<s n="71"><w type="PPSS">I</w> <w type="RB">now</w> <w type="VB">grok</w> <w type="PPSS">you</w> <w type="BER">are</w> <w type="PPg">my</w> <w type="NNS">people</w> <c type="pct">--</c> <w type="VB">teach</w> <w type="NNS">plants</w> <w type="DT">another</w> <w type="NN">way</w> <c type="pct">.</c> </s>
<s n="72"><w type="IN">In</w> <w type="AT">the</w> <w type="AP">other</w> <w type="NN">hemisphere</w> <w type="PPS">it</w> <w type="BEZ">is</w> <w type="VBG">growing</w> <w type="JJR">colder</w> <w type="CC">and</w> <w type="NNS">nymphs</w> <c type="pct">,</c> <w type="DTS">those</w> <w type="WPS">who</w> <w type="VBD">stayed</w> <w type="JJ">alive</w> <w type="IN">through</w> <w type="AT">the</w> <w type="NN">summer</w> <c type="pct">,</c> <w type="BER">are</w> <w type="BEG">being</w> <w type="VBN">brought</w> <w type="IN">into</w> <w type="NNS">nests</w> <w type="IN">for</w> <w type="VBG">quickening</w> <w type="CC">and</w> <w type="AP">more</w> <w type="VBG">growing</w> <c type="pct">''</c> <c type="pct">.</c> </s>
<s n="73"><w type="PPS">He</w> <w type="VBD">thought</w> <c type="pct">.</c> </s>
<s n="74"><c type="pct">``</c> <w type="IN">Of</w> <w type="AT">the</w> <w type="NNS">humans</w> <w type="PPSS">we</w> <w type="VBD">left</w> <w type="IN">at</w> <w type="AT">the</w> <w type="NN">equator</w> <c type="pct">,</c> <w type="PN">one</w> <w type="HVZ">has</w> <w type="VBN">discorporated</w> <w type="CC">and</w> <w type="AT">the</w> <w type="NNS">others</w> <w type="BER">are</w> <w type="JJ">sad</w> <c type="pct">''</c> <c type="pct">.</c> </s>
</p>
<p><s n="75"><w type="RB">Yes</w> <c type="pct">,</c> <w type="PPSS">I</w> <w type="VBD">heard</w> <w type="PPO">it</w> <w type="IN">in</w> <w type="AT">the</w> <w type="NN">news</w> <c type="pct">''</c> <c type="pct">.</c> </s>
</p>
<p><s n="76"><w type="NP">Mike</w> <w type="HVD">had</w> <w type="NEG">not</w> <w type="VBN">heard</w> <w type="PPO">it</w> <c type="pct">;</c> <c type="pct">;</c> </s>
<s n="77"><w type="PPS">he</w> <w type="HVD">had</w> <w type="NEG">not</w> <w type="VBN">known</w> <w type="PPO">it</w> <w type="CS">until</w> <w type="VBN">asked</w> <c type="pct">.</c> </s>
<s n="78"><c type="pct">``</c> <w type="PPSS">They</w> <w type="MD">should</w> <w type="NEG">not</w> <w type="BE">be</w> <w type="JJ">sad</w> <c type="pct">.</c> </s>
<s n="79"><w type="NP">Mr.</w> <w type="NP">Booker</w> <w type="NP">T.</w> <w type="NP">W.</w> <w type="NP">Jones</w> <w type="NN" subtype="TL">Food</w> <w type="NN" subtype="TL">Technician</w> <w type="OD" subtype="TL">First</w> <w type="NN" subtype="TL">Class</w> <w type="BEZ">is</w> <w type="NEG">not</w> <w type="JJ">sad</w> <c type="pct">;</c> <c type="pct">;</c> </s>
<s n="80"><w type="AT">the</w> <w type="JJ" subtype="TL">Old</w> <w type="NNS" subtype="TL">Ones</w> <w type="HV">have</w> <w type="VBN">cherished</w> <w type="PPO">him</w> <c type="pct">''</c> <c type="pct">.</c> </s>
</p>
<p><s n="81"><c type="pct">``</c> <w type="PPSS">You</w> <w type="VBD">knew</w> <w type="PPO">him</w> <c type="pct">''</c> <c type="pct">?</c> <c type="pct">?</c> </s>
</p>
<p><s n="82"><c type="pct">``</c> <w type="RB">Yes</w> <c type="pct">.</c> </s>
<s n="83"><w type="PPS">He</w> <w type="HVD">had</w> <w type="PPg">his</w> <w type="JJ">own</w> <w type="NN">face</w> <c type="pct">,</c> <w type="JJ">dark</w> <w type="CC">and</w> <w type="JJ">beautiful</w> <c type="pct">.</c> </s>
<s n="84"><w type="CC">But</w> <w type="PPS">he</w> <w type="BEDZ">was</w> <w type="JJ">homesick</w> <c type="pct">''</c> <c type="pct">.</c> </s>
</p>
<p><s n="85"><c type="pct">``</c> <w type="UH">Oh</w> <c type="pct">,</c> <w type="UH">dear</w> <c type="pct">!</c> <c type="pct">!</c> </s>
<s n="86"><w type="NP">Mike</w> <w type="DO">do</w> <w type="PPSS">you</w> <w type="RB">ever</w> <w type="VB">get</w> <w type="JJ">homesick</w> <c type="pct">?</c> <c type="pct">?</c> </s>
<s n="87"><w type="IN">For</w> <w type="NP">Mars</w> <c type="pct">''</c> <c type="pct">?</c> <c type="pct">?</c> </s>
</p>
<p><s n="88"><c type="pct">``</c> <w type="IN">At</w> <w type="RB">first</w> <w type="PPSS">I</w> <w type="BEDZ">was</w> <w type="JJ">homesick</w> <c type="pct">''</c> <c type="pct">,</c> <w type="PPS">he</w> <w type="VBD">answered</w> <c type="pct">.</c> </s>
<s n="89"><c type="pct">``</c> <w type="PPSS">I</w> <w type="BEDZ">was</w> <w type="JJ">lonely</w> <w type="RB">always</w> <c type="pct">''</c> <c type="pct">.</c> </s>
<s n="90"><w type="PPS">He</w> <w type="VBD">rolled</w> <w type="IN">toward</w> <w type="PPO">her</w> <w type="CC">and</w> <w type="VBD">took</w> <w type="PPO">her</w> <w type="IN">in</w> <w type="PPg">his</w> <w type="NNS">arms</w> <c type="pct">.</c> </s>
<s n="91"><c type="pct">``</c> <w type="CC">But</w> <w type="RB">now</w> <w type="PPSS">I</w> <w type="BEM">am</w> <w type="NEG">not</w> <w type="JJ">lonely</w> <c type="pct">.</c> </s>
<s n="92"><w type="PPSS">I</w> <w type="VB">grok</w> <w type="PPSS">I</w> <w type="MD">shall</w> <w type="RB">never</w> <w type="BE">be</w> <w type="JJ">lonely</w> <w type="RB">again</w> <c type="pct">''</c> <c type="pct">.</c> </s>
</p>
<p><s n="93"><c type="pct">``</c> <w type="NP">Mike</w> <w type="JJ">darling</w> <c type="pct">''</c> <c type="pct">--</c> <w type="PPSS">They</w> <w type="VBD">kissed</w> <c type="pct">,</c> <w type="CC">and</w> <w type="VBD">went</w> <w type="RP">on</w> <w type="VBG">kissing</w> <c type="pct">.</c> </s>
</p>
<p><s n="94"><w type="RB">Presently</w> <w type="PPg">his</w> <w type="NN">water</w> <w type="NN">brother</w> <w type="VBD">said</w> <w type="RB">breathlessly</w> <c type="pct">.</c> </s>
<s n="95"><c type="pct">``</c> <w type="UH">Oh</w> <c type="pct">,</c> <w type="UH">my</w> <c type="pct">!</c> <c type="pct">!</c> </s>
<s n="96"><w type="DT">That</w> <w type="BEDZ">was</w> <w type="QL">almost</w> <w type="JJR">worse</w> <w type="CS">than</w> <w type="AT">the</w> <w type="OD">first</w> <w type="NN">time</w> <c type="pct">''</c> <c type="pct">.</c> </s>
</p>
<p><s n="97"><c type="pct">``</c> <w type="PPSS">You</w> <w type="BER">are</w> <w type="QL">all</w> <w type="JJ">right</w> <c type="pct">,</c> <w type="PPg">my</w> <w type="NN">brother</w> <c type="pct">''</c> <c type="pct">?</c> <c type="pct">?</c> </s>
</p>
<p><s n="98"><c type="pct">``</c> <w type="RB">Yes</w> <c type="pct">.</c> </s>
<s n="99"><w type="RB">Yes</w> <w type="QLP">indeed</w> <c type="pct">.</c> </s>
<s n="100"><w type="VB">Kiss</w> <w type="PPO">me</w> <w type="RB">again</w> <c type="pct">''</c> <c type="pct">.</c> </s>
</p>
<p><s n="101"><w type="AT">A</w> <w type="JJ">long</w> <w type="NN">time</w> <w type="RBR">later</w> <c type="pct">,</c> <w type="IN">by</w> <w type="JJ">cosmic</w> <w type="NN">clock</w> <c type="pct">,</c> <w type="PPS">she</w> <w type="VBD">said</w> <c type="pct">,</c> <c type="pct">``</c> <w type="NP">Mike</w> <c type="pct">?</c> <c type="pct">?</c> </s>
<s n="102"><w type="BEZ">Is</w> <w type="DT">that</w> <c type="pct">--</c> <w type="PPSS">I</w> <w type="VB">mean</w> <c type="pct">,</c> <c type="pct">'</c> <w type="DO">Do</w> <w type="PPSS">you</w> <w type="VB">know</w> <c type="pct">'</c> <c type="pct">''</c> <c type="pct">--</c> </s>
</p>
<p><s n="103"><c type="pct">``</c> <w type="PPSS">I</w> <w type="VB">know</w> <c type="pct">.</c> </s>
<s n="104"><w type="PPS">It</w> <w type="BEZ">is</w> <w type="IN">for</w> <w type="VBG">growing</w> <w type="RBR">closer</w> <c type="pct">.</c> </s>
<s n="105"><w type="RB">Now</w> <w type="PPSS">we</w> <w type="VB">grow</w> <w type="RBR">closer</w> <c type="pct">''</c> <c type="pct">.</c> </s>
</p>
<p><s n="106"><c type="pct">``</c> <w type="UH">Well</w> <mw pos="PPSS HV">I've </mw><w type="BEN">been</w> <w type="JJ">ready</w> <w type="AT">a</w> <w type="JJ">long</w> <w type="NN">time</w> <c type="pct">--</c> <w type="NN">goodness</w> <c type="pct">,</c> <w type="PPSS">we</w> <w type="ABN">all</w> <w type="HV">have</w> <c type="pct">,</c> <w type="CC">but</w> <w type="RB">never</w> <w type="VB">mind</w> <c type="pct">,</c> <w type="JJ">dear</w> <c type="pct">;</c> <c type="pct">;</c> </s>
<s n="107"><w type="VB">turn</w> <w type="RB">just</w> <w type="AT">a</w> <w type="AP">little</w> <c type="pct">.</c> </s>
<s n="108"><mw pos="PPSS MD">I'll </mw><w type="VB">help</w> <c type="pct">''</c> <c type="pct">.</c> </s>
</p>
<p><s n="109"><w type="CS">As</w> <w type="PPSS">they</w> <w type="VBD">merged</w> <c type="pct">,</c> <w type="VBG">grokking</w> <w type="RB">together</w> <c type="pct">,</c> <w type="NP">Mike</w> <w type="VBD">said</w> <w type="RB">softly</w> <w type="CC">and</w> <w type="RB">triumphantly</w> <c type="pct">:</c> <c type="pct">``</c> <w type="PPSS">Thou</w> <w type="BER">art</w> <w type="NP">God</w> <c type="pct">''</c> <c type="pct">.</c> </s>
</p>
<p><s n="110"><w type="PPg">Her</w> <w type="NN">answer</w> <w type="BEDZ">was</w> <w type="NEG">not</w> <w type="IN">in</w> <w type="NNS">words</w> <c type="pct">.</c> </s>
<s n="111"><w type="RB">Then</w> <c type="pct">,</c> <w type="CS">as</w> <w type="PPg">their</w> <w type="NN">grokking</w> <w type="VBD">made</w> <w type="PPO">them</w> <w type="RB">ever</w> <w type="RBR">closer</w> <w type="CC">and</w> <w type="NP">Mike</w> <w type="VBD">felt</w> <w type="PPL">himself</w> <w type="RB">almost</w> <w type="JJ">ready</w> <w type="TO">to</w> <w type="VB">discorporate</w> <w type="PPg">her</w> <w type="NN">voice</w> <w type="VBD">called</w> <w type="PPO">him</w> <w type="RB">back</w> <c type="pct">:</c> <c type="pct">``</c> <w type="UH">Oh</w> <c type="pct">!</c> <c type="pct">!</c> </s>
<s n="112"><w type="UH">Oh</w> <c type="pct">!</c> <c type="pct">!</c> </s>
<s n="113"><w type="PPSS">Thou</w> <w type="BER">art</w> <w type="NP">God</w> <c type="pct">''</c> <c type="pct">!</c> <c type="pct">!</c> </s>
</p>
<p><s n="114"><c type="pct">``</c> <w type="PPSS">We</w> <w type="VB">grok</w> <w type="NP">God</w> <c type="pct">''</c> <c type="pct">.</c> </s>
</p>
<p><s n="115"><w type="CD" subtype="HL">25</w> <c type="pct">.</c> </s>
</p>
<p><s n="116"><w type="IN">On</w> <w type="NP">Mars</w> <w type="NNS">humans</w> <w type="BED">were</w> <w type="VBG">building</w> <w type="NN">pressure</w> <w type="NNS">domes</w> <w type="IN">for</w> <w type="AT">the</w> <w type="NN">male</w> <w type="CC">and</w> <w type="NN">female</w> <w type="NN">party</w> <w type="DT">that</w> <w type="MD">would</w> <w type="VB">arrive</w> <w type="IN">by</w> <w type="AP">next</w> <w type="NN">ship</w> <c type="pct">.</c> </s>
<s n="117"><w type="DT">This</w> <w type="VBD">went</w> <w type="RBR">faster</w> <w type="CS">than</w> <w type="VBN">scheduled</w> <w type="CS">as</w> <w type="AT">the</w> <w type="NPS">Martians</w> <w type="BED">were</w> <w type="JJ">helpful</w> <c type="pct">.</c> </s>
<s n="118"><w type="NN">Part</w> <w type="IN">of</w> <w type="AT">the</w> <w type="NN">time</w> <w type="VBN">saved</w> <w type="BEDZ">was</w> <w type="VBN">spent</w> <w type="IN">on</w> <w type="AT">a</w> <w type="JJ">preliminary</w> <w type="NN">estimate</w> <w type="IN">for</w> <w type="AT">a</w> <w type="NN">long-distance</w> <w type="NN">plan</w> <w type="TO">to</w> <w type="VB">free</w> <w type="VBN">bound</w> <w type="NN">oxygen</w> <w type="IN">in</w> <w type="AT">the</w> <w type="NNS">sands</w> <w type="IN">of</w> <w type="NP">Mars</w> <w type="TO">to</w> <w type="VB">make</w> <w type="AT">the</w> <w type="NN">planet</w> <w type="QL">more</w> <w type="JJ">friendly</w> <w type="IN">to</w> <w type="JJ">future</w> <w type="NN">human</w> <w type="NNS">generations</w> <c type="pct">.</c> </s>
</p>
<p><s n="119"><w type="AT">The</w> <w type="JJ" subtype="TL">Old</w> <w type="NNS" subtype="TL">Ones</w> <w type="CC">neither</w> <w type="VBD">helped</w> <w type="CC">nor</w> <w type="VBD">hindered</w> <w type="DT">this</w> <w type="NN">plan</w> <c type="pct">;</c> <c type="pct">;</c> </s>
<s n="120"><w type="NN">time</w> <w type="BEDZ">was</w> <w type="NEG">not</w> <w type="RB">yet</w> <c type="pct">.</c> </s>
<s n="121"><w type="PPg">Their</w> <w type="NNS">meditations</w> <w type="BED">were</w> <w type="VBG">approaching</w> <w type="AT">a</w> <w type="JJ">violent</w> <w type="NN">cusp</w> <w type="WPS">that</w> <w type="MD">would</w> <w type="VB">shape</w> <w type="JJ">Martian</w> <w type="NN">art</w> <w type="IN">for</w> <w type="AP">many</w> <w type="NNS">millennia</w> <c type="pct">.</c> </s>
<s n="122"><w type="IN">On</w> <w type="NN" subtype="TL">Earth</w> <w type="NNS">elections</w> <w type="VBD">continued</w> <w type="CC">and</w> <w type="AT">a</w> <w type="QL">very</w> <w type="VBN">advanced</w> <w type="NN">poet</w> <w type="VBD">published</w> <w type="AT">a</w> <w type="VBN">limited</w> <w type="NN">edition</w> <w type="IN">of</w> <w type="NN">verse</w> <w type="VBG">consisting</w> <w type="RB">entirely</w> <w type="IN">of</w> <w type="NN">punctuation</w> <w type="NNS">marks</w> <w type="CC">and</w> <w type="NNS">spaces</w> <c type="pct">;</c> <c type="pct">;</c> </s>
<s n="123"><w type="NN" subtype="TL">Time</w> <w type="NN">magazine</w> <w type="VBD">reviewed</w> <w type="PPO">it</w> <w type="CC">and</w> <w type="VBD">suggested</w> <w type="CS">that</w> <w type="AT">the</w> <w type="NN" subtype="TL">Federation</w> <w type="NN" subtype="TL">Assembly</w> <w type="JJ" subtype="TL">Daily</w> <w type="NN" subtype="TL">Record</w> <w type="MD">should</w> <w type="BE">be</w> <w type="VBN">translated</w> <w type="IN">into</w> <w type="AT">the</w> <w type="NN">medium</w> <c type="pct">.</c> </s>
</p>
<p><s n="124"><w type="AT">A</w> <w type="JJ">colossal</w> <w type="NN">campaign</w> <w type="VBD">opened</w> <w type="TO">to</w> <w type="VB">sell</w> <w type="QL">more</w> <w type="JJ">sexual</w> <w type="NNS">organs</w> <w type="IN">of</w> <w type="NNS">plants</w> <w type="CC">and</w> <w type="NP">Mrs.</w> <w type="NP">Joseph</w> <c type="pct">(</c> <c type="pct">``</c> <w type="NN" subtype="TL">Shadow</w> <w type="IN" subtype="TL">of</w> <w type="NN" subtype="TL">Greatness</w> <c type="pct">''</c> <c type="pct">)</c> <w type="NP">Douglas</w> <w type="BEDZ">was</w> <w type="VBN">quoted</w> <w type="CS">as</w> <w type="VBG">saying</w> <c type="pct">:</c> <c type="pct">``</c> <w type="PPSS">I</w> <w type="MD">would</w> <w type="AT">no</w> <w type="RBR">more</w> <w type="VB">sit</w> <w type="RP">down</w> <w type="IN">without</w> <w type="NNS">flowers</w> <w type="IN">on</w> <w type="PPg">my</w> <w type="NN">table</w> <w type="CS">than</w> <w type="IN">without</w> <w type="NNS">serviettes</w> <c type="pct">''</c> <c type="pct">.</c> </s>
<s n="125"><w type="AT">A</w> <w type="JJ">Tibetan</w> <w type="NN">swami</w> <w type="IN">from</w> <w type="NP">Palermo</w> <c type="pct">,</c> <w type="NP">Sicily</w> <c type="pct">,</c> <w type="VBD">announced</w> <w type="IN">in</w> <w type="NP" subtype="TL">Beverly</w> <w type="NNS" subtype="TL">Hills</w> <w type="AT">a</w> <w type="RB">newly</w> <w type="VBN">discovered</w> <c type="pct">,</c> <w type="JJ">ancient</w> <w type="NN">yoga</w> <w type="NN">discipline</w> <w type="IN">for</w> <w type="NN">ripple</w> <w type="NN">breathing</w> <w type="WDT">which</w> <w type="VBD">increased</w> <w type="ABX">both</w> <w type="NN">pranha</w> <w type="CC">and</w> <w type="JJ">cosmic</w> <w type="NN">attraction</w> <w type="IN">between</w> <w type="NNS">sexes</w> <c type="pct">.</c> </s>
<s n="126"><w type="PPg">His</w> <w type="NNS" subtype="FW">chelas</w> <w type="BED">were</w> <w type="VBN">required</w> <w type="TO">to</w> <w type="VB">assume</w> <w type="AT">the</w> <w type="NN" subtype="FW">matsyendra</w> <w type="NN">posture</w> <w type="VBN">dressed</w> <w type="IN">in</w> <w type="JJ">hand-woven</w> <w type="NNS">diapers</w> <w type="CS">while</w> <w type="PPS">he</w> <w type="VBD">read</w> <w type="RB">aloud</w> <w type="IN">from</w> <w type="NP">Rig-Veda</w> <w type="CC">and</w> <w type="AT">an</w> <w type="NN">assistant</w> <w type="NN">guru</w> <w type="VBD">examined</w> <w type="PPg">their</w> <w type="NNS">purses</w> <w type="IN">in</w> <w type="DT">another</w> <w type="NN">room</w> <c type="pct">--</c> <w type="PN">nothing</w> <w type="BEDZ">was</w> <w type="VBN">stolen</w> <c type="pct">;</c> <c type="pct">;</c> </s>
<s n="127"><w type="AT">the</w> <w type="NN">purpose</w> <w type="BEDZ">was</w> <w type="QL">less</w> <w type="JJ">immediate</w> <c type="pct">.</c> </s>
</p>
<p><s n="128"><w type="AT">The</w> <w type="NN" subtype="TL">President</w> <w type="IN" subtype="TL">of</w> <w type="AT" subtype="TL">the</w> <w type="VBN" subtype="TL">United</w> <w type="NNS" subtype="TL">States</w> <w type="VBD">proclaimed</w> <w type="AT">the</w> <w type="OD">first</w> <w type="NR">Sunday</w> <w type="IN">in</w> <w type="NP">November</w> <w type="CS">as</w> <c type="pct">``</c> <w type="JJ" subtype="TL">National</w> <w type="NNSg" subtype="TL">Grandmothers'</w> <w type="NN" subtype="TL">Day</w> <c type="pct">''</c> <w type="CC">and</w> <w type="VBD">urged</w> <w type="NP">America</w> <w type="TO">to</w> <w type="VB">say</w> <w type="PPO">it</w> <w type="IN">with</w> <w type="NNS">flowers</w> <c type="pct">.</c> </s>
<s n="129"><w type="AT">A</w> <w type="NN">funeral</w> <w type="NN">parlor</w> <w type="NN">chain</w> <w type="BEDZ">was</w> <w type="VBN">indicted</w> <w type="IN">for</w> <w type="NN">price-cutting</w> <c type="pct">.</c> </s>
<s n="130"><w type="JJ">Fosterite</w> <w type="NNS">bishops</w> <c type="pct">,</c> <w type="IN">after</w> <w type="JJ">secret</w> <w type="NN">conclave</w> <c type="pct">,</c> <w type="VBD">announced</w> <w type="AT">the</w> <w type="NNg" subtype="TL">Church's</w> <w type="OD">second</w> <w type="JJ" subtype="TL">Major</w> <w type="NN" subtype="TL">Miracle</w> <c type="pct">:</c> <w type="JJ" subtype="TL">Supreme</w> <w type="NN" subtype="TL">Bishop</w> <w type="NP">Digby</w> <w type="HVD">had</w> <w type="BEN">been</w> <w type="VBN">translated</w> <w type="RB">bodily</w> <w type="IN">to</w> <w type="NN" subtype="TL">Heaven</w> <w type="CC">and</w> <w type="VBN">spot-promoted</w> <w type="IN">to</w> <w type="NN" subtype="TL">Archangel</w> <c type="pct">,</c> <w type="VBG">ranking</w> <w type="IN">with-but-after</w> <w type="NN" subtype="TL">Archangel</w> <w type="NP">Foster</w> <c type="pct">.</c> </s>
<s n="131"><w type="AT">The</w> <w type="JJ">glorious</w> <w type="NN">news</w> <w type="HVD">had</w> <w type="BEN">been</w> <w type="VBN">held</w> <w type="RP">up</w> <w type="IN">pending</w> <w type="JJ">Heavenly</w> <w type="NN">confirmation</w> <w type="IN">of</w> <w type="AT">the</w> <w type="NN">elevation</w> <w type="IN">of</w> <w type="AT">a</w> <w type="JJ">new</w> <w type="JJ" subtype="TL">Supreme</w> <w type="NN" subtype="TL">Bishop</w> <c type="pct">,</c> <w type="NP">Huey</w> <w type="NP">Short</w> <c type="pct">--</c> <w type="AT">a</w> <w type="NN">candidate</w> <w type="VBD">accepted</w> <w type="IN">by</w> <w type="AT">the</w> <w type="NP">Boone</w> <w type="NN">faction</w> <w type="CS">after</w> <w type="NNS">lots</w> <w type="HVD">had</w> <w type="BEN">been</w> <w type="NN">cast</w> <w type="RB">repeatedly</w> <c type="pct">.</c> </s>
</p>
<p><s n="132"><mw pos="AT NN" subtype="FW">L'Unita </mw><w type="CC">and</w> <w type="NR" subtype="FW">Hoy</w> <w type="VBD">published</w> <w type="JJ">identical</w> <w type="NNS">denunciations</w> <w type="IN">of</w> <w type="NPg">Short's</w> <w type="NN">elevation</w> <c type="pct">,</c> <mw pos="AT NN" subtype="FW">l'Osservatore </mw><w type="JJ" subtype="FW">Romano</w> <w type="CC">and</w> <w type="AT">the</w> <w type="JJ" subtype="TL">Christian</w> <w type="NN" subtype="TL">Science</w> <w type="NN" subtype="TL">Monitor</w> <w type="VBD">ignored</w> <w type="PPO">it</w> <c type="pct">,</c> <w type="NNS" subtype="TL">Times</w> <w type="IN" subtype="TL">of</w> <w type="NP" subtype="TL">India</w> <w type="VBD">snickered</w> <w type="IN">at</w> <w type="PPO">it</w> <c type="pct">,</c> <w type="CC">and</w> <w type="AT">the</w> <w type="NP" subtype="TL">Manchester</w> <w type="NN" subtype="TL">Guardian</w> <w type="RB">simply</w> <w type="VBD">reported</w> <w type="PPO">it</w> <c type="pct">--</c> <w type="AT">the</w> <w type="NPS">Fosterites</w> <w type="IN">in</w> <w type="NP">England</w> <w type="BED">were</w> <w type="AP">few</w> <w type="CC">but</w> <w type="RB">extremely</w> <w type="JJ">militant</w> <c type="pct">.</c> </s>
</p>
<p><s n="133"><w type="NP">Digby</w> <w type="BEDZ">was</w> <w type="NEG">not</w> <w type="VBN">pleased</w> <w type="IN">with</w> <w type="PPg">his</w> <w type="NN">promotion</w> <c type="pct">.</c> </s>
<s n="134"><w type="AT">The</w> <w type="NN" subtype="TL">Man</w> <w type="IN" subtype="TL">from</w> <w type="NP" subtype="TL">Mars</w> <w type="HVD">had</w> <w type="VBN">interrupted</w> <w type="PPO">him</w> <w type="IN">with</w> <w type="PPg">his</w> <w type="NN">work</w> <w type="QL">half</w> <w type="VBN">finished</w> <c type="pct">--</c> <w type="CC">and</w> <w type="DT">that</w> <w type="JJ">stupid</w> <w type="NN">jackass</w> <w type="NP">Short</w> <w type="BEDZ">was</w> <w type="JJ">certain</w> <w type="TO">to</w> <w type="VB">louse</w> <w type="PPO">it</w> <w type="RP">up</w> <c type="pct">.</c> </s>
<s n="135"><w type="NP">Foster</w> <w type="VBD">listened</w> <w type="IN">with</w> <w type="JJ">angelic</w> <w type="NN">patience</w> <w type="CS">until</w> <w type="NP">Digby</w> <w type="VBD">ran</w> <w type="RP">down</w> <c type="pct">,</c> <w type="RB">then</w> <w type="VBD">said</w> <c type="pct">,</c> <c type="pct">``</c> <w type="VB">Listen</w> <c type="pct">,</c> <w type="NP">junior</w> <c type="pct">,</c> <mw pos="PPSS BER">you're </mw><w type="AT">an</w> <w type="NN">angel</w> <w type="RB">now</w> <c type="pct">--</c> <w type="CS">so</w> <w type="VB">forget</w> <w type="PPO">it</w> <c type="pct">.</c> </s>
<s n="136"><w type="NN">Eternity</w> <w type="BEZ">is</w> <w type="AT">no</w> <w type="NN">time</w> <w type="IN">for</w> <w type="NNS">recriminations</w> <c type="pct">.</c> </s>
<s n="137"><w type="PPSS">You</w> <w type="RB">too</w> <w type="BED">were</w> <w type="AT">a</w> <w type="JJ">stupid</w> <w type="NN">jackass</w> <w type="CS">until</w> <w type="PPSS">you</w> <w type="VBD">poisoned</w> <w type="PPO">me</w> <c type="pct">.</c> </s>
<s n="138"><w type="RB">Afterwards</w> <w type="PPSS">you</w> <w type="DOD">did</w> <w type="RB">well</w> <w type="QLP">enough</w> <c type="pct">.</c> </s>
<s n="139"><w type="RB">Now</w> <w type="CS">that</w> <w type="NP">Short</w> <w type="BEZ">is</w> <w type="JJ" subtype="TL">Supreme</w> <w type="NN" subtype="TL">Bishop</w> <mw pos="PPS MD">he'll </mw><w type="DO">do</w> <w type="QL">all</w> <w type="RB">right</w> <c type="pct">,</c> <w type="PPS">he</w> <mw pos="MD *">can't </mw><w type="VB">help</w> <w type="PPO">it</w> <c type="pct">.</c> </s>
<s n="140"><w type="AP">Same</w> <w type="CS">as</w> <w type="IN">with</w> <w type="AT">the</w> <w type="NNS" subtype="TL">Popes</w> <c type="pct">.</c> </s>
<s n="141"><w type="DTI">Some</w> <w type="IN">of</w> <w type="PPO">them</w> <w type="BED">were</w> <w type="NNS">warts</w> <w type="CS">until</w> <w type="PPSS">they</w> <w type="VBD">got</w> <w type="VBN">promoted</w> <c type="pct">.</c> </s>
<s n="142"><w type="VB">Check</w> <w type="IN">with</w> <w type="CD">one</w> <w type="IN">of</w> <w type="PPO">them</w> <c type="pct">,</c> <w type="VB">go</w> <w type="RB">ahead</w> <c type="pct">--</c> <mw pos="EX BEZ">there's </mw><w type="AT">no</w> <w type="JJ">professional</w> <w type="NN">jealousy</w> <w type="RB">here</w> <c type="pct">''</c> <c type="pct">.</c> </s>
</p>
<p><s n="143"><w type="NP">Digby</w> <w type="VBD">calmed</w> <w type="RP">down</w> <c type="pct">,</c> <w type="CC">but</w> <w type="VBD">made</w> <w type="CD">one</w> <w type="NN">request</w> <c type="pct">.</c> </s>
</p>
<p><s n="144"><w type="NP">Foster</w> <w type="VBD">shook</w> <w type="PPg">his</w> <w type="NN">halo</w> <c type="pct">.</c> </s>
<s n="145"><c type="pct">``</c> <w type="PPSS">You</w> <mw pos="MD *">can't </mw><w type="VB">touch</w> <w type="PPO">him</w> <c type="pct">.</c> </s>
<s n="146"><w type="PPSS">You</w> <mw pos="MD *">shouldn't </mw><w type="HV">have</w> <w type="VBN">tried</w> <w type="TO">to</w> <c type="pct">.</c> </s>
<s n="147"><w type="UH">Oh</w> <c type="pct">,</c> <w type="PPSS">you</w> <w type="MD">can</w> <w type="VB">submit</w> <w type="AT">a</w> <w type="NN">requisition</w> <w type="IN">for</w> <w type="AT">a</w> <w type="NN">miracle</w> <w type="CS">if</w> <w type="PPSS">you</w> <w type="VB">want</w> <w type="TO">to</w> <w type="VB">make</w> <w type="AT">a</w> <w type="NN">fool</w> <w type="IN">of</w> <w type="PPL">yourself</w> <c type="pct">.</c> </s>
<s n="148"><w type="CC">But</w> <c type="pct">,</c> <mw pos="PPSS BEM">I'm </mw><w type="VBG">telling</w> <w type="PPO">you</w> <c type="pct">,</c> <mw pos="PPS MD">it'll </mw><w type="BE">be</w> <w type="VBN">turned</w> <w type="RP">down</w> <c type="pct">--</c> <w type="PPSS">you</w> <mw pos="DO *">don't </mw><w type="VB">understand</w> <w type="AT">the</w> <w type="NN" subtype="TL">System</w> <w type="RB">yet</w> <c type="pct">.</c> </s>
<s n="149"><w type="AT">The</w> <w type="NPS">Martians</w> <w type="HV">have</w> <w type="PPg">their</w> <w type="JJ">own</w> <w type="NN">setup</w> <c type="pct">,</c> <w type="JJ">different</w> <w type="IN">from</w> <w type="PPgg">ours</w> <c type="pct">,</c> <w type="CC">and</w> <w type="QL">as</w> <w type="JJ">long</w> <w type="CS">as</w> <w type="PPSS">they</w> <w type="VB">need</w> <w type="PPO">him</w> <c type="pct">,</c> <w type="PPSS">we</w> <mw pos="MD *">can't </mw><w type="VB">touch</w> <w type="PPO">him</w> <c type="pct">.</c> </s>
<s n="150"><w type="PPSS">They</w> <w type="VB">run</w> <w type="PPg">their</w> <w type="NN">show</w> <w type="PPg">their</w> <w type="NN">way</w> <c type="pct">--</c> <w type="AT">the</w> <w type="NN" subtype="TL">Universe</w> <w type="HVZ">has</w> <w type="NN">variety</w> <c type="pct">,</c> <w type="PN">something</w> <w type="IN">for</w> <w type="PN">everybody</w> <c type="pct">--</c> <w type="AT">a</w> <w type="NN">fact</w> <w type="PPSS">you</w> <w type="VB">field</w> <w type="NNS">workers</w> <w type="RB">often</w> <w type="VB">miss</w> <c type="pct">''</c> <c type="pct">.</c> </s>
</p>
<p><s n="151"><c type="pct">``</c> <w type="PPSS">You</w> <w type="VB">mean</w> <w type="DT">this</w> <w type="NN">punk</w> <w type="MD">can</w> <w type="VB">brush</w> <w type="PPO">me</w> <w type="RB">aside</w> <w type="CC">and</w> <mw pos="PPSS HV">I've </mw><w type="VBN">got</w> <w type="TO">to</w> <w type="VB">hold</w> <w type="RB">still</w> <w type="IN">for</w> <w type="PPO">it</w> <c type="pct">''</c> <c type="pct">?</c> <c type="pct">?</c> </s>
</p>
<p><s n="152"><c type="pct">``</c> <w type="PPSS">I</w> <w type="VBD">held</w> <w type="RB">still</w> <w type="IN">for</w> <w type="AT">the</w> <w type="AP">same</w> <w type="NN">thing</w> <c type="pct">,</c> <mw pos="DOD *">didn't </mw><w type="PPSS">I</w> <c type="pct">?</c> <c type="pct">?</c> </s>
<s n="153"><mw pos="PPSS BEM">I'm </mw><w type="VBG">helping</w> <w type="PPO">you</w> <w type="RB">now</w> <c type="pct">,</c> <w type="BEM">am</w> <w type="PPSS">I</w> <w type="NEG">not</w> <c type="pct">?</c> <c type="pct">?</c> </s>
<s n="154"><w type="RB">Now</w> <w type="VB">look</w> <c type="pct">,</c> <mw pos="EX BEZ">there's </mw><w type="NN">work</w> <w type="TO">to</w> <w type="BE">be</w> <w type="VBN">done</w> <w type="CC">and</w> <w type="NNS">lots</w> <w type="IN">of</w> <w type="PPO">it</w> <c type="pct">.</c> </s>
<s n="155"><w type="AT">The</w> <w type="NN" subtype="TL">Boss</w> <w type="VBZ">wants</w> <w type="NN">performance</w> <c type="pct">,</c> <w type="NEG">not</w> <w type="NNS">gripes</w> <c type="pct">.</c> </s>
<s n="156"><w type="CS">If</w> <w type="PPSS">you</w> <w type="VB">need</w> <w type="AT">a</w> <w type="NN" subtype="TL">Day</w> <w type="RP">off</w> <w type="TO">to</w> <w type="VB">calm</w> <w type="RP">down</w> <c type="pct">,</c> <w type="VB">duck</w> <w type="RP">over</w> <w type="IN">to</w> <w type="AT">the</w> <w type="JJ" subtype="TL">Muslim</w> <w type="NN" subtype="TL">Paradise</w> <w type="CC">and</w> <w type="VB">take</w> <w type="PPO">it</w> <c type="pct">.</c> </s>
<s n="157"><w type="RB">Otherwise</w> <c type="pct">,</c> <w type="VB">straighten</w> <w type="PPg">your</w> <w type="NN">halo</w> <c type="pct">,</c> <w type="VB">square</w> <w type="PPg">your</w> <w type="NNS">wings</w> <c type="pct">,</c> <w type="CC">and</w> <w type="VB">dig</w> <w type="RP">in</w> <c type="pct">.</c> </s>
<s n="158"><w type="AT">The</w> <w type="RBR">sooner</w> <w type="PPSS">you</w> <w type="VB">act</w> <w type="CS">like</w> <w type="AT">an</w> <w type="NN">angel</w> <w type="AT">the</w> <w type="RBR">quicker</w> <mw pos="PPSS MD">you'll </mw><w type="VB">feel</w> <w type="JJ">angelic</w> <c type="pct">.</c> </s>
<s n="159"><w type="VB">Get</w> <w type="JJ">Happy</w> <c type="pct">,</c> <w type="JJ">junior</w> <c type="pct">''</c> <c type="pct">!</c> <c type="pct">!</c> </s>
</p>
<p><s n="160"><w type="NP">Digby</w> <w type="VBD">heaved</w> <w type="AT">a</w> <w type="JJ">deep</w> <w type="JJ">ethereal</w> <w type="NN">sigh</w> <c type="pct">.</c> </s>
<s n="161"><c type="pct">``</c> <w type="UH">Okay</w> <c type="pct">,</c> <mw pos="PPSS BEM">I'm </mw><w type="JJ">Happy</w> <c type="pct">.</c> </s>
<s n="162"><w type="WRB">Where</w> <w type="DO">do</w> <w type="PPSS">I</w> <w type="VB">start</w> <c type="pct">''</c> <c type="pct">?</c> <c type="pct">?</c> </s>
</p>
<p><s n="163"><w type="NP">Jubal</w> <w type="DOD">did</w> <w type="NEG">not</w> <w type="VB">hear</w> <w type="IN">of</w> <w type="NPg">Digby's</w> <w type="NN">disappearance</w> <w type="WRB">when</w> <w type="PPS">it</w> <w type="BEDZ">was</w> <w type="VBN">announced</w> <c type="pct">,</c> <w type="CC">and</w> <c type="pct">,</c> <w type="WRB">when</w> <w type="PPS">he</w> <w type="DOD">did</w> <c type="pct">,</c> <w type="CS">while</w> <w type="PPS">he</w> <w type="HVD">had</w> <w type="AT">a</w> <w type="VBG">fleeting</w> <w type="NN">suspicion</w> <c type="pct">,</c> <w type="PPS">he</w> <w type="VBD">dismissed</w> <w type="PPO">it</w> <c type="pct">;</c> <c type="pct">;</c> </s>
<s n="164"><w type="CS">if</w> <w type="NP">Mike</w> <w type="HVD">had</w> <w type="HVN">had</w> <w type="AT">a</w> <w type="NN">finger</w> <w type="IN">in</w> <w type="PPO">it</w> <c type="pct">,</c> <w type="PPS">he</w> <w type="HVD">had</w> <w type="VBN">gotten</w> <w type="RB">away</w> <w type="IN">with</w> <w type="PPO">it</w> <c type="pct">--</c> <w type="CC">and</w> <w type="WDT">what</w> <w type="VBD">happened</w> <w type="IN">to</w> <w type="JJ">supreme</w> <w type="NNS">bishops</w> <w type="VBD">worried</w> <w type="NP">Jubal</w> <w type="NEG">not</w> <w type="IN">at</w> <w type="ABN">all</w> <w type="QL">as</w> <w type="JJ">long</w> <w type="CS">as</w> <w type="PPS">he</w> <mw pos="BEDZ *">wasn't </mw><w type="VBN">bothered</w> <c type="pct">.</c> </s>
</p>
<p><s n="165"><w type="PPg">His</w> <w type="NN">household</w> <w type="HVD">had</w> <w type="VBN">gone</w> <w type="IN">through</w> <w type="AT">an</w> <w type="VBN">upset</w> <c type="pct">.</c> </s>
<s n="166"><w type="NP">Jubal</w> <w type="VBD">deduced</w> <w type="WDT">what</w> <w type="HVD">had</w> <w type="VBN">happened</w> <w type="CC">but</w> <w type="DOD">did</w> <w type="NEG">not</w> <w type="VB">know</w> <w type="IN">with</w> <w type="WPO">whom</w> <c type="pct">--</c> <w type="CC">and</w> <mw pos="DOD *">didn't </mw><w type="VB">want</w> <w type="TO">to</w> <w type="VB">inquire</w> <c type="pct">.</c> </s>
<s n="167"><w type="NN">Mike</w> <w type="BEDZ">was</w> <w type="IN">of</w> <w type="JJ">legal</w> <w type="NN">age</w> <w type="CC">and</w> <w type="VBD">presumed</w> <w type="JJ">able</w> <w type="TO">to</w> <w type="VB">defend</w> <w type="PPL">himself</w> <w type="IN">in</w> <w type="AT">the</w> <w type="NNS">clinches</w> <c type="pct">.</c> </s>
<s n="168"><w type="RB">Anyhow</w> <c type="pct">,</c> <w type="PPS">it</w> <w type="BEDZ">was</w> <w type="JJ">high</w> <w type="NN">time</w> <w type="AT">the</w> <w type="NN">boy</w> <w type="BEDZ">was</w> <w type="VBN">salted</w> <c type="pct">.</c> </s>
</p>
<p><s n="169"><w type="NP">Jubal</w> <mw pos="MD *">couldn't </mw><w type="VB">reconstruct</w> <w type="AT">the</w> <w type="NN">crime</w> <w type="IN">from</w> <w type="AT">the</w> <w type="NN">way</w> <w type="AT">the</w> <w type="NNS">girls</w> <w type="VBD">behaved</w> <w type="CS">because</w> <w type="NNS">patterns</w> <w type="VBD">kept</w> <w type="VBG">shifting</w> <c type="pct">--</c> <w type="NP" subtype="TL">ABC</w> <w type="NP" subtype="TL">vs</w> <w type="NP" subtype="TL">D</w> <c type="pct">,</c> <w type="JJ">then</w> <w type="NP" subtype="TL">BCD</w> <w type="NP" subtype="TL">vs</w> <w type="NP" subtype="TL">A</w> <w type="CC">or</w> <w type="NP" subtype="TL">AB</w> <w type="NP" subtype="TL">vs</w> <w type="NP" subtype="TL">CD</w> <c type="pct">,</c> <w type="CC">or</w> <w type="NP" subtype="TL">AD</w> <w type="NP" subtype="TL">vs</w> <w type="NP" subtype="TL">CB</w> <c type="pct">,</c> <w type="IN">through</w> <w type="ABN">all</w> <w type="NNS">ways</w> <w type="CS">that</w> <w type="CD">four</w> <w type="NNS">women</w> <w type="MD">can</w> <w type="VB">gang</w> <w type="RP">up</w> <w type="IN">on</w> <w type="DT">each</w> <w type="AP">other</w> <c type="pct">.</c> </s>
</p>
<p><s n="170"><w type="DT">This</w> <w type="VBD">continued</w> <w type="AP">most</w> <w type="IN">of</w> <w type="AT">the</w> <w type="NN">week</w> <w type="VBG">following</w> <w type="QL">that</w> <w type="JJ">ill-starred</w> <w type="NN">trip</w> <w type="IN">to</w> <w type="NN">church</w> <c type="pct">,</c> <w type="IN">during</w> <w type="WDT">which</w> <w type="NN">period</w> <w type="NP">Mike</w> <w type="VBD">stayed</w> <w type="IN">in</w> <w type="PPg">his</w> <w type="NN">room</w> <w type="CC">and</w> <w type="RB">usually</w> <w type="IN">in</w> <w type="AT">a</w> <w type="NN">trance</w> <w type="QL">so</w> <w type="JJ">deep</w> <w type="CS">that</w> <w type="NP">Jubal</w> <w type="MD">would</w> <w type="HV">have</w> <w type="VBN">pronounced</w> <w type="PPO">him</w> <w type="JJ">dead</w> <w type="HVD">had</w> <w type="PPS">he</w> <w type="NEG">not</w> <w type="VBN">seen</w> <w type="PPO">it</w> <w type="RB">before</w> <c type="pct">.</c> </s>
<s n="171"><w type="NP">Jubal</w> <w type="MD">would</w> <w type="NEG">not</w> <w type="HV">have</w> <w type="VBN">minded</w> <w type="PPO">it</w> <w type="CS">if</w> <w type="NN">service</w> <w type="HVD">had</w> <w type="NEG">not</w> <w type="VBN">gone</w> <w type="IN">to</w> <w type="NNS">pieces</w> <c type="pct">.</c> </s>
<s n="172"><w type="AT">The</w> <w type="NNS">girls</w> <w type="VBD">seemed</w> <w type="TO">to</w> <w type="VB">spend</w> <w type="ABN">half</w> <w type="PPg">their</w> <w type="NN">time</w> <w type="VBG">tiptoeing</w> <w type="RP">in</w> <c type="pct">``</c> <w type="TO">to</w> <w type="VB">see</w> <w type="CS">if</w> <w type="NP">Mike</w> <w type="BEDZ">was</w> <w type="QL">all</w> <w type="JJ">right</w> <c type="pct">''</c> <w type="CC">and</w> <w type="PPSS">they</w> <w type="BED">were</w> <w type="QL">too</w> <w type="VBN">preoccupied</w> <w type="TO">to</w> <w type="VB">cook</w> <c type="pct">,</c> <w type="QL">much</w> <w type="AP">less</w> <w type="BE">be</w> <w type="NNS">secretaries</w> <c type="pct">.</c> </s>
<s n="173"><w type="RB">Even</w> <w type="JJ">rock-steady</w> <w type="NP">Anne</w> <c type="pct">--</c> <w type="UH">Hell</w> <c type="pct">,</c> <w type="NP">Anne</w> <w type="BEDZ">was</w> <w type="AT">the</w> <w type="JJT">worst</w> <c type="pct">!</c> <c type="pct">!</c> </s>
<s n="174"><w type="JJ">Absent-minded</w> <c type="pct">,</c> <w type="NN">subject</w> <w type="IN">to</w> <w type="JJ">unexplained</w> <w type="NNS">tears</w> <w type="NP">Jubal</w> <w type="MD">would</w> <w type="HV">have</w> <w type="NN">bet</w> <w type="PPg">his</w> <w type="NN">life</w> <w type="CS">that</w> <w type="CS">if</w> <w type="NP">Anne</w> <w type="BED">were</w> <w type="TO">to</w> <w type="VB">witness</w> <w type="AT">the</w> <w type="OD" subtype="TL">Second</w> <w type="NN" subtype="TL">Coming</w> <c type="pct">,</c> <w type="PPS">she</w> <w type="MD">would</w> <w type="VB">memorize</w> <w type="NN">date</w> <c type="pct">,</c> <w type="NN">time</w> <c type="pct">,</c> <w type="NNS">personae</w> <c type="pct">,</c> <w type="NNS">events</w> <c type="pct">,</c> <w type="CC">and</w> <w type="JJ">barometric</w> <w type="NN">pressure</w> <w type="IN">without</w> <w type="VBG">batting</w> <w type="PPg">her</w> <w type="JJ">calm</w> <w type="JJ">blue</w> <w type="NNS">eyes</w> <c type="pct">.</c> </s>
</p>
<p></p></body></text></TEI>
