<TEI xmlns="http://www.tei-c.org/ns/1.0"><teiHeader><fileDesc><titleStmt><title>Sample N02 from  Clifford Irving, The Valley.
 New York: McGraw-Hill Book Company, Inc., 1961. Pp. 262-267.
 </title></titleStmt><editionStmt><edition>A part  of the XML version of the Brown Corpus</edition></editionStmt><extent>2,017 words 620 (30.7%) quotes</extent><publicationStmt><idno>N02</idno><availability><p>Used by permission of Clifford Irving. 0010-1660</p></availability></publicationStmt><sourceDesc><bibl> Clifford Irving, The Valley.
 New York: McGraw-Hill Book Company, Inc., 1961. Pp. 262-267.
 </bibl></sourceDesc></fileDesc><encodingDesc><p/></encodingDesc><revisionDesc><change when="2008-04-27">Header auto-generated for TEI version</change></revisionDesc></teiHeader>
<text xml:id="N02" decls="N">
<body><p><s n="1"><w type="NP">Gavin</w> <w type="VBD">paused</w> <w type="RB">wearily</w> <c type="pct">.</c> </s>
<s n="2"><c type="pct">``</c> <w type="PPSS">You</w> <mw pos="MD *">can't </mw><w type="VB">stay</w> <w type="RB">here</w> <w type="IN">with</w> <w type="PPO">me</w> <c type="pct">.</c> </s>
<s n="3"><mw pos="PPS BEZ">It's </mw><w type="RB">late</w> <w type="CC">and</w> <w type="PPSS">you</w> <w type="VBD">said</w> <mw pos="PPSS MD">they'd </mw><w type="BE">be</w> <w type="RB">here</w> <w type="IN">by</w> <w type="NN">dawn</w> <c type="pct">''</c> <c type="pct">.</c> </s>
</p>
<p><s n="4"><c type="pct">``</c> <w type="PPSS">You</w> <mw pos="MD *">can't </mw><w type="VB">make</w> <w type="PPO">me</w> <w type="VB">go</w> <c type="pct">''</c> <c type="pct">.</c> </s>
</p>
<p><s n="5"><w type="NP">Gavin</w> <w type="VBD">sank</w> <w type="RP">down</w> <w type="RB">again</w> <w type="IN">into</w> <w type="PPg">his</w> <w type="NN">chair</w> <w type="CC">and</w> <w type="VBD">began</w> <w type="TO">to</w> <w type="VB">rock</w> <c type="pct">.</c> </s>
<s n="6"><w type="PPS">He</w> <w type="BEDZ">was</w> <w type="VBG">thinking</w> <w type="IN">of</w> <w type="NP">Rittenhouse</w> <w type="CC">and</w> <w type="WRB">how</w> <w type="PPS">he</w> <w type="HVD">had</w> <w type="VBN">left</w> <w type="PPO">him</w> <w type="RB">there</w> <c type="pct">,</c> <w type="TO">to</w> <w type="VB">rock</w> <w type="IN">to</w> <w type="NN">death</w> <w type="IN">on</w> <w type="AT">the</w> <w type="NN">porch</w> <w type="IN">of</w> <w type="AT">the</w> <w type="NP">Splendide</w> <c type="pct">.</c> </s>
<s n="7"><w type="PPS">It</w> <w type="BEDZ">was</w> <w type="AT">the</w> <w type="AP">only</w> <w type="NN">thing</w> <w type="IN">in</w> <w type="PPg">his</w> <w type="NN">life</w> <w type="IN">for</w> <w type="WDT">which</w> <w type="PPS">he</w> <w type="VBD">felt</w> <w type="NN">guilt</w> <c type="pct">.</c> </s>
<s n="8"><w type="IN">Beneath</w> <w type="PPg">his</w> <w type="JJ">black</w> <w type="NN">shirt</w> <w type="PPg">his</w> <w type="JJ">frail</w> <w type="NNS">shoulders</w> <w type="VBD">shook</w> <w type="CC">and</w> <w type="NNS">croaks</w> <w type="IN">of</w> <w type="NN">pain</w> <w type="VBD">broke</w> <w type="IN">from</w> <w type="PPg">his</w> <w type="NN">throat</w> <c type="pct">,</c> <w type="AT">the</w> <w type="VBN">stored</w> <w type="NN">pain</w> <w type="VBG">shattering</w> <w type="JJ">free</w> <w type="IN">in</w> <w type="JJ">slow</w> <w type="NNS">gasps</w> <c type="pct">,</c> <w type="JJ">terrible</w> <w type="TO">to</w> <w type="VB">see</w> <c type="pct">.</c> </s>
<s n="9"><w type="NP">Clayton</w> <w type="VBD">tried</w> <w type="TO">to</w> <w type="VB">call</w> <w type="RB">back</w> <w type="AT">the</w> <w type="NN">face</w> <w type="IN">of</w> <w type="AT">the</w> <w type="NN">man</w> <w type="PPS">he</w> <w type="HVD">had</w> <w type="VBN">known</w> <c type="pct">.</c> </s>
<s n="10"><w type="IN">Against</w> <w type="DT">that</w> <w type="AP">other</w> <w type="NN">man</w> <w type="PPS">he</w> <w type="MD">could</w> <w type="VB">rally</w> <w type="PPg">his</w> <w type="NN">anger</w> <c type="pct">;</c> <c type="pct">;</c> </s>
<s n="11"><w type="IN">against</w> <w type="DT">this</w> <w type="NN">bent</w> <w type="NN">man</w> <w type="IN">in</w> <w type="AT">the</w> <w type="NN">chair</w> <w type="PPS">he</w> <w type="BEDZ">was</w> <w type="JJ">powerless</w> <c type="pct">.</c> </s>
</p>
<p><s n="12"><w type="NPg">Gavin's</w> <w type="NNS">lips</w> <w type="VBD">moved</w> <w type="CS">so</w> <w type="CS">that</w> <w type="NP">Clayton</w> <w type="HVD">had</w> <w type="TO">to</w> <w type="VB">stoop</w> <w type="TO">to</w> <w type="VB">catch</w> <w type="AT">the</w> <w type="NNS">words</w> <c type="pct">.</c> </s>
<s n="13"><c type="pct">``</c> <w type="DO">Do</w> <w type="PPO">you</w> <w type="VB">remember</w> <w type="JJ" subtype="TL">Big</w> <w type="NP" subtype="TL">Charlie</w> <c type="pct">''</c> <c type="pct">?</c> <c type="pct">?</c> </s>
<s n="14"><w type="PPS">He</w> <w type="VBD">whispered</w> <c type="pct">.</c> </s>
<s n="15"><c type="pct">``</c> <w type="PPS">He</w> <w type="VBD">stuck</w> <w type="IN">with</w> <w type="PPO">me</w> <w type="ABN">all</w> <w type="DTS">these</w> <w type="NNS">years</w> <c type="pct">.</c> </s>
<s n="16"><w type="RB">Just</w> <w type="AT">a</w> <w type="NN">half-breed</w> <w type="NP">'pache</w> <c type="pct">,</c> <w type="RB">never</w> <w type="VBD">said</w> <w type="AP">much</w> <c type="pct">,</c> <w type="RB">never</w> <w type="VBD">meant</w> <w type="PN">anythin</w> <w type="IN">to</w> <w type="PPO">me</w> <c type="pct">,</c> <w type="CC">but</w> <w type="PPS">he</w> <w type="VBD">stuck</w> <w type="IN">with</w> <w type="PPO">me</w> <c type="pct">.</c> </s>
<s n="17"><w type="PPS">He</w> <w type="VBD">got</w> <w type="IN">into</w> <w type="AT">a</w> <w type="NN">fight</w> <w type="IN">with</w> <w type="NP">Tom</w> <w type="NP">English</w> <c type="pct">,</c> <w type="PPg">your</w> <w type="NNg">brother's</w> <w type="NN">son</w> <c type="pct">.</c> </s>
<s n="18"><w type="PPS">It</w> <w type="BEDZ">was</w> <w type="AT">a</w> <w type="JJ">fair</w> <w type="NN">fight</w> <c type="pct">,</c> <w type="AT">the</w> <w type="NN">boy</w> <w type="VBD">provoked</w> <w type="PPO">it</w> <c type="pct">--</c> <w type="JJ" subtype="TL">Big</w> <w type="NP" subtype="TL">Charlie</w> <w type="VBD">told</w> <w type="PPO">me</w> <w type="RB">so</w> <c type="pct">.</c> </s>
<s n="19"><w type="PPSS">I</w> <w type="VBD">believed</w> <w type="PPO">him</w> <c type="pct">.</c> </s>
<s n="20"><w type="PPSS">They</w> <w type="VBD">killed</w> <w type="JJ" subtype="TL">Big</w> <w type="NP" subtype="TL">Charlie</w> <c type="pct">,</c> <w type="VBD">dumped</w> <w type="PPg">his</w> <w type="NN">body</w> <w type="IN">in</w> <w type="PPg">my</w> <w type="NN">rose</w> <w type="NN">garden</w> <w type="CD">two</w> <w type="NNS">nights</w> <w type="RB">ago</w> <c type="pct">.</c> </s>
<s n="21"><w type="PPg">My</w> <w type="NNS">men</w> <c type="pct">,</c> <w type="PPSS">they</w> <w type="ABN">all</w> <w type="VBD">left</w> <w type="PPO">me</w> <c type="pct">.</c> </s>
<s n="22"><w type="RB">Just</w> <w type="VBD">cleared</w> <w type="RP">out</w> <c type="pct">.</c> </s>
<s n="23"><w type="PPSS">I</w> <mw pos="DOD *">didn't </mw><w type="VB">understand</w> <w type="WRB">why</w> <c type="pct">,</c> <w type="NP">Clay</w> <c type="pct">.</c> </s>
<s n="24"><w type="PPSS">They</w> <w type="RB">just</w> <w type="ABN">all</w> <w type="VBD">cleared</w> <w type="RP">out</w> <c type="pct">.</c> </s>
<s n="25"><w type="PPSS">I</w> <w type="VBD">treated</w> <w type="PPO">them</w> <w type="RB">fair</w> <c type="pct">''</c> </s>
</p>
<p><s n="26"><w type="PPS">He</w> <w type="VBD">wiped</w> <w type="PPg">his</w> <w type="NNS">lips</w> <w type="IN">with</w> <w type="AT">a</w> <w type="NN">sleeve</w> <c type="pct">,</c> <w type="RB">then</w> <w type="VBD">stared</w> <w type="IN">at</w> <w type="NP">Clayton</w> <w type="IN">in</w> <w type="AT">a</w> <w type="JJ">childish</w> <w type="NN">kind</w> <w type="IN">of</w> <w type="NN">wonder</w> <c type="pct">.</c> </s>
<s n="27"><c type="pct">``</c> <w type="DO">Do</w> <w type="PPSS">you</w> <w type="VB">mean</w> <c type="pct">''</c> <c type="pct">--</c> <w type="PPS">he</w> <w type="VBD">asked</w> <w type="RB">almost</w> <w type="RB">shyly</w> <c type="pct">--</c> <c type="pct">``</c> <w type="PPSS">you</w> <w type="VB">want</w> <w type="PPO">me</w> <w type="TO">to</w> <w type="VB">go</w> <w type="IN">with</w> <w type="PPO">you</w> <c type="pct">,</c> <w type="WRB">wherever</w> <mw pos="PPSS BER">you're </mw><w type="VBG">goin</w> <c type="pct">''</c> <c type="pct">?</c> <c type="pct">?</c> </s>
</p>
<p><s n="28"><c type="pct">``</c> <w type="RB">Yes</w> <c type="pct">''</c> <c type="pct">.</c> </s>
</p>
<p><s n="29"><c type="pct">``</c> <w type="PPSS">You</w> <mw pos="DO *">don't </mw><w type="VB">hate</w> <w type="PPO">me</w> <w type="DTI">any</w> <w type="AP">more</w> <c type="pct">''</c> <c type="pct">?</c> <c type="pct">?</c> </s>
</p>
<p><s n="30"><w type="NP">Clayton</w> <w type="VBD">choked</w> <c type="pct">,</c> <w type="VBD">shook</w> <w type="PPg">his</w> <w type="NN">head</w> <c type="pct">,</c> <w type="VBG">murmuring</w> <c type="pct">,</c> <c type="pct">``</c> <w type="RB">No</w> <c type="pct">''</c> <c type="pct">.</c> </s>
</p>
<p><s n="31"><c type="pct">``</c> <w type="VB">Come</w> <w type="RB">here</w> <c type="pct">''</c> <c type="pct">.</c> </s>
<s n="32"><w type="AT">The</w> <w type="JJ">old</w> <w type="NN">man</w> <w type="VBD">beckoned</w> <w type="IN">with</w> <w type="CD">one</w> <w type="NN">finger</w> <w type="CC">and</w> <w type="NP">Clayton</w> <w type="VBD">went</w> <w type="RB">forward</w> <w type="IN">to</w> <w type="PPO">him</w> <c type="pct">.</c> </s>
<s n="33"><w type="NP">Gavin</w> <w type="VBD">slipped</w> <w type="PPg">his</w> <w type="NNS">arms</w> <w type="IN">around</w> <w type="PPg">his</w> <w type="NN">chest</w> <w type="CC">and</w> <w type="VBD">hugged</w> <w type="PPO">him</w> <w type="RB">fiercely</w> <c type="pct">.</c> </s>
<s n="34"><c type="pct">``</c> <w type="ABN">All</w> <w type="PPg">my</w> <w type="NN">life</w> <c type="pct">''</c> <c type="pct">,</c> <w type="PPS">he</w> <w type="VBD">said</w> <c type="pct">,</c> <c type="pct">``</c> <w type="PPSS">I</w> <w type="VBD">tried</w> <c type="pct">.</c> </s>
<s n="35"><w type="PPSS">I</w> <w type="VBD">tried</w> <c type="pct">.</c> </s>
<s n="36"><w type="PPSS">I</w> <w type="VBD">saw</w> <w type="PPO">you</w> <w type="VBG">driftin</w> <w type="RB">away</w> <c type="pct">--</c> <w type="CC">but</w> <w type="PPSS">I</w> <w type="VBD">tried</w> <c type="pct">.</c> </s>
<s n="37"><w type="CC">And</w> <w type="PPSS">you</w> <w type="VBD">wanted</w> <w type="AT">no</w> <w type="NN">part</w> <w type="IN">of</w> <w type="PPO">me</w> <w type="WRB">when</w> <w type="PPSS">I</w> <w type="HVD">had</w> <w type="QL">so</w> <w type="AP">much</w> <w type="TO">to</w> <w type="VB">give</w> <c type="pct">.</c> </s>
<s n="38"><w type="RB">Now</w> <mw pos="EX BEZ">there's </mw><w type="PN">nothin</w> <w type="VBN">left</w> <w type="IN">of</w> <w type="PPO">me</w> <c type="pct">.</c> </s>
<s n="39"><w type="NN" subtype="TL">Laurel</w> <w type="BEZ">is</w> <w type="VBN">gone</w> <c type="pct">,</c> <w type="PPg">my</w> <w type="NNS">men</w> <w type="BER">are</w> <w type="VBN">gone</w> <c type="pct">,</c> <w type="NP">Ed</w> <w type="BEZ">is</w> <w type="JJ">dead</w> <c type="pct">--</c> <w type="CC">and</w> <w type="PPSS">you</w> <w type="VB">come</w> <w type="IN">to</w> <w type="PPO">me</w> <c type="pct">,</c> <w type="TO">to</w> <w type="VB">help</w> <w type="PPO">me</w> <c type="pct">.</c> </s>
<s n="40"><w type="UH">Oh</w> <c type="pct">!</c> <c type="pct">!</c> </s>
<s n="41"><w type="NP">God</w> <w type="IN">in</w> <w type="NN" subtype="TL">Heaven</w> <c type="pct">,</c> <w type="PPSS">I</w> <mw pos="MD *">can't </mw><w type="VB">refuse</w> <w type="PPO">you</w> <w type="RB">now</w> <c type="pct">.</c> </s>
<s n="42"><w type="DT">That</w> <w type="MD">would</w> <w type="VB">mock</w> <w type="PPO">me</w> <w type="QL">too</w> <w type="RB">much</w> <c type="pct">!</c> <c type="pct">!</c> </s>
<s n="43"><mw pos="MD *">Can't </mw><w type="VB">let</w> <w type="PPO">you</w> <w type="VB">go</w> <w type="RB">way</w> <w type="IN">from</w> <w type="PPO">me</w> <w type="RB">again</w> <c type="pct">''</c> <w type="PPS">He</w> <w type="VBD">closed</w> <w type="PPg">his</w> <w type="NNS">eyes</w> <c type="pct">,</c> <w type="JJ">ashamed</w> <w type="IN">of</w> <w type="PPg">his</w> <w type="NNS">tears</w> <c type="pct">.</c> </s>
</p>
<p><s n="44"><c type="pct">``</c> <mw pos="PPSS MD">I'll </mw><w type="VB">go</w> <c type="pct">,</c> <w type="NP">Clay</w> <c type="pct">''</c> <c type="pct">.</c> </s>
</p>
<p><s n="45"><w type="NP">Clayton</w> <w type="VBD">freed</w> <w type="PPL">himself</w> <w type="IN">from</w> <w type="AT">the</w> <w type="NN">embrace</w> <w type="CC">and</w> <w type="VBD">stepped</w> <w type="RB">back</w> <c type="pct">.</c> </s>
<s n="46"><w type="AT">The</w> <w type="NNS">eyes</w> <w type="VBD">followed</w> <w type="PPO">him</w> <w type="RB">fearfully</w> <c type="pct">.</c> </s>
<s n="47"><c type="pct">``</c> <w type="AT">The</w> <w type="NNS">horses</w> <c type="pct">.</c> </s>
<s n="48"><w type="EX">There</w> <mw pos="BEZ *">isn't </mw><w type="AP">much</w> <w type="NN">time</w> <c type="pct">.</c> </s>
<s n="49"><mw pos="PPSS MD">I'll </mw><w type="VB">saddle</w> <w type="AT">the</w> <w type="NNS">horses</w> <w type="CC">and</w> <w type="VB">bring</w> <w type="PPO">them</w> <w type="RB">round</w> <c type="pct">.</c> </s>
<s n="50"><w type="PPSS">You</w> <w type="VB">get</w> <w type="JJ">ready</w> <c type="pct">''</c> </s>
</p>
<p><s n="51"><w type="PPS">He</w> <w type="VBD">burst</w> <w type="IN">from</w> <w type="AT">the</w> <w type="JJ">hot</w> <w type="NN">confinement</w> <w type="IN">of</w> <w type="AT">the</w> <w type="NN">room</w> <w type="IN">into</w> <w type="AT">the</w> <w type="JJ">cold</w> <w type="NN">night</w> <w type="NN">air</w> <c type="pct">.</c> </s>
<s n="52"><w type="NPg">Gavin's</w> <w type="NN">stallion</w> <w type="BEDZ">was</w> <w type="IN">in</w> <w type="AT">the</w> <w type="NN">barn</w> <w type="CC">and</w> <w type="PPS">he</w> <w type="VBD">tightened</w> <w type="AT">the</w> <w type="NNS">cinches</w> <w type="IN">over</w> <w type="AT">the</w> <w type="NN">saddle</w> <w type="NN">blanket</w> <c type="pct">,</c> <w type="VBG">working</w> <w type="IN">by</w> <w type="NN">touch</w> <w type="IN">in</w> <w type="AT">the</w> <w type="NN">darkness</w> <c type="pct">,</c> <w type="VBG">comforting</w> <w type="AT">the</w> <w type="NN">animal</w> <w type="IN">with</w> <w type="JJ">easy</w> <w type="NNS">words</w> <c type="pct">.</c> </s>
<s n="53"><w type="WRB">When</w> <w type="PPS">he</w> <w type="HVD">had</w> <w type="VBN">finished</w> <w type="PPS">he</w> <w type="VBD">led</w> <w type="PPO">him</w> <w type="CC">and</w> <w type="AT">the</w> <w type="NN">mare</w> <w type="IN">to</w> <w type="AT">the</w> <w type="NN">porch</w> <c type="pct">.</c> </s>
<s n="54"><w type="AT">The</w> <w type="NN">stallion</w> <w type="HVD">had</w> <w type="VBN">smelled</w> <w type="AT">the</w> <w type="NN">mare</w> <w type="VBG">coming</w> <w type="IN">into</w> <w type="NN">heat</w> <w type="CC">and</w> <w type="VBD">began</w> <w type="TO">to</w> <w type="VB">paw</w> <w type="AT">the</w> <w type="NN">turf</w> <c type="pct">,</c> <w type="VBG">shaking</w> <w type="PPg">his</w> <w type="NN">head</w> <c type="pct">.</c> </s>
<s n="55"><w type="NP">Clayton</w> <w type="VBD">looped</w> <w type="AT">the</w> <w type="NNS">reins</w> <w type="IN">in</w> <w type="AT">a</w> <w type="NN">knot</w> <w type="IN">over</w> <w type="AT">the</w> <w type="NN">veranda</w> <w type="NN">post</w> <w type="CC">and</w> <w type="VBD">patted</w> <w type="AT">the</w> <w type="JJ">warm</w> <w type="NN">flesh</w> <w type="IN">of</w> <w type="PPg">his</w> <w type="NN">neck</w> <c type="pct">.</c> </s>
<s n="56"><w type="AT">The</w> <w type="NN">mare</w> <w type="HVD">had</w> <w type="VBN">backed</w> <w type="RB">away</w> <c type="pct">.</c> </s>
<s n="57"><c type="pct">``</c> <w type="PPSS">You</w> <w type="VB">take</w> <w type="PPO">it</w> <w type="RB">easy</w> <c type="pct">,</c> <w type="NN">boy</w> <c type="pct">''</c> <c type="pct">,</c> <w type="NP">Clayton</w> <w type="VBD">whispered</w> <c type="pct">.</c> </s>
<s n="58"><c type="pct">``</c> <w type="PPS">She</w> <mw pos="DOZ *">doesn't </mw><w type="VB">want</w> <w type="PPO">you</w> <w type="RB">now</w> <c type="pct">.</c> </s>
<s n="59"><w type="PPSS">You</w> <w type="VB">take</w> <w type="PPO">it</w> <w type="RB">easy</w> <c type="pct">,</c> <w type="PPg">your</w> <w type="NN">time</w> <w type="MD">will</w> <w type="VB">come</w> <c type="pct">''</c> <c type="pct">.</c> </s>
</p>
<p><s n="60"><w type="NP">Gavin</w> <w type="VBD">stood</w> <w type="IN">on</w> <w type="AT">the</w> <w type="NN">porch</w> <c type="pct">,</c> <w type="AT">a</w> <w type="JJ">thin</w> <w type="NN">figure</w> <c type="pct">.</c> </s>
<s n="61"><w type="PPS">He</w> <w type="HVD">had</w> <w type="VBN">taken</w> <w type="AT">a</w> <w type="NN">carbine</w> <w type="RP">down</w> <w type="IN">from</w> <w type="AT">the</w> <w type="NN">wall</w> <w type="CC">and</w> <w type="PPS">it</w> <w type="VBD">trailed</w> <w type="IN">from</w> <w type="PPg">his</w> <w type="NN">hand</w> <c type="pct">,</c> <w type="AT">the</w> <w type="NN">stock</w> <w type="VBG">bumping</w> <w type="IN">on</w> <w type="AT">the</w> <w type="NN">wood</w> <w type="NN">floor</w> <c type="pct">.</c> </s>
<s n="62"><w type="NP">Clayton</w> <w type="VBD">called</w> <w type="IN">to</w> <w type="PPO">him</w> <w type="CC">and</w> <w type="PPS">he</w> <w type="VBD">came</w> <w type="RB">slowly</w> <w type="IN">down</w> <w type="AT">the</w> <w type="NNS">steps</w> <c type="pct">.</c> </s>
</p>
<p><s n="63"><c type="pct">``</c> <w type="NP">Clay</w> <c type="pct">''</c> <c type="pct">,</c> <w type="PPS">he</w> <w type="VBD">said</w> <c type="pct">,</c> <c type="pct">``</c> <w type="WRB">where</w> <w type="BER">are</w> <w type="PPSS">we</w> <w type="VBG">goin</w> <c type="pct">''</c> <c type="pct">?</c> <c type="pct">?</c> </s>
</p>
<p><s n="64"><c type="pct">``</c> <w type="IN">To</w> <w type="AT">a</w> <w type="NN">ranch</w> <w type="IN">in</w> <w type="AT">the</w> <w type="NN">valley</w> <c type="pct">.</c> </s>
<s n="65"><mw pos="EX BEZ">There's </mw><w type="PN">someone</w> <w type="RB">there</w> <w type="PPSS">I</w> <w type="HV">have</w> <w type="TO">to</w> <w type="VB">see</w> <c type="pct">.</c> </s>
<s n="66"><w type="PPSS">We</w> <w type="MD">may</w> <w type="VB">take</w> <w type="PPO">her</w> <w type="IN">with</w> <w type="PPO">us</w> <c type="pct">--</c> <w type="IN">to</w> <w type="NP">California</w> <c type="pct">.</c> </s>
<s n="67"><w type="PPSS">I</w> <mw pos="DO *">don't </mw><w type="VB">know</w> <w type="RB">yet</w> <c type="pct">,</c> <mw pos="PPS BEZ">it's </mw><w type="JJ">crazy</w> <c type="pct">;</c> <c type="pct">;</c> </s>
<s n="68"><w type="PPSS">I</w> <w type="HV">have</w> <w type="TO">to</w> <w type="VB">think</w> <w type="IN">about</w> <w type="PPO">it</w> <c type="pct">.</c> </s>
<s n="69"><w type="CC">But</w> <w type="NP">California</w> <w type="BEZ">is</w> <w type="WRB">where</w> <mw pos="PPSS BER">we're </mw><w type="VBG">goin</w> <c type="pct">''</c> <c type="pct">.</c> </s>
</p>
<p><s n="70"><c type="pct">``</c> <w type="NP">California</w> <c type="pct">''</c> <c type="pct">.</c> </s>
<s n="71"><w type="NP">Gavin</w> <w type="VBD">began</w> <w type="TO">to</w> <w type="VB">nod</w> <c type="pct">.</c> </s>
<s n="72"><c type="pct">``</c> <mw pos="DT BEZ">That's </mw><w type="AT">a</w> <w type="JJ">new</w> <w type="NN">land</w> <c type="pct">.</c> </s>
<s n="73"><w type="AT">A</w> <w type="NN">man</w> <w type="MD">could</w> <w type="VB">make</w> <w type="AT">a</w> <w type="NN">mark</w> <w type="RB">there</w> <c type="pct">.</c> </s>
<s n="74"><w type="CD">Two</w> <w type="NNS">men</w> <c type="pct">,</c> <w type="RB">together</w> <w type="CS">like</w> <w type="PPO">us</w> <c type="pct">,</c> <w type="PPSS">we</w> <w type="MD">could</w> <w type="DO">do</w> <w type="PN">somethin</w> <w type="JJ">fine</w> <w type="RP">out</w> <w type="RB">there</w> <c type="pct">,</c> <w type="RB">maybe</w> <w type="VB">find</w> <w type="AT">a</w> <w type="NN">place</w> <w type="WRB">where</w> <w type="AT">no</w> <mw pos="PN HVZ">one's </mw><w type="RB">ever</w> <w type="BEN">been</w> <c type="pct">.</c> </s>
<s n="75"><w type="VB">Start</w> <w type="RP">out</w> <w type="JJ">fresh</w> <c type="pct">,</c> <w type="AT">the</w> <w type="CD">two</w> <w type="IN">of</w> <w type="PPO">us</w> <c type="pct">,</c> <w type="CS">like</w> <w type="PN">nothin</w> <w type="HVD">had</w> <w type="RB">ever</w> <w type="VBN">happened</w> <c type="pct">''</c> <c type="pct">.</c> </s>
</p>
<p><s n="76"><c type="pct">``</c> <w type="RB">Yes</w> <c type="pct">,</c> <w type="CS">like</w> <w type="AT">a</w> <w type="NN">father</w> <w type="CC">and</w> <w type="NN">son</w> <c type="pct">''</c> <c type="pct">.</c> </s>
</p>
<p><s n="77"><c type="pct">``</c> <w type="PPSS">I</w> <w type="VBD">made</w> <w type="PPO">you</w> <w type="WDT">what</w> <w type="PPSS">you</w> <w type="BER">are</w> <c type="pct">''</c> <c type="pct">,</c> <w type="NP">Gavin</w> <w type="VBD">whispered</w> <c type="pct">.</c> </s>
<s n="78"><c type="pct">``</c> <w type="PPSS">I</w> <w type="VBD">made</w> <w type="PPO">you</w> <w type="CS">so</w> <w type="PPSS">you</w> <w type="MD">could</w> <w type="VB">stand</w> <w type="RP">up</w> <c type="pct">.</c> </s>
<s n="79"><w type="PPSS">I</w> <w type="VBD">made</w> <w type="PPO">you</w> <w type="AT">a</w> <w type="NN">man</w> <c type="pct">''</c> <c type="pct">.</c> </s>
</p>
<p><s n="80"><c type="pct">``</c> <w type="RB">Yes</w> <c type="pct">,</c> <w type="NP">Gavin</w> <c type="pct">,</c> <w type="PPSS">you</w> <w type="DOD">did</w> <c type="pct">''</c> <c type="pct">.</c> </s>
</p>
<p><s n="81"><w type="PPS">He</w> <w type="VBD">approached</w> <w type="AT">the</w> <w type="NN">horse</w> <w type="CC">and</w> <w type="VBD">laid</w> <w type="AT">a</w> <w type="NN">hand</w> <w type="IN">on</w> <w type="AT">the</w> <w type="NNg">stallion's</w> <w type="VBG">quivering</w> <w type="NN">neck</w> <c type="pct">.</c> </s>
<s n="82"><c type="pct">``</c> <w type="VB">Help</w> <w type="PPO">me</w> <w type="RP">up</w> <c type="pct">,</c> <w type="NP">Clay</w> <c type="pct">.</c> </s>
<s n="83"><w type="VB">Help</w> <w type="PPO">me</w> <w type="RP">up</w> <c type="pct">,</c> <w type="PPSS">I</w> <w type="VB">feel</w> <w type="NN">kind</w> <w type="IN">of</w> <w type="JJ">stiff</w> <c type="pct">''</c> <c type="pct">.</c> </s>
<s n="84"><w type="NP">Clayton</w> <w type="VBD">lifted</w> <w type="PPO">him</w> <w type="RB">gently</w> <w type="IN">into</w> <w type="AT">the</w> <w type="NN">saddle</w> <c type="pct">,</c> <w type="CS">like</w> <w type="AT">a</w> <w type="NN">child</w> <c type="pct">.</c> </s>
<s n="85"><c type="pct">``</c> <w type="PPSS">I</w> <w type="VB">hate</w> <w type="TO">to</w> <w type="VB">leave</w> <w type="PPg">my</w> <w type="NN">garden</w> <c type="pct">''</c> <c type="pct">,</c> <w type="NP">Gavin</w> <w type="VBD">said</w> <c type="pct">.</c> </s>
<s n="86"><c type="pct">``</c> <mw pos="PPSS MD">They'll </mw><w type="VB">trample</w> <w type="PPO">it</w> <w type="RP">down</w> <c type="pct">.</c> </s>
<s n="87"><w type="PPSS">I</w> <w type="VBD">loved</w> <w type="PPg">my</w> <w type="NN">garden</w> <c type="pct">''</c> <c type="pct">.</c> </s>
</p>
<p><s n="88"><c type="pct">``</c> <w type="PPS">It</w> <w type="MD">will</w> <w type="VB">grow</w> <w type="RB">again</w> <c type="pct">--</c> <w type="IN">in</w> <w type="NP">California</w> <c type="pct">''</c> <c type="pct">.</c> </s>
</p>
<p><s n="89"><c type="pct">``</c> <w type="PPSS">I</w> <w type="VBD">loved</w> <w type="DT">this</w> <w type="NN">valley</w> <c type="pct">''</c> <c type="pct">,</c> <w type="PPS">he</w> <w type="VBD">whispered</w> <w type="RB">huskily</w> <c type="pct">.</c> </s>
<s n="90"><c type="pct">``</c> <w type="VBN">Lived</w> <w type="RB">alone</w> <w type="RB">here</w> <w type="IN">for</w> <w type="CD">three</w> <w type="NNS">years</w> <c type="pct">,</c> <w type="CS">before</w> <w type="DTI">any</w> <w type="NN">man</w> <w type="VBD">came</w> <c type="pct">.</c> </s>
<s n="91"><w type="VBN">Lived</w> <w type="RB">alone</w> <w type="IN">by</w> <w type="AT">the</w> <w type="NN">river</w> <c type="pct">.</c> </s>
<s n="92"><w type="PPS">It</w> <w type="BEDZ">was</w> <w type="JJ">nice</w> <w type="RB">then</w> <c type="pct">,</c> <w type="QL">so</w> <w type="JJ">peaceful</w> <w type="CC">and</w> <w type="JJ">quiet</w> <c type="pct">.</c> </s>
<s n="93"><w type="EX">There</w> <w type="BEDZ">was</w> <w type="AT">no</w> <w type="PN">one</w> <w type="CC">but</w> <w type="PPO">me</w> <c type="pct">.</c> </s>
<s n="94"><w type="PPSS">I</w> <mw pos="DO *">don't </mw><w type="VB">want</w> <w type="TO">to</w> <w type="VB">leave</w> <w type="PPO">it</w> <c type="pct">''</c> <c type="pct">.</c> </s>
</p>
<p><s n="95"><w type="NP">Clayton</w> <w type="VBD">swung</w> <w type="IN">into</w> <w type="AT">the</w> <w type="NN">saddle</w> <w type="CC">and</w> <w type="VBD">whacked</w> <w type="AT">the</w> <w type="NNg">stallion's</w> <w type="NN">rump</w> <c type="pct">.</c> </s>
<s n="96"><w type="AT">The</w> <w type="CD">two</w> <w type="NNS">horses</w> <w type="VBD">broke</w> <w type="IN">from</w> <w type="AT">the</w> <w type="NN">yard</w> <c type="pct">,</c> <w type="IN">from</w> <w type="AT">the</w> <w type="NN">circle</w> <w type="IN">of</w> <w type="NN">light</w> <w type="VBN">cast</w> <w type="IN">by</w> <w type="AT">the</w> <w type="NN">lamp</w> <w type="RB">still</w> <w type="VBG">burning</w> <w type="IN">in</w> <w type="AT">the</w> <w type="NN">house</w> <c type="pct">,</c> <w type="IN">into</w> <w type="AT">the</w> <w type="NN">darkness</w> <c type="pct">.</c> </s>
</p>
<p><s n="97"><w type="CD" subtype="HL">Thirty-five</w> </s>
<s n="98"><w type="PPSS">they</w> <w type="VBD">rode</w> <w type="IN">at</w> <w type="AT">a</w> <w type="VBN">measured</w> <w type="NN">pace</w> <w type="IN">through</w> <w type="AT">the</w> <w type="NN">valley</w> <c type="pct">.</c> </s>
<s n="99"><w type="NN">Dawn</w> <w type="MD">would</w> <w type="VB">come</w> <w type="RB">soon</w> <w type="CC">and</w> <w type="AT">the</w> <w type="NN">night</w> <w type="BEDZ">was</w> <w type="IN">at</w> <w type="PPg">its</w> <w type="JJT">coldest</w> <c type="pct">.</c> </s>
<s n="100"><w type="AT">The</w> <w type="NN">moon</w> <w type="HVD">had</w> <w type="VBN">sunk</w> <w type="IN">below</w> <w type="AT">the</w> <w type="JJ">black</w> <w type="NN">crest</w> <w type="IN">of</w> <w type="AT">the</w> <w type="NNS">mountains</w> <w type="CC">and</w> <w type="AT">the</w> <w type="NN">land</w> <c type="pct">,</c> <w type="VBN">seen</w> <w type="IN">through</w> <w type="NNS">eyes</w> <w type="DT">that</w> <w type="HVD">had</w> <w type="VBN">grown</w> <w type="VBN">accustomed</w> <w type="IN">to</w> <w type="AT">the</w> <w type="NN">absence</w> <w type="IN">of</w> <w type="NN">light</w> <c type="pct">,</c> <w type="VBD">looked</w> <w type="JJ">primeval</w> <c type="pct">,</c> <w type="CS">as</w> <w type="CS">if</w> <w type="AT">no</w> <w type="NN">man</w> <w type="HVD">had</w> <w type="RB">ever</w> <w type="VBN">trespassed</w> <w type="RB">before</w> <c type="pct">.</c> </s>
<s n="101"><w type="PPS">It</w> <w type="VBD">looked</w> <w type="CS">as</w> <w type="NP">Gavin</w> <w type="HVD">had</w> <w type="RB">first</w> <w type="VBN">seen</w> <w type="PPO">it</w> <w type="NNS">years</w> <w type="RB">ago</w> <c type="pct">,</c> <w type="IN">on</w> <w type="DTS">those</w> <w type="NNS">nights</w> <w type="WRB">when</w> <w type="PPS">he</w> <w type="VBD">slept</w> <w type="RB">alone</w> <w type="IN">by</w> <w type="PPg">his</w> <w type="NN">campfire</w> <w type="CC">and</w> <w type="VBD">waked</w> <w type="RB">suddenly</w> <w type="IN">to</w> <w type="AT">the</w> <w type="NN">hoot</w> <w type="IN">of</w> <w type="AT">an</w> <w type="NN">owl</w> <w type="CC">or</w> <w type="AT">the</w> <w type="NN">rustle</w> <w type="IN">of</w> <w type="AT">a</w> <w type="NN">blade</w> <w type="IN">of</w> <w type="NN">grass</w> <w type="IN">in</w> <w type="AT">the</w> <w type="NNg">moon's</w> <w type="NN">wind</w> <c type="pct">--</c> <w type="AT">a</w> <w type="JJ">savage</w> <w type="NN">land</w> <c type="pct">,</c> <w type="JJ">untenanted</w> <w type="CC">and</w> <w type="VBG">brooding</w> <c type="pct">,</c> <w type="QL">too</w> <w type="JJ">strong</w> <w type="TO">to</w> <w type="BE">be</w> <w type="VBN">broken</w> <w type="IN">by</w> <w type="AT">the</w> <w type="NN">will</w> <w type="IN">of</w> <w type="NNS">men</w> <c type="pct">.</c> </s>
<s n="102"><w type="NP">Gavin</w> <w type="VBD">sighed</w> <w type="RB">bitterly</w> <c type="pct">.</c> </s>
<s n="103"><w type="IN">In</w> <w type="QL">that</w> <w type="JJ">inert</w> <w type="NN">landscape</w> <w type="AT">the</w> <w type="NN">caravan</w> <w type="IN">of</w> <w type="PPg">his</w> <w type="NNS">desires</w> <w type="VBD">passed</w> <w type="IN">before</w> <w type="PPg">his</w> <w type="NN">mind</w> <c type="pct">.</c> </s>
<s n="104"><w type="PPS">He</w> <w type="VBD">saw</w> <w type="PPO">them</w> <w type="VBN">ambushed</w> <c type="pct">,</c> <w type="VBN">strewn</w> <w type="IN">in</w> <w type="AT">the</w> <w type="NNS">postures</w> <w type="IN">of</w> <w type="AT">the</w> <w type="VBN">broken</w> <w type="CC">and</w> <w type="AT">the</w> <w type="NN">dying</w> <c type="pct">.</c> </s>
<s n="105"><w type="IN">In</w> <w type="JJ">vain</w> <w type="PPg">his</w> <w type="NN">mind</w> <w type="VBD">groped</w> <w type="TO">to</w> <w type="VB">reassemble</w> <w type="AT">the</w> <w type="NNS">bones</w> <w type="IN">of</w> <w type="AT">the</w> <w type="NNS">relationships</w> <w type="PPS">he</w> <w type="HVD">had</w> <w type="VBN">sought</w> <w type="QL">so</w> <w type="RB">desperately</w> <c type="pct">,</c> <w type="CC">but</w> <w type="PPSS">they</w> <w type="MD">would</w> <w type="NEG">not</w> <w type="VB">come</w> <w type="IN">to</w> <w type="NN">life</w> <c type="pct">.</c> </s>
<s n="106"><w type="AT">The</w> <w type="NN">silence</w> <w type="VBD">oppressed</w> <w type="PPO">him</w> <c type="pct">,</c> <w type="VBD">made</w> <w type="PPO">him</w> <w type="VB">bend</w> <w type="RB">low</w> <w type="IN">over</w> <w type="AT">the</w> <w type="NNg">horse's</w> <w type="NN">neck</w> <w type="CS">as</w> <w type="CS">if</w> <w type="TO">to</w> <w type="VB">hide</w> <w type="IN">from</w> <w type="AT">a</w> <w type="NN">wind</w> <w type="WPS">that</w> <w type="HVD">had</w> <w type="VBN">begun</w> <w type="TO">to</w> <w type="VB">blow</w> <w type="RB">far</w> <w type="RB">away</w> <w type="CC">and</w> <w type="BEDZ">was</w> <w type="VBG">twisting</w> <w type="RB">slowly</w> <w type="IN">through</w> <w type="AT">the</w> <w type="NN">darkness</w> <w type="IN">in</w> <w type="PPg">its</w> <w type="JJ">slow</w> <w type="NN">search</w> <c type="pct">.</c> </s>
</p>
<p><s n="107"><w type="PPSS">They</w> <w type="VBD">passed</w> <w type="NNS">ranches</w> <w type="WPS">that</w> <w type="BED">were</w> <w type="VBN">framed</w> <w type="JJ">dark</w> <w type="JJ">gray</w> <w type="IN">against</w> <w type="AT">the</w> <w type="JJ">black</w> <w type="NNS">hills</w> <c type="pct">.</c> </s>
<s n="108"><w type="RB">Then</w> <w type="IN">at</w> <w type="AP">last</w> <w type="AT">the</w> <w type="NN">darkness</w> <w type="VBD">began</w> <w type="TO">to</w> <w type="VB">dissolve</w> <c type="pct">.</c> </s>
<s n="109"><w type="AT">A</w> <w type="JJ">bold</w> <w type="NN">line</w> <w type="IN">of</w> <w type="NN">violet</w> <w type="VBD">broke</w> <w type="RB">loose</w> <w type="IN">from</w> <w type="AT">the</w> <w type="JJ">high</w> <w type="NN">ridge</w> <w type="IN">of</w> <w type="AT">the</w> <w type="NNS">mountains</w> <c type="pct">,</c> <w type="VBD">followed</w> <w type="IN">by</w> <w type="NNS">feathers</w> <w type="IN">of</w> <w type="NN">red</w> <w type="WPS">that</w> <w type="VBD">swept</w> <w type="AT">the</w> <w type="AP">last</w> <w type="NNS">stars</w> <w type="IN">from</w> <w type="AT">the</w> <w type="NN">sky</w> <c type="pct">.</c> </s>
<s n="110"><w type="AT">The</w> <w type="JJ">wan</w> <w type="NN">light</w> <w type="VBD">spread</w> <w type="IN">over</w> <w type="AT">the</w> <w type="NN">ground</w> <w type="CC">and</w> <w type="AT">the</w> <w type="NN">valley</w> <w type="VBD">revealed</w> <w type="IN">in</w> <w type="AT">the</w> <w type="OD">first</w> <w type="NN">glimmer</w> <w type="AT">the</w> <w type="NNS">contours</w> <w type="IN">of</w> <w type="NNS">trees</w> <w type="CC">and</w> <w type="NNS">fences</w> <w type="CC">and</w> <w type="RB">palely</w> <w type="VBN">shadowed</w> <w type="NNS">gullies</w> <c type="pct">.</c> </s>
</p>
<p><s n="111"><w type="PPSS">They</w> <w type="HVD">had</w> <w type="BEN">been</w> <w type="VBN">seen</w> <w type="QL">as</w> <w type="RB">soon</w> <w type="CS">as</w> <w type="PPSS">they</w> <w type="VBD">left</w> <w type="AT">the</w> <w type="NN">ranch</w> <c type="pct">,</c> <w type="VBD">picked</w> <w type="IN">out</w> <w type="IN">of</w> <w type="AT">the</w> <w type="NN">darkness</w> <w type="IN">by</w> <w type="AT">the</w> <w type="JJ">weary</w> <w type="CS">though</w> <w type="JJ">watchful</w> <w type="NNS">eyes</w> <w type="IN">of</w> <w type="CD">two</w> <w type="NNS">men</w> <w type="VBN">posted</w> <w type="AT">a</w> <w type="AP">few</w> <w type="CD">hundred</w> <w type="NNS">yards</w> <w type="RB">away</w> <w type="IN">in</w> <w type="AT">the</w> <w type="JJ">windless</w> <w type="NN">shelter</w> <w type="IN">of</w> <w type="AT">the</w> <w type="NNS">trees</w> <c type="pct">.</c> </s>
<s n="112"><w type="AT">The</w> <w type="CD">two</w> <w type="NNS">men</w> <w type="VBD">whipped</w> <w type="PPg">their</w> <w type="NNS">horses</w> <w type="IN">into</w> <w type="NN">town</w> <w type="CC">and</w> <w type="VBD">flung</w> <w type="PPLS">themselves</w> <w type="IN">up</w> <w type="AT">the</w> <w type="NNS">steps</w> <w type="IN">of</w> <w type="AT">the</w> <w type="NN">saloon</w> <c type="pct">,</c> <w type="VBG">crying</w> <w type="PPg">their</w> <w type="NN">intelligence</w> <c type="pct">.</c> </s>
</p>
<p><s n="113"><w type="AT">The</w> <w type="NNS">men</w> <w type="IN">in</w> <w type="NPg">Pettigrew's</w> <w type="BED">were</w> <w type="VBN">tired</w> <w type="IN">from</w> <w type="AT">a</w> <w type="NNg">night's</w> <w type="NN">drinking</w> <c type="pct">,</c> <w type="PPg">their</w> <w type="NNS">faces</w> <w type="JJ">red</w> <w type="CC">and</w> <w type="JJ">baggy</w> <c type="pct">.</c> </s>
<s n="114"><w type="CC">But</w> <w type="AT">the</w> <w type="NN">liquor</w> <w type="HVD">had</w> <w type="VBN">flushed</w> <w type="PPg">their</w> <w type="NN">courage</w> <c type="pct">.</c> </s>
<s n="115"><w type="PPSS">They</w> <w type="VBD">greeted</w> <w type="AT">the</w> <w type="NN">news</w> <w type="RB">angrily</w> <c type="pct">,</c> <w type="CS">as</w> <w type="CS">though</w> <w type="PPSS">they</w> <w type="HVD">had</w> <w type="BEN">been</w> <w type="VBN">cheated</w> <w type="IN">of</w> <w type="NN">purpose</w> <c type="pct">.</c> </s>
<s n="116"><w type="NP">Lester</w> <w type="VBD">heard</w> <w type="PPg">their</w> <w type="NN">muttering</w> <c type="pct">,</c> <w type="VBD">saw</w> <w type="PPg">their</w> <w type="NNS">eyes</w> <w type="VB">reveal</w> <w type="PPg">their</w> <w type="NN">desire</w> <c type="pct">.</c> </s>
<s n="117"><w type="PPS">He</w> <w type="VBD">worked</w> <w type="PPg">his</w> <w type="NN">tongue</w> <w type="RB">round</w> <w type="CC">and</w> <w type="RB">round</w> <w type="IN">in</w> <w type="AT">the</w> <w type="NN">hollow</w> <w type="IN">of</w> <w type="PPg">his</w> <w type="NN">cheek</w> <w type="CC">and</w> <w type="PPg">his</w> <w type="NN">voice</w> <w type="VBD">came</w> <w type="IN">out</w> <w type="IN">of</w> <w type="PPg">his</w> <w type="NN">throat</w> <c type="pct">,</c> <w type="JJ">dry</w> <w type="CC">and</w> <w type="VBN">cracked</w> <c type="pct">.</c> </s>
<s n="118"><c type="pct">``</c> <mw pos="PPS BEZ">He's </mw><w type="VBG">leavin</w> <c type="pct">.</c> </s>
<s n="119"><mw pos="DT BEZ">That's </mw><w type="WDT">what</w> <w type="PPSS">you</w> <w type="VBD">wanted</w> <c type="pct">,</c> <mw pos="BEZ *">isn't </mw><w type="PPS">it</w> <c type="pct">?</c> <c type="pct">?</c> </s>
<s n="120"><w type="NP">Clayton</w> <w type="BEZ">is</w> <w type="IN">with</w> <w type="PPO">him</w> <c type="pct">,</c> <w type="VBG">takin</w> <w type="PPO">him</w> <w type="IN">out</w> <w type="IN">of</w> <w type="AT">the</w> <w type="NN">valley</w> <c type="pct">.</c> </s>
<s n="121"><w type="PPSS">You</w> <mw pos="MD *">can't </mw><c type="pct">''</c> <c type="pct">--</c> </s>
</p>
<p><s n="122"><c type="pct">``</c> <w type="VB">Keep</w> <w type="RP">out</w> <w type="IN">of</w> <w type="DT">this</w> <c type="pct">''</c> <c type="pct">,</c> <w type="NP">Purvis</w> <w type="VBD">snarled</w> <c type="pct">.</c> </s>
<s n="123"><c type="pct">``</c> <mw pos="PPS BEZ">He's </mw><w type="NEG">not</w> <w type="PPg">your</w> <w type="NN">brother</w> <c type="pct">,</c> <mw pos="PPS BEZ">he's </mw><w type="NPg">Gavin's</w> <w type="NN">son</w> <c type="pct">.</c> </s>
<s n="124"><w type="PPSS">You</w> <w type="VB">see</w> <c type="pct">,</c> <w type="PPS">he</w> <w type="VBD">lied</w> <w type="IN">to</w> <w type="PPO">us</w> <w type="WRB">when</w> <w type="PPS">he</w> <w type="VBD">said</w> <w type="PPS">he</w> <w type="BEDZ">was</w> <w type="VBG">leavin</w> <w type="RB">alone</w> <c type="pct">''</c> <c type="pct">.</c> </s>
</p>
<p><s n="125"><w type="NP">Joe</w> <w type="NP">Purvis</w> <w type="BEDZ">was</w> <w type="VBG">thinking</w> <w type="RB">back</w> <w type="AP">many</w> <w type="NNS">years</w> <c type="pct">.</c> </s>
<s n="126"><w type="RB">First</w> <w type="PPS">he</w> <w type="VBD">thought</w> <w type="IN">of</w> <w type="AT">the</w> <w type="NN">time</w> <w type="PPS">he</w> <w type="HVD">had</w> <w type="VBN">ridden</w> <w type="IN">to</w> <w type="NP">Gavin</w> <w type="CC">and</w> <w type="VBD">told</w> <w type="PPO">him</w> <w type="WRB">how</w> <w type="PPg">his</w> <w type="NNS">cattle</w> <w type="BED">were</w> <w type="BEG">being</w> <w type="VBD">rustled</w> <w type="IN">at</w> <w type="AT">the</w> <w type="JJ">far</w> <w type="NN">end</w> <w type="IN">of</w> <w type="AT">the</w> <w type="NN">valley</w> <c type="pct">.</c> </s>
<s n="127"><w type="PPS">He</w> <w type="VBD">remembered</w> <w type="NPg">Gavin's</w> <w type="NN">smirk</w> <c type="pct">,</c> <w type="PPg">his</w> <w type="JJ">own</w> <w type="VBG">cringing</w> <w type="NN">feeling</w> <c type="pct">,</c> <w type="PPg">his</w> <w type="NN">impotence</w> <c type="pct">.</c> </s>
<s n="128"><w type="RB">Then</w> <w type="PPS">he</w> <w type="VBD">thought</w> <w type="IN">of</w> <w type="AT">a</w> <w type="NN">time</w> <w type="WRB">when</w> <w type="NPg">Clayton's</w> <w type="NN">horse</w> <w type="HVD">had</w> <w type="VBN">fallen</w> <w type="JJ">lame</w> <w type="IN">in</w> <w type="AT">the</w> <w type="NN" subtype="TL">Gap</w> <c type="pct">.</c> </s>
<s n="129"><w type="PPg">His</w> <w type="NN">wife</w> <w type="HVD">had</w> <w type="VBN">said</w> <w type="IN">to</w> <w type="PPO">him</w> <c type="pct">:</c> <c type="pct">``</c> <w type="NP">Nellie</w> <w type="BEZ">is</w> <w type="IN">in</w> <w type="NN">love</w> <w type="IN">with</w> <w type="NP">Clayton</w> <w type="NP">Roy</w> <c type="pct">.</c> </s>
<s n="130"><w type="PPS">He</w> <mw pos="MD *">wouldn't </mw><w type="VB">even</w> <w type="VB">dance</w> <w type="IN">with</w> <w type="PPO">her</w> <w type="IN">at</w> <w type="NPg">Gavin's</w> <w type="NN">party</w> <c type="pct">.</c> </s>
<s n="131"><w type="PPS">He</w> <w type="VBZ">treats</w> <w type="PPO">her</w> <w type="CS">like</w> <w type="PPS">she</w> <w type="BEDZ">was</w> <w type="NN">dirt</w> <c type="pct">.</c> </s>
<s n="132"><w type="CC">And</w> <w type="PPSS">you</w> <w type="VB">stand</w> <w type="RB">by</w> <w type="IN">like</w> <w type="AT">a</w> <w type="NN">fool</w> <w type="CC">and</w> <w type="VB">let</w> <w type="PPO">him</w> <w type="DO">do</w> <w type="PPO">it</w> <c type="pct">''</c> </s>
</p>
<p><s n="133"><w type="PPS">He</w> <w type="VBD">remembered</w> <w type="NPg">Clayton's</w> <w type="VBG">mocking</w> <w type="NN">smile</w> <w type="IN">in</w> <w type="AT">the</w> <w type="NN">saloon</w> <w type="WRB">when</w> <w type="PPS">he</w> <w type="HVD">had</w> <w type="VBN">asked</w> <w type="PPO">him</w> <w type="WDT">what</w> <w type="PPS">he</w> <w type="MD">would</w> <w type="DO">do</w> <w type="CS">if</w> <w type="PPSS">they</w> <w type="VBD">brought</w> <w type="PPg">their</w> <w type="NNS">cattle</w> <w type="IN">to</w> <w type="NN">water</w> <c type="pct">.</c> </s>
<s n="134"><w type="PPS">It</w> <w type="BEDZ">was</w> <w type="AT">the</w> <w type="NN">night</w> <w type="NP">Clayton</w> <w type="HVD">had</w> <w type="VBN">tricked</w> <w type="PPO">them</w> <w type="IN">in</w> <w type="AT">the</w> <w type="NN">poker</w> <w type="NN">game</w> <c type="pct">.</c> </s>
<s n="135"><c type="pct">``</c> <mw pos="PPSS BER">You're </mw><w type="NPg">Gavin's</w> <w type="NN">son</w> <c type="pct">''</c> <c type="pct">,</c> <w type="NP">Joe</w> <w type="NP">Purvis</w> <w type="HVD">had</w> <w type="VBN">said</w> <c type="pct">.</c> </s>
</p>
<p><s n="136"><w type="PPS">He</w> <w type="VBD">turned</w> <w type="IN">to</w> <w type="NP">Lester</w> <c type="pct">.</c> </s>
<s n="137"><c type="pct">``</c> <w type="PPSS">You</w> <w type="VBD">brought</w> <w type="PPO">him</w> <w type="RB">back</w> <w type="IN">to</w> <w type="DT">this</w> <w type="NN">valley</w> <w type="VBG">thinkin</w> <w type="PPS">he</w> <w type="MD">would</w> <w type="VB">help</w> <w type="PPO">you</w> <w type="VB">find</w> <w type="PPg">your</w> <w type="NN">boy</w> <c type="pct">.</c> </s>
<s n="138"><w type="PPS">He</w> <w type="VBD">meant</w> <w type="TO">to</w> <w type="VB">help</w> <w type="NP">Gavin</w> <w type="ABN">all</w> <w type="AT">the</w> <w type="NN">time</w> <c type="pct">.</c> </s>
<s n="139"><w type="PPS">He</w> <w type="VBD">made</w> <w type="AT">a</w> <w type="NN">fool</w> <w type="IN">of</w> <w type="PPO">you</w> <c type="pct">,</c> <w type="NP">Lester</w> <c type="pct">''</c> <c type="pct">.</c> </s>
<s n="140"><w type="PPS">He</w> <w type="VBD">swung</w> <w type="RB">round</w> <w type="IN">to</w> <w type="AT">the</w> <w type="AP">other</w> <w type="NNS">men</w> <c type="pct">--</c> <c type="pct">``</c> <w type="PPSS">We</w> <w type="MD">can</w> <w type="VB">catch</w> <w type="PPO">him</w> <w type="RB">easy</w> <c type="pct">!</c> <c type="pct">!</c> </s>
<s n="141"><w type="EX">There</w> <w type="BER">are</w> <w type="RB">plenty</w> <w type="IN">of</w> <w type="JJ">fresh</w> <w type="NNS">horses</w> <w type="RB">halfway</w> <w type="IN">at</w> <w type="PPg">my</w> <w type="NN">place</w> <c type="pct">.</c> </s>
<s n="142"><w type="CS">If</w> <w type="PPSS">we</w> <w type="VB">let</w> <w type="PPO">them</w> <w type="VB">go</w> <c type="pct">,</c> <w type="PPSS">they</w> <mw pos="MD *">won't </mw><w type="VB">stay</w> <w type="RB">away</w> <c type="pct">,</c> <mw pos="PPSS MD">they'll </mw><w type="VB">find</w> <w type="NNS">men</w> <w type="TO">to</w> <w type="VB">ride</w> <w type="IN">with</w> <w type="PPO">them</w> <w type="CC">and</w> <mw pos="PPSS MD">they'll </mw><w type="BE">be</w> <w type="RB">back</w> <c type="pct">.</c> </s>
<s n="143"><mw pos="EX BEZ">There's </mw><w type="RB">only</w> <w type="CD">one</w> <w type="NN">way</w> <w type="PPSS">they</w> <w type="MD">can</w> <w type="VB">get</w> <w type="RP">out</w> <w type="RB">now</w> <w type="CC">and</w> <mw pos="DT BEZ">that's </mw><w type="IN">through</w> <w type="AT">the</w> <w type="NN" subtype="TL">Gap</w> <c type="pct">--</c> <w type="CS">if</w> <w type="PPSS">we</w> <w type="VB">ride</w> <w type="RB">hard</w> <w type="PPSS">we</w> <w type="MD">can</w> <w type="VB">take</w> <w type="PPO">them</w> <c type="pct">''</c> <c type="pct">.</c> </s>
</p>
<p><s n="144"><w type="NPg">Lester's</w> <w type="NN">hand</w> <w type="VBD">fluttered</w> <w type="IN">to</w> <w type="NPg">Cabot's</w> <w type="NN">shoulder</w> <c type="pct">.</c> </s>
<s n="145"><w type="AT">The</w> <w type="NN">boy</w> <w type="VBD">jerked</w> <w type="RB">away</w> <c type="pct">.</c> </s>
</p>
<p><s n="146"><c type="pct">``</c> <w type="PPS">He</w> <w type="VBD">killed</w> <w type="NP">Tom</w> <c type="pct">--</c> <w type="DO">do</w> <w type="PPO">you</w> <w type="VB">understand</w> <w type="DT">that</w> <c type="pct">''</c> <c type="pct">?</c> <c type="pct">?</c> </s>
<s n="147"><w type="NP">Cabot</w> <w type="VBD">turned</w> <w type="VB">back</w> <w type="IN">to</w> <w type="AT">the</w> <w type="NNS">men</w> <w type="CC">and</w> <w type="PPS">he</w> <w type="BEDZ">was</w> <w type="JJ">drunk</w> <w type="IN">with</w> <w type="AT">the</w> <w type="NN">thing</w> <w type="PPSS">they</w> <w type="MD">would</w> <w type="DO">do</w> <c type="pct">,</c> <w type="JJ">wild</w> <w type="TO">to</w> <w type="VB">break</w> <w type="IN">from</w> <w type="AT">the</w> <w type="VBG">cloying</w> <w type="NN">warmth</w> <w type="IN">of</w> <w type="AT">the</w> <w type="NN">saloon</w> <w type="IN">into</w> <w type="AT">the</w> <w type="NN">cold</w> <w type="IN">of</w> <w type="AT">the</w> <w type="VBG">ebbing</w> <w type="NN">night</w> <c type="pct">.</c> </s>
<s n="148"><w type="PPS">He</w> <w type="VBD">fled</w> <w type="IN">through</w> <w type="AT">the</w> <w type="NN">door</w> <w type="CC">and</w> <w type="IN">down</w> <w type="AT">the</w> <w type="NNS">steps</w> <c type="pct">,</c> <w type="VBG">running</w> <c type="pct">,</c> <w type="CC">and</w> <w type="AT">the</w> <w type="NNS">men</w> <w type="VBD">grunted</w> <w type="CC">and</w> <w type="VBD">followed</w> <c type="pct">,</c> <w type="VBG">pushing</w> <w type="NP">Lester</w> <w type="IN">to</w> <w type="CD">one</w> <w type="NN">side</w> <w type="WRB">where</w> <w type="PPS">he</w> <w type="VBD">backed</w> <w type="IN">against</w> <w type="AT">the</w> <w type="NN">wall</w> <w type="IN">with</w> <w type="AT">the</w> <w type="NN">sleeve</w> <w type="IN">of</w> <w type="PPg">his</w> <w type="NN">jacket</w> <w type="VBN">raised</w> <w type="IN">before</w> <w type="PPg">his</w> <w type="NNS">eyes</w> <w type="TO">to</w> <w type="VB">shut</w> <w type="RP">out</w> <w type="AT">the</w> <w type="NN">light</w> <c type="pct">.</c> </s>
<s n="149"><w type="NP">Purvis</w> <w type="CC">and</w> <w type="NP">Silas</w> <w type="NP">Pettigrew</w> <w type="BED">were</w> <w type="AT">the</w> <w type="AP">last</w> <w type="TO">to</w> <w type="VB">leave</w> <c type="pct">.</c> </s>
<s n="150"><w type="PPSS">They</w> <w type="VBD">mounted</w> <w type="RP">up</w> <w type="CC">and</w> <w type="VBD">rode</w> <w type="RB">slowly</w> <w type="IN">behind</w> <w type="AT">the</w> <w type="NNS">others</w> <w type="IN">at</w> <w type="AT">a</w> <w type="JJ">safe</w> <w type="NN">distance</w> <c type="pct">.</c> </s>
</p>
<p><s n="151"><w type="CD" subtype="HL">Thirty-six</w> </s>
<s n="152"><w type="IN">in</w> <w type="AT">the</w> <w type="JJ">cold</w> <w type="NN">dawn</w> <w type="AT">the</w> <w type="NN">mist</w> <w type="VBD">swirled</w> <w type="RB">low</w> <w type="IN">to</w> <w type="AT">the</w> <w type="NN">ground</w> <c type="pct">,</c> <w type="RB">then</w> <w type="VBD">rose</w> <w type="IN">with</w> <w type="AT">a</w> <w type="NN">gust</w> <w type="IN">of</w> <w type="JJ">sudden</w> <w type="NN">wind</w> <w type="TO">to</w> <w type="VB">leave</w> <w type="AT">the</w> <w type="NN">valley</w> <w type="JJ">clear</w> <c type="pct">.</c> </s>
<s n="153"><w type="AT">The</w> <w type="NNS">clouds</w> <w type="VBD">parted</w> <w type="CC">and</w> <w type="JJ">hard</w> <w type="NNS">gashes</w> <w type="IN">of</w> <w type="NN">sunlight</w> <w type="VBD">swooped</w> <w type="RP">down</w> <w type="TO">to</w> <w type="VB">stain</w> <w type="AT">the</w> <w type="NN">earth</w> <w type="IN">with</w> <w type="NNS">streaks</w> <w type="IN">of</w> <w type="JJ">white</w> <w type="CC">and</w> <w type="NN">gold</w> <w type="NN">light</w> <w type="CS">so</w> <w type="CS">that</w> <w type="AT">the</w> <w type="NNS">shadows</w> <w type="IN">of</w> <w type="AT">the</w> <w type="VBG">running</w> <w type="NNS">horses</w> <w type="VBD">flowed</w> <w type="CS">like</w> <w type="JJ">dark</w> <w type="NNS">streams</w> <w type="IN">over</w> <w type="AT">the</w> <w type="VBG">dazzling</w> <w type="NN">snow</w> <c type="pct">.</c> </s>
<s n="154"><w type="WRB">When</w> <w type="PPSS">they</w> <w type="VBD">turned</w> <w type="IN">in</w> <w type="AT">the</w> <w type="NN">saddle</w> <w type="PPSS">they</w> <w type="MD">could</w> <w type="VB">see</w> <w type="AT">the</w> <w type="NNS">men</w> <w type="IN">behind</w> <w type="PPO">them</w> <c type="pct">,</c> <w type="VBN">strung</w> <w type="RP">out</w> <w type="IN">on</w> <w type="AT">the</w> <w type="NN">prairie</w> <w type="IN">in</w> <w type="AT">a</w> <w type="JJ">flat</w> <w type="JJ">black</w> <w type="NN">line</w> <c type="pct">.</c> </s>
<s n="155"><w type="AT">The</w> <w type="NN">wind</w> <w type="IN">of</w> <w type="PPg">their</w> <w type="NN">running</w> <w type="BEDZ">was</w> <w type="JJ">cold</w> <w type="CC">and</w> <w type="JJ">wild</w> <c type="pct">,</c> <w type="AT">the</w> <w type="NNS">horses</w> <w type="BED">were</w> <w type="VBN">lathered</w> <w type="CC">and</w> <w type="PPg">their</w> <w type="NNS">manes</w> <w type="VBN">streamed</w> <w type="CS">like</w> <w type="JJ">stiff</w> <w type="JJ">black</w> <w type="NNS">pennants</w> <w type="IN">in</w> <w type="AT">the</w> <w type="NN">wind</w> <c type="pct">.</c> </s>
</p>
<p><s n="156"><w type="AT">The</w> <w type="NN">mare</w> <w type="VBD">began</w> <w type="TO">to</w> <w type="VB">tire</w> <w type="CC">and</w> <w type="NP">Clayton</w> <w type="VBD">felt</w> <w type="AT">the</w> <w type="NN">spray</w> <w type="IN">of</w> <w type="NN">snow</w> <w type="IN">from</w> <w type="AT">the</w> <w type="NNS">hoofs</w> <w type="IN">of</w> <w type="NPg">Gavin's</w> <w type="NN">stallion</w> <c type="pct">.</c> </s>
<s n="157"><w type="PPS">He</w> <w type="VBD">looked</w> <w type="IN">over</w> <w type="PPg">his</w> <w type="NN">shoulder</w> <w type="IN">at</w> <w type="AT">the</w> <w type="JJ">thin</w> <w type="NN">dotting</w> <w type="IN">of</w> <w type="NNS">pursuers</w> <c type="pct">.</c> </s>
<s n="158"><w type="PPSS">They</w> <w type="CC">neither</w> <w type="VBD">gained</w> <w type="CC">nor</w> <w type="VBD">fell</w> <w type="RB">back</w> <c type="pct">.</c> </s>
<s n="159"><w type="PPS">He</w> <w type="VBD">rode</w> <w type="RB">low</w> <w type="IN">on</w> <w type="AT">the</w> <w type="NNg">mare's</w> <w type="NN">neck</w> <c type="pct">.</c> </s>
<s n="160"><w type="RB">Ahead</w> <w type="IN">of</w> <w type="PPO">him</w> <w type="NP">Gavin</w> <w type="VBD">turned</w> <w type="RB">slightly</w> <w type="IN">off</w> <w type="AT">the</w> <w type="NN">trail</w> <w type="CC">and</w> <w type="VBD">pointed</w> <w type="IN">for</w> <w type="AT">the</w> <w type="NN" subtype="TL">Gap</w> <c type="pct">,</c> <w type="AT">no</w> <w type="AP">more</w> <w type="IN">than</w> <w type="AT">a</w> <w type="NN">mile</w> <w type="RB">away</w> <c type="pct">.</c> </s>
</p>
<p><s n="161"><w type="NPg">Gavin's</w> <w type="NN">face</w> <w type="BEDZ">was</w> <w type="JJ">bloodless</w> <w type="IN">with</w> <w type="NN">excitement</w> <c type="pct">.</c> </s>
<s n="162"><w type="PPS">He</w> <w type="DOD">did</w> <w type="NEG">not</w> <w type="VB">look</w> <w type="RB">back</w> <c type="pct">;</c> <c type="pct">;</c> </s>
<s n="163"><w type="PPS">he</w> <w type="MD">could</w> <w type="VB">feel</w> <w type="AP">more</w> <w type="IN">than</w> <w type="VB">hear</w> <w type="AT">the</w> <w type="NN">staccato</w> <w type="NN">beat</w> <w type="IN">of</w> <w type="NNS">hoofs</w> <w type="WPS">that</w> <w type="VBD">fanned</w> <w type="RP">out</w> <w type="IN">across</w> <w type="AT">the</w> <w type="NN">prairie</w> <w type="IN">to</w> <w type="AT">the</w> <w type="NR">north</w> <c type="pct">.</c> </s>
<s n="164"><w type="PPS">He</w> <w type="VBD">knew</w> <w type="WPS">who</w> <w type="BEDZ">was</w> <w type="VBG">riding</w> <w type="IN">after</w> <w type="PPO">him</w> <c type="pct">--</c> <w type="AT">the</w> <w type="NNS">men</w> <w type="PPS">he</w> <w type="HVD">had</w> <w type="VBN">known</w> <w type="ABN">all</w> <w type="PPg">his</w> <w type="NN">life</w> <c type="pct">,</c> <w type="AT">the</w> <w type="NNS">men</w> <w type="WPS">who</w> <w type="HVD">had</w> <w type="VBN">worked</w> <w type="IN">for</w> <w type="PPO">him</w> <c type="pct">,</c> <w type="VBN">sworn</w> <w type="PPg">their</w> <w type="NN">loyalty</w> <w type="IN">to</w> <w type="PPO">him</w> <c type="pct">.</c> </s>
<s n="165"><w type="RB">Now</w> <w type="PPSS">they</w> <w type="BED">were</w> <w type="VBG">riding</w> <w type="TO">to</w> <w type="VB">kill</w> <w type="PPO">him</w> <c type="pct">.</c> </s>
<s n="166"><w type="CC">And</w> <w type="PPS">he</w> <w type="BEDZ">was</w> <w type="VBG">fleeing</w> <c type="pct">,</c> <w type="VBG">running</w> <c type="pct">--</c> <w type="VBG">fleeing</w> <w type="PPg">his</w> <w type="NN">death</w> <w type="CC">and</w> <w type="PPg">his</w> <w type="NN">life</w> <w type="IN">at</w> <w type="AT">the</w> <w type="AP">same</w> <w type="NN">time</w> <c type="pct">.</c> </s>
<s n="167"><w type="AT">The</w> <w type="NN">land</w> <w type="IN">over</w> <w type="WDT">which</w> <w type="PPS">he</w> <w type="VBD">sped</w> <w type="BEDZ">was</w> <w type="AT">the</w> <w type="NN">land</w> <w type="PPS">he</w> <w type="HVD">had</w> <w type="VBN">created</w> <w type="CC">and</w> <w type="VBD">lived</w> <w type="RP">in</w> <c type="pct">:</c> <w type="PPg">his</w> <w type="NN">valley</w> <c type="pct">.</c> </s>
<s n="168"><w type="IN">With</w> <w type="AT">every</w> <w type="VBG">leaping</w> <w type="NN">stride</w> <w type="IN">of</w> <w type="AT">the</w> <w type="NN">horse</w> <w type="IN">beneath</w> <w type="PPO">him</w> <w type="PPS">he</w> <w type="VBD">crossed</w> <w type="CD">one</w> <w type="AP">more</w> <w type="NN">patch</w> <w type="IN">of</w> <w type="NN">earth</w> <w type="WPS">that</w> <w type="HVD">had</w> <w type="BEN">been</w> <w type="PPg">his</w> <c type="pct">,</c> <w type="CS">that</w> <w type="PPS">he</w> <w type="MD">would</w> <w type="RB">never</w> <w type="VB">see</w> <w type="RB">again</w> <c type="pct">.</c> </s>
<s n="169"><w type="AT">The</w> <w type="NN" subtype="TL">Gap</w> <w type="VBG">looming</w> <w type="IN">before</w> <w type="PPO">him</w> <c type="pct">--</c> <w type="AT">the</w> <w type="NN">place</w> <w type="WRB">where</w> <w type="HVD">had</w> <w type="VBN">confronted</w> <w type="NP">Jack</w> <w type="NP">English</w> <w type="IN">on</w> <w type="DT">that</w> <w type="NN">day</w> <w type="QL">so</w> <w type="AP">many</w> <w type="NNS">years</w> <w type="RB">ago</w> <c type="pct">--</c> <w type="BEDZ">was</w> <w type="PPg">his</w> <w type="NN">exit</w> <w type="IN">from</w> <w type="ABN">all</w> <w type="WPS">that</w> <w type="HVD">had</w> <w type="NN">meaning</w> <w type="IN">to</w> <w type="PPO">him</w> <c type="pct">.</c> </s>
</p>
<p><s n="170"><w type="NP">California</w> <w type="BEZ">is</w> <w type="QL">too</w> <w type="RB">far</w> <c type="pct">,</c> <w type="PPS">he</w> <w type="VBD">thought</w> <c type="pct">.</c> </s>
<s n="171"><w type="PPS">He</w> <w type="MD">would</w> <w type="RB">never</w> <w type="VB">reach</w> <w type="NP">California</w> <c type="pct">.</c> </s>
<s n="172"><w type="PPS">He</w> <w type="BEDZ">was</w> <w type="QL">too</w> <w type="JJ">old</w> <c type="pct">--</c> <w type="WRB">when</w> <w type="PPS">he</w> <w type="VBD">passed</w> <w type="RP">up</w> <w type="CC">and</w> <w type="IN">through</w> <w type="AT">the</w> <w type="NN">corridor</w> <w type="IN">of</w> <w type="NNS">pines</w> <w type="WPS">that</w> <w type="VBD">lined</w> <w type="AT">the</w> <w type="NN">trail</w> <w type="PPS">he</w> <w type="MD">could</w> <w type="VB">see</w> <w type="RB">ahead</w> <c type="pct">,</c> <w type="PPS">he</w> <w type="BEDZ">was</w> <w type="VBG">passing</w> <w type="IN">from</w> <w type="NN">life</w> <c type="pct">.</c> </s>
</p>
<p></p></body></text></TEI>
