<TEI xmlns="http://www.tei-c.org/ns/1.0"><teiHeader><fileDesc><titleStmt><title>Sample N03 from  Cliff Farrell, Trail of the Tattered Star.
 Garden City, New York: Doubleday &amp; Company, Inc., 1961.
 Pp. 168-173. </title></titleStmt><editionStmt><edition>A part  of the XML version of the Brown Corpus</edition></editionStmt><extent>1,991 words 345 (17.3%) quotes</extent><publicationStmt><idno>N03</idno><availability><p>Copyright 1961 by Cliff Farrell.</p></availability></publicationStmt><sourceDesc><bibl> Cliff Farrell, Trail of the Tattered Star.
 Garden City, New York: Doubleday &amp; Company, Inc., 1961.
 Pp. 168-173. </bibl></sourceDesc></fileDesc><encodingDesc><p/></encodingDesc><revisionDesc><change when="2008-04-27">Header auto-generated for TEI version</change></revisionDesc></teiHeader>
<text xml:id="N03" decls="N">
<body><p><s n="1"><w type="AT">The</w> <w type="NN">sentry</w> <w type="BEDZ">was</w> <w type="NEG">not</w> <w type="JJ">dead</w> <c type="pct">.</c> </s>
<s n="2"><w type="PPS">He</w> <w type="BEDZ">was</w> <c type="pct">,</c> <w type="IN">in</w> <w type="NN">fact</w> <c type="pct">,</c> <w type="VBG">showing</w> <w type="NNS">signs</w> <w type="IN">of</w> <w type="VBG">reviving</w> <c type="pct">.</c> </s>
<s n="3"><w type="PPS">He</w> <w type="HVD">had</w> <w type="BEN">been</w> <w type="VBG">carrying</w> <w type="AT">an</w> <w type="NP">Enfield</w> <w type="NN">rifle</w> <w type="CC">and</w> <w type="AT">a</w> <w type="VBN">holstered</w> <w type="NN">navy</w> <w type="NN">cap-and-ball</w> <w type="NN">pistol</w> <c type="pct">.</c> </s>
<s n="4"><w type="AT">A</w> <w type="NN">bayonet</w> <w type="VBN">hung</w> <w type="IN">in</w> <w type="AT">a</w> <w type="NN">belt</w> <w type="NN">scabbard</w> <c type="pct">.</c> </s>
<s n="5"><w type="PPS">He</w> <w type="BEDZ">was</w> <w type="RB">partially</w> <w type="JJ">uniformed</w> <w type="IN">in</w> <w type="AT">a</w> <w type="NN">cavalry</w> <w type="NN">tunic</w> <w type="CC">and</w> <w type="NN">hat</w> <c type="pct">.</c> </s>
<s n="6"><w type="NP">Mike</w> <w type="VBD">stripped</w> <w type="DTS">these</w> <w type="IN">from</w> <w type="PPO">him</w> <w type="CC">and</w> <w type="VBD">donned</w> <w type="PPO">them</w> <c type="pct">.</c> </s>
<s n="7"><w type="PPS">He</w> <w type="CC">and</w> <w type="NP">Dean</w> <w type="VBD">tied</w> <w type="CC">and</w> <w type="VBD">gagged</w> <w type="AT">the</w> <w type="NN">man</w> <c type="pct">,</c> <w type="VBG">using</w> <w type="PPg">his</w> <w type="NN">belt</w> <w type="CC">and</w> <w type="NN">shirt</w> <w type="IN">for</w> <w type="AT">the</w> <w type="NN">purpose</w> <c type="pct">.</c> </s>
<s n="8"><w type="PPSS">They</w> <w type="VBD">dragged</w> <w type="PPO">him</w> <w type="IN">inside</w> <w type="AT">the</w> <w type="NN">building</w> <c type="pct">.</c> </s>
</p>
<p><s n="9"><w type="NP">Fiske</w> <w type="VBD">joined</w> <w type="PPO">them</w> <c type="pct">,</c> <w type="JJ">unsteady</w> <w type="IN">on</w> <w type="PPg">his</w> <w type="NNS">feet</w> <c type="pct">.</c> </s>
<s n="10"><w type="NP">Julia</w> <c type="pct">,</c> <w type="VBG">seeing</w> <w type="AT">the</w> <w type="NN">bandage</w> <c type="pct">,</c> <w type="VBD">rushed</w> <w type="IN">to</w> <w type="PPO">him</w> <c type="pct">.</c> </s>
<s n="11"><c type="pct">``</c> <w type="PPSS">You</w> <w type="BER">are</w> <w type="VBN">hurt</w> <c type="pct">''</c> <c type="pct">!</c> <c type="pct">!</c> </s>
<s n="12"><w type="PPS">She</w> <w type="VBD">breathed</w> <c type="pct">.</c> </s>
</p>
<p><s n="13"><c type="pct">``</c> <w type="PPSS">I</w> <w type="RB">never</w> <w type="VBD">felt</w> <w type="RBR">better</w> <w type="IN">in</w> <w type="PPg">my</w> <w type="NN">life</w> <c type="pct">''</c> <c type="pct">,</c> <w type="NP">Fiske</w> <w type="VBD">blustered</w> <c type="pct">.</c> </s>
</p>
<p><s n="14"><w type="PPS">He</w> <w type="VBD">turned</w> <w type="IN">to</w> <w type="NP">Susan</w> <w type="CC">and</w> <w type="VBD">kissed</w> <w type="PPO">her</w> <w type="IN">on</w> <w type="AT">the</w> <w type="NN">cheek</w> <c type="pct">.</c> </s>
<s n="15"><c type="pct">``</c> <w type="VB">Thank</w> <w type="PPO">you</w> <c type="pct">,</c> <w type="PPg">My</w> <w type="NN">dear</w> <c type="pct">''</c> <c type="pct">,</c> <w type="PPS">he</w> <w type="VBD">said</w> <c type="pct">.</c> </s>
<s n="16"><c type="pct">``</c> <w type="PPSS">You</w> <w type="BER">are</w> <w type="QL">very</w> <w type="JJ">brave</w> <c type="pct">''</c> <c type="pct">.</c> </s>
</p>
<p><s n="17"><w type="NP">Mike</w> <w type="VBD">silenced</w> <w type="PPO">them</w> <c type="pct">.</c> </s>
<s n="18"><c type="pct">``</c> <mw pos="PPSS MD">We'll </mw><w type="VB">talk</w> <w type="RBR">later</w> <c type="pct">.</c> </s>
<s n="19"><w type="OD">First</w> <c type="pct">,</c> <mw pos="PPSS HV">we've </mw><w type="VBN">got</w> <w type="TO">to</w> <w type="VB">get</w> <w type="IN">out</w> <w type="IN">of</w> <w type="RB">here</w> <c type="pct">''</c> <c type="pct">.</c> </s>
</p>
<p><s n="20"><c type="pct">``</c> <mw pos="PPSS MD">We'll </mw><w type="VB">grab</w> <w type="NNS">horses</w> <c type="pct">''</c> <c type="pct">,</c> <w type="NP">Dean</w> <w type="VBD">said</w> <c type="pct">.</c> </s>
<s n="21"><c type="pct">``</c> <w type="AT">The</w> <w type="NN">main</w> <w type="NN">bunch</w> <w type="BEZ">is</w> <w type="RB">outside</w> <c type="pct">,</c> <w type="CC">but</w> <w type="EX">there</w> <w type="BER">are</w> <w type="DTI">some</w> <w type="IN">over</w> <w type="RB">there</w> <w type="IN">inside</w> <w type="AT">the</w> <w type="NN">wall</w> <c type="pct">''</c> <c type="pct">.</c> </s>
</p>
<p><s n="22"><w type="NP">Mike</w> <w type="VBD">debated</w> <w type="PPO">it</w> <c type="pct">,</c> <w type="VBG">trying</w> <w type="TO">to</w> <w type="VB">decide</w> <w type="CS">whether</w> <w type="NP">Fiske</w> <w type="BEDZ">was</w> <w type="JJ">strong</w> <w type="QLP">enough</w> <w type="TO">to</w> <w type="VB">ride</w> <c type="pct">.</c> </s>
<s n="23"><w type="CC">But</w> <w type="PPS">it</w> <w type="IN">at</w> <w type="AP">least</w> <w type="VBD">offered</w> <w type="PPO">him</w> <w type="AT">a</w> <w type="NN">chance</w> <w type="IN">for</w> <w type="VBG">living</w> <c type="pct">.</c> </s>
<s n="24"><w type="PPS">He</w> <w type="HVD">had</w> <w type="PN">none</w> <w type="RB">here</w> <c type="pct">.</c> </s>
<s n="25"><w type="CC">And</w> <c type="pct">,</c> <w type="IN">for</w> <w type="AT">the</w> <w type="NN">sake</w> <w type="IN">of</w> <w type="NP">Julia</w> <w type="CC">and</w> <w type="NP">Susan</w> <c type="pct">,</c> <w type="PPS">it</w> <w type="HVD">had</w> <w type="TO">to</w> <w type="BE">be</w> <w type="VBN">tried</w> <c type="pct">.</c> </s>
</p>
<p><s n="26"><w type="AT">The</w> <w type="NN">guerrilla</w> <w type="NN">bivouac</w> <w type="VBD">remained</w> <w type="JJ">silent</w> <c type="pct">.</c> </s>
<s n="27"><w type="NN">Light</w> <w type="VBD">showed</w> <w type="IN">in</w> <w type="AT">the</w> <w type="JJ">orderly</w> <w type="NN">room</w> <w type="IN">across</w> <w type="AT">the</w> <w type="NN">parade</w> <w type="NN">ground</w> <c type="pct">.</c> </s>
<s n="28"><w type="PN">Someone</w> <w type="RB">evidently</w> <w type="BEDZ">was</w> <w type="IN">on</w> <w type="NN">duty</w> <w type="RB">there</w> <c type="pct">.</c> </s>
<s n="29"><w type="AT">No</w> <w type="NN">doubt</w> <w type="EX">there</w> <w type="MD">would</w> <w type="BE">be</w> <w type="NNS">men</w> <w type="VBG">guarding</w> <w type="AT">the</w> <w type="NNS">horses</w> <c type="pct">.</c> </s>
</p>
<p><s n="30"><w type="RB">About</w> <w type="AT">a</w> <w type="NN">dozen</w> <w type="NNS">animals</w> <w type="BED">were</w> <w type="VBN">held</w> <w type="IN">inside</w> <w type="AT">the</w> <w type="NN">stockade</w> <c type="pct">,</c> <w type="QL">as</w> <w type="RBT">best</w> <w type="NP">Mike</w> <w type="MD">could</w> <w type="VB">make</w> <w type="RP">out</w> <w type="IN">in</w> <w type="AT">the</w> <w type="NN">moonlight</w> <c type="pct">.</c> </s>
<s n="31"><w type="RB">Evidently</w> <w type="DT">this</w> <w type="BEDZ">was</w> <w type="AT">a</w> <w type="NN">precaution</w> <w type="CS">so</w> <w type="CS">that</w> <w type="NNS">mounts</w> <w type="MD">would</w> <w type="BE">be</w> <w type="JJ">available</w> <w type="IN">in</w> <w type="AT">an</w> <w type="NN">emergency</w> <c type="pct">.</c> </s>
</p>
<p><s n="32"><w type="PPS">He</w> <w type="VBD">handed</w> <w type="AT">the</w> <w type="NNg">guard's</w> <w type="NN">rifle</w> <w type="IN">to</w> <w type="NP">Fiske</w> <c type="pct">.</c> </s>
<s n="33"><c type="pct">``</c> <w type="NP">Dean</w> <w type="CC">and</w> <w type="PPL">myself</w> <w type="MD">will</w> <w type="VB">try</w> <w type="TO">to</w> <w type="VB">cut</w> <w type="RP">out</w> <w type="NNS">horses</w> <w type="TO">to</w> <w type="VB">ride</w> <c type="pct">''</c> <c type="pct">,</c> <w type="PPS">he</w> <w type="VBD">said</w> <c type="pct">.</c> </s>
<s n="34"><c type="pct">``</c> <mw pos="PPSS MD">We'll </mw><w type="VB">stampede</w> <w type="AT">the</w> <w type="NN">rest</w> <c type="pct">.</c> </s>
<s n="35"><w type="PPSS">You</w> <w type="VB">stay</w> <w type="IN">with</w> <w type="AT">the</w> <w type="NNS">ladies</w> <c type="pct">.</c> </s>
<s n="36"><w type="ABN">All</w> <w type="IN">of</w> <w type="PPO">you</w> <w type="BE">be</w> <w type="JJ">ready</w> <w type="TO">to</w> <w type="VB">ride</w> <w type="NN">hell</w> <w type="IN">for</w> <w type="NN">leather</w> <c type="pct">''</c> <c type="pct">.</c> </s>
</p>
<p><s n="37"><w type="PPS">He</w> <w type="VBD">added</w> <c type="pct">,</c> <c type="pct">``</c> <w type="CS">If</w> <w type="DT">this</w> <mw pos="DOZ *">doesn't </mw><w type="VB">work</w> <w type="RP">out</w> <c type="pct">,</c> <w type="AT">the</w> <w type="CD">three</w> <w type="IN">of</w> <w type="PPO">you</w> <w type="VB">barricade</w> <w type="PPL">yourself</w> <w type="IN">in</w> <w type="AT">the</w> <w type="NN">house</w> <w type="CC">and</w> <w type="VB">talk</w> <w type="NNS">terms</w> <w type="IN">with</w> <w type="PPO">them</w> <c type="pct">''</c> <c type="pct">.</c> </s>
</p>
<p><s n="38"><w type="PPS">He</w> <w type="VBD">handed</w> <w type="AT">the</w> <w type="NN">bayonet</w> <w type="IN">to</w> <w type="NP">Dean</w> <w type="CC">and</w> <w type="VBD">kept</w> <w type="AT">the</w> <w type="NN">pistol</w> <c type="pct">.</c> </s>
<s n="39"><w type="NP">Susan</w> <w type="VBD">halted</w> <w type="NP">Dean</w> <w type="CC">and</w> <w type="VBD">kissed</w> <w type="PPO">him</w> <c type="pct">.</c> </s>
<s n="40"><w type="PPS">She</w> <w type="VBD">clung</w> <w type="IN">to</w> <w type="PPO">him</w> <c type="pct">,</c> <w type="VBG">talking</w> <w type="IN">to</w> <w type="PPO">him</w> <c type="pct">,</c> <w type="CC">and</w> <w type="VBG">dabbing</w> <w type="IN">at</w> <w type="PPO">her</w> <w type="NNS">eyes</w> <c type="pct">.</c> </s>
</p>
<p><s n="41"><w type="NP">Mike</w> <w type="VBD">turned</w> <w type="RB">away</w> <c type="pct">.</c> </s>
<s n="42"><w type="PPS">He</w> <w type="BEDZ">was</w> <w type="VBG">thinking</w> <w type="CS">that</w> <w type="AT">the</w> <w type="NN">way</w> <w type="PPS">she</w> <w type="HVD">had</w> <w type="VBN">responded</w> <w type="IN">to</w> <w type="PPg">his</w> <w type="JJ">own</w> <w type="NN">kiss</w> <mw pos="HVD *">hadn't </mw><w type="VBN">meant</w> <w type="WDT">what</w> <w type="PPS">he</w> <w type="HVD">had</w> <w type="VBN">believed</w> <w type="PPS">it</w> <w type="HVD">had</w> <c type="pct">.</c> </s>
<s n="43"><w type="PPS">He</w> <w type="VBD">felt</w> <w type="RB">unutterably</w> <w type="JJ">weary</w> <c type="pct">.</c> </s>
</p>
<p><s n="44"><w type="NP">Dean</w> <w type="VBD">turned</w> <w type="IN">from</w> <w type="NP">Susan</w> <w type="CC">and</w> <w type="VBD">took</w> <w type="NP">Julia</w> <w type="NP">Fortune</w> <w type="IN">in</w> <w type="PPg">his</w> <w type="NNS">arms</w> <c type="pct">.</c> </s>
<s n="45"><w type="PPS">He</w> <w type="VBD">kissed</w> <w type="PPO">her</w> <w type="RB">also</w> <c type="pct">,</c> <w type="CC">and</w> <w type="IN">with</w> <w type="JJ">deep</w> <w type="NN">tenderness</w> <c type="pct">.</c> </s>
<s n="46"><w type="PPS">She</w> <w type="RB">too</w> <w type="VBD">began</w> <w type="TO">to</w> <w type="VB">weep</w> <c type="pct">.</c> </s>
<s n="47"><w type="PPS">He</w> <w type="VBD">released</w> <w type="PPO">her</w> <w type="CC">and</w> <w type="VBD">joined</w> <w type="NP">Mike</w> <c type="pct">.</c> </s>
<s n="48"><c type="pct">``</c> <w type="QL">All</w> <w type="RB">right</w> <c type="pct">''</c> <c type="pct">,</c> <w type="PPS">he</w> <w type="VBD">said</w> <c type="pct">.</c> </s>
</p>
<p><s n="49"><w type="NP">Mike</w> <w type="RB">only</w> <w type="VBD">said</w> <c type="pct">,</c> <c type="pct">``</c> <w type="RBR">Later</w> <c type="pct">''</c> <c type="pct">.</c> </s>
</p>
<p><s n="50"><c type="pct">``</c> <w type="BE">Be</w> <w type="JJ">careful</w> <c type="pct">,</c> <w type="NP">McLish</w> <c type="pct">''</c> <c type="pct">!</c> <c type="pct">!</c> </s>
<s n="51"><w type="NP">Susan</w> <w type="VBD">said</w> <w type="RB">fiercely</w> <c type="pct">.</c> </s>
</p>
<p><s n="52"><c type="pct">``</c> <w type="AT">The</w> <w type="NN">way</w> <w type="PPSS">you</w> <w type="BED">were</w> <w type="JJ">careful</w> <c type="pct">''</c> <c type="pct">?</c> <c type="pct">?</c> </s>
<s n="53"><w type="PPS">He</w> <w type="VBD">snorted</w> <c type="pct">.</c> </s>
<s n="54"><c type="pct">``</c> <w type="VBG">Running</w> <w type="RB">around</w> <w type="IN">in</w> <w type="AT">the</w> <w type="NN">moonlight</w> <w type="RB">almost</w> <w type="JJ">naked</w> <w type="CC">and</w> <w type="VBG">slugging</w> <w type="AT">a</w> <w type="NN">man</w> <w type="IN">with</w> <w type="AT">a</w> <w type="NN">rock</w> <c type="pct">''</c> <c type="pct">?</c> <c type="pct">?</c> </s>
</p>
<p><s n="55"><w type="PPS">He</w> <w type="VBD">kept</w> <w type="VBG">going</w> <c type="pct">.</c> </s>
<s n="56"><w type="PPS">He</w> <w type="VBD">wanted</w> <w type="AT">no</w> <w type="AP">more</w> <w type="JJ">sentimental</w> <w type="NNS">scenes</w> <w type="IN">with</w> <w type="PPO">her</w> <c type="pct">.</c> </s>
<s n="57"><w type="PPS">He</w> <w type="MD">might</w> <w type="VB">say</w> <w type="CC">or</w> <w type="DO">do</w> <w type="PN">something</w> <w type="JJ">foolish</w> <c type="pct">.</c> </s>
<s n="58"><w type="PN">Something</w> <w type="ABN">all</w> <w type="IN">of</w> <w type="PPO">them</w> <w type="MD">would</w> <w type="VB">regret</w> <c type="pct">.</c> </s>
<s n="59"><w type="PPS">He</w> <w type="MD">might</w> <w type="VB">tell</w> <w type="PPO">her</w> <w type="WRB">how</w> <w type="JJ">sorry</w> <w type="AT">a</w> <w type="NN">spectacle</w> <w type="PPS">she</w> <w type="BEDZ">was</w> <w type="VBG">making</w> <w type="IN">of</w> <w type="PPL">herself</w> <c type="pct">,</c> <w type="VBG">pretending</w> <w type="TO">to</w> <w type="BE">be</w> <w type="JJ">blind</w> <w type="IN">to</w> <w type="AT">the</w> <w type="NN">way</w> <w type="NP">Julia</w> <w type="NP">Fortune</w> <w type="HVD">had</w> <w type="VBN">taken</w> <w type="NPg">Dean's</w> <w type="NNS">affections</w> <w type="IN">from</w> <w type="PPO">her</w> <c type="pct">.</c> </s>
<s n="60"><w type="CC">And</w> <w type="VBG">using</w> <w type="PPO">him</w> <c type="pct">,</c> <w type="NP">Mike</w> <w type="NP">McLish</w> <c type="pct">,</c> <w type="CS">as</w> <w type="AT">a</w> <w type="NN">sop</w> <w type="IN">to</w> <w type="PPg">her</w> <w type="NN">pride</w> <c type="pct">.</c> </s>
</p>
<p><s n="61"><w type="PPS">He</w> <w type="VBD">handed</w> <w type="AT">the</w> <w type="NN">bayonet</w> <w type="IN">to</w> <w type="NP">Dean</w> <w type="CC">and</w> <w type="VBD">kept</w> <w type="AT">the</w> <w type="NN">pistol</w> <c type="pct">.</c> </s>
<s n="62"><c type="pct">``</c> <w type="VB">Stay</w> <w type="QL">well</w> <w type="RB">back</w> <w type="IN">of</w> <w type="PPO">me</w> <c type="pct">''</c> <c type="pct">,</c> <w type="PPS">he</w> <w type="VBD">said</w> <c type="pct">.</c> </s>
<s n="63"><c type="pct">``</c> <mw pos="PPSS BEM">I'm </mw><w type="VBG">going</w> <w type="TO">to</w> <w type="VB">walk</w> <w type="RP">up</w> <w type="IN">to</w> <w type="AT">the</w> <w type="NNS">horses</w> <c type="pct">,</c> <w type="JJ">bold</w> <w type="CS">as</w> <w type="NN">brass</w> <c type="pct">,</c> <w type="VBG">pretending</w> <mw pos="PPSS BEM">I'm </mw><w type="CD">one</w> <w type="IN">of</w> <w type="AT">the</w> <w type="NNS">guerrillas</w> <c type="pct">.</c> </s>
<s n="64"><mw pos="EX BEZ">There's </mw><w type="VBN">bound</w> <w type="TO">to</w> <w type="BE">be</w> <w type="PN">someone</w> <w type="IN">on</w> <w type="NN">guard</w> <c type="pct">,</c> <w type="CC">but</w> <w type="AT">the</w> <w type="NN">hat</w> <w type="MD">might</w> <w type="VB">fool</w> <w type="PPO">them</w> <w type="JJ">long</w> <w type="QLP">enough</w> <w type="IN">for</w> <w type="PPO">me</w> <w type="TO">to</w> <w type="VB">get</w> <w type="RB">close</w> <c type="pct">''</c> <c type="pct">.</c> </s>
</p>
<p><s n="65"><w type="VBG">Holding</w> <w type="AT">the</w> <w type="NN">pistol</w> <w type="VBN">concealed</w> <c type="pct">,</c> <w type="PPS">he</w> <w type="VBD">walked</w> <w type="IN">to</w> <w type="AT">the</w> <w type="JJ">rear</w> <w type="NN">wall</w> <w type="IN">of</w> <w type="AT">the</w> <w type="NN">stockade</w> <c type="pct">.</c> </s>
<s n="66"><w type="PPS">It</w> <w type="BEDZ">was</w> <w type="VBN">pierced</w> <w type="IN">by</w> <w type="AT">a</w> <w type="NN">wagon</w> <w type="NN">gate</w> <w type="VBN">built</w> <w type="IN">of</w> <w type="CD">two</w> <w type="NNS">wings</w> <c type="pct">.</c> </s>
<s n="67"><w type="CD">One</w> <w type="NN">wing</w> <w type="VBN">stood</w> <w type="JJ">open</w> <c type="pct">.</c> </s>
<s n="68"><w type="NP">Mike</w> <w type="VBD">passed</w> <w type="IN">through</w> <w type="PPO">it</w> <w type="CC">and</w> <w type="VBD">moved</w> <w type="IN">toward</w> <w type="AT">the</w> <w type="JJ">dark</w> <w type="NN">mass</w> <w type="IN">of</w> <w type="NNS">horses</w> <c type="pct">.</c> </s>
<s n="69"><w type="PPSS">They</w> <w type="BED">were</w> <w type="VBN">tethered</w> <c type="pct">,</c> <w type="NN">army</w> <w type="NN">style</w> <c type="pct">,</c> <w type="IN">on</w> <w type="NN">stable</w> <w type="NNS">lines</w> <c type="pct">.</c> </s>
</p>
<p><s n="70"><w type="AT">A</w> <w type="NN">voice</w> <w type="VBD">spoke</w> <w type="RB">near-at-hand</w> <c type="pct">.</c> </s>
<s n="71"><c type="pct">``</c> <mw pos="WPS BEZ">Who's </mw><w type="DT">that</w> <c type="pct">''</c> <c type="pct">?</c> <c type="pct">?</c> </s>
</p>
<p><s n="72"><w type="RB">Just</w> <w type="PPO">me</w> <c type="pct">''</c> <c type="pct">,</c> <w type="NP">Mike</w> <w type="VBD">said</w> <c type="pct">.</c> </s>
<s n="73"><c type="pct">``</c> <w type="BEZ">Is</w> <w type="DT">that</w> <w type="PPSS">you</w> <c type="pct">,</c> <w type="NP">Bill</w> <c type="pct">''</c> <c type="pct">?</c> <c type="pct">?</c> </s>
</p>
<p><s n="74"><w type="PPS">He</w> <w type="VBD">located</w> <w type="PPg">his</w> <w type="NN">man</w> <c type="pct">.</c> </s>
<s n="75"><w type="AT">The</w> <w type="NN">guard</w> <w type="VBD">stood</w> <w type="IN">in</w> <w type="AT">the</w> <w type="NN">shadow</w> <w type="IN">of</w> <w type="AT">the</w> <w type="NN">stockade</w> <w type="NN">wall</w> <w type="RB">just</w> <w type="IN">out</w> <w type="IN">of</w> <w type="NN">reach</w> <w type="IN">of</w> <w type="AT">the</w> <w type="NN">moonlight</w> <c type="pct">.</c> </s>
<s n="76"><w type="NP">Mike</w> <w type="VBD">kept</w> <w type="VBG">walking</w> <w type="CC">and</w> <w type="VBD">got</w> <w type="IN">within</w> <w type="NNg">arm's</w> <w type="NN">reach</w> <w type="CS">before</w> <w type="AT">the</w> <w type="NN">man</w> <w type="VBD">became</w> <w type="JJ">suspicious</w> <w type="CC">and</w> <w type="VBD">straightened</w> <w type="IN">from</w> <w type="PPg">his</w> <w type="JJ">lax</w> <w type="NN">slouch</w> <c type="pct">.</c> </s>
</p>
<p><s n="77"><w type="NP">Mike</w> <w type="VBD">struck</w> <w type="IN">with</w> <w type="AT">the</w> <w type="NN">muzzle</w> <w type="IN">of</w> <w type="AT">the</w> <w type="NN">pistol</w> <c type="pct">.</c> </s>
<s n="78"><w type="CC">But</w> <w type="AT">the</w> <w type="NN">luck</w> <w type="WPS">that</w> <w type="HVD">had</w> <w type="BEN">been</w> <w type="VBG">running</w> <w type="PPg">their</w> <w type="NN">way</w> <w type="VBD">left</w> <w type="PPO">him</w> <c type="pct">.</c> </s>
<s n="79"><w type="AT">The</w> <w type="NN">guard</w> <w type="RB">instinctively</w> <w type="VBD">parried</w> <w type="AT">the</w> <w type="NN">blow</w> <w type="IN">with</w> <w type="PPg">his</w> <w type="NN">rifle</w> <c type="pct">.</c> </s>
<s n="80"><w type="PPS">He</w> <w type="VBD">tried</w> <w type="TO">to</w> <w type="VB">veer</w> <w type="AT">the</w> <w type="NN">rifle</w> <w type="RB">around</w> <w type="TO">to</w> <w type="VB">fire</w> <w type="IN">into</w> <w type="NPg">Mike's</w> <w type="NN">body</w> <c type="pct">.</c> </s>
</p>
<p><s n="81"><w type="NP">Mike</w> <c type="pct">,</c> <w type="IN">off</w> <w type="NN">balance</w> <c type="pct">,</c> <w type="VBD">managed</w> <w type="TO">to</w> <w type="VB">bat</w> <w type="AT">the</w> <w type="NN">muzzle</w> <w type="RB">away</w> <w type="AT">a</w> <w type="NN">moment</w> <w type="CS">before</w> <w type="PPS">it</w> <w type="VBD">exploded</w> <c type="pct">.</c> </s>
<s n="82"><w type="AT">The</w> <w type="NN">bullet</w> <w type="VBD">went</w> <w type="JJ">wide</w> <c type="pct">.</c> </s>
<s n="83"><w type="NP">Mike</w> <w type="VBD">swung</w> <w type="AT">the</w> <w type="NN">pistol</w> <w type="IN">in</w> <w type="AT">a</w> <w type="JJ">savage</w> <w type="NN">backlash</w> <c type="pct">.</c> </s>
<s n="84"><w type="DT">This</w> <w type="NN">time</w> <w type="PPS">it</w> <w type="VBD">connected</w> <w type="RB">solidly</w> <w type="IN">on</w> <w type="AT">the</w> <w type="NNg">man's</w> <w type="NN">temple</w> <c type="pct">,</c> <w type="VBG">felling</w> <w type="PPO">him</w> <c type="pct">.</c> </s>
</p>
<p><s n="85"><w type="AT">The</w> <w type="NN">explosion</w> <w type="IN">of</w> <w type="AT">the</w> <w type="NN">rifle</w> <w type="HVD">had</w> <w type="VBN">crashed</w> <w type="IN">against</w> <w type="AT">the</w> <w type="NNS">walls</w> <w type="IN">of</w> <w type="AT">the</w> <w type="NN">stockade</w> <w type="CC">and</w> <w type="AT">the</w> <w type="JJ">deep</w> <w type="NNS">echoes</w> <w type="BED">were</w> <w type="RB">still</w> <w type="VBG">rolling</w> <w type="IN">in</w> <w type="AT">the</w> <w type="NNS">hills</w> <c type="pct">.</c> </s>
<s n="86"><w type="AT">The</w> <w type="VBN">startled</w> <w type="NNS">horses</w> <w type="VBD">began</w> <w type="VBG">rearing</w> <w type="IN">on</w> <w type="PPg">their</w> <w type="NNS">tethers</w> <c type="pct">.</c> </s>
</p>
<p><s n="87"><w type="NP">Dean</w> <w type="VBD">came</w> <w type="VBG">rushing</w> <w type="RP">up</w> <c type="pct">.</c> </s>
<s n="88"><c type="pct">``</c> <w type="BER">Are</w> <w type="PPSS">you</w> <w type="VBN">hit</w> <c type="pct">''</c> <c type="pct">?</c> <c type="pct">?</c> </s>
<s n="89"><w type="PPS">He</w> <w type="VBD">demanded</w> <c type="pct">.</c> </s>
</p>
<p><s n="90"><c type="pct">``</c> <w type="RB">No</w> <c type="pct">,</c> <w type="CC">but</w> <w type="AT">the</w> <mw pos="NN BEZ">fat's </mw><w type="IN">in</w> <w type="AT">the</w> <w type="NN">fire</w> <c type="pct">''</c> <c type="pct">!</c> <c type="pct">!</c> </s>
<s n="91"><w type="NP">Mike</w> <w type="VBD">said</w> <c type="pct">.</c> </s>
<s n="92"><c type="pct">``</c> <mw pos="EX BEZ">There's </mw><w type="AT">no</w> <w type="NN">chance</w> <w type="RB">now</w> <w type="IN">of</w> <w type="ABN">all</w> <w type="IN">of</w> <w type="PPO">us</w> <w type="VBG">getting</w> <w type="RB">away</w> <c type="pct">.</c> </s>
<s n="93"><mw pos="PPSS MD">You'll </mw><w type="HV">have</w> <w type="TO">to</w> <w type="VB">try</w> <w type="PPO">it</w> <w type="RB">alone</w> <c type="pct">''</c> <c type="pct">.</c> </s>
</p>
<p><s n="94"><w type="AT">The</w> <w type="NNg">sentry's</w> <w type="VBD">saddled</w> <w type="NN">horse</w> <w type="VBD">stood</w> <w type="VBN">picketed</w> <w type="RB">nearby</w> <c type="pct">,</c> <w type="HVG">having</w> <w type="BEN">been</w> <w type="VBN">kept</w> <w type="JJ">handy</w> <w type="IN">in</w> <w type="NN">case</w> <w type="IN">of</w> <w type="NN">need</w> <c type="pct">.</c> </s>
</p>
<p><s n="95"><w type="NP">Mike</w> <w type="VBD">took</w> <w type="AT">the</w> <w type="NN">bayonet</w> <w type="IN">from</w> <w type="NPg">Dean's</w> <w type="NN">hand</w> <w type="CC">and</w> <w type="VBD">slashed</w> <w type="AT">the</w> <w type="NN">picket</w> <w type="NN">line</w> <c type="pct">.</c> </s>
<s n="96"><c type="pct">``</c> <w type="RP">Up</w> <w type="PPSS">you</w> <w type="VB">go</w> <c type="pct">''</c> <c type="pct">!</c> <c type="pct">!</c> </s>
<s n="97"><w type="PPS">He</w> <w type="VBD">said</w> <c type="pct">.</c> </s>
<s n="98"><c type="pct">``</c> <w type="VB">Ride</w> <c type="pct">''</c> <c type="pct">!</c> <c type="pct">!</c> </s>
</p>
<p><s n="99"><w type="NP">Dean</w> <w type="VBD">resisted</w> <w type="NPg">Mike's</w> <w type="NN">attempt</w> <w type="TO">to</w> <w type="VB">push</w> <w type="PPO">him</w> <w type="IN">toward</w> <w type="AT">the</w> <w type="NN">horse</w> <c type="pct">.</c> </s>
<s n="100"><c type="pct">``</c> <w type="WRB">Why</w> <w type="NEG">not</w> <w type="PPO">you</w> <c type="pct">''</c> <c type="pct">?</c> <c type="pct">?</c> </s>
<s n="101"><w type="PPS">He</w> <w type="VBD">protested</w> <c type="pct">.</c> </s>
</p>
<p><s n="102"><c type="pct">``</c> <w type="UH">Dammit</w> <c type="pct">''</c> <c type="pct">!</c> <c type="pct">!</c> </s>
<s n="103"><w type="NP">Mike</w> <w type="VBD">said</w> <w type="RB">frantically</w> <c type="pct">.</c> </s>
<s n="104"><c type="pct">``</c> <mw pos="PPSS BER">You're </mw><w type="JJR">lighter</w> <w type="CS">than</w> <w type="PPO">me</w> <c type="pct">.</c> </s>
<s n="105"><mw pos="PPS BEZ">It's </mw><w type="PPg">our</w> <w type="AP">only</w> <w type="NN">chance</w> <w type="RB">now</w> <c type="pct">.</c> </s>
<s n="106"><w type="VB">Try</w> <w type="TO">to</w> <w type="VB">find</w> <w type="DTS">these</w> <w type="NPS">Feds</w> <c type="pct">.</c> </s>
<s n="107"><w type="AT">The</w> <w type="NN">rest</w> <w type="IN">of</w> <w type="PPO">us</w> <w type="MD">can</w> <w type="VB">fort</w> <w type="RP">up</w> <w type="IN">in</w> <w type="AT">the</w> <w type="NN">house</w> <w type="CC">and</w> <w type="VB">hang</w> <w type="RP">on</w> <w type="CS">until</w> <w type="PPSS">you</w> <w type="VB">get</w> <w type="RB">back</w> <c type="pct">.</c> </s>
<s n="108"><mw pos="PPSS BER">You're </mw><w type="AT">the</w> <w type="CD">one</w> <mw pos="WPS BEZ">that's </mw><w type="VBG">taking</w> <w type="AT">the</w> <w type="JJ">big</w> <w type="NN">chance</w> <c type="pct">''</c> <c type="pct">.</c> </s>
</p>
<p><s n="109"><w type="NP">Dean</w> <w type="RB">still</w> <w type="VBD">hesitated</w> <c type="pct">,</c> <w type="CC">but</w> <w type="NP">Mike</w> <w type="VBD">lifted</w> <w type="PPO">him</w> <w type="QL">almost</w> <w type="RB">bodily</w> <w type="IN">into</w> <w type="AT">the</w> <w type="NN">saddle</w> <w type="CC">and</w> <w type="VBD">thrust</w> <w type="AT">the</w> <w type="NNS">reins</w> <w type="IN">in</w> <w type="PPg">his</w> <w type="NN">hand</w> <c type="pct">.</c> </s>
</p>
<p><s n="110"><c type="pct">``</c> <w type="AT">No</w> <w type="NN">telling</w> <w type="WRB">how</w> <w type="JJ">good</w> <w type="DT">this</w> <w type="NN">horse</w> <w type="BEZ">is</w> <c type="pct">''</c> <c type="pct">,</c> <w type="NP">Mike</w> <w type="VBD">panted</w> <c type="pct">.</c> </s>
<s n="111"><c type="pct">``</c> <w type="VB">Favor</w> <w type="PPO">him</w> <w type="CC">and</w> <w type="VB">save</w> <w type="PN">something</w> <w type="IN">in</w> <w type="NN">case</w> <w type="PPSS">you</w> <w type="VB">hit</w> <w type="NN">trouble</w> <c type="pct">.</c> </s>
<s n="112"><w type="VB">Watch</w> <w type="RP">out</w> <w type="IN">for</w> <w type="NPS">Apaches</w> <w type="WRB">when</w> <w type="PPS">it</w> <w type="VBZ">comes</w> <w type="NN">daylight</w> <c type="pct">.</c> </s>
<s n="113"><w type="VB">Take</w> <w type="AT">the</w> <w type="NN">pistol</w> <c type="pct">.</c> </s>
<s n="114"><w type="PPSS">You</w> <w type="MD">might</w> <w type="VB">need</w> <w type="PPO">it</w> <c type="pct">.</c> </s>
<s n="115"><mw pos="PPSS MD">We'll </mw><w type="RB">still</w> <w type="HV">have</w> <w type="AT">the</w> <w type="NN">rifle</w> <c type="pct">,</c> <w type="CC">and</w> <w type="PPSS">I</w> <w type="MD">might</w> <w type="BE">be</w> <w type="JJ">able</w> <w type="TO">to</w> <w type="VB">round</w> <w type="RP">up</w> <w type="DTI">some</w> <w type="AP">more</w> <c type="pct">.</c> </s>
<s n="116"><mw pos="PPSS MD">I'll </mw><w type="VB">stampede</w> <w type="AT">the</w> <w type="NN">rest</w> <w type="IN">of</w> <w type="DTS">these</w> <w type="NNS">horses</w> <w type="CS">so</w> <w type="PPSS">they</w> <mw pos="MD *">can't </mw><w type="VB">chase</w> <w type="PPO">you</w> <c type="pct">''</c> <c type="pct">.</c> </s>
</p>
<p><s n="117"><w type="NP">Dean</w> <w type="VBD">leaned</w> <w type="IN">from</w> <w type="AT">the</w> <w type="NN">saddle</w> <w type="CC">and</w> <w type="VBD">gave</w> <w type="PPO">him</w> <w type="AT">a</w> <w type="JJ">mighty</w> <w type="NN">whack</w> <w type="IN">on</w> <w type="AT">the</w> <w type="NN">back</w> <c type="pct">.</c> </s>
<s n="118"><c type="pct">``</c> <w type="NP">McLish</w> <c type="pct">''</c> <c type="pct">,</c> <w type="PPS">he</w> <w type="VBD">said</w> <w type="CS">as</w> <w type="PPS">he</w> <w type="VBD">kicked</w> <w type="AT">the</w> <w type="NN">horse</w> <w type="IN">into</w> <w type="NN">motion</w> <c type="pct">,</c> <c type="pct">``</c> <mw pos="PPSS MD">I'd </mw><w type="BE">be</w> <w type="AT">a</w> <w type="JJ">mighty</w> <w type="JJ">sad</w> <w type="NN">man</w> <w type="CS">if</w> <w type="PPSS">we</w> <w type="RB">never</w> <w type="VBD">met</w> <w type="RB">again</w> <c type="pct">''</c> <c type="pct">.</c> </s>
</p>
<p><s n="119"><w type="RB">Then</w> <w type="PPS">he</w> <w type="BEDZ">was</w> <w type="IN">on</w> <w type="PPg">his</w> <w type="NN">way</w> <w type="IN">at</w> <w type="AT">a</w> <w type="NN">gallop</w> <c type="pct">.</c> </s>
<s n="120"><w type="NP">Mike</w> <w type="VBD">ran</w> <w type="IN">down</w> <w type="AT">the</w> <w type="NN">line</w> <c type="pct">,</c> <w type="VBG">slashing</w> <w type="NN">picket</w> <w type="NNS">ropes</w> <w type="IN">with</w> <w type="AT">the</w> <w type="NN">bayonet</w> <c type="pct">.</c> </s>
<s n="121"><w type="PPS">He</w> <w type="VBD">lifted</w> <w type="AT">a</w> <w type="VBG">screeching</w> <w type="NN">war</w> <w type="NN">whoop</w> <c type="pct">.</c> </s>
<s n="122"><w type="WPS">That</w> <w type="VBD">touched</w> <w type="RP">off</w> <w type="AT">a</w> <w type="JJ">total</w> <w type="NN">stampede</w> <c type="pct">.</c> </s>
<s n="123"><w type="PPS">He</w> <w type="VBD">darted</w> <w type="IN">inside</w> <w type="AT">the</w> <w type="NN">stockade</w> <w type="CC">and</w> <w type="VBD">freed</w> <w type="AT">the</w> <w type="NNS">horses</w> <w type="RB">there</w> <c type="pct">.</c> </s>
<s n="124"><w type="DTS">These</w> <w type="VBD">poured</w> <w type="IN">through</w> <w type="AT">the</w> <w type="NN">gate</w> <w type="CC">and</w> <w type="VBD">joined</w> <w type="AT">the</w> <w type="NN">flight</w> <c type="pct">.</c> </s>
<s n="125"><w type="AT">The</w> <w type="NNS">animals</w> <w type="VBD">thundered</w> <w type="RB">away</w> <w type="IN">into</w> <w type="AT">the</w> <w type="NN">moonlight</w> <c type="pct">,</c> <w type="VBG">heading</w> <w type="IN">for</w> <w type="AT">the</w> <w type="NNS">ridges</w> <c type="pct">.</c> </s>
</p>
<p><s n="126"><w type="AT">The</w> <w type="NNS">guerrillas</w> <w type="BED">were</w> <w type="VBG">swarming</w> <w type="IN">from</w> <w type="PPg">their</w> <w type="NN">bivouac</w> <w type="IN">at</w> <w type="AT">the</w> <w type="NR">west</w> <w type="NN">end</w> <w type="IN">of</w> <w type="AT">the</w> <w type="NN">enclosure</w> <c type="pct">.</c> </s>
</p>
<p><s n="127"><c type="pct">``</c> <w type="NPS">Apaches</w> <c type="pct">''</c> <c type="pct">!</c> <c type="pct">!</c> </s>
<s n="128"><w type="NP">Mike</w> <w type="VBD">yelled</w> <c type="pct">.</c> </s>
<s n="129"><c type="pct">``</c> <mw pos="PPSS BER">They're </mw><w type="VBG">stealin'</w> <w type="AT">the</w> <w type="NN">stock</w> <c type="pct">''</c> <c type="pct">!</c> <c type="pct">!</c> </s>
</p>
<p><s n="130"><w type="PPS">He</w> <w type="VBD">scuttled</w> <w type="IN">in</w> <w type="NN">shadow</w> <w type="IN">along</w> <w type="AT">the</w> <w type="NR">east</w> <w type="NN">wall</w> <w type="IN">of</w> <w type="AT">the</w> <w type="NN">stockade</w> <w type="CC">and</w> <w type="RB">then</w> <w type="VBD">followed</w> <w type="AT">the</w> <w type="NR">south</w> <w type="NN">wall</w> <w type="CS">until</w> <w type="PPS">he</w> <w type="BEDZ">was</w> <w type="IN">at</w> <w type="AT">the</w> <w type="NN">rear</w> <w type="IN">of</w> <w type="AT">the</w> <w type="CD">two</w> <w type="NN">frame</w> <w type="NNS">buildings</w> <c type="pct">.</c> </s>
<s n="131"><w type="PPS">He</w> <w type="VBD">crouched</w> <w type="RB">there</w> <c type="pct">.</c> </s>
</p>
<p><s n="132"><w type="PPg">His</w> <w type="NN">shout</w> <w type="HVD">had</w> <w type="BEN">been</w> <w type="VBN">taken</w> <w type="RP">up</w> <w type="CC">and</w> <w type="VBN">repeated</w> <c type="pct">.</c> </s>
<s n="133"><w type="AT">The</w> <w type="NNS">guerrillas</w> <w type="BED">were</w> <w type="VBG">running</w> <w type="IN">across</w> <w type="AT">the</w> <w type="NN">parade</w> <w type="NN">ground</w> <w type="CC">and</w> <w type="IN">through</w> <w type="AT">the</w> <w type="JJ">rear</w> <w type="NN">gate</w> <w type="IN">in</w> <w type="AT">the</w> <w type="NN">wake</w> <w type="IN">of</w> <w type="AT">the</w> <w type="VBG">departing</w> <w type="NNS">horses</w> <c type="pct">.</c> </s>
<s n="134"><w type="ABN">All</w> <w type="BED">were</w> <w type="VBG">carrying</w> <w type="NNS">guns</w> <w type="PPSS">they</w> <w type="HVD">had</w> <w type="VBN">seized</w> <w type="RP">up</w> <c type="pct">,</c> <w type="CC">but</w> <w type="PPSS">they</w> <w type="BED">were</w> <w type="JJ">half-clad</w> <w type="CC">or</w> <w type="QL">hardly</w> <w type="VBN">clad</w> <w type="IN">at</w> <w type="ABN">all</w> <c type="pct">.</c> </s>
</p>
<p><s n="135"><w type="NP">Durkin</w> <w type="CC">and</w> <w type="NP">Calhoun</w> <w type="VBD">came</w> <w type="VBG">running</w> <w type="IN">from</w> <w type="AT">the</w> <w type="NN">post</w> <c type="pct">.</c> </s>
<s n="136"><w type="PPSS">They</w> <w type="HVD">had</w> <w type="NNS">pistols</w> <w type="IN">in</w> <w type="PPg">their</w> <w type="NNS">hands</w> <c type="pct">.</c> </s>
<s n="137"><w type="PPSS">They</w> <w type="VBD">bawled</w> <w type="NNS">questions</w> <w type="WPS">that</w> <w type="BED">were</w> <w type="NEG">not</w> <w type="VBN">answered</w> <w type="IN">in</w> <w type="AT">the</w> <w type="NN">uproar</w> <c type="pct">.</c> </s>
<s n="138"><w type="PPSS">They</w> <w type="VBD">followed</w> <w type="AT">the</w> <w type="NNS">others</w> <w type="IN">toward</w> <w type="AT">the</w> <w type="NR">east</w> <w type="NN">gate</w> <c type="pct">.</c> </s>
<s n="139"><w type="IN">Beyond</w> <w type="AT">the</w> <w type="NN">stockade</w> <w type="NNS">rifles</w> <w type="VBD">began</w> <w type="TO">to</w> <w type="VB">explode</w> <w type="CS">as</w> <w type="DTI">some</w> <w type="IN">of</w> <w type="AT">the</w> <w type="NNS">guerrillas</w> <w type="VBD">fired</w> <w type="IN">at</w> <w type="NNS">shadows</w> <w type="CS">that</w> <w type="PPSS">they</w> <w type="VBD">imagined</w> <w type="BED">were</w> <w type="NPS">Apaches</w> <c type="pct">.</c> </s>
</p>
<p><s n="140"><w type="NP">Mike</w> <w type="VBD">made</w> <w type="AT">a</w> <w type="NN">dash</w> <w type="IN">to</w> <w type="AT">the</w> <w type="NN">rear</w> <w type="IN">of</w> <w type="AT">the</w> <w type="NN">frame</w> <w type="NNS">buildings</w> <c type="pct">.</c> </s>
<s n="141"><w type="PPS">He</w> <w type="VBD">crawled</w> <w type="IN">beneath</w> <w type="AT">the</w> <w type="CD">two</w> <w type="NN">supply</w> <w type="NNS">wagons</w> <w type="WDT">which</w> <w type="VBD">stood</w> <w type="IN">between</w> <w type="AT">the</w> <w type="NNS">buildings</w> <w type="CC">and</w> <w type="VBD">peered</w> <w type="IN">around</w> <w type="AT">a</w> <w type="NN">corner</w> <c type="pct">.</c> </s>
<s n="142"><w type="AT">The</w> <w type="NN">area</w> <w type="BEDZ">was</w> <w type="VBN">deserted</w> <c type="pct">.</c> </s>
<s n="143"><w type="AT">A</w> <w type="NN">man</w> <w type="BEDZ">was</w> <w type="VBG">standing</w> <w type="IN">in</w> <w type="AT">the</w> <w type="JJ">open</w> <w type="NN">door</w> <w type="IN">of</w> <w type="AT">the</w> <w type="VBN">lighted</w> <w type="JJ">orderly</w> <w type="NN">room</w> <w type="AT">a</w> <w type="AP">few</w> <w type="NNS">yards</w> <w type="IN">to</w> <w type="NPg">Mike's</w> <w type="NR">left</w> <c type="pct">,</c> <w type="CC">but</w> <w type="PPS">he</w> <c type="pct">,</c> <w type="RB">too</w> <c type="pct">,</c> <w type="RB">suddenly</w> <w type="VBD">made</w> <w type="RP">up</w> <w type="PPg">his</w> <w type="NN">mind</w> <w type="CC">and</w> <w type="VBD">went</w> <w type="VBG">racing</w> <w type="TO">to</w> <w type="VB">join</w> <w type="AT">the</w> <w type="VBN">confused</w> <w type="NN">activity</w> <w type="IN">at</w> <w type="AT">the</w> <w type="NR">east</w> <w type="NN">end</w> <w type="IN">of</w> <w type="AT">the</w> <w type="NN">stockade</w> <c type="pct">.</c> </s>
</p>
<p><s n="144"><w type="NP">Mike</w> <w type="VBD">crawled</w> <w type="IN">to</w> <w type="AT">the</w> <w type="NN">door</w> <w type="CC">and</w> <w type="VBD">peered</w> <w type="RP">in</w> <c type="pct">.</c> </s>
<s n="145"><w type="AT">The</w> <w type="JJ">orderly</w> <w type="NN">room</w> <w type="VBD">seemed</w> <w type="TO">to</w> <w type="BE">be</w> <w type="VBN">deserted</w> <c type="pct">.</c> </s>
<s n="146"><w type="AT">A</w> <w type="NN">lantern</w> <w type="VBD">hung</w> <w type="IN">from</w> <w type="AT">a</w> <w type="NN">peg</w> <c type="pct">,</c> <w type="VBG">giving</w> <w type="NN">light</w> <c type="pct">.</c> </s>
<s n="147"><w type="VBG">Ducking</w> <w type="RB">inside</w> <c type="pct">,</c> <w type="PPS">he</w> <w type="VBD">found</w> <w type="CS">that</w> <w type="CD">three</w> <w type="NNS">rifles</w> <w type="BED">were</w> <w type="VBN">stacked</w> <w type="IN">in</w> <w type="AT">a</w> <w type="NN">corner</w> <c type="pct">.</c> </s>
<s n="148"><w type="AT">A</w> <w type="NN">brace</w> <w type="IN">of</w> <w type="NNS">pistols</w> <c type="pct">,</c> <w type="VBN">holstered</w> <w type="IN">on</w> <w type="NNS">belts</w> <c type="pct">,</c> <w type="VBD">hung</w> <w type="IN">from</w> <w type="AT">a</w> <w type="NN">peg</w> <c type="pct">,</c> <w type="IN">along</w> <w type="IN">with</w> <w type="NN">ammunition</w> <w type="NNS">pouches</w> <c type="pct">.</c> </s>
<s n="149"><w type="AT">An</w> <w type="NN">ammunition</w> <w type="NN">case</w> <w type="VBD">stood</w> <w type="JJ">open</w> <c type="pct">,</c> <w type="VBG">containing</w> <w type="NNS">canisters</w> <w type="WDT">which</w> <w type="VBD">contained</w> <w type="NN">powder</w> <w type="NNS">cartridges</w> <c type="pct">.</c> </s>
</p>
<p><s n="150"><w type="NP">Mike</w> <w type="VBD">seized</w> <w type="AT">a</w> <w type="NN">blanket</w> <w type="IN">from</w> <w type="AT">a</w> <w type="NN">pallet</w> <w type="IN">in</w> <w type="AT">a</w> <w type="NN">corner</w> <c type="pct">,</c> <w type="VBD">spread</w> <w type="PPO">it</w> <w type="IN">on</w> <w type="AT">the</w> <w type="NN">floor</w> <w type="CC">and</w> <w type="VBD">used</w> <w type="PPO">it</w> <w type="TO">to</w> <w type="VB">form</w> <w type="AT">a</w> <w type="NN">bag</w> <w type="IN">in</w> <w type="WDT">which</w> <w type="PPS">he</w> <w type="VBD">placed</w> <w type="PPg">his</w> <w type="NN">booty</w> <c type="pct">.</c> </s>
</p>
<p><s n="151"><w type="VBG">Shouldering</w> <w type="AT">the</w> <w type="NN">load</w> <w type="PPS">he</w> <w type="VBD">peered</w> <w type="IN">from</w> <w type="AT">the</w> <w type="NN">door</w> <c type="pct">.</c> </s>
<s n="152"><w type="PPg">His</w> <w type="VBG">looting</w> <w type="IN">of</w> <w type="AT">the</w> <w type="JJ">orderly</w> <w type="NN">room</w> <w type="HVD">had</w> <w type="VBN">taken</w> <w type="RB">only</w> <w type="AT">a</w> <w type="NN">minute</w> <w type="CC">or</w> <w type="CD">two</w> <w type="CC">and</w> <w type="AT">the</w> <w type="NN">vicinity</w> <w type="BEDZ">was</w> <w type="RB">still</w> <w type="JJ">clear</w> <w type="IN">of</w> <w type="NNS">guerrillas</w> <c type="pct">.</c> </s>
</p>
<p><s n="153"><w type="PPS">He</w> <w type="VBD">looked</w> <w type="IN">at</w> <w type="AT">the</w> <w type="VBG">looming</w> <w type="NNS">hoods</w> <w type="IN">of</w> <w type="AT">the</w> <w type="NN">supply</w> <w type="NNS">wagons</w> <c type="pct">,</c> <w type="VBD">struck</w> <w type="IN">by</w> <w type="AT">a</w> <w type="JJ">new</w> <w type="NN">inspiration</w> <c type="pct">.</c> </s>
<s n="154"><w type="PPS">He</w> <w type="VBD">set</w> <w type="PPg">his</w> <w type="NN">bundle</w> <w type="RP">down</w> <c type="pct">.</c> </s>
<s n="155"><w type="VBG">Snatching</w> <w type="AT">the</w> <w type="NN">lantern</w> <w type="IN">from</w> <w type="PPg">its</w> <w type="NN">peg</w> <c type="pct">,</c> <w type="PPS">he</w> <w type="VBD">shattered</w> <w type="PPg">its</w> <w type="NN">globe</w> <w type="IN">with</w> <w type="AT">a</w> <w type="NN">blow</w> <w type="IN">against</w> <w type="AT">a</w> <w type="NN">post</w> <c type="pct">.</c> </s>
<s n="156"><w type="PPS">He</w> <w type="VBD">picked</w> <w type="RP">up</w> <w type="AT">the</w> <w type="NN">powder</w> <w type="NN">canister</w> <w type="CC">and</w> <w type="VBD">ran</w> <w type="RP">out</w> <c type="pct">.</c> </s>
<s n="157"><w type="VBG">Bursting</w> <w type="NN">paper</w> <w type="NNS">cartridges</w> <c type="pct">,</c> <w type="PPS">he</w> <w type="VBD">scattered</w> <w type="NN">powder</w> <w type="IN">beneath</w> <w type="AT">the</w> <w type="JJT">nearest</w> <w type="NN">wagon</w> <w type="CC">and</w> <w type="VBD">dumped</w> <w type="AT">the</w> <w type="NNS">contents</w> <w type="IN">of</w> <w type="AT">the</w> <w type="NN">canister</w> <w type="IN">upon</w> <w type="PPO">it</w> <c type="pct">.</c> </s>
</p>
<p><s n="158"><w type="PPS">He</w> <w type="VBD">shouldered</w> <w type="AT">the</w> <w type="NN">blanket</w> <w type="RB">again</w> <c type="pct">,</c> <w type="VBD">backed</w> <w type="RP">off</w> <c type="pct">,</c> <w type="CC">and</w> <w type="VBD">tossed</w> <w type="AT">the</w> <w type="NN">lantern</w> <w type="IN">with</w> <w type="PPg">its</w> <w type="JJ">open</w> <w type="NN">wick</w> <w type="IN">beneath</w> <w type="AT">the</w> <w type="NN">wagon</w> <c type="pct">.</c> </s>
<s n="159"><w type="PPS">He</w> <w type="VBD">turned</w> <w type="CC">and</w> <w type="VBD">raced</w> <w type="IN">across</w> <w type="AT">the</w> <w type="NN">parade</w> <w type="NN">ground</w> <w type="IN">toward</w> <w type="AT">the</w> <w type="NN">rock</w> <w type="NN">house</w> <c type="pct">.</c> </s>
</p>
<p><s n="160"><w type="NN">Powder</w> <w type="NN">flame</w> <w type="VBD">gushed</w> <w type="IN">beneath</w> <w type="AT">the</w> <w type="NN">wagon</w> <c type="pct">.</c> </s>
<s n="161"><w type="AT">The</w> <w type="NN">stockade</w> <w type="BEDZ">was</w> <w type="RB">brilliantly</w> <w type="VBN">lighted</w> <w type="CC">and</w> <w type="AT">the</w> <w type="NNS">guerrillas</w> <w type="VBD">sighted</w> <w type="PPO">him</w> <c type="pct">.</c> </s>
<s n="162"><w type="PPSS">They</w> <w type="VBD">realized</w> <w type="AT">the</w> <w type="NN">truth</w> <c type="pct">.</c> </s>
<s n="163"><w type="NNS">Bullets</w> <w type="VBD">began</w> <w type="TO">to</w> <w type="VB">snap</w> <w type="IN">past</w> <w type="PPO">him</w> <c type="pct">.</c> </s>
<s n="164"><w type="CD">One</w> <w type="VBD">struck</w> <w type="AT">the</w> <w type="NN">muzzle</w> <w type="IN">of</w> <w type="CD">one</w> <w type="IN">of</w> <w type="AT">the</w> <w type="NNS">rifles</w> <w type="WPS">that</w> <w type="VBD">projected</w> <w type="IN">from</w> <w type="AT">the</w> <w type="NN">shoulder</w> <w type="NN">pack</w> <c type="pct">.</c> </s>
<s n="165"><w type="PPg">Its</w> <w type="NN">force</w> <w type="VBD">spun</w> <w type="PPO">him</w> <w type="RB">around</w> <c type="pct">,</c> <w type="CC">but</w> <w type="PPS">he</w> <w type="VBD">recovered</w> <w type="CC">and</w> <w type="VBD">got</w> <w type="IN">into</w> <w type="NN">stride</w> <w type="RB">again</w> <c type="pct">.</c> </s>
</p>
<p><s n="166"><w type="AT">A</w> <w type="NN">bullet</w> <w type="VBD">tore</w> <w type="AT">the</w> <w type="NN">earth</w> <w type="IN">from</w> <w type="IN">beneath</w> <w type="PPg">his</w> <w type="NN">foot</w> <w type="WRB">when</w> <w type="PPS">he</w> <w type="BEDZ">was</w> <w type="AT">a</w> <w type="NN">stride</w> <w type="CC">or</w> <w type="CD">two</w> <w type="IN">from</w> <w type="NN">safety</w> <c type="pct">.</c> </s>
<s n="167"><w type="DT">Another</w> <w type="VBD">struck</w> <w type="PPO">him</w> <w type="RB">heavily</w> <w type="IN">in</w> <w type="AT">the</w> <w type="NN">thigh</w> <w type="CC">and</w> <w type="PPS">he</w> <w type="VBD">went</w> <w type="RP">down</w> <c type="pct">.</c> </s>
</p>
<p><s n="168"><w type="NNS">Guerrillas</w> <w type="BED">were</w> <w type="VBG">racing</w> <w type="IN">toward</w> <w type="PPO">him</w> <c type="pct">.</c> </s>
<s n="169"><w type="NP">Susan</w> <w type="CC">and</w> <w type="NP">Julia</w> <w type="VBD">came</w> <w type="IN">from</w> <w type="AT">the</w> <w type="NN">door</w> <w type="CC">and</w> <w type="VBD">dragged</w> <w type="PPO">him</w> <w type="IN">with</w> <w type="PPO">them</w> <c type="pct">.</c> </s>
<s n="170"><w type="AT">The</w> <w type="CD">three</w> <w type="IN">of</w> <w type="PPO">them</w> <w type="VBN">floundered</w> <w type="IN">through</w> <w type="AT">the</w> <w type="NN">door</w> <w type="IN">into</w> <w type="AT">the</w> <w type="NN">interior</w> <w type="CC">and</w> <w type="VB">fell</w> <w type="IN">in</w> <w type="AT">a</w> <w type="NN">heap</w> <c type="pct">.</c> </s>
</p>
<p><s n="171"><w type="NP">Susan</w> <w type="VBD">bounced</w> <w type="IN">to</w> <w type="PPg">her</w> <w type="NNS">feet</w> <w type="CC">and</w> <w type="VBD">slammed</w> <w type="AT">the</w> <w type="NN">door</w> <c type="pct">.</c> </s>
<s n="172"><w type="PPS">She</w> <w type="VBD">crouched</w> <w type="RB">aside</w> <w type="CS">as</w> <w type="NNS">bullets</w> <w type="VB">beat</w> <w type="IN">at</w> <w type="AT">the</w> <w type="NN">portal</w> <c type="pct">,</c> <w type="VBG">chewing</w> <w type="IN">into</w> <w type="AT">the</w> <w type="NNS">planks</w> <c type="pct">.</c> </s>
<s n="173"><w type="DTI">Some</w> <w type="VBD">tore</w> <w type="RB">entirely</w> <w type="IN">through</w> <w type="AT">the</w> <w type="VBN">whipsawed</w> <w type="NN">post</w> <w type="NN">oak</w> <c type="pct">.</c> </s>
<s n="174"><w type="AT">The</w> <w type="NN">iron</w> <w type="NNS">hinges</w> <w type="VBD">held</w> <c type="pct">,</c> <w type="CC">but</w> <w type="AT">the</w> <w type="NNS">planks</w> <w type="BED">were</w> <w type="IN">in</w> <w type="NN">danger</w> <w type="IN">of</w> <w type="BEG">being</w> <w type="VBN">torn</w> <w type="IN">from</w> <w type="AT">the</w> <w type="NNS">crossbars</w> <c type="pct">.</c> </s>
</p>
<p><s n="175"><w type="NP">Mike</w> <w type="VBD">rolled</w> <w type="IN">to</w> <w type="NP">Susan</w> <c type="pct">,</c> <w type="VBD">grasped</w> <w type="PPO">her</w> <w type="IN">around</w> <w type="AT">the</w> <w type="NNS">knees</w> <c type="pct">,</c> <w type="VBG">dragging</w> <w type="PPO">her</w> <w type="IN">off</w> <w type="PPg">her</w> <w type="NNS">feet</w> <c type="pct">.</c> </s>
<s n="176"><w type="PPS">He</w> <w type="VBD">hovered</w> <w type="IN">over</w> <w type="PPO">her</w> <w type="TO">to</w> <w type="VB">shield</w> <w type="PPO">her</w> <c type="pct">,</c> <w type="CS">for</w> <w type="VBN">spent</w> <w type="NNS">bullets</w> <w type="BED">were</w> <w type="VBG">thudding</w> <w type="IN">against</w> <w type="AT">the</w> <w type="JJ">rear</w> <w type="NNS">walls</w> <c type="pct">.</c> </s>
</p>
<p><s n="177"><w type="PPS">He</w> <w type="VBD">peered</w> <w type="IN">from</w> <w type="AT">a</w> <w type="NN">loophole</w> <c type="pct">.</c> </s>
<s n="178"><w type="NNS">Guerrillas</w> <w type="BED">were</w> <w type="RB">only</w> <w type="AT">a</w> <w type="NN">dozen</w> <w type="NNS">yards</w> <w type="RB">away</w> <c type="pct">,</c> <w type="VBG">charging</w> <w type="AT">the</w> <w type="NN">house</w> <c type="pct">.</c> </s>
<s n="179"><w type="NP">Mike</w> <w type="VBD">snatched</w> <w type="AT">a</w> <w type="NN">pistol</w> <w type="IN">from</w> <w type="AT">the</w> <w type="NN">heap</w> <w type="IN">of</w> <w type="VBN">scattered</w> <w type="NN">booty</w> <w type="CC">and</w> <w type="VBD">fired</w> <c type="pct">.</c> </s>
<s n="180"><w type="PPS">He</w> <w type="VBD">dropped</w> <w type="AT">a</w> <w type="NN">man</w> <w type="IN">with</w> <w type="AT">the</w> <w type="OD">first</w> <w type="NN">bullet</w> <c type="pct">.</c> </s>
<s n="181"><w type="IN">At</w> <w type="AT">the</w> <w type="AP">same</w> <w type="NN">moment</w> <w type="NP">Wheeler</w> <w type="NP">Fiske</w> <w type="VBD">fired</w> <w type="AT">the</w> <w type="NN">rifle</w> <w type="NP">Mike</w> <w type="HVD">had</w> <w type="VBN">given</w> <w type="PPO">him</w> <w type="CC">and</w> <w type="DT">another</w> <w type="NN">guerrilla</w> <w type="BEDZ">was</w> <w type="VBN">hit</w> <c type="pct">.</c> </s>
<s n="182"><w type="WPS">That</w> <w type="VBD">halted</w> <w type="AT">the</w> <w type="NN">rush</w> <c type="pct">.</c> </s>
<s n="183"><w type="AT">The</w> <w type="NNS">guerrillas</w> <w type="VBD">scattered</w> <w type="IN">for</w> <w type="NN">cover</w> <c type="pct">.</c> </s>
</p>
<p><s n="184"><w type="AT">The</w> <w type="NNS">wagons</w> <w type="BED">were</w> <w type="VBG">burning</w> <w type="RB">fiercely</w> <c type="pct">.</c> </s>
<s n="185"><w type="AT">The</w> <w type="NN">mudwagon</w> <w type="HVD">had</w> <w type="VBN">caught</w> <w type="NN">fire</w> <w type="RB">also</w> <c type="pct">.</c> </s>
<s n="186"><w type="AT">The</w> <w type="NN">blaze</w> <w type="BEDZ">was</w> <w type="VBG">spreading</w> <w type="IN">to</w> <w type="AT">the</w> <w type="NN">frame</w> <w type="NNS">buildings</w> <c type="pct">.</c> </s>
</p>
<p><s n="187"><w type="AT">The</w> <w type="NNS">guerrillas</w> <w type="VBD">realized</w> <w type="PPSS">they</w> <w type="VBD">faced</w> <w type="AT">a</w> <w type="JJ">new</w> <w type="NN">problem</w> <c type="pct">.</c> </s>
<s n="188"><c type="pct">``</c> <w type="UH">Gawdamighty</w> <c type="pct">''</c> <c type="pct">!</c> <c type="pct">!</c> </s>
<s n="189"><w type="CD">One</w> <w type="VBD">screeched</w> <c type="pct">.</c> </s>
<s n="190"><c type="pct">``</c> <w type="EX">There</w> <w type="VBZ">goes</w> <w type="PPg">our</w> <w type="NN">grub</w> <w type="CC">an'</w> <w type="NN">ammunition</w> <c type="pct">''</c> <c type="pct">!</c> <c type="pct">!</c> </s>
</p>
<p><s n="191"><c type="pct">``</c> <w type="VB">Get</w> <w type="AT">a</w> <w type="NN">bucket</w> <w type="NN">line</w> <w type="VBG">going</w> <c type="pct">''</c> <c type="pct">!</c> <c type="pct">!</c> </s>
<s n="192"><w type="NP">Calhoun</w> <w type="VBD">shouted</w> <c type="pct">.</c> </s>
<s n="193"><c type="pct">``</c> <w type="VB">Hurry</w> <c type="pct">!</c> <c type="pct">!</c> </s>
<s n="194"><w type="VB">Hurry</w> <c type="pct">''</c> <c type="pct">!</c> <c type="pct">!</c> </s>
</p>
<p><s n="195"><w type="AT">The</w> <w type="NNS">guerrillas</w> <w type="VBD">began</w> <w type="AT">a</w> <w type="JJ">frantic</w> <w type="NN">search</w> <w type="IN">for</w> <w type="NNS">pails</w> <w type="IN">in</w> <w type="WDT">which</w> <w type="TO">to</w> <w type="VB">bring</w> <w type="NN">water</w> <w type="IN">from</w> <w type="AT">the</w> <w type="NN">spring</w> <c type="pct">.</c> </s>
<s n="196"><w type="CC">But</w> <w type="WDT">what</w> <w type="AP">few</w> <w type="NNS">containers</w> <w type="PPSS">they</w> <w type="VBD">found</w> <w type="BED">were</w> <w type="JJ">inadequate</w> <c type="pct">.</c> </s>
<s n="197"><w type="AP">Many</w> <w type="IN">of</w> <w type="PPO">them</w> <c type="pct">,</c> <w type="IN">in</w> <w type="VBG">increasing</w> <w type="NN">panic</w> <c type="pct">,</c> <w type="VBD">came</w> <w type="VBG">running</w> <w type="IN">with</w> <w type="NN">water</w> <w type="IN">in</w> <w type="PPg">their</w> <w type="NNS">hats</w> <w type="IN">in</w> <w type="AT">a</w> <w type="JJ">ludicrous</w> <w type="NN">effort</w> <c type="pct">.</c> </s>
<s n="198"><w type="ABX">Both</w> <w type="NNS">buildings</w> <w type="BED">were</w> <w type="IN">in</w> <w type="NNS">flames</w> <c type="pct">.</c> </s>
<s n="199"><w type="AT">The</w> <w type="NN">heat</w> <w type="VBD">drove</w> <w type="AT">the</w> <w type="NNS">guerrillas</w> <w type="VB">back</w> <c type="pct">.</c> </s>
<s n="200"><w type="AT">The</w> <w type="NN">roof</w> <w type="IN">of</w> <w type="AT">the</w> <w type="NN">command</w> <w type="NN">post</w> <w type="VBD">began</w> <w type="TO">to</w> <w type="VB">buckle</w> <c type="pct">.</c> </s>
</p>
<p><s n="201"><c type="pct">``</c> <w type="VB">Drag</w> <w type="AT">the</w> <w type="NNS">wagons</w> <w type="IN">to</w> <w type="AT">the</w> <w type="NN">spring</w> <c type="pct">''</c> <c type="pct">!</c> <c type="pct">!</c> </s>
<s n="202"><w type="NP">Lew</w> <w type="NP">Durkin</w> <w type="VBD">yelled</w> <c type="pct">.</c> </s>
<s n="203"><c type="pct">``</c> <w type="VB">Run</w> <w type="PPO">'em</w> <w type="QL">right</w> <w type="IN">into</w> <w type="AT">the</w> <w type="NN">spring</w> <c type="pct">!</c> <c type="pct">!</c> </s>
<s n="204"><w type="VB">Hustle</w> <c type="pct">''</c> <c type="pct">!</c> <c type="pct">!</c> </s>
</p>
<p><s n="205"><w type="CD">One</w> <w type="IN">of</w> <w type="AT">the</w> <w type="NNS">wagons</w> <w type="VBD">erupted</w> <w type="AT">a</w> <w type="JJ">massive</w> <w type="NN">pillar</w> <w type="IN">of</w> <w type="NN">flame</w> <c type="pct">.</c> </s>
<s n="206"><w type="AT">A</w> <w type="JJ">sizable</w> <w type="NN">supply</w> <w type="IN">of</w> <w type="NN">powder</w> <w type="HVD">had</w> <w type="BEN">been</w> <w type="VBN">touched</w> <w type="RP">off</w> <c type="pct">.</c> </s>
<s n="207"><w type="AT">The</w> <w type="NNS">wagons</w> <w type="CC">and</w> <w type="AT">the</w> <w type="NN">coach</w> <w type="BED">were</w> <w type="IN">beyond</w> <w type="VBG">saving</w> <w type="CC">and</w> <w type="RB">so</w> <w type="BED">were</w> <w type="AT">the</w> <w type="NNS">buildings</w> <c type="pct">.</c> </s>
</p>
<p><s n="208"><w type="AT">The</w> <w type="NN">glow</w> <w type="IN">of</w> <w type="AT">the</w> <w type="NN">fire</w> <w type="VBD">reached</w> <w type="IN">through</w> <w type="AT">the</w> <w type="NNS">openings</w> <w type="IN">in</w> <w type="AT">the</w> <w type="NNS">windows</w> <c type="pct">,</c> <w type="VBG">giving</w> <w type="NN">light</w> <w type="AP">enough</w> <w type="TO">to</w> <w type="VB">examine</w> <w type="NPg">Mike's</w> <w type="NN">wound</w> <c type="pct">.</c> </s>
<s n="209"><w type="AT">The</w> <w type="NN">bullet</w> <w type="HVD">had</w> <w type="VBN">torn</w> <w type="IN">through</w> <w type="AT">the</w> <w type="NN">flesh</w> <w type="RB">just</w> <w type="IN">above</w> <w type="AT">the</w> <w type="NN">knee</w> <c type="pct">,</c> <w type="VBG">inflicting</w> <w type="AT">an</w> <w type="JJ">ugly</w> <w type="NN">gash</w> <w type="DT">that</w> <w type="BEDZ">was</w> <w type="VBG">forming</w> <w type="AT">a</w> <w type="NN">pool</w> <w type="IN">of</w> <w type="NN">blood</w> <w type="IN">on</w> <w type="AT">the</w> <w type="NN">floor</w> <c type="pct">.</c> </s>
<s n="210"><w type="CC">But</w> <w type="PPS">it</w> <w type="HVD">had</w> <w type="VBN">missed</w> <w type="AT">the</w> <w type="NN">bone</w> <w type="CC">and</w> <w type="HVD">had</w> <w type="VBN">passed</w> <w type="RP">on</w> <w type="RP">through</w> <c type="pct">.</c> </s>
<s n="211"><w type="NP">Susan</w> <w type="CC">and</w> <w type="NP">Julia</w> <w type="VBD">ripped</w> <w type="NNS">strips</w> <w type="IN">from</w> <w type="PPg">their</w> <w type="NN">clothing</w> <w type="CC">and</w> <w type="VBD">bound</w> <w type="AT">the</w> <w type="NN">injury</w> <c type="pct">.</c> </s>
</p>
<p><s n="212"><w type="NP">Mike</w> <w type="VBD">tested</w> <w type="AT">the</w> <w type="NN">leg</w> <w type="CC">and</w> <w type="VBD">found</w> <w type="CS">that</w> <w type="PPS">he</w> <w type="BEDZ">was</w> <w type="JJ">able</w> <w type="TO">to</w> <w type="VB">hobble</w> <w type="RB">around</w> <w type="IN">on</w> <w type="PPO">it</w> <c type="pct">.</c> </s>
</p>
<p></p></body></text></TEI>
