<TEI xmlns="http://www.tei-c.org/ns/1.0"><teiHeader><fileDesc><titleStmt><title>Sample N10 from  Joseph Chadwick, No Land Is Free.
 New York: Avon Book Division, Hearst Corporation, 1961.
 Pp. 21-26. </title></titleStmt><editionStmt><edition>A part  of the XML version of the Brown Corpus</edition></editionStmt><extent>2,008 words 491 (24.5%) quotes</extent><publicationStmt><idno>N10</idno><availability><p>Used by permission of Joseph L. Chadwick 0010-1760</p></availability></publicationStmt><sourceDesc><bibl> Joseph Chadwick, No Land Is Free.
 New York: Avon Book Division, Hearst Corporation, 1961.
 Pp. 21-26. </bibl></sourceDesc></fileDesc><encodingDesc><p>Typographical Error: cossie's [for cookie's] [0080]</p></encodingDesc><revisionDesc><change when="2008-04-27">Header auto-generated for TEI version</change></revisionDesc></teiHeader>
<text xml:id="N10" decls="N">
<body><p><s n="1"><w type="AT">The</w> <w type="NP">Brannon</w> <w type="NN">outfit</w> <c type="pct">--</c> <w type="VBN">known</w> <w type="CS">as</w> <w type="AT">the</w> <w type="NP">Slash-B</w> <w type="CS">because</w> <w type="IN">of</w> <w type="PPg">its</w> <w type="NN">brand</w> <c type="pct">--</c> <w type="VBD">reached</w> <w type="NP" subtype="TL">Hondo</w> <w type="NN" subtype="TL">Creek</w> <w type="IN">before</w> <w type="NN">sundown</w> <c type="pct">.</c> </s>
<s n="2"><w type="AT">The</w> <w type="NN">herd</w> <w type="BEDZ">was</w> <w type="VBN">watered</w> <w type="CC">and</w> <w type="RB">then</w> <w type="VBN">thrown</w> <w type="IN">onto</w> <w type="AT">a</w> <w type="JJ">broad</w> <w type="NN">grass</w> <w type="NN">flat</w> <w type="WDT">which</w> <w type="BEDZ">was</w> <w type="TO">to</w> <w type="BE">be</w> <w type="AT">the</w> <w type="OD">first</w> <w type="NNg">night's</w> <w type="NN">bedground</w> <c type="pct">.</c> </s>
<s n="3"><w type="CD">Two</w> <w type="IN">of</w> <w type="AT">the</w> <w type="JJ">new</w> <w type="NNS">hands</w> <c type="pct">,</c> <w type="AT">a</w> <w type="NP">Mexican</w> <w type="VBD">named</w> <w type="NP">Jose</w> <w type="NP">Amado</w> <w type="CC">and</w> <w type="AT">a</w> <w type="NN">kid</w> <w type="VBN">known</w> <w type="RB">only</w> <w type="CS">as</w> <w type="NP">Laredo</w> <c type="pct">,</c> <w type="BED">were</w> <w type="VBN">picked</w> <w type="IN">for</w> <w type="AT">the</w> <w type="OD">first</w> <w type="NN">trick</w> <w type="IN">of</w> <w type="VBG">riding</w> <w type="NN">night</w> <w type="NN">herd</w> <c type="pct">.</c> </s>
</p>
<p><s n="4"><w type="AT">The</w> <w type="NN">rest</w> <w type="IN">of</w> <w type="AT">the</w> <w type="NN">crew</w> <w type="VBD">offsaddled</w> <w type="PPg">their</w> <w type="NNS">mounts</w> <w type="CC">and</w> <w type="VBD">turned</w> <w type="PPO">them</w> <w type="IN">into</w> <w type="AT">the</w> <w type="NN">remuda</w> <c type="pct">.</c> </s>
<s n="5"><w type="PPSS">They</w> <w type="VBD">got</w> <w type="NN">tin</w> <w type="NNS">cups</w> <w type="IN">of</w> <w type="NN">coffee</w> <w type="IN">from</w> <w type="AT">the</w> <w type="JJ">big</w> <w type="NN">pot</w> <w type="IN">on</w> <w type="AT">the</w> <w type="NNg">coosie's</w> <w type="NN">fire</w> <c type="pct">,</c> <w type="VBD">rolled</w> <w type="CC">and</w> <w type="VBD">lighted</w> <w type="NN">brown-paper</w> <w type="NNS">cigarettes</w> <c type="pct">,</c> <w type="VBD">lounged</w> <w type="RB">about</w> <c type="pct">.</c> </s>
<s n="6"><w type="EX">There</w> <w type="BEDZ">was</w> <w type="DTI">some</w> <w type="JJ">idle</w> <w type="NN">talk</w> <c type="pct">,</c> <w type="AT">a</w> <w type="JJ">listless</w> <w type="NN">discussion</w> <w type="IN">of</w> <w type="DT">this</w> <w type="CC">or</w> <w type="DT">that</w> <w type="JJ">small</w> <w type="NN">happening</w> <w type="IN">during</w> <w type="AT">the</w> <w type="NNg">day's</w> <w type="NN">drive</w> <c type="pct">.</c> </s>
<s n="7"><w type="CC">But</w> <w type="PPSS">they</w> <w type="RB">deliberately</w> <w type="VBD">avoided</w> <w type="AT">the</w> <w type="CD">one</w> <w type="NN">subject</w> <w type="WPS">that</w> <w type="HVD">had</w> <w type="PPO">them</w> <w type="ABN">all</w> <w type="JJ">curious</w> <c type="pct">:</c> <w type="AT">the</w> <w type="NN">failure</w> <w type="IN">of</w> <w type="AT">the</w> <w type="NNg">boss's</w> <w type="NN">wife</w> <w type="CC">and</w> <w type="NN">son</w> <w type="TO">to</w> <w type="VB">join</w> <w type="AT">the</w> <w type="NN">outfit</w> <c type="pct">.</c> </s>
<s n="8"><w type="PPS">It</w> <w type="RB">especially</w> <w type="VBD">bothered</w> <w type="AT">the</w> <w type="JJR">older</w> <w type="NNS">hands</w> <c type="pct">.</c> </s>
</p>
<p><s n="9"><w type="AT">The</w> <w type="NN">cook</w> <c type="pct">,</c> <w type="NP">Mateo</w> <w type="NP">Garcia</w> <c type="pct">,</c> <w type="HVD">had</w> <w type="VBN">arrived</w> <w type="RB">there</w> <w type="JJ">long</w> <w type="IN">before</w> <w type="AT">the</w> <w type="NN">herd</w> <c type="pct">.</c> </s>
<s n="10"><mw pos="PPS MD">He'd </mw><w type="VBN">started</w> <w type="AT">a</w> <w type="NN">fire</w> <w type="CC">and</w> <w type="VBN">put</w> <w type="NN">coffee</w> <w type="RP">on</w> <c type="pct">,</c> <w type="CC">and</w> <w type="RB">now</w> <w type="BEDZ">was</w> <w type="JJ">busy</w> <w type="IN">at</w> <w type="AT">the</w> <w type="NN">work</w> <w type="NN">board</w> <w type="IN">of</w> <w type="PPg">his</w> <w type="NN">chuck</w> <w type="NN">wagon</w> <c type="pct">.</c> </s>
<s n="11"><w type="PPS">He</w> <w type="BEDZ">was</w> <w type="VBG">readying</w> <w type="AT">a</w> <w type="NN">batch</w> <w type="IN">of</w> <w type="NN">sourdough</w> <w type="NNS">biscuits</w> <w type="IN">for</w> <w type="AT">the</w> <w type="JJ">Dutch</w> <w type="NN">oven</w> <c type="pct">.</c> </s>
<s n="12"><w type="NN">Supper</w> <w type="MD">would</w> <w type="BE">be</w> <w type="JJ">ready</w> <w type="IN">within</w> <w type="AT">the</w> <w type="NN">hour</w> <c type="pct">.</c> </s>
</p>
<p><s n="13"><w type="AT">The</w> <w type="NP">Maguire</w> <w type="NN">family</w> <w type="BEDZ">was</w> <w type="VBG">setting</w> <w type="RP">up</w> <w type="AT">a</w> <w type="JJ">separate</w> <w type="NN">camp</w> <w type="RB">nearby</w> <c type="pct">.</c> </s>
<s n="14"><w type="NP">Billie</w> <w type="HVD">had</w> <w type="VBN">unhitched</w> <w type="AT">the</w> <w type="NNS">mules</w> <w type="IN">from</w> <w type="ABX">both</w> <w type="NP">Tom</w> <w type="NPg">Brannon's</w> <w type="CC">and</w> <w type="PPg">his</w> <w type="NNg">father's</w> <w type="NN">wagon</w> <c type="pct">.</c> </s>
<s n="15"><w type="NP">Hank</w> <w type="HVD">had</w> <w type="VBN">gathered</w> <w type="NN">wood</w> <w type="IN">for</w> <w type="AT">a</w> <w type="NN">cookfire</w> <c type="pct">,</c> <w type="CC">and</w> <w type="PPg">his</w> <w type="NN">wife</w> <w type="BEDZ">was</w> <w type="JJ">busy</w> <w type="IN">at</w> <w type="PPO">it</w> <w type="RB">now</w> <c type="pct">.</c> </s>
<s n="16"><w type="NP">Conchita</w> <w type="VBD">kept</w> <w type="AT">an</w> <w type="NN">eye</w> <w type="IN">on</w> <w type="AT">the</w> <w type="NNS">twins</w> <w type="CC">and</w> <w type="JJ">little</w> <w type="NP">Elena</w> <c type="pct">,</c> <w type="VBG">trying</w> <w type="TO">to</w> <w type="VB">keep</w> <w type="PPO">them</w> <w type="IN">from</w> <w type="VBG">falling</w> <w type="IN">into</w> <w type="AT">the</w> <w type="NN">creek</w> <w type="IN">by</w> <w type="WDT">which</w> <w type="PPSS">they</w> <w type="VBD">persisted</w> <w type="IN">in</w> <w type="VBG">playing</w> <c type="pct">.</c> </s>
<s n="17"><w type="NP">Conchita</w> <w type="VBD">nagged</w> <w type="IN">at</w> <w type="AT">the</w> <w type="JJR">younger</w> <w type="NNS">children</w> <c type="pct">,</c> <w type="VBG">attempting</w> <w type="IN">without</w> <w type="NN">success</w> <w type="TO">to</w> <w type="VB">keep</w> <w type="PPg">her</w> <w type="NNS">thoughts</w> <w type="IN">off</w> <w type="NP">Tom</w> <w type="NP">Brannon</w> <c type="pct">.</c> </s>
</p>
<p><s n="18"><w type="NP">Tom</w> <w type="NP">Brannon</w> <w type="HVD">had</w> <w type="VBN">caught</w> <w type="RP">up</w> <w type="IN">with</w> <w type="AT">the</w> <w type="NN">outfit</w> <w type="RB">shortly</w> <w type="CS">after</w> <w type="AT">the</w> <w type="NPS">Maguires</w> <w type="VBD">joined</w> <w type="PPO">it</w> <c type="pct">,</c> <w type="WDT">which</w> <w type="HVD">had</w> <w type="BEN">been</w> <w type="IN">at</w> <w type="NN">midday</w> <c type="pct">.</c> </s>
<s n="19"><mw pos="PPS HVD">He'd </mw><w type="VBN">come</w> <w type="RB">alone</w> <c type="pct">,</c> <w type="IN">without</w> <w type="PPg">his</w> <w type="NN">wife</w> <w type="CC">and</w> <w type="NN">child</w> <c type="pct">.</c> </s>
<s n="20"><mw pos="PPS HVD">He'd </mw><w type="BEN">been</w> <w type="IN">in</w> <w type="AT">an</w> <w type="JJ">angry</w> <w type="NN">mood</w> <c type="pct">:</c> <w type="NP">Conchita</w> <w type="HVD">had</w> <w type="VBN">thought</w> <w type="PPg">his</w> <w type="NN">face</w> <w type="RB">almost</w> <w type="JJ">ugly</w> <w type="IN">with</w> <w type="AT">the</w> <w type="NN">anger</w> <w type="IN">in</w> <w type="PPO">him</w> <c type="pct">.</c> </s>
</p>
<p><s n="21"><w type="PPS">She</w> <w type="VBD">wondered</w> <w type="WDT">what</w> <w type="HVD">had</w> <w type="VBN">taken</w> <w type="NN">place</w> <w type="IN">in</w> <w type="NN">town</w> <c type="pct">,</c> <w type="IN">between</w> <w type="PPO">him</w> <w type="CC">and</w> <w type="PPg">his</w> <w type="NN">wife</w> <c type="pct">.</c> </s>
<s n="22"><w type="PPS">She</w> <w type="VBD">wished</w> <w type="CS">that</w> <w type="PPS">she</w> <w type="MD">could</w> <w type="VB">talk</w> <w type="IN">to</w> <w type="PPg">her</w> <w type="NN">mother</w> <w type="IN">about</w> <w type="PPO">it</w> <c type="pct">.</c> </s>
<s n="23"><w type="NEG">Not</w> <w type="CS">that</w> <w type="PPg">her</w> <w type="NN">mother</w> <w type="VBD">knew</w> <w type="WDT">what</w> <w type="HVD">had</w> <w type="VBN">happened</w> <c type="pct">,</c> <w type="CC">but</w> <w type="PPSS">they</w> <w type="MD">could</w> <w type="VB">speculate</w> <w type="IN">upon</w> <w type="PPO">it</w> <c type="pct">.</c> </s>
<s n="24"><w type="CC">But</w> <w type="PPg">her</w> <w type="NN">mother</w> <w type="MD">would</w> <w type="VB">rebuke</w> <w type="PPO">her</w> <w type="CS">if</w> <w type="PPS">she</w> <w type="VBD">mentioned</w> <w type="PPO">it</w> <c type="pct">,</c> <w type="CC">and</w> <w type="VB">say</w> <w type="CS">that</w> <w type="PPS">it</w> <w type="BEDZ">was</w> <w type="PN">none</w> <w type="IN">of</w> <w type="PPg">her</w> <w type="NN">concern</w> <c type="pct">.</c> </s>
</p>
<p><s n="25"><c type="pct">``</c> <w type="NP">Pat</w> <c type="pct">,</c> <w type="VB">get</w> <w type="RP">out</w> <w type="IN">of</w> <w type="DT">that</w> <w type="NN">creek</w> <c type="pct">!</c> <c type="pct">!</c> </s>
<s n="26"><w type="PPSS">You</w> <w type="RB">too</w> <c type="pct">,</c> <w type="NP">Sean</w> <c type="pct">!</c> <c type="pct">!</c> </s>
<s n="27"><w type="NP">Elena</w> <c type="pct">,</c> <mw pos="PPSS MD">you'll </mw><w type="VB">get</w> <w type="NN">mud</w> <w type="ABN">all</w> <w type="IN">over</w> <w type="PPg">your</w> <w type="NN">dress</w> <c type="pct">''</c> <c type="pct">!</c> <c type="pct">!</c> </s>
</p>
<p><s n="28"><w type="RB">Even</w> <w type="CS">as</w> <w type="PPS">she</w> <w type="VBD">called</w> <w type="IN">to</w> <w type="AT">the</w> <w type="NNS">children</w> <c type="pct">,</c> <w type="NP">Conchita</w> <w type="VB">let</w> <w type="PPg">her</w> <w type="VB">gaze</w> <w type="VB">seek</w> <w type="NP">Tom</w> <w type="NP">Brannon</w> <c type="pct">.</c> </s>
<s n="29"><w type="NP">Tomas</w> <c type="pct">,</c> <w type="PPS">she</w> <w type="VBD">called</w> <w type="PPO">him</w> <c type="pct">--</c> <w type="CS">as</w> <w type="AT">the</w> <w type="JJ">Mexican</w> <w type="NNS">hands</w> <w type="DOD">did</w> <c type="pct">.</c> </s>
<s n="30"><w type="PPS">He</w> <w type="BEDZ">was</w> <w type="IN">in</w> <w type="JJ">earnest</w> <w type="NN">conversation</w> <w type="IN">with</w> <w type="PPg">her</w> <w type="NN">father</w> <w type="CC">and</w> <w type="AT">the</w> <w type="JJ">old</w> <w type="NN">vaquero</w> <c type="pct">,</c> <w type="NP">Luis</w> <w type="NP">Hernandez</w> <c type="pct">.</c> </s>
<s n="31"><w type="WDT">Whatever</w> <w type="PPSS">they</w> <w type="BER">are</w> <w type="VBG">talking</w> <w type="RB">about</w> <c type="pct">?</c> <c type="pct">?</c> </s>
<s n="32"><w type="NP">Conchita</w> <w type="VBD">wondered</w> <c type="pct">.</c> </s>
</p>
<p><s n="33"><w type="PPS">It</w> <w type="VBD">bothered</w> <w type="PPO">her</w> <w type="CS">that</w> <w type="PPS">she</w> <w type="RB">probably</w> <w type="MD">would</w> <w type="RB">never</w> <w type="VB">know</w> <c type="pct">.</c> </s>
<s n="34"><w type="RB">Certainly</w> <c type="pct">,</c> <w type="PPS">she</w> <mw pos="MD *">wouldn't </mw><w type="VB">dare</w> <w type="VB">ask</w> <w type="PPg">her</w> <w type="NN">father</w> <w type="RB">afterward</w> <c type="pct">.</c> </s>
<s n="35"><w type="PPS">He</w> <w type="MD">would</w> <w type="VB">tell</w> <w type="PPO">her</w> <w type="NEG">not</w> <w type="TO">to</w> <w type="VB">pry</w> <w type="IN">into</w> <w type="NNSg">grownups'</w> <w type="NNS">affairs</w> <c type="pct">--</c> <w type="CS">as</w> <w type="CS">though</w> <w type="PPS">she</w> <w type="BED">were</w> <w type="AT">a</w> <w type="JJ">little</w> <w type="NN">kid</w> <w type="CS">like</w> <w type="NP">Elena</w> <c type="pct">!</c> <c type="pct">!</c> </s>
</p>
<p><s n="36"><w type="IN">At</w> <w type="AT">the</w> <w type="NN">moment</w> <c type="pct">,</c> <w type="AT">the</w> <w type="CD">three</w> <w type="NNS">men</w> <w type="BED">were</w> <w type="NEG">not</w> <w type="VBG">saying</w> <w type="AP">much</w> <w type="IN">of</w> <w type="PN">anything</w> <c type="pct">.</c> </s>
<s n="37"><w type="PPSS">They</w> <w type="BED">were</w> <w type="VBG">sitting</w> <w type="IN">on</w> <w type="PPg">their</w> <w type="NNS">heels</w> <c type="pct">,</c> <w type="RB">rider-fashion</w> <c type="pct">,</c> <w type="RP">over</w> <w type="IN">by</w> <w type="AT">the</w> <w type="RB">still</w> <w type="JJ">empty</w> <w type="NN">calf</w> <w type="NN">wagon</w> <c type="pct">.</c> </s>
<s n="38"><w type="NP">Brannon</w> <w type="BEDZ">was</w> <w type="VBN">hunkered</w> <w type="RP">down</w> <w type="IN">with</w> <w type="PPg">his</w> <w type="JJ">broad</w> <w type="NN">back</w> <w type="IN">to</w> <w type="AT">the</w> <w type="JJ">left</w> <w type="JJ">rear</w> <w type="NN">wheel</w> <c type="pct">,</c> <w type="IN">with</w> <w type="AT">the</w> <w type="AP">other</w> <w type="CD">two</w> <w type="VBG">facing</w> <w type="PPO">him</w> <c type="pct">.</c> </s>
<s n="39"><w type="PPS">He</w> <w type="VBD">held</w> <w type="AT">a</w> <w type="NN">cigarette</w> <w type="IN">in</w> <w type="PPg">his</w> <w type="JJ">right</w> <w type="NN">hand</w> <c type="pct">.</c> </s>
<s n="40"><w type="PPS">It</w> <w type="BEDZ">was</w> <w type="VBG">burning</w> <w type="RB">away</w> <c type="pct">,</c> <w type="VBN">forgotten</w> <c type="pct">.</c> </s>
<s n="41"><w type="PPg">His</w> <w type="NN">face</w> <w type="BEDZ">was</w> <w type="VBN">clouded</w> <w type="IN">with</w> <w type="NN">unhappiness</w> <c type="pct">.</c> </s>
</p>
<p><s n="42"><mw pos="PPS HVD">He'd </mw><w type="VBN">told</w> <w type="NP">Hank</w> <w type="NP">Maguire</w> <w type="CC">and</w> <w type="NP">Luis</w> <w type="NP">Hernandez</w> <w type="IN">about</w> <w type="PPg">his</w> <w type="NNg">wife's</w> <w type="NN">refusal</w> <w type="TO">to</w> <w type="VB">come</w> <w type="IN">with</w> <w type="PPO">him</w> <w type="CC">and</w> <w type="IN">about</w> <w type="WDT">what</w> <w type="PPS">he</w> <w type="RB">now</w> <w type="VBD">intended</w> <w type="TO">to</w> <w type="DO">do</w> <c type="pct">.</c> </s>
<s n="43"><w type="PPSS">They</w> <w type="BED">were</w> <w type="VBG">considering</w> <w type="PPO">it</w> <w type="RB">gravely</w> <c type="pct">,</c> <w type="DTX">neither</w> <w type="VBG">seeming</w> <w type="TO">to</w> <w type="VB">like</w> <w type="WDT">what</w> <w type="PPS">he</w> <w type="VBD">planned</w> <c type="pct">.</c> </s>
</p>
<p><s n="44"><w type="RB">Finally</w> <w type="NP">Hernandez</w> <w type="VBD">said</w> <c type="pct">,</c> <c type="pct">``</c> <w type="PPSS">I</w> <w type="MD">could</w> <w type="VB">offer</w> <w type="PPO">you</w> <w type="NN">advice</w> <c type="pct">,</c> <w type="NP">Tomas</w> <c type="pct">,</c> <w type="CC">but</w> <w type="PPSS">you</w> <mw pos="MD *">wouldn't </mw><w type="VB">heed</w> <w type="PPO">it</w> <c type="pct">''</c> <c type="pct">.</c> </s>
</p>
<p><s n="45"><c type="pct">``</c> <mw pos="VB PPO">Let's </mw><w type="VB">hear</w> <w type="PPO">it</w> <c type="pct">,</c> <w type="RB">anyway</w> <c type="pct">''</c> <c type="pct">.</c> </s>
</p>
<p><s n="46"><c type="pct">``</c> <w type="VB">Wait</w> <w type="AT">a</w> <w type="AP">little</w> <w type="NN">while</w> <c type="pct">.</c> </s>
<s n="47"><w type="VB">Let</w> <w type="NP">Senora</w> <w type="NP">Brannon</w> <w type="VB">live</w> <w type="IN">in</w> <w type="PPg">her</w> <w type="NNg">father's</w> <w type="NN">house</w> <w type="IN">for</w> <w type="AT">a</w> <w type="NN">time</w> <c type="pct">.</c> </s>
<s n="48"><w type="VB">Give</w> <w type="PPO">her</w> <w type="NN">time</w> <w type="TO">to</w> <w type="VB">miss</w> <w type="PPO">you</w> <c type="pct">.</c> </s>
<s n="49"><w type="RB">Maybe</w> <w type="PPS">she</w> <w type="MD">will</w> <w type="RB">then</w> <w type="VB">come</w> <w type="IN">to</w> <w type="PPO">you</w> <c type="pct">.</c> </s>
<s n="50"><w type="IN">After</w> <w type="ABN">all</w> <c type="pct">,</c> <w type="PPSS">you</w> <w type="VB">want</w> <w type="AT">the</w> <w type="NN">senora</w> <w type="QL">as</w> <w type="RB">much</w> <w type="CS">as</w> <w type="PPSS">you</w> <w type="VB">want</w> <w type="AT">the</w> <w type="NN">boy</w> <c type="pct">.</c> </s>
<s n="51"><w type="PPSS">You</w> <w type="VB">need</w> <w type="PPO">her</w> <w type="RB">even</w> <w type="RBR">more</w> <w type="CS">than</w> <w type="PPSS">you</w> <w type="VB">need</w> <w type="PPO">him</w> <c type="pct">''</c> <c type="pct">.</c> </s>
</p>
<p><s n="52"><c type="pct">``</c> <w type="PPS">She</w> <mw pos="MD *">won't </mw><w type="VB">change</w> <w type="PPg">her</w> <w type="NN">mind</w> <c type="pct">''</c> <c type="pct">,</c> <w type="NP">Brannon</w> <w type="VBD">said</w> <c type="pct">.</c> </s>
<s n="53"><c type="pct">``</c> <w type="NP">John</w> <w type="NP">Clayton</w> <w type="MD">will</w> <w type="VB">see</w> <w type="IN">to</w> <w type="DT">that</w> <c type="pct">''</c> <c type="pct">.</c> </s>
</p>
<p><s n="54"><c type="pct">``</c> <w type="CC">But</w> <w type="IN">after</w> <w type="AT">a</w> <w type="NN">time</w> <w type="RB">away</w> <w type="IN">from</w> <w type="PPO">you</w> <c type="pct">.</c> </s>
</p>
<p><s n="55"><c type="pct">``</c> <w type="AT">A</w> <w type="NN">year</w> <c type="pct">,</c> <w type="NP">Luis</w> <c type="pct">?</c> <c type="pct">?</c> </s>
<s n="56"><w type="CD">Five</w> <c type="pct">?</c> <c type="pct">?</c> </s>
<s n="57"><w type="CD">Ten</w> <c type="pct">?</c> <c type="pct">?</c> </s>
<s n="58"><w type="WRB">How</w> <w type="JJ">long</w> <w type="MD">should</w> <w type="PPSS">I</w> <w type="VB">wait</w> <c type="pct">''</c> <c type="pct">?</c> <c type="pct">?</c> </s>
<s n="59"><c type="pct">``</c> <w type="RB">Maybe</w> <w type="IN">in</w> <w type="AT">a</w> <w type="NN">year</w> <c type="pct">,</c> <w type="NP">Tomas</w> <c type="pct">.</c> </s>
</p>
<p><s n="60"><c type="pct">``</c> <w type="IN">In</w> <w type="AT">a</w> <w type="NN">year</w> <mw pos="PPS MD">she'll </mw><w type="VB">like</w> <w type="VBG">living</w> <w type="IN">in</w> <w type="NPg">Clayton's</w> <w type="NN">house</w> <w type="QL">too</w> <w type="RB">much</w> <w type="TO">to</w> <w type="VB">come</w> <w type="RB">back</w> <w type="IN">to</w> <w type="PPO">me</w> <c type="pct">''</c> <c type="pct">,</c> <w type="NP">Brannon</w> <w type="VBD">said</w> <w type="RB">flatly</w> <c type="pct">.</c> </s>
<s n="61"><c type="pct">``</c> <w type="CC">And</w> <w type="AT">the</w> <w type="NN">boy</w> <w type="MD">will</w> <w type="BE">be</w> <w type="QL">too</w> <w type="RB">much</w> <w type="IN">under</w> <w type="PPg">his</w> <w type="NN">influence</w> <w type="IN">by</w> <w type="RB">then</w> <c type="pct">.</c> </s>
<s n="62"><mw pos="PPSS HV">I've </mw><w type="VBN">got</w> <w type="TO">to</w> <w type="VB">take</w> <w type="NP">Danny</w> <w type="RB">away</w> <w type="IN">from</w> <w type="NP">Clayton</w> <w type="CS">before</w> <w type="PPSS">I</w> <w type="VB">lose</w> <w type="PPO">him</w> <w type="RB">altogether</w> <c type="pct">.</c> </s>
<s n="63"><w type="NN">Hell</w> <c type="pct">,</c> <w type="IN">in</w> <w type="AT">a</w> <w type="NN">year</w> <w type="CC">or</w> <w type="CD">five</w> <w type="CC">or</w> <w type="CD">ten</w> <c type="pct">,</c> <w type="AT">the</w> <w type="NN">boy</w> <w type="MD">will</w> <w type="HV">have</w> <w type="VBN">forgotten</w> <w type="PPO">me</w> <c type="pct">--</c> <w type="PPg">his</w> <w type="JJ">own</w> <w type="NN">father</w> <c type="pct">''</c> <c type="pct">!</c> <c type="pct">!</c> </s>
</p>
<p><s n="64"><c type="pct">``</c> <w type="CC">But</w> <w type="TO">to</w> <w type="VB">take</w> <w type="PPO">him</w> <w type="CC">and</w> <w type="VB">leave</w> <w type="PPg">his</w> <w type="NN">mother</w> <w type="RB">behind</w> <w type="BEZ">is</w> <w type="NEG">not</w> <w type="JJ">good</w> <c type="pct">''</c> <c type="pct">.</c> </s>
</p>
<p><s n="65"><c type="pct">``</c> <w type="IN">In</w> <w type="PPg">my</w> <w type="NN">place</w> <c type="pct">,</c> <mw pos="PPSS MD">you'd </mw><w type="VB">follow</w> <w type="JJ">such</w> <w type="NN">advice</w> <w type="CS">as</w> <w type="PPSS">you</w> <w type="VB">give</w> <w type="PPO">me</w> <c type="pct">''</c> <c type="pct">?</c> <c type="pct">?</c> </s>
</p>
<p><s n="66"><w type="NP">Hernandez</w> <w type="VBD">looked</w> <w type="RB">suddenly</w> <w type="JJ">uncertain</w> <c type="pct">.</c> </s>
<s n="67"><c type="pct">``</c> <w type="CS">That</w> <w type="PPSS">I</w> <mw pos="MD *">can't </mw><w type="VB">answer</w> <c type="pct">,</c> <w type="CS">for</w> <w type="PPSS">I</w> <mw pos="MD *">can't </mw><w type="VB">imagine</w> <w type="PN">something</w> <w type="CS">like</w> <w type="DT">this</w> <w type="VBG">happening</w> <w type="IN">to</w> <w type="PPO">me</w> <c type="pct">.</c> </s>
<s n="68"><w type="RB">Maybe</w> <w type="PPSS">I</w> <w type="MD">should</w> <w type="VB">withdraw</w> <w type="PPg">my</w> <w type="NN">advice</w> <c type="pct">--</c> <w type="RB">no</w> <c type="pct">''</c> <c type="pct">?</c> <c type="pct">?</c> </s>
</p>
<p><s n="69"><w type="NP">Brannon</w> <w type="VBD">looked</w> <w type="IN">at</w> <w type="NP">Hank</w> <w type="NP">Maguire</w> <c type="pct">.</c> </s>
<s n="70"><c type="pct">``</c> <w type="CC">And</w> <w type="PPO">you</w> <c type="pct">?</c> <c type="pct">?</c> </s>
<s n="71"><w type="WDT">What</w> <w type="MD">would</w> <w type="PPO">you</w> <w type="DO">do</w> <w type="IN">in</w> <w type="PPg">my</w> <w type="NN">place</w> <c type="pct">''</c> <c type="pct">?</c> <c type="pct">?</c> </s>
</p>
<p><s n="72"><w type="NP">Hank</w> <w type="VBD">shook</w> <w type="PPg">his</w> <w type="NN">head</w> <c type="pct">.</c> </s>
<s n="73"><c type="pct">``</c> <w type="PPSS">I</w> <mw pos="DO *">don't </mw><w type="VB">know</w> <c type="pct">,</c> <w type="NP">Tom</w> <c type="pct">.</c> </s>
<s n="74"><w type="CS">Like</w> <w type="NP">Luis</w> <c type="pct">,</c> <w type="PPSS">I</w> <mw pos="MD *">can't </mw><w type="VB">see</w> <w type="PN">something</w> <w type="CS">like</w> <w type="DT">this</w> <w type="VBG">happening</w> <w type="IN">to</w> <w type="PPO">me</w> <c type="pct">.</c> </s>
<s n="75"><w type="IN">With</w> <w type="NP">Maria</w> <w type="CC">and</w> <w type="PPO">me</w> <c type="pct">,</c> <mw pos="EX HVZ">there's </mw><w type="RB">never</w> <w type="DTI">any</w> <w type="NN">problem</w> <c type="pct">.</c> </s>
<s n="76"><w type="WRB">Where</w> <w type="PPSS">I</w> <w type="VB">go</w> <c type="pct">,</c> <w type="PPS">she</w> <w type="VBZ">goes</w> <c type="pct">--</c> <w type="CC">and</w> <w type="AT">the</w> <w type="NNS">kids</w> <w type="IN">with</w> <w type="PPO">us</w> <c type="pct">.</c> </s>
<s n="77"><mw pos="PPSS BER">You're </mw><w type="VBG">going</w> <w type="TO">to</w> <w type="VB">need</w> <w type="PPg">your</w> <w type="NN">woman</w> <c type="pct">.</c> </s>
<s n="78"><w type="CC">And</w> <w type="AT">the</w> <w type="NN">boy</w> <w type="MD">will</w> <w type="VB">need</w> <w type="PPg">his</w> <w type="NN">mother</w> <c type="pct">.</c> </s>
<s n="79"><w type="CS">If</w> <w type="PPSS">you</w> <w type="VB">take</w> <w type="AT">the</w> <w type="PN">one</w> <c type="pct">,</c> <mw pos="PPSS HVD">you'd </mw><w type="RBR">better</w> <w type="VB">take</w> <w type="ABX">both</w> <c type="pct">''</c> <c type="pct">.</c> </s>
</p>
<p><s n="80"><w type="NP">Brannon</w> <w type="VBD">shook</w> <w type="PPg">his</w> <w type="NN">head</w> <c type="pct">.</c> </s>
<s n="81"><c type="pct">``</c> <w type="PPSS">I</w> <mw pos="MD *">won't </mw><w type="VB">force</w> <w type="NP">Beth</w> <w type="TO">to</w> <w type="VB">come</w> <w type="IN">against</w> <w type="PPg">her</w> <w type="NN">will</w> <c type="pct">.</c> </s>
<s n="82"><w type="CC">But</w> <mw pos="PPSS BEM">I'm </mw><w type="VBG">going</w> <w type="TO">to</w> <w type="HV">have</w> <w type="PPg">my</w> <w type="NN">son</w> <c type="pct">''</c> <c type="pct">.</c> </s>
</p>
<p><s n="83"><w type="PPSS">They</w> <w type="BED">were</w> <w type="JJ">silent</w> <w type="IN">for</w> <w type="AT">a</w> <w type="AP">little</w> <w type="NN">while</w> <c type="pct">,</c> <w type="DT">each</w> <w type="VBG">looking</w> <w type="NN">glum</w> <c type="pct">.</c> </s>
</p>
<p><s n="84"><w type="RB">Finally</w> <w type="NP">Luis</w> <w type="NP">Hernandez</w> <w type="VBD">said</w> <c type="pct">,</c> <c type="pct">``</c> <w type="WDT">What</w> <w type="MD">must</w> <w type="BE">be</w> <c type="pct">,</c> <w type="MD">must</w> <w type="BE">be</w> <c type="pct">.</c> </s>
<s n="85"><w type="PPSS">I</w> <w type="BEM">am</w> <w type="IN">with</w> <w type="PPO">you</w> <c type="pct">,</c> <w type="IN">of</w> <w type="NN">course</w> <c type="pct">,</c> <w type="NP">Tomas</w> <c type="pct">''</c> <c type="pct">.</c> </s>
</p>
<p><s n="86"><w type="CC">And</w> <w type="NP">Hank</w> <w type="NP">Maguire</w> <w type="VBD">added</w> <c type="pct">,</c> <c type="pct">``</c> <w type="RB">So</w> <w type="BEM">am</w> <w type="PPSS">I</w> <c type="pct">,</c> <w type="NP">Tom</w> <c type="pct">''</c> <c type="pct">.</c> </s>
</p>
<p><s n="87"><c type="pct">``</c> <w type="QL">All</w> <w type="RB">right</w> <c type="pct">''</c> <c type="pct">,</c> <w type="NP">Brannon</w> <w type="VBD">said</w> <c type="pct">,</c> <w type="VBG">rising</w> <c type="pct">.</c> </s>
<s n="88"><c type="pct">``</c> <mw pos="PPSS MD">We'll </mw><w type="VB">ride</w> <w type="RP">out</w> <w type="CS">as</w> <w type="RB">soon</w> <w type="CS">as</w> <mw pos="PPSS HV">we've </mw><w type="HVD">had</w> <w type="NN">chuck</w> <c type="pct">''</c> <c type="pct">.</c> </s>
</p>
<p><s n="89"><w type="NP">Brannon</w> <w type="VBD">timed</w> <w type="PPO">it</w> <w type="CS">so</w> <w type="CS">that</w> <w type="PPSS">they</w> <w type="VBD">rode</w> <w type="IN">in</w> <w type="AT">an</w> <w type="NN">hour</w> <w type="IN">after</w> <w type="NN">nightfall</w> <c type="pct">.</c> </s>
<s n="90"><w type="PPSS">They</w> <w type="HVD">had</w> <w type="IN">for</w> <w type="NN">cover</w> <w type="ABX">both</w> <w type="NN">darkness</w> <w type="CC">and</w> <w type="AT">a</w> <w type="NN">summer</w> <w type="NN">storm</w> <c type="pct">.</c> </s>
<s n="91"><w type="IN">During</w> <w type="AP">much</w> <w type="IN">of</w> <w type="AT">the</w> <w type="JJ">fifteen-mile</w> <w type="NN">ride</w> <w type="PPSS">they</w> <w type="HVD">had</w> <w type="VBN">watched</w> <w type="AT">a</w> <w type="JJ">lurid</w> <w type="NN">display</w> <w type="IN">of</w> <w type="NN">lightning</w> <w type="IN">in</w> <w type="AT">the</w> <w type="NN">sky</w> <w type="IN">to</w> <w type="AT">the</w> <w type="NR">east</w> <c type="pct">.</c> </s>
<s n="92"><w type="RBR">Later</w> <c type="pct">,</c> <mw pos="PPSS HVD">they'd </mw><w type="VBN">heard</w> <w type="AT">the</w> <w type="NN">rumble</w> <w type="IN">of</w> <w type="NN">thunder</w> <w type="CC">and</w> <w type="RB">then</w> <c type="pct">,</c> <w type="RB">just</w> <w type="RB">outside</w> <w type="NP">Rockfork</w> <c type="pct">,</c> <w type="PPSS">they</w> <w type="VBD">ran</w> <w type="IN">into</w> <w type="NN">rain</w> <c type="pct">.</c> </s>
<s n="93"><w type="DTS">Those</w> <w type="WPS">who</w> <w type="HVD">had</w> <w type="NNS">slickers</w> <w type="VBD">donned</w> <w type="PPO">them</w> <c type="pct">.</c> </s>
<s n="94"><w type="AT">The</w> <w type="NNS">others</w> <w type="VB">put</w> <w type="RP">on</w> <w type="JJ">old</w> <w type="NNS">coats</w> <w type="CC">or</w> <w type="VBG">ducking</w> <w type="NNS">jackets</w> <c type="pct">,</c> <w type="WDT">whichever</w> <w type="PPSS">they</w> <w type="VBD">carried</w> <w type="IN">behind</w> <w type="PPg">their</w> <w type="NN">saddle</w> <w type="NNS">cantles</w> <c type="pct">.</c> </s>
</p>
<p><s n="95"><w type="EX">There</w> <w type="BED">were</w> <w type="CD">seven</w> <w type="IN">of</w> <w type="PPO">them</w> <c type="pct">,</c> <w type="AP">enough</w> <w type="IN">for</w> <w type="AT">a</w> <w type="NN">show</w> <w type="IN">of</w> <w type="NN">strength</w> <c type="pct">--</c> <w type="TO">to</w> <w type="VB">run</w> <w type="AT">a</w> <w type="NN">bluff</w> <c type="pct">.</c> </s>
<s n="96"><w type="PPS">It</w> <w type="BEDZ">was</w> <w type="TO">to</w> <w type="BE">be</w> <w type="PN">nothing</w> <w type="AP">more</w> <w type="IN">than</w> <w type="DT">that</w> <c type="pct">.</c> </s>
<s n="97"><w type="EX">There</w> <w type="BEDZ">was</w> <w type="TO">to</w> <w type="BE">be</w> <w type="AT">no</w> <w type="NN">gunplay</w> <c type="pct">.</c> </s>
<s n="98"><w type="CS">If</w> <w type="AT">the</w> <w type="NN">bluff</w> <w type="VBD">failed</w> <w type="CC">and</w> <w type="PPSS">they</w> <w type="VBD">ran</w> <w type="IN">into</w> <w type="NN">trouble</w> <c type="pct">,</c> <w type="NP">Brannon</w> <w type="HVD">had</w> <w type="VBN">told</w> <w type="AT">the</w> <w type="NNS">others</w> <c type="pct">,</c> <w type="PPSS">they</w> <w type="MD">would</w> <w type="VB">withdraw</w> <c type="pct">--</c> <w type="CC">and</w> <w type="PPS">he</w> <w type="MD">would</w> <w type="VB">come</w> <w type="IN">after</w> <w type="PPg">his</w> <w type="NN">son</w> <w type="DT">another</w> <w type="NN">time</w> <c type="pct">.</c> </s>
<s n="99"><w type="PPS">He</w> <mw pos="DOD *">didn't </mw><w type="VB">want</w> <w type="TO">to</w> <w type="VB">put</w> <w type="PPL">himself</w> <w type="IN">outside</w> <w type="AT">the</w> <w type="NN">law</w> <c type="pct">.</c> </s>
</p>
<p><s n="100"><w type="IN">With</w> <w type="PPO">him</w> <w type="BED">were</w> <w type="NP">Hank</w> <w type="NP">Maguire</w> <c type="pct">,</c> <w type="NP">Luis</w> <w type="NP">Hernandez</w> <c type="pct">,</c> <w type="CC">and</w> <w type="NPg">Luis's</w> <w type="NN">son</w> <w type="NP">Pedro</w> <c type="pct">.</c> </s>
<s n="101"><w type="AT">The</w> <w type="NP">Ramirez</w> <w type="NNS">brothers</w> <w type="BED">were</w> <w type="RB">also</w> <w type="RB">along</w> <c type="pct">.</c> </s>
<s n="102"><w type="AT">The</w> <w type="OD">seventh</w> <w type="NN">man</w> <w type="BEDZ">was</w> <w type="NP">Red</w> <w type="NP">Hogan</w> <c type="pct">,</c> <w type="AT">a</w> <w type="JJ">wiry</w> <w type="AP">little</w> <w type="NN">puncher</w> <w type="IN">with</w> <w type="AT">a</w> <w type="JJ">wild</w> <w type="NN">streak</w> <w type="CC">and</w> <w type="AT">a</w> <w type="NN">liking</w> <w type="IN">for</w> <w type="NN">hell-raising</w> <c type="pct">.</c> </s>
<s n="103"><w type="PPSS">They</w> <w type="BED">were</w> <w type="ABN">all</w> <w type="JJ">good</w> <w type="NNS">men</w> <c type="pct">.</c> </s>
</p>
<p><s n="104"><w type="PPS">It</w> <w type="BEDZ">was</w> <w type="JJ">dark</w> <w type="RB">early</w> <c type="pct">,</c> <w type="CS">because</w> <w type="IN">of</w> <w type="AT">the</w> <w type="NN">storm</w> <c type="pct">.</c> </s>
<s n="105"><w type="RB">Also</w> <w type="CS">because</w> <w type="IN">of</w> <w type="AT">the</w> <w type="NN">storm</w> <c type="pct">,</c> <w type="AT">the</w> <w type="NNS">streets</w> <w type="IN">of</w> <w type="NP">Rockfork</w> <w type="BED">were</w> <w type="VBN">deserted</w> <c type="pct">.</c> </s>
<s n="106"><w type="VBN">Lighted</w> <w type="NNS">windows</w> <w type="VBD">glowed</w> <w type="JJ">jewel-bright</w> <w type="IN">through</w> <w type="AT">the</w> <w type="NN">downpour</w> <c type="pct">.</c> </s>
<s n="107"><w type="PPSS">They</w> <w type="VBD">reined</w> <w type="RP">in</w> <w type="IN">before</w> <w type="AT">the</w> <w type="NN">town</w> <w type="NNg">marshal's</w> <w type="NN">office</w> <c type="pct">,</c> <w type="AT">a</w> <w type="JJ">box-sized</w> <w type="NN">building</w> <w type="IN">on</w> <w type="JJS" subtype="TL">Main</w> <w type="NN" subtype="TL">Street</w> <c type="pct">.</c> </s>
<s n="108"><w type="AT">A</w> <w type="NN">lamp</w> <w type="VBD">burned</w> <w type="RB">inside</w> <c type="pct">,</c> <w type="CC">but</w> <w type="NP">Brannon</w> <c type="pct">,</c> <w type="VBG">peering</w> <w type="IN">through</w> <w type="AT">the</w> <w type="NN">window</w> <c type="pct">,</c> <w type="VBD">saw</w> <w type="CS">that</w> <w type="AT">the</w> <w type="NN">office</w> <w type="BEDZ">was</w> <w type="JJ">empty</w> <c type="pct">.</c> </s>
<s n="109"><mw pos="PPS HVD">He'd </mw><w type="VBN">hoped</w> <w type="TO">to</w> <w type="VB">catch</w> <w type="NP">Jesse</w> <w type="NP">Macklin</w> <w type="RB">there</w> <c type="pct">.</c> </s>
</p>
<p><s n="110"><c type="pct">``</c> <w type="RB">Probably</w> <w type="RB">just</w> <w type="VBD">stepped</w> <w type="RP">out</w> <c type="pct">''</c> <c type="pct">,</c> <w type="PPS">he</w> <w type="VBD">said</w> <c type="pct">.</c> </s>
<s n="111"><c type="pct">``</c> <w type="RB">Maybe</w> <w type="TO">to</w> <w type="HV">have</w> <w type="NN">supper</w> <c type="pct">.</c> </s>
<s n="112"><w type="NP">Red</w> <c type="pct">,</c> <w type="VB">come</w> <w type="RB">along</w> <c type="pct">.</c> </s>
<s n="113"><w type="AT">The</w> <w type="NN">rest</w> <w type="IN">of</w> <w type="PPO">you</w> <w type="VB">wait</w> <w type="RB">here</w> <c type="pct">''</c> <c type="pct">.</c> </s>
</p>
<p><s n="114"><w type="IN">With</w> <w type="NP">Red</w> <w type="NP">Hogan</w> <c type="pct">,</c> <w type="PPS">he</w> <w type="VBD">rode</w> <w type="IN">to</w> <w type="AT">the</w> <w type="NN" subtype="TL">Welcome</w> <w type="NN" subtype="TL">Cafe</w> <c type="pct">.</c> </s>
<s n="115"><w type="NP">Hogan</w> <w type="VBD">got</w> <w type="RP">down</w> <w type="IN">from</w> <w type="AT">the</w> <w type="NN">saddle</w> <w type="CC">and</w> <w type="HVD">had</w> <w type="AT">a</w> <w type="NN">look</w> <w type="RB">inside</w> <c type="pct">.</c> </s>
<s n="116"><c type="pct">``</c> <w type="NEG">Not</w> <w type="RB">there</w> <c type="pct">''</c> <c type="pct">,</c> <w type="PPS">he</w> <w type="VBD">said</w> <c type="pct">,</c> <w type="VBG">getting</w> <w type="RB">back</w> <w type="IN">onto</w> <w type="PPg">his</w> <w type="NN">horse</w> <c type="pct">.</c> </s>
<s n="117"><c type="pct">``</c> <w type="RB">Maybe</w> <mw pos="PPS BEZ">he's </mw><w type="IN">at</w> <w type="AT">the</w> <w type="NN">hotel</w> <c type="pct">''</c> <c type="pct">.</c> </s>
</p>
<p><s n="118"><w type="PPSS">They</w> <w type="VBD">rode</w> <w type="IN">to</w> <w type="AT">the</w> <w type="NP" subtype="TL">Rockfork</w> <w type="NN" subtype="TL">House</w> <c type="pct">,</c> <w type="AT">a</w> <w type="AP">little</w> <w type="RBR">farther</w> <w type="IN">along</w> <w type="AT">the</w> <w type="JJ">opposite</w> <w type="NN">side</w> <w type="IN">of</w> <w type="AT">the</w> <w type="NN">street</w> <c type="pct">.</c> </s>
<s n="119"><w type="PPSS">They</w> <w type="VBD">reined</w> <w type="RP">in</w> <w type="RB">there</w> <c type="pct">,</c> <w type="NP">Brannon</w> <w type="VBG">remaining</w> <w type="IN">in</w> <w type="AT">the</w> <w type="NN">saddle</w> <w type="CS">while</w> <w type="NP">Hogan</w> <w type="VBD">went</w> <w type="TO">to</w> <w type="VB">look</w> <w type="IN">for</w> <w type="NP">Jesse</w> <w type="NP">Macklin</w> <w type="IN">in</w> <w type="AT">the</w> <w type="NN">hotel</w> <w type="VBG">dining</w> <w type="NN">room</w> <c type="pct">.</c> </s>
<s n="120"><w type="NP">Brannon</w> <w type="HVD">had</w> <w type="AT">no</w> <w type="NN">slicker</w> <c type="pct">.</c> </s>
<s n="121"><mw pos="PPS HVD">He'd </mw><w type="VB">put</w> <w type="RP">on</w> <w type="PPg">his</w> <w type="JJ">old</w> <w type="JJ">brown</w> <w type="NN">corduroy</w> <w type="NN">coat</w> <w type="CC">and</w> <w type="PPS">it</w> <w type="BEDZ">was</w> <w type="RB">already</w> <w type="VBN">soaked</w> <c type="pct">.</c> </s>
<s n="122"><w type="CC">But</w> <w type="PPS">he</w> <w type="VBD">felt</w> <w type="AT">no</w> <w type="JJ">physical</w> <w type="NN">discomfort</w> <c type="pct">.</c> </s>
<s n="123"><w type="PPS">He</w> <w type="BEDZ">was</w> <w type="RB">only</w> <w type="RB">vaguely</w> <w type="JJ">aware</w> <w type="IN">of</w> <w type="AT">the</w> <w type="VBG">sluicing</w> <w type="NN">rain</w> <c type="pct">.</c> </s>
<s n="124"><w type="PPS">He</w> <w type="RB">hardly</w> <w type="VBD">noticed</w> <w type="AT">the</w> <w type="JJ">blue-green</w> <w type="NNS">flashes</w> <w type="IN">of</w> <w type="NN">lightning</w> <w type="CC">and</w> <w type="AT">the</w> <w type="JJ">hard</w> <w type="NNS">claps</w> <w type="IN">of</w> <w type="NN">thunder</w> <c type="pct">.</c> </s>
</p>
<p><s n="125"><w type="NP">Hogan</w> <w type="VBD">reappeared</w> <c type="pct">,</c> <w type="VBD">stopped</w> <w type="IN">on</w> <w type="AT">the</w> <w type="NN">hotel</w> <w type="NN">porch</w> <c type="pct">,</c> <w type="VBD">lifted</w> <w type="AT">a</w> <w type="NN">hand</w> <w type="IN">in</w> <w type="NN">signal</w> <c type="pct">.</c> </s>
<s n="126"><w type="NP">Brannon</w> <w type="VBD">dismounted</w> <w type="CC">and</w> <w type="VBD">climbed</w> <w type="AT">the</w> <w type="NNS">steps</w> <c type="pct">.</c> </s>
</p>
<p><s n="127"><c type="pct">``</c> <mw pos="PPS HVZ">He's </mw><w type="VBN">finished</w> <w type="VBG">eating</w> <c type="pct">''</c> <c type="pct">,</c> <w type="NP">Hogan</w> <w type="VBD">said</w> <c type="pct">.</c> </s>
<s n="128"><c type="pct">``</c> <w type="VBG">Sitting</w> <w type="IN">with</w> <w type="AT">a</w> <w type="NN">cup</w> <w type="IN">of</w> <w type="NN">coffee</w> <w type="RB">now</w> <c type="pct">.</c> </s>
<s n="129"><w type="PPS">It</w> <mw pos="MD *">shouldn't </mw><w type="BE">be</w> <w type="JJ">long</w> <c type="pct">''</c> <c type="pct">.</c> </s>
</p>
<p><s n="130"><w type="PPS">It</w> <w type="VBD">seemed</w> <w type="JJ">long</w> <c type="pct">,</c> <w type="IN">at</w> <w type="AP">least</w> <w type="IN">to</w> <w type="NP">Tom</w> <w type="NP">Brannon</w> <c type="pct">.</c> </s>
<s n="131"><w type="PPS">He</w> <w type="CC">and</w> <w type="NP">Hogan</w> <w type="VBD">waited</w> <w type="IN">by</w> <w type="AT">the</w> <w type="NN">door</w> <c type="pct">,</c> <w type="CD">one</w> <w type="IN">to</w> <w type="DTX">either</w> <w type="NN">side</w> <c type="pct">.</c> </s>
<s n="132"><w type="NP">Macklin</w> <w type="BEDZ">was</w> <w type="AT">the</w> <w type="OD">third</w> <w type="NN">man</w> <w type="TO">to</w> <w type="VB">come</w> <w type="RP">out</w> <c type="pct">,</c> <w type="CC">and</w> <w type="PPS">he</w> <w type="VBD">came</w> <w type="RB">unhurriedly</w> <c type="pct">.</c> </s>
<s n="133"><w type="PPS">He</w> <w type="BEDZ">was</w> <w type="VBG">puffing</w> <w type="IN">on</w> <w type="AT">a</w> <w type="NN">cigar</w> <c type="pct">,</c> <w type="CC">and</w> <w type="PPS">he</w> <w type="BEDZ">was</w> <w type="VBG">turning</w> <w type="RP">up</w> <w type="PPg">his</w> <w type="NN">coat</w> <w type="NN">collar</w> <w type="IN">against</w> <w type="AT">the</w> <w type="NN">rain</w> <c type="pct">.</c> </s>
<s n="134"><w type="PPS">It</w> <w type="BEDZ">was</w> <w type="NEG">not</w> <w type="CS">until</w> <w type="PPS">he</w> <w type="VBD">moved</w> <w type="IN">across</w> <w type="AT">the</w> <w type="NN">porch</w> <w type="CS">that</w> <w type="PPS">he</w> <w type="VBD">became</w> <w type="JJ">aware</w> <w type="IN">of</w> <w type="PPO">them</w> <c type="pct">,</c> <w type="CC">and</w> <w type="RB">then</w> <w type="PPS">it</w> <w type="BEDZ">was</w> <w type="QL">too</w> <w type="JJ">late</w> <c type="pct">.</c> </s>
<s n="135"><w type="PPSS">They</w> <w type="VBD">closed</w> <w type="RP">in</w> <w type="RB">fast</w> <c type="pct">,</c> <w type="VBD">kept</w> <w type="PPO">him</w> <w type="IN">from</w> <w type="VBG">reaching</w> <w type="IN">inside</w> <w type="PPg">his</w> <w type="NN">coat</w> <w type="IN">for</w> <w type="PPg">his</w> <w type="NN">gun</w> <c type="pct">.</c> </s>
</p>
<p><s n="136"><c type="pct">``</c> <w type="RB">Just</w> <w type="VB">come</w> <w type="RB">along</w> <c type="pct">''</c> <c type="pct">,</c> <w type="NP">Brannon</w> <w type="VBD">told</w> <w type="PPO">him</w> <c type="pct">.</c> </s>
<s n="137"><c type="pct">``</c> <mw pos="DO *">Don't </mw><w type="VB">start</w> <w type="PN">anything</w> <w type="PPSS">you</w> <mw pos="MD *">can't </mw><w type="VB">finish</w> <c type="pct">''</c> <c type="pct">.</c> </s>
</p>
<p><s n="138"><c type="pct">``</c> <w type="RB">Now</w> <c type="pct">,</c> <w type="VB">listen</w> <c type="pct">''</c> <c type="pct">--</c> <w type="NP">Macklin</w> <w type="VBD">began</w> <c type="pct">.</c> </s>
</p>
<p><s n="139"><c type="pct">``</c> <mw pos="PPSS MD">We'll </mw><w type="VB">talk</w> <w type="RP">over</w> <w type="IN">at</w> <w type="PPg">your</w> <w type="NN">office</w> <c type="pct">''</c> <c type="pct">.</c> </s>
</p>
<p><s n="140"><c type="pct">``</c> <w type="NP">Brannon</w> <c type="pct">,</c> <w type="PPSS">I</w> <w type="VB">warn</w> <w type="PPO">you</w> <c type="pct">''</c> <c type="pct">!</c> <c type="pct">!</c> </s>
<s n="141"><c type="pct">``</c> <mw pos="VB PPO">Let's </mw><w type="VB">go</w> <c type="pct">,</c> <w type="NN" subtype="TL">Marshal</w> <c type="pct">''</c> <c type="pct">,</c> <w type="NP">Brannon</w> <w type="VBD">said</w> <c type="pct">,</c> <w type="CC">and</w> <w type="VBD">took</w> <w type="PPO">him</w> <w type="IN">by</w> <w type="AT">the</w> <w type="NN">arm</w> <c type="pct">.</c> </s>
</p>
<p><s n="142"><w type="NP">Hogan</w> <w type="VBD">gripped</w> <w type="AT">the</w> <w type="NNg">lawman's</w> <w type="AP">other</w> <w type="NN">arm</w> <c type="pct">.</c> </s>
<s n="143"><w type="PPSS">They</w> <w type="VBD">escorted</w> <w type="PPO">him</w> <w type="RP">down</w> <w type="IN">from</w> <w type="AT">the</w> <w type="NN">porch</w> <w type="CC">and</w> <w type="IN">through</w> <w type="AT">the</w> <w type="NN">rain</w> <w type="IN">to</w> <w type="PPg">his</w> <w type="NN">office</w> <c type="pct">.</c> </s>
<s n="144"><w type="AT">The</w> <w type="AP">other</w> <w type="CD">five</w> <w type="NP">Slash-B</w> <w type="NNS">men</w> <w type="VBD">followed</w> <w type="PPO">them</w> <w type="RB">inside</w> <c type="pct">,</c> <w type="VBG">crowding</w> <w type="AT">the</w> <w type="JJ">small</w> <w type="NN">room</w> <c type="pct">.</c> </s>
<s n="145"><w type="PPg">His</w> <w type="NN">face</w> <w type="BEDZ">was</w> <w type="JJ">stiff</w> <w type="IN">with</w> <w type="NN">anger</w> <w type="WRB">when</w> <w type="PPSS">they</w> <w type="VB">let</w> <w type="VB">go</w> <w type="IN">of</w> <w type="PPg">his</w> <w type="NNS">arms</w> <c type="pct">.</c> </s>
<s n="146"><w type="PPS">He</w> <w type="VBD">looked</w> <w type="IN">at</w> <w type="DT">each</w> <w type="IN">of</w> <w type="PPO">them</w> <w type="IN">in</w> <w type="NN">turn</w> <c type="pct">,</c> <w type="NP">Brannon</w> <w type="AP">last</w> <w type="IN">of</w> <w type="ABN">all</w> <c type="pct">.</c> </s>
</p>
<p><s n="147"><c type="pct">``</c> <mw pos="PPSS MD">I'll </mw><w type="VB">remember</w> <w type="PPO">you</w> <c type="pct">''</c> <c type="pct">,</c> <w type="PPS">he</w> <w type="VBD">said</w> <c type="pct">.</c> </s>
<s n="148"><c type="pct">``</c> <w type="AT">Every</w> <w type="AP">last</w> <w type="CD">one</w> <w type="IN">of</w> <w type="PPO">you</w> <c type="pct">.</c> </s>
<s n="149"><w type="CS">As</w> <w type="IN">for</w> <w type="PPO">you</w> <c type="pct">,</c> <w type="NP">Brannon</w> <c type="pct">''</c> <c type="pct">--</c> </s>
</p>
<p><s n="150"><c type="pct">``</c> <w type="VB">Put</w> <w type="PPg">your</w> <w type="NN">gun</w> <w type="IN">on</w> <w type="AT">the</w> <w type="NN">desk</w> <c type="pct">,</c> <w type="NN" subtype="TL">Marshal</w> <c type="pct">''</c> <c type="pct">.</c> </s>
</p>
<p><s n="151"><c type="pct">``</c> <w type="RB">Now</w> <c type="pct">,</c> <w type="VB">hold</w> <w type="RP">on</w> <c type="pct">,</c> <w type="VB">damn</w> <w type="PPO">it</w> <c type="pct">;</c> <c type="pct">;</c> </s>
<s n="152"><w type="PPSS">I</w> <mw pos="MD *">won't </mw><c type="pct">''</c> <c type="pct">--</c> </s>
</p>
<p><s n="153"><w type="NP">Red</w> <w type="NPg">Hogan's</w> <w type="NN">patience</w> <w type="VBD">ran</w> <w type="RP">out</w> <c type="pct">.</c> </s>
<s n="154"><w type="PPS">He</w> <w type="VBD">lifted</w> <w type="AT">the</w> <w type="NN">skirt</w> <w type="IN">of</w> <w type="NPg">Macklin's</w> <w type="NN">coat</w> <c type="pct">,</c> <w type="VBD">took</w> <w type="PPg">his</w> <w type="NN">gun</w> <w type="IN">from</w> <w type="PPg">its</w> <w type="NN">holster</w> <c type="pct">,</c> <w type="VBD">tossed</w> <w type="PPO">it</w> <w type="IN">onto</w> <w type="AT">the</w> <w type="NN">desk</w> <c type="pct">.</c> </s>
<s n="155"><c type="pct">``</c> <w type="QL">Too</w> <w type="AP">much</w> <w type="NN">fooling</w> <w type="RB">around</w> <c type="pct">''</c> <c type="pct">,</c> <w type="PPS">he</w> <w type="VBD">said</w> <c type="pct">.</c> </s>
<s n="156"><c type="pct">``</c> <mw pos="DO *">Don't </mw><w type="VB">press</w> <w type="PPg">your</w> <w type="NN">luck</w> <c type="pct">,</c> <w type="NN">badge-toter</w> <c type="pct">''</c> <c type="pct">.</c> </s>
</p>
<p><s n="157"><w type="NP">Brannon</w> <w type="VBD">said</w> <c type="pct">,</c> <c type="pct">``</c> <w type="RB">Now</w> <w type="AT">the</w> <w type="NN">key</w> <w type="IN">to</w> <w type="AT">the</w> <w type="NN">lockup</w> <c type="pct">,</c> <w type="NN" subtype="TL">Marshal</w> <c type="pct">''</c> <c type="pct">.</c> </s>
</p>
<p><s n="158"><c type="pct">``</c> <w type="NN">Key</w> <c type="pct">''</c> <c type="pct">?</c> <c type="pct">?</c> </s>
<s n="159"><w type="NP">Macklin</w> <w type="VBD">said</w> <c type="pct">.</c> </s>
<s n="160"><c type="pct">``</c> <w type="WDT">What</w> <w type="IN">for</w> <c type="pct">''</c> <c type="pct">?</c> <c type="pct">?</c> </s>
</p>
<p><s n="161"><c type="pct">``</c> <mw pos="MD *">Can't </mw><w type="PPSS">you</w> <w type="VB">guess</w> <c type="pct">''</c> <c type="pct">?</c> <c type="pct">?</c> </s>
<s n="162"><w type="NP">Brannon</w> <w type="VBD">said</w> <c type="pct">.</c> </s>
<s n="163"><c type="pct">``</c> <mw pos="PPSS BER">We're </mw><w type="VBG">putting</w> <w type="PPO">you</w> <w type="WRB">where</w> <w type="PPSS">you</w> <mw pos="MD *">won't </mw><w type="VB">come</w> <w type="IN">to</w> <w type="NN">harm</w> <c type="pct">.</c> </s>
<s n="164"><w type="VB">Come</w> <w type="RP">on</w> <c type="pct">--</c> <w type="AT">the</w> <w type="NN">key</w> <c type="pct">.</c> </s>
<s n="165"><w type="VB">Get</w> <w type="PPO">it</w> <w type="RP">out</w> <c type="pct">''</c> <c type="pct">!</c> <c type="pct">!</c> </s>
</p>
<p><s n="166"><c type="pct">``</c> <w type="VBN">Damned</w> <w type="CS">if</w> <w type="PPSS">I</w> <w type="MD">will</w> <c type="pct">.</c> </s>
<s n="167"><w type="NP">Brannon</w> <c type="pct">,</c> <mw pos="PPSS HV">you've </mw><w type="VBN">assaulted</w> <w type="AT">a</w> <w type="NN">law</w> <w type="NN">officer</w> <w type="CC">and</w> <c type="pct">''</c> <c type="pct">--</c> </s>
</p>
<p><s n="168"><w type="PPSS">They</w> <w type="VBD">moved</w> <w type="RP">in</w> <w type="IN">on</w> <w type="PPO">him</w> <c type="pct">,</c> <w type="VBD">crowded</w> <w type="PPO">him</w> <w type="IN">from</w> <w type="ABN">all</w> <w type="NNS">sides</w> <c type="pct">.</c> </s>
<s n="169"><w type="AT">No</w> <w type="NN">man</w> <w type="VBD">laid</w> <w type="AT">a</w> <w type="NN">hand</w> <w type="IN">on</w> <w type="PPO">him</w> <c type="pct">,</c> <w type="CC">but</w> <w type="AT">the</w> <w type="NN">threat</w> <w type="IN">of</w> <w type="NN">violence</w> <w type="BEDZ">was</w> <w type="RB">there</w> <c type="pct">.</c> </s>
<s n="170"><w type="PPg">His</w> <w type="NN">face</w> <w type="VBD">took</w> <w type="RP">on</w> <w type="AT">a</w> <w type="JJ">sudden</w> <w type="NN">pallor</w> <c type="pct">,</c> <w type="VBD">became</w> <w type="VBN">beaded</w> <w type="IN">with</w> <w type="NN">sweat</w> <c type="pct">,</c> <w type="CC">and</w> <w type="PPS">he</w> <w type="VBD">seemed</w> <w type="TO">to</w> <w type="HV">have</w> <w type="NN">trouble</w> <w type="IN">with</w> <w type="PPg">his</w> <w type="NN">breathing</w> <c type="pct">.</c> </s>
<s n="171"><w type="PPS">He</w> <w type="VBD">held</w> <w type="RP">out</w> <w type="AT">a</w> <w type="NN">moment</w> <w type="RBR">longer</w> <c type="pct">,</c> <w type="RB">then</w> <w type="PPg">his</w> <w type="NN">nerve</w> <w type="VBD">gave</w> <w type="IN">under</w> <w type="AT">the</w> <w type="NN">pressure</w> <c type="pct">.</c> </s>
</p>
<p><s n="172"><w type="PPS">He</w> <w type="VBD">swore</w> <c type="pct">,</c> <w type="CC">and</w> <w type="VBD">said</w> <c type="pct">,</c> <c type="pct">``</c> <w type="QL">All</w> <w type="RB">right</w> <c type="pct">.</c> </s>
<s n="173"><mw pos="PPS BEZ">It's </mw><w type="RB">here</w> <w type="IN">in</w> <w type="PPg">my</w> <w type="NN">pocket</w> <c type="pct">''</c> <c type="pct">.</c> </s>
</p>
<p><s n="174"><c type="pct">``</c> <w type="VB">Get</w> <w type="PPO">it</w> <w type="RP">out</w> <c type="pct">''</c> <c type="pct">,</c> <w type="NP">Brannon</w> <w type="VBD">ordered</w> <c type="pct">.</c> </s>
<s n="175"><w type="RB">Then</w> <c type="pct">,</c> <w type="CS">as</w> <w type="NP">Macklin</w> <w type="VBD">obeyed</w> <c type="pct">:</c> <c type="pct">``</c> <w type="RB">Now</w> <mw pos="VB PPO">let's </mw><w type="VB">go</w> <w type="RP">out</w> <w type="RB">back</w> <c type="pct">''</c> <c type="pct">.</c> </s>
</p>
<p><s n="176"><w type="RB">Resignedly</w> <c type="pct">,</c> <w type="NP">Macklin</w> <w type="VBD">turned</w> <w type="IN">to</w> <w type="AT">the</w> <w type="NN">back</w> <w type="NN">door</w> <c type="pct">.</c> </s>
<s n="177"><w type="PPSS">They</w> <w type="VBD">followed</w> <w type="PPO">him</w> <w type="IN">into</w> <w type="AT">the</w> <w type="NN">rain</w> <w type="CC">and</w> <w type="RB">across</w> <w type="IN">to</w> <w type="AT">the</w> <w type="NN">squat</w> <w type="NN">stone</w> <w type="NN">building</w> <w type="CD">fifty</w> <w type="NNS">feet</w> <w type="IN">to</w> <w type="AT">the</w> <w type="NN">rear</w> <c type="pct">.</c> </s>
<s n="178"><w type="AT">The</w> <w type="NN">door</w> <w type="IN">of</w> <w type="AT">the</w> <w type="NN">lockup</w> <w type="BEDZ">was</w> <w type="IN">of</w> <w type="NN">oak</w> <w type="NNS">planks</w> <w type="CC">and</w> <w type="VBN">banded</w> <w type="IN">with</w> <w type="NN">strap</w> <w type="NN">iron</w> <c type="pct">.</c> </s>
<s n="179"><w type="PPS">It</w> <w type="BEDZ">was</w> <w type="VBN">secured</w> <w type="IN">by</w> <w type="AT">an</w> <w type="JJ">oversized</w> <w type="NN">padlock</w> <c type="pct">.</c> </s>
<s n="180"><w type="NP">Macklin</w> <w type="VBD">balked</w> <w type="RB">again</w> <c type="pct">,</c> <w type="NEG">not</w> <w type="VBG">wanting</w> <w type="TO">to</w> <w type="VB">unlock</w> <w type="CC">and</w> <w type="VB">open</w> <w type="AT">the</w> <w type="NN">door</w> <c type="pct">.</c> </s>
<s n="181"><w type="PPSS">They</w> <w type="VBD">crowded</w> <w type="PPO">him</w> <w type="IN">in</w> <w type="DT">that</w> <w type="VBG">threatening</w> <w type="NN">way</w> <w type="RB">once</w> <w type="RBR">more</w> <c type="pct">,</c> <w type="VBD">forced</w> <w type="PPO">him</w> <w type="TO">to</w> <w type="VB">give</w> <w type="RP">in</w> <c type="pct">.</c> </s>
<s n="182"><w type="CS">Once</w> <w type="AT">the</w> <w type="NN">door</w> <w type="BEDZ">was</w> <w type="JJ">open</w> <c type="pct">,</c> <w type="PPSS">they</w> <w type="VBD">crowded</w> <w type="PPO">him</w> <w type="IN">inside</w> <w type="AT">the</w> <w type="JJ">dark</w> <w type="NN">building</w> <c type="pct">.</c> </s>
<s n="183"><w type="PPS">He</w> <w type="BEDZ">was</w> <w type="VBG">uttering</w> <w type="NNS">threats</w> <w type="IN">in</w> <w type="AT">a</w> <w type="JJ">low</w> <w type="CC">but</w> <w type="JJ">savage</w> <w type="NN">voice</w> <w type="WRB">when</w> <w type="PPSS">they</w> <w type="VBD">closed</w> <w type="CC">and</w> <w type="VBD">padlocked</w> <w type="AT">the</w> <w type="NN">door</w> <c type="pct">.</c> </s>
</p>
<p><s n="184"><w type="PPSS">They</w> <w type="VBD">returned</w> <w type="IN">to</w> <w type="AT">the</w> <w type="NN">street</w> <c type="pct">,</c> <w type="VBD">mounted</w> <w type="PPg">their</w> <w type="NNS">horses</w> <c type="pct">,</c> <w type="VBD">rode</w> <w type="IN">through</w> <w type="AT">the</w> <w type="NN">rain</w> <w type="IN">to</w> <w type="AT">the</w> <w type="JJ">big</w> <w type="NN">house</w> <w type="IN">on</w> <w type="NP" subtype="TL">Houston</w> <w type="NN" subtype="TL">Street</w> <c type="pct">.</c> </s>
<s n="185"><w type="PPg">Its</w> <w type="NNS">windows</w> <w type="VBD">glowed</w> <w type="IN">with</w> <w type="NN">lamplight</w> <c type="pct">.</c> </s>
<s n="186"><w type="NN" subtype="TL">Deputy</w> <w type="NN" subtype="TL">Marshal</w> <w type="NP">Luke</w> <w type="NP">Harper</w> <w type="RB">still</w> <w type="VBD">stood</w> <w type="NN">guard</w> <w type="IN">on</w> <w type="AT">the</w> <w type="NN">veranda</w> <c type="pct">,</c> <w type="AT">a</w> <w type="JJ">forlorn</w> <c type="pct">,</c> <w type="JJ">scarecrowish</w> <w type="NN">figure</w> <w type="IN">in</w> <w type="AT">the</w> <w type="JJ">murky</w> <w type="NN">dark</w> <c type="pct">.</c> </s>
<s n="187"><w type="PPS">He</w> <w type="VBD">came</w> <w type="IN">to</w> <w type="AT">the</w> <w type="NN">edge</w> <w type="IN">of</w> <w type="AT">the</w> <w type="NN">veranda</w> <c type="pct">,</c> <w type="VBD">peered</w> <w type="RP">down</w> <w type="IN">at</w> <w type="PPO">them</w> <w type="IN">with</w> <w type="PPg">his</w> <w type="NN">hand</w> <w type="IN">on</w> <w type="PPg">his</w> <w type="NN">gun</w> <c type="pct">.</c> </s>
</p>
<p><s n="188"><c type="pct">``</c> <mw pos="DO *">Don't </mw><w type="VB">try</w> <w type="PPO">it</w> <c type="pct">''</c> <c type="pct">,</c> <w type="NP">Brannon</w> <w type="VBD">told</w> <w type="PPO">him</w> <c type="pct">,</c> <w type="VBG">dismounting</w> <w type="CC">and</w> <w type="VBG">starting</w> <w type="IN">up</w> <w type="AT">the</w> <w type="NNS">steps</w> <w type="IN">with</w> <w type="PPg">his</w> <w type="NNS">men</w> <w type="VBG">following</w> <c type="pct">.</c> </s>
<s n="189"><c type="pct">``</c> <mw pos="DO *">Don't </mw><w type="VB">get</w> <w type="PPL">yourself</w> <w type="VBN">killed</w> <w type="IN">for</w> <w type="PN">something</w> <w type="DT">that</w> <mw pos="DOZ *">doesn't </mw><w type="VB">concern</w> <w type="PPO">you</w> <c type="pct">''</c> <c type="pct">.</c> </s>
</p>
<p><s n="190"><w type="PPS">He</w> <w type="VBD">strode</w> <w type="IN">past</w> <w type="AT">the</w> <w type="RB">now</w> <w type="VBN">frightened</w> <w type="NN">man</w> <c type="pct">,</c> <w type="VBD">entered</w> <w type="AT">the</w> <w type="NN">house</w> <c type="pct">.</c> </s>
<s n="191"><w type="NP">Miguel</w> <w type="CC">and</w> <w type="NP">Arturo</w> <w type="NP">Ramirez</w> <w type="VBD">remained</w> <w type="IN">on</w> <w type="AT">the</w> <w type="NN">veranda</w> <w type="TO">to</w> <w type="VB">keep</w> <w type="NP">Harper</w> <w type="IN">from</w> <w type="VBG">interfering</w> <c type="pct">.</c> </s>
<s n="192"><w type="AT">The</w> <w type="NNS">others</w> <w type="VBD">followed</w> <w type="NP">Brannon</w> <w type="RB">inside</w> <c type="pct">.</c> </s>
<s n="193"><w type="PPSS">They</w> <w type="VBD">trailed</w> <w type="PPO">him</w> <w type="IN">across</w> <w type="AT">the</w> <w type="JJ">wide</w> <w type="NN">hallway</w> <w type="IN">to</w> <w type="AT">the</w> <w type="NN">parlor</w> <c type="pct">,</c> <w type="CD">four</w> <w type="RB">roughly</w> <w type="VBN">garbed</w> <w type="CC">and</w> <w type="JJ">tough-looking</w> <w type="NNS">men</w> <w type="WPS">who</w> <w type="RB">probably</w> <w type="HVD">had</w> <w type="RB">never</w> <w type="RB">before</w> <w type="VBN">ventured</w> <w type="IN">into</w> <w type="ABL">such</w> <w type="AT">a</w> <w type="NN">house</w> <c type="pct">.</c> </s>
<s n="194"><w type="PPSS">They</w> <w type="VBD">brought</w> <w type="IN">to</w> <w type="PPO">it</w> <w type="ABN">all</w> <w type="AT">the</w> <w type="NNS">odors</w> <w type="WPS">that</w> <w type="VBD">clung</w> <w type="IN">to</w> <w type="NNS">men</w> <w type="VB">like</w> <w type="PPLS">themselves</w> <c type="pct">,</c> <w type="DT">that</w> <w type="IN">of</w> <w type="PPg">their</w> <w type="JJ">own</w> <w type="NN">sweat</w> <c type="pct">,</c> <w type="IN">of</w> <w type="NN">campfire</w> <w type="NN">smoke</w> <c type="pct">,</c> <w type="IN">of</w> <w type="NNS">horses</w> <w type="CC">and</w> <w type="NNS">cattle</w> <c type="pct">.</c> </s>
<s n="195"><w type="PPSS">They</w> <w type="VBD">tracked</w> <w type="NN">mud</w> <w type="IN">on</w> <w type="AT">the</w> <w type="JJ">oaken</w> <w type="NN">floor</w> <c type="pct">,</c> <w type="IN">on</w> <w type="AT">the</w> <w type="NN">carpet</w> <c type="pct">.</c> </s>
<s n="196"><w type="PPg">Their</w> <w type="NN">presence</w> <w type="VBD">fouled</w> <w type="AT">the</w> <w type="NN">elegance</w> <w type="IN">of</w> <w type="DT">that</w> <w type="NN">room</w> <c type="pct">.</c> </s>
</p>
<p><s n="197"><w type="CC">And</w> <w type="PPg">their</w> <w type="NN">arrival</w> <w type="VBD">caught</w> <w type="NP">John</w> <w type="NP">Clayton</w> <w type="CC">and</w> <w type="NP">Charles</w> <w type="NP">Ansley</w> <w type="IN">off</w> <w type="NN">guard</w> <c type="pct">.</c> </s>
</p>
<p></p></body></text></TEI>
