<TEI xmlns="http://www.tei-c.org/ns/1.0"><teiHeader><fileDesc><titleStmt><title>Sample N28 from  Ralph Grimshaw, "Mrs. Hacksaw: New Orleans' Society Killer,"
 Sir!, 18: 1 (September, 1961), 56-58.
 </title></titleStmt><editionStmt><edition>A part  of the XML version of the Brown Corpus</edition></editionStmt><extent>2,017 words 429 (21.3%) quotes</extent><publicationStmt><idno>N28</idno><availability><p>Used by permission of Sir! 0010-1800</p></availability></publicationStmt><sourceDesc><bibl> Ralph Grimshaw, "Mrs. Hacksaw: New Orleans' Society Killer,"
 Sir!, 18: 1 (September, 1961), 56-58.
 </bibl></sourceDesc></fileDesc><encodingDesc><p>Typographical Errors: for and calinda [0110] verict [1600]Period missing [0940]</p></encodingDesc><revisionDesc><change when="2008-04-27">Header auto-generated for TEI version</change></revisionDesc></teiHeader>
<text xml:id="N28" decls="N">
<body><p><s n="1"><w type="IN">On</w> <w type="AT">the</w> <w type="NN">fringe</w> <w type="IN">of</w> <w type="AT">the</w> <w type="VBN">amused</w> <w type="NN">throng</w> <w type="IN">of</w> <w type="JJ">white</w> <w type="NNS">onlookers</w> <w type="VBD">stood</w> <w type="AT">a</w> <w type="JJ">young</w> <w type="NN">woman</w> <w type="IN">of</w> <w type="JJ">remarkable</w> <w type="NN">beauty</w> <w type="CC">and</w> <w type="NN">poise</w> <c type="pct">.</c> </s>
<s n="2"><w type="PPS">She</w> <w type="VBD">munched</w> <w type="JJ">little</w> <w type="NN">ginger</w> <w type="NNS">cakes</w> <w type="VBN">called</w> <w type="NNg">mulatto's</w> <w type="NN">belly</w> <w type="CC">and</w> <w type="VBD">kept</w> <w type="PPg">her</w> <w type="JJ">green</w> <c type="pct">,</c> <w type="QL">somewhat</w> <w type="JJ">hypnotic</w> <w type="NNS">eyes</w> <w type="VBN">fixed</w> <w type="IN">on</w> <w type="AT">a</w> <w type="JJ">light-colored</w> <w type="NN">male</w> <w type="WPS">who</w> <w type="BEDZ">was</w> <w type="VBG">prancing</w> <w type="RB">wildly</w> <w type="IN">with</w> <w type="AT">a</w> <w type="JJ">5-foot</w> <w type="NN">king</w> <w type="NN">snake</w> <w type="VBN">wrapped</w> <w type="IN">around</w> <w type="PPg">his</w> <w type="JJ">bronze</w> <w type="NN">neck</w> <c type="pct">.</c> </s>
</p>
<p><s n="3"><w type="AT">The</w> <w type="NN">youth</w> <w type="IN">with</w> <w type="AT">the</w> <w type="NN">snake</w> <w type="HVD">had</w> <w type="AT">a</w> <w type="JJ">natural</w> <w type="NN">pride</w> <w type="CC">and</w> <w type="NN">joy</w> <w type="IN">of</w> <w type="NN">life</w> <w type="WDT">which</w> <w type="VBD">appealed</w> <w type="IN">to</w> <w type="AT">the</w> <w type="NN">woman</w> <c type="pct">.</c> </s>
<s n="4"><w type="JJ">Lithe</w> <w type="CC">and</w> <w type="JJ">muscular</w> <c type="pct">,</c> <w type="PPS">he</w> <w type="HVD">had</w> <w type="JJ">well-molded</w> <w type="NNS">features</w> <c type="pct">,</c> <w type="CC">and</w> <w type="PPg">his</w> <w type="JJ">light</w> <w type="NN">color</w> <w type="VBD">told</w> <w type="IN">of</w> <w type="AT">the</w> <w type="JJ">European</w> <w type="NNS">ancestors</w> <w type="WPS">who</w> <w type="HVD">had</w> <w type="BEN">been</w> <w type="JJ">intimate</w> <w type="IN">with</w> <w type="AT">the</w> <w type="NN">slave</w> <w type="NNS">women</w> <w type="IN">of</w> <w type="PPg">his</w> <w type="NN">family</w> <c type="pct">.</c> </s>
</p>
<p><s n="5"><w type="AT">The</w> <w type="JJ">haughty</w> <w type="JJ">white</w> <w type="NN">girl</w> <w type="VBD">turned</w> <w type="IN">to</w> <w type="AT">a</w> <w type="VBN">distinguished</w> <c type="pct">,</c> <w type="JJ">hawk-faced</w> <w type="NN">man</w> <w type="VBG">standing</w> <w type="IN">at</w> <w type="PPO">her</w> <w type="NN">side</w> <w type="CC">and</w> <w type="VBD">murmured</w> <c type="pct">:</c> <c type="pct">``</c> <w type="VB">Look</w> <w type="IN">at</w> <w type="PPg">your</w> <w type="NN">watch</w> <c type="pct">,</c> <w type="NN" subtype="TL">Col.</w> <w type="NP">Garvier</w> <c type="pct">.</c> </s>
<s n="6"><w type="PPS">It</w> <w type="BEZ">is</w> <w type="RB">almost</w> <w type="NN">time</w> <w type="IN">for</w> <w type="CC">and</w> <w type="NN">calinda</w> <w type="TO">to</w> <w type="VB">begin</w> <c type="pct">''</c> <c type="pct">.</c> </s>
</p>
<p><s n="7"><w type="NN" subtype="TL">Col.</w> <w type="NP">Henri</w> <w type="NP">Garvier</w> <w type="BEDZ">was</w> <w type="CD">one</w> <w type="IN">of</w> <w type="JJ" subtype="TL">New</w> <w type="NPg" subtype="TL">Orleans'</w> <w type="QL">most</w> <w type="JJ">important</w> <w type="CC">and</w> <w type="VBN">enlightened</w> <w type="NN">slave</w> <w type="NNS">owners</w> <c type="pct">.</c> </s>
<s n="8"><w type="PPS">He</w> <w type="VBD">chuckled</w> <w type="CC">and</w> <w type="VBD">gave</w> <w type="AT">the</w> <w type="NN">signal</w> <w type="IN">for</w> <w type="AT">the</w> <w type="NN">dance</w> <w type="TO">to</w> <w type="VB">start</w> <c type="pct">.</c> </s>
<s n="9"><w type="AT">The</w> <w type="NNS">slaves</w> <w type="VBD">ran</w> <w type="RB">gaily</w> <w type="IN">to</w> <w type="AT">the</w> <w type="NN">center</w> <w type="IN">of</w> <w type="NP" subtype="TL">Congo</w> <w type="NN" subtype="TL">Square</w> <w type="CC">and</w> <w type="VBD">gathered</w> <w type="IN">around</w> <w type="AT">a</w> <w type="JJ">sweaty</w> <w type="NN">youth</w> <w type="PPSS">they</w> <w type="VBD">called</w> <w type="NP">Johnny</w> <w type="NP">No-Name</w> <c type="pct">.</c> </s>
</p>
<p><s n="10"><w type="NP">Johnny</w> <w type="RB">vigorously</w> <w type="VBD">pounded</w> <w type="CD">two</w> <w type="VBN">bleached</w> <w type="NN">steer</w> <w type="NNS">bones</w> <w type="IN">against</w> <w type="AT">the</w> <w type="NN">gourd</w> <w type="WDT">which</w> <w type="VBD">served</w> <w type="CS">as</w> <w type="PPg">his</w> <w type="NN">drum</w> <c type="pct">.</c> </s>
<s n="11"><w type="PPS">He</w> <w type="VBD">showed</w> <w type="PPg">his</w> <w type="VBG">gleaming</w> <w type="NNS">tusks</w> <w type="IN">of</w> <w type="NNS">teeth</w> <w type="CC">and</w> <w type="VBD">bellowed</w> <w type="RB">incoherently</w> <c type="pct">,</c> <w type="PPg">his</w> <w type="NN">brass</w> <w type="NNS">earrings</w> <w type="VBG">jangling</w> <w type="RB">discordantly</w> <w type="CS">as</w> <w type="PPS">he</w> <w type="VBD">shook</w> <w type="CC">and</w> <w type="VBD">trembled</w> <w type="IN">in</w> <w type="NN">ecstasy</w> <c type="pct">.</c> </s>
</p>
<p><s n="12"><w type="AT">The</w> <w type="NN">drummer</w> <w type="VBD">flogged</w> <w type="AT">the</w> <w type="NN">gourd</w> <w type="IN">with</w> <w type="JJ">frantic</w> <w type="NN">intensity</w> <w type="CS">as</w> <w type="AT">the</w> <w type="NNS">dancers</w> <w type="VBD">began</w> <w type="AT">the</w> <w type="NN">calinda</w> <c type="pct">,</c> <w type="AT">a</w> <w type="JJ">sensual</w> <w type="NN">gyration</w> <w type="WDT">which</w> <w type="HVD">had</w> <w type="RB">long</w> <w type="BEN">been</w> <w type="AT">a</w> <w type="NN">favorite</w> <w type="IN">of</w> <w type="NN">voodoo</w> <w type="NNS">practitioners</w> <w type="CC">and</w> <w type="PPg">their</w> <w type="NNS">disciples</w> <w type="IN">in</w> <w type="AT">the</w> <w type="NP">Louisiana</w> <w type="NN">slave</w> <w type="NNS">compounds</w> <c type="pct">.</c> </s>
<s n="13"><w type="AT">The</w> <w type="NN">dance</w> <w type="BEDZ">was</w> <w type="IN">of</w> <w type="JJ">Haitian</w> <w type="NN">origin</w> <c type="pct">.</c> </s>
</p>
<p><s n="14"><w type="AT">The</w> <w type="JJ">white</w> <w type="NN">girl</w> <w type="IN">with</w> <w type="AT">the</w> <w type="JJ">penetrating</w> <w type="JJ">green</w> <w type="NNS">eyes</w> <w type="VBD">sipped</w> <w type="AT">the</w> <w type="NN">lemonade</w> <w type="VBN">handed</w> <w type="IN">to</w> <w type="PPO">her</w> <w type="IN">by</w> <w type="AT">a</w> <w type="JJ">handsome</w> <w type="NN">man</w> <w type="IN">of</w> <w type="RB">about</w> <w type="CD">30</w> <c type="pct">,</c> <w type="WPS">who</w> <w type="HVD">had</w> <w type="JJ">coppery</w> <w type="NN">skin</w> <w type="CC">and</w> <w type="JJ">beetling</w> <w type="NNS">eyebrows</w> <c type="pct">.</c> </s>
<s n="15"><w type="PPS">He</w> <w type="BEDZ">was</w> <w type="JJ">possessive</w> <w type="IN">in</w> <w type="PPg">his</w> <w type="NN">manner</w> <w type="CC">and</w> <c type="pct">,</c> <w type="CS">though</w> <w type="AT">a</w> <w type="NN">slave</w> <c type="pct">,</c> <w type="RB">obviously</w> <w type="BEDZ">was</w> <w type="VBN">educated</w> <w type="IN">after</w> <w type="AT">a</w> <w type="NN">fashion</w> <w type="CC">and</w> <w type="VBD">imitated</w> <w type="AT">the</w> <w type="NNS">manners</w> <w type="IN">of</w> <w type="PPg">his</w> <w type="NNS">owners</w> <c type="pct">.</c> </s>
<s n="16"><w type="PPS">He</w> <w type="RB">proudly</w> <w type="VBD">wore</w> <w type="AT">the</w> <w type="JJ">blue</w> <w type="NN">livery</w> <w type="IN">of</w> <w type="PPO">her</w> <w type="NN">house</w> <c type="pct">,</c> <w type="IN">for</w> <w type="AT">the</w> <w type="NN">girl</w> <w type="BEDZ">was</w> <w type="NP">Madame</w> <w type="NP">Delphine</w> <w type="NP">Lalaurie</w> <c type="pct">,</c> <w type="NN">wife</w> <w type="IN">of</w> <w type="AT">the</w> <w type="JJ">prominent</w> <w type="NN">surgeon</w> <c type="pct">,</c> <w type="NN" subtype="TL">Dr.</w> <w type="NP">Louis</w> <w type="NP">Lalaurie</w> <c type="pct">,</c> <w type="WPS">who</w> <w type="VB">bore</w> <w type="CD">one</w> <w type="IN">of</w> <w type="AT">the</w> <w type="NRg" subtype="TL">South's</w> <w type="JJT">oldest</w> <w type="CC">and</w> <w type="QL">most</w> <w type="VBN">cherished</w> <w type="NNS">names</w> <c type="pct">.</c> </s>
</p>
<p><s n="17"><w type="NP">Delphine</w> <w type="BEDZ">was</w> <w type="AT">a</w> <w type="NN">pace-setter</w> <w type="IN">in</w> <w type="JJ">high</w> <w type="NN">society</w> <c type="pct">.</c> </s>
<s n="18"><w type="PPS">She</w> <w type="BEDZ">was</w> <w type="AT">a</w> <w type="JJS">top</w> <w type="NN">horsewoman</w> <w type="CC">and</w> <w type="CD">one</w> <w type="IN">of</w> <w type="AT">the</w> <w type="NNg">city's</w> <w type="QL">most</w> <w type="JJ">gracious</w> <w type="NNS">hostesses</w> <c type="pct">.</c> </s>
<s n="19"><w type="CS">Although</w> <w type="JJ" subtype="TL">New</w> <w type="NP" subtype="TL">Orleans</w> <w type="BEDZ">was</w> <w type="NEG">not</w> <w type="TO">to</w> <w type="VB">learn</w> <w type="IN">of</w> <w type="PPO">it</w> <w type="IN">for</w> <w type="AT">a</w> <w type="NN">spell</w> <c type="pct">,</c> <w type="PPS">she</w> <w type="RB">also</w> <w type="BEDZ">was</w> <w type="AT">a</w> <w type="NN">sadist</w> <c type="pct">,</c> <w type="AT">a</w> <w type="NN">nymphomaniac</w> <w type="CC">and</w> <w type="QL">unobtrusively</w> <w type="JJ">mad</w> <c type="pct">--</c> <w type="AT">the</w> <w type="NN">perpetrator</w> <w type="IN">of</w> <w type="DTI">some</w> <w type="IN">of</w> <w type="AT">the</w> <w type="JJT">worst</w> <w type="NNS">crimes</w> <w type="IN">against</w> <w type="NN">humanity</w> <w type="RB">ever</w> <w type="VBN">committed</w> <w type="IN">on</w> <w type="JJ">American</w> <w type="NN">soil</w> <c type="pct">.</c> </s>
</p>
<p><s n="20"><w type="NP">Madame</w> <w type="NP">Lalaurie</w> <w type="VBD">gestured</w> <w type="IN">with</w> <w type="PPO">her</w> <w type="VBG">riding</w> <w type="NN">crop</w> <w type="IN">toward</w> <w type="AT">the</w> <w type="JJ">20-year-old</w> <w type="NN">youth</w> <w type="WPS">who</w> <w type="BEDZ">was</w> <w type="VBG">stomping</w> <w type="CC">and</w> <w type="VBG">writhing</w> <w type="IN">with</w> <w type="AT">the</w> <w type="NN">king</w> <w type="NN">snake</w> <w type="RB">still</w> <w type="VBN">draped</w> <w type="IN">over</w> <w type="PPg">his</w> <w type="JJ">bare</w> <w type="NNS">shoulders</w> <c type="pct">.</c> </s>
<s n="21"><w type="AT">The</w> <w type="JJ">slender</w> <c type="pct">,</c> <w type="JJ">handsome</w> <w type="NN">fellow</w> <w type="BEDZ">was</w> <w type="VBN">called</w> <w type="NP">Dandy</w> <w type="NP">Brandon</w> <w type="IN">by</w> <w type="AT">the</w> <w type="AP">other</w> <w type="NNS">slaves</w> <c type="pct">.</c> </s>
<s n="22"><w type="PPS">He</w> <w type="BEDZ">was</w> <w type="JJ">gifted</w> <w type="IN">with</w> <w type="NN">animal</w> <w type="NN">magnetism</w> <w type="CC">and</w> <w type="AT">a</w> <w type="JJ">potent</w> <w type="NN">allure</w> <w type="IN">for</w> <w type="NNS">women</w> <w type="IN">of</w> <w type="DTI">any</w> <w type="NN">race</w> <c type="pct">.</c> </s>
<s n="23"><w type="CC">But</w> <w type="NP">Dandy</w> <w type="HVD">had</w> <w type="HVN">had</w> <w type="AP">little</w> <w type="NN">experience</w> <w type="IN">with</w> <w type="NNS">girls</w> <w type="IN">on</w> <w type="PPg">his</w> <w type="NNg">master's</w> <w type="NN">plantation</w> <w type="IN">in</w> <w type="NP" subtype="TL">Bayou</w> <w type="NN" subtype="TL">St.</w> <w type="NP" subtype="TL">John</w> <c type="pct">.</c> </s>
</p>
<p><s n="24"><w type="JJ">Shy</w> <c type="pct">,</c> <w type="RB">actually</w> <c type="pct">,</c> <w type="PPS">he</w> <w type="VBD">avoided</w> <w type="JJ">feminine</w> <w type="NNS">overtures</w> <w type="CC">and</w> <w type="VBD">seemed</w> <w type="QL">truly</w> <w type="JJ">ignorant</w> <w type="IN">of</w> <w type="AT">the</w> <w type="NNSg">girls'</w> <w type="NNS">desires</w> <w type="WRB">when</w> <w type="PPSS">they</w> <w type="VBD">sought</w> <w type="TO">to</w> <w type="VB">make</w> <w type="NNS">liaisons</w> <w type="IN">with</w> <w type="PPO">him</w> <w type="IN">in</w> <w type="AT">the</w> <w type="JJ">open</w> <w type="NNS">fields</w> <c type="pct">,</c> <w type="IN">in</w> <w type="NNS">carriages</w> <w type="CC">and</w> <w type="IN">in</w> <w type="NNS">boathouses</w> <c type="pct">.</c> </s>
</p>
<p><s n="25"><w type="DT">This</w> <w type="JJ">young</w> <w type="NN">slave</w> <w type="BEDZ">was</w> <w type="RB">therefore</w> <w type="QL">quite</w> <w type="JJ">unprepared</w> <w type="WRB">when</w> <w type="NP">Delphine</w> <w type="NP">Lalaurie</w> <w type="VBD">signaled</w> <w type="CS">that</w> <w type="PPS">she</w> <w type="VBD">wanted</w> <w type="PPO">him</w> <w type="TO">to</w> <w type="VB">draw</w> <w type="RB">near</w> <c type="pct">.</c> </s>
<s n="26"><w type="AT">The</w> <w type="NN">woman</w> <w type="VBD">eyed</w> <w type="AT">the</w> <w type="NN">youth</w> <w type="IN">with</w> <w type="AT">the</w> <w type="NN">avidity</w> <w type="AT">a</w> <w type="NN">coin</w> <w type="NN">collector</w> <w type="MD">might</w> <w type="VB">display</w> <w type="IN">toward</w> <w type="AT">a</w> <w type="JJ">rare</w> <w type="NN">doubloon</w> <w type="WDT">which</w> <w type="BEZ">is</w> <w type="NEG">not</w> <w type="RB">yet</w> <w type="IN">in</w> <w type="PPg">his</w> <w type="NN">collection</w> <c type="pct">.</c> </s>
</p>
<p><s n="27"><c type="pct">``</c> <w type="WDT">What</w> <w type="BEZ">is</w> <w type="PPg">your</w> <w type="NN">name</w> <c type="pct">,</c> <w type="NN">boy</w> <c type="pct">?</c> <c type="pct">?</c> </s>
<s n="28"><w type="VB">Come</w> <w type="AT">a</w> <w type="NN">bit</w> <w type="RBR">closer</w> <c type="pct">.</c> </s>
<s n="29"><w type="PPSS">I</w> <mw pos="MD *">won't </mw><w type="VB">bite</w> <c type="pct">,</c> <w type="PPSS">you</w> <w type="VB">know</w> <c type="pct">''</c> <c type="pct">.</c> </s>
</p>
<p><s n="30"><w type="PPS">He</w> <w type="VBD">gaped</w> <w type="IN">at</w> <w type="NP">Madame</w> <w type="NP">Lalaurie</w> <w type="CC">and</w> <w type="VBD">sniffed</w> <w type="AT">the</w> <w type="NP">Paris</w> <w type="NN">perfume</w> <w type="WDT">which</w> <w type="VBD">emanated</w> <w type="IN">from</w> <w type="PPO">her</w> <c type="pct">.</c> </s>
<s n="31"><w type="RB">Then</w> <w type="PPS">he</w> <w type="VBD">smiled</w> <w type="RB">shyly</w> <c type="pct">.</c> </s>
<s n="32"><c type="pct">``</c> <w type="PPg">My</w> <w type="NN">name</w> <w type="BEZ">is</w> <w type="NP">Dandy</w> <w type="NP">Brandon</w> <c type="pct">,</c> <w type="NN">missy</w> <c type="pct">.</c> </s>
<s n="33"><w type="PPSS">I</w> <w type="VB">belong</w> <w type="IN">to</w> <w type="NN" subtype="TL">Master</w> <w type="NP">Alexander</w> <w type="NP">Prieur</w> <c type="pct">''</c> <c type="pct">.</c> </s>
</p>
<p><s n="34"><w type="PPS">She</w> <w type="VBD">said</w> <w type="IN">with</w> <w type="JJ">intense</w> <w type="NN">feeling</w> <c type="pct">:</c> <c type="pct">``</c> <w type="VB">Come</w> <w type="RB">near</w> <c type="pct">,</c> <w type="VB">let</w> <w type="PPO">me</w> <w type="VB">feel</w> <w type="PPg">your</w> <w type="NNS">arms</w> <c type="pct">.</c> </s>
<s n="35"><w type="PPSS">You</w> <w type="VB">look</w> <w type="QL">quite</w> <w type="JJ">strong</w> <w type="CC">and</w> <w type="JJ">healthy</w> <w type="IN">to</w> <w type="PPO">me</w> <c type="pct">,</c> <w type="NP">Dandy</w> <c type="pct">''</c> <c type="pct">.</c> </s>
</p>
<p><s n="36"><w type="NP">Mrs.</w> <w type="NP">Lalaurie</w> <w type="RB">impatiently</w> <w type="VBD">propelled</w> <w type="AT">the</w> <w type="NN">slave</w> <w type="IN">toward</w> <w type="PPO">her</w> <w type="VBG">waiting</w> <w type="NN">carriage</w> <c type="pct">.</c> </s>
<s n="37"><w type="VBG">Lifting</w> <w type="PPg">her</w> <w type="NNS">skirts</w> <c type="pct">,</c> <w type="PPS">she</w> <w type="VBD">climbed</w> <w type="RP">in</w> <c type="pct">,</c> <w type="RB">never</w> <w type="VBG">relinquishing</w> <w type="PPg">her</w> <w type="NN">grip</w> <w type="IN">on</w> <w type="PPg">his</w> <w type="NN">arm</w> <c type="pct">.</c> </s>
<s n="38"><w type="AT">The</w> <w type="NN">woman</w> <w type="VBD">seemed</w> <w type="RB">utterly</w> <w type="JJ">unafraid</w> <w type="IN">of</w> <w type="AT">the</w> <w type="NN">snake</w> <w type="WDT">which</w> <w type="VBD">coiled</w> <w type="IN">on</w> <w type="AT">the</w> <w type="NN">floor</w> <w type="IN">in</w> <w type="AT">a</w> <w type="NN">torpor</w> <c type="pct">.</c> </s>
</p>
<p><s n="39"><w type="RB">Once</w> <w type="IN">inside</w> <w type="AT">the</w> <w type="JJ">luxuriosly-upholstered</w> <w type="NN">landau</w> <c type="pct">,</c> <w type="PPS">she</w> <w type="VBD">drew</w> <w type="AT">the</w> <w type="NNS">curtains</w> <w type="CC">and</w> <w type="VBD">proceeded</w> <w type="TO">to</w> <w type="VB">give</w> <w type="AT">the</w> <w type="VBN">startled</w> <w type="NN">youth</w> <w type="AT">the</w> <w type="NN">kind</w> <w type="IN">of</w> <w type="JJ">physical</w> <w type="NN">examination</w> <w type="RB">usually</w> <w type="VBN">reserved</w> <w type="IN">for</w> <w type="NN">army</w> <w type="NNS">inductees</w> <c type="pct">.</c> </s>
<s n="40"><w type="VBN">Satisfied</w> <w type="IN">at</w> <w type="RB">last</w> <c type="pct">,</c> <w type="CC">and</w> <w type="CS">after</w> <w type="AT">a</w> <w type="AP">few</w> <w type="JJ">amorous</w> <w type="NNS">gambits</w> <w type="IN">on</w> <w type="PPg">her</w> <w type="NN">part</w> <w type="WDT">which</w> <w type="VBD">convinced</w> <w type="NP">Delphine</w> <w type="CS">that</w> <w type="NP">Dandy</w> <w type="BEDZ">was</w> <w type="JJ">capable</w> <w type="IN">of</w> <w type="VBG">learning</w> <w type="JJ">new</w> <w type="NNS">arts</w> <c type="pct">,</c> <w type="PPS">she</w> <w type="VBD">opened</w> <w type="AT">the</w> <w type="NN">window</w> <w type="CC">and</w> <w type="VBD">called</w> <w type="IN">to</w> <w type="PPg">her</w> <w type="JJ">liveried</w> <w type="NN">driver</w> <c type="pct">.</c> </s>
<s n="41"><w type="DT">This</w> <w type="BEDZ">was</w> <w type="AT">the</w> <w type="JJ">big</w> <w type="NN">man</w> <w type="IN">with</w> <w type="AT">the</w> <w type="JJ">proprietory</w> <w type="NN">air</w> <w type="CC">and</w> <w type="AT">the</w> <w type="JJ">beetling</w> <c type="pct">,</c> <w type="JJ">shaggy</w> <w type="NNS">eyebrows</w> <c type="pct">.</c> </s>
</p>
<p><s n="42"><c type="pct">``</c> <w type="NP">Aristide</w> <c type="pct">!</c> <c type="pct">!</c> </s>
<s n="43"><w type="PPSS">I</w> <w type="VB">want</w> <w type="PPO">you</w> <w type="TO">to</w> <w type="VB">find</w> <w type="NP">Monsieur</w> <w type="NP">Prieur</w> <w type="IN">at</w> <w type="RB">once</w> <w type="CC">and</w> <w type="VB">give</w> <w type="PPO">him</w> <w type="DT">this</w> <w type="NN">money</w> <w type="IN">for</w> <w type="AT">the</w> <w type="NNg">boy's</w> <w type="NN">purchase</w> <c type="pct">.</c> </s>
<s n="44"><mw pos="EX BEZ">There's </mw><w type="NNS">$600</w> <w type="IN">in</w> <w type="NN">gold</w> <w type="IN">in</w> <w type="DT">this</w> <w type="NN">chamois</w> <w type="NN">sack</w> <c type="pct">.</c> </s>
<s n="45"><w type="CS">If</w> <w type="AT">the</w> <w type="JJ">old</w> <w type="NN">fool</w> <w type="VBZ">argues</w> <w type="IN">about</w> <w type="AT">the</w> <w type="NN">price</w> <c type="pct">,</c> <w type="VB">tell</w> <w type="PPO">him</w> <w type="PPSS">I</w> <w type="MD">shall</w> <w type="VB">order</w> <w type="PPg">my</w> <w type="NN">husband</w> <w type="NEG">not</w> <w type="TO">to</w> <w type="VB">treat</w> <w type="PPO">him</w> <w type="CS">as</w> <w type="AT">a</w> <w type="NN">patient</w> <w type="DTI">any</w> <w type="JJR">longer</w> <c type="pct">.</c> </s>
<s n="46"><w type="NP">Prieur</w> <w type="HVZ">has</w> <w type="NN">gout</w> <w type="CC">and</w> <w type="VBZ">depends</w> <w type="IN">on</w> <w type="NPg">Louis'</w> <w type="NNS">pills</w> <w type="CC">and</w> <w type="NNS">bleedings</w> <c type="pct">.</c> </s>
<s n="47"><w type="RB">Besides</w> <c type="pct">,</c> <w type="PPS">he</w> <w type="VBZ">owns</w> <w type="CD">300</w> <w type="NNS">slaves</w> <c type="pct">.</c> </s>
<s n="48"><w type="CD">One</w> <w type="AP">less</w> <mw pos="MD *">shouldn't </mw><w type="VB">matter</w> <w type="IN">to</w> <w type="PPO">him</w> <c type="pct">''</c> <c type="pct">.</c> </s>
</p>
<p><s n="49"><w type="NP">Aristide</w> <w type="NP">Devol</w> <c type="pct">,</c> <w type="AT">the</w> <w type="JJ">sardonic</w> <w type="NN">manservant</w> <w type="WPS">who</w> <w type="HVD">had</w> <w type="BEN">been</w> <w type="VBN">brought</w> <w type="IN">in</w> <w type="NNS">chains</w> <w type="NNS">years</w> <w type="RB">before</w> <w type="IN">from</w> <w type="PPg">his</w> <w type="NN">native</w> <w type="NP">Sierra</w> <w type="NP">Leone</w> <c type="pct">,</c> <w type="VBD">smiled</w> <w type="RB">thinly</w> <w type="CC">and</w> <w type="VBD">touched</w> <w type="PPg">his</w> <w type="JJ">well-brushed</w> <w type="NN">beaver</w> <w type="NN">hat</w> <c type="pct">.</c> </s>
<s n="50"><w type="PPg">His</w> <w type="JJ">bold</w> <w type="NNS">eyes</w> <w type="VBD">raked</w> <w type="AT">the</w> <w type="NN">woman</w> <c type="pct">,</c> <w type="CC">and</w> <w type="AT">a</w> <w type="JJ">perceptive</w> <w type="NN">spectator</w> <w type="MD">might</w> <w type="VB">sense</w> <w type="CS">that</w> <w type="EX">there</w> <w type="BEDZ">was</w> <w type="AP">more</w> <w type="IN">to</w> <w type="PPg">their</w> <w type="NN">relationship</w> <w type="CS">than</w> <w type="DT">that</w> <w type="IN">of</w> <w type="NN">slave</w> <w type="IN">to</w> <w type="NN">owner</w> <c type="pct">.</c> </s>
</p>
<p><s n="51"><c type="pct">``</c> <w type="DT">Another</w> <w type="NN">youth</w> <c type="pct">,</c> <w type="NP">Madame</w> <c type="pct">''</c> <c type="pct">?</c> <c type="pct">?</c> </s>
<s n="52"><w type="AT">The</w> <w type="NN">coachman</w> <w type="VBD">said</w> <w type="RB">softly</w> <c type="pct">.</c> </s>
<s n="53"><c type="pct">``</c> <w type="DT">This</w> <w type="CD">one</w> <w type="BEZ">is</w> <w type="AT">a</w> <w type="JJ">tender</w> <w type="NN">chicken</w> <c type="pct">,</c> <w type="RB" subtype="FW">oui</w> <c type="pct">?</c> <c type="pct">?</c> </s>
<s n="54"><w type="JJ">Such</w> <w type="JJ">delicate</w> <w type="NN">beauty</w> <c type="pct">,</c> <w type="JJ">such</w> <w type="JJ">fine</w> <w type="NN">flesh</w> <c type="pct">.</c> </s>
<s n="55"><w type="PPS">It</w> <w type="MD">will</w> <w type="VB">rip</w> <w type="CC">and</w> <w type="VB">shred</w> <w type="RB">easily</w> <w type="IN">for</w> <w type="NP">Madame</w> <c type="pct">''</c> <c type="pct">.</c> </s>
</p>
<p><s n="56"><c type="pct">``</c> <w type="BE">Be</w> <w type="JJ">quiet</w> <c type="pct">,</c> <w type="NP">Devol</w> <c type="pct">!</c> <c type="pct">!</c> </s>
<s n="57"><w type="PPSS">You</w> <w type="BER">are</w> <w type="VBG">forgetting</w> <w type="PPg">your</w> <w type="NN">place</w> <c type="pct">''</c> <c type="pct">.</c> </s>
</p>
<p><s n="58"><w type="AT">The</w> <w type="JJ">tall</w> <w type="NN">coachman</w> <w type="VBD">walked</w> <w type="RP">off</w> <w type="RB">briskly</w> <w type="IN">in</w> <w type="NN">search</w> <w type="IN">of</w> <w type="NP">Alexander</w> <w type="NP">Prieur</w> <c type="pct">.</c> </s>
<s n="59"><w type="NP">Delphine</w> <w type="NP">Lalaurie</w> <w type="VBD">took</w> <w type="AT">the</w> <w type="NNS">reins</w> <w type="IN">in</w> <w type="PPg">her</w> <w type="VBN">gloved</w> <w type="NNS">hands</w> <w type="CC">and</w> <w type="VBD">drove</w> <w type="NP">Dandy</w> <w type="NP">Brandon</w> <c type="pct">--</c> <w type="VBG">cowering</w> <w type="IN">in</w> <w type="AT">the</w> <w type="NN">back</w> <w type="NN">seat</w> <w type="IN">of</w> <w type="AT">the</w> <w type="NN">carriage</w> <c type="pct">--</c> <w type="IN">to</w> <w type="PPg">her</w> <w type="NN">mansion</w> <w type="IN">at</w> <w type="CD" subtype="TL">677</w> <w type="NP" subtype="TL">Perdido</w> <w type="NN" subtype="TL">Street</w> <c type="pct">.</c> </s>
</p>
<p><s n="60"><w type="NN" subtype="TL">Dr.</w> <w type="NP">Louis</w> <w type="NP">Lalaurie</w> <w type="VBD">stood</w> <w type="IN">on</w> <w type="AT">the</w> <w type="NN">veranda</w> <w type="IN">at</w> <w type="AT">the</w> <w type="NN">head</w> <w type="IN">of</w> <w type="AT">the</w> <w type="NN">driveway</w> <w type="CC">and</w> <w type="VBD">watched</w> <w type="PPg">his</w> <w type="NN">carriage</w> <w type="CS">as</w> <w type="PPS">it</w> <w type="VBD">approached</w> <w type="AT">the</w> <w type="VBN">pillared</w> <w type="NN">mansion</w> <c type="pct">.</c> </s>
<s n="61"><w type="NP">Dandy</w> <c type="pct">,</c> <w type="NN">curiosity</w> <w type="VBG">overcoming</w> <w type="PPg">his</w> <w type="NNS">apprehensions</w> <c type="pct">,</c> <w type="VBD">peered</w> <w type="RP">out</w> <w type="IN">at</w> <w type="AT">the</w> <w type="NN">doctor</w> <w type="IN">from</w> <w type="AT">the</w> <w type="NN">window</w> <w type="IN">of</w> <w type="AT">the</w> <w type="NN">vehicle</w> <c type="pct">.</c> </s>
<s n="62"><w type="PPS">He</w> <w type="VBD">saw</w> <w type="AT">a</w> <w type="JJ">pint-sized</w> <w type="NN">man</w> <w type="IN">with</w> <w type="AT">a</w> <w type="VBG">graying</w> <w type="NN">spade</w> <w type="NN">beard</w> <w type="CC">and</w> <w type="AT">an</w> <w type="RB">unusually</w> <w type="JJ">large</w> <w type="NN">head</w> <c type="pct">.</c> </s>
<s n="63"><w type="NN" subtype="TL">Dr.</w> <w type="NP">Lalaurie</w> <w type="VBD">wore</w> <w type="AT">a</w> <w type="JJ">maroon</w> <w type="VBG">smoking</w> <w type="NN">jacket</w> <c type="pct">,</c> <w type="CC">and</w> <w type="PPg">his</w> <w type="JJ">myopic</w> <w type="NNS">eyes</w> <w type="BED">were</w> <w type="JJ">blurry</w> <w type="CC">and</w> <w type="VBD">glistened</w> <w type="IN">behind</w> <w type="JJ">thick</w> <w type="JJ">octagonal</w> <w type="NNS">lenses</w> <c type="pct">.</c> </s>
<s n="64"><w type="PPS">He</w> <w type="BEDZ">was</w> <w type="RB">about</w> <w type="CD">50</w> <w type="NNS">years</w> <w type="JJ">old</w> <c type="pct">.</c> </s>
</p>
<p><s n="65"><c type="pct">``</c> <w type="DT">Another</w> <w type="JJ">young</w> <w type="NN">man</w> <c type="pct">,</c> <w type="PPg">my</w> <w type="NN">dear</w> <c type="pct">?</c> <c type="pct">?</c> </s>
<s n="66"><w type="RB">Really</w> <c type="pct">,</c> <w type="PPSS">you</w> <w type="BER">are</w> <w type="QL">most</w> <w type="JJ">indiscreet</w> <w type="TO">to</w> <w type="VB">drive</w> <w type="PPO">him</w> <w type="RB">here</w> <w type="PPL">yourself</w> <c type="pct">''</c> <c type="pct">,</c> <w type="PPS">he</w> <w type="VBD">said</w> <c type="pct">,</c> <w type="VBG">frowning</w> <w type="IN">with</w> <w type="NN">displeasure</w> <c type="pct">.</c> </s>
</p>
<p><s n="67"><w type="NP">Delphine</w> <w type="VBD">presented</w> <w type="PPg">her</w> <w type="NN">cheek</w> <w type="IN">for</w> <w type="AT">a</w> <w type="NN">kiss</w> <c type="pct">,</c> <w type="CC">and</w> <w type="AT">the</w> <w type="NN">physician</w> <w type="VBD">pecked</w> <w type="PPO">it</w> <w type="CS">like</w> <w type="AT">a</w> <w type="JJ">timid</w> <w type="NN">rooster</w> <c type="pct">.</c> </s>
</p>
<p><s n="68"><c type="pct">``</c> <w type="NP">Dandy</w> <w type="BEZ">is</w> <w type="TO">to</w> <w type="BE">be</w> <w type="PPg">our</w> <w type="NN">house</w> <w type="NN">guest</w> <c type="pct">,</c> <w type="NP">Louis</w> <c type="pct">.</c> </s>
<s n="69"><w type="PPSS">I</w> <w type="VB">want</w> <w type="AT">the</w> <w type="NN">room</w> <w type="IN">in</w> <w type="AT">the</w> <w type="NN">attic</w> <w type="VBN">prepared</w> <w type="IN">for</w> <w type="PPO">him</w> <w type="PPS">He</w> <w type="BEZ">is</w> <w type="AT">a</w> <w type="QL">most</w> <w type="JJ">unusual</w> <w type="NN">lad</w> <c type="pct">,</c> <w type="QL">quite</w> <w type="JJ">precocious</w> <w type="IN">in</w> <w type="AP">many</w> <w type="NNS">ways</w> <c type="pct">.</c> </s>
<s n="70"><w type="PPS">He</w> <w type="VBZ">deserves</w> <w type="AT">a</w> <w type="JJR">better</w> <w type="NN">life</w> <w type="CS">than</w> <w type="RB">just</w> <w type="VBG">rotting</w> <w type="RB">away</w> <w type="IN">on</w> <w type="AT">the</w> <w type="NP">Prieur</w> <w type="NN">plantation</w> <c type="pct">''</c> <c type="pct">.</c> </s>
</p>
<p><s n="71"><c type="pct">``</c> <w type="QL">Quite</w> <w type="RB">so</w> <c type="pct">,</c> <w type="PPg">my</w> <w type="NN">dear</w> <c type="pct">.</c> </s>
<s n="72"><w type="PPg">His</w> <w type="NN">room</w> <w type="MD">will</w> <w type="BE">be</w> <w type="JJ">ready</w> <w type="RB">shortly</w> <c type="pct">''</c> <c type="pct">.</c> </s>
</p>
<p><s n="73"><w type="AT">The</w> <w type="NN">physician</w> <w type="VBD">led</w> <w type="AT">the</w> <w type="NNS">horses</w> <w type="IN">to</w> <w type="AT">the</w> <w type="NN">stable</w> <w type="CS">after</w> <w type="AT">a</w> <w type="JJ">cursory</w> <w type="NN">glance</w> <w type="IN">at</w> <w type="AT">the</w> <w type="VBG">cringing</w> <w type="NN">slave</w> <c type="pct">.</c> </s>
<s n="74"><w type="HVD">Had</w> <w type="NP">Dandy</w> <w type="BEN">been</w> <w type="JJR">older</w> <w type="CC">or</w> <w type="JJR">wiser</w> <c type="pct">,</c> <w type="NN">instinct</w> <w type="MD">might</w> <w type="HV">have</w> <w type="VBN">warned</w> <w type="PPO">him</w> <w type="CS">that</w> <w type="PPS">he</w> <w type="MD">would</w> <w type="BE">be</w> <w type="RB">well</w> <w type="VBN">advised</w> <w type="TO">to</w> <w type="VB">flee</w> <w type="IN">from</w> <w type="AT">the</w> <w type="NPSg">Lalauries'</w> <w type="JJ">tender</w> <w type="NN">care</w> <w type="CS">if</w> <w type="PPS">he</w> <w type="VBD">valued</w> <w type="PPg">his</w> <w type="NN">life</w> <c type="pct">.</c> </s>
</p>
<p><s n="75"><w type="CC">But</w> <w type="PPS">he</w> <w type="VBD">liked</w> <w type="AT">the</w> <w type="NN">smell</w> <w type="IN">of</w> <w type="NPg">Delphine's</w> <w type="NN">perfume</w> <c type="pct">.</c> </s>
<s n="76"><w type="RB">Besides</w> <c type="pct">,</c> <w type="PPg">her</w> <w type="NNS">endearments</w> <w type="CC">and</w> <w type="NNS">caresses</w> <w type="IN">in</w> <w type="AT">the</w> <w type="NN">carriage</w> <w type="HVD">had</w> <w type="BEN">been</w> <w type="JJ">new</w> <w type="CC">and</w> <w type="JJ">stirring</w> <w type="NNS">experiences</w> <w type="IN">to</w> <w type="AT">the</w> <w type="JJ">simple</w> <w type="NN">youth</w> <c type="pct">.</c> </s>
<s n="77"><w type="RB">Also</w> <c type="pct">,</c> <w type="PPS">he</w> <w type="BEDZ">was</w> <w type="JJ">weary</w> <w type="IN">of</w> <w type="NN">plantation</w> <w type="NN">drudgery</w> <w type="CC">and</w> <w type="NN">monotony</w> <c type="pct">.</c> </s>
</p>
<p><s n="78"><w type="CS">So</w> <w type="NP">Dandy</w> <w type="NP">Brandon</w> <w type="RB">trustingly</w> <w type="VBD">entered</w> <w type="AT">the</w> <w type="NN">house</w> <w type="IN">with</w> <w type="NP">Delphine</w> <w type="NP">Lalaurie</w> <w type="CC">and</w> <w type="VBD">trudged</w> <w type="IN">up</w> <w type="AT">the</w> <w type="JJ">rear</w> <w type="NNS">steps</w> <w type="IN">to</w> <w type="AT">the</w> <w type="NN">attic</w> <w type="NN">room</w> <w type="WDT">which</w> <w type="BEDZ">was</w> <w type="TO">to</w> <w type="BE">be</w> <w type="PPg">his</w> <w type="JJ">new</w> <w type="NR">home</w> <c type="pct">.</c> </s>
<s n="79"><w type="JJ">Airless</w> <w type="CC">and</w> <w type="JJ">dingy</w> <w type="CS">though</w> <w type="PPS">it</w> <w type="BEDZ">was</w> <c type="pct">,</c> <w type="AT">the</w> <w type="NN">attic</w> <w type="VBD">represented</w> <w type="NN">luxury</w> <w type="IN">to</w> <w type="AT">a</w> <w type="NN">slave</w> <w type="WPS">who</w> <w type="HVD">had</w> <w type="VBN">led</w> <w type="AT">a</w> <w type="JJ">wretched</w> <w type="NN">life</w> <w type="IN">with</w> <w type="CD">six</w> <w type="NNS">brothers</w> <w type="CC">and</w> <w type="NNS">sisters</w> <w type="CC">and</w> <w type="VBN">assorted</w> <w type="NNS">relatives</w> <w type="IN">in</w> <w type="AT">a</w> <w type="NN">shanty</w> <w type="IN">at</w> <w type="NP" subtype="TL">Bayou</w> <w type="NN" subtype="TL">St.</w> <w type="NP" subtype="TL">John</w> <c type="pct">.</c> </s>
</p>
<p><s n="80"><w type="PPS">He</w> <w type="VBD">bounced</w> <w type="RB">exuberantly</w> <w type="IN">on</w> <w type="AT">the</w> <w type="VBG">sagging</w> <w type="NN">bed</w> <w type="CC">and</w> <w type="BEDZ">was</w> <w type="QL">even</w> <w type="QL">more</w> <w type="VBN">delighted</w> <w type="WRB">when</w> <w type="NP">Madame</w> <w type="NP">Lalaurie</w> <c type="pct">--</c> <w type="CS">after</w> <w type="VBG">closing</w> <w type="AT">the</w> <w type="NN">door</w> <c type="pct">--</c> <w type="VBD">showed</w> <w type="AT">the</w> <w type="NN">slave</w> <w type="CS">that</w> <w type="AT">the</w> <w type="NN">bed</w> <w type="BEDZ">was</w> <w type="VBN">designed</w> <w type="IN">for</w> <w type="PN">something</w> <w type="AP">other</w> <w type="IN">than</w> <w type="NN">slumber</w> <c type="pct">.</c> </s>
</p>
<p><s n="81"><w type="PPS">It</w> <w type="BEDZ">was</w> <w type="RB">just</w> <w type="QL">as</w> <w type="RB">well</w> <w type="CS">that</w> <w type="AT">the</w> <w type="JJ">ignorant</w> <w type="NP">Dandy</w> <w type="VBD">enjoyed</w> <w type="PPL">himself</w> <w type="IN">to</w> <w type="AT">the</w> <w type="NN">hilt</w> <w type="DT">that</w> <w type="OD">first</w> <w type="NN">evening</w> <c type="pct">,</c> <w type="CS">for</w> <w type="AT">the</w> <w type="NN">room</w> <w type="BEDZ">was</w> <w type="TO">to</w> <w type="VB">become</w> <w type="PPg">his</w> <w type="NN">prison</w> <w type="NN">cell</w> <c type="pct">.</c> </s>
<s n="82"><w type="WRB">When</w> <w type="PPS">he</w> <w type="RB">finally</w> <w type="VBD">left</w> <w type="AT">the</w> <w type="JJ">sinister</w> <w type="NN">mansion</w> <w type="IN">on</w> <w type="NP" subtype="TL">Perdido</w> <w type="NN" subtype="TL">Street</w> <c type="pct">,</c> <w type="PPS">he</w> <w type="BEDZ">was</w> <w type="VBN">carried</w> <w type="RP">out</w> <w type="IN">in</w> <w type="AT">a</w> <w type="NNg">coroner's</w> <w type="NN">basket</w> <c type="pct">.</c> </s>
</p>
<p><s n="83"><w type="RB">Just</w> <w type="CD">six</w> <w type="NNS">weeks</w> <w type="IN">after</w> <w type="NP">Dandy</w> <w type="NPg">Brandon's</w> <w type="NN">arrival</w> <w type="IN">at</w> <w type="AT">the</w> <w type="NN">mansion</w> <c type="pct">,</c> <w type="AT">the</w> <w type="JJ">little</w> <w type="NN">surgeon</w> <w type="CC">and</w> <w type="PPg">his</w> <w type="JJ">svelte</w> <w type="JJ">young</w> <w type="NN">wife</w> <w type="VBD">gave</w> <w type="PPg">their</w> <w type="JJ">annual</w> <w type="JJ">open</w> <w type="NN">house</w> <w type="CC">and</w> <w type="NN">ball</w> <c type="pct">,</c> <w type="IN">to</w> <w type="WDT">which</w> <w type="RB">only</w> <w type="JJ" subtype="TL">New</w> <w type="NPg" subtype="TL">Orleans'</w> <w type="JJT">oldest</w> <w type="CC">and</w> <w type="JJT">wealthiest</w> <w type="NNS">families</w> <w type="BED">were</w> <w type="VBN">invited</w> <c type="pct">.</c> </s>
</p>
<p><s n="84"><w type="AT">A</w> <w type="VBN">stringed</w> <w type="NN">orchestra</w> <w type="VBD">played</w> <w type="RB">softly</w> <w type="IN">behind</w> <w type="AT">the</w> <w type="VBN">potted</w> <w type="NNS">palms</w> <c type="pct">,</c> <w type="CC">and</w> <w type="NP">Delphine</w> <w type="VBD">circulated</w> <w type="RB">graciously</w> <w type="IN">among</w> <w type="PPO">her</w> <w type="NNS">guests</w> <c type="pct">,</c> <w type="VBG">chatting</w> <w type="RB">airily</w> <w type="IN">of</w> <w type="AT">the</w> <w type="JJ">forthcoming</w> <w type="NNS">races</w> <c type="pct">,</c> <w type="AT">the</w> <w type="JJT">latest</w> <w type="NNS">fashions</w> <w type="IN">from</w> <w type="NP">Paris</w> <c type="pct">,</c> <w type="CC">and</w> <w type="NP">Louisiana</w> <w type="NN">politics</w> <c type="pct">.</c> </s>
</p>
<p><s n="85"><w type="RB">Suddenly</w> <w type="EX">there</w> <w type="BEDZ">was</w> <w type="AT">a</w> <w type="NN">commotion</w> <w type="RB">upstairs</w> <c type="pct">,</c> <w type="AT">a</w> <w type="VBG">despairing</w> <w type="JJ">boyish</w> <w type="NN">shriek</w> <c type="pct">,</c> <w type="CC">and</w> <w type="AT">the</w> <w type="NNS">strains</w> <w type="IN">of</w> <w type="AT">the</w> <w type="NN">waltz</w> <w type="VBD">faltered</w> <w type="CC">and</w> <w type="VBD">died</w> <w type="CS">as</w> <w type="AT">the</w> <w type="NNS">musicians</w> <w type="CC">and</w> <w type="NNS">guests</w> <w type="VBD">gaped</w> <w type="IN">at</w> <w type="AT">an</w> <w type="NN">apparition</w> <w type="VBG">descending</w> <w type="AT">the</w> <w type="NN">marble</w> <w type="NN">staircase</w> <c type="pct">.</c> </s>
</p>
<p><s n="86"><w type="PPS">It</w> <w type="BEDZ">was</w> <w type="NP">Dandy</w> <w type="NP">Brandon</w> <c type="pct">,</c> <w type="VBN">clad</w> <w type="RB">only</w> <w type="IN">in</w> <w type="AT">a</w> <w type="JJ">bloody</w> <w type="NN">loincloth</w> <c type="pct">,</c> <w type="VBN">emaciated</w> <w type="CC">and</w> <w type="VBG">quaking</w> <w type="CS">as</w> <w type="CS">if</w> <w type="AT">the</w> <w type="NN">devil</w> <w type="BED">were</w> <w type="VBG">breathing</w> <w type="JJ">hard</w> <w type="IN">on</w> <w type="PPO">him</w> <c type="pct">.</c> </s>
<s n="87"><w type="AT">The</w> <w type="NNg">lad's</w> <w type="RB">once</w> <w type="JJ">superb</w> <w type="NN">body</w> <w type="BEDZ">was</w> <w type="AT">a</w> <w type="NN">mass</w> <w type="IN">of</w> <w type="NNS">scars</w> <w type="CC">and</w> <w type="NNS">welts</w> <c type="pct">.</c> </s>
<s n="88"><w type="PPg">His</w> <w type="VBN">pinched</w> <w type="NN">face</w> <w type="VBD">showed</w> <w type="AT">the</w> <w type="NNS">ravages</w> <w type="IN">of</w> <w type="NN">malnutrition</w> <c type="pct">.</c> </s>
</p>
<p><s n="89"><w type="RB">Feebly</w> <w type="PPS">he</w> <w type="VBD">pointed</w> <w type="AT">an</w> <w type="VBG">accusing</w> <w type="NN">finger</w> <w type="IN">at</w> <w type="NP">Madame</w> <w type="NP">Lalaurie</w> <w type="CC">and</w> <w type="VBD">shouted</w> <c type="pct">:</c> <c type="pct">``</c> <w type="JJ">Evil</w> <w type="NN">woman</w> <c type="pct">!</c> <c type="pct">!</c> </s>
<s n="90"><w type="PPSS">You</w> <w type="DOD">did</w> <w type="DT">this</w> <w type="PPSS">you</w> <w type="VB">like</w> <w type="TO">to</w> <w type="VB">hurt</w> <w type="TO">to</w> <w type="VB">beat</w> <w type="NNS">people</w> <w type="PPSS">I</w> <w type="VB">want</w> <w type="TO">to</w> <w type="VB">go</w> <w type="NR">home</w> <c type="pct">''</c> <c type="pct">.</c> </s>
</p>
<p><s n="91"><w type="DTS">These</w> <w type="BED">were</w> <w type="AT">the</w> <w type="AP">last</w> <w type="NNS">words</w> <w type="PPS">he</w> <w type="RB">ever</w> <w type="VBD">uttered</w> <c type="pct">.</c> </s>
<s n="92"><w type="RB">Convulsively</w> <c type="pct">,</c> <w type="PPS">he</w> <w type="VBD">spat</w> <w type="RP">up</w> <w type="DTI">some</w> <w type="NN">blood</w> <w type="CC">and</w> <w type="VBD">collapsed</w> <w type="IN">into</w> <w type="AT">the</w> <w type="NNS">arms</w> <w type="IN">of</w> <w type="NN" subtype="TL">Senator</w> <w type="NP">Gaston</w> <w type="NP">Berche</w> <c type="pct">,</c> <w type="VBG">crimsoning</w> <w type="AT">the</w> <w type="JJ">frilly</w> <w type="NN">shirt</w> <w type="CC">and</w> <w type="NN">waistcoat</w> <w type="AT">the</w> <w type="NN">politician</w> <w type="VBD">wore</w> <c type="pct">.</c> </s>
</p>
<p><s n="93"><w type="NN" subtype="TL">Dr.</w> <w type="NP">Louis</w> <w type="NP">Lalaurie</w> <w type="VBD">examined</w> <w type="AT">the</w> <w type="JJ">inert</w> <w type="NN">form</w> <w type="IN">of</w> <w type="AT">the</w> <w type="NN">slave</w> <w type="IN">on</w> <w type="AT">the</w> <w type="NN">parquet</w> <w type="NN">dance</w> <w type="NN">floor</w> <w type="CC">and</w> <w type="VBD">pronounced</w> <w type="PPO">him</w> <w type="JJ">dead</w> <c type="pct">.</c> </s>
<s n="94"><w type="AT">The</w> <w type="NN">ball</w> <w type="VBD">broke</w> <w type="RP">up</w> <w type="IN">in</w> <w type="NN">confusion</w> <c type="pct">.</c> </s>
<s n="95"><w type="NNS">Guests</w> <w type="VBD">stared</w> <w type="IN">with</w> <w type="NN">horror</w> <w type="IN">at</w> <w type="NP">Madame</w> <w type="NP">Lalaurie</w> <w type="CC">and</w> <w type="VBD">made</w> <w type="JJ">speedy</w> <w type="NNS">departures</w> <c type="pct">.</c> </s>
<s n="96"><w type="NP">Delphine</w> <w type="VBD">stood</w> <w type="CS">like</w> <w type="NN">stone</w> <c type="pct">,</c> <w type="PPg">her</w> <w type="NNS">eyes</w> <w type="JJ">alive</w> <w type="IN">with</w> <w type="NN">hate</w> <w type="CS">as</w> <w type="PPS">she</w> <w type="VBD">looked</w> <w type="RP">down</w> <w type="IN">at</w> <w type="AT">the</w> <w type="VBN">sheeted</w> <w type="NN">corpse</w> <c type="pct">.</c> </s>
</p>
<p><s n="97"><w type="CC">But</w> <w type="IN">at</w> <w type="AT">the</w> <w type="NNg">coroner's</w> <w type="NN">inquest</w> <w type="NP">Delphine</w> <w type="VBD">told</w> <w type="AT">a</w> <w type="JJ">forthright</w> <w type="NN">story</w> <c type="pct">.</c> </s>
</p>
<p><s n="98"><c type="pct">``</c> <w type="PPSS">I</w> <w type="VBD">saw</w> <w type="AT">the</w> <w type="NN">boy</w> <w type="NP">Dandy</w> <w type="IN">at</w> <w type="AT">the</w> <w type="NP" subtype="TL">Congo</w> <w type="NN" subtype="TL">Square</w> <w type="NNS">festivities</w> <w type="CC">and</w> <w type="VBD">felt</w> <w type="JJ">sorry</w> <w type="IN">for</w> <w type="PPO">him</w> <c type="pct">.</c> </s>
<s n="99"><w type="PPS">It</w> <w type="BEDZ">was</w> <w type="PPg">our</w> <w type="NN">hope</w> <w type="TO">to</w> <w type="VB">educate</w> <w type="PPO">him</w> <w type="CC">and</w> <w type="TO">to</w> <w type="VB">give</w> <w type="PPO">him</w> <w type="PPg">his</w> <w type="NN">freedom</w> <w type="WRB">when</w> <w type="AT">the</w> <w type="JJ">right</w> <w type="NN">time</w> <w type="VBD">came</w> <c type="pct">,</c> <w type="CS">for</w> <w type="PPS">he</w> <w type="BEDZ">was</w> <w type="AT">a</w> <w type="JJ">bright</w> <w type="CC">and</w> <w type="JJ">friendly</w> <w type="NN">youth</w> <w type="WPS">who</w> <w type="VBD">seemed</w> <w type="JJ">worthy</w> <w type="IN">of</w> <w type="PPg">our</w> <w type="NN">interest</w> <c type="pct">.</c> </s>
<s n="100"><w type="CS">After</w> <w type="PPSS">I</w> <w type="VBD">paid</w> <w type="NP">Monsieur</w> <w type="NP">Prieur</w> <w type="IN">for</w> <w type="NP">Dandy</w> <c type="pct">,</c> <w type="PPSS">I</w> <w type="VBD">brought</w> <w type="PPO">him</w> <w type="NR">home</w> <c type="pct">,</c> <w type="CC">but</w> <w type="PPS">he</w> <w type="BEDZ">was</w> <w type="JJ">ill</w> <w type="IN">at</w> <w type="NN">ease</w> <w type="CC">and</w> <w type="VBD">ran</w> <w type="RB">away</w> <w type="AT">the</w> <w type="AP">same</w> <w type="NN">night</w> <c type="pct">.</c> </s>
<s n="101"><w type="WRB">How</w> <w type="PPS">he</w> <w type="VBD">returned</w> <w type="IN">in</w> <w type="ABL">such</w> <w type="AT">a</w> <w type="JJ">ghastly</w> <w type="NN">condition</w> <c type="pct">,</c> <w type="CC">or</w> <w type="WRB">why</w> <c type="pct">,</c> <w type="PPSS">I</w> <mw pos="MD *">cannot </mw><w type="VB">say</w> <c type="pct">.</c> </s>
<s n="102"><w type="NN" subtype="TL">Dr.</w> <w type="NP">Lalaurie</w> <w type="CC">and</w> <w type="PPSS">I</w> <mw pos="DOD *">didn't </mw><w type="RB">even</w> <w type="VB">know</w> <w type="PPS">he</w> <w type="BEDZ">was</w> <w type="IN">in</w> <w type="AT">the</w> <w type="NN">house</w> <w type="IN">until</w> <w type="AT">the</w> <w type="NN">night</w> <w type="IN">of</w> <w type="PPg">our</w> <w type="NN">ball</w> <w type="WRB">when</w> <w type="PPS">he</w> <w type="VBD">came</w> <w type="IN">down</w> <w type="AT">the</w> <w type="NNS">stairs</w> <c type="pct">''</c> <c type="pct">.</c> </s>
</p>
<p><s n="103"><w type="PPS">She</w> <w type="VBD">daubed</w> <w type="IN">at</w> <w type="PPg">her</w> <w type="VBG">swimming</w> <w type="NNS">eyes</w> <w type="IN">with</w> <w type="AT">a</w> <w type="JJ">lacy</w> <w type="NN">handkerchief</w> <w type="CC">and</w> <w type="VBD">said</w> <w type="IN">with</w> <w type="JJ">obvious</w> <w type="NN">emotion</w> <c type="pct">:</c> <c type="pct">``</c> <w type="DT">That</w> <w type="JJ">poor</w> <w type="NN">boy</w> <c type="pct">!</c> <c type="pct">!</c> </s>
<s n="104"><w type="PPS">He</w> <w type="MD">must</w> <w type="HV">have</w> <w type="VBN">fallen</w> <w type="RP">in</w> <w type="IN">with</w> <w type="JJ">evil</w> <w type="NNS">companions</w> <c type="pct">,</c> <w type="CS">for</w> <w type="PPS">he</w> <w type="BEDZ">was</w> <w type="AT">a</w> <w type="JJ">simple</w> <w type="NN">youth</w> <w type="CC">and</w> <w type="QL">quite</w> <w type="JJ">trusting</w> <w type="CC">and</w> <w type="JJ">inexperienced</w> <c type="pct">.</c> </s>
<s n="105"><w type="NNS">Ruffians</w> <w type="MD">must</w> <w type="HV">have</w> <w type="VBN">robbed</w> <w type="CC">and</w> <w type="VBN">beaten</w> <w type="PPO">him</w> <w type="CS">before</w> <w type="VBG">bringing</w> <w type="PPO">him</w> <w type="RB">back</w> <w type="IN">to</w> <w type="PPg">our</w> <w type="NN">house</w> <w type="TO">to</w> <w type="VB">die</w> <c type="pct">.</c> </s>
<s n="106"><w type="ABL">Such</w> <w type="AT">a</w> <w type="JJ">pitiful</w> <w type="NN">end</w> <c type="pct">''</c> <c type="pct">!</c> <c type="pct">!</c> </s>
</p>
<p><s n="107"><w type="CS">Though</w> <w type="AT">the</w> <w type="NNg">slave's</w> <w type="VBG">dying</w> <w type="NNS">words</w> <w type="IN">about</w> <w type="AT">the</w> <w type="NN">woman</w> <w type="VBN">troubled</w> <w type="AT">the</w> <w type="NNg">coroner's</w> <w type="NN">panel</w> <c type="pct">,</c> <w type="NPg">Dandy's</w> <w type="NN">accusation</w> <w type="BEDZ">was</w> <w type="VBN">adjudged</w> <w type="AT">an</w> <w type="NN">aberration</w> <w type="IN">by</w> <w type="AT">the</w> <w type="NN">jury</w> <w type="CC">and</w> <w type="VBD">disregarded</w> <c type="pct">.</c> </s>
<s n="108"><w type="AT">The</w> <w type="NPS">Lalauries</w> <w type="BED">were</w> <w type="IN">at</w> <w type="AT">the</w> <w type="JJS">top</w> <w type="NN">rung</w> <w type="IN">of</w> <w type="AT">the</w> <w type="JJ">social</w> <w type="NN">ladder</w> <c type="pct">,</c> <w type="CC">and</w> <w type="RB">even</w> <w type="AT">a</w> <w type="NN">jury</w> <mw pos="DOD *">didn't </mw><w type="VB">feel</w> <w type="JJ">privileged</w> <w type="TO">to</w> <w type="VB">doubt</w> <w type="AT">the</w> <w type="NN">veracity</w> <w type="IN">of</w> <w type="QL">so</w> <w type="JJ">illustrious</w> <w type="AT">a</w> <w type="NN">lady</w> <c type="pct">.</c> </s>
<s n="109"><w type="RB">Moreover</w> <c type="pct">,</c> <w type="JJ">runaway</w> <w type="NNS">slaves</w> <w type="RB">frequently</w> <w type="VBD">got</w> <w type="IN">into</w> <w type="JJ">serious</w> <w type="NN">trouble</w> <w type="IN">in</w> <w type="JJ" subtype="TL">New</w> <w type="NPg" subtype="TL">Orleans'</w> <w type="NNS">dives</w> <c type="pct">.</c> </s>
</p>
<p><s n="110"><w type="CS">So</w> <w type="AT">the</w> <w type="NN">verdict</w> <w type="BEDZ">was</w> <c type="pct">``</c> <w type="NN">death</w> <w type="IN">at</w> <w type="AT">the</w> <w type="NNS">hands</w> <w type="IN">of</w> <w type="AT">a</w> <w type="NN">person</w> <w type="CC">or</w> <w type="NNS">persons</w> <w type="JJ">unknown</w> <c type="pct">''</c> <c type="pct">,</c> <w type="CC">and</w> <w type="AT">the</w> <w type="NN">elite</w> <w type="IN">of</w> <w type="AT">the</w> <w type="NN">city</w> <c type="pct">,</c> <w type="VBG">accepting</w> <w type="NPg">Delphine's</w> <w type="NN">testimony</w> <c type="pct">,</c> <w type="VBD">welcomed</w> <w type="PPO">her</w> <w type="CC">and</w> <w type="AT">the</w> <w type="NN">doctor</w> <w type="RB">back</w> <w type="IN">into</w> <w type="AT">the</w> <w type="NN">fold</w> <c type="pct">.</c> </s>
<s n="111"><w type="RB">Once</w> <w type="RB">again</w> <w type="NN">life</w> <w type="VBD">went</w> <w type="PPg">its</w> <w type="JJ">serene</w> <w type="NN">way</w> <c type="pct">--</c> <w type="NNS">soirees</w> <c type="pct">,</c> <w type="NN">fox</w> <w type="NNS">hunts</w> <c type="pct">,</c> <w type="NNS">balls</w> <w type="CC">and</w> <w type="NNS">dinners</w> <c type="pct">.</c> </s>
</p>
<p><s n="112"><w type="AT">The</w> <w type="NN">excitement</w> <w type="IN">over</w> <w type="NPg">Brandon's</w> <w type="JJ">bizarre</w> <w type="NN">death</w> <w type="VBD">abated</w> <w type="CC">and</w> <w type="NP">Madame</w> <w type="NPg">Lalaurie's</w> <w type="NN">stock</w> <w type="VBD">soared</w> <w type="WRB">when</w> <w type="PPS">she</w> <w type="VBD">resumed</w> <w type="PPO">her</w> <w type="JJ">self-imposed</w> <w type="NNS">chores</w> <w type="IN">of</w> <w type="VBG">visiting</w> <w type="AT">the</w> <w type="JJ">poor</w> <w type="CC">and</w> <w type="VBG">bringing</w> <w type="NNS">cakes</w> <w type="CC">and</w> <w type="NN">comfort</w> <w type="IN">to</w> <w type="JJ">destitute</w> <w type="NNS">patients</w> <w type="IN">in</w> <w type="AT">the</w> <w type="NN">county</w> <w type="NN">hospital</w> <c type="pct">.</c> </s>
<s n="113"><w type="RB">Then</w> <c type="pct">,</c> <w type="IN">on</w> <w type="NP">July</w> <w type="CD">2</w> <c type="pct">,</c> <w type="EX">there</w> <w type="VBD">occurred</w> <w type="DT">another</w> <w type="NN">incident</w> <w type="WDT">which</w> <w type="VBD">set</w> <w type="NNS">tongues</w> <w type="IN">to</w> <w type="VBG">wagging</w> <w type="IN">at</w> <w type="AT">a</w> <w type="JJ">furious</w> <w type="NN">clip</w> <c type="pct">.</c> </s>
</p>
<p><s n="114"><w type="NP">Mrs.</w> <w type="NP">Victor</w> <w type="NP">Dominique</w> <c type="pct">,</c> <w type="RB">socially</w> <w type="JJ">prominent</w> <w type="CC">and</w> <w type="AT">a</w> <w type="NN">neighbor</w> <w type="IN">of</w> <w type="AT">the</w> <w type="NPS">Lalauries</w> <c type="pct">,</c> <w type="VBD">chanced</w> <w type="TO">to</w> <w type="VB">glance</w> <w type="IN">out</w> <w type="IN">of</w> <w type="PPg">her</w> <w type="NN">parlor</w> <w type="NN">window</w> <w type="IN">at</w> <w type="NN">dusk</w> <w type="CD">one</w> <w type="NN">evening</w> <w type="CC">and</w> <w type="VBD">beheld</w> <w type="AT">an</w> <w type="JJ">amazing</w> <w type="NN">sight</w> <c type="pct">.</c> </s>
<s n="115"><w type="AT">The</w> <w type="NN">manservant</w> <w type="NP">Devol</w> <w type="CC">and</w> <w type="PPg">his</w> <w type="NN">mistress</w> <c type="pct">,</c> <w type="NP">Delphine</w> <w type="NP">Lalaurie</w> <c type="pct">,</c> <w type="BED">were</w> <w type="VBG">pursuing</w> <w type="AT">a</w> <w type="JJ">young</w> <w type="NN">girl</w> <c type="pct">--</c> <w type="AT">an</w> <w type="NN">octoroon</w> <w type="IN">of</w> <w type="JJ">cameo-like</w> <w type="NN">beauty</w> <c type="pct">--</c> <w type="IN">across</w> <w type="AT">the</w> <w type="NN">front</w> <w type="NN">lawn</w> <w type="IN">of</w> <w type="AT">the</w> <w type="NP">Lalaurie</w> <w type="NN">mansion</w> <c type="pct">.</c> </s>
<s n="116"><w type="AT">The</w> <w type="NN">girl</w> <w type="BEDZ">was</w> <w type="NEG">not</w> <w type="AP">more</w> <w type="IN">than</w> <w type="CD">16</w> <c type="pct">.</c> </s>
<s n="117"><w type="PPS">She</w> <w type="BEDZ">was</w> <w type="JJ">nude</w> <w type="IN">to</w> <w type="AT">the</w> <w type="NN">waist</w> <w type="CC">and</w> <w type="PPg">her</w> <w type="VBN">tumbled</w> <w type="NN">abundance</w> <w type="IN">of</w> <w type="JJ">black</w> <w type="NN">hair</w> <w type="DOD">did</w> <w type="NEG">not</w> <w type="VB">conceal</w> <w type="AT">the</w> <w type="NN">knife</w> <w type="NNS">slashes</w> <w type="IN">on</w> <w type="PPg">her</w> <w type="NN">back</w> <c type="pct">.</c> </s>
</p>
<p><s n="118"><w type="AT">The</w> <w type="VBG">bleeding</w> <w type="NN">girl</w> <w type="BEDZ">was</w> <w type="VBG">tiring</w> <w type="RB">fast</w> <c type="pct">;</c> <c type="pct">;</c> </s>
<s n="119"><w type="AT">the</w> <w type="NN">coachman</w> <w type="CC">and</w> <w type="NP">Delphine</w> <w type="BED">were</w> <w type="VBG">gaining</w> <w type="IN">on</w> <w type="PPO">her</w> <w type="CS">as</w> <w type="PPS">she</w> <w type="VBD">raced</w> <w type="IN">down</w> <w type="NP" subtype="TL">Perdido</w> <w type="NN" subtype="TL">Street</w> <c type="pct">.</c> </s>
</p>
<p><s n="120"><w type="AT">The</w> <w type="NN">fugitive</w> <w type="VBD">cried</w> <w type="RP">out</w> <w type="IN">in</w> <w type="AT">an</w> <w type="RB">oddly</w> <w type="JJ">sibilant</w> <w type="NN">voice</w> <c type="pct">:</c> <c type="pct">``</c> <w type="VB">Help</w> <w type="PPO">me</w> <c type="pct">,</c> <w type="PN">somebody</w> <c type="pct">!</c> <c type="pct">!</c> </s>
<s n="121"><w type="PPSS">They</w> <w type="HV">have</w> <w type="VBN">pulled</w> <w type="RP">out</w> <w type="ABN">all</w> <w type="PPg">my</w> <w type="NNS">teeth</w> <w type="CC">and</w> <w type="RB">now</w> <w type="PPS">she</w> <w type="MD">will</w> <w type="VB">carve</w> <w type="RP">out</w> <w type="PPg">my</w> <w type="NN">tongue</w> <w type="IN">with</w> <w type="PPO">her</w> <w type="NN">hacksaw</w> <c type="pct">!</c> <c type="pct">!</c> </s>
</p>
<p></p></body></text></TEI>
