<TEI xmlns="http://www.tei-c.org/ns/1.0"><teiHeader><fileDesc><titleStmt><title>Sample P01 from  Octavia Waldo, A Cup of the Sun.
 New York: Harcourt, Brace &amp; World, Inc., 1961. Pp. 8-14.
 </title></titleStmt><editionStmt><edition>A part  of the XML version of the Brown Corpus</edition></editionStmt><extent>2,034 words 116 (5.7%) quotes</extent><publicationStmt><idno>P01</idno><availability><p>Copyright1961 by Octavia Waldo. Used by permission of</p></availability></publicationStmt><sourceDesc><bibl> Octavia Waldo, A Cup of the Sun.
 New York: Harcourt, Brace &amp; World, Inc., 1961. Pp. 8-14.
 </bibl></sourceDesc></fileDesc><encodingDesc><p/></encodingDesc><revisionDesc><change when="2008-04-27">Header auto-generated for TEI version</change></revisionDesc></teiHeader>
<text xml:id="P01" decls="P">
<body><p><s n="1"><w type="PPSS">They</w> <w type="CC">neither</w> <w type="VBD">liked</w> <w type="CC">nor</w> <w type="VBD">disliked</w> <w type="AT">the</w> <w type="JJ" subtype="TL">Old</w> <w type="NN" subtype="TL">Man</w> <c type="pct">.</c> </s>
<s n="2"><w type="IN">To</w> <w type="PPO">them</w> <w type="PPS">he</w> <w type="MD">could</w> <w type="HV">have</w> <w type="BEN">been</w> <w type="AT">the</w> <w type="VBN">broken</w> <w type="NN">bell</w> <w type="IN">in</w> <w type="AT">the</w> <w type="NN">church</w> <w type="NN">tower</w> <w type="WDT">which</w> <w type="VBD">rang</w> <w type="IN">before</w> <w type="CC">and</w> <w type="IN">after</w> <w type="NN" subtype="TL">Mass</w> <c type="pct">,</c> <w type="CC">and</w> <w type="IN">at</w> <w type="NN">noon</w> <c type="pct">,</c> <w type="CC">and</w> <w type="IN">at</w> <w type="CD">six</w> <w type="DT">each</w> <w type="NN">evening</w> <c type="pct">--</c> <w type="PPg">its</w> <w type="NN">tone</w> <c type="pct">,</c> <w type="JJ">repetitive</w> <c type="pct">,</c> <w type="JJ">monotonous</w> <c type="pct">,</c> <w type="RB">never</w> <w type="VBG">breaking</w> <w type="AT">the</w> <w type="NN">boredom</w> <w type="IN">of</w> <w type="AT">the</w> <w type="NNS">streets</w> <c type="pct">.</c> </s>
<s n="3"><w type="AT">The</w> <w type="JJ" subtype="TL">Old</w> <w type="NN" subtype="TL">Man</w> <w type="BEDZ">was</w> <w type="JJ">unimportant</w> <c type="pct">.</c> </s>
</p>
<p><s n="4"><w type="RB">Yet</w> <w type="CS">if</w> <w type="PPS">he</w> <w type="BED">were</w> <w type="NEG">not</w> <w type="RB">there</w> <c type="pct">,</c> <w type="PPSS">they</w> <w type="MD">would</w> <w type="HV">have</w> <w type="VBN">missed</w> <w type="PPO">him</w> <c type="pct">,</c> <w type="CS">as</w> <w type="PPSS">they</w> <w type="MD">would</w> <w type="HV">have</w> <w type="VBN">missed</w> <w type="AT">the</w> <w type="NNS">sounds</w> <w type="IN">of</w> <w type="NNS">bees</w> <w type="VBG">buzzing</w> <w type="IN">against</w> <w type="AT">the</w> <w type="NN">screen</w> <w type="NN">door</w> <w type="IN">in</w> <w type="JJ">early</w> <w type="NP">June</w> <c type="pct">;</c> <c type="pct">;</c> </s>
<s n="5"><w type="CC">or</w> <w type="AT">the</w> <w type="NN">smell</w> <w type="IN">of</w> <w type="JJ">thick</w> <w type="NN">tomato</w> <w type="NN">paste</w> <c type="pct">--</c> <w type="AT">the</w> <w type="JJ">ripe</w> <w type="NN">smell</w> <w type="WPS">that</w> <w type="BEDZ">was</w> <w type="ABX">both</w> <w type="JJ">sweet</w> <w type="CC">and</w> <w type="JJ">sour</w> <c type="pct">--</c> <w type="VBG">rising</w> <w type="RP">up</w> <w type="IN">from</w> <w type="NN">aluminum</w> <w type="NNS">trays</w> <w type="VBN">wrapped</w> <w type="IN">in</w> <w type="JJ">fly-dotted</w> <w type="NN">cheesecloth</w> <c type="pct">.</c> </s>
<s n="6"><w type="CC">Or</w> <w type="AT">the</w> <w type="VBG">surging</w> <w type="VBG">whirling</w> <w type="NNS">sounds</w> <w type="IN">of</w> <w type="NNS">bats</w> <w type="IN">at</w> <w type="NN">night</w> <c type="pct">,</c> <w type="WRB">when</w> <w type="PPg">their</w> <w type="JJ">black</w> <w type="NNS">bodies</w> <w type="VBD">dived</w> <w type="IN">into</w> <w type="AT">the</w> <w type="NN">blackness</w> <w type="IN">above</w> <w type="CC">and</w> <w type="IN">below</w> <w type="AT">the</w> <w type="JJ">amber</w> <w type="NN">street</w> <w type="NNS">lights</w> <c type="pct">.</c> </s>
<s n="7"><w type="CC">Or</w> <w type="AT">the</w> <w type="NN">bay</w> <w type="IN">of</w> <w type="NN">female</w> <w type="NNS">dogs</w> <w type="IN">in</w> <w type="NN">heat</w> <c type="pct">.</c> </s>
</p>
<p><s n="8"><w type="PPSS">They</w> <w type="RB">never</w> <w type="VBD">called</w> <w type="PPO">him</w> <w type="IN">by</w> <w type="NN">name</w> <c type="pct">,</c> <w type="CS">although</w> <w type="PPS">he</w> <w type="HVD">had</w> <w type="PN">one</w> <c type="pct">.</c> </s>
<s n="9"><w type="NP">Filippo</w> <w type="NP">Rossi</w> <c type="pct">,</c> <mw pos="DT BEZ">that's </mw><w type="WDT">what</w> <w type="PPS">he</w> <w type="BEDZ">was</w> <w type="VBN">called</w> <w type="IN">in</w> <w type="AT">the</w> <w type="JJ">old</w> <w type="NN">country</w> <c type="pct">;</c> <c type="pct">;</c> </s>
<s n="10"><w type="CC">but</w> <w type="RB">here</w> <w type="PPS">he</w> <w type="BEDZ">was</w> <w type="RB">just</w> <w type="NP">Signore</w> <w type="CC">or</w> <w type="AT">the</w> <w type="JJ" subtype="TL">Old</w> <w type="NN" subtype="TL">Man</w> <c type="pct">.</c> </s>
<s n="11"><w type="CC">But</w> <w type="DT">this</w> <w type="BEDZ">was</w> <w type="NEG">not</w> <w type="JJ">unusual</w> <c type="pct">,</c> <w type="CS">because</w> <w type="NN">youth</w> <w type="IN">in</w> <w type="DTS">these</w> <w type="NNS">quarters</w> <w type="BEDZ">was</w> <w type="RB">always</w> <w type="VBN">pushed</w> <w type="IN">at</w> <w type="AT">a</w> <w type="NN">distance</w> <w type="IN">from</w> <w type="PPg">its</w> <w type="NNS">elders</w> <c type="pct">.</c> </s>
<s n="12"><w type="NN">Youth</w> <w type="VBD">obeyed</w> <w type="WRB">when</w> <w type="VBN">commanded</w> <c type="pct">.</c> </s>
<s n="13"><w type="PPS">It</w> <w type="VBD">went</w> <w type="IN">to</w> <w type="NN">church</w> <w type="IN">on</w> <w type="NR">Sunday</w> <w type="CC">and</w> <w type="CD">one</w> <w type="NR">Saturday</w> <w type="AT">a</w> <w type="NN">month</w> <w type="VBD">went</w> <w type="IN">to</w> <w type="NN">confession</w> <c type="pct">.</c> </s>
<s n="14"><w type="CC">But</w> <w type="NN">youth</w> <w type="VBD">asked</w> <w type="PN">nothing</w> <w type="IN">of</w> <w type="PPg">its</w> <w type="NNS">parents</w> <c type="pct">--</c> <w type="NEG">not</w> <w type="AT">a</w> <w type="NN">touch</w> <w type="IN">of</w> <w type="AT">the</w> <w type="NN">hand</w> <w type="CC">or</w> <w type="AT">a</w> <w type="NN">kiss</w> <w type="VBN">given</w> <w type="IN">in</w> <w type="VBG">passing</w> <c type="pct">.</c> </s>
</p>
<p><s n="15"><w type="AT">The</w> <w type="AP">only</w> <w type="NN">thing</w> <w type="JJ">unusual</w> <w type="IN">about</w> <w type="AT">the</w> <w type="JJ" subtype="TL">Old</w> <w type="NN" subtype="TL">Man</w> <w type="HVD">had</w> <w type="JJ">long</w> <w type="RB">since</w> <w type="VBN">happened</w> <c type="pct">.</c> </s>
<s n="16"><w type="CC">But</w> <w type="AT">the</w> <w type="NN">past</w> <w type="BEDZ">was</w> <w type="JJ">dead</w> <w type="RB">here</w> <w type="CS">as</w> <w type="AT">the</w> <w type="JJ">present</w> <w type="BEDZ">was</w> <w type="JJ">dead</w> <c type="pct">.</c> </s>
<s n="17"><w type="CS">Once</w> <w type="AT">the</w> <w type="JJ" subtype="TL">Old</w> <w type="NN" subtype="TL">Man</w> <w type="HVD">had</w> <w type="HVN">had</w> <w type="AT">a</w> <w type="NN">wife</w> <c type="pct">.</c> </s>
<s n="18"><w type="CC">And</w> <w type="CS">once</w> <w type="PPS">she</w> <c type="pct">,</c> <w type="RB">too</w> <c type="pct">,</c> <w type="VBD">ignored</w> <w type="PPO">him</w> <c type="pct">.</c> </s>
<s n="19"><w type="IN">With</w> <w type="AT">a</w> <w type="JJ">tiny</w> <w type="NN">fur-piece</w> <w type="VBD">wrapped</w> <w type="IN">around</w> <w type="PPg">her</w> <w type="NNS">shoulders</w> <c type="pct">,</c> <w type="PPS">she</w> <w type="VBD">wiggled</w> <w type="PPg">her</w> <w type="JJ">satin-covered</w> <w type="NNS">buttocks</w> <w type="IN">down</w> <w type="AT">the</w> <w type="NN">street</w> <w type="IN">before</w> <w type="PPO">him</w> <w type="CC">and</w> <mw pos="DOD *">didn't </mw><w type="VB">stop</w> <c type="pct">.</c> </s>
<s n="20"><w type="IN">In</w> <w type="CD">one</w> <w type="NN">hand</w> <w type="PPS">she</w> <w type="VBD">clutched</w> <w type="AT">a</w> <w type="CD">hundred</w> <w type="NN">dollar</w> <w type="NN">bill</w> <w type="CC">and</w> <w type="IN">in</w> <w type="AT">the</w> <w type="AP">other</w> <w type="AT">a</w> <w type="NN">straw</w> <w type="NN">suitcase</w> <c type="pct">.</c> </s>
<s n="21"><w type="AT">The</w> <w type="NN">way</w> <w type="PPS">she</w> <w type="VBD">strutted</w> <w type="IN">down</w> <w type="AT">the</w> <w type="NN">street</w> <c type="pct">,</c> <w type="AT">the</w> <w type="JJ" subtype="TL">Old</w> <w type="NN" subtype="TL">Man</w> <w type="MD">would</w> <w type="HV">have</w> <w type="BEN">been</w> <w type="JJ">blind</w> <w type="NEG">not</w> <w type="TO">to</w> <w type="HV">have</w> <w type="VBN">noticed</w> <w type="ABX">both</w> <c type="pct">.</c> </s>
<s n="22"><w type="IN">Without</w> <w type="VBG">looking</w> <w type="IN">at</w> <w type="PPO">him</w> <c type="pct">,</c> <w type="IN">without</w> <w type="VBG">looking</w> <w type="IN">at</w> <w type="PN">anything</w> <w type="IN">except</w> <w type="NP" subtype="TL">Drexel</w> <w type="NN" subtype="TL">Street</w> <w type="RB">directly</w> <w type="IN">in</w> <w type="NN">front</w> <w type="IN">of</w> <w type="PPO">her</w> <c type="pct">,</c> <w type="PPS">she</w> <w type="VBD">climbed</w> <w type="RP">up</w> <w type="IN">into</w> <w type="CD">one</w> <w type="IN">of</w> <w type="DTS">those</w> <w type="JJ">orange</w> <w type="NNS">streetcars</w> <c type="pct">,</c> <w type="VBD">rode</w> <w type="RB">away</w> <w type="IN">in</w> <w type="PPO">it</w> <c type="pct">,</c> <w type="CC">and</w> <w type="RB">never</w> <w type="VBD">came</w> <w type="RB">back</w> <c type="pct">.</c> </s>
</p>
<p><s n="23"><c type="pct">``</c> <w type="CC">But</w> <w type="PPS">she</w> <mw pos="MD *">shouldn't </mw><w type="HV">have</w> <w type="VBN">come</w> <w type="RB">here</w> <w type="IN">in</w> <w type="AT">the</w> <w type="OD">first</w> <w type="NN">place</w> <c type="pct">''</c> <c type="pct">,</c> <w type="AT">the</w> <w type="NNS">women</w> <w type="HVD">had</w> <w type="VBN">said</w> <c type="pct">.</c> </s>
</p>
<p><s n="24"><c type="pct">``</c> <w type="RB">No</w> <c type="pct">,</c> <w type="RB">no</w> <c type="pct">.</c> </s>
<s n="25"><w type="NEG">Not</w> <w type="DT">that</w> <w type="PN">one</w> <c type="pct">.</c> </s>
<s n="26"><w type="PPS">She</w> <w type="VBD">thought</w> <w type="PPS">she</w> <w type="BEDZ">was</w> <w type="JJR">bigger</w> <w type="CS">than</w> <w type="PPSS">we</w> <w type="BER">are</w> <w type="CS">because</w> <w type="PPS">she</w> <w type="VBD">came</w> <w type="IN">from</w> <w type="NP">Torino</w> <c type="pct">''</c> <c type="pct">.</c> </s>
</p>
<p><s n="27"><c type="pct">``</c> <w type="UH">Eh</w> <c type="pct">,</c> <w type="NP">Torino</w> <c type="pct">!</c> <c type="pct">!</c> </s>
<s n="28"><w type="PPS">She</w> <w type="VBD">gave</w> <w type="PPL">herself</w> <w type="JJ">fancy</w> <w type="NNS">airs</w> <c type="pct">!</c> <c type="pct">!</c> </s>
<s n="29"><w type="RB">Just</w> <w type="CS">because</w> <w type="PPS">she</w> <w type="HVD">had</w> <w type="AT">a</w> <w type="NN">part</w> <w type="IN">on</w> <w type="AT">the</w> <w type="NN">stage</w> <w type="IN">in</w> <w type="AT">the</w> <w type="JJ">old</w> <w type="NN">country</w> <c type="pct">,</c> <w type="PPS">she</w> <w type="VBD">thought</w> <w type="PPS">she</w> <w type="MD">could</w> <w type="VB">carry</w> <w type="PPg">her</w> <w type="NN">head</w> <w type="RBR">higher</w> <w type="CS">than</w> <w type="PPgg">ours</w> <c type="pct">''</c> <c type="pct">.</c> </s>
<s n="30"><w type="PPSS">They</w> <w type="HVD">had</w> <w type="VBN">slapped</w> <w type="PPg">their</w> <w type="NNS">thighs</w> <c type="pct">.</c> </s>
</p>
<p><s n="31"><c type="pct">``</c> <mw pos="PPS BEZ">It's </mw><w type="NEG">not</w> <w type="IN">for</w> <w type="VBG">making</w> <w type="JJ">pretty</w> <w type="NNS">speeches</w> <w type="IN">about</w> <w type="NP">Dante</w> <w type="DTS">those</w> <w type="NNS">actresses</w> <w type="VB">get</w> <w type="VBN">paid</w> <w type="QL">so</w> <w type="RB">good</w> <c type="pct">''</c> <c type="pct">.</c> </s>
</p>
<p><s n="32"><c type="pct">``</c> <w type="UH">Henh</w> <c type="pct">''</c> <c type="pct">!</c> <c type="pct">!</c> </s>
<s n="33"><w type="VBN">Calloused</w> <w type="NNS">fingers</w> <c type="pct">,</c> <w type="VBN">caressed</w> <w type="RB">only</w> <w type="IN">by</w> <w type="AT">the</w> <w type="NN">smoothness</w> <w type="IN">of</w> <w type="VBN">polished</w> <w type="NNS">rosaries</w> <c type="pct">,</c> <w type="HVD">had</w> <w type="VBN">swayed</w> <w type="RB">excitedly</w> <w type="IN">beneath</w> <w type="VBN">puckered</w> <w type="NNS">chins</w> <w type="WRB">where</w> <w type="JJ">tiny</w> <w type="JJ">black</w> <w type="NNS">hairs</w> <w type="VBD">sprouted</w> <c type="pct">,</c> <w type="RB">never</w> <w type="TO">to</w> <w type="BE">be</w> <w type="VBN">tweezed</w> <w type="RB">away</w> <c type="pct">.</c> </s>
<s n="34"><w type="JJ">Mauve-colored</w> <w type="NNS">mouths</w> <w type="WPS">that</w> <w type="HVD">had</w> <w type="RB">never</w> <w type="VBN">known</w> <w type="PN">anything</w> <w type="JJR">sweeter</w> <w type="CS">than</w> <w type="AT">the</w> <w type="NN">taste</w> <w type="IN">of</w> <w type="JJ">new</w> <w type="NN">wine</w> <w type="CC">and</w> <w type="AT">the</w> <w type="NN">passion</w> <w type="IN">of</w> <w type="NNg">man's</w> <w type="NN">tongue</w> <w type="HVD">had</w> <w type="NEG">not</w> <w type="VBN">smiled</w> <c type="pct">,</c> <w type="CC">but</w> <w type="HVD">had</w> <w type="VBN">condemned</w> <w type="RB">again</w> <w type="CC">and</w> <w type="RB">again</w> <c type="pct">.</c> </s>
<s n="35"><c type="pct">``</c> <w type="NN" subtype="FW">Puttana</w> <c type="pct">''</c> <c type="pct">!</c> <c type="pct">!</c> </s>
</p>
<p><s n="36"><w type="CC">But</w> <w type="CS">if</w> <w type="AT">the</w> <w type="JJ" subtype="TL">Old</w> <w type="NN" subtype="TL">Man</w> <w type="RB">even</w> <w type="VBD">thought</w> <w type="IN">about</w> <w type="PPg">his</w> <w type="NN">wife</w> <w type="RB">now</w> <c type="pct">,</c> <w type="PN">nobody</w> <w type="VBD">cared</w> <w type="AT">a</w> <w type="NN">fig</w> <c type="pct">.</c> </s>
<s n="37"><w type="PPS">It</w> <w type="BEDZ">was</w> <w type="AP">enough</w> <w type="IN">for</w> <w type="NNS">people</w> <w type="TO">to</w> <w type="VB">know</w> <w type="CS">that</w> <w type="IN">at</w> <w type="CD">one</w> <w type="NN">time</w> <w type="PPS">he</w> <w type="HVD">had</w> <w type="VBN">looked</w> <w type="IN">down</w> <w type="AT">the</w> <w type="NN">street</w> <w type="IN">at</w> <w type="AT">the</w> <w type="JJ">fleshy</w> <w type="NN">suppleness</w> <w type="IN">of</w> <w type="AT">a</w> <w type="NN">woman</w> <w type="PPS">he</w> <w type="HVD">had</w> <w type="VBN">consumed</w> <c type="pct">--</c> <w type="VBG">watching</w> <w type="PPO">her</w> <w type="VB">become</w> <w type="JJR">thinner</w> <w type="CC">and</w> <w type="JJR">thinner</w> <w type="IN">in</w> <w type="AT">the</w> <w type="NN">distance</w> <c type="pct">,</c> <w type="QL">as</w> <w type="JJ">thin</w> <w type="CS">as</w> <w type="AT">the</w> <w type="NNS">seams</w> <w type="IN">on</w> <w type="PPg">her</w> <w type="NNS">stockings</w> <c type="pct">,</c> <w type="CC">and</w> <w type="RB">still</w> <w type="JJR">thinner</w> <c type="pct">.</c> </s>
<s n="38"><w type="PPg">His</w> <w type="NN">voice</w> <w type="HVD">had</w> <w type="NEG">not</w> <w type="VBN">commanded</w> <w type="PPO">her</w> <w type="TO">to</w> <w type="VB">stop</w> <c type="pct">.</c> </s>
<s n="39"><w type="PPS">It</w> <w type="HVD">had</w> <w type="NEG">not</w> <w type="VBN">questioned</w> <w type="WRB">why</w> <c type="pct">.</c> </s>
<s n="40"><w type="AT">The</w> <w type="NNS">women</w> <w type="VBD">said</w> <w type="PPSS">they</w> <w type="HVD">had</w> <w type="VBN">seen</w> <w type="PPO">him</w> <w type="VB">wave</w> <w type="AT">an</w> <w type="VBN">exhausted</w> <w type="NN">farewell</w> <c type="pct">;</c> <c type="pct">;</c> </s>
<s n="41"><w type="CC">but</w> <w type="PPS">he</w> <w type="MD">might</w> <w type="HV">have</w> <w type="BEN">been</w> <w type="VBG">shooing</w> <w type="RB">away</w> <w type="AT">the</w> <w type="NNS">fleas</w> <w type="WPS">that</w> <w type="VBD">hopped</w> <w type="IN">from</w> <w type="PPg">his</w> <w type="JJ">yellow</w> <w type="NN">dog</w> <w type="IN">onto</w> <w type="PPO">him</w> <c type="pct">.</c> </s>
<s n="42"><c type="pct">(</c> <w type="PPS">He</w> <w type="BEDZ">was</w> <w type="RB">never</w> <w type="IN">without</w> <w type="DT">that</w> <w type="NN">dog</w> <c type="pct">.</c> </s>
<s n="43"><c type="pct">)</c> <w type="CC">And</w> <w type="PPg">his</w> <w type="NNS">eyes</w> <c type="pct">--</c> <w type="DTS">those</w> <w type="JJ">miniature</w> <w type="NNS">sundials</w> <w type="IN">of</w> <w type="VBN">variegated</w> <w type="JJ">yellow</w> <c type="pct">--</c> <w type="HVD">had</w> <w type="NEG">not</w> <w type="VBN">altered</w> <w type="PPg">their</w> <w type="NN">expression</w> <w type="CC">or</w> <w type="NN">direction</w> <c type="pct">.</c> </s>
<s n="44"><w type="AT">The</w> <w type="JJ" subtype="TL">Old</w> <w type="NNg" subtype="TL">Man's</w> <w type="AP">very</w> <w type="NN">soul</w> <w type="MD">could</w> <w type="HV">have</w> <w type="VBN">left</w> <w type="PPO">him</w> <w type="CC">and</w> <w type="VBN">flown</w> <w type="IN">down</w> <w type="DT">that</w> <w type="NN">street</w> <c type="pct">,</c> <w type="CC">but</w> <w type="PPS">he</w> <mw pos="MD *">wouldn't </mw><w type="HV">have</w> <w type="HVN">had</w> <w type="PN">anyone</w> <w type="VB">know</w> <w type="PPO">it</w> <c type="pct">.</c> </s>
</p>
<p><s n="45"><w type="RB">Perhaps</w> <w type="PPS">he</w> <w type="HVD">had</w> <w type="VBN">known</w> <w type="RB">then</w> <w type="WRB">where</w> <w type="DT">that</w> <w type="CD">hundred</w> <w type="NN">dollar</w> <w type="NN">bill</w> <w type="HVD">had</w> <w type="VBN">come</w> <w type="IN">from</w> <w type="CC">and</w> <w type="WRB">where</w> <w type="PPS">it</w> <w type="BEDZ">was</w> <w type="VBG">taking</w> <w type="PPg">his</w> <w type="NN">wife</w> <c type="pct">.</c> </s>
<s n="46"><w type="CC">But</w> <w type="WRB">when</w> <w type="PPS">he</w> <w type="VBD">called</w> <w type="IN">for</w> <w type="PPg">his</w> <w type="VBN">withered</w> <c type="pct">,</c> <w type="VBN">wrinkled</w> <w type="NN">sister</w> <w type="NP">Rose</w> <w type="TO">to</w> <w type="VB">care</w> <w type="IN">for</w> <w type="PPO">him</w> <w type="CC">and</w> <w type="AT">the</w> <w type="NNS">children</w> <c type="pct">,</c> <w type="HVD">had</w> <w type="PPS">he</w> <w type="VBD">guessed</w> <w type="CS">that</w> <w type="ABN">all</w> <w type="PPS">he</w> <w type="MD">would</w> <w type="VB">remember</w> <w type="IN">of</w> <w type="PPg">his</w> <w type="NN">woman</w> <w type="BEDZ">was</w> <w type="AT">the</w> <w type="NN">memory</w> <w type="IN">of</w> <w type="PPO">her</w> <w type="VBG">climbing</w> <w type="IN">into</w> <w type="DT">that</w> <w type="NN">streetcar</w> <c type="pct">?</c> <c type="pct">?</c> </s>
</p>
<p><s n="47"><w type="EX">There</w> <w type="VBD">seemed</w> <w type="TO">to</w> <w type="BE">be</w> <w type="AT">a</w> <w type="JJ">contemptuous</w> <w type="NN">purpose</w> <w type="IN">in</w> <w type="AT">the</w> <w type="NN">way</w> <w type="PPS">he</w> <w type="VBD">sat</w> <w type="RB">there</w> <w type="IN">with</w> <w type="PPg">his</w> <w type="NNS">eyes</w> <w type="VBN">glued</w> <w type="IN">to</w> <w type="NP" subtype="TL">Drexel</w> <w type="NN" subtype="TL">Street</w> <w type="CC">and</w> <w type="PPg">his</w> <w type="NN">back</w> <w type="IN">in</w> <w type="NN">opposition</w> <w type="IN">to</w> <w type="AT">the</w> <w type="NN">church</w> <w type="IN">behind</w> <w type="PPO">him</w> <c type="pct">.</c> </s>
<s n="48"><w type="CS">For</w> <w type="ABN">all</w> <w type="PPS">he</w> <w type="VBD">saw</w> <w type="CC">or</w> <w type="VBD">cared</w> <w type="TO">to</w> <w type="VB">see</w> <c type="pct">,</c> <w type="DT">this</w> <w type="MD">could</w> <w type="HV">have</w> <w type="BEN">been</w> <w type="AT">a</w> <w type="NN">town</w> <w type="IN">in</w> <w type="NP">Italy</w> <c type="pct">,</c> <w type="NEG">not</w> <w type="AT">the</w> <w type="NNS">outskirts</w> <w type="IN">of</w> <w type="NP">Philadelphia</w> <c type="pct">.</c> </s>
<s n="49"><w type="PPS">It</w> <w type="MD">could</w> <w type="HV">have</w> <w type="BEN">been</w> <w type="NP">Bari</w> <w type="CC">or</w> <w type="NP">Chieti</w> <w type="CS">for</w> <w type="AT">the</w> <w type="NN">way</w> <w type="PPS">it</w> <w type="VBD">smelled</w> <c type="pct">.</c> </s>
<s n="50"><w type="WDT">What</w> <w type="DOD">did</w> <w type="PPS">it</w> <w type="VB">matter</w> <w type="IN">to</w> <w type="PPO">him</w> <w type="CS">that</w> <w type="AT">the</w> <w type="NN">park</w> <w type="IN">at</w> <w type="AT">the</w> <w type="NN">foot</w> <w type="IN">of</w> <w type="NN" subtype="TL">Ash</w> <w type="NN" subtype="TL">Road</w> <w type="VBD">stretched</w> <w type="IN">beneath</w> <w type="VBN">elevated</w> <w type="NNS">trains</w> <w type="WPS">that</w> <w type="VBD">roared</w> <w type="IN">from</w> <w type="AT">the</w> <w type="NN">stucco</w> <w type="NN">station</w> <w type="IN">into</w> <w type="AT">the</w> <w type="NNg">city's</w> <w type="NN">center</w> <w type="IN">at</w> <w type="NN">half-hour</w> <w type="NNS">intervals</w> <c type="pct">?</c> <c type="pct">?</c> </s>
<s n="51"><w type="CC">Or</w> <w type="CS">that</w> <w type="AT">the</w> <w type="JJ">tiny</w> <w type="NN">creek</w> <w type="VBD">spun</w> <w type="PPg">its</w> <w type="JJ">silent</w> <w type="NN">course</w> <w type="IN">toward</w> <w type="AT">the</w> <w type="NP">Schuylkill</w> <c type="pct">?</c> <c type="pct">?</c> </s>
<s n="52"><w type="DT">This</w> <w type="NN">place</w> <w type="BEDZ">was</w> <w type="NN">hatred</w> <w type="IN">to</w> <w type="PPO">him</w> <c type="pct">,</c> <w type="RB">just</w> <w type="CS">as</w> <w type="NN">hatred</w> <w type="BEDZ">was</w> <w type="PPg">his</w> <w type="AP">only</w> <w type="NN">companion</w> <w type="IN">in</w> <w type="PPg">his</w> <w type="NN">aloneness</w> <c type="pct">.</c> </s>
<s n="53"><w type="IN">To</w> <w type="PPO">him</w> <w type="PPSS">they</w> <w type="BED">were</w> <w type="PN">one</w> <w type="CC">and</w> <w type="AT">the</w> <w type="AP">same</w> <c type="pct">.</c> </s>
</p>
<p><s n="54"><w type="NN">Sameness</w> <w type="IN">for</w> <w type="AT">the</w> <w type="JJ" subtype="TL">Old</w> <w type="NN" subtype="TL">Man</w> <w type="BEDZ">was</w> <w type="VBN">framed</w> <w type="RP">in</w> <w type="IN">by</w> <w type="AT">a</w> <w type="NN">wall</w> <w type="IN">of</w> <w type="NN">ginkgo</w> <w type="NNS">trees</w> <w type="WDT">which</w> <w type="VBD">divided</w> <w type="DTS">these</w> <w type="NNS">quarters</w> <w type="IN">from</w> <w type="AT">the</w> <w type="NN">city</w> <c type="pct">.</c> </s>
<s n="55"><w type="NN">Sameness</w> <w type="VBD">lined</w> <w type="AT">the</w> <w type="NNS">streets</w> <w type="IN">with</w> <w type="JJ">two-story</w> <w type="NNS">houses</w> <w type="AT">the</w> <w type="NN">color</w> <w type="IN">of</w> <w type="NN">ash</w> <c type="pct">.</c> </s>
<s n="56"><w type="PPS">It</w> <w type="VBD">slashed</w> <w type="AT">the</w> <w type="VBG">sloping</w> <w type="JJ">manure-scented</w> <w type="NNS">lawns</w> <w type="IN">with</w> <w type="NN">concrete</w> <w type="NNS">steps</w> <w type="WDT">which</w> <w type="VBD">climbed</w> <w type="RB">upward</w> <w type="IN">to</w> <w type="JJ">white</w> <w type="JJ">wooden</w> <w type="NNS">porches</w> <c type="pct">.</c> </s>
<s n="57"><w type="PPS">It</w> <w type="VBD">swayed</w> <w type="IN">with</w> <w type="AT">the</w> <w type="NN">wicker</w> <w type="NNS">swings</w> <w type="CC">and</w> <w type="VBD">screeched</w> <w type="IN">with</w> <w type="AT">the</w> <w type="VBN">rusted</w> <w type="NNS">hinges</w> <w type="IN">of</w> <w type="NN">screen</w> <w type="NNS">doors</w> <c type="pct">.</c> </s>
</p>
<p><s n="58"><w type="RB">Even</w> <w type="AT">the</w> <w type="NN">stable-garage</w> <c type="pct">,</c> <w type="WDT">which</w> <w type="VBD">housed</w> <w type="PN">nothing</w> <w type="RB">now</w> <w type="IN">but</w> <w type="AT">the</w> <w type="NN">scent</w> <w type="IN">of</w> <w type="NN">rot</w> <c type="pct">,</c> <w type="HVD">had</w> <w type="AT">a</w> <w type="NN">lawn</w> <w type="IN">before</w> <w type="PPO">it</w> <c type="pct">.</c> </s>
<s n="59"><w type="CC">And</w> <w type="AT">the</w> <w type="NN">coffee</w> <w type="NN">shop</w> <w type="IN">on</w> <w type="NP" subtype="TL">Drexel</w> <w type="NN" subtype="TL">Street</w> <c type="pct">,</c> <w type="WRB">where</w> <w type="AT">the</w> <w type="NNS">men</w> <w type="VBD">spent</w> <w type="PPg">their</w> <w type="NNS">evenings</w> <w type="CC">and</w> <w type="NRS">Sundays</w> <w type="VBG">playing</w> <w type="NNS">cards</w> <c type="pct">,</c> <w type="HVD">had</w> <w type="AT">a</w> <w type="NN">rose</w> <w type="NN">hedge</w> <w type="IN">beneath</w> <w type="PPg">its</w> <w type="NN">window</w> <c type="pct">.</c> </s>
<s n="60"><w type="AT">The</w> <w type="NN">hedge</w> <w type="VBD">reeked</w> <w type="IN">of</w> <w type="NN">coffee</w> <w type="NNS">dregs</w> <w type="VBN">thrown</w> <w type="IN">against</w> <w type="PPO">it</w> <c type="pct">.</c> </s>
</p>
<p><s n="61"><w type="RB">Only</w> <w type="CD">one</w> <w type="NN">house</w> <w type="IN">on</w> <w type="AT">the</w> <w type="NN">street</w> <w type="HVD">had</w> <w type="AT">no</w> <w type="NN">lawn</w> <w type="IN">before</w> <w type="PPO">it</w> <c type="pct">.</c> </s>
<s n="62"><w type="PPS">It</w> <w type="VBD">squatted</w> <w type="JJ">low</w> <w type="CC">and</w> <w type="JJ">square</w> <w type="IN">upon</w> <w type="AT">the</w> <w type="NN">sidewalk</w> <w type="IN">with</w> <w type="AT">a</w> <w type="JJ">heavy</w> <w type="NN">iron</w> <w type="NN">grating</w> <w type="VBG">supporting</w> <w type="AT">a</w> <w type="NN">glass</w> <w type="NN">facade</w> <c type="pct">.</c> </s>
<s n="63"><w type="DT">That</w> <w type="BEDZ">was</w> <w type="NPg">Bartoli's</w> <w type="NN">shop</w> <c type="pct">.</c> </s>
<s n="64"><w type="IN">Above</w> <w type="PPO">it</w> <c type="pct">,</c> <w type="IN">from</w> <w type="AT">a</w> <w type="NN">second-story</w> <w type="NN">showroom</w> <c type="pct">,</c> <w type="JJ">wooden</w> <w type="NNS">angels</w> <w type="VBD">surveyed</w> <w type="AT">the</w> <w type="NN">neighborhood</w> <c type="pct">.</c> </s>
<s n="65"><w type="DOD">Did</w> <w type="AT">the</w> <w type="JJ" subtype="TL">Old</w> <w type="NN" subtype="TL">Man</w> <w type="VB">remember</w> <w type="PPO">them</w> <w type="RB">there</w> <c type="pct">?</c> <c type="pct">?</c> </s>
</p>
<p><s n="66"><w type="RB">Yet</w> <w type="RB">everywhere</w> <w type="RB">else</w> <w type="NN">sameness</w> <w type="BEDZ">was</w> <w type="NN">stucco</w> <w type="CC">and</w> <w type="NN">wood</w> <w type="IN">in</w> <w type="NN">square</w> <w type="NNS">blocks</w> <c type="pct">--</c> <w type="CS">like</w> <w type="NNS">fortresses</w> <w type="VBD">perched</w> <w type="IN">against</w> <w type="AT">the</w> <w type="NN">slant</w> <w type="IN">of</w> <w type="AT">the</w> <w type="NN">hill</w> <c type="pct">,</c> <w type="VBG">rising</w> <w type="IN">with</w> <w type="AT">the</w> <w type="NN">hill</w> <w type="IN">to</w> <w type="AT">the</w> <w type="NN">top</w> <w type="WRB">where</w> <w type="AT">the</w> <w type="NN">church</w> <w type="BEDZ">was</w> <w type="CC">and</w> <w type="IN">beyond</w> <w type="DT">that</w> <w type="IN">to</w> <w type="AT">the</w> <w type="NN">cemetery</w> <c type="pct">.</c> </s>
<s n="67"><w type="RB">Only</w> <w type="VBN">paved</w> <w type="NNS">alleyways</w> <w type="VBD">tunneled</w> <w type="IN">through</w> <w type="AT">the</w> <w type="NNS">walls</w> <w type="IN">of</w> <w type="DTS">those</w> <w type="NNS">fortresses</w> <w type="IN">into</w> <w type="AT">the</w> <w type="JJ">mysterious</w> <w type="NN">core</w> <w type="IN">of</w> <w type="NN">intimacy</w> <w type="IN">behind</w> <w type="AT">the</w> <w type="NNS">houses</w> <w type="WRB">where</w> <w type="NNS">backyards</w> <w type="VBD">owned</w> <w type="AT">no</w> <w type="NNS">fences</w> <c type="pct">,</c> <w type="WRB">where</w> <w type="CD">one</w> <w type="NNg">man's</w> <w type="NN">property</w> <w type="VBD">blended</w> <w type="IN">with</w> <w type="AT">the</w> <w type="AP">next</w> <w type="TO">to</w> <w type="VB">form</w> <w type="NNS">courtyards</w> <w type="IN">in</w> <w type="WDT">which</w> <w type="AT">no</w> <w type="PN">one</w> <w type="VBD">knew</w> <w type="NN">privacy</w> <c type="pct">.</c> </s>
<s n="68"><w type="NN">Love</w> <w type="CC">and</w> <w type="NN">hatred</w> <w type="CC">and</w> <w type="NN">fear</w> <w type="BED">were</w> <w type="CD">one</w> <w type="RB">here</w> <c type="pct">,</c> <w type="VBN">shaded</w> <w type="RB">only</w> <w type="IN">by</w> <w type="NN">fig</w> <w type="NNS">trees</w> <w type="CC">and</w> <w type="NN">grape</w> <w type="NNS">vines</w> <c type="pct">.</c> </s>
<s n="69"><w type="CC">And</w> <w type="AT">the</w> <w type="VBN">forked</w> <w type="NN">tongue</w> <w type="IN">of</w> <w type="NN">gossip</w> <w type="VBD">licked</w> <w type="PPg">its</w> <w type="JJ">sinister</w> <w type="NN">way</w> <w type="IN">from</w> <w type="JJ">back</w> <w type="NN">porch</w> <w type="IN">to</w> <w type="JJ">back</w> <w type="NN">porch</w> <c type="pct">.</c> </s>
</p>
<p><s n="70"><w type="AT">The</w> <w type="JJ" subtype="TL">Old</w> <w type="NN" subtype="TL">Man</w> <w type="RB">silently</w> <w type="VBD">fed</w> <w type="IN">upon</w> <w type="DTS">these</w> <w type="NNS">streets</w> <c type="pct">.</c> </s>
<s n="71"><w type="PPSS">They</w> <w type="VBD">kept</w> <w type="PPO">him</w> <w type="JJ">alive</w> <c type="pct">,</c> <w type="VBG">waiting</w> <c type="pct">.</c> </s>
<s n="72"><w type="VBG">Waiting</w> <w type="IN">for</w> <w type="WDT">what</w> <w type="CC">and</w> <w type="IN">for</w> <w type="WPO">whom</w> <c type="pct">,</c> <w type="RB">only</w> <w type="PPS">he</w> <w type="MD">could</w> <w type="VB">tell</w> <w type="CC">and</w> <w type="MD">would</w> <w type="NEG">not</w> <c type="pct">.</c> </s>
<s n="73"><w type="PPS">It</w> <w type="BEDZ">was</w> <w type="CS">as</w> <w type="CS">though</w> <w type="PPS">he</w> <w type="HVD">had</w> <w type="VBN">made</w> <w type="AT">a</w> <w type="NN">pact</w> <w type="IN">with</w> <w type="AT">the</w> <w type="NN">devil</w> <w type="PPL">himself</w> <c type="pct">,</c> <w type="CC">but</w> <w type="PPS">it</w> <w type="BEDZ">was</w> <w type="NEG">not</w> <w type="RB">yet</w> <w type="VB">time</w> <w type="TO">to</w> <w type="VB">pay</w> <w type="AT">the</w> <w type="NN">price</w> <c type="pct">.</c> </s>
<s n="74"><w type="PPS">He</w> <w type="BEDZ">was</w> <w type="VBG">holding</w> <w type="RP">out</w> <w type="IN">for</w> <w type="PN">something</w> <c type="pct">.</c> </s>
<s n="75"><w type="PPS">He</w> <w type="BEDZ">was</w> <w type="VBN">determined</w> <w type="TO">to</w> <w type="VB">hold</w> <w type="RP">out</w> <c type="pct">.</c> </s>
</p>
<p><s n="76"><w type="AT">The</w> <w type="JJ" subtype="TL">Old</w> <w type="NNg" subtype="TL">Man's</w> <w type="NN">son</w> <w type="VBD">threw</w> <w type="PPL">himself</w> <w type="RP">down</w> <c type="pct">,</c> <w type="NN">belly</w> <w type="RB">first</w> <c type="pct">,</c> <w type="IN">upon</w> <w type="AT">a</w> <w type="NN">concrete</w> <w type="NN">step</w> <c type="pct">,</c> <w type="VBG">taking</w> <w type="RP">in</w> <w type="AT">the</w> <w type="NN">coolness</w> <w type="IN">of</w> <w type="PPO">it</w> <c type="pct">,</c> <w type="CC">and</w> <w type="VBG">dreaming</w> <w type="IN">of</w> <w type="AT">the</w> <w type="NN">day</w> <w type="PPS">he</w> <w type="MD">would</w> <w type="BE">be</w> <w type="JJ">rich</w> <c type="pct">.</c> </s>
<s n="77"><w type="IN">At</w> <w type="CD">fifteen</w> <w type="PPS">he</w> <mw pos="DOD *">didn't </mw><w type="VB">care</w> <w type="CS">that</w> <w type="PPS">he</w> <w type="HVD">had</w> <w type="AT">no</w> <w type="NN">mother</w> <c type="pct">,</c> <w type="CS">that</w> <w type="PPS">he</w> <mw pos="MD *">couldn't </mw><w type="VB">remember</w> <w type="PPg">her</w> <w type="NN">face</w> <w type="CC">or</w> <w type="PPg">her</w> <w type="NN">touch</w> <c type="pct">;</c> <c type="pct">;</c> </s>
<s n="78"><w type="CC">neither</w> <w type="DOD">did</w> <w type="PPS">he</w> <w type="VB">care</w> <w type="CS">that</w> <w type="NN" subtype="TL">Aunt</w> <w type="NP">Rose</w> <w type="VBD">provided</w> <w type="IN">for</w> <w type="PPO">him</w> <c type="pct">.</c> </s>
</p>
<p><s n="79"><w type="PPS">He</w> <w type="BEDZ">was</w> <w type="VBN">named</w> <w type="NP">Pompeii</w> <w type="CS">as</w> <w type="AT">a</w> <w type="NN">tribute</w> <w type="IN">to</w> <w type="PPg">his</w> <w type="NN">heritage</w> <c type="pct">,</c> <w type="CC">and</w> <w type="PPS">he</w> <mw pos="MD *">couldn't </mw><w type="HV">have</w> <w type="VBN">cared</w> <w type="AP">less</w> <w type="IN">about</w> <w type="DT">that</w> <w type="RB">either</w> <c type="pct">.</c> </s>
<s n="80"><w type="IN">To</w> <w type="PPO">him</w> <w type="NN">life</w> <w type="BEDZ">was</w> <w type="AT">a</w> <w type="JJ">restless</w> <w type="NN">boredom</w> <w type="WPS">that</w> <w type="VBD">began</w> <w type="IN">with</w> <w type="AT">the</w> <w type="VBG">rising</w> <w type="NN">sun</w> <w type="CC">and</w> <w type="VBD">ended</w> <w type="RB">only</w> <w type="IN">with</w> <w type="NN">sleep</w> <c type="pct">.</c> </s>
</p>
<p><s n="81"><w type="WRB">When</w> <w type="PPS">he</w> <w type="MD">would</w> <w type="BE">be</w> <w type="AT">a</w> <w type="NN">man</w> <c type="pct">,</c> <w type="PPS">he</w> <w type="MD">would</w> <w type="BE">be</w> <w type="AT">a</w> <w type="JJ">rich</w> <w type="NN">man</w> <c type="pct">.</c> </s>
<s n="82"><w type="PPS">He</w> <w type="MD">would</w> <w type="NEG">not</w> <w type="BE">be</w> <w type="CS">like</w> <w type="AT">the</w> <c type="pct">``</c> <w type="JJ">rich</w> <w type="NPS">Americans</w> <c type="pct">''</c> <w type="WPS">who</w> <w type="VBD">lived</w> <w type="IN">in</w> <w type="JJ">white-columned</w> <w type="NNS">houses</w> <w type="IN">on</w> <w type="AT">the</w> <w type="AP">other</w> <w type="NN">side</w> <w type="IN">of</w> <w type="AT">the</w> <w type="NN">park</w> <c type="pct">.</c> </s>
<s n="83"><w type="PPS">He</w> <w type="MD">would</w> <w type="NEG">not</w> <w type="VB">ride</w> <w type="AT">the</w> <w type="CD">eight-thirty</w> <w type="JJ">local</w> <w type="IN">to</w> <w type="AT">the</w> <w type="NN">city</w> <w type="DT">each</w> <w type="NN">morning</w> <c type="pct">.</c> </s>
<s n="84"><w type="PPS">He</w> <w type="MD">would</w> <w type="NEG">not</w> <w type="VB">carry</w> <w type="AT">a</w> <w type="NN">brief</w> <w type="NN">case</w> <c type="pct">.</c> </s>
<s n="85"><w type="CC">Nor</w> <w type="MD">would</w> <w type="PPS">he</w> <w type="VB">work</w> <w type="IN">at</w> <w type="ABN">all</w> <c type="pct">.</c> </s>
<s n="86"><w type="PPS">He</w> <w type="MD">would</w> <w type="VB">square</w> <w type="PPg">his</w> <w type="NNS">shoulders</w> <w type="CC">and</w> <w type="VB">carry</w> <w type="AT">a</w> <w type="NN">cane</w> <w type="IN">before</w> <w type="DT">each</w> <w type="NN">step</w> <c type="pct">.</c> </s>
<s n="87"><w type="PPS">He</w> <w type="MD">would</w> <w type="VB">sit</w> <w type="IN">inside</w> <w type="AT">the</w> <w type="NN">coffee</w> <w type="NN">shop</w> <w type="CC">and</w> <w type="VB">pound</w> <w type="AT">a</w> <w type="VBN">gloved</w> <w type="NN">fist</w> <w type="IN">upon</w> <w type="AT">the</w> <w type="NN">table</w> <w type="CC">and</w> <w type="AT">a</w> <w type="NN">girl</w> <w type="MD">would</w> <w type="VB">hear</w> <w type="PPO">him</w> <w type="CC">and</w> <w type="VB">come</w> <w type="VBG">running</w> <c type="pct">,</c> <w type="VBG">bowing</w> <w type="IN">with</w> <w type="PPg">her</w> <w type="VBG">running</w> <c type="pct">,</c> <w type="VBG">calling</w> <w type="RP">out</w> <w type="IN">in</w> <w type="PPg">her</w> <w type="NN">bowing</w> <c type="pct">,</c> <c type="pct">``</c> <w type="IN">At</w> <w type="PPg">your</w> <w type="NN">service</w> <c type="pct">''</c> <c type="pct">.</c> </s>
<s n="88"><w type="PPS">He</w> <w type="MD">would</w> <w type="VB">order</w> <w type="PPO">her</w> <w type="TO">to</w> <w type="VB">bring</w> <w type="NN">coffee</w> <c type="pct">,</c> <w type="CC">and</w> <w type="MD">would</w> <w type="VB">take</w> <w type="IN">from</w> <w type="PPg">his</w> <w type="NN">vest</w> <w type="NN">pocket</w> <w type="AT">a</w> <w type="JJ">thin</w> <w type="JJ">black</w> <w type="NN">pipe</w> <w type="WDT">which</w> <w type="PPS">he</w> <w type="MD">would</w> <w type="VB">stuff</w> <c type="pct">--</c> <w type="PPS">he</w> <w type="MD">would</w> <w type="NEG">not</w> <w type="VB">remove</w> <w type="PPg">his</w> <w type="NNS">gloves</w> <c type="pct">--</c> <w type="CC">and</w> <w type="VB">light</w> <w type="CC">and</w> <w type="VB">smoke</w> <c type="pct">.</c> </s>
<s n="89"><w type="PPS">He</w> <w type="MD">could</w> <w type="DO">do</w> <w type="DT">that</w> <w type="WRB">when</w> <w type="PPS">he</w> <w type="MD">would</w> <w type="BE">be</w> <w type="AT">a</w> <w type="NN">man</w> <c type="pct">.</c> </s>
</p>
<p><s n="90"><c type="pct">``</c> <w type="UH">Hey</w> <c type="pct">,</c> <w type="NP">Laura</w> <c type="pct">''</c> <c type="pct">!</c> <c type="pct">!</c> </s>
<s n="91"><w type="PPS">He</w> <w type="VBD">called</w> <w type="IN">to</w> <w type="PPg">his</w> <w type="NN">sister</w> <w type="IN">on</w> <w type="AT">the</w> <w type="NN">porch</w> <w type="IN">above</w> <w type="AT">the</w> <w type="NNS">steps</w> <c type="pct">.</c> </s>
<s n="92"><w type="PPS">She</w> <w type="BEDZ">was</w> <w type="RB">only</w> <w type="CD">ten</w> <w type="NNS">months</w> <w type="JJR">older</w> <w type="CS">than</w> <w type="PPS">he</w> <c type="pct">.</c> </s>
<s n="93"><c type="pct">``</c> <w type="NP">Laura</w> <c type="pct">,</c> <w type="WDT">what</w> <w type="MD">would</w> <w type="PPSS">you</w> <w type="VB">say</w> <w type="CS">if</w> <w type="PPSS">I</w> <w type="VBD">smoked</w> <w type="AT">a</w> <w type="NN">pipe</w> <c type="pct">''</c> <c type="pct">?</c> <c type="pct">?</c> </s>
</p>
<p><s n="94"><w type="NP">Laura</w> <w type="DOD">did</w> <w type="NEG">not</w> <w type="VB">answer</w> <w type="PPO">him</w> <c type="pct">.</c> </s>
<s n="95"><w type="PPS">She</w> <w type="VBD">leaned</w> <w type="JJ">unconcerned</w> <w type="IN">against</w> <w type="AT">the</w> <w type="VBN">broken</w> <w type="NN">porch</w> <w type="NN">fence</w> <c type="pct">,</c> <w type="VBG">brushing</w> <w type="CC">and</w> <w type="VBG">drying</w> <w type="PPg">her</w> <w type="JJ">wet</w> <c type="pct">,</c> <w type="VBN">gilded</w> <w type="NN">hair</w> <w type="IN">in</w> <w type="AT">the</w> <w type="NN">sun</w> <c type="pct">.</c> </s>
<s n="96"><w type="CD">One</w> <w type="JJ">lithe</w> <w type="NN">leg</w> <w type="VBD">straddled</w> <w type="AT">the</w> <w type="NN">railing</w> <w type="CC">and</w> <w type="VBD">swung</w> <w type="RB">loosely</w> <w type="IN">before</w> <w type="AT">the</w> <w type="VBG">creaking</w> <c type="pct">,</c> <w type="VBN">torn</w> <w type="NNS">pales</w> <c type="pct">.</c> </s>
<s n="97"><w type="PPg">Her</w> <w type="VBN">tanned</w> <w type="NN">foot</w> <c type="pct">,</c> <w type="WPg">whose</w> <w type="NN">arch</w> <w type="VBD">swept</w> <w type="JJ">high</w> <w type="CC">and</w> <w type="JJ">white</w> <c type="pct">,</c> <w type="VBD">pointed</w> <w type="RB">artfully</w> <w type="IN">toward</w> <w type="VBG">tapering</w> <w type="NNS">toes</w> <c type="pct">--</c> <w type="NNS">toes</w> <w type="CS">like</w> <w type="NNS">fingers</w> <c type="pct">,</c> <w type="WPg">whose</w> <w type="NNS">tips</w> <w type="VBD">glowed</w> <w type="JJ">white</w> <c type="pct">.</c> </s>
<s n="98"><w type="QL">All</w> <w type="AT">the</w> <w type="NN">while</w> <w type="PPS">she</w> <w type="VBD">sat</w> <w type="RB">there</w> <c type="pct">,</c> <w type="PPg">her</w> <w type="JJ">sinewy</w> <w type="NNS">arms</w> <w type="VBD">swirled</w> <w type="IN">before</w> <w type="PPg">her</w> <w type="NN">chest</w> <c type="pct">.</c> </s>
</p>
<p><s n="99"><w type="PPg">Her</w> <w type="NN">face</w> <w type="VBD">showed</w> <w type="AT">no</w> <w type="NN">sign</w> <w type="IN">of</w> <w type="HVG">having</w> <w type="VBN">heard</w> <w type="NP">Pompeii</w> <c type="pct">.</c> </s>
<s n="100"><w type="PPS">It</w> <w type="BEDZ">was</w> <w type="AT">a</w> <w type="NN">face</w> <w type="WPS">that</w> <w type="HVD">had</w> <w type="VBN">lost</w> <w type="PPg">its</w> <w type="JJ">childlike</w> <w type="NN">softness</w> <w type="CC">and</w> <w type="BEDZ">was</w> <w type="VBG">beginning</w> <w type="TO">to</w> <w type="VB">fold</w> <w type="IN">within</w> <w type="PPg">its</w> <w type="JJ">fragile</w> <w type="NNS">features</w> <w type="AT">a</w> <w type="NN">harshness</w> <w type="WPS">that</w> <w type="VBD">belied</w> <w type="AT">the</w> <w type="JJ">lyric</w> <w type="NNS">lines</w> <w type="IN">of</w> <w type="PPg">its</w> <w type="NNS">contours</w> <c type="pct">.</c> </s>
<s n="101"><w type="AT">The</w> <w type="NNS">eyes</w> <c type="pct">,</c> <w type="JJ">blue</w> <w type="CC">and</w> <w type="RB">always</w> <w type="QL">somewhat</w> <w type="JJ">downcast</w> <c type="pct">,</c> <w type="VBD">possessed</w> <w type="AT">a</w> <w type="JJ">sullen</w> <w type="NN">quality</w> <c type="pct">.</c> </s>
<s n="102"><w type="RB">Even</w> <w type="CS">though</w> <w type="AT">the</w> <w type="NN">boy</w> <w type="MD">could</w> <w type="NEG">not</w> <w type="VB">see</w> <w type="PPO">them</w> <c type="pct">,</c> <w type="PPS">he</w> <w type="VBD">knew</w> <w type="PPSS">they</w> <w type="BED">were</w> <w type="VBN">clouded</w> <w type="IN">by</w> <w type="NN">distance</w> <c type="pct">.</c> </s>
<s n="103"><w type="PPS">He</w> <w type="BEDZ">was</w> <w type="RB">never</w> <w type="JJ">sure</w> <w type="PPSS">they</w> <w type="RB">fully</w> <w type="VBD">took</w> <w type="PPO">him</w> <w type="RP">in</w> <c type="pct">.</c> </s>
</p>
<p><s n="104"><w type="NP">Pompeii</w> <w type="VBD">called</w> <w type="RB">again</w> <c type="pct">,</c> <c type="pct">``</c> <w type="NP">Laura</w> <c type="pct">''</c> <c type="pct">!</c> <c type="pct">!</c> </s>
<s n="105"><w type="CC">But</w> <w type="AT">the</w> <w type="AP">only</w> <w type="NN">answer</w> <w type="WPS">that</w> <w type="VBD">reached</w> <w type="PPO">him</w> <w type="BEDZ">was</w> <w type="AT">the</w> <w type="VBG">screeching</w> <w type="IN">of</w> <w type="AT">the</w> <w type="NN">porch</w> <w type="NN">rail</w> <w type="IN">from</w> <w type="PPg">her</w> <w type="NN">leg</w> <w type="VBG">moving</w> <w type="IN">against</w> <w type="PPO">it</w> <c type="pct">.</c> </s>
</p>
<p><s n="106"><c type="pct">``</c> <mw pos="PPS BEZ">She's </mw><w type="IN">in</w> <w type="AT">a</w> <w type="NN">mood</w> <c type="pct">''</c> <c type="pct">,</c> <w type="PPS">he</w> <w type="VBD">thought</w> <c type="pct">``</c> <mw pos="EX BEZ">There's </mw><w type="NEG">not</w> <w type="AT">a</w> <w type="NN">month</w> <w type="PPS">she</w> <mw pos="DOZ *">doesn't </mw><w type="VB">get</w> <w type="PPL">herself</w> <w type="IN">in</w> <w type="AT">a</w> <w type="NN">mood</w> <c type="pct">''</c> <c type="pct">.</c> </s>
</p>
<p><s n="107"><w type="UH">Well</w> <c type="pct">,</c> <w type="WDT">what</w> <w type="DOD">did</w> <w type="DT">that</w> <w type="VB">matter</w> <w type="WRB">when</w> <w type="AT">the</w> <w type="NN">sun</w> <w type="BEDZ">was</w> <w type="VBG">shining</w> <w type="CC">and</w> <w type="EX">there</w> <w type="BED">were</w> <w type="NNS">dreams</w> <w type="TO">to</w> <w type="VB">dream</w> <w type="RB">about</w> <c type="pct">?</c> <c type="pct">?</c> </s>
<s n="108"><w type="CC">And</w> <w type="CS">as</w> <w type="IN">for</w> <w type="PPg">his</w> <w type="NN">pipe</w> <c type="pct">,</c> <w type="CS">if</w> <w type="PPS">he</w> <w type="VBD">wanted</w> <w type="TO">to</w> <w type="VB">smoke</w> <w type="PN">one</w> <c type="pct">,</c> <w type="PN">nobody</w> <w type="MD">would</w> <w type="VB">stop</w> <w type="PPO">him</w> <c type="pct">.</c> </s>
<s n="109"><w type="NEG">Not</w> <w type="RB">even</w> <w type="NP">Laura</w> <c type="pct">.</c> </s>
</p>
<p><s n="110"><w type="RB">Suddenly</w> <w type="PPS">he</w> <w type="BEDZ">was</w> <w type="VBN">interrupted</w> <w type="IN">in</w> <w type="PPg">his</w> <w type="NN">daydreaming</w> <w type="IN">by</w> <w type="AT">a</w> <w type="JJ">warm</w> <w type="NN">wetness</w> <w type="VBG">lapping</w> <w type="IN">against</w> <w type="PPg">his</w> <w type="NN">chin</w> <c type="pct">,</c> <w type="CC">and</w> <w type="PPg">his</w> <w type="NNS">eyes</w> <w type="VBD">opened</w> <w type="RB">wide</w> <w type="CC">and</w> <w type="RB">long</w> <w type="IN">at</w> <w type="AT">the</w> <w type="NN">sight</w> <w type="IN">of</w> <w type="AT">a</w> <w type="NNg">goat's</w> <w type="JJ">claret</w> <w type="NN">tongue</w> <c type="pct">,</c> <w type="VBG">feasting</w> <w type="IN">against</w> <w type="AT">the</w> <w type="NN">salt</w> <w type="NN">taste</w> <w type="IN">of</w> <w type="PPO">him</w> <c type="pct">.</c> </s>
<s n="111"><w type="IN">Above</w> <w type="AT">the</w> <w type="NN">tongue</w> <c type="pct">,</c> <w type="AT">an</w> <w type="VBN">aged</w> <w type="JJ">yellow</w> <w type="NN">eye</w> <c type="pct">,</c> <w type="JJ">sallow</w> <w type="CC">and</w> <w type="JJ">time-cast</w> <c type="pct">,</c> <w type="VBN">encrusted</w> <w type="IN">within</w> <w type="AT">a</w> <w type="NN">sphere</w> <w type="IN">of</w> <w type="VBN">marbleized</w> <w type="JJ">pink</w> <w type="NN">skin</w> <c type="pct">,</c> <w type="VBD">stared</w> <w type="RB">unfalteringly</w> <w type="IN">at</w> <w type="PPO">him</w> <c type="pct">.</c> </s>
</p>
<p><s n="112"><c type="pct">``</c> <w type="UH">Christ</w> <w type="UH">sake</w> <c type="pct">,</c> <w type="NN">goat</w> <c type="pct">,</c> <w type="VB">git</w> <c type="pct">''</c> <c type="pct">!</c> <c type="pct">!</c> </s>
<s n="113"><w type="CC">But</w> <w type="AT">the</w> <w type="NN">goat</w> <w type="MD">would</w> <w type="NEG">not</w> <c type="pct">.</c> </s>
</p>
<p><s n="114"><c type="pct">``</c> <mw pos="PPSS BER">You're </mw><w type="VBG">boiling</w> <w type="NN">milk</w> <c type="pct">,</c> <mw pos="BER *">ain't </mw><w type="PPO">you</w> <c type="pct">''</c> <c type="pct">?</c> <c type="pct">?</c> </s>
<s n="115"><w type="VBG">Soothing</w> <w type="PPO">it</w> <w type="IN">with</w> <w type="PPg">his</w> <w type="NN">hand</w> <c type="pct">,</c> <w type="VBG">knowing</w> <w type="AT">the</w> <w type="JJ">whiskered</w> <w type="NNS">jowls</w> <w type="CC">and</w> <w type="AT">the</w> <w type="VBN">swollen</w> <w type="NN">smoothness</w> <w type="IN">of</w> <w type="NNS">teats</w> <w type="WPS">that</w> <w type="VBD">wrinkled</w> <w type="RB">expectantly</w> <w type="IN">to</w> <w type="PPg">his</w> <w type="NN">touch</w> <c type="pct">.</c> </s>
<s n="116"><w type="NP">Pompeii</w> <w type="VBD">rolled</w> <w type="RP">over</w> <c type="pct">.</c> </s>
<s n="117"><w type="PPg">His</w> <w type="NN">head</w> <w type="VBD">undulated</w> <w type="RB">gradually</w> <c type="pct">,</c> <w type="VBG">covering</w> <w type="NN">space</w> <c type="pct">,</c> <w type="TO">to</w> <w type="VB">come</w> <w type="VBG">straining</w> <w type="IN">beneath</w> <w type="AT">the</w> <w type="JJ">taut</w> <w type="NN">belly</w> <w type="IN">within</w> <w type="AT">the</w> <w type="NN">warmth</w> <w type="IN">of</w> <w type="DTS">those</w> <w type="NNS">teats</w> <c type="pct">.</c> </s>
<s n="118"><w type="IN">With</w> <w type="PPg">his</w> <w type="NN">mouth</w> <w type="VBN">opened</w> <w type="JJ">wide</w> <c type="pct">,</c> <w type="PPS">he</w> <w type="VBD">squirted</w> <w type="AT">the</w> <w type="JJ">warm</w> <w type="JJ">white</w> <w type="NN">milk</w> <w type="IN">against</w> <w type="AT">the</w> <w type="NN">roof</w> <w type="IN">of</w> <w type="PPg">his</w> <w type="NN">mouth</w> <w type="CC">and</w> <w type="PPg">his</w> <w type="NN">tongue</w> <w type="VBD">savored</w> <w type="AT">the</w> <w type="JJ">light</w> <c type="pct">,</c> <w type="JJ">earthy</w> <w type="NN">taste</w> <w type="IN">of</w> <w type="PPO">it</w> <c type="pct">.</c> </s>
<s n="119"><w type="AT">The</w> <w type="NNg">boy's</w> <w type="NNS">fingers</w> <w type="CC">and</w> <w type="NN">mouth</w> <w type="VBD">operated</w> <w type="IN">with</w> <w type="AT">the</w> <w type="JJ">skilled</w> <w type="NN">unity</w> <w type="IN">of</w> <w type="AT">a</w> <w type="NN">bagpipe</w> <w type="NN">player</w> <c type="pct">,</c> <w type="VBG">pressing</w> <w type="CC">and</w> <w type="VBG">pulling</w> <c type="pct">,</c> <w type="VBG">delighting</w> <w type="IN">in</w> <w type="WDT">what</w> <w type="PPS">he</w> <w type="DOD">did</w> <c type="pct">.</c> </s>
</p>
<p><s n="120"><w type="IN">Above</w> <w type="PPO">him</w> <w type="VBD">slid</w> <w type="AT">the</w> <w type="JJ">evasive</w> <w type="NN">shadow</w> <w type="IN">of</w> <w type="AT">a</w> <w type="NN">storm</w> <w type="NN">cloud</w> <c type="pct">.</c> </s>
<s n="121"><w type="PPg">Its</w> <w type="NN">form</w> <w type="BEDZ">was</w> <w type="AT">a</w> <w type="JJ">heavy</w> <w type="NN">figure</w> <w type="IN">in</w> <w type="AT">a</w> <w type="VBG">fluttering</w> <w type="NN">soutane</w> <c type="pct">.</c> </s>
<s n="122"><w type="CC">But</w> <w type="AT">the</w> <w type="NN">boy</w> <w type="MD">could</w> <w type="VB">see</w> <w type="RB">only</w> <w type="AT">the</w> <w type="NNg">goat's</w> <w type="NN">belly</w> <c type="pct">.</c> </s>
</p>
<p><s n="123"><w type="AT">The</w> <w type="JJ" subtype="TL">Old</w> <w type="NN" subtype="TL">Man</w> <w type="IN">near</w> <w type="AT">the</w> <w type="NN">corner</w> <w type="VBD">let</w> <w type="AT">the</w> <w type="NN">shadow</w> <w type="NN">pass</w> <w type="IN">over</w> <w type="PPO">him</w> <c type="pct">,</c> <w type="VBG">sensing</w> <w type="PN">something</w> <w type="JJ">portentous</w> <w type="IN">in</w> <w type="PPO">it</w> <c type="pct">.</c> </s>
<s n="124"><w type="PPS">He</w> <w type="VBD">knew</w> <w type="PPS">it</w> <w type="BEDZ">was</w> <w type="RB">there</w> <c type="pct">,</c> <w type="VBD">knew</w> <w type="RB">also</w> <w type="WDT">what</w> <w type="PPS">it</w> <w type="BEDZ">was</w> <w type="IN">about</w> <c type="pct">,</c> <w type="CC">but</w> <w type="PPS">he</w> <mw pos="MD *">wouldn't </mw><w type="VB">raise</w> <w type="AT">a</w> <w type="NN">finger</w> <w type="IN">except</w> <w type="TO">to</w> <w type="VB">smooth</w> <w type="PPg">his</w> <w type="JJ">yellow</w> <w type="NNg">dog's</w> <w type="NN">back</w> <c type="pct">.</c> </s>
<s n="125"><w type="EX">There</w> <w type="MD">would</w> <w type="BE">be</w> <w type="NN">time</w> <w type="AP">enough</w> <c type="pct">,</c> <w type="RB">perhaps</w> <w type="AT">the</w> <w type="JJ" subtype="TL">Old</w> <w type="NN" subtype="TL">Man</w> <w type="VBD">reassured</w> <w type="PPL">himself</w> <c type="pct">,</c> <w type="TO">to</w> <w type="VB">pay</w> <w type="AT">the</w> <w type="NN">devil</w> <w type="PPg">his</w> <w type="NN">due</w> <c type="pct">.</c> </s>
<s n="126"><w type="NN">Time</w> <w type="AP">enough</w> <w type="TO">to</w> <w type="VB">give</w> <w type="RP">up</w> <w type="PPg">his</w> <w type="NN">soul</w> <c type="pct">.</c> </s>
</p>
<p><s n="127"><w type="IN">In</w> <w type="AT">the</w> <w type="NN">meantime</w> <c type="pct">,</c> <w type="CD">six</w> <w type="NNS">sandals</w> <c type="pct">,</c> <w type="VBN">stained</w> <w type="AT">an</w> <w type="NN">ocher</w> <c type="pct">,</c> <w type="AT">the</w> <w type="AP">same</w> <w type="NN">color</w> <w type="CS">as</w> <w type="NPg">Pompeii's</w> <w type="VBN">shaved</w> <w type="NN">hair</w> <c type="pct">,</c> <w type="VBD">edged</w> <w type="RP">up</w> <w type="RB">close</w> <w type="IN">to</w> <w type="PPO">him</w> <c type="pct">.</c> </s>
<s n="128"><w type="AT">The</w> <w type="NN">clapping</w> <w type="PPSS">they</w> <w type="VBD">made</w> <w type="IN">on</w> <w type="AT">the</w> <w type="NN">concrete</w> <w type="VBD">interrupted</w> <w type="PPO">him</w> <w type="IN">in</w> <w type="AT">the</w> <w type="JJ">ecstatic</w> <w type="NN">pleasure</w> <w type="PPS">he</w> <w type="VBD">knew</w> <c type="pct">,</c> <w type="CS">so</w> <w type="CS">that</w> <w type="PPS">he</w> <w type="RB">quickly</w> <w type="VBD">released</w> <w type="PPg">his</w> <w type="NN">hold</w> <w type="IN">on</w> <w type="AT">the</w> <w type="NN">goat</w> <w type="CC">and</w> <w type="VBD">pretended</w> <w type="TO">to</w> <w type="BE">be</w> <w type="VBG">examining</w> <w type="PPg">its</w> <w type="NNS">haunches</w> <w type="IN">for</w> <w type="NNS">ticks</w> <c type="pct">.</c> </s>
</p>
<p><s n="129"><w type="PPS">He</w> <w type="VBD">knew</w> <w type="IN">at</w> <w type="AT">a</w> <w type="NN">glance</w> <w type="CS">that</w> <w type="AT">the</w> <w type="JJT">biggest</w> <w type="NNS">sandals</w> <w type="VBD">belonged</w> <w type="IN">to</w> <w type="NP">Niobe</w> <c type="pct">,</c> <w type="AT">the</w> <w type="JJT">neatest</w> <w type="NNS">ones</w> <w type="IN">to</w> <w type="NP">Concetta</w> <c type="pct">,</c> <w type="CC">and</w> <w type="AT">the</w> <w type="VBN">laced</w> <w type="NNS">ones</w> <w type="IN">to</w> <w type="NP">Romeo</w> <c type="pct">,</c> <w type="NPg">Concetta's</w> <w type="NN">idiot</w> <w type="NN">brother</w> <c type="pct">.</c> </s>
<s n="130"><w type="NP">Pompeii</w> <w type="VBD">expected</w> <w type="NPg">Romeo's</w> <w type="JJ">small</w> <w type="NN">body</w> <w type="TO">to</w> <w type="VB">sink</w> <w type="RBR">closer</w> <w type="CC">and</w> <w type="RBR">closer</w> <w type="IN">to</w> <w type="AT">the</w> <w type="NN">ground</w> <c type="pct">.</c> </s>
<s n="131"><w type="PPS">He</w> <w type="VBD">expected</w> <w type="NPg">Concetta's</w> <w type="JJ">thin</w> <w type="NN">hand</w> <w type="TO">to</w> <w type="VB">reach</w> <w type="RP">down</w> <w type="TO">to</w> <w type="VB">grasp</w> <w type="AT">the</w> <w type="NN">boy</w> <c type="pct">,</c> <w type="CC">and</w> <w type="PPg">her</w> <w type="JJ">shrill</w> <c type="pct">,</c> <w type="JJ">impetuous</w> <w type="NN">voice</w> <w type="TO">to</w> <w type="VB">sound</w> <w type="IN">against</w> <w type="AT">the</w> <w type="NN">rotundity</w> <w type="IN">of</w> <w type="PPg">his</w> <w type="VBN">disfigured</w> <w type="NN">flesh</w> <w type="WPS">that</w> <w type="BEDZ">was</w> <w type="RB">never</w> <w type="JJ">sure</w> <w type="IN">of</w> <w type="VBG">hearing</w> <w type="PN">anything</w> <c type="pct">.</c> </s>
</p>
<p></p></body></text></TEI>
