<TEI xmlns="http://www.tei-c.org/ns/1.0"><teiHeader><fileDesc><titleStmt><title>Sample P06 from  Richard Tiernan, "Land of the Silver Dollar," The Quixote
 Anthology, edited by Jean Rikhoff, Kam and Richard Tiernan.
 New York: Grosset's Universal Library, 1961. Pp. 36-40.
 </title></titleStmt><editionStmt><edition>A part  of the XML version of the Brown Corpus</edition></editionStmt><extent>2,052 words 859 (41.9%) quotes 2 symbols</extent><publicationStmt><idno>P06</idno><availability><p>Used by permission of Grosset &amp; Dunlap, Inc. 0010-1840</p></availability></publicationStmt><sourceDesc><bibl> Richard Tiernan, "Land of the Silver Dollar," The Quixote
 Anthology, edited by Jean Rikhoff, Kam and Richard Tiernan.
 New York: Grosset's Universal Library, 1961. Pp. 36-40.
 </bibl></sourceDesc></fileDesc><encodingDesc><p>Typographical Error: Forebearing [0490]</p></encodingDesc><revisionDesc><change when="2008-04-27">Header auto-generated for TEI version</change></revisionDesc></teiHeader>
<text xml:id="P06" decls="P">
<body><p><s n="1"><w type="WRB">How</w> <c type="pct">,</c> <w type="PPS">he</w> <w type="VBD">wondered</w> <c type="pct">,</c> <w type="DOZ">does</w> <w type="PN">one</w> <w type="VB">enjoy</w> <w type="PNg">one's</w> <w type="JJ">spare</w> <w type="NN">time</w> <c type="pct">?</c> <c type="pct">?</c> </s>
<s n="2"><w type="PPS">He</w> <w type="VBD">considered</w> <w type="DTI">some</w> <w type="JJ">interesting</w> <w type="NN">excursion</w> <w type="CC">but</w> <w type="PPS">he</w> <w type="BEDZ">was</w> <w type="IN">on</w> <w type="AT">the</w> <w type="NN">road</w> <w type="AT">every</w> <w type="NN">day</w> <w type="IN">from</w> <w type="NN">dawn</w> <w type="IN">to</w> <w type="NN">dusk</w> <c type="pct">.</c> </s>
<s n="3"><w type="RB">Then</w> <w type="EX">there</w> <w type="BEDZ">was</w> <w type="NN">exercise</w> <c type="pct">,</c> <w type="VBG">boating</w> <w type="CC">and</w> <w type="VBG">hiking</w> <c type="pct">,</c> <w type="WDT">which</w> <w type="BEDZ">was</w> <w type="NEG">not</w> <w type="RB">only</w> <w type="JJ">good</w> <w type="IN">for</w> <w type="PPO">you</w> <w type="CC">but</w> <w type="RB">also</w> <w type="VBD">made</w> <w type="PPO">you</w> <w type="QL">more</w> <w type="JJ">virile</w> <c type="pct">:</c> <w type="AT">the</w> <w type="NN">thought</w> <w type="IN">of</w> <w type="JJ">strenuous</w> <w type="NN">activity</w> <w type="VBD">left</w> <w type="PPO">him</w> <w type="VBN">exhausted</w> <c type="pct">.</c> </s>
<s n="4"><w type="RB">Perhaps</w> <w type="NN">golf</w> <c type="pct">,</c> <w type="IN">with</w> <w type="AT">a</w> <w type="JJ">fashionable</w> <w type="NN">companion</w> <c type="pct">--</c> <w type="CC">but</w> <mw pos="PPS HVD">he'd </mw><w type="VBN">lost</w> <w type="PPg">his</w> <w type="NNS">clubs</w> <c type="pct">,</c> <mw pos="HVD *">hadn't </mw><w type="VBN">played</w> <w type="IN">in</w> <w type="NNS">years</w> <c type="pct">.</c> </s>
<s n="5"><w type="EX">There</w> <w type="BEDZ">was</w> <w type="VBG">swimming</w> <w type="IN">over</w> <w type="IN">at</w> <w type="AT">the</w> <w type="NP" subtype="TL">Riverside</w> <w type="NN" subtype="TL">Hotel</w> <c type="pct">,</c> <w type="CC">but</w> <w type="PPg">his</w> <w type="NN">skin</w> <w type="BEDZ">was</w> <w type="QL">so</w> <w type="JJ">white</w> <w type="PPS">he</w> <w type="VBD">looked</w> <w type="CS">like</w> <w type="AT">the</w> <w type="NN">bottom</w> <w type="IN">of</w> <w type="AT">a</w> <w type="NN">frog</w> <c type="pct">.</c> </s>
<s n="6"><w type="RB">Perhaps</w> <w type="AT">a</w> <w type="VBG">packing</w> <w type="NN">trip</w> <w type="IN">into</w> <w type="AT">the</w> <w type="NPS">Sierras</w> <c type="pct">,</c> <w type="VB">let</w> <w type="PPg">his</w> <w type="NN">beard</w> <w type="VB">grow</w> <c type="pct">--</c> <w type="CC">but</w> <w type="DT">that</w> <w type="BEDZ">was</w> <w type="QL">too</w> <w type="JJ">stark</w> <c type="pct">.</c> </s>
<s n="7"><w type="PPSS">I</w> <w type="MD">could</w> <c type="pct">,</c> <w type="PPS">he</w> <w type="VBD">thought</w> <c type="pct">,</c> <w type="VB">take</w> <w type="AT">a</w> <w type="JJ">long</w> <w type="NN">walk</w> <c type="pct">--</c> <w type="CC">but</w> <w type="WRB">where</w> <c type="pct">?</c> <c type="pct">?</c> </s>
</p>
<p><s n="8"><w type="AT">The</w> <w type="NN">telephone</w> <w type="VBD">rang</w> <c type="pct">.</c> </s>
</p>
<p><s n="9"><c type="pct">``</c> <w type="PPSS">You</w> <w type="VBD">missed</w> <w type="PPO">it</w> <c type="pct">''</c> <c type="pct">,</c> <w type="NPg">Buzz's</w> <w type="NN">voice</w> <w type="VBD">said</w> <c type="pct">,</c> <c type="pct">``</c> <w type="PPSS">You</w> <w type="MD">should</w> <w type="HV">have</w> <w type="VBN">gone</w> <w type="RP">over</w> <w type="IN">to</w> <w type="AT">the</w> <w type="NN" subtype="TL">Pagan</w> <w type="NN" subtype="TL">Room</w> <w type="IN">with</w> <w type="PPO">us</w> <c type="pct">.</c> </s>
<s n="10"><w type="UH">Wow</w> <c type="pct">.</c> </s>
<s n="11"><w type="NNS">Strippers</w> <c type="pct">,</c> <w type="CC">but</w> <w type="JJ">scrumptious</w> <c type="pct">,</c> <w type="CC">and</w> <w type="NP">Toodle</w> <w type="NP">Williams</w> <w type="CC">and</w> <w type="PPg">her</w> <w type="JJ">all-lesbian</w> <w type="NN">band</w> <c type="pct">''</c> <c type="pct">.</c> </s>
</p>
<p><s n="12"><c type="pct">``</c> <w type="UH">Hi</w> <c type="pct">,</c> <w type="NP">Buzz</w> <c type="pct">''</c> <c type="pct">,</c> <w type="NP">Owen</w> <w type="VBD">said</w> <c type="pct">.</c> </s>
<s n="13"><c type="pct">``</c> <w type="PPSS">I</w> <w type="VBD">went</w> <w type="RP">over</w> <w type="IN">to</w> <w type="AT">the</w> <w type="NNS" subtype="TL">Willows</w> <w type="CC">and</w> <w type="VBD">dropped</w> <w type="CD">two</w> <w type="NNS">notes</w> <c type="pct">''</c> <c type="pct">.</c> </s>
</p>
<p><s n="14"><c type="pct">``</c> <w type="JJ">Tough</w> <c type="pct">''</c> <c type="pct">,</c> <w type="NP">Buzz</w> <w type="VBD">said</w> <c type="pct">,</c> <c type="pct">``</c> <w type="VB">Listen</w> <c type="pct">,</c> <mw pos="PPSS BER">we're </mw><w type="HVG">having</w> <w type="AT">a</w> <w type="NN">stag</w> <w type="NN">dinner</w> <w type="RP">over</w> <w type="IN">at</w> <w type="AT">the</w> <w type="NN" subtype="TL">Pagan</w> <w type="NN" subtype="TL">Room</w> <w type="IN">on</w> <w type="NR">Friday</w> <c type="pct">.</c> </s>
<s n="15"><w type="VB">Imagine</w> <w type="AT">a</w> <w type="NN">stag</w> <w type="NN">dinner</w> <w type="IN">with</w> <w type="NP">Toodle</w> <w type="NP">Williams</w> <c type="pct">''</c> <c type="pct">.</c> </s>
<s n="16"><w type="PPS">He</w> <w type="VBD">laughed</w> <w type="CC">and</w> <w type="VBD">laughed</w> <c type="pct">.</c> </s>
</p>
<p><s n="17"><w type="NP">Owen</w> <w type="VBD">wanted</w> <w type="TO">to</w> <w type="BE">be</w> <w type="JJ">pleasant</w> <w type="CS">because</w> <w type="NP">Buzz</w> <w type="VBD">worked</w> <w type="AT">the</w> <w type="NN">territory</w> <w type="IN">next</w> <w type="IN">to</w> <w type="PPgg">his</w> <c type="pct">,</c> <w type="CC">but</w> <w type="PPS">he</w> <mw pos="HVD *">hadn't </mw><w type="VBN">come</w> <w type="IN">to</w> <w type="NP">Reno</w> <w type="IN">for</w> <w type="NN">stag</w> <w type="NNS">dinners</w> <c type="pct">.</c> </s>
<s n="18"><c type="pct">``</c> <w type="NNS">Thanks</w> <c type="pct">''</c> <c type="pct">,</c> <w type="NP">Owen</w> <w type="VBD">said</w> <c type="pct">,</c> <c type="pct">``</c> <w type="CC">but</w> <w type="NR">Friday</w> <w type="BEZ">is</w> <w type="AT">a</w> <w type="JJ">long</w> <w type="NN">way</w> <w type="RP">off</w> <w type="CC">and</w> <w type="PN">anything</w> <w type="MD">can</w> <w type="VB">happen</w> <c type="pct">''</c> <c type="pct">.</c> </s>
</p>
<p><s n="19"><w type="NP">Buzz</w> <w type="BEDZ">was</w> <w type="AT">a</w> <w type="JJ">tireless</w> <w type="NN">instigator</w> <w type="WPS">who</w> <w type="RB">never</w> <w type="VB">let</w> <w type="PPg">his</w> <w type="NNS">victims</w> <w type="VB">rest</w> <c type="pct">.</c> </s>
<s n="20"><w type="WRB">When</w> <w type="NP">Owen</w> <w type="BEDZ">was</w> <w type="RB">finally</w> <w type="JJ">rid</w> <w type="IN">of</w> <w type="PPO">him</w> <c type="pct">,</c> <w type="EX">there</w> <w type="BEDZ">was</w> <w type="AT">a</w> <w type="JJ">timid</w> <w type="NN">rap</w> <w type="IN">at</w> <w type="AT">the</w> <w type="NN">door</w> <c type="pct">.</c> </s>
</p>
<p><s n="21"><c type="pct">``</c> <w type="RB">Yes</w> <c type="pct">''</c> <c type="pct">,</c> <w type="NP">Owen</w> <w type="VBD">called</w> <w type="RP">out</w> <c type="pct">.</c> </s>
<s n="22"><c type="pct">``</c> <w type="RB">Yes</w> <c type="pct">''</c> <c type="pct">?</c> <c type="pct">?</c> </s>
</p>
<p><s n="23"><c type="pct">``</c> <mw pos="PPSS BEM">I'm </mw><w type="NP">Mrs.</w> <w type="NP">Gertrude</w> <w type="NP">Parker</w> <c type="pct">''</c> <c type="pct">,</c> <w type="AT">a</w> <w type="JJ">soft</w> <w type="NN">voice</w> <w type="VBD">explained</w> <c type="pct">,</c> <c type="pct">``</c> <w type="CC">And</w> <mw pos="PPSS MD">I'd </mw><w type="VB">like</w> <w type="TO">to</w> <w type="VB">talk</w> <w type="IN">to</w> <w type="PPO">you</w> <w type="IN">for</w> <w type="AT">a</w> <w type="AP">few</w> <w type="NNS">minutes</w> <c type="pct">,</c> <w type="VB">please</w> <c type="pct">''</c> <c type="pct">.</c> </s>
</p>
<p><s n="24"><w type="UH">Ahah</w> <c type="pct">,</c> <w type="PPS">he</w> <w type="VBD">thought</w> <c type="pct">,</c> <w type="AT">a</w> <w type="JJ">lush</w> <w type="NN">divorcee</w> <w type="IN">at</w> <w type="AP">last</w> <c type="pct">.</c> </s>
<s n="25"><w type="RB">Probably</w> <w type="VBD">saw</w> <w type="PPO">me</w> <w type="IN">in</w> <w type="AT">the</w> <w type="NN">lobby</w> <c type="pct">.</c> </s>
<s n="26"><w type="PPS">He</w> <w type="BEDZ">was</w> <w type="VBN">disappointed</w> <w type="TO">to</w> <w type="VB">find</w> <w type="AT">a</w> <w type="JJ">nervous</w> <c type="pct">,</c> <w type="JJ">scrawny</w> <w type="NN">woman</w> <w type="IN">with</w> <w type="AT">a</w> <w type="JJ">big</w> <w type="NN">hat</w> <w type="VBG">standing</w> <w type="IN">at</w> <w type="AT">the</w> <w type="NN">door</w> <c type="pct">.</c> </s>
<s n="27"><w type="PPS">She</w> <w type="VBD">frowned</w> <w type="IN">at</w> <w type="PPg">his</w> <w type="JJ">green</w> <w type="NNS">pajamas</w> <w type="IN">with</w> <w type="AT">the</w> <w type="JJ">yellow</w> <w type="NNS">moons</w> <c type="pct">.</c> </s>
</p>
<p><s n="28"><c type="pct">``</c> <w type="WRB">How</w> <w type="DO">do</w> <w type="PPO">you</w> <w type="DO">do</w> <c type="pct">''</c> <c type="pct">?</c> <c type="pct">?</c> </s>
<s n="29"><w type="PPS">She</w> <w type="VBD">said</w> <c type="pct">,</c> <w type="RB">semi-professionally</w> <c type="pct">.</c> </s>
<s n="30"><c type="pct">``</c> <w type="PPg">Our</w> <w type="NN">church</w> <w type="BEZ">is</w> <w type="VBG">sponsoring</w> <w type="AT">a</w> <w type="NN">group</w> <w type="IN">of</w> <w type="QL">very</w> <w type="JJ">courageous</w> <w type="NNS">women</w> <w type="RP">up</w> <w type="IN">in</w> <w type="NP">Alaska</w> <c type="pct">.</c> </s>
<s n="31"><w type="PPSS">We</w> <w type="VB">call</w> <w type="PPO">them</w> <w type="NNS">lay-sisters</w> <w type="CC">and</w> <w type="PPSS">they</w> <w type="VB">go</w> <w type="IN">among</w> <w type="AT">the</w> <w type="NPS">Eskimos</w> <w type="VBG">making</w> <w type="NNS">friends</w> <w type="CC">and</w> <w type="VBG">bringing</w> <w type="AT">the</w> <w type="NN">light</w> <c type="pct">.</c> </s>
<s n="32"><mw pos="PPSS BER">They're </mw><w type="RP">up</w> <w type="RB">there</w> <w type="IN">in</w> <w type="DT">that</w> <w type="VBG">freezing</w> <w type="NN">climate</w> <w type="CC">and</w> <w type="ABN">all</w> <w type="IN">of</w> <w type="PPO">us</w> <w type="HV">have</w> <w type="TO">to</w> <w type="VB">try</w> <w type="CC">and</w> <w type="VB">help</w> <w type="PPO">them</w> <c type="pct">''</c> <c type="pct">.</c> </s>
</p>
<p><s n="33"><c type="pct">``</c> <w type="UH">Oh</w> <c type="pct">''</c> <c type="pct">?</c> <c type="pct">?</c> </s>
</p>
<p><s n="34"><c type="pct">``</c> <w type="PPSS">You</w> <w type="VB">see</w> <c type="pct">''</c> <c type="pct">,</c> <w type="PPS">she</w> <w type="VBD">said</w> <c type="pct">,</c> <w type="VBG">looking</w> <w type="IN">past</w> <w type="PPO">him</w> <w type="IN">into</w> <w type="AT">the</w> <w type="NN">room</w> <c type="pct">,</c> <w type="WRB">where</w> <w type="AT">the</w> <w type="NN">highball</w> <w type="NNS">glasses</w> <w type="VBD">sparkled</w> <w type="RB">dully</w> <w type="IN">in</w> <w type="AT">the</w> <w type="JJ">bright</w> <w type="NN">light</w> <c type="pct">,</c> <c type="pct">``</c> <w type="PPSS">you</w> <w type="CC">and</w> <w type="PPSS">I</w> <mw pos="MD *">can't </mw><w type="VB">understand</w> <w type="AT">the</w> <w type="AP">many</w> <w type="NNS">hardships</w> <w type="PPSS">they</w> <w type="HV">have</w> <w type="TO">to</w> <w type="VB">undergo</w> <c type="pct">''</c> <c type="pct">.</c> </s>
</p>
<p><s n="35"><c type="pct">``</c> <w type="WRB">Why</w> <w type="BEZ">is</w> <w type="DT">that</w> <c type="pct">''</c> <c type="pct">?</c> <c type="pct">?</c> </s>
</p>
<p><s n="36"><w type="PPS">She</w> <w type="RB">apparently</w> <mw pos="BEDZ *">wasn't </mw><w type="VBN">satisfied</w> <w type="IN">with</w> <w type="PPg">his</w> <w type="NN">reaction</w> <c type="pct">.</c> </s>
<s n="37"><w type="JJ">Smug</w> <c type="pct">,</c> <w type="NP">Owen</w> <w type="VBD">thought</w> <c type="pct">,</c> <w type="JJ">smug</w> <w type="CC">and</w> <w type="JJ">sappy</w> <c type="pct">.</c> </s>
<s n="38"><w type="EX">There</w> <w type="BEDZ">was</w> <w type="AT">a</w> <w type="JJ">slight</w> <w type="JJ">nervous</w> <w type="NN">twitch</w> <w type="IN">in</w> <w type="AT">the</w> <w type="NN">region</w> <w type="IN">of</w> <w type="PPg">her</w> <w type="JJ">left</w> <w type="NN">eye</w> <c type="pct">.</c> </s>
<s n="39"><w type="PPS">It</w> <w type="VBD">gave</w> <w type="PPO">her</w> <w type="AT">a</w> <w type="JJ">lewd</w> <c type="pct">,</c> <w type="VBG">winking</w> <w type="NN">effect</w> <c type="pct">.</c> </s>
</p>
<p><s n="40"><c type="pct">``</c> <w type="HV">Have</w> <w type="PPSS">you</w> <w type="RB">ever</w> <w type="VBN">tried</w> <w type="TO">to</w> <w type="VB">reason</w> <w type="IN">with</w> <w type="AT">an</w> <w type="NP">Eskimo</w> <c type="pct">''</c> <c type="pct">?</c> <c type="pct">?</c> </s>
<s n="41"><w type="PPS">She</w> <w type="VBD">asked</w> <c type="pct">,</c> <w type="VBG">winking</w> <w type="RB">wildly</w> <c type="pct">.</c> </s>
<s n="42"><c type="pct">``</c> <w type="PPSS">They</w> <w type="BER">are</w> <w type="AT">a</w> <w type="QL">very</w> <w type="JJ">difficult</w> <w type="NN">group</w> <w type="IN">of</w> <w type="NNS">people</w> <c type="pct">''</c> <c type="pct">.</c> </s>
</p>
<p><s n="43"><c type="pct">``</c> <w type="PPSS">I</w> <mw pos="DO *">don't </mw><w type="VB">know</w> <w type="AP">much</w> <w type="IN">about</w> <w type="PPO">them</w> <c type="pct">''</c> <c type="pct">,</c> <w type="NP">Owen</w> <w type="VBD">admitted</w> <c type="pct">,</c> <c type="pct">``</c> <w type="CC">but</w> <w type="PPSS">I</w> <w type="VB">suppose</w> <w type="PPSS">they</w> <w type="HV">have</w> <w type="PPg">their</w> <w type="JJ">own</w> <w type="NN">religion</w> <w type="CC">and</w> <w type="PPSS">they</w> <w type="RB">probably</w> <w type="VB">resent</w> <w type="NNS">outsiders</w> <w type="VBG">coming</w> <w type="RP">in</w> <w type="CC">and</w> <w type="VBG">telling</w> <w type="PPO">them</w> <w type="WDT">what</w> <w type="TO">to</w> <w type="DO">do</w> <w type="CC">and</w> <w type="WDT">what</w> <w type="NEG">not</w> <w type="TO">to</w> <w type="DO">do</w> <c type="pct">''</c> <c type="pct">.</c> </s>
</p>
<p><s n="44"><w type="PPS">She</w> <w type="VBD">smiled</w> <w type="IN">in</w> <w type="AT">a</w> <w type="JJ">sickly-tolerant</w> <w type="NN">fashion</w> <c type="pct">.</c> </s>
<s n="45"><c type="pct">``</c> <w type="PPSS">You</w> <w type="VB">know</w> <c type="pct">,</c> <mw pos="DT BEZ">that's </mw><w type="QL">very</w> <w type="JJ">interesting</w> <c type="pct">.</c> </s>
<s n="46"><w type="NNS">People</w> <mw pos="DO *">don't </mw><w type="VB">know</w> <w type="WRB">how</w> <w type="AP">much</w> <w type="PPSS">they</w> <w type="VB">give</w> <w type="RB">away</w> <w type="IN">about</w> <w type="PPLS">themselves</w> <w type="IN">by</w> <w type="NNS">remarks</w> <w type="CS">like</w> <w type="DT">that</w> <c type="pct">.</c> </s>
<s n="47"><w type="AT">The</w> <w type="AP">more</w> <w type="NN">canvassing</w> <w type="PPSS">I</w> <w type="DO">do</w> <c type="pct">,</c> <w type="AT">the</w> <w type="AP">more</w> <w type="PPSS">I</w> <w type="VB">note</w> <w type="WRB">how</w> <w type="RB">far</w> <w type="AP">most</w> <w type="NNS">people</w> <w type="BER">are</w> <w type="IN">from</w> <w type="PPg">their</w> <w type="JJ">personal</w> <w type="NP">God</w> <c type="pct">''</c> <c type="pct">.</c> </s>
</p>
<p><s n="48"><w type="VBG">Forebearing</w> <c type="pct">,</c> <w type="NP">Owen</w> <w type="VBD">kept</w> <w type="PPg">his</w> <w type="NN">peace</w> <c type="pct">.</c> </s>
<s n="49"><w type="WDT">What</w> <w type="MD">would</w> <w type="VB">happen</w> <w type="RB">next</w> <c type="pct">?</c> <c type="pct">?</c> </s>
<s n="50"><w type="CS">That</w> <w type="PPS">she</w> <w type="BEDZ">was</w> <w type="RP">out</w> <w type="IN">for</w> <w type="AT">a</w> <w type="NN">touch</w> <w type="BEDZ">was</w> <w type="JJ">certain</w> <c type="pct">,</c> <w type="CC">but</w> <w type="WRB">when</w> <w type="DOD">did</w> <w type="PPS">she</w> <w type="VB">get</w> <w type="IN">to</w> <w type="AT">the</w> <w type="NN">pitch</w> <c type="pct">?</c> <c type="pct">?</c> </s>
<s n="51"><w type="AP">Several</w> <w type="NNS">people</w> <w type="VBD">passed</w> <w type="IN">in</w> <w type="AT">the</w> <w type="NN">hall</w> <w type="CC">and</w> <w type="VBD">stared</w> <w type="CS">as</w> <w type="PPS">he</w> <w type="RB">slowly</w> <w type="VBD">retreated</w> <c type="pct">,</c> <w type="VBG">trying</w> <w type="TO">to</w> <w type="VB">close</w> <w type="AT">the</w> <w type="NN">door</w> <w type="AT">a</w> <w type="AP">little</w> <c type="pct">,</c> <w type="CC">and</w> <w type="PPS">she</w> <w type="RB">slowly</w> <w type="VBD">leaned</w> <w type="IN">toward</w> <w type="PPO">him</w> <w type="CC">and</w> <w type="VBD">raised</w> <w type="PPg">her</w> <w type="NN">voice</w> <c type="pct">.</c> </s>
</p>
<p><s n="52"><c type="pct">``</c> <w type="WRB">How</w> <w type="DOD">did</w> <w type="PPO">you</w> <w type="VB">get</w> <w type="IN">by</w> <w type="AT">the</w> <w type="NN">desk</w> <c type="pct">''</c> <c type="pct">?</c> <c type="pct">?</c> </s>
<s n="53"><w type="PPS">He</w> <w type="VBD">asked</w> <w type="RB">curiously</w> <c type="pct">.</c> </s>
<s n="54"><c type="pct">``</c> <mw pos="PPSS BEM">I'm </mw><w type="JJ">sure</w> <w type="AT">the</w> <w type="NN">hotel</w> <mw pos="DOZ *">doesn't </mw><w type="VB">know</w> <mw pos="PPSS BER">you're </mw><w type="VBG">wandering</w> <w type="IN">around</w> <w type="AT">the</w> <w type="NNS">corridors</w> <c type="pct">,</c> <w type="VBG">knocking</w> <w type="IN">on</w> <w type="NNSg">strangers'</w> <w type="NNS">doors</w> <w type="CC">and</w> <w type="VBG">talking</w> <w type="RP">down</w> <w type="NPS">Eskimos</w> <c type="pct">''</c> <c type="pct">.</c> </s>
</p>
<p><s n="55"><c type="pct">``</c> <w type="UH">Oh</w> <c type="pct">,</c> <w type="PPSS">I</w> <w type="RB">just</w> <w type="VB">come</w> <w type="RB">once</w> <w type="AT">a</w> <w type="NN">week</w> <c type="pct">.</c> </s>
<s n="56"><w type="AT">Every</w> <w type="NN">day</w> <w type="PPSS">I</w> <w type="VB">visit</w> <w type="AT">a</w> <w type="JJ">different</w> <w type="NN">hotel</w> <c type="pct">.</c> </s>
<s n="57"><w type="PPSS">I</w> <w type="VB">feel</w> <mw pos="PPS BEZ">it's </mw><w type="PPg">my</w> <w type="NN">duty</w> <c type="pct">.</c> </s>
<s n="58"><w type="PPSS">I</w> <w type="DO">do</w> <w type="DT">this</w> <w type="VB">work</w> <w type="ABN">all</w> <w type="IN">on</w> <w type="PPg">my</w> <w type="JJ">own</w> <c type="pct">,</c> <w type="CS">because</w> <w type="PPSS">I</w> <w type="VB">understand</w> <w type="AT">the</w> <w type="NNS">difficulties</w> <w type="CC">and</w> <w type="PPSS">I</w> <w type="VB">want</w> <w type="TO">to</w> <w type="VB">help</w> <w type="DTS">these</w> <w type="NNS">lay-sisters</w> <c type="pct">.</c> </s>
<s n="59"><w type="DO">Do</w> <w type="PPSS">you</w> <w type="VB">know</w> <w type="DTS">these</w> <w type="NNS">women</w> <w type="VB">go</w> <w type="ABN">all</w> <w type="IN">through</w> <w type="NP">Alaska</w> <c type="pct">,</c> <w type="CC">and</w> <w type="PPSS">they</w> <mw pos="DO *">don't </mw><w type="HV">have</w> <w type="AT">the</w> <w type="JJ">proper</w> <w type="NNS">facilities</w> <c type="pct">?</c> <c type="pct">?</c> </s>
<s n="60"><w type="PPSS">They</w> <w type="VB">travel</w> <w type="IN">in</w> <w type="NNS">pairs</w> <w type="QL">as</w> <w type="AP">much</w> <w type="CS">as</w> <w type="AT">a</w> <w type="CD">hundred-and-fifty</w> <w type="NNS">miles</w> <w type="AT">a</w> <w type="NN">day</w> <c type="pct">''</c> <c type="pct">.</c> </s>
</p>
<p><s n="61"><c type="pct">``</c> <w type="DO">Do</w> <w type="PPSS">you</w> <w type="HV">have</w> <w type="DTI">any</w> <w type="NN">idea</w> <w type="WRB">how</w> <w type="RB">far</w> <w type="PPSS">I</w> <w type="VB">travel</w> <w type="AT">every</w> <w type="NN">day</w> <c type="pct">?</c> <c type="pct">?</c> </s>
<s n="62"><w type="PPSS">I</w> <w type="HV">have</w> <w type="AT">the</w> <w type="JJ">whole</w> <w type="JJ" subtype="TL">Pacific</w> <w type="NR" subtype="TL">Northwest</w> <c type="pct">''</c> <c type="pct">.</c> </s>
<s n="63"><w type="NP">Owen</w> <w type="BEDZ">was</w> <w type="JJ">aware</w> <w type="PPS">he</w> <w type="BEDZ">was</w> <w type="VBG">getting</w> <w type="VBN">overexcited</w> <w type="CC">but</w> <w type="PPS">he</w> <mw pos="MD *">couldn't </mw><w type="VB">help</w> <w type="PPL">himself</w> <c type="pct">.</c> </s>
</p>
<p><s n="64"><w type="NP">Mrs.</w> <w type="NP">Gertrude</w> <w type="NP">Parker</w> <w type="VBD">drew</w> <w type="RB">back</w> <c type="pct">.</c> </s>
<s n="65"><c type="pct">``</c> <mw pos="DT BEZ">That's </mw><w type="RB">hardly</w> <w type="AT">a</w> <w type="JJ">Christian</w> <w type="NN">approach</w> <c type="pct">''</c> <c type="pct">,</c> <w type="PPS">she</w> <w type="VBD">remonstrated</w> <c type="pct">.</c> </s>
<s n="66"><c type="pct">``</c> <mw pos="PPSS BER">You're </mw><w type="IN">in</w> <w type="AT">the</w> <w type="JJ">secular</w> <w type="NN">world</w> <c type="pct">''</c> <c type="pct">.</c> </s>
</p>
<p><s n="67"><c type="pct">``</c> <w type="PPSS">I</w> <mw pos="DOD *">didn't </mw><w type="VB">say</w> <w type="PPS">it</w> <w type="BEDZ">was</w> <w type="JJ">Christian</w> <c type="pct">.</c> </s>
<s n="68"><w type="PPSS">I</w> <mw pos="DO *">don't </mw><w type="VB">think</w> <mw pos="PPSS MD">you'll </mw><w type="VB">find</w> <w type="AP">many</w> <w type="JJ">active</w> <w type="JJ">Christian</w> <w type="NNS">salesmen</w> <c type="pct">.</c> </s>
<s n="69"><w type="NEG">Not</w> <w type="DT">that</w> <w type="NN">religion</w> <mw pos="BEZ *">isn't </mw><w type="JJ">big</w> <w type="NN">business</w> <c type="pct">;</c> <c type="pct">;</c> </s>
<s n="70"><w type="DTS">those</w> <w type="NNS">bibles</w> <w type="CC">and</w> <w type="NN">prayer</w> <w type="NNS">books</w> <w type="VB">make</w> <w type="AT">a</w> <w type="NN">lot</w> <w type="IN">of</w> <w type="NN">money</w> <w type="IN">for</w> <w type="VBG">publishing</w> <w type="NNS">houses</w> <c type="pct">,</c> <w type="CC">but</w> <w type="PPSS">they</w> <mw pos="DO *">don't </mw><w type="VB">get</w> <w type="JJS">top</w> <w type="NNS">personnel</w> <c type="pct">.</c> </s>
<s n="71"><w type="PPg">Our</w> <w type="NN">key</w> <w type="NNS">salesmen</w> <w type="BER">are</w> <w type="IN">in</w> <w type="NNS">appliances</w> <w type="CC">and</w> <w type="NNS">cosmetics</w> <c type="pct">''</c> <c type="pct">.</c> </s>
</p>
<p><s n="72"><c type="pct">``</c> <w type="NP">God</w> <c type="pct">,</c> <w type="PPSS">I</w> <w type="VB">take</w> <w type="PPO">it</w> <c type="pct">,</c> <w type="VBZ">plays</w> <w type="AT">no</w> <w type="NN">part</w> <w type="IN">in</w> <w type="DT">this</w> <c type="pct">''</c> <c type="pct">,</c> <w type="PPS">she</w> <w type="VBD">said</w> <w type="RB">waspishly</w> <c type="pct">.</c> </s>
</p>
<p><s n="73"><c type="pct">``</c> <w type="NP">God</w> <mw pos="DOZ *">doesn't </mw><w type="HV">have</w> <w type="DTI">any</w> <w type="NN">appliance</w> <w type="CC">or</w> <w type="NNS">cosmetics</w> <c type="pct">''</c> <c type="pct">,</c> <w type="PPS">he</w> <w type="VBD">said</w> <w type="RB">heatedly</w> <w type="CS">before</w> <w type="PPS">he</w> <w type="VBD">caught</w> <w type="PPL">himself</w> <c type="pct">.</c> </s>
<s n="74"><w type="PPS">It</w> <w type="VBD">sounded</w> <w type="JJ">silly</w> <c type="pct">;</c> <c type="pct">;</c> </s>
<s n="75"><w type="WRB">why</w> <w type="VB">go</w> <w type="RP">on</w> <c type="pct">?</c> <c type="pct">?</c> </s>
<s n="76"><w type="AP">More</w> <w type="NNS">people</w> <w type="BED">were</w> <w type="VBG">passing</w> <c type="pct">;</c> <c type="pct">;</c> </s>
<s n="77"><w type="PPS">he</w> <w type="HVD">had</w> <w type="TO">to</w> <w type="VB">find</w> <w type="DTI">some</w> <w type="NN">way</w> <w type="TO">to</w> <w type="VB">close</w> <w type="DT">this</w> <w type="JJ">impossible</w> <w type="NN">conversation</w> <c type="pct">.</c> </s>
</p>
<p><s n="78"><c type="pct">``</c> <w type="CC">And</w> <w type="NN">whiskey</w> <c type="pct">''</c> <c type="pct">,</c> <w type="PPS">she</w> <w type="VBD">said</w> <c type="pct">,</c> <w type="VBG">smiling</w> <w type="CC">and</w> <w type="VBG">blinking</w> <w type="IN">at</w> <w type="AT">the</w> <w type="NN">highball</w> <w type="NNS">glasses</w> <c type="pct">.</c> </s>
<s n="79"><c type="pct">``</c> <mw pos="DO *">Don't </mw><w type="VB">forget</w> <w type="NN">whiskey</w> <c type="pct">;</c> <c type="pct">;</c> </s>
<s n="80"><mw pos="PPS BEZ">it's </mw><w type="ABL">such</w> <w type="AT">a</w> <w type="JJ">big</w> <w type="NN">seller</w> <c type="pct">''</c> <c type="pct">.</c> </s>
</p>
<p><s n="81"><c type="pct">``</c> <w type="PPSS">You</w> <w type="VB">know</w> <c type="pct">''</c> <c type="pct">,</c> <w type="PPS">he</w> <w type="VBD">said</w> <c type="pct">,</c> <w type="VBG">getting</w> <w type="AT">a</w> <w type="NN">grip</w> <w type="IN">on</w> <w type="PPL">himself</w> <c type="pct">,</c> <c type="pct">``</c> <w type="PPSS">I</w> <w type="VB">think</w> <mw pos="PPSS BER">you're </mw><w type="VBG">going</w> <w type="TO">to</w> <w type="HV">have</w> <w type="TO">to</w> <w type="VB">excuse</w> <w type="PPO">me</w> <c type="pct">.</c> </s>
<s n="82"><w type="PPSS">I</w> <w type="HV">have</w> <w type="AT">an</w> <w type="NN">appointment</w> <c type="pct">''</c> <c type="pct">.</c> </s>
</p>
<p><s n="83"><c type="pct">``</c> <w type="PPSS">I</w> <w type="MD">can</w> <w type="VB">imagine</w> <c type="pct">''</c> <c type="pct">,</c> <w type="PPS">she</w> <w type="VBD">said</w> <c type="pct">.</c> </s>
<s n="84"><c type="pct">``</c> <w type="RB">Probably</w> <w type="RP">down</w> <w type="IN">at</w> <w type="AT">the</w> <w type="NN">bar</w> <c type="pct">.</c> </s>
<s n="85"><w type="CC">But</w> <w type="WDT">what</w> <w type="DO">do</w> <w type="PPSS">you</w> <w type="VB">want</w> <w type="TO">to</w> <w type="DO">do</w> <w type="IN">about</w> <w type="AT">the</w> <w type="NNS">lay-sisters</w> <c type="pct">?</c> <c type="pct">?</c> </s>
<s n="86"><w type="PPSS">They</w> <w type="MD">must</w> <w type="BE">be</w> <w type="VBG">freezing</w> <w type="RP">up</w> <w type="RB">there</w> <w type="RB">now</w> <c type="pct">.</c> </s>
<s n="87"><mw pos="MD *">Can't </mw><w type="PPSS">you</w> <w type="VB">help</w> <w type="PPO">them</w> <c type="pct">''</c> <c type="pct">?</c> <c type="pct">?</c> </s>
</p>
<p><s n="88"><c type="pct">``</c> <w type="VB">Leave</w> <w type="AT">a</w> <w type="NN">card</w> <w type="CC">or</w> <w type="PN">something</w> <c type="pct">.</c> </s>
<s n="89"><mw pos="PPSS MD">I'll </mw><w type="VB">think</w> <w type="PPO">it</w> <w type="RP">over</w> <c type="pct">''</c> <c type="pct">.</c> </s>
</p>
<p><s n="90"><c type="pct">``</c> <w type="PPSS">I</w> <w type="HV">have</w> <w type="AT">no</w> <w type="NN">card</w> <c type="pct">''</c> <c type="pct">,</c> <w type="PPS">she</w> <w type="VBD">said</w> <w type="RB">bitterly</w> <c type="pct">.</c> </s>
<s n="91"><c type="pct">``</c> <w type="PPSS">You</w> <mw pos="HV *">haven't </mw><w type="BEN">been</w> <w type="VBG">listening</w> <w type="IN">to</w> <w type="WDT">what</w> <mw pos="PPSS HV">I've </mw><w type="BEN">been</w> <w type="VBG">telling</w> <w type="PPO">you</w> <c type="pct">.</c> </s>
<s n="92"><w type="PPSS">I</w> <w type="RB">only</w> <w type="VB">hope</w> <w type="PPg">my</w> <w type="VBG">talking</w> <w type="IN">to</w> <w type="PPO">you</w> <w type="HVZ">has</w> <w type="VBN">helped</w> <w type="PPO">you</w> <w type="AT">a</w> <w type="AP">little</w> <c type="pct">,</c> <w type="RB">anyway</w> <c type="pct">,</c> <w type="CS">because</w> <w type="PPSS">you</w> <w type="VB">need</w> <w type="JJ">spiritual</w> <w type="NN">bucking-up</w> <c type="pct">''</c> <c type="pct">.</c> </s>
<s n="93"><w type="PPS">She</w> <w type="VBD">looked</w> <w type="JJ">crestfallen</w> <c type="pct">,</c> <w type="CS">as</w> <w type="CS">if</w> <w type="PPS">he</w> <w type="HVD">had</w> <w type="RB">somehow</w> <w type="VBN">disappointed</w> <w type="AT">the</w> <w type="JJ">whole</w> <w type="NN">human</w> <w type="NN">race</w> <c type="pct">.</c> </s>
<s n="94"><w type="PPS">She</w> <w type="VBD">stood</w> <w type="RB">indecisively</w> <w type="IN">for</w> <w type="AT">a</w> <w type="NN">moment</w> <c type="pct">,</c> <w type="RB">then</w> <w type="VBD">walked</w> <w type="IN">down</w> <w type="AT">the</w> <w type="NN">hall</w> <c type="pct">;</c> <c type="pct">;</c> </s>
<s n="95"><w type="PPS">he</w> <w type="VBD">heard</w> <w type="PPO">her</w> <w type="VBG">knocking</w> <w type="IN">on</w> <w type="DT">another</w> <w type="NN">door</w> <c type="pct">.</c> </s>
</p>
<p><s n="96"><w type="PPS">It</w> <w type="VBD">took</w> <w type="PPO">him</w> <w type="IN">about</w> <w type="CD">fifteen</w> <w type="NNS">minutes</w> <w type="TO">to</w> <w type="VB">calm</w> <w type="PPL">himself</w> <c type="pct">;</c> <c type="pct">;</c> </s>
<s n="97"><w type="RB">then</w> <w type="PPS">he</w> <w type="VBD">realized</w> <w type="PPS">he</w> <w type="BEDZ">was</w> <w type="JJ">hungry</w> <c type="pct">.</c> </s>
<s n="98"><w type="PPS">He</w> <w type="VBD">showered</w> <c type="pct">,</c> <w type="VBD">shaved</w> <c type="pct">,</c> <w type="VBD">dressed</w> <w type="CC">and</w> <w type="VBD">went</w> <w type="RP">down</w> <w type="IN">to</w> <w type="AT">the</w> <w type="VBG">dining</w> <w type="NN">room</w> <w type="IN">for</w> <w type="NN">breakfast</w> <c type="pct">.</c> </s>
<s n="99"><w type="IN">On</w> <w type="AT">the</w> <w type="NN">way</w> <w type="PPS">he</w> <w type="VBD">stopped</w> <w type="IN">at</w> <w type="AT">the</w> <w type="NN">desk</w> <w type="TO">to</w> <w type="VB">receive</w> <w type="PPg">his</w> <w type="NN">mail</w> <c type="pct">.</c> </s>
<s n="100"><w type="EX">There</w> <w type="BEDZ">was</w> <w type="AT">a</w> <w type="NN">check</w> <w type="IN">from</w> <w type="PPg">his</w> <w type="NN">company</w> <c type="pct">,</c> <w type="CC">and</w> <w type="AT">the</w> <w type="JJ">usual</w> <w type="JJ">enthusiastic</w> <w type="NNS">bulletins</w> <w type="IN">on</w> <w type="JJ">new</w> <w type="NNS">lines</w> <w type="PPSS">they</w> <w type="RB">always</w> <w type="VBD">issued</w> <c type="pct">.</c> </s>
<s n="101"><w type="PPg">His</w> <w type="NN">lawyer</w> <w type="HVD">had</w> <w type="VBN">sent</w> <w type="PPO">him</w> <w type="AT">a</w> <w type="NN">statement</w> <w type="IN">on</w> <w type="PPg">his</w> <w type="JJ">overdue</w> <w type="NN">alimony</w> <c type="pct">,</c> <w type="CC">and</w> <w type="EX">there</w> <w type="BEDZ">was</w> <w type="AT">a</w> <w type="NN">letter</w> <w type="IN">from</w> <w type="AT">the</w> <w type="NN" subtype="TL">Collector</w> <w type="IN" subtype="TL">of</w> <w type="JJ" subtype="TL">Internal</w> <w type="NN" subtype="TL">Revenue</w> <w type="VBG">asking</w> <w type="PPO">him</w> <w type="TO">to</w> <w type="VB">stop</w> <w type="IN">in</w> <w type="PPg">his</w> <w type="NN">office</w> <w type="CC">and</w> <w type="VB">explain</w> <w type="AP">last</w> <w type="NNg">year's</w> <w type="NNS">exemptions</w> <c type="pct">.</c> </s>
</p>
<p><s n="102"><w type="PPS">He</w> <w type="VBD">ate</w> <w type="NN">breakfast</w> <w type="IN">in</w> <w type="AT">a</w> <w type="JJ">sullen</w> <w type="NN">mood</w> <c type="pct">,</c> <w type="CC">but</w> <w type="RB">afterwards</w> <c type="pct">,</c> <w type="WRB">when</w> <w type="PPS">he</w> <w type="VBD">walked</w> <w type="RP">out</w> <w type="IN">onto</w> <w type="NP" subtype="TL">Virginia</w> <w type="NN" subtype="TL">Street</w> <c type="pct">,</c> <w type="PPS">he</w> <w type="VBD">felt</w> <w type="VBN">braced</w> <c type="pct">.</c> </s>
<s n="103"><w type="PPS">He</w> <w type="VBD">looked</w> <w type="RP">off</w> <w type="IN">to</w> <w type="AT">the</w> <w type="NN">crest</w> <w type="IN">of</w> <w type="AT">the</w> <w type="NPS">Sierras</w> <c type="pct">,</c> <w type="RB">still</w> <w type="JJ">white-topped</w> <c type="pct">;</c> <c type="pct">;</c> </s>
<s n="104"><w type="AT">the</w> <w type="NN">glisten</w> <w type="IN">of</w> <w type="AT">the</w> <w type="NP" subtype="TL">Truckee</w> <w type="NN" subtype="TL">River</w> <w type="VBD">made</w> <w type="AT">a</w> <w type="JJ">wide</w> <w type="NN">spangle</w> <c type="pct">.</c> </s>
<s n="105"><w type="PPS">He</w> <w type="VBD">felt</w> <w type="RB">suddenly</w> <w type="VBN">elated</w> <c type="pct">,</c> <w type="JJ">adventurous</w> <c type="pct">.</c> </s>
<s n="106"><w type="IN">With</w> <w type="DTI">any</w> <w type="NN">luck</w> <w type="IN">at</w> <w type="ABN">all</w> <w type="PPS">he</w> <w type="MD">could</w> <w type="RB">easily</w> <w type="VB">find</w> <w type="AT">a</w> <w type="NN">flowerpot</w> <c type="pct">.</c> </s>
</p>
<p><s n="107"><w type="CS">Although</w> <w type="PPS">it</w> <w type="BEDZ">was</w> <w type="RB">only</w> <w type="CD">three</w> <w type="RB">o'clock</w> <c type="pct">,</c> <w type="PPS">he</w> <w type="VBD">stopped</w> <w type="RP">in</w> <w type="IN">at</w> <w type="AT">the</w> <w type="JJ" subtype="TL">Golden</w> <w type="NN" subtype="TL">Calf</w> <c type="pct">.</c> </s>
<s n="108"><w type="AT">The</w> <w type="NNS">tables</w> <w type="BED">were</w> <w type="ABN">all</w> <w type="VBG">spinning</w> <c type="pct">,</c> <w type="AT">the</w> <w type="NNS">dice</w> <w type="VBG">rattling</w> <c type="pct">,</c> <w type="AT">the</w> <w type="NN">bar</w> <w type="VBN">crowded</w> <c type="pct">.</c> </s>
<s n="109"><w type="RB">Just</w> <w type="TO">to</w> <w type="VB">test</w> <w type="PPL">himself</w> <c type="pct">,</c> <w type="PPS">he</w> <w type="VBD">played</w> <w type="NN">roulette</w> <w type="IN">for</w> <w type="NNS">quarters</w> <w type="IN">on</w> <w type="PPg">his</w> <w type="JJ">old</w> <w type="NN">combination</w> <c type="pct">,</c> <w type="CD">five</w> <w type="CC">and</w> <w type="CD">seventeen</w> <c type="pct">,</c> <w type="CC">and</w> <w type="IN">within</w> <w type="AT">an</w> <w type="NN">hour</w> <c type="pct">,</c> <w type="PPS">he</w> <w type="HVD">had</w> <w type="VBN">won</w> <c type="pct">,</c> <w type="RB">surprisingly</w> <c type="pct">,</c> <w type="CD">twenty</w> <w type="NNS">dollars</w> <c type="pct">.</c> </s>
<s n="110"><w type="AT">The</w> <w type="NN">way</w> <w type="BEDZ">was</w> <w type="VBG">opening</w> <w type="RP">up</w> <c type="pct">;</c> <c type="pct">;</c> </s>
<s n="111"><w type="WRB">when</w> <w type="AT">the</w> <w type="NN">management</w> <w type="VBD">brought</w> <w type="RB">around</w> <w type="NN">champagne</w> <c type="pct">,</c> <w type="AT">the</w> <w type="NN">breakfast</w> <w type="VBD">settled</w> <w type="PPg">its</w> <w type="NN">whirling</w> <w type="RB">around</w> <w type="IN">in</w> <w type="PPg">his</w> <w type="NN">stomach</w> <c type="pct">.</c> </s>
</p>
<p><s n="112"><w type="AT">The</w> <w type="JJ" subtype="TL">Golden</w> <w type="NN" subtype="TL">Calf</w> <w type="BEDZ">was</w> <w type="RB">dimly</w> <w type="VBN">lit</w> <w type="IN">with</w> <w type="VBN">shaded</w> <w type="NN">neon</w> <c type="pct">.</c> </s>
<s n="113"><w type="EX">There</w> <w type="BED">were</w> <w type="AP">more</w> <w type="NNS">women</w> <w type="CS">than</w> <w type="NNS">men</w> <w type="IN">in</w> <w type="AT">the</w> <w type="NN">place</w> <c type="pct">,</c> <w type="CC">but</w> <w type="PPS">he</w> <mw pos="MD *">couldn't </mw><w type="VB">find</w> <w type="AT">a</w> <w type="NN">flowerpot</w> <c type="pct">.</c> </s>
<s n="114"><w type="PPSS">They</w> <w type="ABN">all</w> <w type="HVD">had</w> <w type="AT">the</w> <w type="JJ">hard</w> <w type="NN">look</w> <w type="IN">of</w> <w type="NNS">gamblers</w> <w type="WPS">who</w> <w type="HVD">had</w> <w type="VBN">stopped</w> <w type="VBG">dreaming</w> <c type="pct">,</c> <w type="WPS">who</w> <w type="RB">automatically</w> <w type="VBD">turned</w> <w type="AT">the</w> <w type="NNS">cards</w> <c type="pct">,</c> <w type="RB">hardly</w> <w type="VBG">caring</w> <w type="WDT">what</w> <w type="VBD">showed</w> <w type="RP">up</w> <c type="pct">.</c> </s>
<s n="115"><w type="AT">The</w> <w type="NN">mural</w> <w type="IN">around</w> <w type="AT">the</w> <w type="NN">wall</w> <w type="VBD">depicted</w> <w type="JJ">early</w> <w type="NNS">settlers</w> <w type="IN">in</w> <w type="VBN">covered</w> <w type="NNS">wagons</w> <c type="pct">,</c> <w type="WPS">who</w> <w type="VBD">appeared</w> <w type="QL">much</w> <w type="QL">more</w> <w type="VBN">animated</w> <w type="CS">than</w> <w type="AT">the</w> <w type="NNS">gamblers</w> <c type="pct">.</c> </s>
<s n="116"><w type="AT">The</w> <w type="NNS">women</w> <w type="HVD">had</w> <w type="AT">a</w> <w type="JJ">bright</w> <w type="VBG">shining</w> <w type="NN">expectancy</w> <w type="CS">as</w> <w type="PPSS">they</w> <w type="VBD">leaned</w> <w type="RP">out</w> <w type="IN">from</w> <w type="AT">the</w> <w type="NN">wall</w> <w type="CC">and</w> <w type="VBD">gazed</w> <w type="RB">splendidly</w> <w type="IN">into</w> <w type="AT">the</w> <w type="NN">distance</w> <c type="pct">,</c> <w type="CS">while</w> <w type="AT">the</w> <w type="NNS">men</w> <w type="BED">were</w> <w type="JJ">stern</w> <w type="CC">but</w> <w type="JJ">hopeful</w> <c type="pct">.</c> </s>
<s n="117"><w type="ABN">All</w> <c type="pct">,</c> <w type="IN">of</w> <w type="NN">course</w> <c type="pct">,</c> <w type="IN">except</w> <w type="AT">the</w> <w type="NP">Donner</w> <w type="NN">party</w> <w type="WPS">who</w> <w type="BED">were</w> <w type="VBN">bent</w> <w type="IN">on</w> <w type="VBG">starving</w> <w type="IN">to</w> <w type="NN">death</w> <c type="pct">.</c> </s>
</p>
<p><s n="118"><c type="pct">``</c> <w type="PPSS">I</w> <w type="VB">wonder</w> <w type="CS">if</w> <w type="PPSS">they</w> <w type="DOD">did</w> <w type="VB">eat</w> <w type="DT">each</w> <w type="AP">other</w> <w type="IN">at</w> <w type="AT">the</w> <w type="NN">end</w> <c type="pct">''</c> <c type="pct">,</c> <w type="NP">Owen</w> <w type="VBD">mused</w> <c type="pct">.</c> </s>
</p>
<p><s n="119"><w type="PPS">He</w> <w type="VBD">sat</w> <w type="RP">down</w> <w type="IN">next</w> <w type="IN">to</w> <w type="AT">a</w> <w type="JJ">heavily-upholstered</w> <w type="NN">blonde</w> <c type="pct">,</c> <w type="CC">but</w> <w type="PPS">she</w> <w type="BEDZ">was</w> <w type="VBN">cleaned</w> <w type="RP">out</w> <w type="IN">in</w> <w type="CD">twenty</w> <w type="NNS">minutes</w> <c type="pct">.</c> </s>
<s n="120"><w type="PPS">She</w> <w type="VBD">sighed</w> <w type="AT">a</w> <w type="JJ">dirty</w> <w type="NN">word</w> <w type="CC">and</w> <w type="VBD">left</w> <c type="pct">.</c> </s>
<s n="121"><w type="NP">Owen</w> <w type="BEDZ">was</w> <w type="VBN">surprised</w> <w type="TO">to</w> <w type="VB">see</w> <w type="NP">Mrs.</w> <w type="NP">Gertrude</w> <w type="NP">Parker</w> <w type="VBG">playing</w> <w type="AT">the</w> <w type="NN">one-arm</w> <w type="NNS">bandits</w> <w type="WPS">that</w> <w type="BED">were</w> <w type="RB">cunningly</w> <w type="VBN">arranged</w> <w type="IN">by</w> <w type="AT">the</w> <w type="NN">entrance</w> <c type="pct">.</c> </s>
<s n="122"><w type="PPS">She</w> <w type="VBD">sat</w> <w type="RP">down</w> <w type="CC">and</w> <w type="VBD">played</w> <w type="CD">two</w> <w type="NNS">slots</w> <w type="IN">at</w> <w type="RB">once</w> <c type="pct">,</c> <w type="VBG">looking</w> <w type="JJ">grim</w> <c type="pct">,</c> <w type="CS">as</w> <w type="CS">if</w> <w type="VBN">bested</w> <w type="IN">by</w> <w type="JJ">mechanical</w> <w type="NNS">devices</w> <c type="pct">,</c> <w type="CC">and</w> <w type="NP">Owen</w> <w type="VBD">felt</w> <w type="JJ">sorry</w> <w type="IN">for</w> <w type="AT">the</w> <w type="NNS">lay-sisters</w> <w type="VBG">depending</w> <w type="IN">on</w> <w type="PPg">her</w> <w type="NN">support</w> <c type="pct">.</c> </s>
</p>
<p><s n="123"><w type="AT">A</w> <w type="JJ">dried-up</w> <w type="NN">cowboy</w> <w type="VBD">sat</w> <w type="RP">down</w> <w type="IN">next</w> <w type="IN">to</w> <w type="PPO">him</w> <w type="IN">in</w> <w type="AT">the</w> <w type="NNg">blonde's</w> <w type="NN">place</w> <c type="pct">.</c> </s>
<s n="124"><w type="PPS">He</w> <w type="BEDZ">was</w> <w type="AT">a</w> <w type="AP">little</w> <w type="QL">more</w> <w type="JJ">authentic</w> <w type="CS">than</w> <w type="JJ">usual</w> <w type="CS">because</w> <w type="PPS">he</w> <w type="VBD">smelled</w> <w type="RB">slightly</w> <w type="IN">of</w> <w type="AT">the</w> <w type="NNS">stables</w> <c type="pct">.</c> </s>
<s n="125"><c type="pct">``</c> <w type="WDT">What</w> <w type="PPSS">you</w> <w type="MD">need</w> <w type="BEZ">is</w> <w type="AT">a</w> <w type="JJ">steady</w> <w type="NN">martingale</w> <c type="pct">''</c> <c type="pct">,</c> <w type="AT">the</w> <w type="NN">cowboy</w> <w type="VBD">announced</w> <w type="CS">after</w> <w type="VBG">watching</w> <w type="NP">Owen</w> <w type="VB">play</w> <c type="pct">.</c> </s>
<s n="126"><c type="pct">``</c> <w type="PPSS">You</w> <mw pos="MD *">can't </mw><w type="VB">build</w> <w type="IN">on</w> <w type="PPg">your</w> <w type="JJ">hit-and-miss</w> <w type="CD">five-seventeen</w> <c type="pct">''</c> <c type="pct">.</c> </s>
</p>
<p><s n="127"><c type="pct">``</c> <w type="WDT">What</w> <w type="BER">are</w> <w type="PPSS">you</w> <w type="VBG">playing</w> <c type="pct">''</c> <c type="pct">?</c> <c type="pct">?</c> </s>
<s n="128"><w type="NP">Owen</w> <w type="VBD">asked</w> <c type="pct">.</c> </s>
</p>
<p><s n="129"><c type="pct">``</c> <mw pos="PPSS BEM">I'm </mw><w type="RB">just</w> <w type="VBG">logging</w> <c type="pct">''</c> <c type="pct">,</c> <w type="AT">the</w> <w type="NN">cowboy</w> <w type="VBD">explained</w> <c type="pct">.</c> </s>
<s n="130"><c type="pct">``</c> <w type="PPSS">I</w> <w type="VB">keep</w> <w type="ABN">all</w> <w type="DTS">these</w> <w type="NNS">plays</w> <w type="IN">in</w> <w type="DT">this</w> <w type="JJ">little</w> <w type="JJ">black</w> <w type="NN">book</w> <c type="pct">,</c> <w type="CC">and</w> <w type="PPSS">I</w> <w type="VB">watch</w> <w type="IN">over</w> <w type="AT">a</w> <w type="JJ">twelve-hour</w> <w type="NN">period</w> <w type="TO">to</w> <w type="VB">find</w> <w type="RP">out</w> <w type="WDT">what</w> <w type="NNS">numbers</w> <w type="BER">are</w> <w type="VBG">repeating</w> <c type="pct">.</c> </s>
<s n="131"><w type="CC">But</w> <mw pos="NN BEZ">roulette's </mw><w type="NEG">not</w> <w type="PPg">my</w> <w type="NN">game</w> <c type="pct">.</c> </s>
<s n="132"><mw pos="PPSS BEM">I'm </mw><w type="RB">always</w> <w type="VBG">trying</w> <w type="TO">to</w> <w type="VB">find</w> <w type="AT">a</w> <w type="VBG">breaking</w> <w type="NN">table</w> <w type="IN">in</w> <w type="NN">blackjack</w> <c type="pct">.</c> </s>
<s n="133"><w type="RB">Incidentally</w> <c type="pct">,</c> <mw pos="PPSS BEM">I'm </mw><w type="QL">pretty</w> <w type="JJ">famous</w> <w type="IN">in</w> <w type="DTS">these</w> <w type="NNS">parts</w> <c type="pct">:</c> <mw pos="PPSS BEM">I'm </mw><w type="VBN">called</w> <w type="AT" subtype="TL">The</w> <w type="NN" subtype="TL">Wrangler</w> <c type="pct">''</c> <c type="pct">.</c> </s>
</p>
<p><s n="134"><c type="pct">``</c> <w type="JJ">Nice</w> <w type="TO">to</w> <w type="VB">know</w> <w type="PPO">you</w> <c type="pct">.</c> </s>
<s n="135"><mw pos="DO *">Don't </mw><w type="PPO">you</w> <w type="HV">have</w> <w type="TO">to</w> <w type="VB">spend</w> <w type="DTI">any</w> <w type="NN">time</w> <w type="IN">on</w> <w type="PPg">your</w> <w type="NN">ranch</w> <c type="pct">''</c> <c type="pct">?</c> <c type="pct">?</c> </s>
</p>
<p><s n="136"><c type="pct">``</c> <w type="UH">Well</w> <c type="pct">,</c> <w type="IN">of</w> <w type="NN">course</w> <w type="PPSS">I</w> <w type="DO">do</w> <c type="pct">.</c> </s>
<s n="137"><mw pos="PPSS BEM">I'm </mw><w type="IN">with</w> <w type="AT">the</w> <w type="NP">Bar-H</w> <c type="pct">,</c> <w type="VBG">pushing</w> <w type="AT">a</w> <w type="NN">horse</w> <w type="VBN">called</w> <w type="NP">Sparky</w> <c type="pct">.</c> </s>
<s n="138"><mw pos="PPS BEZ">He's </mw><w type="PPg">my</w> <w type="JJ">own</w> <w type="NN">horse</w> <c type="pct">,</c> <w type="CC">and</w> <w type="WDT">what</w> <w type="PPSS">I</w> <w type="VB">collect</w> <w type="IN">from</w> <w type="PPO">him</w> <w type="PPSS">I</w> <w type="VB">use</w> <w type="IN">on</w> <w type="NN">blackjack</w> <c type="pct">.</c> </s>
<s n="139"><w type="DT">This</w> <w type="NP">Sparky</w> <w type="MD">can</w> <w type="VB">rack</w> <w type="CC">and</w> <w type="VB">single-foot</w> <w type="CC">and</w> <mw pos="PPS BEZ">he's </mw><w type="AT">the</w> <w type="JJT">fastest</w> <w type="NN">thing</w> <w type="IN">in</w> <w type="NP" subtype="TL">Washoe</w> <w type="NN" subtype="TL">County</w> <c type="pct">.</c> </s>
<s n="140"><w type="PPSS">I</w> <w type="VB">figure</w> <w type="CS">if</w> <w type="PPSS">I</w> <w type="MD">can</w> <w type="VB">get</w> <w type="DTI">any</w> <w type="NN">kind</w> <w type="IN">of</w> <w type="NN">publicity</w> <w type="NN">campaign</w> <w type="VBG">going</w> <c type="pct">,</c> <mw pos="PPSS MD">I'll </mw><w type="VB">land</w> <w type="PPO">him</w> <w type="IN">on</w> <w type="NP" subtype="TL">TV</w> <c type="pct">--</c> <w type="PPSS">you</w> <w type="VB">know</w> <c type="pct">,</c> <w type="PN">one</w> <w type="IN">of</w> <w type="DTS">those</w> <w type="JJ">favorite</w> <w type="NNS">horses</w> <w type="IN">for</w> <w type="DTI">some</w> <w type="JJ" subtype="TL">Western</w> <w type="NN">hero</w> <c type="pct">.</c> </s>
<s n="141"><w type="PPSS">I</w> <w type="RB">once</w> <w type="VBD">trained</w> <w type="AT">a</w> <w type="NN">horse</w> <w type="IN">for</w> <w type="NP">Hoot</w> <w type="NP">Gibson</w> <c type="pct">,</c> <w type="CC">but</w> <w type="PN">nothing</w> <w type="CS">like</w> <w type="NP">Sparky</w> <c type="pct">.</c> </s>
<s n="142"><mw pos="PPS BEZ">He's </mw><w type="AT">a</w> <w type="NN">pinto</w> <w type="CC">and</w> <w type="PPS">he</w> <w type="VBZ">photographs</w> <w type="RB">wonderfully</w> <c type="pct">''</c> <c type="pct">.</c> </s>
</p>
<p><s n="143"><w type="CD">Five</w> <w type="VBD">came</w> <w type="RP">up</w> <w type="CS">while</w> <w type="NP">Owen</w> <w type="BEDZ">was</w> <w type="VBG">listening</w> <w type="IN">to</w> <w type="AT" subtype="TL">The</w> <w type="NN" subtype="TL">Wrangler</w> <w type="CC">and</w> <w type="PPS">he</w> <w type="VBD">neglected</w> <w type="TO">to</w> <w type="VB">play</w> <c type="pct">,</c> <w type="AT">a</w> <w type="NN">loss</w> <w type="IN">of</w> <w type="CD">ten</w> <w type="NNS">dollars</w> <c type="pct">.</c> </s>
<s n="144"><w type="DT">This</w> <w type="VBD">proved</w> <w type="RB">conclusively</w> <w type="CS">that</w> <w type="AT" subtype="TL">The</w> <w type="NN" subtype="TL">Wrangler</w> <w type="BEDZ">was</w> <w type="AT">a</w> <w type="NN">jinx</w> <c type="pct">,</c> <w type="CS">so</w> <w type="PPS">he</w> <w type="VBD">walked</w> <w type="RP">on</w> <w type="IN">down</w> <w type="IN">to</w> <w type="NP">Hurrays</w> <c type="pct">,</c> <w type="AT">an</w> <w type="QL">even</w> <w type="QL">more</w> <w type="VBN">glorified</w> <w type="VBG">gambling</w> <w type="NN">den</w> <w type="CS">than</w> <w type="AT">the</w> <w type="JJ" subtype="TL">Golden</w> <w type="NN" subtype="TL">Calf</w> <c type="pct">.</c> </s>
<s n="145"><w type="WRB">When</w> <w type="PPS">he</w> <w type="VBD">looked</w> <w type="IN">in</w> <w type="AT">the</w> <w type="NN">back</w> <c type="pct">,</c> <w type="NP">Mrs.</w> <w type="NP">Gertrude</w> <w type="NP">Parker</w> <w type="BEDZ">was</w> <w type="VBG">marking</w> <w type="NN">keno</w> <w type="NNS">cards</w> <c type="pct">.</c> </s>
</p>
<p><s n="146"><w type="PPg">His</w> <w type="JJ">adventurous</w> <w type="NN">spirit</w> <w type="HVD">had</w> <w type="VBN">waned</w> <c type="pct">;</c> <c type="pct">;</c> </s>
<s n="147"><w type="PPS">he</w> <w type="VBD">studied</w> <w type="AT">the</w> <w type="NN">pistol</w> <w type="NN">exhibition</w> <w type="WPS">that</w> <w type="NP">Hurrays</w> <w type="VBD">featured</w> <w type="CS">as</w> <w type="AT">an</w> <w type="VBN">added</w> <w type="NN">attraction</w> <c type="pct">.</c> </s>
<s n="148"><w type="PPS">He</w> <w type="VBD">ogled</w> <w type="AT">a</w> <w type="JJ">long</w> <w type="NN">redhead</w> <w type="IN">with</w> <w type="JJ">green</w> <w type="NNS">eyes</w> <c type="pct">,</c> <w type="CC">but</w> <w type="PPS">she</w> <w type="BEDZ">was</w> <w type="AT">a</w> <w type="NN">shill</w> <w type="IN">with</w> <w type="PPg">her</w> <w type="NN">money</w> <w type="IN">in</w> <w type="NN">front</w> <w type="IN">of</w> <w type="PPO">her</w> <c type="pct">.</c> </s>
<s n="149"><w type="PPS">He</w> <w type="HVD">had</w> <w type="AT">no</w> <w type="JJ">great</w> <w type="NN">prejudice</w> <w type="IN">against</w> <w type="NNS">shills</w> <c type="pct">;</c> <c type="pct">;</c> </s>
<s n="150"><w type="PPS">it</w> <w type="RB">just</w> <w type="VBD">seemed</w> <w type="ABL">such</w> <w type="AT">a</w> <w type="JJ">dry</w> <w type="NN">run</w> <c type="pct">.</c> </s>
</p>
<p><s n="151"><w type="EX">There</w> <w type="BEDZ">was</w> <w type="AT">no</w> <w type="NN">cash</w> <w type="RB">around</w> <c type="pct">;</c> <c type="pct">;</c> </s>
<s n="152"><w type="PN">everyone</w> <w type="BEDZ">was</w> <w type="VBG">flipping</w> <w type="NN">silver</w> <w type="NNS">dollars</w> <c type="pct">.</c> </s>
<s n="153"><w type="AT">The</w> <w type="NN">management</w> <w type="RB">discreetly</w> <w type="VBD">withdrew</w> <w type="AT">the</w> <w type="JJ">green</w> <w type="NN">stuff</w> <w type="IN">into</w> <w type="AT">the</w> <w type="NN">office</w> <w type="CC">and</w> <w type="VBD">gave</w> <w type="AT">the</w> <w type="NNS">customers</w> <w type="NNS">chips</w> <w type="CC">or</w> <w type="NNS">checks</w> <w type="CC">or</w> <w type="NN">premium</w> <w type="NNS">points</w> <c type="pct">.</c> </s>
<s n="154"><w type="PPS">He</w> <w type="VBD">read</w> <w type="AT">a</w> <w type="JJ">special</w> <w type="NN">announcement</w> <w type="WRB">whereby</w> <w type="NP">Hurrays</w> <w type="MD">would</w> <w type="VB">feature</w> <w type="AT">a</w> <w type="JJ">special</w> <w type="NN">floorshow</w> <w type="IN">at</w> <w type="CD">three</w> <w type="RB">A.M.</w> <w type="VBG">starring</w> <w type="NP">Adele</w> <c type="pct">(</c> <w type="AT" subtype="TL">The</w> <w type="NN" subtype="TL">Body</w> <c type="pct">)</c> <w type="NP">Brenner</w> <w type="CC">and</w> <w type="CD">fourteen</w> <w type="JJ">glamorous</w> <w type="NNS">schoolgirls</w> <c type="pct">.</c> </s>
</p>
<p><s n="155"><w type="PPS">He</w> <w type="VBD">wondered</w> <w type="CS">if</w> <w type="PPS">he</w> <w type="MD">might</w> <w type="VB">bag</w> <w type="AT">a</w> <w type="NN">tourist</w> <c type="pct">,</c> <w type="CC">but</w> <w type="PPSS">they</w> <w type="VBD">looked</w> <w type="VBN">frightened</w> <w type="IN">of</w> <w type="PPO">him</w> <c type="pct">.</c> </s>
<s n="156"><w type="PPS">He</w> <w type="VBD">passed</w> <w type="CD">two</w> <w type="NNS">brides</w> <c type="pct">,</c> <w type="ABX">both</w> <w type="VBG">wearing</w> <w type="NNS">orchids</w> <c type="pct">,</c> <w type="CC">and</w> <w type="PPSS">they</w> <w type="VBD">made</w> <w type="PPO">him</w> <w type="VB">feel</w> <w type="AT">a</w> <w type="QL">little</w> <w type="JJ">sad</w> <c type="pct">.</c> </s>
</p>
<p><s n="157"><w type="NP">Owen</w> <w type="VBD">found</w> <w type="NP">Buzz</w> <w type="VBG">watching</w> <w type="NN">chuck-a-luck</w> <c type="pct">.</c> </s>
<s n="158"><w type="NP">Buzz</w> <w type="HVD">had</w> <w type="RP">on</w> <w type="AT">a</w> <w type="JJ">Hawaiian</w> <w type="NN">shirt</w> <w type="CC">and</w> <w type="BEDZ">was</w> <w type="VBG">carrying</w> <w type="DTI">some</w> <w type="NN">sun-tan</w> <w type="NN">oil</w> <w type="CC">and</w> <w type="JJ">dark</w> <w type="NNS">glasses</w> <c type="pct">.</c> </s>
<s n="159"><w type="PPS">He</w> <w type="BEDZ">was</w> <w type="JJR">shorter</w> <w type="CC">and</w> <w type="JJR">fatter</w> <w type="CS">than</w> <w type="NP">Owen</w> <c type="pct">,</c> <w type="WPS">who</w> <w type="VBD">felt</w> <w type="RB">good</w> <w type="VBG">standing</w> <w type="IN">next</w> <w type="IN">to</w> <w type="PPO">him</w> <c type="pct">.</c> </s>
<s n="160"><c type="pct">``</c> <mw pos="PPSS BER">We're </mw><w type="ABN">all</w> <w type="VBG">going</w> <w type="RP">over</w> <w type="IN">to</w> <w type="NN" subtype="TL">Lake</w> <w type="NP" subtype="TL">Tahoe</w> <w type="CC">and</w> <w type="VB">try</w> <w type="PPg">our</w> <w type="NN">luck</w> <w type="IN">at</w> <w type="NP">Cal-Neva</w> <c type="pct">''</c> <c type="pct">,</c> <w type="NP">Buzz</w> <w type="VBD">explained</w> <c type="pct">,</c> <w type="RB">still</w> <w type="VBG">instigating</w> <c type="pct">.</c> </s>
<s n="161"><c type="pct">``</c> <w type="PPSS">We</w> <w type="VBD">ran</w> <w type="IN">into</w> <w type="AT">a</w> <w type="NN">guy</w> <w type="IN">at</w> <w type="AT">the</w> <w type="NN" subtype="TL">Pagan</w> <w type="NN" subtype="TL">Room</w> <w type="WPS">who</w> <w type="NNS">guarantees</w> <w type="PPSS">we</w> <w type="MD">can</w> <w type="VB">beat</w> <w type="AT">the</w> <w type="NN">wheel</w> <c type="pct">.</c> </s>
<s n="162"><w type="PPS">He</w> <w type="VBD">started</w> <w type="RP">out</w> <w type="CS">as</w> <w type="AT">a</w> <w type="NN">stickman</w> <c type="pct">,</c> <w type="RB">then</w> <w type="VBD">became</w> <w type="AT">a</w> <w type="NN">pit</w> <w type="NN">boss</w> <w type="CS">until</w> <w type="AT">the</w> <w type="NN" subtype="TL">Club</w> <w type="VBD">found</w> <w type="PPO">him</w> <w type="VBG">crossroading</w> <c type="pct">.</c> </s>
<s n="163"><w type="PPS">He</w> <w type="BEDZ">was</w> <w type="VBG">knocking</w> <w type="RP">down</w> <w type="NNS">checks</w> <w type="IN">at</w> <w type="NN">faro</w> <c type="pct">''</c> <c type="pct">.</c> </s>
</p>
<p><s n="164"><c type="pct">``</c> <mw pos="PPSS BEM">I'm </mw><w type="JJ">allergic</w> <w type="IN">to</w> <w type="NP">Tahoe</w> <c type="pct">''</c> <c type="pct">,</c> <w type="NP">Owen</w> <w type="VBD">explained</w> <c type="pct">.</c> </s>
<s n="165"><c type="pct">``</c> <w type="PN">Something</w> <w type="IN">about</w> <w type="AT">the</w> <w type="NN">pollen</w> <c type="pct">''</c> <c type="pct">.</c> </s>
</p>
<p><s n="166"><c type="pct">``</c> <w type="UH">Well</w> <c type="pct">,</c> <w type="UH">okay</w> <c type="pct">''</c> <c type="pct">,</c> <w type="NP">Buzz</w> <w type="VBD">said</w> <c type="pct">.</c> </s>
<s n="167"><c type="pct">``</c> <mw pos="PPSS MD">We'll </mw><w type="VB">see</w> <w type="PPO">you</w> <w type="RB">around</w> <w type="RBR">later</w> <c type="pct">''</c> <c type="pct">.</c> </s>
</p>
<p><s n="168"><w type="NP">Owen</w> <w type="VBD">went</w> <w type="RP">over</w> <w type="IN">to</w> <w type="AT">the</w> <w type="NN">crap</w> <w type="NN">table</w> <w type="CC">and</w> <w type="AT">the</w> <w type="NNS">dice</w> <w type="BED">were</w> <w type="JJ">hot</w> <c type="pct">,</c> <w type="CC">but</w> <w type="PPS">he</w> <mw pos="MD *">couldn't </mw><w type="VB">pyramid</w> <w type="IN">with</w> <w type="DTI">any</w> <w type="JJ">consecutive</w> <w type="NN">success</w> <c type="pct">.</c> </s>
</p>
<p><s n="169"><c type="pct">``</c> <mw pos="WRB BEZ">How's </mw><w type="PPg">your</w> <w type="NN">luck</w> <c type="pct">,</c> <w type="NN">honey</w> <c type="pct">''</c> <c type="pct">?</c> <c type="pct">?</c> </s>
<s n="170"><w type="AT">A</w> <w type="JJ">short</w> <w type="NN">platinum</w> <w type="NN">blonde</w> <w type="IN">in</w> <w type="AT">a</w> <w type="VBG">bursting</w> <w type="NN">sun-suit</w> <w type="VBD">addressed</w> <w type="PPO">him</w> <c type="pct">.</c> </s>
<s n="171"><w type="PPS">She</w> <w type="VBD">looked</w> <w type="JJ">well-fed</w> <w type="CC">and</w> <w type="JJ">prosperous</w> <c type="pct">,</c> <w type="CC">but</w> <w type="PPS">he</w> <mw pos="DOD *">didn't </mw><w type="VB">get</w> <w type="AT">the</w> <w type="NN">impression</w> <w type="PPS">he</w> <w type="BEDZ">was</w> <w type="BEG">being</w> <w type="VBN">propositioned</w> <w type="AT">the</w> <w type="NN">way</w> <mw pos="PPS HVD">he'd </mw><w type="BEN">been</w> <w type="VBG">hoping</w> <c type="pct">.</c> </s>
</p>
<p><s n="172"><c type="pct">``</c> <w type="PPSS">I</w> <mw pos="HV *">haven't </mw><w type="HVN">had</w> <w type="DTI">any</w> <w type="NN">luck</w> <w type="CS">since</w> <w type="PPSS">I</w> <w type="BEDZ">was</w> <w type="AT">a</w> <w type="NN">baby</w> <c type="pct">''</c> <c type="pct">.</c> </s>
</p>
<p><s n="173"><c type="pct">``</c> <w type="VB">Stake</w> <w type="PPO">me</w> <c type="pct">''</c> <c type="pct">,</c> <w type="PPS">she</w> <w type="VBD">said</w> <c type="pct">,</c> <c type="pct">``</c> <w type="CC">and</w> <w type="VB">let</w> <w type="PPO">me</w> <w type="IN">at</w> <w type="DTS">those</w> <w type="VB">dice</w> <c type="pct">.</c> </s>
<s n="174"><mw pos="PPSS MD">I'll </mw><w type="VB">make</w> <w type="PPO">them</w> <w type="VB">dance</w> <w type="AT">the</w> <w type="NN">tango</w> <c type="pct">.</c> </s>
<s n="175"><mw pos="PPSS MD">We'll </mw><w type="VB">get</w> <w type="PPO">it</w> <w type="IN">in</w> <w type="AT">a</w> <w type="NN">hurry</w> <w type="CC">and</w> <w type="VB">get</w> <w type="PPO">it</w> <w type="RP">out</w> <c type="pct">''</c> <c type="pct">.</c> </s>
</p>
<p><s n="176"><c type="pct">``</c> <mw pos="VB PPO">Let's </mw><w type="HV">have</w> <w type="AT">a</w> <w type="NN">drink</w> <w type="CC">and</w> <w type="VB">discuss</w> <w type="AT">a</w> <w type="NN">merger</w> <c type="pct">''</c> <c type="pct">.</c> </s>
</p>
<p><s n="177"><c type="pct">``</c> <w type="CS">If</w> <w type="PPSS">you</w> <w type="VB">go</w> <w type="JJ">broke</w> <c type="pct">''</c> <c type="pct">,</c> <w type="PPS">she</w> <w type="VBD">said</w> <c type="pct">,</c> <w type="VBG">smiling</w> <w type="RP">up</w> <w type="IN">at</w> <w type="PPO">him</w> <c type="pct">,</c> <c type="pct">``</c> <mw pos="PPSS MD">I'll </mw><w type="VB">leave</w> <w type="PPO">you</w> <c type="pct">''</c> <c type="pct">.</c> </s>
</p>
<p><s n="178"><c type="pct">``</c> <w type="NNS">Sounds</w> <w type="VB">like</w> <w type="JJ">real</w> <w type="NN">love</w> <c type="pct">''</c> <c type="pct">,</c> <w type="NP">Owen</w> <w type="VBD">said</w> <c type="pct">.</c> </s>
<s n="179"><c type="pct">``</c> <w type="PPS">It</w> <w type="RB">sort</w> <w type="IN">of</w> <w type="VBZ">brings</w> <w type="AT">a</w> <w type="NN">lump</w> <w type="IN">to</w> <w type="PPg">my</w> <w type="NN">throat</w> <c type="pct">''</c> <c type="pct">.</c> </s>
</p>
<p><s n="180"><c type="pct">``</c> <w type="PPg">My</w> <mw pos="NN BEZ">name's </mw><w type="NP">Gisele</w> <c type="pct">''</c> <c type="pct">,</c> <w type="AT">the</w> <w type="NN">blonde</w> <w type="VBD">said</w> <w type="CS">after</w> <w type="PPS">she</w> <w type="VBD">ordered</w> <w type="AT">a</w> <w type="NP">Scotch</w> <c type="pct">.</c> </s>
<s n="181"><c type="pct">``</c> <w type="VBN">Named</w> <w type="IN">after</w> <w type="AT">the</w> <w type="NN">ballet</w> <c type="pct">.</c> </s>
<s n="182"><w type="PPg">My</w> <w type="NN">mother</w> <w type="VBD">wanted</w> <w type="TO">to</w> <w type="VB">call</w> <w type="PPO">me</w> <w type="NP">Sylphide</w> <c type="pct">,</c> <w type="CC">but</w> <w type="PPS">it</w> <w type="VBD">sounded</w> <w type="QL">too</w> <w type="VBN">affected</w> <c type="pct">''</c> <c type="pct">.</c> </s>
</p>
<p></p></body></text></TEI>
