<TEI xmlns="http://www.tei-c.org/ns/1.0"><teiHeader><fileDesc><titleStmt><title>Sample P12 from  Morley Callaghan, A Passion in Rome.
 New York: Coward-McCann, Inc., 1961. Pp. 124-129
 </title></titleStmt><editionStmt><edition>A part  of the XML version of the Brown Corpus</edition></editionStmt><extent>2,010 words 492 (24.5%) quotes</extent><publicationStmt><idno>P12</idno><availability><p>Used by permission of Coward-McCann, Inc. 0010-1670</p></availability></publicationStmt><sourceDesc><bibl> Morley Callaghan, A Passion in Rome.
 New York: Coward-McCann, Inc., 1961. Pp. 124-129
 </bibl></sourceDesc></fileDesc><encodingDesc><p/></encodingDesc><revisionDesc><change when="2008-04-27">Header auto-generated for TEI version</change></revisionDesc></teiHeader>
<text xml:id="P12" decls="P">
<body><p><s n="1"><c type="pct">``</c> <w type="PPSS">I</w> <w type="HVD">had</w> <w type="AT">a</w> <w type="QL">rather</w> <w type="JJ">small</w> <w type="NN">place</w> <w type="IN">of</w> <w type="PPg">my</w> <w type="JJ">own</w> <c type="pct">.</c> </s>
<s n="2"><w type="AT">A</w> <w type="JJ">nice</w> <w type="NN">bachelor</w> <w type="NN">apartment</w> <w type="IN">in</w> <w type="AT">a</w> <w type="NN">place</w> <w type="VBN">called</w> <w type="AT">the</w> <w type="NP" subtype="TL">Lancaster</w> <w type="NNS" subtype="TL">Arms</w> <c type="pct">''</c> <c type="pct">.</c> </s>
</p>
<p><s n="3"><c type="pct">``</c> <w type="UH">Uhhu</w> <c type="pct">''</c> <c type="pct">,</c> <w type="PPS">she</w> <w type="VBD">said</w> <c type="pct">,</c> <w type="RB">hardly</w> <w type="VBG">listening</w> <w type="CS">as</w> <w type="PPS">she</w> <w type="VBD">studied</w> <w type="PPg">her</w> <w type="JJ">left</w> <w type="NN">eyelid</w> <c type="pct">.</c> </s>
</p>
<p><s n="4"><c type="pct">``</c> <w type="CC">And</w> <w type="RB">then</w> <w type="PPSS">I</w> <w type="HVD">had</w> <w type="DT">another</w> <w type="NN">place</w> <w type="RBR">farther</w> <w type="NR">downtown</w> <w type="PPSS">I</w> <w type="VBD">used</w> <w type="CS">as</w> <w type="AT">a</w> <w type="NN">studio</w> <c type="pct">''</c> <c type="pct">.</c> </s>
</p>
<p><s n="5"><c type="pct">``</c> <w type="UH">Uhhu</w> <c type="pct">''</c> <c type="pct">.</c> </s>
</p>
<p><s n="6"><c type="pct">``</c> <mw pos="PPSS BEM">I'm </mw><w type="NEG">not</w> <w type="AT">a</w> <w type="NN">man</w> <w type="WPS">who</w> <w type="HVZ">has</w> <w type="AP">many</w> <w type="JJ">close</w> <w type="JJ">intimate</w> <w type="NNS">friends</w> <c type="pct">,</c> <w type="NP">Carla</w> <c type="pct">''</c> <c type="pct">,</c> <w type="PPS">he</w> <w type="VBD">said</w> <c type="pct">,</c> <w type="VBG">wanting</w> <w type="PPO">her</w> <w type="TO">to</w> <w type="VB">know</w> <w type="ABN">all</w> <w type="IN">about</w> <w type="PPO">him</w> <c type="pct">.</c> </s>
<s n="7"><c type="pct">``</c> <w type="UH">Oh</w> <c type="pct">,</c> <mw pos="PPSS MD">I'd </mw><w type="VB">drink</w> <w type="IN">with</w> <w type="NN">newspaper</w> <w type="NNS">people</w> <c type="pct">.</c> </s>
<s n="8"><w type="PPSS">I</w> <w type="VB">think</w> <w type="PPSS">I</w> <w type="BEDZ">was</w> <w type="WDT">what</w> <w type="PPSS">you</w> <w type="MD">might</w> <w type="VB">call</w> <w type="AT">a</w> <w type="JJ">convivial</w> <w type="NN">man</w> <c type="pct">,</c> <w type="CC">and</w> <w type="RB">yet</w> <w type="PPS">it</w> <w type="BEDZ">was</w> <w type="WRB">when</w> <w type="PPSS">I</w> <w type="BEDZ">was</w> <w type="RB">alone</w> <w type="IN">in</w> <w type="PPg">my</w> <w type="NN">studio</w> <c type="pct">,</c> <w type="VBG">doing</w> <w type="PPg">my</w> <w type="NN">work</w> <c type="pct">,</c> <w type="CS">that</w> <w type="PPSS">I</w> <w type="RB">really</w> <w type="VBD">felt</w> <w type="JJ">alive</w> <c type="pct">.</c> </s>
<s n="9"><w type="CC">But</w> <w type="PPSS">I</w> <w type="VB">think</w> <w type="AT">a</w> <w type="NN">man</w> <w type="VBZ">needs</w> <w type="IN">at</w> <w type="AP">least</w> <w type="CD">one</w> <w type="JJ">intimate</w> <w type="NN">friend</w> <w type="TO">to</w> <w type="VB">communicate</w> <w type="IN">with</w> <c type="pct">''</c> <c type="pct">.</c> </s>
<s n="10"><w type="VBG">Pausing</w> <c type="pct">,</c> <w type="PPS">he</w> <w type="VBD">waited</w> <w type="IN">for</w> <w type="PPO">her</w> <w type="TO">to</w> <w type="VB">turn</w> <c type="pct">,</c> <w type="TO">to</w> <w type="VB">ask</w> <w type="AT">a</w> <w type="NN">question</w> <c type="pct">.</c> </s>
<s n="11"><w type="PPS">She</w> <w type="VBD">showed</w> <w type="AT">no</w> <w type="NN">interest</w> <w type="IN">at</w> <w type="ABN">all</w> <w type="IN">in</w> <w type="AT">the</w> <w type="NN">life</w> <w type="PPS">he</w> <w type="HVD">had</w> <w type="VBN">led</w> <w type="RB">back</w> <w type="NR">home</w> <c type="pct">,</c> <w type="CC">and</w> <w type="PPS">it</w> <w type="VB">hurt</w> <w type="PPO">him</w> <w type="AT">a</w> <w type="AP">little</w> <c type="pct">.</c> </s>
<s n="12"><c type="pct">``</c> <w type="UH">Well</w> <c type="pct">,</c> <w type="WDT">what</w> <w type="IN">about</w> <w type="PPO">you</w> <c type="pct">,</c> <w type="NP">Carla</w> <c type="pct">''</c> <c type="pct">?</c> <c type="pct">?</c> </s>
</p>
<p><s n="13"><c type="pct">``</c> <w type="PPO">Me</w> <c type="pct">''</c> <c type="pct">?</c> <c type="pct">?</c> </s>
<s n="14"><w type="PPS">She</w> <w type="VBD">asked</w> <c type="pct">,</c> <w type="VBG">turning</w> <w type="RB">slowly</w> <c type="pct">.</c> </s>
<s n="15"><c type="pct">``</c> <w type="WDT">What</w> <w type="IN">about</w> <w type="PPO">me</w> <c type="pct">''</c> <c type="pct">?</c> <c type="pct">?</c> </s>
</p>
<p><s n="16"><c type="pct">``</c> <w type="DOD">Did</w> <w type="PPSS">you</w> <w type="VB">make</w> <w type="NNS">friends</w> <w type="RB">easily</w> <c type="pct">''</c> <c type="pct">?</c> <c type="pct">?</c> </s>
</p>
<p><s n="17"><c type="pct">``</c> <w type="UH">Umm</w> <c type="pct">,</c> <w type="UH">uhhu</w> <c type="pct">''</c> <c type="pct">.</c> </s>
</p>
<p><s n="18"><c type="pct">``</c> <w type="RB">Somehow</w> <w type="PPSS">I</w> <w type="VB">imagine</w> <w type="CS">that</w> <w type="CS">as</w> <w type="PPSS">you</w> <w type="VBD">grew</w> <w type="RP">up</w> <w type="PPSS">you</w> <w type="BED">were</w> <w type="RB">alone</w> <w type="AT">a</w> <w type="NN">lot</w> <c type="pct">.</c> </s>
<s n="19"><w type="WRB">How</w> <w type="IN">about</w> <w type="PPO">it</w> <c type="pct">''</c> <c type="pct">?</c> <c type="pct">?</c> </s>
</p>
<p><s n="20"><c type="pct">``</c> <w type="PPSS">I</w> <w type="VB">guess</w> <w type="RB">so</w> <c type="pct">''</c> <c type="pct">,</c> <w type="PPS">she</w> <w type="VBD">said</w> <w type="VBG">taking</w> <w type="AT">a</w> <w type="NP">Kleenex</w> <w type="IN">from</w> <w type="PPg">her</w> <w type="NN">purse</w> <c type="pct">.</c> </s>
<s n="21"><w type="WRB">When</w> <w type="PPS">she</w> <w type="HVD">had</w> <w type="VBN">wiped</w> <w type="DTI">some</w> <w type="IN">of</w> <w type="AT">the</w> <w type="NN">lipstick</w> <w type="IN">from</w> <w type="PPg">her</w> <w type="NN">mouth</w> <c type="pct">,</c> <w type="PPS">she</w> <w type="VBD">stared</w> <w type="RB">solemnly</w> <w type="IN">at</w> <w type="PPg">her</w> <w type="NN">image</w> <w type="IN">in</w> <w type="AT">the</w> <w type="NN">mirror</w> <c type="pct">.</c> </s>
</p>
<p><s n="22"><c type="pct">``</c> <w type="BER">Are</w> <w type="PPg">your</w> <w type="NNS">people</w> <w type="RB">still</w> <w type="JJ">alive</w> <c type="pct">''</c> <c type="pct">?</c> <c type="pct">?</c> </s>
<s n="23"><w type="PPS">He</w> <w type="VBD">asked</w> <c type="pct">,</c> <w type="VBG">trying</w> <w type="TO">to</w> <w type="VB">touch</w> <w type="AT">a</w> <w type="NN">part</w> <w type="IN">of</w> <w type="PPO">her</w> <w type="NN">life</w> <w type="NP">Alberto</w> <mw pos="HVD *">hadn't </mw><w type="VBN">discussed</w> <c type="pct">;</c> <c type="pct">;</c> </s>
<s n="24"><w type="CS">so</w> <w type="PPS">he</w> <w type="MD">could</w> <w type="HV">have</w> <w type="PN">something</w> <w type="IN">of</w> <w type="PPO">her</w> <w type="IN">for</w> <w type="PPL">himself</w> <c type="pct">.</c> </s>
<s n="25"><c type="pct">``</c> <w type="PPSS">You</w> <w type="VB">talk</w> <w type="QL">so</w> <w type="RB">well</w> <c type="pct">,</c> <w type="NP">Carla</w> <c type="pct">''</c> <c type="pct">,</c> <w type="PPS">he</w> <w type="VBD">went</w> <w type="RP">on</w> <c type="pct">.</c> </s>
<s n="26"><c type="pct">``</c> <w type="PPSS">You</w> <w type="VB">seem</w> <w type="TO">to</w> <w type="HV">have</w> <w type="VBN">read</w> <w type="QL">so</w> <w type="RB">much</w> <c type="pct">,</c> <w type="PPSS">you</w> <w type="HV">have</w> <w type="AT">a</w> <w type="JJ">natural</w> <w type="NN">gift</w> <w type="IN">for</w> <w type="NNS">words</w> <c type="pct">''</c> <c type="pct">,</c> <w type="PPS">he</w> <w type="VBD">added</w> <c type="pct">,</c> <w type="VBG">trying</w> <w type="TO">to</w> <w type="VB">flatter</w> <w type="PPg">her</w> <w type="NN">vanity</w> <c type="pct">.</c> </s>
<s n="27"><c type="pct">``</c> <w type="PPSS">You</w> <w type="MD">must</w> <w type="HV">have</w> <w type="BEN">been</w> <w type="JJ">good</w> <w type="IN">at</w> <w type="NN">history</w> <w type="IN">at</w> <w type="NN">school</w> <c type="pct">.</c> </s>
<s n="28"><w type="WRB">Where</w> <w type="DOD">did</w> <w type="PPO">you</w> <w type="VB">go</w> <w type="IN">to</w> <w type="NN">school</w> <c type="pct">''</c> <c type="pct">?</c> <c type="pct">?</c> </s>
</p>
<p><s n="29"><c type="pct">``</c> <w type="WDT">What</w> <w type="BEZ">is</w> <w type="DT">this</w> <c type="pct">''</c> <c type="pct">?</c> <c type="pct">?</c> </s>
<s n="30"><w type="PPS">She</w> <w type="VBD">asked</w> <c type="pct">,</c> <w type="VBG">turning</w> <w type="RB">suddenly</w> <c type="pct">.</c> </s>
<s n="31"><c type="pct">``</c> <mw pos="DO *">Don't </mw><w type="PPSS">you</w> <w type="VB">know</w> <w type="ABN">all</w> <w type="IN">about</w> <w type="PPO">me</w> <w type="IN">by</w> <w type="DT">this</w> <w type="NN">time</w> <c type="pct">?</c> <c type="pct">?</c> </s>
<s n="32"><w type="PPg">My</w> <mw pos="NN BEZ">name's </mw><w type="NP">Carla</w> <w type="NP">Caneli</w> <c type="pct">.</c> </s>
<s n="33"><w type="DT">This</w> <w type="BEZ">is</w> <w type="PPg">my</w> <w type="NN">town</w> <c type="pct">.</c> </s>
<s n="34"><w type="PPSS">I</w> <w type="VB">sleep</w> <w type="IN">with</w> <w type="PPO">you</w> <c type="pct">.</c> </s>
<s n="35"><w type="PPSS">You</w> <w type="VB">know</w> <w type="PN">something</w> <w type="AP">more</w> <w type="IN">about</w> <w type="PPO">me</w> <w type="AT">every</w> <w type="NN">day</w> <c type="pct">,</c> <mw pos="DO *">don't </mw><w type="PPO">you</w> <c type="pct">?</c> <c type="pct">?</c> </s>
<s n="36"><w type="MD">Would</w> <w type="PPO">you</w> <w type="BE">be</w> <w type="JJR">happier</w> <w type="CS">if</w> <w type="PPSS">I</w> <w type="VBD">made</w> <w type="RP">up</w> <w type="DTI">some</w> <w type="NNS">stories</w> <w type="IN">about</w> <w type="PPg">my</w> <w type="NN">life</w> <c type="pct">,</c> <w type="VBD">told</w> <w type="PPO">you</w> <w type="DTI">some</w> <w type="NNS">lies</w> <c type="pct">?</c> <c type="pct">?</c> </s>
<s n="37"><w type="WRB">Why</w> <w type="BER">are</w> <w type="PPSS">you</w> <w type="VBG">trying</w> <w type="TO">to</w> <w type="VB">worry</w> <w type="PPO">me</w> <c type="pct">''</c> <c type="pct">?</c> <c type="pct">?</c> </s>
</p>
<p><s n="38"><c type="pct">``</c> <mw pos="PPSS BEM">I'm </mw><w type="NEG">not</w> <w type="VBG">trying</w> <w type="TO">to</w> <w type="VB">worry</w> <w type="PPO">you</w> <c type="pct">''</c> <c type="pct">.</c> </s>
</p>
<p><s n="39"><c type="pct">``</c> <w type="UH">Well</w> <c type="pct">,</c> <w type="QL">all</w> <w type="RB">right</w> <w type="RB">then</w> <c type="pct">''</c> <c type="pct">.</c> </s>
</p>
<p><s n="40"><w type="AT">The</w> <w type="VBG">cleansing</w> <w type="NNS">tissues</w> <w type="PPS">she</w> <w type="HVD">had</w> <w type="BEN">been</w> <w type="VBG">using</w> <w type="HVD">had</w> <w type="BEN">been</w> <w type="VBG">falling</w> <w type="IN">on</w> <w type="AT">the</w> <w type="NN">floor</w> <c type="pct">,</c> <w type="CC">and</w> <w type="PPS">he</w> <w type="VBD">got</w> <w type="RP">up</w> <w type="CC">and</w> <w type="VBD">picked</w> <w type="RP">up</w> <w type="CD">one</w> <c type="pct">,</c> <w type="RB">then</w> <w type="DT">another</w> <c type="pct">,</c> <w type="VBG">hoping</w> <w type="PPS">she</w> <w type="MD">would</w> <w type="VB">notice</w> <w type="WDT">what</w> <w type="PPS">he</w> <w type="BEDZ">was</w> <w type="VBG">doing</w> <c type="pct">.</c> </s>
<s n="41"><w type="IN">At</w> <w type="NR">home</w> <w type="PPS">he</w> <w type="HVD">had</w> <w type="BEN">been</w> <w type="AT">a</w> <w type="JJ">clean</w> <w type="JJ">orderly</w> <w type="NN">man</w> <c type="pct">,</c> <w type="CC">and</w> <w type="RB">now</w> <w type="PPS">he</w> <w type="HVD">had</w> <w type="TO">to</w> <w type="VB">hide</w> <w type="PPg">his</w> <w type="NN">annoyance</w> <c type="pct">.</c> </s>
<s n="42"><w type="BEDZ">Was</w> <w type="PPS">she</w> <w type="RB">just</w> <w type="RB">naturally</w> <w type="JJ">sloppy</w> <w type="IN">about</w> <w type="PN">everything</w> <w type="IN">but</w> <w type="PPg">her</w> <w type="JJ">physical</w> <w type="NN">appearance</w> <c type="pct">?</c> <c type="pct">?</c> </s>
<s n="43"><w type="PPS">He</w> <w type="VBD">wondered</w> <c type="pct">.</c> </s>
<s n="44"><w type="MD">Would</w> <w type="PPS">he</w> <w type="HV">have</w> <w type="TO">to</w> <w type="VB">clean</w> <w type="RP">up</w> <w type="IN">after</w> <w type="PPO">her</w> <w type="AT">every</w> <w type="NN">day</w> <c type="pct">,</c> <w type="VB">clean</w> <w type="AT">the</w> <w type="NN">kitchen</w> <c type="pct">,</c> <w type="AT">the</w> <w type="NN">bathroom</w> <c type="pct">,</c> <w type="CC">and</w> <w type="VB">get</w> <w type="RP">down</w> <w type="IN">on</w> <w type="PPg">his</w> <w type="NNS">knees</w> <w type="CC">and</w> <w type="VB">scrub</w> <w type="AT">the</w> <w type="NN">kitchen</w> <w type="NN">floor</w> <c type="pct">,</c> <w type="RB">then</w> <w type="VB">hang</w> <w type="RP">up</w> <w type="PPg">her</w> <w type="NNS">dresses</w> <c type="pct">,</c> <w type="VB">pick</w> <w type="RP">up</w> <w type="PPg">her</w> <w type="NNS">stockings</w> <c type="pct">,</c> <w type="VB">make</w> <w type="AT">the</w> <w type="NN">bed</w> <w type="CS">while</w> <w type="PPS">she</w> <w type="VBD">lay</w> <w type="RB">around</w> <c type="pct">?</c> <c type="pct">?</c> </s>
<s n="45"><w type="PPS">He</w> <w type="VBD">straightened</w> <w type="RP">up</w> <c type="pct">,</c> <w type="JJ">ready</w> <w type="TO">to</w> <w type="VB">vent</w> <w type="PPg">his</w> <w type="NN">exasperation</w> <c type="pct">,</c> <w type="RB">then</w> <w type="VBD">grew</w> <w type="JJ">afraid</w> <c type="pct">.</c> </s>
<s n="46"><w type="CS">If</w> <w type="PPS">he</w> <w type="VBD">dwelt</w> <w type="IN">on</w> <w type="AT">the</w> <w type="NNS">indignities</w> <w type="PPS">he</w> <w type="VBD">suffered</w> <w type="PPS">he</w> <w type="MD">would</w> <w type="VB">lose</w> <w type="ABN">all</w> <w type="NN">respect</w> <w type="IN">for</w> <w type="PPO">her</w> <c type="pct">,</c> <w type="CC">and</w> <w type="IN">without</w> <w type="AT">the</w> <w type="NN">respect</w> <w type="PPS">he</w> <w type="MD">might</w> <w type="VB">lose</w> <w type="PPg">his</w> <w type="NN">view</w> <w type="IN">of</w> <w type="PPO">her</w> <c type="pct">,</c> <w type="RB">too</w> <c type="pct">.</c> </s>
</p>
<p><s n="47"><c type="pct">``</c> <mw pos="WDT BEZ">What's </mw><w type="AT">the</w> <w type="NN">matter</w> <c type="pct">''</c> <c type="pct">?</c> <c type="pct">?</c> </s>
<s n="48"><w type="PPS">She</w> <w type="VBD">asked</w> <w type="RB">suddenly</w> <c type="pct">.</c> </s>
</p>
<p><s n="49"><c type="pct">``</c> <w type="PN">Nothing</w> <c type="pct">.</c> </s>
<s n="50"><w type="PN">Nothing</w> <w type="IN">at</w> <w type="ABN">all</w> <c type="pct">''</c> <c type="pct">,</c> <w type="PPS">he</w> <w type="VBD">said</w> <w type="RB">quietly</w> <c type="pct">.</c> </s>
<s n="51"><c type="pct">``</c> <mw pos="VB PPO">Let's </mw><w type="VB">go</w> <w type="RP">out</w> <c type="pct">''</c> <c type="pct">.</c> </s>
</p>
<p><s n="52"><c type="pct">``</c> <w type="BER">Are</w> <w type="DTS">those</w> <w type="AT">the</w> <w type="AP">only</w> <w type="NNS">shoes</w> <w type="PPSS">you</w> <w type="HV">have</w> <c type="pct">,</c> <w type="NP">Sam</w> <c type="pct">''</c> <c type="pct">?</c> <c type="pct">?</c> </s>
</p>
<p><s n="53"><c type="pct">``</c> <mw pos="WDT BEZ">What's </mw><w type="AT">the</w> <w type="NN">matter</w> <w type="IN">with</w> <w type="PPO">them</w> <c type="pct">''</c> <c type="pct">?</c> <c type="pct">?</c> </s>
</p>
<p><s n="54"><c type="pct">``</c> <w type="AT">The</w> <w type="JJ">heavy</w> <w type="JJ">thick</w> <w type="NNS">soles</w> <c type="pct">.</c> </s>
<s n="55"><w type="VB">Look</w> <w type="IN">at</w> <w type="PPO">them</w> <c type="pct">''</c> <c type="pct">.</c> </s>
</p>
<p><s n="56"><c type="pct">``</c> <mw pos="PPSS BER">They're </mw><w type="AT">an</w> <w type="JJ">expensive</w> <w type="JJ">English</w> <w type="NN">shoe</w> <w type="IN">for</w> <w type="VBG">walking</w> <w type="RB">around</w> <w type="AT">a</w> <w type="NN">lot</w> <c type="pct">.</c> </s>
<s n="57"><w type="PPSS">I</w> <w type="VB">like</w> <w type="PPO">them</w> <c type="pct">''</c> <c type="pct">.</c> </s>
</p>
<p><s n="58"><c type="pct">``</c> <w type="NP">Sam</w> <c type="pct">,</c> <w type="AT">no</w> <w type="PN">one</w> <w type="IN">around</w> <w type="RB">here</w> <w type="VBZ">wears</w> <w type="JJ">such</w> <w type="JJ">heavy</w> <w type="NNS">soles</w> <c type="pct">.</c> </s>
<s n="59"><mw pos="MD *">Can't </mw><w type="PPSS">you</w> <w type="VB">get</w> <w type="DT">another</w> <w type="NN">pair</w> <c type="pct">''</c> <c type="pct">?</c> <c type="pct">?</c> </s>
</p>
<p><s n="60"><c type="pct">``</c> <w type="RB">Maybe</w> <w type="PPSS">I</w> <w type="MD">could</w> <c type="pct">''</c> <c type="pct">,</c> <w type="PPS">he</w> <w type="VBD">said</w> <c type="pct">,</c> <w type="VBN">surprised</w> <w type="CS">that</w> <w type="PPS">she</w> <w type="MD">could</w> <w type="VB">turn</w> <w type="IN">from</w> <w type="PPL">herself</w> <w type="CC">and</w> <w type="VB">notice</w> <w type="PN">anything</w> <w type="IN">about</w> <w type="PPO">him</w> <c type="pct">.</c> </s>
<s n="61"><c type="pct">``</c> <mw pos="PPSS MD">I'll </mw><w type="VB">get</w> <w type="AT">an</w> <w type="JJ">elegant</w> <w type="NN">pair</w> <w type="IN">of</w> <w type="JJ">thin-soled</w> <w type="JJ">Italian</w> <w type="NNS">shoes</w> <w type="NR">tomorrow</w> <c type="pct">,</c> <w type="NP">Carla</w> <c type="pct">''</c> <c type="pct">.</c> </s>
</p>
<p><s n="62"><c type="pct">``</c> <w type="CC">And</w> <w type="PPSS">I</w> <mw pos="DO *">don't </mw><w type="VB">know</w> <w type="WRB">why</w> <w type="PPSS">you</w> <w type="VB">want</w> <w type="TO">to</w> <w type="VB">go</w> <w type="RP">on</w> <w type="VBG">wearing</w> <w type="DT">that</w> <w type="NN">outfit</w> <c type="pct">''</c> <c type="pct">,</c> <w type="PPS">she</w> <w type="VBD">said</w> <c type="pct">,</c> <w type="VBG">making</w> <w type="AT">a</w> <w type="NN">face</w> <c type="pct">.</c> </s>
</p>
<p><s n="63"><c type="pct">``</c> <mw pos="WDT BEZ">What's </mw><w type="AT">the</w> <w type="NN">matter</w> <w type="IN">with</w> <w type="PPO">it</w> <c type="pct">''</c> <c type="pct">?</c> <c type="pct">?</c> </s>
<s n="64"><w type="PPS">He</w> <w type="HVD">had</w> <w type="VBN">put</w> <w type="RP">on</w> <w type="AT">the</w> <w type="JJ">gray</w> <w type="NN">jacket</w> <w type="CC">and</w> <w type="AT">the</w> <w type="JJ">dark-gray</w> <w type="NNS">slacks</w> <w type="CC">and</w> <w type="AT">the</w> <w type="JJ">fawn-colored</w> <w type="NN">shirt</w> <w type="PPS">he</w> <w type="HVD">had</w> <w type="VBN">worn</w> <w type="DT">that</w> <w type="OD">first</w> <w type="NN">night</w> <w type="IN">in</w> <w type="NP">Rome</w> <w type="WRB">when</w> <w type="PPS">he</w> <w type="HVD">had</w> <w type="VBN">encountered</w> <w type="PPO">her</w> <w type="IN">on</w> <w type="AT">the</w> <w type="NN">street</w> <c type="pct">.</c> </s>
</p>
<p><s n="65"><c type="pct">``</c> <w type="UH">Oh</w> <c type="pct">,</c> <w type="NP">Sam</w> <c type="pct">.</c> </s>
<s n="66"><w type="PPSS">You</w> <w type="VB">look</w> <w type="CS">like</w> <w type="AT">a</w> <w type="JJ">tweedy</w> <w type="NP">Englishman</w> <c type="pct">.</c> </s>
<s n="67"><mw pos="MD *">Can't </mw><w type="PPSS">you</w> <w type="VB">wear</w> <w type="PN">something</w> <w type="RB">else</w> <w type="CC">and</w> <w type="VB">look</w> <w type="AT">a</w> <w type="AP">little</w> <w type="RBR">more</w> <w type="CS">as</w> <w type="CS">though</w> <w type="PPSS">you</w> <w type="VBD">belonged</w> <c type="pct">''</c> <c type="pct">?</c> <c type="pct">?</c> </s>
</p>
<p><s n="68"><c type="pct">``</c> <w type="PPSS">I</w> <mw pos="DO *">don't </mw><w type="VB">mind</w> <w type="IN">at</w> <w type="ABN">all</w> <c type="pct">''</c> <c type="pct">,</c> <w type="PPS">he</w> <w type="VBD">said</w> <c type="pct">,</c> <w type="VBN">delighted</w> <w type="IN">with</w> <w type="PPg">her</w> <w type="NN">attention</w> <c type="pct">.</c> </s>
<s n="69"><w type="VBG">Changing</w> <w type="PPg">his</w> <w type="NNS">clothes</w> <c type="pct">,</c> <w type="PPS">he</w> <w type="VBD">put</w> <w type="RP">on</w> <w type="PPg">his</w> <w type="JJ">dark-blue</w> <w type="NN">flannel</w> <w type="NN">suit</w> <c type="pct">,</c> <w type="CC">and</w> <w type="VBD">laid</w> <w type="RB">away</w> <w type="AT">the</w> <w type="JJ">gray</w> <w type="NN">jacket</w> <w type="IN">with</w> <w type="AT">the</w> <w type="NN">feeling</w> <w type="CS">that</w> <w type="PPS">he</w> <w type="MD">might</w> <w type="BE">be</w> <w type="VBG">putting</w> <w type="PPO">it</w> <w type="RB">aside</w> <w type="IN">for</w> <w type="JJ">good</w> <c type="pct">.</c> </s>
<s n="70"><w type="CC">But</w> <w type="PPS">it</w> <w type="BEDZ">was</w> <w type="AT">a</w> <w type="JJ">hopeful</w> <w type="NN">sign</w> <c type="pct">,</c> <w type="PPS">he</w> <w type="VBD">told</w> <w type="PPL">himself</w> <c type="pct">.</c> </s>
<s n="71"><w type="PPS">She</w> <w type="AT">no</w> <w type="JJR">longer</w> <w type="VBD">wanted</w> <w type="PN">anything</w> <w type="IN">about</w> <w type="PPO">him</w> <w type="TO">to</w> <w type="VB">remind</w> <w type="PPO">her</w> <w type="IN">of</w> <w type="AT">the</w> <w type="NNS">circumstances</w> <w type="IN">of</w> <w type="PPg">their</w> <w type="NN">meeting</w> <w type="DT">that</w> <w type="OD">first</w> <w type="NN">night</w> <w type="IN">in</w> <w type="NP">Parioli</w> <c type="pct">.</c> </s>
</p>
<p><s n="72"><w type="DT">That</w> <w type="NN">day</w> <w type="PPSS">they</w> <w type="VBD">loafed</w> <w type="RB">around</w> <c type="pct">,</c> <w type="RB">just</w> <w type="VBG">getting</w> <w type="AT">the</w> <w type="NN">feel</w> <w type="IN">of</w> <w type="AT">the</w> <w type="NN">city</w> <c type="pct">.</c> </s>
<s n="73"><w type="PPSS">They</w> <w type="VBD">looked</w> <w type="IN">at</w> <w type="AT">the</w> <w type="NNS">ruins</w> <w type="IN">of</w> <w type="AT">the</w> <w type="JJ">old</w> <w type="JJ">Roman</w> <w type="NN">wall</w> <w type="IN">on</w> <w type="AT">the</w> <w type="JJR">lower</w> <w type="NN" subtype="FW">Via</w> <w type="NP" subtype="TL">Veneto</w> <c type="pct">,</c> <w type="RB">then</w> <w type="PPSS">they</w> <w type="VBD">went</w> <w type="IN">to</w> <w type="AT">the</w> <w type="NP" subtype="TL">Farnese</w> <w type="NNS" subtype="TL">Gardens</w> <c type="pct">.</c> </s>
<s n="74"><w type="PPS">She</w> <w type="HVD">had</w> <w type="DTI">some</w> <w type="JJ">amusing</w> <w type="NN">scandal</w> <w type="IN">about</w> <w type="AT">the</w> <w type="NPS">Farneses</w> <w type="IN">in</w> <w type="AT">the</w> <w type="JJ">old</w> <w type="NNS">days</w> <c type="pct">.</c> </s>
<s n="75"><w type="RB">Then</w> <w type="PPSS">they</w> <w type="VBD">took</w> <w type="AT">a</w> <w type="NN">taxi</w> <w type="IN">to</w> <w type="NP">Trastevere</w> <c type="pct">.</c> </s>
<s n="76"><c type="pct">``</c> <mw pos="EX BEZ">There's </mw><w type="AT">a</w> <w type="NN">church</w> <w type="PPSS">you</w> <w type="MD">should</w> <w type="VB">see</w> <c type="pct">''</c> <c type="pct">,</c> <w type="PPS">she</w> <w type="VBD">said</w> <c type="pct">.</c> </s>
<s n="77"><w type="CC">And</w> <w type="WRB">when</w> <w type="PPSS">they</w> <w type="VBD">stood</w> <w type="IN">by</w> <w type="AT">the</w> <w type="NN">fountain</w> <w type="IN">in</w> <w type="AT">the</w> <w type="NN">piazza</w> <w type="VBG">looking</w> <w type="IN">at</w> <w type="NP">Santa</w> <w type="NP">Maria</w> <w type="PPS">he</w> <w type="HVD">had</w> <w type="TO">to</w> <w type="VB">keep</w> <w type="AT">a</w> <w type="JJ">straight</w> <w type="NN">face</w> <c type="pct">,</c> <w type="NEG">not</w> <w type="VBG">letting</w> <w type="RP">on</w> <w type="PPS">he</w> <w type="HVD">had</w> <w type="BEN">been</w> <w type="RB">there</w> <w type="IN">with</w> <w type="NP">Alberto</w> <c type="pct">.</c> </s>
<s n="78"><w type="PPS">He</w> <w type="VBD">let</w> <w type="PPO">her</w> <w type="VB">tell</w> <w type="PPO">him</w> <w type="ABN">all</w> <w type="IN">about</w> <w type="AT">the</w> <w type="NN">church</w> <c type="pct">.</c> </s>
<s n="79"><w type="RB">Then</w> <w type="PPSS">they</w> <w type="HVD">had</w> <w type="NN">dinner</w> <c type="pct">.</c> </s>
<s n="80"><w type="ABN">All</w> <w type="NN">evening</w> <w type="PPS">she</w> <w type="BEDZ">was</w> <w type="JJ">eloquent</w> <w type="CC">and</w> <w type="VBN">pleased</w> <w type="IN">with</w> <w type="PPL">herself</w> <c type="pct">.</c> </s>
<s n="81"><w type="WRB">When</w> <w type="PPSS">they</w> <w type="VBD">got</w> <w type="NR">home</w> <w type="IN">at</w> <w type="NN">midnight</w> <w type="PPS">she</w> <w type="BEDZ">was</w> <w type="VBN">tired</w> <w type="RP">out</w> <c type="pct">.</c> </s>
<s n="82"><w type="CC">And</w> <w type="IN">in</w> <w type="AT">the</w> <w type="NN">morning</w> <w type="WRB">when</w> <w type="PPS">he</w> <w type="VBD">woke</w> <w type="RP">up</w> <w type="IN">at</w> <w type="CD">ten</w> <w type="AT">the</w> <w type="NN">church</w> <w type="NNS">bells</w> <w type="BED">were</w> <w type="VBG">ringing</w> <c type="pct">.</c> </s>
</p>
<p><s n="83"><w type="PPS">He</w> <w type="HVD">had</w> <w type="RB">never</w> <w type="VBN">heard</w> <w type="QL">so</w> <w type="AP">many</w> <w type="NNS">bells</w> <c type="pct">,</c> <w type="CC">and</w> <w type="CS">as</w> <w type="PPS">he</w> <w type="VBD">lay</w> <w type="RB">there</w> <w type="VBG">listening</w> <c type="pct">,</c> <w type="PPS">he</w> <w type="VBD">thought</w> <w type="IN">of</w> <w type="PPO">her</w> <w type="VBG">scolding</w> <w type="PPO">him</w> <w type="IN">for</w> <w type="PPg">his</w> <w type="NNS">remarks</w> <w type="WRB">when</w> <w type="PPS">he</w> <w type="HVD">had</w> <w type="VBN">looked</w> <w type="RP">up</w> <w type="IN">at</w> <w type="AT">the</w> <w type="NN">obelisk</w> <w type="CC">and</w> <w type="AT">the</w> <w type="NN">church</w> <w type="IN">at</w> <w type="AT">the</w> <w type="NN">top</w> <w type="IN">of</w> <w type="AT">the</w> <w type="JJ" subtype="TL">Spanish</w> <w type="NNS" subtype="TL">Steps</w> <c type="pct">.</c> </s>
<s n="84"><w type="PPS">It</w> <w type="BEDZ">was</w> <w type="AT">a</w> <w type="JJ">good</w> <w type="NN">thing</w> <w type="CS">that</w> <w type="PPS">she</w> <w type="VBD">clung</w> <w type="IN">to</w> <w type="PPg">her</w> <w type="NN">religion</w> <c type="pct">,</c> <w type="PPS">he</w> <w type="VBD">thought</w> <c type="pct">.</c> </s>
<s n="85"><w type="PPS">She</w> <w type="MD">might</w> <w type="VB">like</w> <w type="TO">to</w> <w type="VB">take</w> <w type="PPO">him</w> <w type="IN">to</w> <w type="NN" subtype="TL">St.</w> <w type="NPg" subtype="TL">Peter's</w> <c type="pct">.</c> </s>
</p>
<p><s n="86"><c type="pct">``</c> <w type="NP">Carla</w> <c type="pct">,</c> <w type="VB">wake</w> <w type="RP">up</w> <c type="pct">''</c> <c type="pct">,</c> <w type="PPS">he</w> <w type="VBD">said</w> <w type="VBG">shaking</w> <w type="PPO">her</w> <c type="pct">.</c> </s>
<s n="87"><c type="pct">``</c> <mw pos="PPS BEZ">It's </mw><w type="CD">ten</w> <w type="RB">o'clock</w> <c type="pct">.</c> </s>
<s n="88"><mw pos="BER *">Aren't </mw><w type="PPSS">you</w> <w type="VBG">going</w> <w type="RP">out</w> <w type="IN">to</w> <w type="NN">mass</w> <c type="pct">?</c> <c type="pct">?</c> </s>
<s n="89"><w type="PPSS">You</w> <w type="MD">could</w> <w type="VB">take</w> <w type="PPO">me</w> <w type="IN">to</w> <w type="NN" subtype="TL">St.</w> <w type="NPg" subtype="TL">Peter's</w> <c type="pct">''</c> <c type="pct">.</c> </s>
</p>
<p><s n="90"><c type="pct">``</c> <w type="UH">Uhhu</w> <c type="pct">''</c> <c type="pct">,</c> <w type="PPS">she</w> <w type="VBD">muttered</w> <c type="pct">.</c> </s>
</p>
<p><s n="91"><c type="pct">``</c> <w type="VB">Come</w> <w type="RP">on</w> <c type="pct">,</c> <mw pos="PPSS MD">you'll </mw><w type="BE">be</w> <w type="RB">late</w> <c type="pct">''</c> <c type="pct">.</c> </s>
</p>
<p><s n="92"><c type="pct">``</c> <w type="PPSS">I</w> <w type="VB">think</w> <mw pos="PPSS MD">I'll </mw><w type="VB">sleep</w> <w type="RP">in</w> <w type="DT">this</w> <w type="NN">morning</w> <c type="pct">''</c> <c type="pct">,</c> <w type="PPS">she</w> <w type="VBD">said</w> <w type="RB">drowsily</w> <c type="pct">,</c> <w type="CC">and</w> <w type="CS">as</w> <w type="PPS">she</w> <w type="VBD">snuggled</w> <w type="IN">against</w> <w type="PPO">him</w> <c type="pct">,</c> <w type="PPS">he</w> <w type="VBD">wondered</w> <w type="CS">if</w> <w type="PPS">she</w> <w type="RB">ever</w> <w type="VBD">went</w> <w type="IN">to</w> <w type="NN">church</w> <c type="pct">.</c> </s>
<s n="93"><w type="WRB">Why</w> <w type="DOD">did</w> <w type="PPS">he</w> <w type="VB">want</w> <w type="PPO">her</w> <w type="TO">to</w> <w type="VB">go</w> <w type="IN">to</w> <w type="NN">church</w> <c type="pct">?</c> <c type="pct">?</c> </s>
<s n="94"><w type="PPS">He</w> <w type="VBD">wondered</w> <w type="RB">Probably</w> <w type="CS">because</w> <w type="PPS">it</w> <w type="BEDZ">was</w> <w type="AT">a</w> <w type="NN">place</w> <w type="WRB">where</w> <w type="PPS">she</w> <w type="MD">might</w> <w type="VB">get</w> <w type="AT">a</w> <w type="NN">feeling</w> <w type="IN">of</w> <w type="NN">certainty</w> <w type="CC">and</w> <w type="NN">security</w> <c type="pct">.</c> </s>
<s n="95"><w type="PPS">It</w> <w type="MD">would</w> <w type="BE">be</w> <w type="JJ">good</w> <w type="IN">for</w> <w type="PPO">her</w> <c type="pct">.</c> </s>
<s n="96"><w type="PPS">It</w> <w type="BEDZ">was</w> <w type="QL">too</w> <w type="JJ">bad</w> <w type="PPS">he</w> <w type="HVD">had</w> <w type="AT">no</w> <w type="NN">feeling</w> <w type="PPL">himself</w> <w type="IN">for</w> <w type="NN">church</w> <c type="pct">.</c> </s>
<s n="97"><w type="NEG">Not</w> <w type="PPg">his</w> <w type="JJ">poor</w> <w type="NNg">mother's</w> <w type="NN">fault</w> <c type="pct">.</c> </s>
<s n="98"><w type="PPS">She</w> <w type="MD">would</w> <w type="HV">have</w> <w type="BEN">been</w> <w type="RBR">better</w> <w type="RP">off</w> <w type="CS">if</w> <w type="PPS">she</w> <w type="HVD">had</w> <w type="VBN">stuck</w> <w type="IN">to</w> <w type="PPg">her</w> <w type="NP">Bible</w> <c type="pct">.</c> </s>
<s n="99"><w type="IN">As</w> <w type="IN">for</w> <w type="PPL">himself</w> <c type="pct">,</c> <w type="PPS">he</w> <w type="RB">just</w> <mw pos="DOD *">didn't </mw><w type="HV">have</w> <w type="AT">the</w> <w type="NN">temperament</w> <w type="IN">for</w> <w type="PPO">it</w> <c type="pct">.</c> </s>
<s n="100"><w type="IN">From</w> <w type="AT">the</w> <w type="NN">time</w> <w type="PPS">he</w> <w type="HVD">had</w> <w type="BEN">been</w> <w type="IN">at</w> <w type="NN">college</w> <w type="PPS">he</w> <w type="HVD">had</w> <w type="VBN">achieved</w> <w type="AT">a</w> <w type="JJ">certain</w> <w type="NN">tranquility</w> <w type="CC">and</w> <w type="NN">composure</w> <w type="IN">by</w> <w type="VBG">accepting</w> <w type="AT">the</w> <w type="NN">fact</w> <w type="CS">that</w> <w type="EX">there</w> <w type="BED">were</w> <w type="JJ">certain</w> <w type="NNS">things</w> <w type="PPS">he</w> <w type="MD">could</w> <w type="RB">never</w> <w type="VB">know</w> <c type="pct">.</c> </s>
<s n="101"><w type="RB">Then</w> <w type="PPS">he</w> <w type="VBD">thought</w> <w type="IN">of</w> <w type="DTS">those</w> <w type="JJ" subtype="TL">Old</w> <w type="NN" subtype="TL">Testament</w> <w type="NNS">figures</w> <w type="IN">on</w> <w type="AT">the</w> <w type="NN">ceiling</w> <w type="IN">of</w> <w type="AT">the</w> <w type="JJ" subtype="TL">Sistine</w> <w type="NN" subtype="TL">Chapel</w> <c type="pct">.</c> </s>
<s n="102"><w type="RB">Just</w> <w type="NNS">figures</w> <w type="IN">out</w> <w type="IN">of</w> <w type="AT">a</w> <w type="JJ">tribal</w> <w type="NN">folklore</w> <c type="pct">.</c> </s>
<s n="103"><w type="MD">Could</w> <w type="PPS">he</w> <w type="RB">honestly</w> <w type="VB">believe</w> <w type="PPS">it</w> <w type="MD">would</w> <w type="BE">be</w> <w type="JJ">good</w> <w type="IN">for</w> <w type="NP">Carla</w> <w type="TO">to</w> <w type="HV">have</w> <w type="DTS">those</w> <w type="JJ">old</w> <w type="NNS">prophets</w> <w type="VBG">gripping</w> <w type="PPg">her</w> <w type="NN">imagination</w> <w type="RB">now</w> <c type="pct">?</c> <c type="pct">?</c> </s>
<s n="104"><w type="BEG">Being</w> <w type="AT">a</w> <w type="NN">woman</w> <w type="RB">though</w> <c type="pct">,</c> <w type="PPS">she</w> <w type="MD">would</w> <w type="VB">take</w> <w type="RB">only</w> <w type="WDT">what</w> <w type="PPS">she</w> <w type="VBD">needed</w> <w type="IN">from</w> <w type="NN">church</w> <c type="pct">.</c> </s>
<s n="105"><w type="PPS">It</w> <w type="BEDZ">was</w> <w type="QL">too</w> <w type="JJ">bad</w> <w type="PPS">he</w> <mw pos="BEDZ *">wasn't </mw><w type="AT">a</w> <w type="JJ">Catholic</w> <w type="PPL">himself</w> <c type="pct">.</c> </s>
<s n="106"><w type="CC">Or</w> <w type="AT">a</w> <w type="NP">Protestant</w> <c type="pct">,</c> <w type="CC">or</w> <w type="CD">one</w> <w type="IN">of</w> <w type="DTS">those</w> <w type="JJ">amusing</w> <w type="JJ">dogmatic</w> <w type="NNS">atheists</w> <c type="pct">,</c> <w type="CC">or</w> <w type="AT">a</w> <w type="JJ">strict</w> <w type="JJ">orthodox</w> <w type="NN" subtype="TL">Communist</w> <c type="pct">.</c> </s>
<s n="107"><w type="WDT">What</w> <w type="BEDZ">was</w> <w type="AT">the</w> <w type="NN">matter</w> <w type="IN">with</w> <w type="PPO">him</w> <w type="CS">that</w> <w type="PPSS">they</w> <w type="ABN">all</w> <w type="VBD">wearied</w> <w type="PPO">him</w> <c type="pct">?</c> <c type="pct">?</c> </s>
<s n="108"><w type="PPS">It</w> <w type="BEDZ">was</w> <w type="AT">the</w> <w type="NNS">times</w> <c type="pct">,</c> <w type="PPS">he</w> <w type="BEDZ">was</w> <w type="JJ">sure</w> <c type="pct">.</c> </s>
<s n="109"><w type="QL">All</w> <w type="AT">the</w> <w type="NNS">ideologies</w> <w type="VBG">changing</w> <w type="IN">from</w> <w type="NN">day</w> <w type="IN">to</w> <w type="NN">day</w> <c type="pct">,</c> <w type="QL">right</w> <w type="IN">under</w> <w type="PPg">his</w> <w type="NNS">eyes</w> <c type="pct">,</c> <w type="CS">so</w> <w type="WRB">how</w> <w type="MD">could</w> <w type="AT">a</w> <w type="NN">man</w> <w type="NN">look</w> <w type="IN">to</w> <w type="DTI">any</w> <w type="PN">one</w> <w type="IN">of</w> <w type="PPO">them</w> <w type="IN">for</w> <w type="AT">an</w> <w type="NN">enlargement</w> <w type="IN">of</w> <w type="PPg">his</w> <w type="NN">freedom</w> <c type="pct">?</c> <c type="pct">?</c> </s>
<s n="110"><w type="PPS">It</w> <w type="BEDZ">was</w> <w type="ABN">all</w> <w type="QL">too</w> <w type="VBG">wearying</w> <c type="pct">.</c> </s>
<s n="111"><w type="VB">Look</w> <w type="RB">somewhere</w> <w type="RB">else</w> <c type="pct">.</c> </s>
<s n="112"><w type="CC">But</w> <w type="WRB">where</w> <c type="pct">?</c> <c type="pct">?</c> </s>
<s n="113"><w type="RB">Just</w> <w type="AT">the</w> <w type="AP">same</w> <c type="pct">,</c> <w type="PPS">he</w> <w type="VBD">thought</w> <c type="pct">,</c> <w type="VBG">pondering</w> <w type="IN">over</w> <w type="PPO">it</w> <c type="pct">,</c> <w type="PPS">it</w> <w type="MD">would</w> <w type="BE">be</w> <w type="AT">a</w> <w type="JJ">good</w> <w type="NN">thing</w> <w type="IN">for</w> <w type="AT">a</w> <w type="NN">girl</w> <w type="CS">like</w> <w type="NP">Carla</w> <w type="CS">if</w> <w type="PPS">she</w> <w type="VBD">got</w> <w type="RP">up</w> <w type="CC">and</w> <w type="VBD">went</w> <w type="IN">to</w> <w type="NN">church</w> <c type="pct">.</c> </s>
</p>
<p><s n="114"><w type="AT">A</w> <w type="ABN">half</w> <w type="NN">hour</w> <w type="RBR">later</w> <w type="PPS">he</w> <w type="VBD">got</w> <w type="PPO">her</w> <w type="RP">up</w> <w type="TO">to</w> <w type="VB">go</w> <w type="RP">out</w> <w type="IN">for</w> <w type="NN">breakfast</w> <w type="CS">so</w> <w type="AT">the</w> <w type="NPS">Ferraros</w> <c type="pct">,</c> <w type="VBG">hearing</w> <w type="PPO">them</w> <w type="VBG">hurrying</w> <w type="IN">down</w> <w type="AT">the</w> <w type="NNS">stairs</w> <c type="pct">,</c> <w type="MD">would</w> <w type="VB">think</w> <w type="PPSS">they</w> <w type="BED">were</w> <w type="VBG">going</w> <w type="IN">to</w> <w type="AT">a</w> <w type="JJ">late</w> <w type="NN">mass</w> <c type="pct">.</c> </s>
<s n="115"><w type="PPS">It</w> <w type="VBD">seemed</w> <w type="IN">to</w> <w type="PPO">him</w> <w type="CS">that</w> <w type="CS">if</w> <w type="AT">the</w> <w type="NPS">Ferraros</w> <w type="VBD">felt</w> <w type="JJ">sure</w> <w type="IN">of</w> <w type="PPO">them</w> <c type="pct">,</c> <w type="MD">could</w> <w type="VB">place</w> <w type="PPO">them</w> <c type="pct">,</c> <w type="PPS">it</w> <w type="MD">would</w> <w type="VB">help</w> <w type="PPO">him</w> <w type="TO">to</w> <w type="VB">feel</w> <w type="QL">more</w> <w type="JJ">sure</w> <w type="IN">of</w> <w type="PPL">himself</w> <w type="IN">with</w> <w type="NP">Carla</w> <c type="pct">.</c> </s>
</p>
<p><s n="116"><c type="pct">``</c> <w type="CS">Since</w> <mw pos="PPSS BER">we're </mw><w type="HVG">having</w> <w type="NN">coffee</w> <w type="IN">with</w> <w type="PPO">them</w> <w type="DT">this</w> <w type="NN">afternoon</w> <c type="pct">''</c> <c type="pct">,</c> <w type="PPS">he</w> <w type="VBD">said</w> <c type="pct">,</c> <c type="pct">``</c> <w type="PPSS">I</w> <w type="VB">think</w> <mw pos="PPSS MD">I'll </mw><w type="VB">ask</w> <w type="AT">the</w> <w type="NN">daughter</w> <w type="CS">if</w> <w type="PPSS">we</w> <w type="MD">can</w> <w type="VB">pay</w> <w type="PPO">her</w> <w type="TO">to</w> <w type="VB">come</w> <w type="RP">in</w> <w type="AT">every</w> <w type="NN">day</w> <w type="TO">to</w> <w type="VB">clean</w> <w type="IN">for</w> <w type="PPO">us</w> <c type="pct">''</c> <c type="pct">.</c> </s>
<s n="117"><w type="CC">And</w> <w type="PPS">he</w> <w type="VBD">waited</w> <w type="IN">for</w> <w type="PPO">her</w> <w type="TO">to</w> <w type="VB">say</w> <c type="pct">,</c> <c type="pct">``</c> <w type="UH">Oh</w> <c type="pct">,</c> <w type="RB">no</w> <c type="pct">,</c> <w type="PPSS">I</w> <w type="MD">can</w> <w type="DO">do</w> <w type="PPO">it</w> <c type="pct">,</c> <w type="NP">Sam</w> <c type="pct">.</c> </s>
<s n="118"><mw pos="EX BEZ">There's </mw><w type="QL">so</w> <w type="AP">little</w> <w type="TO">to</w> <w type="DO">do</w> <c type="pct">''</c> <c type="pct">.</c> </s>
</p>
<p><s n="119"><c type="pct">``</c> <w type="WRB">Why</w> <w type="NEG">not</w> <c type="pct">''</c> <c type="pct">?</c> <c type="pct">?</c> </s>
<s n="120"><w type="PPS">She</w> <w type="VBD">said</w> <c type="pct">.</c> </s>
<s n="121"><c type="pct">``</c> <mw pos="PPSS BEM">I'm </mw><w type="NEG">not</w> <w type="JJ">good</w> <w type="IN">at</w> <w type="DT">that</w> <w type="NN">kind</w> <w type="IN">of</w> <w type="NN">thing</w> <c type="pct">''</c> <c type="pct">.</c> </s>
</p>
<p><s n="122"><c type="pct">``</c> <w type="DT">This</w> <w type="NN">afternoon</w> <mw pos="VB PPO">let's </mw><w type="VB">take</w> <w type="AT">an</w> <w type="NN">air</w> <w type="IN">with</w> <w type="PPO">them</w> <c type="pct">.</c> </s>
<s n="123"><mw pos="VB PPO">Let's </mw><w type="BE">be</w> <w type="JJ">fine</w> <w type="JJ">superior</w> <w type="NNS">people</w> <w type="IN">of</w> <w type="JJ">great</w> <w type="NN">dignity</w> <c type="pct">''</c> <c type="pct">,</c> <w type="PPS">he</w> <w type="VBD">said</w> <w type="CS">as</w> <w type="CS">if</w> <w type="PPS">he</w> <w type="BED">were</w> <w type="VBG">joking</w> <c type="pct">.</c> </s>
</p>
<p><s n="124"><c type="pct">``</c> <w type="CS">If</w> <w type="PPSS">you</w> <w type="NN">find</w> <w type="PPS">it</w> <w type="JJ">necessary</w> <c type="pct">,</c> <w type="NP">Sam</w> <c type="pct">,</c> <w type="VB">go</w> <w type="RB">ahead</w> <c type="pct">''</c> <c type="pct">,</c> <w type="PPS">she</w> <w type="VBD">said</w> <c type="pct">,</c> <w type="VBG">turning</w> <w type="IN">on</w> <w type="AT">the</w> <w type="NN">stair</w> <c type="pct">.</c> </s>
<s n="125"><c type="pct">``</c> <w type="PPSS">I</w> <w type="BEM">am</w> <w type="WDT">what</w> <w type="PPSS">I</w> <w type="BEM">am</w> <c type="pct">.</c> </s>
<s n="126"><w type="PPSS">I</w> <mw pos="MD *">can't </mw><w type="VB">help</w> <w type="PPO">it</w> <c type="pct">''</c> <c type="pct">.</c> </s>
<s n="127"><w type="PPg">Her</w> <w type="NNS">words</w> <w type="VBD">remained</w> <w type="IN">with</w> <w type="PPO">him</w> <c type="pct">,</c> <w type="VBG">worrying</w> <w type="PPO">him</w> <w type="IN">for</w> <w type="NNS">hours</w> <c type="pct">.</c> </s>
<s n="128"><w type="PPS">He</w> <mw pos="DOD *">didn't </mw><w type="VB">know</w> <w type="WRB">how</w> <w type="PPS">she</w> <w type="MD">would</w> <w type="VB">behave</w> <w type="IN">with</w> <w type="AP">other</w> <w type="NNS">people</w> <c type="pct">.</c> </s>
</p>
<p><s n="129"><w type="WRB">When</w> <w type="PPSS">they</w> <w type="VBD">walked</w> <w type="IN">into</w> <w type="AT">the</w> <w type="NP">Ferraro</w> <w type="NN">apartment</w> <c type="pct">,</c> <w type="AT">the</w> <w type="JJ">old</w> <w type="NN">lady</w> <c type="pct">,</c> <w type="VBG">bowing</w> <w type="CC">and</w> <w type="VBG">smiling</w> <c type="pct">,</c> <w type="VBD">said</w> <w type="RB">softly</w> <c type="pct">.</c> </s>
<s n="130"><c type="pct">``</c> <w type="UH" subtype="FW">Ciao</w> <c type="pct">,</c> <c type="pct">''</c> <w type="CC">and</w> <w type="VBD">put</w> <w type="RP">out</w> <w type="PPg">her</w> <w type="NN">hand</w> <c type="pct">.</c> </s>
<s n="131"><w type="PPg">Her</w> <w type="JJ">little</w> <w type="JJ">brown</w> <w type="NN">face</w> <w type="VBD">wrinkled</w> <w type="RP">up</w> <c type="pct">,</c> <w type="PPg">her</w> <w type="JJ">brown</w> <w type="NNS">eyes</w> <w type="VBD">gleamed</w> <c type="pct">,</c> <w type="CC">and</w> <w type="IN">with</w> <w type="PPg">her</w> <w type="JJ">little</w> <w type="NNS">gestures</w> <w type="PPS">she</w> <w type="VBD">said</w> <w type="ABN">all</w> <w type="AT">the</w> <w type="JJ">courteous</w> <w type="NNS">things</w> <c type="pct">.</c> </s>
<s n="132"><w type="NP">Agnese</w> <c type="pct">,</c> <w type="VBG">smiling</w> <w type="RB">too</w> <c type="pct">,</c> <w type="VBD">said</w> <c type="pct">,</c> <c type="pct">``</c> <w type="UH">'ello</w> <c type="pct">''</c> <c type="pct">,</c> <w type="CC">and</w> <w type="RB">then</w> <w type="QL">more</w> <w type="RB">slowly</w> <c type="pct">,</c> <c type="pct">``</c> <w type="PPSS">I</w> <w type="BEM">am</w> <w type="JJ">happy</w> <c type="pct">''</c> <c type="pct">.</c> </s>
<s n="133"><w type="CC">And</w> <w type="PPSS">they</w> <w type="VBD">sat</w> <w type="RP">down</w> <w type="CC">and</w> <w type="VBD">began</w> <w type="PPg">their</w> <w type="JJ">little</w> <w type="NN">coffee</w> <w type="NN">party</w> <c type="pct">.</c> </s>
<s n="134"><w type="AT">The</w> <w type="NPS">Ferraros</w> <w type="VBD">offered</w> <w type="PPO">them</w> <w type="NNS">biscuits</w> <w type="IN">with</w> <w type="AT">the</w> <w type="NN">coffee</w> <c type="pct">.</c> </s>
<s n="135"><w type="VBG">Acting</w> <w type="RB">only</w> <w type="CS">as</w> <w type="NN">interpreter</w> <w type="NP">Carla</w> <c type="pct">,</c> <w type="PPg">her</w> <w type="NNS">hands</w> <w type="VBN">folded</w> <w type="IN">on</w> <w type="PPg">her</w> <w type="NN">lap</w> <c type="pct">,</c> <w type="BEDZ">was</w> <w type="RB">utterly</w> <w type="JJ">impersonal</w> <c type="pct">.</c> </s>
<s n="136"><w type="PPS">She</w> <w type="MD">would</w> <w type="VB">turn</w> <w type="IN">to</w> <w type="PPO">them</w> <c type="pct">,</c> <w type="RB">then</w> <w type="VB">turn</w> <w type="IN">to</w> <w type="PPO">him</w> <c type="pct">,</c> <w type="RB">then</w> <w type="VB">turn</w> <w type="RB">again</w> <c type="pct">.</c> </s>
<s n="137"><w type="VBG">Watching</w> <w type="PPO">her</w> <c type="pct">,</c> <w type="PPS">he</w> <w type="VBD">felt</w> <w type="CS">like</w> <w type="AT">a</w> <w type="NN">spectator</w> <w type="IN">at</w> <w type="AT">a</w> <w type="NN">tennis</w> <w type="NN">game</w> <c type="pct">,</c> <w type="IN">with</w> <w type="AT">the</w> <w type="NN">ball</w> <w type="BEG">being</w> <w type="VBN">bounced</w> <w type="RB">back</w> <w type="CC">and</w> <w type="RB">forth</w> <c type="pct">.</c> </s>
<s n="138"><w type="NP">Signora</w> <w type="NP">Ferraro</w> <c type="pct">,</c> <w type="VBG">bobbing</w> <w type="PPg">her</w> <w type="NN">head</w> <w type="RB">encouragingly</w> <c type="pct">,</c> <w type="VBD">asked</w> <w type="NP">Sam</w> <w type="IN">about</w> <w type="NP">Canada</w> <c type="pct">,</c> <w type="HVG">having</w> <w type="AT">a</w> <w type="JJ">special</w> <w type="NN">interest</w> <c type="pct">.</c> </s>
<s n="139"><w type="NP">Carla</w> <w type="VBD">translated</w> <c type="pct">.</c> </s>
<s n="140"><w type="AT">The</w> <w type="JJ">old</w> <w type="NN">woman</w> <w type="HVD">had</w> <w type="AT">a</w> <w type="NN">nephew</w> <w type="IN">from</w> <w type="JJ" subtype="TL">North</w> <w type="NP" subtype="TL">Italy</w> <c type="pct">,</c> <w type="AT">a</w> <w type="JJ">poor</w> <w type="NN">boy</w> <w type="IN">from</w> <w type="AT">a</w> <w type="NN">lumber</w> <w type="NN">mill</w> <w type="WPS">who</w> <w type="HVD">had</w> <w type="VBN">got</w> <w type="VBN">tired</w> <w type="IN">of</w> <w type="AT">the</w> <w type="JJ">seasonal</w> <w type="NN">unemployment</w> <c type="pct">,</c> <w type="CC">and</w> <w type="WPS">who</w> <w type="HVD">had</w> <w type="VBN">migrated</w> <w type="IN">to</w> <w type="NP">Canada</w> <w type="TO">to</w> <w type="VB">work</w> <w type="IN">on</w> <w type="AT">the</w> <w type="NN">railway</w> <c type="pct">.</c> </s>
<s n="141"><w type="IN">For</w> <w type="AT">a</w> <w type="NN">year</w> <w type="AT">the</w> <w type="NN">boy</w> <w type="HVD">had</w> <w type="VBN">lived</w> <w type="IN">in</w> <w type="AT">the</w> <w type="NN">bush</w> <w type="IN">in</w> <w type="AT">a</w> <w type="NN">boxcar</w> <c type="pct">.</c> </s>
<s n="142"><w type="DOD">Did</w> <w type="AP">many</w> <w type="IN">of</w> <w type="NPg">Sam's</w> <w type="NNS">countrymen</w> <w type="VB">live</w> <w type="IN">in</w> <w type="NNS">boxcars</w> <w type="IN">in</w> <w type="AT">the</w> <w type="NN">bush</w> <c type="pct">?</c> <c type="pct">?</c> </s>
<s n="143"><w type="HVD">Had</w> <w type="NP">Sam</w> <w type="RB">ever</w> <w type="VBN">lived</w> <w type="IN">in</w> <w type="AT">a</w> <w type="NN">boxcar</w> <c type="pct">?</c> <c type="pct">?</c> </s>
<s n="144"><w type="PPS">She</w> <w type="VBD">wanted</w> <w type="TO">to</w> <w type="VB">know</w> <c type="pct">.</c> </s>
<s n="145"><w type="RB">Regretfully</w> <w type="NP">Sam</w> <w type="VBD">explained</w> <w type="CS">that</w> <w type="PPS">he</w> <w type="HVD">had</w> <w type="AT">no</w> <w type="NN">experience</w> <w type="IN">with</w> <w type="NNS">boxcars</w> <c type="pct">.</c> </s>
<s n="146"><w type="RB">Just</w> <w type="AT">the</w> <w type="AP">same</w> <c type="pct">,</c> <w type="AT">the</w> <w type="JJ">old</w> <w type="NN">woman</w> <w type="VBD">said</w> <c type="pct">,</c> <w type="PPS">she</w> <w type="MD">would</w> <w type="VB">write</w> <w type="IN">to</w> <w type="PPg">her</w> <w type="NN">nephew</w> <w type="IN">in</w> <w type="PPg">his</w> <w type="NN">boxcar</w> <w type="CC">and</w> <w type="VB">tell</w> <w type="PPO">him</w> <w type="PPS">she</w> <w type="HVD">had</w> <w type="VBN">met</w> <w type="AT">a</w> <w type="JJ">nice</w> <w type="NN">man</w> <w type="IN">from</w> <w type="PPg">his</w> <w type="VBN">adopted</w> <w type="NN">country</w> <c type="pct">.</c> </s>
<s n="147"><w type="CC">And</w> <w type="NP">Sam</w> <w type="VBD">thanked</w> <w type="PPO">her</w> <c type="pct">,</c> <w type="CC">and</w> <w type="VBD">hoped</w> <w type="PPS">he</w> <w type="MD">might</w> <w type="VB">meet</w> <w type="PPg">her</w> <w type="NN">nephew</w> <w type="RB">back</w> <w type="NR">home</w> <c type="pct">,</c> <w type="CC">and</w> <w type="VBD">asked</w> <w type="PPO">her</w> <w type="CS">if</w> <w type="PPS">she</w> <w type="HVD">had</w> <w type="DTI">any</w> <w type="JJR">further</w> <w type="NN">news</w> <w type="IN">of</w> <w type="AT">the</w> <w type="NN" subtype="TL">Pope</w> <c type="pct">.</c> </s>
</p>
<p><s n="148"><w type="AT">A</w> <w type="QL">very</w> <w type="JJ">great</w> <w type="NN" subtype="TL">Pope</w> <c type="pct">,</c> <w type="DT">this</w> <w type="PN">one</w> <c type="pct">,</c> <w type="AT">the</w> <w type="JJ">old</w> <w type="NN">woman</w> <w type="VBD">explained</w> <c type="pct">,</c> <w type="PPg">her</w> <w type="JJ">black</w> <w type="NNS">eyes</w> <w type="VBG">sparkling</w> <c type="pct">.</c> </s>
<s n="149"><w type="AT">An</w> <w type="NN">intellectual</w> <c type="pct">.</c> </s>
<s n="150"><w type="CC">But</w> <w type="QL">very</w> <w type="JJ">mystical</w> <w type="RB">too</w> <c type="pct">.</c> </s>
<s n="151"><w type="PPS">It</w> <w type="BEDZ">was</w> <w type="VBN">said</w> <w type="CS">that</w> <w type="PPS">he</w> <w type="HVD">had</w> <w type="HVN">had</w> <w type="AT">a</w> <w type="NN">vision</w> <c type="pct">.</c> </s>
<s n="152"><w type="RB">Just</w> <w type="CS">as</w> <w type="NNS">thousands</w> <w type="DT">that</w> <w type="NN">day</w> <w type="IN">in</w> <w type="NP">Portugal</w> <w type="HVD">had</w> <w type="VBN">seen</w> <w type="AT">the</w> <w type="NN">sun</w> <w type="VBG">dancing</w> <w type="IN">in</w> <w type="AT">the</w> <w type="NN">sky</w> <c type="pct">,</c> <w type="PPS">he</w> <w type="HVD">had</w> <w type="VBN">seen</w> <w type="AT">the</w> <w type="AP">same</w> <w type="NN">thing</w> <w type="RBR">later</w> <w type="IN">in</w> <w type="PPg">his</w> <w type="JJ">own</w> <w type="NN">garden</w> <c type="pct">,</c> <w type="CC">and</w> <w type="PPS">she</w> <w type="VBD">turned</w> <w type="IN">to</w> <w type="NP">Agnese</w> <w type="IN">for</w> <w type="NN">confirmation</w> <c type="pct">.</c> </s>
<s n="153"><w type="NP">Agnese</w> <w type="HVD">had</w> <w type="BEN">been</w> <w type="VBG">sitting</w> <w type="RB">quietly</w> <c type="pct">,</c> <w type="VBG">listening</w> <w type="IN">with</w> <w type="AT">the</w> <w type="NN">serenity</w> <w type="IN">of</w> <w type="AT">the</w> <w type="JJ">unaware</w> <c type="pct">.</c> </s>
<s n="154"><w type="RB">Now</w> <w type="AT">a</w> <w type="JJ">little</w> <w type="NN">flush</w> <w type="VBD">came</w> <w type="IN">on</w> <w type="PPg">her</w> <w type="JJ">pale</w> <w type="JJ">homely</w> <w type="NN">face</w> <w type="CC">and</w> <w type="NN">enchantment</w> <w type="IN">in</w> <w type="PPg">her</w> <w type="NNS">eyes</w> <c type="pct">.</c> </s>
<s n="155"><w type="AT">The</w> <w type="JJ" subtype="TL">Holy</w> <w type="NN" subtype="TL">Father</w> <w type="MD">would</w> <w type="VB">die</w> <w type="RB">soon</w> <c type="pct">,</c> <w type="PPS">she</w> <w type="VBD">said</w> <w type="IN">to</w> <w type="NP">Carla</w> <c type="pct">,</c> <w type="CS">so</w> <w type="PPS">she</w> <w type="MD">could</w> <w type="VB">translate</w> <w type="IN">for</w> <w type="NP">Sam</w> <c type="pct">,</c> <w type="CS">although</w> <w type="PPS">he</w> <w type="HVD">had</w> <w type="AT">a</w> <w type="JJ">brilliant</w> <w type="NN">doctor</w> <c type="pct">,</c> <w type="AT">a</w> <w type="NN">man</w> <w type="WPS">who</w> <w type="DOD">did</w> <w type="NEG">not</w> <w type="VB">need</w> <w type="AT">the</w> <w type="NN">assistance</w> <w type="IN">of</w> <w type="DTS">those</w> <w type="NNS">doctors</w> <w type="VBN">offered</w> <w type="IN">by</w> <w type="AT">the</w> <w type="JJ">great</w> <w type="NNS">rulers</w> <w type="IN">of</w> <w type="AT">the</w> <w type="NN">world</w> <c type="pct">.</c> </s>
<s n="156"><w type="RB">Yes</w> <c type="pct">,</c> <w type="AT">the</w> <w type="NN" subtype="TL">Pope</w> <w type="MD">could</w> <w type="VB">die</w> <w type="CC">and</w> <w type="RB">quickly</w> <w type="BE">be</w> <w type="VBN">made</w> <w type="AT">a</w> <w type="NN">saint</w> <c type="pct">.</c> </s>
<s n="157"><w type="RB">No</w> <c type="pct">,</c> <w type="PPS">he</w> <w type="BEDZ">was</w> <w type="RB">indeed</w> <w type="AT">a</w> <w type="NN">saint</w> <w type="RB">now</w> <c type="pct">.</c> </s>
<s n="158"><w type="VBG">Nodding</w> <w type="RB">approvingly</w> <w type="CC">and</w> <w type="VBG">swelling</w> <w type="IN">with</w> <w type="NN">importance</w> <c type="pct">,</c> <w type="AT">the</w> <w type="JJ">old</w> <w type="NN">lady</w> <w type="VBD">whispered</w> <w type="RB">confidentially</w> <c type="pct">.</c> </s>
<s n="159"><w type="EX">There</w> <w type="BEDZ">was</w> <w type="AT">a</w> <w type="JJ">certain</w> <w type="NN">discontent</w> <w type="IN">among</w> <w type="AT">the</w> <w type="NNS">cardinals</w> <c type="pct">.</c> </s>
<s n="160"><w type="AT">The</w> <w type="NN" subtype="TL">Pope</w> <c type="pct">,</c> <w type="IN">in</w> <w type="AT">the</w> <w type="NN">splendor</w> <w type="IN">of</w> <w type="PPg">his</w> <w type="JJ">great</w> <w type="NN">intellect</w> <c type="pct">,</c> <w type="HVD">had</w> <w type="VBN">neglected</w> <w type="PPO">them</w> <w type="AT">a</w> <w type="AP">little</w> <c type="pct">.</c> </s>
<s n="161"><w type="EX">There</w> <w type="MD">would</w> <w type="BE">be</w> <w type="NNS">changes</w> <w type="VBN">made</w> <c type="pct">,</c> <w type="CC">and</w> <w type="NP">Signor</w> <w type="NP">Raymond</w> <w type="MD">should</w> <w type="VB">understand</w> <w type="CS">that</w> <w type="WRB">when</w> <w type="AT">the</w> <w type="NN" subtype="TL">Pope</w> <w type="VBD">died</w> <w type="PPS">it</w> <w type="BEDZ">was</w> <w type="CS">like</w> <w type="AT">the</w> <w type="NN">end</w> <w type="IN">of</w> <w type="AT">a</w> <w type="NN">regime</w> <w type="IN">in</w> <w type="NP">Rome</w> <c type="pct">.</c> </s>
<s n="162"><w type="NNS">Jobs</w> <w type="MD">would</w> <w type="BE">be</w> <w type="VBN">lost</w> <w type="CC">and</w> <w type="JJ">new</w> <w type="NNS">faces</w> <w type="MD">would</w> <w type="VB">become</w> <w type="JJ">prominent</w> <c type="pct">.</c> </s>
</p>
<p><s n="163"><w type="DOD">Did</w> <w type="NP">Signor</w> <w type="NP">Raymond</w> <w type="VB">understand</w> <c type="pct">?</c> <c type="pct">?</c> </s>
<s n="164"><w type="RB">Indeed</w> <w type="PPS">he</w> <w type="DOD">did</w> <c type="pct">,</c> <w type="NP">Sam</w> <w type="VBD">said</w> <w type="RB">solemnly</w> <c type="pct">,</c> <w type="VBG">trying</w> <w type="TO">to</w> <w type="VB">get</w> <w type="NPg">Carla's</w> <w type="NN">eye</w> <c type="pct">.</c> </s>
<s n="165"><w type="RB">Surely</w> <w type="PPS">she</w> <w type="MD">could</w> <w type="VB">see</w> <w type="CS">that</w> <w type="DTS">these</w> <w type="NNS">women</w> <w type="BED">were</w> <w type="PPg">her</w> <w type="NPS">Italians</w> <c type="pct">,</c> <w type="RB">too</w> <c type="pct">,</c> <w type="PPS">he</w> <w type="VBD">thought</w> <c type="pct">.</c> </s>
<s n="166"><w type="JJ">Devout</w> <c type="pct">,</c> <w type="JJ">orthodox</w> <w type="CC">and</w> <w type="JJ">plain</w> <w type="CS">like</w> <w type="AT">a</w> <w type="NN">family</w> <w type="PPS">she</w> <w type="MD">might</w> <w type="VB">meet</w> <w type="IN">in</w> <w type="NP">Brooklyn</w> <w type="CC">or</w> <w type="NP">Malta</w> <w type="CC">or</w> <w type="NP">Ireland</w> <c type="pct">.</c> </s>
<s n="167"><w type="CC">But</w> <w type="NPg">Carla's</w> <w type="NNS">eyes</w> <w type="BED">were</w> <w type="IN">on</w> <w type="NP">Agnese</w> <w type="WPg">whose</w> <w type="VBG">glowing</w> <w type="NN">face</w> <w type="CC">and</w> <w type="VBG">softening</w> <w type="NNS">eyes</w> <w type="VBD">gave</w> <w type="PPO">her</w> <w type="AT">a</w> <w type="NN">look</w> <w type="IN">of</w> <w type="NN">warmth</w> <w type="CC">and</w> <w type="NN">happiness</w> <c type="pct">.</c> </s>
<s n="168"><w type="CC">And</w> <w type="NP">Carla</w> <c type="pct">,</c> <w type="VBG">watching</w> <w type="IN">in</w> <w type="NN">wonder</w> <c type="pct">,</c> <w type="VBD">turned</w> <w type="IN">to</w> <w type="NP">Sam</w> <c type="pct">.</c> </s>
<s n="169"><c type="pct">``</c> <w type="PPS">It</w> <w type="VBZ">means</w> <w type="QL">so</w> <w type="AP">much</w> <w type="IN">to</w> <w type="PPO">her</w> <c type="pct">.</c> </s>
<s n="170"><mw pos="PPS BEZ">It's </mw><w type="CS">like</w> <w type="AT">a</w> <w type="NN">flame</w> <c type="pct">,</c> <w type="PPSS">I</w> <w type="VB">guess</w> <c type="pct">''</c> <c type="pct">,</c> <w type="PPS">she</w> <w type="VBD">said</w> <w type="IN">in</w> <w type="AT">a</w> <w type="JJ">dreamy</w> <w type="NN">tone</w> <c type="pct">.</c> </s>
</p>
<p></p></body></text></TEI>
