<TEI xmlns="http://www.tei-c.org/ns/1.0"><teiHeader><fileDesc><titleStmt><title>Sample P14 from  Livingston Biddle, Jr., Sam Bentley's Island.
 New York: Doubleday &amp; Co., Inc., 1961. Pp. 70-75.
 </title></titleStmt><editionStmt><edition>A part  of the XML version of the Brown Corpus</edition></editionStmt><extent>2,023 words 584 (28.9%) quotes</extent><publicationStmt><idno>P14</idno><availability><p>Used by permission of Livingstone Biddle, Jr. 0010-1750</p></availability></publicationStmt><sourceDesc><bibl> Livingston Biddle, Jr., Sam Bentley's Island.
 New York: Doubleday &amp; Co., Inc., 1961. Pp. 70-75.
 </bibl></sourceDesc></fileDesc><encodingDesc><p>Arbitrary Hyphen: pinch-hit [1580] No Hyphen: cheekbones [0620]</p></encodingDesc><revisionDesc><change when="2008-04-27">Header auto-generated for TEI version</change></revisionDesc></teiHeader>
<text xml:id="P14" decls="P">
<body><p><s n="1"><w type="PPS">She</w> <w type="BEDZ">was</w> <w type="VBG">moving</w> <w type="IN">through</w> <w type="AT">a</w> <w type="NN">screen</w> <w type="IN">of</w> <w type="NNS">hemlocks</w> <c type="pct">,</c> <w type="RP">in</w> <w type="IN">among</w> <w type="AT">the</w> <w type="JJ">white</w> <w type="NN">birch</w> <w type="CC">and</w> <w type="NNS">maples</w> <c type="pct">.</c> </s>
<s n="2"><w type="AT">The</w> <w type="NNS">sounds</w> <w type="IN">from</w> <w type="AT">the</w> <w type="NN">quarry</w> <w type="VBD">began</w> <w type="TO">to</w> <w type="VB">pulse</w> <w type="IN">in</w> <w type="PPg">her</w> <w type="NNS">ears</w> <c type="pct">.</c> </s>
<s n="3"><w type="PPS">She</w> <w type="VBD">stood</w> <c type="pct">,</c> <w type="RB">once</w> <w type="RBR">more</w> <w type="VBG">listening</w> <c type="pct">.</c> </s>
<s n="4"><w type="PPS">She</w> <w type="HVD">had</w> <w type="RB">never</w> <w type="BEN">been</w> <w type="RB">here</w> <w type="IN">at</w> <w type="DT">this</w> <w type="NN">hour</w> <c type="pct">.</c> </s>
<s n="5"><w type="PPS">She</w> <w type="VBD">felt</w> <w type="CS">as</w> <w type="CS">if</w> <w type="DTI">some</w> <w type="JJ">dark</w> <c type="pct">,</c> <w type="RB">totally</w> <w type="JJ">unfamiliar</w> <w type="NN">shape</w> <w type="MD">would</w> <w type="VB">clutch</w> <w type="IN">at</w> <w type="PPg">her</w> <w type="NN">arm</w> <c type="pct">;</c> <c type="pct">;</c> </s>
<s n="6"><w type="CC">but</w> <w type="PPS">she</w> <w type="VBD">found</w> <w type="AT">the</w> <w type="NN">path</w> <w type="PPS">she</w> <w type="RB">always</w> <w type="VBD">used</w> <c type="pct">,</c> <w type="AT">the</w> <w type="NNS">stubs</w> <w type="IN">of</w> <w type="NNS">branches</w> <w type="PPS">she</w> <w type="HVD">had</w> <w type="VBN">broken</w> <c type="pct">,</c> <w type="DTS">those</w> <w type="PPS">she</w> <w type="HVD">had</w> <w type="VBN">pushed</w> <w type="RB">aside</w> <c type="pct">;</c> <c type="pct">;</c> </s>
<s n="7"><w type="CC">and</w> <w type="PPS">she</w> <w type="VBD">walked</w> <w type="RB">easily</w> <w type="RB">now</w> <c type="pct">,</c> <w type="CC">and</w> <w type="QL">more</w> <w type="RB">slowly</w> <c type="pct">,</c> <w type="CS">until</w> <w type="PPS">she</w> <w type="MD">could</w> <w type="VB">see</w> <w type="AT">the</w> <w type="JJ">dark</w> <w type="NN">glisten</w> <w type="IN">of</w> <w type="NN">water</w> <w type="IN">beneath</w> <w type="PPO">her</w> <c type="pct">.</c> </s>
</p>
<p><s n="8"><w type="CS">If</w> <w type="PPSS">I</w> <w type="RB">ever</w> <w type="VBD">committed</w> <w type="NN">suicide</w> <c type="pct">,</c> <w type="PPS">she</w> <w type="VBD">thought</w> <c type="pct">,</c> <w type="PPSS">I</w> <w type="MD">would</w> <w type="VB">dive</w> <w type="RB">straight</w> <w type="RP">down</w> <w type="IN">from</w> <w type="RB">here</w> <c type="pct">--</c> <w type="CC">and</w> <w type="AT">no</w> <w type="PN">one</w> <w type="MD">would</w> <w type="VB">find</w> <w type="PPO">me</w> <w type="IN">for</w> <w type="NNS">days</w> <c type="pct">.</c> </s>
<s n="9"><w type="PPS">She</w> <w type="VBD">smiled</w> <c type="pct">,</c> <w type="CC">and</w> <w type="RB">expertly</w> <w type="VBD">let</w> <w type="PPL">herself</w> <w type="RB">downward</w> <c type="pct">,</c> <w type="VBG">holding</w> <w type="DT">this</w> <w type="VBN">known</w> <w type="NN">root</w> <w type="CC">or</w> <w type="DT">that</w> <c type="pct">,</c> <w type="PPg">her</w> <w type="NNS">sneakers</w> <w type="VBG">sliding</w> <w type="IN">in</w> <w type="AT">the</w> <w type="NNS">leaves</w> <c type="pct">.</c> </s>
</p>
<p><s n="10"><w type="PPS">She</w> <w type="VBD">jumped</w> <w type="RP">out</w> <w type="IN">onto</w> <w type="AT">the</w> <w type="JJ">flat</w> <w type="NN">expanse</w> <w type="IN">of</w> <w type="NN">rock</w> <w type="CC">and</w> <c type="pct">,</c> <w type="VBG">seating</w> <w type="PPL">herself</w> <c type="pct">,</c> <w type="VBD">shook</w> <w type="PPO">her</w> <w type="JJ">short-cut</w> <w type="JJ">brown</w> <w type="NN">hair</w> <w type="CC">and</w> <w type="VBD">tilted</w> <w type="PPg">her</w> <w type="NN">chin</w> <w type="QL">far</w> <w type="RB">upward</w> <c type="pct">.</c> </s>
<s n="11"><w type="AT">The</w> <w type="JJ">reedy</w> <w type="NN">music</w> <w type="IN">of</w> <w type="AT">the</w> <w type="NNS">frogs</w> <w type="HVD">had</w> <w type="VBN">faded</w> <c type="pct">,</c> <w type="CC">but</w> <w type="RB">presently</w> <w type="PPS">it</w> <w type="VBD">began</w> <w type="RB">again</w> <c type="pct">,</c> <w type="VBG">growing</w> <w type="IN">in</w> <w type="NN">volume</w> <w type="CS">until</w> <w type="PPS">it</w> <w type="BEDZ">was</w> <w type="JJ">vibrant</w> <c type="pct">.</c> </s>
<s n="12"><w type="NP">Julia</w> <w type="VBD">felt</w> <w type="IN">at</w> <w type="NN">peace</w> <w type="CC">and</w> <w type="VBD">drew</w> <w type="PPO">her</w> <w type="NNS">legs</w> <w type="RP">up</w> <w type="CC">and</w> <w type="VBD">clasped</w> <w type="PPg">her</w> <w type="NNS">hands</w> <w type="RB">tightly</w> <w type="IN">around</w> <w type="AT">the</w> <w type="VBN">bent</w> <w type="NNS">knees</w> <c type="pct">.</c> </s>
<s n="13"><w type="PPS">She</w> <w type="HVD">had</w> <w type="VBN">accomplished</w> <w type="AT">a</w> <w type="NN">miracle</w> <c type="pct">.</c> </s>
<s n="14"><w type="DT">This</w> <w type="BEDZ">was</w> <w type="PPg">her</w> <w type="NN">place</w> <c type="pct">.</c> </s>
<s n="15"><w type="AT">The</w> <w type="NN">hour</w> <mw pos="MD *">couldn't </mw><w type="VB">change</w> <w type="PPO">it</w> <c type="pct">.</c> </s>
<s n="16"><w type="RB">Only</w> <c type="pct">--</c> <w type="RB">only</w> <c type="pct">--</c> <w type="PPg">her</w> <w type="NNS">thoughts</w> <w type="BED">were</w> <w type="AT">a</w> <w type="QL">little</w> <w type="JJ">strange</w> <c type="pct">.</c> </s>
<s n="17"><w type="PPSS">They</w> <w type="BED">were</w> <w type="VBG">becoming</w> <w type="VBN">confused</w> <c type="pct">.</c> </s>
<s n="18"><w type="RB">Perhaps</w> <w type="PPS">it</w> <w type="BEDZ">was</w> <w type="CS">because</w> <w type="PPS">it</w> <w type="BEDZ">was</w> <w type="QL">so</w> <w type="JJ">late</w> <c type="pct">,</c> <w type="CC">and</w> <w type="CS">because</w> <w type="PPS">she</w> <w type="HVD">had</w> <w type="AT">no</w> <w type="NN">business</w> <w type="TO">to</w> <w type="BE">be</w> <w type="RB">here</w> <w type="RB">now</w> <c type="pct">.</c> </s>
</p>
<p><s n="19"><w type="PPS">She</w> <w type="BEDZ">was</w> <w type="VBG">thinking</w> <w type="IN">of</w> <w type="NP">Paul</w> <w type="AT">a</w> <w type="AP">few</w> <w type="NNS">weeks</w> <w type="RB">ago</w> <c type="pct">,</c> <w type="IN">in</w> <w type="AT">the</w> <w type="NP">Easter</w> <w type="NNS">holidays</w> <c type="pct">,</c> <w type="IN">with</w> <w type="PPO">her</w> <w type="IN">at</w> <w type="CD">one</w> <w type="IN">of</w> <w type="DTS">those</w> <w type="JJ">awful</w> <w type="NR" subtype="TL">Friday</w> <w type="NN" subtype="TL">Evening</w> <w type="VBG" subtype="TL">Dancing</w> <w type="NN" subtype="TL">Class</w> <w type="NNS">parties</w> <w type="PPg">her</w> <w type="NN">mother</w> <w type="HVD">had</w> <w type="VBN">made</w> <w type="PPg">her</w> <w type="VB">attend</w> <c type="pct">.</c> </s>
<s n="20"><c type="pct">``</c> <w type="UH">Hello</w> <c type="pct">,</c> <w type="NP">Julie</w> <c type="pct">,</c> <w type="WRB">how</w> <w type="BER">are</w> <w type="PPO">you</w> <c type="pct">''</c> <c type="pct">?</c> <c type="pct">?</c> </s>
<s n="21"><w type="CC">And</w> <w type="RB">then</w> <w type="RP">off</w> <w type="PPS">he</w> <w type="VBD">went</w> <w type="QL">so</w> <w type="RB">casually</w> <c type="pct">,</c> <w type="IN">to</w> <w type="PN">someone</w> <w type="RB">else</w> <w type="IN">with</w> <w type="NNS">breasts</w> <w type="VB">better</w> <w type="VBN">developed</w> <c type="pct">,</c> <w type="QL">more</w> <w type="JJ">obvious</w> <w type="IN">in</w> <w type="AT">a</w> <w type="JJR">lower-cut</w> <w type="NN">dress</w> <c type="pct">,</c> <w type="PN">someone</w> <w type="IN">without</w> <w type="AT">a</w> <w type="NN">mouthful</w> <w type="IN">of</w> <w type="NN">wire</w> <w type="NNS">bands</w> <w type="CC">and</w> <w type="AT">an</w> <w type="NN">inability</w> <w type="TO">to</w> <w type="VB">find</w> <w type="NNS">words</w> <w type="WPS">that</w> <w type="MD">would</w> <w type="VB">hold</w> <w type="PPO">him</w> <c type="pct">.</c> </s>
<s n="22"><w type="PPSS">I</w> <w type="VB">wish</w> <w type="PPS">he</w> <w type="BEDZ">was</w> <w type="IN">with</w> <w type="PPO">me</w> <w type="RB">now</w> <c type="pct">,</c> <w type="PPS">she</w> <w type="VBD">thought</w> <c type="pct">,</c> <w type="CC">and</w> <w type="CS">that</w> <w type="PPSS">we</w> <w type="BED">were</w> <w type="ABX">both</w> <w type="AT">the</w> <w type="NNS">ages</w> <w type="PPSS">we</w> <w type="BER">are</w> <w type="CC">and</w> <w type="VBG">doing</w> <w type="WDT">what</w> <w type="BEDZ">was</w> <w type="RB">once</w> <w type="RB">only</w> <w type="NN">pretense</w> <w type="CC">and</w> <w type="JJ">acute</w> <w type="NN">embarrassment</w> <c type="pct">.</c> </s>
<s n="23"><w type="UH">Oh</w> <w type="NP">God</w> <c type="pct">!</c> <c type="pct">!</c> </s>
<s n="24"><w type="PPSS">I</w> <w type="VB">wish</w> <w type="PPSS">I</w> <w type="BED">were</w> <w type="JJR">older</w> <w type="CC">or</w> <w type="JJR">younger</w> <c type="pct">,</c> <w type="NP">Julia</w> <w type="NP">Bentley</w> <w type="VBD">thought</w> <c type="pct">.</c> </s>
<s n="25"><w type="PPSS">I</w> <w type="VB">wish</w> <w type="QL">so</w> <w type="RB">much</w> <w type="PN">someone</w> <w type="VBD">loved</w> <w type="PPO">me</w> <c type="pct">.</c> </s>
</p>
<p><s n="26"><w type="NP">George</w> <w type="NP">Rawlings</w> <w type="VBD">remembered</w> <w type="VBG">seeing</w> <w type="AT">the</w> <w type="NN">door</w> <w type="JJ">open</w> <w type="RB">sometime</w> <w type="IN">during</w> <w type="AT">the</w> <w type="NN">night</w> <c type="pct">--</c> <w type="NP">Millie</w> <c type="pct">,</c> <w type="IN">in</w> <w type="AT">a</w> <w type="JJ">white</w> <w type="NN">robe</w> <c type="pct">,</c> <w type="VBG">standing</w> <w type="CS">like</w> <w type="AT">a</w> <w type="NN">ghost</w> <w type="IN">at</w> <w type="AT">the</w> <w type="NN">threshold</w> <c type="pct">.</c> </s>
<s n="27"><w type="PPS">She</w> <w type="HVD">had</w> <w type="VBN">vanished</w> <c type="pct">;</c> <c type="pct">;</c> </s>
<s n="28"><w type="PPS">he</w> <w type="MD">must</w> <w type="HV">have</w> <w type="VBN">slept</w> <w type="RB">again</w> <c type="pct">.</c> </s>
<s n="29"><w type="PPS">He</w> <w type="BEDZ">was</w> <w type="VBG">staring</w> <w type="IN">at</w> <w type="AT">the</w> <w type="JJ">blue</w> <w type="NN">china</w> <w type="NN">lamp</w> <w type="VBN">left</w> <w type="RP">on</w> <w type="IN">beside</w> <w type="PPO">him</w> <c type="pct">.</c> </s>
<s n="30"><w type="PPS">It</w> <w type="VBD">seemed</w> <w type="QL">too</w> <w type="AP">much</w> <w type="NN">trouble</w> <w type="RB">even</w> <w type="TO">to</w> <w type="VB">reach</w> <w type="IN">for</w> <w type="AT">the</w> <w type="NN">switch</w> <c type="pct">;</c> <c type="pct">;</c> </s>
<s n="31"><w type="CC">but</w> <w type="IN">of</w> <w type="NN">course</w> <w type="AT">the</w> <w type="JJ">impossible</w> <w type="NN">effort</w> <w type="IN">of</w> <w type="VBG">leaving</w> <w type="MD">would</w> <w type="HV">have</w> <w type="TO">to</w> <w type="BE">be</w> <w type="VBN">made</w> <w type="IN">on</w> <w type="DT">this</w> <w type="NR">Monday</w> <w type="NN">morning</w> <c type="pct">.</c> </s>
<s n="32"><w type="DT">This</w> <w type="NN">room</w> <w type="BEDZ">was</w> <w type="CS">like</w> <w type="AT">a</w> <w type="NN">prison</w> <c type="pct">.</c> </s>
<s n="33"><w type="PPS">He</w> <w type="MD">would</w> <w type="NEG">not</w> <w type="BE">be</w> <w type="JJ">indebted</w> <w type="IN">to</w> <w type="NP">Sam</w> <c type="pct">!</c> <c type="pct">!</c> </s>
<s n="34"><w type="IN">Below</w> <w type="PPO">him</w> <c type="pct">,</c> <w type="CS">as</w> <w type="CS">if</w> <w type="IN">at</w> <w type="AT">the</w> <w type="NN">end</w> <w type="IN">of</w> <w type="DTI">some</w> <w type="JJ">remote</w> <w type="NN">tunnel</w> <c type="pct">,</c> <w type="PPS">he</w> <w type="VBD">heard</w> <w type="AT">the</w> <w type="NN">humming</w> <w type="IN">of</w> <w type="AT">a</w> <w type="NN">vacuum</w> <w type="NN">cleaner</w> <c type="pct">.</c> </s>
<s n="35"><w type="PPg">His</w> <w type="NNS">fingers</w> <w type="VBD">fumbled</w> <w type="IN">across</w> <w type="AT">the</w> <w type="NNS">bandages</w> <c type="pct">.</c> </s>
<s n="36"><w type="PPSS">They</w> <w type="HVD">had</w> <w type="VBN">left</w> <w type="ABX">both</w> <w type="IN">of</w> <w type="PPg">his</w> <w type="NNS">eyes</w> <w type="VBN">uncovered</w> <c type="pct">.</c> </s>
<s n="37"><w type="UH">Well</w> <c type="pct">,</c> <w type="PPS">he</w> <w type="VBD">told</w> <w type="PPL">himself</w> <c type="pct">,</c> <mw pos="VB PPO">let's </mw><w type="VB">put</w> <w type="AT">the</w> <w type="NN">show</w> <w type="IN">on</w> <w type="AT">the</w> <w type="NN">road</w> <c type="pct">.</c> </s>
</p>
<p><s n="38"><w type="PPS">He</w> <w type="BEDZ">was</w> <w type="VBG">walking</w> <w type="IN">across</w> <w type="IN">to</w> <w type="AT">the</w> <w type="NN">bathroom</w> <c type="pct">.</c> </s>
<s n="39"><w type="PPS">He</w> <w type="VBD">drank</w> <w type="AT">a</w> <w type="NN">glass</w> <w type="IN">of</w> <w type="NN">water</w> <w type="CC">and</w> <w type="VBD">gripped</w> <w type="AT">the</w> <w type="NN">sink</w> <w type="IN">with</w> <w type="ABX">both</w> <w type="NNS">hands</w> <c type="pct">.</c> </s>
<s n="40"><w type="AT">A</w> <w type="JJ">fearful</w> <w type="NN">pain</w> <w type="HVD">had</w> <w type="VBN">come</w> <w type="IN">from</w> <w type="PPg">his</w> <w type="NN">head</w> <c type="pct">,</c> <w type="CS">as</w> <w type="CS">if</w> <w type="AT">the</w> <w type="NN">water</w> <w type="BED">were</w> <w type="VBG">coursing</w> <w type="RP">up</w> <w type="IN">through</w> <w type="AT">the</w> <w type="NN">blood</w> <w type="NNS">vessels</w> <w type="CC">and</w> <w type="VBG">expanding</w> <w type="PPO">them</w> <c type="pct">.</c> </s>
<s n="41"><w type="PPS">He</w> <w type="VBD">recognized</w> <w type="PPg">his</w> <w type="NN">jacket</w> <w type="CC">and</w> <w type="NNS">trousers</w> <c type="pct">.</c> </s>
<s n="42"><w type="AT">The</w> <w type="NN">fabric</w> <w type="BEDZ">was</w> <w type="JJ">dark</w> <c type="pct">;</c> <c type="pct">;</c> </s>
<s n="43"><w type="AT">the</w> <w type="NNS">stains</w> <mw pos="BED *">weren't </mw><w type="QL">too</w> <w type="JJ">apparent</w> <c type="pct">;</c> <c type="pct">;</c> </s>
<s n="44"><w type="CC">and</w> <w type="EX">there</w> <w type="BED">were</w> <w type="PPg">his</w> <w type="NNS">shoes</w> <c type="pct">,</c> <w type="VB">thank</w> <w type="NP">God</w> <c type="pct">,</c> <w type="CC">but</w> <w type="PPg">his</w> <w type="NN">shirt</w> <w type="BEDZ">was</w> <w type="CD">one</w> <w type="JJ">terrible</w> <w type="NN">mess</w> <c type="pct">.</c> </s>
</p>
<p><s n="45"><w type="PPS">He</w> <w type="VBD">shivered</w> <c type="pct">,</c> <w type="CC">and</w> <w type="RB">then</w> <w type="VBD">tore</w> <w type="RB">away</w> <w type="AT">the</w> <w type="JJ">blood-soaked</w> <w type="NNS">parts</w> <w type="CC">and</w> <w type="VBD">wound</w> <w type="AT">the</w> <w type="NN">rest</w> <w type="IN">around</w> <w type="PPg">his</w> <w type="NN">neck</w> <w type="CS">like</w> <w type="AT">a</w> <w type="NN">scarf</w> <c type="pct">.</c> </s>
<s n="46"><w type="NP">Sam</w> <w type="MD">would</w> <w type="BE">be</w> <w type="VBN">amazed</w> <w type="TO">to</w> <w type="VB">find</w> <w type="PPO">him</w> <w type="VBN">gone</w> <c type="pct">.</c> </s>
<s n="47"><w type="NP">Millie</w> <w type="MD">would</w> <w type="HV">have</w> <w type="TO">to</w> <w type="VB">understand</w> <c type="pct">.</c> </s>
<s n="48"><w type="PPS">She</w> <w type="MD">must</w> <w type="HV">have</w> <w type="VBN">put</w> <w type="PPg">his</w> <w type="NNS">clothes</w> <w type="IN">in</w> <w type="AT">the</w> <w type="NN">closet</w> <c type="pct">.</c> </s>
<s n="49"><w type="PPS">He</w> <w type="VBD">found</w> <w type="AT">a</w> <w type="NN">lump</w> <w type="VBG">rising</w> <w type="IN">in</w> <w type="PPg">his</w> <w type="NN">throat</w> <w type="RB">because</w> <w type="IN">of</w> <w type="DT">that</w> <w type="CD">one</w> <w type="JJ">simple</w> <w type="NN">act</w> <w type="IN">of</w> <w type="NN">tidiness</w> <c type="pct">.</c> </s>
<s n="50"><w type="PPS">He</w> <w type="BEDZ">was</w> <w type="IN">on</w> <w type="AT">the</w> <w type="NN">verge</w> <w type="IN">of</w> <w type="NNS">tears</w> <c type="pct">.</c> </s>
<s n="51"><w type="NP">Alex</w> <w type="NP">Poldowski</w> <c type="pct">--</c> <w type="IN">in</w> <w type="AT">a</w> <w type="NN">fashion</w> <w type="PPS">he</w> <w type="VBD">owed</w> <w type="AT">a</w> <w type="NN">debt</w> <w type="IN">to</w> <w type="DT">that</w> <w type="JJ">effete</w> <w type="NN">gentleman</w> <c type="pct">.</c> </s>
<s n="52"><w type="IN">At</w> <w type="AP">least</w> <w type="NP">Alex</w> <w type="HVD">had</w> <w type="VBN">told</w> <w type="PPO">him</w> <w type="PPS">he</w> <mw pos="BEDZ *">wasn't </mw><w type="VBG">dying</w> <c type="pct">.</c> </s>
<s n="53"><w type="RB">Perhaps</w> <w type="NP">George</w> <w type="NP">Rawlings</w> <w type="MD">would</w> <w type="BE">be</w> <w type="RBR">better</w> <w type="RP">off</w> <w type="JJ">dead</w> <c type="pct">.</c> </s>
</p>
<p><s n="54"><w type="WDT">What</w> <w type="NN">time</w> <w type="BEDZ">was</w> <w type="PPS">it</w> <c type="pct">?</c> <c type="pct">?</c> </s>
<s n="55"><w type="PPS">He</w> <w type="VBD">peered</w> <w type="IN">at</w> <w type="PPg">his</w> <w type="NN">wristwatch</w> <c type="pct">.</c> </s>
<s n="56"><w type="JJ">Strange</w> <c type="pct">,</c> <w type="PPS">it</w> <w type="BEDZ">was</w> <w type="RB">still</w> <w type="VBG">running</w> <c type="pct">.</c> </s>
<s n="57"><w type="AT">A</w> <w type="NN">quarter</w> <w type="IN">to</w> <w type="CD">seven</w> <c type="pct">.</c> </s>
<s n="58"><w type="QL">Too</w> <w type="RB">early</w> <w type="IN">for</w> <w type="AT">a</w> <w type="NN">vacuum</w> <w type="NN">cleaner</w> <c type="pct">,</c> <w type="CC">but</w> <w type="RB">probably</w> <w type="NP">Sam</w> <w type="VBD">wanted</w> <w type="AT">the</w> <w type="JJ">whole</w> <w type="NN">house</w> <w type="IN">in</w> <w type="NN">order</w> <w type="CS">before</w> <w type="PPS">he</w> <w type="VBD">came</w> <w type="RB">downstairs</w> <c type="pct">.</c> </s>
<s n="59"><w type="PPS">He</w> <w type="BEDZ">was</w> <w type="VBG">kneeling</w> <w type="TO">to</w> <w type="VB">tie</w> <w type="PPg">his</w> <w type="NNS">shoelaces</w> <c type="pct">.</c> </s>
<s n="60"><w type="PPg">His</w> <w type="NNS">fingers</w> <w type="VBD">felt</w> <w type="RB">absurdly</w> <w type="JJ">thick</w> <w type="CC">and</w> <w type="JJ">clumsy</w> <c type="pct">.</c> </s>
<s n="61"><w type="PPS">He</w> <w type="VBD">rose</w> <w type="RB">slowly</w> <w type="CC">and</w> <w type="VBD">looked</w> <w type="IN">into</w> <w type="AT">the</w> <w type="NN">mirror</w> <w type="IN">on</w> <w type="AT">the</w> <w type="NN">inside</w> <w type="IN">of</w> <w type="AT">the</w> <w type="NN">closet</w> <w type="NN">door</w> <c type="pct">.</c> </s>
<s n="62"><w type="PPS">He</w> <w type="RB">barely</w> <w type="VBD">knew</w> <w type="PPL">himself</w> <c type="pct">.</c> </s>
<s n="63"><w type="DT">This</w> <w type="BEDZ">was</w> <w type="DTI">some</w> <w type="NN">freak</w> <c type="pct">,</c> <w type="CD">two</w> <w type="NNS">strands</w> <w type="IN">of</w> <w type="JJ">adhesive</w> <w type="NN">tape</w> <w type="IN">across</w> <w type="PPg">his</w> <w type="NN">nose</w> <c type="pct">,</c> <w type="CS">like</w> <w type="JJ">ugly</w> <w type="NNS">roots</w> <w type="IN">from</w> <w type="AT">the</w> <w type="NN">mass</w> <w type="IN">of</w> <w type="NN">gauze</w> <c type="pct">,</c> <w type="RB">suddenly</w> <w type="JJ">moist</w> <w type="IN">over</w> <w type="PPg">his</w> <w type="NNS">cheekbones</w> <c type="pct">.</c> </s>
<s n="64"><w type="AT">The</w> <w type="NN">surface</w> <c type="pct">,</c> <w type="WRB">however</w> <c type="pct">,</c> <w type="BEDZ">was</w> <w type="QL">perfectly</w> <w type="JJ">white</w> <c type="pct">.</c> </s>
</p>
<p><s n="65"><w type="PPS">He</w> <w type="BEDZ">was</w> <w type="VBG">drinking</w> <w type="DT">another</w> <w type="NN">glass</w> <w type="IN">of</w> <w type="NN">water</w> <c type="pct">.</c> </s>
<s n="66"><w type="PPS">It</w> <w type="BEDZ">was</w> <w type="IN">after</w> <w type="CD">seven</w> <w type="RB">o'clock</w> <c type="pct">.</c> </s>
<s n="67"><w type="PPS">He</w> <w type="BEDZ">was</w> <w type="VBN">supposed</w> <w type="TO">to</w> <w type="BE">be</w> <w type="IN">in</w> <w type="NN">court</w> <w type="DT">this</w> <w type="NN">afternoon</w> <c type="pct">,</c> <w type="IN">at</w> <w type="NN" subtype="TL">City</w> <w type="NN" subtype="TL">Hall</w> <c type="pct">.</c> </s>
<s n="68"><w type="WPS">Who</w> <w type="MD">would</w> <w type="VB">take</w> <w type="RP">over</w> <c type="pct">?</c> <c type="pct">?</c> </s>
<s n="69"><mw pos="PPS MD">He'd </mw><w type="HV">have</w> <w type="TO">to</w> <w type="VB">think</w> <c type="pct">,</c> <w type="CC">but</w> <w type="AT">the</w> <w type="JJS">main</w> <w type="NN">thing</w> <c type="pct">,</c> <w type="AT">the</w> <w type="JJ">imperative</w> <w type="NN">necessity</w> <c type="pct">,</c> <w type="BEDZ">was</w> <w type="TO">to</w> <w type="VB">leave</w> <w type="CS">before</w> <w type="NP">Sam</w> <w type="NP">Bentley</w> <w type="BEDZ">was</w> <w type="RP">up</w> <w type="CC">and</w> <w type="RB">about</w> <c type="pct">,</c> <w type="CC">and</w> <w type="CS">before</w> <w type="NP">Millie</w> <w type="VBD">detained</w> <w type="PPO">him</w> <w type="IN">with</w> <w type="NN">sympathy</w> <c type="pct">.</c> </s>
</p>
<p><s n="70"><w type="PPS">He</w> <w type="VBD">entered</w> <w type="AT">the</w> <w type="NN">hallway</w> <c type="pct">.</c> </s>
<s n="71"><w type="PPS">He</w> <w type="BEDZ">was</w> <w type="RB">actually</w> <w type="VBG">walking</w> <w type="IN">down</w> <w type="AT">the</w> <w type="NNS">stairs</w> <c type="pct">.</c> </s>
<s n="72"><w type="AT">A</w> <w type="NN">plane</w> <w type="RP">up</w> <w type="IN">in</w> <w type="AT">the</w> <w type="NN">sky</w> <c type="pct">,</c> <w type="IN">above</w> <w type="AT">the</w> <w type="NNS">clouds</w> <c type="pct">,</c> <w type="CC">and</w> <w type="DT">this</w> <w type="JJ">freakish</w> <w type="NN">wreck</w> <w type="IN">of</w> <w type="AT">a</w> <w type="NN">man</w> <w type="RB">desperately</w> <w type="VBG">trying</w> <w type="TO">to</w> <w type="VB">get</w> <w type="RB">away</w> <c type="pct">.</c> </s>
</p>
<p><s n="73"><c type="pct">``</c> <w type="NN">Father</w> <c type="pct">,</c> <w type="BEZ">is</w> <w type="DT">that</w> <w type="PPSS">you</w> <c type="pct">''</c> <c type="pct">?</c> <c type="pct">?</c> </s>
<s n="74"><w type="AT">The</w> <w type="NN">voice</w> <w type="VBD">issued</w> <w type="IN">from</w> <w type="AT">the</w> <w type="NN">cavern</w> <w type="IN">of</w> <w type="AT">the</w> <w type="NN">hall</w> <w type="RB">below</w> <c type="pct">.</c> </s>
<s n="75"><w type="NP">George</w> <w type="DOD">did</w> <w type="NEG">not</w> <w type="VB">reply</w> <c type="pct">.</c> </s>
<s n="76"><c type="pct">``</c> <w type="BEZ">Is</w> <w type="DT">that</w> <w type="PPSS">you</w> <c type="pct">,</c> <w type="NN">Father</w> <c type="pct">?</c> <c type="pct">?</c> </s>
<s n="77"><mw pos="WPS BEZ">Who's </mw><w type="RB">there</w> <c type="pct">''</c> <c type="pct">?</c> <c type="pct">?</c> </s>
</p>
<p><s n="78"><w type="IN">For</w> <w type="AT">a</w> <w type="NN">moment</w> <w type="PPS">he</w> <w type="VBD">felt</w> <w type="IN">like</w> <w type="AT">a</w> <w type="NN">thief</w> <w type="VBN">discovered</w> <c type="pct">.</c> </s>
<s n="79"><w type="RB">Then</w> <w type="NP">Julia</w> <w type="VBD">appeared</w> <w type="IN">under</w> <w type="AT">the</w> <w type="NN">arch</w> <w type="VBG">leading</w> <w type="IN">to</w> <w type="AT">the</w> <w type="VBG">dining</w> <w type="NN">room</w> <c type="pct">.</c> </s>
<s n="80"><w type="PPS">She</w> <w type="VBD">stood</w> <w type="VBG">gazing</w> <w type="IN">at</w> <w type="PPO">him</w> <c type="pct">.</c> </s>
</p>
<p><s n="81"><c type="pct">``</c> <w type="NN" subtype="TL">Uncle</w> <w type="NP">George</w> <c type="pct">''</c> <c type="pct">!</c> <c type="pct">!</c> </s>
</p>
<p><s n="82"><w type="PPS">He</w> <w type="BEDZ">was</w> <w type="VBG">trying</w> <w type="TO">to</w> <w type="VB">smile</w> <w type="IN">at</w> <w type="PPO">her</w> <c type="pct">.</c> </s>
</p>
<p><s n="83"><c type="pct">``</c> <w type="UH">Gosh</w> <c type="pct">!</c> <c type="pct">!</c> </s>
<s n="84"><w type="PPSS">You</w> <mw pos="MD *">shouldn't </mw><w type="BE">be</w> <w type="RP">up</w> <c type="pct">,</c> <w type="MD">should</w> <w type="PPSS">you</w> <c type="pct">''</c> <c type="pct">?</c> <c type="pct">?</c> </s>
</p>
<p><s n="85"><c type="pct">``</c> <w type="PPSS">I</w> <c type="pct">--</c> <w type="PPSS">I</w> <w type="BEDZ">was</w> <w type="RB">just</w> <w type="VBG">leaving</w> <w type="RB">here</w> <c type="pct">,</c> <w type="NP">Julie</w> <c type="pct">.</c> </s>
<s n="86"><mw pos="PPSS BEM">I'm </mw><w type="QL">all</w> <w type="VBN">set</w> <c type="pct">.</c> </s>
<s n="87"><w type="RB">Just</w> <w type="RB">about</w> <w type="TO">to</w> <w type="VB">call</w> <w type="AT">a</w> <w type="NN">taxi</w> <c type="pct">''</c> <c type="pct">.</c> </s>
</p>
<p><s n="88"><w type="PPS">She</w> <w type="BEDZ">was</w> <w type="VBG">wearing</w> <w type="DTI">some</w> <w type="NN">sort</w> <w type="IN">of</w> <w type="JJ">gray</w> <w type="NN">blazer</w> <c type="pct">.</c> </s>
<s n="89"><w type="PPS">She</w> <w type="VBD">seemed</w> <w type="QL">overly</w> <w type="JJ">tall</w> <c type="pct">,</c> <w type="PPg">her</w> <w type="NN">brow</w> <w type="VBN">knitted</w> <w type="IN">in</w> <w type="NN">concern</w> <c type="pct">.</c> </s>
<s n="90"><c type="pct">``</c> <w type="UH">Well</w> <c type="pct">,</c> <w type="IN">at</w> <w type="AP">least</w> <w type="PPSS">you</w> <mw pos="MD *">won't </mw><w type="HV">have</w> <w type="TO">to</w> <w type="DO">do</w> <w type="DT">that</w> <c type="pct">''</c> <c type="pct">,</c> <w type="PPS">she</w> <w type="BEDZ">was</w> <w type="VBG">saying</w> <c type="pct">.</c> </s>
<s n="91"><c type="pct">``</c> <mw pos="PPSS BEM">I'm </mw><w type="RB">about</w> <w type="TO">to</w> <w type="VB">leave</w> <w type="PPL">myself</w> <c type="pct">.</c> </s>
<s n="92"><mw pos="PPSS MD">I'll </mw><w type="VB">drop</w> <w type="PPO">you</w> <w type="RP">off</w> <c type="pct">''</c> <c type="pct">.</c> </s>
</p>
<p><s n="93"><c type="pct">``</c> <mw pos="PPSS BER">You're </mw><w type="VBG">leaving</w> <c type="pct">''</c> <c type="pct">?</c> <c type="pct">?</c> </s>
</p>
<p><s n="94"><c type="pct">``</c> <mw pos="PPSS BEM">I'm </mw><w type="VBG">going</w> <w type="RB">back</w> <w type="IN">to</w> <w type="NN">school</w> <c type="pct">''</c> <c type="pct">,</c> <w type="PPS">she</w> <w type="VBD">answered</w> <c type="pct">.</c> </s>
<s n="95"><c type="pct">``</c> <mw pos="NP BEZ">Pietro's </mw><w type="VBG">driving</w> <w type="PPO">me</w> <c type="pct">.</c> </s>
<s n="96"><mw pos="PPSS BEM">I'm </mw><w type="RB">just</w> <w type="VBG">finishing</w> <w type="NN">breakfast</w> <c type="pct">.</c> </s>
<s n="97"><w type="CC">But</w> <w type="HV">have</w> <w type="PPSS">you</w> <w type="VBN">told</w> <w type="NN" subtype="TL">Mother</w> <w type="PPSS">you</w> <w type="BED">were</w> <w type="VBG">going</w> <c type="pct">''</c> <c type="pct">?</c> <c type="pct">?</c> </s>
<s n="98"><w type="PPS">She</w> <w type="VBD">asked</w> <w type="PPO">him</w> <c type="pct">.</c> </s>
</p>
<p><s n="99"><c type="pct">``</c> <w type="RB">No</w> <c type="pct">.</c> </s>
<s n="100"><w type="PPSS">I</w> <w type="RB">just</w> <mw pos="DO *">don't </mw><w type="VB">want</w> <w type="PN">anyone</w> <w type="VBN">disturbed</w> <c type="pct">,</c> <w type="NP">Julie</w> <c type="pct">.</c> </s>
<s n="101"><mw pos="DT BEZ">That's </mw><w type="PPg">my</w> <w type="NN">wish</w> <c type="pct">.</c> </s>
<s n="102"><mw pos="PPS BEZ">It's </mw><w type="ABL">quite</w> <w type="AT">a</w> <w type="JJ">big</w> <w type="PN">one</w> <c type="pct">''</c> <c type="pct">,</c> <w type="PPS">he</w> <w type="VBD">added</w> <c type="pct">.</c> </s>
</p>
<p><s n="103"><w type="PPg">Her</w> <w type="NN">face</w> <w type="VBD">seemed</w> <w type="TO">to</w> <w type="VB">float</w> <w type="IN">in</w> <w type="AT">an</w> <w type="RB">implausibly</w> <w type="JJ">bright</w> <w type="NN">shaft</w> <w type="IN">of</w> <w type="NN">sunlight</w> <c type="pct">.</c> </s>
<s n="104"><c type="pct">``</c> <w type="UH">Well</w> <c type="pct">,</c> <mw pos="MD *">won't </mw><w type="PPSS">you</w> <w type="VB">come</w> <w type="RP">in</w> <w type="RB">then</w> <c type="pct">,</c> <w type="HV">have</w> <w type="AT">a</w> <w type="NN">cup</w> <w type="IN">of</w> <w type="NN">coffee</w> <c type="pct">--</c> <w type="CC">or</w> <w type="PN">something</w> <c type="pct">?</c> <c type="pct">?</c> </s>
<s n="105"><w type="CC">Or</w> <w type="RB">maybe</w> <w type="AT">a</w> <w type="NN">drink</w> <c type="pct">''</c> <c type="pct">?</c> <c type="pct">?</c> </s>
<s n="106"><w type="PPS">She</w> <w type="VBD">asked</w> <c type="pct">,</c> <w type="IN">in</w> <w type="AT">a</w> <w type="NN">way</w> <w type="WPS">that</w> <w type="VBD">seemed</w> <w type="RB">oddly</w> <w type="JJ">sophisticated</w> <c type="pct">,</c> <w type="JJ">considerate</w> <c type="pct">,</c> <w type="CC">and</w> <w type="RB">yet</w> <w type="RB">perhaps</w> <w type="QL">partly</w> <w type="JJ">scornful</w> <c type="pct">.</c> </s>
<s n="107"><w type="PPS">He</w> <w type="VBD">tried</w> <w type="TO">to</w> <w type="VB">see</w> <w type="PPg">her</w> <w type="NN">face</w> <w type="QL">more</w> <w type="RB">clearly</w> <c type="pct">.</c> </s>
</p>
<p><s n="108"><c type="pct">``</c> <w type="RB">No</w> <c type="pct">--</c> <w type="PN">nothing</w> <w type="IN">at</w> <w type="ABN">all</w> <c type="pct">''</c> <c type="pct">,</c> <w type="PPS">he</w> <w type="VBD">said</w> <w type="IN">after</w> <w type="AT">a</w> <w type="NNg">moment's</w> <w type="NN">hesitation</w> <c type="pct">.</c> </s>
<s n="109"><c type="pct">``</c> <mw pos="PPSS MD">I'll </mw><w type="RB">just</w> <w type="VB">wait</w> <w type="IN">for</w> <w type="PPO">you</w> <w type="RB">here</w> <c type="pct">''</c> <c type="pct">.</c> </s>
</p>
<p><s n="110"><w type="PPS">He</w> <w type="VBD">leaned</w> <w type="PPg">his</w> <w type="NN">head</w> <w type="IN">against</w> <w type="AT">the</w> <w type="NN">wood</w> <w type="NN">paneling</w> <w type="IN">behind</w> <w type="PPO">him</w> <c type="pct">,</c> <w type="CC">but</w> <w type="AT">the</w> <w type="JJ">vivid</w> <w type="JJ">red</w> <w type="NNS">images</w> <w type="IN">of</w> <w type="NN">pain</w> <w type="VBD">inserted</w> <w type="PPLS">themselves</w> <w type="IN">against</w> <w type="PPg">his</w> <w type="NNS">eyelids</w> <c type="pct">.</c> </s>
<s n="111"><w type="PPS">He</w> <w type="VBD">raised</w> <w type="PPO">them</w> <c type="pct">.</c> </s>
<s n="112"><w type="NP">Julia</w> <w type="VBD">moved</w> <w type="RB">past</w> <c type="pct">.</c> </s>
</p>
<p><s n="113"><c type="pct">``</c> <w type="PPSS">I</w> <w type="HV">have</w> <w type="TO">to</w> <w type="VB">say</w> <w type="UH">good-bye</w> <w type="RB">upstairs</w> <c type="pct">.</c> </s>
<s n="114"><w type="PPSS">I</w> <mw pos="MD *">won't </mw><w type="BE">be</w> <w type="RB">long</w> <c type="pct">''</c> <c type="pct">.</c> </s>
</p>
<p><s n="115"><c type="pct">``</c> <w type="IN">As</w> <w type="AT">a</w> <w type="JJ">great</w> <w type="NN">favor</w> <c type="pct">,</c> <w type="NP">Julie</w> <c type="pct">''</c> <c type="pct">,</c> <w type="PPS">he</w> <w type="VBD">said</w> <c type="pct">,</c> <c type="pct">``</c> <w type="VB">please</w> <mw pos="DO *">don't </mw><w type="VB">mention</w> <mw pos="PPSS HV">you've </mw><w type="VBN">seen</w> <w type="PPO">me</w> <c type="pct">''</c> <c type="pct">.</c> </s>
</p>
<p><s n="116"><c type="pct">``</c> <w type="NEG">Not</w> <w type="IN">to</w> <w type="PN">anyone</w> <c type="pct">''</c> <c type="pct">?</c> <c type="pct">?</c> </s>
</p>
<p><s n="117"><c type="pct">``</c> <w type="RB">No</w> <c type="pct">--</c> <w type="UH">please</w> <c type="pct">.</c> </s>
<s n="118"><c type="pct">``</c> <mw pos="PPSS MD">I'll </mw><w type="VB">call</w> <w type="PPg">your</w> <w type="NN">mother</w> <w type="QL">as</w> <w type="RB">soon</w> <w type="CS">as</w> <w type="PPSS">I</w> <w type="VB">get</w> <w type="NR">home</w> <c type="pct">.</c> </s>
<s n="119"><mw pos="PPS MD">It'll </mw><w type="BE">be</w> <w type="QL">so</w> <w type="QL">much</w> <w type="JJR">easier</w> <c type="pct">''</c> <c type="pct">.</c> </s>
</p>
<p><s n="120"><c type="pct">``</c> <w type="QL">All</w> <w type="RB">right</w> <c type="pct">''</c> <w type="PPS">She</w> <w type="BEDZ">was</w> <w type="VBG">staring</w> <w type="IN">at</w> <w type="PPO">him</w> <c type="pct">.</c> </s>
</p>
<p><s n="121"><c type="pct">``</c> <mw pos="PPSS BEM">I'm </mw><w type="JJ">fine</w> <c type="pct">,</c> <w type="NP">Julie</w> <c type="pct">.</c> </s>
<s n="122"><w type="UH">Please</w> <c type="pct">,</c> <w type="PPSS">you</w> <w type="RB">just</w> <w type="VB">go</w> <w type="RB">ahead</w> <c type="pct">''</c> <c type="pct">.</c> </s>
</p>
<p><s n="123"><w type="PPS">She</w> <w type="HVD">had</w> <w type="VBN">disappeared</w> <c type="pct">.</c> </s>
<s n="124"><w type="PPS">He</w> <w type="MD">could</w> <w type="VB">feel</w> <w type="AT">a</w> <w type="NN">pulse</w> <w type="VBG">pounding</w> <w type="IN">against</w> <w type="AT">the</w> <w type="NNS">bandages</w> <c type="pct">.</c> </s>
<s n="125"><w type="PPS">He</w> <w type="VBD">imagined</w> <w type="NPg">Sam's</w> <w type="NN">voice</w> <c type="pct">:</c> <c type="pct">``</c> <w type="NP">George</w> <c type="pct">,</c> <w type="WDT">what</w> <w type="AT">the</w> <w type="NN">hell</w> <w type="VBZ">goes</w> <w type="RP">on</w> <c type="pct">''</c> <c type="pct">?</c> <c type="pct">?</c> </s>
<s n="126"><w type="PPSS">I</w> <mw pos="MD *">wouldn't </mw><w type="HV">have</w> <w type="AT">the</w> <w type="NN">strength</w> <w type="TO">to</w> <w type="VB">answer</w> <c type="pct">,</c> <w type="PPS">he</w> <w type="VBD">thought</w> <c type="pct">.</c> </s>
<s n="127"><w type="RB">Maybe</w> <w type="PPSS">I</w> <mw pos="MD *">couldn't </mw><w type="HV">have</w> <w type="VBN">called</w> <w type="AT">a</w> <w type="NN">taxi</w> <c type="pct">.</c> </s>
</p>
<p><s n="128"><w type="PPS">He</w> <w type="MD">could</w> <w type="VB">hear</w> <w type="AT">the</w> <w type="NNS">footsteps</w> <w type="RB">overhead</w> <c type="pct">.</c> </s>
<s n="129"><w type="PPS">He</w> <w type="VBD">saw</w> <w type="AT">the</w> <w type="NN">suitcase</w> <c type="pct">,</c> <w type="WDT">which</w> <w type="NP">Julia</w> <w type="BEDZ">was</w> <w type="VBG">holding</w> <c type="pct">.</c> </s>
<s n="130"><w type="PPS">He</w> <w type="VBD">stood</w> <w type="RP">up</w> <c type="pct">.</c> </s>
</p>
<p><s n="131"><c type="pct">``</c> <mw pos="PPSS MD">I'll </mw><w type="VB">take</w> <w type="DT">that</w> <c type="pct">,</c> <w type="NP">Julie</w> <c type="pct">--</c> <w type="IN">for</w> <w type="PPO">you</w> <c type="pct">''</c> <c type="pct">.</c> </s>
</p>
<p><s n="132"><c type="pct">``</c> <w type="UH">Oh</w> <w type="RB">no</w> <c type="pct">''</c> <c type="pct">,</c> <w type="PPS">she</w> <w type="VBD">said</w> <c type="pct">.</c> </s>
<s n="133"><c type="pct">``</c> <w type="PPSS">I</w> <w type="MD">can</w> <w type="VB">manage</w> <c type="pct">''</c> <c type="pct">.</c> </s>
</p>
<p><s n="134"><w type="PPS">She</w> <w type="VBD">went</w> <w type="RB">ahead</w> <w type="IN">of</w> <w type="PPO">him</w> <c type="pct">.</c> </s>
<s n="135"><w type="RB">Outside</w> <w type="AT">the</w> <w type="NP">Lincoln</w> <w type="BEDZ">was</w> <w type="VBN">parked</w> <c type="pct">.</c> </s>
<s n="136"><w type="PPS">He</w> <w type="MD">could</w> <w type="RB">hardly</w> <w type="VB">believe</w> <w type="PPS">he</w> <w type="BEDZ">was</w> <w type="VBG">getting</w> <w type="RP">in</w> <c type="pct">.</c> </s>
<s n="137"><w type="NP">Pietro</w> <w type="BEDZ">was</w> <w type="VBG">gazing</w> <w type="IN">at</w> <w type="PPO">him</w> <w type="IN">in</w> <w type="AT">an</w> <w type="JJ">insolent</w> <c type="pct">,</c> <w type="JJ">disdainful</w> <w type="NN">fashion</w> <c type="pct">;</c> <c type="pct">;</c> </s>
<s n="138"><w type="CC">but</w> <w type="DT">that</w> <mw pos="DOD *">didn't </mw><w type="VB">matter</w> <c type="pct">.</c> </s>
</p>
<p><s n="139"><mw pos="PPSS MD">We'll </mw><w type="VB">drop</w> <w type="NP">Mr.</w> <w type="NP">Rawlings</w> <w type="RP">off</w> <w type="IN">in</w> <w type="NP">Ardmore</w> <c type="pct">''</c> <c type="pct">,</c> <w type="NP">Julia</w> <w type="VBD">said</w> <c type="pct">,</c> <w type="CC">and</w> <w type="IN">for</w> <w type="AT">the</w> <w type="JJT">merest</w> <w type="NN">second</w> <w type="NP">George</w> <w type="BEDZ">was</w> <w type="VBN">reminded</w> <w type="IN">of</w> <w type="PPg">her</w> <w type="NNg">father's</w> <w type="NN">tone</w> <w type="IN">with</w> <w type="NNS">servants</w> <c type="pct">.</c> </s>
<s n="140"><w type="IN">To</w> <w type="AT">the</w> <w type="NN">manner</w> <w type="VBN">born</w> <c type="pct">--</c> <w type="JJ">odd</w> <w type="TO">to</w> <w type="HV">have</w> <w type="ABL">such</w> <w type="AT">a</w> <w type="NN">thought</w> <w type="IN">at</w> <w type="AT">a</w> <w type="NN">time</w> <w type="IN">like</w> <w type="DT">this</w> <c type="pct">;</c> <c type="pct">;</c> </s>
<s n="141"><w type="RB">yet</w> <w type="PPg">her</w> <w type="NN">inflection</w> <w type="VBD">seemed</w> <w type="VBN">forced</w> <w type="CC">or</w> <w type="VBN">rehearsed</w> <c type="pct">.</c> </s>
<s n="142"><w type="PPS">He</w> <w type="MD">could</w> <w type="NEG">not</w> <w type="VB">stop</w> <w type="TO">to</w> <w type="VB">analyze</w> <c type="pct">.</c> </s>
<s n="143"><w type="PPS">He</w> <w type="HVD">had</w> <w type="RB">never</w> <w type="VBN">felt</w> <w type="RB">particularly</w> <w type="JJ">close</w> <w type="IN">to</w> <w type="PPO">her</w> <c type="pct">.</c> </s>
<s n="144"><w type="NP">Carrie</w> <w type="VBD">seemed</w> <w type="QL">more</w> <w type="JJ">affectionate</w> <c type="pct">,</c> <w type="CC">but</w> <w type="RB">obviously</w> <w type="NP">Julia</w> <w type="HVD">had</w> <w type="VBN">respected</w> <w type="PPg">his</w> <w type="NN">request</w> <c type="pct">.</c> </s>
<s n="145"><w type="PPS">He</w> <w type="VBD">took</w> <w type="PPg">her</w> <w type="NN">hand</w> <c type="pct">.</c> </s>
</p>
<p><s n="146"><c type="pct">``</c> <w type="PPSS">I</w> <w type="VB">wish</w> <w type="PPSS">I</w> <mw pos="DOD *">didn't </mw><w type="HV">have</w> <w type="TO">to</w> <w type="VB">go</w> <w type="RB">back</w> <w type="IN">to</w> <w type="NN">school</w> <c type="pct">''</c> <c type="pct">,</c> <w type="PPS">she</w> <w type="VBD">said</w> <c type="pct">,</c> <w type="CC">and</w> <w type="RB">then</w> <c type="pct">,</c> <c type="pct">``</c> <w type="PPSS">I</w> <w type="VB">wish</w> <w type="PPO">you</w> <w type="VBN">lived</w> <w type="IN">in</w> <w type="JJ" subtype="TL">New</w> <w type="NP" subtype="TL">York</w> <c type="pct">.</c> </s>
<s n="147"><mw pos="DT BEZ">That's </mw><w type="IN">in</w> <w type="AT">the</w> <w type="JJ">opposite</w> <w type="NN">direction</w> <c type="pct">''</c> <c type="pct">.</c> </s>
</p>
<p><s n="148"><c type="pct">``</c> <w type="PPSS">I</w> <w type="VB">wish</w> <w type="PPSS">I</w> <w type="DOD">did</w> <c type="pct">''</c> <c type="pct">,</c> <w type="PPS">he</w> <w type="VBD">responded</w> <c type="pct">.</c> </s>
<s n="149"><c type="pct">``</c> <w type="PPSS">I</w> <w type="VB">wish</w> <w type="PPSS">I</w> <mw pos="BEDZ *">wasn't </mw><w type="VBG">wearing</w> <w type="DT">this</w> <w type="JJ">ridiculous</w> <w type="NN">costume</w> <c type="pct">,</c> <w type="CC">and</w> <w type="CS">that</w> <w type="PPSS">we</w> <w type="MD">could</w> <w type="VB">go</w> <w type="IN">to</w> <w type="AT">a</w> <w type="NN">theater</w> <w type="RB">together</w> <c type="pct">,</c> <w type="CC">or</w> <w type="AT">a</w> <w type="JJ">nice</w> <w type="NN">restaurant</w> <c type="pct">,</c> <w type="VB">forget</w> <w type="PPSS">we</w> <w type="VBD">knew</w> <c type="pct">''</c> <w type="PPS">He</w> <w type="VBD">stopped</w> <w type="VBG">speaking</w> <c type="pct">.</c> </s>
</p>
<p><s n="150"><c type="pct">``</c> <w type="VB">Forget</w> <w type="PPSS">we</w> <w type="RB">ever</w> <w type="VBD">knew</w> <w type="WDT">what</w> <c type="pct">''</c> <c type="pct">?</c> <c type="pct">?</c> </s>
</p>
<p><s n="151"><c type="pct">``</c> <w type="UH">Oh</w> <c type="pct">,</c> <w type="RB">just</w> <w type="NN">sort</w> <w type="IN">of</w> <w type="PN">everything</w> <w type="IN">in</w> <w type="JJ">general</w> <c type="pct">''</c> <c type="pct">.</c> </s>
</p>
<p><s n="152"><w type="PPS">She</w> <w type="VBD">said</w> <w type="PN">nothing</w> <w type="CS">until</w> <w type="NP">Pietro</w> <w type="HVD">had</w> <w type="VBN">slackened</w> <w type="PPg">their</w> <w type="NN">pace</w> <c type="pct">.</c> </s>
<s n="153"><c type="pct">``</c> <w type="PPSS">I</w> <w type="VB">know</w> <w type="PPO">you</w> <w type="VB">feel</w> <w type="RB">badly</w> <c type="pct">,</c> <w type="CC">but</w> <w type="DT">that</w> <w type="VBZ">sounds</w> <w type="CS">like</w> <w type="ABL">such</w> <w type="AT">a</w> <w type="JJ">queer</w> <w type="NN">thing</w> <w type="IN">for</w> <w type="PPO">you</w> <w type="TO">to</w> <w type="VB">say</w> <c type="pct">''</c> <c type="pct">.</c> </s>
</p>
<p><s n="154"><c type="pct">``</c> <w type="DOZ">Does</w> <w type="PPS">it</w> <c type="pct">''</c> <c type="pct">?</c> <c type="pct">?</c> </s>
<s n="155"><w type="PPS">He</w> <w type="VBD">asked</w> <c type="pct">.</c> </s>
<s n="156"><c type="pct">``</c> <w type="RB">Yes</w> <c type="pct">,</c> <w type="RB">perhaps</w> <c type="pct">.</c> </s>
<s n="157"><mw pos="PPSS BEM">I'm </mw><w type="VBN">supposed</w> <w type="TO">to</w> <w type="VB">joke</w> <w type="IN">about</w> <w type="NNS">things</w> <c type="pct">,</c> <mw pos="BER *">aren't </mw><w type="PPSS">I</w> <c type="pct">?</c> <c type="pct">?</c> </s>
<s n="158"><w type="CC">But</w> <w type="RB">sometimes</w> <w type="NN">life</w> <w type="MD">can</w> <w type="BE">be</w> <w type="ABL">rather</w> <w type="AT">a</w> <w type="JJ">disappointing</w> <w type="NN">business</w> <c type="pct">''</c> <c type="pct">.</c> </s>
</p>
<p><s n="159"><w type="PPg">His</w> <w type="NN">voice</w> <w type="VBD">seemed</w> <w type="JJ">thick</w> <w type="CC">and</w> <w type="JJ">purposeless</w> <c type="pct">.</c> </s>
<s n="160"><w type="PPS">He</w> <w type="VBD">relinquished</w> <w type="PPg">her</w> <w type="NN">hand</w> <c type="pct">.</c> </s>
<s n="161"><w type="PPS">He</w> <w type="MD">could</w> <w type="VB">see</w> <w type="AT">the</w> <w type="NN">stone</w> <w type="NN">building</w> <w type="WRB">where</w> <w type="PPS">he</w> <w type="VBD">lived</w> <c type="pct">.</c> </s>
<s n="162"><w type="RB">Just</w> <w type="AT">a</w> <w type="AP">few</w> <w type="AP">more</w> <w type="NNS">steps</w> <c type="pct">.</c> </s>
<s n="163"><w type="RB">Abruptly</w> <w type="PPS">he</w> <w type="VBD">reached</w> <w type="IN">into</w> <w type="PPg">his</w> <w type="NN">pocket</w> <c type="pct">.</c> </s>
<s n="164"><w type="RB">Yes</w> <c type="pct">,</c> <w type="EX">there</w> <w type="BEDZ">was</w> <w type="AT">the</w> <w type="NN">key</w> <c type="pct">.</c> </s>
</p>
<p><s n="165"><c type="pct">``</c> <w type="BER">Are</w> <w type="PPSS">you</w> <w type="JJ">positive</w> <mw pos="PPSS MD">you'll </mw><w type="BE">be</w> <w type="QL">all</w> <w type="JJ">right</w> <w type="IN">by</w> <w type="PPL">yourself</w> <c type="pct">''</c> <c type="pct">?</c> <c type="pct">?</c> </s>
<s n="166"><w type="PPS">She</w> <w type="VBD">asked</w> <w type="PPO">him</w> <c type="pct">.</c> </s>
</p>
<p><s n="167"><w type="IN">For</w> <w type="AT">a</w> <w type="NN">moment</w> <w type="PPS">he</w> <w type="VBD">smiled</w> <c type="pct">.</c> </s>
<s n="168"><c type="pct">``</c> <w type="RB">Yes</w> <c type="pct">,</c> <w type="NP">Julie</w> <w type="JJ">dear</w> <c type="pct">.</c> </s>
<s n="169"><mw pos="PPSS HV">You've </mw><w type="VBN">done</w> <w type="PPO">me</w> <w type="AT">the</w> <w type="JJT">greatest</w> <w type="JJ">possible</w> <w type="NN">service</w> <c type="pct">.</c> </s>
<s n="170"><w type="IN">By</w> <w type="PPL">myself</w> <mw pos="PPSS MD">I'll </mw><w type="BE">be</w> <w type="JJ">fine</w> <c type="pct">''</c> <c type="pct">.</c> </s>
</p>
<p><s n="171"><c type="pct">``</c> <w type="VB">Take</w> <w type="NN">care</w> <w type="IN">of</w> <w type="PPL">yourself</w> <w type="RB">then</w> <c type="pct">''</c> <c type="pct">.</c> </s>
</p>
<p><s n="172"><c type="pct">``</c> <w type="PPSS">I</w> <w type="MD">will</w> <c type="pct">.</c> </s>
<s n="173"><w type="PPSS">You</w> <c type="pct">,</c> <w type="RB">also</w> <c type="pct">.</c> </s>
<s n="174"><mw pos="DO *">Don't </mw><w type="VB">work</w> <w type="QL">too</w> <w type="RB">hard</w> <c type="pct">''</c> <c type="pct">.</c> </s>
</p>
<p><s n="175"><w type="PPS">It</w> <w type="BEDZ">was</w> <w type="AT">an</w> <w type="JJ">automatic</w> <w type="NN">phrase</w> <c type="pct">;</c> <c type="pct">;</c> </s>
<s n="176"><w type="CS">as</w> <w type="PPS">he</w> <w type="VBD">crossed</w> <w type="IN">through</w> <w type="AT">the</w> <w type="NN">courtyard</w> <w type="PPS">he</w> <w type="VBD">regretted</w> <w type="PPO">it</w> <c type="pct">.</c> </s>
<s n="177"><w type="PPS">He</w> <w type="MD">should</w> <w type="HV">have</w> <w type="VBN">discovered</w> <w type="AT">a</w> <w type="QL">more</w> <w type="JJ">tender</w> <w type="NN">farewell</w> <c type="pct">.</c> </s>
<s n="178"><w type="PN">Someone</w> <w type="VBD">shouted</w> <w type="IN">at</w> <w type="PPO">him</w> <c type="pct">,</c> <c type="pct">``</c> <w type="UH">Well</w> <c type="pct">!</c> <c type="pct">!</c> </s>
<s n="179"><w type="MD">Will</w> <w type="PPSS">you</w> <w type="VB">look</w> <w type="IN">at</w> <w type="NP">George</w> <w type="NP">Rawlings</w> <c type="pct">!</c> <c type="pct">!</c> </s>
<s n="180"><w type="WDT">What</w> <w type="VBD">happened</w> <w type="IN">to</w> <w type="PPO">you</w> <c type="pct">''</c> <c type="pct">?</c> <c type="pct">?</c> </s>
</p>
<p><s n="181"><c type="pct">``</c> <w type="PPSS">I</w> <w type="VBD">bumped</w> <w type="IN">into</w> <w type="AT">a</w> <w type="NN">door</w> <w type="NN">handle</w> <c type="pct">''</c> <c type="pct">,</c> <w type="NP">George</w> <w type="VBD">said</w> <c type="pct">.</c> </s>
</p>
<p><s n="182"><w type="PN">Someone</w> <w type="VBD">laughed</w> <c type="pct">.</c> </s>
<s n="183"><w type="NP">George</w> <w type="VBD">walked</w> <w type="RB">steadily</w> <w type="RB">ahead</w> <w type="IN">into</w> <w type="PPg">his</w> <w type="NN">entry</w> <c type="pct">.</c> </s>
<s n="184"><w type="PPg">His</w> <w type="NNS">bandages</w> <w type="VBD">seemed</w> <w type="IN">on</w> <w type="NN">fire</w> <c type="pct">.</c> </s>
<s n="185"><w type="PPS">He</w> <w type="HVD">had</w> <w type="VBN">shut</w> <w type="PPg">his</w> <w type="NN">door</w> <w type="IN">with</w> <w type="AT">the</w> <w type="NN">brass</w> <w type="NN">number</w> <w type="VBN">screwed</w> <w type="IN">to</w> <w type="PPO">it</w> <c type="pct">.</c> </s>
<s n="186"><w type="IN">In</w> <w type="AT">the</w> <w type="NN">kitchenette</w> <w type="AT">the</w> <w type="JJ">raw</w> <w type="NN">whiskey</w> <w type="VBD">made</w> <w type="PPO">him</w> <w type="VB">gasp</w> <c type="pct">.</c> </s>
<s n="187"><w type="RB">Just</w> <w type="CD">one</w> <w type="CC">or</w> <w type="CD">two</w> <w type="NNS">swallows</w> <c type="pct">,</c> <w type="PPS">he</w> <w type="VBD">told</w> <w type="PPL">himself</w> <c type="pct">,</c> <w type="AP">enough</w> <w type="TO">to</w> <w type="VB">lessen</w> <w type="DTI">some</w> <w type="IN">of</w> <w type="AT">the</w> <w type="NN">pain</w> <c type="pct">.</c> </s>
</p>
<p><s n="188"><w type="PPS">He</w> <w type="BEDZ">was</w> <w type="VBG">telephoning</w> <c type="pct">.</c> </s>
<s n="189"><c type="pct">``</c> <w type="RB">No</w> <c type="pct">,</c> <w type="NP">Millie</w> <c type="pct">,</c> <mw pos="PPSS BEM">I'm </mw><w type="NR">home</w> <c type="pct">.</c> </s>
<s n="190"><w type="RB">No</w> <c type="pct">,</c> <w type="RB">really</w> <c type="pct">,</c> <w type="JJ">right</w> <w type="CS">as</w> <w type="NN">rain</w> <c type="pct">.</c> </s>
<s n="191"><w type="VB">Tell</w> <w type="NP">Sam</w> <w type="NEG">not</w> <w type="TO">to</w> <w type="VB">worry</w> <w type="IN">about</w> <w type="AT">the</w> <w type="NN">car</w> <c type="pct">.</c> </s>
<s n="192"><mw pos="PPSS MD">I'll </mw><w type="VB">get</w> <w type="PPO">it</w> <w type="VBN">hauled</w> <w type="RB">away</w> <c type="pct">.</c> </s>
<s n="193"><w type="RB">No</w> <c type="pct">,</c> <w type="UH">please</w> <c type="pct">--</c> <w type="AT">no</w> <w type="NN">visit</w> <w type="NR">today</w> <c type="pct">--</c> <mw pos="PPSS MD">I'll </mw><w type="BE">be</w> <w type="RB">asleep</w> <c type="pct">.</c> </s>
<s n="194"><w type="IN">For</w> <w type="NPg">God's</w> <w type="NN">sake</w> <c type="pct">,</c> <mw pos="DO *">don't </mw><w type="VB">worry</w> <c type="pct">.</c> </s>
<s n="195"><w type="DT">That</w> <w type="VBZ">upsets</w> <w type="PPO">me</w> <w type="RBR">more</w> <w type="IN">than</w> <w type="PN">anything</w> <c type="pct">.</c> </s>
<s n="196"><w type="RB">Yes</w> <c type="pct">,</c> <w type="RB">sure</w> <c type="pct">,</c> <mw pos="PPSS MD">I'll </mw><w type="VB">see</w> <w type="AT">the</w> <w type="NN">doctor</w> <c type="pct">--</c> <w type="DT">this</w> <w type="NN">evening</w> <c type="pct">,</c> <w type="CS">if</w> <w type="PPSS">you</w> <w type="VB">insist</w> <c type="pct">.</c> </s>
</p>
<p><s n="197"><w type="EX">There</w> <w type="BEDZ">was</w> <w type="CD">one</w> <w type="AP">more</w> <w type="NN">call</w> <w type="TO">to</w> <w type="VB">make</w> <c type="pct">.</c> </s>
</p>
<p><s n="198"><c type="pct">``</c> <w type="NP">Joan</w> <c type="pct">,</c> <w type="DOD">did</w> <w type="PPSS">I</w> <w type="VB">wake</w> <w type="PPO">you</w> <c type="pct">''</c> <c type="pct">?</c> <c type="pct">?</c> </s>
<s n="199"><w type="PPS">He</w> <w type="VBD">asked</w> <c type="pct">.</c> </s>
<s n="200"><c type="pct">``</c> <w type="RB">Yes</w> <c type="pct">,</c> <w type="PPSS">I</w> <w type="VBD">thought</w> <mw pos="PPSS MD">you'd </mw><w type="RB">probably</w> <w type="BE">be</w> <w type="RP">up</w> <c type="pct">.</c> </s>
<s n="201"><w type="VB">Look</w> <c type="pct">,</c> <w type="NN">sweetheart</w> <c type="pct">,</c> <w type="DTI">some</w> <w type="NN">fool</w> <w type="BEDZ">was</w> <c type="pct">.</c> </s>
<s n="202"><w type="VBN">Happened</w> <w type="TO">to</w> <w type="BE">be</w> <w type="VBG">driving</w> <w type="QL">somewhat</w> <w type="VBN">intoxicated</w> <w type="AP">last</w> <w type="NN">night</w> <c type="pct">.</c> </s>
<s n="203"><w type="RB">Unfortunately</w> <w type="PPS">it</w> <w type="VBD">turned</w> <w type="RP">out</w> <w type="TO">to</w> <w type="BE">be</w> <w type="PPO">me</w> <c type="pct">,</c> <w type="CC">but</w> <w type="PPSS">I</w> <mw pos="MD *">wouldn't </mw><w type="RB">quite</w> <w type="VB">put</w> <w type="PPO">it</w> <w type="DT">that</w> <w type="NN">way</w> <w type="IN">to</w> <w type="AT">the</w> <w type="NN">boss</w> <c type="pct">.</c> </s>
<s n="204"><w type="UH">Oh</w> <w type="NN">hell</w> <w type="RB">no</w> <c type="pct">,</c> <mw pos="PPSS BEM">I'm </mw><w type="NEG">not</w> <w type="IN">in</w> <w type="AT">a</w> <w type="NN">hospital</w> <c type="pct">.</c> </s>
<s n="205"><w type="PPSS">I</w> <mw pos="MD *">won't </mw><w type="BE">be</w> <w type="IN">in</w> <w type="NN">town</w> <w type="IN">for</w> <w type="AT">a</w> <w type="NN">couple</w> <w type="IN">of</w> <w type="NNS">days</w> <c type="pct">,</c> <w type="RB">though</w> <c type="pct">,</c> <w type="CC">and</w> <mw pos="EX BEZ">there's </mw><w type="DT">that</w> <w type="NN">case</w> <w type="PPSS">I</w> <w type="BEDZ">was</w> <w type="VBN">supposed</w> <w type="TO">to</w> <w type="VB">handle</w> <w type="DT">this</w> <w type="NN">afternoon</w> <c type="pct">.</c> </s>
<s n="206"><w type="QL">Too</w> <w type="JJ">bad</w> <w type="AT">a</w> <w type="NN">jury</w> <mw pos="BEZ *">isn't </mw><w type="VBN">involved</w> <c type="pct">.</c> </s>
<s n="207"><w type="PPSS">I</w> <w type="MD">might</w> <w type="VB">struggle</w> <w type="RP">in</w> <w type="IN">for</w> <w type="AT">a</w> <w type="NN">jury</w> <c type="pct">.</c> </s>
<s n="208"><mw pos="PPSS MD">I'd </mw><w type="VB">win</w> <w type="NNS">hands</w> <w type="RP">down</w> <c type="pct">.</c> </s>
<s n="209"><w type="CC">But</w> <w type="PPSS">I</w> <w type="VBD">thought</w> <w type="RB">maybe</w> <w type="NP">Tony</w> <w type="NP">Elliott</w> <w type="MD">could</w> <w type="VB">pinch-hit</w> <w type="IN">for</w> <w type="PPO">me</w> <c type="pct">.</c> </s>
<s n="210"><mw pos="PPS MD">He'll </mw><w type="VB">understand</w> <c type="pct">--</c> <w type="PPSS">you</w> <w type="MD">might</w> <w type="VB">give</w> <w type="PPO">him</w> <w type="NN">sort</w> <w type="IN">of</w> <w type="AT">a</w> <w type="JJ">tactful</w> <w type="NN">nudge</w> <c type="pct">.</c> </s>
<s n="211"><mw pos="PPS HVZ">He's </mw><w type="VBN">got</w> <w type="ABN">all</w> <w type="AT">the</w> <w type="NNS">facts</w> <c type="pct">.</c> </s>
<s n="212"><w type="PPSS">I</w> <mw pos="MD *">wouldn't </mw><w type="VB">want</w> <w type="TO">to</w> <w type="VB">ask</w> <w type="IN">for</w> <w type="AT">a</w> <w type="NN">postponement</w> <c type="pct">--</c> <mw pos="PPS BEZ">it's </mw><w type="RB">really</w> <w type="RB">just</w> <w type="AT">a</w> <w type="JJ">routine</w> <w type="NN">thing</w> <c type="pct">.</c> </s>
<s n="213"><w type="WDT">What</w> <c type="pct">?</c> <c type="pct">?</c> </s>
<s n="214"><w type="RB">No</w> <c type="pct">,</c> <w type="NN">darling</w> <mw pos="PPSS MD">I'd </mw><w type="RB">rather</w> <w type="PPSS">you</w> <mw pos="DOD *">didn't </mw><w type="VB">come</w> <w type="RP">out</w> <c type="pct">''</c> <c type="pct">.</c> </s>
<s n="215"><w type="AT">A</w> <w type="NN">smile</w> <w type="VBD">pulled</w> <w type="IN">at</w> <w type="AT">the</w> <w type="JJR">lower</w> <w type="NN">strip</w> <w type="IN">of</w> <w type="JJ">adhesive</w> <w type="NN">tape</w> <c type="pct">.</c> </s>
<s n="216"><c type="pct">``</c> <mw pos="DO *">Don't </mw><w type="RB">even</w> <w type="VB">send</w> <w type="NNS">flowers</w> <c type="pct">.</c> </s>
<s n="217"><mw pos="PPSS MD">I'll </mw><w type="VB">see</w> <w type="PPO">you</w> <w type="NR">Wednesday</w> <c type="pct">.</c> </s>
<s n="218"><mw pos="PPSS MD">I'll </mw><w type="VB">bribe</w> <w type="PPO">you</w> <w type="IN">with</w> <w type="AT">a</w> <w type="JJ">nice</w> <c type="pct">''</c> <c type="pct">--</c> <w type="PPS">He</w> <w type="BEDZ">was</w> <w type="RB">about</w> <w type="TO">to</w> <w type="VB">say</w> <c type="pct">``</c> <w type="JJ">double</w> <w type="NN">martini</w> <c type="pct">''</c> <w type="CC">but</w> <w type="VBD">thought</w> <w type="RBR">better</w> <w type="IN">of</w> <w type="PPO">it</w> <c type="pct">.</c> </s>
<s n="219"><c type="pct">``</c> <mw pos="PPSS MD">I'll </mw><w type="VB">take</w> <w type="PPO">you</w> <w type="RP">out</w> <w type="IN">to</w> <w type="NN">dinner</w> <c type="pct">.</c> </s>
<s n="220"><w type="UH">Okay</w> <c type="pct">?</c> <c type="pct">?</c> </s>
</p>
<p><s n="221"><w type="PPS">He</w> <w type="HVD">had</w> <w type="VBN">put</w> <w type="RP">down</w> <w type="AT">the</w> <w type="NN">receiver</w> <c type="pct">.</c> </s>
<s n="222"><w type="AT">A</w> <w type="JJ">strange</w> <w type="NN">relationship</w> <w type="IN">between</w> <w type="NP">Joan</w> <w type="NP">Fulbright</w> <w type="CC">and</w> <w type="PPL">himself</w> <c type="pct">.</c> </s>
<s n="223"><w type="WPS">Who</w> <w type="VBD">knew</w> <w type="IN">about</w> <w type="PPO">it</w> <c type="pct">?</c> <c type="pct">?</c> </s>
<s n="224"><w type="PPS">She</w> <w type="VBD">lived</w> <w type="RB">alone</w> <w type="IN">in</w> <w type="AT">the</w> <w type="JJR">older</w> <w type="NN">part</w> <w type="IN">of</w> <w type="AT">the</w> <w type="NN">city</w> <c type="pct">,</c> <w type="IN">in</w> <w type="CD">one</w> <w type="IN">of</w> <w type="DTS">those</w> <w type="VBN">renovated</w> <w type="NNS">houses</w> <w type="WPg">whose</w> <w type="NN">brick</w> <w type="NN">facade</w> <w type="DTI">some</w> <w type="JJ">early</w> <w type="NN">settler</w> <w type="HVD">had</w> <w type="VBN">constructed</w> <c type="pct">.</c> </s>
<s n="225"><w type="PPS">She</w> <w type="HVD">had</w> <w type="CD">two</w> <w type="JJ">tiny</w> <w type="NNS">rooms</w> <w type="IN">on</w> <w type="AT">the</w> <w type="OD">second</w> <w type="NN">floor</w> <c type="pct">.</c> </s>
<s n="226"><w type="PPS">She</w> <w type="BEDZ">was</w> <w type="AT">a</w> <w type="JJ">clever</w> <w type="NN">girl</w> <c type="pct">,</c> <w type="AT">a</w> <w type="QL">most</w> <w type="JJ">efficient</w> <w type="NN">secretary</w> <c type="pct">.</c> </s>
<s n="227"><w type="PPS">She</w> <w type="VBD">let</w> <w type="PPO">him</w> <w type="VB">come</w> <w type="CC">and</w> <w type="VB">go</w> <w type="CS">as</w> <w type="PPS">he</w> <w type="VBD">pleased</w> <c type="pct">,</c> <w type="CC">or</w> <w type="CS">as</w> <w type="PPS">it</w> <w type="VBD">pleased</w> <w type="PPO">her</w> <c type="pct">.</c> </s>
<s n="228"><w type="IN">In</w> <w type="AT">the</w> <w type="NN">office</w> <w type="PPSS">you</w> <w type="MD">might</w> <w type="HV">have</w> <w type="VBN">thought</w> <w type="PPO">them</w> <w type="RB">only</w> <w type="JJ">casual</w> <w type="NNS">friends</w> <c type="pct">;</c> <c type="pct">;</c> </s>
<s n="229"><w type="RB">yet</w> <w type="CS">if</w> <w type="PPS">he</w> <w type="VBD">said</w> <c type="pct">:</c> <w type="VB">Make</w> <w type="AT">an</w> <w type="NN">excuse</w> <w type="PPL">yourself</w> <c type="pct">,</c> <w type="VB">come</w> <w type="RP">out</w> <w type="RB">here</w> <w type="NR">today</w> <c type="pct">,</c> <w type="PPS">she</w> <w type="MD">would</w> <w type="HV">have</w> <w type="BEN">been</w> <w type="IN">on</w> <w type="AT">the</w> <w type="AP">next</w> <w type="NN">train</w> <c type="pct">--</c> <w type="CC">and</w> <c type="pct">,</c> <w type="RB">similarly</w> <c type="pct">,</c> <w type="CS">if</w> <w type="PPS">she</w> <w type="HVD">had</w> <w type="BEN">been</w> <w type="IN">in</w> <w type="NN">need</w> <c type="pct">,</c> <w type="PPS">he</w> <w type="MD">would</w> <w type="HV">have</w> <w type="VBN">gone</w> <w type="IN">to</w> <w type="PPO">her</w> <c type="pct">.</c> </s>
</p>
<p></p></body></text></TEI>
