<TEI xmlns="http://www.tei-c.org/ns/1.0"><teiHeader><fileDesc><titleStmt><title>Sample P18 from  [Anonymous,] "No Room in My Heart to Forgive," Modern
 Romances, 56: 11 (November, 1961), 76-78.
 </title></titleStmt><editionStmt><edition>A part  of the XML version of the Brown Corpus</edition></editionStmt><extent>2,010 words 654 (32.5%) quotes</extent><publicationStmt><idno>P18</idno><availability><p>Used by permission of Modern Romances. 0010-1710</p></availability></publicationStmt><sourceDesc><bibl> [Anonymous,] "No Room in My Heart to Forgive," Modern
 Romances, 56: 11 (November, 1961), 76-78.
 </bibl></sourceDesc></fileDesc><encodingDesc><p>Arbitrary No Hyphen: cheekbones [0620]Typographical Errors: televison [0820] come [for came] [1600]</p></encodingDesc><revisionDesc><change when="2008-04-27">Header auto-generated for TEI version</change></revisionDesc></teiHeader>
<text xml:id="P18" decls="P">
<body><p><s n="1"><w type="PPS">She</w> <w type="VBD">called</w> <w type="RB">then</w> <w type="TO">to</w> <w type="VB">say</w> <w type="PPS">she</w> <w type="HVD">had</w> <w type="AT">a</w> <w type="NN">baby-sitter</w> <w type="IN">for</w> <w type="DT">that</w> <w type="NN">night</w> <c type="pct">.</c> </s>
<s n="2"><c type="pct">``</c> <w type="NP">Shirley</w> <w type="VBD">appreciated</w> <w type="AT">the</w> <w type="NN">chance</w> <w type="TO">to</w> <w type="VB">make</w> <w type="DTI">some</w> <w type="NN">money</w> <c type="pct">.</c> </s>
<s n="3"><w type="ABL">Such</w> <w type="AT">a</w> <w type="JJ">nice</w> <w type="JJ">little</w> <w type="NN">thing</w> <c type="pct">--</c> <w type="VBZ">lives</w> <w type="QL">right</w> <w type="IN">in</w> <w type="AT">the</w> <w type="NN">building</w> <c type="pct">''</c> <c type="pct">.</c> </s>
</p>
<p><s n="4"><c type="pct">``</c> <mw pos="DT BEZ">That's </mw><w type="JJ">swell</w> <c type="pct">''</c> <c type="pct">,</c> <w type="PPSS">I</w> <w type="VBD">said</w> <w type="RB">sweetly</w> <c type="pct">.</c> </s>
<s n="5"><w type="PPSS">I</w> <w type="MD">could</w> <w type="VB">get</w> <w type="RB">along</w> <w type="IN">without</w> <w type="DT">that</w> <w type="CD">three</w> <w type="NNS">dollars</w> <c type="pct">.</c> </s>
<s n="6"><w type="IN">In</w> <w type="DTI">some</w> <w type="NNS">ways</w> <w type="PPS">it</w> <w type="BEDZ">was</w> <w type="JJ">worth</w> <w type="BEG">being</w> <w type="IN">out</w> <w type="AT">the</w> <w type="NN">money</w> <c type="pct">--</c> <w type="RB">just</w> <w type="VBG">knowing</w> <w type="PPSS">I</w> <w type="BEDZ">was</w> <w type="AT">no</w> <w type="JJR">longer</w> <w type="VBD">obligated</w> <w type="IN">to</w> <w type="NP">Nadine</w> <c type="pct">!</c> <c type="pct">!</c> </s>
</p>
<p><s n="7"><w type="PPS">It</w> <w type="BEDZ">was</w> <w type="IN">past</w> <w type="NN">midnight</w> <w type="CC">and</w> <w type="PPSS">we</w> <w type="BED">were</w> <w type="IN">in</w> <w type="NN">bed</w> <w type="WRB">when</w> <w type="AT">the</w> <w type="NN">phone</w> <w type="VBD">rang</w> <c type="pct">.</c> </s>
<s n="8"><w type="PPSS">I</w> <w type="VBD">stumbled</w> <w type="IN">through</w> <w type="AT">the</w> <w type="NN">hall</w> <c type="pct">,</c> <w type="VBG">wondering</w> <w type="WPS">who</w> <w type="MD">would</w> <w type="BE">be</w> <w type="VBG">calling</w> <w type="IN">at</w> <w type="DT">this</w> <w type="NN">hour</w> <c type="pct">.</c> </s>
<s n="9"><w type="PPSS">I</w> <w type="VBD">answered</w> <w type="TO">to</w> <w type="VB">find</w> <w type="NP">Nadine</w> <w type="IN">at</w> <w type="AT">the</w> <w type="AP">other</w> <w type="NN">end</w> <c type="pct">.</c> </s>
<s n="10"><c type="pct">``</c> <w type="PPSS">You</w> <w type="VBD">scared</w> <w type="PPO">me</w> <w type="ABN">half</w> <w type="IN">to</w> <w type="NN">death</w> <c type="pct">''</c> <c type="pct">,</c> <w type="PPSS">I</w> <w type="VBD">said</w> <w type="RB">shakily</w> <c type="pct">.</c> </s>
<s n="11"><c type="pct">``</c> <mw pos="WDT BEZ">What's </mw><w type="JJ">wrong</w> <c type="pct">''</c> <c type="pct">?</c> <c type="pct">?</c> </s>
</p>
<p><s n="12"><c type="pct">``</c> <w type="NP">Janice</w> <c type="pct">,</c> <w type="PN">nobody</w> <w type="VBZ">answers</w> <w type="IN">at</w> <w type="AT">the</w> <w type="NN">apartment</w> <c type="pct">''</c> <c type="pct">!</c> <c type="pct">!</c> </s>
<s n="13"><w type="PPg">Her</w> <w type="NN">voice</w> <w type="VBD">came</w> <w type="JJ">shrill</w> <c type="pct">.</c> </s>
<s n="14"><c type="pct">``</c> <mw pos="PPSS BEM">I'm </mw><w type="QL">absolutely</w> <w type="JJ">frantic</w> <c type="pct">!</c> <c type="pct">!</c> </s>
<s n="15"><w type="DT">That</w> <w type="JJ">stupid</w> <w type="NN">girl</w> <w type="MD">might</w> <w type="HV">have</w> <w type="VBN">gone</w> <w type="RP">off</w> <w type="CC">and</w> <w type="VBD">left</w> <w type="NP">Francie</w> <c type="pct">''</c> <c type="pct">!</c> <c type="pct">!</c> </s>
</p>
<p><s n="16"><c type="pct">``</c> <w type="UH">Oh</w> <c type="pct">,</c> <w type="PPS">she</w> <mw pos="MD *">wouldn't </mw><w type="DO">do</w> <w type="DT">that</w> <c type="pct">''</c> <c type="pct">,</c> <w type="PPSS">I</w> <w type="VBD">said</w> <c type="pct">.</c> </s>
<s n="17"><c type="pct">``</c> <mw pos="PPS HVZ">She's </mw><w type="RB">probably</w> <w type="VBN">fallen</w> <w type="RB">asleep</w> <w type="CC">and</w> <mw pos="DOZ *">doesn't </mw><w type="VB">hear</w> <w type="AT">the</w> <w type="NN">phone</w> <c type="pct">.</c> </s>
<s n="18"><w type="CC">But</w> <w type="CS">if</w> <mw pos="PPSS BER">you're </mw><w type="VBN">worried</w> <w type="PPSS">you</w> <w type="MD">can</w> <w type="VB">go</w> <w type="NR">home</w> <w type="CC">and</w> <w type="VB">check</w> <c type="pct">''</c> <c type="pct">--</c> </s>
</p>
<p><s n="19"><c type="pct">``</c> <w type="PPSS">I</w> <mw pos="MD *">can't </mw><w type="VB">leave</w> <w type="AT">the</w> <w type="NN">party</w> <c type="pct">!</c> <c type="pct">!</c> </s>
<s n="20"><mw pos="PPSS BER">We're </mw><w type="IN">at</w> <w type="NP">Ken</w> <w type="NPg">Thom's</w> <w type="NN">apartment</w> <c type="pct">,</c> <w type="CC">and</w> <w type="WRB">when</w> <w type="CD">one</w> <w type="NN">couple</w> <w type="VBZ">leaves</w> <w type="RB">early</w> <w type="PN">everything</w> <w type="VBZ">falls</w> <w type="RB">flat</w> <c type="pct">!</c> <c type="pct">!</c> </s>
<s n="21"><w type="JJ">Old</w> <w type="NP">Mr.</w> <w type="NP">Thom</w> <w type="BEZ">is</w> <w type="RB">already</w> <w type="IN">down</w> <w type="IN">on</w> <w type="NP">Wally</w> <c type="pct">,</c> <w type="CC">and</w> <w type="PPSS">we</w> <w type="RB">simply</w> <mw pos="MD *">can't </mw><w type="VB">afford</w> <w type="TO">to</w> <w type="VB">get</w> <w type="NP">Ken</w> <w type="JJ">mad</w> <w type="IN">at</w> <w type="PPO">us</w> <c type="pct">''</c> <c type="pct">--</c> </s>
</p>
<p><s n="22"><w type="PPSS">I</w> <w type="BEDZ">was</w> <w type="QL">all</w> <w type="VBN">set</w> <w type="IN">for</w> <w type="WDT">what</w> <w type="VBD">came</w> <w type="AP">next</w> <c type="pct">.</c> </s>
<s n="23"><c type="pct">``</c> <w type="NP">Janice</w> <c type="pct">,</c> <w type="MD">could</w> <w type="PPSS">you</w> <w type="RB">possibly</w> <w type="VB">go</w> <w type="RP">over</w> <w type="CC">and</w> <w type="VB">make</w> <w type="JJ">sure</w> <mw pos="PN BEZ">everything's </mw><w type="QL">all</w> <w type="JJ">right</w> <c type="pct">?</c> <c type="pct">?</c> </s>
<s n="24"><mw pos="PPSS MD">I'll </mw><w type="VB">call</w> <w type="PPO">you</w> <w type="RB">there</w> <w type="IN">in</w> <w type="CD">ten</w> <w type="NNS">minutes</w> <c type="pct">''</c> <c type="pct">--</c> </s>
</p>
<p><s n="25"><c type="pct">``</c> <w type="PPSS">I</w> <mw pos="MD *">can't </mw><w type="VB">make</w> <w type="PPO">it</w> <w type="IN">in</w> <w type="CD">ten</w> <w type="NNS">minutes</w> <c type="pct">''</c> <c type="pct">--</c> <w type="VBG">Wondering</w> <c type="pct">,</c> <w type="CS">as</w> <w type="PPSS">I</w> <w type="VBD">said</w> <w type="PPO">it</w> <c type="pct">,</c> <w type="WRB">why</w> <w type="PPSS">I</w> <w type="MD">should</w> <w type="VB">make</w> <w type="PPO">it</w> <w type="IN">at</w> <w type="ABN">all</w> <c type="pct">.</c> </s>
<s n="26"><w type="WRB">Why</w> <w type="MD">should</w> <w type="PPSS">I</w> <w type="VB">go</w> <w type="RP">over</w> <w type="IN">at</w> <w type="NN">midnight</w> <w type="TO">to</w> <w type="VB">check</w> <w type="IN">on</w> <w type="NP">Francie</w> <c type="pct">,</c> <w type="WRB">when</w> <w type="PPg">her</w> <w type="NNS">parents</w> <mw pos="DOD *">didn't </mw><w type="VB">care</w> <w type="AP">enough</w> <w type="TO">to</w> <w type="VB">leave</w> <w type="AT">a</w> <w type="NN">party</w> <c type="pct">?</c> <c type="pct">?</c> </s>
</p>
<p><s n="27"><c type="pct">``</c> <w type="CD">Fifteen</w> <w type="NNS">minutes</w> <c type="pct">,</c> <w type="RB">then</w> <c type="pct">!</c> <c type="pct">!</c> </s>
<s n="28"><w type="UH">Please</w> <c type="pct">,</c> <w type="NP">Janice</w> <c type="pct">.</c> </s>
<s n="29"><mw pos="PPSS MD">I'll </mw><w type="BE">be</w> <w type="JJ">glad</w> <w type="TO">to</w> <w type="VB">pay</w> <w type="PPO">you</w> <c type="pct">''</c> <c type="pct">--</c> </s>
</p>
<p><s n="30"><w type="QL">So</w> <w type="JJ">sure</w> <w type="DT">that</w> <w type="NN">money</w> <w type="MD">could</w> <w type="DO">do</w> <w type="PN">anything</w> <c type="pct">!</c> <c type="pct">!</c> </s>
<s n="31"><c type="pct">``</c> <w type="QL">All</w> <w type="RB">right</w> <c type="pct">''</c> <c type="pct">,</c> <w type="PPSS">I</w> <w type="VBD">said</w> <c type="pct">.</c> </s>
<s n="32"><mw pos="PPSS MD">I'd </mw><w type="DO">do</w> <w type="PPO">it</w> <c type="pct">.</c> </s>
<s n="33"><w type="NEG">Not</w> <w type="IN">for</w> <w type="AT">the</w> <w type="NN">dollar</w> <w type="CC">or</w> <w type="RB">so</w> <w type="NP">Nadine</w> <w type="MD">would</w> <w type="VB">give</w> <w type="PPO">me</w> <c type="pct">.</c> </s>
<s n="34"><w type="CC">But</w> <w type="CS">because</w> <w type="EX">there</w> <w type="BEDZ">was</w> <w type="AT">the</w> <w type="NN">chance</w> <w type="CS">that</w> <w type="PN">something</w> <w type="HVD">had</w> <w type="VBN">gone</w> <w type="JJ">wrong</w> <w type="IN">at</w> <w type="AT">the</w> <w type="NN">apartment</w> <c type="pct">,</c> <w type="CC">and</w> <w type="CS">if</w> <w type="PPSS">I</w> <mw pos="DOD *">didn't </mw><w type="VB">go</w> <w type="RP">over</w> <c type="pct">,</c> <w type="WPS">who</w> <w type="MD">would</w> <c type="pct">?</c> <c type="pct">?</c> </s>
</p>
<p><s n="35"><w type="NP">Chris</w> <w type="BEDZ">was</w> <w type="JJ">sound</w> <w type="RB">asleep</w> <c type="pct">,</c> <w type="CC">and</w> <w type="PPSS">I</w> <mw pos="DOD *">didn't </mw><w type="VB">see</w> <w type="DTI">any</w> <w type="NN">sense</w> <w type="IN">in</w> <w type="VBG">waking</w> <w type="PPO">him</w> <c type="pct">.</c> </s>
<s n="36"><w type="PPSS">I</w> <w type="VBD">dressed</w> <w type="IN">in</w> <w type="AT">the</w> <w type="NN">kitchen</w> <c type="pct">,</c> <w type="RB">then</w> <w type="VBD">left</w> <w type="AT">a</w> <w type="NN">note</w> <w type="IN">on</w> <w type="AT">the</w> <w type="NN">table</w> <w type="VBG">telling</w> <w type="PPO">him</w> <w type="WDT">what</w> <w type="HVD">had</w> <w type="VBN">happened</w> <c type="pct">.</c> </s>
<s n="37"><w type="PPSS">I</w> <w type="VBD">drove</w> <w type="RP">off</w> <w type="IN">through</w> <w type="AT">the</w> <w type="JJ">cool</w> <w type="NN">darkness</w> <w type="IN">to</w> <w type="NPg">Nadine's</w> <w type="NN">apartment</w> <w type="CC">and</w> <w type="VBD">rang</w> <w type="AT">the</w> <w type="NN">bell</w> <c type="pct">,</c> <w type="CC">and</w> <w type="IN">in</w> <w type="AT">a</w> <w type="AP">few</w> <w type="NNS">seconds</w> <w type="AT">a</w> <w type="JJ">young</w> <w type="NN">girl</w> <w type="VBD">opened</w> <w type="AT">the</w> <w type="NN">door</w> <c type="pct">.</c> </s>
<s n="38"><w type="PPg">Her</w> <w type="NN">face</w> <w type="BEDZ">was</w> <w type="VBN">flushed</w> <w type="IN">from</w> <w type="NN">sleep</w> <c type="pct">.</c> </s>
<s n="39"><c type="pct">``</c> <mw pos="PPS BEZ">It's </mw><w type="QL">all</w> <w type="RB">right</w> <c type="pct">''</c> <c type="pct">,</c> <w type="PPSS">I</w> <w type="VBD">said</w> <c type="pct">,</c> <w type="CS">as</w> <w type="PPS">she</w> <w type="VBD">started</w> <w type="TO">to</w> <w type="VB">look</w> <w type="VBN">scared</w> <c type="pct">.</c> </s>
<s n="40"><c type="pct">``</c> <w type="NP">Mrs.</w> <w type="NP">Roberts</w> <w type="HVD">had</w> <w type="VBN">called</w> <c type="pct">,</c> <w type="CC">and</w> <mw pos="MD *">couldn't </mw><w type="VB">wake</w> <w type="PPO">you</w> <c type="pct">.</c> </s>
<s n="41"><w type="PPSS">I</w> <w type="RB">just</w> <w type="VBD">came</w> <w type="RP">over</w> <w type="TO">to</w> <w type="VB">make</w> <w type="JJ">sure</w> <w type="PN">everything</w> <w type="BEDZ">was</w> <w type="QL">all</w> <w type="RB">right</w> <c type="pct">''</c> <c type="pct">.</c> </s>
</p>
<p><s n="42"><c type="pct">``</c> <mw pos="PPSS BEM">I'm </mw><c type="pct">--</c> <w type="JJ">hard</w> <w type="TO">to</w> <w type="VB">wake</w> <w type="RP">up</w> <c type="pct">''</c> <c type="pct">,</c> <w type="PPS">she</w> <w type="VBD">faltered</w> <c type="pct">.</c> </s>
<s n="43"><w type="PPS">She</w> <mw pos="DOD *">didn't </mw><w type="VB">look</w> <w type="IN">over</w> <w type="CD">thirteen</w> <c type="pct">.</c> </s>
<s n="44"><w type="CC">And</w> <w type="NP">Nadine</w> <w type="VBD">insisted</w> <w type="CS">that</w> <w type="PPg">her</w> <w type="NNS">sitters</w> <w type="BE">be</w> <w type="JJ">reliable</w> <c type="pct">!</c> <c type="pct">!</c> </s>
<s n="45"><c type="pct">``</c> <w type="PPSS">I</w> <w type="HV">have</w> <w type="TO">to</w> <w type="VB">get</w> <w type="RP">up</w> <w type="RB">early</w> <w type="IN">for</w> <w type="NN">church</w> <w type="NR">tomorrow</w> <c type="pct">''</c> <c type="pct">,</c> <w type="PPS">she</w> <w type="VBD">went</w> <w type="RP">on</w> <c type="pct">.</c> </s>
<s n="46"><c type="pct">``</c> <w type="PPSS">I</w> <mw pos="DOD *">didn't </mw><w type="VB">know</w> <w type="PPS">it</w> <w type="BEDZ">was</w> <w type="VBG">going</w> <w type="TO">to</w> <w type="BE">be</w> <w type="DT">this</w> <w type="JJ">late</w> <c type="pct">''</c> <c type="pct">!</c> <c type="pct">!</c> </s>
</p>
<p><s n="47"><w type="AT">The</w> <w type="NN">phone</w> <w type="VBD">started</w> <w type="VBG">ringing</w> <c type="pct">.</c> </s>
<s n="48"><c type="pct">``</c> <mw pos="DT BEZ">That's </mw><w type="NP">Mrs.</w> <w type="NP">Roberts</w> <w type="RB">again</w> <c type="pct">''</c> <c type="pct">,</c> <w type="PPSS">I</w> <w type="VBD">said</w> <c type="pct">.</c> </s>
<s n="49"><c type="pct">``</c> <mw pos="PPSS MD">I'll </mw><w type="VB">answer</w> <w type="PPO">it</w> <c type="pct">''</c> <c type="pct">.</c> </s>
<s n="50"><w type="PPSS">I</w> <w type="VBD">crossed</w> <w type="AT">the</w> <w type="RB">beautifully</w> <w type="VBN">furnished</w> <w type="NN">living</w> <w type="NN">room</w> <w type="IN">to</w> <w type="AT">the</w> <w type="JJ">pale</w> <w type="JJ">yellow</w> <w type="NN">phone</w> <c type="pct">.</c> </s>
<s n="51"><w type="PPSS">I</w> <w type="VBD">told</w> <w type="NP">Nadine</w> <w type="PN">everything</w> <w type="BEDZ">was</w> <w type="JJ">fine</w> <c type="pct">,</c> <w type="CC">and</w> <w type="CS">that</w> <mw pos="PPSS MD">I'd </mw><w type="BE">be</w> <w type="VBG">getting</w> <w type="IN">on</w> <w type="NR">home</w> <c type="pct">.</c> </s>
</p>
<p><s n="52"><c type="pct">``</c> <w type="NP">Janice</w> <c type="pct">,</c> <w type="MD">would</w> <w type="PPSS">you</w> <w type="VB">mind</w> <w type="VBG">staying</w> <c type="pct">''</c> <c type="pct">?</c> <c type="pct">?</c> </s>
<s n="53"><w type="EX">There</w> <w type="BEDZ">was</w> <w type="AT">a</w> <w type="JJ">ragged</w> <w type="NN">edge</w> <w type="IN">to</w> <w type="PPg">her</w> <w type="NN">voice</w> <w type="RB">now</w> <c type="pct">,</c> <w type="CS">as</w> <w type="CS">if</w> <mw pos="PPS HVD">she'd </mw><w type="BEN">been</w> <w type="VBG">crying</w> <c type="pct">.</c> </s>
<s n="54"><c type="pct">``</c> <mw pos="NP BEZ">Wally's </mw><w type="JJ">drunk</w> <c type="pct">--</c> <mw pos="PPSS MD">I'll </mw><w type="VB">get</w> <w type="PPO">him</w> <w type="IN">out</w> <w type="IN">of</w> <w type="RB">here</w> <w type="QL">as</w> <w type="RB">soon</w> <w type="CS">as</w> <w type="PPSS">I</w> <w type="RB">possibly</w> <w type="MD">can</w> <c type="pct">,</c> <w type="CC">but</w> <w type="PPSS">I</w> <mw pos="DO *">don't </mw><w type="VB">want</w> <w type="NP">Shirley</w> <w type="TO">to</w> <w type="VB">see</w> <w type="PPO">him</w> <w type="CS">like</w> <w type="DT">this</w> <c type="pct">.</c> </s>
<s n="55"><w type="PPSS">You</w> <w type="VB">know</w> <w type="WRB">how</w> <w type="NN">gossip</w> <w type="IN">of</w> <w type="DT">that</w> <w type="NN">sort</w> <w type="VBZ">spreads</w> <w type="IN">through</w> <w type="AT">an</w> <w type="NN">apartment</w> <w type="NN">building</w> <c type="pct">''</c> <c type="pct">--</c> </s>
</p>
<p><s n="56"><w type="NEG">Not</w> <w type="AT">a</w> <w type="NN">word</w> <w type="IN">of</w> <w type="NNS">thanks</w> <w type="IN">for</w> <w type="WDT">what</w> <mw pos="PPSS HVD">I'd </mw><w type="RB">already</w> <w type="VBN">done</w> <c type="pct">.</c> </s>
<s n="57"><w type="AT">The</w> <w type="NN">receiver</w> <w type="VBD">clicked</w> <w type="IN">in</w> <w type="PPg">my</w> <w type="NN">ear</w> <c type="pct">.</c> </s>
<s n="58"><w type="PPS">She</w> <mw pos="DOD *">didn't </mw><w type="VB">even</w> <w type="VB">give</w> <w type="PPO">me</w> <w type="AT">a</w> <w type="NN">chance</w> <w type="TO">to</w> <w type="VB">refuse</w> <c type="pct">.</c> </s>
<s n="59"><w type="UH">Well</w> <c type="pct">,</c> <w type="EX">there</w> <mw pos="BEDZ *">wasn't </mw><w type="DTI">any</w> <w type="NN">law</w> <w type="WPS">that</w> <w type="VBD">said</w> <w type="PPSS">I</w> <w type="HVD">had</w> <w type="TO">to</w> <w type="VB">stay</w> <c type="pct">!</c> <c type="pct">!</c> </s>
<s n="60"><w type="CC">But</w> <w type="RB">then</w> <w type="PPSS">I</w> <w type="VBD">looked</w> <w type="IN">at</w> <w type="NP">Shirley</w> <w type="CC">and</w> <w type="VBD">thought</w> <w type="CS">that</w> <w type="PPSS">I</w> <w type="MD">might</w> <w type="QL">as</w> <w type="RB">well</w> <c type="pct">--</c> <w type="AT">the</w> <w type="NN">child</w> <w type="VBD">needed</w> <w type="PPg">her</w> <w type="NN">sleep</w> <c type="pct">,</c> <w type="CC">and</w> <w type="NN" subtype="TL">Heaven</w> <w type="VBD">knew</w> <w type="WDT">what</w> <w type="NN">kind</w> <w type="IN">of</w> <w type="AT">a</w> <w type="NN">mess</w> <w type="PPS">it</w> <w type="MD">would</w> <w type="BE">be</w> <c type="pct">,</c> <w type="IN">with</w> <w type="NP">Wally</w> <w type="VBG">coming</w> <w type="NR">home</w> <w type="JJ">drunk</w> <c type="pct">.</c> </s>
<s n="61"><w type="CS">So</w> <w type="PPSS">I</w> <w type="VBD">told</w> <w type="PPO">her</w> <w type="NP">Mrs.</w> <w type="NP">Roberts</w> <w type="MD">would</w> <w type="VB">pay</w> <w type="PPO">her</w> <w type="IN">in</w> <w type="AT">the</w> <w type="NN">morning</w> <c type="pct">,</c> <w type="CC">and</w> <w type="PPS">she</w> <w type="VBD">scooted</w> <w type="RP">off</w> <w type="IN">to</w> <w type="PPg">her</w> <w type="JJ">own</w> <w type="NN">apartment</w> <c type="pct">.</c> </s>
</p>
<p><s n="62"><w type="CS">After</w> <w type="PPSS">I</w> <w type="VBD">looked</w> <w type="RP">in</w> <w type="IN">at</w> <w type="NP">Francie</w> <c type="pct">,</c> <w type="PPSS">I</w> <w type="VBD">went</w> <w type="IN">into</w> <w type="AT">the</w> <w type="NN">living</w> <w type="NN">room</w> <w type="CC">and</w> <w type="VBD">waited</w> <c type="pct">.</c> </s>
<s n="63"><w type="PPSS">I</w> <w type="MD">must</w> <w type="HV">have</w> <w type="VBN">dozed</w> <w type="RP">off</w> <c type="pct">,</c> <w type="CS">because</w> <w type="PPSS">I</w> <w type="VBD">came</w> <w type="IN">to</w> <w type="IN">with</w> <w type="AT">a</w> <w type="NN">start</w> <w type="IN">at</w> <w type="AT">the</w> <w type="NN">sound</w> <w type="IN">of</w> <w type="NNS">voices</w> <c type="pct">.</c> </s>
<s n="64"><w type="NPg">Nadine's</w> <c type="pct">,</c> <w type="JJ">shrill</w> <w type="IN">with</w> <w type="NN">anger</w> <c type="pct">--</c> <w type="NPg">Wally's</w> <w type="JJ">loud</w> <w type="CC">and</w> <w type="JJ">thick</w> <c type="pct">--</c> <w type="CS">As</w> <w type="PPSS">I</w> <w type="VBD">went</w> <w type="IN">to</w> <w type="AT">the</w> <w type="NN">door</w> <w type="PPSS">I</w> <w type="VBD">heard</w> <w type="AT">the</w> <w type="NN">clock</w> <w type="NN">strike</w> <w type="CD">two</w> <c type="pct">.</c> </s>
<s n="65"><w type="PPSS">I</w> <w type="VBD">opened</w> <w type="AT">the</w> <w type="NN">door</w> <c type="pct">,</c> <w type="CC">and</w> <w type="NP">Wally</w> <w type="VBD">stumbled</w> <w type="RP">in</w> <c type="pct">--</c> <w type="RB">fast</w> <c type="pct">--</c> <w type="CS">as</w> <w type="CS">if</w> <w type="NP">Nadine</w> <w type="HVD">had</w> <w type="VBN">pushed</w> <w type="PPO">him</w> <c type="pct">.</c> </s>
</p>
<p><s n="66"><w type="PPSS">I</w> <w type="HVD">had</w> <w type="RB">always</w> <w type="VBN">thought</w> <w type="PPS">she</w> <w type="BEDZ">was</w> <w type="QL">so</w> <w type="JJ">beautiful</w> <c type="pct">.</c> </s>
<s n="67"><w type="CC">But</w> <w type="RB">now</w> <w type="PPS">she</w> <w type="VBD">looked</w> <w type="JJ">ugly</w> <c type="pct">.</c> </s>
<s n="68"><w type="PPg">Her</w> <w type="NN">skin</w> <w type="BEDZ">was</w> <w type="VBN">stretched</w> <w type="QL">so</w> <w type="JJ">tight</w> <w type="CS">that</w> <w type="PPg">her</w> <w type="NNS">cheekbones</w> <w type="VBD">stuck</w> <w type="RP">out</w> <c type="pct">,</c> <w type="CC">and</w> <w type="CS">if</w> <w type="NNS">looks</w> <w type="MD">could</w> <w type="VB">kill</w> <c type="pct">,</c> <w type="NP">Wally</w> <w type="MD">would</w> <w type="HV">have</w> <w type="BEN">been</w> <w type="JJ">dead</w> <c type="pct">.</c> </s>
<s n="69"><c type="pct">``</c> <w type="VB">Pack</w> <w type="PPg">your</w> <w type="NNS">clothes</w> <c type="pct">''</c> <c type="pct">,</c> <w type="PPS">she</w> <w type="VBD">hissed</w> <c type="pct">.</c> </s>
<s n="70"><c type="pct">``</c> <w type="VB">Pack</w> <c type="pct">--</c> <w type="CC">and</w> <w type="VB">get</w> <w type="RP">out</w> <c type="pct">''</c> <c type="pct">!</c> <c type="pct">!</c> </s>
</p>
<p><s n="71"><c type="pct">``</c> <mw pos="PPSS BER">You're </mw><w type="JJ">crazy</w> <c type="pct">''</c> <c type="pct">,</c> <w type="NP">Wally</w> <w type="VBD">said</w> <w type="RB">thickly</w> <c type="pct">.</c> </s>
<s n="72"><w type="PPS">He</w> <w type="VBD">lurched</w> <w type="CC">and</w> <w type="VBD">stumbled</w> <w type="IN">to</w> <w type="AT">the</w> <w type="NN">davenport</w> <w type="CC">and</w> <w type="VBD">sank</w> <w type="RP">down</w> <w type="IN">on</w> <w type="PPO">it</w> <c type="pct">,</c> <w type="CC">and</w> <w type="BEDZ">was</w> <w type="RB">instantly</w> <w type="RB">asleep</w> <c type="pct">.</c> </s>
<s n="73"><w type="NP">Nadine</w> <w type="VBD">strode</w> <w type="RP">over</w> <w type="IN">to</w> <w type="PPO">him</w> <c type="pct">,</c> <w type="CC">and</w> <w type="PPg">her</w> <w type="VBN">pointed</w> <w type="NNS">nails</w> <w type="VBD">raked</w> <w type="IN">across</w> <w type="PPg">his</w> <w type="NN">face</w> <c type="pct">.</c> </s>
<s n="74"><w type="PPSS">I</w> <w type="VBD">grabbed</w> <w type="PPg">her</w> <w type="NN">arm</w> <w type="CC">and</w> <w type="PPS">she</w> <w type="VBD">turned</w> <w type="IN">on</w> <w type="PPO">me</w> <w type="CC">and</w> <w type="IN">for</w> <w type="AT">a</w> <w type="VBN">scared</w> <w type="OD">second</w> <w type="PPSS">I</w> <w type="VBD">thought</w> <w type="CS">that</w> <w type="RB">maybe</w> <w type="NP">Wally</w> <w type="BEDZ">was</w> <w type="JJ">right</w> <c type="pct">,</c> <w type="CC">and</w> <w type="PPS">she</w> <w type="BEDZ">was</w> <w type="JJ">crazy</w> <c type="pct">.</c> </s>
</p>
<p><s n="75"><c type="pct">``</c> <w type="PPSS">You</w> <w type="VB">stay</w> <w type="IN">out</w> <w type="IN">of</w> <w type="DT">this</w> <c type="pct">''</c> <c type="pct">,</c> <w type="PPS">she</w> <w type="VBD">spat</w> <w type="IN">at</w> <w type="PPO">me</w> <c type="pct">.</c> </s>
<s n="76"><c type="pct">``</c> <mw pos="PPS HVZ">He's </mw><w type="VBN">ruined</w> <w type="PPO">us</w> <c type="pct">--</c> <w type="DO">do</w> <w type="PPO">you</w> <w type="VB">hear</w> <w type="PPO">me</w> <c type="pct">--</c> <mw pos="PPS HVZ">he's </mw><w type="VBN">ruined</w> <w type="PPO">us</w> <c type="pct">!</c> <c type="pct">!</c> </s>
<s n="77"><w type="PPS">He</w> <w type="VBD">insulted</w> <w type="NP">Ken</w> <w type="NP">Thom</w> <c type="pct">''</c> <c type="pct">!</c> <c type="pct">!</c> </s>
<s n="78"><w type="PPg">Her</w> <w type="NNS">eyes</w> <w type="BED">were</w> <w type="JJ">wild</w> <c type="pct">.</c> </s>
<s n="79"><c type="pct">``</c> <w type="PPS">He</w> <w type="VBD">told</w> <w type="NP">Ken</w> <w type="IN">to</w> <w type="PPg">his</w> <w type="NN">face</w> <w type="CS">that</w> <w type="PPS">he</w> <mw pos="DOZ *">doesn't </mw><w type="HV">have</w> <w type="WDT">what</w> <w type="PPS">it</w> <w type="VBZ">takes</w> <w type="TO">to</w> <w type="VB">get</w> <w type="AT">a</w> <w type="NN">woman</w> <c type="pct">!</c> <c type="pct">!</c> </s>
<s n="80"><w type="CC">And</w> <w type="AT">the</w> <w type="AP">other</w> <w type="NNS">people</w> <w type="RB">there</w> <w type="BED">were</w> <w type="VBG">listening</w> <c type="pct">!</c> <c type="pct">!</c> </s>
<s n="81"><mw pos="PPSS BER">We're </mw><w type="VBN">ruined</w> <w type="CC">and</w> <mw pos="PPS BEZ">he's </mw><w type="VBG">going</w> <w type="TO">to</w> <w type="VB">get</w> <w type="RP">out</w> <w type="CS">if</w> <w type="PPSS">I</w> <w type="HV">have</w> <w type="TO">to</w> <w type="VB">throw</w> <w type="PPO">him</w> <w type="IN">down</w> <w type="AT">the</w> <w type="NNS">stairs</w> <c type="pct">''</c> <c type="pct">--</c> </s>
</p>
<p><s n="82"><c type="pct">``</c> <mw pos="PPSS HVD">you'd </mw><w type="RBR">better</w> <w type="VB">simmer</w> <w type="RP">down</w> <c type="pct">''</c> <c type="pct">,</c> <w type="PPSS">I</w> <w type="VBD">said</w> <w type="RB">nervously</w> <c type="pct">.</c> </s>
<s n="83"><w type="PPSS">I</w> <w type="BEDZ">was</w> <w type="RB">plenty</w> <w type="VBN">scared</w> <c type="pct">.</c> </s>
<s n="84"><w type="IN">In</w> <w type="AT">the</w> <w type="NN">state</w> <w type="PPS">she</w> <w type="BEDZ">was</w> <w type="IN">in</w> <c type="pct">,</c> <w type="PPS">she</w> <w type="MD">could</w> <w type="RB">actually</w> <w type="VB">kill</w> <w type="PPO">him</w> <c type="pct">!</c> <c type="pct">!</c> </s>
<s n="85"><c type="pct">``</c> <w type="RB">Now</w> <w type="PPSS">you</w> <w type="RB">just</w> <w type="VB">take</w> <w type="PPO">it</w> <w type="RB">easy</w> <c type="pct">,</c> <w type="CC">and</w> <mw pos="PPSS MD">I'll </mw><w type="VB">make</w> <w type="PPO">you</w> <w type="DTI">some</w> <w type="NN">tea</w> <c type="pct">''</c> <c type="pct">--</c> </s>
</p>
<p><s n="86"><c type="pct">``</c> <w type="NN">Tea</w> <c type="pct">,</c> <c type="pct">''</c> <w type="NP">Nadine</w> <w type="VBD">screeched</w> <c type="pct">.</c> </s>
<s n="87"><c type="pct">``</c> <w type="WRB">How</w> <w type="MD">can</w> <w type="PPSS">you</w> <w type="BE">be</w> <w type="QL">so</w> <w type="JJ">damn</w> <w type="JJ">stupid</w> <c type="pct">?</c> <c type="pct">?</c> </s>
<s n="88"><mw pos="NP HVZ">Wally's </mw><w type="VBN">lost</w> <w type="PPg">his</w> <w type="NN">job</w> <c type="pct">!</c> <c type="pct">!</c> </s>
<s n="89"><w type="NP">Ken</w> <w type="MD">will</w> <w type="RB">never</w> <w type="VB">forgive</w> <w type="PPO">him</w> <c type="pct">--</c> <w type="RB">never</w> <c type="pct">!</c> <c type="pct">!</c> </s>
<s n="90"><w type="CC">And</w> <w type="PPSS">we</w> <mw pos="DO *">don't </mw><w type="HV">have</w> <w type="DTI">any</w> <w type="NN">money</w> <c type="pct">--</c> <w type="PPSS">we</w> <mw pos="DO *">don't </mw><w type="HV">have</w> <w type="AT">a</w> <w type="NN">dime</w> <c type="pct">!</c> <c type="pct">!</c> </s>
<s n="91"><w type="ABN">All</w> <w type="PPSS">we</w> <w type="VB">own</w> <w type="BEZ">is</w> <w type="NPg">Francie's</w> <w type="NN">bedroom</w> <w type="NN">set</w> <w type="CC">and</w> <w type="AT">the</w> <w type="NN">televison-record</w> <w type="NN">player</w> <w type="CC">and</w> <w type="PPSS">we</w> <w type="RB">even</w> <w type="VB">owe</w> <w type="IN">on</w> <w type="PPO">them</w> <c type="pct">.</c> </s>
<s n="92"><w type="CC">And</w> <mw pos="PPSS MD">we'll </mw><w type="BE">be</w> <w type="JJ">poor</w> <w type="CC">and</w> <w type="HV">have</w> <w type="TO">to</w> <w type="VB">live</w> <w type="IN">in</w> <w type="AT">a</w> <w type="JJ">grubby</w> <w type="AP">little</w> <w type="NN">house</w> <w type="CS">like</w> <w type="PPgg">yours</w> <c type="pct">--</c> <w type="CC">and</w> <w type="ABN">all</w> <w type="CS">because</w> <w type="IN">of</w> <w type="DT">that</w> <c type="pct">''</c> <c type="pct">--</c> </s>
</p>
<p><s n="93"><w type="PPSS">I</w> <w type="VBD">clamped</w> <w type="PPg">my</w> <w type="NN">hand</w> <w type="IN">over</w> <w type="PPg">her</w> <w type="NN">mouth</w> <w type="TO">to</w> <w type="VB">stop</w> <w type="AT">the</w> <w type="NN">stream</w> <w type="IN">of</w> <w type="NN">filth</w> <c type="pct">.</c> </s>
<s n="94"><c type="pct">``</c> <w type="VB">Stop</w> <w type="DT">that</w> <c type="pct">!</c> <c type="pct">!</c> </s>
<s n="95"><mw pos="PPSS MD">You'll </mw><w type="VB">wake</w> <w type="RP">up</w> <w type="AT">the</w> <w type="JJ">whole</w> <w type="NN">building</w> <c type="pct">.</c> </s>
<s n="96"><w type="NP">Wally</w> <mw pos="MD *">can't </mw><w type="VB">go</w> <w type="DTI">any</w> <w type="NN">place</w> <w type="IN">at</w> <w type="DT">this</w> <w type="NN">hour</w> <c type="pct">''</c> <c type="pct">--</c> </s>
</p>
<p><s n="97"><c type="pct">``</c> <w type="RB">Well</w> <w type="RB">then</w> <c type="pct">,</c> <mw pos="PPSS MD">I'll </mw><w type="VB">get</w> <w type="RP">out</w> <c type="pct">''</c> <c type="pct">--</c> <w type="CC">But</w> <w type="PPS">she</w> <w type="VBD">looked</w> <w type="JJ">uncertain</w> <c type="pct">.</c> </s>
<s n="98"><w type="PPS">She</w> <w type="BEDZ">was</w> <w type="VBG">coming</w> <w type="TO">to</w> <w type="PPg">her</w> <w type="NNS">senses</w> <w type="QLP">enough</w> <w type="TO">to</w> <w type="VB">realize</w> <w type="CS">that</w> <w type="PPSS">you</w> <mw pos="DO *">don't </mw><w type="VB">go</w> <w type="VBG">traipsing</w> <w type="RP">off</w> <w type="RB">anywhere</w> <w type="IN">at</w> <w type="CD">two</w> <w type="IN">in</w> <w type="AT">the</w> <w type="NN">morning</w> <c type="pct">.</c> </s>
</p>
<p><s n="99"><c type="pct">``</c> <w type="PPSS">You</w> <w type="VB">go</w> <w type="IN">to</w> <w type="NN">bed</w> <c type="pct">''</c> <c type="pct">,</c> <w type="PPSS">I</w> <w type="VBD">said</w> <w type="RB">curtly</w> <c type="pct">.</c> </s>
<s n="100"><c type="pct">``</c> <w type="IN">In</w> <w type="AT">the</w> <w type="NN">morning</w> <w type="PPSS">you</w> <w type="CC">and</w> <w type="NP">Wally</w> <w type="MD">can</w> <w type="VB">talk</w> <w type="NNS">things</w> <w type="RP">out</w> <c type="pct">''</c> <c type="pct">--</c> </s>
</p>
<p><s n="101"><w type="PPS">She</w> <w type="VBD">collapsed</w> <w type="IN">against</w> <w type="PPO">me</w> <c type="pct">,</c> <w type="CS">as</w> <w type="CS">if</w> <w type="PN">everything</w> <w type="IN">inside</w> <w type="PPO">her</w> <w type="VBD">snapped</w> <c type="pct">.</c> </s>
<s n="102"><w type="PPSS">I</w> <w type="VBD">got</w> <w type="PPO">her</w> <w type="IN">into</w> <w type="NN">bed</w> <c type="pct">,</c> <w type="CC">and</w> <w type="VBD">sat</w> <w type="IN">with</w> <w type="PPO">her</w> <w type="CS">until</w> <w type="PPS">she</w> <w type="HVD">had</w> <w type="VBN">sobbed</w> <w type="PPL">herself</w> <w type="RP">out</w> <c type="pct">.</c> </s>
<s n="103"><w type="PPS">It</w> <w type="BEDZ">was</w> <w type="CD">three</w> <w type="RB">o'clock</w> <w type="CS">before</w> <w type="PPSS">I</w> <w type="VBD">figured</w> <w type="PPS">it</w> <w type="BEDZ">was</w> <w type="QL">all</w> <w type="JJ">right</w> <w type="TO">to</w> <w type="VB">go</w> <c type="pct">.</c> </s>
<s n="104"><w type="PPSS">I</w> <w type="VBD">left</w> <w type="PPO">her</w> <c type="pct">,</c> <w type="AT">a</w> <w type="JJ">limp</w> <w type="NN">bundle</w> <w type="IN">of</w> <w type="NN">self-pity</w> <c type="pct">,</c> <w type="VBG">shivering</w> <w type="IN">with</w> <w type="NN">terror</w> <w type="CS">because</w> <w type="PPg">her</w> <w type="NN">bubble</w> <w type="HVD">had</w> <w type="VBN">burst</w> <w type="IN">around</w> <w type="PPO">her</w> <c type="pct">.</c> </s>
<s n="105"><w type="NP">Wally</w> <w type="BEDZ">was</w> <w type="VBG">snoring</w> <w type="IN">on</w> <w type="AT">the</w> <w type="NN">davenport</w> <c type="pct">.</c> </s>
<s n="106"><w type="PPSS">I</w> <w type="HVD">had</w> <w type="VBN">done</w> <w type="ABN">all</w> <w type="PPSS">I</w> <w type="MD">could</w> <c type="pct">.</c> </s>
<s n="107"><w type="PPSS">I</w> <w type="HVD">had</w> <w type="VBN">done</w> <w type="ABN">all</w> <w type="PPSS">I</w> <w type="BEDZ">was</w> <w type="VBG">going</w> <w type="TO">to</w> <w type="DO">do</w> <c type="pct">.</c> </s>
<s n="108"><w type="CS">Whether</w> <w type="CC">or</w> <w type="NEG">not</w> <w type="NP">Wally</w> <w type="VBD">lost</w> <w type="PPg">his</w> <w type="NN">job</w> <w type="BEDZ">was</w> <w type="AT">no</w> <w type="NN">concern</w> <w type="IN">of</w> <w type="PPgg">mine</w> <c type="pct">.</c> </s>
<s n="109"><w type="PPSS">I</w> <w type="VBD">drove</w> <w type="NR">home</w> <c type="pct">,</c> <w type="VBD">found</w> <w type="NP">Chris</w> <w type="RB">still</w> <w type="RB">asleep</w> <c type="pct">.</c> </s>
<s n="110"><w type="PPSS">I</w> <w type="VBD">snuggled</w> <w type="RP">up</w> <w type="RB">close</w> <w type="IN">to</w> <w type="PPO">him</w> <c type="pct">--</c> <w type="VBG">loving</w> <w type="PPO">him</w> <c type="pct">--</c> <w type="JJ">thankful</w> <w type="IN">for</w> <w type="AT">a</w> <w type="NN">man</w> <w type="CS">like</w> <w type="PPO">him</w> <c type="pct">.</c> </s>
<s n="111"><w type="JJ">Thankful</w> <w type="PPSS">I</w> <mw pos="BEDZ *">wasn't </mw><w type="NP">Nadine</w> <c type="pct">.</c> </s>
</p>
<p><s n="112"><w type="PPSS">I</w> <w type="VBD">kept</w> <w type="IN">on</w> <w type="BEG">being</w> <w type="JJ">thankful</w> <c type="pct">.</c> </s>
<s n="113"><w type="IN">In</w> <w type="AT">the</w> <w type="NN">afternoon</w> <w type="NP">Nadine</w> <w type="CC">and</w> <w type="NP">Wally</w> <w type="VBD">came</w> <w type="RP">over</w> <w type="IN">with</w> <w type="NP">Francie</w> <c type="pct">.</c> </s>
<s n="114"><w type="NP">Wally</w> <w type="VBD">sat</w> <w type="IN">in</w> <w type="PPg">our</w> <w type="JJ">big</w> <w type="NN">chair</w> <c type="pct">,</c> <w type="PPg">his</w> <w type="NNS">hands</w> <w type="IN">between</w> <w type="PPg">his</w> <w type="NNS">knees</w> <c type="pct">,</c> <w type="VBG">looking</w> <w type="JJ">ready</w> <w type="TO">to</w> <w type="VB">cry</w> <c type="pct">.</c> </s>
<s n="115"><c type="pct">``</c> <mw pos="PPSS HVD">I'd </mw><w type="HVN">had</w> <w type="ABN">all</w> <w type="DT">this</w> <w type="NN">trouble</w> <w type="IN">with</w> <w type="AT">the</w> <w type="JJ">old</w> <w type="NN">man</w> <c type="pct">,</c> <mw pos="DT BEZ">that's </mw><w type="WRB">why</w> <w type="PPSS">I</w> <w type="VBD">drank</w> <w type="QL">so</w> <w type="AP">much</w> <c type="pct">.</c> </s>
<s n="116"><w type="PPSS">I</w> <c type="pct">--</c> <w type="VBD">got</w> <w type="VBN">fired</w> <w type="NR">yesterday</w> <w type="IN">for</w> <w type="NEG">not</w> <w type="VBG">attending</w> <w type="IN">to</w> <w type="NN">business</w> <c type="pct">''</c> <c type="pct">--</c> </s>
</p>
<p><s n="117"><w type="JJ">Old</w> <w type="NP">Mr.</w> <w type="NP">Thom</w> <w type="PPL">himself</w> <w type="HVD">had</w> <w type="VBN">stopped</w> <w type="IN">at</w> <w type="AT">the</w> <w type="NN">service</w> <w type="NN">station</w> <w type="IN">for</w> <w type="AT">a</w> <w type="NN">grease</w> <w type="NN">job</w> <c type="pct">,</c> <w type="NP">Wally</w> <w type="VBD">confessed</w> <c type="pct">,</c> <w type="CC">and</w> <mw pos="MD *">couldn't </mw><w type="VB">get</w> <w type="PN">one</w> <w type="CS">because</w> <w type="EX">there</w> <w type="BED">were</w> <w type="NNS">cars</w> <w type="IN">on</w> <w type="AT">the</w> <w type="NNS">pits</w> <w type="VBG">waiting</w> <w type="TO">to</w> <w type="BE">be</w> <w type="VBN">repaired</w> <c type="pct">.</c> </s>
<s n="118"><w type="VBZ">Seems</w> <w type="CS">that</w> <w type="AT">the</w> <w type="NN">kid</w> <w type="NP">Wally</w> <w type="HVD">had</w> <w type="VBN">hired</w> <w type="HVD">had</w> <w type="AT">a</w> <w type="NN">repair</w> <w type="NN">business</w> <w type="IN">of</w> <w type="PPg">his</w> <w type="JJ">own</w> <w type="VBG">going</w> <w type="IN">on</w> <w type="AT">the</w> <w type="NN">side</w> <c type="pct">.</c> </s>
<s n="119"><w type="NP">Mr.</w> <w type="NP">Thom</w> <w type="HVD">had</w> <w type="VBN">gotten</w> <w type="NP">Wally</w> <w type="IN">on</w> <w type="AT">the</w> <w type="NN">phone</w> <c type="pct">,</c> <w type="CC">and</w> <w type="VBD">fired</w> <w type="PPO">him</w> <c type="pct">.</c> </s>
<s n="120"><c type="pct">``</c> <w type="PPSS">I</w> <w type="VBD">thought</w> <mw pos="PPSS MD">I'd </mw><w type="VB">smooth</w> <w type="NNS">things</w> <w type="RP">over</w> <w type="IN">through</w> <w type="NP">Ken</w> <c type="pct">''</c> <c type="pct">,</c> <w type="NP">Wally</w> <w type="VBD">said</w> <w type="RB">miserably</w> <c type="pct">.</c> </s>
<s n="121"><c type="pct">``</c> <w type="CC">But</w> <w type="NP">Ken</w> <w type="VBD">got</w> <w type="JJ">coy</w> <w type="CC">and</w> <mw pos="MD *">wouldn't </mw><w type="VB">make</w> <w type="DTI">any</w> <w type="NNS">promises</w> <c type="pct">.</c> </s>
<s n="122"><w type="CC">And</w> <w type="PPSS">I</w> <w type="BEDZ">was</w> <w type="VBN">plastered</w> <w type="CC">and</w> <w type="PPSS">I</w> <w type="VBD">blew</w> <w type="PPg">my</w> <w type="NN">stack</w> <c type="pct">''</c> <c type="pct">--</c> </s>
</p>
<p><s n="123"><c type="pct">``</c> <w type="CC">And</w> <w type="VBD">told</w> <w type="PPO">him</w> <w type="RB">right</w> <w type="IN">to</w> <w type="PPg">his</w> <w type="NN">face</w> <mw pos="PPS HVD">he'd </mw><w type="RB">never</w> <w type="VBN">slept</w> <w type="IN">with</w> <w type="AT">a</w> <w type="NN">woman</w> <c type="pct">''</c> <c type="pct">!</c> <c type="pct">!</c> </s>
<s n="124"><w type="PPSS">I</w> <w type="VBD">tried</w> <w type="TO">to</w> <w type="VB">quiet</w> <w type="NP">Nadine</w> <w type="CS">because</w> <w type="AT">the</w> <w type="NNS">children</w> <w type="BED">were</w> <w type="RB">there</w> <c type="pct">.</c> </s>
<s n="125"><w type="CC">But</w> <w type="PPS">she</w> <w type="BEDZ">was</w> <w type="IN">beyond</w> <w type="VBG">caring</w> <w type="WDT">what</w> <w type="PPS">she</w> <w type="VBD">said</w> <c type="pct">.</c> </s>
</p>
<p><s n="126"><c type="pct">``</c> <w type="NNS">Things</w> <w type="MD">may</w> <w type="VB">smooth</w> <w type="RP">over</w> <w type="RB">yet</w> <c type="pct">''</c> <c type="pct">,</c> <w type="NP">Chris</w> <w type="VBD">said</w> <c type="pct">,</c> <w type="PPg">his</w> <w type="JJ">nice</w> <w type="JJ">lean</w> <w type="NN">face</w> <w type="JJ">grave</w> <w type="IN">with</w> <w type="JJ">honest</w> <w type="NN">concern</w> <c type="pct">.</c> </s>
<s n="127"><w type="CC">But</w> <w type="PPSS">I</w> <mw pos="MD *">couldn't </mw><w type="VB">help</w> <w type="VBG">thinking</w> <w type="CS">that</w> <w type="NP">Nadine</w> <w type="CC">and</w> <w type="NP">Wally</w> <w type="BED">were</w> <w type="VBG">getting</w> <w type="RB">just</w> <w type="WDT">what</w> <w type="PPSS">they</w> <w type="VBD">deserved</w> <c type="pct">.</c> </s>
<s n="128"><w type="RB">Now</w> <w type="RB">maybe</w> <mw pos="PPSS MD">they'd </mw><w type="VB">realize</w> <w type="CS">that</w> <w type="NN">life</w> <w type="MD">can</w> <w type="BE">be</w> <w type="JJ">tough</w> <c type="pct">.</c> </s>
</p>
<p><s n="129"><w type="WRB">When</w> <w type="AT">A</w> <w type="NN">bubble</w> <w type="VBZ">breaks</w> <c type="pct">,</c> <mw pos="EX BEZ">there's </mw><w type="PN">nothing</w> <c type="pct">.</c> </s>
<s n="130"><w type="AP">Little</w> <w type="IN">by</w> <w type="AP">little</w> <c type="pct">,</c> <w type="IN">during</w> <w type="AT">the</w> <w type="NN">week</w> <c type="pct">,</c> <w type="NP">Chris</w> <w type="CC">and</w> <w type="PPSS">I</w> <w type="VBD">discovered</w> <w type="AT">the</w> <w type="JJ">crazy</w> <w type="JJ">unbelievable</w> <w type="NN">way</w> <w type="NP">Nadine</w> <w type="CC">and</w> <w type="NP">Wally</w> <w type="HVD">had</w> <w type="VBN">lived</w> <c type="pct">.</c> </s>
<s n="131"><w type="PPSS">They</w> <w type="HVD">had</w> <w type="NEG">not</w> <w type="RB">only</w> <w type="VBN">spent</w> <w type="AT">every</w> <w type="NN">cent</w> <c type="pct">--</c> <w type="PPSS">they</w> <w type="BED">were</w> <w type="IN">in</w> <w type="NN">debt</w> <w type="IN">up</w> <w type="IN">to</w> <w type="PPg">their</w> <w type="NNS">necks</w> <c type="pct">,</c> <w type="VBG">owing</w> <w type="IN">on</w> <w type="PN">everything</w> <w type="PPSS">they</w> <w type="VBD">owned</w> <c type="pct">.</c> </s>
</p>
<p><s n="132"><w type="IN">On</w> <w type="NN">top</w> <w type="IN">of</w> <w type="PN">everything</w> <w type="RB">else</w> <w type="PPSS">they</w> <w type="BED">were</w> <w type="CD">two</w> <w type="NNS">months</w> <w type="RB">behind</w> <w type="IN">on</w> <w type="PPg">their</w> <w type="NN">apartment</w> <w type="NN">rent</w> <c type="pct">,</c> <w type="CC">and</w> <w type="AT">the</w> <w type="NN">day</w> <w type="NP">Wally</w> <w type="VBD">received</w> <w type="VBN">written</w> <w type="NN">notice</w> <w type="CS">that</w> <w type="PPS">he</w> <w type="BEDZ">was</w> <w type="VBN">fired</w> <c type="pct">,</c> <w type="PPSS">they</w> <w type="BED">were</w> <w type="VBN">evicted</w> <c type="pct">.</c> </s>
</p>
<p><s n="133"><w type="JJT">Worst</w> <w type="IN">of</w> <w type="ABN">all</w> <c type="pct">,</c> <w type="NP">Wally</w> <w type="HVD">had</w> <w type="AT">no</w> <w type="NN">training</w> <w type="IN">for</w> <w type="DTI">any</w> <w type="NN">kind</w> <w type="IN">of</w> <w type="NN">work</w> <c type="pct">.</c> </s>
<s n="134"><w type="PPS">He</w> <w type="HVD">had</w> <w type="VBN">fallen</w> <w type="IN">into</w> <w type="AT">a</w> <w type="JJ">soft</w> <w type="NN">job</w> <c type="pct">,</c> <w type="CC">and</w> <w type="RB">now</w> <w type="AT">the</w> <w type="NN">job</w> <w type="BEDZ">was</w> <w type="VBN">gone</w> <w type="CC">and</w> <w type="PPS">he</w> <w type="BEDZ">was</w> <w type="VBN">stranded</w> <c type="pct">.</c> </s>
</p>
<p><s n="135"><w type="NP">Chris</w> <w type="VBD">fretted</w> <c type="pct">.</c> </s>
<s n="136"><c type="pct">``</c> <w type="PPSS">I</w> <w type="VB">wish</w> <w type="PPSS">we</w> <w type="BED">were</w> <w type="IN">in</w> <w type="AT">a</w> <w type="NN">position</w> <w type="TO">to</w> <w type="VB">offer</w> <w type="AT">a</w> <w type="AP">little</w> <w type="NN">money</w> <w type="TO">to</w> <w type="VB">tide</w> <w type="PPO">them</w> <w type="RP">over</w> <c type="pct">''</c> <c type="pct">.</c> </s>
</p>
<p><s n="137"><w type="PPSS">I</w> <w type="VBD">said</w> <w type="PPSS">I</w> <w type="VBD">wished</w> <w type="PPSS">we</w> <w type="BED">were</w> <c type="pct">,</c> <w type="RB">too</w> <c type="pct">.</c> </s>
<s n="138"><w type="PPS">It</w> <w type="BEDZ">was</w> <w type="JJ">easy</w> <w type="QLP">enough</w> <w type="TO">to</w> <w type="VB">say</w> <w type="PPO">it</w> <c type="pct">,</c> <w type="CS">because</w> <w type="IN">of</w> <w type="NN">course</w> <w type="PPSS">we</w> <mw pos="MD *">couldn't </mw><w type="VB">spare</w> <w type="AT">a</w> <w type="NN">cent</w> <c type="pct">.</c> </s>
<s n="139"><w type="CC">But</w> <w type="NP">Chris</w> <w type="VBD">brightened</w> <w type="RP">up</w> <w type="CS">like</w> <w type="AT">a</w> <w type="NN">candle</w> <c type="pct">.</c> </s>
<s n="140"><c type="pct">``</c> <mw pos="PPSS BEM">I'm </mw><w type="JJ">glad</w> <w type="PPSS">you</w> <w type="VB">feel</w> <w type="DT">that</w> <w type="NN">way</w> <c type="pct">,</c> <w type="NN">honey</w> <c type="pct">.</c> </s>
<s n="141"><w type="EX">There</w> <w type="BEZ">is</w> <w type="CD">one</w> <w type="JJ">big</w> <w type="NN">way</w> <w type="PPSS">we</w> <w type="MD">can</w> <w type="VB">help</w> <w type="PPO">them</w> <c type="pct">.</c> </s>
<s n="142"><w type="PPSS">We</w> <w type="MD">can</w> <w type="VB">let</w> <w type="PPO">them</w> <w type="VB">move</w> <w type="IN">in</w> <w type="IN">with</w> <w type="PPO">us</w> <c type="pct">''</c> <c type="pct">--</c> </s>
</p>
<p><s n="143"><w type="PN">Something</w> <w type="PPSS">I</w> <w type="HVD">had</w> <w type="RB">simply</w> <w type="RB">never</w> <w type="VBN">thought</w> <w type="IN">of</w> <c type="pct">.</c> </s>
<s n="144"><w type="PN">Something</w> <w type="QL">so</w> <w type="JJ">incredible</w> <c type="pct">--</c> </s>
</p>
<p><s n="145"><w type="PPSS">I</w> <w type="RB">just</w> <w type="VBD">stared</w> <w type="IN">at</w> <w type="PPO">him</w> <c type="pct">.</c> </s>
<s n="146"><w type="PPS">It</w> <w type="BEDZ">was</w> <w type="JJ">incredible</w> <c type="pct">--</c> <w type="PPS">He</w> <w type="VBD">gave</w> <w type="PPO">me</w> <w type="AT">an</w> <w type="VBN">embarrassed</w> <c type="pct">,</c> <w type="VBG">pleading</w> <w type="NN">look</w> <c type="pct">.</c> </s>
<s n="147"><c type="pct">``</c> <w type="PPSS">I</w> <w type="VB">know</w> <mw pos="PPSS MD">we'd </mw><w type="BE">be</w> <w type="QL">pretty</w> <w type="VBN">crowded</w> <c type="pct">.</c> </s>
<s n="148"><w type="CC">But</w> <w type="PPS">it</w> <w type="MD">would</w> <w type="RB">only</w> <w type="BE">be</w> <w type="IN">for</w> <w type="AT">a</w> <w type="NN">couple</w> <w type="IN">of</w> <w type="NNS">weeks</w> <c type="pct">--</c> <w type="CS">until</w> <w type="PPSS">they</w> <w type="VB">get</w> <w type="VBN">straightened</w> <w type="RP">out</w> <c type="pct">''</c> <c type="pct">.</c> </s>
</p>
<p><s n="149"><w type="VBN">Straightened</w> <w type="RP">out</w> <c type="pct">--</c> <mw pos="PPSS HVD">They'd </mw><w type="HVN">had</w> <w type="NNS">years</w> <w type="IN">of</w> <w type="VBG">making</w> <w type="ABN">all</w> <w type="DT">that</w> <w type="NN">money</w> <c type="pct">!</c> <c type="pct">!</c> </s>
<s n="150"><c type="pct">``</c> <w type="PPSS">I</w> <mw pos="MD *">won't </mw><w type="DO">do</w> <w type="PPO">it</w> <c type="pct">''</c> <c type="pct">,</c> <w type="PPSS">I</w> <w type="VBD">said</w> <w type="RB">flatly</w> <c type="pct">.</c> </s>
<s n="151"><c type="pct">``</c> <w type="NP">Nadine</w> <w type="BEDZ">was</w> <w type="RB">always</w> <w type="QL">too</w> <w type="JJ">good</w> <w type="TO">to</w> <w type="VB">live</w> <w type="IN">in</w> <w type="AT">a</w> <w type="AP">little</w> <w type="NN">house</w> <w type="CS">like</w> <w type="DT">this</w> <c type="pct">!</c> <c type="pct">!</c> </s>
<s n="152"><w type="UH">Well</w> <c type="pct">,</c> <w type="RB">now</w> <w type="PPS">she</w> <w type="MD">can</w> <w type="VB">sleep</w> <w type="IN">in</w> <w type="AT">the</w> <w type="NN">street</w> <w type="CS">for</w> <w type="ABN">all</w> <w type="PPSS">I</w> <w type="VB">care</w> <c type="pct">''</c> <c type="pct">!</c> <c type="pct">!</c> </s>
</p>
<p><s n="153"><c type="pct">``</c> <w type="DT">That</w> <mw pos="BEZ *">isn't </mw><w type="CS">like</w> <w type="PPSS">you</w> <c type="pct">,</c> <w type="NP">Janice</w> <c type="pct">''</c> <c type="pct">,</c> <w type="NP">Chris</w> <w type="VBD">said</w> <w type="RB">uncomfortably</w> <c type="pct">.</c> </s>
<s n="154"><w type="RB">Then</w> <w type="PPSS">I</w> <w type="VBD">felt</w> <w type="JJ">uncomfortable</w> <c type="pct">,</c> <w type="RB">too</w> <c type="pct">.</c> </s>
<s n="155"><w type="PPSS">I</w> <mw pos="DOD *">didn't </mw><w type="VB">want</w> <w type="TO">to</w> <w type="BE">be</w> <w type="CS">like</w> <w type="DT">that</w> <c type="pct">,</c> <w type="JJ">mean</w> <w type="CC">and</w> <w type="JJ">bitter</w> <c type="pct">.</c> </s>
<s n="156"><w type="CC">But</w> <c type="pct">,</c> <w type="VB">darn</w> <w type="PPO">it</w> <w type="ABN">all</w> <c type="pct">,</c> <w type="WRB">why</w> <w type="MD">should</w> <w type="PPSS">we</w> <w type="VB">help</w> <w type="AT">a</w> <w type="NN">couple</w> <w type="IN">of</w> <w type="VBN">spoiled</w> <w type="NNS">snobs</w> <w type="WPS">who</w> <w type="HVD">had</w> <w type="VBN">looked</w> <w type="IN">down</w> <w type="PPg">their</w> <w type="NNS">noses</w> <w type="IN">at</w> <w type="PPO">us</w> <c type="pct">?</c> <c type="pct">?</c> </s>
</p>
<p><s n="157"><w type="CC">But</w> <c type="pct">,</c> <w type="IN">in</w> <w type="AT">the</w> <w type="NN">end</w> <c type="pct">,</c> <w type="PPSS">we</w> <w type="DOD">did</w> <c type="pct">.</c> </s>
<s n="158"><w type="PPS">It</w> <w type="RB">just</w> <w type="VBD">seemed</w> <w type="CS">as</w> <w type="CS">if</w> <w type="EX">there</w> <w type="BEDZ">was</w> <w type="PN">nothing</w> <w type="RB">else</w> <w type="TO">to</w> <w type="DO">do</w> <c type="pct">.</c> </s>
<s n="159"><w type="AT">The</w> <w type="NN">finance</w> <w type="NN">company</w> <w type="VBD">took</w> <w type="ABN">all</w> <w type="PPg">their</w> <w type="NN">furniture</w> <c type="pct">--</c> <w type="CC">and</w> <w type="PPSS">they</w> <mw pos="DOD *">didn't </mw><w type="HV">have</w> <w type="AT">a</w> <w type="NN">cent</w> <w type="IN">to</w> <w type="PPg">their</w> <w type="NN">name</w> <c type="pct">.</c> </s>
</p>
<p><s n="160"><w type="JJ">Then</w> <w type="NP">Wally</w> <w type="VBD">got</w> <w type="JJ">sick</w> <c type="pct">.</c> </s>
<s n="161"><w type="IN">To</w> <w type="PPg">my</w> <w type="NN">way</w> <w type="IN">of</w> <w type="VBG">thinking</w> <c type="pct">,</c> <w type="PPS">he</w> <w type="BEDZ">was</w> <w type="VBN">scared</w> <w type="JJ">sick</w> <c type="pct">.</c> </s>
<s n="162"><w type="PPg">His</w> <w type="NN">luck</w> <w type="HVD">had</w> <w type="VBN">failed</w> <w type="PPO">him</w> <c type="pct">,</c> <w type="CC">and</w> <w type="PPS">it</w> <w type="BEDZ">was</w> <w type="RBR">easier</w> <w type="TO">to</w> <w type="VB">crawl</w> <w type="RP">off</w> <w type="IN">into</w> <w type="NN">bed</w> <w type="CS">than</w> <w type="TO">to</w> <w type="VB">get</w> <w type="RP">out</w> <w type="CC">and</w> <w type="VB">fight</w> <w type="AT">the</w> <w type="NN">world</w> <c type="pct">.</c> </s>
</p>
<p><s n="163"><w type="NP">Chris</w> <w type="VBD">made</w> <w type="NN">trip</w> <w type="IN">after</w> <w type="NN">trip</w> <w type="IN">in</w> <w type="PPg">our</w> <w type="JJ">old</w> <w type="NN">car</w> <c type="pct">,</c> <w type="VBG">moving</w> <w type="AT">the</w> <w type="NNS">clothes</w> <w type="CC">and</w> <w type="NNS">dishes</w> <w type="CC">and</w> <w type="AT">the</w> <w type="NN">stock</w> <w type="IN">of</w> <w type="NNS">groceries</w> <w type="NP">Nadine</w> <w type="HVD">had</w> <w type="VBN">bought</w> <w type="IN">on</w> <w type="NN">special</w> <c type="pct">.</c> </s>
<s n="164"><w type="IN">At</w> <w type="AP">least</w> <mw pos="PPSS MD">we'll </mw><w type="VB">eat</w> <c type="pct">,</c> <w type="PPSS">I</w> <w type="VBD">thought</w> <w type="RB">grimly</w> <w type="CS">as</w> <w type="PPSS">I</w> <w type="VBD">put</w> <w type="ABN">all</w> <w type="AT">the</w> <w type="NN">food</w> <w type="RB">away</w> <c type="pct">.</c> </s>
</p>
<p><s n="165"><w type="CS">While</w> <w type="PPSS">I</w> <w type="VBD">worked</w> <c type="pct">,</c> <w type="NP">Nadine</w> <w type="VBD">sat</w> <w type="CC">and</w> <w type="VBD">cried</w> <c type="pct">.</c> </s>
<s n="166"><w type="WRB">When</w> <w type="PPS">she</w> <mw pos="BEDZ *">wasn't </mw><w type="VBG">crying</w> <c type="pct">,</c> <w type="PPS">she</w> <w type="BEDZ">was</w> <w type="IN">in</w> <w type="PPg">our</w> <w type="NN">bedroom</w> <w type="VBG">fighting</w> <w type="IN">with</w> <w type="NP">Wally</w> <c type="pct">.</c> </s>
<s n="167"><c type="pct">``</c> <w type="NN">Virus</w> <w type="NN">infection</w> <w type="PN">nothing</w> <c type="pct">''</c> <c type="pct">,</c> <mw pos="PPS MD">she'd </mw><w type="VB">scream</w> <w type="IN">at</w> <w type="PPO">him</w> <c type="pct">.</c> </s>
<s n="168"><c type="pct">``</c> <mw pos="PPSS BER">You're </mw><w type="QL">too</w> <w type="JJ">lazy</w> <w type="TO">to</w> <w type="VB">go</w> <w type="RP">out</w> <w type="CC">and</w> <w type="VB">look</w> <w type="IN">for</w> <w type="DT">another</w> <w type="NN">job</w> <c type="pct">.</c> </s>
<s n="169"><mw pos="PPSS BER">You're </mw><w type="RB">just</w> <w type="AT">a</w> <w type="JJ">no-good</w> <w type="NN">bum</w> <c type="pct">''</c> <c type="pct">!</c> <c type="pct">!</c> </s>
</p>
<p><s n="170"><w type="PPS">It</w> <w type="BEDZ">was</w> <w type="AT">a</w> <w type="NN">mess</w> <c type="pct">,</c> <w type="QL">all</w> <w type="RB">right</w> <c type="pct">.</c> </s>
<s n="171"><w type="CC">But</w> <w type="PPS">it</w> <mw pos="MD *">couldn't </mw><w type="VB">go</w> <w type="RP">on</w> <w type="RB">forever</w> <c type="pct">--</c> <w type="AT">A</w> <w type="NN">couple</w> <w type="IN">of</w> <w type="NNS">weeks</w> <c type="pct">,</c> <w type="NP">Chris</w> <w type="HVD">had</w> <w type="VBN">said</w> <c type="pct">.</c> </s>
<s n="172"><w type="PPSS">I</w> <w type="VBD">figured</w> <w type="PPSS">I</w> <w type="MD">could</w> <w type="VB">stand</w> <w type="RB">practically</w> <w type="PN">anything</w> <w type="IN">for</w> <w type="AT">a</w> <w type="NN">couple</w> <w type="IN">of</w> <w type="NNS">weeks</w> <c type="pct">.</c> </s>
</p>
<p><s n="173"><w type="CC">But</w> <w type="AT">the</w> <w type="CD">two</w> <w type="NNS">weeks</w> <w type="VBD">dragged</w> <w type="IN">into</w> <w type="CD">three</w> <c type="pct">,</c> <w type="CC">and</w> <w type="PPSS">they</w> <w type="BED">were</w> <w type="RB">still</w> <w type="IN">with</w> <w type="PPO">us</w> <c type="pct">.</c> </s>
<s n="174"><w type="NPg">Nadine's</w> <w type="JJ">constant</w> <w type="NN">nagging</w> <w type="HVD">had</w> <w type="RB">finally</w> <w type="VBN">gotten</w> <w type="NP">Wally</w> <w type="IN">out</w> <w type="IN">of</w> <w type="NN">bed</w> <c type="pct">.</c> </s>
<s n="175"><w type="PPS">He</w> <w type="VBD">set</w> <w type="RP">out</w> <w type="AT">every</w> <w type="NN">morning</w> <w type="VBG">looking</w> <w type="IN">for</w> <w type="NN">work</w> <c type="pct">,</c> <w type="CC">and</w> <w type="VB">come</w> <w type="NR">home</w> <w type="IN">around</w> <w type="NN">noon</w> <c type="pct">,</c> <w type="JJ">full</w> <w type="IN">of</w> <w type="NNS">alibis</w> <w type="CC">and</w> <w type="NNS">excuses</w> <c type="pct">.</c> </s>
<s n="176"><w type="NP">Wendell</w> <w type="NP">Thom</w> <w type="HVD">had</w> <w type="VBN">black-balled</w> <w type="PPO">him</w> <c type="pct">.</c> </s>
<s n="177"><w type="PN">Nobody</w> <w type="MD">would</w> <w type="RB">even</w> <w type="VB">take</w> <w type="PPg">his</w> <w type="NN">application</w> <c type="pct">.</c> </s>
</p>
<p><s n="178"><c type="pct">``</c> <w type="PPSS">You</w> <w type="MD">can</w> <w type="VB">get</w> <w type="PN">something</w> <c type="pct">,</c> <c type="pct">''</c> <w type="NP">Nadine</w> <w type="MD">would</w> <w type="VB">snap</w> <c type="pct">.</c> </s>
<s n="179"><c type="pct">``</c> <w type="PPSS">You</w> <w type="MD">can</w> <w type="VB">get</w> <w type="AT">a</w> <w type="NN">job</w> <w type="VBG">working</w> <w type="IN">in</w> <w type="AT">a</w> <w type="NN">grocery</w> <w type="NN">store</w> <c type="pct">,</c> <w type="CS">if</w> <w type="PN">nothing</w> <w type="RB">else</w> <c type="pct">''</c> <c type="pct">.</c> </s>
</p>
<p><s n="180"><c type="pct">``</c> <w type="AT">The</w> <w type="JJ">high</w> <w type="NN">school</w> <w type="NNS">kids</w> <w type="HV">have</w> <w type="VBN">got</w> <w type="PN">everything</w> <w type="VBN">sewed</w> <w type="RP">up</w> <c type="pct">''</c> <c type="pct">,</c> <w type="PPS">he</w> <w type="VBD">said</w> <c type="pct">,</c> <w type="AT">a</w> <w type="NN">whine</w> <w type="IN">in</w> <w type="PPg">his</w> <w type="NN">voice</w> <c type="pct">.</c> </s>
<s n="181"><c type="pct">``</c> <w type="DTS">Those</w> <w type="JJ">damn</w> <w type="NNS">punks</w> <c type="pct">--</c> <w type="VBG">taking</w> <w type="NN">work</w> <w type="RB">away</w> <w type="IN">from</w> <w type="NNS">men</w> <w type="WPS">who</w> <w type="VB">need</w> <w type="PPO">it</w> <c type="pct">''</c> <c type="pct">.</c> </s>
</p>
<p><s n="182"><c type="pct">``</c> <w type="IN">By</w> <w type="NN">fall</w> <mw pos="PPSS MD">they'll </mw><w type="BE">be</w> <w type="RB">back</w> <w type="IN">in</w> <w type="NN">school</w> <c type="pct">''</c> <c type="pct">,</c> <mw pos="PPSS MD">I'd </mw><w type="VB">say</w> <c type="pct">,</c> <w type="VBG">trying</w> <w type="TO">to</w> <w type="VB">sound</w> <w type="JJ">encouraging</w> <c type="pct">.</c> </s>
<s n="183"><w type="CC">But</w> <w type="DT">this</w> <w type="BEDZ">was</w> <w type="RB">only</w> <w type="AT">the</w> <w type="NN">middle</w> <w type="IN">of</w> <w type="NP">July</w> <c type="pct">.</c> </s>
</p>
<p><s n="184"><w type="CC">And</w> <w type="PPSS">I</w> <mw pos="MD *">couldn't </mw><w type="VB">take</w> <w type="CD">six</w> <w type="AP">more</w> <w type="NNS">weeks</w> <w type="IN">of</w> <w type="DT">this</w> <c type="pct">.</c> </s>
<s n="185"><w type="PPSS">I</w> <w type="VBD">mentioned</w> <w type="PPO">it</w> <w type="IN">to</w> <w type="NP">Chris</w> <w type="CD">one</w> <w type="VBG">stifling</w> <w type="JJ">hot</w> <w type="NN">night</w> <c type="pct">,</c> <w type="WRB">when</w> <w type="PPSS">I</w> <w type="HVD">had</w> <w type="VBN">slipped</w> <w type="RB">outside</w> <w type="IN">for</w> <w type="AT">a</w> <w type="NN">breath</w> <w type="IN">of</w> <w type="JJ">fresh</w> <w type="NN">air</w> <c type="pct">.</c> </s>
</p>
<p></p></body></text></TEI>
