<TEI xmlns="http://www.tei-c.org/ns/1.0"><teiHeader><fileDesc><titleStmt><title>Sample P20 from  Spencer Norris, "Dirty Dog Inn," The Dude, 6: 1 (September, 1961)
 9-10, 28-30.
 </title></titleStmt><editionStmt><edition>A part  of the XML version of the Brown Corpus</edition></editionStmt><extent>2,003 words 191 (9.5%) quotes 1 symbol</extent><publicationStmt><idno>P20</idno><availability><p>Used by permission of The Dude.0010-1660</p></availability></publicationStmt><sourceDesc><bibl> Spencer Norris, "Dirty Dog Inn," The Dude, 6: 1 (September, 1961)
 9-10, 28-30.
 </bibl></sourceDesc></fileDesc><encodingDesc><p/></encodingDesc><revisionDesc><change when="2008-04-27">Header auto-generated for TEI version</change></revisionDesc></teiHeader>
<text xml:id="P20" decls="P">
<body><p><s n="1"><w type="PPSS">I</w> <w type="BEDZ">was</w> <w type="RB">slowly</w> <w type="VBG">swimming</w> <w type="RP">down</w> <w type="IN">to</w> <w type="AT">the</w> <w type="NN">bottom</w> <w type="IN">of</w> <w type="AT">the</w> <w type="NN">sea</w> <c type="pct">.</c> </s>
<s n="2"><w type="PPS">She</w> <w type="VBD">made</w> <w type="PPO">me</w> <w type="JJ">welcome</w> <c type="pct">.</c> </s>
<s n="3"><w type="PPg">Her</w> <w type="JJ">dark</w> <w type="JJ">cool</w> <w type="NNS">caresses</w> <w type="BED">were</w> <w type="JJR">sweeter</w> <w type="CS">than</w> <w type="DTI">any</w> <w type="NNg">woman's</w> <c type="pct">;</c> <c type="pct">;</c> </s>
<s n="4"><w type="AT">the</w> <w type="AP">many</w> <w type="AP">little</w> <w type="NNS">tricks</w> <w type="PPS">she</w> <w type="VBD">knew</w> <w type="VBN">made</w> <w type="PPg">her</w> <w type="NN">embrace</w> <w type="AT">the</w> <w type="JJ">ultimate</w> <w type="PN">one</w> <c type="pct">--</c> <w type="AT">the</w> <w type="QL">ever</w> <w type="QL">more</w> <w type="JJ">fantastic</w> <w type="NNS">pressures</w> <w type="JJR">deeper</w> <w type="IN">in</w> <w type="PPg">her</w> <w type="NN">body</w> <w type="VBD">squeezed</w> <w type="NEG">not</w> <w type="PPO">me</w> <w type="CC">but</w> <w type="AT">the</w> <w type="NN">air</w> <w type="PPSS">I</w> <w type="VBD">breathed</w> <w type="IN">into</w> <w type="AT">a</w> <w type="NN">nitrogen</w> <w type="NN">anesthetic</w> <c type="pct">.</c> </s>
<s n="5"><w type="NN">yielding-Mediterranian-woman-</w> <c type="pct">,</c> <w type="PPS">she</w> <w type="VBD">soothed</w> <w type="PPO">me</w> <c type="pct">,</c> <w type="CC">and</w> <w type="VBD">drew</w> <w type="PPO">me</w> <w type="RBR">deeper</w> <w type="IN">into</w> <w type="PPO">her</w> <c type="pct">.</c> </s>
</p>
<p><s n="6"><w type="PPSS">I</w> <w type="AT">no</w> <w type="JJR">longer</w> <w type="VBD">knew</w> <w type="WRB">how</w> <w type="JJ">deep</w> <w type="PPSS">I</w> <w type="BEDZ">was</w> <c type="pct">,</c> <w type="NN">somewhere</w> <w type="IN">under</w> <w type="CD">230</w> <w type="NNS">feet</w> <c type="pct">,</c> <w type="VBG">getting</w> <w type="JJR">drunker</w> <c type="pct">,</c> <w type="JJR">happier</w> <w type="CC">and</w> <w type="RBR">more</w> <w type="VBN">contented</w> <w type="IN">by</w> <w type="AT">the</w> <w type="OD">second</w> <c type="pct">.</c> </s>
<s n="7"><w type="AT">The</w> <w type="NNS">reasons</w> <w type="IN">for</w> <w type="DT">this</w> <w type="NN">dive</w> <w type="VBD">seemed</w> <w type="JJ">foolish</w> <w type="RB">now</w> <c type="pct">.</c> </s>
<s n="8"><w type="RB">Only</w> <w type="AT">the</w> <w type="NN">dive</w> <w type="PPL">itself</w> <w type="HVD">had</w> <w type="DTI">any</w> <w type="NN">meaning</w> <c type="pct">.</c> </s>
<s n="9"><w type="AT">The</w> <w type="JJ">metal-tasting</w> <w type="NN">nitrogen</w> <w type="VBD">made</w> <w type="PPO">me</w> <w type="VB">wonder</w> <w type="CS">if</w> <w type="PPSS">I</w> <w type="MD">should</w> <w type="VB">remove</w> <w type="AT">the</w> <w type="NN">mouthpiece</w> <w type="CC">and</w> <w type="VB">suck</w> <w type="RP">in</w> <w type="AT">the</w> <w type="JJ">sweet</w> <w type="NN">water</w> <c type="pct">.</c> </s>
<s n="10"><w type="RB">Perhaps</w> <w type="CS">if</w> <w type="PPSS">I</w> <w type="VBD">took</w> <w type="RP">off</w> <w type="AT">the</w> <w type="NN">aqua-lung</w> <w type="PPSS">I</w> <w type="MD">could</w> <w type="VB">swim</w> <w type="RBR">better</w> <c type="pct">,</c> <w type="VB">love</w> <w type="PPg">my</w> <w type="NN">woman</w> <w type="RBR">better</w> <c type="pct">.</c> </s>
<s n="11"><w type="PPSS">I</w> <w type="VBD">chuckled</w> <w type="RB">aloud</w> <c type="pct">,</c> <w type="CC">and</w> <w type="AT">the</w> <w type="NN">mouthpiece</w> <w type="VBD">fell</w> <w type="RP">out</w> <c type="pct">.</c> </s>
</p>
<p><s n="12"><w type="CS">While</w> <w type="AT">a</w> <w type="JJ">hazy</w> <w type="NN">part</w> <w type="IN">of</w> <w type="PPg">my</w> <w type="NN">mind</w> <w type="VBD">concentrated</w> <w type="IN">on</w> <w type="VBG">swimming</w> <w type="RP">down</w> <c type="pct">,</c> <w type="AT">a</w> <w type="JJ">clear</w> <w type="NN">part</w> <w type="VBD">sorted</w> <w type="RP">over</w> <w type="JJ">recent</w> <w type="NNS">events</w> <c type="pct">,</c> <w type="IN">among</w> <w type="PPO">them</w> <w type="PPg">my</w> <w type="RB">only</w> <w type="JJ">positive</w> <w type="NN">act</w> <w type="IN">in</w> <w type="AT">a</w> <w type="JJ">long</w> <w type="NN">time</w> <c type="pct">.</c> </s>
<s n="13"><w type="PPS">It</w> <w type="BEDZ">was</w> <w type="WRB">when</w> <w type="PPSS">I</w> <w type="VBD">packed</w> <w type="RP">up</w> <w type="WDT">what</w> <w type="NNS">duds</w> <w type="PPSS">I</w> <w type="HVD">had</w> <w type="CC">and</w> <w type="VBD">went</w> <w type="IN">to</w> <w type="NP">Paris</w> <c type="pct">.</c> </s>
<s n="14"><w type="PPS">It</w> <w type="BEDZ">was</w> <w type="AT">no</w> <w type="NN">vacation</w> <c type="pct">,</c> <w type="RB">just</w> <w type="PPO">me</w> <w type="VBG">getting</w> <w type="RP">out</w> <w type="IN">after</w> <w type="AT">a</w> <w type="NN">bellyfull</w> <c type="pct">.</c> </s>
<s n="15"><w type="PPSS">I</w> <w type="VBD">knew</w> <w type="PPS">it</w> <mw pos="MD *">wouldn't </mw><w type="BE">be</w> <w type="AT">the</w> <w type="AP">same</w> <c type="pct">.</c> </s>
<s n="16"><w type="JJ">Wild</w> <w type="NNS">kicks</w> <w type="RB">never</w> <w type="BER">are</w> <c type="pct">,</c> <w type="CC">but</w> <w type="PPSS">I</w> <w type="VBD">hoped</w> <w type="TO">to</w> <w type="VB">dig</w> <w type="RP">up</w> <w type="AT">a</w> <w type="JJR">better</w> <w type="NN">frame</w> <w type="IN">of</w> <w type="NN">mind</w> <c type="pct">.</c> </s>
</p>
<p><s n="17"><w type="RB">Once</w> <w type="CS">before</w> <w type="PPSS">I</w> <w type="HVD">had</w> <w type="BEN">been</w> <w type="IN">to</w> <w type="NP">Paris</w> <c type="pct">,</c> <w type="JJ">long</w> <w type="CS">before</w> <w type="PPSS">I</w> <w type="VBD">married</w> <w type="NP">Valery</w> <c type="pct">.</c> </s>
<s n="18"><w type="DT">That</w> <w type="OD">first</w> <w type="NN">time</w> <w type="BEDZ">was</w> <w type="JJ">good</w> <w type="CC">and</w> <w type="PPS">it</w> <w type="VBD">stuck</w> <w type="IN">with</w> <w type="PPO">me</w> <c type="pct">.</c> </s>
<s n="19"><w type="PPSS">I</w> <w type="BEDZ">was</w> <w type="CD">twenty-one</w> <w type="RB">back</w> <w type="RB">then</w> <c type="pct">,</c> <w type="IN">in</w> <w type="AT">the</w> <w type="NN">army</w> <c type="pct">,</c> <w type="CC">and</w> <w type="NN">fog</w> <w type="VBD">put</w> <w type="PPg">our</w> <w type="NN">plane</w> <w type="RP">down</w> <w type="IN">at</w> <w type="NP">Orly</w> <w type="RB">instead</w> <w type="IN">of</w> <w type="NP">Rhine-Main</w> <c type="pct">.</c> </s>
<s n="20"><w type="PPS">It</w> <w type="BEDZ">was</w> <w type="AT">a</w> <w type="NR">Saturday</w> <w type="NN">evening</w> <w type="IN">in</w> <w type="NP">April</w> <w type="IN">with</w> <w type="AT">a</w> <w type="JJ">mist-like</w> <w type="NN">rain</w> <c type="pct">,</c> <w type="CC">and</w> <w type="PPSS">I</w> <w type="BEDZ">was</w> <w type="AT">a</w> <w type="AP">little</w> <w type="JJ">high</w> <w type="IN">on</w> <w type="AT">the</w> <w type="JJ">good</w> <w type="NN">taste</w> <w type="IN">of</w> <w type="NN">life</w> <c type="pct">.</c> </s>
<s n="21"><w type="PPSS">I</w> <w type="HVD">had</w> <w type="AT">a</w> <w type="NN">pocketful</w> <w type="IN">of</w> <w type="NN">money</w> <c type="pct">,</c> <w type="WDT">which</w> <w type="BEDZ">was</w> <w type="JJ">unusual</w> <w type="WRB">when</w> <w type="PPSS">I</w> <w type="BEDZ">was</w> <w type="IN">in</w> <w type="AT">the</w> <w type="NN">army</w> <c type="pct">,</c> <w type="CC">and</w> <w type="AT">the</w> <w type="NN">plane</w> <w type="MD">would</w> <w type="BE">be</w> <w type="VBN">grounded</w> <w type="ABN">all</w> <w type="NN">night</w> <c type="pct">.</c> </s>
<s n="22"><w type="IN">In</w> <w type="AP">less</w> <w type="IN">than</w> <w type="AT">an</w> <w type="NN">hour</w> <w type="PPSS">I</w> <w type="HVD">had</w> <w type="VBN">gotten</w> <w type="AT">a</w> <w type="NN">hotel</w> <c type="pct">,</c> <w type="VBD">showered</w> <c type="pct">,</c> <w type="VBD">shaved</w> <w type="CC">and</w> <w type="BEDZ">was</w> <w type="RP">out</w> <w type="IN">on</w> <w type="AT">the</w> <w type="NNS" subtype="FW">Champs</w> <w type="NP">Elysees</w> <w type="IN">in</w> <w type="AT">a</w> <w type="JJ">fresh</w> <w type="NN">uniform</w> <c type="pct">.</c> </s>
<s n="23"><w type="PPSS">I</w> <w type="VBD">felt</w> <w type="CS">like</w> <w type="AT">a</w> <w type="NP">Hun</w> <w type="IN">in</w> <w type="NP">Rome</w> <c type="pct">.</c> </s>
</p>
<p><s n="24"><w type="QL">All</w> <w type="AT">the</w> <w type="NNS">women</w> <w type="BED">were</w> <w type="JJ">beautiful</w> <c type="pct">,</c> <w type="CC">and</w> <w type="AT">the</w> <w type="NNS">men</w> <w type="BED">were</w> <w type="JJ">equal</w> <w type="IN">to</w> <w type="PPO">them</w> <c type="pct">;</c> <c type="pct">;</c> </s>
<s n="25"><w type="PN">everything</w> <w type="BEDZ">was</w> <w type="JJ">glamorous</w> <w type="IN">to</w> <w type="PPg">my</w> <w type="VBN">dazzled</w> <w type="NNS">eyes</w> <c type="pct">.</c> </s>
<s n="26"><w type="EX">There</w> <w type="BED">were</w> <w type="DTI">some</w> <w type="JJ">sweet</w> <w type="NNS">machines</w> <w type="AP">other</w> <w type="IN">than</w> <w type="NNS">women</w> <c type="pct">:</c> <w type="AT">an</w> <w type="JJ">old</w> <w type="NP">Bugatti</w> <c type="pct">,</c> <w type="AT">a</w> <w type="JJ">lean</w> <w type="NP">Farina</w> <w type="NN">coachwork</w> <w type="IN">on</w> <w type="AT">an</w> <w type="JJ">American</w> <w type="NN">chassis</w> <c type="pct">,</c> <w type="AT">a</w> <w type="NN" subtype="TL">Swallow</w> <c type="pct">,</c> <w type="AT">a</w> <w type="NN">type</w> <w type="NN">A40-AjK</w> <w type="NP">Mercedes</w> <w type="CC">and</w> <w type="NNS">lots</w> <w type="AP">more</w> <c type="pct">.</c> </s>
<s n="27"><w type="EX">There</w> <w type="BEDZ">was</w> <w type="AT">the</w> <w type="NN" subtype="FW">Arc</w> <w type="IN" subtype="FW">de</w> <w type="NN" subtype="FW">Triomphe</w> <w type="CC">and</w> <w type="AT">the</w> <w type="NN" subtype="FW">Tour</w> <mw pos="IN NP" subtype="FW">d'Eiffel </mw><c type="pct">--</c> <w type="PPSS">I</w> <w type="BEDZ">was</w> <w type="AT">no</w> <w type="NN">yokel</w> <c type="pct">,</c> <w type="CC">but</w> <w type="PPSS">I</w> <w type="BEDZ">was</w> <w type="JJ">young</w> <c type="pct">,</c> <w type="CC">and</w> <w type="DT">this</w> <w type="BEDZ">was</w> <w type="NP">Paris</w> <c type="pct">!</c> <c type="pct">!</c> </s>
</p>
<p><s n="28"><w type="PPSS">I</w> <w type="HVD">had</w> <w type="NN">champagne</w> <w type="IN">at</w> <w type="NPg">Maxim's</w> <c type="pct">,</c> <w type="RB">then</w> <w type="VBD">went</w> <w type="IN">into</w> <w type="AT">a</w> <w type="NN">cafe</w> <w type="VBN">called</w> <w type="AT">the</w> <w type="NN" subtype="FW">Jour</w> <w type="CC" subtype="FW">et</w> <w type="NN" subtype="FW">Nuit</w> <w type="TO">to</w> <w type="VB">ask</w> <w type="AT">the</w> <w type="NN">way</w> <w type="IN">to</w> <w type="NP">Montmartre</w> <c type="pct">.</c> </s>
<s n="29"><w type="PPSS">I</w> <w type="RB">never</w> <w type="VBD">got</w> <w type="RB">there</w> <c type="pct">.</c> </s>
<s n="30"><w type="PPSS">I</w> <w type="VBD">met</w> <w type="NP">Claire</w> <c type="pct">,</c> <w type="WDT">which</w> <w type="BEDZ">was</w> <w type="JJR">better</w> <c type="pct">.</c> </s>
<s n="31"><w type="PPS">She</w> <w type="BEDZ">was</w> <w type="VBG">eating</w> <w type="NN">bread</w> <w type="CC">and</w> <w type="NN">cheese</w> <w type="RB">just</w> <w type="QL">as</w> <w type="RB">fast</w> <w type="CS">as</w> <w type="PPS">she</w> <w type="RB">possibly</w> <w type="MD">could</w> <c type="pct">,</c> <w type="CC">and</w> <w type="VBG">washing</w> <w type="PPO">it</w> <w type="RP">down</w> <w type="IN">with</w> <w type="JJ">red</w> <w type="NN">wine</w> <c type="pct">.</c> </s>
<s n="32"><w type="PPSS">I</w> <w type="VBD">stared</w> <c type="pct">.</c> </s>
<s n="33"><w type="PPSS">I</w> <mw pos="DOD *">didn't </mw><w type="VB">know</w> <w type="AT">a</w> <w type="NN">human</w> <w type="MD">could</w> <w type="VB">feed</w> <w type="QL">so</w> <w type="RB">fast</w> <w type="CC">and</w> <w type="RB">still</w> <w type="BE">be</w> <w type="JJ">beautiful</w> <c type="pct">.</c> </s>
<s n="34"><w type="PPS">She</w> <w type="BEDZ">was</w> <w type="JJ">blonde</w> <c type="pct">,</c> <w type="CC">and</w> <w type="JJ">young</w> <c type="pct">,</c> <w type="CC">and</w> <w type="JJ">nice</w> <w type="CC">and</w> <w type="JJ">round</w> <w type="IN">in</w> <w type="AT">a</w> <w type="JJ">tight</w> <w type="JJ">white</w> <w type="NN">dress</w> <c type="pct">.</c> </s>
<s n="35"><w type="RB">Maybe</w> <w type="PPg">her</w> <w type="JJ">ravenous</w> <w type="NN">eating</w> <mw pos="BEDZ *">wasn't </mw><w type="JJ">grotesque</w> <w type="CS">because</w> <w type="PPS">she</w> <w type="BEDZ">was</w> <w type="QL">so</w> <w type="JJ">positive</w> <w type="IN">about</w> <w type="PPO">it</w> <c type="pct">.</c> </s>
</p>
<p><s n="36"><w type="WRB">When</w> <w type="PPS">she</w> <w type="HVD">had</w> <w type="VBN">drained</w> <w type="AT">the</w> <w type="AP">last</w> <w type="IN">of</w> <w type="AT">the</w> <w type="NN">bottle</w> <w type="CC">and</w> <w type="VBD">paid</w> <w type="PPg">her</w> <w type="NN">bill</w> <c type="pct">,</c> <w type="PPS">she</w> <w type="VBD">came</w> <w type="RB">directly</w> <w type="IN">to</w> <w type="PPg">my</w> <w type="NN">table</w> <w type="CC">and</w> <w type="VBD">said</w> <c type="pct">:</c> </s>
</p>
<p><s n="37"><c type="pct">``</c> <w type="JJ">Handsome</w> <w type="NN">soldier</w> <c type="pct">,</c> <w type="PPSS">I</w> <w type="HV">have</w> <w type="VBN">assuaged</w> <w type="CD">one</w> <w type="NN">hunger</w> <w type="IN">with</w> <w type="NN">food</w> <c type="pct">.</c> </s>
<s n="38"><w type="PPSS">I</w> <w type="VB">feel</w> <w type="DT">another</w> <w type="IN">of</w> <w type="JJ">terrible</w> <w type="NN">urgency</w> <c type="pct">.</c> </s>
<s n="39"><w type="BEZ">Is</w> <w type="PPg">your</w> <w type="NN">evening</w> <w type="JJ">free</w> <c type="pct">''</c> <c type="pct">?</c> <c type="pct">?</c> </s>
</p>
<p><s n="40"><c type="pct">``</c> <w type="NP">Madame</w> <c type="pct">''</c> <c type="pct">,</c> <w type="PPSS">I</w> <w type="VBD">said</w> <w type="IN">with</w> <w type="NN">noblesse</w> <w type="NN">oblige</w> <w type="CS">because</w> <w type="IN">of</w> <w type="AT">the</w> <c type="pct">``</c> <w type="JJ">handsome</w> <c type="pct">''</c> <c type="pct">--</c> <c type="pct">``</c> <w type="RB">yeah</w> <c type="pct">''</c> <c type="pct">.</c> </s>
</p>
<p><s n="41"><w type="CC">And</w> <w type="RB">so</w> <w type="RP">off</w> <w type="PPSS">we</w> <w type="VBD">went</w> <w type="IN">to</w> <w type="PPg">her</w> <w type="NN">apartment</w> <c type="pct">.</c> </s>
<s n="42"><w type="PPS">She</w> <w type="BEDZ">was</w> <w type="AT">a</w> <w type="NN">nymphomaniac</w> <c type="pct">,</c> <w type="IN">of</w> <w type="NN">course</w> <c type="pct">,</c> <w type="AT">the</w> <w type="JJ">poor</w> <w type="NN">girl</w> <c type="pct">.</c> </s>
<s n="43"><w type="IN">Toward</w> <w type="AT">the</w> <w type="NN">break</w> <w type="IN">of</w> <w type="NN">day</w> <w type="PPSS">I</w> <w type="VBD">waxed</w> <w type="JJ">philosophical</w> <c type="pct">,</c> <w type="CC">and</w> <w type="VBD">drew</w> <w type="NNS">analogies</w> <w type="IN">about</w> <w type="PPg">her</w> <w type="NN">way</w> <w type="IN">of</w> <w type="VBG">eating</w> <w type="NN">bread</w> <w type="CC">and</w> <w type="NN">cheese</w> <c type="pct">.</c> </s>
</p>
<p><s n="44"><w type="RB">Now</w> <w type="PPS">it</w> <w type="BEDZ">was</w> <w type="CD">nine</w> <w type="NNS">years</w> <w type="RBR">later</w> <c type="pct">,</c> <w type="CC">and</w> <w type="PPS">it</w> <mw pos="BEDZ *">wasn't </mw><w type="NN">spring</w> <w type="CC">but</w> <w type="NN">winter</w> <w type="WRB">when</w> <w type="PPSS">I</w> <w type="VBD">returned</w> <c type="pct">.</c> </s>
</p>
<p><s n="45"><w type="PPSS">I</w> <w type="VBD">got</w> <w type="RB">there</w> <w type="IN">on</w> <w type="AT">a</w> <w type="NR">Saturday</w> <w type="NN">evening</w> <c type="pct">.</c> </s>
<s n="46"><w type="PPSS">I</w> <w type="VBD">made</w> <w type="AT">the</w> <w type="NN">mistake</w> <w type="IN">of</w> <w type="VBG">going</w> <w type="IN">to</w> <w type="AT">the</w> <w type="NN" subtype="FW">Jour</w> <w type="CC" subtype="FW">et</w> <w type="NN" subtype="FW">Nuit</w> <c type="pct">.</c> </s>
<s n="47"><w type="AT">The</w> <w type="NN">place</w> <w type="BEDZ">was</w> <w type="JJ">busy</w> <w type="CC">but</w> <w type="PPSS">I</w> <mw pos="DOD *">didn't </mw><w type="VB">feel</w> <w type="CS">like</w> <w type="AT">a</w> <w type="NP">Hun</w> <c type="pct">.</c> </s>
<s n="48"><w type="PPSS">I</w> <w type="VBD">sat</w> <w type="VBG">waiting</w> <w type="IN">for</w> <w type="NN" subtype="TL">Life</w> <w type="TO">to</w> <w type="VB">come</w> <w type="RB">along</w> <w type="CC">and</w> <w type="VB">sweep</w> <w type="PPO">me</w> <w type="RP">up</w> <c type="pct">.</c> </s>
<s n="49"><w type="PPSS">I</w> <w type="HVD">had</w> <w type="NN">part</w> <w type="IN">of</w> <w type="AT">a</w> <w type="NN">bottle</w> <w type="IN">of</w> <w type="JJ">French</w> <w type="NN">beer</w> <w type="VBN">called</w> <w type="NN" subtype="TL">Panther</w> <w type="NN" subtype="TL">Pils</w> <c type="pct">(</c> <w type="RB">so</w> <w type="VB">help</w> <w type="PPO">me</w> <c type="pct">)</c> <c type="pct">,</c> <w type="RB">then</w> <w type="VBD">switched</w> <w type="IN">to</w> <w type="NP">Tuborg</w> <c type="pct">.</c> </s>
<s n="50"><w type="IN">After</w> <w type="AT">a</w> <w type="AP">few</w> <w type="NNS">hours</w> <c type="pct">,</c> <w type="NN" subtype="TL">Life</w> <mw pos="HVD *">hadn't </mw><w type="VBN">showed</w> <c type="pct">,</c> <w type="CC">and</w> <w type="PPSS">I</w> <w type="BEDZ">was</w> <w type="VBN">crocked</w> <c type="pct">.</c> </s>
<s n="51"><w type="PPSS">I</w> <w type="VBD">went</w> <w type="IN">to</w> <w type="PPg">my</w> <w type="NN">hotel</w> <w type="CC">and</w> <w type="VBD">slept</w> <c type="pct">.</c> </s>
<s n="52"><w type="AT">The</w> <w type="AP">next</w> <w type="NN">morning</w> <w type="AT">a</w> <w type="AP">little</w> <w type="NN">cognac</w> <w type="VBD">made</w> <w type="PPO">me</w> <w type="VB">feel</w> <w type="RBR">better</w> <c type="pct">--</c> <w type="CC">but</w> <w type="WDT">what</w> <w type="MD">can</w> <w type="PPSS">you</w> <w type="DO">do</w> <w type="IN">in</w> <w type="NP">Paris</w> <w type="IN">on</w> <w type="NR">Sunday</w> <w type="NN">morning</w> <c type="pct">?</c> <c type="pct">?</c> </s>
<s n="53"><w type="CS">So</w> <w type="PPSS">I</w> <w type="VBD">drank</w> <w type="AP">more</w> <w type="NN">cognac</w> <c type="pct">.</c> </s>
</p>
<p><s n="54"><w type="QL">All</w> <w type="DT">that</w> <w type="NN">day</w> <w type="CC">and</w> <w type="NR">Monday</w> <w type="PPSS">I</w> <w type="VBD">drank</w> <w type="RB">just</w> <w type="AP">enough</w> <w type="TO">to</w> <w type="VB">orbit</w> <w type="CC">but</w> <w type="NEG">not</w> <w type="VB">make</w> <w type="JJ">deep</w> <w type="NN">space</w> <c type="pct">.</c> </s>
<s n="55"><w type="PPSS">I</w> <w type="VB">read</w> <w type="AT">the</w> <w type="NN" subtype="TL">Tropic</w> <w type="IN" subtype="TL">of</w> <w type="NP" subtype="TL">Capricorn</w> <w type="CC">and</w> <w type="AT">the</w> <w type="NN" subtype="TL">Tropic</w> <w type="IN" subtype="TL">of</w> <w type="NP" subtype="TL">Cancer</w> <c type="pct">.</c> </s>
<s n="56"><w type="JJ">Elemental</w> <c type="pct">,</c> <w type="CC">but</w> <w type="NN">sex</w> <c type="pct">.</c> </s>
<s n="57"><mw pos="DT BEZ">That's </mw><w type="WDT">what</w> <w type="BEDZ">was</w> <w type="IN">on</w> <w type="PPg">my</w> <w type="NN">mind</w> <c type="pct">.</c> </s>
<s n="58"><w type="PPSS">I</w> <w type="BEDZ">was</w> <w type="VBG">turning</w> <w type="RP">over</w> <w type="AT">the</w> <w type="NN">idea</w> <w type="IN">of</w> <w type="AT">a</w> <w type="JJ">good</w> <w type="NN">debauchery</w> <w type="WRB">when</w> <w type="PPSS">I</w> <w type="VBD">dozed</w> <w type="RP">off</w> <c type="pct">.</c> </s>
</p>
<p><s n="59"><w type="PPSS">I</w> <w type="VBD">felt</w> <w type="RBR">better</w> <w type="NR">Tuesday</w> <w type="NN">evening</w> <w type="WRB">when</w> <w type="PPSS">I</w> <w type="VBD">woke</w> <w type="RP">up</w> <c type="pct">.</c> </s>
<s n="60"><w type="PPg">My</w> <w type="NN">head</w> <w type="BEDZ">was</w> <w type="JJ">clear</w> <c type="pct">,</c> <w type="PPg">my</w> <w type="NN">thinking</w> <w type="JJ">sober</w> <w type="CC">and</w> <w type="PPSS">I</w> <w type="BEDZ">was</w> <w type="VBN">reconciled</w> <w type="IN">to</w> <w type="DT">this</w> <w type="NP">Paris</w> <w type="NN">idea</w> <w type="CS">as</w> <w type="AT">a</w> <w type="NN">flop</w> <w type="IN">on</w> <w type="NN">top</w> <w type="IN">of</w> <w type="ABN">all</w> <w type="PPg">my</w> <w type="NNS">others</w> <c type="pct">.</c> </s>
<s n="61"><w type="AT">A</w> <w type="JJ">good</w> <w type="NN">binge</w> <w type="HVZ">has</w> <w type="DT">that</w> <w type="NN">kind</w> <w type="IN">of</w> <w type="JJ">therapeutic</w> <w type="NN">value</w> <c type="pct">.</c> </s>
</p>
<p><s n="62"><w type="RB">Sometime</w> <w type="RBR">earlier</w> <w type="AT">the</w> <w type="NN">weather</w> <w type="HVD">had</w> <w type="VBN">turned</w> <w type="JJ">cold</w> <w type="CC">and</w> <w type="PPS">it</w> <w type="BEDZ">was</w> <w type="VBG">snowing</w> <c type="pct">.</c> </s>
<s n="63"><w type="PPSS">I</w> <w type="VBD">went</w> <w type="RP">out</w> <w type="IN">into</w> <w type="PPO">it</w> <c type="pct">.</c> </s>
<s n="64"><w type="PPSS">I</w> <w type="VBD">walked</w> <w type="RB">around</w> <w type="VBG">breathing</w> <w type="AT">the</w> <w type="JJ">cold</w> <w type="NN">wine</w> <w type="IN">of</w> <w type="AT">the</w> <w type="NN">air</w> <w type="CS">until</w> <w type="PPSS">I</w> <w type="VBD">found</w> <w type="AT">a</w> <w type="NN">park</w> <c type="pct">,</c> <w type="CC">and</w> <w type="PPSS">I</w> <w type="VBD">sat</w> <w type="RP">down</w> <w type="IN">on</w> <w type="AT">a</w> <w type="JJ">snowy</w> <w type="NN">bench</w> <w type="WRB">where</w> <w type="AT">the</w> <w type="NN">light</w> <w type="BEDZ">was</w> <w type="JJ">dim</w> <w type="CC">and</w> <w type="VBD">came</w> <w type="IN">from</w> <w type="AT">the</w> <w type="NN">sky</w> <c type="pct">.</c> </s>
<s n="65"><w type="EX">There</w> <w type="BEDZ">was</w> <w type="NN">dignity</w> <w type="CC">and</w> <w type="NN">beauty</w> <w type="IN">in</w> <w type="AT">the</w> <w type="QL">little</w> <w type="JJ">white</w> <w type="NNS">flakes</w> <w type="VBG">falling</w> <w type="IN">through</w> <w type="AT">the</w> <w type="JJ">blue</w> <w type="NN">night</w> <c type="pct">.</c> </s>
<s n="66"><w type="PPSS">I</w> <w type="HVD">had</w> <w type="RP">on</w> <w type="RB">only</w> <w type="AT">a</w> <w type="NN">topcoat</w> <c type="pct">,</c> <w type="CC">but</w> <w type="PPSS">I</w> <mw pos="BEDZ *">wasn't </mw><w type="JJ">cold</w> <c type="pct">.</c> </s>
<s n="67"><w type="PPSS">I</w> <w type="BEDZ">was</w> <w type="RB">just</w> <w type="JJ">miserable</w> <c type="pct">.</c> </s>
</p>
<p><s n="68"><w type="QL">Pretty</w> <w type="RB">soon</w> <w type="AT">a</w> <w type="NN">woman</w> <w type="VBD">came</w> <w type="RB">along</w> <w type="VBG">carrying</w> <w type="AT">a</w> <w type="VBN">folded</w> <w type="NN">umbrella</w> <w type="CS">as</w> <w type="AT">a</w> <w type="VBG">walking</w> <w type="NN">stick</w> <c type="pct">.</c> </s>
<s n="69"><w type="PPS">She</w> <w type="VBD">saw</w> <w type="PPO">me</w> <w type="CC">and</w> <w type="VBD">sat</w> <w type="RP">down</w> <w type="IN">beside</w> <w type="PPO">me</w> <c type="pct">,</c> <w type="CD">three</w> <w type="NNS">feet</w> <w type="RB">away</w> <c type="pct">.</c> </s>
<s n="70"><w type="RB">Suddenly</w> <w type="PPSS">I</w> <w type="VBD">understood</w> <w type="WRB">why</w> <w type="PPS">she</w> <w type="HVD">had</w> <w type="AT">the</w> <w type="NN">umbrella</w> <c type="pct">.</c> </s>
<s n="71"><w type="PPS">It</w> <w type="VBD">gave</w> <w type="PPO">her</w> <w type="NN">poise</w> <w type="CC">and</w> <w type="NN">posture</w> <c type="pct">.</c> </s>
<s n="72"><w type="IN">Without</w> <w type="PPO">it</w> <w type="PPS">she</w> <w type="MD">would</w> <w type="HV">have</w> <w type="BEN">been</w> <w type="JJ">drab</w> <w type="CC">and</w> <w type="JJ">limp</w> <c type="pct">.</c> </s>
<s n="73"><w type="PPS">It</w> <w type="VBD">gave</w> <w type="PPO">her</w> <w type="NN">propriety</w> <c type="pct">.</c> </s>
<s n="74"><w type="PPS">It</w> <w type="VBD">gave</w> <w type="PPO">her</w> <w type="AT">the</w> <w type="NN">right</w> <w type="TO">to</w> <w type="VB">sit</w> <w type="RP">down</w> <w type="IN">beside</w> <w type="PPO">me</w> <c type="pct">,</c> <w type="NN">back</w> <w type="JJ">straight</w> <c type="pct">,</c> <w type="CD">one</w> <w type="NN">hand</w> <w type="RP">out</w> <w type="IN">on</w> <w type="AT">the</w> <w type="NN">handle</w> <c type="pct">.</c> </s>
<s n="75"><w type="PPSS">I</w> <mw pos="MD *">couldn't </mw><w type="VB">imagine</w> <w type="PPO">her</w> <w type="IN">without</w> <w type="PPO">it</w> <c type="pct">.</c> </s>
<s n="76"><w type="PPSS">I</w> <w type="VBD">knew</w> <w type="ABN">all</w> <w type="IN">about</w> <w type="PPO">her</w> <c type="pct">.</c> </s>
<s n="77"><w type="PPS">She</w> <w type="BEDZ">was</w> <w type="DT">another</w> <w type="NN">human</w> <w type="NN">being</w> <w type="CC">and</w> <w type="VBD">happened</w> <w type="TO">to</w> <w type="BE">be</w> <w type="AT">a</w> <w type="NN">hustler</w> <c type="pct">.</c> </s>
<s n="78"><w type="PPSS">I</w> <mw pos="DOD *">didn't </mw><w type="RB">much</w> <w type="VB">care</w> <w type="CS">if</w> <w type="PPS">she</w> <w type="BED">were</w> <w type="RB">there</w> <w type="CC">or</w> <w type="NEG">not</w> <c type="pct">.</c> </s>
</p>
<p><s n="79"><w type="IN">After</w> <w type="AT">a</w> <w type="NN">while</w> <w type="PPS">she</w> <w type="VBD">said</w> <w type="IN">with</w> <w type="NN">sort</w> <w type="IN">of</w> <w type="AT">an</w> <w type="JJ">unuttered</w> <w type="NN">laugh</w> <c type="pct">,</c> <c type="pct">``</c> <w type="PPSS">You</w> <w type="HV">have</w> <w type="NN">snow</w> <w type="IN">in</w> <w type="PPg">your</w> <w type="NN">hair</w> <w type="CC">and</w> <w type="NNS">ears</w> <c type="pct">''</c> <c type="pct">.</c> </s>
<s n="80"><c type="pct">(</c> <w type="PPSS">I</w> <mw pos="DOD *">didn't </mw><w type="HV">have</w> <w type="RP">on</w> <w type="AT">a</w> <w type="NN">hat</w> <c type="pct">.</c> </s>
</p>
<p><s n="81"><w type="RB">Hardly</w> <w type="VBG">glancing</w> <w type="IN">at</w> <w type="PPO">her</w> <c type="pct">,</c> <w type="PPSS">I</w> <w type="VBD">smiled</w> <w type="AT">a</w> <w type="JJ">bleak</w> <w type="PN">one</w> <w type="WDT">which</w> <w type="VBD">said</w> <c type="pct">,</c> <w type="NNS">Thanks</w> <c type="pct">,</c> <w type="NN">baby</w> <c type="pct">,</c> <w type="CC">but</w> <mw pos="PPSS MD">I'd </mw><w type="RB">rather</w> <w type="BE">be</w> <w type="RB">alone</w> <c type="pct">.</c> </s>
</p>
<p><s n="82"><w type="PPS">She</w> <w type="BEDZ">was</w> <w type="JJ">silent</w> <w type="IN">for</w> <w type="AT">a</w> <w type="NN">while</w> <c type="pct">,</c> <w type="RB">then</w> <w type="VBD">said</w> <c type="pct">,</c> <c type="pct">``</c> <w type="WRB">Why</w> <w type="BER">are</w> <w type="PPSS">you</w> <w type="QL">so</w> <w type="JJ">unhappy</w> <c type="pct">''</c> <c type="pct">?</c> <c type="pct">?</c> </s>
</p>
<p><s n="83"><c type="pct">``</c> <mw pos="PPSS BEM">I'm </mw><w type="NEG">not</w> <w type="JJ">unhappy</w> <c type="pct">''</c> <c type="pct">,</c> <w type="PPSS">I</w> <w type="VBD">lied</w> <c type="pct">,</c> <w type="VBG">staring</w> <w type="IN">at</w> <w type="AT">the</w> <w type="NN">snow</w> <c type="pct">.</c> </s>
<s n="84"><w type="PPS">She</w> <w type="BEDZ">was</w> <w type="VBG">trying</w> <w type="TO">to</w> <w type="VB">make</w> <w type="AT">a</w> <w type="NN">hole</w> <w type="IN">in</w> <w type="PPg">my</w> <w type="NN">armor</w> <c type="pct">,</c> <w type="CC">and</w> <w type="PPSS">I</w> <mw pos="DOD *">didn't </mw><w type="VB">want</w> <w type="PPO">it</w> <c type="pct">.</c> </s>
</p>
<p><s n="85"><c type="pct">``</c> <w type="BEZ">Is</w> <w type="PPS">it</w> <w type="AT">a</w> <w type="NN">woman</w> <c type="pct">''</c> <c type="pct">?</c> <c type="pct">?</c> </s>
<s n="86"><w type="PPS">She</w> <w type="VBD">asked</w> <w type="RB">gently</w> <c type="pct">.</c> </s>
<s n="87"><w type="PPS">She</w> <w type="MD">must</w> <w type="HV">have</w> <w type="VBN">seen</w> <w type="AT">the</w> <w type="NN">ring</w> <w type="IN">on</w> <w type="PPg">my</w> <w type="JJ">left</w> <w type="NN">hand</w> <c type="pct">.</c> </s>
</p>
<p><s n="88"><c type="pct">``</c> <w type="UH">Well</w> <c type="pct">--</c> <w type="NNS">women</w> <w type="CC">and</w> <w type="NN">unhappiness</w> <w type="VB">go</w> <w type="RB">together</w> <c type="pct">''</c> <c type="pct">,</c> <w type="PPSS">I</w> <w type="VBD">observed</w> <w type="RB">profoundly</w> <c type="pct">,</c> <w type="VBG">adding</w> <c type="pct">,</c> <c type="pct">``</c> <w type="PPSS">You</w> <w type="MD">can</w> <w type="VB">wager</w> <w type="PPg">your</w> <w type="NN">derriere</w> <w type="IN">on</w> <w type="DT">that</w> <c type="pct">''</c> <c type="pct">.</c> </s>
</p>
<p><s n="89"><c type="pct">``</c> <w type="UH">Ah</w> <c type="pct">,</c> <w type="NP">Monsieur</w> <c type="pct">,</c> <w type="PPS">it</w> <w type="BEZ">is</w> <w type="NEG">not</w> <w type="PPg">my</w> <w type="NN">business</w> <w type="TO">to</w> <w type="VB">wager</w> <w type="PPO">it</w> <c type="pct">.</c> </s>
</p>
<p><s n="90"><w type="DT">This</w> <w type="VBD">took</w> <w type="PPO">me</w> <w type="QL">so</w> <w type="JJ">funny</w> <w type="PPSS">I</w> <w type="HVD">had</w> <w type="TO">to</w> <w type="VB">look</w> <w type="IN">at</w> <w type="PPO">her</w> <c type="pct">.</c> </s>
<s n="91"><w type="PPSS">I</w> <w type="VBD">felt</w> <w type="PPg">my</w> <w type="VBN">frozen</w> <w type="JJ">sad</w> <w type="NN">face</w> <w type="VB">crumble</w> <c type="pct">,</c> <w type="CC">and</w> <w type="PPSS">I</w> <w type="VBD">grinned</w> <w type="AT">a</w> <w type="JJ">silly</w> <w type="CD">one</w> <w type="PPSS">I</w> <mw pos="MD *">couldn't </mw><w type="HV">have</w> <w type="VBN">helped</w> <c type="pct">.</c> </s>
<s n="92"><w type="PPSS">I</w> <w type="RB">even</w> <w type="VBD">snorted</w> <w type="AT">a</w> <w type="NN">chuckle</w> <c type="pct">.</c> </s>
</p>
<p><s n="93"><w type="PPS">She</w> <w type="VBD">smiled</w> <w type="IN">at</w> <w type="PPO">me</w> <c type="pct">,</c> <w type="CC">but</w> <w type="PPS">it</w> <w type="BEDZ">was</w> <w type="AT">an</w> <w type="QL">awfully</w> <w type="JJ">sad</w> <w type="NN">smile</w> <c type="pct">.</c> </s>
<s n="94"><w type="PPS">She</w> <w type="BEDZ">was</w> <w type="RB">even</w> <w type="QL">more</w> <w type="JJ">miserable</w> <w type="CS">than</w> <w type="PPO">me</w> <c type="pct">.</c> </s>
<s n="95"><w type="PPg">Her</w> <w type="NNS">eyes</w> <w type="BED">were</w> <w type="VBG">smiling</w> <c type="pct">,</c> <w type="RB">too</w> <c type="pct">,</c> <w type="CC">but</w> <w type="QL">so</w> <w type="RB">sadly</w> <c type="pct">,</c> <w type="CC">and</w> <w type="EX">there</w> <w type="BEDZ">was</w> <w type="NN">tiredness</w> <w type="CC">and</w> <w type="JJ">infinite</w> <w type="NN">wisdom</w> <w type="IN">in</w> <w type="PPO">them</w> <c type="pct">.</c> </s>
<s n="96"><c type="pct">``</c> <w type="RB">Now</w> <mw pos="BEZ *">isn't </mw><w type="PPS">it</w> <w type="JJR">better</w> <w type="TO">to</w> <w type="VB">smile</w> <c type="pct">''</c> <c type="pct">?</c> <c type="pct">?</c> </s>
<s n="97"><w type="PPS">She</w> <w type="VBD">asked</w> <c type="pct">.</c> </s>
</p>
<p><s n="98"><w type="CS">Because</w> <w type="PPSS">I</w> <w type="VBD">liked</w> <w type="DT">this</w> <w type="JJ">sad</w> <w type="NN">person</w> <w type="QL">so</w> <w type="RB">much</w> <c type="pct">,</c> <w type="PPSS">I</w> <w type="VBD">said</w> <c type="pct">,</c> <c type="pct">``</c> <w type="MD">Will</w> <w type="PPSS">you</w> <w type="HV">have</w> <w type="AT">a</w> <w type="NN">drink</w> <w type="IN">with</w> <w type="PPO">me</w> <c type="pct">''</c> <c type="pct">?</c> <c type="pct">?</c> </s>
</p>
<p><s n="99"><w type="PPSS">I</w> <w type="MD">could</w> <w type="VB">see</w> <w type="AT">the</w> <w type="JJ">ancient</w> <w type="NN">cynicism</w> <w type="VB">reinforce</w> <w type="PPL">itself</w> <w type="IN">in</w> <w type="PPg">her</w> <w type="NNS">eyes</w> <c type="pct">,</c> <w type="CC">and</w> <w type="PPSS">I</w> <w type="VBD">wondered</w> <w type="WRB">how</w> <w type="AP">many</w> <w type="NNS">men</w> <w type="PPS">she</w> <w type="HVD">had</w> <w type="VBN">picked</w> <w type="RP">up</w> <w type="IN">with</w> <w type="DT">this</w> <w type="AP">same</w> <w type="NN">gambit</w> <c type="pct">.</c> </s>
</p>
<p><s n="100"><w type="RB">Anyway</w> <c type="pct">,</c> <w type="PPSS">I</w> <w type="VBD">pulled</w> <w type="AT">a</w> <w type="NN">bottle</w> <w type="IN">of</w> <w type="NP">Remy</w> <w type="NP">Martin</w> <w type="IN">out</w> <w type="IN">of</w> <w type="PPg">my</w> <w type="NN">topcoat</w> <c type="pct">,</c> <w type="VBD">drew</w> <w type="AT">the</w> <w type="NN">cork</w> <c type="pct">,</c> <w type="CC">and</w> <w type="VBD">passed</w> <w type="PPO">it</w> <w type="IN">to</w> <w type="PPO">her</w> <c type="pct">.</c> </s>
</p>
<p><s n="101"><w type="PPSS">I</w> <w type="MD">could</w> <w type="VB">see</w> <w type="PPS">she</w> <w type="BEDZ">was</w> <w type="VBN">shocked</w> <c type="pct">.</c> </s>
</p>
<p><s n="102"><c type="pct">``</c> <mw pos="PPSS BEM">I'm </mw><w type="JJ">sorry</w> <w type="PPSS">I</w> <mw pos="HV *">haven't </mw><w type="VBN">got</w> <w type="AT">a</w> <w type="NN">glass</w> <c type="pct">''</c> <c type="pct">,</c> <w type="PPSS">I</w> <w type="VBD">said</w> <c type="pct">.</c> </s>
</p>
<p><s n="103"><c type="pct">``</c> <w type="RB" subtype="FW">Non</w> <c type="pct">,</c> <w type="RB" subtype="FW">non</w> <c type="pct">''</c> <c type="pct">,</c> <w type="PPS">she</w> <w type="VBD">said</w> <c type="pct">,</c> <w type="VBG">taking</w> <w type="AT">the</w> <w type="NN">bottle</w> <c type="pct">,</c> <c type="pct">``</c> <w type="NEG">not</w> <w type="IN">for</w> <w type="DT">that</w> <w type="BE">be</w> <w type="JJ">sorry</w> <c type="pct">''</c> <c type="pct">.</c> </s>
</p>
<p><s n="104"><w type="PPS">She</w> <w type="VBD">tilted</w> <w type="RP">up</w> <w type="CC">and</w> <w type="VBD">drank</w> <c type="pct">,</c> <w type="CC">and</w> <w type="RB">then</w> <w type="PPSS">I</w> <w type="VBD">drank</w> <c type="pct">.</c> </s>
<s n="105"><mw pos="PPS BEZ">It's </mw><w type="QL">really</w> <w type="JJ">rotten</w> <w type="TO">to</w> <w type="VB">drink</w> <w type="JJ">good</w> <w type="NN">cognac</w> <w type="CS">like</w> <w type="DT">that</w> <c type="pct">,</c> <w type="CC">but</w> <w type="PPSS">I</w> <mw pos="HVD *">hadn't </mw><w type="VBN">cared</w> <w type="RB">before</w> <c type="pct">.</c> </s>
<s n="106"><w type="PPSS">I</w> <mw pos="BEDZ *">wasn't </mw><w type="VBG">going</w> <w type="TO">to</w> <w type="VB">lug</w> <w type="RB">around</w> <w type="AT">a</w> <w type="NN">glass</w> <c type="pct">.</c> </s>
</p>
<p><s n="107"><w type="EX">There</w> <mw pos="BEDZ *">wasn't </mw><w type="AP">much</w> <w type="NN">light</w> <w type="IN">in</w> <w type="AT">the</w> <w type="JJ">blue</w> <w type="NN">dark</w> <c type="pct">,</c> <w type="CC">but</w> <w type="PPSS">I</w> <w type="MD">could</w> <w type="VB">see</w> <w type="PPO">her</w> <w type="RB">well</w> <c type="pct">.</c> </s>
<s n="108"><w type="AT">No</w> <w type="NN">child</w> <c type="pct">,</c> <w type="DT">this</w> <w type="NN">tart</w> <c type="pct">,</c> <w type="PPS">she</w> <w type="MD">must</w> <w type="HV">have</w> <w type="BEN">been</w> <w type="CD">thirty-five</w> <w type="CC">or</w> <w type="RB">even</w> <w type="CD">forty</w> <c type="pct">.</c> </s>
<s n="109"><w type="PPSS">I</w> <mw pos="MD *">couldn't </mw><w type="BE">be</w> <w type="JJ">sure</w> <c type="pct">.</c> </s>
<s n="110"><w type="RB">Somehow</w> <w type="PPS">she</w> <w type="BEDZ">was</w> <w type="JJ">attractive</w> <c type="pct">.</c> </s>
<s n="111"><w type="NEG">Not</w> <w type="JJ">good</w> <w type="VBG">looking</w> <c type="pct">,</c> <w type="CC">but</w> <w type="JJ">self-confident</w> <w type="CC">and</w> <w type="JJ">wise</w> <w type="CS">so</w> <w type="CS">that</w> <w type="PPS">it</w> <w type="VBD">made</w> <w type="PPO">her</w> <w type="JJ">attractive</w> <c type="pct">.</c> </s>
<s n="112"><w type="PPSS">I</w> <w type="VBD">liked</w> <w type="PPO">her</w> <c type="pct">,</c> <w type="CC">and</w> <w type="ABN">all</w> <w type="IN">at</w> <w type="CS">once</w> <w type="PPSS">I</w> <w type="BEDZ">was</w> <w type="JJ">glad</w> <w type="PPS">she</w> <w type="BEDZ">was</w> <w type="RB">there</w> <c type="pct">.</c> </s>
</p>
<p><s n="113"><w type="PPSS">We</w> <w type="VBD">finished</w> <w type="AT">the</w> <w type="NN">bottle</w> <c type="pct">--</c> <w type="PPSS">I</w> <mw pos="HVD *">hadn't </mw><w type="HVN">had</w> <w type="AT">a</w> <w type="NN">lot</w> <w type="IN">out</w> <w type="IN">of</w> <w type="PPO">it</w> <w type="RBR">earlier</w> <c type="pct">--</c> <w type="NEG">not</w> <w type="VBG">speaking</w> <w type="RB">much</w> <w type="IN">to</w> <w type="DT">each</w> <w type="AP">other</w> <c type="pct">,</c> <w type="CC">and</w> <w type="PPSS">we</w> <w type="VBD">stayed</w> <w type="JJ">sober</w> <c type="pct">.</c> </s>
</p>
<p><s n="114"><w type="PPSS">I</w> <w type="VB">suppose</w> <w type="PPSS">we</w> <w type="BED">were</w> <w type="JJ">cold</w> <c type="pct">,</c> <w type="CC">but</w> <w type="PPSS">we</w> <mw pos="DOD *">didn't </mw><w type="VB">feel</w> <w type="PPO">it</w> <c type="pct">.</c> </s>
<s n="115"><w type="PPSS">We</w> <w type="VBD">seemed</w> <w type="TO">to</w> <w type="BE">be</w> <w type="VBG">drowsing</w> <c type="pct">,</c> <w type="RB">sadly</w> <c type="pct">,</c> <w type="RB">soberly</w> <c type="pct">,</c> <w type="IN">in</w> <w type="AT">the</w> <w type="JJ">cold</w> <c type="pct">,</c> <w type="JJ">cold</w> <w type="NN">air</w> <w type="CS">while</w> <w type="AT">the</w> <w type="NN">snow</w> <w type="VBD">fell</w> <c type="pct">.</c> </s>
<s n="116"><w type="RB">Then</w> <w type="PPS">she</w> <w type="VBD">said</w> <c type="pct">,</c> <c type="pct">``</c> <w type="VB" subtype="FW">Allons</w> <c type="pct">''</c> <c type="pct">,</c> <w type="CC">and</w> <w type="PPSS">we</w> <w type="VBD">got</w> <w type="RP">up</w> <w type="CC">and</w> <w type="VBD">went</w> <w type="IN">to</w> <w type="PPg">my</w> <w type="NN">hotel</w> <w type="IN">without</w> <w type="DT">another</w> <w type="NN">word</w> <c type="pct">.</c> </s>
</p>
<p><s n="117"><w type="PPSS">I</w> <w type="VBD">sensed</w> <w type="AT">no</w> <w type="NN">stranger</w> <w type="IN">in</w> <w type="PPO">her</w> <c type="pct">.</c> </s>
<s n="118"><w type="PPSS">We</w> <w type="VBD">undressed</w> <w type="CC">and</w> <w type="VBD">made</w> <w type="NN">love</w> <w type="IN">with</w> <w type="AT">the</w> <w type="JJ">comfortable</w> <w type="NN">acceptance</w> <w type="PPSS">I</w> <w type="HVD">had</w> <w type="RB">once</w> <w type="VBN">known</w> <w type="IN">with</w> <w type="NP">Valery</w> <c type="pct">.</c> </s>
<s n="119"><w type="PPSS">I</w> <w type="VBD">decided</w> <w type="CD">thirty-five</w> <w type="BEDZ">was</w> <w type="AT">the</w> <w type="JJT">best</w> <w type="NN">estimate</w> <w type="IN">of</w> <w type="PPg">her</w> <w type="NN">age</w> <c type="pct">.</c> </s>
<s n="120"><w type="PPS">She</w> <w type="HVD">had</w> <w type="AT">a</w> <w type="JJ">funny</w> <w type="AP">little</w> <w type="NN">scar</w> <w type="IN">on</w> <w type="PPg">her</w> <w type="NN">stomach</w> <c type="pct">,</c> <w type="IN">on</w> <w type="AT">the</w> <w type="JJ">left</w> <w type="NN">side</w> <c type="pct">.</c> </s>
</p>
<p><s n="121"><w type="PPSS">I</w> <w type="VB">think</w> <w type="PPSS">we</w> <w type="BED">were</w> <w type="QL">very</w> <w type="VBN">tired</w> <c type="pct">,</c> <w type="CS">for</w> <w type="PPSS">we</w> <w type="VBD">awoke</w> <w type="IN">at</w> <w type="AT">the</w> <w type="AP">same</w> <w type="NN">moment</w> <c type="pct">,</c> <w type="RB">deeply</w> <w type="VBN">rested</w> <c type="pct">,</c> <w type="VBN">surprised</w> <w type="TO">to</w> <w type="VB">see</w> <w type="AT">the</w> <w type="JJ">late</w> <w type="NN">morning</w> <w type="NN">sun</w> <w type="IN">on</w> <w type="AT">the</w> <w type="NNS">windows</w> <c type="pct">,</c> <w type="WDT">which</w> <w type="BED">were</w> <w type="JJ">wet</w> <w type="WRB">where</w> <w type="AT">the</w> <w type="NN">rime</w> <w type="HVD">had</w> <w type="VBN">melted</w> <c type="pct">.</c> </s>
</p>
<p><s n="122"><w type="PPSS">I</w> <w type="VBD">felt</w> <w type="JJ">wonderful</w> <c type="pct">,</c> <w type="AT">the</w> <w type="JJ">absolute</w> <w type="NN">opposite</w> <w type="IN">of</w> <w type="AP">last</w> <w type="NNg">night's</w> <w type="NN">melancholy</w> <c type="pct">.</c> </s>
<s n="123"><w type="PPg">My</w> <w type="NN">head</w> <w type="BEDZ">was</w> <w type="JJ">clear</w> <c type="pct">.</c> </s>
<s n="124"><w type="PPSS">I</w> <w type="BEDZ">was</w> <w type="JJ">hungry</w> <w type="CS">as</w> <w type="AT">a</w> <w type="NN">wolf</w> <c type="pct">,</c> <w type="CC">and</w> <w type="PPg">my</w> <w type="NN">body</w> <w type="VBD">felt</w> <w type="JJ">lean</w> <w type="CC">and</w> <w type="JJ">vital</w> <c type="pct">.</c> </s>
</p>
<p><s n="125"><c type="pct">``</c> <w type="JJ" subtype="FW">Bon</w> <w type="NN" subtype="FW">jour</w> <c type="pct">''</c> <c type="pct">,</c> <w type="PPSS">I</w> <w type="VBD">said</w> <w type="RB">brightly</w> <c type="pct">,</c> <w type="VBG">sitting</w> <w type="RP">up</w> <c type="pct">,</c> <w type="WDT">which</w> <w type="VBD">pulled</w> <w type="AT">the</w> <w type="NNS">covers</w> <w type="IN">to</w> <w type="PPg">her</w> <w type="NNS">hips</w> <c type="pct">.</c> </s>
<s n="126"><w type="PPS">She</w> <w type="VBD">looked</w> <w type="RB">good</w> <c type="pct">,</c> <w type="IN">with</w> <w type="PPg">her</w> <w type="JJ">short</w> <w type="VBN">tousled</w> <w type="NN">hair</w> <w type="CC">and</w> <w type="AT">no</w> <w type="NN">make-up</w> <c type="pct">.</c> </s>
<s n="127"><w type="RB">Maybe</w> <w type="RBR">closer</w> <w type="IN">to</w> <w type="CD">thirty</w> <c type="pct">,</c> <w type="PPSS">I</w> <w type="VBD">thought</w> <c type="pct">.</c> </s>
</p>
<p><s n="128"><c type="pct">``</c> <w type="JJ" subtype="FW">Bon</w> <w type="NN" subtype="FW">jour</w> <c type="pct">''</c> <c type="pct">!</c> <c type="pct">!</c> </s>
<s n="129"><w type="PPS">She</w> <w type="VBD">exclaimed</w> <c type="pct">,</c> <w type="VBG">smiling</w> <c type="pct">.</c> </s>
<s n="130"><c type="pct">``</c> <mw pos="PPSS HV" subtype="FW">J'ai </mw><w type="NN" subtype="FW">faim</w> <c type="pct">''</c> <c type="pct">!</c> <c type="pct">!</c> </s>
<s n="131"><c type="pct">``</c> <w type="RB">Yeah</w> <c type="pct">,</c> <w type="CC">but</w> <w type="NN">breakfast</w> <w type="RB">first</w> <c type="pct">''</c> <c type="pct">.</c> </s>
</p>
<p><s n="132"><w type="IN">With</w> <w type="AT">a</w> <w type="NN">laugh</w> <w type="PPS">she</w> <w type="VBD">beat</w> <w type="PPO">me</w> <w type="IN">to</w> <w type="AT">the</w> <w type="NN">bathroom</w> <c type="pct">.</c> </s>
<s n="133"><w type="PPSS">I</w> <w type="VBD">called</w> <w type="RB">downstairs</w> <w type="IN">for</w> <w type="NN">food</w> <w type="CC">and</w> <w type="AT">a</w> <w type="NN">toothbrush</w> <w type="IN">for</w> <w type="PPO">her</w> <c type="pct">.</c> </s>
<s n="134"><w type="PPS">She</w> <w type="VBD">came</w> <w type="RP">out</w> <w type="JJ">pink</w> <w type="IN">from</w> <w type="AT">a</w> <w type="JJ">hot</w> <w type="NN">bath</w> <c type="pct">,</c> <w type="CC">and</w> <w type="PPSS">I</w> <w type="VBD">gave</w> <w type="PPO">her</w> <w type="PPg">my</w> <w type="NN">robe</w> <c type="pct">.</c> </s>
<s n="135"><w type="PPSS">I</w> <w type="HVD">had</w> <w type="VBN">brushed</w> <w type="PPg">my</w> <w type="NNS">teeth</w> <c type="pct">,</c> <w type="VBD">showered</w> <c type="pct">,</c> <w type="VBD">shaved</w> <w type="CC">and</w> <w type="VBD">dressed</w> <w type="IN">by</w> <w type="AT">the</w> <w type="NN">time</w> <w type="AT">a</w> <w type="NN">waiter</w> <w type="VBD">wheeled</w> <w type="RP">in</w> <w type="NN">breakfast</w> <c type="pct">.</c> </s>
</p>
<p><s n="136"><c type="pct">``</c> <w type="AT">The</w> <w type="NN">toothbrush</w> <w type="NP">Monsieur</w> <c type="pct">''</c> <c type="pct">,</c> <w type="PPS">he</w> <w type="VBD">said</w> <c type="pct">,</c> <w type="VBG">presenting</w> <w type="PPO">it</w> <c type="pct">.</c> </s>
<s n="137"><w type="PPSS">I</w> <w type="VBD">gave</w> <w type="PPO">it</w> <w type="IN">to</w> <w type="AT">the</w> <w type="NN">woman</w> <c type="pct">.</c> </s>
</p>
<p><s n="138"><c type="pct">``</c> <w type="WDT">What</w> <w type="BEZ">is</w> <w type="DT">this</w> <w type="IN">for</w> <c type="pct">''</c> <c type="pct">?</c> <c type="pct">?</c> </s>
<s n="139"><w type="PPS">She</w> <w type="VBD">asked</w> <w type="RB">innocently</w> <c type="pct">.</c> </s>
</p>
<p><s n="140"><c type="pct">``</c> <w type="WRB">Why</w> <c type="pct">,</c> <w type="TO">to</w> <w type="VB">brush</w> <w type="PPg">your</w> <w type="NNS">teeth</w> <c type="pct">''</c> <c type="pct">.</c> </s>
</p>
<p><s n="141"><c type="pct">``</c> <w type="CC">But</w> <w type="PPSS">I</w> <w type="RB">already</w> <w type="HV">have</w> <c type="pct">!</c> <c type="pct">!</c> </s>
<s n="142"><w type="PPSS">I</w> <w type="VBD">used</w> <w type="PPgg">yours</w> <c type="pct">''</c> <c type="pct">.</c> </s>
</p>
<p><s n="143"><c type="pct">``</c> <w type="UH">Oh</w> <c type="pct">''</c> <c type="pct">?</c> <c type="pct">?</c> </s>
<s n="144"><w type="PPSS">I</w> <w type="VBD">said</w> <w type="IN">with</w> <w type="JJ">round</w> <w type="NNS">eyes</w> <c type="pct">.</c> </s>
<s n="145"><w type="PPSS">I</w> <w type="VBD">wondered</w> <w type="CS">if</w> <w type="PPSS">I</w> <w type="MD">ought</w> <w type="TO">to</w> <w type="VB">go</w> <w type="VB">use</w> <w type="AT">the</w> <w type="JJ">new</w> <w type="PN">one</w> <w type="PPL">myself</w> <c type="pct">.</c> </s>
<s n="146"><w type="CC">But</w> <w type="PPSS">I</w> <w type="VBD">smelled</w> <w type="AT">the</w> <w type="NN">coffee</w> <c type="pct">,</c> <w type="CC">and</w> <w type="VBG">thinking</w> <c type="pct">,</c> <w type="WDT">What</w> <w type="AT">the</w> <w type="NN">hell</w> <c type="pct">,</c> <w type="VB">live</w> <w type="RB">dangerously</w> <c type="pct">,</c> <w type="PPSS">I</w> <w type="VBD">decided</w> <w type="PPSS">I</w> <w type="MD">would</w> <w type="VB">scald</w> <w type="PPg">my</w> <w type="NNS">worries</w> <w type="RB">away</w> <c type="pct">.</c> </s>
<s n="147"><w type="AT">The</w> <w type="NN">coffee</w> <mw pos="BEDZ *">wasn't </mw><w type="QL">very</w> <w type="JJ">hot</w> <w type="RB">though</w> <c type="pct">,</c> <w type="VBN">made</w> <w type="IN">in</w> <w type="AT">a</w> <w type="NN">filter</w> <w type="NN">pot</w> <c type="pct">,</c> <w type="CC">but</w> <w type="PPS">it</w> <w type="BEDZ">was</w> <w type="JJ">good</w> <c type="pct">.</c> </s>
<s n="148"><w type="PPSS">We</w> <w type="VBD">sent</w> <w type="AT">the</w> <w type="NN">waiter</w> <w type="RB">away</w> <w type="CC">and</w> <w type="VBD">ate</w> <w type="AT">a</w> <w type="JJ">tremendous</w> <w type="VB">amount</w> <w type="IN">of</w> <w type="JJ">cold</w> <w type="NN">ham</w> <c type="pct">,</c> <w type="JJ">hot</w> <w type="JJ">hard-boiled</w> <w type="NNS">eggs</w> <w type="CC">and</w> <w type="JJ">hot</w> <w type="NN">garlic</w> <w type="NN">bread</w> <c type="pct">.</c> </s>
<s n="149"><w type="CS">As</w> <w type="PPSS">we</w> <w type="VBD">ate</w> <c type="pct">,</c> <w type="PPSS">we</w> <w type="VBD">talked</w> <c type="pct">.</c> </s>
<s n="150"><w type="PPg">Her</w> <w type="NN">name</w> <w type="BEDZ">was</w> <w type="NP">Suzanne</w> <c type="pct">,</c> <w type="CC">and</w> <w type="PPgg">mine</w> <w type="NP">Stephen</w> <c type="pct">.</c> </s>
</p>
<p><s n="151"><w type="PPSS">We</w> <w type="VBD">sat</w> <w type="RB">back</w> <w type="RB">comfortably</w> <w type="IN">on</w> <w type="AT">the</w> <w type="NN">bed</w> <w type="IN">with</w> <w type="PPg">our</w> <w type="AP">last</w> <w type="NNS">cups</w> <w type="IN">of</w> <w type="NN">coffee</w> <c type="pct">.</c> </s>
</p>
<p><s n="152"><c type="pct">``</c> <w type="PPSS">You</w> <w type="BER">are</w> <w type="QL">very</w> <w type="JJ">tactful</w> <c type="pct">,</c> <w type="DO">do</w> <w type="PPSS">you</w> <w type="VB">know</w> <c type="pct">,</c> <w type="NP">Stephen</w> <c type="pct">''</c> <c type="pct">,</c> <w type="PPS">she</w> <w type="VBD">remarked</w> <c type="pct">.</c> </s>
</p>
<p><s n="153"><c type="pct">``</c> <w type="UH">Um</w> <c type="pct">''</c> <c type="pct">?</c> <c type="pct">?</c> </s>
<s n="154"><w type="PPSS">I</w> <w type="VBD">grunted</w> <c type="pct">,</c> <w type="VBG">sipping</w> <c type="pct">.</c> </s>
</p>
<p><s n="155"><c type="pct">``</c> <w type="RB">Yes</w> <c type="pct">,</c> <w type="CS">because</w> <w type="PPSS">you</w> <mw pos="DOD *">didn't </mw><w type="VB">run</w> <w type="RP">off</w> <w type="TO">to</w> <w type="VB">use</w> <w type="DT">that</w> <w type="JJ">new</w> <w type="NN">toothbrush</w> <c type="pct">''</c> <c type="pct">.</c> </s>
</p>
<p><s n="156"><w type="PPSS">I</w> <w type="VBD">raised</w> <w type="PPg">my</w> <w type="NNS">eyes</w> <w type="TO">to</w> <w type="VB">look</w> <w type="IN">at</w> <w type="PPO">her</w> <w type="IN">in</w> <w type="AT">the</w> <w type="NN">mirror</w> <c type="pct">.</c> </s>
</p>
<p><s n="157"><c type="pct">``</c> <w type="PPSS">I</w> <mw pos="DOD *">didn't </mw><w type="RB">really</w> <w type="VB">use</w> <w type="PPgg">yours</w> <c type="pct">''</c> <c type="pct">,</c> <w type="PPS">she</w> <w type="VBD">went</w> <w type="RP">on</w> <c type="pct">.</c> </s>
<s n="158"><c type="pct">``</c> <w type="PPSS">I</w> <w type="VB">carry</w> <w type="CD">one</w> <w type="IN">in</w> <w type="PPg">my</w> <w type="NN">purse</w> <c type="pct">.</c> </s>
<s n="159"><w type="PPSS">I</w> <w type="VB">know</w> <w type="NNS">men</w> <w type="RB">never</w> <w type="VB">kiss</w> <w type="AT" subtype="FW">les</w> <w type="NNS" subtype="FW">putains</w> <c type="pct">''</c> <c type="pct">.</c> </s>
</p>
<p><s n="160"><w type="IN">To</w> <w type="PPg">my</w> <w type="JJ">immense</w> <w type="NN">relief</w> <c type="pct">,</c> <w type="PPS">she</w> <w type="VBD">changed</w> <w type="AT">the</w> <w type="NN">subject</w> <w type="IN">in</w> <w type="AT">the</w> <w type="AP">next</w> <w type="NN">sentence</w> <c type="pct">:</c> <c type="pct">``</c> <w type="MD">Shall</w> <w type="PPSS">we</w> <w type="VB">go</w> <w type="IN">to</w> <w type="AT">the</w> <w type="NP">Louvre</w> <w type="NR">today</w> <c type="pct">''</c> <c type="pct">?</c> <c type="pct">?</c> </s>
</p>
<p><s n="161"><c type="pct">``</c> <w type="QL">All</w> <w type="RB">right</w> <c type="pct">''</c> <c type="pct">.</c> </s>
<s n="162"><w type="PPSS">I</w> <w type="VBD">said</w> <w type="IN">with</w> <w type="NN">enthusiasm</w> <w type="IN">at</w> <w type="AT">the</w> <w type="NN">idea</w> <c type="pct">.</c> </s>
<s n="163"><c type="pct">``</c> <w type="CC">But</w> <w type="NEG">not</w> <w type="RB">immediately</w> <c type="pct">''</c> <c type="pct">.</c> </s>
<s n="164"><w type="PPSS">I</w> <w type="VBD">put</w> <w type="RB">aside</w> <w type="PPg">my</w> <w type="JJ">empty</w> <w type="NN">cup</w> <c type="pct">.</c> </s>
<s n="165"><w type="PPS">She</w> <w type="VBD">smiled</w> <w type="ABN">all</w> <w type="AT">the</w> <w type="NN">way</w> <w type="IN">to</w> <w type="PPg">her</w> <w type="JJ">wise</w> <c type="pct">,</c> <w type="JJ">sad</w> <w type="NNS">eyes</w> <c type="pct">,</c> <w type="CC">and</w> <w type="VBD">drained</w> <w type="PPg">her</w> <w type="JJ">own</w> <c type="pct">.</c> </s>
</p>
<p><s n="166"><w type="PPSS">We</w> <w type="BED">were</w> <w type="NEG">not</w> <w type="VBN">rushed</w> <c type="pct">.</c> </s>
</p>
<p><s n="167"><c type="pct">``</c> <w type="WDT">What</w> <w type="BEZ">is</w> <w type="DT">this</w> <w type="IN">from</w> <c type="pct">''</c> <c type="pct">?</c> <c type="pct">?</c> </s>
<s n="168"><w type="PPSS">I</w> <w type="VBD">asked</w> <c type="pct">,</c> <w type="VBG">touching</w> <w type="AT">the</w> <w type="NN">scar</w> <w type="IN">on</w> <w type="PPg">her</w> <w type="NN">stomach</w> <c type="pct">.</c> </s>
<s n="169"><w type="PPS">It</w> <w type="BEDZ">was</w> <w type="CS">like</w> <w type="AT">a</w> <w type="JJ">long</w> <w type="JJ">thin</w> <w type="NN">line</w> <w type="VBN">drawn</w> <w type="IN">through</w> <w type="AT">a</w> <w type="JJ">pink</w> <w type="NN">circle</w> <c type="pct">.</c> </s>
</p>
<p><s n="170"><c type="pct">``</c> <w type="AT">A</w> <w type="NN">bullet</w> <c type="pct">''</c> <c type="pct">,</c> <w type="PPS">she</w> <w type="VBD">answered</w> <c type="pct">.</c> </s>
<s n="171"><w type="AT">The</w> <w type="NN">cynicism</w> <w type="BEDZ">was</w> <w type="RB">back</w> <w type="IN">in</w> <w type="PPg">her</w> <w type="NNS">eyes</w> <c type="pct">,</c> <w type="AT">a</w> <w type="JJ">bitter</w> <w type="NN">wisdom</w> <c type="pct">,</c> <w type="CC">and</w> <w type="PPSS">I</w> <w type="VBD">wondered</w> <w type="CS">if</w> <w type="CD">forty</w> <w type="BED">were</w> <w type="NEG">not</w> <w type="QL">so</w> <w type="QL">far</w> <w type="JJ">wrong</w> <w type="IN">after</w> <w type="ABN">all</w> <c type="pct">.</c> </s>
<s n="172"><w type="PPS">She</w> <w type="VBD">understood</w> <w type="NN">sex</w> <w type="RB">anyway</w> <c type="pct">,</c> <w type="CC">and</w> <w type="VBD">played</w> <w type="IN">at</w> <w type="PPO">it</w> <w type="RB">well</w> <c type="pct">.</c> </s>
</p>
<p><s n="173"><w type="PPSS">We</w> <w type="VBD">went</w> <w type="IN">to</w> <w type="AT">the</w> <w type="NP">Louvre</w> <w type="IN">for</w> <w type="AT">a</w> <w type="AP">few</w> <w type="NNS">hours</w> <c type="pct">,</c> <w type="RB">then</w> <w type="IN">by</w> <w type="NP">Metro</w> <w type="IN">to</w> <w type="AT">a</w> <w type="NN">cabaret</w> <w type="IN">in</w> <w type="NP">Montmartre</w> <c type="pct">.</c> </s>
</p>
<p><s n="174"><w type="PPS">It</w> <w type="BEDZ">was</w> <w type="AT">a</w> <w type="JJ">nice</w> <w type="NN">place</w> <c type="pct">,</c> <w type="NEG">not</w> <w type="VBN">filled</w> <w type="IN">with</w> <w type="NN">smoke</w> <c type="pct">.</c> </s>
<s n="175"><w type="PPSS">We</w> <w type="HVD">had</w> <w type="NN">champagne</w> <w type="CC">and</w> <w type="VBN">steamed</w> <w type="NNS">mussels</w> <c type="pct">.</c> </s>
<s n="176"><w type="AT">The</w> <w type="NN">sommelier</w> <w type="VBD">brought</w> <w type="AT">the</w> <w type="NN">wine</w> <w type="RB">first</w> <c type="pct">,</c> <w type="AT">a</w> <w type="NN">magnum</w> <w type="RB">instead</w> <w type="IN">of</w> <w type="AT">the</w> <w type="NN">bottle</w> <w type="PPSS">I</w> <w type="HVD">had</w> <w type="VBN">ordered</w> <c type="pct">.</c> </s>
<s n="177"><w type="PPS">He</w> <w type="MD">must</w> <w type="HV">have</w> <w type="VBN">thought</w> <w type="PPSS">I</w> <w type="BEDZ">was</w> <w type="AT">a</w> <w type="NN">tourist</w> <c type="pct">.</c> </s>
</p>
<p><s n="178"><w type="PPSS">I</w> <w type="VBD">fixed</w> <w type="PPO">him</w> <w type="IN">with</w> <w type="AT">a</w> <w type="JJ">steely</w> <w type="NN">eye</w> <w type="CC">and</w> <w type="VBD">said</w> <c type="pct">,</c> <c type="pct">``</c> <mw pos="WDT BEZ">What's </mw><w type="DT">this</w> <w type="IN">for</w> <c type="pct">?</c> <c type="pct">?</c> </s>
<s n="179"><w type="PPSS">I</w> <mw pos="DOD *">didn't </mw><w type="VB">ask</w> <w type="IN">for</w> <w type="AT">a</w> <w type="NP">Jeroboam</w> <w type="IN">of</w> <w type="NN">champagne</w> <c type="pct">''</c> <c type="pct">.</c> </s>
</p>
<p><s n="180"><w type="PPSS">I</w> <w type="VBD">thought</w> <w type="DT">that</w> <w type="BEDZ">was</w> <w type="QL">pretty</w> <w type="JJ">humorous</w> <c type="pct">,</c> <w type="CC">but</w> <w type="PPSS">I</w> <mw pos="DOD *">didn't </mw><w type="VB">laugh</w> <c type="pct">.</c> </s>
</p>
<p></p></body></text></TEI>
