<TEI xmlns="http://www.tei-c.org/ns/1.0"><teiHeader><fileDesc><titleStmt><title>Sample P23 from  Barbara Robinson, "Something Very Much in Common," McCall's,
 88: 11 (August, 1961), 172-174.
 </title></titleStmt><editionStmt><edition>A part  of the XML version of the Brown Corpus</edition></editionStmt><extent>2,043 words 463 (22.7%) quotes</extent><publicationStmt><idno>P23</idno><availability><p>Used by permission of Barbara Robinson. 0010-1800</p></availability></publicationStmt><sourceDesc><bibl> Barbara Robinson, "Something Very Much in Common," McCall's,
 88: 11 (August, 1961), 172-174.
 </bibl></sourceDesc></fileDesc><encodingDesc><p>Typographical Error: Pyhrric [0440]</p></encodingDesc><revisionDesc><change when="2008-04-27">Header auto-generated for TEI version</change></revisionDesc></teiHeader>
<text xml:id="P23" decls="P">
<body><p><s n="1"><w type="IN">Under</w> <w type="JJ">normal</w> <w type="NNS">circumstances</w> <c type="pct">,</c> <w type="PPS">he</w> <w type="HVD">had</w> <w type="AT">a</w> <w type="JJ">certain</w> <w type="JJ">bright-eyed</w> <w type="JJ">all-American-boy</w> <w type="NN">charm</w> <c type="pct">,</c> <w type="IN">with</w> <w type="JJ">great</w> <w type="NN">appeal</w> <w type="IN">for</w> <w type="JJ">young</w> <w type="NNS">ladies</w> <c type="pct">,</c> <w type="JJ">old</w> <w type="NNS">ladies</w> <c type="pct">,</c> <w type="CC">and</w> <w type="NNS">dogs</w> <c type="pct">.</c> </s>
<s n="2"><w type="NR">Today</w> <c type="pct">,</c> <w type="PPS">he</w> <w type="VBD">looked</w> <w type="CS">like</w> <w type="AT">an</w> <w type="NN" subtype="TL">Astronaut</w> <w type="WPS">who</w> <w type="HVD">had</w> <w type="VBN">left</w> <w type="PPg">his</w> <w type="NN">vitamin</w> <w type="NNS">pills</w> <w type="IN">on</w> <w type="AT">the</w> <w type="NN">bureau</w> <w type="CC">and</w> <w type="VBN">spent</w> <w type="CD">six</w> <w type="NNS">months</w> <w type="IN">in</w> <w type="NN">space</w> <c type="pct">:</c> <w type="JJ">hollow</w> <w type="NNS">eyes</w> <c type="pct">,</c> <w type="JJ">hollow</w> <w type="NNS">cheeks</w> <c type="pct">,</c> <w type="JJ">hollow</w> <w type="NN">stomach</w> <c type="pct">.</c> </s>
<s n="3"><w type="NN">Breakfast</w> <c type="pct">,</c> <w type="PPS">he</w> <w type="VBD">thought</w> <c type="pct">.</c> </s>
<s n="4"><w type="AT">A</w> <w type="NN">shot</w> <w type="IN">of</w> <w type="NN">orange</w> <w type="NN">juice</w> <w type="MD">would</w> <w type="VB">make</w> <w type="PN">everything</w> <w type="VB">seem</w> <w type="RBR">better</w> <c type="pct">.</c> </s>
<s n="5"><w type="PPS">He</w> <w type="VBD">looked</w> <w type="IN">around</w> <w type="PPg">his</w> <w type="AP">little</w> <w type="NP">Eden</w> <c type="pct">:</c> <w type="NN">bureau</w> <c type="pct">,</c> <w type="NN">bed</w> <c type="pct">,</c> <w type="NN">table</w> <c type="pct">,</c> <w type="NN">chair</w> <c type="pct">,</c> <w type="JJ">two-burner</w> <w type="NN">stove</w> <c type="pct">.</c> </s>
<s n="6"><w type="RB">Then</w> <w type="PPS">he</w> <w type="VBD">remembered</w> <c type="pct">.</c> </s>
</p>
<p><s n="7"><c type="pct">``</c> <w type="PPSS">You</w> <w type="VB">share</w> <w type="AT">a</w> <w type="NN">refrigerator</w> <c type="pct">''</c> <c type="pct">,</c> <w type="NP">Mrs.</w> <w type="NP">Kirby</w> <w type="HVD">had</w> <w type="VBN">said</w> <c type="pct">,</c> <w type="CC">and</w> <w type="RB">somehow</w> <c type="pct">,</c> <w type="IN">at</w> <w type="NN">midnight</w> <c type="pct">,</c> <w type="IN">after</w> <w type="AT">the</w> <w type="JJ">long</w> <w type="NN">drive</w> <w type="IN">from</w> <w type="JJ" subtype="TL">New</w> <w type="NP" subtype="TL">York</w> <w type="IN">in</w> <w type="VBG">pelting</w> <w type="NN">rain</w> <c type="pct">,</c> <w type="CS">that</w> <w type="HVD">had</w> <w type="VBN">sounded</w> <w type="JJ">reasonable</w> <c type="pct">.</c> </s>
<s n="8"><w type="IN">In</w> <w type="AT">the</w> <w type="JJ">cold</w> <w type="NN">light</w> <w type="IN">of</w> <w type="NN">day</w> <c type="pct">,</c> <w type="PPS">it</w> <w type="VBD">seemed</w> <w type="AT">a</w> <w type="JJ">lunatic</w> <w type="NN">arrangement</w> <c type="pct">.</c> </s>
<s n="9"><w type="VB">Share</w> <w type="NN">bath</w> <c type="pct">,</c> <w type="RB">maybe</w> <c type="pct">--</c> <w type="CC">but</w> <w type="VB">share</w> <w type="NN">refrigerator</w> <c type="pct">?</c> <c type="pct">?</c> </s>
<s n="10"><w type="PPS">She</w> <w type="HVD">had</w> <w type="VBN">explained</w> <w type="PPO">it</w> <c type="pct">--</c> <w type="PN">something</w> <w type="IN">about</w> <w type="NN">summer</w> <w type="NNSg">people's</w> <w type="NN">eating</w> <w type="RP">out</w> <w type="CC">and</w> <w type="NEG">not</w> <w type="AP">enough</w> <w type="NN">space</w> <w type="IN">in</w> <w type="AT">the</w> <w type="NNS">units</w> <c type="pct">.</c> </s>
<s n="11"><w type="CC">And</w> <w type="WRB">where</w> <w type="BEDZ">was</w> <w type="AT">the</w> <w type="NN">thing</w> <c type="pct">?</c> <c type="pct">?</c> </s>
<s n="12"><w type="PPS">He</w> <w type="VBD">remembered</w> <w type="VBG">seeing</w> <w type="PPO">it</w> <w type="AP">last</w> <w type="NN">night</w> <c type="pct">,</c> <w type="WRB">when</w> <w type="PPS">he</w> <w type="VBD">put</w> <w type="RB">away</w> <w type="PPg">his</w> <w type="JJ">small</w> <w type="NN">store</w> <w type="IN">of</w> <w type="JJ">bachelor-type</w> <w type="NNS">eatables</w> <c type="pct">.</c> </s>
<s n="13"><w type="UH">Ah</w> <c type="pct">,</c> <w type="RB">yes</w> <c type="pct">--</c> <w type="PPg">his</w> <w type="ABN">half</w> <w type="IN">of</w> <w type="AT">a</w> <w type="NN">refrigerator</w> <w type="VBD">stood</w> <w type="RB">outside</w> <c type="pct">,</c> <w type="IN">on</w> <w type="AT">the</w> <c type="pct">``</c> <w type="VBG">curving</w> <w type="NN">veranda</w> <c type="pct">''</c> <w type="IN">between</w> <w type="NN" subtype="TL">Unit</w> <w type="NN" subtype="TL">Number</w> <w type="CD" subtype="TL">Three</w> <w type="CC">and</w> <w type="NN" subtype="TL">Unit</w> <w type="NN" subtype="TL">Number</w> <w type="CD" subtype="TL">Four</w> <c type="pct">.</c> </s>
</p>
<p><s n="14"><w type="PPS">It</w> <w type="BEDZ">was</w> <w type="RB">still</w> <w type="VBG">raining</w> <c type="pct">,</c> <w type="CC">and</w> <w type="NP">Mrs.</w> <w type="NPg">Kirby's</w> <w type="NNS">cottages</w> <w type="VBD">bloomed</w> <w type="IN">through</w> <w type="AT">the</w> <w type="JJ">gray</w> <w type="NN">haze</w> <w type="CS">like</w> <w type="AT">the</w> <w type="NNS">names</w> <w type="PPSS">they</w> <w type="VBD">bore</w> <c type="pct">,</c> <w type="JJ">vivid</w> <w type="JJ">blue</w> <w type="CC">and</w> <w type="JJ">green</w> <w type="CC">and</w> <w type="JJ">magenta</w> <c type="pct">.</c> </s>
<s n="15"><w type="NP">Charlie</w> <w type="VBD">downed</w> <w type="PPg">his</w> <w type="NN">orange</w> <w type="NN">juice</w> <w type="CC">and</w> <w type="PN">one</w> <w type="IN">of</w> <w type="AT">the</w> <w type="JJ">long</w> <c type="pct">,</c> <w type="JJ">skinny</w> <w type="JJ">green</w> <w type="NNS">pills</w> <c type="pct">,</c> <w type="PPg">his</w> <w type="NNS">spirits</w> <w type="QL">as</w> <w type="JJ">damp</w> <w type="CS">as</w> <w type="AT">the</w> <w type="NN">day</w> <c type="pct">.</c> </s>
</p>
<p><s n="16"><w type="DT">This</w> <w type="NN">vacation</w> <w type="HVD">had</w> <w type="VBN">seemed</w> <w type="CS">like</w> <w type="AT">a</w> <w type="JJ">good</w> <w type="NN">idea</w> <w type="AP">last</w> <w type="NN">week</w> <c type="pct">,</c> <w type="WRB">when</w> <w type="PPg">his</w> <w type="NN">doctor</w> <w type="HVD">had</w> <w type="VBN">prescribed</w> <w type="PPO">it</w> <c type="pct">.</c> </s>
<s n="17"><c type="pct">``</c> <w type="VB">Take</w> <w type="AT">a</w> <w type="JJ">full</w> <w type="NN">month</w> <c type="pct">''</c> <c type="pct">,</c> <w type="AT">the</w> <w type="NN">doctor</w> <w type="HVD">had</w> <w type="VBN">said</w> <c type="pct">.</c> </s>
<s n="18"><c type="pct">``</c> <w type="NNS">Lots</w> <w type="IN">of</w> <w type="NN">sun</w> <c type="pct">,</c> <w type="NNS">lots</w> <w type="IN">of</w> <w type="NN">rest</w> <c type="pct">.</c> </s>
<s n="19"><w type="AT">The</w> <w type="JJ">red</w> <w type="NNS">pills</w> <w type="BER">are</w> <w type="AT">a</w> <w type="NN">vitamin-and-iron</w> <w type="NN">compound</w> <c type="pct">.</c> </s>
<s n="20"><w type="DT">This</w> <w type="BEZ">is</w> <w type="AT">a</w> <w type="VBG">sleeping</w> <w type="NN">capsule</w> <c type="pct">.</c> </s>
<s n="21"><w type="AT">The</w> <w type="NNS">others</w> <w type="MD">will</w> <w type="VB">make</w> <w type="PPO">you</w> <w type="AT">a</w> <w type="AP">little</w> <w type="QL">more</w> <w type="JJ">comfortable</w> <w type="CS">until</w> <w type="PPSS">you</w> <w type="VB">get</w> <w type="PPO">it</w> <w type="VBN">licked</w> <c type="pct">.</c> </s>
<s n="22"><w type="PPSS">You</w> <w type="JJ">young</w> <w type="NNS">men</w> <w type="VB">get</w> <w type="TO">to</w> <w type="BE">be</w> <w type="PPg">my</w> <w type="NN">age</w> <c type="pct">,</c> <w type="PPSS">you</w> <mw pos="MD *">won't </mw><w type="VB">take</w> <w type="NN">flu</w> <w type="QL">so</w> <w type="RB">lightly</w> <c type="pct">''</c> <c type="pct">.</c> </s>
</p>
<p><s n="23"><w type="NP">Charlie</w> <w type="HVD">had</w> <w type="VBN">accepted</w> <w type="AT">the</w> <w type="NN">diagnosis</w> <w type="IN">without</w> <w type="NN">comment</w> <c type="pct">.</c> </s>
<s n="24"><w type="AT">The</w> <w type="NN">doctor</w> <w type="MD">could</w> <w type="VB">call</w> <w type="PPO">it</w> <w type="PN">anything</w> <w type="IN">from</w> <w type="NN">flu</w> <w type="IN">to</w> <w type="NN">beriberi</w> <c type="pct">;</c> <c type="pct">;</c> </s>
<s n="25"><w type="CC">but</w> <w type="NP">Charlie</w> <w type="VBD">knew</w> <w type="WDT">what</w> <w type="BEDZ">was</w> <w type="JJ">wrong</w> <w type="IN">with</w> <w type="PPO">him</w> <w type="CC">and</w> <w type="VBD">knew</w> <c type="pct">,</c> <w type="RB">too</w> <c type="pct">,</c> <w type="CS">that</w> <w type="EX">there</w> <w type="BEDZ">was</w> <w type="AT">no</w> <w type="NN">pill</w> <w type="TO">to</w> <w type="VB">cure</w> <w type="PPO">it</w> <c type="pct">.</c> </s>
<s n="26"><w type="PPS">He</w> <w type="HVD">had</w> <w type="VBN">loved</w> <w type="CC">and</w> <w type="VBN">lost</w> <w type="NP">Vivian</w> <w type="NP">Wayne</w> <w type="IN">to</w> <w type="PN">somebody</w> <w type="RB">else</w> <c type="pct">,</c> <w type="HVD">had</w> <w type="VBN">watched</w> <w type="PPO">her</w> <w type="VB">marry</w> <w type="AT">the</w> <w type="PN">somebody</w> <w type="RB">else</w> <c type="pct">,</c> <w type="CC">and</w> <w type="HVD">had</w> <w type="VBN">caught</w> <w type="AT">a</w> <w type="NN">bear</w> <w type="IN">of</w> <w type="AT">a</w> <w type="NN">cold</w> <w type="IN">by</w> <w type="VBG">kissing</w> <w type="AT">the</w> <w type="NN">bride</w> <w type="NN">good-by</w> <w type="RB">forever</w> <c type="pct">,</c> <w type="WDT">which</w> <w type="BEDZ">was</w> <w type="RB">really</w> <w type="VBG">piling</w> <w type="PPO">it</w> <w type="RP">on</w> <c type="pct">.</c> </s>
<s n="27"><w type="PPS">He</w> <w type="HVD">had</w> <w type="VBN">caught</w> <c type="pct">,</c> <w type="RB">too</w> <c type="pct">,</c> <w type="CS">like</w> <w type="AT">an</w> <w type="NN">ailment</w> <c type="pct">,</c> <w type="AT">a</w> <w type="VBN">confirmed</w> <w type="NN">distrust</w> <w type="IN">of</w> <w type="NNS">women</w> <c type="pct">.</c> </s>
<s n="28"><w type="RB">Once</w> <w type="VBN">burned</w> <c type="pct">--</c> <w type="VBN">scalded</w> <c type="pct">,</c> <w type="RB">really</w> <c type="pct">,</c> <w type="CS">because</w> <w type="NP">Vivian</w> <w type="HVD">had</w> <w type="VBN">given</w> <w type="PPO">him</w> <w type="AT">every</w> <w type="NN">encouragement</w> <c type="pct">--</c> <w type="RB">forever</w> <w type="JJ">shy</w> <c type="pct">.</c> </s>
<s n="29"><w type="IN">From</w> <w type="RB">now</w> <w type="RP">on</w> <c type="pct">,</c> <w type="PPgg">his</w> <w type="BEDZ">was</w> <w type="VBG">going</w> <w type="TO">to</w> <w type="BE">be</w> <w type="AT">a</w> <w type="NNg">man's</w> <w type="NN">world</w> <c type="pct">:</c> <w type="AT">the</w> <w type="JJ" subtype="TL">North</w> <w type="NNS" subtype="TL">Woods</w> <c type="pct">,</c> <w type="NN">duck</w> <w type="NNS">blinds</w> <w type="IN">at</w> <w type="VBG">dawning</w> <c type="pct">,</c> <w type="NN">beer</w> <w type="CC">and</w> <w type="NN">poker</w> <w type="CC">and</w> <w type="NN">male</w> <w type="NNS">secretaries</w> <c type="pct">.</c> </s>
</p>
<p><s n="30"><w type="RB">Meanwhile</w> <c type="pct">,</c> <w type="PPS">he</w> <w type="HVD">had</w> <w type="DT">this</w> <w type="JJ">miserable</w> <w type="NN">cold</w> <c type="pct">,</c> <w type="CC">and</w> <w type="CS">as</w> <w type="PPS">he</w> <w type="VBD">leaned</w> <w type="IN">against</w> <w type="AT">the</w> <w type="NN">refrigerator</w> <c type="pct">,</c> <w type="VBG">watching</w> <w type="AT">the</w> <w type="NN">rain</w> <w type="VB">make</w> <w type="JJ">sandy</w> <w type="NNS">puddles</w> <w type="IN">at</w> <w type="PPg">his</w> <w type="NNS">feet</w> <c type="pct">,</c> <w type="AT">the</w> <w type="NNg">doctor's</w> <w type="NN">prescription</w> <w type="IN">for</w> <w type="NNS">lots</w> <w type="IN">of</w> <w type="NN">sun</w> <w type="VBD">seemed</w> <w type="CS">like</w> <w type="AT">a</w> <w type="JJ">hollow</w> <w type="NN">mockery</w> <c type="pct">.</c> </s>
<s n="31"><w type="IN">In</w> <w type="DTS">these</w> <w type="JJ">damp</w> <w type="NNS">circumstances</w> <c type="pct">,</c> <w type="PPS">he</w> <w type="BEDZ">was</w> <w type="AT">an</w> <w type="JJ">odds-on</w> <w type="NN">bet</w> <w type="TO">to</w> <w type="VB">develop</w> <w type="NN">pneumonia</w> <c type="pct">.</c> </s>
</p>
<p><s n="32"><w type="PPS">He</w> <w type="VBD">looked</w> <w type="RP">up</w> <w type="TO">to</w> <w type="VB">see</w> <w type="NP">Mrs.</w> <w type="NP">Kirby</w> <c type="pct">,</c> <w type="JJ">awesome</w> <w type="IN">in</w> <w type="AT">a</w> <w type="JJ">black-and-yellow</w> <w type="JJ">polka-dotted</w> <w type="NN">slicker</w> <c type="pct">,</c> <w type="VBG">bearing</w> <w type="RP">down</w> <w type="IN">on</w> <w type="PPO">him</w> <c type="pct">.</c> </s>
<s n="33"><c type="pct">``</c> <w type="JJ">Three-day</w> <w type="NN">blow</w> <c type="pct">''</c> <c type="pct">!</c> <c type="pct">!</c> </s>
<s n="34"><w type="PPS">She</w> <w type="VBD">bellowed</w> <w type="RB">triumphantly</w> <c type="pct">.</c> </s>
<s n="35"><w type="PPS">He</w> <w type="HVD">had</w> <w type="VBN">noticed</w> <w type="RB">before</w> <w type="CS">that</w> <w type="AT">the</w> <w type="NNS">natives</w> <w type="VBD">seemed</w> <w type="TO">to</w> <w type="VB">regard</w> <w type="QL">really</w> <w type="JJ">filthy</w> <w type="NN">weather</w> <w type="CS">as</w> <w type="AT">a</w> <w type="NN">kind</w> <w type="IN">of</w> <w type="JJ">Pyhrric</w> <w type="NN">victory</w> <w type="IN">over</w> <w type="AT">the</w> <w type="NNS">tourists</w> <c type="pct">.</c> </s>
<s n="36"><c type="pct">``</c> <w type="JJ">Fine</w> <c type="pct">,</c> <w type="NN">day</w> <w type="IN">after</w> <w type="NR">tomorrow</w> <c type="pct">''</c> <c type="pct">,</c> <w type="PPS">she</w> <w type="VBD">added</w> <c type="pct">.</c> </s>
</p>
<p><s n="37"><c type="pct">``</c> <w type="PPSS">I</w> <w type="VB">hope</w> <w type="RB">so</w> <c type="pct">''</c> <c type="pct">,</c> <w type="PPS">he</w> <w type="VBD">said</w> <c type="pct">.</c> </s>
<s n="38"><c type="pct">``</c> <mw pos="PPSS HV">I've </mw><w type="VBN">got</w> <w type="DT">this</w> <w type="NN">cold</w> <c type="pct">.</c> </s>
<s n="39"><w type="VBD">Thought</w> <mw pos="PPSS MD">I'd </mw><w type="VB">bake</w> <w type="PPO">it</w> <w type="RP">out</w> <w type="IN">in</w> <w type="AT">the</w> <w type="NN">sun</w> <c type="pct">''</c> <c type="pct">.</c> </s>
</p>
<p><s n="40"><c type="pct">``</c> <w type="UH">Ah</w> <c type="pct">''</c> <c type="pct">.</c> </s>
<s n="41"><w type="PPS">She</w> <w type="VBD">studied</w> <w type="PPO">him</w> <w type="RB">briefly</w> <c type="pct">.</c> </s>
<s n="42"><c type="pct">``</c> <mw pos="PPSS HV">You've </mw><w type="VBN">got</w> <w type="AT">a</w> <w type="JJ">peaked</w> <w type="NN">look</w> <c type="pct">.</c> </s>
<s n="43"><w type="RBR">Better</w> <w type="VB">get</w> <w type="RP">in</w> <w type="IN">out</w> <w type="IN">of</w> <w type="AT">the</w> <w type="JJ">wet</w> <c type="pct">''</c> <c type="pct">.</c> </s>
</p>
<p><s n="44"><w type="NP">Charlie</w> <w type="VBD">forbore</w> <w type="TO">to</w> <w type="VB">mention</w> <w type="CS">that</w> <w type="AT">the</w> <w type="VBN">wet</w> <w type="BEDZ">was</w> <w type="QL">somewhat</w> <w type="JJ">universal</w> <c type="pct">,</c> <w type="NP">Peony</w> <w type="BEG">being</w> <w type="AP">less</w> <w type="IN">than</w> <w type="JJ">weatherproof</w> <c type="pct">.</c> </s>
<s n="45"><w type="IN">As</w> <w type="IN">for</w> <w type="PPg">its</w> <w type="BEG">being</w> <w type="JJ">fine</w> <c type="pct">,</c> <w type="NN">day</w> <w type="IN">after</w> <w type="NR">tomorrow</w> <c type="pct">,</c> <w type="PPS">he</w> <w type="HVD">had</w> <w type="AT">the</w> <w type="JJ">unhappy</w> <w type="NN">conviction</w> <w type="CS">that</w> <w type="PPS">it</w> <w type="MD">would</w> <w type="RB">never</w> <w type="BE">be</w> <w type="JJ">fine</w> <w type="RB">again</w> <c type="pct">,</c> <w type="IN">with</w> <w type="NP">Vivian</w> <w type="VBN">lost</w> <w type="IN">to</w> <w type="PPO">him</w> <w type="RB">forever</w> <c type="pct">.</c> </s>
<s n="46"><w type="PPS">He</w> <w type="MD">could</w> <w type="VB">imagine</w> <w type="PPO">her</w> <w type="IN">at</w> <w type="DT">this</w> <w type="NN">minute</w> <c type="pct">,</c> <w type="VBG">honeymooning</w> <w type="IN">in</w> <w type="NP">Nassau</w> <w type="IN">with</w> <w type="NN">what's-his-name</w> <c type="pct">,</c> <w type="VBG">lounging</w> <w type="IN">on</w> <w type="JJ">golden</w> <w type="NNS">sands</w> <c type="pct">,</c> <w type="VBG">looking</w> <w type="RB">forward</w> <w type="IN">to</w> <w type="AT">a</w> <w type="NN">life</w> <w type="IN">of</w> <w type="JJ">unalloyed</w> <w type="NN">bliss</w> <c type="pct">.</c> </s>
<s n="47"><w type="ABN">All</w> <w type="NP">Charlie</w> <w type="MD">could</w> <w type="VB">look</w> <w type="RB">forward</w> <w type="IN">to</w> <w type="BEDZ">was</w> <w type="AT">a</w> <w type="JJ">yellow</w> <w type="NN">pill</w> <w type="IN">at</w> <w type="NN">noon</w> <c type="pct">,</c> <w type="AT">a</w> <w type="NN">salami</w> <w type="NN">sandwich</w> <w type="IN">for</w> <w type="NN">lunch</w> <c type="pct">,</c> <w type="CC">and</w> <w type="AT">a</w> <w type="JJ">lonely</w> <w type="JJ">old</w> <w type="NN">age</w> <c type="pct">--</c> <w type="CS">if</w> <w type="PPS">he</w> <w type="VBD">lived</w> <w type="DT">that</w> <w type="JJ">long</w> <c type="pct">.</c> </s>
</p>
<p><s n="48"><w type="PPS">He</w> <w type="VBD">leafed</w> <w type="IN">through</w> <w type="AT">the</w> <w type="JJ">light</w> <w type="NN">reading</w> <w type="VBN">provided</w> <w type="IN">by</w> <w type="NP">Mrs.</w> <w type="NP">Kirby</w> <w type="IN">for</w> <w type="PPg">her</w> <w type="NNS">guests</w> <c type="pct">:</c> <w type="CD">four</w> <w type="JJ">separate</w> <w type="NNS">adventures</w> <w type="IN">of</w> <w type="AT">the</w> <w type="NP" subtype="TL">Bobbsey</w> <w type="NNS" subtype="TL">Twins</w> <c type="pct">(</c> <w type="IN">At</w> <w type="AT">the</w> <w type="NN">Seashore</w> <c type="pct">,</c> <w type="IN">At</w> <w type="AT">the</w> <w type="NNS" subtype="TL">Mountains</w> <c type="pct">,</c> <w type="IN">On</w> <w type="AT">the</w> <w type="NN">Farm</w> <c type="pct">,</c> <w type="CC">and</w> <w type="IN">In</w> <w type="NN">Danger</w> <c type="pct">)</c> <w type="CC">and</w> <w type="AP">several</w> <w type="JJ">agricultural</w> <w type="NNS">bulletins</w> <w type="IN">on</w> <w type="AT">the</w> <w type="NN">treatment</w> <w type="IN">of</w> <w type="NN">hoof-and-mouth</w> <w type="NN">disease</w> <w type="IN">in</w> <w type="NNS">cattle</w> <c type="pct">,</c> <w type="RB">hideously</w> <w type="VBN">illustrated</w> <c type="pct">.</c> </s>
<s n="49"><w type="PPS">He</w> <w type="VBD">dozed</w> <c type="pct">,</c> <w type="RB">only</w> <w type="TO">to</w> <w type="VB">dream</w> <w type="IN">of</w> <w type="NP">Vivian</w> <c type="pct">,</c> <w type="CC">and</w> <w type="VBD">woke</w> <c type="pct">,</c> <w type="RB">only</w> <w type="TO">to</w> <w type="VB">crash</w> <w type="IN">into</w> <w type="AT">the</w> <w type="NN">night</w> <w type="NN">table</w> <c type="pct">,</c> <w type="VBG">bruising</w> <w type="PPg">his</w> <w type="AP">other</w> <w type="NN">shin</w> <c type="pct">.</c> </s>
<s n="50"><w type="PPS">He</w> <w type="VBD">took</w> <w type="AT">a</w> <w type="JJ">yellow</w> <w type="NN">pill</w> <c type="pct">,</c> <w type="RB">only</w> <w type="TO">to</w> <w type="VB">choke</w> <w type="IN">on</w> <w type="PPO">it</w> <c type="pct">,</c> <w type="CC">and</w> <w type="VBD">went</w> <w type="IN">for</w> <w type="AT">the</w> <w type="NN">salami</w> <c type="pct">,</c> <w type="RB">only</w> <w type="TO">to</w> <w type="VB">find</w> <w type="PN">something</w> <w type="JJ">alive</w> <w type="IN">in</w> <w type="AT">the</w> <w type="NN">refrigerator</w> <c type="pct">--</c> <w type="PN">something</w> <w type="JJ">pink</w> <w type="CC">and</w> <w type="JJ">fuzzy</w> <c type="pct">.</c> </s>
</p>
<p><s n="51"><w type="PPg">His</w> <w type="OD">first</w> <w type="NN">thought</w> <w type="BEDZ">was</w> <w type="CS">that</w> <w type="NP">Mrs.</w> <w type="NP">Kirby</w> <c type="pct">,</c> <w type="IN">in</w> <w type="PPg">her</w> <w type="NN">mania</w> <w type="IN">for</w> <w type="NN">color</w> <c type="pct">,</c> <w type="HVD">had</w> <w type="VBN">dyed</w> <w type="AT">a</w> <w type="NN">cat</w> <w type="CC">and</w> <w type="DT">that</w> <w type="NN">cat</w> <w type="HVD">had</w> <w type="RB">somehow</w> <w type="VBN">managed</w> <w type="TO">to</w> <w type="VB">open</w> <w type="AT">the</w> <w type="NN">refrigerator</w> <w type="NN">door</w> <w type="CC">and</w> <w type="VB">climb</w> <w type="RP">in</w> <c type="pct">;</c> <c type="pct">;</c> </s>
<s n="52"><w type="CC">but</w> <w type="IN">on</w> <w type="JJR">further</w> <w type="NN">investigation</w> <c type="pct">,</c> <w type="AT">the</w> <w type="NN">thing</w> <w type="VBD">proved</w> <w type="TO">to</w> <w type="BE">be</w> <w type="AT">a</w> <w type="NN">sweater</w> <c type="pct">,</c> <w type="IN">of</w> <w type="AT">the</w> <w type="NN">long-hair</w> <w type="NN">variety</w> <w type="WPS">that</w> <w type="VBZ">sheds</w> <w type="IN">onto</w> <w type="NNSg">men's</w> <w type="NNS">jackets</w> <c type="pct">--</c> <w type="JJ">pale</w> <c type="pct">,</c> <w type="JJ">pale</w> <w type="JJ">pink</w> <w type="CC">and</w> <c type="pct">,</c> <w type="IN">according</w> <w type="IN">to</w> <w type="AT">the</w> <w type="NN">label</w> <c type="pct">,</c> <w type="NN">size</w> <w type="CD">thirty-four</w> <c type="pct">.</c> </s>
<s n="53"><w type="PPS">He</w> <w type="VBD">thought</w> <w type="IN">about</w> <w type="PPO">it</w> <w type="IN">for</w> <w type="AT">a</w> <w type="NN">minute</w> <c type="pct">,</c> <w type="MD">could</w> <w type="VB">find</w> <w type="AT">no</w> <w type="JJ">reasonable</w> <w type="NN">explanation</w> <w type="IN">for</w> <w type="AT">the</w> <w type="NN">presence</w> <w type="IN">of</w> <w type="AT">a</w> <w type="NN">sweater</w> <w type="IN">in</w> <w type="AT">the</w> <w type="NN">refrigerator</w> <c type="pct">,</c> <w type="VBD">got</w> <w type="AT">the</w> <w type="NN">salami</w> <c type="pct">,</c> <w type="NN">bread</w> <c type="pct">,</c> <w type="CC">and</w> <w type="AT">a</w> <w type="NP">Bermuda</w> <w type="NN">onion</w> <c type="pct">,</c> <w type="CC">and</w> <w type="VBD">put</w> <w type="AT">the</w> <w type="JJ">whole</w> <w type="NN">thing</w> <w type="IN">out</w> <w type="IN">of</w> <w type="PPg">his</w> <w type="NN">mind</w> <c type="pct">.</c> </s>
</p>
<p><s n="54"><w type="AP">Next</w> <w type="NN">morning</w> <c type="pct">,</c> <w type="PPS">he</w> <w type="VBD">found</w> <w type="AT">a</w> <w type="NN">note</w> <w type="IN">in</w> <w type="AT">the</w> <w type="NN">refrigerator</w> <c type="pct">.</c> </s>
<s n="55"><c type="pct">``</c> <w type="MD">Would</w> <w type="PPSS">you</w> <w type="VB">mind</w> <w type="VBG">wrapping</w> <w type="PPg">your</w> <w type="NN">onion</w> <c type="pct">''</c> <c type="pct">?</c> <c type="pct">?</c> </s>
<s n="56"><w type="VBD">Said</w> <w type="DT">this</w> <w type="NN">note</w> <c type="pct">.</c> </s>
<s n="57"><c type="pct">``</c> <w type="AT">The</w> <w type="NN">smell</w> <w type="VBZ">permeates</w> <w type="PN">everything</w> <c type="pct">''</c> <c type="pct">!</c> <c type="pct">!</c> </s>
<s n="58"><w type="PN">Everything</w> <w type="BEG">being</w> <w type="AT">the</w> <w type="NN">sweater</w> <c type="pct">,</c> <w type="AT">a</w> <w type="NN">lipstick</w> <w type="NN">case</w> <c type="pct">,</c> <w type="CC">and</w> <w type="AT">a</w> <w type="NN">squirt</w> <w type="NN">bottle</w> <w type="IN">of</w> <w type="NN" subtype="TL">Kissin'</w> <w type="NN" subtype="TL">Kare</w> <w type="JJ">pink</w> <w type="NN">hand</w> <w type="NN">lotion</w> <c type="pct">.</c> </s>
<s n="59"><w type="AT">The</w> <w type="NN">note</w> <w type="NN">paper</w> <w type="BEDZ">was</w> <w type="JJ">pink</w> <c type="pct">,</c> <w type="RB">too</w> <c type="pct">,</c> <w type="CC">and</w> <w type="AT">the</w> <w type="NN">handwriting</w> <w type="JJ">small</w> <w type="CC">and</w> <w type="JJ">dainty</w> <w type="CC">and</w> <w type="RB">utterly</w> <w type="JJ">feminine</w> <c type="pct">.</c> </s>
<s n="60"><w type="NEG">Not</w> <w type="CS">that</w> <w type="PPS">he</w> <w type="HVD">had</w> <w type="VBN">supposed</w> <c type="pct">,</c> <w type="IN">considering</w> <w type="AT">the</w> <w type="NN">evidence</w> <c type="pct">,</c> <w type="CS">that</w> <w type="PPS">he</w> <w type="BEDZ">was</w> <w type="VBG">sharing</w> <w type="DT">this</w> <w type="NN">refrigerator</w> <w type="IN">with</w> <w type="AT">a</w> <w type="NN">member</w> <w type="IN">of</w> <w type="AT">the</w> <w type="NN" subtype="TL">Beach</w> <w type="NN" subtype="TL">Patrol</w> <c type="pct">.</c> </s>
<s n="61"><w type="PPS">He</w> <w type="VBD">scrawled</w> <c type="pct">``</c> <w type="JJ" subtype="NC">Sorry</w> <c type="pct">''</c> <w type="IN">across</w> <w type="AT">the</w> <w type="NN">bottom</w> <w type="IN">of</w> <w type="AT">the</w> <w type="NN">note</w> <w type="CC">and</w> <w type="RB">then</w> <c type="pct">,</c> <w type="IN">against</w> <w type="PPg">his</w> <w type="JJR">better</w> <w type="NN">judgment</w> <c type="pct">,</c> <w type="VBD">added</w> <c type="pct">:</c> <c type="pct">``</c> <mw pos="DO *">Don't </mw><w type="PPSS">you</w> <w type="VB">eat</w> <c type="pct">''</c> <c type="pct">?</c> <c type="pct">?</c> </s>
<s n="62"><w type="PPS">He</w> <mw pos="DOD *">didn't </mw><w type="VB">want</w> <w type="TO">to</w> <w type="VB">encourage</w> <w type="PN">anything</w> <w type="RB">here</w> <c type="pct">;</c> <c type="pct">;</c> </s>
<s n="63"><w type="CC">but</w> <w type="IN">on</w> <w type="AT">the</w> <w type="AP">other</w> <w type="NN">hand</w> <c type="pct">,</c> <w type="PPS">he</w> <mw pos="DOD *">didn't </mw><w type="VB">want</w> <w type="PPO">her</w> <w type="VBG">swiping</w> <w type="PPg">his</w> <w type="NN">salami</w> <c type="pct">.</c> </s>
</p>
<p><s n="64"><c type="pct">``</c> <w type="NEG">Not</w> <w type="NNS">onions</w> <c type="pct">''</c> <c type="pct">,</c> <w type="VBD">came</w> <w type="AT">the</w> <w type="NN">answer</w> <w type="AT">the</w> <w type="VBG">following</w> <w type="NN">day</w> <c type="pct">.</c> </s>
<s n="65"><c type="pct">``</c> <w type="UH">Ugh</w> <c type="pct">''</c> <c type="pct">.</c> </s>
</p>
<p><s n="66"><w type="MD">Must</w> <w type="HV">have</w> <w type="RB">really</w> <w type="VBN">smelled</w> <w type="RP">up</w> <w type="PPg">her</w> <w type="NN">sweater</w> <c type="pct">,</c> <w type="PPS">he</w> <w type="VBD">thought</w> <c type="pct">,</c> <w type="CC">and</w> <w type="VBD">wondered</w> <w type="RB">idly</w> <w type="RB">just</w> <w type="WRB">why</w> <w type="PPS">she</w> <w type="VBD">kept</w> <w type="AT">the</w> <w type="NN">sweater</w> <w type="JJ">fast-frozen</w> <c type="pct">.</c> </s>
<s n="67"><w type="CC">But</w> <w type="RB">then</w> <c type="pct">,</c> <w type="CS">as</w> <w type="PPS">he</w> <w type="RB">well</w> <w type="VBD">knew</w> <c type="pct">,</c> <w type="NNS">women</w> <w type="BER">are</w> <w type="NEG">not</w> <w type="VBN">guided</w> <w type="IN">by</w> <w type="NN">logic</w> <w type="CC">or</w> <w type="NN">common</w> <w type="NN">sense</w> <c type="pct">.</c> </s>
<s n="68"><w type="VB">Take</w> <w type="NP">Vivian</w> <c type="pct">.</c> </s>
<s n="69"><w type="RB">Yes</w> <c type="pct">,</c> <w type="VB">take</w> <w type="NP">Vivian</w> <c type="pct">.</c> </s>
<s n="70"><w type="PN">Somebody</w> <w type="HVD">had</w> <c type="pct">.</c> </s>
</p>
<p><s n="71"><w type="RB">Now</w> <c type="pct">,</c> <w type="CS">if</w> <w type="DT">this</w> <w type="BED">were</w> <w type="NP">Vivian</w> <w type="AP">next</w> <w type="NN">door</w> <w type="IN">to</w> <w type="PPO">him</w> <w type="CC">and</w> <w type="CS">if</w> <c type="pct">,</c> <w type="IN">for</w> <w type="DTI">some</w> <w type="JJ">obscure</w> <w type="NN">female</w> <w type="NN">reason</w> <c type="pct">,</c> <w type="PPS">she</w> <w type="VBD">kept</w> <w type="PPg">her</w> <w type="NNS">clothes</w> <w type="IN">in</w> <w type="AT">the</w> <w type="NN">refrigerator</w> <c type="pct">,</c> <w type="PPSS">they</w> <w type="MD">would</w> <w type="NEG">not</w> <w type="BE">be</w> <w type="JJ">pink</w> <c type="pct">.</c> </s>
<s n="72"><w type="PPSS">They</w> <w type="MD">would</w> <w type="BE">be</w> <w type="JJ">black</w> <w type="CC">or</w> <w type="JJ">white</w> <w type="CC">or</w> <w type="NN">horse-blanket</w> <w type="NN">plaid</w> <c type="pct">,</c> <w type="JJ">chic</w> <w type="CC">and</w> <w type="JJ">splashy</w> <c type="pct">,</c> <w type="CS">like</w> <w type="NP">Vivian</w> <w type="PPL">herself</w> <c type="pct">.</c> </s>
<s n="73"><w type="JJ">Pink</w> <c type="pct">,</c> <w type="NP">Vivian</w> <w type="RB">once</w> <w type="HVD">had</w> <w type="VBN">told</w> <w type="PPO">him</w> <c type="pct">,</c> <w type="BEDZ">was</w> <w type="IN">for</w> <w type="NN">baby</w> <w type="NNS">girls</w> <c type="pct">,</c> <w type="CC">and</w> <w type="JJ">grown-up</w> <w type="NNS">girls</w> <w type="WPS">who</w> <w type="VBD">wore</w> <w type="NN">pink</w> <w type="BED">were</w> <w type="RB">subconsciously</w> <w type="VBG">clinging</w> <w type="IN">to</w> <w type="PPg">their</w> <w type="NN">infancy</w> <c type="pct">.</c> </s>
</p>
<p><s n="74"><c type="pct">``</c> <w type="WRB">Why</w> <w type="DOZ">does</w> <w type="DT">this</w> <w type="NN">girl</w> <w type="VB">keep</w> <w type="AT">a</w> <w type="NN">sweater</w> <w type="IN">in</w> <w type="AT">the</w> <w type="NN">refrigerator</w> <c type="pct">''</c> <c type="pct">?</c> <c type="pct">?</c> </s>
<s n="75"><w type="PPS">He</w> <w type="VBD">mused</w> <w type="RB">aloud</w> <c type="pct">.</c> </s>
</p>
<p><s n="76"><w type="UH">Eh</w> <c type="pct">''</c> <c type="pct">?</c> <c type="pct">?</c> </s>
<s n="77"><w type="PPS">It</w> <w type="BEDZ">was</w> <w type="NP">Mrs.</w> <w type="NP">Kirby</w> <c type="pct">,</c> <w type="VBG">making</w> <w type="PPg">her</w> <w type="JJ">toilsome</w> <w type="NN">way</w> <w type="IN">along</w> <w type="AT">the</w> <w type="NN">veranda</w> <c type="pct">,</c> <w type="JJ">laden</w> <w type="IN">with</w> <w type="AT">a</w> <w type="JJ">clattery</w> <w type="NN">collection</w> <w type="IN">of</w> <w type="NNS">mops</w> <c type="pct">,</c> <w type="NNS">brushes</w> <c type="pct">,</c> <w type="CC">and</w> <w type="NNS">pails</w> <c type="pct">.</c> </s>
<s n="78"><c type="pct">``</c> <mw pos="WDT BEZ">What's </mw><w type="DT">that</w> <w type="PPSS">you</w> <w type="VB">say</w> <c type="pct">''</c> <c type="pct">?</c> <c type="pct">?</c> </s>
</p>
<p><s n="79"><c type="pct">``</c> <w type="UH">Oh</w> <c type="pct">,</c> <w type="PN">nothing</w> <c type="pct">.</c> </s>
<s n="80"><w type="RB">Just</w> <w type="JJ">glad</w> <w type="AT">the</w> <mw pos="NN HVZ">rain's </mw><w type="VBN">stopped</w> <c type="pct">''</c> <c type="pct">.</c> </s>
</p>
<p><s n="81"><c type="pct">``</c> <w type="UH">Oh</w> <c type="pct">,</c> <w type="RB">yes</w> <c type="pct">.</c> </s>
<s n="82"><w type="RB">Just</w> <w type="VB">look</w> <w type="IN">at</w> <w type="DT">that</w> <w type="NN">sky</w> <c type="pct">.</c> </s>
<s n="83"><w type="BE">Be</w> <w type="AT">a</w> <w type="NN">scorcher</w> <w type="IN">by</w> <w type="NN">afternoon</w> <c type="pct">''</c> <c type="pct">.</c> </s>
</p>
<p><s n="84"><c type="pct">``</c> <w type="PPSS">I</w> <w type="VB">hope</w> <w type="RB">so</w> <c type="pct">.</c> </s>
<s n="85"><mw pos="PPSS HV">I've </mw><w type="VBN">got</w> <w type="DT">this</w> <w type="NN">cold</w> <c type="pct">''</c> <c type="pct">.</c> </s>
</p>
<p><s n="86"><c type="pct">``</c> <w type="RB">So</w> <w type="PPSS">you</w> <w type="VBD">said</w> <c type="pct">''</c> <c type="pct">.</c> </s>
<s n="87"><w type="PPS">She</w> <w type="VBD">scrutinized</w> <w type="PPO">him</w> <c type="pct">.</c> </s>
<s n="88"><c type="pct">``</c> <w type="PPg">My</w> <c type="pct">,</c> <mw pos="PPSS BER">you're </mw><w type="JJ">peaked</w> <c type="pct">.</c> </s>
<s n="89"><w type="PPSS">You</w> <w type="VB">want</w> <w type="TO">to</w> <w type="VB">watch</w> <w type="RP">out</w> <w type="CS">that</w> <w type="PPSS">you</w> <mw pos="DO *">don't </mw><w type="VB">get</w> <w type="VBN">burned</w> <w type="IN">to</w> <w type="AT">an</w> <w type="NN">ash</w> <c type="pct">,</c> <w type="OD">first</w> <w type="JJ">sunny</w> <w type="NN">day</w> <c type="pct">.</c> </s>
<s n="90"><w type="PPSS">I</w> <w type="MD">must</w> <w type="VB">remember</w> <w type="TO">to</w> <w type="VB">warn</w> <w type="AT">the</w> <w type="NN">girl</w> <w type="IN">next</w> <w type="IN">to</w> <w type="PPO">you</w> <w type="IN">in</w> <w type="NN" subtype="TL">Larkspur</w> <c type="pct">.</c> </s>
<s n="91"><w type="DT">That</w> <w type="JJ">pale</w> <mw pos="NN BEZ">kind's </mw><w type="AT">the</w> <w type="JJT">worst</w> <c type="pct">''</c> <c type="pct">.</c> </s>
</p>
<p><s n="92"><w type="DT">That</w> <w type="JJ">pale</w> <w type="NN">kind</w> <c type="pct">,</c> <w type="NP">Charlie</w> <w type="VBD">thought</w> <c type="pct">.</c> </s>
<s n="93"><w type="RB">Hardly</w> <w type="AT">an</w> <w type="VBG">inviting</w> <w type="NN">description</w> <c type="pct">.</c> </s>
<s n="94"><w type="CC">But</w> <w type="RB">then</w> <c type="pct">,</c> <w type="DTX">neither</w> <w type="BEDZ">was</w> <w type="JJ">peaked</w> <c type="pct">.</c> </s>
<s n="95"><w type="PPS">He</w> <w type="MD">could</w> <w type="VB">hear</w> <w type="NP">Mrs.</w> <w type="NP">Kirby</w> <w type="RB">now</w> <c type="pct">,</c> <w type="VBG">warning</w> <w type="PPg">her</w> <w type="JJ">pale</w> <w type="NN">guest</w> <w type="IN">against</w> <w type="NN">sunburn</w> <c type="pct">.</c> </s>
<s n="96"><c type="pct">``</c> <w type="PPSS">I</w> <w type="VBD">spoke</w> <w type="IN">to</w> <w type="AT">the</w> <w type="NN">fellow</w> <w type="AP">next</w> <w type="NN">door</w> <c type="pct">,</c> <w type="RB">too</w> <c type="pct">''</c> <c type="pct">,</c> <w type="PPS">she</w> <w type="MD">might</w> <w type="VB">say</w> <c type="pct">.</c> </s>
<s n="97"><c type="pct">``</c> <mw pos="PPS BEZ">He's </mw><w type="DT">that</w> <w type="JJ">peaked</w> <w type="NN">kind</w> <c type="pct">''</c> <c type="pct">.</c> </s>
</p>
<p><s n="98"><w type="RB">Surely</w> <w type="EX">there</w> <w type="BEDZ">was</w> <w type="AT">a</w> <w type="JJR">better</w> <w type="NN">word</w> <c type="pct">.</c> </s>
<s n="99"><w type="NP">Charlie</w> <w type="VBD">looked</w> <w type="IN">in</w> <w type="AT">the</w> <w type="NN">mirror</w> <c type="pct">.</c> </s>
<s n="100"><w type="JJ">Run-down</w> <c type="pct">,</c> <w type="JJ">iron-poor</w> <c type="pct">.</c> </s>
<s n="101"><w type="PPS">He</w> <w type="VBD">looked</w> <w type="QL">more</w> <w type="RB">closely</w> <c type="pct">.</c> </s>
<s n="102"><w type="JJ">Frail</w> <c type="pct">,</c> <w type="JJ">feeble</w> <c type="pct">--</c> <w type="JJ">peaked</w> <c type="pct">.</c> </s>
<s n="103"><w type="RB">Clearly</w> <c type="pct">,</c> <w type="CD">two</w> <w type="JJ">damp</w> <w type="NNS">days</w> <w type="IN">with</w> <w type="AT">the</w> <w type="NP" subtype="TL">Bobbsey</w> <w type="NNS" subtype="TL">Twins</w> <w type="HVD">had</w> <w type="VBN">done</w> <w type="PPO">him</w> <w type="AT">no</w> <w type="JJ">good</w> <c type="pct">.</c> </s>
</p>
<p><s n="104"><w type="AT">The</w> <w type="NN">sun</w> <c type="pct">,</c> <w type="VBG">blazing</w> <w type="JJ">hot</w> <w type="CS">as</w> <w type="VBN">prophesied</w> <c type="pct">,</c> <w type="BEDZ">was</w> <w type="RB">far</w> <w type="IN">from</w> <w type="JJ">kind</w> <w type="IN">to</w> <w type="NP">Mrs.</w> <w type="NPg">Kirby's</w> <w type="JJ">varicolored</w> <w type="NNS">properties</w> <c type="pct">.</c> </s>
<s n="105"><w type="WRB">When</w> <w type="NP">Charlie</w> <w type="VBD">came</w> <w type="RP">up</w> <w type="IN">from</w> <w type="AT">the</w> <w type="NN">beach</w> <w type="IN">for</w> <w type="PPg">his</w> <w type="NN">four-o'clock</w> <w type="NN">pill</w> <c type="pct">,</c> <w type="AT">the</w> <w type="JJ">whole</w> <w type="NN">establishment</w> <c type="pct">(</c> <w type="JJ">gaudy</w> <w type="QLP">enough</w> <w type="WRB">when</w> <w type="VBN">seen</w> <w type="IN">through</w> <w type="NN">mist</w> <w type="CC">and</w> <w type="NN">fog</w> <c type="pct">)</c> <w type="VBD">looked</w> <w type="CS">like</w> <w type="AT">a</w> <w type="VBN">floodlit</w> <w type="JJ">modern</w> <w type="NN">painting</w> <c type="pct">--</c> <w type="JJ">great</w> <w type="NNS">blocks</w> <w type="IN">of</w> <w type="JJ">dizzy</w> <w type="NN">color</w> <c type="pct">,</c> <w type="VBN">punctuated</w> <w type="IN">at</w> <w type="JJ">regular</w> <w type="NNS">intervals</w> <w type="IN">by</w> <w type="AT">the</w> <w type="VBG">glaring</w> <w type="JJ">white</w> <w type="IN">of</w> <w type="CD">five</w> <w type="NN">community</w> <w type="NNS">refrigerators</w> <c type="pct">.</c> </s>
<s n="106"><w type="DT">This</w> <w type="NN">weekend</w> <c type="pct">,</c> <w type="PPS">he</w> <w type="VBD">thought</w> <c type="pct">,</c> <w type="PPS">he</w> <w type="MD">would</w> <w type="VB">look</w> <w type="RB">around</w> <w type="IN">for</w> <w type="DTI">some</w> <w type="QL">more</w> <w type="VBN">subdued</w> <w type="NN">retreat</w> <c type="pct">,</c> <w type="IN">with</w> <w type="NN" subtype="TL">Cape</w> <w type="NNS">roses</w> <c type="pct">,</c> <w type="RB">maybe</w> <c type="pct">,</c> <w type="IN">at</w> <w type="AT">the</w> <w type="NN">door</w> <c type="pct">.</c> </s>
<s n="107"><w type="PPS">He</w> <w type="MD">could</w> <w type="NEG">not</w> <w type="VB">imagine</w> <w type="AT">a</w> <w type="NNg">flower's</w> <w type="BEG">being</w> <w type="JJ">brave</w> <w type="QLP">enough</w> <w type="TO">to</w> <w type="VB">grow</w> <w type="IN">beside</w> <w type="NP">Peony</w> <c type="pct">,</c> <w type="NN" subtype="TL">Larkspur</w> <c type="pct">,</c> <w type="CC">and</w> <w type="AT">the</w> <w type="NN">rest</w> <c type="pct">.</c> </s>
</p>
<p><s n="108"><w type="AT">The</w> <w type="NN">sweater</w> <w type="BEDZ">was</w> <w type="VBN">gone</w> <w type="IN">from</w> <w type="AT">the</w> <w type="NN">refrigerator</w> <c type="pct">,</c> <w type="CC">and</w> <w type="IN">in</w> <w type="PPg">its</w> <w type="NN">place</w> <w type="BEDZ">was</w> <w type="AT">a</w> <w type="JJ">large</w> <w type="JJ">plastic</w> <w type="NN">bag</w> <c type="pct">,</c> <w type="JJ">full</w> <w type="IN">of</w> <w type="JJ">wet</w> <w type="JJ">pink</w> <w type="NNS">clothes</w> <c type="pct">.</c> </s>
<s n="109"><w type="AT">No</w> <w type="NN">wonder</w> <w type="PPS">she</w> <w type="BEDZ">was</w> <w type="QL">so</w> <w type="JJ">pale</w> <c type="pct">,</c> <w type="VBG">wearing</w> <w type="ABN">all</w> <w type="DTS">those</w> <w type="JJ">cold</w> <w type="NNS">clothes</w> <c type="pct">.</c> </s>
</p>
<p><s n="110"><w type="PPS">He</w> <w type="VBD">got</w> <w type="AT">a</w> <w type="JJ">red</w> <w type="NN">pill</w> <w type="CC">and</w> <w type="AT">a</w> <w type="NN">beer</w> <w type="CC">and</w> <w type="RB">then</w> <c type="pct">,</c> <w type="IN">on</w> <w type="NN">impulse</w> <c type="pct">,</c> <w type="VBD">transferred</w> <w type="AT">the</w> <w type="NN">rest</w> <w type="IN">of</w> <w type="PPg">his</w> <w type="NN">salami</w> <w type="IN">to</w> <w type="PPg">her</w> <w type="NN">side</w> <w type="IN">of</w> <w type="AT">the</w> <w type="NN">refrigerator</w> <w type="CC">and</w> <w type="VBD">scrawled</w> <c type="pct">``</c> <w type="BE">Be</w> <w type="PPg">my</w> <w type="NN">guest</w> <c type="pct">''</c> <w type="IN">on</w> <w type="AT">the</w> <w type="NN">wrapping</w> <c type="pct">.</c> </s>
<s n="111"><w type="PPS">It</w> <w type="VBD">gave</w> <w type="PPO">him</w> <w type="AT">a</w> <w type="JJ">good</w> <w type="NN">feeling</w> <c type="pct">.</c> </s>
</p>
<p><s n="112"><c type="pct">``</c> <w type="UH">M-m-m</w> <c type="pct">.</c> </s>
<s n="113"><w type="NNS">Thanks</w> <c type="pct">''</c> <c type="pct">,</c> <w type="BEDZ">was</w> <w type="PPg">her</w> <w type="NN">answer</w> <w type="AT">the</w> <w type="AP">next</w> <w type="NN">day</w> <c type="pct">.</c> </s>
<s n="114"><w type="AT">The</w> <w type="NN">note</w> <w type="BEDZ">was</w> <w type="VBN">propped</w> <w type="IN">against</w> <w type="PPg">his</w> <w type="NN">pill</w> <w type="NNS">bottles</w> <w type="CC">and</w> <w type="VBD">bore</w> <w type="AT">a</w> <w type="NN">postscript</w> <c type="pct">:</c> <c type="pct">``</c> <mw pos="PPSS BER">You're </mw><w type="NEG">not</w> <w type="IN">at</w> <w type="QL">all</w> <w type="RB">well</w> <c type="pct">,</c> <w type="BER">are</w> <w type="PPSS">you</w> <c type="pct">''</c> <c type="pct">?</c> <c type="pct">?</c> </s>
</p>
<p><s n="115"><c type="pct">``</c> <mw pos="PPSS HV">I've </mw><w type="VBN">got</w> <w type="DT">this</w> <w type="NN">cold</w> <c type="pct">''</c> <c type="pct">,</c> <w type="PPS">he</w> <w type="VBD">wrote</w> <c type="pct">.</c> </s>
<s n="116"><w type="NEG">Not</w> <w type="CS">that</w> <w type="PPS">it</w> <w type="BEDZ">was</w> <w type="DTI">any</w> <w type="IN">of</w> <w type="PPg">her</w> <w type="NN">business</w> <c type="pct">.</c> </s>
</p>
<p><s n="117"><c type="pct">``</c> <mw pos="PPS BEZ">It's </mw><w type="PN">none</w> <w type="IN">of</w> <w type="PPg">my</w> <w type="NN">business</w> <c type="pct">''</c> <c type="pct">,</c> <w type="VBD">said</w> <w type="AT">the</w> <w type="AP">next</w> <w type="NN">note</w> <c type="pct">,</c> <c type="pct">``</c> <w type="CC">but</w> <w type="PPg">my</w> <w type="NN" subtype="TL">Aunt</w> <w type="NP">Elsie</w> <w type="VBD">used</w> <w type="TO">to</w> <w type="VB">take</w> <w type="NN">lemon</w> <w type="NN">juice</w> <w type="CC">and</w> <w type="NN">honey</w> <w type="IN">in</w> <w type="JJ">hot</w> <w type="NN">water</w> <w type="IN">for</w> <w type="AT">a</w> <w type="NN">cold</w> <c type="pct">,</c> <w type="CC">and</w> <w type="PPS">she</w> <w type="VBD">lived</w> <w type="TO">to</w> <w type="BE">be</w> <w type="CD">ninety-six</w> <c type="pct">.</c> </s>
<s n="118"><w type="PPSS">I</w> <w type="VB">mean</w> <c type="pct">,</c> <mw pos="PPS BEZ">she's </mw><w type="RB">still</w> <w type="VBG">living</w> <c type="pct">,</c> <w type="CC">and</w> <mw pos="PPS BEZ">she's </mw><w type="CD">ninety-six</w> <c type="pct">.</c> </s>
<s n="119"><w type="WRB">Why</w> <mw pos="DO *">don't </mw><w type="PPSS">you</w> <w type="VB">try</w> <w type="DT">that</w> <c type="pct">''</c> <c type="pct">?</c> <c type="pct">?</c> </s>
</p>
<p><s n="120"><c type="pct">``</c> <w type="PPSS">I</w> <mw pos="DO *">don't </mw><w type="HV">have</w> <w type="AT">a</w> <w type="NN">lemon</w> <c type="pct">''</c> <c type="pct">.</c> </s>
<s n="121"><w type="PPS">He</w> <w type="HVD">had</w> <w type="TO">to</w> <w type="VB">write</w> <w type="QL">very</w> <w type="JJ">small</w> <w type="TO">to</w> <w type="VB">get</w> <w type="PPO">it</w> <w type="IN">on</w> <w type="AT">the</w> <w type="NN">bottom</w> <w type="IN">of</w> <w type="AT">the</w> <w type="NN">scrap</w> <w type="IN">of</w> <w type="NN">paper</w> <c type="pct">.</c> </s>
</p>
<p><s n="122"><w type="IN">By</w> <w type="AT">the</w> <w type="AP">next</w> <w type="NN">morning</w> <c type="pct">,</c> <w type="PPS">she</w> <w type="HVD">had</w> <w type="VBN">turned</w> <w type="AT">the</w> <w type="NN">paper</w> <w type="RP">over</w> <c type="pct">.</c> </s>
<s n="123"><c type="pct">``</c> <w type="UH">Gee</w> <c type="pct">,</c> <w type="CC">neither</w> <w type="DO">do</w> <w type="PPSS">I</w> <c type="pct">''</c> <c type="pct">.</c> </s>
</p>
<p><s n="124"><w type="NP">Charlie</w> <w type="VBD">grinned</w> <c type="pct">.</c> </s>
<s n="125"><w type="PPS">She</w> <mw pos="DOD *">didn't </mw><w type="VB">sound</w> <w type="CS">like</w> <w type="AT">a</w> <w type="JJ">pale</w> <w type="NN">girl</w> <c type="pct">.</c> </s>
<s n="126"><w type="PPS">She</w> <w type="VBD">sounded</w> <w type="AT">a</w> <w type="AP">little</w> <w type="CS">like</w> <w type="AT">a</w> <w type="NN">redhead</w> <c type="pct">.</c> </s>
<s n="127"><w type="CC">But</w> <w type="RB">then</w> <c type="pct">,</c> <w type="NNS">redheads</w> <w type="BER">are</w> <w type="RB">often</w> <w type="JJ">pale</w> <c type="pct">.</c> </s>
</p>
<p><s n="128"><w type="PPS">He</w> <w type="VBD">stuck</w> <w type="PPg">his</w> <w type="NN">head</w> <w type="IN">in</w> <w type="NP">Mrs.</w> <w type="NPg">Kirby's</w> <w type="JJ">little</w> <w type="JJ">rental</w> <w type="NN">office</w> <c type="pct">.</c> </s>
<s n="129"><c type="pct">``</c> <w type="PPSS">I</w> <w type="VB">guess</w> <w type="DT">that</w> <w type="NN">redhead</w> <w type="IN">next</w> <w type="IN">to</w> <w type="PPO">me</w> <w type="VBD">took</w> <w type="PPg">your</w> <w type="NN">advice</w> <c type="pct">.</c> </s>
<s n="130"><w type="PPSS">I</w> <mw pos="HV *">haven't </mw><w type="VBN">seen</w> <w type="PPO">her</w> <w type="IN">on</w> <w type="AT">the</w> <w type="NN">beach</w> <c type="pct">''</c> <c type="pct">.</c> </s>
</p>
<p><s n="131"><c type="pct">``</c> <w type="PPSS">You</w> <mw pos="MD *">won't </mw><c type="pct">,</c> <w type="CS">if</w> <mw pos="PPSS BER">you're </mw><w type="VBG">looking</w> <w type="IN">for</w> <w type="AT">a</w> <w type="NN">redhead</w> <c type="pct">.</c> </s>
<s n="132"><mw pos="PPS HVZ">She's </mw><w type="VBN">got</w> <w type="JJ">browny</w> <w type="NN">hair</w> <c type="pct">''</c> <c type="pct">.</c> </s>
</p>
<p><s n="133"><w type="PPS">He</w> <w type="VBD">spent</w> <w type="CS">that</w> <w type="NN">afternoon</w> <w type="IN">on</w> <w type="AT">the</w> <w type="NN">beach</w> <c type="pct">,</c> <w type="VBG">looking</w> <w type="IN">for</w> <w type="AT">a</w> <w type="JJ">pale</w> <c type="pct">,</c> <w type="JJ">browny-haired</w> <w type="NN">girl</w> <w type="IN">in</w> <w type="AT">a</w> <w type="JJ">pink</w> <w type="VBG">bathing</w> <w type="NN">suit</w> <c type="pct">.</c> </s>
<s n="134"><w type="EX">There</w> <w type="BED">were</w> <w type="JJ">pink</w> <w type="VBG">bathing</w> <w type="NNS">suits</w> <w type="IN">on</w> <w type="NNS">blondes</w> <c type="pct">,</c> <w type="CC">and</w> <w type="JJ">browny-haired</w> <w type="NNS">girls</w> <w type="IN">in</w> <w type="JJ">red</w> <w type="CC">or</w> <w type="JJ">black</w> <w type="CC">or</w> <w type="JJ">green</w> <w type="VBG">bathing</w> <w type="NNS">suits</w> <c type="pct">.</c> </s>
<s n="135"><w type="EX">There</w> <w type="BED">were</w> <w type="AT">a</w> <w type="NN">sprinkling</w> <w type="IN">of</w> <w type="VBG">daring</w> <w type="NNS">bikinis</w> <w type="CC">and</w> <w type="AT">a</w> <w type="NN">preponderance</w> <w type="IN">of</w> <w type="VBN">glorified</w> <w type="NN">tank</w> <w type="NNS">suits</w> <c type="pct">.</c> </s>
<s n="136"><w type="RP">Up</w> <w type="IN">on</w> <w type="AT">a</w> <w type="NN">dune</w> <c type="pct">,</c> <w type="PPS">he</w> <w type="VBD">saw</w> <w type="AT">a</w> <w type="NN">girl</w> <c type="pct">,</c> <w type="ABN">all</w> <w type="IN">by</w> <w type="PPL">herself</w> <c type="pct">,</c> <w type="VBG">sitting</w> <w type="IN">on</w> <w type="AT">a</w> <w type="NN">camp</w> <w type="NN">stool</w> <w type="IN">before</w> <w type="AT">an</w> <w type="NN">easel</w> <w type="CC">and</w> <w type="VBN">absorbed</w> <w type="IN">in</w> <w type="PPg">her</w> <w type="NN">painting</w> <c type="pct">.</c> </s>
<s n="137"><w type="PPS">He</w> <w type="VBD">paid</w> <w type="AP">little</w> <w type="NN">attention</w> <w type="IN">to</w> <w type="PPO">her</w> <w type="CS">because</w> <w type="PPS">she</w> <w type="BEDZ">was</w> <w type="AT">a</w> <w type="NN">redhead</w> <w type="CC">and</w> <w type="CS">because</w> <w type="PPS">she</w> <w type="BEDZ">was</w> <w type="VBG">wearing</w> <w type="JJ">white</w> <c type="pct">--</c> <w type="CD">one</w> <w type="IN">of</w> <w type="DTS">those</w> <w type="JJ">bulky</w> <c type="pct">,</c> <w type="NN">turtle-neck</w> <w type="NNS">sweaters</w> <c type="pct">.</c> </s>
<s n="138"><w type="IN">On</w> <w type="AT">the</w> <w type="NN">beach</w> <c type="pct">,</c> <w type="EX">there</w> <w type="BED">were</w> <w type="JJ">pale</w> <w type="NNS">girls</w> <w type="CC">and</w> <w type="JJ">not-so-pale</w> <w type="NNS">girls</w> <c type="pct">.</c> </s>
<s n="139"><w type="CC">And</w> <w type="PPS">he</w> <w type="VBD">saw</w> <w type="PPO">them</w> <w type="ABN">all</w> <w type="CS">as</w> <w type="PPS">he</w> <w type="VBD">walked</w> <w type="RP">up</w> <w type="CC">and</w> <w type="RP">down</w> <c type="pct">.</c> </s>
</p>
<p><s n="140"><w type="IN">At</w> <w type="CD">two</w> <w type="DT">that</w> <w type="NN">morning</w> <c type="pct">,</c> <w type="PPS">he</w> <w type="BEDZ">was</w> <w type="RB">still</w> <w type="VBG">walking</w> <c type="pct">--</c> <w type="IN">up</w> <w type="CC">and</w> <w type="IN">down</w> <w type="NP">Peony</w> <c type="pct">,</c> <w type="IN">up</w> <w type="CC">and</w> <w type="IN">down</w> <w type="AT">the</w> <w type="NN">veranda</w> <c type="pct">,</c> <w type="IN">up</w> <w type="CC">and</w> <w type="IN">down</w> <w type="AT">the</w> <w type="JJ">silent</w> <c type="pct">,</c> <w type="JJ">moonlit</w> <w type="NN">beach</w> <c type="pct">.</c> </s>
<s n="141"><w type="RB">Finally</w> <c type="pct">,</c> <w type="IN">in</w> <w type="NN">desperation</w> <c type="pct">,</c> <w type="PPS">he</w> <w type="VBD">opened</w> <w type="AT">the</w> <w type="NN">refrigerator</w> <c type="pct">,</c> <w type="VBD">filched</w> <w type="PPg">her</w> <w type="NN">hand</w> <w type="NN">lotion</w> <c type="pct">,</c> <w type="CC">and</w> <w type="VBD">left</w> <w type="AT">a</w> <w type="NN">note</w> <c type="pct">.</c> </s>
<s n="142"><c type="pct">``</c> <mw pos="PPSS HV">I've </mw><w type="VBN">got</w> <w type="DT">this</w> <w type="NN">sunburn</w> <c type="pct">''</c> <c type="pct">,</c> <w type="VBD">said</w> <w type="AT">the</w> <w type="NN">note</w> <c type="pct">,</c> <c type="pct">``</c> <w type="CC">and</w> <w type="PPSS">I</w> <w type="VBD">used</w> <w type="DTI">some</w> <w type="IN">of</w> <w type="PPg">your</w> <w type="NN">hand</w> <w type="NN">lotion</w> <c type="pct">.</c> </s>
<s n="143"><w type="VB">Hope</w> <w type="PPSS">you</w> <mw pos="DO *">don't </mw><w type="VB">mind</w> <c type="pct">''</c> <c type="pct">.</c> </s>
</p>
<p><s n="144"><c type="pct">``</c> <w type="IN">Of</w> <w type="NN">course</w> <w type="PPSS">I</w> <mw pos="DO *">don't </mw><w type="VB">mind</w> <c type="pct">''</c> <c type="pct">,</c> <w type="PPS">she</w> <w type="VBD">answered</w> <c type="pct">.</c> </s>
<s n="145"><c type="pct">``</c> <mw pos="PPSS BER">You're </mw><w type="HVG">having</w> <w type="AT">a</w> <w type="JJ">miserable</w> <w type="NN">time</w> <c type="pct">,</c> <mw pos="BER *">aren't </mw><w type="PPSS">you</w> <c type="pct">?</c> <c type="pct">?</c> </s>
<s n="146"><w type="VB">Use</w> <w type="ABN">all</w> <w type="AT">the</w> <w type="NN">lotion</w> <w type="PPSS">you</w> <w type="VB">want</w> <c type="pct">,</c> <w type="CC">and</w> <w type="IN">for</w> <w type="NNg">goodness'</w> <w type="NN">sake</w> <c type="pct">,</c> <w type="VB">stay</w> <w type="RP">in</w> <w type="IN">out</w> <w type="IN">of</w> <w type="AT">the</w> <w type="NN">sun</w> <w type="IN">for</w> <w type="AT">a</w> <w type="NN">couple</w> <w type="IN">of</w> <w type="NNS">days</w> <c type="pct">''</c> <c type="pct">.</c> </s>
</p>
<p><s n="147"><w type="DT">This</w> <w type="BEDZ">was</w> <w type="AT">a</w> <w type="QL">very</w> <w type="JJ">warm</w> <c type="pct">,</c> <w type="JJ">sympathetic</w> <w type="NN">girl</w> <c type="pct">,</c> <w type="PPS">he</w> <w type="VBD">decided</w> <c type="pct">.</c> </s>
<s n="148"><w type="NN">Sympathy</w> <w type="BEZ">is</w> <w type="AT">a</w> <w type="JJ">fine</w> <w type="NN">quality</w> <w type="IN">in</w> <w type="AT">a</w> <w type="NN">woman</w> <c type="pct">.</c> </s>
<s n="149"><w type="RB">Now</w> <w type="NP">Vivian</w> <c type="pct">,</c> <w type="IN">for</w> <w type="NN">instance</w> <c type="pct">,</c> <w type="BEDZ">was</w> <w type="NEG">not</w> <w type="QL">too</w> <w type="JJ">long</w> <w type="IN">on</w> <w type="NN">sympathy</w> <c type="pct">.</c> </s>
<s n="150"><w type="PPS">She</w> <w type="VBD">felt</w> <c type="pct">,</c> <w type="CC">and</w> <w type="VBD">said</w> <c type="pct">,</c> <w type="DT">that</w> <w type="NN">sympathy</w> <w type="RB">only</w> <w type="VBD">made</w> <w type="NNS">people</w> <w type="VB">feel</w> <w type="JJ">sorry</w> <w type="IN">for</w> <w type="PPLS">themselves</w> <c type="pct">;</c> <c type="pct">;</c> </s>
<s n="151"><w type="PPS">it</w> <w type="BEDZ">was</w> <w type="AT">a</w> <w type="JJ">tough</w> <w type="NN">world</w> <c type="pct">,</c> <w type="CC">and</w> <w type="PPSS">you</w> <w type="HVD">had</w> <w type="TO">to</w> <w type="BE">be</w> <w type="JJ">tough</w> <w type="TO">to</w> <w type="VB">hold</w> <w type="PPg">your</w> <w type="JJ">own</w> <c type="pct">.</c> </s>
<s n="152"><w type="PPS">He</w> <mw pos="DOD *">didn't </mw><w type="VB">know</w> <w type="WDT">what</w> <w type="BEDZ">was</w> <w type="QL">so</w> <w type="JJ">tough</w> <w type="IN">about</w> <w type="NPg">Vivian's</w> <w type="NN">world</w> <c type="pct">,</c> <w type="VBG">slopping</w> <w type="IN">around</w> <w type="NP">Nassau</w> <w type="IN">with</w> <w type="NN">what's-his-name</w> <c type="pct">.</c> </s>
<s n="153"><w type="VB">Suppose</w> <w type="NN">what's-his-name</w> <w type="VBD">got</w> <w type="AT">a</w> <w type="NN">sunburn</w> <c type="pct">?</c> <c type="pct">?</c> </s>
<s n="154"><w type="NP">Charlie</w> <mw pos="MD *">couldn't </mw><w type="VB">see</w> <w type="NP">Vivian</w> <w type="VBG">offering</w> <w type="DTI">any</w> <w type="NN">hand</w> <w type="NN">lotion</w> <c type="pct">.</c> </s>
<s n="155"><w type="PPS">She</w> <w type="MD">might</w> <w type="VB">peel</w> <w type="PPO">him</w> <c type="pct">,</c> <w type="CS">once</w> <w type="AT">the</w> <w type="JJT">worst</w> <w type="IN">of</w> <w type="AT">the</w> <w type="NN">agony</w> <w type="BEDZ">was</w> <w type="RP">over</w> <c type="pct">.</c> </s>
</p>
<p><s n="156"><w type="NP">Charlie</w> <w type="VBD">spent</w> <w type="AT">the</w> <w type="AP">next</w> <w type="CD">two</w> <w type="NNS">days</w> <w type="IN">in</w> <w type="PPg">his</w> <w type="NN">pajama</w> <w type="NNS">bottoms</w> <c type="pct">,</c> <w type="VBG">waiting</w> <w type="IN">for</w> <w type="AT">the</w> <w type="NN">fire</w> <w type="IN">in</w> <w type="PPg">his</w> <w type="NN">back</w> <w type="TO">to</w> <w type="VB">subside</w> <c type="pct">,</c> <w type="CC">and</w> <w type="VBD">used</w> <w type="JJ">generous</w> <w type="NNS">quantities</w> <w type="IN">of</w> <w type="AT">the</w> <w type="NN">hand</w> <w type="NN">lotion</w> <c type="pct">.</c> </s>
</p>
<p><s n="157"><w type="NN">Correspondence</w> <w type="VBD">passed</w> <w type="RB">back</w> <w type="CC">and</w> <w type="RB">forth</w> <c type="pct">.</c> </s>
</p>
<p><s n="158"><c type="pct">``</c> <mw pos="WRB BEZ">How's </mw><w type="PPg">your</w> <w type="NN">sunburn</w> <w type="RB">now</w> <c type="pct">?</c> <c type="pct">?</c> </s>
<s n="159"><w type="AT">The</w> <w type="JJ">only</w> <w type="NN">thing</w> <c type="pct">,</c> <w type="DT">this</w> <w type="NN">lotion</w> <w type="HVZ">has</w> <w type="NN">glycerin</w> <w type="IN">in</w> <w type="PPO">it</w> <c type="pct">,</c> <w type="CC">and</w> <w type="WPS">that</w> <w type="VBZ">whitens</w> <w type="AT">the</w> <w type="NN">skin</w> <c type="pct">,</c> <w type="CS">so</w> <w type="CS">if</w> <mw pos="PPSS BER">you're </mw><w type="QL">so</w> <w type="JJ">anxious</w> <w type="TO">to</w> <w type="VB">get</w> <w type="AT">a</w> <w type="NN">tan</w> <c type="pct">,</c> <w type="PPSS">you</w> <w type="MD">may</w> <w type="NEG">not</w> <w type="VB">want</w> <w type="TO">to</w> <w type="VB">use</w> <w type="PPO">it</w> <c type="pct">''</c> <c type="pct">.</c> </s>
</p>
<p><s n="160"><c type="pct">``</c> <mw pos="PPSS BEM">I'm </mw><w type="NEG">not</w> <w type="QL">that</w> <w type="JJ">anxious</w> <c type="pct">,</c> <w type="CC">but</w> <w type="RB">maybe</w> <mw pos="DT BEZ">that's </mw><w type="WRB">why</w> <mw pos="PPSS BER">you're </mw><w type="QL">so</w> <w type="JJ">fair</w> <c type="pct">''</c> <c type="pct">.</c> </s>
</p>
<p><s n="161"><c type="pct">``</c> <w type="DT">That</w> <w type="NP">Mrs.</w> <w type="NP">Kirby</w> <c type="pct">!</c> <c type="pct">!</c> </s>
<s n="162"><mw pos="PPSS MD">I'll </mw><w type="VB">bet</w> <w type="PPS">she</w> <w type="VBD">told</w> <w type="PPO">you</w> <w type="PPSS">I</w> <w type="BEDZ">was</w> <w type="JJ">puny</w> <c type="pct">,</c> <w type="RB">too</w> <c type="pct">.</c> </s>
<s n="163"><mw pos="WRB BEZ">How's </mw><w type="PPg">your</w> <w type="NN">cold</w> <c type="pct">''</c> <c type="pct">?</c> <c type="pct">?</c> </s>
</p>
<p><s n="164"><c type="pct">``</c> <w type="VBN">Broiled</w> <w type="RP">out</w> <c type="pct">.</c> </s>
<s n="165"><w type="PPS">She</w> <mw pos="DOD *">didn't </mw><w type="VB">say</w> <w type="PPSS">you</w> <w type="BED">were</w> <w type="JJ">puny</w> <c type="pct">.</c> </s>
<s n="166"><w type="BER">Are</w> <w type="PPSS">you</w> <c type="pct">?</c> <c type="pct">?</c> </s>
<s n="167"><mw pos="WDT BEZ">What's </mw><w type="JJ">puny</w> <c type="pct">''</c> <c type="pct">?</c> <c type="pct">?</c> </s>
</p>
<p><s n="168"><c type="pct">``</c> <w type="JJ">Puny</w> <w type="VBZ">goes</w> <w type="IN">with</w> <w type="JJ">pale</w> <w type="CC">and</w> <w type="JJ">peaked</w> <c type="pct">.</c> </s>
<s n="169"><w type="DO">Do</w> <w type="PPSS">you</w> <w type="HV">have</w> <w type="PN">anything</w> <w type="TO">to</w> <w type="VB">read</w> <w type="CS">while</w> <mw pos="PPSS BER">you're </mw><w type="VBN">shut</w> <w type="RP">up</w> <c type="pct">?</c> <c type="pct">?</c> </s>
<s n="170"><w type="EX">There</w> <w type="BER">are</w> <w type="CD">two</w> <w type="NNS">things</w> <w type="RB">here</w> <w type="IN">about</w> <w type="VBG" subtype="TL">Surviving</w> <w type="IN" subtype="TL">in</w> <w type="AT" subtype="TL">the</w> <w type="NN" subtype="TL">Wilderness</w> <c type="pct">,</c> <w type="CC">and</w> <w type="AT">a</w> <w type="NN">book</w> <w type="VBN">called</w> <c type="pct">'</c> <w type="NP">Tom</w> <w type="NP" subtype="TL">Swift</w> <w type="CC" subtype="TL">and</w> <w type="PPg" subtype="TL">His</w> <w type="JJ" subtype="TL">Speedy</w> <w type="NN" subtype="TL">Canoe</w> <c type="pct">'</c> <c type="pct">;</c> <c type="pct">;</c> </s>
<s n="171"><w type="CC">but</w> <w type="AT">the</w> <w type="NN">picture</w> <w type="IN">of</w> <w type="NP">Tom</w> <w type="NP">Swift</w> <w type="BEZ">is</w> <w type="QL">pretty</w> <w type="JJ">sinister</w> <c type="pct">.</c> </s>
<s n="172"><w type="RB">Also</w> <w type="AT">the</w> <w type="NN">canoe</w> <c type="pct">''</c> <c type="pct">.</c> </s>
</p>
<p></p></body></text></TEI>
