<TEI xmlns="http://www.tei-c.org/ns/1.0"><teiHeader><fileDesc><titleStmt><title>Sample P24 from  Samuel Elkin, "The Ball Player," Nugget, 6: 5 (October, 1961)
 25-26, 31.
 </title></titleStmt><editionStmt><edition>A part  of the XML version of the Brown Corpus</edition></editionStmt><extent>2,004 words 642 (32.0%) quotes</extent><publicationStmt><idno>P24</idno><availability><p>Used by permission of Nugget. 0010-1830</p></availability></publicationStmt><sourceDesc><bibl> Samuel Elkin, "The Ball Player," Nugget, 6: 5 (October, 1961)
 25-26, 31.
 </bibl></sourceDesc></fileDesc><encodingDesc><p>Typographical Errors: quitely [for quietly] [0560]want [for wants] [1510]</p></encodingDesc><revisionDesc><change when="2008-04-27">Header auto-generated for TEI version</change></revisionDesc></teiHeader>
<text xml:id="P24" decls="P">
<body><p><s n="1"><w type="EX">There</w> <w type="BEDZ">was</w> <w type="AT">a</w> <w type="NN">crowd</w> <w type="IN">in</w> <w type="AT">the</w> <w type="NNS">stands</w> <w type="IN">for</w> <w type="AT">a</w> <w type="NN">change</w> <w type="CC">and</w> <w type="AT">the</w> <w type="NN">sun</w> <w type="BEDZ">was</w> <w type="JJ">hot</w> <c type="pct">.</c> </s>
<s n="2"><w type="AT">The</w> <w type="JJ">new</w> <w type="NP">Riverside</w> <w type="NN">pitcher</w> <w type="VBD">turned</w> <w type="RP">out</w> <w type="TO">to</w> <w type="HV">have</w> <w type="AT">an</w> <w type="JJ">overhand</w> <w type="JJ">fast</w> <w type="NN">ball</w> <w type="WPS">that</w> <w type="VBD">took</w> <w type="AT">a</w> <w type="NN">hop</w> <c type="pct">.</c> </s>
<s n="3"><w type="IN">For</w> <w type="AT">a</w> <w type="AP">few</w> <w type="NNS">innings</w> <w type="AT">the</w> <w type="NP">Anniston</w> <w type="NN">team</w> <mw pos="MD *">couldn't </mw><w type="VB">figure</w> <w type="PPO">him</w> <w type="RP">out</w> <c type="pct">.</c> </s>
<s n="4"><w type="RB">Then</w> <c type="pct">,</c> <w type="IN">in</w> <w type="AT">the</w> <w type="OD">fifth</w> <c type="pct">,</c> <w type="NPg">Anniston's</w> <w type="NN">kid</w> <w type="NN">catcher</w> <w type="VBD">caught</w> <w type="IN">onto</w> <w type="AT">a</w> <w type="NN">curve</w> <w type="CC">and</w> <w type="VBD">smacked</w> <w type="AT">the</w> <w type="NN">ball</w> <w type="IN">into</w> <w type="JJ">left</w> <w type="NN">center</w> <w type="NN">field</w> <c type="pct">.</c> </s>
<s n="5"><w type="NP">Eddie</w> <w type="NP">Lee</w> <c type="pct">,</c> <w type="NPg">Riverside's</w> <w type="JJ">redheaded</w> <w type="VBG">playing</w> <w type="NN">manager</w> <c type="pct">,</c> <w type="VBD">ran</w> <w type="IN">after</w> <w type="AT">the</w> <w type="NN">ball</w> <w type="CC">but</w> <w type="PPS">it</w> <w type="VBD">rolled</w> <w type="IN">past</w> <w type="PPO">him</w> <c type="pct">.</c> </s>
<s n="6"><w type="NP">Phil</w> <w type="NP">Rossoff</w> <w type="VBD">cut</w> <w type="RP">over</w> <w type="IN">to</w> <w type="NN">center</w> <w type="IN">from</w> <w type="JJ">left</w> <w type="NN">field</w> <w type="TO">to</w> <w type="VB">get</w> <w type="AT">the</w> <w type="NN">relay</w> <c type="pct">.</c> </s>
<s n="7"><w type="NP">Eddie</w> <w type="VBD">caught</w> <w type="RP">up</w> <w type="IN">with</w> <w type="AT">the</w> <w type="NN">ball</w> <w type="IN">near</w> <w type="AT">the</w> <w type="NN">fence</w> <w type="CC">and</w> <w type="VBD">threw</w> <w type="PPO">it</w> <w type="IN">to</w> <w type="NP">Phil</w> <c type="pct">.</c> </s>
<s n="8"><c type="pct">``</c> <w type="OD">Third</w> <c type="pct">!</c> <c type="pct">!</c> </s>
<s n="9"><w type="OD">Third</w> <w type="NN">base</w> <c type="pct">''</c> <c type="pct">!</c> <c type="pct">!</c> </s>
<s n="10"><w type="NP">Eddie</w> <w type="VBD">shouted</w> <c type="pct">.</c> </s>
<s n="11"><w type="NP">Phil</w> <w type="VBD">spun</w> <w type="RB">around</w> <w type="CC">and</w> <w type="VBD">made</w> <w type="AT">an</w> <w type="JJ">accurate</w> <w type="NN">throw</w> <w type="IN">into</w> <w type="NP">Mike</w> <w type="NPg">Deegan's</w> <w type="NNS">hands</w> <w type="IN">on</w> <w type="OD">third</w> <w type="NN">base</w> <c type="pct">.</c> </s>
<s n="12"><w type="NP">Mike</w> <w type="VBD">caught</w> <w type="AT">the</w> <w type="NN">ball</w> <w type="RB">just</w> <w type="CS">as</w> <w type="AT">the</w> <w type="NN">catcher</w> <w type="VBD">slid</w> <w type="IN">into</w> <w type="AT">the</w> <w type="NN">bag</w> <c type="pct">.</c> </s>
<s n="13"><w type="CC">But</w> <w type="AT">the</w> <w type="NP">Anniston</w> <w type="NN">boy</w> <w type="HVD">had</w> <w type="VBN">begun</w> <w type="PPg">his</w> <w type="NN">slide</w> <w type="QL">too</w> <w type="RB">late</w> <c type="pct">.</c> </s>
<s n="14"><w type="PPS">He</w> <w type="VBD">came</w> <w type="IN">into</w> <w type="AT">the</w> <w type="NN">bag</w> <w type="IN">with</w> <w type="PPg">his</w> <w type="NN">body</w> <w type="CC">and</w> <w type="NP">Mike</w> <w type="NP">Deegan</w> <w type="VBD">brought</w> <w type="AT">the</w> <w type="NN">ball</w> <w type="RP">down</w> <w type="RB">full</w> <w type="IN">in</w> <w type="PPg">his</w> <w type="NN">face</w> <c type="pct">.</c> </s>
<s n="15"><c type="pct">``</c> <w type="PPSS">You</w> <w type="NN">bastard</w> <c type="pct">''</c> <c type="pct">!</c> <c type="pct">!</c> </s>
<s n="16"><w type="AT">The</w> <w type="NP">Anniston</w> <w type="NN">catcher</w> <w type="VBD">screamed</w> <c type="pct">.</c> </s>
<s n="17"><w type="PPS">He</w> <w type="VBD">jumped</w> <w type="IN">to</w> <w type="PPg">his</w> <w type="NNS">feet</w> <w type="CC">and</w> <w type="VBD">started</w> <w type="TO">to</w> <w type="VB">throw</w> <w type="NNS">punches</w> <c type="pct">.</c> </s>
<s n="18"><w type="NP">Mike</w> <w type="NP">Deegan</w> <w type="VBD">tossed</w> <w type="PPg">his</w> <w type="NN">glove</w> <w type="RB">away</w> <w type="CC">and</w> <w type="VBD">began</w> <w type="TO">to</w> <w type="VB">swing</w> <w type="IN">at</w> <w type="AT">the</w> <w type="NN">catcher</w> <c type="pct">.</c> </s>
<s n="19"><w type="DT">This</w> <w type="VBN">brought</w> <w type="RP">in</w> <w type="PN">everybody</w> <w type="IN">from</w> <w type="ABX">both</w> <w type="NNS">sides</w> <c type="pct">,</c> <w type="CS">while</w> <w type="AT">the</w> <w type="NNS">spectators</w> <w type="VBD">stood</w> <w type="RP">up</w> <w type="CC">and</w> <w type="VBD">added</w> <w type="IN">to</w> <w type="AT">the</w> <w type="NN">uproar</w> <c type="pct">.</c> </s>
<s n="20"><w type="AT">The</w> <w type="NNS">fighters</w> <w type="BED">were</w> <w type="VBN">separated</w> <w type="IN">in</w> <w type="AT">a</w> <w type="AP">few</w> <w type="NNS">minutes</w> <c type="pct">.</c> </s>
<s n="21"><w type="AT">The</w> <w type="NN">game</w> <w type="BEDZ">was</w> <w type="VBN">resumed</w> <c type="pct">.</c> </s>
<s n="22"><w type="CC">But</w> <w type="NP">Mike</w> <w type="NP">Deegan</w> <w type="BEDZ">was</w> <w type="VBG">boiling</w> <w type="JJ">mad</w> <w type="RB">now</w> <c type="pct">.</c> </s>
<s n="23"><w type="WRB">When</w> <w type="AT">the</w> <w type="NN">inning</w> <w type="BEDZ">was</w> <w type="RP">over</w> <w type="PPS">he</w> <w type="VBD">cursed</w> <w type="AT">the</w> <w type="NP">Anniston</w> <w type="NN">catcher</w> <w type="ABN">all</w> <w type="AT">the</w> <w type="NN">way</w> <w type="IN">into</w> <w type="AT">the</w> <w type="NN">dugout</w> <c type="pct">.</c> </s>
<s n="24"><w type="NP">Phil</w> <w type="NP">Rossoff</w> <c type="pct">,</c> <w type="VBG">coming</w> <w type="RP">in</w> <w type="IN">from</w> <w type="JJ">left</w> <w type="NN">field</w> <c type="pct">,</c> <w type="VBD">stopped</w> <w type="IN">at</w> <w type="AT">the</w> <w type="NN">water</w> <w type="NN">fountain</w> <w type="IN">for</w> <w type="AT">a</w> <w type="NN">drink</w> <c type="pct">.</c> </s>
<s n="25"><w type="NP">Mike</w> <w type="NP">Deegan</w> <w type="BEDZ">was</w> <w type="VBG">standing</w> <w type="IN">beside</w> <w type="PPO">it</w> <c type="pct">,</c> <w type="VBG">facing</w> <w type="AT">the</w> <w type="NN">field</w> <c type="pct">.</c> </s>
<s n="26"><w type="PPS">He</w> <w type="BEDZ">was</w> <w type="VBG">eyeing</w> <w type="AT">the</w> <w type="NP">Anniston</w> <w type="NN">catcher</w> <w type="VBG">warming</w> <w type="RP">up</w> <w type="PPg">his</w> <w type="NN">pitcher</w> <w type="CS">before</w> <w type="AT">the</w> <w type="NN">inning</w> <w type="VBD">began</w> <c type="pct">.</c> </s>
<s n="27"><c type="pct">``</c> <w type="VB">Keep</w> <w type="PPg">your</w> <w type="NNS">eyes</w> <w type="VB">open</w> <c type="pct">,</c> <w type="NN">sonny</w> <c type="pct">''</c> <c type="pct">!</c> <c type="pct">!</c> </s>
<s n="28"><w type="NP">Mike</w> <w type="VBD">yelled</w> <w type="IN">to</w> <w type="AT">the</w> <w type="NN">catcher</w> <c type="pct">.</c> </s>
<s n="29"><c type="pct">``</c> <mw pos="PPSS BER">You're </mw><w type="RP">in</w> <w type="IN">for</w> <w type="NN">trouble</w> <c type="pct">''</c> <c type="pct">.</c> </s>
<s n="30"><w type="AT">The</w> <w type="NP">Anniston</w> <w type="NN">catcher</w> <w type="DOD">did</w> <w type="NEG">not</w> <w type="VB">reply</w> <w type="IN">with</w> <w type="NNS">words</w> <c type="pct">.</c> </s>
<s n="31"><w type="PPS">He</w> <w type="RB">simply</w> <w type="VBD">turned</w> <w type="IN">to</w> <w type="NP">Mike</w> <w type="CC">and</w> <w type="VBD">smiled</w> <c type="pct">.</c> </s>
<s n="32"><w type="DT">This</w> <w type="QL">so</w> <w type="VBD">infuriated</w> <w type="NP">Deegan</w> <w type="CS">that</w> <w type="PPS">he</w> <w type="VBD">spun</w> <w type="RB">around</w> <w type="CC">and</w> <w type="VBD">said</w> <c type="pct">:</c> <c type="pct">``</c> <mw pos="PPSS MD">I'll </mw><w type="VB">get</w> <w type="DT">that</w> <w type="AP">little</w> <w type="NN">bastard</w> <c type="pct">.</c> </s>
<s n="33"><w type="RB">So</w> <w type="VB">help</w> <w type="PPO">me</w> <w type="NP">God</w> <c type="pct">,</c> <mw pos="PPSS MD">I'll </mw><w type="VB">get</w> <w type="PPO">him</w> <c type="pct">''</c> <c type="pct">.</c> </s>
</p>
<p><s n="34"><w type="NP">Phil</w> <w type="NP">Rossoff</w> <w type="VBD">said</w> <c type="pct">:</c> <c type="pct">``</c> <w type="WRB">Why</w> <mw pos="DO *">don't </mw><w type="PPO">you</w> <w type="VB">leave</w> <w type="PPO">him</w> <w type="RB">alone</w> <c type="pct">''</c> <c type="pct">?</c> <c type="pct">?</c> </s>
</p>
<p><s n="35"><c type="pct">``</c> <w type="VB">Mind</w> <w type="PPg">your</w> <w type="JJ">own</w> <w type="JJ">goddamn</w> <w type="NN">business</w> <c type="pct">''</c> <c type="pct">,</c> <w type="NP">Mike</w> <w type="NP">Deegan</w> <w type="VBD">said</w> <c type="pct">.</c> </s>
</p>
<p><s n="36"><w type="NP">Phil</w> <w type="VBD">shrugged</w> <c type="pct">.</c> </s>
<s n="37"><w type="PPS">He</w> <w type="VBD">stepped</w> <w type="IN">into</w> <w type="AT">the</w> <w type="NN">dugout</w> <c type="pct">,</c> <w type="VBG">wondering</w> <w type="WRB">why</w> <w type="NP">Deegan</w> <w type="BEDZ">was</w> <w type="RB">always</w> <w type="VBG">looking</w> <w type="IN">for</w> <w type="NN">trouble</w> <c type="pct">.</c> </s>
<s n="38"><w type="RB">Maybe</w> <w type="AT">the</w> <w type="NN">answer</w> <w type="BEDZ">was</w> <w type="IN">in</w> <w type="PPg">his</w> <w type="NNS">eyes</w> <c type="pct">.</c> </s>
<s n="39"><w type="WRB">When</w> <w type="NP">Deegan</w> <w type="VBD">smiled</w> <w type="PPg">his</w> <w type="NNS">eyes</w> <w type="RB">never</w> <w type="VBD">fit</w> <w type="RP">in</w> <w type="IN">with</w> <w type="PPg">his</w> <w type="NNS">lips</w> <c type="pct">.</c> </s>
</p>
<p><s n="40"><w type="IN">In</w> <w type="AT">the</w> <w type="NN">last</w> <w type="IN">of</w> <w type="AT">the</w> <w type="OD">sixth</w> <w type="NN">inning</w> <w type="NP">Mike</w> <w type="NP">Deegan</w> <w type="VBD">got</w> <w type="RP">up</w> <w type="TO">to</w> <w type="VB">bat</w> <w type="CC">and</w> <w type="VBD">hit</w> <w type="AT">a</w> <w type="JJ">fast</w> <w type="NN">ball</w> <w type="IN">over</w> <w type="AT">the</w> <w type="JJ">left</w> <w type="NNg">fielder's</w> <w type="NN">head</w> <c type="pct">.</c> </s>
<s n="41"><w type="IN">By</w> <w type="AT">the</w> <w type="NN">time</w> <w type="AT">the</w> <w type="NN">fielder</w> <w type="VBD">got</w> <w type="PPg">his</w> <w type="NNS">hands</w> <w type="IN">on</w> <w type="AT">the</w> <w type="NN">ball</w> <w type="NP">Deegan</w> <w type="BEDZ">was</w> <w type="VBG">rounding</w> <w type="OD">third</w> <w type="NN">base</w> <w type="CC">and</w> <w type="VBG">heading</w> <w type="IN">for</w> <w type="NR">home</w> <c type="pct">.</c> </s>
<s n="42"><w type="AT">The</w> <w type="JJ">left</w> <w type="NN">fielder</w> <w type="VBD">threw</w> <w type="CC">and</w> <w type="PPS">it</w> <w type="BEDZ">was</w> <w type="AT">a</w> <w type="JJ">good</w> <w type="PN">one</w> <c type="pct">.</c> </s>
<s n="43"><w type="CC">But</w> <w type="NP">Mike</w> <w type="HVD">had</w> <w type="AT">no</w> <w type="NN">chance</w> <w type="IN">of</w> <w type="BEG">being</w> <w type="VBN">tagged</w> <c type="pct">.</c> </s>
<s n="44"><w type="AT">The</w> <w type="NP">Anniston</w> <w type="NN">catcher</w> <w type="BEDZ">was</w> <w type="VBG">straddling</w> <w type="NR">home</w> <w type="NN">plate</w> <c type="pct">.</c> </s>
<s n="45"><w type="ABN">All</w> <w type="NP">Deegan</w> <w type="HVD">had</w> <w type="TO">to</w> <w type="DO">do</w> <w type="BEDZ">was</w> <w type="VB">slide</w> <c type="pct">,</c> <w type="VB">fall</w> <w type="RB">away</w> <c type="pct">,</c> <w type="CC">but</w> <w type="RB">instead</w> <c type="pct">,</c> <w type="PPS">he</w> <w type="VBD">rammed</w> <w type="IN">into</w> <w type="AT">the</w> <w type="NN">catcher</w> <c type="pct">.</c> </s>
</p>
<p><s n="46"><w type="ABX">Both</w> <w type="VBD">fell</w> <w type="RB">heavily</w> <w type="IN">to</w> <w type="AT">the</w> <w type="NN">ground</w> <c type="pct">.</c> </s>
</p>
<p><s n="47"><w type="RB">Only</w> <w type="NP">Mike</w> <w type="VBD">got</w> <w type="IN">to</w> <w type="PPg">his</w> <w type="NNS">feet</w> <c type="pct">.</c> </s>
<s n="48"><w type="PPS">He</w> <w type="VBD">went</w> <w type="RB">back</w> <w type="TO">to</w> <w type="VB">touch</w> <w type="NR">home</w> <w type="NN">plate</w> <c type="pct">,</c> <w type="VBD">turned</w> <w type="CC">and</w> <w type="VBD">walked</w> <w type="IN">to</w> <w type="AT">the</w> <w type="NN">dugout</w> <w type="IN">without</w> <w type="VBG">looking</w> <w type="RB">back</w> <c type="pct">.</c> </s>
</p>
<p><s n="49"><w type="AT">The</w> <w type="NP">Anniston</w> <w type="NNS">players</w> <w type="CC">and</w> <w type="PPg">their</w> <w type="NN">manager</w> <w type="VBD">ran</w> <w type="RP">out</w> <w type="IN">on</w> <w type="AT">the</w> <w type="NN">field</w> <c type="pct">.</c> </s>
<s n="50"><w type="PPSS">They</w> <w type="VBD">poured</w> <w type="NN">water</w> <w type="IN">over</w> <w type="PPg">their</w> <w type="NNg">catcher's</w> <w type="NN">face</w> <c type="pct">.</c> </s>
<s n="51"><w type="PPS">He</w> <w type="DOD">did</w> <w type="NEG">not</w> <w type="VB">move</w> <c type="pct">.</c> </s>
<s n="52"><w type="RB">Then</w> <w type="AT">the</w> <w type="NN">manager</w> <w type="VBD">called</w> <w type="IN">for</w> <w type="AT">a</w> <w type="NN">doctor</w> <c type="pct">.</c> </s>
<s n="53"><w type="AT">The</w> <w type="NP">Riverside</w> <w type="NN">physician</w> <w type="VBD">came</w> <w type="RP">down</w> <w type="TO">to</w> <w type="VB">look</w> <w type="RP">over</w> <w type="AT">the</w> <w type="VBN">injured</w> <w type="NN">ballplayer</w> <c type="pct">.</c> </s>
<s n="54"><w type="RB">Then</w> <c type="pct">,</c> <w type="RB">quickly</w> <c type="pct">,</c> <w type="CC">and</w> <w type="AT">a</w> <w type="QL">little</w> <w type="RB">nervously</w> <c type="pct">,</c> <w type="AT">the</w> <w type="NN">doctor</w> <w type="VBD">ordered</w> <w type="AT">a</w> <w type="NN">couple</w> <w type="IN">of</w> <w type="NNS">ballplayers</w> <w type="TO">to</w> <w type="VB">carry</w> <w type="AT">the</w> <w type="NN">catcher</w> <w type="IN">into</w> <w type="AT">the</w> <w type="VBG">dressing</w> <w type="NN">room</w> <c type="pct">.</c> </s>
</p>
<p><s n="55"><w type="NP">Mike</w> <w type="NP">Deegan</w> <w type="BEDZ">was</w> <w type="VBG">sitting</w> <w type="IN">on</w> <w type="AT">the</w> <w type="NN">bench</w> <c type="pct">,</c> <w type="VBG">watching</w> <c type="pct">.</c> </s>
<s n="56"><w type="WRB">When</w> <w type="AT">the</w> <w type="NNS">ballplayers</w> <w type="VBD">started</w> <w type="TO">to</w> <w type="VB">carry</w> <w type="AT">the</w> <w type="NN">catcher</w> <w type="IN">off</w> <w type="AT">the</w> <w type="NN">field</w> <w type="PPS">he</w> <w type="VBD">said</w> <c type="pct">:</c> <c type="pct">``</c> <w type="DT">That</w> <w type="MD">ought</w> <w type="TO">to</w> <w type="VB">teach</w> <w type="AT">the</w> <w type="NN">sonofabitch</w> <c type="pct">''</c> <c type="pct">.</c> </s>
</p>
<p><s n="57"><w type="NP">Phil</w> <w type="NP">Rossoff</w> <c type="pct">,</c> <w type="VBN">seated</w> <w type="IN">next</w> <w type="IN">to</w> <w type="NP">Deegan</w> <c type="pct">,</c> <w type="VBD">got</w> <w type="RP">up</w> <w type="CC">and</w> <w type="VBD">moved</w> <w type="IN">to</w> <w type="AT">the</w> <w type="AP">other</w> <w type="NN">end</w> <w type="IN">of</w> <w type="AT">the</w> <w type="NN">bench</w> <c type="pct">.</c> </s>
</p>
<p><s n="58"><w type="AT">The</w> <w type="NP">Anniston</w> <w type="NN">manager</w> <w type="BEDZ">was</w> <w type="VBG">coming</w> <w type="RP">over</w> <w type="IN">to</w> <w type="AT">the</w> <w type="NP">Riverside</w> <w type="NN">dugout</w> <c type="pct">.</c> </s>
<s n="59"><w type="PPS">He</w> <w type="BEDZ">was</w> <w type="VBN">followed</w> <w type="IN">by</w> <w type="CD">four</w> <w type="IN">of</w> <w type="PPg">his</w> <w type="NNS">men</w> <c type="pct">.</c> </s>
<s n="60"><w type="PPS">It</w> <w type="VBD">began</w> <w type="TO">to</w> <w type="VB">look</w> <w type="CS">as</w> <w type="CS">if</w> <w type="PN">something</w> <w type="BEDZ">was</w> <w type="VBG">going</w> <w type="TO">to</w> <w type="VB">happen</w> <c type="pct">.</c> </s>
<s n="61"><w type="NP">Mike</w> <w type="VBD">sat</w> <w type="RB">quietly</w> <w type="VBG">watching</w> <w type="AT">the</w> <w type="NN">manager</w> <w type="VBN">come</w> <w type="RBR">nearer</w> <c type="pct">.</c> </s>
<s n="62"><w type="NP">Eddie</w> <w type="NP">Lee</w> <w type="VBD">moved</w> <w type="RP">over</w> <w type="IN">to</w> <w type="NP">Mike</w> <w type="NPg">Deegan's</w> <w type="NN">side</w> <c type="pct">.</c> </s>
<s n="63"><w type="AT">No</w> <w type="PN">one</w> <w type="VBD">said</w> <w type="AT">a</w> <w type="NN">word</w> <c type="pct">.</c> </s>
</p>
<p><s n="64"><w type="AT">The</w> <w type="NP">Anniston</w> <w type="NN">manager</w> <w type="VBD">came</w> <w type="QL">right</w> <w type="RP">up</w> <w type="IN">to</w> <w type="AT">the</w> <w type="NN">dugout</w> <w type="IN">in</w> <w type="NN">front</w> <w type="IN">of</w> <w type="NP">Mike</w> <c type="pct">.</c> </s>
<s n="65"><w type="PPg">His</w> <w type="NN">face</w> <w type="BEDZ">was</w> <w type="VBN">flushed</w> <c type="pct">.</c> </s>
</p>
<p><s n="66"><c type="pct">``</c> <w type="NP">Deegan</w> <c type="pct">''</c> <c type="pct">,</c> <w type="AT">the</w> <w type="NN">manager</w> <w type="VBD">said</w> <c type="pct">,</c> <w type="PPg">his</w> <w type="NN">voice</w> <w type="VBN">pitched</w> <w type="JJ">low</w> <c type="pct">,</c> <w type="VBG">quivering</w> <c type="pct">.</c> </s>
<s n="67"><c type="pct">``</c> <w type="DT">That</w> <w type="BEDZ">was</w> <w type="AT">a</w> <w type="JJ">rotten</w> <w type="NN">thing</w> <w type="TO">to</w> <w type="DO">do</w> <c type="pct">''</c> <c type="pct">.</c> </s>
</p>
<p><s n="68"><c type="pct">``</c> <w type="IN">For</w> <w type="NPg">God's</w> <w type="NN">sake</w> <c type="pct">''</c> <c type="pct">,</c> <w type="NP">Mike</w> <w type="VBD">said</w> <c type="pct">,</c> <w type="VBG">waving</w> <w type="AT">the</w> <w type="NN">manager</w> <w type="RB">away</w> <c type="pct">.</c> </s>
<s n="69"><c type="pct">``</c> <w type="VB">Stop</w> <w type="PPO">it</w> <c type="pct">,</c> <w type="MD">will</w> <w type="PPSS">you</w> <c type="pct">?</c> <c type="pct">?</c> </s>
<s n="70"><w type="VB">Tell</w> <w type="PPg">your</w> <w type="NNS">guys</w> <w type="NEG">not</w> <w type="TO">to</w> <w type="VB">block</w> <w type="AT">the</w> <w type="NN">plate</w> <c type="pct">''</c> <c type="pct">.</c> </s>
</p>
<p><s n="71"><c type="pct">``</c> <w type="PPSS">You</w> <mw pos="DOD *">didn't </mw><w type="HV">have</w> <w type="TO">to</w> <w type="VB">ram</w> <w type="PPO">him</w> <c type="pct">''</c> <c type="pct">.</c> </s>
</p>
<p><s n="72"><c type="pct">``</c> <mw pos="DT BEZ">That's </mw><w type="WDT">what</w> <w type="PPSS">you</w> <w type="VB">say</w> <c type="pct">''</c> <c type="pct">.</c> </s>
</p>
<p><s n="73"><w type="AT">The</w> <w type="NP">Anniston</w> <w type="NN">manager</w> <w type="VBD">looked</w> <w type="IN">at</w> <w type="NP">Eddie</w> <w type="NP">Lee</w> <c type="pct">.</c> </s>
<s n="74"><w type="PPS">It</w> <w type="BEDZ">was</w> <w type="AT">a</w> <w type="JJ">cold</w> <w type="CC">and</w> <w type="VBN">calculated</w> <w type="NN">look</w> <c type="pct">.</c> </s>
<s n="75"><w type="PPS">He</w> <w type="VBD">turned</w> <w type="CC">and</w> <w type="VBD">went</w> <w type="RB">back</w> <w type="IN">across</w> <w type="AT">the</w> <w type="NN">field</w> <w type="IN">to</w> <w type="PPg">his</w> <w type="NN">dugout</w> <c type="pct">.</c> </s>
<s n="76"><w type="PPS">He</w> <w type="VBD">called</w> <w type="RP">in</w> <w type="AT">the</w> <w type="NN">pitcher</w> <w type="WPS">who</w> <w type="HVD">had</w> <w type="BEN">been</w> <w type="VBG">pitching</w> <c type="pct">,</c> <w type="CC">and</w> <w type="AT">a</w> <w type="JJ">big</w> <c type="pct">,</c> <w type="JJ">heavy</w> <c type="pct">,</c> <w type="RB">powerfully</w> <w type="VBN">built</w> <w type="JJ">right</w> <w type="NN">hander</w> <w type="VBD">moved</w> <w type="RP">out</w> <w type="IN">to</w> <w type="AT">the</w> <w type="NN">mound</w> <w type="IN">for</w> <w type="NP">Anniston</w> <c type="pct">.</c> </s>
</p>
<p><s n="77"><w type="AT">The</w> <w type="NN">game</w> <w type="VBD">started</w> <w type="RB">again</w> <w type="CC">and</w> <w type="IN">in</w> <w type="AT">the</w> <w type="OD">eighth</w> <w type="NN">inning</w> <w type="NP">Mike</w> <w type="NP">Deegan</w> <w type="VBD">came</w> <w type="RP">up</w> <w type="TO">to</w> <w type="VB">bat</w> <c type="pct">.</c> </s>
<s n="78"><w type="PN">Everyone</w> <w type="IN">in</w> <w type="AT">the</w> <w type="NN">ball</w> <w type="NN">park</w> <w type="VBD">seemed</w> <w type="TO">to</w> <w type="BE">be</w> <w type="VBG">standing</w> <w type="CC">and</w> <w type="VBG">shouting</w> <c type="pct">.</c> </s>
</p>
<p><s n="79"><w type="AT">The</w> <w type="OD">first</w> <w type="NN">ball</w> <w type="AT">the</w> <w type="JJ">hefty</w> <w type="NN">pitcher</w> <w type="VBD">threw</w> <w type="VBD">came</w> <w type="RP">in</w> <w type="IN">for</w> <w type="NPg">Mike's</w> <w type="NN">head</w> <c type="pct">.</c> </s>
<s n="80"><w type="NP">Deegan</w> <w type="VBD">fell</w> <w type="IN">into</w> <w type="AT">the</w> <w type="NN">dirt</w> <c type="pct">,</c> <w type="AT">the</w> <w type="NN">ball</w> <w type="VBG">going</w> <w type="IN">over</w> <w type="PPO">him</w> <c type="pct">.</c> </s>
<s n="81"><w type="PPS">He</w> <w type="VBD">arose</w> <w type="RB">slowly</w> <w type="CC">and</w> <w type="VBD">brushed</w> <w type="PPL">himself</w> <w type="RP">off</w> <c type="pct">.</c> </s>
<s n="82"><w type="PPS">He</w> <w type="VBD">got</w> <w type="RB">back</w> <w type="IN">into</w> <w type="AT">the</w> <w type="NNg">batter's</w> <w type="NN">box</w> <w type="CC">and</w> <w type="IN">on</w> <w type="AT">the</w> <w type="AP">next</w> <w type="NN">pitch</w> <w type="VBD">dropped</w> <w type="IN">into</w> <w type="AT">the</w> <w type="NN">dirt</w> <w type="RB">again</w> <c type="pct">.</c> </s>
</p>
<p><s n="83"><c type="pct">``</c> <w type="VB">Hit</w> <w type="AT">the</w> <w type="NN">bum</w> <c type="pct">''</c> <c type="pct">!</c> <c type="pct">!</c> </s>
<s n="84"><w type="PN">Somebody</w> <w type="VBD">yelled</w> <w type="IN">from</w> <w type="AT">the</w> <w type="NP">Anniston</w> <w type="NN">bench</w> <c type="pct">.</c> </s>
</p>
<p><s n="85"><w type="IN">In</w> <w type="AT">the</w> <w type="NP">Riverside</w> <w type="NN">dugout</w> <w type="NP">Frankie</w> <w type="NP">Ricco</w> <c type="pct">,</c> <w type="NN">shortstop</w> <c type="pct">,</c> <w type="VBD">whispered</w> <w type="IN">into</w> <w type="NPg">Phil's</w> <w type="NN">ear</w> <c type="pct">:</c> <c type="pct">``</c> <mw pos="EX BEZ">There's </mw><mw pos="VBG TO">gonna </mw><w type="BE">be</w> <w type="AT">a</w> <w type="NN">fight</w> <c type="pct">''</c> <c type="pct">.</c> </s>
</p>
<p><s n="86"><c type="pct">``</c> <w type="VB">Look</w> <w type="IN">at</w> <w type="DTS">those</w> <w type="NNS">bastards</w> <c type="pct">''</c> <c type="pct">!</c> <c type="pct">!</c> </s>
<s n="87"><w type="NP">Charlie</w> <w type="NP">Haydon</w> <c type="pct">,</c> <w type="AT">a</w> <w type="NN">pitcher</w> <c type="pct">,</c> <w type="VBD">said</w> <c type="pct">.</c> </s>
<s n="88"><c type="pct">``</c> <mw pos="PPSS BER">They're </mw><w type="VBG">looking</w> <w type="IN">for</w> <w type="NN">trouble</w> <c type="pct">''</c> <c type="pct">.</c> </s>
</p>
<p><s n="89"><w type="NP">Mike</w> <w type="BEDZ">was</w> <w type="RB">slow</w> <w type="VBG">getting</w> <w type="IN">into</w> <w type="AT">the</w> <w type="NN">box</w> <w type="DT">this</w> <w type="NN">time</w> <c type="pct">.</c> </s>
<s n="90"><w type="WRB">When</w> <w type="PPS">he</w> <w type="RB">finally</w> <w type="DOD">did</w> <w type="PPS">he</w> <w type="HVD">had</w> <w type="TO">to</w> <w type="VB">duck</w> <w type="PPg">his</w> <w type="NN">head</w> <w type="RB">quickly</w> <w type="RB">away</w> <w type="CS">as</w> <w type="AT">the</w> <w type="NN">pitch</w> <w type="VBD">came</w> <w type="RP">in</w> <c type="pct">.</c> </s>
</p>
<p><s n="91"><c type="pct">``</c> <w type="VB">Listen</w> <c type="pct">''</c> <c type="pct">!</c> <c type="pct">!</c> </s>
<s n="92"><w type="PPS">He</w> <w type="VBD">shouted</w> <w type="IN">to</w> <w type="AT">the</w> <w type="NN">pitcher</w> <c type="pct">.</c> </s>
<s n="93"><c type="pct">``</c> <w type="CD">One</w> <w type="AP">more</w> <w type="CC">and</w> <mw pos="PPSS BEM">I'm </mw><w type="VBG">coming</w> <w type="RP">out</w> <w type="RB">there</w> <c type="pct">''</c> <c type="pct">!</c> <c type="pct">!</c> </s>
</p>
<p><s n="94"><c type="pct">``</c> <mw pos="PPSS MD">I'll </mw><w type="BE">be</w> <w type="VBG">waiting</w> <c type="pct">''</c> <c type="pct">!</c> <c type="pct">!</c> </s>
<s n="95"><w type="AT">The</w> <w type="NN">pitcher</w> <w type="VBD">yelled</w> <w type="RB">back</w> <c type="pct">.</c> </s>
</p>
<p><s n="96"><w type="NP">Mike</w> <w type="NP">Deegan</w> <w type="VBD">pounded</w> <w type="AT">the</w> <w type="NN">rubber</w> <w type="NN">plate</w> <w type="IN">with</w> <w type="AT">the</w> <w type="NN">end</w> <w type="IN">of</w> <w type="PPg">his</w> <w type="NN">bat</w> <c type="pct">.</c> </s>
<s n="97"><w type="PPS">He</w> <w type="VBD">stood</w> <w type="JJ">flat-footed</w> <w type="IN">in</w> <w type="AT">the</w> <w type="NN">box</w> <c type="pct">,</c> <w type="CC">but</w> <w type="NEG">not</w> <w type="QL">very</w> <w type="RB">close</w> <w type="IN">to</w> <w type="AT">the</w> <w type="NN">plate</w> <w type="RB">now</w> <c type="pct">.</c> </s>
<s n="98"><w type="AT">The</w> <w type="NN">pitcher</w> <w type="VBD">wound</w> <w type="RP">up</w> <w type="CC">and</w> <w type="AT">the</w> <w type="NN">ball</w> <w type="VBD">came</w> <w type="RP">in</w> <w type="RB">straight</w> <w type="IN">for</w> <w type="NPg">Mike's</w> <w type="NN">head</w> <c type="pct">.</c> </s>
<s n="99"><w type="NP">Deegan</w> <w type="VBD">dropped</w> <c type="pct">,</c> <w type="VBD">got</w> <w type="RP">up</w> <c type="pct">,</c> <w type="VBD">turned</w> <w type="CC">and</w> <c type="pct">,</c> <w type="VBG">holding</w> <w type="AT">the</w> <w type="NN">bat</w> <w type="IN">with</w> <w type="ABX">both</w> <w type="NNS">hands</w> <w type="RP">up</w> <w type="IN">against</w> <w type="PPg">his</w> <w type="NN">chest</w> <c type="pct">,</c> <w type="VBD">began</w> <w type="TO">to</w> <w type="VB">walk</w> <w type="RB">slowly</w> <w type="RP">out</w> <w type="IN">to</w> <w type="AT">the</w> <w type="NN">mound</w> <c type="pct">.</c> </s>
<s n="100"><w type="AT">The</w> <w type="NN">pitcher</w> <w type="VBD">tossed</w> <w type="PPg">his</w> <w type="NN">glove</w> <w type="RB">away</w> <w type="CC">and</w> <w type="VBD">came</w> <w type="IN">towards</w> <w type="NP">Mike</w> <w type="NP">Deegan</w> <c type="pct">.</c> </s>
<s n="101"><w type="PPSS">They</w> <w type="BED">were</w> <w type="ABX">both</w> <w type="VBG">walking</w> <w type="IN">towards</w> <w type="DT">each</w> <w type="AP">other</w> <c type="pct">,</c> <w type="JJ">unhurried</w> <c type="pct">.</c> </s>
</p>
<p><s n="102"><w type="NP">Riverside</w> <w type="CC">and</w> <w type="NP">Anniston</w> <w type="NNS">players</w> <w type="VBD">rushed</w> <w type="RP">out</w> <w type="IN">on</w> <w type="AT">the</w> <w type="NN">field</w> <c type="pct">.</c> </s>
<s n="103"><w type="IN">In</w> <w type="AT">the</w> <w type="AP">next</w> <w type="NN">moment</w> <c type="pct">,</c> <w type="PPS">it</w> <w type="VBD">seemed</w> <c type="pct">,</c> <w type="AT">the</w> <w type="NN">infield</w> <w type="BEDZ">was</w> <w type="VBN">crowded</w> <w type="IN">with</w> <w type="NNS">spectators</w> <c type="pct">,</c> <w type="NNS">ballplayers</w> <c type="pct">,</c> <w type="NNS">cops</w> <c type="pct">,</c> <w type="NNS">kids</w> <w type="CC">and</w> <w type="AT">a</w> <w type="NN">dog</w> <c type="pct">.</c> </s>
<s n="104"><w type="EX">There</w> <w type="BEDZ">was</w> <w type="AP">much</w> <w type="NN">shouting</w> <w type="CC">and</w> <w type="NN">screaming</w> <c type="pct">.</c> </s>
<s n="105"><w type="NNS">Fights</w> <w type="VBD">sprang</w> <w type="RP">up</w> <w type="CC">and</w> <w type="BED">were</w> <w type="RB">quickly</w> <w type="VBN">squelched</w> <c type="pct">.</c> </s>
<s n="106"><w type="NP">Mike</w> <w type="CC">and</w> <w type="AT">the</w> <w type="NP">Anniston</w> <w type="NN">pitcher</w> <w type="BED">were</w> <w type="VBN">pulled</w> <w type="RB">away</w> <w type="CS">before</w> <w type="PPSS">they</w> <w type="RB">even</w> <w type="VBD">came</w> <w type="RB">together</w> <c type="pct">.</c> </s>
</p>
<p><s n="107"><w type="NP">Phil</w> <w type="NP">Rossoff</w> <w type="CC">and</w> <w type="CD">two</w> <w type="AP">other</w> <w type="NP">Riverside</w> <w type="NNS">players</w> <w type="DOD">did</w> <w type="NEG">not</w> <w type="VB">go</w> <w type="RP">out</w> <w type="IN">on</w> <w type="AT">the</w> <w type="NN">field</w> <w type="WRB">when</w> <w type="AT">the</w> <w type="NN">fighting</w> <w type="VBD">started</w> <c type="pct">.</c> </s>
</p>
<p><s n="108"><w type="IN">After</w> <w type="AT">the</w> <w type="NN">game</w> <c type="pct">,</c> <w type="NP">Phil</w> <w type="BEDZ">was</w> <w type="VBG">taking</w> <w type="RP">off</w> <w type="PPg">his</w> <w type="NN">sweatshirt</w> <w type="IN">in</w> <w type="AT">the</w> <w type="VBG">dressing</w> <w type="NN">room</w> <w type="WRB">when</w> <w type="NP">Mike</w> <w type="NP">Deegan</w> <w type="VBD">came</w> <w type="RP">in</w> <c type="pct">.</c> </s>
</p>
<p><s n="109"><c type="pct">``</c> <mw pos="PPS BEZ">It's </mw><w type="AT">a</w> <w type="JJ">helluva</w> <w type="NN">thing</w> <c type="pct">''</c> <c type="pct">,</c> <w type="NP">Mike</w> <w type="VBD">said</w> <c type="pct">,</c> <w type="VBG">looking</w> <w type="IN">at</w> <w type="NP">Phil</w> <c type="pct">,</c> <c type="pct">``</c> <w type="WRB">when</w> <w type="AT">a</w> <w type="NNg">guy's</w> <w type="JJ">own</w> <w type="NN">team-mate</w> <mw pos="MD *">won't </mw><w type="VB">come</w> <w type="RP">out</w> <w type="CC">and</w> <w type="VB">help</w> <w type="PPO">him</w> <w type="IN">in</w> <w type="AT">a</w> <w type="NN">fight</w> <c type="pct">''</c> <c type="pct">.</c> </s>
</p>
<p><s n="110"><w type="NP">Phil</w> <w type="VBD">sighed</w> <w type="CC">and</w> <w type="VBD">pulled</w> <w type="AT">the</w> <w type="JJ">wet</w> <w type="NN">sweatshirt</w> <w type="IN">over</w> <w type="PPg">his</w> <w type="NN">head</w> <c type="pct">.</c> </s>
<s n="111"><w type="NP">Frankie</w> <w type="NP">Ricco</w> <w type="VBD">sat</w> <w type="RP">down</w> <w type="IN">on</w> <w type="AT">the</w> <w type="NN">bench</w> <w type="IN">near</w> <w type="NP">Phil</w> <c type="pct">.</c> </s>
<s n="112"><w type="AT">The</w> <w type="AP">other</w> <w type="NNS">players</w> <w type="BED">were</w> <w type="VBG">undressing</w> <w type="RB">quietly</w> <c type="pct">.</c> </s>
<s n="113"><w type="NP">Eddie</w> <w type="NP">Lee</w> <w type="HVD">had</w> <w type="NEG">not</w> <w type="VBN">come</w> <w type="RP">in</w> <w type="RB">yet</w> <c type="pct">.</c> </s>
</p>
<p><s n="114"><w type="NP">Mike</w> <w type="VBD">went</w> <w type="RP">over</w> <w type="IN">to</w> <w type="NP">Phil</w> <w type="CC">and</w> <w type="VBD">stood</w> <w type="IN">over</w> <w type="PPO">him</w> <c type="pct">.</c> </s>
<s n="115"><c type="pct">``</c> <w type="WRB">Why</w> <w type="AT">the</w> <w type="NN">hell</w> <mw pos="DOD *">didn't </mw><w type="PPSS">you</w> <w type="VB">come</w> <w type="RP">out</w> <w type="WRB">when</w> <w type="PPSS">you</w> <w type="VBD">saw</w> <w type="PPO">them</w> <w type="VB">gang</w> <w type="RP">up</w> <w type="IN">on</w> <w type="PPO">me</w> <c type="pct">''</c> <c type="pct">?</c> <c type="pct">?</c> </s>
</p>
<p><s n="116"><c type="pct">``</c> <w type="PPSS">I</w> <mw pos="DOD *">didn't </mw><w type="VB">think</w> <w type="PPS">it</w> <w type="BEDZ">was</w> <w type="JJ">necessary</w> <c type="pct">''</c> <c type="pct">.</c> </s>
</p>
<p><s n="117"><c type="pct">``</c> <w type="UH">Well</w> <c type="pct">!</c> <c type="pct">!</c> </s>
<s n="118"><w type="RB">Now</w> <mw pos="DT BEZ">that's </mw><w type="RB">just</w> <w type="JJ">fine</w> <c type="pct">!</c> <c type="pct">!</c> </s>
<s n="119"><w type="PPSS">You</w> <mw pos="DOD *">didn't </mw><w type="VB">think</w> <w type="PPS">it</w> <w type="BEDZ">was</w> <w type="JJ">necessary</w> <c type="pct">''</c> <c type="pct">.</c> </s>
<s n="120"><w type="NP">Mike</w> <w type="VBD">placed</w> <w type="ABX">both</w> <w type="PPg">his</w> <w type="NNS">hands</w> <w type="IN">on</w> <w type="PPg">his</w> <w type="NNS">hips</w> <c type="pct">.</c> </s>
<s n="121"><w type="PPS">He</w> <w type="VBD">pushed</w> <w type="PPg">his</w> <w type="NN">jaw</w> <w type="RB">forward</w> <c type="pct">.</c> </s>
<s n="122"><c type="pct">``</c> <w type="VB">Listen</w> <c type="pct">,</c> <w type="JJ">wise</w> <w type="NN">guy</w> <c type="pct">,</c> <w type="CS">if</w> <w type="PPSS">you</w> <w type="VB">think</w> <mw pos="PPSS BEM">I'm </mw><mw pos="VBG TO">gonna </mw><w type="DO">do</w> <w type="ABN">all</w> <w type="AT">the</w> <w type="NN">fighting</w> <w type="IN">for</w> <w type="DT">this</w> <w type="NN">ball</w> <w type="NN">club</w> <mw pos="PPSS BER">you're </mw><w type="JJ">crazy</w> <c type="pct">''</c> <c type="pct">.</c> </s>
</p>
<p><s n="123"><w type="NP">Mike</w> <w type="HVD">had</w> <w type="AT">a</w> <w type="JJ">good</w> <w type="CD">two</w> <w type="NNS">inches</w> <w type="IN">over</w> <w type="NP">Phil</w> <w type="CC">and</w> <w type="NP">Phil</w> <w type="HVD">had</w> <w type="TO">to</w> <w type="VB">look</w> <w type="RP">up</w> <w type="IN">into</w> <w type="NPg">Mike's</w> <w type="NN">face</w> <c type="pct">.</c> </s>
</p>
<p><s n="124"><c type="pct">``</c> <w type="PPSS">I</w> <mw pos="DOD *">didn't </mw><w type="VB">ask</w> <w type="PPO">you</w> <w type="TO">to</w> <w type="VB">fight</w> <w type="IN">for</w> <w type="AT">the</w> <w type="NN">ball</w> <w type="NN">club</w> <c type="pct">''</c> <c type="pct">,</c> <w type="NP">Phil</w> <w type="VBD">said</w> <w type="RB">slowly</w> <c type="pct">.</c> </s>
<s n="125"><c type="pct">``</c> <w type="PN">Nobody</w> <w type="RB">else</w> <w type="DOD">did</w> <c type="pct">,</c> <w type="RB">either</w> <c type="pct">''</c> <c type="pct">.</c> </s>
</p>
<p><s n="126"><c type="pct">``</c> <w type="PPSS">You</w> <w type="VBG">trying</w> <w type="TO">to</w> <w type="VB">say</w> <w type="PPSS">I</w> <w type="VBD">started</w> <w type="AT">the</w> <w type="NN">fight</w> <c type="pct">''</c> <c type="pct">?</c> <c type="pct">?</c> </s>
</p>
<p><s n="127"><c type="pct">``</c> <mw pos="PPSS BEM">I'm </mw><w type="NEG">not</w> <w type="VBG">trying</w> <w type="TO">to</w> <w type="VB">say</w> <w type="PN">anything</w> <c type="pct">''</c> <c type="pct">.</c> </s>
</p>
<p><s n="128"><w type="NP">Phil</w> <w type="VBD">turned</w> <w type="RB">away</w> <w type="CC">and</w> <w type="VBD">opened</w> <w type="PPg">his</w> <w type="NN">locker</w> <c type="pct">,</c> <w type="CC">and</w> <w type="RB">then</w> <w type="PPS">he</w> <w type="VBD">heard</w> <w type="NP">Mike</w> <w type="NP">Deegan</w> <w type="VB">say</w> <c type="pct">:</c> <c type="pct">``</c> <mw pos="PPSS BER">You're </mw><w type="JJ">yellow</w> <c type="pct">,</c> <w type="NP">Rossoff</w> <c type="pct">''</c> <c type="pct">!</c> <c type="pct">!</c> </s>
<s n="129"><w type="CC">And</w> <w type="NP">Phil</w> <w type="VBD">banged</w> <w type="PPg">his</w> <w type="NN">locker</w> <w type="NN">door</w> <w type="VBN">shut</w> <w type="CC">and</w> <w type="VBD">spun</w> <w type="RB">around</w> <c type="pct">.</c> </s>
<s n="130"><w type="CC">But</w> <w type="CS">before</w> <w type="PN">anything</w> <w type="MD">could</w> <w type="VB">happen</w> <w type="NP">Frankie</w> <w type="NP">Ricco</w> <w type="BEDZ">was</w> <w type="IN">between</w> <w type="PPO">them</w> <w type="CC">and</w> <w type="NP">Eddie</w> <w type="NP">Lee</w> <w type="HVD">had</w> <w type="VBN">come</w> <w type="IN">into</w> <w type="AT">the</w> <w type="VBG">dressing</w> <w type="NN">room</w> <c type="pct">.</c> </s>
</p>
<p><s n="131"><c type="pct">``</c> <w type="NP">Phil</w> <c type="pct">,</c> <w type="VB">come</w> <w type="IN">into</w> <w type="PPg">my</w> <w type="NN">office</w> <c type="pct">''</c> <c type="pct">,</c> <w type="NP">Eddie</w> <w type="VBD">said</w> <c type="pct">.</c> </s>
</p>
<p><s n="132"><w type="NP">Phil</w> <w type="VBD">followed</w> <w type="NP">Eddie</w> <w type="IN">into</w> <w type="AT">the</w> <w type="NN">office</w> <w type="CC">and</w> <w type="VBD">shut</w> <w type="AT">the</w> <w type="NN">door</w> <c type="pct">.</c> </s>
<s n="133"><w type="PPS">He</w> <w type="VBD">sat</w> <w type="RP">down</w> <w type="IN">before</w> <w type="NPg">Eddie's</w> <w type="NN">desk</w> <c type="pct">.</c> </s>
</p>
<p><s n="134"><c type="pct">``</c> <mw pos="PPSS BEM">I'm </mw><w type="VBG">doing</w> <w type="PPO">you</w> <w type="AT">a</w> <w type="NN">favor</w> <c type="pct">''</c> <c type="pct">,</c> <w type="NP">Eddie</w> <w type="VBD">said</w> <w type="RB">quickly</w> <c type="pct">.</c> </s>
<s n="135"><c type="pct">``</c> <w type="PPSS">You</w> <w type="VB">get</w> <w type="PPg">your</w> <w type="JJ">unconditional</w> <w type="NN">release</w> <w type="IN">as</w> <w type="IN">of</w> <w type="NR">today</w> <c type="pct">''</c> <c type="pct">.</c> </s>
</p>
<p><s n="136"><w type="NPg">Phil's</w> <w type="NNS">eyes</w> <w type="VBD">widened</w> <w type="RB">just</w> <w type="AT">a</w> <w type="NN">trifle</w> <c type="pct">.</c> </s>
</p>
<p><s n="137"><c type="pct">``</c> <w type="AT">The</w> <w type="JJT">best</w> <w type="NN">thing</w> <w type="IN">for</w> <w type="PPO">you</w> <w type="TO">to</w> <w type="DO">do</w> <c type="pct">''</c> <c type="pct">,</c> <w type="NP">Eddie</w> <w type="VBD">said</w> <c type="pct">,</c> <c type="pct">``</c> <w type="BEZ">is</w> <w type="VB">go</w> <w type="NR">home</w> <c type="pct">.</c> </s>
<s n="138"><w type="PPSS">You</w> <mw pos="DO *">don't </mw><w type="VB">belong</w> <w type="IN">in</w> <w type="JJ">professional</w> <w type="NN">baseball</w> <c type="pct">''</c> <c type="pct">.</c> </s>
</p>
<p><s n="139"><w type="NP">Phil</w> <w type="HVD">had</w> <w type="TO">to</w> <w type="VB">clear</w> <w type="PPg">his</w> <w type="NN">throat</w> <c type="pct">.</c> </s>
<s n="140"><c type="pct">``</c> <w type="BEZ">Is</w> <w type="DT">this</w> <w type="RB">because</w> <w type="IN">of</w> <w type="WDT">what</w> <w type="VBD">happened</w> <w type="RP">out</w> <w type="RB">there</w> <c type="pct">''</c> <c type="pct">?</c> <c type="pct">?</c> </s>
</p>
<p><s n="141"><c type="pct">``</c> <w type="RB">No</w> <c type="pct">''</c> <c type="pct">,</c> <w type="NP">Eddie</w> <w type="VBD">said</w> <c type="pct">.</c> </s>
<s n="142"><c type="pct">``</c> <w type="CC">But</w> <w type="PPS">it</w> <w type="DOZ">does</w> <w type="VB">confirm</w> <w type="WDT">what</w> <mw pos="PPSS HV">I've </mw><w type="VBN">suspected</w> <w type="ABN">all</w> <w type="RB">along</w> <c type="pct">''</c> <c type="pct">.</c> </s>
</p>
<p><s n="143"><w type="NP">Phil</w> <w type="VBD">stood</w> <w type="RP">up</w> <c type="pct">.</c> </s>
<s n="144"><c type="pct">``</c> <w type="VB">Listen</w> <c type="pct">!</c> <c type="pct">!</c> </s>
<s n="145"><w type="DT">This</w> <w type="BEZ">is</w> <w type="AT">the</w> <w type="OD">second</w> <w type="NN">time</w> <c type="pct">.</c> </s>
</p>
<p><s n="146"><c type="pct">``</c> <w type="VB">Sit</w> <w type="RP">down</w> <c type="pct">,</c> <w type="VB">sit</w> <w type="RP">down</w> <c type="pct">''</c> <c type="pct">,</c> <w type="NP">Eddie</w> <w type="VBD">said</w> <c type="pct">.</c> </s>
<s n="147"><c type="pct">``</c> <mw pos="PPSS BEM">I'm </mw><w type="NEG">not</w> <w type="VBG">saying</w> <mw pos="PPSS BER">you're </mw><w type="JJ">yellow</w> <c type="pct">.</c> </s>
<s n="148"><w type="PPSS">I</w> <w type="BEM">am</w> <w type="VBG">saying</w> <mw pos="PPSS BER">you're </mw><w type="NEG">not</w> <w type="AT">a</w> <w type="JJ">professional</w> <w type="NN">ballplayer</w> <c type="pct">''</c> <c type="pct">.</c> </s>
</p>
<p><s n="149"><w type="NP">Eddie</w> <w type="NP">Lee</w> <w type="VBD">leaned</w> <w type="RB">forward</w> <w type="IN">over</w> <w type="AT">the</w> <w type="NN">desk</w> <c type="pct">.</c> </s>
<s n="150"><c type="pct">``</c> <w type="RB">Now</w> <w type="VB">listen</w> <w type="IN">to</w> <w type="PPO">me</w> <c type="pct">,</c> <w type="NP">Phil</w> <c type="pct">.</c> </s>
<s n="151"><mw pos="PPSS BEM">I'm </mw><w type="NEG">not</w> <w type="VBG">steering</w> <w type="PPO">you</w> <w type="RB">wrong</w> <c type="pct">.</c> </s>
<s n="152"><w type="PPSS">You</w> <mw pos="HV *">haven't </mw><w type="VBN">got</w> <w type="AT">the</w> <w type="NN">heart</w> <w type="IN">for</w> <w type="NN">baseball</w> <c type="pct">''</c> <c type="pct">.</c> </s>
</p>
<p><s n="153"><w type="NP">Phil</w> <w type="VBD">shook</w> <w type="PPg">his</w> <w type="NN">head</w> <w type="CC">and</w> <w type="NP">Eddie</w> <w type="VBD">frowned</w> <c type="pct">.</c> </s>
<s n="154"><w type="RB">Suddenly</w> <w type="PPg">his</w> <w type="NN">voice</w> <w type="VBD">grew</w> <w type="JJ">hard</w> <c type="pct">.</c> </s>
<s n="155"><c type="pct">``</c> <w type="WDT">What</w> <w type="AT">the</w> <w type="NN">hell</w> <w type="DO">do</w> <w type="PPSS">you</w> <w type="VB">think</w> <w type="NN">baseball</w> <w type="BEZ">is</w> <c type="pct">?</c> <c type="pct">?</c> </s>
<s n="156"><mw pos="PPSS BER">You're </mw><w type="NEG">not</w> <w type="IN">in</w> <w type="AT">the</w> <w type="JJ">big</w> <w type="NNS">leagues</w> <c type="pct">,</c> <w type="CC">but</w> <w type="CS">if</w> <w type="PPSS">you</w> <mw pos="MD *">can't </mw><w type="VB">give</w> <w type="CC">and</w> <w type="VB">take</w> <w type="IN">down</w> <w type="RB">here</w> <w type="WDT">what</w> <w type="AT">the</w> <w type="NN">hell</w> <w type="DO">do</w> <w type="PPSS">you</w> <w type="VB">think</w> <mw pos="PPS MD">it'll </mw><w type="BE">be</w> <w type="CS">like</w> <w type="IN">up</w> <w type="RB">there</w> <c type="pct">''</c> <c type="pct">?</c> <c type="pct">?</c> </s>
</p>
<p><s n="157"><w type="NP">Phil</w> <w type="VBD">started</w> <w type="TO">to</w> <w type="VB">say</w> <w type="PN">something</w> <w type="CC">but</w> <w type="NP">Eddie</w> <w type="VBD">cut</w> <w type="PPO">him</w> <w type="RB">short</w> <c type="pct">.</c> </s>
<s n="158"><c type="pct">``</c> <w type="RB">Now</w> <mw pos="DO *">don't </mw><w type="VB">tell</w> <w type="PPO">me</w> <w type="WDT">what</w> <w type="AT">a</w> <w type="JJ">good</w> <w type="NN">ball</w> <w type="NN">player</w> <w type="PPSS">you</w> <w type="BER">are</w> <c type="pct">.</c> </s>
<s n="159"><w type="PPSS">I</w> <w type="VB">know</w> <mw pos="PPSS HV">you've </mw><w type="VBN">got</w> <w type="NN">talent</w> <c type="pct">.</c> </s>
<s n="160"><w type="CC">But</w> <w type="WDT">what</w> <w type="PPSS">you</w> <mw pos="HV *">haven't </mw><w type="VBN">got</w> <w type="BEZ">is</w> <w type="AT">the</w> <w type="NN">heart</w> <w type="TO">to</w> <w type="VB">back</w> <w type="RP">up</w> <w type="DT">that</w> <w type="NN">talent</w> <w type="IN">with</w> <c type="pct">.</c> </s>
<s n="161"><w type="AT">The</w> <w type="NN">heart</w> <c type="pct">,</c> <w type="NP">Phil</w> <c type="pct">.</c> </s>
<s n="162"><w type="PPSS">You</w> <w type="RB">just</w> <mw pos="HV *">haven't </mw><w type="VBN">got</w> <w type="AT">the</w> <w type="NN">heart</w> <w type="IN">for</w> <w type="NN">pro-ball</w> <c type="pct">,</c> <w type="CC">and</w> <mw pos="DT BEZ">that's </mw><w type="PPO">it</w> <c type="pct">''</c> <c type="pct">.</c> </s>
</p>
<p><s n="163"><w type="VBN">Dazed</w> <c type="pct">,</c> <w type="NP">Phil</w> <w type="VBD">said</w> <c type="pct">:</c> <c type="pct">``</c> <w type="PPSS">I</w> <mw pos="DO *">don't </mw><w type="VB">get</w> <w type="PPO">it</w> <c type="pct">.</c> </s>
<s n="164"><w type="PPg">My</w> <w type="VBG">batting</w> <w type="NN">average</w> <c type="pct">''</c> </s>
</p>
<p><s n="165"><w type="NP">Eddie</w> <w type="VBD">stood</w> <w type="RP">up</w> <w type="RB">abruptly</w> <c type="pct">,</c> <w type="RB">then</w> <w type="VBD">sat</w> <w type="RP">down</w> <w type="RB">just</w> <w type="QL">as</w> <w type="RB">abruptly</w> <c type="pct">.</c> </s>
<s n="166"><c type="pct">``</c> <w type="WDT">What</w> <w type="NN">difference</w> <w type="DOZ">does</w> <w type="PPg">your</w> <w type="VBG">batting</w> <w type="NN">average</w> <w type="VB">make</w> <c type="pct">?</c> <c type="pct">?</c> </s>
<s n="167"><w type="CC">Or</w> <w type="PPg">your</w> <w type="VBG">fielding</w> <w type="NN">average</w> <c type="pct">.</c> </s>
<s n="168"><w type="CC">Or</w> <w type="RB">even</w> <w type="AT">the</w> <w type="NN">way</w> <w type="PPSS">you</w> <w type="VB">run</w> <w type="NNS">bases</w> <c type="pct">.</c> </s>
<s n="169"><w type="PPSS">I</w> <w type="VB">tell</w> <w type="PPO">you</w> <w type="WRB">when</w> <mw pos="PPS BEZ">it's </mw><w type="JJ">necessary</w> <w type="TO">to</w> <w type="VB">hurt</w> <w type="IN">in</w> <w type="NN">order</w> <w type="TO">to</w> <w type="VB">win</w> <c type="pct">--</c> <w type="PPSS">you</w> <mw pos="MD *">won't </mw><w type="DO">do</w> <w type="PPO">it</w> <c type="pct">.</c> </s>
<s n="170"><mw pos="DT BEZ">That's </mw><w type="WDT">what</w> <w type="PPSS">I</w> <w type="VB">mean</w> <w type="IN">by</w> <w type="AT">no</w> <w type="NN">heart</w> <w type="IN">for</w> <w type="AT">the</w> <w type="NN">game</w> <c type="pct">.</c> </s>
<s n="171"><mw pos="NN BEZ">Baseball's </mw><w type="AT">no</w> <w type="NN">cinch</w> <c type="pct">.</c> </s>
<s n="172"><w type="NP">Deegan</w> <w type="HVD">had</w> <w type="AT">no</w> <w type="NN">business</w> <w type="VBG">ramming</w> <w type="IN">into</w> <w type="DT">that</w> <w type="NN">kid</w> <w type="IN">out</w> <w type="RB">there</w> <c type="pct">.</c> </s>
<s n="173"><w type="PPS">He</w> <w type="DOD">did</w> <w type="PPO">it</w> <w type="CS">because</w> <w type="PPS">he</w> <w type="VBZ">knows</w> <w type="IN">for</w> <w type="DT">each</w> <w type="NN">guy</w> <w type="PPS">he</w> <w type="VBZ">puts</w> <w type="IN">out</w> <w type="IN">of</w> <w type="NN">commission</w> <mw pos="DT BEZ">that's </mw><w type="CD">one</w> <w type="AP">less</w> <w type="WPS">who</w> <w type="MD">might</w> <w type="VB">take</w> <w type="PPg">his</w> <w type="NN">job</w> <w type="RB">away</w> <w type="RBR">later</w> <w type="RP">on</w> <c type="pct">.</c> </s>
<s n="174"><w type="WDT">What</w> <w type="AT">the</w> <w type="NN">hell</w> <w type="DO">do</w> <w type="PPO">you</w> <w type="VB">think</w> <w type="NN">baseball</w> <w type="BEZ">is</w> <c type="pct">?</c> <c type="pct">?</c> </s>
<s n="175"><w type="AT">A</w> <w type="NN">sport</w> <c type="pct">?</c> <c type="pct">?</c> </s>
<s n="176"><mw pos="PPS BEZ">It's </mw><w type="AT">a</w> <w type="NN">way</w> <w type="IN">of</w> <w type="NN">life</w> <c type="pct">,</c> <w type="UH">goddamit</w> <c type="pct">!</c> <c type="pct">!</c> </s>
<s n="177"><w type="CC">And</w> <mw pos="PPSS HV">you've </mw><w type="VBN">got</w> <w type="TO">to</w> <w type="BE">be</w> <w type="JJ">ready</w> <w type="TO">to</w> <w type="VB">cut</w> <w type="IN">to</w> <w type="NNS">ribbons</w> <w type="PN">anybody</w> <w type="WPS">who</w> <w type="VBZ">wants</w> <w type="TO">to</w> <w type="VB">take</w> <w type="PPg">your</w> <w type="NN">way</w> <w type="IN">of</w> <w type="NN">life</w> <w type="RB">away</w> <w type="IN">from</w> <w type="PPO">you</w> <c type="pct">''</c> <c type="pct">!</c> <c type="pct">!</c> </s>
</p>
<p><s n="178"><mw pos="PPS BEZ">He's </mw><w type="JJ">wrong</w> <c type="pct">!</c> <c type="pct">!</c> </s>
<s n="179"><w type="NP">Phil</w> <w type="VBD">thought</w> <c type="pct">.</c> </s>
<s n="180"><mw pos="PPS BEZ">It's </mw><w type="RB">only</w> <w type="PPg">his</w> <w type="NN">opinion</w> <c type="pct">.</c> </s>
<s n="181"><w type="EX">There</w> <w type="BED">were</w> <w type="AP">other</w> <w type="NNS">clubs</w> <w type="IN">in</w> <w type="DT">this</w> <w type="NN">league</w> <c type="pct">.</c> </s>
<s n="182"><w type="PPS">He</w> <w type="VBD">stood</w> <w type="RP">up</w> <w type="RB">slowly</w> <c type="pct">.</c> </s>
<s n="183"><w type="PPS">He</w> <w type="BEDZ">was</w> <w type="AT">a</w> <w type="QL">little</w> <w type="JJ">pale</w> <w type="CC">and</w> <w type="JJ">shaky</w> <c type="pct">.</c> </s>
<s n="184"><w type="PPg">His</w> <w type="NNS">lips</w> <w type="VBD">felt</w> <w type="VBN">glued</w> <w type="RB">together</w> <c type="pct">.</c> </s>
</p>
<p><s n="185"><c type="pct">``</c> <w type="PPSS">I</w> <w type="VB">think</w> <mw pos="PPSS BER">you're </mw><w type="JJ">wrong</w> <c type="pct">,</c> <w type="NP">Eddie</w> <c type="pct">''</c> <c type="pct">,</c> <w type="PPS">he</w> <w type="VBD">said</w> <w type="RB">finally</w> <c type="pct">.</c> </s>
</p>
<p><s n="186"><w type="NP">Eddie</w> <w type="VBD">nodded</w> <c type="pct">.</c> </s>
<s n="187"><c type="pct">``</c> <w type="UH">Okay</w> <c type="pct">.</c> </s>
<s n="188"><mw pos="PPSS MD">You'll </mw><w type="VB">get</w> <w type="PPg">your</w> <w type="NN">pay</w> <w type="IN">in</w> <w type="AT">the</w> <w type="NN">morning</w> <c type="pct">''</c> <c type="pct">.</c> </s>
</p>
<p><s n="189"><w type="NP">Phil</w> <w type="VBD">turned</w> <w type="CC">and</w> <w type="VBD">left</w> <w type="AT">the</w> <w type="NN">room</w> <c type="pct">,</c> <w type="VBG">hearing</w> <w type="NP">Eddie</w> <w type="VB">say</w> <c type="pct">:</c> <c type="pct">``</c> <w type="RB">Someday</w> <mw pos="PPSS MD">you'll </mw><w type="VB">see</w> <w type="PPSS">I</w> <w type="BEDZ">was</w> <w type="JJ">right</w> <c type="pct">''</c> <c type="pct">.</c> </s>
</p>
<p><s n="190"><w type="NP">Phil</w> <w type="VBD">shut</w> <w type="AT">the</w> <w type="NN">door</w> <w type="IN">behind</w> <w type="PPO">him</w> <c type="pct">.</c> </s>
<s n="191"><w type="RB">Outside</w> <w type="IN">in</w> <w type="AT">the</w> <w type="VBG">dressing</w> <w type="NN">room</w> <c type="pct">,</c> <w type="NP">Frankie</w> <w type="NP">Ricco</w> <w type="VBD">sat</w> <w type="IN">on</w> <w type="AT">the</w> <w type="NN">bench</w> <w type="VBN">dressed</w> <w type="IN">in</w> <w type="PPg">his</w> <w type="NN">street</w> <w type="NNS">clothes</w> <c type="pct">.</c> </s>
</p>
<p><s n="192"><c type="pct">``</c> <w type="WDT">What</w> <w type="VBD">happened</w> <c type="pct">''</c> <c type="pct">?</c> <c type="pct">?</c> </s>
<s n="193"><w type="NP">Frankie</w> <w type="VBD">asked</w> <c type="pct">.</c> </s>
</p>
<p><s n="194"><w type="NP">Phil</w> <w type="VBD">said</w> <c type="pct">:</c> <c type="pct">``</c> <w type="PPSS">I</w> <w type="VBD">got</w> <w type="PPg">my</w> <w type="NN">release</w> <c type="pct">''</c> <c type="pct">.</c> </s>
</p>
<p><s n="195"><c type="pct">``</c> <w type="PPSS">You</w> <w type="JJ">crazy</w> <c type="pct">''</c> <c type="pct">?</c> <c type="pct">?</c> </s>
</p>
<p><s n="196"><w type="NP">Phil</w> <w type="VBD">shrugged</w> <c type="pct">.</c> </s>
</p>
<p><s n="197"><c type="pct">``</c> <w type="WDT">What</w> <w type="IN">for</w> <c type="pct">''</c> <c type="pct">?</c> <c type="pct">?</c> </s>
</p>
<p><s n="198"><w type="NP">Phil</w> <w type="VBD">sighed</w> <c type="pct">.</c> </s>
</p>
<p><s n="199"><w type="NP">Frankie</w> <w type="VBD">shook</w> <w type="PPg">his</w> <w type="NN">head</w> <c type="pct">.</c> </s>
<s n="200"><c type="pct">``</c> <w type="PPSS">I</w> <mw pos="DO *">don't </mw><w type="VB">get</w> <w type="PPO">it</w> <c type="pct">''</c> <c type="pct">.</c> </s>
</p>
<p><s n="201"><c type="pct">``</c> <w type="PPSS">I</w> <mw pos="DO *">don't </mw><w type="VB">know</w> <c type="pct">''</c> <c type="pct">,</c> <w type="NP">Phil</w> <w type="VBD">said</w> <c type="pct">.</c> </s>
</p>
<p><s n="202"><w type="PPSS">They</w> <w type="BED">were</w> <w type="JJ">silent</w> <w type="IN">for</w> <w type="AT">a</w> <w type="AP">few</w> <w type="NNS">moments</w> <c type="pct">.</c> </s>
<s n="203"><w type="JJ">Then</w> <w type="NP">Frankie</w> <w type="VBD">said</w> <c type="pct">:</c> <c type="pct">``</c> <w type="WDT">What</w> <w type="BER">are</w> <w type="PPSS">you</w> <mw pos="VBG TO">gonna </mw><w type="DO">do</w> <c type="pct">''</c> <c type="pct">?</c> <c type="pct">?</c> </s>
</p>
<p><s n="204"><w type="NP">Phil</w> <w type="VBD">started</w> <w type="TO">to</w> <w type="VB">take</w> <w type="PPg">his</w> <w type="NNS">clothes</w> <w type="RP">off</w> <w type="CC">and</w> <w type="NP">Frankie</w> <w type="VBD">sat</w> <w type="RP">down</w> <w type="IN">on</w> <w type="AT">the</w> <w type="NN">bench</w> <w type="RB">again</w> <c type="pct">.</c> </s>
<s n="205"><w type="NP">Phil</w> <w type="VBD">took</w> <w type="RP">off</w> <w type="CD">one</w> <w type="NN">shoe</w> <w type="CC">and</w> <w type="VBD">stared</w> <w type="IN">at</w> <w type="PPO">it</w> <c type="pct">.</c> </s>
</p>
<p><s n="206"><c type="pct">``</c> <mw pos="DO *">Don't </mw><w type="VB">take</w> <w type="PPO">it</w> <w type="CS">like</w> <w type="DT">this</w> <c type="pct">''</c> <c type="pct">,</c> <w type="NP">Frankie</w> <w type="VBD">said</w> <c type="pct">.</c> </s>
<s n="207"><c type="pct">``</c> <w type="UH">Hell</w> <c type="pct">,</c> <w type="NN">plenty</w> <w type="IN">of</w> <w type="NNS">guys</w> <w type="VB">get</w> <w type="VB">let</w> <w type="RP">out</w> <w type="CC">and</w> <w type="VB">come</w> <w type="RB">back</w> <w type="RBR">later</w> <c type="pct">.</c> </s>
<s n="208"><w type="AT">The</w> <w type="NNS">leagues</w> <w type="BER">are</w> <w type="JJ">full</w> <w type="IN">of</w> <w type="NNS">guys</w> <w type="CS">like</w> <w type="DT">that</w> <c type="pct">''</c> <c type="pct">.</c> </s>
</p>
<p><s n="209"><w type="NP">Phil</w> <w type="BEDZ">was</w> <w type="QL">very</w> <w type="JJ">quiet</w> <c type="pct">.</c> </s>
</p>
<p><s n="210"><c type="pct">``</c> <w type="WDT">What</w> <w type="BER">are</w> <w type="PPSS">you</w> <mw pos="VBG TO">gonna </mw><w type="DO">do</w> <c type="pct">,</c> <w type="NP">Phil</w> <c type="pct">''</c> <c type="pct">?</c> <c type="pct">?</c> </s>
</p>
<p><s n="211"><w type="NP">Phil</w> <w type="DOD">did</w> <w type="NEG">not</w> <w type="VB">answer</w> <c type="pct">.</c> </s>
</p>
<p><s n="212"><c type="pct">``</c> <w type="WRB">Why</w> <w type="NEG">not</w> <w type="VB">try</w> <w type="DT">another</w> <w type="NN">club</w> <c type="pct">''</c> <c type="pct">?</c> <c type="pct">?</c> </s>
</p>
<p><s n="213"><w type="NP">Phil</w> <w type="VBD">looked</w> <w type="RP">up</w> <c type="pct">.</c> </s>
<s n="214"><w type="WDT">What</w> <w type="AT">the</w> <w type="NN">hell</w> <w type="NN">right</w> <w type="DOD">did</w> <w type="NP">Eddie</w> <w type="HV">have</w> <w type="VBG">saying</w> <w type="AT">a</w> <w type="NN">thing</w> <w type="CS">like</w> <w type="DT">that</w> <c type="pct">?</c> <c type="pct">?</c> </s>
</p>
<p><s n="215"><c type="pct">``</c> <mw pos="NP BEZ">Springfield's </mw><w type="RP">in</w> <w type="NR">tomorrow</w> <c type="pct">''</c> <c type="pct">,</c> <w type="NP">Frankie</w> <w type="VBD">said</w> <c type="pct">.</c> </s>
<s n="216"><c type="pct">``</c> <w type="VB">Talk</w> <w type="IN">to</w> <w type="NP">Whitey</w> <w type="NP">Jackson</w> <c type="pct">''</c> <c type="pct">.</c> </s>
</p>
<p><s n="217"><w type="PPS">He</w> <w type="RB">just</w> <mw pos="DOD *">didn't </mw><w type="VB">know</w> <w type="WDT">what</w> <w type="PPS">he</w> <w type="BEDZ">was</w> <w type="VBG">talking</w> <w type="RB">about</w> <c type="pct">,</c> <w type="VBG">saying</w> <w type="AT">a</w> <w type="NN">thing</w> <w type="IN">like</w> <w type="DT">that</w> <c type="pct">.</c> </s>
</p>
<p><s n="218"><c type="pct">``</c> <w type="MD">Will</w> <w type="PPSS">you</w> <w type="DO">do</w> <w type="PPO">it</w> <c type="pct">,</c> <w type="NP">Phil</w> <c type="pct">''</c> <c type="pct">?</c> <c type="pct">?</c> </s>
</p>
<p><s n="219"><c type="pct">``</c> <w type="DO">Do</w> <w type="WDT">what</w> <c type="pct">''</c> <c type="pct">?</c> <c type="pct">?</c> </s>
</p>
<p><s n="220"><c type="pct">``</c> <w type="VB">Ask</w> <w type="NP">Whitey</w> <w type="IN">for</w> <w type="AT">a</w> <w type="NN">job</w> <c type="pct">''</c> <c type="pct">.</c> </s>
</p>
<p><s n="221"><w type="NP">Phil</w> <w type="VBD">nodded</w> <c type="pct">.</c> </s>
<s n="222"><c type="pct">``</c> <w type="RB">Sure</w> <c type="pct">''</c> <c type="pct">,</c> <w type="PPS">he</w> <w type="VBD">said</w> <c type="pct">.</c> </s>
<s n="223"><c type="pct">``</c> <w type="NP">Springfield</w> <w type="VB">come</w> <w type="RP">in</w> <w type="NR">tomorrow</w> <c type="pct">''</c> <c type="pct">?</c> <c type="pct">?</c> </s>
</p>
<p><s n="224"><w type="NP">Frankie</w> <w type="VBD">nodded</w> <c type="pct">.</c> </s>
</p>
<p><s n="225"><c type="pct">``</c> <mw pos="PPSS MD">I'll </mw><w type="VB">speak</w> <w type="IN">to</w> <w type="NP">Whitey</w> <c type="pct">''</c> <c type="pct">.</c> </s>
</p>
<p><s n="226"><c type="pct">``</c> <w type="UH">Atta</w> <w type="UH">boy</w> <c type="pct">''</c> <c type="pct">.</c> </s>
</p>
<p><s n="227"><c type="pct">``</c> <mw pos="PPSS MD">I'll </mw><w type="VB">talk</w> <w type="IN">to</w> <w type="PPO">him</w> <c type="pct">,</c> <w type="QL">all</w> <w type="RB">right</w> <c type="pct">''</c> <c type="pct">.</c> </s>
</p>
<p><s n="228"><c type="pct">``</c> <mw pos="DO *">Don't </mw><w type="VB">worry</w> <c type="pct">''</c> <c type="pct">,</c> <w type="NP">Frankie</w> <w type="VBD">said</w> <c type="pct">.</c> </s>
<s n="229"><c type="pct">``</c> <mw pos="PPSS MD">You'll </mw><w type="VB">get</w> <w type="AT">a</w> <w type="NN">job</w> <w type="RB">there</w> <c type="pct">.</c> </s>
<s n="230"><w type="PPS">He</w> <w type="VBZ">needs</w> <w type="NNS">outfielders</w> <w type="RB">bad</w> <c type="pct">''</c> <c type="pct">.</c> </s>
</p>
<p><s n="231"><c type="pct">``</c> <mw pos="PPSS BEM">I'm </mw><w type="NEG">not</w> <w type="VBN">worried</w> <w type="IN">about</w> <w type="PPO">it</w> <c type="pct">''</c> <c type="pct">,</c> <w type="NP">Phil</w> <w type="VBD">said</w> <c type="pct">.</c> </s>
</p>
<p><s n="232"><c type="pct">``</c> <mw pos="DT BEZ">That's </mw><w type="AT">the</w> <w type="NN">way</w> <w type="TO">to</w> <w type="VB">talk</w> <c type="pct">.</c> </s>
<s n="233"><w type="WDT">What</w> <w type="RB">else</w> <w type="DOD">did</w> <w type="NP">Eddie</w> <w type="HV">have</w> <w type="TO">to</w> <w type="VB">say</w> <c type="pct">''</c> <c type="pct">?</c> <c type="pct">?</c> </s>
</p>
<p><s n="234"><c type="pct">``</c> <w type="PN">Nothing</w> <c type="pct">''</c> <c type="pct">,</c> <w type="NP">Phil</w> <w type="VBD">said</w> <c type="pct">.</c> </s>
</p>
<p></p></body></text></TEI>
