<TEI xmlns="http://www.tei-c.org/ns/1.0"><teiHeader><fileDesc><titleStmt><title>Sample P25 from  William Butler, "The Pool at Ryusenji," Harper's Bazaar, 94th
 year, no. 2990 (January, 1961), 146-147.
 </title></titleStmt><editionStmt><edition>A part  of the XML version of the Brown Corpus</edition></editionStmt><extent>2,021 words 287 (14.2%) quotes</extent><publicationStmt><idno>P25</idno><availability><p>Used by permission of Harper's Bazaar. 0010-1710</p></availability></publicationStmt><sourceDesc><bibl> William Butler, "The Pool at Ryusenji," Harper's Bazaar, 94th
 year, no. 2990 (January, 1961), 146-147.
 </bibl></sourceDesc></fileDesc><encodingDesc><p>Arbitrary Hyphen: by-ways [0020] No Hyphen: today [0740]</p></encodingDesc><revisionDesc><change when="2008-04-27">Header auto-generated for TEI version</change></revisionDesc></teiHeader>
<text xml:id="P25" decls="P">
<body><p><s n="1"><w type="NPg">Richard's</w> <w type="AP">next</w> <w type="NN">interest</w> <w type="VBD">seemed</w> <w type="AT">the</w> <w type="NN">product</w> <w type="IN">of</w> <w type="PPg">his</w> <w type="NN">insularity</w> <c type="pct">.</c> </s>
<s n="2"><w type="PPg">His</w> <w type="JJ">broad</w> <w type="NN">reading</w> <w type="VBD">took</w> <w type="PPO">him</w> <w type="IN">into</w> <w type="JJ">certain</w> <w type="NNS">by-ways</w> <w type="IN">of</w> <w type="NN">religion</w> <w type="CC">and</w> <w type="AT">the</w> <w type="NN">subject</w> <w type="IN">of</w> <w type="NN">religion</w> <w type="VBD">began</w> <w type="TO">to</w> <w type="VB">fascinate</w> <w type="PPO">him</w> <c type="pct">.</c> </s>
<s n="3"><w type="WRB">When</w> <w type="PPS">he</w> <w type="BEDZ">was</w> <w type="CD">twelve</w> <w type="PPS">he</w> <w type="VBD">took</w> <w type="IN">to</w> <w type="VBG">reading</w> <w type="NN" subtype="TL">St.</w> <w type="NP">Augustine</w> <w type="CC">and</w> <w type="NP">Aquinas</w> <c type="pct">,</c> <w type="JJ">then</w> <w type="NP">Lao-tse</w> <c type="pct">,</c> <w type="NP">Confucius</w> <c type="pct">,</c> <w type="NP">Mencius</w> <c type="pct">,</c> <w type="NP">Suzuki</w> <c type="pct">,</c> <w type="NP">Hindu</w> <w type="NNS">tomes</w> <w type="IN">by</w> <w type="JJ">endless</w> <w type="NPS">Krishnaists</w> <w type="CC">and</w> <w type="JJ">numerous</w> <w type="JJ">socio-archaeological</w> <w type="NNS">papers</w> <c type="pct">.</c> </s>
<s n="4"><w type="IN">For</w> <w type="PPg">his</w> <w type="NN">birthday</w> <c type="pct">,</c> <w type="CS">because</w> <w type="NP">Richard</w> <w type="HVD">had</w> <w type="VBN">seen</w> <w type="PPO">them</w> <w type="IN">in</w> <w type="AT">a</w> <w type="NN">store</w> <w type="CC">and</w> <w type="VBD">asked</w> <w type="IN">for</w> <w type="PPO">them</w> <c type="pct">,</c> <w type="PPg">his</w> <w type="NN">mother</w> <w type="VBD">bought</w> <w type="PPO">him</w> <w type="AT">the</w> <w type="NP">Zend-Avesta</w> <w type="CC">and</w> <w type="AT">a</w> <w type="JJ">little</w> <w type="NN">image</w> <w type="IN">of</w> <w type="AT">the</w> <w type="JJ">Indian</w> <w type="NN">god</w> <c type="pct">,</c> <w type="NP">Acala</w> <c type="pct">.</c> </s>
<s n="5"><w type="CC">And</w> <w type="CD">one</w> <w type="NN">day</w> <c type="pct">,</c> <w type="IN">on</w> <w type="PPg">her</w> <w type="JJ">own</w> <c type="pct">,</c> <w type="PPg">his</w> <w type="NN">mother</w> <w type="VBD">came</w> <w type="NR">home</w> <w type="IN">with</w> <w type="AT">a</w> <w type="NN">present</w> <w type="VBN">entitled</w> <w type="AT">The</w> <w type="NN" subtype="TL">Book</w> <w type="IN" subtype="TL">of</w> <w type="AT" subtype="TL">the</w> <w type="NN" subtype="TL">Dead</w> <c type="pct">,</c> <w type="WDT">which</w> <w type="PPS">she</w> <w type="VBD">suspected</w> <w type="NP">Richard</w> <w type="MD">would</w> <w type="VB">enjoy</w> <c type="pct">.</c> </s>
<s n="6"><w type="PPS">He</w> <w type="BEDZ">was</w> <w type="QL">enormously</w> <w type="JJ">happy</w> <w type="IN">with</w> <w type="PPg">her</w> <w type="NN">gift</w> <w type="CC">and</w> <w type="VBD">smiled</w> <c type="pct">,</c> <w type="RB">then</w> <w type="VBD">went</w> <w type="IN">to</w> <w type="PPg">his</w> <w type="NN">room</w> <w type="TO">to</w> <w type="VB">read</w> <c type="pct">.</c> </s>
</p>
<p><s n="7"><w type="IN">At</w> <w type="NN">dinner</w> <w type="CD">one</w> <w type="NN">night</w> <c type="pct">,</c> <w type="WRB">when</w> <w type="PPS">he</w> <w type="BEDZ">was</w> <w type="CD">fourteen</w> <c type="pct">,</c> <w type="NP">Richard</w> <w type="VBD">announced</w> <c type="pct">,</c> <c type="pct">``</c> <w type="EX">There</w> <w type="BEZ">is</w> <w type="RB">only</w> <w type="CD">one</w> <w type="NN">god</w> <c type="pct">''</c> <c type="pct">.</c> </s>
</p>
<p><s n="8"><c type="pct">``</c> <w type="DOD">Did</w> <w type="PPSS">you</w> <w type="VB">think</w> <w type="EX">there</w> <w type="BED">were</w> <w type="CD">two</w> <c type="pct">''</c> <c type="pct">?</c> <c type="pct">?</c> </s>
<s n="9"><w type="VBN">Grinned</w> <w type="PPg">his</w> <w type="NN">father</w> <c type="pct">.</c> </s>
</p>
<p><s n="10"><c type="pct">``</c> <w type="PPSS">You</w> <mw pos="DO *">don't </mw><w type="VB">understand</w> <c type="pct">''</c> <c type="pct">,</c> <w type="NP">Richard</w> <w type="VBD">said</w> <w type="RB">gloomily</w> <c type="pct">.</c> </s>
</p>
<p><s n="11"><w type="IN">Through</w> <w type="JJ">quiet</w> <w type="NN">laughter</w> <w type="PPg">his</w> <w type="NN">mother</w> <w type="VBD">said</w> <c type="pct">,</c> <c type="pct">``</c> <mw pos="DO *">Don't </mw><w type="VB">speak</w> <w type="IN">to</w> <w type="PPg">your</w> <w type="NN">father</w> <w type="CS">like</w> <w type="DT">that</w> <c type="pct">,</c> <w type="NP">Richard</w> <c type="pct">''</c> <c type="pct">.</c> </s>
</p>
<p><s n="12"><w type="NP">Richard</w> <w type="RB">seldom</w> <w type="VBD">spoke</w> <w type="RB">anyhow</w> <w type="CC">and</w> <w type="PPS">he</w> <mw pos="DOD *">didn't </mw><w type="VB">speak</w> <w type="IN">to</w> <w type="PPg">his</w> <w type="NNS">parents</w> <w type="IN">about</w> <w type="NN">religion</w> <w type="RB">again</w> <c type="pct">.</c> </s>
</p>
<p><s n="13"><w type="PPg">His</w> <w type="NN">interest</w> <w type="IN">in</w> <w type="AT">the</w> <w type="JJ">formal</w> <w type="NN">study</w> <w type="IN">of</w> <w type="NN">religion</w> <w type="VBD">waned</w> <w type="WRB">when</w> <w type="PPS">he</w> <w type="BEDZ">was</w> <w type="CD">sixteen</w> <w type="CC">and</w> <w type="PPS">he</w> <w type="VBD">substituted</w> <w type="IN">for</w> <w type="PPO">it</w> <w type="AT">an</w> <w type="NN">interest</w> <w type="IN">in</w> <w type="JJ">Asian</w> <w type="NNS">affairs</w> <c type="pct">.</c> </s>
<s n="14"><w type="CS">Although</w> <w type="PPS">he</w> <w type="RB">still</w> <mw pos="DOD *">didn't </mw><w type="VB">speak</w> <w type="IN">to</w> <w type="PN">anyone</w> <c type="pct">,</c> <w type="PPS">he</w> <w type="VBD">grew</w> <w type="JJ">fond</w> <w type="IN">of</w> <w type="VBG">saying</w> <c type="pct">,</c> <c type="pct">``</c> <w type="AT">The</w> <w type="NN">future</w> <w type="VBZ">lies</w> <w type="IN">in</w> <w type="NP">Asia</w> <c type="pct">''</c> <c type="pct">,</c> <w type="WRB">when</w> <w type="AT">the</w> <w type="NN">opportunity</w> <w type="VBD">arose</w> <c type="pct">,</c> <w type="CC">and</w> <w type="WRB">when</w> <w type="PPS">he</w> <w type="VBD">graduated</w> <w type="IN">from</w> <w type="JJ">high</w> <w type="NN">school</w> <w type="PPg">his</w> <w type="NNS">parents</w> <w type="VBD">sent</w> <w type="PPO">him</w> <w type="IN">to</w> <w type="JJ" subtype="TL">New</w> <w type="NP" subtype="TL">York</w> <w type="TO">to</w> <w type="VB">give</w> <w type="PPO">him</w> <w type="AT">a</w> <w type="NN">foundation</w> <c type="pct">,</c> <w type="PPSS">they</w> <w type="VBD">said</w> <c type="pct">,</c> <w type="IN">for</w> <w type="PPg">his</w> <w type="NN">life</w> <w type="IN">in</w> <w type="JJ">Asian</w> <w type="NNS">studies</w> <c type="pct">.</c> </s>
</p>
<p><s n="15"><w type="NP">Richard</w> <w type="BEDZ">was</w> <w type="AT">a</w> <w type="JJ">solitary</w> <w type="NN">student</w> <w type="IN">in</w> <w type="JJ" subtype="TL">New</w> <w type="NP" subtype="TL">York</w> <w type="CC">and</w> <w type="VBD">acquired</w> <c type="pct">,</c> <w type="IN">in</w> <w type="PPg">his</w> <w type="NN">remoteness</w> <c type="pct">,</c> <w type="AT">a</w> <w type="JJ">thorough</w> <w type="CS">if</w> <w type="JJ">bookish</w> <w type="NN">knowledge</w> <w type="IN">of</w> <w type="JJ">Asian</w> <w type="NN">lore</w> <c type="pct">,</c> <w type="NN">literature</w> <c type="pct">,</c> <w type="NN">life</w> <c type="pct">,</c> <w type="NN">politics</w> <w type="CC">and</w> <w type="NN">history</w> <c type="pct">.</c> </s>
<s n="16"><w type="PPS">He</w> <w type="BEDZ">was</w> <w type="VBN">awarded</w> <w type="AT">a</w> <w type="NN">fellowship</w> <w type="TO">to</w> <w type="VB">continue</w> <w type="PPg">his</w> <w type="NNS">studies</w> <w type="IN">in</w> <w type="NP">Tokyo</w> <w type="CC">and</w> <w type="PPS">he</w> <w type="VBD">packed</w> <w type="RP">up</w> <w type="PPg">his</w> <w type="NNS">clothes</w> <c type="pct">,</c> <w type="AT">the</w> <w type="NN" subtype="FW">biwa</w> <w type="IN">upon</w> <w type="WDT">which</w> <w type="PPS">he</w> <w type="HVD">had</w> <w type="BEN">been</w> <w type="VBG">practicing</w> <w type="CC">and</w> <w type="PPg">his</w> <w type="NN">image</w> <w type="IN">of</w> <w type="NP">Acala</w> <c type="pct">,</c> <w type="CC">and</w> <w type="VBD">left</w> <w type="TO">to</w> <w type="VB">spend</w> <w type="AT">a</w> <w type="NN">week</w> <w type="IN">at</w> <w type="NR">home</w> <w type="CS">before</w> <w type="VBG">leaving</w> <w type="AT">the</w> <w type="NN">country</w> <c type="pct">.</c> </s>
</p>
<p><s n="17"><w type="AT">The</w> <w type="NN">week</w> <w type="IN">at</w> <w type="NR">home</w> <w type="BEDZ">was</w> <w type="NEG">not</w> <w type="JJ">comfortable</w> <c type="pct">.</c> </s>
<s n="18"><w type="PPg">His</w> <w type="NN">mother</w> <c type="pct">,</c> <w type="WPS">who</w> <w type="HVD">had</w> <w type="VBN">seen</w> <w type="AP">little</w> <w type="IN">of</w> <w type="PPO">him</w> <w type="IN">for</w> <w type="CD">four</w> <w type="NNS">years</w> <c type="pct">,</c> <w type="VBD">appeared</w> <w type="VBN">worried</w> <w type="IN">about</w> <w type="PPg">his</w> <w type="VBG">sailing</w> <w type="RP">off</w> <w type="IN">by</w> <w type="PPL">himself</w> <w type="IN">for</w> <w type="AT">an</w> <w type="NP">Orient</w> <w type="WDT">which</w> <c type="pct">,</c> <w type="PPS">she</w> <w type="PPL">herself</w> <w type="HVG">having</w> <w type="JJ">slight</w> <w type="NN">knowledge</w> <w type="IN">of</w> <w type="PPO">it</w> <c type="pct">,</c> <w type="HVD">had</w> <w type="TO">to</w> <w type="BE">be</w> <w type="VBN">distrusted</w> <c type="pct">.</c> </s>
<s n="19"><w type="PPS">She</w> <w type="VBD">seemed</w> <w type="TO">to</w> <w type="VB">work</w> <w type="TO">to</w> <w type="VB">grow</w> <w type="JJ">close</w> <w type="IN">to</w> <w type="PPg">her</w> <w type="NN">son</w> <w type="IN">in</w> <w type="AT">the</w> <w type="AP">few</w> <w type="NNS">days</w> <w type="PPS">he</w> <w type="VBD">spent</w> <w type="IN">at</w> <w type="NR">home</w> <c type="pct">,</c> <w type="VBG">talking</w> <w type="IN">to</w> <w type="PPO">him</w> <w type="IN">about</w> <w type="DTI">some</w> <w type="IN">of</w> <w type="AT">the</w> <w type="QL">more</w> <w type="JJ">pleasant</w> <w type="NNS">moments</w> <w type="IN">of</w> <w type="PPg">his</w> <w type="NN">childhood</w> <w type="CC">and</w> <w type="RB">then</w> <w type="VBG">trying</w> <w type="TO">to</w> <w type="VB">talk</w> <w type="IN">to</w> <w type="PPO">him</w> <w type="IN">about</w> <w type="DTS">those</w> <w type="NNS">things</w> <w type="IN">in</w> <w type="WDT">which</w> <w type="PPS">he</w> <w type="RB">alone</w> <w type="BEDZ">was</w> <w type="VBN">interested</w> <c type="pct">.</c> </s>
</p>
<p><s n="20"><c type="pct">``</c> <w type="DO">Do</w> <w type="PPSS">you</w> <w type="RB">still</w> <w type="HV">have</w> <w type="AT">The</w> <w type="NN" subtype="TL">Book</w> <w type="IN" subtype="TL">of</w> <w type="AT" subtype="TL">the</w> <w type="NN" subtype="TL">Dead</w> <c type="pct">''</c> <c type="pct">?</c> <c type="pct">?</c> </s>
<s n="21"><w type="PPS">She</w> <w type="VBD">asked</w> <w type="PPO">him</w> <w type="CC">and</w> <c type="pct">,</c> <w type="VBG">laughing</w> <c type="pct">,</c> <w type="PPS">she</w> <w type="VBD">added</w> <c type="pct">,</c> <c type="pct">``</c> <w type="PPSS">I</w> <w type="BEDZ">was</w> <w type="JJ">nervous</w> <w type="IN">about</w> <w type="VBG">buying</w> <w type="AT">a</w> <w type="NN">book</w> <w type="IN">with</w> <w type="AT">a</w> <w type="NN">title</w> <w type="CS">like</w> <w type="DT">that</w> <c type="pct">,</c> <w type="CC">but</w> <w type="PPSS">I</w> <w type="VBD">knew</w> <mw pos="PPSS MD">you'd </mw><w type="VB">like</w> <w type="PPO">it</w> <c type="pct">''</c> <c type="pct">.</c> </s>
</p>
<p><s n="22"><c type="pct">``</c> <w type="RB">Yes</w> <c type="pct">''</c> <c type="pct">,</c> <w type="PPS">he</w> <w type="VBD">lied</w> <w type="TO">to</w> <w type="VB">shorten</w> <w type="AT">the</w> <w type="NN">conversation</w> <c type="pct">,</c> <c type="pct">``</c> <w type="PPSS">I</w> <w type="RB">still</w> <w type="HV">have</w> <w type="PPO">it</w> <c type="pct">''</c> <c type="pct">.</c> </s>
<s n="23"><w type="PPS">He</w> <w type="BEDZ">was</w> <w type="AT">no</w> <w type="RBR">longer</w> <w type="JJ">able</w> <w type="TO">to</w> <w type="VB">relax</w> <w type="IN">in</w> <w type="AT">the</w> <w type="NN">presence</w> <w type="IN">of</w> <w type="PPg">his</w> <w type="NNS">parents</w> <w type="CC">and</w> <w type="VBD">found</w> <w type="PPO">it</w> <w type="JJ">difficult</w> <w type="TO">to</w> <w type="VB">keep</w> <w type="RP">up</w> <w type="AT">a</w> <w type="NN">conversation</w> <w type="IN">with</w> <w type="PPg">his</w> <w type="NN">mother</w> <w type="CC">or</w> <w type="NN">father</w> <c type="pct">,</c> <w type="AT">no</w> <w type="NN">matter</w> <w type="AT">the</w> <w type="NN">subject</w> <c type="pct">.</c> </s>
<s n="24"><w type="IN">As</w> <w type="IN">for</w> <w type="AT">The</w> <w type="NN" subtype="TL">Book</w> <w type="IN" subtype="TL">of</w> <w type="AT" subtype="TL">the</w> <w type="NN" subtype="TL">Dead</w> <c type="pct">,</c> <w type="PPS">it</w> <w type="IN">along</w> <w type="IN">with</w> <w type="PPg">his</w> <w type="AP">other</w> <w type="NNS">books</w> <w type="IN">on</w> <w type="NN">religion</w> <w type="HVD">had</w> <w type="BEN">been</w> <w type="VBN">incarcerated</w> <w type="IN">in</w> <w type="AT">a</w> <w type="NN">furnace</w> <w type="IN">in</w> <w type="AT">the</w> <w type="NN">basement</w> <w type="IN">of</w> <w type="AT">the</w> <w type="NN">building</w> <w type="IN">in</w> <w type="WDT">which</w> <w type="PPS">he</w> <w type="HVD">had</w> <w type="VBN">lived</w> <w type="IN">in</w> <w type="JJ" subtype="TL">New</w> <w type="NP" subtype="TL">York</w> <c type="pct">.</c> </s>
<s n="25"><w type="PPS">He</w> <w type="HVD">had</w> <w type="VBN">dusted</w> <w type="DT">each</w> <w type="IN">of</w> <w type="AT">the</w> <w type="NNS">books</w> <w type="RB">carefully</w> <w type="CC">and</w> <w type="VBD">carried</w> <w type="PPO">them</w> <w type="ABN">all</w> <w type="IN">to</w> <w type="AT">the</w> <w type="NN">basement</w> <w type="CC">and</w> <c type="pct">,</c> <w type="VBG">trembling</w> <w type="IN">at</w> <w type="HVG">having</w> <w type="TO">to</w> <w type="VB">open</w> <w type="AT">the</w> <w type="JJ">big</w> <w type="NN">furnace</w> <c type="pct">,</c> <w type="VBN">given</w> <w type="PPO">them</w> <w type="RP">up</w> <w type="IN">to</w> <w type="AT">the</w> <w type="NNS">flames</w> <c type="pct">.</c> </s>
<s n="26"><w type="RB">Then</w> <w type="PPS">he</w> <w type="VBD">sped</w> <w type="IN">from</w> <w type="AT">the</w> <w type="JJ">dark</w> <w type="NN">basement</w> <w type="CC">and</w> <w type="VBD">returned</w> <w type="IN">to</w> <w type="PPg">his</w> <w type="NN">room</w> <w type="CC">and</w> <w type="VBD">cried</w> <c type="pct">.</c> </s>
</p>
<p><s n="27"><w type="NP">Richard</w> <w type="VBD">left</w> <w type="NP">America</w> <w type="IN">with</w> <w type="PPg">his</w> <w type="NNS">clothes</w> <c type="pct">,</c> <w type="PPg">his</w> <w type="NN" subtype="FW">biwa</w> <w type="CC">and</w> <w type="PPg">his</w> <w type="NN">image</w> <w type="IN">of</w> <w type="NP">Acala</w> <w type="CC">and</w> <c type="pct">,</c> <w type="IN">on</w> <w type="AT">the</w> <w type="NN">freighter</w> <w type="WDT">which</w> <w type="VBD">took</w> <w type="PPO">him</w> <w type="IN">to</w> <w type="NP">Japan</w> <c type="pct">,</c> <w type="PPS">he</w> <w type="VBD">plucked</w> <w type="IN">at</w> <w type="AT">the</w> <w type="NN" subtype="FW">biwa</w> <c type="pct">,</c> <w type="VBG">trying</w> <w type="TO">to</w> <w type="VB">make</w> <w type="AT">the</w> <w type="NNS">sounds</w> <w type="PPS">he</w> <w type="VBD">wrought</w> <w type="VB">resemble</w> <w type="AT">an</w> <w type="JJ">ancient</w> <w type="JJ">Japanese</w> <w type="NN">tune</w> <w type="PPS">he</w> <w type="HVD">had</w> <w type="RB">once</w> <w type="VBN">heard</w> <c type="pct">.</c> </s>
<s n="28"><w type="IN">During</w> <w type="PPg">his</w> <w type="OD">second</w> <w type="NN">week</w> <w type="IN">at</w> <w type="NN">sea</w> <w type="PPS">he</w> <w type="VBD">brought</w> <w type="AT">the</w> <w type="JJ">curious</w> <w type="NN">melody</w> <w type="IN">out</w> <w type="IN">of</w> <w type="AT">the</w> <w type="NN">instrument</w> <w type="CC">and</w> <w type="RB">suddenly</w> <w type="VBD">wanted</w> <w type="TO">to</w> <w type="VB">force</w> <w type="AT">the</w> <w type="NN" subtype="FW">biwa</w> <w type="TO">to</w> <w type="VB">remain</w> <w type="IN">at</w> <w type="RB">just</w> <w type="DT">that</w> <w type="NN">moment</w> <w type="IN">in</w> <w type="PPg">its</w> <w type="NN">history</w> <w type="WRB">when</w> <w type="PPS">it</w> <w type="HVD">had</w> <w type="VBN">given</w> <w type="PPO">him</w> <w type="NN">pleasure</w> <c type="pct">.</c> </s>
<s n="29"><w type="PPS">He</w> <w type="VBD">stole</w> <w type="IN">from</w> <w type="PPg">his</w> <w type="NN">cabin</w> <w type="JJ">late</w> <w type="DT">that</w> <w type="NN">night</w> <w type="CC">and</w> <w type="VBD">crept</w> <w type="RP">out</w> <w type="IN">into</w> <w type="AT">a</w> <w type="JJ">gusty</w> <w type="JJ" subtype="TL">North</w> <w type="NP" subtype="TL">Pacific</w> <w type="NN">wind</w> <w type="CC">and</w> <w type="VBD">dropped</w> <w type="AT">the</w> <w type="NN" subtype="FW">biwa</w> <w type="IN">into</w> <w type="AT">the</w> <w type="NN">water</w> <c type="pct">.</c> </s>
<s n="30"><w type="PPS">It</w> <w type="BEDZ">was</w> <w type="QL">so</w> <w type="JJ">dark</w> <w type="CS">that</w> <w type="PPS">he</w> <mw pos="DOD *">didn't </mw><w type="VB">see</w> <w type="PPO">it</w> <w type="VB">hit</w> <w type="AT">the</w> <w type="NN">water</w> <w type="CC">and</w> <w type="AT">the</w> <w type="JJ">noisy</w> <w type="NN">rush</w> <w type="IN">of</w> <w type="AT">the</w> <w type="NN">ocean</w> <w type="VBD">kept</w> <w type="PPO">him</w> <w type="IN">from</w> <w type="VBG">hearing</w> <w type="PPO">it</w> <c type="pct">.</c> </s>
<s n="31"><w type="PPS">It</w> <w type="BEDZ">was</w> <w type="CS">as</w> <w type="CS">though</w> <w type="AT">the</w> <w type="NN" subtype="FW">biwa</w> <w type="HVD">had</w> <w type="BEN">been</w> <w type="VBN">eaten</w> <w type="RP">up</w> <w type="IN">by</w> <w type="AT">the</w> <w type="NN">wind</w> <c type="pct">.</c> </s>
</p>
<p><s n="32"><w type="IN">In</w> <w type="NP">Tokyo</w> <w type="NP">Richard</w> <w type="VBD">took</w> <w type="RP">up</w> <w type="AT">a</w> <w type="NN">life</w> <w type="JJ">similar</w> <w type="IN">to</w> <w type="DT">that</w> <w type="WDT">which</w> <w type="PPS">he</w> <w type="HVD">had</w> <w type="VBN">lived</w> <w type="IN">in</w> <w type="JJ" subtype="TL">New</w> <w type="NP" subtype="TL">York</w> <c type="pct">,</c> <w type="IN">except</w> <w type="CS">that</w> <w type="PPS">he</w> <w type="HVD">had</w> <w type="VBN">replaced</w> <w type="PPg">his</w> <w type="NN" subtype="FW">biwa</w> <w type="IN">with</w> <w type="AT">a</w> <w type="NN">friend</w> <c type="pct">.</c> </s>
<s n="33"><w type="AT">An</w> <w type="JJ">American</w> <w type="NN">student</w> <w type="VBN">named</w> <w type="NP">Charlotte</w> <w type="NP">Adams</w> <w type="HVD">had</w> <w type="VBN">refused</w> <w type="TO">to</w> <w type="VB">take</w> <w type="NN">notice</w> <w type="IN">of</w> <w type="PPg">his</w> <w type="JJ">evident</w> <w type="NN">aversion</w> <w type="IN">to</w> <w type="NNS">people</w> <w type="CC">and</w> <w type="HVD">had</w> <w type="IN">at</w> <w type="RB">last</w> <w type="VBD">succeeded</w> <w type="IN">in</w> <w type="VBG">getting</w> <w type="PPO">him</w> <w type="TO">to</w> <w type="VB">talk</w> <w type="IN">to</w> <w type="PPO">her</w> <c type="pct">.</c> </s>
<s n="34"><w type="PPS">He</w> <w type="HVD">had</w> <w type="PN">nothing</w> <w type="AP">much</w> <w type="TO">to</w> <w type="VB">say</w> <w type="IN">to</w> <w type="PPO">her</w> <w type="CC">but</w> <w type="CS">that</w> <w type="PPS">he</w> <w type="VBD">said</w> <w type="PN">anything</w> <w type="VBD">seemed</w> <w type="TO">to</w> <w type="VB">please</w> <w type="PPO">her</w> <w type="CC">and</w> <w type="PPS">he</w> <w type="VBD">accompanied</w> <w type="PPO">her</w> <w type="IN">on</w> <w type="DTI">some</w> <w type="IN">of</w> <w type="PPg">her</w> <w type="RB">unusually</w> <w type="VBG">searching</w> <w type="NNS">tours</w> <w type="IN">of</w> <w type="NP">Tokyo</w> <c type="pct">.</c> </s>
<s n="35"><w type="IN">In</w> <w type="NP">Charlotte</w> <c type="pct">,</c> <w type="NP">Richard</w> <w type="VBD">saw</w> <w type="AT">a</w> <w type="NN">frankness</w> <w type="CC">and</w> <w type="AT">a</w> <w type="NN">zest</w> <w type="IN">for</w> <w type="VBG">doing</w> <w type="NNS">things</w> <w type="WDT">which</w> <c type="pct">,</c> <w type="IN">after</w> <w type="AT">a</w> <w type="NN">fashion</w> <c type="pct">,</c> <w type="PPS">he</w> <w type="VBD">envied</w> <c type="pct">.</c> </s>
<s n="36"><w type="IN">In</w> <w type="NN">time</w> <c type="pct">,</c> <w type="PPS">he</w> <w type="VBD">grew</w> <w type="TO">to</w> <w type="VB">depend</w> <w type="IN">upon</w> <w type="PPg">her</w> <w type="JJ">occasional</w> <w type="NN">company</w> <w type="CC">and</w> <w type="PPS">she</w> <w type="IN">at</w> <w type="NN">length</w> <w type="BEDZ">was</w> <w type="JJ">able</w> <w type="TO">to</w> <w type="VB">encourage</w> <w type="PPO">him</w> <w type="TO">to</w> <w type="VB">participate</w> <w type="IN">in</w> <w type="QL">more</w> <w type="JJ">social</w> <w type="NN">activity</w> <c type="pct">.</c> </s>
<s n="37"><w type="PPS">She</w> <w type="VBD">convinced</w> <w type="PPO">him</w> <w type="CS">that</w> <w type="PPS">he</w> <w type="MD">ought</w> <w type="TO">to</w> <w type="BE">be</w> <w type="AT">a</w> <w type="NN">member</w> <w type="IN">of</w> <w type="DTI">some</w> <w type="IN">of</w> <w type="AT">the</w> <w type="JJ">small</w> <w type="JJ">tea-drinking</w> <w type="NNS">parties</w> <w type="PPS">she</w> <w type="VBD">held</w> <w type="IN">at</w> <w type="PPg">her</w> <w type="NNS">rooms</w> <w type="CC">and</w> <w type="IN">in</w> <w type="AT">the</w> <w type="NN">end</w> <w type="PPS">he</w> <w type="VBD">complied</w> <w type="IN">with</w> <w type="PPg">her</w> <w type="NNS">wishes</w> <c type="pct">,</c> <w type="CS">although</w> <w type="PPS">it</w> <w type="BEDZ">was</w> <w type="RB">only</w> <w type="RB">rarely</w> <w type="CS">that</w> <w type="PPS">he</w> <w type="VBD">added</w> <w type="PN">anything</w> <w type="IN">to</w> <w type="AT">the</w> <w type="JJ">random</w> <w type="NNS">conversations</w> <c type="pct">.</c> </s>
</p>
<p><s n="38"><w type="IN">At</w> <w type="CD">one</w> <w type="JJ">such</w> <w type="NN">gathering</w> <w type="NP">Charlotte</w> <w type="VBD">announced</w> <c type="pct">,</c> <c type="pct">``</c> <w type="PPSS">I</w> <w type="BEDZ">was</w> <w type="IN">at</w> <w type="NP">Ryusenji</w> <w type="NR">today</w> <c type="pct">.</c> </s>
<s n="39"><w type="HV">Have</w> <w type="PPSS">you</w> <w type="RB">ever</w> <w type="BEN">been</w> <w type="IN">to</w> <w type="NP">Ryusenji</w> <c type="pct">''</c> <c type="pct">?</c> <c type="pct">?</c> </s>
<s n="40"><w type="AT">No</w> <w type="PN">one</w> <w type="HVD">had</w> <c type="pct">.</c> </s>
<s n="41"><c type="pct">``</c> <w type="UH">Well</w> <c type="pct">,</c> <mw pos="PPS BEZ">it's </mw><w type="IN">at</w> <w type="NP">Fudomae</w> <w type="CC">and</w> <w type="EX">there</w> <w type="BEDZ">was</w> <w type="AT">a</w> <w type="JJ">tan</w> <w type="JJ">young</w> <w type="NN">man</w> <c type="pct">,</c> <w type="QL">quite</w> <w type="JJ">naked</w> <c type="pct">,</c> <w type="VBG">taking</w> <w type="AT">a</w> <w type="NN">shower</w> <w type="IN">in</w> <w type="AT">the</w> <w type="NN">pool</w> <c type="pct">.</c> </s>
<s n="42"><w type="PPSS">I</w> <w type="BEDZ">was</w> <w type="RB">thoroughly</w> <w type="VBN">startled</w> <c type="pct">''</c> <c type="pct">.</c> </s>
</p>
<p><s n="43"><w type="NP">Richard</w> <w type="VBD">thought</w> <w type="PPO">it</w> <w type="AT">a</w> <w type="QL">more</w> <w type="JJ">promising</w> <w type="NN">remark</w> <w type="CS">than</w> <w type="DTI">any</w> <w type="VBN">made</w> <w type="IN">during</w> <w type="AT">the</w> <w type="AP">last</w> <w type="NN">conversation</w> <c type="pct">,</c> <w type="CC">but</w> <w type="NPg">Charlotte's</w> <w type="NN">manner</w> <w type="IN">during</w> <w type="AT">the</w> <w type="NNS">gatherings</w> <w type="BEDZ">was</w> <w type="QL">more</w> <w type="JJ">flippant</w> <w type="CC">and</w> <w type="JJ">superficial</w> <w type="CS">than</w> <w type="WRB">when</w> <w type="PPS">she</w> <w type="BEDZ">was</w> <w type="RB">alone</w> <w type="IN">with</w> <w type="PPO">him</w> <w type="CC">and</w> <w type="PPS">he</w> <w type="BEDZ">was</w> <w type="JJ">sure</w> <w type="PPg">her</w> <w type="NN">remark</w> <w type="MD">would</w> <w type="VB">lead</w> <w type="IN">to</w> <w type="PN">nothing</w> <w type="QL">much</w> <w type="JJR">better</w> <w type="CS">than</w> <w type="AT">the</w> <w type="JJ">pointless</w> <w type="NNS">words</w> <w type="WDT">which</w> <w type="HVD">had</w> <w type="VBN">preceded</w> <w type="PPO">it</w> <c type="pct">.</c> </s>
<s n="44"><w type="CD">Three</w> <w type="IN">of</w> <w type="AT">the</w> <w type="CD">four</w> <w type="NNS">persons</w> <w type="VB">present</w> <c type="pct">,</c> <w type="QL">all</w> <w type="JJ">foreign</w> <w type="NNS">students</w> <w type="IN">in</w> <w type="NP">Tokyo</w> <c type="pct">,</c> <w type="HVD">had</w> <w type="BEN">been</w> <w type="VBG">playing</w> <w type="AT">a</w> <w type="NN">game</w> <w type="IN">of</w> <w type="VBG">judging</w> <w type="JJ">popular</w> <w type="JJ">Japanese</w> <w type="NNS">foods</w> <w type="IN">by</w> <w type="AT">the</w> <w type="IN" subtype="TL">In</w> <w type="CC" subtype="TL">and</w> <w type="RB" subtype="TL">Out</w> <w type="NN">system</w> <c type="pct">,</c> <w type="AT">an</w> <w type="NN">equation</w> <w type="IN">in</w> <w type="WDT">which</w> <w type="NP">Zen</w> <w type="NN">philosophy</w> <w type="BEDZ">was</w> <w type="VBN">used</w> <w type="CS">as</w> <w type="AT">the</w> <w type="NN">modifier</w> <c type="pct">.</c> </s>
<s n="45"><w type="NN" subtype="FW">Soba</w> <c type="pct">,</c> <w type="NN" subtype="FW">udon</w> <w type="CC">and</w> <w type="NN">tea</w> <w type="BED">were</w> <w type="IN" subtype="TL">In</w> <w type="CS">because</w> <w type="PPSS">they</w> <w type="MD">could</w> <w type="BE">be</w> <w type="VBN">taken</w> <w type="RB">noisily</w> <c type="pct">.</c> </s>
<s n="46"><w type="NN" subtype="FW">Sushi</w> <w type="BEDZ">was</w> <w type="RB">Out</w> <w type="CS">because</w> <w type="PPS">it</w> <w type="BEDZ">was</w> <w type="JJ">pretentious</w> <c type="pct">.</c> </s>
<s n="47"><w type="NN">Sashimi</w> <w type="BEDZ">was</w> <w type="IN" subtype="TL">In</w> <c type="pct">,</c> <w type="NP">Samuel</w> <w type="NP">Burns</w> <w type="HVD">had</w> <w type="VBN">suggested</w> <c type="pct">,</c> <w type="CS">because</w> <w type="PPS">it</w> <w type="BEDZ">was</w> <w type="QL">too</w> <w type="QL">far</w> <w type="RB">Out</w> <w type="TO">to</w> <w type="VB">stay</w> <w type="RB">Out</w> <c type="pct">,</c> <w type="RB">even</w> <w type="CS">if</w> <w type="PPS">it</w> <w type="BEDZ">was</w> <w type="AT">a</w> <w type="QL">little</w> <w type="JJ">pretentious</w> <c type="pct">.</c> </s>
<s n="48"><w type="NP">Richard</w> <w type="HVD">had</w> <w type="VBN">kept</w> <w type="PPg">his</w> <w type="NNS">eyes</w> <w type="RP">down</w> <w type="IN">throughout</w> <w type="AT">the</w> <w type="NN">game</w> <c type="pct">,</c> <w type="AT">the</w> <w type="AP">very</w> <w type="NN">sound</w> <w type="IN">of</w> <w type="AT">the</w> <w type="NN">chatter</w> <w type="QL">nearly</w> <w type="JJ">painful</w> <w type="IN">to</w> <w type="PPg">his</w> <w type="NNS">ears</w> <c type="pct">.</c> </s>
</p>
<p><s n="49"><c type="pct">``</c> <w type="PPS">He</w> <mw pos="BEDZ *">wasn't </mw><w type="AT">the</w> <w type="AP">least</w> <w type="NN">bit</w> <w type="VBN">disturbed</w> <w type="IN">by</w> <w type="PPg">my</w> <w type="VBG">watching</w> <w type="PPO">him</w> <c type="pct">''</c> <c type="pct">,</c> <w type="VBD">said</w> <w type="NP">Charlotte</w> <c type="pct">.</c> </s>
</p>
<p><s n="50"><c type="pct">``</c> <w type="DOD">Did</w> <w type="PPO">you</w> <w type="VB">watch</w> <w type="PPO">him</w> <c type="pct">''</c> <c type="pct">?</c> <c type="pct">?</c> </s>
<s n="51"><w type="VBD">Asked</w> <w type="AT">a</w> <w type="JJ">red-haired</w> <w type="NN">girl</w> <w type="VBN">named</w> <w type="NP">Ceecee</w> <w type="NP">Witter</w> <c type="pct">.</c> </s>
<s n="52"><c type="pct">``</c> <w type="PPSS">I</w> <mw pos="MD *">shouldn't </mw><w type="HV">have</w> <w type="BEN">been</w> <w type="JJ">able</w> <w type="TO">to</w> <w type="DO">do</w> <w type="DT">that</w> <c type="pct">''</c> <c type="pct">.</c> </s>
</p>
<p><s n="53"><c type="pct">``</c> <w type="UH">Well</w> <w type="PPSS">I</w> <w type="BEDZ">was</w> <w type="JJ">able</w> <w type="TO">to</w> <w type="DO">do</w> <w type="PPO">it</w> <c type="pct">''</c> <c type="pct">,</c> <w type="NP">Charlotte</w> <w type="VBD">said</w> <w type="IN">with</w> <w type="AT">no</w> <w type="NN">sign</w> <w type="IN">of</w> <w type="NN">irritation</w> <c type="pct">.</c> </s>
<s n="54"><c type="pct">``</c> <w type="IN">For</w> <w type="AT">a</w> <w type="NN">minute</w> <c type="pct">,</c> <w type="RB">anyhow</w> <c type="pct">.</c> </s>
<s n="55"><mw pos="PPSS BEM">I'm </mw><w type="VBN">surprised</w> <w type="AT">no</w> <w type="PN">one</w> <w type="HVZ">has</w> <w type="BEN">been</w> <w type="RB">there</w> <c type="pct">.</c> </s>
<s n="56"><mw pos="PPSS HV">I've </mw><w type="BEN">been</w> <w type="RB">there</w> <w type="AT">a</w> <w type="NN">number</w> <w type="IN">of</w> <w type="NNS">times</w> <c type="pct">.</c> </s>
<s n="57"><w type="NP">Sam</w> <c type="pct">,</c> <w type="PPSS">I</w> <w type="VBD">thought</w> <w type="PPSS">you</w> <w type="VBD">knew</w> <w type="PN">everything</w> <w type="IN">about</w> <w type="NP">Tokyo</w> <c type="pct">.</c> </s>
<s n="58"><mw pos="PPSS HV">You've </mw><w type="RB">never</w> <w type="BEN">been</w> <w type="IN">to</w> <w type="NP">Ryusenji</w> <c type="pct">''</c> <c type="pct">?</c> <c type="pct">?</c> </s>
</p>
<p><s n="59"><c type="pct">``</c> <mw pos="PPSS HV">I've </mw><w type="VBN">heard</w> <w type="IN">about</w> <w type="PPO">it</w> <c type="pct">''</c> <c type="pct">,</c> <w type="NP">Samuel</w> <w type="NP">Burns</w> <w type="VBD">said</w> <c type="pct">.</c> </s>
<s n="60"><c type="pct">``</c> <mw pos="EX BEZ">There's </mw><w type="AT">a</w> <w type="AP">little</w> <w type="NN">place</w> <w type="RB">there</w> <w type="VBN">called</w> <w type="NNS" subtype="TL">Lovers</w> <w type="NN" subtype="TL">Mound</w> <w type="VBD">dedicated</w> <w type="IN">to</w> <w type="NP">Gompachi</w> <w type="CC">and</w> <w type="NP">Komurasaki</w> <c type="pct">''</c> <c type="pct">.</c> </s>
</p>
<p><s n="61"><c type="pct">``</c> <w type="RB">Yes</w> <c type="pct">,</c> <w type="AT">a</w> <w type="AP">little</w> <w type="JJ">parkish</w> <w type="NN">place</w> <c type="pct">''</c> <c type="pct">,</c> <w type="NP">Charlotte</w> <w type="VBD">said</w> <c type="pct">,</c> <w type="CC">and</w> <w type="VBD">concluded</w> <c type="pct">,</c> <c type="pct">``</c> <w type="RB">Anyhow</w> <c type="pct">,</c> <mw pos="PPS BEZ">it's </mw><w type="ABN">all</w> <w type="QL">very</w> <w type="JJ">nice</w> <c type="pct">.</c> </s>
<s n="62"><w type="CC">And</w> <w type="AT">the</w> <w type="NN">man</w> <w type="WPS">who</w> <w type="VBD">brought</w> <w type="JJ">sweet</w> <w type="NNS">potatoes</w> <w type="IN">into</w> <w type="NP">Kanto</w> <w type="BEZ">is</w> <w type="VBN">buried</w> <w type="RB">there</w> <c type="pct">,</c> <w type="IN">next</w> <w type="IN">to</w> <w type="AT">a</w> <w type="JJ">beautiful</w> <w type="VBN">seated</w> <w type="NN">statue</w> <w type="IN">of</w> <w type="NP">Fudo</w> <c type="pct">.</c> </s>
<s n="63"><w type="UH">Oh</w> <c type="pct">,</c> <mw pos="DT BEZ">that's </mw><w type="WDT">what</w> <w type="PPSS">I</w> <w type="VBD">meant</w> <w type="TO">to</w> <w type="VB">tell</w> <w type="PPO">you</w> <c type="pct">.</c> </s>
<s n="64"><w type="DT">This</w> <w type="BEZ">is</w> <w type="AT">the</w> <w type="JJ">interesting</w> <w type="NN">part</w> <c type="pct">,</c> <w type="NP">Richard</w> <c type="pct">''</c> <c type="pct">,</c> <w type="PPS">she</w> <w type="HVD">had</w> <w type="AT">a</w> <w type="JJ">bothersome</w> <w type="NN">habit</w> <w type="IN">of</w> <w type="VBG">trying</w> <w type="TO">to</w> <w type="VB">pull</w> <w type="PPO">him</w> <w type="IN">into</w> <w type="AT">the</w> <w type="VBG">talking</w> <c type="pct">.</c> </s>
<s n="65"><c type="pct">``</c> <w type="EX">There</w> <w type="BEDZ">was</w> <w type="CS">that</w> <w type="NN">fellow</w> <w type="RP">out</w> <w type="RB">there</w> <w type="IN">in</w> <w type="AT">the</w> <w type="JJ">bitter</w> <w type="JJ">cold</w> <c type="pct">''</c> <c type="pct">--</c> </s>
</p>
<p><s n="66"><c type="pct">``</c> <w type="PPg">My</w> <w type="NP">God</w> <c type="pct">,</c> <w type="PPS">it</w> <w type="BEDZ">was</w> <w type="JJ">cold</w> <w type="NR">today</w> <c type="pct">''</c> <c type="pct">,</c> <w type="VBD">said</w> <w type="NP">Samuel</w> <w type="NP">Burns</w> <c type="pct">.</c> </s>
<s n="67"><c type="pct">``</c> <w type="CD">Twenty-two</w> <w type="CC">or</w> <w type="CD">twenty-three</w> <c type="pct">''</c> <c type="pct">.</c> </s>
</p>
<p><s n="68"><c type="pct">``</c> <w type="CC">And</w> <w type="AT">the</w> <w type="NN">water</w> <w type="MD">would</w> <w type="BE">be</w> <w type="QL">still</w> <w type="JJR">colder</w> <c type="pct">''</c> <c type="pct">,</c> <w type="NP">Ceecee</w> <w type="VBD">seemed</w> <w type="TO">to</w> <w type="VB">shiver</w> <w type="IN">at</w> <w type="AT">the</w> <w type="NN">thought</w> <w type="IN">of</w> <w type="PPO">it</w> <c type="pct">.</c> </s>
</p>
<p><s n="69"><c type="pct">``</c> <w type="CC">And</w> <w type="PPg">your</w> <w type="JJ">golden</w> <w type="NN">god</w> <c type="pct">''</c> <c type="pct">,</c> <w type="VBD">said</w> <w type="NP">Samuel</w> <w type="NP">Burns</w> <c type="pct">,</c> <c type="pct">``</c> <w type="RB">probably</w> <w type="VBD">went</w> <w type="QL">right</w> <w type="NR">home</w> <w type="CC">and</w> <w type="VBD">poured</w> <w type="PPL">himself</w> <w type="IN">into</w> <w type="AT">a</w> <w type="VBG">boiling</w> <w type="NN">bath</w> <c type="pct">.</c> </s>
<s n="70"><w type="PPS">It</w> <w type="MD">would</w> <w type="VB">kill</w> <w type="CD">one</w> <w type="IN">of</w> <w type="PPO">us</w> <c type="pct">''</c> <c type="pct">.</c> </s>
</p>
<p><s n="71"><c type="pct">``</c> <w type="CC">But</w> <w type="AT">the</w> <w type="NN">point</w> <w type="BEZ">is</w> <c type="pct">''</c> <c type="pct">,</c> <w type="NP">Charlotte</w> <w type="VBD">said</w> <c type="pct">,</c> <c type="pct">``</c> <w type="RB">there</w> <w type="PPS">he</w> <w type="BEDZ">was</w> <c type="pct">,</c> <w type="VBG">freezing</w> <c type="pct">,</c> <w type="JJ">naked</w> <w type="IN">in</w> <w type="AT">a</w> <w type="AP">little</w> <w type="NN">stream</w> <w type="IN">of</w> <w type="NN">water</w> <w type="IN">at</w> <w type="NP">Ryusenji</w> <c type="pct">,</c> <w type="ABN">all</w> <w type="IN">in</w> <w type="NN">worship</w> <w type="IN">of</w> <w type="NP">Fudo</w> <c type="pct">,</c> <w type="AT">the</w> <w type="NN">god</w> <w type="IN">of</w> <w type="NN">fire</w> <c type="pct">''</c> <c type="pct">.</c> </s>
</p>
<p><s n="72"><w type="NPg">Richard's</w> <w type="JJ">dark</w> <w type="NNS">eyes</w> <w type="VBD">came</w> <w type="RP">up</w> <w type="CC">and</w> <w type="VBD">seemed</w> <w type="IN">for</w> <w type="AT">the</w> <w type="JJT">tiniest</w> <w type="NN">moment</w> <w type="TO">to</w> <w type="VB">reflect</w> <w type="JJ">sharp</w> <w type="NN">light</w> <c type="pct">.</c> </s>
<s n="73"><w type="PPS">It</w> <w type="BEDZ">was</w> <w type="JJ">true</w> <c type="pct">;</c> <c type="pct">;</c> </s>
<s n="74"><w type="NP">Fudo</w> <c type="pct">,</c> <w type="AT">the</w> <w type="NN">god</w> <w type="IN">of</w> <w type="NN">wisdom</w> <c type="pct">,</c> <w type="BEDZ">was</w> <w type="RB">also</w> <w type="VBN">thought</w> <w type="IN">of</w> <w type="CS">as</w> <w type="AT">the</w> <w type="JJ">Japanese</w> <w type="NN">version</w> <w type="IN">of</w> <w type="NP">Acala</w> <c type="pct">.</c> </s>
<s n="75"><w type="AT">The</w> <w type="NN">conversation</w> <w type="VBD">went</w> <w type="RP">on</w> <w type="CC">but</w> <w type="NP">Richard</w> <w type="VBD">stopped</w> <w type="VBG">listening</w> <c type="pct">.</c> </s>
<s n="76"><w type="PPS">He</w> <w type="VBD">found</w> <w type="PPL">himself</w> <w type="VBG">trying</w> <w type="TO">to</w> <w type="VB">remember</w> <w type="PN">something</w> <c type="pct">,</c> <w type="CC">but</w> <w type="PPS">he</w> <mw pos="MD *">couldn't </mw><w type="VB">decide</w> <w type="RB">even</w> <w type="AT">the</w> <w type="NN">nature</w> <w type="IN">of</w> <w type="WDT">what</w> <w type="PPS">it</w> <w type="BEDZ">was</w> <w type="PPS">he</w> <w type="VBD">worked</w> <w type="TO">to</w> <w type="VB">recall</w> <c type="pct">.</c> </s>
<s n="77"><w type="PPS">He</w> <w type="HVD">had</w> <w type="RB">almost</w> <w type="VBN">given</w> <w type="RP">up</w> <w type="WRB">when</w> <w type="PPS">he</w> <w type="VBD">realized</w> <w type="CS">that</w> <w type="AT">the</w> <w type="VBG">dropping</w> <w type="IN">of</w> <w type="PPg">his</w> <w type="NN" subtype="FW">biwa</w> <w type="IN">into</w> <w type="AT">the</w> <w type="JJ">icy</w> <w type="NNS">jowls</w> <w type="IN">of</w> <w type="AT">the</w> <w type="JJ">black</w> <w type="JJ" subtype="TL">Pacific</w> <w type="BEDZ">was</w> <w type="AT">the</w> <w type="NN">memory</w> <w type="IN">for</w> <w type="WDT">which</w> <w type="PPS">he</w> <w type="HVD">had</w> <w type="BEN">been</w> <w type="VBG">searching</w> <c type="pct">.</c> </s>
<s n="78"><w type="RB">Perhaps</w> <w type="PPS">he</w> <w type="VBD">sensed</w> <w type="DTI">some</w> <w type="NN">connection</w> <w type="IN">between</w> <w type="AT">the</w> <w type="NN">incident</w> <w type="IN">on</w> <w type="AT">the</w> <w type="NN">freighter</w> <w type="CC">and</w> <w type="AT">the</w> <w type="NN">ascetic</w> <w type="IN">at</w> <w type="NP">Ryusenji</w> <c type="pct">,</c> <w type="PPS">he</w> <w type="BEDZ">was</w> <w type="JJ">unable</w> <w type="TO">to</w> <w type="VB">put</w> <w type="PPO">it</w> <w type="RB">together</w> <c type="pct">.</c> </s>
</p>
<p><s n="79"><w type="DT">That</w> <w type="NN">night</w> <c type="pct">,</c> <w type="IN">after</w> <w type="VBG">leaving</w> <w type="NPg">Charlotte's</w> <w type="NN">apartment</w> <c type="pct">,</c> <w type="NP">Richard</w> <w type="VBD">walked</w> <w type="RB">about</w> <w type="IN">for</w> <w type="AT">a</w> <w type="NN">time</w> <w type="IN">before</w> <w type="VBG">returning</w> <w type="IN">to</w> <w type="PPg">his</w> <w type="NN">room</w> <c type="pct">.</c> </s>
<s n="80"><w type="WRB">When</w> <w type="PPS">he</w> <w type="IN">at</w> <w type="RB">last</w> <w type="DOD">did</w> <w type="VB">go</w> <w type="IN">to</w> <w type="PPg">his</w> <w type="NN">room</w> <c type="pct">,</c> <w type="PPS">he</w> <mw pos="MD *">couldn't </mw><w type="VB">sleep</w> <w type="CC">and</w> <w type="RB">instead</w> <w type="VBD">paced</w> <w type="RP">up</w> <w type="CC">and</w> <w type="RP">down</w> <w type="IN">before</w> <w type="PPg">his</w> <w type="JJ">little</w> <w type="NN">image</w> <w type="IN">of</w> <w type="NP">Acala</w> <c type="pct">,</c> <w type="VBG">thinking</w> <w type="RB">first</w> <w type="IN">of</w> <w type="NPg">Charlotte's</w> <w type="NN">tale</w> <w type="IN">of</w> <w type="AT">the</w> <w type="NN">man</w> <w type="IN">at</w> <w type="NP">Ryusenji</w> <c type="pct">,</c> <w type="RB">then</w> <w type="IN">of</w> <w type="PPg">his</w> <w type="NN" subtype="FW">biwa</w> <w type="CC">and</w> <w type="AT">the</w> <w type="JJ">invisible</w> <w type="NP">Pacific</w> <w type="NNS">waters</w> <c type="pct">.</c> </s>
<s n="81"><w type="CC">And</w> <w type="AT">the</w> <w type="AP">next</w> <w type="NN">morning</w> <c type="pct">,</c> <w type="NEG">not</w> <w type="JJ">sure</w> <w type="IN">of</w> <w type="WRB">why</w> <w type="PPS">he</w> <w type="VBD">went</w> <c type="pct">,</c> <w type="PPS">he</w> <w type="VBD">took</w> <w type="AT">the</w> <w type="NN">train</w> <w type="IN">to</w> <w type="NP">Fudomae</w> <w type="CC">and</w> <w type="VBD">walked</w> <w type="IN">to</w> <w type="NP">Ryusenji</w> <c type="pct">.</c> </s>
</p>
<p><s n="82"><w type="PPS">He</w> <w type="BEDZ">was</w> <w type="VBN">surprised</w> <w type="IN">by</w> <w type="AT">the</w> <w type="JJ">sharp</w> <w type="NN">sensation</w> <w type="PPS">he</w> <w type="VBD">experienced</w> <w type="CS">as</w> <w type="PPS">he</w> <w type="VBD">approached</w> <w type="AT">the</w> <w type="NN">pool</w> <w type="WDT">which</w> <w type="NP">Charlotte</w> <w type="HVD">had</w> <w type="VBN">mentioned</w> <c type="pct">.</c> </s>
<s n="83"><w type="PPS">He</w> <w type="VBD">went</w> <w type="IN">through</w> <w type="AT">a</w> <w type="NN">gate</w> <w type="TO">to</w> <w type="VB">stand</w> <w type="IN">at</w> <w type="AT">the</w> <w type="NN">edge</w> <w type="IN">of</w> <w type="AT">the</w> <w type="NN">water</w> <w type="CC">and</w> <w type="VBD">gazed</w> <w type="IN">at</w> <w type="AT">the</w> <w type="CD">two</w> <w type="JJ">thin</w> <w type="NNS">falls</w> <w type="WDT">which</w> <w type="VBD">dropped</w> <w type="IN">from</w> <w type="JJ">large</w> <w type="NNS">spigots</w> <w type="JJ">high</w> <w type="IN">at</w> <w type="AT">the</w> <w type="NN">back</w> <w type="IN">of</w> <w type="AT">the</w> <w type="NN">pool</w> <c type="pct">.</c> </s>
<s n="84"><w type="IN">On</w> <w type="AT">the</w> <w type="NN">hillside</w> <w type="RB">above</w> <w type="BEDZ">was</w> <w type="VBN">caged</w> <w type="WDT">what</w> <w type="MD">might</w> <w type="HV">have</w> <w type="BEN">been</w> <w type="AT">an</w> <w type="NN">incarnation</w> <w type="IN">of</w> <w type="NP">Fudo</w> <c type="pct">,</c> <w type="CC">or</w> <w type="RB">perhaps</w> <w type="AT">a</w> <w type="NN">demon</w> <c type="pct">.</c> </s>
<s n="85"><w type="AT">The</w> <w type="JJ">strange</w> <w type="NN">creature</w> <c type="pct">,</c> <w type="VBN">housed</w> <w type="IN">in</w> <w type="NN">wire</w> <c type="pct">,</c> <w type="VBD">made</w> <w type="PPO">him</w> <w type="VB">shudder</w> <c type="pct">.</c> </s>
<s n="86"><w type="AT">The</w> <w type="NN">sensation</w> <w type="PPS">he</w> <w type="QL">so</w> <w type="RB">overwhelmingly</w> <w type="VBN">realized</w> <w type="BEDZ">was</w> <w type="PN">one</w> <w type="WDT">which</w> <w type="VBD">told</w> <w type="PPO">him</w> <w type="PPS">he</w> <w type="HVD">had</w> <w type="BEN">been</w> <w type="RB">there</w> <w type="RB">before</w> <w type="CC">but</w> <w type="PPS">he</w> <w type="VBD">knew</w> <w type="PPS">he</w> <w type="HVD">had</w> <w type="NEG">not</w> <c type="pct">,</c> <w type="CC">and</w> <w type="MD">could</w> <w type="NEG">not</w> <w type="VB">recall</w> <w type="DTI">any</w> <w type="NN">place</w> <w type="PPS">he</w> <w type="HVD">had</w> <w type="VBN">visited</w> <w type="TO">to</w> <w type="BE">be</w> <w type="VBN">likened</w> <w type="IN">to</w> <w type="AT">the</w> <w type="JJ">limpid</w> <w type="JJ">green</w> <w type="NN">water</w> <w type="CC">or</w> <w type="AT">the</w> <w type="JJ">little</w> <w type="NNS">fountain-falls</w> <w type="CC">or</w> <w type="AT">the</w> <w type="JJ">green</w> <w type="NN">demon</w> <w type="VBN">imprisoned</w> <w type="IN">beyond</w> <w type="PPg">his</w> <w type="NN">reach</w> <c type="pct">.</c> </s>
</p>
<p><s n="87"><w type="PPS">He</w> <w type="VBD">left</w> <w type="AT">the</w> <w type="NN">pool</w> <w type="CC">and</w> <w type="VBD">climbed</w> <w type="AT">the</w> <w type="NN">steep</w> <w type="NN">stone</w> <w type="NNS">stairs</w> <w type="IN">to</w> <w type="AT">the</w> <w type="NN">temple</w> <c type="pct">,</c> <w type="CC">and</w> <w type="AT">the</w> <w type="NN">sense</w> <w type="IN">of</w> <w type="NN">familiarity</w> <w type="IN">with</w> <w type="AT">the</w> <w type="NN">place</w> <w type="MD">would</w> <w type="NEG">not</w> <w type="VB">leave</w> <w type="PPO">him</w> <c type="pct">.</c> </s>
<s n="88"><w type="IN">Into</w> <w type="AT">a</w> <w type="JJ">little</w> <w type="NN">well</w> <w type="IN">before</w> <w type="AT">the</w> <w type="NN">temple</w> <w type="PPS">he</w> <w type="VBD">dropped</w> <w type="AT">a</w> <w type="JJ">hundred-yen</w> <w type="NN">coin</w> <w type="CC">and</w> <w type="RB">then</w> <w type="PPS">he</w> <w type="HVD">had</w> <w type="AT">an</w> <w type="NN">urge</w> <w type="TO">to</w> <w type="VB">sound</w> <w type="AT">the</w> <w type="NN">bell</w> <w type="IN">before</w> <w type="AT">the</w> <w type="NN">temple</w> <c type="pct">,</c> <w type="TO">to</w> <w type="VB">take</w> <w type="NN">hold</w> <w type="IN">of</w> <w type="AT">the</w> <w type="NN">rope</w> <w type="CC">and</w> <w type="VB">crash</w> <w type="PPO">it</w> <w type="IN">against</w> <w type="AT">the</w> <w type="NN">circle</w> <w type="IN">of</w> <w type="NN">bronze</w> <c type="pct">;</c> <c type="pct">;</c> </s>
<s n="89"><w type="CC">but</w> <w type="AT">the</w> <w type="NN">spirit</w> <w type="PPS">he</w> <w type="VBD">wished</w> <w type="TO">to</w> <w type="VB">call</w> <w type="RP">out</w> <w type="MD">would</w> <w type="NEG">not</w> <c type="pct">,</c> <w type="PPS">he</w> <w type="VBD">knew</w> <c type="pct">,</c> <w type="VB">come</w> <w type="IN">in</w> <w type="AT">the</w> <w type="NN">person</w> <w type="IN">of</w> <w type="AT">the</w> <w type="NN">temple</w> <w type="NN">priest</w> <c type="pct">.</c> </s>
<s n="90"><w type="RB">Instead</w> <c type="pct">,</c> <w type="PPS">he</w> <w type="VBD">walked</w> <w type="IN">around</w> <w type="AT">the</w> <w type="NN">temple</w> <w type="CC">and</w> <w type="VBD">mounted</w> <w type="RB">still</w> <w type="DT">another</w> <w type="NN">flight</w> <w type="IN">of</w> <w type="NNS">stairs</w> <w type="CC">and</w> <w type="VBD">stood</w> <w type="IN">before</w> <w type="AT">the</w> <w type="VBN">seated</w> <w type="NP">Fudo</w> <w type="IN">at</w> <w type="PPg">their</w> <w type="NN">head</w> <c type="pct">.</c> </s>
<s n="91"><w type="AT">The</w> <w type="JJ">black</w> <w type="NP">Fudo</w> <w type="VBD">seemed</w> <w type="TO">to</w> <w type="VB">stare</w> <w type="RB">rigidly</w> <w type="RB">back</w> <w type="IN">at</w> <w type="PPO">him</w> <w type="CC">and</w> <w type="NPg">Richard's</w> <w type="NNS">eyes</w> <w type="BED">were</w> <w type="VBN">caught</w> <w type="IN">by</w> <w type="AT">the</w> <w type="NPg">Fudo's</w> <w type="IN">in</w> <w type="NN">fascination</w> <c type="pct">,</c> <w type="CC">and</w> <w type="JJ">then</w> <w type="NP">Richard</w> <w type="BEDZ">was</w> <w type="VBN">shocked</w> <w type="CS">as</w> <c type="pct">,</c> <w type="ABN">all</w> <w type="IN">at</w> <w type="RB">once</w> <c type="pct">,</c> <w type="NNS">flames</w> <w type="VBD">shot</w> <w type="RP">out</w> <w type="IN">from</w> <w type="AT">the</w> <w type="JJ">sharp</w> <w type="NNS">features</w> <w type="IN">of</w> <w type="NPg">Fudo's</w> <w type="NN">face</w> <w type="CC">and</w> <w type="EX">there</w> <w type="BEDZ">was</w> <w type="AT">a</w> <w type="JJ">terrible</w> <w type="JJ">metallic</w> <w type="VBG">scraping</w> <w type="NN">sound</w> <c type="pct">,</c> <w type="CS">as</w> <w type="CS">if</w> <w type="AT">the</w> <w type="JJ">large</w> <w type="NN">statue</w> <w type="BED">were</w> <w type="RB">about</w> <w type="TO">to</w> <w type="VB">burst</w> <w type="IN">from</w> <w type="DTI">some</w> <w type="NN">pressure</w> <w type="IN">within</w> <w type="PPO">it</w> <c type="pct">.</c> </s>
<s n="92"><w type="RB">Then</w> <w type="AT">the</w> <w type="NNS">flames</w> <w type="BED">were</w> <w type="VBN">gone</w> <c type="pct">,</c> <w type="AT">the</w> <w type="NN">stillness</w> <w type="VBD">fell</w> <w type="IN">upon</w> <w type="AT">the</w> <w type="JJ">severe</w> <w type="JJ">black</w> <w type="NN">face</w> <w type="CC">and</w> <w type="NP">Richard</w> <w type="VBD">began</w> <w type="TO">to</w> <w type="VB">tremble</w> <w type="RB">violently</w> <c type="pct">.</c> </s>
<s n="93"><w type="RB">Suddenly</w> <w type="PPS">he</w> <w type="VBD">emptied</w> <w type="PPg">his</w> <w type="NNS">pockets</w> <w type="IN">of</w> <w type="ABN">all</w> <w type="PPg">his</w> <w type="NNS">coins</w> <w type="CC">and</w> <w type="VBD">dropped</w> <w type="PPO">them</w> <w type="IN">into</w> <w type="AT">the</w> <w type="NN">box</w> <w type="IN">before</w> <w type="AT">the</w> <w type="VBN">seated</w> <w type="NP">Fudo</w> <w type="CC">and</w> <w type="VBD">hurried</w> <w type="RB">back</w> <w type="IN">down</w> <w type="ABX">both</w> <w type="NNS">stairways</w> <w type="CC">and</w> <w type="RB">away</w> <w type="IN">from</w> <w type="AT">the</w> <w type="NN">temple</w> <c type="pct">,</c> <w type="RB">never</w> <w type="VBG">looking</w> <w type="RB">back</w> <c type="pct">.</c> </s>
<s n="94"><w type="PPS">He</w> <w type="VBD">walked</w> <w type="ABN">all</w> <w type="AT">the</w> <w type="NNS">miles</w> <w type="RB">back</w> <w type="IN">to</w> <w type="PPg">his</w> <w type="NN">room</w> <c type="pct">.</c> </s>
</p>
<p><s n="95"><w type="PPS">He</w> <w type="VBD">seemed</w> <w type="TO">to</w> <w type="HV">have</w> <w type="VBN">picked</w> <w type="RP">up</w> <w type="AT">a</w> <w type="NN">virus</w> <w type="DT">that</w> <w type="NN">day</w> <c type="pct">,</c> <w type="CS">because</w> <w type="AT">the</w> <w type="AP">next</w> <w type="NN">morning</w> <w type="PPS">he</w> <w type="HVD">had</w> <w type="AT">a</w> <w type="JJ">small</w> <w type="NN">cough</w> <w type="CC">and</w> <w type="VBD">felt</w> <w type="AT">a</w> <w type="NN">bit</w> <w type="JJ">hot</w> <c type="pct">.</c> </s>
<s n="96"><w type="PPS">He</w> <w type="VBD">stayed</w> <w type="NR">home</w> <c type="pct">,</c> <w type="VBG">reading</w> <w type="CC">and</w> <w type="VBG">refusing</w> <w type="TO">to</w> <w type="VB">think</w> <w type="IN">about</w> <w type="PPg">his</w> <w type="VBG">frightening</w> <w type="NN">experience</w> <w type="IN">at</w> <w type="NP">Ryusenji</w> <c type="pct">.</c> </s>
<s n="97"><w type="CC">But</w> <w type="AT">the</w> <w type="NN">process</w> <w type="IN">of</w> <w type="VBG">refusing</w> <w type="TO">to</w> <w type="VB">think</w> <w type="IN">about</w> <w type="PPS">it</w> <w type="BEDZ">was</w> <w type="AT">an</w> <w type="JJ">active</w> <w type="NN">reminder</w> <w type="IN">in</w> <w type="PPL">itself</w> <w type="CC">and</w> <w type="PPS">he</w> <mw pos="MD *">couldn't </mw><w type="VB">rid</w> <w type="PPL">himself</w> <w type="IN">of</w> <w type="AT">a</w> <w type="NN">consciousness</w> <w type="IN">of</w> <w type="PPO">it</w> <w type="IN">throughout</w> <w type="AT">the</w> <w type="NN">day</w> <c type="pct">.</c> </s>
<s n="98"><w type="AT">The</w> <w type="NN">cold</w> <w type="VBD">lingered</w> <c type="pct">,</c> <w type="VBG">making</w> <w type="NN">sleep</w> <w type="JJ">difficult</w> <w type="DT">that</w> <w type="NN">night</w> <c type="pct">,</c> <w type="CC">and</w> <w type="PPS">he</w> <w type="VBD">remained</w> <w type="IN">in</w> <w type="NN">bed</w> <w type="RB">still</w> <w type="AT">the</w> <w type="AP">next</w> <w type="NN">morning</w> <c type="pct">,</c> <w type="RB">now</w> <w type="JJ">unable</w> <w type="TO">to</w> <w type="VB">keep</w> <w type="IN">from</w> <w type="VBG">thinking</w> <w type="IN">about</w> <w type="AT">the</w> <w type="JJ">inexplicable</w> <w type="NN">sight</w> <w type="IN">of</w> <w type="VBG">burning</w> <w type="NN">metal</w> <c type="pct">,</c> <w type="AT">the</w> <w type="JJ">wretched</w> <w type="NN">sound</w> <c type="pct">,</c> <w type="AT">the</w> <w type="JJ">unbearable</w> <w type="NN">feeling</w> <w type="IN">of</w> <w type="HVG">having</w> <w type="BEN">been</w> <w type="IN">to</w> <w type="AT">a</w> <w type="JJ">remote</w> <w type="NP">Tokyo</w> <w type="NN">temple</w> <w type="IN">at</w> <w type="DTI">some</w> <w type="JJR">earlier</w> <w type="NN">time</w> <w type="IN">in</w> <w type="PPg">his</w> <w type="NN">life</w> <c type="pct">.</c> </s>
<s n="99"><w type="ABN">All</w> <w type="IN">of</w> <w type="AT">the</w> <w type="NNS">elements</w> <w type="IN">of</w> <w type="AT">the</w> <w type="NN">experience</w> <w type="BED">were</w> <w type="JJ">impossible</w> <w type="CC">and</w> <w type="RB">yet</w> <w type="AT">the</w> <w type="NN">reality</w> <w type="IN">of</w> <w type="PPO">them</w> <w type="BEDZ">was</w> <w type="JJ">heavy</w> <w type="IN">upon</w> <w type="PPO">him</w> <w type="CC">and</w> <w type="PPS">he</w> <w type="VBD">resolved</w> <w type="RB">never</w> <w type="RB">again</w> <w type="TO">to</w> <w type="VB">visit</w> <w type="AT">the</w> <w type="NN">temple</w> <w type="IN">at</w> <w type="NP">Fudomae</w> <c type="pct">.</c> </s>
</p>
<p></p></body></text></TEI>
