<TEI xmlns="http://www.tei-c.org/ns/1.0"><teiHeader><fileDesc><titleStmt><title>Sample R02 from  Jean Mercier, Whatever You Do, Don't Panic.
 New York: Doubleday &amp; Company, Inc., 1961. Pp. 28-35.
 </title></titleStmt><editionStmt><edition>A part  of the XML version of the Brown Corpus</edition></editionStmt><extent>2,020 words 101 (5.0%) quotes 2 symbols</extent><publicationStmt><idno>R02</idno><availability><p>Used by permission of Doubleday &amp; Company, Inc. 0010-1780</p></availability></publicationStmt><sourceDesc><bibl> Jean Mercier, Whatever You Do, Don't Panic.
 New York: Doubleday &amp; Company, Inc., 1961. Pp. 28-35.
 </bibl></sourceDesc></fileDesc><encodingDesc><p/></encodingDesc><revisionDesc><change when="2008-04-27">Header auto-generated for TEI version</change></revisionDesc></teiHeader>
<text xml:id="R02" decls="R">
<body><p><s n="1"><w type="PPSS">I</w> <w type="VBD">realized</w> <w type="CS">that</w> <w type="NP">Hamlet</w> <w type="BEDZ">was</w> <w type="VBN">faced</w> <w type="IN">with</w> <w type="AT">an</w> <w type="QL">entirely</w> <w type="JJ">different</w> <w type="NN">problem</w> <c type="pct">,</c> <w type="CC">but</w> <w type="PPg">his</w> <w type="NN">agony</w> <w type="MD">could</w> <w type="HV">have</w> <w type="BEN">been</w> <w type="AT">no</w> <w type="JJR">greater</w> <c type="pct">.</c> </s>
<s n="2"><w type="AT">The</w> <w type="AP">most</w> <w type="DT">that</w> <w type="BEDZ">was</w> <w type="VBN">accomplished</w> <w type="BEDZ">was</w> <w type="VBG">adding</w> <w type="NP">Mrs.</w> <w type="NPg">Beige's</w> <w type="NN">tray</w> <w type="IN">to</w> <w type="AT">the</w> <w type="NN">dish</w> <w type="NN">pile</w> <c type="pct">,</c> <w type="CC">and</w> <w type="IN">by</w> <w type="NNS">means</w> <w type="IN">of</w> <w type="VBN">repeated</w> <w type="NNS">threats</w> <c type="pct">,</c> <w type="IN">on</w> <w type="AT">an</w> <w type="VBG">ascending</w> <w type="NN">scale</w> <c type="pct">,</c> <w type="VBG">seeing</w> <w type="CS">that</w> <w type="AT">the</w> <w type="NNS">girls</w> <w type="VBD">dressed</w> <w type="PPLS">themselves</w> <c type="pct">,</c> <w type="IN">after</w> <w type="AT">a</w> <w type="NN">fashion</w> <c type="pct">.</c> </s>
</p>
<p><s n="3"><w type="PPSS">I</w> <w type="BEDZ">was</w> <w type="VBN">saved</w> <w type="IN">from</w> <w type="VBG">making</w> <w type="AT">the</w> <w type="NN">decision</w> <w type="CS">as</w> <w type="AT">the</w> <w type="NN">phone</w> <w type="VBD">rang</w> <c type="pct">,</c> <w type="CC">and</w> <w type="AT">the</w> <w type="NNS">girls</w> <w type="BED">were</w> <w type="IN">upon</w> <w type="PPO">me</w> <w type="RB">instantly</w> <c type="pct">.</c> </s>
<s n="4"><mw pos="RB BEZ">Here's </mw><w type="AT">a</w> <w type="NN">household</w> <w type="NN">hint</w> <c type="pct">:</c> <w type="CS">if</w> <w type="PPSS">you</w> <mw pos="MD *">can't </mw><w type="VB">find</w> <w type="PPg">your</w> <w type="NNS">children</w> <c type="pct">,</c> <w type="CC">and</w> <w type="VB">get</w> <w type="VBN">tired</w> <w type="IN">of</w> <w type="VBG">calling</w> <w type="PPO">them</w> <c type="pct">,</c> <w type="VB">pick</w> <w type="RP">up</w> <w type="AT">the</w> <w type="NN">phone</w> <c type="pct">.</c> </s>
<s n="5"><w type="AT">No</w> <w type="NN">matter</w> <w type="CS">if</w> <w type="PPg">your</w> <w type="NNS">children</w> <w type="BER">are</w> <w type="IN">at</w> <w type="AT">the</w> <w type="NNS">movies</w> <c type="pct">,</c> <w type="IN">in</w> <w type="NN">school</w> <c type="pct">,</c> <w type="VBG">visiting</w> <w type="PPg">their</w> <w type="NN">grandmother</w> <c type="pct">,</c> <w type="CC">or</w> <w type="IN">on</w> <w type="AT">a</w> <w type="NN">field</w> <w type="NN">trip</w> <w type="IN">in</w> <w type="DTI">some</w> <w type="JJ">distant</w> <w type="NN">city</w> <c type="pct">,</c> <w type="PPSS">they</w> <w type="MD">will</w> <w type="BE">be</w> <w type="IN">upon</w> <w type="PPO">you</w> <w type="RB">magically</w> <w type="IN">within</w> <w type="NNS">seconds</w> <w type="CS">after</w> <w type="PPSS">you</w> <w type="VB">pick</w> <w type="RP">up</w> <w type="AT">the</w> <w type="NN">phone</w> <c type="pct">.</c> </s>
</p>
<p><s n="6"><w type="NP">Jennie</w> <w type="CC">and</w> <w type="NP">Miranda</w> <w type="VBD">twined</w> <w type="PPLS">themselves</w> <w type="IN">around</w> <w type="PPO">me</w> <c type="pct">,</c> <w type="VBG">murmuring</w> <w type="NNS">endearments</w> <c type="pct">.</c> </s>
<s n="7"><w type="NP">Louise</w> <w type="VBD">climbed</w> <w type="IN">onto</w> <w type="AT">a</w> <w type="NN">stool</w> <w type="CC">and</w> <w type="VBD">clutched</w> <w type="AT">the</w> <w type="NN">hand</w> <w type="IN">with</w> <w type="WDT">which</w> <w type="PPSS">I</w> <w type="BEDZ">was</w> <w type="VBG">trying</w> <w type="TO">to</w> <w type="VB">hold</w> <w type="AT">the</w> <w type="NN">phone</w> <c type="pct">,</c> <w type="VBG">claiming</w> <w type="PPg">my</w> <w type="JJ">immediate</w> <w type="NN">attention</w> <w type="IN">on</w> <w type="NNS">grounds</w> <w type="IN">of</w> <w type="JJ">extreme</w> <w type="NN">emergency</w> <c type="pct">.</c> </s>
<s n="8"><w type="RB">Somehow</w> <w type="VBG">managing</w> <w type="TO">to</w> <w type="VB">get</w> <w type="RP">out</w> <w type="AT">a</w> <w type="JJ">cool</w> <c type="pct">,</c> <w type="VBN">poised</w> <c type="pct">,</c> <c type="pct">``</c> <mw pos="MD *">Won't </mw><w type="PPSS">you</w> <w type="VB">hold</w> <w type="RP">on</w> <w type="AT">a</w> <w type="NN">second</w> <c type="pct">,</c> <w type="UH">please</w> <c type="pct">''</c> <c type="pct">,</c> <w type="PPSS">I</w> <w type="VBD">covered</w> <w type="RP">up</w> <w type="AT">the</w> <w type="NN">mouthpiece</w> <c type="pct">,</c> <w type="CC">and</w> <w type="IN">with</w> <w type="AP">more</w> <w type="NN">warmth</w> <w type="CC">and</w> <w type="AP">less</w> <w type="NN">poise</w> <c type="pct">,</c> <w type="VBD">gave</w> <w type="AT">a</w> <w type="JJ">quick</w> <w type="NN">lecture</w> <w type="IN">on</w> <w type="NN">crime</w> <w type="CC">and</w> <w type="NN">punishment</w> <c type="pct">,</c> <w type="RB">mostly</w> <w type="AT">the</w> <w type="AP">latter</w> <c type="pct">,</c> <w type="IN">including</w> <w type="NNg" subtype="TL">Devil's</w> <w type="NN" subtype="TL">Island</w> <w type="CC">and</w> <w type="AT">the</w> <w type="JJR">remoter</w> <w type="NNS">reaches</w> <w type="IN">of</w> <w type="NP">Siberia</w> <c type="pct">.</c> </s>
<s n="9"><w type="PPSS">I</w> <w type="VBD">promised</w> <w type="TO">to</w> <w type="VB">illustrate</w> <w type="AT">the</w> <w type="NN">lecture</w> <c type="pct">,</c> <w type="CS">if</w> <w type="PPSS">they</w> <w type="QL">so</w> <w type="AP">much</w> <w type="CS">as</w> <w type="VBD">breathed</w> <w type="CS">till</w> <w type="CS">after</w> <w type="AT">the</w> <w type="NN">call</w> <w type="BEDZ">was</w> <w type="VBN">completed</w> <c type="pct">.</c> </s>
</p>
<p><s n="10"><w type="VBG">Speaking</w> <w type="IN">into</w> <w type="AT">the</w> <w type="NN">phone</w> <w type="RB">again</w> <w type="CC">and</w> <w type="VBG">recognizing</w> <w type="AT">the</w> <w type="NN">caller</w> <c type="pct">,</c> <w type="PPSS">I</w> <w type="VBD">resumed</w> <w type="PPg">my</w> <w type="JJ">everyday</w> <w type="NN">voice</w> <c type="pct">.</c> </s>
<s n="11"><w type="RB">Soon</w> <w type="PPSS">we</w> <w type="BED">were</w> <w type="RB">deep</w> <w type="IN">in</w> <w type="AT">a</w> <w type="NN">conversation</w> <w type="WPS">that</w> <w type="BEDZ">was</w> <w type="VBN">interrupted</w> <w type="AP">many</w> <w type="NNS">times</w> <w type="IN">by</w> <w type="AP">little</w> <w type="NNS">things</w> <w type="VB">like</w> <w type="NPg">Jennie's</w> <w type="NN">holding</w> <w type="PPg">her</w> <w type="NN">breath</w> <w type="CC">and</w> <w type="VBG">pretending</w> <w type="TO">to</w> <w type="VB">black</w> <w type="RP">out</w> <c type="pct">,</c> <w type="NPg">Miranda's</w> <w type="NN">dumping</w> <w type="AT">the</w> <w type="NNS">contents</w> <w type="IN">of</w> <w type="AT">the</w> <w type="NN">sugar</w> <w type="NN">bowl</w> <w type="IN">on</w> <w type="AT">the</w> <w type="NN">table</w> <c type="pct">,</c> <w type="CC">and</w> <w type="JJ">various</w> <w type="NNS">screeches</w> <c type="pct">,</c> <w type="NNS">thuds</w> <c type="pct">,</c> <w type="CC">and</w> <w type="NNS">giggles</w> <c type="pct">.</c> </s>
<s n="12"><w type="IN">Under</w> <w type="AT">the</w> <w type="NNS">circumstances</w> <c type="pct">,</c> <w type="PPSS">I</w> <w type="HVD">had</w> <w type="NN">difficulty</w> <w type="VBG">keeping</w> <w type="RP">up</w> <w type="IN">with</w> <w type="AT">the</w> <w type="NN">conversation</w> <w type="IN">on</w> <w type="AT">the</w> <w type="NN">phone</w> <c type="pct">,</c> <w type="CC">but</w> <w type="WRB">when</w> <w type="PPSS">I</w> <w type="VBD">hung</w> <w type="RP">up</w> <w type="PPSS">I</w> <w type="BEDZ">was</w> <w type="RB">reasonably</w> <w type="JJ">certain</w> <w type="CS">that</w> <w type="NP">Francesca</w> <w type="HVD">had</w> <w type="VBN">wanted</w> <w type="TO">to</w> <w type="VB">remind</w> <w type="PPO">me</w> <w type="IN">of</w> <w type="PPg">our</w> <w type="NN">town</w> <w type="NN">meeting</w> <w type="AT">the</w> <w type="AP">next</w> <w type="NN">evening</w> <c type="pct">,</c> <w type="CC">and</w> <w type="QL">how</w> <w type="JJ">important</w> <w type="PPS">it</w> <w type="BEDZ">was</w> <w type="CS">that</w> <w type="NP">Hank</w> <w type="CC">and</w> <w type="PPSS">I</w> <w type="BE">be</w> <w type="RB">there</w> <c type="pct">.</c> </s>
</p>
<p><s n="13"><w type="PPSS">I</w> <w type="VBD">discovered</w> <w type="CS">that</w> <w type="AT">the</w> <w type="NNS">girls</w> <w type="HVD">had</w> <w type="RB">shrewdly</w> <w type="VBN">vacated</w> <w type="AT">the</w> <w type="NN">kitchen</w> <c type="pct">,</c> <w type="CC">and</w> <w type="BED">were</w> <w type="VBG">playing</w> <w type="RB">quietly</w> <w type="IN">in</w> <w type="AT">the</w> <w type="NN">living</w> <w type="NN">room</w> <c type="pct">.</c> </s>
<s n="14"><w type="PPS">It</w> <w type="VBD">seemed</w> <w type="CS">that</w> <w type="PPSS">I</w> <w type="MD">would</w> <w type="BE">be</w> <w type="AT">the</w> <w type="NN">gainer</w> <w type="CS">if</w> <w type="PPSS">I</w> <w type="VBD">accepted</w> <w type="AT">the</w> <w type="NN">peace</w> <w type="CC">and</w> <w type="NN">quiet</w> <c type="pct">,</c> <w type="RB">instead</w> <w type="IN">of</w> <w type="VBG">carrying</w> <w type="RP">out</w> <w type="PPg">my</w> <w type="NNS">threats</w> <c type="pct">.</c> </s>
</p>
<p><s n="15"><w type="VBG">Resolving</w> <w type="TO">to</w> <w type="VB">get</w> <w type="PN">something</w> <w type="VBN">done</w> <c type="pct">,</c> <w type="PPSS">I</w> <w type="VBD">started</w> <w type="RP">in</w> <w type="IN">on</w> <w type="AT">the</w> <w type="NNS">dishes</w> <c type="pct">.</c> </s>
<s n="16"><w type="RB">No</w> <c type="pct">.</c> </s>
<s n="17"><mw pos="PPSS BEM">I'm </mw><w type="NEG">not</w> <w type="VBG">saying</w> <w type="PPO">it</w> <w type="RB">right</w> <c type="pct">.</c> </s>
<s n="18"><w type="WDT">What</w> <w type="PPSS">I</w> <w type="VBD">meant</w> <w type="IN">to</w> <w type="NN">say</w> <w type="BEDZ">was</w> <w type="CS">that</w> <w type="PPSS">I</w> <w type="VBD">started</w> <w type="TO">to</w> <w type="VB">start</w> <w type="RP">in</w> <w type="IN">on</w> <w type="AT">the</w> <w type="NNS">dishes</w> <w type="IN">by</w> <w type="VBG">gathering</w> <w type="PPO">them</w> <w type="QL">all</w> <w type="RB">together</w> <w type="IN">in</w> <w type="AT">the</w> <w type="NN">kitchen</w> <w type="NN">sink</w> <c type="pct">.</c> </s>
<s n="19"><w type="PPSS">They</w> <w type="VBD">looked</w> <w type="QL">so</w> <w type="JJ">formidable</w> <c type="pct">,</c> <w type="WRB">however</w> <c type="pct">,</c> <w type="QL">so</w> <w type="VBG">demanding</w> <c type="pct">,</c> <w type="CS">that</w> <w type="PPSS">I</w> <w type="VBD">found</w> <w type="PPL">myself</w> <w type="VBG">staring</w> <w type="IN">at</w> <w type="PPO">them</w> <w type="IN">in</w> <w type="NN">dismay</w> <w type="CC">and</w> <w type="VBG">starting</w> <w type="TO">to</w> <w type="VB">woolgather</w> <w type="RB">again</w> <c type="pct">,</c> <w type="DT">this</w> <w type="NN">time</w> <w type="IN">about</w> <w type="NP">Francesca</w> <w type="CC">and</w> <w type="PPg">her</w> <w type="NN">husband</w> <c type="pct">.</c> </s>
<s n="20"><w type="WRB">How</w> <w type="IN">about</w> <w type="PPO">them</w> <c type="pct">,</c> <w type="PPSS">I</w> <w type="VBD">thought</w> <c type="pct">.</c> </s>
</p>
<p><s n="21"><w type="NP">Francesca</w> <w type="CC">and</w> <w type="NP">Herbert</w> <w type="BED">were</w> <w type="IN">among</w> <w type="AT">the</w> <w type="AP">few</w> <w type="NNS">people</w> <w type="PPSS">we</w> <w type="VBD">knew</w> <w type="IN">in</w> <w type="NP">Catatonia</w> <c type="pct">.</c> </s>
<s n="22"><w type="PPSS">We</w> <mw pos="DOD *">didn't </mw><w type="VB">even</w> <w type="VB">know</w> <w type="PPO">them</w> <w type="CS">till</w> <w type="IN">about</w> <w type="AT">a</w> <w type="NN">month</w> <w type="CS">after</w> <w type="PPSS">we</w> <w type="VBD">moved</w> <c type="pct">--</c> <w type="IN">at</w> <w type="DT">that</w> <w type="NN">time</w> <c type="pct">,</c> <w type="PPSS">they</w> <w type="HVD">had</w> <w type="VBN">called</w> <w type="IN">on</w> <w type="PPO">us</w> <c type="pct">,</c> <w type="CS">after</w> <w type="PPSS">I</w> <w type="VBD">met</w> <w type="NP">Fran</w> <w type="IN">at</w> <w type="AT">a</w> <w type="NP" subtype="TL">PTA</w> <w type="NN">meeting</w> <c type="pct">,</c> <w type="CC">and</w> <w type="HVD">had</w> <w type="VBN">taken</w> <w type="PPO">us</w> <w type="IN">in</w> <w type="NN">hand</w> <w type="RB">socially</w> <c type="pct">.</c> </s>
<s n="23"><w type="PPSS">They</w> <w type="HVD">had</w> <w type="BEN">been</w> <w type="JJ">kind</w> <w type="IN">to</w> <w type="PPO">us</w> <w type="CC">and</w> <w type="PPSS">we</w> <w type="BED">were</w> <w type="JJ">indebted</w> <w type="IN">to</w> <w type="PPO">them</w> <w type="IN">for</w> <w type="CD">one</w> <w type="CC">or</w> <w type="CD">two</w> <w type="JJ">pleasant</w> <w type="NNS">dinners</w> <c type="pct">,</c> <w type="CC">and</w> <w type="IN">for</w> <w type="NN">information</w> <w type="IN">as</w> <w type="IN">to</w> <w type="WRB">where</w> <w type="TO">to</w> <w type="VB">shop</w> <c type="pct">,</c> <w type="WDT">which</w> <w type="NN">dentist</w> <c type="pct">,</c> <w type="NN">doctor</w> <c type="pct">,</c> <w type="NN">plumber</w> <c type="pct">,</c> <w type="CC">and</w> <w type="NN">sitter</w> <w type="TO">to</w> <w type="VB">call</w> <c type="pct">(</c> <w type="NEG">not</w> <w type="CS">that</w> <w type="EX">there</w> <w type="BEDZ">was</w> <w type="AP">much</w> <w type="IN">of</w> <w type="AT">a</w> <w type="NN">choice</w> <c type="pct">,</c> <w type="CS">since</w> <w type="NP">Catatonia</w> <w type="BEDZ">was</w> <w type="RB">just</w> <w type="AT">a</w> <w type="NN">village</w> <c type="pct">;</c> <c type="pct">;</c> </s>
<s n="24"><w type="AT">the</w> <w type="JJ">yellow</w> <w type="NNS">pages</w> <w type="IN">of</w> <w type="AT">the</w> <w type="NN">telephone</w> <w type="NN">book</w> <w type="BED">were</w> <w type="RB">amazingly</w> <w type="JJ">thin</w> <c type="pct">)</c> <c type="pct">.</c> </s>
</p>
<p><s n="25"><w type="PPSS">They</w> <w type="BED">were</w> <c type="pct">``</c> <w type="NNS">personalities</w> <c type="pct">''</c> <c type="pct">.</c> </s>
<s n="26"><w type="NP">Herb</w> <c type="pct">,</c> <w type="AT">an</w> <w type="NN">expert</w> <w type="IN">on</w> <w type="JJ">narrow</w> <w type="NNS">ties</w> <c type="pct">,</c> <w type="JJ">thin</w> <w type="NNS">lapels</w> <c type="pct">,</c> <w type="CC">and</w> <w type="NNS">swatches</w> <c type="pct">,</c> <w type="BEDZ">was</w> <w type="NNSg">men's</w> <w type="NN">fashion</w> <w type="NN">editor</w> <w type="IN">of</w> <w type="NP">Parvenu</w> <c type="pct">,</c> <w type="AT">the</w> <w type="JJ">weekly</w> <w type="NN">magazine</w> <w type="IN">with</w> <w type="AT">the</w> <w type="JJ">tremendous</w> <w type="NN">circulation</w> <c type="pct">.</c> </s>
<s n="27"><w type="NP">Fran</w> <w type="CC">and</w> <w type="PPS">he</w> <w type="HVD">had</w> <w type="VBN">met</w> <w type="IN">about</w> <w type="CD">two</w> <w type="NNS">years</w> <w type="CS">after</w> <w type="PPS">she</w> <w type="HVD">had</w> <w type="VBN">arrived</w> <w type="IN">in</w> <w type="NP">Manhattan</w> <w type="IN">from</w> <w type="NP">Nebraska</w> <c type="pct">,</c> <w type="CC">or</w> <w type="BEDZ">was</w> <w type="PPS">it</w> <w type="NP">Wyoming</w> <c type="pct">?</c> <c type="pct">?</c> </s>
<s n="28"><w type="PPS">She</w> <w type="BEDZ">was</w> <w type="AT">the</w> <w type="NN">daughter</w> <w type="CC">and</w> <w type="JJ">sole</w> <w type="NN">heiress</w> <w type="IN">of</w> <w type="CC">either</w> <w type="AT">a</w> <w type="NNS">cattle</w> <w type="NN">baron</w> <w type="CC">or</w> <w type="AT">an</w> <w type="NN">oil</w> <w type="NN">millionaire</w> <w type="CC">and</w> <c type="pct">,</c> <w type="HVG">having</w> <w type="VBN">arrived</w> <w type="IN">in</w> <w type="JJ" subtype="TL">New</w> <w type="NP" subtype="TL">York</w> <w type="IN">with</w> <w type="AT">a</w> <w type="JJ">big</w> <w type="NN">bank</w> <w type="NN">roll</w> <c type="pct">,</c> <w type="VBD">became</w> <w type="AT">a</w> <w type="NN">dabbler</w> <w type="IN">in</w> <w type="JJ">various</w> <w type="NNS">fields</w> <c type="pct">.</c> </s>
<s n="29"><w type="PPS">She</w> <w type="VBD">patronized</w> <w type="NP" subtype="TL">Greenwich</w> <w type="NN" subtype="TL">Village</w> <w type="NNS">artists</w> <w type="IN">for</w> <w type="RB">awhile</w> <c type="pct">,</c> <w type="RB">then</w> <w type="VBD">put</w> <w type="DTI">some</w> <w type="NN">money</w> <w type="IN">into</w> <w type="AT">a</w> <w type="NP">Broadway</w> <w type="NN">show</w> <w type="WDT">which</w> <w type="BEDZ">was</w> <w type="JJ">successful</w> <c type="pct">(</c> <w type="JJ">terrible</w> <c type="pct">,</c> <w type="CC">but</w> <w type="JJ">successful</w> <c type="pct">)</c> <c type="pct">.</c> </s>
<s n="30"><w type="PPS">It</w> <w type="BEDZ">was</w> <w type="IN">during</w> <w type="PPg">her</w> <c type="pct">``</c> <w type="VBG">writing</w> <c type="pct">''</c> <w type="NN">period</w> <w type="CS">that</w> <w type="PPS">she</w> <w type="CC">and</w> <w type="NP">Herb</w> <w type="VBD">met</w> <w type="CC">and</w> <w type="VBD">decided</w> <w type="CS">that</w> <w type="PPSS">they</w> <w type="BED">were</w> <w type="IN">in</w> <w type="NN">love</w> <c type="pct">.</c> </s>
<s n="31"><w type="PPSS">They</w> <w type="BED">were</w> <w type="VBN">married</w> <w type="IN">at</w> <w type="AT">a</w> <w type="JJ">lavish</w> <w type="NN">ceremony</w> <w type="WDT">which</w> <w type="BEDZ">was</w> <w type="RB">duly</w> <w type="VBN">recorded</w> <w type="IN">in</w> <w type="NP">Parvenu</w> <w type="CC">and</w> <w type="ABN">all</w> <w type="AP">other</w> <w type="NNS">magazines</w> <w type="CC">and</w> <w type="NNS">newspapers</w> <c type="pct">,</c> <w type="CC">and</w> <w type="RB">then</w> <w type="PPSS">they</w> <w type="VBD">honeymooned</w> <w type="IN">in</w> <w type="NP">Bermuda</w> <c type="pct">.</c> </s>
<s n="32"><w type="RB">No</w> <c type="pct">,</c> <w type="NEG">not</w> <w type="NP">Bermuda</w> <c type="pct">.</c> </s>
<s n="33"><w type="NP">Bermuda</w> <w type="BEDZ">was</w> <w type="NEG">not</w> <w type="IN">in</w> <w type="NN">style</w> <w type="DT">that</w> <w type="NN">year</w> <c type="pct">.</c> </s>
<s n="34"><w type="PPSS">They</w> <w type="HVD">had</w> <w type="VBN">honeymooned</w> <w type="IN">in</w> <w type="NP">Rome</w> <c type="pct">;</c> <c type="pct">;</c> </s>
<s n="35"><w type="PN">everyone</w> <w type="BEDZ">was</w> <w type="QL">very</w> <w type="JJ">high</w> <w type="IN">on</w> <w type="NP">Rome</w> <w type="DT">that</w> <w type="NN">year</w> <c type="pct">.</c> </s>
</p>
<p><s n="36"><w type="PPSS">They</w> <w type="HVD">had</w> <w type="VBN">bought</w> <w type="PPg">their</w> <w type="NN">house</w> <w type="IN">in</w> <w type="NP">Catatonia</w> <w type="CS">after</w> <w type="VBG">investigating</w> <w type="ABN">all</w> <w type="AT">the</w> <w type="NNS">regions</w> <w type="IN">of</w> <w type="NN">suburbia</w> <w type="VBG">surrounding</w> <w type="JJ" subtype="TL">New</w> <w type="NP" subtype="TL">York</w> <c type="pct">;</c> <c type="pct">;</c> </s>
<s n="37"><w type="PPSS">they</w> <w type="HVD">had</w> <w type="VBN">chosen</w> <w type="NP">Catatonia</w> <w type="CS">because</w> <w type="IN">of</w> <w type="PPg">its</w> <w type="NN">reputation</w> <w type="IN">for</w> <w type="JJ">excellent</w> <w type="NNS">schools</w> <c type="pct">,</c> <w type="NNS">beaches</w> <c type="pct">,</c> <w type="CC">and</w> <w type="NN">abundance</w> <w type="IN">of</w> <w type="NNS">names</w> <c type="pct">.</c> </s>
</p>
<p><s n="38"><c type="pct">``</c> <w type="PPSS">You</w> <w type="BER">are</w> <w type="VBN">bound</w> <w type="TO">to</w> <w type="VB">get</w> <w type="VBN">involved</w> <w type="IN">with</w> <w type="NNS">people</w> <w type="WRB">when</w> <w type="PPSS">you</w> <w type="HV">have</w> <w type="NNS">children</w> <c type="pct">''</c> <c type="pct">,</c> <w type="NP">Fran</w> <w type="HVD">had</w> <w type="VBN">told</w> <w type="PPO">me</w> <w type="IN">at</w> <w type="PPg">our</w> <w type="OD">first</w> <w type="NN">meeting</w> <c type="pct">,</c> <c type="pct">``</c> <w type="CS">so</w> <w type="PPS">it</w> <w type="BEZ">is</w> <w type="JJ">good</w> <w type="TO">to</w> <w type="VB">know</w> <w type="CS">that</w> <w type="DTS">those</w> <w type="IN">with</w> <w type="WPO">whom</w> <w type="PPSS">you</w> <w type="VB">get</w> <w type="VBN">involved</w> <w type="BER">are</w> <w type="NEG">not</w> <w type="RB">just</w> <w type="JJ">dreary</w> <w type="AP">little</w> <w type="NNS">housewives</w> <w type="CC">and</w> <w type="JJ">dull</w> <w type="NNS">husbands</w> <c type="pct">,</c> <w type="CC">but</w> <w type="NNS" subtype="TL">People</w> <w type="WPS" subtype="TL">Who</w> <w type="DO" subtype="TL">Do</w> <w type="NNS" subtype="TL">Things</w> <c type="pct">''</c> <c type="pct">.</c> </s>
</p>
<p><s n="39"><w type="PPSS">I</w> <w type="VBD">admired</w> <w type="PPg">their</w> <w type="JJ">easy</w> <w type="NN">way</w> <w type="IN">of</w> <w type="VBG">doing</w> <w type="NNS">things</w> <w type="CC">but</w> <w type="PPSS">I</w> <mw pos="MD *">couldn't </mw><w type="VB">escape</w> <w type="AT">an</w> <w type="NN">uneasiness</w> <w type="IN">at</w> <w type="PPg">their</w> <w type="NN">way</w> <w type="IN">of</w> <w type="RB">always</w> <w type="VBG">doing</w> <w type="AT">the</w> <w type="JJ">right</w> <w type="NNS">things</w> <c type="pct">.</c> </s>
<s n="40"><w type="PPg">Their</w> <w type="NN">house</w> <w type="BEDZ">was</w> <w type="AT">a</w> <w type="JJ">centuries-old</w> <w type="JJ" subtype="TL">Colonial</w> <w type="WDT">which</w> <w type="PPSS">they</w> <w type="HVD">had</w> <w type="HVN">had</w> <w type="VBN">restored</w> <c type="pct">(</c> <w type="VBN">guided</w> <w type="IN">by</w> <w type="AT">an</w> <w type="JJ">eminent</w> <w type="NN">architect</w> <c type="pct">)</c> <w type="CC">and</w> <w type="VBN">updated</w> <c type="pct">,</c> <w type="CC">and</w> <w type="VBN">added</w> <w type="RP">on</w> <w type="IN">to</w> <c type="pct">.</c> </s>
<s n="41"><w type="PPS">It</w> <w type="HVD">had</w> <w type="AT">a</w> <w type="NNg">gourmet's</w> <w type="NN">corner</w> <c type="pct">(</c> <w type="RB">instead</w> <w type="IN">of</w> <w type="AT">a</w> <w type="NN">kitchen</w> <c type="pct">)</c> <c type="pct">,</c> <w type="AT">a</w> <w type="NN">breakfast</w> <w type="NN">room</w> <c type="pct">,</c> <w type="AT">a</w> <w type="NN">luncheon</w> <w type="NN">room</w> <c type="pct">,</c> <w type="AT">a</w> <w type="VBG">dining</w> <w type="NN">room</w> <c type="pct">,</c> <w type="AT">a</w> <w type="VBG">sitting</w> <w type="NN">room</w> <c type="pct">,</c> <w type="AT">a</w> <w type="NN">room</w> <w type="IN">for</w> <w type="VBG">standing</w> <w type="RP">up</w> <c type="pct">,</c> <w type="AT">a</w> <w type="NN">party</w> <w type="NN">room</w> <c type="pct">,</c> <w type="VBG">dressing</w> <w type="NNS">rooms</w> <w type="IN">for</w> <w type="PN">everybody</w> <c type="pct">,</c> <w type="RB">even</w> <w type="AT">a</w> <w type="NN">room</w> <w type="IN">for</w> <w type="NN">mud</w> <c type="pct">.</c> </s>
<s n="42"><w type="PPS">It</w> <w type="BEDZ">was</w> <w type="ABN">all</w> <w type="VBN">set</w> <w type="RP">up</w> <w type="CS">so</w> <w type="EX">there</w> <w type="MD">would</w> <w type="BE">be</w> <w type="AT">no</w> <w type="NN">dust</w> <w type="RB">anywhere</w> <w type="CC">and</w> <w type="CS">so</w> <w type="CS">that</w> <w type="PPg">their</w> <w type="NNS">children</w> <w type="MD">would</w> <w type="VB">color</w> <w type="IN">in</w> <w type="AT">the</w> <w type="VBG">coloring</w> <w type="NN">room</w> <c type="pct">,</c> <w type="VB">paint</w> <w type="IN">in</w> <w type="AT">the</w> <w type="VBG">painting</w> <w type="NN">room</w> <c type="pct">,</c> <w type="VB">play</w> <w type="IN">with</w> <w type="NNS">blocks</w> <w type="IN">in</w> <w type="AT">the</w> <w type="NN">block</w> <w type="NN">house</w> <c type="pct">,</c> <w type="CC">and</w> <w type="DO">do</w> <w type="ABN">all</w> <w type="AT">the</w> <w type="AP">other</w> <w type="NNS">things</w> <w type="IN">in</w> <w type="AT">the</w> <w type="JJ">proper</w> <w type="NNS">rooms</w> <w type="IN">at</w> <w type="RB">exactly</w> <w type="AT">the</w> <w type="JJ">right</w> <w type="NN">time</w> <c type="pct">.</c> </s>
<s n="43"><w type="PPg">Their</w> <w type="CD">two</w> <w type="NNS">boys</w> <w type="BED">were</w> <c type="pct">``</c> <w type="RB">well</w> <w type="VBN">adjusted</w> <c type="pct">''</c> <w type="CC">and</w> <c type="pct">,</c> <w type="CS">like</w> <w type="PPg">their</w> <w type="NNS">parents</w> <c type="pct">,</c> <w type="RB">always</w> <w type="DOD">did</w> <w type="AT">the</w> <w type="JJ">right</w> <w type="NN">thing</w> <w type="IN">at</w> <w type="AT">the</w> <w type="JJ">right</w> <w type="NN">time</w> <w type="CC">and</w> <w type="VB">damn</w> <w type="AT">the</w> <w type="NNS">consequences</w> <c type="pct">.</c> </s>
</p>
<p><s n="44"><w type="NP">Francesca</w> <w type="CC">and</w> <w type="NP">Herbert</w> <w type="VBD">considered</w> <w type="PPLS">themselves</w> <w type="RB">violently</w> <w type="NN">nonconformist</w> <w type="CC">and</w> <w type="VBD">showed</w> <w type="AT">the</w> <w type="NN">world</w> <w type="PPSS">they</w> <w type="BED">were</w> <w type="IN">by</w> <w type="VBG">filling</w> <w type="PPg">their</w> <w type="JJ" subtype="TL">Colonial</w> <w type="NN">house</w> <w type="IN">with</w> <w type="JJ">contemporary</w> <w type="NN">furniture</w> <w type="CC">and</w> <w type="NNS">paintings</w> <w type="CC">and</w> <w type="AP">other</w> <w type="NN">art</w> <w type="NNS">objects</w> <c type="pct">(</c> <w type="JJ">expensive</w> <c type="pct">,</c> <w type="CC">but</w> <w type="NEG">not</w> <w type="RB">necessarily</w> <w type="JJ">valuable</w> <c type="pct">,</c> <w type="JJ">contemporary</w> <w type="NNS">things</w> <c type="pct">)</c> <c type="pct">.</c> </s>
<s n="45"><w type="NP">Fran</w> <w type="VBD">flaunted</w> <w type="PPg">her</w> <w type="NN">independence</w> <w type="IN">by</w> <w type="VBG">rebelling</w> <w type="IN">against</w> <w type="AT">the</w> <w type="NP">Catatonia</w> <w type="NN">uniform</w> <w type="IN">of</w> <w type="NP">Bermuda</w> <w type="NNS">shorts</w> <w type="CC">and</w> <w type="JJ">knee-length</w> <w type="NNS">socks</w> <w type="IN">by</w> <w type="VBG">wearing</w> <w type="NP">Bermuda</w> <w type="NNS">shorts</w> <w type="CC">and</w> <w type="JJ">knee-length</w> <w type="NNS">socks</w> <w type="IN">in</w> <w type="NNS">colors</w> <c type="pct">;</c> <c type="pct">;</c> </s>
<s n="46"><w type="JJ">bright</w> <w type="NNS">pinks</w> <w type="CC">and</w> <w type="NNS">plaids</w> <w type="CC">and</w> <w type="JJ">vivid</w> <w type="NNS">stripes</w> <c type="pct">.</c> </s>
<s n="47"><w type="RB">Sometimes</w> <w type="PPS">she</w> <w type="RB">even</w> <w type="VBD">wore</w> <w type="AT">the</w> <w type="NN">uniform</w> <w type="IN">in</w> <w type="JJ">solid</w> <c type="pct">,</c> <w type="JJ">unrelieved</w> <w type="JJ">black</w> <c type="pct">,</c> <w type="CC">and</w> <w type="IN">with</w> <w type="PPg">her</w> <w type="JJ">blonde</w> <w type="NN">hair</w> <w type="VBN">cut</w> <w type="QL">so</w> <w type="RB">closely</w> <c type="pct">,</c> <w type="VBG">wearing</w> <w type="DT">this</w> <w type="NN">uniform</w> <c type="pct">,</c> <w type="PPS">she</w> <w type="RB">strongly</w> <w type="VBD">resembled</w> <w type="AT">a</w> <w type="NN">member</w> <w type="IN">of</w> <w type="AT">the</w> <w type="NP">SS.</w> <c type="pct">.</c> </s>
</p>
<p><s n="48"><w type="AT">No</w> <w type="PN">one</w> <w type="MD">could</w> <w type="VB">dislike</w> <w type="PPO">them</w> <c type="pct">,</c> <w type="PPSS">I</w> <w type="VBD">thought</w> <c type="pct">.</c> </s>
<s n="49"><w type="RB">Sometimes</w> <c type="pct">,</c> <w type="RB">though</w> <c type="pct">,</c> <w type="PPSS">they</w> <w type="DOD">did</w> <w type="NEG">not</w> <w type="VB">seem</w> <w type="QL">quite</w> <w type="JJ">human</w> <c type="pct">.</c> </s>
<s n="50"><w type="PPS">It</w> <w type="VBD">seemed</w> <c type="pct">,</c> <w type="RB">indeed</w> <c type="pct">,</c> <w type="CS">that</w> <w type="PPg">their</w> <w type="NN">house</w> <w type="BEDZ">was</w> <w type="NEG">not</w> <w type="QL">so</w> <w type="RB">much</w> <w type="AT">a</w> <w type="NR">home</w> <c type="pct">,</c> <w type="CC">but</w> <w type="ABL">rather</w> <w type="AT">a</w> <w type="JJ">perfect</w> <w type="NN">stage</w> <w type="NN">set</w> <c type="pct">,</c> <w type="CC">and</w> <w type="CS">that</w> <w type="PPSS">they</w> <w type="BED">were</w> <w type="NNS">actors</w> <w type="WPS">who</w> <w type="HVD">had</w> <w type="BEN">been</w> <w type="VBN">handed</w> <w type="JJ">fat</w> <w type="NNS">roles</w> <w type="IN">in</w> <w type="AT">a</w> <w type="JJ">successful</w> <w type="NN">play</w> <c type="pct">,</c> <w type="CC">and</w> <w type="HVD">had</w> <w type="NN">talent</w> <w type="QLP">enough</w> <w type="TO">to</w> <w type="VB">fill</w> <w type="AT">the</w> <w type="NNS">roles</w> <w type="RB">competently</w> <c type="pct">,</c> <w type="IN">with</w> <w type="JJ">nice</w> <w type="NN">understatement</w> <c type="pct">.</c> </s>
<s n="51"><w type="RB">Practically</w> <w type="AT">the</w> <w type="AP">only</w> <w type="NN">enthusiasm</w> <w type="PPSS">they</w> <w type="VBD">showed</w> <w type="BEDZ">was</w> <w type="WRB">when</w> <w type="PPSS">they</w> <w type="BED">were</w> <w type="VBG">discussing</w> <c type="pct">``</c> <w type="NNS">names</w> <c type="pct">''</c> <c type="pct">;</c> <c type="pct">;</c> </s>
<s n="52"><w type="RB">even</w> <w type="NN">brand</w> <w type="NNS">names</w> <c type="pct">.</c> </s>
<s n="53"><w type="PPSS">You</w> <w type="MD">should</w> <w type="VB">hear</w> <w type="AT">the</w> <w type="NN">reverence</w> <w type="IN">in</w> <w type="NPg">Fran's</w> <w type="NN">voice</w> <w type="WRB">when</w> <w type="PPS">she</w> <w type="VBD">said</w> <c type="pct">``</c> <w type="NP">Baccarat</w> <c type="pct">''</c> <w type="CC">or</w> <c type="pct">``</c> <w type="NP">Steuben</w> <c type="pct">''</c> <w type="CC">or</w> <c type="pct">``</c> <w type="NP">Madame</w> <w type="NP">Alexander</w> <c type="pct">''</c> <c type="pct">.</c> </s>
<s n="54"><w type="PPS">She</w> <w type="RB">always</w> <w type="VBD">let</w> <w type="PPS">it</w> <w type="BE">be</w> <w type="VBN">known</w> <w type="CS">that</w> <w type="EX">there</w> <w type="BEDZ">was</w> <w type="NN">wine</w> <w type="IN">in</w> <w type="AT">the</w> <w type="NN">pot</w> <w type="NN">roast</w> <w type="CC">or</w> <w type="CS">that</w> <w type="AT">the</w> <w type="NN">chicken</w> <w type="HVD">had</w> <w type="BEN">been</w> <w type="VBN">marinated</w> <w type="IN">in</w> <w type="NN">brandy</w> <c type="pct">,</c> <w type="CC">and</w> <w type="CS">that</w> <w type="NPg">Koussevitzky's</w> <w type="OD">second</w> <w type="NN">cousin</w> <w type="BEDZ">was</w> <w type="AT">an</w> <w type="NN">intimate</w> <w type="IN">of</w> <w type="PPgg">theirs</w> <c type="pct">.</c> </s>
</p>
<p><s n="55"><w type="PPSS">I</w> <mw pos="MD *">wouldn't </mw><w type="HV">have</w> <w type="VBN">wasted</w> <w type="NN">time</w> <w type="VBG">puzzling</w> <w type="IN">over</w> <w type="DT">this</w> <w type="NN">couple</w> <w type="BED">were</w> <w type="PPS">it</w> <w type="NEG">not</w> <w type="IN">for</w> <w type="PPg">my</w> <w type="NN">fear</w> <w type="CS">that</w> <w type="ABN">all</w> <w type="AT">the</w> <w type="AP">other</w> <w type="NNS">inhabitants</w> <w type="IN">of</w> <w type="NP">Catatonia</w> <w type="BED">were</w> <w type="QL">equally</w> <w type="JJ">unreal</w> <c type="pct">.</c> </s>
<s n="56"><w type="PPSS">I</w> <mw pos="MD *">couldn't </mw><w type="VB">feel</w> <w type="IN">at</w> <w type="NR">home</w> <w type="IN">among</w> <w type="PPO">them</w> <c type="pct">.</c> </s>
<s n="57"><w type="IN">Besides</w> <w type="NP">Francesca</w> <c type="pct">,</c> <w type="EX">there</w> <w type="BEDZ">was</w> <w type="NP">Blanche</w> <c type="pct">.</c> </s>
<s n="58"><w type="NP">Francesca</w> <w type="BEDZ">was</w> <w type="JJ">pleasant</w> <w type="CC">and</w> <w type="JJ">charming</w> <c type="pct">,</c> <w type="CC">but</w> <w type="NP">Blanche</w> <w type="BEDZ">was</w> <w type="JJ">sweet</w> <c type="pct">.</c> </s>
<s n="59"><w type="RB">Yes</w> <c type="pct">,</c> <w type="NP">Blanche</w> <w type="BEDZ">was</w> <w type="QL">very</w> <c type="pct">,</c> <w type="QL">very</w> <w type="JJ">sweet</w> <c type="pct">--</c> <w type="BEG">being</w> <w type="IN">in</w> <w type="PPg">her</w> <w type="NN">company</w> <w type="BEDZ">was</w> <w type="CS">like</w> <w type="BEG">being</w> <w type="VBN">drowned</w> <w type="IN">in</w> <w type="JJ">warm</w> <c type="pct">,</c> <w type="VBN">melted</w> <w type="NNS">marshmallows</w> <c type="pct">.</c> </s>
<s n="60"><w type="PPSS">I</w> <w type="HVD">had</w> <w type="RB">once</w> <w type="BEN">been</w> <w type="AT">a</w> <w type="NN">witness</w> <w type="WRB">when</w> <w type="NP">Blanche</w> <w type="HVD">had</w> <w type="VBN">smiled</w> <w type="CC">and</w> <w type="VBD">said</w> <w type="IN">with</w> <w type="AP">only</w> <w type="JJ">minimum</w> <w type="NN">ruefulness</w> <c type="pct">,</c> <c type="pct">``</c> <w type="UH">Oh</w> <c type="pct">,</c> <w type="PPg">my</w> <w type="NN">souffle</w> <w type="HVZ">has</w> <w type="VBN">collapsed</w> <c type="pct">''</c> <c type="pct">.</c> </s>
<s n="61"><w type="PN">Anyone</w> <w type="VBZ">knows</w> <w type="WRB">how</w> <w type="AT">a</w> <w type="JJ">real</w> <c type="pct">,</c> <w type="JJ">red-blooded</w> <w type="NN">woman</w> <w type="MD">would</w> <w type="VB">react</w> <w type="IN">to</w> <w type="ABL">such</w> <w type="AT">a</w> <w type="NN">catastrophe</w> <c type="pct">!</c> <c type="pct">!</c> </s>
<s n="62"><w type="CS">If</w> <w type="NP">Blanche</w> <w type="HVD">had</w> <w type="BEN">been</w> <w type="JJ">honest</w> <c type="pct">,</c> <w type="PPS">she</w> <w type="MD">would</w> <w type="HV">have</w> <w type="VBN">yelled</w> <c type="pct">,</c> <w type="VBN">slammed</w> <w type="IN">at</w> <w type="AP">least</w> <w type="AT">a</w> <w type="NN">couple</w> <w type="IN">of</w> <w type="NNS">doors</w> <c type="pct">,</c> <w type="CC">and</w> <w type="VBN">thrown</w> <w type="AT">a</w> <w type="AP">few</w> <w type="AP">little</w> <c type="pct">,</c> <w type="JJ">valueless</w> <w type="NNS">things</w> <c type="pct">.</c> </s>
<s n="63"><w type="CC">But</w> <w type="JJ">dear</w> <w type="PPO">me</w> <c type="pct">,</c> <w type="RB">no</w> <c type="pct">;</c> <c type="pct">;</c> </s>
<s n="64"><w type="NEG">not</w> <w type="NP">Blanche</w> <c type="pct">.</c> </s>
</p>
<p><s n="65"><w type="IN">After</w> <w type="CD">five</w> <w type="NNS">minutes</w> <w type="IN">with</w> <w type="NP">Blanche</w> <c type="pct">,</c> <w type="PN">one</w> <w type="MD">might</w> <w type="VB">welcome</w> <w type="AT">the</w> <w type="NN">astringency</w> <w type="IN">of</w> <w type="NP">Grazie</w> <c type="pct">,</c> <w type="WPS">who</w> <w type="BEDZ">was</w> <w type="AT">a</w> <w type="NN">sort</w> <w type="IN">of</w> <w type="NP">Gwen</w> <w type="NP">Cafritz</w> <w type="IN">to</w> <w type="NPg">Francesca's</w> <w type="NP">Perle</w> <w type="NP">Mesta</w> <c type="pct">.</c> </s>
<s n="66"><w type="NP">Francesca</w> <w type="CC">and</w> <w type="NP">Grazie</w> <w type="BED">were</w> <w type="JJ">habitual</w> <w type="NN">committee</w> <w type="NNS">chairmen</w> <w type="CC">and</w> <w type="PPSS">they</w> <w type="RB">usually</w> <w type="VBD">managed</w> <w type="TO">to</w> <w type="BE">be</w> <w type="VBN">elected</w> <w type="NNS">co-chairmen</w> <c type="pct">,</c> <w type="JJ">equal</w> <w type="NNS">bosses</w> <c type="pct">,</c> <w type="IN">of</w> <w type="WDT">whatever</w> <w type="NP" subtype="TL">PTA</w> <w type="CC">or</w> <w type="JJ">civic</w> <w type="NN">project</w> <w type="BEDZ">was</w> <w type="BEG">being</w> <w type="VBN">launched</w> <c type="pct">.</c> </s>
<s n="67"><w type="PPSS">They</w> <w type="BED">were</w> <w type="JJ">inseparable</w> <c type="pct">,</c> <w type="NEG">not</w> <w type="CS">because</w> <w type="PPSS">they</w> <w type="BED">were</w> <w type="JJ">fond</w> <w type="IN">of</w> <w type="DT">each</w> <w type="AP">other</w> <c type="pct">,</c> <w type="CC">but</w> <w type="CS">because</w> <w type="PPSS">they</w> <w type="VBD">wanted</w> <w type="TO">to</w> <w type="VB">keep</w> <w type="AT">an</w> <w type="NN">eye</w> <w type="IN">on</w> <w type="DT">each</w> <w type="AP">other</w> <c type="pct">,</c> <w type="CS">as</w> <w type="PPSS">they</w> <w type="BED">were</w> <w type="JJ">keen</w> <w type="NNS">rivals</w> <w type="IN">for</w> <w type="JJ">social</w> <w type="NN">leadership</w> <c type="pct">.</c> </s>
<s n="68"><w type="NP">Grazie</w> <w type="BEDZ">was</w> <w type="JJ">mean</w> <c type="pct">:</c> <w type="RB">quietly</w> <w type="JJ">mean</w> <c type="pct">,</c> <w type="CC">and</w> <w type="RB">bitterly</w> <c type="pct">,</c> <w type="RB">unfunnily</w> <w type="JJ">sarcastic</w> <c type="pct">.</c> </s>
<s n="69"><w type="PPS">She</w> <w type="PPS">it</w> <w type="BEDZ">was</w> <w type="WPS">who</w> <w type="HVD">had</w> <w type="VBN">looked</w> <w type="TO">to</w> <w type="VB">see</w> <w type="CS">if</w> <w type="PPSS">I</w> <w type="BEDZ">was</w> <w type="VBG">wearing</w> <w type="NNS">shoes</w> <w type="IN">upon</w> <w type="VBG">learning</w> <w type="CS">that</w> <w type="PPSS">I</w> <mw pos="MD *">couldn't </mw><w type="VB">drive</w> <c type="pct">.</c> </s>
<s n="70"><w type="NP">Grazie</w> <w type="HVD">had</w> <w type="AT">a</w> <w type="JJ">small</w> <c type="pct">,</c> <w type="JJ">slick</w> <w type="NN">head</w> <w type="CC">and</w> <w type="PPg">her</w> <w type="NN">hair</w> <w type="CC">and</w> <w type="NN">skin</w> <w type="BED">were</w> <w type="AT">the</w> <w type="NN">color</w> <w type="IN">of</w> <w type="JJ">golden</w> <w type="NN">toast</w> <c type="pct">.</c> </s>
<s n="71"><w type="PPS">She</w> <w type="VBD">lived</w> <w type="IN">in</w> <w type="AT">an</w> <w type="JJ">ultra-modern</w> <w type="NN">house</w> <w type="WPg">whose</w> <w type="NN">decoration</w> <c type="pct">,</c> <w type="NNS">appointments</w> <c type="pct">,</c> <w type="NN">paint</w> <c type="pct">,</c> <w type="CC">and</w> <w type="RB">even</w> <w type="NNS">pets</w> <w type="BED">were</w> <w type="VBN">chosen</w> <w type="TO">to</w> <w type="VB">complement</w> <w type="PPg">her</w> <w type="NN">coloring</w> <c type="pct">;</c> <c type="pct">;</c> </s>
<s n="72"><w type="AT">the</w> <w type="NNS">pets</w> <w type="BED">were</w> <w type="AT">a</w> <w type="NN">couple</w> <w type="IN">of</w> <w type="JJ">Siamese</w> <w type="NNS">cats</w> <c type="pct">.</c> </s>
<s n="73"><w type="PPg">Her</w> <w type="NN">uniform</w> <w type="BEDZ">was</w> <w type="IN">of</w> <w type="JJ">rich</w> <c type="pct">,</c> <w type="JJ">raw</w> <w type="NN">silk</w> <c type="pct">,</c> <w type="IN">in</w> <w type="AT">a</w> <w type="NN">shade</w> <w type="WDT">which</w> <w type="VBD">matched</w> <w type="PPg">her</w> <w type="NN">hair</w> <c type="pct">,</c> <w type="NN">skin</w> <c type="pct">,</c> <w type="NN">housepaint</w> <c type="pct">,</c> <w type="CC">and</w> <w type="NNS">cats</w> <c type="pct">,</c> <w type="CC">and</w> <w type="CS">since</w> <w type="PPS">she</w> <w type="BEDZ">was</w> <w type="QL">so</w> <w type="JJ">thin</w> <w type="CS">as</w> <w type="TO">to</w> <w type="BE">be</w> <w type="QL">almost</w> <w type="JJ">shapeless</w> <c type="pct">,</c> <w type="PPS">she</w> <w type="RB">rather</w> <w type="VBD">resembled</w> <w type="AT">a</w> <w type="VBN">frozen</w> <w type="NN">fish</w> <w type="NN">stick</w> <c type="pct">.</c> </s>
</p>
<p><s n="74"><w type="AT">The</w> <w type="NNS">husbands</w> <w type="IN">of</w> <w type="DTS">these</w> <w type="NNS">women</w> <w type="CC">and</w> <w type="NNS">others</w> <w type="PPSS">I</w> <w type="HVD">had</w> <w type="VBN">met</w> <w type="IN">in</w> <w type="NP">Catatonia</w> <w type="BED">were</w> <w type="VBN">distinguished</w> <w type="RB">only</w> <w type="IN">in</w> <w type="CS">that</w> <w type="PPSS">they</w> <w type="BED">were</w> <c type="pct">,</c> <w type="IN">to</w> <w type="PPO">me</w> <w type="IN">at</w> <w type="AP">least</w> <c type="pct">,</c> <w type="JJ">indistinguishable</w> <c type="pct">.</c> </s>
<s n="75"><w type="PPSS">I</w> <mw pos="MD *">couldn't </mw><w type="VB">tell</w> <w type="CD">one</w> <w type="IN">from</w> <w type="AT">the</w> <w type="AP">other</w> <c type="pct">.</c> </s>
<s n="76"><w type="CS">Like</w> <w type="NP">Herbert</w> <c type="pct">,</c> <w type="PPSS">they</w> <w type="BED">were</w> <w type="ABN">all</w> <w type="IN">in</w> <w type="NNS">communications</w> <c type="pct">:</c> <w type="NN">radio</w> <c type="pct">,</c> <w type="NN">television</w> <c type="pct">,</c> <w type="NNS">magazines</w> <c type="pct">,</c> <w type="CC">and</w> <w type="NN">advertising</w> <c type="pct">.</c> </s>
<s n="77"><w type="CD">One</w> <w type="CC">or</w> <w type="CD">two</w> <w type="BED">were</w> <w type="NNS">writers</w> <w type="IN">of</w> <w type="NNS">books</w> <c type="pct">;</c> <c type="pct">;</c> </s>
<s n="78"><w type="ABN">all</w> <w type="BED">were</w> <w type="NNS">fellows</w> <w type="IN">of</w> <w type="JJ">finite</w> <w type="NN">charm</w> <c type="pct">.</c> </s>
<s n="79"><w type="DT">Each</w> <w type="HVD">had</w> <w type="VBN">developed</w> <w type="AT">a</w> <w type="NN">hair-trigger</w> <w type="NN">chuckle</w> <w type="CC">and</w> <w type="AT">the</w> <w type="NN">habit</w> <w type="IN">of</w> <w type="VBG">saying</w> <c type="pct">``</c> <w type="UH">zounds</w> <c type="pct">''</c> <c type="pct">!</c> <c type="pct">!</c> </s>
<s n="80"><w type="IN">In</w> <w type="NN">deference</w> <w type="IN">to</w> <w type="NN">country-squirehood</w> <c type="pct">.</c> </s>
<s n="81"><w type="PPSS">I</w> <w type="RB">never</w> <w type="VBN">thought</w> <mw pos="PPSS MD">I'd </mw><w type="VB">live</w> <w type="TO">to</w> <w type="VB">hear</w> <w type="NNS">people</w> <w type="VB">chuckle</w> <w type="CC">and</w> <w type="VB">say</w> <c type="pct">``</c> <w type="UH">zounds</w> <c type="pct">''</c> <c type="pct">!</c> <c type="pct">!</c> </s>
<s n="82"><w type="IN">In</w> <w type="JJ">real</w> <w type="NN">life</w> <c type="pct">.</c> </s>
<s n="83"><w type="PPSS">I</w> <mw pos="MD *">wouldn't </mw><w type="HV">have</w> <w type="VBN">missed</w> <w type="PPO">it</w> <w type="IN">for</w> <w type="PN">anything</w> <c type="pct">.</c> </s>
<s n="84"><w type="PPSS">They</w> <w type="BED">were</w> <c type="pct">``</c> <w type="JJ">sincere</w> <c type="pct">''</c> <c type="pct">--</c> <w type="NNS">men</w> <w type="IN">of</w> <w type="AT">the</w> <w type="JJ">too-hearty</w> <w type="NN">handclasp</w> <w type="CC">and</w> <w type="AT">the</w> <w type="JJ">urgent</w> <w type="NN">smile</w> <c type="pct">.</c> </s>
<s n="85"><w type="DTS">These</w> <w type="NNS">boys</w> <w type="VBD">acknowledged</w> <w type="AT">an</w> <w type="NN">introduction</w> <w type="IN">to</w> <w type="PN">anybody</w> <w type="IN">by</w> <w type="RB">gently</w> <w type="VBG">pressing</w> <w type="CD">one</w> <w type="IN">of</w> <w type="PPg">his</w> <w type="NNS">hands</w> <w type="IN">in</w> <w type="ABX">both</w> <w type="IN">of</w> <w type="PPgg">theirs</w> <c type="pct">,</c> <w type="CS">while</w> <w type="PPSS">they</w> <w type="VBD">gazed</w> <c type="pct">,</c> <w type="JJ">misty-eyed</w> <w type="IN">with</w> <w type="NN">care</w> <c type="pct">,</c> <w type="IN">into</w> <w type="AT">the</w> <w type="NNS">eyes</w> <w type="IN">of</w> <w type="AT">the</w> <w type="NN">person</w> <w type="PPSS">they</w> <w type="BED">were</w> <w type="VBG">meeting</w> <c type="pct">.</c> </s>
<s n="86"><w type="MD">Could</w> <w type="JJ">such</w> <w type="JJ">unadulterated</w> <w type="NN">love</w> <c type="pct">,</c> <w type="IN">for</w> <w type="AT">a</w> <w type="JJ">total</w> <w type="NN">stranger</w> <c type="pct">,</c> <w type="BE">be</w> <w type="VBN">credited</w> <c type="pct">?</c> <c type="pct">?</c> </s>
<s n="87"><w type="PPSS">They</w> <w type="BED">were</w> <w type="RB">always</w> <w type="VBG">leaping</w> <w type="TO">to</w> <w type="VB">light</w> <w type="NNS">cigarettes</w> <c type="pct">,</c> <w type="VB">open</w> <w type="NN">car</w> <w type="NNS">doors</w> <c type="pct">,</c> <w type="VB">fill</w> <w type="NNS">plates</w> <w type="CC">or</w> <w type="NNS">glasses</w> <c type="pct">,</c> <w type="CC">and</w> <w type="PPSS">I</w> <w type="VBD">mistrusted</w> <w type="AT">the</w> <w type="JJ">whole</w> <w type="NN">lot</w> <w type="IN">of</w> <w type="PPO">them</w> <w type="IN">to</w> <w type="AT">the</w> <w type="AP">same</w> <w type="NN">degree</w> <w type="CS">that</w> <w type="PPSS">I</w> <w type="VBD">mistrusted</w> <w type="JJ">bake</w> <w type="NNS">shops</w> <w type="WPS">that</w> <w type="VBD">called</w> <w type="PPLS">themselves</w> <c type="pct">``</c> <w type="JJ" subtype="TL">Sanitary</w> <w type="JJ" subtype="TL">Bake</w> <w type="NNS" subtype="TL">Shops</w> <c type="pct">''</c> <c type="pct">.</c> </s>
</p>
<p><s n="88"><c type="pct">``</c> <w type="UH">O</w> <c type="pct">!</c> <c type="pct">!</c> </s>
<s n="89"><w type="NNS" subtype="TL">Pioneers</w> <c type="pct">!</c> <c type="pct">!</c> </s>
<s n="90"><c type="pct">''</c> <w type="PPSS">I</w> <w type="VBD">thought</w> <c type="pct">,</c> <w type="CC">and</w> <w type="VBD">wondered</w> <w type="WDT">what</w> <w type="NN">kind</w> <w type="IN">of</w> <w type="NNS">homesteads</w> <w type="JJ">such</w> <w type="JJ">odd</w> <w type="NNS">pioneers</w> <w type="MD">would</w> <w type="VB">establish</w> <w type="IN">in</w> <w type="DT">this</w> <w type="JJ">suburban</w> <w type="NN">frontier</w> <c type="pct">;</c> <c type="pct">;</c> </s>
<s n="91"><w type="NNS">pioneers</w> <w type="WPS">who</w> <w type="VBD">looked</w> <w type="CS">like</w> <w type="JJ">off-duty</w> <w type="NNS">gardeners</w> <w type="RB">even</w> <w type="IN">at</w> <w type="NN">parent-teacher</w> <w type="NNS">conferences</w> <w type="CC">and</w> <w type="WPS">who</w> <w type="RB">never</w> <w type="VBD">called</w> <w type="AT">the</w> <w type="NN">school</w> <w type="NN">principal</w> <c type="pct">``</c> <w type="NP">Mister</w> <c type="pct">''</c> <c type="pct">.</c> </s>
<s n="92"><w type="PPSS">I</w> <w type="VBD">sighed</w> <c type="pct">,</c> <w type="VBG">thinking</w> <w type="CS">that</w> <w type="IN">among</w> <w type="AP">other</w> <w type="NNS">things</w> <c type="pct">,</c> <w type="NNS">people</w> <w type="RB">here</w> <w type="VBD">seemed</w> <w type="TO">to</w> <w type="BE">be</w> <w type="DTS">those</w> <w type="WPS">who</w> <w type="MD">would</w> <w type="HV">have</w> <w type="TO">to</w> <w type="VB">cut</w> <w type="RP">down</w> <w type="CS">if</w> <w type="PPSS">they</w> <w type="VBD">earned</w> <w type="AP">less</w> <w type="IN">than</w> <w type="NNS">$85,000</w> <w type="RB">yearly</w> <c type="pct">;</c> <c type="pct">;</c> </s>
<s n="93"><w type="NNS">people</w> <w type="WPS">who</w> <w type="MD">would</w> <w type="VB">give</w> <w type="PPg">their</w> <w type="NNS">teeth</w> <w type="IN">for</w> <w type="AT">a</w> <w type="NN">chance</w> <w type="TO">to</w> <w type="VB">get</w> <w type="IN">on</w> <c type="pct">``</c> <w type="NN" subtype="TL">Person</w> <w type="IN" subtype="TL">to</w> <w type="NN" subtype="TL">Person</w> <c type="pct">''</c> <c type="pct">;</c> <c type="pct">;</c> </s>
<s n="94"><w type="NNS">people</w> <w type="WPS">who</w> <w type="VBD">thought</w> <w type="PPS">it</w> <w type="BEDZ">was</w> <w type="JJ">nice</w> <w type="TO">to</w> <w type="BE">be</w> <w type="JJ">important</w> <c type="pct">,</c> <w type="CC">but</w> <w type="NEG">not</w> <w type="JJ">important</w> <w type="TO">to</w> <w type="BE">be</w> <w type="JJ">nice</w> <c type="pct">;</c> <c type="pct">;</c> </s>
<s n="95"><w type="WPS">who</w> <w type="BED">were</w> <w type="QL">more</w> <w type="JJ">ingratiating</w> <w type="CS">than</w> <w type="JJ">gracious</w> <c type="pct">,</c> <w type="AP">more</w> <w type="NNS">personalities</w> <w type="IN">than</w> <w type="NNS">persons</w> <c type="pct">.</c> </s>
<s n="96"><w type="IN">In</w> <w type="PPg">my</w> <w type="NN">estimation</w> <c type="pct">,</c> <w type="PPSS">they</w> <w type="BED">were</w> <w type="NNS">people</w> <w type="WPS">who</w> <w type="VBD">read</w> <w type="NP">Daphne</w> <w type="NP">du</w> <w type="NP">Maurier</w> <c type="pct">,</c> <w type="CC">and</w> <w type="VBD">discussed</w> <w type="NP">Kafka</w> <c type="pct">;</c> <c type="pct">;</c> </s>
<s n="97"><w type="UH">well</w> <c type="pct">,</c> <w type="NEG">not</w> <w type="VBD">discussed</w> <w type="PPO">him</w> <w type="RB">exactly</w> <c type="pct">,</c> <w type="CC">but</w> <w type="VBD">said</w> <c type="pct">,</c> <c type="pct">``</c> <w type="NP">Kafka</w> <c type="pct">''</c> <c type="pct">!</c> <c type="pct">!</c> </s>
<s n="98"><w type="RB">Reverently</w> <w type="CC">and</w> <w type="VBD">raised</w> <w type="PPg">their</w> <w type="NNS">eyes</w> <c type="pct">,</c> <w type="CS">as</w> <w type="CS">if</w> <w type="PPSS">they</w> <w type="BED">were</w> <w type="IN">at</w> <w type="AT">a</w> <w type="NN">loss</w> <w type="TO">to</w> <w type="VB">describe</w> <w type="WRB">how</w> <w type="PPSS">they</w> <w type="VBD">felt</w> <w type="IN">about</w> <w type="NP">Kafka</w> <c type="pct">,</c> <w type="WDT">which</w> <w type="PPSS">they</w> <w type="BED">were</w> <c type="pct">,</c> <w type="CS">because</w> <w type="PPSS">they</w> <w type="HVD">had</w> <w type="AT">no</w> <w type="NNS">opinions</w> <w type="IN">about</w> <w type="NP">Kafka</w> <c type="pct">,</c> <w type="NEG">not</w> <w type="HVG">having</w> <w type="VBN">read</w> <w type="NP">Kafka</w> <c type="pct">.</c> </s>
<s n="99"><w type="PPSS">They</w> <w type="BED">were</w> <c type="pct">,</c> <w type="PPSS">I</w> <w type="VBD">felt</w> <c type="pct">,</c> <w type="NNS">people</w> <w type="RB">invariably</w> <w type="VBG">trying</w> <w type="TO">to</w> <w type="VB">prove</w> <w type="NEG">not</w> <w type="WPS">who</w> <c type="pct">,</c> <w type="CC">but</w> <w type="WDT">what</w> <w type="PPSS">they</w> <w type="BED">were</w> <c type="pct">,</c> <w type="CC">and</w> <w type="VBG">trying</w> <w type="TO">to</w> <w type="VB">determine</w> <w type="WDT">what</w> <c type="pct">,</c> <w type="NEG">not</w> <w type="WPS">who</w> <c type="pct">,</c> <w type="NNS">others</w> <w type="BED">were</w> <c type="pct">.</c> </s>
</p>
<p><s n="100"><w type="VBG">Becoming</w> <w type="JJ">aware</w> <w type="CS">that</w> <w type="PPS">it</w> <w type="BEDZ">was</w> <w type="RB">nearly</w> <w type="NN">lunchtime</w> <c type="pct">,</c> <w type="PPSS">I</w> <w type="VBD">brought</w> <w type="PPL">myself</w> <w type="RB">back</w> <w type="IN">to</w> <w type="AT">the</w> <w type="NNS">tasks</w> <w type="IN">at</w> <w type="NN">hand</w> <c type="pct">.</c> </s>
<s n="101"><w type="PPSS">I</w> <w type="VBD">made</w> <w type="NNS">plans</w> <w type="IN">for</w> <w type="AT">the</w> <w type="NN">afternoon</w> <c type="pct">--</c> <w type="VBG">doing</w> <w type="AT">the</w> <w type="NN">breakfast</w> <w type="CC">and</w> <w type="NN">luncheon</w> <w type="NNS">dishes</w> <w type="ABN">all</w> <w type="IN">at</w> <w type="RB">once</w> <c type="pct">,</c> <w type="VBG">making</w> <w type="AT">the</w> <w type="NNS">beds</w> <c type="pct">,</c> <w type="CC">and</w> <w type="RB">then</w> <w type="RB">maybe</w> <w type="VBG">painting</w> <w type="AT">the</w> <w type="NN">kitchen</w> <c type="pct">.</c> </s>
<s n="102"><w type="RB">Then</w> <c type="pct">,</c> <w type="PPSS">I</w> <w type="VBD">remembered</w> <w type="CS">that</w> <w type="AT">the</w> <w type="NNS">girls</w> <w type="HVD">had</w> <w type="HVN">had</w> <w type="AT">a</w> <w type="NN">banana</w> <w type="IN">for</w> <w type="NN">dessert</w> <w type="AT">every</w> <w type="NN">day</w> <w type="IN">for</w> <w type="AT">the</w> <w type="AP">last</w> <w type="NN">week</w> <c type="pct">.</c> </s>
<s n="103"><c type="pct">``</c> <w type="NNS">Bananas</w> <c type="pct">''</c> <c type="pct">!</c> <c type="pct">!</c> </s>
<s n="104"><w type="NP">Jennie</w> <w type="HVD">had</w> <w type="VBN">shouted</w> <w type="DT">each</w> <w type="NN">time</w> <c type="pct">.</c> </s>
<s n="105"><c type="pct">``</c> <mw pos="PPSS BER">They're </mw><w type="NEG">not</w> <w type="NN">dessert</w> <c type="pct">!</c> <c type="pct">!</c> </s>
<s n="106"><mw pos="PPSS BER">They're </mw><w type="NEG">not</w> <w type="RB">even</w> <w type="NN">food</w> <c type="pct">.</c> </s>
<s n="107"><mw pos="PPSS BER">They're </mw><w type="RB">just</w> <w type="PN">something</w> <mw pos="PPSS BER">you're </mw><w type="VBN">supposed</w> <w type="TO">to</w> <w type="VB">put</w> <w type="IN">on</w> <w type="NN">cereal</w> <w type="IN">for</w> <w type="NN">breakfast</w> <c type="pct">''</c> <c type="pct">.</c> </s>
<s n="108"><w type="PPSS">I</w> <w type="VBD">dug</w> <w type="RB">around</w> <w type="CC">and</w> <w type="VBD">found</w> <w type="AT">a</w> <w type="NN">mix</w> <c type="pct">,</c> <w type="CC">and</w> <w type="BEDZ">was</w> <w type="JJ">able</w> <w type="TO">to</w> <w type="VB">surprise</w> <w type="PPO">them</w> <w type="IN">with</w> <w type="AT">a</w> <w type="NN">devil's-food</w> <w type="NN">cake</w> <w type="IN">with</w> <w type="NN">chocolate</w> <w type="NN">icing</w> <c type="pct">.</c> </s>
<s n="109"><c type="pct">(</c> <w type="RB">Sometimes</w> <w type="PPSS">I</w> <w type="VB">think</w> <w type="PPO">you</w> <w type="VB">need</w> <w type="AP">only</w> <w type="CD">one</w> <w type="NN">rule</w> <w type="IN">for</w> <w type="VBG">cooking</w> <c type="pct">:</c> <w type="CS">if</w> <w type="PPSS">you</w> <mw pos="MD *">can't </mw><w type="VB">put</w> <w type="NN">garlic</w> <w type="IN">in</w> <w type="PPO">it</w> <c type="pct">,</c> <w type="VB">put</w> <w type="NN">chocolate</w> <w type="IN">in</w> <w type="PPO">it</w> <c type="pct">.</c> </s>
</p>
<p><s n="110"><w type="AT">The</w> <w type="NN">cake</w> <w type="BEDZ">was</w> <w type="VBN">received</w> <w type="IN">in</w> <w type="AT">a</w> <w type="VBN">stunned</w> <w type="NN">silence</w> <w type="WPS">that</w> <w type="BEDZ">was</w> <w type="NN">evidence</w> <w type="IN">in</w> <w type="PPL">itself</w> <w type="IN">of</w> <w type="AT">the</w> <w type="NN">dearth</w> <w type="IN">of</w> <w type="NN">taste</w> <w type="NNS">thrills</w> <w type="NN" subtype="TL">Mama</w> <w type="HVD">had</w> <w type="BEN">been</w> <w type="VBG">providing</w> <c type="pct">.</c> </s>
<s n="111"><w type="JJ">Then</w> <w type="NP">Jennie</w> <w type="VBD">closed</w> <w type="PPg">her</w> <w type="NNS">eyes</w> <c type="pct">,</c> <w type="VBD">stretched</w> <w type="RB">forth</w> <w type="PPg">her</w> <w type="NNS">arms</w> <c type="pct">,</c> <w type="CC">and</w> <w type="VBD">said</w> <c type="pct">:</c> <c type="pct">``</c> <w type="VB">Take</w> <w type="PPg">my</w> <w type="NN">hand</w> <c type="pct">,</c> <w type="NP">Louise</w> <c type="pct">;</c> <c type="pct">;</c> </s>
<s n="112"><mw pos="PPSS BEM">I'm </mw><w type="AT">a</w> <w type="NN">stranger</w> <w type="IN">in</w> <w type="NN">paradise</w> <c type="pct">''</c> <c type="pct">.</c> </s>
</p>
<p></p></body></text></TEI>
